,Time,Driver,DriverNumber,LapTime,LapNumber,Stint,PitOutTime,PitInTime,Sector1Time,Sector2Time,Sector3Time,Sector1SessionTime,Sector2SessionTime,Sector3SessionTime,SpeedI1,SpeedI2,SpeedFL,SpeedST,IsPersonalBest,Compound,TyreLife,FreshTyre,Team,LapStartTime,LapStartDate,TrackStatus,Position,Deleted,DeletedReason,FastF1Generated,IsAccurate,LapTime_in_seconds,laptime_sum_sectortimes
0,0 days 00:06:24.814000,VAN,2,,1.0,,0 days 00:04:43.698000,0 days 00:06:22.815000,,33.171,31.58,,0 days 00:05:53.237000,0 days 00:06:24.814000,240.0,219.0,,,False,nan,,True,McLaren,0 days 00:04:43.698000,,,,False,,False,False,,
1,0 days 00:23:12.148000,VAN,2,,2.0,1.0,0 days 00:21:12.665000,,,42.21,29.988,,0 days 00:22:42.190000,0 days 00:23:15.735000,260.0,200.0,252.0,,False,SOFT,2.0,False,McLaren,0 days 00:06:24.814000,,,,False,,False,False,,
2,0 days 00:24:33.111000,VAN,2,0 days 00:01:20.963000,3.0,1.0,,,29.015,29.012,22.936,0 days 00:23:41.163000,0 days 00:24:10.175000,0 days 00:24:33.111000,273.0,241.0,254.0,293.0,True,SOFT,3.0,False,McLaren,0 days 00:23:12.148000,,,,False,,False,False,80.963,80.963
3,0 days 00:26:24.174000,VAN,2,0 days 00:01:51.063000,4.0,1.0,,,38.781,43.507,28.775,0 days 00:25:11.892000,0 days 00:25:55.399000,0 days 00:26:24.174000,231.0,140.0,251.0,282.0,False,SOFT,4.0,False,McLaren,0 days 00:24:33.111000,,,,False,,False,False,111.063,111.06299999999999
4,0 days 00:27:57.185000,VAN,2,0 days 00:01:33.011000,5.0,1.0,,0 days 00:27:55.417000,29.325,34.264,29.422,0 days 00:26:53.499000,0 days 00:27:27.763000,0 days 00:27:57.185000,274.0,199.0,,294.0,False,SOFT,5.0,False,McLaren,0 days 00:26:24.174000,,,,False,,False,False,93.011,93.011
5,0 days 00:29:58.444000,VAN,2,0 days 00:02:01.259000,6.0,2.0,0 days 00:28:21.608000,,56.096,38.468,26.695,0 days 00:28:53.281000,0 days 00:29:31.749000,0 days 00:29:58.444000,209.0,191.0,245.0,294.0,False,SOFT,6.0,False,McLaren,0 days 00:27:57.185000,,,,False,,False,False,121.259,121.25899999999999
6,0 days 00:31:33.166000,VAN,2,0 days 00:01:34.722000,7.0,2.0,,,29.523,35.108,30.091,0 days 00:30:27.967000,0 days 00:31:03.075000,0 days 00:31:33.166000,267.0,198.0,255.0,282.0,False,SOFT,7.0,False,McLaren,0 days 00:29:58.444000,,,,False,,False,False,94.722,94.72200000000001
7,0 days 00:33:00.146000,VAN,2,0 days 00:01:26.980000,8.0,2.0,,0 days 00:32:58.378000,28.956,28.64,29.384,0 days 00:32:02.122000,0 days 00:32:30.762000,0 days 00:33:00.146000,274.0,242.0,,298.0,False,SOFT,8.0,False,McLaren,0 days 00:31:33.166000,,,,False,,False,False,86.98,86.98
8,0 days 00:49:55.954000,VAN,2,,9.0,3.0,0 days 00:48:03.787000,,,37.909,26.247,,0 days 00:49:29.733000,0 days 00:49:56.064000,184.0,190.0,252.0,298.0,False,MEDIUM,1.0,True,McLaren,0 days 00:33:00.146000,,21,,False,,False,False,,
9,0 days 00:51:16.475000,VAN,2,0 days 00:01:20.521000,10.0,3.0,,,28.996,28.778,22.747,0 days 00:50:24.950000,0 days 00:50:53.728000,0 days 00:51:16.475000,270.0,243.0,250.0,290.0,True,MEDIUM,2.0,True,McLaren,0 days 00:49:55.954000,,1,,False,,False,True,80.521,80.521
10,0 days 00:53:03.075000,VAN,2,0 days 00:01:46.600000,11.0,3.0,,,39.217,40.686,26.697,0 days 00:51:55.692000,0 days 00:52:36.378000,0 days 00:53:03.075000,218.0,198.0,252.0,276.0,False,MEDIUM,3.0,True,McLaren,0 days 00:51:16.475000,,1,,False,,False,True,106.6,106.6
11,0 days 00:54:23.226000,VAN,2,0 days 00:01:20.151000,12.0,3.0,,,28.755,28.654,22.742,0 days 00:53:31.830000,0 days 00:54:00.484000,0 days 00:54:23.226000,272.0,244.0,251.0,291.0,True,MEDIUM,4.0,True,McLaren,0 days 00:53:03.075000,,1,,False,,False,True,80.151,80.151
12,0 days 00:56:12.397000,VAN,2,0 days 00:01:49.171000,13.0,3.0,,,38.723,43.727,26.721,0 days 00:55:01.949000,0 days 00:55:45.676000,0 days 00:56:12.397000,205.0,201.0,252.0,272.0,False,MEDIUM,5.0,True,McLaren,0 days 00:54:23.226000,,1,,False,,False,True,109.171,109.17099999999999
13,0 days 00:57:32.610000,VAN,2,0 days 00:01:20.213000,14.0,3.0,,,28.892,28.594,22.727,0 days 00:56:41.289000,0 days 00:57:09.883000,0 days 00:57:32.610000,273.0,244.0,252.0,293.0,False,MEDIUM,6.0,True,McLaren,0 days 00:56:12.397000,,1,,False,,False,True,80.213,80.21300000000001
14,0 days 00:59:27.937000,VAN,2,0 days 00:01:55.327000,15.0,3.0,,,39.316,42.999,33.012,0 days 00:58:11.926000,0 days 00:58:54.925000,0 days 00:59:27.937000,228.0,175.0,250.0,280.0,False,MEDIUM,7.0,True,McLaren,0 days 00:57:32.610000,,1,,False,,False,True,115.327,115.327
15,0 days 01:00:50.019000,VAN,2,0 days 00:01:22.082000,16.0,3.0,,,28.95,28.865,24.267,0 days 00:59:56.887000,0 days 01:00:25.752000,0 days 01:00:50.019000,272.0,239.0,251.0,292.0,False,MEDIUM,8.0,True,McLaren,0 days 00:59:27.937000,,12,,False,,False,True,82.082,82.082
16,0 days 01:02:55.315000,VAN,2,0 days 00:02:05.296000,17.0,3.0,,0 days 01:02:53.525000,41.439,45.987,37.87,0 days 01:01:31.458000,0 days 01:02:17.445000,0 days 01:02:55.315000,166.0,202.0,,269.0,False,MEDIUM,9.0,True,McLaren,0 days 01:00:50.019000,,12,,False,,False,False,125.296,125.29599999999999
17,0 days 01:18:03.969000,VAN,2,,18.0,4.0,0 days 01:16:08.156000,,,38.855,28.445,,0 days 01:17:35.599000,0 days 01:18:04.055000,190.0,198.0,248.0,269.0,False,MEDIUM,10.0,False,McLaren,0 days 01:02:55.315000,,21,,False,,False,False,,
18,0 days 01:19:24.744000,VAN,2,0 days 00:01:20.775000,19.0,4.0,,,29.127,29.009,22.639,0 days 01:18:33.096000,0 days 01:19:02.105000,0 days 01:19:24.744000,273.0,244.0,250.0,288.0,False,MEDIUM,11.0,False,McLaren,0 days 01:18:03.969000,,1,,False,,False,True,80.775,80.77499999999999
19,0 days 01:21:19.264000,VAN,2,0 days 00:01:54.520000,20.0,4.0,,,39.681,45.31,29.529,0 days 01:20:04.425000,0 days 01:20:49.735000,0 days 01:21:19.264000,179.0,168.0,253.0,274.0,False,MEDIUM,12.0,False,McLaren,0 days 01:19:24.744000,,1,,False,,False,True,114.52,114.52
20,0 days 01:22:45.980000,VAN,2,0 days 00:01:26.716000,21.0,4.0,,,29.074,28.632,29.01,0 days 01:21:48.338000,0 days 01:22:16.970000,0 days 01:22:45.980000,274.0,245.0,213.0,291.0,False,MEDIUM,13.0,False,McLaren,0 days 01:21:19.264000,,1,,False,,False,True,86.716,86.71600000000001
21,0 days 01:24:33.882000,VAN,2,0 days 00:01:47.902000,22.0,4.0,,,37.431,43.007,27.464,0 days 01:23:23.411000,0 days 01:24:06.418000,0 days 01:24:33.882000,195.0,190.0,253.0,251.0,False,MEDIUM,14.0,False,McLaren,0 days 01:22:45.980000,,1,,False,,False,True,107.902,107.90199999999999
22,0 days 01:25:54.537000,VAN,2,0 days 00:01:20.655000,23.0,4.0,,,28.734,28.937,22.984,0 days 01:25:02.616000,0 days 01:25:31.553000,0 days 01:25:54.537000,274.0,243.0,252.0,295.0,False,MEDIUM,15.0,False,McLaren,0 days 01:24:33.882000,,1,,False,,False,True,80.655,80.655
23,0 days 01:27:55.356000,VAN,2,0 days 00:02:00.819000,24.0,4.0,,,41.201,51.422,28.196,0 days 01:26:35.738000,0 days 01:27:27.160000,0 days 01:27:55.356000,226.0,177.0,252.0,280.0,False,MEDIUM,16.0,False,McLaren,0 days 01:25:54.537000,,1,,False,,False,True,120.819,120.81899999999999
24,0 days 01:29:16.068000,VAN,2,0 days 00:01:20.712000,25.0,4.0,,,28.74,29.091,22.881,0 days 01:28:24.096000,0 days 01:28:53.187000,0 days 01:29:16.068000,275.0,245.0,252.0,297.0,False,MEDIUM,17.0,False,McLaren,0 days 01:27:55.356000,,1,,False,,False,True,80.712,80.712
25,0 days 01:31:16.618000,VAN,2,0 days 00:02:00.550000,26.0,4.0,,,40.206,47.638,32.706,0 days 01:29:56.274000,0 days 01:30:43.912000,0 days 01:31:16.618000,212.0,187.0,252.0,272.0,False,MEDIUM,18.0,False,McLaren,0 days 01:29:16.068000,,1,,False,,False,True,120.55,120.55
26,0 days 01:32:36.953000,VAN,2,0 days 00:01:20.335000,27.0,4.0,,,28.735,28.681,22.919,0 days 01:31:45.353000,0 days 01:32:14.034000,0 days 01:32:36.953000,275.0,247.0,253.0,295.0,False,MEDIUM,19.0,False,McLaren,0 days 01:31:16.618000,,1,,False,,False,True,80.335,80.335
27,0 days 01:34:11.191000,VAN,2,0 days 00:01:34.238000,28.0,4.0,,0 days 01:34:09.402000,33.297,34.006,26.935,0 days 01:33:10.250000,0 days 01:33:44.256000,0 days 01:34:11.191000,242.0,228.0,,280.0,False,MEDIUM,20.0,False,McLaren,0 days 01:32:36.953000,,1,,False,,False,False,94.238,94.238
28,0 days 00:10:38.263000,RIC,3,,1.0,1.0,0 days 00:09:10.343000,,,31.621,26.456,,0 days 00:10:11.903000,0 days 00:10:38.361000,262.0,208.0,253.0,,False,MEDIUM,1.0,True,Red Bull Racing,0 days 00:09:10.343000,,,,False,,False,False,,
29,0 days 00:11:57.819000,RIC,3,0 days 00:01:19.556000,2.0,1.0,,,28.686,28.211,22.659,0 days 00:11:06.949000,0 days 00:11:35.160000,0 days 00:11:57.819000,274.0,246.0,252.0,293.0,True,MEDIUM,2.0,True,Red Bull Racing,0 days 00:10:38.263000,,,,False,,False,False,79.556,79.556
30,0 days 00:13:38.781000,RIC,3,0 days 00:01:40.962000,3.0,1.0,,,31.425,40.998,28.539,0 days 00:12:29.244000,0 days 00:13:10.242000,0 days 00:13:38.781000,152.0,178.0,251.0,292.0,False,MEDIUM,3.0,True,Red Bull Racing,0 days 00:11:57.819000,,,,False,,False,False,100.962,100.962
31,0 days 00:15:04.798000,RIC,3,0 days 00:01:26.017000,4.0,1.0,,,28.667,31.917,25.433,0 days 00:14:07.448000,0 days 00:14:39.365000,0 days 00:15:04.798000,274.0,199.0,251.0,293.0,False,MEDIUM,4.0,True,Red Bull Racing,0 days 00:13:38.781000,,,,False,,False,False,86.017,86.017
32,0 days 00:16:24.310000,RIC,3,0 days 00:01:19.512000,5.0,1.0,,,28.535,27.91,23.067,0 days 00:15:33.333000,0 days 00:16:01.243000,0 days 00:16:24.310000,274.0,247.0,254.0,293.0,True,MEDIUM,5.0,True,Red Bull Racing,0 days 00:15:04.798000,,,,False,,False,False,79.512,79.512
33,0 days 00:18:08.194000,RIC,3,0 days 00:01:43.884000,6.0,1.0,,0 days 00:18:06.730000,41.641,34.625,27.618,0 days 00:17:05.951000,0 days 00:17:40.576000,0 days 00:18:08.194000,175.0,214.0,,281.0,False,MEDIUM,6.0,True,Red Bull Racing,0 days 00:16:24.310000,,,,False,,False,False,103.884,103.88399999999999
34,0 days 00:30:34.243000,RIC,3,,7.0,2.0,0 days 00:28:49.797000,,,36.745,27.525,,0 days 00:30:06.757000,0 days 00:30:34.352000,261.0,225.0,244.0,281.0,False,MEDIUM,7.0,False,Red Bull Racing,0 days 00:18:08.194000,,,,False,,False,False,,
35,0 days 00:31:56.255000,RIC,3,0 days 00:01:22.012000,8.0,2.0,,,29.529,29.458,23.025,0 days 00:31:03.772000,0 days 00:31:33.230000,0 days 00:31:56.255000,272.0,237.0,248.0,286.0,False,MEDIUM,8.0,False,Red Bull Racing,0 days 00:30:34.243000,,,,False,,False,False,82.012,82.012
36,0 days 00:33:18.259000,RIC,3,0 days 00:01:22.004000,9.0,2.0,,,29.77,29.211,23.023,0 days 00:32:26.025000,0 days 00:32:55.236000,0 days 00:33:18.259000,272.0,240.0,247.0,286.0,False,MEDIUM,9.0,False,Red Bull Racing,0 days 00:31:56.255000,,,,False,,False,False,82.004,82.00399999999999
37,0 days 00:34:40.066000,RIC,3,0 days 00:01:21.807000,10.0,2.0,,,29.373,29.199,23.235,0 days 00:33:47.632000,0 days 00:34:16.831000,0 days 00:34:40.066000,273.0,240.0,247.0,289.0,False,MEDIUM,10.0,False,Red Bull Racing,0 days 00:33:18.259000,,,,False,,False,False,81.807,81.807
38,0 days 00:36:02.286000,RIC,3,0 days 00:01:22.220000,11.0,2.0,,,29.913,29.177,23.13,0 days 00:35:09.979000,0 days 00:35:39.156000,0 days 00:36:02.286000,274.0,239.0,247.0,286.0,False,MEDIUM,11.0,False,Red Bull Racing,0 days 00:34:40.066000,,21,,False,,False,True,82.22,82.22
39,0 days 00:37:24.631000,RIC,3,0 days 00:01:22.345000,12.0,2.0,,,29.52,29.563,23.262,0 days 00:36:31.806000,0 days 00:37:01.369000,0 days 00:37:24.631000,276.0,233.0,247.0,286.0,False,MEDIUM,12.0,False,Red Bull Racing,0 days 00:36:02.286000,,1,,False,,False,True,82.345,82.345
40,0 days 00:38:46.285000,RIC,3,0 days 00:01:21.654000,13.0,2.0,,,29.433,28.997,23.224,0 days 00:37:54.064000,0 days 00:38:23.061000,0 days 00:38:46.285000,277.0,242.0,246.0,287.0,False,MEDIUM,13.0,False,Red Bull Racing,0 days 00:37:24.631000,,1,,False,,False,True,81.654,81.654
41,0 days 00:40:08.079000,RIC,3,0 days 00:01:21.794000,14.0,2.0,,,29.388,29.207,23.199,0 days 00:39:15.673000,0 days 00:39:44.880000,0 days 00:40:08.079000,274.0,241.0,250.0,286.0,False,MEDIUM,14.0,False,Red Bull Racing,0 days 00:38:46.285000,,1,,False,,False,True,81.794,81.794
42,0 days 00:41:29.434000,RIC,3,0 days 00:01:21.355000,15.0,2.0,,,29.287,29.008,23.06,0 days 00:40:37.366000,0 days 00:41:06.374000,0 days 00:41:29.434000,278.0,243.0,247.0,289.0,False,MEDIUM,15.0,False,Red Bull Racing,0 days 00:40:08.079000,,1,,False,,False,True,81.355,81.355
43,0 days 00:42:54.351000,RIC,3,0 days 00:01:24.917000,16.0,2.0,,0 days 00:42:52.281000,29.375,28.907,26.635,0 days 00:41:58.809000,0 days 00:42:27.716000,0 days 00:42:54.351000,279.0,242.0,,288.0,False,MEDIUM,16.0,False,Red Bull Racing,0 days 00:41:29.434000,,12,,False,,False,False,84.917,84.917
44,0 days 01:10:29.676000,RIC,3,,17.0,3.0,0 days 01:08:45.725000,,,39.34,30.224,,0 days 01:09:59.481000,0 days 01:10:29.818000,241.0,196.0,251.0,288.0,False,SOFT,1.0,True,Red Bull Racing,0 days 00:42:54.351000,,12,,False,,False,False,,
45,0 days 01:12:06.832000,RIC,3,0 days 00:01:37.156000,18.0,3.0,,,28.707,40.073,28.376,0 days 01:10:58.383000,0 days 01:11:38.456000,0 days 01:12:06.832000,272.0,187.0,251.0,297.0,False,SOFT,2.0,True,Red Bull Racing,0 days 01:10:29.676000,,1,,False,,False,True,97.156,97.156
46,0 days 01:13:24.445000,RIC,3,0 days 00:01:17.613000,19.0,3.0,,,28.362,27.291,21.96,0 days 01:12:35.194000,0 days 01:13:02.485000,0 days 01:13:24.445000,276.0,250.0,254.0,293.0,True,SOFT,3.0,True,Red Bull Racing,0 days 01:12:06.832000,,1,,False,,False,True,77.613,77.613
47,0 days 01:15:34.290000,RIC,3,0 days 00:02:09.845000,20.0,3.0,,,49.118,50.911,29.816,0 days 01:14:13.563000,0 days 01:15:04.474000,0 days 01:15:34.290000,113.0,68.0,252.0,266.0,False,SOFT,4.0,True,Red Bull Racing,0 days 01:13:24.445000,,1,,False,,False,True,129.845,129.845
48,0 days 01:16:59.846000,RIC,3,0 days 00:01:25.556000,21.0,3.0,,0 days 01:16:58.065000,28.456,27.398,29.702,0 days 01:16:02.746000,0 days 01:16:30.144000,0 days 01:16:59.846000,277.0,239.0,,294.0,False,SOFT,5.0,True,Red Bull Racing,0 days 01:15:34.290000,,1,,False,,False,False,85.556,85.556
49,0 days 01:25:00.457000,RIC,3,,22.0,4.0,0 days 01:23:17.568000,,,33.124,26.395,,0 days 01:24:34.073000,0 days 01:25:00.562000,258.0,222.0,242.0,294.0,False,SOFT,6.0,False,Red Bull Racing,0 days 01:16:59.846000,,1,,False,,False,False,,
50,0 days 01:26:22.565000,RIC,3,0 days 00:01:22.108000,23.0,4.0,,,29.565,29.327,23.216,0 days 01:25:30.022000,0 days 01:25:59.349000,0 days 01:26:22.565000,271.0,237.0,245.0,284.0,False,SOFT,7.0,False,Red Bull Racing,0 days 01:25:00.457000,,1,,False,,False,True,82.108,82.108
51,0 days 01:27:44.551000,RIC,3,0 days 00:01:21.986000,24.0,4.0,,,29.533,29.411,23.042,0 days 01:26:52.098000,0 days 01:27:21.509000,0 days 01:27:44.551000,273.0,239.0,244.0,284.0,False,SOFT,8.0,False,Red Bull Racing,0 days 01:26:22.565000,,1,,False,,False,True,81.986,81.986
52,0 days 01:29:06.580000,RIC,3,0 days 00:01:22.029000,25.0,4.0,,,29.573,29.28,23.176,0 days 01:28:14.124000,0 days 01:28:43.404000,0 days 01:29:06.580000,271.0,240.0,243.0,284.0,False,SOFT,9.0,False,Red Bull Racing,0 days 01:27:44.551000,,1,,False,,False,True,82.029,82.029
53,0 days 01:30:29.117000,RIC,3,0 days 00:01:22.537000,26.0,4.0,,,29.652,29.582,23.303,0 days 01:29:36.232000,0 days 01:30:05.814000,0 days 01:30:29.117000,270.0,237.0,243.0,285.0,False,SOFT,10.0,False,Red Bull Racing,0 days 01:29:06.580000,,1,,False,,False,True,82.537,82.537
54,0 days 01:31:55.542000,RIC,3,0 days 00:01:26.425000,27.0,4.0,,,29.67,29.439,27.316,0 days 01:30:58.787000,0 days 01:31:28.226000,0 days 01:31:55.542000,275.0,236.0,245.0,286.0,False,SOFT,11.0,False,Red Bull Racing,0 days 01:30:29.117000,,1,,False,,False,True,86.425,86.425
55,0 days 01:33:17.839000,RIC,3,0 days 00:01:22.297000,28.0,4.0,,,29.445,29.377,23.475,0 days 01:32:24.987000,0 days 01:32:54.364000,0 days 01:33:17.839000,276.0,237.0,246.0,286.0,False,SOFT,12.0,False,Red Bull Racing,0 days 01:31:55.542000,,1,,False,,False,True,82.297,82.297
56,0 days 01:34:40.234000,RIC,3,0 days 00:01:22.395000,29.0,4.0,,,29.51,29.422,23.463,0 days 01:33:47.349000,0 days 01:34:16.771000,0 days 01:34:40.234000,274.0,236.0,245.0,286.0,False,SOFT,13.0,False,Red Bull Racing,0 days 01:33:17.839000,,1,,False,,False,True,82.395,82.39500000000001
57,0 days 01:36:08.158000,RIC,3,0 days 00:01:27.924000,30.0,4.0,,0 days 01:36:06.411000,29.629,31.225,27.07,0 days 01:35:09.863000,0 days 01:35:41.088000,0 days 01:36:08.158000,273.0,218.0,,286.0,False,SOFT,14.0,False,Red Bull Racing,0 days 01:34:40.234000,,12,,False,,False,False,87.924,87.924
58,0 days 00:06:02.204000,VET,5,,1.0,,0 days 00:04:25.059000,0 days 00:06:00.500000,,34.783,30.786,,0 days 00:05:31.424000,0 days 00:06:02.204000,240.0,214.0,,,False,nan,,True,Ferrari,0 days 00:04:25.059000,,,,False,,False,False,,
59,0 days 00:33:08.363000,VET,5,,2.0,1.0,0 days 00:31:29.324000,,,35.415,28.815,,0 days 00:32:39.564000,0 days 00:33:08.474000,260.0,213.0,260.0,,False,ULTRASOFT,2.0,False,Ferrari,0 days 00:06:02.204000,,,,False,,False,False,,
60,0 days 00:34:26.581000,VET,5,0 days 00:01:18.218000,3.0,1.0,,,27.877,27.962,22.379,0 days 00:33:36.240000,0 days 00:34:04.202000,0 days 00:34:26.581000,281.0,249.0,262.0,308.0,True,ULTRASOFT,3.0,False,Ferrari,0 days 00:33:08.363000,,,,False,,False,False,78.218,78.218
61,0 days 00:36:25.655000,VET,5,0 days 00:01:59.074000,4.0,1.0,,,38.979,47.196,32.899,0 days 00:35:05.560000,0 days 00:35:52.756000,0 days 00:36:25.655000,195.0,173.0,259.0,280.0,False,ULTRASOFT,4.0,False,Ferrari,0 days 00:34:26.581000,,21,,False,,False,True,119.074,119.074
62,0 days 00:37:44.218000,VET,5,0 days 00:01:18.563000,5.0,1.0,,,28.16,27.936,22.467,0 days 00:36:53.815000,0 days 00:37:21.751000,0 days 00:37:44.218000,282.0,251.0,260.0,305.0,False,ULTRASOFT,5.0,False,Ferrari,0 days 00:36:25.655000,,1,,False,,False,True,78.563,78.563
63,0 days 00:39:48.511000,VET,5,0 days 00:02:04.293000,6.0,1.0,,,47.199,46.723,30.371,0 days 00:38:31.417000,0 days 00:39:18.140000,0 days 00:39:48.511000,144.0,144.0,260.0,267.0,False,ULTRASOFT,6.0,False,Ferrari,0 days 00:37:44.218000,,1,,False,,False,True,124.293,124.29299999999999
64,0 days 00:41:06.508000,VET,5,0 days 00:01:17.997000,7.0,1.0,,,27.892,27.791,22.314,0 days 00:40:16.403000,0 days 00:40:44.194000,0 days 00:41:06.508000,280.0,246.0,262.0,303.0,True,ULTRASOFT,7.0,False,Ferrari,0 days 00:39:48.511000,,1,,False,,False,True,77.997,77.997
65,0 days 00:42:43.337000,VET,5,0 days 00:01:36.829000,8.0,1.0,,0 days 00:42:41.584000,34.163,34.404,28.262,0 days 00:41:40.671000,0 days 00:42:15.075000,0 days 00:42:43.337000,197.0,193.0,,275.0,False,ULTRASOFT,8.0,False,Ferrari,0 days 00:41:06.508000,,12,,False,,False,False,96.829,96.82900000000001
66,0 days 01:07:34.492000,VET,5,,9.0,2.0,0 days 01:05:46.694000,,,42.522,27.916,,0 days 01:07:06.638000,0 days 01:07:34.599000,260.0,162.0,261.0,275.0,False,ULTRASOFT,1.0,True,Ferrari,0 days 00:42:43.337000,,12,,False,,False,False,,
67,0 days 01:08:52.184000,VET,5,0 days 00:01:17.692000,10.0,2.0,,,27.769,27.702,22.221,0 days 01:08:02.261000,0 days 01:08:29.963000,0 days 01:08:52.184000,279.0,248.0,261.0,305.0,True,ULTRASOFT,2.0,True,Ferrari,0 days 01:07:34.492000,,1,,False,,False,True,77.692,77.69200000000001
68,0 days 01:10:57.539000,VET,5,0 days 00:02:05.355000,11.0,2.0,,,39.312,47.727,38.316,0 days 01:09:31.496000,0 days 01:10:19.223000,0 days 01:10:57.539000,195.0,145.0,259.0,277.0,False,ULTRASOFT,3.0,True,Ferrari,0 days 01:08:52.184000,,1,,False,,False,True,125.355,125.35499999999999
69,0 days 01:12:17.853000,VET,5,0 days 00:01:20.314000,12.0,2.0,,,28.071,27.882,24.361,0 days 01:11:25.610000,0 days 01:11:53.492000,0 days 01:12:17.853000,281.0,252.0,227.0,304.0,False,ULTRASOFT,4.0,True,Ferrari,0 days 01:10:57.539000,,1,,False,,False,True,80.314,80.31400000000001
70,0 days 01:14:27.844000,VET,5,0 days 00:02:09.991000,13.0,2.0,,,42.955,49.598,37.438,0 days 01:13:00.808000,0 days 01:13:50.406000,0 days 01:14:27.844000,193.0,76.0,261.0,267.0,False,ULTRASOFT,5.0,True,Ferrari,0 days 01:12:17.853000,,1,,False,,False,True,129.991,129.99099999999999
71,0 days 01:15:45.737000,VET,5,0 days 00:01:17.893000,14.0,2.0,,,28.042,27.625,22.226,0 days 01:14:55.886000,0 days 01:15:23.511000,0 days 01:15:45.737000,279.0,252.0,263.0,302.0,False,ULTRASOFT,6.0,True,Ferrari,0 days 01:14:27.844000,,1,,False,,False,True,77.893,77.893
72,0 days 01:17:16.398000,VET,5,0 days 00:01:30.661000,15.0,2.0,,0 days 01:17:14.644000,32.507,29.955,28.199,0 days 01:16:18.244000,0 days 01:16:48.199000,0 days 01:17:16.398000,272.0,246.0,,287.0,False,ULTRASOFT,7.0,True,Ferrari,0 days 01:15:45.737000,,1,,False,,False,False,90.661,90.661
73,0 days 01:19:34.287000,VET,5,0 days 00:02:17.889000,16.0,3.0,0 days 01:17:36.145000,0 days 01:19:32.547000,72.31,38.006,27.573,0 days 01:18:28.708000,0 days 01:19:06.714000,0 days 01:19:34.287000,208.0,176.0,,287.0,False,ULTRASOFT,8.0,False,Ferrari,0 days 01:17:16.398000,,1,,False,,False,False,137.889,137.889
74,0 days 01:26:34.230000,VET,5,,17.0,4.0,0 days 01:24:51.702000,0 days 01:26:32.517000,,32.421,26.682,,0 days 01:26:07.604000,0 days 01:26:34.288000,253.0,233.0,,287.0,False,ULTRASOFT,9.0,False,Ferrari,0 days 01:19:34.287000,,1,,False,,False,False,,
75,0 days 01:28:28.189000,VET,5,0 days 00:01:53.959000,18.0,5.0,0 days 01:26:52.102000,,56.217,29.691,28.051,0 days 01:27:30.447000,0 days 01:28:00.138000,0 days 01:28:28.189000,276.0,239.0,251.0,287.0,False,ULTRASOFT,10.0,False,Ferrari,0 days 01:26:34.230000,,1,,False,,False,False,113.959,113.959
76,0 days 01:29:49.398000,VET,5,0 days 00:01:21.209000,19.0,5.0,,,28.995,29.248,22.966,0 days 01:28:57.184000,0 days 01:29:26.432000,0 days 01:29:49.398000,279.0,244.0,252.0,291.0,False,ULTRASOFT,11.0,False,Ferrari,0 days 01:28:28.189000,,1,,False,,False,True,81.209,81.209
77,0 days 01:31:11.047000,VET,5,0 days 00:01:21.649000,20.0,5.0,,,29.111,29.245,23.293,0 days 01:30:18.509000,0 days 01:30:47.754000,0 days 01:31:11.047000,279.0,244.0,253.0,290.0,False,ULTRASOFT,12.0,False,Ferrari,0 days 01:29:49.398000,,1,,False,,False,True,81.649,81.649
78,0 days 01:32:32.948000,VET,5,0 days 00:01:21.901000,21.0,5.0,,,29.203,29.353,23.345,0 days 01:31:40.250000,0 days 01:32:09.603000,0 days 01:32:32.948000,277.0,241.0,252.0,291.0,False,ULTRASOFT,13.0,False,Ferrari,0 days 01:31:11.047000,,1,,False,,False,True,81.901,81.901
79,0 days 01:33:55.219000,VET,5,0 days 00:01:22.271000,22.0,5.0,,,29.448,29.49,23.333,0 days 01:33:02.396000,0 days 01:33:31.886000,0 days 01:33:55.219000,277.0,243.0,251.0,290.0,False,ULTRASOFT,14.0,False,Ferrari,0 days 01:32:32.948000,,1,,False,,False,True,82.271,82.271
80,0 days 01:35:18.321000,VET,5,0 days 00:01:23.102000,23.0,5.0,,,29.343,29.6,24.159,0 days 01:34:24.562000,0 days 01:34:54.162000,0 days 01:35:18.321000,280.0,241.0,242.0,290.0,False,ULTRASOFT,15.0,False,Ferrari,0 days 01:33:55.219000,,12,,False,,False,True,83.102,83.102
81,0 days 01:36:47.279000,VET,5,0 days 00:01:28.958000,24.0,5.0,,0 days 01:36:45.542000,31.887,30.486,26.585,0 days 01:35:50.208000,0 days 01:36:20.694000,0 days 01:36:47.279000,268.0,232.0,,288.0,False,ULTRASOFT,16.0,False,Ferrari,0 days 01:35:18.321000,,21,,False,,False,False,88.958,88.958
82,0 days 00:14:00.081000,RAI,7,,1.0,,0 days 00:12:27.569000,,,36.719,26.27,,0 days 00:13:33.811000,0 days 00:14:00.260000,226.0,203.0,256.0,,False,nan,,True,Ferrari,0 days 00:12:27.569000,,,,False,,False,False,,
83,0 days 00:15:18.843000,RAI,7,0 days 00:01:18.762000,2.0,1.0,,,28.329,28.182,22.251,0 days 00:14:28.410000,0 days 00:14:56.592000,0 days 00:15:18.843000,278.0,246.0,255.0,300.0,True,ULTRASOFT,1.0,True,Ferrari,0 days 00:14:00.081000,,,,False,,False,False,78.762,78.762
84,0 days 00:17:03.707000,RAI,7,0 days 00:01:44.864000,3.0,1.0,,,36.495,39.506,28.863,0 days 00:15:55.338000,0 days 00:16:34.844000,0 days 00:17:03.707000,195.0,179.0,261.0,260.0,False,ULTRASOFT,2.0,True,Ferrari,0 days 00:15:18.843000,,,,False,,False,False,104.864,104.864
85,0 days 00:18:22.417000,RAI,7,0 days 00:01:18.710000,4.0,1.0,,,28.223,28.404,22.083,0 days 00:17:31.930000,0 days 00:18:00.334000,0 days 00:18:22.417000,278.0,244.0,259.0,302.0,True,ULTRASOFT,3.0,True,Ferrari,0 days 00:17:03.707000,,,,False,,False,False,78.71,78.71
86,0 days 00:19:59.530000,RAI,7,0 days 00:01:37.113000,5.0,1.0,,0 days 00:19:57.792000,34.002,34.165,28.946,0 days 00:18:56.419000,0 days 00:19:30.584000,0 days 00:19:59.530000,213.0,215.0,,280.0,False,ULTRASOFT,4.0,True,Ferrari,0 days 00:18:22.417000,,,,False,,False,False,97.113,97.113
87,0 days 00:34:01.167000,RAI,7,,6.0,2.0,0 days 00:32:26.187000,,,38.235,26.515,,0 days 00:33:34.663000,0 days 00:34:01.273000,238.0,233.0,260.0,280.0,False,ULTRASOFT,6.0,False,Ferrari,0 days 00:19:59.530000,,,,False,,False,False,,
88,0 days 00:35:20.253000,RAI,7,0 days 00:01:19.086000,7.0,2.0,,,28.083,28.495,22.508,0 days 00:34:29.250000,0 days 00:34:57.745000,0 days 00:35:20.253000,281.0,244.0,258.0,305.0,False,ULTRASOFT,7.0,False,Ferrari,0 days 00:34:01.167000,,21,,False,,False,True,79.086,79.086
89,0 days 00:36:51.546000,RAI,7,0 days 00:01:31.293000,8.0,2.0,,0 days 00:36:49.895000,30.506,33.333,27.454,0 days 00:35:50.759000,0 days 00:36:24.092000,0 days 00:36:51.546000,248.0,235.0,,301.0,False,ULTRASOFT,8.0,False,Ferrari,0 days 00:35:20.253000,,1,,False,,False,False,91.293,91.293
90,0 days 00:39:03.763000,RAI,7,0 days 00:02:12.217000,9.0,3.0,0 days 00:37:09.289000,0 days 00:39:02.030000,73.007,31.71,27.5,0 days 00:38:04.553000,0 days 00:38:36.263000,0 days 00:39:03.763000,246.0,222.0,,301.0,False,ULTRASOFT,9.0,False,Ferrari,0 days 00:36:51.546000,,1,,False,,False,False,132.217,132.217
91,0 days 00:59:59.353000,RAI,7,,10.0,4.0,0 days 00:58:26.459000,,,33.854,29.928,,0 days 00:59:29.449000,0 days 00:59:59.466000,241.0,237.0,260.0,301.0,False,SOFT,1.0,True,Ferrari,0 days 00:39:03.763000,,12,,False,,False,False,,
92,0 days 01:01:17.672000,RAI,7,0 days 00:01:18.319000,11.0,4.0,,,27.972,28.094,22.253,0 days 01:00:27.325000,0 days 01:00:55.419000,0 days 01:01:17.672000,282.0,249.0,258.0,304.0,True,SOFT,2.0,True,Ferrari,0 days 00:59:59.353000,,12,,False,,False,True,78.319,78.319
93,0 days 01:03:02.732000,RAI,7,0 days 00:01:45.060000,12.0,4.0,,,35.923,39.67,29.467,0 days 01:01:53.595000,0 days 01:02:33.265000,0 days 01:03:02.732000,193.0,113.0,260.0,304.0,False,SOFT,3.0,True,Ferrari,0 days 01:01:17.672000,,12,,False,,False,True,105.06,105.06
94,0 days 01:04:50.486000,RAI,7,0 days 00:01:47.754000,13.0,4.0,,,28.577,43.534,35.643,0 days 01:03:31.309000,0 days 01:04:14.843000,0 days 01:04:50.486000,186.0,187.0,260.0,303.0,False,SOFT,4.0,True,Ferrari,0 days 01:03:02.732000,,2,,False,,False,True,107.754,107.754
95,0 days 01:06:29.839000,RAI,7,0 days 00:01:39.353000,14.0,4.0,,,29.106,42.385,27.862,0 days 01:05:19.592000,0 days 01:06:01.977000,0 days 01:06:29.839000,173.0,209.0,261.0,303.0,False,SOFT,5.0,True,Ferrari,0 days 01:04:50.486000,,21,,False,,False,True,99.353,99.353
96,0 days 01:07:47.787000,RAI,7,0 days 00:01:17.948000,15.0,4.0,,,27.823,28.052,22.073,0 days 01:06:57.662000,0 days 01:07:25.714000,0 days 01:07:47.787000,282.0,251.0,262.0,305.0,True,SOFT,6.0,True,Ferrari,0 days 01:06:29.839000,,1,,False,,False,True,77.948,77.94800000000001
97,0 days 01:09:22.285000,RAI,7,0 days 00:01:34.498000,16.0,4.0,,0 days 01:09:20.554000,32.161,33.203,29.134,0 days 01:08:19.948000,0 days 01:08:53.151000,0 days 01:09:22.285000,215.0,196.0,,305.0,False,SOFT,7.0,True,Ferrari,0 days 01:07:47.787000,,1,,False,,False,False,94.498,94.498
98,0 days 01:21:58.846000,RAI,7,,17.0,5.0,0 days 01:20:22.598000,,,30.441,23.017,,0 days 01:21:35.838000,0 days 01:22:01.528000,269.0,239.0,250.0,305.0,False,SOFT,8.0,False,Ferrari,0 days 01:09:22.285000,,1,,False,,False,False,,
99,0 days 01:23:20.429000,RAI,7,0 days 00:01:21.583000,18.0,5.0,,,29.129,29.288,23.166,0 days 01:22:27.975000,0 days 01:22:57.263000,0 days 01:23:20.429000,279.0,240.0,251.0,286.0,False,SOFT,9.0,False,Ferrari,0 days 01:21:58.846000,,1,,False,,False,True,81.583,81.583
100,0 days 01:24:42.518000,RAI,7,0 days 00:01:22.089000,19.0,5.0,,,29.206,29.6,23.283,0 days 01:23:49.635000,0 days 01:24:19.235000,0 days 01:24:42.518000,279.0,234.0,252.0,287.0,False,SOFT,10.0,False,Ferrari,0 days 01:23:20.429000,,1,,False,,False,True,82.089,82.089
101,0 days 01:26:09.674000,RAI,7,0 days 00:01:27.156000,20.0,5.0,,,29.248,34.295,23.613,0 days 01:25:11.766000,0 days 01:25:46.061000,0 days 01:26:09.674000,281.0,235.0,250.0,298.0,False,SOFT,11.0,False,Ferrari,0 days 01:24:42.518000,,1,,False,,False,True,87.156,87.156
102,0 days 01:27:31.673000,RAI,7,0 days 00:01:21.999000,21.0,5.0,,,29.129,29.796,23.074,0 days 01:26:38.803000,0 days 01:27:08.599000,0 days 01:27:31.673000,281.0,242.0,251.0,292.0,False,SOFT,12.0,False,Ferrari,0 days 01:26:09.674000,,1,,False,,False,True,81.999,81.999
103,0 days 01:28:54.111000,RAI,7,0 days 00:01:22.438000,22.0,5.0,,,29.183,30.139,23.116,0 days 01:28:00.856000,0 days 01:28:30.995000,0 days 01:28:54.111000,278.0,239.0,252.0,290.0,False,SOFT,13.0,False,Ferrari,0 days 01:27:31.673000,,1,,False,,False,True,82.438,82.438
104,0 days 01:30:28.961000,RAI,7,0 days 00:01:34.850000,23.0,5.0,,0 days 01:30:27.244000,32.2,32.38,30.27,0 days 01:29:26.311000,0 days 01:29:58.691000,0 days 01:30:28.961000,222.0,219.0,,292.0,False,SOFT,14.0,False,Ferrari,0 days 01:28:54.111000,,1,,False,,False,False,94.85,94.85000000000001
105,0 days 00:07:38.258000,GRO,8,,1.0,,0 days 00:05:57.189000,0 days 00:07:36.417000,,36.125,31.215,,0 days 00:07:07.071000,0 days 00:07:38.258000,223.0,198.0,,,False,nan,,True,Haas F1 Team,0 days 00:05:57.189000,,,,False,,False,False,,
106,0 days 00:26:42.542000,GRO,8,,2.0,1.0,0 days 00:24:58.247000,,,32.381,33.601,,0 days 00:26:08.961000,0 days 00:26:42.614000,247.0,233.0,252.0,,False,SOFT,2.0,False,Haas F1 Team,0 days 00:07:38.258000,,,,False,,False,False,,
107,0 days 00:28:03.652000,GRO,8,0 days 00:01:21.110000,3.0,1.0,,,29.154,29.171,22.785,0 days 00:27:11.696000,0 days 00:27:40.867000,0 days 00:28:03.652000,271.0,237.0,248.0,295.0,True,SOFT,3.0,False,Haas F1 Team,0 days 00:26:42.542000,,,,False,,False,False,81.11,81.11
108,0 days 00:29:49.509000,GRO,8,0 days 00:01:45.857000,4.0,1.0,,,35.027,37.7,33.13,0 days 00:28:38.679000,0 days 00:29:16.379000,0 days 00:29:49.509000,205.0,225.0,255.0,273.0,False,SOFT,4.0,False,Haas F1 Team,0 days 00:28:03.652000,,,,False,,False,False,105.857,105.857
109,0 days 00:31:15.121000,GRO,8,0 days 00:01:25.612000,5.0,1.0,,,28.852,28.585,28.175,0 days 00:30:18.361000,0 days 00:30:46.946000,0 days 00:31:15.121000,274.0,243.0,255.0,298.0,False,SOFT,5.0,False,Haas F1 Team,0 days 00:29:49.509000,,,,False,,False,False,85.612,85.612
110,0 days 00:32:51.484000,GRO,8,0 days 00:01:36.363000,6.0,1.0,,,28.884,35.148,32.331,0 days 00:31:44.005000,0 days 00:32:19.153000,0 days 00:32:51.484000,271.0,172.0,254.0,297.0,False,SOFT,6.0,False,Haas F1 Team,0 days 00:31:15.121000,,,,False,,False,False,96.363,96.36300000000001
111,0 days 00:34:11.924000,GRO,8,0 days 00:01:20.440000,7.0,1.0,,,28.782,28.68,22.978,0 days 00:33:20.266000,0 days 00:33:48.946000,0 days 00:34:11.924000,270.0,241.0,249.0,299.0,True,SOFT,7.0,False,Haas F1 Team,0 days 00:32:51.484000,,,,False,,False,False,80.44,80.44
112,0 days 00:36:06.879000,GRO,8,0 days 00:01:54.955000,8.0,1.0,,,39.095,43.433,32.427,0 days 00:34:51.019000,0 days 00:35:34.452000,0 days 00:36:06.879000,185.0,159.0,254.0,275.0,False,SOFT,8.0,False,Haas F1 Team,0 days 00:34:11.924000,,21,,False,,False,True,114.955,114.95499999999998
113,0 days 00:37:46.484000,GRO,8,0 days 00:01:39.605000,9.0,1.0,,,28.691,33.672,37.242,0 days 00:36:35.570000,0 days 00:37:09.242000,0 days 00:37:46.484000,274.0,159.0,256.0,296.0,False,SOFT,9.0,False,Haas F1 Team,0 days 00:36:06.879000,,1,,False,,False,True,99.605,99.60499999999999
114,0 days 00:39:06.738000,GRO,8,0 days 00:01:20.254000,10.0,1.0,,,28.891,28.395,22.968,0 days 00:38:15.375000,0 days 00:38:43.770000,0 days 00:39:06.738000,273.0,241.0,251.0,301.0,True,SOFT,10.0,False,Haas F1 Team,0 days 00:37:46.484000,,1,,False,,False,True,80.254,80.254
115,0 days 00:40:44.094000,GRO,8,0 days 00:01:37.356000,11.0,1.0,,0 days 00:40:42.256000,32.646,35.972,28.738,0 days 00:39:39.384000,0 days 00:40:15.356000,0 days 00:40:44.094000,225.0,198.0,,284.0,False,SOFT,11.0,False,Haas F1 Team,0 days 00:39:06.738000,,1,,False,,False,False,97.356,97.356
116,0 days 01:28:04.414000,GRO,8,,12.0,2.0,0 days 01:26:13.442000,,,40.561,28.173,,0 days 01:27:36.262000,0 days 01:28:04.499000,187.0,202.0,255.0,284.0,False,ULTRASOFT,1.0,True,Haas F1 Team,0 days 00:40:44.094000,,12,,False,,False,False,,
117,0 days 01:29:23.557000,GRO,8,0 days 00:01:19.143000,13.0,2.0,,,28.446,28.155,22.542,0 days 01:28:32.860000,0 days 01:29:01.015000,0 days 01:29:23.557000,273.0,247.0,252.0,299.0,True,ULTRASOFT,2.0,True,Haas F1 Team,0 days 01:28:04.414000,,1,,False,,False,True,79.143,79.143
118,0 days 01:31:29.705000,GRO,8,0 days 00:02:06.148000,14.0,2.0,,,40.814,49.561,35.773,0 days 01:30:04.371000,0 days 01:30:53.932000,0 days 01:31:29.705000,168.0,110.0,255.0,277.0,False,ULTRASOFT,3.0,True,Haas F1 Team,0 days 01:29:23.557000,,1,,False,,False,True,126.148,126.148
119,0 days 01:33:07.929000,GRO,8,0 days 00:01:38.224000,15.0,2.0,,,32.703,33.435,32.086,0 days 01:32:02.408000,0 days 01:32:35.843000,0 days 01:33:07.929000,219.0,220.0,256.0,298.0,False,ULTRASOFT,4.0,True,Haas F1 Team,0 days 01:31:29.705000,,1,,False,,False,True,98.224,98.224
120,0 days 01:34:26.904000,GRO,8,0 days 00:01:18.975000,16.0,2.0,,,28.422,28.153,22.4,0 days 01:33:36.351000,0 days 01:34:04.504000,0 days 01:34:26.904000,273.0,246.0,254.0,297.0,True,ULTRASOFT,5.0,True,Haas F1 Team,0 days 01:33:07.929000,,1,,False,,False,True,78.975,78.975
121,0 days 01:36:05.451000,GRO,8,0 days 00:01:38.547000,17.0,2.0,,0 days 01:36:03.629000,36.574,34.873,27.1,0 days 01:35:03.478000,0 days 01:35:38.351000,0 days 01:36:05.451000,193.0,199.0,,285.0,False,ULTRASOFT,6.0,True,Haas F1 Team,0 days 01:34:26.904000,,12,,False,,False,False,98.547,98.547
122,0 days 00:06:08.221000,ERI,9,,1.0,,0 days 00:04:22.762000,0 days 00:06:06.553000,,36.412,32.304,,0 days 00:05:35.938000,0 days 00:06:08.252000,174.0,198.0,,,False,nan,,True,Sauber,0 days 00:04:22.762000,,,,False,,False,False,,
123,0 days 00:08:20.905000,ERI,9,0 days 00:02:12.684000,2.0,1.0,0 days 00:06:40.380000,0 days 00:08:19.234000,65.587,35.436,31.661,0 days 00:07:13.808000,0 days 00:07:49.244000,0 days 00:08:20.905000,188.0,198.0,,,False,SOFT,2.0,False,Sauber,0 days 00:06:08.221000,,,,False,,False,False,132.684,132.684
124,0 days 00:30:30.829000,ERI,9,,3.0,2.0,0 days 00:28:35.997000,,,38.017,33.288,,0 days 00:29:57.585000,0 days 00:30:30.928000,213.0,209.0,257.0,,False,SOFT,3.0,False,Sauber,0 days 00:08:20.905000,,,,False,,False,False,,
125,0 days 00:31:52.225000,ERI,9,0 days 00:01:21.396000,4.0,2.0,,,29.001,29.175,23.22,0 days 00:30:59.830000,0 days 00:31:29.005000,0 days 00:31:52.225000,278.0,241.0,251.0,306.0,True,SOFT,4.0,False,Sauber,0 days 00:30:30.829000,,,,False,,False,False,81.396,81.396
126,0 days 00:33:58.172000,ERI,9,0 days 00:02:05.947000,5.0,2.0,,,46.512,50.723,28.712,0 days 00:32:38.737000,0 days 00:33:29.460000,0 days 00:33:58.172000,208.0,186.0,255.0,237.0,False,SOFT,5.0,False,Sauber,0 days 00:31:52.225000,,,,False,,False,False,125.947,125.947
127,0 days 00:35:23.661000,ERI,9,0 days 00:01:25.489000,6.0,2.0,,,28.789,28.848,27.852,0 days 00:34:26.961000,0 days 00:34:55.809000,0 days 00:35:23.661000,278.0,242.0,240.0,304.0,False,SOFT,6.0,False,Sauber,0 days 00:33:58.172000,,21,,False,,False,True,85.489,85.489
128,0 days 00:37:29.369000,ERI,9,0 days 00:02:05.708000,7.0,2.0,,,42.063,50.26,33.385,0 days 00:36:05.724000,0 days 00:36:55.984000,0 days 00:37:29.369000,215.0,186.0,255.0,245.0,False,SOFT,7.0,False,Sauber,0 days 00:35:23.661000,,1,,False,,False,True,125.708,125.708
129,0 days 00:39:14.810000,ERI,9,0 days 00:01:45.441000,8.0,2.0,,,36.425,36.154,32.862,0 days 00:38:05.794000,0 days 00:38:41.948000,0 days 00:39:14.810000,159.0,192.0,255.0,302.0,False,SOFT,8.0,False,Sauber,0 days 00:37:29.369000,,1,,False,,False,True,105.441,105.441
130,0 days 00:40:35.507000,ERI,9,0 days 00:01:20.697000,9.0,2.0,,,28.723,28.984,22.99,0 days 00:39:43.533000,0 days 00:40:12.517000,0 days 00:40:35.507000,280.0,244.0,251.0,306.0,True,SOFT,9.0,False,Sauber,0 days 00:39:14.810000,,1,,False,,False,True,80.697,80.697
131,0 days 00:42:13.069000,ERI,9,0 days 00:01:37.562000,10.0,2.0,,0 days 00:42:11.474000,35.488,33.548,28.526,0 days 00:41:10.995000,0 days 00:41:44.543000,0 days 00:42:13.069000,196.0,199.0,,278.0,False,SOFT,10.0,False,Sauber,0 days 00:40:35.507000,,12,,False,,False,False,97.562,97.562
132,0 days 00:59:33.399000,ERI,9,,11.0,3.0,0 days 00:57:27.595000,,,48.91,30.016,,0 days 00:59:03.383000,0 days 00:59:33.466000,249.0,200.0,256.0,278.0,False,ULTRASOFT,1.0,True,Sauber,0 days 00:42:13.069000,,1,,False,,False,False,,
133,0 days 01:01:27.316000,ERI,9,0 days 00:01:53.917000,12.0,3.0,,0 days 01:01:25.613000,28.406,49.914,35.597,0 days 01:00:01.805000,0 days 01:00:51.719000,0 days 01:01:27.316000,279.0,178.0,,302.0,False,ULTRASOFT,2.0,True,Sauber,0 days 00:59:33.399000,,12,,False,,False,False,113.917,113.917
134,0 days 00:06:16.079000,GAS,10,,1.0,,0 days 00:04:29.810000,0 days 00:06:14.096000,,38.18,32.1,,0 days 00:05:44.022000,0 days 00:06:16.079000,196.0,132.0,,,False,nan,,True,Toro Rosso,0 days 00:04:29.810000,,,,False,,False,False,,
135,0 days 00:22:02.313000,GAS,10,,2.0,1.0,0 days 00:20:18.037000,,,42.285,28.897,,0 days 00:21:33.434000,0 days 00:22:02.420000,211.0,201.0,248.0,,False,SOFT,2.0,False,Toro Rosso,0 days 00:06:16.079000,,,,False,,False,False,,
136,0 days 00:23:23.728000,GAS,10,0 days 00:01:21.415000,3.0,1.0,,,28.971,29.73,22.714,0 days 00:22:31.284000,0 days 00:23:01.014000,0 days 00:23:23.728000,273.0,237.0,252.0,293.0,True,SOFT,3.0,False,Toro Rosso,0 days 00:22:02.313000,,,,False,,False,False,81.415,81.41499999999999
137,0 days 00:25:17.001000,GAS,10,0 days 00:01:53.273000,4.0,1.0,,,42.18,45.398,25.695,0 days 00:24:05.908000,0 days 00:24:51.306000,0 days 00:25:17.001000,135.0,169.0,249.0,286.0,False,SOFT,4.0,False,Toro Rosso,0 days 00:23:23.728000,,,,False,,False,False,113.273,113.273
138,0 days 00:26:54.818000,GAS,10,0 days 00:01:37.817000,5.0,1.0,,,28.955,36.742,32.12,0 days 00:25:45.956000,0 days 00:26:22.698000,0 days 00:26:54.818000,274.0,150.0,250.0,295.0,False,SOFT,5.0,False,Toro Rosso,0 days 00:25:17.001000,,,,False,,False,False,97.817,97.81700000000001
139,0 days 00:28:15.313000,GAS,10,0 days 00:01:20.495000,6.0,1.0,,,28.757,28.776,22.962,0 days 00:27:23.575000,0 days 00:27:52.351000,0 days 00:28:15.313000,275.0,244.0,251.0,295.0,True,SOFT,6.0,False,Toro Rosso,0 days 00:26:54.818000,,,,False,,False,False,80.495,80.495
140,0 days 00:30:08.097000,GAS,10,0 days 00:01:52.784000,7.0,1.0,,,41.408,43.084,28.292,0 days 00:28:56.721000,0 days 00:29:39.805000,0 days 00:30:08.097000,183.0,187.0,252.0,287.0,False,SOFT,7.0,False,Toro Rosso,0 days 00:28:15.313000,,,,False,,False,False,112.784,112.784
141,0 days 00:31:28.204000,GAS,10,0 days 00:01:20.107000,8.0,1.0,,,28.693,28.493,22.921,0 days 00:30:36.790000,0 days 00:31:05.283000,0 days 00:31:28.204000,275.0,243.0,254.0,297.0,True,SOFT,8.0,False,Toro Rosso,0 days 00:30:08.097000,,,,False,,False,False,80.107,80.107
142,0 days 00:33:15.254000,GAS,10,0 days 00:01:47.050000,9.0,1.0,,,40.115,41.389,25.546,0 days 00:32:08.319000,0 days 00:32:49.708000,0 days 00:33:15.254000,214.0,200.0,252.0,291.0,False,SOFT,9.0,False,Toro Rosso,0 days 00:31:28.204000,,,,False,,False,False,107.05,107.05000000000001
143,0 days 00:34:35.643000,GAS,10,0 days 00:01:20.389000,10.0,1.0,,,28.727,28.499,23.163,0 days 00:33:43.981000,0 days 00:34:12.480000,0 days 00:34:35.643000,273.0,244.0,254.0,299.0,False,SOFT,10.0,False,Toro Rosso,0 days 00:33:15.254000,,,,False,,False,False,80.389,80.389
144,0 days 00:36:22.019000,GAS,10,0 days 00:01:46.376000,11.0,1.0,,,37.657,39.386,29.333,0 days 00:35:13.300000,0 days 00:35:52.686000,0 days 00:36:22.019000,196.0,216.0,250.0,292.0,False,SOFT,11.0,False,Toro Rosso,0 days 00:34:35.643000,,21,,False,,False,True,106.376,106.376
145,0 days 00:37:42.508000,GAS,10,0 days 00:01:20.489000,12.0,1.0,,,28.773,28.645,23.071,0 days 00:36:50.792000,0 days 00:37:19.437000,0 days 00:37:42.508000,276.0,243.0,254.0,296.0,False,SOFT,12.0,False,Toro Rosso,0 days 00:36:22.019000,,1,,False,,False,True,80.489,80.489
146,0 days 00:39:29.566000,GAS,10,0 days 00:01:47.058000,13.0,1.0,,0 days 00:39:27.845000,35.178,40.945,30.935,0 days 00:38:17.686000,0 days 00:38:58.631000,0 days 00:39:29.566000,238.0,216.0,,293.0,False,SOFT,13.0,False,Toro Rosso,0 days 00:37:42.508000,,1,,False,,False,False,107.058,107.05799999999999
147,0 days 00:41:48.799000,GAS,10,0 days 00:02:19.233000,14.0,2.0,0 days 00:39:56.066000,0 days 00:41:47.057000,70.738,37.889,30.606,0 days 00:40:40.304000,0 days 00:41:18.193000,0 days 00:41:48.799000,235.0,215.0,,293.0,False,SOFT,14.0,False,Toro Rosso,0 days 00:39:29.566000,,1,,False,,False,False,139.233,139.233
148,0 days 00:59:38.953000,GAS,10,,15.0,3.0,0 days 00:57:38.364000,,,49.303,34.836,,0 days 00:59:04.135000,0 days 00:59:42.712000,195.0,203.0,246.0,293.0,False,SOFT,1.0,True,Toro Rosso,0 days 00:41:48.799000,,12,,False,,False,False,,
149,0 days 01:01:15.912000,GAS,10,0 days 00:01:36.959000,16.0,3.0,,,28.889,41.89,26.18,0 days 01:00:07.842000,0 days 01:00:49.732000,0 days 01:01:15.912000,270.0,182.0,249.0,294.0,False,SOFT,2.0,True,Toro Rosso,0 days 00:59:38.953000,,12,,False,,False,True,96.959,96.959
150,0 days 01:02:36.115000,GAS,10,0 days 00:01:20.203000,17.0,3.0,,,28.756,28.562,22.885,0 days 01:01:44.668000,0 days 01:02:13.230000,0 days 01:02:36.115000,274.0,242.0,253.0,294.0,False,SOFT,3.0,True,Toro Rosso,0 days 01:01:15.912000,,12,,False,,False,True,80.203,80.203
151,0 days 01:04:37.772000,GAS,10,0 days 00:02:01.657000,18.0,3.0,,,44.46,42.638,34.559,0 days 01:03:20.575000,0 days 01:04:03.213000,0 days 01:04:37.772000,213.0,196.0,247.0,287.0,False,SOFT,4.0,True,Toro Rosso,0 days 01:02:36.115000,,2,,False,,False,True,121.657,121.657
152,0 days 01:06:18.897000,GAS,10,0 days 00:01:41.125000,19.0,3.0,,,28.62,40.293,32.212,0 days 01:05:06.392000,0 days 01:05:46.685000,0 days 01:06:18.897000,275.0,136.0,250.0,295.0,False,SOFT,5.0,True,Toro Rosso,0 days 01:04:37.772000,,21,,False,,False,True,101.125,101.125
153,0 days 01:07:38.899000,GAS,10,0 days 00:01:20.002000,20.0,3.0,,,28.711,28.561,22.73,0 days 01:06:47.608000,0 days 01:07:16.169000,0 days 01:07:38.899000,275.0,244.0,253.0,296.0,True,SOFT,6.0,True,Toro Rosso,0 days 01:06:18.897000,,1,,False,,False,True,80.002,80.002
154,0 days 01:09:44.187000,GAS,10,0 days 00:02:05.288000,21.0,3.0,,,46.796,49.487,29.005,0 days 01:08:25.695000,0 days 01:09:15.182000,0 days 01:09:44.187000,126.0,183.0,251.0,291.0,False,SOFT,7.0,True,Toro Rosso,0 days 01:07:38.899000,,1,,False,,False,True,125.288,125.288
155,0 days 01:11:03.539000,GAS,10,0 days 00:01:19.352000,22.0,3.0,,,28.688,28.073,22.591,0 days 01:10:12.875000,0 days 01:10:40.948000,0 days 01:11:03.539000,275.0,244.0,251.0,293.0,True,SOFT,8.0,True,Toro Rosso,0 days 01:09:44.187000,,1,,False,,False,True,79.352,79.352
156,0 days 01:12:46.021000,GAS,10,0 days 00:01:42.482000,23.0,3.0,,0 days 01:12:44.262000,36.477,38.128,27.877,0 days 01:11:40.016000,0 days 01:12:18.144000,0 days 01:12:46.021000,242.0,202.0,,285.0,False,SOFT,9.0,True,Toro Rosso,0 days 01:11:03.539000,,1,,False,,False,False,102.482,102.48199999999999
157,0 days 01:24:38.088000,GAS,10,,24.0,4.0,0 days 01:22:47.237000,,,42.717,29.782,,0 days 01:24:08.321000,0 days 01:24:38.199000,125.0,206.0,248.0,285.0,False,SOFT,10.0,False,Toro Rosso,0 days 01:12:46.021000,,1,,False,,False,False,,
158,0 days 01:25:58.236000,GAS,10,0 days 00:01:20.148000,25.0,4.0,,,28.611,28.539,22.998,0 days 01:25:06.699000,0 days 01:25:35.238000,0 days 01:25:58.236000,275.0,240.0,240.0,297.0,False,SOFT,11.0,False,Toro Rosso,0 days 01:24:38.088000,,1,,False,,False,True,80.148,80.14800000000001
159,0 days 01:27:51.209000,GAS,10,0 days 00:01:52.973000,26.0,4.0,,,37.789,43.24,31.944,0 days 01:26:36.025000,0 days 01:27:19.265000,0 days 01:27:51.209000,226.0,162.0,249.0,281.0,False,SOFT,12.0,False,Toro Rosso,0 days 01:25:58.236000,,1,,False,,False,True,112.973,112.973
160,0 days 01:29:11.263000,GAS,10,0 days 00:01:20.054000,27.0,4.0,,,28.638,28.566,22.85,0 days 01:28:19.847000,0 days 01:28:48.413000,0 days 01:29:11.263000,275.0,241.0,251.0,296.0,False,SOFT,13.0,False,Toro Rosso,0 days 01:27:51.209000,,1,,False,,False,True,80.054,80.054
161,0 days 01:30:48.438000,GAS,10,0 days 00:01:37.175000,28.0,4.0,,0 days 01:30:46.681000,33.29,37.234,26.651,0 days 01:29:44.553000,0 days 01:30:21.787000,0 days 01:30:48.438000,249.0,220.0,,286.0,False,SOFT,14.0,False,Toro Rosso,0 days 01:29:11.263000,,1,,False,,False,False,97.175,97.175
162,0 days 01:33:04.280000,GAS,10,0 days 00:02:15.842000,29.0,5.0,0 days 01:31:05.200000,0 days 01:33:02.505000,61.851,33.425,40.566,0 days 01:31:50.289000,0 days 01:32:23.714000,0 days 01:33:04.280000,269.0,152.0,,286.0,False,SOFT,15.0,False,Toro Rosso,0 days 01:30:48.438000,,1,,False,,False,False,135.842,135.84199999999998
163,0 days 01:35:05.823000,GAS,10,0 days 00:02:01.543000,30.0,6.0,0 days 01:33:22.210000,0 days 01:35:04.069000,60.239,32.885,28.419,0 days 01:34:04.519000,0 days 01:34:37.404000,0 days 01:35:05.823000,252.0,219.0,,286.0,False,SOFT,16.0,False,Toro Rosso,0 days 01:33:04.280000,,12,,False,,False,False,121.543,121.54299999999999
164,0 days 00:08:26.888000,PER,11,,1.0,1.0,0 days 00:06:51.318000,0 days 00:08:25.098000,,36.981,27.41,,0 days 00:07:59.496000,0 days 00:08:26.888000,265.0,199.0,,,False,SOFT,1.0,True,Force India,0 days 00:06:51.318000,,,,False,,False,False,,
165,0 days 00:27:03.327000,PER,11,,2.0,2.0,0 days 00:25:12.623000,,,36.011,26.533,,0 days 00:26:36.819000,0 days 00:27:03.445000,263.0,240.0,253.0,,False,SOFT,2.0,False,Force India,0 days 00:08:26.888000,,,,False,,False,False,,
166,0 days 00:28:25.068000,PER,11,0 days 00:01:21.741000,3.0,2.0,,,28.605,29.01,24.126,0 days 00:27:31.932000,0 days 00:28:00.942000,0 days 00:28:25.068000,283.0,242.0,255.0,302.0,True,SOFT,3.0,False,Force India,0 days 00:27:03.327000,,,,False,,False,False,81.741,81.741
167,0 days 00:30:25.132000,PER,11,0 days 00:02:00.064000,4.0,2.0,,,41.637,47.004,31.423,0 days 00:29:06.705000,0 days 00:29:53.709000,0 days 00:30:25.132000,152.0,121.0,255.0,239.0,False,SOFT,4.0,False,Force India,0 days 00:28:25.068000,,,,False,,False,False,120.064,120.064
168,0 days 00:31:45.493000,PER,11,0 days 00:01:20.361000,5.0,2.0,,,28.583,28.967,22.811,0 days 00:30:53.715000,0 days 00:31:22.682000,0 days 00:31:45.493000,284.0,241.0,258.0,306.0,True,SOFT,5.0,False,Force India,0 days 00:30:25.132000,,,,False,,False,False,80.361,80.36099999999999
169,0 days 00:33:45.367000,PER,11,0 days 00:01:59.874000,6.0,2.0,,,42.701,48.498,28.675,0 days 00:32:28.194000,0 days 00:33:16.692000,0 days 00:33:45.367000,148.0,225.0,256.0,221.0,False,SOFT,6.0,False,Force India,0 days 00:31:45.493000,,,,False,,False,False,119.874,119.874
170,0 days 00:35:10.207000,PER,11,0 days 00:01:24.840000,7.0,2.0,,,28.384,28.467,27.989,0 days 00:34:13.751000,0 days 00:34:42.218000,0 days 00:35:10.207000,282.0,247.0,224.0,304.0,False,SOFT,7.0,False,Force India,0 days 00:33:45.367000,,,,False,,False,False,84.84,84.84
171,0 days 00:36:48.523000,PER,11,0 days 00:01:38.316000,8.0,2.0,,,35.024,38.373,24.919,0 days 00:35:45.231000,0 days 00:36:23.604000,0 days 00:36:48.523000,212.0,228.0,256.0,270.0,False,SOFT,8.0,False,Force India,0 days 00:35:10.207000,,21,,False,,False,True,98.316,98.31599999999999
172,0 days 00:38:08.682000,PER,11,0 days 00:01:20.159000,9.0,2.0,,,28.572,28.662,22.925,0 days 00:37:17.095000,0 days 00:37:45.757000,0 days 00:38:08.682000,284.0,246.0,257.0,304.0,True,SOFT,9.0,False,Force India,0 days 00:36:48.523000,,1,,False,,False,True,80.159,80.15899999999999
173,0 days 00:39:43.320000,PER,11,0 days 00:01:34.638000,10.0,2.0,,0 days 00:39:41.579000,33.533,33.213,27.892,0 days 00:38:42.215000,0 days 00:39:15.428000,0 days 00:39:43.320000,265.0,194.0,,202.0,False,SOFT,10.0,False,Force India,0 days 00:38:08.682000,,1,,False,,False,False,94.638,94.638
174,0 days 01:03:20.892000,PER,11,,11.0,3.0,0 days 01:01:18.737000,0 days 01:03:19.214000,,40.501,34.241,,0 days 01:02:46.651000,0 days 01:03:20.933000,156.0,215.0,,202.0,False,MEDIUM,1.0,True,Force India,0 days 00:39:43.320000,,12,,False,,False,False,,
175,0 days 01:08:35.811000,PER,11,,12.0,4.0,0 days 01:06:58.950000,,,32.174,34.185,,0 days 01:08:01.629000,0 days 01:08:35.910000,262.0,230.0,254.0,202.0,False,MEDIUM,2.0,False,Force India,0 days 01:03:20.892000,,21,,False,,False,False,,
176,0 days 01:09:56.509000,PER,11,0 days 00:01:20.698000,13.0,4.0,,,28.734,29.09,22.874,0 days 01:09:04.545000,0 days 01:09:33.635000,0 days 01:09:56.509000,283.0,240.0,254.0,304.0,False,MEDIUM,3.0,False,Force India,0 days 01:08:35.811000,,1,,False,,False,True,80.698,80.698
177,0 days 01:11:35.880000,PER,11,0 days 00:01:39.371000,14.0,4.0,,,36.851,37.387,25.133,0 days 01:10:33.360000,0 days 01:11:10.747000,0 days 01:11:35.880000,175.0,229.0,259.0,281.0,False,MEDIUM,4.0,False,Force India,0 days 01:09:56.509000,,1,,False,,False,True,99.371,99.371
178,0 days 01:12:56.085000,PER,11,0 days 00:01:20.205000,15.0,4.0,,,28.406,28.921,22.878,0 days 01:12:04.286000,0 days 01:12:33.207000,0 days 01:12:56.085000,287.0,240.0,259.0,308.0,False,MEDIUM,5.0,False,Force India,0 days 01:11:35.880000,,1,,False,,False,True,80.205,80.205
179,0 days 01:14:43.003000,PER,11,0 days 00:01:46.918000,16.0,4.0,,,40.044,40.573,26.301,0 days 01:13:36.129000,0 days 01:14:16.702000,0 days 01:14:43.003000,163.0,210.0,255.0,205.0,False,MEDIUM,6.0,False,Force India,0 days 01:12:56.085000,,1,,False,,False,True,106.918,106.91799999999999
180,0 days 01:16:03.278000,PER,11,0 days 00:01:20.275000,17.0,4.0,,,28.686,28.807,22.782,0 days 01:15:11.689000,0 days 01:15:40.496000,0 days 01:16:03.278000,284.0,241.0,255.0,303.0,False,MEDIUM,7.0,False,Force India,0 days 01:14:43.003000,,1,,False,,False,True,80.275,80.27499999999999
181,0 days 01:17:35.501000,PER,11,0 days 00:01:32.223000,18.0,4.0,,0 days 01:17:33.739000,31.802,33.638,26.783,0 days 01:16:35.080000,0 days 01:17:08.718000,0 days 01:17:35.501000,245.0,200.0,,270.0,False,MEDIUM,8.0,False,Force India,0 days 01:16:03.278000,,1,,False,,False,False,92.223,92.223
182,0 days 01:24:48.024000,PER,11,,19.0,5.0,0 days 01:23:00.114000,,,31.461,29.775,,0 days 01:24:18.288000,0 days 01:24:48.138000,263.0,232.0,247.0,270.0,False,MEDIUM,9.0,False,Force India,0 days 01:17:35.501000,,1,,False,,False,False,,
183,0 days 01:26:12.384000,PER,11,0 days 00:01:24.360000,20.0,5.0,,,29.624,30.5,24.236,0 days 01:25:17.648000,0 days 01:25:48.148000,0 days 01:26:12.384000,282.0,232.0,247.0,292.0,False,MEDIUM,10.0,False,Force India,0 days 01:24:48.024000,,1,,False,,False,True,84.36,84.36
184,0 days 01:27:36.616000,PER,11,0 days 00:01:24.232000,21.0,5.0,,,29.696,30.796,23.74,0 days 01:26:42.080000,0 days 01:27:12.876000,0 days 01:27:36.616000,284.0,233.0,247.0,294.0,False,MEDIUM,11.0,False,Force India,0 days 01:26:12.384000,,1,,False,,False,True,84.232,84.232
185,0 days 01:29:00.954000,PER,11,0 days 00:01:24.338000,22.0,5.0,,,29.611,30.844,23.883,0 days 01:28:06.227000,0 days 01:28:37.071000,0 days 01:29:00.954000,278.0,234.0,247.0,293.0,False,MEDIUM,12.0,False,Force India,0 days 01:27:36.616000,,1,,False,,False,True,84.338,84.338
186,0 days 01:30:25.665000,PER,11,0 days 00:01:24.711000,23.0,5.0,,,29.816,30.673,24.222,0 days 01:29:30.770000,0 days 01:30:01.443000,0 days 01:30:25.665000,278.0,234.0,247.0,294.0,False,MEDIUM,13.0,False,Force India,0 days 01:29:00.954000,,1,,False,,False,True,84.711,84.711
187,0 days 01:31:50.248000,PER,11,0 days 00:01:24.583000,24.0,5.0,,,30.047,30.497,24.039,0 days 01:30:55.712000,0 days 01:31:26.209000,0 days 01:31:50.248000,277.0,235.0,247.0,294.0,False,MEDIUM,14.0,False,Force India,0 days 01:30:25.665000,,1,,False,,False,True,84.583,84.583
188,0 days 01:33:14.446000,PER,11,0 days 00:01:24.198000,25.0,5.0,,,29.831,30.561,23.806,0 days 01:32:20.079000,0 days 01:32:50.640000,0 days 01:33:14.446000,277.0,235.0,246.0,291.0,False,MEDIUM,15.0,False,Force India,0 days 01:31:50.248000,,1,,False,,False,True,84.198,84.198
189,0 days 01:34:38.263000,PER,11,0 days 00:01:23.817000,26.0,5.0,,,29.803,30.263,23.751,0 days 01:33:44.249000,0 days 01:34:14.512000,0 days 01:34:38.263000,276.0,234.0,244.0,290.0,False,MEDIUM,16.0,False,Force India,0 days 01:33:14.446000,,1,,False,,False,True,83.817,83.81700000000001
190,0 days 01:36:14.996000,PER,11,0 days 00:01:36.733000,27.0,5.0,,0 days 01:36:13.283000,30.573,37.631,28.529,0 days 01:35:08.836000,0 days 01:35:46.467000,0 days 01:36:14.996000,260.0,199.0,,288.0,False,MEDIUM,17.0,False,Force India,0 days 01:34:38.263000,,12,,False,,False,False,96.733,96.733
191,0 days 00:07:47.032000,ALO,14,,1.0,,0 days 00:06:04.754000,0 days 00:07:45.480000,,36.821,31.834,,0 days 00:07:15.198000,0 days 00:07:47.041000,242.0,218.0,,,False,nan,,True,McLaren,0 days 00:06:04.754000,,,,False,,False,False,,
192,0 days 00:20:08.437000,ALO,14,,2.0,1.0,0 days 00:18:05.481000,,,43.12,27.175,,0 days 00:19:41.284000,0 days 00:20:10.110000,208.0,204.0,253.0,,False,ULTRASOFT,2.0,False,McLaren,0 days 00:07:47.032000,,,,False,,False,False,,
193,0 days 00:21:28.496000,ALO,14,0 days 00:01:20.059000,3.0,1.0,,,28.744,28.81,22.505,0 days 00:20:37.181000,0 days 00:21:05.991000,0 days 00:21:28.496000,273.0,247.0,254.0,293.0,True,ULTRASOFT,3.0,False,McLaren,0 days 00:20:08.437000,,,,False,,False,False,80.059,80.059
194,0 days 00:23:16.587000,ALO,14,0 days 00:01:48.091000,4.0,1.0,,,35.708,41.016,31.367,0 days 00:22:04.204000,0 days 00:22:45.220000,0 days 00:23:16.587000,180.0,192.0,254.0,273.0,False,ULTRASOFT,4.0,False,McLaren,0 days 00:21:28.496000,,,,False,,False,False,108.091,108.091
195,0 days 00:24:53.799000,ALO,14,0 days 00:01:37.212000,5.0,1.0,,,28.632,40.916,27.664,0 days 00:23:45.219000,0 days 00:24:26.135000,0 days 00:24:53.799000,277.0,191.0,254.0,299.0,False,ULTRASOFT,5.0,False,McLaren,0 days 00:23:16.587000,,,,False,,False,False,97.212,97.212
196,0 days 00:26:32.535000,ALO,14,0 days 00:01:38.736000,6.0,1.0,,,28.668,42.996,27.072,0 days 00:25:22.467000,0 days 00:26:05.463000,0 days 00:26:32.535000,278.0,199.0,255.0,296.0,False,ULTRASOFT,6.0,False,McLaren,0 days 00:24:53.799000,,,,False,,False,False,98.736,98.736
197,0 days 00:27:55.101000,ALO,14,0 days 00:01:22.566000,7.0,1.0,,,28.48,28.829,25.257,0 days 00:27:01.015000,0 days 00:27:29.844000,0 days 00:27:55.101000,277.0,245.0,225.0,297.0,False,ULTRASOFT,7.0,False,McLaren,0 days 00:26:32.535000,,,,False,,False,False,82.566,82.566
198,0 days 00:29:39.415000,ALO,14,0 days 00:01:44.314000,8.0,1.0,,,34.875,39.132,30.307,0 days 00:28:29.976000,0 days 00:29:09.108000,0 days 00:29:39.415000,233.0,192.0,255.0,256.0,False,ULTRASOFT,8.0,False,McLaren,0 days 00:27:55.101000,,,,False,,False,False,104.314,104.31400000000001
199,0 days 00:30:59.539000,ALO,14,0 days 00:01:20.124000,9.0,1.0,,,28.557,28.569,22.998,0 days 00:30:07.972000,0 days 00:30:36.541000,0 days 00:30:59.539000,278.0,247.0,247.0,300.0,False,ULTRASOFT,9.0,False,McLaren,0 days 00:29:39.415000,,,,False,,False,False,80.124,80.124
200,0 days 00:32:31.693000,ALO,14,0 days 00:01:32.154000,10.0,1.0,,0 days 00:32:29.331000,31.516,30.886,29.752,0 days 00:31:31.055000,0 days 00:32:01.941000,0 days 00:32:31.693000,250.0,228.0,,280.0,False,ULTRASOFT,10.0,False,McLaren,0 days 00:30:59.539000,,,,False,,False,False,92.154,92.154
201,0 days 01:04:08.198000,ALO,14,,11.0,2.0,0 days 01:02:17.087000,,,45.6,31.778,,0 days 01:03:36.435000,0 days 01:04:08.281000,224.0,175.0,253.0,280.0,False,MEDIUM,1.0,True,McLaren,0 days 00:32:31.693000,,21,,False,,False,False,,
202,0 days 01:05:52.142000,ALO,14,0 days 00:01:43.944000,12.0,2.0,,,31.52,44.433,27.991,0 days 01:04:39.718000,0 days 01:05:24.151000,0 days 01:05:52.142000,241.0,212.0,253.0,295.0,False,MEDIUM,2.0,True,McLaren,0 days 01:04:08.198000,,21,,False,,False,True,103.944,103.944
203,0 days 01:07:12.157000,ALO,14,0 days 00:01:20.015000,13.0,2.0,,,28.833,28.477,22.705,0 days 01:06:20.975000,0 days 01:06:49.452000,0 days 01:07:12.157000,273.0,246.0,250.0,293.0,True,MEDIUM,3.0,True,McLaren,0 days 01:05:52.142000,,1,,False,,False,True,80.015,80.015
204,0 days 01:08:59.119000,ALO,14,0 days 00:01:46.962000,14.0,2.0,,,35.923,40.251,30.788,0 days 01:07:48.080000,0 days 01:08:28.331000,0 days 01:08:59.119000,226.0,191.0,254.0,273.0,False,MEDIUM,4.0,True,McLaren,0 days 01:07:12.157000,,1,,False,,False,True,106.962,106.962
205,0 days 01:10:24.232000,ALO,14,0 days 00:01:25.113000,15.0,2.0,,,28.604,28.727,27.782,0 days 01:09:27.723000,0 days 01:09:56.450000,0 days 01:10:24.232000,276.0,248.0,215.0,297.0,False,MEDIUM,5.0,True,McLaren,0 days 01:08:59.119000,,1,,False,,False,True,85.113,85.113
206,0 days 01:12:20.288000,ALO,14,0 days 00:01:56.056000,16.0,2.0,,,36.021,48.133,31.902,0 days 01:11:00.253000,0 days 01:11:48.386000,0 days 01:12:20.288000,225.0,101.0,255.0,250.0,False,MEDIUM,6.0,True,McLaren,0 days 01:10:24.232000,,1,,False,,False,True,116.056,116.056
207,0 days 01:13:53.678000,ALO,14,0 days 00:01:33.390000,17.0,2.0,,,29.546,35.617,28.227,0 days 01:12:49.834000,0 days 01:13:25.451000,0 days 01:13:53.678000,239.0,182.0,254.0,298.0,False,MEDIUM,7.0,True,McLaren,0 days 01:12:20.288000,,1,,False,,False,True,93.39,93.39
208,0 days 01:15:13.368000,ALO,14,0 days 00:01:19.690000,18.0,2.0,,,28.756,28.333,22.601,0 days 01:14:22.434000,0 days 01:14:50.767000,0 days 01:15:13.368000,276.0,246.0,255.0,294.0,True,MEDIUM,8.0,True,McLaren,0 days 01:13:53.678000,,1,,False,,False,True,79.69,79.69
209,0 days 01:16:57.898000,ALO,14,0 days 00:01:44.530000,19.0,2.0,,0 days 01:16:56.142000,33.785,37.89,32.855,0 days 01:15:47.153000,0 days 01:16:25.043000,0 days 01:16:57.898000,223.0,192.0,,274.0,False,MEDIUM,9.0,True,McLaren,0 days 01:15:13.368000,,1,,False,,False,False,104.53,104.53
210,0 days 01:30:21.930000,ALO,14,,20.0,3.0,0 days 01:28:42.608000,,,37.985,27.479,,0 days 01:29:54.461000,0 days 01:30:22.008000,230.0,213.0,253.0,274.0,False,MEDIUM,10.0,False,McLaren,0 days 01:16:57.898000,,1,,False,,False,False,,
211,0 days 01:31:42.366000,ALO,14,0 days 00:01:20.436000,21.0,3.0,,,28.777,28.713,22.946,0 days 01:30:50.707000,0 days 01:31:19.420000,0 days 01:31:42.366000,277.0,247.0,255.0,296.0,False,MEDIUM,11.0,False,McLaren,0 days 01:30:21.930000,,1,,False,,False,True,80.436,80.436
212,0 days 01:33:24.126000,ALO,14,0 days 00:01:41.760000,22.0,3.0,,,33.595,40.988,27.177,0 days 01:32:15.961000,0 days 01:32:56.949000,0 days 01:33:24.126000,243.0,207.0,255.0,277.0,False,MEDIUM,12.0,False,McLaren,0 days 01:31:42.366000,,1,,False,,False,True,101.76,101.75999999999999
213,0 days 01:34:44.440000,ALO,14,0 days 00:01:20.314000,23.0,3.0,,,28.732,28.586,22.996,0 days 01:33:52.858000,0 days 01:34:21.444000,0 days 01:34:44.440000,277.0,244.0,252.0,296.0,False,MEDIUM,13.0,False,McLaren,0 days 01:33:24.126000,,1,,False,,False,True,80.314,80.314
214,0 days 01:36:23.660000,ALO,14,0 days 00:01:39.220000,24.0,3.0,,0 days 01:36:20.787000,31.327,31.627,36.266,0 days 01:35:15.767000,0 days 01:35:47.394000,0 days 01:36:23.660000,249.0,226.0,,274.0,False,MEDIUM,14.0,False,McLaren,0 days 01:34:44.440000,,12,,False,,False,False,99.22,99.22
215,0 days 00:07:45.525000,STR,18,,1.0,,0 days 00:05:59.284000,0 days 00:07:45.181000,,38.062,32.06,,0 days 00:07:13.513000,0 days 00:07:45.525000,199.0,179.0,,,False,nan,,True,Williams,0 days 00:05:59.284000,,,,False,,False,False,,
216,0 days 00:26:37.148000,STR,18,,2.0,1.0,0 days 00:24:47.929000,,,46.61,28.793,,0 days 00:26:08.396000,0 days 00:26:37.255000,217.0,221.0,252.0,,False,ULTRASOFT,1.0,True,Williams,0 days 00:07:45.525000,,,,False,,False,False,,
217,0 days 00:27:59.393000,STR,18,0 days 00:01:22.245000,3.0,1.0,,,29.16,29.382,23.703,0 days 00:27:06.308000,0 days 00:27:35.690000,0 days 00:27:59.393000,280.0,236.0,250.0,299.0,True,ULTRASOFT,2.0,True,Williams,0 days 00:26:37.148000,,,,False,,False,False,82.245,82.245
218,0 days 00:29:43.567000,STR,18,0 days 00:01:44.174000,4.0,1.0,,,36.991,39.375,27.808,0 days 00:28:36.384000,0 days 00:29:15.759000,0 days 00:29:43.567000,185.0,215.0,253.0,294.0,False,ULTRASOFT,3.0,True,Williams,0 days 00:27:59.393000,,,,False,,False,False,104.174,104.174
219,0 days 00:31:04.425000,STR,18,0 days 00:01:20.858000,5.0,1.0,,,28.948,28.838,23.072,0 days 00:30:12.515000,0 days 00:30:41.353000,0 days 00:31:04.425000,281.0,242.0,255.0,303.0,True,ULTRASOFT,4.0,True,Williams,0 days 00:29:43.567000,,,,False,,False,False,80.858,80.858
220,0 days 00:33:01.797000,STR,18,0 days 00:01:57.372000,6.0,1.0,,,35.513,46.497,35.362,0 days 00:31:39.938000,0 days 00:32:26.435000,0 days 00:33:01.797000,178.0,217.0,256.0,296.0,False,ULTRASOFT,5.0,True,Williams,0 days 00:31:04.425000,,,,False,,False,False,117.372,117.37199999999999
221,0 days 00:34:22.465000,STR,18,0 days 00:01:20.668000,7.0,1.0,,,28.866,28.798,23.004,0 days 00:33:30.663000,0 days 00:33:59.461000,0 days 00:34:22.465000,279.0,245.0,255.0,306.0,True,ULTRASOFT,6.0,True,Williams,0 days 00:33:01.797000,,,,False,,False,False,80.668,80.668
222,0 days 00:36:16.771000,STR,18,0 days 00:01:54.306000,8.0,1.0,,,36.229,43.841,34.236,0 days 00:34:58.694000,0 days 00:35:42.535000,0 days 00:36:16.771000,188.0,193.0,255.0,295.0,False,ULTRASOFT,7.0,True,Williams,0 days 00:34:22.465000,,21,,False,,False,True,114.306,114.30599999999998
223,0 days 00:37:40.966000,STR,18,0 days 00:01:24.195000,9.0,1.0,,,28.701,28.576,26.918,0 days 00:36:45.472000,0 days 00:37:14.048000,0 days 00:37:40.966000,281.0,245.0,235.0,301.0,False,ULTRASOFT,8.0,True,Williams,0 days 00:36:16.771000,,1,,False,,False,True,84.195,84.195
224,0 days 00:39:36.320000,STR,18,0 days 00:01:55.354000,10.0,1.0,,,40.567,41.151,33.636,0 days 00:38:21.533000,0 days 00:39:02.684000,0 days 00:39:36.320000,223.0,206.0,255.0,188.0,False,ULTRASOFT,9.0,True,Williams,0 days 00:37:40.966000,,1,,False,,False,True,115.354,115.35400000000001
225,0 days 00:41:07.944000,STR,18,0 days 00:01:31.624000,11.0,1.0,,0 days 00:41:05.579000,28.677,31.172,31.775,0 days 00:40:04.997000,0 days 00:40:36.169000,0 days 00:41:07.944000,279.0,216.0,,301.0,False,ULTRASOFT,10.0,True,Williams,0 days 00:39:36.320000,,1,,False,,False,False,91.624,91.624
226,0 days 00:43:27.990000,STR,18,0 days 00:02:20.046000,12.0,2.0,0 days 00:41:39.683000,0 days 00:43:26.332000,73.538,36.4,30.108,0 days 00:42:21.482000,0 days 00:42:57.882000,0 days 00:43:27.990000,210.0,179.0,,301.0,False,ULTRASOFT,11.0,False,Williams,0 days 00:41:07.944000,,12,,False,,False,False,140.046,140.046
227,0 days 00:53:57.576000,STR,18,,13.0,3.0,0 days 00:52:25.959000,,,36.478,24.514,,0 days 00:53:33.094000,0 days 00:53:57.690000,242.0,225.0,257.0,301.0,False,ULTRASOFT,1.0,True,Williams,0 days 00:43:27.990000,,1,,False,,False,False,,
228,0 days 00:55:17.588000,STR,18,0 days 00:01:20.012000,14.0,3.0,,,28.477,28.562,22.973,0 days 00:54:26.053000,0 days 00:54:54.615000,0 days 00:55:17.588000,281.0,241.0,256.0,304.0,True,ULTRASOFT,2.0,True,Williams,0 days 00:53:57.576000,,1,,False,,False,True,80.012,80.012
229,0 days 00:57:11.707000,STR,18,0 days 00:01:54.119000,15.0,3.0,,,37.709,40.22,36.19,0 days 00:55:55.297000,0 days 00:56:35.517000,0 days 00:57:11.707000,141.0,199.0,256.0,258.0,False,ULTRASOFT,3.0,True,Williams,0 days 00:55:17.588000,,1,,False,,False,True,114.119,114.119
230,0 days 00:58:31.753000,STR,18,0 days 00:01:20.046000,16.0,3.0,,,28.556,28.603,22.887,0 days 00:57:40.263000,0 days 00:58:08.866000,0 days 00:58:31.753000,279.0,243.0,257.0,302.0,False,ULTRASOFT,4.0,True,Williams,0 days 00:57:11.707000,,1,,False,,False,True,80.046,80.046
231,0 days 01:00:35.623000,STR,18,0 days 00:02:03.870000,17.0,3.0,,,40.12,47.601,36.149,0 days 00:59:11.873000,0 days 00:59:59.474000,0 days 01:00:35.623000,143.0,202.0,255.0,290.0,False,ULTRASOFT,5.0,True,Williams,0 days 00:58:31.753000,,12,,False,,False,True,123.87,123.87
232,0 days 01:01:55.785000,STR,18,0 days 00:01:20.162000,18.0,3.0,,,28.554,28.676,22.932,0 days 01:01:04.177000,0 days 01:01:32.853000,0 days 01:01:55.785000,280.0,244.0,257.0,302.0,False,ULTRASOFT,6.0,True,Williams,0 days 01:00:35.623000,,1,,False,,False,True,80.162,80.16199999999999
233,0 days 01:04:25.636000,STR,18,0 days 00:02:29.851000,19.0,3.0,,,46.28,60.94,42.631,0 days 01:02:42.065000,0 days 01:03:43.005000,0 days 01:04:25.636000,132.0,90.0,241.0,296.0,False,ULTRASOFT,7.0,True,Williams,0 days 01:01:55.785000,,12,,False,,False,True,149.851,149.851
234,0 days 01:06:10.153000,STR,18,0 days 00:01:44.517000,20.0,3.0,,,31.497,40.358,32.662,0 days 01:04:57.133000,0 days 01:05:37.491000,0 days 01:06:10.153000,264.0,193.0,256.0,288.0,False,ULTRASOFT,8.0,True,Williams,0 days 01:04:25.636000,,21,,False,,False,True,104.517,104.517
235,0 days 01:07:42.965000,STR,18,0 days 00:01:32.812000,21.0,3.0,,,28.565,31.194,33.053,0 days 01:06:38.718000,0 days 01:07:09.912000,0 days 01:07:42.965000,279.0,201.0,237.0,302.0,False,ULTRASOFT,9.0,True,Williams,0 days 01:06:10.153000,,1,,False,,False,True,92.812,92.812
236,0 days 01:09:17.777000,STR,18,0 days 00:01:34.812000,22.0,3.0,,0 days 01:09:16.101000,32.631,34.505,27.676,0 days 01:08:15.596000,0 days 01:08:50.101000,0 days 01:09:17.777000,218.0,183.0,,288.0,False,ULTRASOFT,10.0,True,Williams,0 days 01:07:42.965000,,1,,False,,False,False,94.812,94.812
237,0 days 01:21:31.458000,STR,18,,23.0,4.0,0 days 01:19:58.213000,,,31.785,24.107,,0 days 01:21:07.559000,0 days 01:21:31.557000,254.0,236.0,243.0,288.0,False,ULTRASOFT,11.0,False,Williams,0 days 01:09:17.777000,,1,,False,,False,False,,
238,0 days 01:22:55.773000,STR,18,0 days 00:01:24.315000,24.0,4.0,,,30.128,30.232,23.955,0 days 01:22:01.586000,0 days 01:22:31.818000,0 days 01:22:55.773000,274.0,237.0,246.0,283.0,False,ULTRASOFT,12.0,False,Williams,0 days 01:21:31.458000,,1,,False,,False,True,84.315,84.315
239,0 days 01:24:19.975000,STR,18,0 days 00:01:24.202000,25.0,4.0,,,30.098,30.305,23.799,0 days 01:23:25.871000,0 days 01:23:56.176000,0 days 01:24:19.975000,271.0,236.0,247.0,286.0,False,ULTRASOFT,13.0,False,Williams,0 days 01:22:55.773000,,1,,False,,False,True,84.202,84.202
240,0 days 01:25:44.201000,STR,18,0 days 00:01:24.226000,26.0,4.0,,,30.118,30.08,24.028,0 days 01:24:50.093000,0 days 01:25:20.173000,0 days 01:25:44.201000,270.0,237.0,248.0,288.0,False,ULTRASOFT,14.0,False,Williams,0 days 01:24:19.975000,,1,,False,,False,True,84.226,84.226
241,0 days 01:27:08.476000,STR,18,0 days 00:01:24.275000,27.0,4.0,,,29.918,30.275,24.082,0 days 01:26:14.119000,0 days 01:26:44.394000,0 days 01:27:08.476000,274.0,237.0,247.0,291.0,False,ULTRASOFT,15.0,False,Williams,0 days 01:25:44.201000,,1,,False,,False,True,84.275,84.275
242,0 days 01:28:32.909000,STR,18,0 days 00:01:24.433000,28.0,4.0,,,29.909,30.363,24.161,0 days 01:27:38.385000,0 days 01:28:08.748000,0 days 01:28:32.909000,275.0,233.0,249.0,289.0,False,ULTRASOFT,16.0,False,Williams,0 days 01:27:08.476000,,1,,False,,False,True,84.433,84.43299999999999
243,0 days 01:29:59.177000,STR,18,0 days 00:01:26.268000,29.0,4.0,,,29.932,30.784,25.552,0 days 01:29:02.841000,0 days 01:29:33.625000,0 days 01:29:59.177000,275.0,200.0,247.0,293.0,False,ULTRASOFT,17.0,False,Williams,0 days 01:28:32.909000,,1,,False,,False,True,86.268,86.268
244,0 days 01:31:24.009000,STR,18,0 days 00:01:24.832000,30.0,4.0,,,30.259,30.504,24.069,0 days 01:30:29.436000,0 days 01:30:59.940000,0 days 01:31:24.009000,271.0,235.0,247.0,288.0,False,ULTRASOFT,18.0,False,Williams,0 days 01:29:59.177000,,1,,False,,False,True,84.832,84.83200000000001
245,0 days 01:32:48.784000,STR,18,0 days 00:01:24.775000,31.0,4.0,,,30.187,30.569,24.019,0 days 01:31:54.196000,0 days 01:32:24.765000,0 days 01:32:48.784000,273.0,236.0,249.0,289.0,False,ULTRASOFT,19.0,False,Williams,0 days 01:31:24.009000,,1,,False,,False,True,84.775,84.775
246,0 days 01:34:13.186000,STR,18,0 days 00:01:24.402000,32.0,4.0,,,30.09,30.351,23.961,0 days 01:33:18.874000,0 days 01:33:49.225000,0 days 01:34:13.186000,273.0,237.0,246.0,288.0,False,ULTRASOFT,20.0,False,Williams,0 days 01:32:48.784000,,1,,False,,False,True,84.402,84.402
247,0 days 01:35:54.991000,STR,18,0 days 00:01:41.805000,33.0,4.0,,0 days 01:35:53.331000,33.133,35.109,33.563,0 days 01:34:46.319000,0 days 01:35:21.428000,0 days 01:35:54.991000,156.0,217.0,,287.0,False,ULTRASOFT,21.0,False,Williams,0 days 01:34:13.186000,,12,,False,,False,False,101.805,101.805
248,0 days 00:06:54.099000,MAG,20,,1.0,,0 days 00:05:16.501000,0 days 00:06:52.223000,,37.512,28.288,,0 days 00:06:25.825000,0 days 00:06:54.099000,266.0,197.0,,,False,nan,,True,Haas F1 Team,0 days 00:05:16.501000,,,,False,,False,False,,
249,0 days 00:27:48.107000,MAG,20,,2.0,1.0,0 days 00:25:59.239000,,,33.282,26.87,,0 days 00:27:21.292000,0 days 00:27:48.198000,225.0,232.0,252.0,,False,SOFT,2.0,False,Haas F1 Team,0 days 00:06:54.099000,,,,False,,False,False,,
250,0 days 00:29:09.465000,MAG,20,0 days 00:01:21.358000,3.0,1.0,,,29.213,29.44,22.705,0 days 00:28:17.320000,0 days 00:28:46.760000,0 days 00:29:09.465000,270.0,242.0,253.0,295.0,True,SOFT,3.0,False,Haas F1 Team,0 days 00:27:48.107000,,,,False,,False,False,81.358,81.358
251,0 days 00:30:57.782000,MAG,20,0 days 00:01:48.317000,4.0,1.0,,,33.663,40.056,34.598,0 days 00:29:43.128000,0 days 00:30:23.184000,0 days 00:30:57.782000,260.0,127.0,256.0,297.0,False,SOFT,4.0,False,Haas F1 Team,0 days 00:29:09.465000,,,,False,,False,False,108.317,108.317
252,0 days 00:32:31.905000,MAG,20,0 days 00:01:34.123000,5.0,1.0,,,33.778,34.608,25.737,0 days 00:31:31.560000,0 days 00:32:06.168000,0 days 00:32:31.905000,229.0,221.0,254.0,300.0,False,SOFT,5.0,False,Haas F1 Team,0 days 00:30:57.782000,,,,False,,False,False,94.123,94.12299999999999
253,0 days 00:33:52.511000,MAG,20,0 days 00:01:20.606000,6.0,1.0,,,28.789,28.815,23.002,0 days 00:33:00.694000,0 days 00:33:29.509000,0 days 00:33:52.511000,272.0,237.0,256.0,296.0,True,SOFT,6.0,False,Haas F1 Team,0 days 00:32:31.905000,,,,False,,False,False,80.606,80.606
254,0 days 00:35:50.219000,MAG,20,0 days 00:01:57.708000,7.0,1.0,,,38.079,49.03,30.599,0 days 00:34:30.590000,0 days 00:35:19.620000,0 days 00:35:50.219000,179.0,114.0,252.0,299.0,False,SOFT,7.0,False,Haas F1 Team,0 days 00:33:52.511000,,21,,False,,False,True,117.708,117.70800000000001
255,0 days 00:37:22.559000,MAG,20,0 days 00:01:32.340000,8.0,1.0,,,28.807,36.24,27.293,0 days 00:36:19.026000,0 days 00:36:55.266000,0 days 00:37:22.559000,271.0,176.0,252.0,294.0,False,SOFT,8.0,False,Haas F1 Team,0 days 00:35:50.219000,,1,,False,,False,True,92.34,92.34
256,0 days 00:38:42.473000,MAG,20,0 days 00:01:19.914000,9.0,1.0,,,28.672,28.607,22.635,0 days 00:37:51.231000,0 days 00:38:19.838000,0 days 00:38:42.473000,270.0,243.0,254.0,294.0,True,SOFT,9.0,False,Haas F1 Team,0 days 00:37:22.559000,,1,,False,,False,True,79.914,79.914
257,0 days 00:40:50.222000,MAG,20,0 days 00:02:07.749000,10.0,1.0,,,45.576,54.653,27.52,0 days 00:39:28.049000,0 days 00:40:22.702000,0 days 00:40:50.222000,148.0,137.0,253.0,296.0,False,SOFT,10.0,False,Haas F1 Team,0 days 00:38:42.473000,,1,,False,,False,True,127.749,127.749
258,0 days 00:42:21.723000,MAG,20,0 days 00:01:31.501000,11.0,1.0,,0 days 00:42:19.920000,28.719,28.521,34.261,0 days 00:41:18.941000,0 days 00:41:47.462000,0 days 00:42:21.723000,273.0,245.0,,294.0,False,SOFT,11.0,False,Haas F1 Team,0 days 00:40:50.222000,,12,,False,,False,False,91.501,91.501
259,0 days 00:56:22.032000,MAG,20,,12.0,2.0,0 days 00:54:29.740000,,,31.943,34.088,,0 days 00:55:48.009000,0 days 00:56:22.170000,263.0,235.0,254.0,294.0,False,ULTRASOFT,1.0,True,Haas F1 Team,0 days 00:42:21.723000,,1,,False,,False,False,,
260,0 days 00:57:41.339000,MAG,20,0 days 00:01:19.307000,13.0,2.0,,,28.466,28.254,22.587,0 days 00:56:50.498000,0 days 00:57:18.752000,0 days 00:57:41.339000,272.0,247.0,256.0,297.0,True,ULTRASOFT,2.0,True,Haas F1 Team,0 days 00:56:22.032000,,1,,False,,False,True,79.307,79.307
261,0 days 00:59:54.988000,MAG,20,0 days 00:02:13.649000,14.0,2.0,,,46.533,56.555,30.561,0 days 00:58:27.872000,0 days 00:59:24.427000,0 days 00:59:54.988000,123.0,108.0,252.0,288.0,False,ULTRASOFT,3.0,True,Haas F1 Team,0 days 00:57:41.339000,,1,,False,,False,True,133.649,133.649
262,0 days 01:01:36.441000,MAG,20,0 days 00:01:41.453000,15.0,2.0,,,28.493,38.494,34.466,0 days 01:00:23.481000,0 days 01:01:01.975000,0 days 01:01:36.441000,273.0,134.0,253.0,295.0,False,ULTRASOFT,4.0,True,Haas F1 Team,0 days 00:59:54.988000,,12,,False,,False,True,101.453,101.453
263,0 days 01:02:56.123000,MAG,20,0 days 00:01:19.682000,16.0,2.0,,,28.429,28.625,22.628,0 days 01:02:04.870000,0 days 01:02:33.495000,0 days 01:02:56.123000,274.0,245.0,256.0,296.0,False,ULTRASOFT,5.0,True,Haas F1 Team,0 days 01:01:36.441000,,12,,False,,False,True,79.682,79.682
264,0 days 01:05:23.451000,MAG,20,0 days 00:02:27.328000,17.0,2.0,,,50.465,59.674,37.189,0 days 01:03:46.588000,0 days 01:04:46.262000,0 days 01:05:23.451000,119.0,82.0,255.0,283.0,False,ULTRASOFT,6.0,True,Haas F1 Team,0 days 01:02:56.123000,,2,,False,,False,True,147.328,147.328
265,0 days 01:06:42.638000,MAG,20,0 days 00:01:19.187000,18.0,2.0,,,28.419,28.198,22.57,0 days 01:05:51.870000,0 days 01:06:20.068000,0 days 01:06:42.638000,271.0,248.0,257.0,296.0,True,ULTRASOFT,7.0,True,Haas F1 Team,0 days 01:05:23.451000,,21,,False,,False,True,79.187,79.18700000000001
266,0 days 01:09:06.688000,MAG,20,0 days 00:02:24.050000,19.0,2.0,,,48.257,58.364,37.429,0 days 01:07:30.895000,0 days 01:08:29.259000,0 days 01:09:06.688000,135.0,98.0,254.0,302.0,False,ULTRASOFT,8.0,True,Haas F1 Team,0 days 01:06:42.638000,,1,,False,,False,True,144.05,144.05
267,0 days 01:10:26.019000,MAG,20,0 days 00:01:19.331000,20.0,2.0,,,28.463,28.175,22.693,0 days 01:09:35.151000,0 days 01:10:03.326000,0 days 01:10:26.019000,275.0,247.0,255.0,298.0,False,ULTRASOFT,9.0,True,Haas F1 Team,0 days 01:09:06.688000,,1,,False,,False,True,79.331,79.331
268,0 days 01:12:09.231000,MAG,20,0 days 00:01:43.212000,21.0,2.0,,0 days 01:12:07.445000,39.48,34.892,28.84,0 days 01:11:05.499000,0 days 01:11:40.391000,0 days 01:12:09.231000,197.0,197.0,,271.0,False,ULTRASOFT,10.0,True,Haas F1 Team,0 days 01:10:26.019000,,1,,False,,False,False,103.212,103.212
269,0 days 01:24:41.488000,MAG,20,,22.0,3.0,0 days 01:22:52.774000,,,33.887,27.774,,0 days 01:24:13.743000,0 days 01:24:41.608000,274.0,232.0,247.0,271.0,False,ULTRASOFT,11.0,False,Haas F1 Team,0 days 01:12:09.231000,,1,,False,,False,False,,
270,0 days 01:26:04.313000,MAG,20,0 days 00:01:22.825000,23.0,3.0,,,29.34,29.879,23.606,0 days 01:25:10.828000,0 days 01:25:40.707000,0 days 01:26:04.313000,271.0,237.0,249.0,297.0,False,ULTRASOFT,12.0,False,Haas F1 Team,0 days 01:24:41.488000,,1,,False,,False,True,82.825,82.825
271,0 days 01:27:27.627000,MAG,20,0 days 00:01:23.314000,24.0,3.0,,,29.805,30.027,23.482,0 days 01:26:34.118000,0 days 01:27:04.145000,0 days 01:27:27.627000,269.0,237.0,248.0,298.0,False,ULTRASOFT,13.0,False,Haas F1 Team,0 days 01:26:04.313000,,1,,False,,False,True,83.314,83.314
272,0 days 01:28:50.621000,MAG,20,0 days 00:01:22.994000,25.0,3.0,,,29.399,29.938,23.657,0 days 01:27:57.026000,0 days 01:28:26.964000,0 days 01:28:50.621000,273.0,237.0,248.0,295.0,False,ULTRASOFT,14.0,False,Haas F1 Team,0 days 01:27:27.627000,,1,,False,,False,True,82.994,82.994
273,0 days 01:30:14.309000,MAG,20,0 days 00:01:23.688000,26.0,3.0,,,29.623,30.38,23.685,0 days 01:29:20.244000,0 days 01:29:50.624000,0 days 01:30:14.309000,273.0,236.0,248.0,297.0,False,ULTRASOFT,15.0,False,Haas F1 Team,0 days 01:28:50.621000,,1,,False,,False,True,83.688,83.688
274,0 days 01:31:37.668000,MAG,20,0 days 00:01:23.359000,27.0,3.0,,,29.474,30.127,23.758,0 days 01:30:43.783000,0 days 01:31:13.910000,0 days 01:31:37.668000,275.0,237.0,250.0,297.0,False,ULTRASOFT,16.0,False,Haas F1 Team,0 days 01:30:14.309000,,1,,False,,False,True,83.359,83.359
275,0 days 01:33:00.964000,MAG,20,0 days 00:01:23.296000,28.0,3.0,,,29.389,30.162,23.745,0 days 01:32:07.057000,0 days 01:32:37.219000,0 days 01:33:00.964000,275.0,238.0,250.0,297.0,False,ULTRASOFT,17.0,False,Haas F1 Team,0 days 01:31:37.668000,,1,,False,,False,True,83.296,83.296
276,0 days 01:34:46.627000,MAG,20,0 days 00:01:45.663000,29.0,3.0,,0 days 01:34:44.811000,37.745,33.985,33.933,0 days 01:33:38.709000,0 days 01:34:12.694000,0 days 01:34:46.627000,197.0,198.0,,296.0,False,ULTRASOFT,18.0,False,Haas F1 Team,0 days 01:33:00.964000,,1,,False,,False,False,105.663,105.66299999999998
277,0 days 00:07:27.882000,HUL,27,,1.0,,0 days 00:05:38.789000,0 days 00:07:26.038000,,34.854,30.055,,0 days 00:06:57.835000,0 days 00:07:27.882000,224.0,199.0,,,False,nan,,True,Renault,0 days 00:05:38.789000,,,,False,,False,False,,
278,0 days 00:09:59.244000,HUL,27,,2.0,1.0,0 days 00:08:26.277000,0 days 00:09:57.442000,89.139,33.172,29.087,0 days 00:08:56.985000,0 days 00:09:30.176000,0 days 00:09:59.331000,237.0,199.0,,,False,ULTRASOFT,1.0,True,Renault,0 days 00:07:27.882000,,,,False,,False,False,,151.398
279,0 days 00:30:14.583000,HUL,27,,3.0,2.0,0 days 00:28:31.310000,,,40.262,29.518,,0 days 00:29:45.082000,0 days 00:30:14.684000,237.0,167.0,258.0,,False,ULTRASOFT,3.0,False,Renault,0 days 00:09:59.244000,,,,False,,False,False,,
280,0 days 00:31:34.573000,HUL,27,0 days 00:01:19.990000,4.0,2.0,,,28.44,28.639,22.911,0 days 00:30:43.023000,0 days 00:31:11.662000,0 days 00:31:34.573000,281.0,242.0,259.0,301.0,True,ULTRASOFT,4.0,False,Renault,0 days 00:30:14.583000,,,,False,,False,False,79.99,79.99000000000001
281,0 days 00:33:23.372000,HUL,27,0 days 00:01:48.799000,5.0,2.0,,,36.95,40.809,31.04,0 days 00:32:11.523000,0 days 00:32:52.332000,0 days 00:33:23.372000,208.0,163.0,258.0,281.0,False,ULTRASOFT,5.0,False,Renault,0 days 00:31:34.573000,,,,False,,False,False,108.799,108.799
282,0 days 00:34:42.813000,HUL,27,0 days 00:01:19.441000,6.0,2.0,,,28.423,28.34,22.678,0 days 00:33:51.795000,0 days 00:34:20.135000,0 days 00:34:42.813000,280.0,245.0,259.0,303.0,True,ULTRASOFT,6.0,False,Renault,0 days 00:33:23.372000,,,,False,,False,False,79.441,79.441
283,0 days 00:36:40.789000,HUL,27,0 days 00:01:57.976000,7.0,2.0,,,41.679,43.111,33.186,0 days 00:35:24.492000,0 days 00:36:07.603000,0 days 00:36:40.789000,127.0,162.0,254.0,287.0,False,ULTRASOFT,7.0,False,Renault,0 days 00:34:42.813000,,21,,False,,False,True,117.976,117.976
284,0 days 00:38:14.170000,HUL,27,0 days 00:01:33.381000,8.0,2.0,,,28.616,34.978,29.787,0 days 00:37:09.405000,0 days 00:37:44.383000,0 days 00:38:14.170000,281.0,163.0,230.0,299.0,False,ULTRASOFT,8.0,False,Renault,0 days 00:36:40.789000,,1,,False,,False,True,93.381,93.381
285,0 days 00:40:04.529000,HUL,27,0 days 00:01:50.359000,9.0,2.0,,,35.119,40.508,34.732,0 days 00:38:49.289000,0 days 00:39:29.797000,0 days 00:40:04.529000,185.0,168.0,256.0,269.0,False,ULTRASOFT,9.0,False,Renault,0 days 00:38:14.170000,,1,,False,,False,True,110.359,110.35900000000001
286,0 days 00:41:23.554000,HUL,27,0 days 00:01:19.025000,10.0,2.0,,,28.366,28.153,22.506,0 days 00:40:32.895000,0 days 00:41:01.048000,0 days 00:41:23.554000,281.0,245.0,257.0,300.0,True,ULTRASOFT,10.0,False,Renault,0 days 00:40:04.529000,,1,,False,,False,True,79.025,79.025
287,0 days 00:43:04.563000,HUL,27,0 days 00:01:41.009000,11.0,2.0,,0 days 00:43:02.751000,35.612,35.878,29.519,0 days 00:41:59.166000,0 days 00:42:35.044000,0 days 00:43:04.563000,177.0,208.0,,281.0,False,ULTRASOFT,11.0,False,Renault,0 days 00:41:23.554000,,12,,False,,False,False,101.009,101.00900000000001
288,0 days 00:59:46.136000,HUL,27,,12.0,3.0,0 days 00:57:57.630000,,,42.223,31.735,,0 days 00:59:14.401000,0 days 00:59:46.217000,231.0,152.0,254.0,281.0,False,ULTRASOFT,1.0,True,Renault,0 days 00:43:04.563000,,1,,False,,False,False,,
289,0 days 01:01:28.799000,HUL,27,0 days 00:01:42.663000,13.0,3.0,,,28.411,43.751,30.501,0 days 01:00:14.547000,0 days 01:00:58.298000,0 days 01:01:28.799000,276.0,165.0,255.0,297.0,False,ULTRASOFT,2.0,True,Renault,0 days 00:59:46.136000,,12,,False,,False,True,102.663,102.66300000000001
290,0 days 01:22:41.313000,HUL,27,,14.0,3.0,,0 days 01:22:41.313000,28.476,43.751,,0 days 01:01:57.313000,0 days 01:22:42.108000,,282.0,165.0,,297.0,False,ULTRASOFT,3.0,True,Renault,0 days 01:01:28.799000,,12,,False,,False,False,,
291,0 days 00:06:18.877000,HAR,28,,1.0,,0 days 00:04:35.141000,0 days 00:06:17.063000,,38.727,30.971,,0 days 00:05:47.907000,0 days 00:06:18.877000,184.0,139.0,,,False,nan,,True,Toro Rosso,0 days 00:04:35.141000,,,,False,,False,False,,
292,0 days 00:23:05.547000,HAR,28,,2.0,1.0,0 days 00:21:17.512000,,,41.557,28.407,,0 days 00:22:37.162000,0 days 00:23:05.644000,238.0,181.0,245.0,,False,SOFT,2.0,False,Toro Rosso,0 days 00:06:18.877000,,,,False,,False,False,,
293,0 days 00:24:27.726000,HAR,28,0 days 00:01:22.179000,3.0,1.0,,,29.577,29.631,22.971,0 days 00:23:35.124000,0 days 00:24:04.755000,0 days 00:24:27.726000,270.0,235.0,249.0,291.0,True,SOFT,3.0,False,Toro Rosso,0 days 00:23:05.547000,,,,False,,False,False,82.179,82.179
294,0 days 00:26:17.628000,HAR,28,0 days 00:01:49.902000,4.0,1.0,,,36.893,43.407,29.602,0 days 00:25:04.619000,0 days 00:25:48.026000,0 days 00:26:17.628000,218.0,154.0,247.0,281.0,False,SOFT,4.0,False,Toro Rosso,0 days 00:24:27.726000,,,,False,,False,False,109.902,109.902
295,0 days 00:27:38.605000,HAR,28,0 days 00:01:20.977000,5.0,1.0,,,28.988,29.03,22.959,0 days 00:26:46.616000,0 days 00:27:15.646000,0 days 00:27:38.605000,274.0,236.0,250.0,295.0,True,SOFT,5.0,False,Toro Rosso,0 days 00:26:17.628000,,,,False,,False,False,80.977,80.977
296,0 days 00:29:33.227000,HAR,28,0 days 00:01:54.622000,6.0,1.0,,,40.373,43.207,31.042,0 days 00:28:18.978000,0 days 00:29:02.185000,0 days 00:29:33.227000,176.0,153.0,247.0,282.0,False,SOFT,6.0,False,Toro Rosso,0 days 00:27:38.605000,,,,False,,False,False,114.622,114.622
297,0 days 00:30:54.157000,HAR,28,0 days 00:01:20.930000,7.0,1.0,,,28.947,29.023,22.96,0 days 00:30:02.174000,0 days 00:30:31.197000,0 days 00:30:54.157000,274.0,237.0,255.0,297.0,True,SOFT,7.0,False,Toro Rosso,0 days 00:29:33.227000,,,,False,,False,False,80.93,80.93
298,0 days 00:32:57.549000,HAR,28,0 days 00:02:03.392000,8.0,1.0,,,41.663,47.873,33.856,0 days 00:31:35.820000,0 days 00:32:23.693000,0 days 00:32:57.549000,230.0,106.0,250.0,291.0,False,SOFT,8.0,False,Toro Rosso,0 days 00:30:54.157000,,,,False,,False,False,123.392,123.392
299,0 days 00:34:54.695000,HAR,28,0 days 00:01:57.146000,9.0,1.0,,,39.707,48.154,29.285,0 days 00:33:37.256000,0 days 00:34:25.410000,0 days 00:34:54.695000,162.0,94.0,247.0,297.0,False,SOFT,9.0,False,Toro Rosso,0 days 00:32:57.549000,,,,False,,False,False,117.146,117.146
300,0 days 00:36:36.119000,HAR,28,0 days 00:01:41.424000,10.0,1.0,,,29.005,37.475,34.944,0 days 00:35:23.700000,0 days 00:36:01.175000,0 days 00:36:36.119000,276.0,150.0,249.0,295.0,False,SOFT,10.0,False,Toro Rosso,0 days 00:34:54.695000,,21,,False,,False,True,101.424,101.424
301,0 days 00:37:56.783000,HAR,28,0 days 00:01:20.664000,11.0,1.0,,,28.794,28.761,23.109,0 days 00:37:04.913000,0 days 00:37:33.674000,0 days 00:37:56.783000,275.0,241.0,252.0,296.0,True,SOFT,11.0,False,Toro Rosso,0 days 00:36:36.119000,,1,,False,,False,True,80.664,80.664
302,0 days 00:39:58.918000,HAR,28,0 days 00:02:02.135000,12.0,1.0,,,39.371,46.993,35.771,0 days 00:38:36.154000,0 days 00:39:23.147000,0 days 00:39:58.918000,159.0,155.0,250.0,290.0,False,SOFT,12.0,False,Toro Rosso,0 days 00:37:56.783000,,1,,False,,False,True,122.135,122.135
303,0 days 00:41:19.153000,HAR,28,0 days 00:01:20.235000,13.0,1.0,,,28.758,28.744,22.733,0 days 00:40:27.676000,0 days 00:40:56.420000,0 days 00:41:19.153000,274.0,240.0,252.0,296.0,True,SOFT,13.0,False,Toro Rosso,0 days 00:39:58.918000,,1,,False,,False,True,80.235,80.235
304,0 days 00:42:50.649000,HAR,28,0 days 00:01:31.496000,14.0,1.0,,0 days 00:42:48.866000,33.004,32.143,26.349,0 days 00:41:52.157000,0 days 00:42:24.300000,0 days 00:42:50.649000,244.0,223.0,,285.0,False,SOFT,14.0,False,Toro Rosso,0 days 00:41:19.153000,,12,,False,,False,False,91.496,91.496
305,0 days 01:00:03.696000,HAR,28,,15.0,2.0,0 days 00:58:09.618000,,,42.152,34.855,,0 days 00:59:28.856000,0 days 01:00:03.794000,225.0,149.0,245.0,285.0,False,SOFT,1.0,True,Toro Rosso,0 days 00:42:50.649000,,1,,False,,False,False,,
306,0 days 01:01:49.212000,HAR,28,0 days 00:01:45.516000,16.0,2.0,,,37.477,39.99,28.049,0 days 01:00:41.173000,0 days 01:01:21.163000,0 days 01:01:49.212000,231.0,199.0,251.0,294.0,False,SOFT,2.0,True,Toro Rosso,0 days 01:00:03.696000,,12,,False,,False,True,105.516,105.51599999999999
307,0 days 01:03:26.745000,HAR,28,0 days 00:01:37.533000,17.0,2.0,,,29.074,40.01,28.449,0 days 01:02:18.286000,0 days 01:02:58.296000,0 days 01:03:26.745000,272.0,173.0,248.0,296.0,False,SOFT,3.0,True,Toro Rosso,0 days 01:01:49.212000,,12,,False,,False,True,97.533,97.533
308,0 days 01:05:10.589000,HAR,28,0 days 00:01:43.844000,18.0,2.0,,,28.889,45.391,29.564,0 days 01:03:55.634000,0 days 01:04:41.025000,0 days 01:05:10.589000,272.0,192.0,246.0,293.0,False,SOFT,4.0,True,Toro Rosso,0 days 01:03:26.745000,,2,,False,,False,True,103.844,103.844
309,0 days 01:06:40.091000,HAR,28,0 days 00:01:29.502000,19.0,2.0,,,28.903,28.772,31.827,0 days 01:05:39.492000,0 days 01:06:08.264000,0 days 01:06:40.091000,270.0,239.0,211.0,292.0,False,SOFT,5.0,True,Toro Rosso,0 days 01:05:10.589000,,21,,False,,False,True,89.502,89.502
310,0 days 01:08:26.536000,HAR,28,0 days 00:01:46.445000,20.0,2.0,,0 days 01:08:24.752000,38.447,38.589,29.409,0 days 01:07:18.538000,0 days 01:07:57.127000,0 days 01:08:26.536000,230.0,179.0,,257.0,False,SOFT,6.0,True,Toro Rosso,0 days 01:06:40.091000,,1,,False,,False,False,106.445,106.445
311,0 days 01:18:29.295000,HAR,28,,21.0,3.0,0 days 01:16:41.640000,,,42.461,30.943,,0 days 01:17:58.352000,0 days 01:18:29.372000,247.0,157.0,241.0,257.0,False,SOFT,7.0,False,Toro Rosso,0 days 01:08:26.536000,,1,,False,,False,False,,
312,0 days 01:19:49.136000,HAR,28,0 days 00:01:19.841000,22.0,3.0,,,28.965,28.367,22.509,0 days 01:18:58.260000,0 days 01:19:26.627000,0 days 01:19:49.136000,272.0,244.0,251.0,290.0,True,SOFT,8.0,False,Toro Rosso,0 days 01:18:29.295000,,1,,False,,False,True,79.841,79.84100000000001
313,0 days 01:21:41.404000,HAR,28,0 days 00:01:52.268000,23.0,3.0,,,37.152,44.439,30.677,0 days 01:20:26.288000,0 days 01:21:10.727000,0 days 01:21:41.404000,236.0,173.0,249.0,278.0,False,SOFT,9.0,False,Toro Rosso,0 days 01:19:49.136000,,1,,False,,False,True,112.268,112.268
314,0 days 01:23:01.392000,HAR,28,0 days 00:01:19.988000,24.0,3.0,,,28.935,28.397,22.656,0 days 01:22:10.339000,0 days 01:22:38.736000,0 days 01:23:01.392000,273.0,243.0,249.0,293.0,False,SOFT,10.0,False,Toro Rosso,0 days 01:21:41.404000,,1,,False,,False,True,79.988,79.988
315,0 days 01:24:54.917000,HAR,28,0 days 00:01:53.525000,25.0,3.0,,,39.628,45.81,28.087,0 days 01:23:41.020000,0 days 01:24:26.830000,0 days 01:24:54.917000,226.0,175.0,250.0,279.0,False,SOFT,11.0,False,Toro Rosso,0 days 01:23:01.392000,,1,,False,,False,True,113.525,113.525
316,0 days 01:26:15.294000,HAR,28,0 days 00:01:20.377000,26.0,3.0,,,28.741,28.517,23.119,0 days 01:25:23.658000,0 days 01:25:52.175000,0 days 01:26:15.294000,273.0,243.0,249.0,296.0,False,SOFT,12.0,False,Toro Rosso,0 days 01:24:54.917000,,1,,False,,False,True,80.377,80.377
317,0 days 01:28:23.961000,HAR,28,0 days 00:02:08.667000,27.0,3.0,,,41.158,50.5,37.009,0 days 01:26:56.452000,0 days 01:27:46.952000,0 days 01:28:23.961000,188.0,132.0,247.0,299.0,False,SOFT,13.0,False,Toro Rosso,0 days 01:26:15.294000,,1,,False,,False,True,128.667,128.667
318,0 days 01:30:09.822000,HAR,28,0 days 00:01:45.861000,28.0,3.0,,,29.25,46.029,30.582,0 days 01:28:53.211000,0 days 01:29:39.240000,0 days 01:30:09.822000,218.0,172.0,249.0,295.0,False,SOFT,14.0,False,Toro Rosso,0 days 01:28:23.961000,,1,,False,,False,True,105.861,105.86099999999999
319,0 days 01:31:41.847000,HAR,28,0 days 00:01:32.025000,29.0,3.0,,0 days 01:31:40.061000,28.748,33.179,30.098,0 days 01:30:38.570000,0 days 01:31:11.749000,0 days 01:31:41.847000,276.0,198.0,,296.0,False,SOFT,15.0,False,Toro Rosso,0 days 01:30:09.822000,,1,,False,,False,False,92.025,92.025
320,0 days 01:33:41.901000,HAR,28,0 days 00:02:00.054000,30.0,4.0,0 days 01:32:09.642000,,59.171,35.103,25.78,0 days 01:32:41.018000,0 days 01:33:16.121000,0 days 01:33:41.901000,258.0,222.0,250.0,296.0,False,SOFT,16.0,False,Toro Rosso,0 days 01:31:41.847000,,1,,False,,False,False,120.054,120.054
321,0 days 01:35:23.591000,HAR,28,0 days 00:01:41.690000,31.0,4.0,,,28.663,28.559,44.468,0 days 01:34:10.564000,0 days 01:34:39.123000,0 days 01:35:23.591000,275.0,240.0,209.0,295.0,False,SOFT,17.0,False,Toro Rosso,0 days 01:33:41.901000,,12,,False,,False,True,101.69,101.69
322,0 days 01:37:01.903000,HAR,28,0 days 00:01:38.312000,32.0,4.0,,0 days 01:37:00.120000,37.332,34.931,26.049,0 days 01:36:00.923000,0 days 01:36:35.854000,0 days 01:37:01.903000,234.0,212.0,,253.0,False,SOFT,18.0,False,Toro Rosso,0 days 01:35:23.591000,,1,,False,,False,False,98.312,98.31200000000001
323,0 days 00:09:02.474000,OCO,31,,1.0,1.0,0 days 00:07:15.258000,0 days 00:09:00.718000,,42.398,30.458,,0 days 00:08:32.016000,0 days 00:09:02.514000,210.0,169.0,,,False,SOFT,1.0,True,Force India,0 days 00:07:15.258000,,,,False,,False,False,,
324,0 days 00:28:12.943000,OCO,31,,2.0,2.0,0 days 00:26:26.975000,,,33.548,24.924,,0 days 00:27:48.050000,0 days 00:28:15.374000,226.0,230.0,252.0,,False,SOFT,2.0,False,Force India,0 days 00:09:02.474000,,,,False,,False,False,,
325,0 days 00:29:34.344000,OCO,31,0 days 00:01:21.401000,3.0,2.0,,,29.042,29.465,22.894,0 days 00:28:41.985000,0 days 00:29:11.450000,0 days 00:29:34.344000,282.0,241.0,258.0,301.0,True,SOFT,3.0,False,Force India,0 days 00:28:12.943000,,,,False,,False,False,81.401,81.40100000000001
326,0 days 00:31:26.312000,OCO,31,0 days 00:01:51.968000,4.0,2.0,,,44.833,40.507,26.628,0 days 00:30:19.177000,0 days 00:30:59.684000,0 days 00:31:26.312000,151.0,175.0,255.0,269.0,False,SOFT,4.0,False,Force India,0 days 00:29:34.344000,,,,False,,False,False,111.968,111.968
327,0 days 00:32:46.756000,OCO,31,0 days 00:01:20.444000,5.0,2.0,,,28.497,28.788,23.159,0 days 00:31:54.809000,0 days 00:32:23.597000,0 days 00:32:46.756000,281.0,243.0,256.0,302.0,True,SOFT,5.0,False,Force India,0 days 00:31:26.312000,,,,False,,False,False,80.444,80.44399999999999
328,0 days 00:34:42.057000,OCO,31,0 days 00:01:55.301000,6.0,2.0,,,44.949,38.765,31.587,0 days 00:33:31.705000,0 days 00:34:10.470000,0 days 00:34:42.057000,178.0,175.0,214.0,252.0,False,SOFT,6.0,False,Force India,0 days 00:32:46.756000,,,,False,,False,False,115.301,115.301
329,0 days 00:36:31.696000,OCO,31,0 days 00:01:49.639000,7.0,2.0,,,36.691,36.394,36.554,0 days 00:35:18.748000,0 days 00:35:55.142000,0 days 00:36:31.696000,155.0,219.0,255.0,254.0,False,SOFT,7.0,False,Force India,0 days 00:34:42.057000,,21,,False,,False,True,109.639,109.63900000000001
330,0 days 00:37:51.849000,OCO,31,0 days 00:01:20.153000,8.0,2.0,,,28.51,28.576,23.067,0 days 00:37:00.206000,0 days 00:37:28.782000,0 days 00:37:51.849000,283.0,245.0,258.0,301.0,True,SOFT,8.0,False,Force India,0 days 00:36:31.696000,,1,,False,,False,True,80.153,80.15299999999999
331,0 days 00:39:54.485000,OCO,31,0 days 00:02:02.636000,9.0,2.0,,,42.505,44.472,35.659,0 days 00:38:34.354000,0 days 00:39:18.826000,0 days 00:39:54.485000,150.0,174.0,254.0,274.0,False,SOFT,9.0,False,Force India,0 days 00:37:51.849000,,1,,False,,False,True,122.636,122.636
332,0 days 00:41:14.585000,OCO,31,0 days 00:01:20.100000,10.0,2.0,,,28.585,28.776,22.739,0 days 00:40:23.070000,0 days 00:40:51.846000,0 days 00:41:14.585000,282.0,244.0,255.0,302.0,True,SOFT,10.0,False,Force India,0 days 00:39:54.485000,,1,,False,,False,True,80.1,80.10000000000001
333,0 days 00:42:46.501000,OCO,31,0 days 00:01:31.916000,11.0,2.0,,0 days 00:42:44.766000,30.913,33.725,27.278,0 days 00:41:45.498000,0 days 00:42:19.223000,0 days 00:42:46.501000,238.0,199.0,,295.0,False,SOFT,11.0,False,Force India,0 days 00:41:14.585000,,12,,False,,False,False,91.916,91.916
334,0 days 01:02:47.295000,OCO,31,,12.0,3.0,0 days 01:01:02.252000,,,33.538,36.349,,0 days 01:02:10.976000,0 days 01:02:47.416000,134.0,233.0,241.0,295.0,False,MEDIUM,1.0,True,Force India,0 days 00:42:46.501000,,12,,False,,False,False,,
335,0 days 01:04:40.570000,OCO,31,0 days 00:01:53.275000,13.0,3.0,,,34.191,44.684,34.4,0 days 01:03:21.486000,0 days 01:04:06.170000,0 days 01:04:40.570000,179.0,226.0,247.0,237.0,False,MEDIUM,2.0,True,Force India,0 days 01:02:47.295000,,2,,False,,False,True,113.275,113.275
336,0 days 01:06:25.599000,OCO,31,0 days 00:01:45.029000,14.0,3.0,,,30.803,36.012,38.214,0 days 01:05:11.373000,0 days 01:05:47.385000,0 days 01:06:25.599000,262.0,210.0,255.0,300.0,False,MEDIUM,3.0,True,Force India,0 days 01:04:40.570000,,21,,False,,False,True,105.029,105.029
337,0 days 01:07:45.950000,OCO,31,0 days 00:01:20.351000,15.0,3.0,,,28.483,28.979,22.889,0 days 01:06:54.082000,0 days 01:07:23.061000,0 days 01:07:45.950000,282.0,241.0,257.0,304.0,False,MEDIUM,4.0,True,Force India,0 days 01:06:25.599000,,1,,False,,False,True,80.351,80.351
338,0 days 01:09:32.840000,OCO,31,0 days 00:01:46.890000,16.0,3.0,,,35.167,40.646,31.077,0 days 01:08:21.117000,0 days 01:09:01.763000,0 days 01:09:32.840000,173.0,170.0,258.0,299.0,False,MEDIUM,5.0,True,Force India,0 days 01:07:45.950000,,1,,False,,False,True,106.89,106.89
339,0 days 01:10:52.905000,OCO,31,0 days 00:01:20.065000,17.0,3.0,,,28.263,28.717,23.085,0 days 01:10:01.103000,0 days 01:10:29.820000,0 days 01:10:52.905000,287.0,239.0,257.0,307.0,True,MEDIUM,6.0,True,Force India,0 days 01:09:32.840000,,1,,False,,False,True,80.065,80.065
340,0 days 01:12:53.405000,OCO,31,0 days 00:02:00.500000,18.0,3.0,,,40.058,46.046,34.396,0 days 01:11:32.963000,0 days 01:12:19.009000,0 days 01:12:53.405000,132.0,151.0,254.0,274.0,False,MEDIUM,7.0,True,Force India,0 days 01:10:52.905000,,1,,False,,False,True,120.5,120.5
341,0 days 01:14:17.231000,OCO,31,0 days 00:01:23.826000,19.0,3.0,,0 days 01:14:15.524000,28.696,28.781,26.349,0 days 01:13:22.101000,0 days 01:13:50.882000,0 days 01:14:17.231000,284.0,243.0,,301.0,False,MEDIUM,8.0,True,Force India,0 days 01:12:53.405000,,1,,False,,False,False,83.826,83.82600000000001
342,0 days 01:22:36.281000,OCO,31,,20.0,4.0,0 days 01:20:46.648000,,,34.766,25.775,,0 days 01:22:10.515000,0 days 01:22:36.375000,231.0,219.0,245.0,301.0,False,MEDIUM,9.0,False,Force India,0 days 01:14:17.231000,,1,,False,,False,False,,
343,0 days 01:23:59.993000,OCO,31,0 days 00:01:23.712000,21.0,4.0,,,29.82,30.144,23.748,0 days 01:23:06.101000,0 days 01:23:36.245000,0 days 01:23:59.993000,278.0,228.0,248.0,288.0,False,MEDIUM,10.0,False,Force India,0 days 01:22:36.281000,,1,,False,,False,True,83.712,83.712
344,0 days 01:25:23.761000,OCO,31,0 days 00:01:23.768000,22.0,4.0,,,29.644,30.138,23.986,0 days 01:24:29.637000,0 days 01:24:59.775000,0 days 01:25:23.761000,280.0,233.0,248.0,291.0,False,MEDIUM,11.0,False,Force India,0 days 01:23:59.993000,,1,,False,,False,True,83.768,83.768
345,0 days 01:26:48.135000,OCO,31,0 days 00:01:24.374000,23.0,4.0,,,29.822,30.681,23.871,0 days 01:25:53.583000,0 days 01:26:24.264000,0 days 01:26:48.135000,277.0,233.0,248.0,296.0,False,MEDIUM,12.0,False,Force India,0 days 01:25:23.761000,,1,,False,,False,True,84.374,84.374
346,0 days 01:28:12.662000,OCO,31,0 days 00:01:24.527000,24.0,4.0,,,29.693,30.819,24.015,0 days 01:27:17.828000,0 days 01:27:48.647000,0 days 01:28:12.662000,279.0,217.0,248.0,293.0,False,MEDIUM,13.0,False,Force India,0 days 01:26:48.135000,,1,,False,,False,True,84.527,84.527
347,0 days 01:29:36.950000,OCO,31,0 days 00:01:24.288000,25.0,4.0,,,29.843,30.482,23.963,0 days 01:28:42.505000,0 days 01:29:12.987000,0 days 01:29:36.950000,273.0,234.0,248.0,293.0,False,MEDIUM,14.0,False,Force India,0 days 01:28:12.662000,,1,,False,,False,True,84.288,84.28800000000001
348,0 days 01:31:01.348000,OCO,31,0 days 00:01:24.398000,26.0,4.0,,,29.855,30.708,23.835,0 days 01:30:06.805000,0 days 01:30:37.513000,0 days 01:31:01.348000,279.0,235.0,246.0,291.0,False,MEDIUM,15.0,False,Force India,0 days 01:29:36.950000,,1,,False,,False,True,84.398,84.398
349,0 days 01:32:25.415000,OCO,31,0 days 00:01:24.067000,27.0,4.0,,,29.82,30.387,23.86,0 days 01:31:31.168000,0 days 01:32:01.555000,0 days 01:32:25.415000,275.0,232.0,247.0,290.0,False,MEDIUM,16.0,False,Force India,0 days 01:31:01.348000,,1,,False,,False,True,84.067,84.06700000000001
350,0 days 01:33:49.474000,OCO,31,0 days 00:01:24.059000,28.0,4.0,,,29.838,30.37,23.851,0 days 01:32:55.253000,0 days 01:33:25.623000,0 days 01:33:49.474000,276.0,235.0,246.0,290.0,False,MEDIUM,17.0,False,Force India,0 days 01:32:25.415000,,1,,False,,False,True,84.059,84.059
351,0 days 01:35:13.960000,OCO,31,0 days 00:01:24.486000,29.0,4.0,,,29.81,30.466,24.21,0 days 01:34:19.284000,0 days 01:34:49.750000,0 days 01:35:13.960000,276.0,232.0,241.0,290.0,False,MEDIUM,18.0,False,Force India,0 days 01:33:49.474000,,12,,False,,False,True,84.486,84.48599999999999
352,0 days 01:36:50.100000,OCO,31,0 days 00:01:36.140000,30.0,4.0,,0 days 01:36:48.367000,32.113,34.168,29.859,0 days 01:35:46.073000,0 days 01:36:20.241000,0 days 01:36:50.100000,226.0,199.0,,287.0,False,MEDIUM,19.0,False,Force India,0 days 01:35:13.960000,,21,,False,,False,False,96.14,96.14000000000001
353,0 days 00:10:47.129000,VER,33,,1.0,1.0,0 days 00:09:11.831000,,,34.052,27.692,,0 days 00:10:19.546000,0 days 00:10:47.242000,239.0,207.0,252.0,,False,MEDIUM,1.0,True,Red Bull Racing,0 days 00:09:11.831000,,,,False,,False,False,,
354,0 days 00:12:06.409000,VER,33,0 days 00:01:19.280000,2.0,1.0,,,28.703,28.216,22.361,0 days 00:11:15.832000,0 days 00:11:44.048000,0 days 00:12:06.409000,272.0,247.0,252.0,294.0,True,MEDIUM,2.0,True,Red Bull Racing,0 days 00:10:47.129000,,,,False,,False,False,79.28,79.28
355,0 days 00:13:49.364000,VER,33,0 days 00:01:42.955000,3.0,1.0,,,36.858,39.719,26.378,0 days 00:12:43.267000,0 days 00:13:22.986000,0 days 00:13:49.364000,172.0,199.0,253.0,278.0,False,MEDIUM,3.0,True,Red Bull Racing,0 days 00:12:06.409000,,,,False,,False,False,102.955,102.955
356,0 days 00:15:08.622000,VER,33,0 days 00:01:19.258000,4.0,1.0,,,28.525,28.102,22.631,0 days 00:14:17.889000,0 days 00:14:45.991000,0 days 00:15:08.622000,272.0,248.0,251.0,294.0,True,MEDIUM,4.0,True,Red Bull Racing,0 days 00:13:49.364000,,,,False,,False,False,79.258,79.258
357,0 days 00:17:13.760000,VER,33,0 days 00:02:05.138000,5.0,1.0,,,44.402,50.266,30.47,0 days 00:15:53.024000,0 days 00:16:43.290000,0 days 00:17:13.760000,120.0,158.0,253.0,282.0,False,MEDIUM,5.0,True,Red Bull Racing,0 days 00:15:08.622000,,,,False,,False,False,125.138,125.138
358,0 days 00:18:32.537000,VER,33,0 days 00:01:18.777000,6.0,1.0,,,28.491,27.949,22.337,0 days 00:17:42.251000,0 days 00:18:10.200000,0 days 00:18:32.537000,273.0,248.0,253.0,296.0,True,MEDIUM,6.0,True,Red Bull Racing,0 days 00:17:13.760000,,,,False,,False,False,78.777,78.777
359,0 days 00:20:03.924000,VER,33,0 days 00:01:31.387000,7.0,1.0,,0 days 00:20:02.176000,31.398,33.08,26.909,0 days 00:19:03.935000,0 days 00:19:37.015000,0 days 00:20:03.924000,240.0,223.0,,283.0,False,MEDIUM,7.0,True,Red Bull Racing,0 days 00:18:32.537000,,,,False,,False,False,91.387,91.387
360,0 days 00:34:48.322000,VER,33,,8.0,2.0,0 days 00:33:20.715000,,,32.166,24.015,,0 days 00:34:24.324000,0 days 00:34:48.450000,233.0,214.0,245.0,283.0,False,MEDIUM,8.0,False,Red Bull Racing,0 days 00:20:03.924000,,,,False,,False,False,,
361,0 days 00:36:10.196000,VER,33,0 days 00:01:21.874000,9.0,2.0,,,29.474,29.457,22.943,0 days 00:35:17.796000,0 days 00:35:47.253000,0 days 00:36:10.196000,275.0,240.0,246.0,283.0,False,MEDIUM,9.0,False,Red Bull Racing,0 days 00:34:48.322000,,21,,False,,False,True,81.874,81.874
362,0 days 00:37:33.182000,VER,33,0 days 00:01:22.986000,10.0,2.0,,,29.596,30.084,23.306,0 days 00:36:39.792000,0 days 00:37:09.876000,0 days 00:37:33.182000,266.0,221.0,248.0,285.0,False,MEDIUM,10.0,False,Red Bull Racing,0 days 00:36:10.196000,,1,,False,,False,True,82.986,82.986
363,0 days 00:38:55.697000,VER,33,0 days 00:01:22.515000,11.0,2.0,,,30.003,29.436,23.076,0 days 00:38:03.185000,0 days 00:38:32.621000,0 days 00:38:55.697000,265.0,240.0,246.0,290.0,False,MEDIUM,11.0,False,Red Bull Racing,0 days 00:37:33.182000,,1,,False,,False,True,82.515,82.515
364,0 days 00:40:17.232000,VER,33,0 days 00:01:21.535000,12.0,2.0,,,29.389,29.045,23.101,0 days 00:39:25.086000,0 days 00:39:54.131000,0 days 00:40:17.232000,271.0,242.0,246.0,284.0,False,MEDIUM,12.0,False,Red Bull Racing,0 days 00:38:55.697000,,1,,False,,False,True,81.535,81.535
365,0 days 00:41:39.146000,VER,33,0 days 00:01:21.914000,13.0,2.0,,,29.714,29.245,22.955,0 days 00:40:46.946000,0 days 00:41:16.191000,0 days 00:41:39.146000,267.0,241.0,245.0,284.0,False,MEDIUM,13.0,False,Red Bull Racing,0 days 00:40:17.232000,,1,,False,,False,True,81.914,81.914
366,0 days 00:43:16.748000,VER,33,0 days 00:01:37.602000,14.0,2.0,,0 days 00:43:14.986000,39.149,32.589,25.864,0 days 00:42:18.295000,0 days 00:42:50.884000,0 days 00:43:16.748000,240.0,229.0,,284.0,False,MEDIUM,14.0,False,Red Bull Racing,0 days 00:41:39.146000,,12,,False,,False,False,97.602,97.602
367,0 days 01:08:30.877000,VER,33,,15.0,3.0,0 days 01:06:57.341000,,,33.603,30.002,,0 days 01:08:00.924000,0 days 01:08:31.004000,224.0,219.0,254.0,284.0,False,SOFT,1.0,True,Red Bull Racing,0 days 00:43:16.748000,,12,,False,,False,False,,
368,0 days 01:09:48.578000,VER,33,0 days 00:01:17.701000,16.0,3.0,,,28.145,27.566,21.99,0 days 01:08:59.022000,0 days 01:09:26.588000,0 days 01:09:48.578000,273.0,250.0,254.0,296.0,True,SOFT,2.0,True,Red Bull Racing,0 days 01:08:30.877000,,1,,False,,False,True,77.701,77.701
369,0 days 01:11:18.663000,VER,33,0 days 00:01:30.085000,17.0,3.0,,0 days 01:11:16.909000,32.675,30.997,26.413,0 days 01:10:21.253000,0 days 01:10:52.250000,0 days 01:11:18.663000,245.0,228.0,,285.0,False,SOFT,3.0,True,Red Bull Racing,0 days 01:09:48.578000,,1,,False,,False,False,90.085,90.085
370,0 days 01:19:40.600000,VER,33,,18.0,4.0,0 days 01:18:01.445000,,,33.829,24.543,,0 days 01:19:16.156000,0 days 01:19:40.720000,240.0,210.0,243.0,285.0,False,SOFT,4.0,False,Red Bull Racing,0 days 01:11:18.663000,,1,,False,,False,False,,
371,0 days 01:21:02.624000,VER,33,0 days 00:01:22.024000,19.0,4.0,,,29.735,29.194,23.095,0 days 01:20:10.335000,0 days 01:20:39.529000,0 days 01:21:02.624000,270.0,238.0,243.0,279.0,False,SOFT,5.0,False,Red Bull Racing,0 days 01:19:40.600000,,1,,False,,False,True,82.024,82.024
372,0 days 01:22:24.555000,VER,33,0 days 00:01:21.931000,20.0,4.0,,,29.735,29.132,23.064,,0 days 01:22:01.491000,0 days 01:22:24.555000,269.0,241.0,243.0,279.0,False,SOFT,6.0,False,Red Bull Racing,0 days 01:21:02.624000,,1,,False,,False,True,81.931,81.93100000000001
373,0 days 01:23:46.772000,VER,33,0 days 00:01:22.217000,21.0,4.0,,,29.881,29.143,23.193,0 days 01:22:54.436000,0 days 01:23:23.579000,0 days 01:23:46.772000,268.0,238.0,244.0,280.0,False,SOFT,7.0,False,Red Bull Racing,0 days 01:22:24.555000,,1,,False,,False,True,82.217,82.217
374,0 days 01:25:21.020000,VER,33,0 days 00:01:34.248000,22.0,4.0,,,29.643,30.216,34.389,0 days 01:24:16.415000,0 days 01:24:46.631000,0 days 01:25:21.020000,273.0,231.0,244.0,282.0,False,SOFT,8.0,False,Red Bull Racing,0 days 01:23:46.772000,,1,,False,,False,True,94.248,94.248
375,0 days 01:26:43.664000,VER,33,0 days 00:01:22.644000,23.0,4.0,,,29.596,29.498,23.55,0 days 01:25:50.616000,0 days 01:26:20.114000,0 days 01:26:43.664000,272.0,235.0,244.0,285.0,False,SOFT,9.0,False,Red Bull Racing,0 days 01:25:21.020000,,1,,False,,False,True,82.644,82.644
376,0 days 01:28:06.487000,VER,33,0 days 00:01:22.823000,24.0,4.0,,,29.612,29.733,23.478,0 days 01:27:13.276000,0 days 01:27:43.009000,0 days 01:28:06.487000,271.0,235.0,246.0,284.0,False,SOFT,10.0,False,Red Bull Racing,0 days 01:26:43.664000,,1,,False,,False,True,82.823,82.82300000000001
377,0 days 01:29:29.201000,VER,33,0 days 00:01:22.714000,25.0,4.0,,,29.676,29.612,23.426,0 days 01:28:36.163000,0 days 01:29:05.775000,0 days 01:29:29.201000,270.0,236.0,244.0,290.0,False,SOFT,11.0,False,Red Bull Racing,0 days 01:28:06.487000,,1,,False,,False,True,82.714,82.714
378,0 days 01:30:51.576000,VER,33,0 days 00:01:22.375000,26.0,4.0,,,29.597,29.515,23.263,0 days 01:29:58.798000,0 days 01:30:28.313000,0 days 01:30:51.576000,272.0,239.0,244.0,285.0,False,SOFT,12.0,False,Red Bull Racing,0 days 01:29:29.201000,,1,,False,,False,True,82.375,82.375
379,0 days 01:32:13.806000,VER,33,0 days 00:01:22.230000,27.0,4.0,,,29.568,29.322,23.34,0 days 01:31:21.144000,0 days 01:31:50.466000,0 days 01:32:13.806000,270.0,236.0,245.0,284.0,False,SOFT,13.0,False,Red Bull Racing,0 days 01:30:51.576000,,1,,False,,False,True,82.23,82.23
380,0 days 01:33:36.057000,VER,33,0 days 00:01:22.251000,28.0,4.0,,,29.565,29.381,23.305,0 days 01:32:43.371000,0 days 01:33:12.752000,0 days 01:33:36.057000,271.0,238.0,244.0,284.0,False,SOFT,14.0,False,Red Bull Racing,0 days 01:32:13.806000,,1,,False,,False,True,82.251,82.251
381,0 days 01:35:03.612000,VER,33,0 days 00:01:27.555000,29.0,4.0,,0 days 01:35:01.922000,29.744,29.974,27.837,0 days 01:34:05.801000,0 days 01:34:35.775000,0 days 01:35:03.612000,269.0,236.0,,284.0,False,SOFT,15.0,False,Red Bull Racing,0 days 01:33:36.057000,,12,,False,,False,False,87.555,87.555
382,0 days 00:06:45.390000,SIR,35,,1.0,,0 days 00:05:10.233000,,,34.66,25.421,,0 days 00:06:19.995000,0 days 00:06:45.504000,225.0,217.0,238.0,,False,nan,,True,Williams,0 days 00:05:10.233000,,,,False,,False,False,,
383,0 days 00:08:25.057000,SIR,35,0 days 00:01:39.667000,2.0,1.0,,0 days 00:08:23.325000,32.572,36.412,30.683,0 days 00:07:17.962000,0 days 00:07:54.374000,0 days 00:08:25.057000,233.0,179.0,,284.0,False,MEDIUM,1.0,True,Williams,0 days 00:06:45.390000,,,,False,,False,False,99.667,99.667
384,0 days 00:30:20.117000,SIR,35,,3.0,2.0,0 days 00:28:40.303000,,,37.177,31.291,,0 days 00:29:48.871000,0 days 00:30:20.241000,237.0,184.0,256.0,284.0,False,ULTRASOFT,1.0,True,Williams,0 days 00:08:25.057000,,,,False,,False,False,,
385,0 days 00:31:41.290000,SIR,35,0 days 00:01:21.173000,4.0,2.0,,,28.975,29.244,22.954,0 days 00:30:49.092000,0 days 00:31:18.336000,0 days 00:31:41.290000,280.0,241.0,255.0,302.0,True,ULTRASOFT,2.0,True,Williams,0 days 00:30:20.117000,,,,False,,False,False,81.173,81.173
386,0 days 00:34:08.147000,SIR,35,0 days 00:02:26.857000,5.0,2.0,,,48.038,61.337,37.482,0 days 00:32:29.328000,0 days 00:33:30.665000,0 days 00:34:08.147000,95.0,140.0,251.0,263.0,False,ULTRASOFT,3.0,True,Williams,0 days 00:31:41.290000,,,,False,,False,False,146.857,146.857
387,0 days 00:35:29.602000,SIR,35,0 days 00:01:21.455000,6.0,2.0,,,28.846,29.381,23.228,0 days 00:34:36.993000,0 days 00:35:06.374000,0 days 00:35:29.602000,278.0,245.0,254.0,303.0,False,ULTRASOFT,4.0,True,Williams,0 days 00:34:08.147000,,21,,False,,False,True,81.455,81.45500000000001
388,0 days 00:37:50.792000,SIR,35,0 days 00:02:21.190000,7.0,2.0,,,42.814,58.106,40.27,0 days 00:36:12.416000,0 days 00:37:10.522000,0 days 00:37:50.792000,205.0,126.0,254.0,236.0,False,ULTRASOFT,5.0,True,Williams,0 days 00:35:29.602000,,1,,False,,False,True,141.19,141.19
389,0 days 00:39:12.193000,SIR,35,0 days 00:01:21.401000,8.0,2.0,,,29.01,29.279,23.112,0 days 00:38:19.802000,0 days 00:38:49.081000,0 days 00:39:12.193000,282.0,247.0,256.0,304.0,False,ULTRASOFT,6.0,True,Williams,0 days 00:37:50.792000,,1,,False,,False,True,81.401,81.401
390,0 days 00:40:53.859000,SIR,35,0 days 00:01:41.666000,9.0,2.0,,0 days 00:40:52.101000,36.862,35.505,29.299,0 days 00:39:49.055000,0 days 00:40:24.560000,0 days 00:40:53.859000,236.0,179.0,,239.0,False,ULTRASOFT,7.0,True,Williams,0 days 00:39:12.193000,,1,,False,,False,False,101.666,101.666
391,0 days 00:43:06.724000,SIR,35,0 days 00:02:12.865000,10.0,3.0,0 days 00:41:25.468000,0 days 00:43:04.986000,68.22,35.866,28.779,0 days 00:42:02.079000,0 days 00:42:37.945000,0 days 00:43:06.724000,235.0,179.0,,239.0,False,ULTRASOFT,8.0,False,Williams,0 days 00:40:53.859000,,12,,False,,False,False,132.865,132.865
392,0 days 00:53:20.240000,SIR,35,,11.0,4.0,0 days 00:51:39.649000,,,39.393,28.086,,0 days 00:52:52.248000,0 days 00:53:20.376000,257.0,171.0,258.0,239.0,False,ULTRASOFT,1.0,True,Williams,0 days 00:43:06.724000,,1,,False,,False,False,,
393,0 days 00:54:40.951000,SIR,35,0 days 00:01:20.711000,12.0,4.0,,,28.454,29.16,23.097,0 days 00:53:48.694000,0 days 00:54:17.854000,0 days 00:54:40.951000,281.0,217.0,254.0,305.0,True,ULTRASOFT,2.0,True,Williams,0 days 00:53:20.240000,,1,,False,,False,True,80.711,80.71100000000001
394,0 days 00:57:06.359000,SIR,35,0 days 00:02:25.408000,13.0,4.0,,,45.721,63.207,36.48,0 days 00:55:26.672000,0 days 00:56:29.879000,0 days 00:57:06.359000,172.0,97.0,255.0,234.0,False,ULTRASOFT,3.0,True,Williams,0 days 00:54:40.951000,,1,,False,,False,True,145.408,145.408
395,0 days 00:58:26.666000,SIR,35,0 days 00:01:20.307000,14.0,4.0,,,28.844,28.811,22.652,0 days 00:57:35.203000,0 days 00:58:04.014000,0 days 00:58:26.666000,275.0,243.0,255.0,299.0,True,ULTRASOFT,4.0,True,Williams,0 days 00:57:06.359000,,1,,False,,False,True,80.307,80.307
396,0 days 01:00:30.549000,SIR,35,0 days 00:02:03.883000,15.0,4.0,,,43.574,47.601,32.708,0 days 00:59:10.240000,0 days 00:59:57.841000,0 days 01:00:30.549000,244.0,186.0,253.0,253.0,False,ULTRASOFT,5.0,True,Williams,0 days 00:58:26.666000,,12,,False,,False,True,123.883,123.883
397,0 days 01:01:52.224000,SIR,35,0 days 00:01:21.675000,16.0,4.0,,,29.194,29.044,23.437,0 days 01:00:59.743000,0 days 01:01:28.787000,0 days 01:01:52.224000,279.0,244.0,250.0,301.0,False,ULTRASOFT,6.0,True,Williams,0 days 01:00:30.549000,,1,,False,,False,True,81.675,81.675
398,0 days 01:04:20.763000,SIR,35,0 days 00:02:28.539000,17.0,4.0,,,44.493,62.345,41.701,0 days 01:02:36.717000,0 days 01:03:39.062000,0 days 01:04:20.763000,195.0,93.0,254.0,253.0,False,ULTRASOFT,7.0,True,Williams,0 days 01:01:52.224000,,12,,False,,False,True,148.539,148.539
399,0 days 01:06:12.310000,SIR,35,0 days 00:01:51.547000,18.0,4.0,,,28.924,51.39,31.233,0 days 01:04:49.687000,0 days 01:05:41.077000,0 days 01:06:12.310000,277.0,153.0,237.0,300.0,False,ULTRASOFT,8.0,True,Williams,0 days 01:04:20.763000,,21,,False,,False,True,111.547,111.547
400,0 days 01:07:56.362000,SIR,35,0 days 00:01:44.052000,19.0,4.0,,0 days 01:07:54.641000,32.443,42.792,28.817,0 days 01:06:44.753000,0 days 01:07:27.545000,0 days 01:07:56.362000,236.0,179.0,,289.0,False,ULTRASOFT,9.0,True,Williams,0 days 01:06:12.310000,,1,,False,,False,False,104.052,104.05199999999999
401,0 days 01:23:35.788000,SIR,35,,20.0,5.0,0 days 01:21:49.434000,0 days 01:23:34.102000,,39.693,31.662,,0 days 01:23:04.239000,0 days 01:23:35.913000,234.0,179.0,,289.0,False,ULTRASOFT,10.0,False,Williams,0 days 01:07:56.362000,,1,,False,,False,False,,
402,0 days 01:25:53.203000,SIR,35,0 days 00:02:17.415000,21.0,6.0,0 days 01:24:14.136000,,81.734,31.771,23.91,0 days 01:24:57.522000,0 days 01:25:29.293000,0 days 01:25:53.203000,266.0,225.0,247.0,289.0,False,ULTRASOFT,11.0,False,Williams,0 days 01:23:35.788000,,1,,False,,False,False,137.415,137.415
403,0 days 01:27:17.481000,SIR,35,0 days 00:01:24.278000,22.0,6.0,,,29.841,30.628,23.809,0 days 01:26:23.044000,0 days 01:26:53.672000,0 days 01:27:17.481000,269.0,235.0,247.0,288.0,False,ULTRASOFT,12.0,False,Williams,0 days 01:25:53.203000,,1,,False,,False,True,84.278,84.278
404,0 days 01:28:41.762000,SIR,35,0 days 00:01:24.281000,23.0,6.0,,,29.808,30.397,24.076,0 days 01:27:47.289000,0 days 01:28:17.686000,0 days 01:28:41.762000,272.0,236.0,247.0,283.0,False,ULTRASOFT,13.0,False,Williams,0 days 01:27:17.481000,,1,,False,,False,True,84.281,84.281
405,0 days 01:30:06.220000,SIR,35,0 days 00:01:24.458000,24.0,6.0,,,29.866,30.366,24.226,0 days 01:29:11.628000,0 days 01:29:41.994000,0 days 01:30:06.220000,269.0,236.0,246.0,288.0,False,ULTRASOFT,14.0,False,Williams,0 days 01:28:41.762000,,1,,False,,False,True,84.458,84.458
406,0 days 01:31:31.020000,SIR,35,0 days 00:01:24.800000,25.0,6.0,,,30.271,30.38,24.149,0 days 01:30:36.491000,0 days 01:31:06.871000,0 days 01:31:31.020000,270.0,236.0,250.0,287.0,False,ULTRASOFT,15.0,False,Williams,0 days 01:30:06.220000,,1,,False,,False,True,84.8,84.8
407,0 days 01:32:56.111000,SIR,35,0 days 00:01:25.091000,26.0,6.0,,,30.289,30.793,24.009,0 days 01:32:01.309000,0 days 01:32:32.102000,0 days 01:32:56.111000,270.0,236.0,247.0,294.0,False,ULTRASOFT,16.0,False,Williams,0 days 01:31:31.020000,,1,,False,,False,True,85.091,85.09100000000001
408,0 days 01:34:20.510000,SIR,35,0 days 00:01:24.399000,27.0,6.0,,,30.134,30.343,23.922,0 days 01:33:26.245000,0 days 01:33:56.588000,0 days 01:34:20.510000,268.0,236.0,246.0,287.0,False,ULTRASOFT,17.0,False,Williams,0 days 01:32:56.111000,,1,,False,,False,True,84.399,84.399
409,0 days 01:36:02.381000,SIR,35,0 days 00:01:41.871000,28.0,6.0,,0 days 01:35:59.701000,32.962,34.637,34.272,0 days 01:34:53.472000,0 days 01:35:28.109000,0 days 01:36:02.381000,236.0,179.0,,262.0,False,ULTRASOFT,18.0,False,Williams,0 days 01:34:20.510000,,12,,False,,False,False,101.871,101.87100000000001
410,0 days 00:06:05.227000,GIO,36,,1.0,,0 days 00:04:14.664000,0 days 00:06:03.381000,,38.467,33.883,,0 days 00:05:31.390000,0 days 00:06:05.375000,197.0,193.0,,,False,nan,,True,Sauber,0 days 00:04:14.664000,,,,False,,False,False,,
411,0 days 00:08:14.632000,GIO,36,0 days 00:02:09.405000,2.0,,0 days 00:06:25.347000,0 days 00:08:12.996000,62.576,35.892,30.937,0 days 00:07:07.803000,0 days 00:07:43.695000,0 days 00:08:14.632000,197.0,179.0,,,False,nan,,True,Sauber,0 days 00:06:05.227000,,,,False,,False,False,129.405,129.405
412,0 days 00:29:02.885000,GIO,36,,3.0,1.0,0 days 00:27:16.319000,,,35.906,27.247,,0 days 00:28:35.690000,0 days 00:29:03,202.0,206.0,251.0,,False,SOFT,3.0,False,Sauber,0 days 00:08:14.632000,,,,False,,False,False,,
413,0 days 00:30:26.208000,GIO,36,0 days 00:01:23.323000,4.0,1.0,,,29.371,30.553,23.399,0 days 00:29:32.256000,0 days 00:30:02.809000,0 days 00:30:26.208000,279.0,234.0,251.0,296.0,True,SOFT,4.0,False,Sauber,0 days 00:29:02.885000,,,,False,,False,False,83.323,83.32300000000001
414,0 days 00:32:08.799000,GIO,36,0 days 00:01:42.591000,5.0,1.0,,,35.629,38.967,27.995,0 days 00:31:01.837000,0 days 00:31:40.804000,0 days 00:32:08.799000,231.0,194.0,255.0,286.0,False,SOFT,5.0,False,Sauber,0 days 00:30:26.208000,,,,False,,False,False,102.591,102.59100000000001
415,0 days 00:33:49.420000,GIO,36,0 days 00:01:40.621000,6.0,1.0,,,32.686,39.03,28.905,0 days 00:32:41.485000,0 days 00:33:20.515000,0 days 00:33:49.420000,192.0,176.0,253.0,300.0,False,SOFT,6.0,False,Sauber,0 days 00:32:08.799000,,,,False,,False,False,100.621,100.62100000000001
416,0 days 00:35:12.976000,GIO,36,0 days 00:01:23.556000,7.0,1.0,,,29.949,30.234,23.373,0 days 00:34:19.369000,0 days 00:34:49.603000,0 days 00:35:12.976000,276.0,235.0,249.0,299.0,False,SOFT,7.0,False,Sauber,0 days 00:33:49.420000,,,,False,,False,False,83.556,83.55600000000001
417,0 days 00:37:02.301000,GIO,36,0 days 00:01:49.325000,8.0,1.0,,,38.316,41.854,29.155,0 days 00:35:51.292000,0 days 00:36:33.146000,0 days 00:37:02.301000,196.0,182.0,255.0,273.0,False,SOFT,8.0,False,Sauber,0 days 00:35:12.976000,,21,,False,,False,True,109.325,109.325
418,0 days 00:38:26.440000,GIO,36,0 days 00:01:24.139000,9.0,1.0,,,29.657,31.084,23.398,0 days 00:37:31.958000,0 days 00:38:03.042000,0 days 00:38:26.440000,272.0,234.0,255.0,298.0,False,SOFT,9.0,False,Sauber,0 days 00:37:02.301000,,1,,False,,False,True,84.139,84.139
419,0 days 00:40:15.670000,GIO,36,0 days 00:01:49.230000,10.0,1.0,,0 days 00:40:13.770000,38.452,38.025,32.753,0 days 00:39:04.892000,0 days 00:39:42.917000,0 days 00:40:15.670000,200.0,201.0,,275.0,False,SOFT,10.0,False,Sauber,0 days 00:38:26.440000,,1,,False,,False,False,109.23,109.23
420,0 days 00:42:24.208000,GIO,36,0 days 00:02:08.538000,11.0,2.0,0 days 00:40:43.554000,0 days 00:42:22.576000,63.632,34.705,30.201,0 days 00:41:19.302000,0 days 00:41:54.007000,0 days 00:42:24.208000,221.0,207.0,,275.0,False,SOFT,11.0,False,Sauber,0 days 00:40:15.670000,,12,,False,,False,False,128.538,128.53799999999998
421,0 days 00:57:15.531000,GIO,36,,12.0,3.0,0 days 00:55:32.416000,,,40.538,28.454,,0 days 00:56:47.093000,0 days 00:57:15.641000,243.0,183.0,257.0,275.0,False,ULTRASOFT,1.0,True,Sauber,0 days 00:42:24.208000,,1,,False,,False,False,,
422,0 days 00:58:35.824000,GIO,36,0 days 00:01:20.293000,13.0,3.0,,,28.709,28.985,22.599,0 days 00:57:44.240000,0 days 00:58:13.225000,0 days 00:58:35.824000,281.0,244.0,254.0,302.0,True,ULTRASOFT,2.0,True,Sauber,0 days 00:57:15.531000,,1,,False,,False,True,80.293,80.293
423,0 days 01:00:41.677000,GIO,36,0 days 00:02:05.853000,14.0,3.0,,,37.866,52.171,35.816,0 days 00:59:13.690000,0 days 01:00:05.861000,0 days 01:00:41.677000,159.0,133.0,255.0,280.0,False,ULTRASOFT,3.0,True,Sauber,0 days 00:58:35.824000,,12,,False,,False,True,125.853,125.85300000000001
424,0 days 01:02:25.408000,GIO,36,0 days 00:01:43.731000,15.0,3.0,,,32.449,42.496,28.786,0 days 01:01:14.126000,0 days 01:01:56.622000,0 days 01:02:25.408000,186.0,135.0,254.0,299.0,False,ULTRASOFT,4.0,True,Sauber,0 days 01:00:41.677000,,1,,False,,False,True,103.731,103.731
425,0 days 01:04:05.655000,GIO,36,0 days 00:01:40.247000,16.0,3.0,,,29.109,40.419,30.719,0 days 01:02:54.517000,0 days 01:03:34.936000,0 days 01:04:05.655000,281.0,181.0,213.0,295.0,False,ULTRASOFT,5.0,True,Sauber,0 days 01:02:25.408000,,12,,False,,False,True,100.247,100.24699999999999
426,0 days 01:05:56.705000,GIO,36,0 days 00:01:51.050000,17.0,3.0,,,37.416,43.065,30.569,0 days 01:04:43.071000,0 days 01:05:26.136000,0 days 01:05:56.705000,225.0,184.0,256.0,248.0,False,ULTRASOFT,6.0,True,Sauber,0 days 01:04:05.655000,,21,,False,,False,True,111.05,111.05
427,0 days 01:07:17.339000,GIO,36,0 days 00:01:20.634000,18.0,3.0,,,28.898,28.904,22.832,0 days 01:06:25.603000,0 days 01:06:54.507000,0 days 01:07:17.339000,280.0,244.0,252.0,299.0,False,ULTRASOFT,7.0,True,Sauber,0 days 01:05:56.705000,,1,,False,,False,True,80.634,80.634
428,0 days 01:09:15.719000,GIO,36,0 days 00:01:58.380000,19.0,3.0,,,42.686,42.473,33.221,0 days 01:08:00.025000,0 days 01:08:42.498000,0 days 01:09:15.719000,202.0,193.0,255.0,279.0,False,ULTRASOFT,8.0,True,Sauber,0 days 01:07:17.339000,,1,,False,,False,True,118.38,118.38
429,0 days 01:10:47.187000,GIO,36,0 days 00:01:31.468000,20.0,3.0,,,28.653,32.197,30.618,0 days 01:09:44.372000,0 days 01:10:16.569000,0 days 01:10:47.187000,280.0,180.0,220.0,302.0,False,ULTRASOFT,9.0,True,Sauber,0 days 01:09:15.719000,,1,,False,,False,True,91.468,91.468
430,0 days 01:12:34.572000,GIO,36,0 days 00:01:47.385000,21.0,3.0,,,36.286,40.986,30.113,0 days 01:11:23.473000,0 days 01:12:04.459000,0 days 01:12:34.572000,220.0,164.0,259.0,254.0,False,ULTRASOFT,10.0,True,Sauber,0 days 01:10:47.187000,,1,,False,,False,True,107.385,107.38499999999999
431,0 days 01:13:55.716000,GIO,36,0 days 00:01:21.144000,22.0,3.0,,,28.871,29.218,23.055,0 days 01:13:03.443000,0 days 01:13:32.661000,0 days 01:13:55.716000,280.0,241.0,255.0,300.0,False,ULTRASOFT,11.0,True,Sauber,0 days 01:12:34.572000,,1,,False,,False,True,81.144,81.144
432,0 days 01:15:38.556000,GIO,36,0 days 00:01:42.840000,23.0,3.0,,0 days 01:15:36.901000,34.066,37.252,31.522,0 days 01:14:29.782000,0 days 01:15:07.034000,0 days 01:15:38.556000,211.0,198.0,,279.0,False,ULTRASOFT,12.0,True,Sauber,0 days 01:13:55.716000,,1,,False,,False,False,102.84,102.84
433,0 days 01:25:39.038000,GIO,36,,24.0,4.0,0 days 01:24:07.626000,,,33.395,26.109,,0 days 01:25:12.959000,0 days 01:25:39.158000,224.0,203.0,252.0,279.0,False,ULTRASOFT,13.0,False,Sauber,0 days 01:15:38.556000,,1,,False,,False,False,,
434,0 days 01:27:01.999000,GIO,36,0 days 00:01:22.961000,25.0,4.0,,,29.48,30.045,23.436,0 days 01:26:08.518000,0 days 01:26:38.563000,0 days 01:27:01.999000,276.0,237.0,253.0,290.0,False,ULTRASOFT,14.0,False,Sauber,0 days 01:25:39.038000,,1,,False,,False,True,82.961,82.96100000000001
435,0 days 01:28:29.887000,GIO,36,0 days 00:01:27.888000,26.0,4.0,,,29.587,34.495,23.806,0 days 01:27:31.586000,0 days 01:28:06.081000,0 days 01:28:29.887000,277.0,230.0,251.0,288.0,False,ULTRASOFT,15.0,False,Sauber,0 days 01:27:01.999000,,1,,False,,False,True,87.888,87.88799999999999
436,0 days 01:29:53.815000,GIO,36,0 days 00:01:23.928000,27.0,4.0,,,29.741,30.619,23.568,0 days 01:28:59.628000,0 days 01:29:30.247000,0 days 01:29:53.815000,276.0,237.0,250.0,292.0,False,ULTRASOFT,16.0,False,Sauber,0 days 01:28:29.887000,,1,,False,,False,True,83.928,83.928
437,0 days 01:31:17.891000,GIO,36,0 days 00:01:24.076000,28.0,4.0,,,29.912,30.487,23.677,0 days 01:30:23.727000,0 days 01:30:54.214000,0 days 01:31:17.891000,275.0,234.0,252.0,287.0,False,ULTRASOFT,17.0,False,Sauber,0 days 01:29:53.815000,,1,,False,,False,True,84.076,84.076
438,0 days 01:32:41.811000,GIO,36,0 days 00:01:23.920000,29.0,4.0,,,29.817,30.394,23.709,0 days 01:31:47.708000,0 days 01:32:18.102000,0 days 01:32:41.811000,278.0,236.0,251.0,294.0,False,ULTRASOFT,18.0,False,Sauber,0 days 01:31:17.891000,,1,,False,,False,True,83.92,83.92
439,0 days 01:34:06.013000,GIO,36,0 days 00:01:24.202000,30.0,4.0,,,29.852,30.632,23.718,0 days 01:33:11.663000,0 days 01:33:42.295000,0 days 01:34:06.013000,277.0,234.0,251.0,288.0,False,ULTRASOFT,19.0,False,Sauber,0 days 01:32:41.811000,,1,,False,,False,True,84.202,84.202
440,0 days 01:35:51.541000,GIO,36,0 days 00:01:45.528000,31.0,4.0,,0 days 01:35:49.877000,36.269,35.769,33.49,0 days 01:34:42.282000,0 days 01:35:18.051000,0 days 01:35:51.541000,197.0,198.0,,286.0,False,ULTRASOFT,20.0,False,Sauber,0 days 01:34:06.013000,,12,,False,,False,False,105.528,105.52799999999999
441,0 days 00:11:06.399000,HAM,44,,1.0,1.0,0 days 00:09:22.939000,0 days 00:11:04.556000,,40.387,31.385,,0 days 00:10:35.026000,0 days 00:11:06.399000,211.0,207.0,,,False,SOFT,1.0,True,Mercedes,0 days 00:09:22.939000,,,,False,,False,False,,
442,0 days 00:25:59.269000,HAM,44,,2.0,2.0,0 days 00:24:29.025000,,,33.319,24.8,,0 days 00:25:34.539000,0 days 00:25:59.392000,252.0,230.0,255.0,,False,SOFT,2.0,False,Mercedes,0 days 00:11:06.399000,,,,False,,False,False,,
443,0 days 00:27:18.667000,HAM,44,0 days 00:01:19.398000,3.0,2.0,,,28.485,28.355,22.558,0 days 00:26:27.754000,0 days 00:26:56.109000,0 days 00:27:18.667000,282.0,247.0,257.0,301.0,True,SOFT,3.0,False,Mercedes,0 days 00:25:59.269000,,,,False,,False,False,79.398,79.398
444,0 days 00:29:19.327000,HAM,44,0 days 00:02:00.660000,4.0,2.0,,,37.841,47.776,35.043,0 days 00:27:56.508000,0 days 00:28:44.284000,0 days 00:29:19.327000,168.0,188.0,259.0,301.0,False,SOFT,4.0,False,Mercedes,0 days 00:27:18.667000,,,,False,,False,False,120.66,120.66
445,0 days 00:30:52.980000,HAM,44,0 days 00:01:33.653000,5.0,2.0,,,28.19,33.644,31.819,0 days 00:29:47.517000,0 days 00:30:21.161000,0 days 00:30:52.980000,287.0,187.0,259.0,307.0,False,SOFT,5.0,False,Mercedes,0 days 00:29:19.327000,,,,False,,False,False,93.653,93.653
446,0 days 00:32:11.770000,HAM,44,0 days 00:01:18.790000,6.0,2.0,,,28.092,28.126,22.572,0 days 00:31:21.072000,0 days 00:31:49.198000,0 days 00:32:11.770000,285.0,249.0,257.0,308.0,True,SOFT,6.0,False,Mercedes,0 days 00:30:52.980000,,,,False,,False,False,78.79,78.79
447,0 days 00:34:34.721000,HAM,44,0 days 00:02:22.951000,7.0,2.0,,,52.558,58.591,31.802,0 days 00:33:04.328000,0 days 00:34:02.919000,0 days 00:34:34.721000,122.0,201.0,256.0,301.0,False,SOFT,7.0,False,Mercedes,0 days 00:32:11.770000,,,,False,,False,False,142.951,142.951
448,0 days 00:36:24.013000,HAM,44,0 days 00:01:49.292000,8.0,2.0,,0 days 00:36:22.222000,40.012,39.678,29.602,0 days 00:35:14.733000,0 days 00:35:54.411000,0 days 00:36:24.013000,165.0,192.0,,303.0,False,SOFT,8.0,False,Mercedes,0 days 00:34:34.721000,,21,,False,,False,False,109.292,109.292
449,0 days 00:57:37.459000,HAM,44,,9.0,3.0,0 days 00:56:01.059000,,,34.053,32.032,,0 days 00:57:05.470000,0 days 00:57:37.566000,252.0,228.0,258.0,303.0,False,SOFT,1.0,True,Mercedes,0 days 00:36:24.013000,,12,,False,,False,False,,
450,0 days 00:58:55.495000,HAM,44,0 days 00:01:18.036000,10.0,3.0,,,28.126,27.787,22.123,0 days 00:58:05.585000,0 days 00:58:33.372000,0 days 00:58:55.495000,285.0,249.0,257.0,305.0,True,SOFT,2.0,True,Mercedes,0 days 00:57:37.459000,,1,,False,,False,True,78.036,78.036
451,0 days 01:01:00.642000,HAM,44,0 days 00:02:05.147000,11.0,3.0,,,50.6,38.92,35.627,0 days 00:59:46.095000,0 days 01:00:25.015000,0 days 01:01:00.642000,189.0,178.0,257.0,292.0,False,SOFT,3.0,True,Mercedes,0 days 00:58:55.495000,,12,,False,,False,True,125.147,125.14700000000002
452,0 days 01:02:35.014000,HAM,44,0 days 00:01:34.372000,12.0,3.0,,,29.999,38.006,26.367,0 days 01:01:30.641000,0 days 01:02:08.647000,0 days 01:02:35.014000,254.0,199.0,256.0,303.0,False,SOFT,4.0,True,Mercedes,0 days 01:01:00.642000,,12,,False,,False,True,94.372,94.372
453,0 days 01:04:31.989000,HAM,44,0 days 00:01:56.975000,13.0,3.0,,,28.522,54.939,33.514,0 days 01:03:03.536000,0 days 01:03:58.475000,0 days 01:04:31.989000,205.0,97.0,257.0,303.0,False,SOFT,5.0,True,Mercedes,0 days 01:02:35.014000,,2,,False,,False,True,116.975,116.975
454,0 days 01:06:02.063000,HAM,44,0 days 00:01:30.074000,14.0,3.0,,,28.179,36.078,25.817,0 days 01:05:00.168000,0 days 01:05:36.246000,0 days 01:06:02.063000,251.0,180.0,257.0,304.0,False,SOFT,6.0,True,Mercedes,0 days 01:04:31.989000,,21,,False,,False,True,90.074,90.07400000000001
455,0 days 01:07:37.838000,HAM,44,0 days 00:01:35.775000,15.0,3.0,,,30.613,37.737,27.425,0 days 01:06:32.676000,0 days 01:07:10.413000,0 days 01:07:37.838000,256.0,230.0,258.0,305.0,False,SOFT,7.0,True,Mercedes,0 days 01:06:02.063000,,1,,False,,False,True,95.775,95.77499999999999
456,0 days 01:09:13.258000,HAM,44,0 days 00:01:35.420000,16.0,3.0,,,30.062,35.101,30.257,0 days 01:08:07.900000,0 days 01:08:43.001000,0 days 01:09:13.258000,246.0,226.0,257.0,306.0,False,SOFT,8.0,True,Mercedes,0 days 01:07:37.838000,,1,,False,,False,True,95.42,95.42
457,0 days 01:10:44.514000,HAM,44,0 days 00:01:31.256000,17.0,3.0,,,28.003,33.295,29.958,0 days 01:09:41.261000,0 days 01:10:14.556000,0 days 01:10:44.514000,285.0,164.0,258.0,306.0,False,SOFT,9.0,True,Mercedes,0 days 01:09:13.258000,,1,,False,,False,True,91.256,91.256
458,0 days 01:12:30.024000,HAM,44,0 days 00:01:45.510000,18.0,3.0,,,27.952,39.957,37.601,0 days 01:11:12.466000,0 days 01:11:52.423000,0 days 01:12:30.024000,286.0,127.0,260.0,304.0,False,SOFT,10.0,True,Mercedes,0 days 01:10:44.514000,,1,,False,,False,True,105.51,105.51
459,0 days 01:13:57.461000,HAM,44,0 days 00:01:27.437000,19.0,3.0,,0 days 01:13:55.674000,28.007,29.838,29.592,0 days 01:12:58.031000,0 days 01:13:27.869000,0 days 01:13:57.461000,287.0,166.0,,308.0,False,SOFT,11.0,True,Mercedes,0 days 01:12:30.024000,,1,,False,,False,False,87.437,87.437
460,0 days 01:25:09.195000,HAM,44,,20.0,4.0,0 days 01:23:43.447000,,,31.521,24.129,,0 days 01:24:45.090000,0 days 01:25:09.313000,256.0,224.0,249.0,308.0,False,SOFT,12.0,False,Mercedes,0 days 01:13:57.461000,,1,,False,,False,False,,
461,0 days 01:26:33.814000,HAM,44,0 days 00:01:24.619000,21.0,4.0,,,29.356,30.694,24.569,0 days 01:25:38.551000,0 days 01:26:09.245000,0 days 01:26:33.814000,278.0,236.0,247.0,290.0,False,SOFT,13.0,False,Mercedes,0 days 01:25:09.195000,,1,,False,,False,True,84.619,84.619
462,0 days 01:27:56.677000,HAM,44,0 days 00:01:22.863000,22.0,4.0,,,29.539,29.84,23.484,0 days 01:27:03.353000,0 days 01:27:33.193000,0 days 01:27:56.677000,275.0,238.0,247.0,289.0,False,SOFT,14.0,False,Mercedes,0 days 01:26:33.814000,,1,,False,,False,True,82.863,82.863
463,0 days 01:29:19.724000,HAM,44,0 days 00:01:23.047000,23.0,4.0,,,29.535,30.071,23.441,0 days 01:28:26.212000,0 days 01:28:56.283000,0 days 01:29:19.724000,276.0,236.0,247.0,296.0,False,SOFT,15.0,False,Mercedes,0 days 01:27:56.677000,,1,,False,,False,True,83.047,83.047
464,0 days 01:30:42.338000,HAM,44,0 days 00:01:22.614000,24.0,4.0,,,29.526,29.768,23.32,0 days 01:29:49.250000,0 days 01:30:19.018000,0 days 01:30:42.338000,278.0,239.0,246.0,291.0,False,SOFT,16.0,False,Mercedes,0 days 01:29:19.724000,,1,,False,,False,True,82.614,82.614
465,0 days 01:32:04.667000,HAM,44,0 days 00:01:22.329000,25.0,4.0,,,29.478,29.532,23.319,0 days 01:31:11.816000,0 days 01:31:41.348000,0 days 01:32:04.667000,278.0,238.0,248.0,289.0,False,SOFT,17.0,False,Mercedes,0 days 01:30:42.338000,,1,,False,,False,True,82.329,82.32900000000001
466,0 days 01:33:29.772000,HAM,44,0 days 00:01:25.105000,26.0,4.0,,,29.397,29.763,25.945,0 days 01:32:34.064000,0 days 01:33:03.827000,0 days 01:33:29.772000,280.0,239.0,248.0,291.0,False,SOFT,18.0,False,Mercedes,0 days 01:32:04.667000,,1,,False,,False,True,85.105,85.10499999999999
467,0 days 01:34:52.131000,HAM,44,0 days 00:01:22.359000,27.0,4.0,,,29.41,29.612,23.337,0 days 01:33:59.182000,0 days 01:34:28.794000,0 days 01:34:52.131000,278.0,239.0,247.0,291.0,False,SOFT,19.0,False,Mercedes,0 days 01:33:29.772000,,1,,False,,False,True,82.359,82.359
468,0 days 01:36:24.112000,HAM,44,0 days 00:01:31.981000,28.0,4.0,,0 days 01:36:21.867000,34.177,30.629,27.175,0 days 01:35:26.308000,0 days 01:35:56.937000,0 days 01:36:24.112000,243.0,238.0,,290.0,False,SOFT,20.0,False,Mercedes,0 days 01:34:52.131000,,12,,False,,False,False,91.981,91.981
469,0 days 00:07:02.755000,SAI,55,,1.0,,0 days 00:05:04.957000,0 days 00:07:00.895000,,37.544,29.884,,0 days 00:06:32.880000,0 days 00:07:02.755000,225.0,162.0,,,False,nan,,True,Renault,0 days 00:05:04.957000,,,,False,,False,False,,
470,0 days 00:23:58.924000,SAI,55,,2.0,1.0,0 days 00:22:11.953000,,,34.794,24.775,,0 days 00:23:34.193000,0 days 00:23:59.039000,234.0,230.0,256.0,,False,ULTRASOFT,2.0,False,Renault,0 days 00:07:02.755000,,,,False,,False,False,,
471,0 days 00:25:19.172000,SAI,55,0 days 00:01:20.248000,3.0,1.0,,,28.426,28.73,23.092,0 days 00:24:27.350000,0 days 00:24:56.080000,0 days 00:25:19.172000,278.0,241.0,254.0,297.0,True,ULTRASOFT,3.0,False,Renault,0 days 00:23:58.924000,,,,False,,False,False,80.248,80.24799999999999
472,0 days 00:27:15.728000,SAI,55,0 days 00:01:56.556000,4.0,1.0,,,38.485,50.001,28.07,0 days 00:25:57.657000,0 days 00:26:47.658000,0 days 00:27:15.728000,200.0,193.0,253.0,284.0,False,ULTRASOFT,4.0,False,Renault,0 days 00:25:19.172000,,,,False,,False,False,116.556,116.55599999999998
473,0 days 00:28:35.213000,SAI,55,0 days 00:01:19.485000,5.0,1.0,,,28.379,28.619,22.487,0 days 00:27:44.107000,0 days 00:28:12.726000,0 days 00:28:35.213000,280.0,244.0,253.0,298.0,True,ULTRASOFT,5.0,False,Renault,0 days 00:27:15.728000,,,,False,,False,False,79.485,79.485
474,0 days 00:30:40.561000,SAI,55,0 days 00:02:05.348000,6.0,1.0,,,42.497,53.354,29.497,0 days 00:29:17.710000,0 days 00:30:11.064000,0 days 00:30:40.561000,164.0,168.0,254.0,282.0,False,ULTRASOFT,6.0,False,Renault,0 days 00:28:35.213000,,,,False,,False,False,125.348,125.348
475,0 days 00:32:00.470000,SAI,55,0 days 00:01:19.909000,7.0,1.0,,,28.391,28.705,22.813,0 days 00:31:08.952000,0 days 00:31:37.657000,0 days 00:32:00.470000,280.0,244.0,256.0,300.0,False,ULTRASOFT,7.0,False,Renault,0 days 00:30:40.561000,,,,False,,False,False,79.909,79.90899999999999
476,0 days 00:34:14.640000,SAI,55,0 days 00:02:14.170000,8.0,1.0,,,44.024,51.456,38.69,0 days 00:32:44.494000,0 days 00:33:35.950000,0 days 00:34:14.640000,173.0,106.0,256.0,283.0,False,ULTRASOFT,8.0,False,Renault,0 days 00:32:00.470000,,,,False,,False,False,134.17,134.17000000000002
477,0 days 00:35:34.034000,SAI,55,0 days 00:01:19.394000,9.0,1.0,,,28.375,28.371,22.648,0 days 00:34:43.015000,0 days 00:35:11.386000,0 days 00:35:34.034000,280.0,247.0,254.0,301.0,True,ULTRASOFT,9.0,False,Renault,0 days 00:34:14.640000,,21,,False,,False,True,79.394,79.39399999999999
478,0 days 00:37:55.704000,SAI,55,0 days 00:02:21.670000,10.0,1.0,,,46.798,56.296,38.576,0 days 00:36:20.832000,0 days 00:37:17.128000,0 days 00:37:55.704000,134.0,175.0,257.0,280.0,False,ULTRASOFT,10.0,False,Renault,0 days 00:35:34.034000,,1,,False,,False,True,141.67,141.67
479,0 days 00:39:22.162000,SAI,55,0 days 00:01:26.458000,11.0,1.0,,0 days 00:39:20.383000,28.445,31.43,26.583,0 days 00:38:24.149000,0 days 00:38:55.579000,0 days 00:39:22.162000,282.0,230.0,,302.0,False,ULTRASOFT,11.0,False,Renault,0 days 00:37:55.704000,,1,,False,,False,False,86.458,86.458
480,0 days 00:55:57.461000,SAI,55,,12.0,2.0,0 days 00:54:22.941000,,,36.638,25.76,,0 days 00:55:31.713000,0 days 00:55:57.543000,212.0,191.0,257.0,302.0,False,ULTRASOFT,1.0,True,Renault,0 days 00:39:22.162000,,12,,False,,False,False,,
481,0 days 00:57:16.589000,SAI,55,0 days 00:01:19.128000,13.0,2.0,,,28.227,28.181,22.72,0 days 00:56:25.688000,0 days 00:56:53.869000,0 days 00:57:16.589000,280.0,244.0,257.0,297.0,True,ULTRASOFT,2.0,True,Renault,0 days 00:55:57.461000,,1,,False,,False,True,79.128,79.128
482,0 days 00:59:21.170000,SAI,55,0 days 00:02:04.581000,14.0,2.0,,,43.728,49.639,31.214,0 days 00:58:00.317000,0 days 00:58:49.956000,0 days 00:59:21.170000,184.0,128.0,254.0,287.0,False,ULTRASOFT,3.0,True,Renault,0 days 00:57:16.589000,,1,,False,,False,True,124.581,124.581
483,0 days 01:01:08.263000,SAI,55,0 days 00:01:47.093000,15.0,2.0,,,36.791,43.911,26.391,0 days 00:59:57.961000,0 days 01:00:41.872000,0 days 01:01:08.263000,206.0,216.0,255.0,295.0,False,ULTRASOFT,4.0,True,Renault,0 days 00:59:21.170000,,12,,False,,False,True,107.093,107.09299999999999
484,0 days 01:02:41.680000,SAI,55,0 days 00:01:33.417000,16.0,2.0,,,28.4,33.175,31.842,0 days 01:01:36.663000,0 days 01:02:09.838000,0 days 01:02:41.680000,282.0,201.0,232.0,297.0,False,ULTRASOFT,5.0,True,Renault,0 days 01:01:08.263000,,12,,False,,False,True,93.417,93.417
485,0 days 01:04:42.917000,SAI,55,0 days 00:02:01.237000,17.0,2.0,,,39.082,45.436,36.719,0 days 01:03:20.762000,0 days 01:04:06.198000,0 days 01:04:42.917000,179.0,156.0,224.0,276.0,False,ULTRASOFT,6.0,True,Renault,0 days 01:02:41.680000,,2,,False,,False,True,121.237,121.237
486,0 days 01:06:35.218000,SAI,55,0 days 00:01:52.301000,18.0,2.0,,,31.327,38.39,42.584,0 days 01:05:14.244000,0 days 01:05:52.634000,0 days 01:06:35.218000,223.0,214.0,256.0,285.0,False,ULTRASOFT,7.0,True,Renault,0 days 01:04:42.917000,,21,,False,,False,True,112.301,112.301
487,0 days 01:08:02.547000,SAI,55,0 days 00:01:27.329000,19.0,2.0,,0 days 01:08:00.721000,28.23,29.881,29.218,0 days 01:07:03.448000,0 days 01:07:33.329000,0 days 01:08:02.547000,279.0,219.0,,299.0,False,ULTRASOFT,8.0,True,Renault,0 days 01:06:35.218000,,1,,False,,False,False,87.329,87.32900000000001
488,0 days 01:10:50.930000,SAI,55,,20.0,3.0,0 days 01:08:51.317000,,93.954,42.318,32.14,0 days 01:09:36.495000,0 days 01:10:18.827000,0 days 01:10:51.047000,200.0,205.0,255.0,299.0,False,ULTRASOFT,9.0,False,Renault,0 days 01:08:02.547000,,1,,False,,False,False,,168.41199999999998
489,0 days 01:12:10.749000,SAI,55,0 days 00:01:19.819000,21.0,3.0,,,28.464,28.463,22.892,0 days 01:11:19.394000,0 days 01:11:47.857000,0 days 01:12:10.749000,281.0,243.0,255.0,299.0,False,ULTRASOFT,10.0,False,Renault,0 days 01:10:50.930000,,1,,False,,False,True,79.819,79.819
490,0 days 01:14:06.835000,SAI,55,0 days 00:01:56.086000,22.0,3.0,,,40.763,45.529,29.794,0 days 01:12:51.512000,0 days 01:13:37.041000,0 days 01:14:06.835000,172.0,198.0,255.0,282.0,False,ULTRASOFT,11.0,False,Renault,0 days 01:12:10.749000,,1,,False,,False,True,116.086,116.086
491,0 days 01:15:26.221000,SAI,55,0 days 00:01:19.386000,23.0,3.0,,,28.402,28.489,22.495,0 days 01:14:35.237000,0 days 01:15:03.726000,0 days 01:15:26.221000,281.0,245.0,255.0,297.0,False,ULTRASOFT,12.0,False,Renault,0 days 01:14:06.835000,,1,,False,,False,True,79.386,79.38600000000001
492,0 days 01:17:05.115000,SAI,55,0 days 00:01:38.894000,24.0,3.0,,0 days 01:17:03.314000,37.433,34.094,27.367,0 days 01:16:03.654000,0 days 01:16:37.748000,0 days 01:17:05.115000,168.0,199.0,,280.0,False,ULTRASOFT,13.0,False,Renault,0 days 01:15:26.221000,,1,,False,,False,False,98.894,98.894
493,0 days 01:26:54.506000,SAI,55,,25.0,4.0,0 days 01:25:25.876000,,,31.659,23.916,,0 days 01:26:30.598000,0 days 01:26:54.602000,250.0,231.0,248.0,280.0,False,ULTRASOFT,14.0,False,Renault,0 days 01:17:05.115000,,1,,False,,False,False,,
494,0 days 01:28:17.518000,SAI,55,0 days 00:01:23.012000,26.0,4.0,,,29.355,29.783,23.874,0 days 01:27:23.861000,0 days 01:27:53.644000,0 days 01:28:17.518000,277.0,235.0,246.0,287.0,False,ULTRASOFT,15.0,False,Renault,0 days 01:26:54.506000,,1,,False,,False,True,83.012,83.012
495,0 days 01:29:40.544000,SAI,55,0 days 00:01:23.026000,27.0,4.0,,,29.436,30.266,23.324,0 days 01:28:46.954000,0 days 01:29:17.220000,0 days 01:29:40.544000,278.0,237.0,248.0,289.0,False,ULTRASOFT,16.0,False,Renault,0 days 01:28:17.518000,,1,,False,,False,True,83.026,83.026
496,0 days 01:31:03.660000,SAI,55,0 days 00:01:23.116000,28.0,4.0,,,29.59,29.848,23.678,0 days 01:30:10.134000,0 days 01:30:39.982000,0 days 01:31:03.660000,279.0,237.0,248.0,288.0,False,ULTRASOFT,17.0,False,Renault,0 days 01:29:40.544000,,1,,False,,False,True,83.116,83.116
497,0 days 01:32:27.184000,SAI,55,0 days 00:01:23.524000,29.0,4.0,,,29.657,30.251,23.616,0 days 01:31:33.317000,0 days 01:32:03.568000,0 days 01:32:27.184000,279.0,236.0,249.0,289.0,False,ULTRASOFT,18.0,False,Renault,0 days 01:31:03.660000,,1,,False,,False,True,83.524,83.524
498,0 days 01:33:50.731000,SAI,55,0 days 00:01:23.547000,30.0,4.0,,,29.592,30.248,23.707,0 days 01:32:56.776000,0 days 01:33:27.024000,0 days 01:33:50.731000,280.0,236.0,252.0,290.0,False,ULTRASOFT,19.0,False,Renault,0 days 01:32:27.184000,,1,,False,,False,True,83.547,83.547
499,0 days 01:35:15.521000,SAI,55,0 days 00:01:24.790000,31.0,4.0,,,29.556,30.739,24.495,0 days 01:34:20.287000,0 days 01:34:51.026000,0 days 01:35:15.521000,282.0,237.0,244.0,299.0,False,ULTRASOFT,20.0,False,Renault,0 days 01:33:50.731000,,12,,False,,False,True,84.79,84.79
500,0 days 01:36:52.959000,SAI,55,0 days 00:01:37.438000,32.0,4.0,,0 days 01:36:51.117000,35.466,34.429,27.543,0 days 01:35:50.987000,0 days 01:36:25.416000,0 days 01:36:52.959000,189.0,231.0,,261.0,False,ULTRASOFT,21.0,False,Renault,0 days 01:35:15.521000,,21,,False,,False,False,97.438,97.43800000000002
501,0 days 00:09:53.201000,BOT,77,,1.0,1.0,0 days 00:08:12.075000,0 days 00:09:51.395000,,36.61,29.542,,0 days 00:09:23.659000,0 days 00:09:53.214000,211.0,214.0,,,False,SOFT,1.0,True,Mercedes,0 days 00:08:12.075000,,,,False,,False,False,,
502,0 days 00:26:09.739000,BOT,77,,2.0,2.0,0 days 00:24:36.059000,,,36.331,25.997,,0 days 00:25:43.798000,0 days 00:26:09.862000,238.0,203.0,256.0,,False,SOFT,2.0,False,Mercedes,0 days 00:09:53.201000,,,,False,,False,False,,
503,0 days 00:27:29.067000,BOT,77,0 days 00:01:19.328000,3.0,2.0,,,28.653,28.308,22.367,0 days 00:26:38.392000,0 days 00:27:06.700000,0 days 00:27:29.067000,281.0,249.0,257.0,301.0,True,SOFT,3.0,False,Mercedes,0 days 00:26:09.739000,,,,False,,False,False,79.328,79.328
504,0 days 00:29:28.072000,BOT,77,0 days 00:01:59.005000,4.0,2.0,,,34.934,46.561,37.51,0 days 00:28:04.001000,0 days 00:28:50.562000,0 days 00:29:28.072000,217.0,187.0,257.0,295.0,False,SOFT,4.0,False,Mercedes,0 days 00:27:29.067000,,,,False,,False,False,119.005,119.005
505,0 days 00:30:46.542000,BOT,77,0 days 00:01:18.470000,5.0,2.0,,,28.246,27.892,22.332,0 days 00:29:56.318000,0 days 00:30:24.210000,0 days 00:30:46.542000,283.0,248.0,259.0,304.0,True,SOFT,5.0,False,Mercedes,0 days 00:29:28.072000,,,,False,,False,False,78.47,78.47
506,0 days 00:32:41.173000,BOT,77,0 days 00:01:54.631000,6.0,2.0,,,40.406,39.26,34.965,0 days 00:31:26.948000,0 days 00:32:06.208000,0 days 00:32:41.173000,224.0,180.0,260.0,307.0,False,SOFT,6.0,False,Mercedes,0 days 00:30:46.542000,,,,False,,False,False,114.631,114.631
507,0 days 00:34:04.043000,BOT,77,0 days 00:01:22.870000,7.0,2.0,,,28.202,27.927,26.741,0 days 00:33:09.375000,0 days 00:33:37.302000,0 days 00:34:04.043000,283.0,249.0,224.0,308.0,False,SOFT,7.0,False,Mercedes,0 days 00:32:41.173000,,,,False,,False,False,82.87,82.87
508,0 days 00:35:58.810000,BOT,77,0 days 00:01:54.767000,8.0,2.0,,,40.645,40.173,33.949,0 days 00:34:44.688000,0 days 00:35:24.861000,0 days 00:35:58.810000,207.0,167.0,258.0,272.0,False,SOFT,8.0,False,Mercedes,0 days 00:34:04.043000,,21,,False,,False,True,114.767,114.76700000000001
509,0 days 00:37:32.123000,BOT,77,0 days 00:01:33.313000,9.0,2.0,,,28.17,34.903,30.24,0 days 00:36:26.980000,0 days 00:37:01.883000,0 days 00:37:32.123000,283.0,138.0,259.0,304.0,False,SOFT,9.0,False,Mercedes,0 days 00:35:58.810000,,1,,False,,False,True,93.313,93.313
510,0 days 00:39:10.190000,BOT,77,0 days 00:01:38.067000,10.0,2.0,,,29.483,38.04,30.544,0 days 00:38:01.606000,0 days 00:38:39.646000,0 days 00:39:10.190000,248.0,182.0,259.0,307.0,False,SOFT,10.0,False,Mercedes,0 days 00:37:32.123000,,1,,False,,False,True,98.067,98.067
511,0 days 00:40:35.224000,BOT,77,0 days 00:01:25.034000,11.0,2.0,,0 days 00:40:33.427000,28.236,29.573,27.225,0 days 00:39:38.426000,0 days 00:40:07.999000,0 days 00:40:35.224000,282.0,226.0,,307.0,False,SOFT,11.0,False,Mercedes,0 days 00:39:10.190000,,1,,False,,False,False,85.034,85.03399999999999
512,0 days 00:57:27.328000,BOT,77,,12.0,3.0,0 days 00:55:45.307000,,,41.001,28.763,,0 days 00:56:58.595000,0 days 00:57:27.425000,216.0,224.0,256.0,307.0,False,MEDIUM,1.0,True,Mercedes,0 days 00:40:35.224000,,12,,False,,False,False,,
513,0 days 00:58:46.486000,BOT,77,0 days 00:01:19.158000,13.0,3.0,,,28.543,28.083,22.532,0 days 00:57:55.871000,0 days 00:58:23.954000,0 days 00:58:46.486000,282.0,249.0,257.0,303.0,False,MEDIUM,2.0,True,Mercedes,0 days 00:57:27.328000,,1,,False,,False,True,79.158,79.158
514,0 days 01:00:26.104000,BOT,77,0 days 00:01:39.618000,14.0,3.0,,,35.079,39.432,25.107,0 days 00:59:21.565000,0 days 01:00:00.997000,0 days 01:00:26.104000,199.0,210.0,258.0,293.0,False,MEDIUM,3.0,True,Mercedes,0 days 00:58:46.486000,,12,,False,,False,True,99.618,99.618
515,0 days 01:01:45.167000,BOT,77,0 days 00:01:19.063000,15.0,3.0,,,28.285,28.129,22.649,0 days 01:00:54.389000,0 days 01:01:22.518000,0 days 01:01:45.167000,282.0,249.0,257.0,302.0,False,MEDIUM,4.0,True,Mercedes,0 days 01:00:26.104000,,1,,False,,False,True,79.063,79.063
516,0 days 01:03:35.142000,BOT,77,0 days 00:01:49.975000,16.0,3.0,,,38.233,40.372,31.37,0 days 01:02:23.400000,0 days 01:03:03.772000,0 days 01:03:35.142000,204.0,193.0,258.0,292.0,False,MEDIUM,5.0,True,Mercedes,0 days 01:01:45.167000,,12,,False,,False,True,109.975,109.975
517,0 days 01:05:34.947000,BOT,77,0 days 00:01:59.805000,17.0,3.0,,,28.886,45.464,45.455,0 days 01:04:04.028000,0 days 01:04:49.492000,0 days 01:05:34.947000,177.0,174.0,257.0,304.0,False,MEDIUM,6.0,True,Mercedes,0 days 01:03:35.142000,,2,,False,,False,True,119.805,119.80499999999999
518,0 days 01:06:53.436000,BOT,77,0 days 00:01:18.489000,18.0,3.0,,,28.316,27.768,22.405,0 days 01:06:03.263000,0 days 01:06:31.031000,0 days 01:06:53.436000,280.0,251.0,258.0,303.0,False,MEDIUM,7.0,True,Mercedes,0 days 01:05:34.947000,,21,,False,,False,True,78.489,78.489
519,0 days 01:08:44.776000,BOT,77,0 days 00:01:51.340000,19.0,3.0,,,34.437,43.178,33.725,0 days 01:07:27.873000,0 days 01:08:11.051000,0 days 01:08:44.776000,194.0,157.0,257.0,295.0,False,MEDIUM,8.0,True,Mercedes,0 days 01:06:53.436000,,1,,False,,False,True,111.34,111.34
520,0 days 01:10:22.433000,BOT,77,0 days 00:01:37.657000,20.0,3.0,,0 days 01:10:20.606000,32.808,36.097,28.752,0 days 01:09:17.584000,0 days 01:09:53.681000,0 days 01:10:22.433000,239.0,186.0,,305.0,False,MEDIUM,9.0,True,Mercedes,0 days 01:08:44.776000,,1,,False,,False,False,97.657,97.657
