,Time,Driver,DriverNumber,LapTime,LapNumber,Stint,PitOutTime,PitInTime,Sector1Time,Sector2Time,Sector3Time,Sector1SessionTime,Sector2SessionTime,Sector3SessionTime,SpeedI1,SpeedI2,SpeedFL,SpeedST,IsPersonalBest,Compound,TyreLife,FreshTyre,Team,LapStartTime,LapStartDate,TrackStatus,Position,Deleted,DeletedReason,FastF1Generated,IsAccurate,LapTime_in_seconds,laptime_sum_sectortimes
0,0 days 00:15:52.796000,VER,1,0 days 00:01:49.496000,1.0,1.0,0 days 00:14:05.753000,,40.759,43.892,24.845,0 days 00:14:44.112000,0 days 00:15:27.987000,0 days 00:15:52.830000,121.0,178.0,270.0,270.0,False,SOFT,1.0,True,Red Bull Racing,0 days 00:14:05.753000,2023-05-27 14:01:13.873,1,,False,,False,False,109.496,109.49600000000001
1,0 days 00:17:06.580000,VER,1,0 days 00:01:13.784000,2.0,1.0,,,19.334,34.92,19.53,0 days 00:16:12.130000,0 days 00:16:47.050000,0 days 00:17:06.580000,208.0,198.0,270.0,281.0,True,SOFT,2.0,True,Red Bull Racing,0 days 00:15:52.796000,2023-05-27 14:03:00.916,1,,False,,False,True,73.784,73.784
2,0 days 00:19:08.545000,VER,1,0 days 00:02:01.965000,3.0,1.0,,,30.714,62.269,28.982,0 days 00:17:37.294000,0 days 00:18:39.563000,0 days 00:19:08.545000,86.0,87.0,269.0,147.0,False,SOFT,3.0,True,Red Bull Racing,0 days 00:17:06.580000,2023-05-27 14:04:14.700,1,,False,,False,True,121.965,121.965
3,0 days 00:30:13.467000,VER,1,,4.0,1.0,,0 days 00:20:42.905000,19.146,,,0 days 00:19:27.750000,,,213.0,,,,False,SOFT,4.0,True,Red Bull Racing,0 days 00:19:08.545000,2023-05-27 14:06:16.665,125,,False,,False,False,,
4,0 days 00:31:53.102000,VER,1,0 days 00:01:39.635000,5.0,2.0,0 days 00:30:14.555000,,33.825,38.663,27.147,0 days 00:30:47.292000,0 days 00:31:25.955000,0 days 00:31:53.102000,186.0,173.0,266.0,265.0,False,SOFT,5.0,False,Red Bull Racing,0 days 00:30:14.555000,2023-05-27 14:17:22.675,1,,False,,False,False,99.635,99.63499999999999
5,0 days 00:33:06.140000,VER,1,0 days 00:01:13.038000,6.0,2.0,,,19.024,34.732,19.282,0 days 00:32:12.126000,0 days 00:32:46.858000,0 days 00:33:06.140000,213.0,190.0,272.0,283.0,True,SOFT,6.0,False,Red Bull Racing,0 days 00:31:53.102000,2023-05-27 14:19:01.222,1,,False,,False,True,73.038,73.038
6,0 days 00:35:00.558000,VER,1,0 days 00:01:54.418000,7.0,2.0,,,29.948,53.554,30.916,0 days 00:33:36.088000,0 days 00:34:29.642000,0 days 00:35:00.558000,114.0,119.0,270.0,164.0,False,SOFT,7.0,False,Red Bull Racing,0 days 00:33:06.140000,2023-05-27 14:20:14.260,1,,False,,False,True,114.418,114.418
7,0 days 00:36:13.202000,VER,1,0 days 00:01:12.644000,8.0,2.0,,,19.006,34.44,19.198,0 days 00:35:19.564000,0 days 00:35:54.004000,0 days 00:36:13.202000,217.0,201.0,268.0,282.0,True,SOFT,8.0,False,Red Bull Racing,0 days 00:35:00.558000,2023-05-27 14:22:08.678,1,,False,,False,True,72.644,72.644
8,0 days 00:38:06.735000,VER,1,0 days 00:01:53.533000,9.0,2.0,,,31.524,53.049,28.96,0 days 00:36:44.726000,0 days 00:37:37.775000,0 days 00:38:06.735000,103.0,112.0,195.0,158.0,False,SOFT,9.0,False,Red Bull Racing,0 days 00:36:13.202000,2023-05-27 14:23:21.322,1,,False,,False,True,113.533,113.53300000000002
9,0 days 00:39:55.535000,VER,1,0 days 00:01:48.800000,10.0,2.0,,,30.127,51.454,27.219,0 days 00:38:36.862000,0 days 00:39:28.316000,0 days 00:39:55.535000,139.0,130.0,270.0,224.0,False,SOFT,10.0,False,Red Bull Racing,0 days 00:38:06.735000,2023-05-27 14:25:14.855,1,,False,,False,True,108.8,108.80000000000001
10,0 days 00:41:07.921000,VER,1,0 days 00:01:12.386000,11.0,2.0,,,18.887,34.374,19.125,0 days 00:40:14.422000,0 days 00:40:48.796000,0 days 00:41:07.921000,216.0,202.0,272.0,281.0,True,SOFT,11.0,False,Red Bull Racing,0 days 00:39:55.535000,2023-05-27 14:27:03.655,1,,False,,False,True,72.386,72.386
11,0 days 00:48:55.323000,VER,1,,12.0,2.0,,0 days 00:42:28.421000,22.912,38.918,,0 days 00:41:30.859000,0 days 00:42:09.750000,,152.0,172.0,,253.0,False,SOFT,12.0,False,Red Bull Racing,0 days 00:41:07.921000,2023-05-27 14:28:16.041,12,,False,,False,False,,
12,0 days 00:50:20.807000,VER,1,,13.0,3.0,0 days 00:48:55.323000,,,39.705,20.79,,0 days 00:50:00.041000,0 days 00:50:20.978000,184.0,174.0,265.0,261.0,False,SOFT,1.0,True,Red Bull Racing,0 days 00:48:55.323000,2023-05-27 14:36:03.443,1,,False,,False,False,,
13,0 days 00:51:32.845000,VER,1,0 days 00:01:12.038000,14.0,3.0,,,18.804,34.148,19.086,0 days 00:50:39.611000,0 days 00:51:13.759000,0 days 00:51:32.845000,215.0,203.0,271.0,282.0,True,SOFT,2.0,True,Red Bull Racing,0 days 00:50:20.807000,2023-05-27 14:37:28.927,1,,False,,False,True,72.038,72.038
14,0 days 00:53:23.367000,VER,1,0 days 00:01:50.522000,15.0,3.0,,,31.871,49.542,29.109,0 days 00:52:04.716000,0 days 00:52:54.258000,0 days 00:53:23.367000,121.0,114.0,186.0,150.0,False,SOFT,3.0,True,Red Bull Racing,0 days 00:51:32.845000,2023-05-27 14:38:40.965,1,,False,,False,True,110.522,110.52199999999999
15,0 days 00:55:16.607000,VER,1,0 days 00:01:53.240000,16.0,3.0,,,27.153,63.76,22.327,0 days 00:53:50.520000,0 days 00:54:54.280000,0 days 00:55:16.607000,91.0,162.0,270.0,92.0,False,SOFT,4.0,True,Red Bull Racing,0 days 00:53:23.367000,2023-05-27 14:40:31.487,1,,False,,False,True,113.24,113.24
16,0 days 00:56:28.515000,VER,1,0 days 00:01:11.908000,17.0,3.0,,,18.84,34.111,18.957,0 days 00:55:35.447000,0 days 00:56:09.558000,0 days 00:56:28.515000,215.0,200.0,270.0,280.0,True,SOFT,5.0,True,Red Bull Racing,0 days 00:55:16.607000,2023-05-27 14:42:24.727,1,,False,,False,True,71.908,71.90799999999999
17,0 days 01:01:20.128000,VER,1,,18.0,3.0,,0 days 00:57:43.098000,21.506,38.003,,0 days 00:56:50.052000,0 days 00:57:28.052000,,179.0,179.0,,248.0,False,SOFT,6.0,True,Red Bull Racing,0 days 00:56:28.515000,2023-05-27 14:43:36.635,1,,False,,False,False,,
18,0 days 01:03:19.022000,VER,1,0 days 00:01:58.894000,19.0,4.0,0 days 01:01:21.190000,,26.259,49.451,43.184,0 days 01:01:46.387000,0 days 01:02:35.838000,0 days 01:03:19.022000,187.0,158.0,269.0,260.0,False,SOFT,1.0,True,Red Bull Racing,0 days 01:01:20.128000,2023-05-27 14:48:28.248,1,,False,,False,False,118.894,118.894
19,0 days 01:04:31.053000,VER,1,0 days 00:01:12.031000,20.0,4.0,,,18.838,34.023,19.17,0 days 01:03:37.860000,0 days 01:04:11.883000,0 days 01:04:31.053000,215.0,201.0,271.0,282.0,False,SOFT,2.0,True,Red Bull Racing,0 days 01:03:19.022000,2023-05-27 14:50:27.142,1,,False,,False,True,72.031,72.031
20,0 days 01:11:54.995000,VER,1,,21.0,4.0,,0 days 01:05:51.030000,21.997,39.308,,0 days 01:04:53.047000,0 days 01:05:32.390000,,170.0,159.0,,250.0,False,SOFT,3.0,True,Red Bull Racing,0 days 01:04:31.053000,2023-05-27 14:51:39.173,12,,False,,False,False,,
21,0 days 01:13:19.675000,VER,1,,22.0,5.0,0 days 01:11:54.995000,,,38.757,20.605,,0 days 01:12:59.088000,0 days 01:13:19.869000,182.0,184.0,265.0,263.0,False,SOFT,1.0,True,Red Bull Racing,0 days 01:11:54.995000,2023-05-27 14:59:03.115,1,,False,,False,False,,
22,0 days 01:14:31.777000,VER,1,0 days 00:01:12.102000,23.0,5.0,,,18.886,34.236,18.98,0 days 01:13:38.561000,0 days 01:14:12.797000,0 days 01:14:31.777000,210.0,203.0,270.0,280.0,True,SOFT,2.0,True,Red Bull Racing,0 days 01:13:19.675000,2023-05-27 15:00:27.795,1,,False,,False,True,72.102,72.102
23,0 days 01:16:29.008000,VER,1,0 days 00:01:57.231000,24.0,5.0,,,31.723,51.068,34.44,0 days 01:15:03.500000,0 days 01:15:54.568000,0 days 01:16:29.008000,148.0,118.0,164.0,161.0,False,SOFT,3.0,True,Red Bull Racing,0 days 01:14:31.777000,2023-05-27 15:01:39.897,1,,False,,False,True,117.231,117.231
24,0 days 01:18:07.462000,VER,1,0 days 00:01:38.454000,25.0,5.0,,,32.212,44.106,22.136,0 days 01:17:01.220000,0 days 01:17:45.326000,0 days 01:18:07.462000,149.0,167.0,269.0,213.0,False,SOFT,4.0,True,Red Bull Racing,0 days 01:16:29.008000,2023-05-27 15:03:37.128,1,,False,,False,True,98.454,98.45400000000001
25,0 days 01:19:19.116000,VER,1,0 days 00:01:11.654000,26.0,5.0,,,18.759,33.937,18.958,0 days 01:18:26.221000,0 days 01:19:00.158000,0 days 01:19:19.116000,218.0,203.0,269.0,279.0,True,SOFT,5.0,True,Red Bull Racing,0 days 01:18:07.462000,2023-05-27 15:05:15.582,1,,False,,False,True,71.654,71.654
26,0 days 01:21:20.398000,VER,1,0 days 00:02:01.282000,27.0,5.0,,0 days 01:20:34.958000,20.883,39.537,60.862,0 days 01:19:39.999000,0 days 01:20:19.536000,0 days 01:21:20.398000,183.0,179.0,,233.0,False,SOFT,6.0,True,Red Bull Racing,0 days 01:19:19.116000,2023-05-27 15:06:27.236,1,,False,,False,False,121.282,121.28200000000001
27,0 days 01:22:55.906000,VER,1,0 days 00:01:35.508000,28.0,6.0,0 days 01:21:21.067000,,25.381,47.319,22.808,0 days 01:21:45.779000,0 days 01:22:33.098000,0 days 01:22:55.906000,117.0,163.0,271.0,268.0,False,SOFT,1.0,True,Red Bull Racing,0 days 01:21:20.398000,2023-05-27 15:08:28.518,1,,False,,False,False,95.508,95.50800000000001
28,0 days 01:24:07.271000,VER,1,0 days 00:01:11.365000,29.0,6.0,,,18.642,33.902,18.821,0 days 01:23:14.548000,0 days 01:23:48.450000,0 days 01:24:07.271000,217.0,202.0,270.0,281.0,True,SOFT,2.0,True,Red Bull Racing,0 days 01:22:55.906000,2023-05-27 15:10:04.026,1,,False,,False,True,71.365,71.365
29,0 days 01:25:33.220000,VER,1,,30.0,6.0,,0 days 01:25:33.220000,29.742,40.795,,0 days 01:24:37.018000,0 days 01:25:17.798000,,133.0,181.0,,240.0,False,SOFT,3.0,True,Red Bull Racing,0 days 01:24:07.271000,2023-05-27 15:11:15.391,1,,False,,False,False,,
30,0 days 00:16:49.351000,ALO,14,0 days 00:01:29.950000,1.0,1.0,0 days 00:15:20.127000,,24.847,42.205,22.898,0 days 00:15:44.283000,0 days 00:16:26.486000,0 days 00:16:49.517000,182.0,173.0,268.0,261.0,False,SOFT,1.0,True,Aston Martin,0 days 00:15:20.127000,2023-05-27 14:02:28.247,1,,False,,False,False,89.95,89.94999999999999
31,0 days 00:18:03.235000,ALO,14,0 days 00:01:13.884000,2.0,1.0,,,19.155,34.775,19.954,0 days 00:17:08.506000,0 days 00:17:43.281000,0 days 00:18:03.235000,217.0,200.0,268.0,279.0,True,SOFT,2.0,True,Aston Martin,0 days 00:16:49.351000,2023-05-27 14:03:57.471,1,,False,,False,True,73.884,73.884
32,0 days 00:31:02.326000,ALO,14,,3.0,1.0,,0 days 00:19:52.937000,29.28,54.709,,0 days 00:18:32.547000,0 days 00:19:27.250000,,100.0,141.0,,243.0,False,SOFT,3.0,True,Aston Martin,0 days 00:18:03.235000,2023-05-27 14:05:11.355,125,,False,,False,False,,
33,0 days 00:32:38.808000,ALO,14,0 days 00:01:36.482000,4.0,2.0,0 days 00:31:02.992000,,25.886,45.091,25.505,0 days 00:31:28.212000,0 days 00:32:13.303000,0 days 00:32:38.808000,178.0,181.0,267.0,255.0,False,SOFT,4.0,False,Aston Martin,0 days 00:31:02.992000,2023-05-27 14:18:11.112,1,,False,,False,False,96.482,96.482
34,0 days 00:33:51.694000,ALO,14,0 days 00:01:12.886000,5.0,2.0,,,19.025,34.361,19.5,0 days 00:32:57.833000,0 days 00:33:32.194000,0 days 00:33:51.694000,219.0,200.0,268.0,280.0,True,SOFT,5.0,False,Aston Martin,0 days 00:32:38.808000,2023-05-27 14:19:46.928,1,,False,,False,True,72.886,72.886
35,0 days 00:35:47.521000,ALO,14,0 days 00:01:55.827000,6.0,2.0,,,31.627,51.53,32.67,0 days 00:34:23.321000,0 days 00:35:14.851000,0 days 00:35:47.521000,97.0,170.0,268.0,240.0,False,SOFT,6.0,False,Aston Martin,0 days 00:33:51.694000,2023-05-27 14:20:59.814,1,,False,,False,True,115.827,115.827
36,0 days 00:37:00.480000,ALO,14,0 days 00:01:12.959000,7.0,2.0,,,19.033,34.46,19.466,0 days 00:36:06.554000,0 days 00:36:41.014000,0 days 00:37:00.480000,219.0,201.0,267.0,280.0,False,SOFT,7.0,False,Aston Martin,0 days 00:35:47.521000,2023-05-27 14:22:55.641,1,,False,,False,True,72.959,72.959
37,0 days 00:38:54.977000,ALO,14,0 days 00:01:54.497000,8.0,2.0,,,31.26,52.622,30.615,0 days 00:37:31.740000,0 days 00:38:24.362000,0 days 00:38:54.977000,107.0,144.0,267.0,241.0,False,SOFT,8.0,False,Aston Martin,0 days 00:37:00.480000,2023-05-27 14:24:08.600,1,,False,,False,True,114.497,114.497
38,0 days 00:40:29.584000,ALO,14,0 days 00:01:34.607000,9.0,2.0,,,19.012,43.705,31.89,0 days 00:39:13.989000,0 days 00:39:57.694000,0 days 00:40:29.584000,221.0,126.0,266.0,201.0,False,SOFT,9.0,False,Aston Martin,0 days 00:38:54.977000,2023-05-27 14:26:03.097,1,,False,,False,True,94.607,94.607
39,0 days 00:49:32.022000,ALO,14,,10.0,2.0,,0 days 00:41:39.656000,19.054,35.337,,0 days 00:40:48.657000,0 days 00:41:24.031000,,219.0,172.0,,281.0,False,SOFT,10.0,False,Aston Martin,0 days 00:40:29.584000,2023-05-27 14:27:37.704,12,,False,,False,False,,
40,0 days 00:51:08.521000,ALO,14,0 days 00:01:36.499000,11.0,3.0,0 days 00:49:33.745000,,29.931,41.348,25.22,0 days 00:50:01.953000,0 days 00:50:43.301000,0 days 00:51:08.521000,178.0,181.0,268.0,252.0,False,SOFT,1.0,True,Aston Martin,0 days 00:49:32.022000,2023-05-27 14:36:40.142,1,,False,,False,False,96.499,96.499
41,0 days 00:52:20.743000,ALO,14,0 days 00:01:12.222000,12.0,3.0,,,18.787,34.164,19.271,0 days 00:51:27.308000,0 days 00:52:01.472000,0 days 00:52:20.743000,221.0,201.0,268.0,279.0,True,SOFT,2.0,True,Aston Martin,0 days 00:51:08.521000,2023-05-27 14:38:16.641,1,,False,,False,True,72.222,72.22200000000001
42,0 days 00:54:13.581000,ALO,14,0 days 00:01:52.838000,13.0,3.0,,,31.63,49.947,31.261,0 days 00:52:52.373000,0 days 00:53:42.320000,0 days 00:54:13.581000,142.0,164.0,270.0,241.0,False,SOFT,3.0,True,Aston Martin,0 days 00:52:20.743000,2023-05-27 14:39:28.863,1,,False,,False,True,112.838,112.838
43,0 days 00:55:25.688000,ALO,14,0 days 00:01:12.107000,14.0,3.0,,,18.815,34.055,19.237,0 days 00:54:32.396000,0 days 00:55:06.451000,0 days 00:55:25.688000,221.0,203.0,268.0,281.0,True,SOFT,4.0,True,Aston Martin,0 days 00:54:13.581000,2023-05-27 14:41:21.701,1,,False,,False,True,72.107,72.107
44,0 days 00:59:48.342000,ALO,14,,15.0,3.0,,0 days 00:56:45.208000,22.18,39.906,,0 days 00:55:47.912000,0 days 00:56:27.802000,,148.0,173.0,,228.0,False,SOFT,5.0,True,Aston Martin,0 days 00:55:25.688000,2023-05-27 14:42:33.808,1,,False,,False,False,,
45,0 days 01:01:19.475000,ALO,14,0 days 00:01:31.133000,16.0,4.0,0 days 00:59:49.003000,,24.458,44.208,22.467,0 days 01:00:12.800000,0 days 01:00:57.008000,0 days 01:01:19.475000,182.0,173.0,268.0,262.0,False,SOFT,1.0,True,Aston Martin,0 days 00:59:48.342000,2023-05-27 14:46:56.462,1,,False,,False,False,91.133,91.133
46,0 days 01:02:58.512000,ALO,14,0 days 00:01:39.037000,17.0,4.0,,,19.0,50.752,29.285,0 days 01:01:38.475000,0 days 01:02:29.227000,0 days 01:02:58.512000,219.0,166.0,268.0,226.0,False,SOFT,2.0,True,Aston Martin,0 days 01:01:19.475000,2023-05-27 14:48:27.595,1,,False,,False,True,99.037,99.037
47,0 days 01:04:10.922000,ALO,14,0 days 00:01:12.410000,18.0,4.0,,,18.736,34.221,19.453,0 days 01:03:17.248000,0 days 01:03:51.469000,0 days 01:04:10.922000,222.0,197.0,268.0,280.0,False,SOFT,3.0,True,Aston Martin,0 days 01:02:58.512000,2023-05-27 14:50:06.632,1,,False,,False,True,72.41,72.41
48,0 days 01:12:08.925000,ALO,14,,19.0,4.0,,0 days 01:05:36.593000,22.889,42.607,,0 days 01:04:33.828000,0 days 01:05:16.406000,,134.0,145.0,,170.0,False,SOFT,4.0,True,Aston Martin,0 days 01:04:10.922000,2023-05-27 14:51:19.042,12,,False,,False,False,,
49,0 days 01:13:45.334000,ALO,14,0 days 00:01:36.409000,20.0,5.0,0 days 01:12:11.729000,,34.209,40.051,22.149,0 days 01:12:43.134000,0 days 01:13:23.185000,0 days 01:13:45.334000,185.0,183.0,267.0,260.0,False,SOFT,1.0,True,Aston Martin,0 days 01:12:08.925000,2023-05-27 14:59:17.045,1,,False,,False,False,96.409,96.409
50,0 days 01:14:57.040000,ALO,14,0 days 00:01:11.706000,21.0,5.0,,,18.66,33.898,19.148,0 days 01:14:03.994000,0 days 01:14:37.892000,0 days 01:14:57.040000,221.0,205.0,268.0,279.0,True,SOFT,2.0,True,Aston Martin,0 days 01:13:45.334000,2023-05-27 15:00:53.454,1,,False,,False,True,71.706,71.706
51,0 days 01:20:19.580000,ALO,14,,22.0,5.0,,0 days 01:16:19.773000,22.412,40.476,,0 days 01:15:19.446000,0 days 01:15:59.945000,,155.0,168.0,,218.0,False,SOFT,3.0,True,Aston Martin,0 days 01:14:57.040000,2023-05-27 15:02:05.160,1,,False,,False,False,,
52,0 days 01:21:48.264000,ALO,14,0 days 00:01:28.684000,23.0,6.0,0 days 01:20:20.239000,,25.029,41.223,22.432,0 days 01:20:44.609000,0 days 01:21:25.832000,0 days 01:21:48.264000,189.0,180.0,268.0,262.0,False,SOFT,1.0,True,Aston Martin,0 days 01:20:19.580000,2023-05-27 15:07:27.700,1,,False,,False,False,88.684,88.684
53,0 days 01:22:59.713000,ALO,14,0 days 00:01:11.449000,24.0,6.0,,,18.496,33.844,19.109,0 days 01:22:06.760000,0 days 01:22:40.604000,0 days 01:22:59.713000,223.0,206.0,269.0,280.0,True,SOFT,2.0,True,Aston Martin,0 days 01:21:48.264000,2023-05-27 15:08:56.384,1,,False,,False,True,71.449,71.44900000000001
54,0 days 01:24:28.268000,ALO,14,,25.0,6.0,,0 days 01:24:28.268000,26.936,43.416,,0 days 01:23:26.675000,0 days 01:24:10.080000,,119.0,168.0,,189.0,False,SOFT,3.0,True,Aston Martin,0 days 01:22:59.713000,2023-05-27 15:10:07.833,1,,False,,False,False,,
55,0 days 00:16:00.721000,LEC,16,0 days 00:01:55.579000,1.0,1.0,0 days 00:14:09.050000,,42.952,42.551,30.076,0 days 00:14:48.128000,0 days 00:15:30.799000,0 days 00:16:00.721000,174.0,163.0,269.0,266.0,False,SOFT,1.0,True,Ferrari,0 days 00:14:09.050000,2023-05-27 14:01:17.170,1,,False,,False,False,115.579,115.57900000000001
56,0 days 00:17:14.795000,LEC,16,0 days 00:01:14.074000,2.0,1.0,,,19.533,34.977,19.564,0 days 00:16:20.254000,0 days 00:16:55.231000,0 days 00:17:14.795000,214.0,192.0,269.0,280.0,True,SOFT,2.0,True,Ferrari,0 days 00:16:00.721000,2023-05-27 14:03:08.841,1,,False,,False,True,74.074,74.074
57,0 days 00:19:13.427000,LEC,16,0 days 00:01:58.632000,3.0,1.0,,,30.547,59.194,28.891,0 days 00:17:45.342000,0 days 00:18:44.536000,0 days 00:19:13.427000,60.0,47.0,270.0,233.0,False,SOFT,3.0,True,Ferrari,0 days 00:17:14.795000,2023-05-27 14:04:22.915,1,,False,,False,True,118.632,118.632
58,0 days 00:30:35.436000,LEC,16,,4.0,1.0,,0 days 00:20:48.467000,19.285,,,0 days 00:19:32.765000,,,215.0,,,,False,SOFT,4.0,True,Ferrari,0 days 00:19:13.427000,2023-05-27 14:06:21.547,125,,False,,False,False,,
59,0 days 00:32:22.637000,LEC,16,0 days 00:01:47.201000,5.0,2.0,0 days 00:30:36.648000,,41.54,40.421,25.24,0 days 00:31:16.976000,0 days 00:31:57.397000,0 days 00:32:22.637000,177.0,174.0,269.0,265.0,False,SOFT,5.0,False,Ferrari,0 days 00:30:36.648000,2023-05-27 14:17:44.768,1,,False,,False,False,107.201,107.201
60,0 days 00:33:35.978000,LEC,16,0 days 00:01:13.341000,6.0,2.0,,,19.348,34.641,19.352,0 days 00:32:41.985000,0 days 00:33:16.626000,0 days 00:33:35.978000,216.0,196.0,269.0,281.0,True,SOFT,6.0,False,Ferrari,0 days 00:32:22.637000,2023-05-27 14:19:30.757,1,,False,,False,True,73.341,73.341
61,0 days 00:35:40.601000,LEC,16,0 days 00:02:04.623000,7.0,2.0,,,28.963,62.61,33.05,0 days 00:34:04.941000,0 days 00:35:07.551000,0 days 00:35:40.601000,128.0,79.0,270.0,135.0,False,SOFT,7.0,False,Ferrari,0 days 00:33:35.978000,2023-05-27 14:20:44.098,1,,False,,False,True,124.623,124.623
62,0 days 00:36:53.513000,LEC,16,0 days 00:01:12.912000,8.0,2.0,,,19.095,34.409,19.408,0 days 00:35:59.696000,0 days 00:36:34.105000,0 days 00:36:53.513000,218.0,198.0,268.0,281.0,True,SOFT,8.0,False,Ferrari,0 days 00:35:40.601000,2023-05-27 14:22:48.721,1,,False,,False,True,72.912,72.912
63,0 days 00:38:42.986000,LEC,16,0 days 00:01:49.473000,9.0,2.0,,,28.091,52.39,28.992,0 days 00:37:21.604000,0 days 00:38:13.994000,0 days 00:38:42.986000,96.0,138.0,221.0,161.0,False,SOFT,9.0,False,Ferrari,0 days 00:36:53.513000,2023-05-27 14:24:01.633,1,,False,,False,True,109.473,109.473
64,0 days 00:40:32.631000,LEC,16,0 days 00:01:49.645000,10.0,2.0,,,23.964,52.585,33.096,0 days 00:39:06.950000,0 days 00:39:59.535000,0 days 00:40:32.631000,175.0,150.0,264.0,225.0,False,SOFT,10.0,False,Ferrari,0 days 00:38:42.986000,2023-05-27 14:25:51.106,1,,True,TRACK LIMITS AT TURN 11 LAP 11 ,False,True,109.645,109.64500000000001
65,0 days 00:49:11.334000,LEC,16,,11.0,2.0,,0 days 00:41:46.469000,20.378,38.674,,0 days 00:40:53.047000,0 days 00:41:31.781000,,192.0,189.0,,279.0,False,SOFT,11.0,False,Ferrari,0 days 00:40:32.631000,2023-05-27 14:27:40.751,12,,False,,False,False,,
66,0 days 00:50:44.302000,LEC,16,0 days 00:01:32.968000,12.0,3.0,0 days 00:49:12.385000,,31.67,39.524,21.774,0 days 00:49:43.004000,0 days 00:50:22.528000,0 days 00:50:44.302000,187.0,178.0,271.0,272.0,False,SOFT,1.0,True,Ferrari,0 days 00:49:11.334000,2023-05-27 14:36:19.454,1,,False,,False,False,92.968,92.968
67,0 days 00:51:56.649000,LEC,16,0 days 00:01:12.347000,13.0,3.0,,,18.953,34.171,19.223,0 days 00:51:03.255000,0 days 00:51:37.426000,0 days 00:51:56.649000,218.0,198.0,269.0,282.0,True,SOFT,2.0,True,Ferrari,0 days 00:50:44.302000,2023-05-27 14:37:52.422,1,,False,,False,True,72.347,72.347
68,0 days 00:53:58.675000,LEC,16,0 days 00:02:02.026000,14.0,3.0,,,32.169,59.424,30.433,0 days 00:52:28.818000,0 days 00:53:28.242000,0 days 00:53:58.675000,84.0,99.0,269.0,147.0,False,SOFT,3.0,True,Ferrari,0 days 00:51:56.649000,2023-05-27 14:39:04.769,1,,False,,False,True,122.026,122.02599999999998
69,0 days 00:55:11.070000,LEC,16,0 days 00:01:12.395000,15.0,3.0,,,18.998,34.265,19.132,0 days 00:54:17.673000,0 days 00:54:51.938000,0 days 00:55:11.070000,219.0,199.0,269.0,281.0,False,SOFT,4.0,True,Ferrari,0 days 00:53:58.675000,2023-05-27 14:41:06.795,1,,False,,False,True,72.395,72.39500000000001
70,0 days 00:57:55.626000,LEC,16,,16.0,3.0,,0 days 00:56:33.552000,23.287,42.523,98.72,0 days 00:55:34.522000,0 days 00:56:16.928000,0 days 00:57:55.879000,71.0,158.0,,250.0,False,SOFT,5.0,True,Ferrari,0 days 00:55:11.070000,2023-05-27 14:42:19.190,1,,False,,False,False,,164.53
71,0 days 00:59:24.759000,LEC,16,0 days 00:01:29.133000,17.0,4.0,0 days 00:57:56.317000,,25.701,38.904,24.528,0 days 00:58:21.327000,0 days 00:59:00.231000,0 days 00:59:24.759000,191.0,167.0,269.0,273.0,False,SOFT,1.0,True,Ferrari,0 days 00:57:55.626000,2023-05-27 14:45:03.746,1,,False,,False,False,89.133,89.13300000000001
72,0 days 01:00:36.862000,LEC,16,0 days 00:01:12.103000,18.0,4.0,,,18.883,34.153,19.067,0 days 00:59:43.642000,0 days 01:00:17.795000,0 days 01:00:36.862000,220.0,201.0,268.0,281.0,True,SOFT,2.0,True,Ferrari,0 days 00:59:24.759000,2023-05-27 14:46:32.879,1,,False,,False,True,72.103,72.10300000000001
73,0 days 01:02:34.989000,LEC,16,0 days 00:01:58.127000,19.0,4.0,,,29.891,57.559,30.677,0 days 01:01:06.753000,0 days 01:02:04.312000,0 days 01:02:34.989000,110.0,125.0,268.0,214.0,False,SOFT,3.0,True,Ferrari,0 days 01:00:36.862000,2023-05-27 14:47:44.982,1,,False,,False,True,118.127,118.12699999999998
74,0 days 01:12:44.006000,LEC,16,,20.0,4.0,,0 days 01:03:44.282000,18.96,34.549,,0 days 01:02:54.001000,0 days 01:03:28.532000,,219.0,197.0,,280.0,False,SOFT,4.0,True,Ferrari,0 days 01:02:34.989000,2023-05-27 14:49:43.109,12,,False,,False,False,,
75,0 days 01:14:13.040000,LEC,16,0 days 00:01:29.034000,21.0,5.0,0 days 01:12:44.682000,,25.861,40.177,22.996,0 days 01:13:09.867000,0 days 01:13:50.044000,0 days 01:14:13.040000,186.0,171.0,270.0,258.0,False,SOFT,1.0,True,Ferrari,0 days 01:12:44.006000,2023-05-27 14:59:52.126,1,,False,,False,False,89.034,89.03399999999999
76,0 days 01:15:24.799000,LEC,16,0 days 00:01:11.759000,22.0,5.0,,,18.791,33.903,19.065,0 days 01:14:31.831000,0 days 01:15:05.734000,0 days 01:15:24.799000,219.0,203.0,269.0,281.0,True,SOFT,2.0,True,Ferrari,0 days 01:14:13.040000,2023-05-27 15:01:21.160,1,,False,,False,True,71.759,71.759
77,0 days 01:19:45.592000,LEC,16,,23.0,5.0,,0 days 01:16:41.507000,23.217,38.287,,0 days 01:15:48.039000,0 days 01:16:26.351000,,191.0,177.0,,252.0,False,SOFT,3.0,True,Ferrari,0 days 01:15:24.799000,2023-05-27 15:02:32.919,1,,False,,False,False,,
78,0 days 01:21:18.405000,LEC,16,0 days 00:01:32.813000,24.0,6.0,0 days 01:19:46.255000,,25.616,41.062,26.135,0 days 01:20:11.208000,0 days 01:20:52.270000,0 days 01:21:18.405000,192.0,118.0,269.0,272.0,False,SOFT,1.0,True,Ferrari,0 days 01:19:45.592000,2023-05-27 15:06:53.712,1,,False,,False,False,92.813,92.813
79,0 days 01:22:29.876000,LEC,16,0 days 00:01:11.471000,25.0,6.0,,,18.651,33.87,18.95,0 days 01:21:37.056000,0 days 01:22:10.926000,0 days 01:22:29.876000,222.0,199.0,268.0,281.0,True,SOFT,2.0,True,Ferrari,0 days 01:21:18.405000,2023-05-27 15:08:26.525,1,,False,,False,True,71.471,71.471
80,0 days 01:24:12.190000,LEC,16,,26.0,6.0,,0 days 01:24:12.190000,23.751,58.593,,0 days 01:22:53.659000,0 days 01:23:52.252000,,183.0,142.0,,158.0,False,SOFT,3.0,True,Ferrari,0 days 01:22:29.876000,2023-05-27 15:09:37.996,1,,False,,False,False,,
81,0 days 00:14:58.809000,OCO,31,0 days 00:01:39.124000,1.0,1.0,0 days 00:13:20.769000,,28.723,42.961,27.44,0 days 00:13:48.410000,0 days 00:14:31.394000,0 days 00:14:58.815000,167.0,159.0,267.0,250.0,False,SOFT,1.0,True,Alpine,0 days 00:13:20.769000,2023-05-27 14:00:28.889,1,,False,,False,False,99.124,99.124
82,0 days 00:16:12.892000,OCO,31,0 days 00:01:14.083000,2.0,1.0,,,19.42,35.03,19.633,0 days 00:15:18.229000,0 days 00:15:53.259000,0 days 00:16:12.892000,205.0,195.0,270.0,281.0,True,SOFT,2.0,True,Alpine,0 days 00:14:58.809000,2023-05-27 14:02:06.929,1,,False,,False,True,74.083,74.083
83,0 days 00:18:00.744000,OCO,31,0 days 00:01:47.852000,3.0,1.0,,,28.635,50.025,29.192,0 days 00:16:41.527000,0 days 00:17:31.552000,0 days 00:18:00.744000,107.0,143.0,267.0,176.0,False,SOFT,3.0,True,Alpine,0 days 00:16:12.892000,2023-05-27 14:03:21.012,1,,False,,False,True,107.852,107.852
84,0 days 00:19:14.900000,OCO,31,0 days 00:01:14.156000,4.0,1.0,,,19.452,34.868,19.836,0 days 00:18:20.196000,0 days 00:18:55.064000,0 days 00:19:14.900000,208.0,198.0,268.0,280.0,False,SOFT,4.0,True,Alpine,0 days 00:18:00.744000,2023-05-27 14:05:08.864,1,,False,,False,True,74.156,74.156
85,0 days 00:31:21.657000,OCO,31,,5.0,1.0,,0 days 00:21:01.952000,,,,,,,,,,,False,SOFT,5.0,True,Alpine,0 days 00:19:14.900000,2023-05-27 14:06:23.020,125,,False,,False,False,,
86,0 days 00:32:58.477000,OCO,31,0 days 00:01:36.820000,6.0,2.0,0 days 00:31:22.366000,,28.122,44.146,24.552,0 days 00:31:49.779000,0 days 00:32:33.925000,0 days 00:32:58.477000,162.0,155.0,268.0,252.0,False,SOFT,1.0,True,Alpine,0 days 00:31:22.366000,2023-05-27 14:18:30.486,1,,False,,False,False,96.82,96.82
87,0 days 00:34:11.496000,OCO,31,0 days 00:01:13.019000,7.0,2.0,,,19.264,34.465,19.29,0 days 00:33:17.741000,0 days 00:33:52.206000,0 days 00:34:11.496000,213.0,202.0,266.0,279.0,True,SOFT,2.0,True,Alpine,0 days 00:32:58.477000,2023-05-27 14:20:06.597,1,,False,,False,True,73.019,73.019
88,0 days 00:35:58.405000,OCO,31,0 days 00:01:46.909000,8.0,2.0,,,30.6,53.876,22.433,0 days 00:34:42.096000,0 days 00:35:35.972000,0 days 00:35:58.405000,90.0,154.0,268.0,164.0,False,SOFT,3.0,True,Alpine,0 days 00:34:11.496000,2023-05-27 14:21:19.616,1,,False,,False,True,106.909,106.90899999999999
89,0 days 00:37:11.422000,OCO,31,0 days 00:01:13.017000,9.0,2.0,,,19.133,34.474,19.41,0 days 00:36:17.538000,0 days 00:36:52.012000,0 days 00:37:11.422000,213.0,202.0,267.0,280.0,True,SOFT,4.0,True,Alpine,0 days 00:35:58.405000,2023-05-27 14:23:06.525,1,,False,,False,True,73.017,73.017
90,0 days 00:39:01.749000,OCO,31,0 days 00:01:50.327000,10.0,2.0,,,28.842,57.644,23.841,0 days 00:37:40.264000,0 days 00:38:37.908000,0 days 00:39:01.749000,96.0,80.0,267.0,245.0,False,SOFT,5.0,True,Alpine,0 days 00:37:11.422000,2023-05-27 14:24:19.542,1,,False,,False,True,110.327,110.327
91,0 days 00:40:14.716000,OCO,31,0 days 00:01:12.967000,11.0,2.0,,,19.141,34.505,19.321,0 days 00:39:20.890000,0 days 00:39:55.395000,0 days 00:40:14.716000,211.0,201.0,268.0,282.0,True,SOFT,6.0,True,Alpine,0 days 00:39:01.749000,2023-05-27 14:26:09.869,1,,False,,False,True,72.967,72.967
92,0 days 00:49:18.870000,OCO,31,,12.0,2.0,,0 days 00:41:40.734000,27.343,38.9,,0 days 00:40:42.110000,0 days 00:41:21,,87.0,180.0,,253.0,False,SOFT,7.0,True,Alpine,0 days 00:40:14.716000,2023-05-27 14:27:22.836,12,,False,,False,False,,
93,0 days 00:50:59.396000,OCO,31,0 days 00:01:40.526000,13.0,3.0,0 days 00:49:19.979000,,35.341,39.845,25.34,0 days 00:49:54.211000,0 days 00:50:34.056000,0 days 00:50:59.396000,164.0,172.0,268.0,261.0,False,SOFT,1.0,True,Alpine,0 days 00:49:18.870000,2023-05-27 14:36:26.990,1,,False,,False,False,100.526,100.52600000000001
94,0 days 00:52:11.644000,OCO,31,0 days 00:01:12.248000,14.0,3.0,,,18.953,34.106,19.189,0 days 00:51:18.349000,0 days 00:51:52.455000,0 days 00:52:11.644000,214.0,202.0,268.0,280.0,True,SOFT,2.0,True,Alpine,0 days 00:50:59.396000,2023-05-27 14:38:07.516,1,,False,,False,True,72.248,72.24799999999999
95,0 days 00:54:11.202000,OCO,31,0 days 00:01:59.558000,15.0,3.0,,,32.583,53.657,33.318,0 days 00:52:44.227000,0 days 00:53:37.884000,0 days 00:54:11.202000,94.0,96.0,177.0,241.0,False,SOFT,3.0,True,Alpine,0 days 00:52:11.644000,2023-05-27 14:39:19.764,1,,False,,False,True,119.558,119.55799999999999
96,0 days 00:55:55.396000,OCO,31,0 days 00:01:44.194000,16.0,3.0,,,30.308,45.989,27.897,0 days 00:54:41.510000,0 days 00:55:27.499000,0 days 00:55:55.396000,113.0,67.0,266.0,212.0,False,SOFT,4.0,True,Alpine,0 days 00:54:11.202000,2023-05-27 14:41:19.322,1,,False,,False,True,104.194,104.19399999999999
97,0 days 00:57:07.808000,OCO,31,0 days 00:01:12.412000,17.0,3.0,,,19.004,34.2,19.208,0 days 00:56:14.400000,0 days 00:56:48.600000,0 days 00:57:07.808000,214.0,203.0,267.0,280.0,False,SOFT,5.0,True,Alpine,0 days 00:55:55.396000,2023-05-27 14:43:03.516,1,,False,,False,True,72.412,72.412
98,0 days 01:01:37.713000,OCO,31,,18.0,3.0,,0 days 00:58:33.160000,23.047,43.453,,0 days 00:57:30.849000,0 days 00:58:14.317000,,142.0,127.0,,209.0,False,SOFT,6.0,True,Alpine,0 days 00:57:07.808000,2023-05-27 14:44:15.928,1,,False,,False,False,,
99,0 days 01:03:41.459000,OCO,31,0 days 00:02:03.746000,19.0,4.0,0 days 01:01:38.408000,,28.242,39.805,55.699,0 days 01:02:05.955000,0 days 01:02:45.760000,0 days 01:03:41.459000,165.0,164.0,266.0,265.0,False,SOFT,1.0,True,Alpine,0 days 01:01:37.713000,2023-05-27 14:48:45.833,1,,False,,False,False,123.746,123.746
100,0 days 01:11:58.328000,OCO,31,,20.0,4.0,,0 days 01:04:55.578000,18.8,38.259,,0 days 01:04:00.297000,0 days 01:04:38.562000,,218.0,157.0,,276.0,False,SOFT,2.0,True,Alpine,0 days 01:03:41.459000,2023-05-27 14:50:49.579,12,,False,,False,False,,
101,0 days 01:13:30.931000,OCO,31,0 days 00:01:32.603000,21.0,5.0,0 days 01:11:59.620000,,30.87,39.626,22.107,0 days 01:12:29.198000,0 days 01:13:08.824000,0 days 01:13:30.931000,164.0,172.0,267.0,260.0,False,SOFT,3.0,False,Alpine,0 days 01:11:58.328000,2023-05-27 14:59:06.448,1,,False,,False,False,92.603,92.603
102,0 days 01:14:43.164000,OCO,31,0 days 00:01:12.233000,22.0,5.0,,,18.882,34.187,19.164,0 days 01:13:49.813000,0 days 01:14:24,0 days 01:14:43.164000,216.0,203.0,268.0,279.0,True,SOFT,4.0,False,Alpine,0 days 01:13:30.931000,2023-05-27 15:00:39.051,1,,False,,False,True,72.233,72.233
103,0 days 01:17:37.349000,OCO,31,,23.0,5.0,,0 days 01:16:03.883000,22.783,41.019,,0 days 01:15:05.993000,0 days 01:15:47.024000,,165.0,161.0,,207.0,False,SOFT,5.0,False,Alpine,0 days 01:14:43.164000,2023-05-27 15:01:51.284,1,,False,,False,False,,
104,0 days 01:19:10.404000,OCO,31,0 days 00:01:33.055000,24.0,6.0,0 days 01:17:38.022000,,30.019,39.747,23.289,0 days 01:18:07.368000,0 days 01:18:47.115000,0 days 01:19:10.404000,164.0,157.0,267.0,261.0,False,SOFT,1.0,True,Alpine,0 days 01:17:37.349000,2023-05-27 15:04:45.469,1,,False,,False,False,93.055,93.05499999999999
105,0 days 01:20:21.957000,OCO,31,0 days 00:01:11.553000,25.0,6.0,,,18.728,33.903,18.922,0 days 01:19:29.132000,0 days 01:20:03.035000,0 days 01:20:21.957000,216.0,206.0,267.0,278.0,True,SOFT,2.0,True,Alpine,0 days 01:19:10.404000,2023-05-27 15:06:18.524,1,,False,,False,True,71.553,71.553
106,0 days 01:21:43.957000,OCO,31,,26.0,6.0,,0 days 01:21:43.957000,24.097,41.421,,0 days 01:20:46.052000,0 days 01:21:27.473000,,114.0,161.0,,245.0,False,SOFT,3.0,True,Alpine,0 days 01:20:21.957000,2023-05-27 15:07:30.077,1,,False,,False,False,,
107,0 days 00:16:12.167000,SAI,55,0 days 00:01:52.924000,1.0,1.0,0 days 00:14:22.206000,,44.399,41.901,26.624,0 days 00:15:03.659000,0 days 00:15:45.596000,0 days 00:16:12.471000,144.0,177.0,270.0,275.0,False,SOFT,1.0,True,Ferrari,0 days 00:14:22.206000,2023-05-27 14:01:30.326,1,,True,TRACK LIMITS AT TURN 10 LAP 2 ,False,False,112.924,112.924
108,0 days 00:17:27.173000,SAI,55,0 days 00:01:15.006000,2.0,1.0,,,19.797,35.278,19.931,0 days 00:16:31.964000,0 days 00:17:07.242000,0 days 00:17:27.173000,209.0,193.0,270.0,282.0,True,SOFT,2.0,True,Ferrari,0 days 00:16:12.167000,2023-05-27 14:03:20.287,1,,False,,False,True,75.006,75.006
109,0 days 00:19:25.776000,SAI,55,0 days 00:01:58.603000,3.0,1.0,,,31.791,56.885,29.927,0 days 00:17:58.964000,0 days 00:18:55.849000,0 days 00:19:25.776000,101.0,89.0,270.0,167.0,False,SOFT,3.0,True,Ferrari,0 days 00:17:27.173000,2023-05-27 14:04:35.293,12,,False,,False,True,118.603,118.60300000000001
110,0 days 00:30:29.702000,SAI,55,,4.0,1.0,,0 days 00:21:09.748000,,,,,,,,,,,False,SOFT,4.0,True,Ferrari,0 days 00:19:25.776000,2023-05-27 14:06:33.896,251,,False,,False,False,,
111,0 days 00:32:15.387000,SAI,55,0 days 00:01:45.685000,5.0,2.0,0 days 00:30:31.008000,,38.202,40.282,27.201,0 days 00:31:07.904000,0 days 00:31:48.186000,0 days 00:32:15.387000,189.0,184.0,270.0,273.0,False,SOFT,5.0,False,Ferrari,0 days 00:30:31.008000,2023-05-27 14:17:39.128,1,,False,,False,False,105.685,105.685
112,0 days 00:33:28.920000,SAI,55,0 days 00:01:13.533000,6.0,2.0,,,19.436,34.701,19.396,0 days 00:32:34.823000,0 days 00:33:09.524000,0 days 00:33:28.920000,214.0,197.0,270.0,282.0,True,SOFT,6.0,False,Ferrari,0 days 00:32:15.387000,2023-05-27 14:19:23.507,1,,False,,False,True,73.533,73.533
113,0 days 00:35:35.985000,SAI,55,0 days 00:02:07.065000,7.0,2.0,,,31.795,62.819,32.451,0 days 00:34:00.715000,0 days 00:35:03.534000,0 days 00:35:35.985000,107.0,105.0,269.0,140.0,False,SOFT,7.0,False,Ferrari,0 days 00:33:28.920000,2023-05-27 14:20:37.040,1,,False,,False,True,127.065,127.065
114,0 days 00:36:58.284000,SAI,55,0 days 00:01:22.299000,8.0,2.0,,,19.306,35.737,27.256,0 days 00:35:55.291000,0 days 00:36:31.028000,0 days 00:36:58.284000,215.0,149.0,176.0,280.0,False,SOFT,8.0,False,Ferrari,0 days 00:35:35.985000,2023-05-27 14:22:44.105,1,,False,,False,True,82.299,82.299
115,0 days 00:38:52.777000,SAI,55,0 days 00:01:54.493000,9.0,2.0,,0 days 00:38:28.877000,27.695,47.043,39.755,0 days 00:37:25.979000,0 days 00:38:13.022000,0 days 00:38:52.777000,138.0,154.0,,196.0,False,SOFT,9.0,False,Ferrari,0 days 00:36:58.284000,2023-05-27 14:24:06.404,1,,False,,False,False,114.493,114.493
116,0 days 00:40:44.978000,SAI,55,0 days 00:01:52.201000,10.0,3.0,0 days 00:38:53.455000,,28.94,39.979,43.282,0 days 00:39:21.717000,0 days 00:40:01.696000,0 days 00:40:44.978000,156.0,144.0,270.0,272.0,False,SOFT,1.0,True,Ferrari,0 days 00:38:52.777000,2023-05-27 14:26:00.897,1,,False,,False,False,112.201,112.201
117,0 days 00:41:57.695000,SAI,55,0 days 00:01:12.717000,11.0,3.0,,,19.027,34.402,19.288,0 days 00:41:04.005000,0 days 00:41:38.407000,0 days 00:41:57.695000,217.0,201.0,270.0,286.0,True,SOFT,2.0,True,Ferrari,0 days 00:40:44.978000,2023-05-27 14:27:53.098,1,,False,,False,True,72.717,72.717
118,0 days 00:49:14.330000,SAI,55,,12.0,3.0,,0 days 00:43:25.436000,26.155,44.343,,0 days 00:42:23.859000,0 days 00:43:08.218000,,137.0,155.0,,213.0,False,SOFT,3.0,True,Ferrari,0 days 00:41:57.695000,2023-05-27 14:29:05.815,12,,False,,False,False,,
119,0 days 00:50:54.423000,SAI,55,0 days 00:01:40.093000,13.0,4.0,0 days 00:49:15.339000,,32.677,41.498,25.918,0 days 00:49:47.007000,0 days 00:50:28.505000,0 days 00:50:54.423000,179.0,184.0,269.0,273.0,False,SOFT,1.0,True,Ferrari,0 days 00:49:14.330000,2023-05-27 14:36:22.450,1,,False,,False,False,100.093,100.09299999999999
120,0 days 00:52:06.726000,SAI,55,0 days 00:01:12.303000,14.0,4.0,,,18.957,34.217,19.129,0 days 00:51:13.380000,0 days 00:51:47.597000,0 days 00:52:06.726000,218.0,202.0,269.0,281.0,True,SOFT,2.0,True,Ferrari,0 days 00:50:54.423000,2023-05-27 14:38:02.543,1,,False,,False,True,72.303,72.303
121,0 days 00:54:07.779000,SAI,55,0 days 00:02:01.053000,15.0,4.0,,,28.4,57.303,35.35,0 days 00:52:35.126000,0 days 00:53:32.429000,0 days 00:54:07.779000,119.0,105.0,270.0,163.0,False,SOFT,3.0,True,Ferrari,0 days 00:52:06.726000,2023-05-27 14:39:14.846,1,,False,,False,True,121.053,121.053
122,0 days 00:56:37.875000,SAI,55,,16.0,4.0,,0 days 00:55:16.819000,19.156,34.646,96.298,0 days 00:54:26.976000,0 days 00:55:01.631000,0 days 00:56:38.099000,215.0,194.0,,281.0,False,SOFT,4.0,True,Ferrari,0 days 00:54:07.779000,2023-05-27 14:41:15.899,1,,False,,False,False,,150.1
123,0 days 00:58:11.592000,SAI,55,0 days 00:01:33.717000,17.0,5.0,0 days 00:56:38.693000,,30.894,39.04,23.783,0 days 00:57:08.769000,0 days 00:57:47.809000,0 days 00:58:11.592000,190.0,181.0,270.0,271.0,False,SOFT,1.0,True,Ferrari,0 days 00:56:37.875000,2023-05-27 14:43:45.995,1,,False,,False,False,93.717,93.717
124,0 days 00:59:57.586000,SAI,55,0 days 00:01:45.994000,18.0,5.0,,,18.871,54.374,32.749,0 days 00:58:30.463000,0 days 00:59:24.837000,0 days 00:59:57.586000,219.0,117.0,269.0,88.0,False,SOFT,2.0,True,Ferrari,0 days 00:58:11.592000,2023-05-27 14:45:19.712,1,,False,,False,True,105.994,105.994
125,0 days 01:01:09.877000,SAI,55,0 days 00:01:12.291000,19.0,5.0,,,18.939,34.235,19.117,0 days 01:00:16.525000,0 days 01:00:50.760000,0 days 01:01:09.877000,219.0,205.0,270.0,280.0,True,SOFT,3.0,True,Ferrari,0 days 00:59:57.586000,2023-05-27 14:47:05.706,1,,False,,False,True,72.291,72.291
126,0 days 01:03:10.360000,SAI,55,0 days 00:02:00.483000,20.0,5.0,,,28.569,57.026,34.888,0 days 01:01:38.446000,0 days 01:02:35.472000,0 days 01:03:10.360000,87.0,141.0,270.0,174.0,False,SOFT,4.0,True,Ferrari,0 days 01:01:09.877000,2023-05-27 14:48:17.997,1,,False,,False,True,120.483,120.483
127,0 days 01:04:22.570000,SAI,55,0 days 00:01:12.210000,21.0,5.0,,,18.901,34.204,19.105,0 days 01:03:29.261000,0 days 01:04:03.465000,0 days 01:04:22.570000,219.0,203.0,270.0,282.0,True,SOFT,5.0,True,Ferrari,0 days 01:03:10.360000,2023-05-27 14:50:18.480,1,,False,,False,True,72.21,72.21000000000001
128,0 days 01:12:51.276000,SAI,55,,22.0,5.0,,0 days 01:05:50.062000,25.683,43.257,,0 days 01:04:48.265000,0 days 01:05:31.531000,,138.0,141.0,,240.0,False,SOFT,6.0,True,Ferrari,0 days 01:04:22.570000,2023-05-27 14:51:30.690,12,,False,,False,False,,
129,0 days 01:14:22.131000,SAI,55,0 days 00:01:30.855000,23.0,6.0,0 days 01:12:52.072000,,28.571,39.662,22.622,0 days 01:13:19.847000,0 days 01:13:59.509000,0 days 01:14:22.131000,191.0,186.0,271.0,273.0,False,SOFT,1.0,True,Ferrari,0 days 01:12:51.276000,2023-05-27 14:59:59.396,1,,False,,False,False,90.855,90.855
130,0 days 01:15:33.866000,SAI,55,0 days 00:01:11.735000,24.0,6.0,,,18.774,33.935,19.026,0 days 01:14:40.905000,0 days 01:15:14.840000,0 days 01:15:33.866000,219.0,204.0,270.0,281.0,True,SOFT,2.0,True,Ferrari,0 days 01:14:22.131000,2023-05-27 15:01:30.251,1,,False,,False,True,71.735,71.735
131,0 days 01:19:49.636000,SAI,55,,25.0,6.0,,0 days 01:16:58.913000,25.97,42.762,,0 days 01:15:59.836000,0 days 01:16:42.601000,,137.0,158.0,,243.0,False,SOFT,3.0,True,Ferrari,0 days 01:15:33.866000,2023-05-27 15:02:41.986,1,,False,,False,False,,
132,0 days 01:21:28.920000,SAI,55,0 days 00:01:39.284000,26.0,7.0,0 days 01:19:50.349000,,31.437,42.705,25.142,0 days 01:20:21.073000,0 days 01:21:03.778000,0 days 01:21:28.920000,159.0,184.0,270.0,274.0,False,SOFT,1.0,True,Ferrari,0 days 01:19:49.636000,2023-05-27 15:06:57.756,1,,False,,False,False,99.284,99.28399999999999
133,0 days 01:22:40.550000,SAI,55,0 days 00:01:11.630000,27.0,7.0,,,18.839,33.856,18.935,0 days 01:21:47.759000,0 days 01:22:21.615000,0 days 01:22:40.550000,219.0,206.0,270.0,281.0,True,SOFT,2.0,True,Ferrari,0 days 01:21:28.920000,2023-05-27 15:08:37.040,1,,False,,False,True,71.63,71.63
134,0 days 01:24:13.330000,SAI,55,,28.0,7.0,,0 days 01:24:13.330000,27.672,45.883,,0 days 01:23:08.253000,0 days 01:23:54.143000,,118.0,163.0,,233.0,False,SOFT,3.0,True,Ferrari,0 days 01:22:40.550000,2023-05-27 15:09:48.670,1,,False,,False,False,,
135,0 days 00:15:37.680000,HAM,44,0 days 00:01:44.435000,1.0,1.0,0 days 00:13:54.253000,,31.443,44.43,28.562,0 days 00:14:24.706000,0 days 00:15:09.143000,0 days 00:15:37.768000,146.0,172.0,268.0,262.0,False,SOFT,1.0,True,Mercedes,0 days 00:13:54.253000,2023-05-27 14:01:02.373,1,,False,,False,False,104.435,104.435
136,0 days 00:16:52.113000,HAM,44,0 days 00:01:14.433000,2.0,1.0,,,19.592,35.223,19.618,0 days 00:15:57.272000,0 days 00:16:32.495000,0 days 00:16:52.113000,215.0,197.0,269.0,280.0,True,SOFT,2.0,True,Mercedes,0 days 00:15:37.680000,2023-05-27 14:02:45.800,1,,False,,False,True,74.433,74.43299999999999
137,0 days 00:18:46.112000,HAM,44,0 days 00:01:53.999000,3.0,1.0,,,36.497,51.933,25.569,0 days 00:17:28.610000,0 days 00:18:20.543000,0 days 00:18:46.112000,99.0,167.0,269.0,209.0,False,SOFT,3.0,True,Mercedes,0 days 00:16:52.113000,2023-05-27 14:04:00.233,1,,False,,False,True,113.999,113.99900000000001
138,0 days 00:30:08.483000,HAM,44,,4.0,1.0,,0 days 00:20:25.233000,23.427,,,0 days 00:19:09.578000,,,135.0,,,,False,SOFT,4.0,True,Mercedes,0 days 00:18:46.112000,2023-05-27 14:05:54.232,125,,False,,False,False,,
139,0 days 00:31:47.664000,HAM,44,0 days 00:01:39.181000,5.0,2.0,0 days 00:30:09.414000,,27.92,41.888,29.373,0 days 00:30:36.403000,0 days 00:31:18.291000,0 days 00:31:47.664000,158.0,162.0,268.0,262.0,False,SOFT,5.0,False,Mercedes,0 days 00:30:09.414000,2023-05-27 14:17:17.534,1,,False,,False,False,99.181,99.181
140,0 days 00:33:01.513000,HAM,44,0 days 00:01:13.849000,6.0,2.0,,,19.49,34.972,19.387,0 days 00:32:07.154000,0 days 00:32:42.126000,0 days 00:33:01.513000,213.0,198.0,269.0,280.0,True,SOFT,6.0,False,Mercedes,0 days 00:31:47.664000,2023-05-27 14:18:55.784,1,,False,,False,True,73.849,73.849
141,0 days 00:34:46.257000,HAM,44,0 days 00:01:44.744000,7.0,2.0,,,33.658,44.089,26.997,0 days 00:33:35.171000,0 days 00:34:19.260000,0 days 00:34:46.257000,141.0,149.0,270.0,248.0,False,SOFT,7.0,False,Mercedes,0 days 00:33:01.513000,2023-05-27 14:20:09.633,1,,False,,False,True,104.744,104.744
142,0 days 00:35:59.694000,HAM,44,0 days 00:01:13.437000,8.0,2.0,,,19.13,34.736,19.571,0 days 00:35:05.387000,0 days 00:35:40.123000,0 days 00:35:59.694000,216.0,197.0,272.0,281.0,True,SOFT,8.0,False,Mercedes,0 days 00:34:46.257000,2023-05-27 14:21:54.377,1,,False,,False,True,73.437,73.437
143,0 days 00:37:53.296000,HAM,44,0 days 00:01:53.602000,9.0,2.0,,0 days 00:37:27.925000,27.748,43.569,42.285,0 days 00:36:27.442000,0 days 00:37:11.011000,0 days 00:37:53.296000,101.0,173.0,,257.0,False,SOFT,9.0,False,Mercedes,0 days 00:35:59.694000,2023-05-27 14:23:07.814,1,,False,,False,False,113.602,113.602
144,0 days 00:39:18.652000,HAM,44,0 days 00:01:25.356000,10.0,3.0,0 days 00:37:53.956000,,24.188,38.214,22.954,0 days 00:38:17.484000,0 days 00:38:55.698000,0 days 00:39:18.652000,179.0,184.0,271.0,264.0,False,SOFT,1.0,True,Mercedes,0 days 00:37:53.296000,2023-05-27 14:25:01.416,1,,False,,False,False,85.356,85.356
145,0 days 00:40:49.612000,HAM,44,0 days 00:01:30.960000,11.0,3.0,,,19.015,38.975,32.97,0 days 00:39:37.667000,0 days 00:40:16.642000,0 days 00:40:49.612000,217.0,115.0,271.0,283.0,False,SOFT,2.0,True,Mercedes,0 days 00:39:18.652000,2023-05-27 14:26:26.772,1,,True,TRACK LIMITS AT TURN 10 LAP 12 ,False,True,90.96,90.96000000000001
146,0 days 00:42:02.484000,HAM,44,0 days 00:01:12.872000,12.0,3.0,,,19.042,34.519,19.311,0 days 00:41:08.654000,0 days 00:41:43.173000,0 days 00:42:02.484000,217.0,201.0,271.0,283.0,True,SOFT,3.0,True,Mercedes,0 days 00:40:49.612000,2023-05-27 14:27:57.732,1,,False,,False,True,72.872,72.872
147,0 days 00:49:06.162000,HAM,44,,13.0,3.0,,0 days 00:43:28.124000,26.381,41.818,,0 days 00:42:29.015000,0 days 00:43:10.718000,,120.0,147.0,,245.0,False,SOFT,4.0,True,Mercedes,0 days 00:42:02.484000,2023-05-27 14:29:10.604,12,,False,,False,False,,
148,0 days 00:50:38.865000,HAM,44,0 days 00:01:32.703000,14.0,4.0,0 days 00:49:07.042000,,26.56,39.4,26.743,0 days 00:49:32.722000,0 days 00:50:12.122000,0 days 00:50:38.865000,166.0,179.0,269.0,263.0,False,SOFT,1.0,True,Mercedes,0 days 00:49:06.162000,2023-05-27 14:36:14.282,1,,False,,False,False,92.703,92.70299999999999
149,0 days 00:51:51.680000,HAM,44,0 days 00:01:12.815000,15.0,4.0,,,18.997,34.465,19.353,0 days 00:50:57.862000,0 days 00:51:32.327000,0 days 00:51:51.680000,213.0,200.0,269.0,279.0,True,SOFT,2.0,True,Mercedes,0 days 00:50:38.865000,2023-05-27 14:37:46.985,1,,False,,False,True,72.815,72.815
150,0 days 00:53:48.285000,HAM,44,0 days 00:01:56.605000,16.0,4.0,,,30.724,57.117,28.764,0 days 00:52:22.404000,0 days 00:53:19.521000,0 days 00:53:48.285000,99.0,133.0,270.0,213.0,False,SOFT,3.0,True,Mercedes,0 days 00:51:51.680000,2023-05-27 14:38:59.800,1,,False,,False,True,116.605,116.60499999999999
151,0 days 00:55:01.034000,HAM,44,0 days 00:01:12.749000,17.0,4.0,,,19.009,34.354,19.386,0 days 00:54:07.294000,0 days 00:54:41.648000,0 days 00:55:01.034000,219.0,200.0,269.0,280.0,True,SOFT,4.0,True,Mercedes,0 days 00:53:48.285000,2023-05-27 14:40:56.405,1,,False,,False,True,72.749,72.749
152,0 days 00:56:46.424000,HAM,44,0 days 00:01:45.390000,18.0,4.0,,0 days 00:56:16.459000,22.448,38.369,44.573,0 days 00:55:23.482000,0 days 00:56:01.851000,0 days 00:56:46.424000,172.0,183.0,,251.0,False,SOFT,5.0,True,Mercedes,0 days 00:55:01.034000,2023-05-27 14:42:09.154,1,,False,,False,False,105.39,105.39
153,0 days 00:58:18.495000,HAM,44,0 days 00:01:32.071000,19.0,5.0,0 days 00:56:47.130000,,24.224,42.994,24.853,0 days 00:57:10.648000,0 days 00:57:53.642000,0 days 00:58:18.495000,187.0,184.0,271.0,262.0,False,SOFT,1.0,True,Mercedes,0 days 00:56:46.424000,2023-05-27 14:43:54.544,1,,False,,False,False,92.071,92.071
154,0 days 00:59:30.933000,HAM,44,0 days 00:01:12.438000,20.0,5.0,,,18.932,34.288,19.218,0 days 00:58:37.427000,0 days 00:59:11.715000,0 days 00:59:30.933000,218.0,203.0,270.0,280.0,True,SOFT,2.0,True,Mercedes,0 days 00:58:18.495000,2023-05-27 14:45:26.615,1,,False,,False,True,72.438,72.438
155,0 days 01:01:28.158000,HAM,44,0 days 00:01:57.225000,21.0,5.0,,0 days 01:00:58.549000,27.305,44.309,45.611,0 days 00:59:58.238000,0 days 01:00:42.547000,0 days 01:01:28.158000,143.0,155.0,,238.0,False,SOFT,3.0,True,Mercedes,0 days 00:59:30.933000,2023-05-27 14:46:39.053,1,,False,,False,False,117.225,117.225
156,0 days 01:03:29.328000,HAM,44,0 days 00:02:01.170000,22.0,6.0,0 days 01:01:28.861000,,24.801,45.617,50.752,0 days 01:01:52.959000,0 days 01:02:38.576000,0 days 01:03:29.328000,176.0,164.0,271.0,242.0,False,SOFT,1.0,True,Mercedes,0 days 01:01:28.158000,2023-05-27 14:48:36.278,1,,False,,False,False,121.17,121.16999999999999
157,0 days 01:04:41.484000,HAM,44,0 days 00:01:12.156000,23.0,6.0,,,18.954,34.138,19.064,0 days 01:03:48.282000,0 days 01:04:22.420000,0 days 01:04:41.484000,218.0,202.0,271.0,282.0,True,SOFT,2.0,True,Mercedes,0 days 01:03:29.328000,2023-05-27 14:50:37.448,1,,False,,False,True,72.156,72.156
158,0 days 01:12:58.795000,HAM,44,,24.0,6.0,,0 days 01:06:05.233000,26.843,41.094,,0 days 01:05:08.375000,0 days 01:05:49.468000,,152.0,160.0,,248.0,False,SOFT,3.0,True,Mercedes,0 days 01:04:41.484000,2023-05-27 14:51:49.604,12,,False,,False,False,,
159,0 days 01:14:28.183000,HAM,44,0 days 00:01:29.388000,25.0,7.0,0 days 01:12:59.510000,,25.765,39.243,24.38,0 days 01:13:24.560000,0 days 01:14:03.803000,0 days 01:14:28.183000,177.0,186.0,270.0,264.0,False,SOFT,1.0,True,Mercedes,0 days 01:12:58.795000,2023-05-27 15:00:06.915,1,,False,,False,False,89.388,89.388
160,0 days 01:15:40.524000,HAM,44,0 days 00:01:12.341000,26.0,7.0,,,18.854,34.296,19.191,0 days 01:14:47.037000,0 days 01:15:21.333000,0 days 01:15:40.524000,221.0,204.0,270.0,280.0,True,SOFT,2.0,True,Mercedes,0 days 01:14:28.183000,2023-05-27 15:01:36.303,1,,False,,False,True,72.341,72.341
161,0 days 01:17:22.460000,HAM,44,0 days 00:01:41.936000,27.0,7.0,,0 days 01:16:55.788000,22.113,38.168,41.655,0 days 01:16:02.637000,0 days 01:16:40.805000,0 days 01:17:22.460000,187.0,179.0,,253.0,False,SOFT,3.0,True,Mercedes,0 days 01:15:40.524000,2023-05-27 15:02:48.644,1,,False,,False,False,101.936,101.936
162,0 days 01:18:45.866000,HAM,44,0 days 00:01:23.406000,28.0,8.0,0 days 01:17:23.179000,,25.235,37.792,20.379,0 days 01:17:47.695000,0 days 01:18:25.487000,0 days 01:18:45.866000,179.0,189.0,270.0,266.0,False,SOFT,4.0,False,Mercedes,0 days 01:17:22.460000,2023-05-27 15:04:30.580,1,,False,,False,False,83.406,83.406
163,0 days 01:19:57.591000,HAM,44,0 days 00:01:11.725000,29.0,8.0,,,18.757,33.929,19.039,0 days 01:19:04.623000,0 days 01:19:38.552000,0 days 01:19:57.591000,220.0,203.0,269.0,280.0,True,SOFT,5.0,False,Mercedes,0 days 01:18:45.866000,2023-05-27 15:05:53.986,1,,False,,False,True,71.725,71.72500000000001
164,0 days 01:21:23.410000,HAM,44,,30.0,8.0,,0 days 01:21:23.410000,25.304,42.813,,0 days 01:20:22.958000,0 days 01:21:05.770000,,160.0,149.0,,238.0,False,SOFT,6.0,False,Mercedes,0 days 01:19:57.591000,2023-05-27 15:07:05.711,1,,False,,False,False,,
165,0 days 00:14:53.753000,GAS,10,0 days 00:01:39.199000,1.0,1.0,0 days 00:13:15.613000,,29.0,43.826,26.373,0 days 00:13:43.582000,0 days 00:14:27.440000,0 days 00:14:53.753000,179.0,166.0,268.0,265.0,False,SOFT,1.0,True,Alpine,0 days 00:13:15.613000,2023-05-27 14:00:23.733,1,,False,,False,False,99.199,99.199
166,0 days 00:16:09.634000,GAS,10,0 days 00:01:15.881000,2.0,1.0,,,20.03,35.533,20.318,0 days 00:15:13.783000,0 days 00:15:49.316000,0 days 00:16:09.634000,207.0,192.0,268.0,283.0,True,SOFT,2.0,True,Alpine,0 days 00:14:53.753000,2023-05-27 14:02:01.873,1,,False,,False,True,75.881,75.881
167,0 days 00:17:55.629000,GAS,10,0 days 00:01:45.995000,3.0,1.0,,,29.054,47.556,29.385,0 days 00:16:38.688000,0 days 00:17:26.244000,0 days 00:17:55.629000,151.0,141.0,268.0,234.0,False,SOFT,3.0,True,Alpine,0 days 00:16:09.634000,2023-05-27 14:03:17.754,1,,False,,False,True,105.995,105.995
168,0 days 00:19:09.574000,GAS,10,0 days 00:01:13.945000,4.0,1.0,,,19.412,34.743,19.79,0 days 00:18:15.041000,0 days 00:18:49.784000,0 days 00:19:09.574000,217.0,199.0,268.0,283.0,True,SOFT,4.0,True,Alpine,0 days 00:17:55.629000,2023-05-27 14:05:03.749,1,,False,,False,True,73.945,73.945
169,0 days 00:31:40.289000,GAS,10,,5.0,1.0,,0 days 00:21:00.108000,27.681,,,0 days 00:19:37.359000,,,157.0,,,,False,SOFT,5.0,True,Alpine,0 days 00:19:09.574000,2023-05-27 14:06:17.694,125,,False,,False,False,,
170,0 days 00:33:09.659000,GAS,10,0 days 00:01:29.370000,6.0,2.0,0 days 00:31:40.976000,,27.612,40.283,21.475,0 days 00:32:07.901000,0 days 00:32:48.184000,0 days 00:33:09.659000,127.0,172.0,269.0,272.0,False,SOFT,1.0,True,Alpine,0 days 00:31:40.976000,2023-05-27 14:18:49.096,1,,False,,False,False,89.37,89.37
171,0 days 00:34:22.692000,GAS,10,0 days 00:01:13.033000,7.0,2.0,,,19.268,34.422,19.343,0 days 00:33:28.927000,0 days 00:34:03.349000,0 days 00:34:22.692000,220.0,197.0,266.0,281.0,True,SOFT,2.0,True,Alpine,0 days 00:33:09.659000,2023-05-27 14:20:17.779,1,,False,,False,True,73.033,73.033
172,0 days 00:36:07.101000,GAS,10,0 days 00:01:44.409000,8.0,2.0,,,26.399,48.167,29.843,0 days 00:34:49.091000,0 days 00:35:37.258000,0 days 00:36:07.101000,96.0,139.0,268.0,247.0,False,SOFT,3.0,True,Alpine,0 days 00:34:22.692000,2023-05-27 14:21:30.812,1,,False,,False,True,104.409,104.409
173,0 days 00:37:20.765000,GAS,10,0 days 00:01:13.664000,9.0,2.0,,,19.328,34.661,19.675,0 days 00:36:26.429000,0 days 00:37:01.090000,0 days 00:37:20.765000,209.0,200.0,259.0,282.0,False,SOFT,4.0,True,Alpine,0 days 00:36:07.101000,2023-05-27 14:23:15.221,1,,False,,False,True,73.664,73.664
174,0 days 00:39:12.828000,GAS,10,0 days 00:01:52.063000,10.0,2.0,,,26.826,56.891,28.346,0 days 00:37:47.591000,0 days 00:38:44.482000,0 days 00:39:12.828000,65.0,84.0,268.0,219.0,False,SOFT,5.0,True,Alpine,0 days 00:37:20.765000,2023-05-27 14:24:28.885,1,,False,,False,True,112.063,112.063
175,0 days 00:40:26.078000,GAS,10,0 days 00:01:13.250000,11.0,2.0,,,19.142,34.582,19.526,0 days 00:39:31.970000,0 days 00:40:06.552000,0 days 00:40:26.078000,219.0,202.0,268.0,283.0,False,SOFT,6.0,True,Alpine,0 days 00:39:12.828000,2023-05-27 14:26:20.948,1,,False,,False,True,73.25,73.25
176,0 days 00:49:55.800000,GAS,10,,12.0,2.0,,0 days 00:42:09.468000,27.19,50.008,,0 days 00:40:53.329000,0 days 00:41:43.312000,,87.0,80.0,,236.0,False,SOFT,7.0,True,Alpine,0 days 00:40:26.078000,2023-05-27 14:27:34.198,12,,False,,False,False,,
177,0 days 00:51:29.989000,GAS,10,0 days 00:01:34.189000,13.0,3.0,0 days 00:49:56.510000,,25.828,44.023,24.338,0 days 00:50:21.628000,0 days 00:51:05.651000,0 days 00:51:29.989000,171.0,170.0,269.0,257.0,False,SOFT,1.0,True,Alpine,0 days 00:49:55.800000,2023-05-27 14:37:03.920,1,,False,,False,False,94.189,94.189
178,0 days 00:52:42.158000,GAS,10,0 days 00:01:12.169000,14.0,3.0,,,18.935,34.06,19.174,0 days 00:51:48.924000,0 days 00:52:22.984000,0 days 00:52:42.158000,221.0,205.0,267.0,282.0,True,SOFT,2.0,True,Alpine,0 days 00:51:29.989000,2023-05-27 14:38:38.109,1,,False,,False,True,72.169,72.16900000000001
179,0 days 00:54:33.586000,GAS,10,0 days 00:01:51.428000,15.0,3.0,,,28.693,54.357,28.378,0 days 00:53:10.851000,0 days 00:54:05.208000,0 days 00:54:33.586000,76.0,119.0,268.0,243.0,False,SOFT,3.0,True,Alpine,0 days 00:52:42.158000,2023-05-27 14:39:50.278,1,,False,,False,True,111.428,111.428
180,0 days 00:55:46.727000,GAS,10,0 days 00:01:13.141000,16.0,3.0,,,19.168,34.462,19.511,0 days 00:54:52.754000,0 days 00:55:27.216000,0 days 00:55:46.727000,217.0,199.0,267.0,284.0,False,SOFT,4.0,True,Alpine,0 days 00:54:33.586000,2023-05-27 14:41:41.706,1,,False,,False,True,73.141,73.141
181,0 days 01:01:49.118000,GAS,10,,17.0,3.0,,0 days 00:57:14.302000,24.078,47.683,,0 days 00:56:10.818000,0 days 00:56:58.505000,,100.0,164.0,,252.0,False,SOFT,5.0,True,Alpine,0 days 00:55:46.727000,2023-05-27 14:42:54.847,1,,False,,False,False,,
182,0 days 01:03:48.973000,GAS,10,0 days 00:01:59.855000,18.0,4.0,0 days 01:01:49.767000,,26.696,42.979,50.18,0 days 01:02:15.814000,0 days 01:02:58.793000,0 days 01:03:48.973000,179.0,121.0,267.0,264.0,False,SOFT,1.0,True,Alpine,0 days 01:01:49.118000,2023-05-27 14:48:57.238,1,,False,,False,False,119.855,119.85499999999999
183,0 days 01:12:29.207000,GAS,10,,19.0,4.0,,0 days 01:05:09.468000,19.136,41.967,,0 days 01:04:08.110000,0 days 01:04:50.078000,,219.0,135.0,,227.0,False,SOFT,2.0,True,Alpine,0 days 01:03:48.973000,2023-05-27 14:50:57.093,12,,False,,False,False,,
184,0 days 01:14:02.415000,GAS,10,0 days 00:01:33.208000,20.0,5.0,0 days 01:12:29.854000,,25.592,44.023,23.593,0 days 01:12:54.799000,0 days 01:13:38.822000,0 days 01:14:02.415000,167.0,146.0,268.0,240.0,False,SOFT,3.0,False,Alpine,0 days 01:12:29.207000,2023-05-27 14:59:37.327,1,,True,TRACK LIMITS AT TURN 10 LAP 21 ,False,False,93.208,93.20800000000001
185,0 days 01:15:14.667000,GAS,10,0 days 00:01:12.252000,21.0,5.0,,,19.018,34.095,19.139,0 days 01:14:21.433000,0 days 01:14:55.528000,0 days 01:15:14.667000,220.0,202.0,266.0,281.0,True,SOFT,4.0,False,Alpine,0 days 01:14:02.415000,2023-05-27 15:01:10.535,1,,False,,False,True,72.252,72.252
186,0 days 01:18:15.226000,GAS,10,,22.0,5.0,,0 days 01:16:39.085000,25.616,42.232,,0 days 01:15:40.305000,0 days 01:16:22.508000,,176.0,160.0,,251.0,False,SOFT,5.0,False,Alpine,0 days 01:15:14.667000,2023-05-27 15:02:22.787,1,,False,,False,False,,
187,0 days 01:19:43.267000,GAS,10,0 days 00:01:28.041000,23.0,6.0,0 days 01:18:15.928000,,25.296,40.744,22.001,0 days 01:18:40.522000,0 days 01:19:21.266000,0 days 01:19:43.267000,183.0,175.0,269.0,274.0,False,SOFT,1.0,True,Alpine,0 days 01:18:15.226000,2023-05-27 15:05:23.346,1,,False,,False,False,88.041,88.041
188,0 days 01:20:55.200000,GAS,10,0 days 00:01:11.933000,24.0,6.0,,,18.841,34.003,19.089,0 days 01:20:02.108000,0 days 01:20:36.111000,0 days 01:20:55.200000,221.0,203.0,266.0,280.0,True,SOFT,2.0,True,Alpine,0 days 01:19:43.267000,2023-05-27 15:06:51.387,1,,False,,False,True,71.933,71.93299999999999
189,0 days 01:22:28.472000,GAS,10,,25.0,6.0,,0 days 01:22:28.472000,27.233,44.073,,0 days 01:21:22.442000,0 days 01:22:06.519000,,123.0,166.0,,245.0,False,SOFT,3.0,True,Alpine,0 days 01:20:55.200000,2023-05-27 15:08:03.320,1,,False,,False,False,,
190,0 days 00:15:42.854000,RUS,63,0 days 00:01:46.870000,1.0,1.0,0 days 00:13:57.035000,,29.128,49.163,28.579,0 days 00:14:25.128000,0 days 00:15:14.346000,0 days 00:15:42.893000,140.0,174.0,271.0,273.0,False,SOFT,1.0,True,Mercedes,0 days 00:13:57.035000,2023-05-27 14:01:05.155,1,,False,,False,False,106.87,106.87
191,0 days 00:16:57.185000,RUS,63,0 days 00:01:14.331000,2.0,1.0,,,19.476,35.113,19.742,0 days 00:16:02.330000,0 days 00:16:37.443000,0 days 00:16:57.185000,204.0,199.0,270.0,280.0,True,SOFT,2.0,True,Mercedes,0 days 00:15:42.854000,2023-05-27 14:02:50.974,1,,False,,False,True,74.331,74.331
192,0 days 00:18:52.113000,RUS,63,0 days 00:01:54.928000,3.0,1.0,,,33.868,58.468,22.592,0 days 00:17:31.053000,0 days 00:18:29.521000,0 days 00:18:52.113000,84.0,124.0,269.0,104.0,False,SOFT,3.0,True,Mercedes,0 days 00:16:57.185000,2023-05-27 14:04:05.305,1,,False,,False,True,114.928,114.92800000000001
193,0 days 00:30:21.189000,RUS,63,,4.0,1.0,,0 days 00:20:08.952000,19.234,,,0 days 00:19:11.734000,,,214.0,,,278.0,False,SOFT,4.0,True,Mercedes,0 days 00:18:52.113000,2023-05-27 14:06:00.233,125,,False,,False,False,,
194,0 days 00:31:59.676000,RUS,63,0 days 00:01:38.487000,5.0,2.0,0 days 00:30:22.211000,,35.821,37.728,24.938,0 days 00:30:57.010000,0 days 00:31:34.738000,0 days 00:31:59.676000,178.0,178.0,270.0,270.0,False,SOFT,5.0,False,Mercedes,0 days 00:30:22.211000,2023-05-27 14:17:30.331,1,,False,,False,False,98.487,98.48700000000001
195,0 days 00:33:12.928000,RUS,63,0 days 00:01:13.252000,6.0,2.0,,,19.12,34.774,19.358,0 days 00:32:18.796000,0 days 00:32:53.570000,0 days 00:33:12.928000,214.0,202.0,270.0,280.0,True,SOFT,6.0,False,Mercedes,0 days 00:31:59.676000,2023-05-27 14:19:07.796,1,,False,,False,True,73.252,73.25200000000001
196,0 days 00:35:06.742000,RUS,63,0 days 00:01:53.814000,7.0,2.0,,,31.92,50.596,31.298,0 days 00:33:44.848000,0 days 00:34:35.444000,0 days 00:35:06.742000,94.0,100.0,271.0,231.0,False,SOFT,7.0,False,Mercedes,0 days 00:33:12.928000,2023-05-27 14:20:21.048,1,,False,,False,True,113.814,113.814
197,0 days 00:36:19.771000,RUS,63,0 days 00:01:13.029000,8.0,2.0,,,19.05,34.668,19.311,0 days 00:35:25.792000,0 days 00:36:00.460000,0 days 00:36:19.771000,216.0,203.0,271.0,280.0,True,SOFT,8.0,False,Mercedes,0 days 00:35:06.742000,2023-05-27 14:22:14.862,1,,False,,False,True,73.029,73.029
198,0 days 00:38:16.168000,RUS,63,0 days 00:01:56.397000,9.0,2.0,,0 days 00:37:51.862000,31.433,44.601,40.363,0 days 00:36:51.204000,0 days 00:37:35.805000,0 days 00:38:16.168000,100.0,156.0,,247.0,False,SOFT,9.0,False,Mercedes,0 days 00:36:19.771000,2023-05-27 14:23:27.891,1,,False,,False,False,116.397,116.39699999999999
199,0 days 00:39:41.470000,RUS,63,0 days 00:01:25.302000,10.0,3.0,0 days 00:38:16.784000,,24.496,40.182,20.624,0 days 00:38:40.664000,0 days 00:39:20.846000,0 days 00:39:41.470000,181.0,188.0,270.0,276.0,False,SOFT,1.0,True,Mercedes,0 days 00:38:16.168000,2023-05-27 14:25:24.288,1,,True,TRACK LIMITS AT TURN 10 LAP 11 ,False,False,85.302,85.30199999999999
200,0 days 00:40:54.239000,RUS,63,0 days 00:01:12.769000,11.0,3.0,,,18.92,34.373,19.476,0 days 00:40:00.390000,0 days 00:40:34.763000,0 days 00:40:54.239000,216.0,204.0,274.0,280.0,True,SOFT,2.0,True,Mercedes,0 days 00:39:41.470000,2023-05-27 14:26:49.590,1,,False,,False,True,72.769,72.769
201,0 days 00:48:59.312000,RUS,63,,12.0,3.0,,0 days 00:42:25.921000,28.106,45.475,,0 days 00:41:22.375000,0 days 00:42:07.843000,,104.0,136.0,,205.0,False,SOFT,3.0,True,Mercedes,0 days 00:40:54.239000,2023-05-27 14:28:02.359,12,,False,,False,False,,
202,0 days 00:50:28.434000,RUS,63,0 days 00:01:29.122000,13.0,4.0,0 days 00:49:00.292000,,26.327,42.218,20.577,0 days 00:49:25.639000,0 days 00:50:07.857000,0 days 00:50:28.434000,186.0,181.0,269.0,269.0,False,SOFT,1.0,True,Mercedes,0 days 00:48:59.312000,2023-05-27 14:36:07.432,1,,False,,False,False,89.122,89.122
203,0 days 00:51:41.243000,RUS,63,0 days 00:01:12.809000,14.0,4.0,,,18.994,34.524,19.291,0 days 00:50:47.428000,0 days 00:51:21.952000,0 days 00:51:41.243000,217.0,203.0,271.0,280.0,True,SOFT,2.0,True,Mercedes,0 days 00:50:28.434000,2023-05-27 14:37:36.554,1,,False,,False,True,72.809,72.809
204,0 days 00:53:41.080000,RUS,63,0 days 00:01:59.837000,15.0,4.0,,,33.294,59.472,27.071,0 days 00:52:14.537000,0 days 00:53:14.009000,0 days 00:53:41.080000,96.0,93.0,268.0,137.0,False,SOFT,3.0,True,Mercedes,0 days 00:51:41.243000,2023-05-27 14:38:49.363,1,,False,,False,True,119.837,119.83699999999999
205,0 days 00:54:53.963000,RUS,63,0 days 00:01:12.883000,16.0,4.0,,,18.946,34.624,19.313,0 days 00:54:00.026000,0 days 00:54:34.650000,0 days 00:54:53.963000,216.0,203.0,269.0,279.0,False,SOFT,4.0,True,Mercedes,0 days 00:53:41.080000,2023-05-27 14:40:49.200,1,,False,,False,True,72.883,72.88300000000001
206,0 days 00:56:36.759000,RUS,63,0 days 00:01:42.796000,17.0,4.0,,0 days 00:56:09.615000,21.513,38.963,42.32,0 days 00:55:15.476000,0 days 00:55:54.439000,0 days 00:56:36.759000,172.0,173.0,,251.0,False,SOFT,5.0,True,Mercedes,0 days 00:54:53.963000,2023-05-27 14:42:02.083,1,,False,,False,False,102.796,102.79599999999999
207,0 days 00:57:57.085000,RUS,63,0 days 00:01:20.326000,18.0,5.0,0 days 00:56:37.458000,,23.225,36.884,20.217,0 days 00:56:59.984000,0 days 00:57:36.868000,0 days 00:57:57.085000,195.0,182.0,270.0,272.0,False,SOFT,1.0,True,Mercedes,0 days 00:56:36.759000,2023-05-27 14:43:44.879,1,,False,,False,False,80.326,80.326
208,0 days 00:59:09.236000,RUS,63,0 days 00:01:12.151000,19.0,5.0,,,18.697,34.286,19.168,0 days 00:58:15.782000,0 days 00:58:50.068000,0 days 00:59:09.236000,220.0,206.0,269.0,278.0,True,SOFT,2.0,True,Mercedes,0 days 00:57:57.085000,2023-05-27 14:45:05.205,1,,False,,False,True,72.151,72.15100000000001
209,0 days 01:01:01.018000,RUS,63,0 days 00:01:51.782000,20.0,5.0,,,29.592,51.762,30.428,0 days 00:59:38.828000,0 days 01:00:30.590000,0 days 01:01:01.018000,124.0,133.0,172.0,164.0,False,SOFT,3.0,True,Mercedes,0 days 00:59:09.236000,2023-05-27 14:46:17.356,1,,False,,False,True,111.782,111.782
210,0 days 01:02:51.543000,RUS,63,0 days 00:01:50.525000,21.0,5.0,,,28.801,47.665,34.059,0 days 01:01:29.819000,0 days 01:02:17.484000,0 days 01:02:51.543000,125.0,138.0,269.0,164.0,False,SOFT,4.0,True,Mercedes,0 days 01:01:01.018000,2023-05-27 14:48:09.138,1,,False,,False,True,110.525,110.52499999999999
211,0 days 01:13:12.358000,RUS,63,,22.0,5.0,,0 days 01:04:05.750000,18.849,37.712,,0 days 01:03:10.563000,0 days 01:03:48.141000,,217.0,175.0,,230.0,False,SOFT,5.0,True,Mercedes,0 days 01:02:51.543000,2023-05-27 14:49:59.663,12,,False,,False,False,,
212,0 days 01:14:37.552000,RUS,63,0 days 00:01:25.194000,23.0,6.0,0 days 01:13:12.947000,,26.063,38.716,20.415,0 days 01:13:38.421000,0 days 01:14:17.137000,0 days 01:14:37.552000,67.0,181.0,271.0,273.0,False,SOFT,1.0,True,Mercedes,0 days 01:13:12.358000,2023-05-27 15:00:20.478,1,,False,,False,False,85.194,85.19399999999999
213,0 days 01:16:08.476000,RUS,63,0 days 00:01:30.924000,24.0,6.0,,,24.31,43.008,23.606,0 days 01:15:01.862000,0 days 01:15:44.870000,0 days 01:16:08.476000,160.0,132.0,270.0,257.0,True,SOFT,2.0,True,Mercedes,0 days 01:14:37.552000,2023-05-27 15:01:45.672,1,,False,,False,True,90.924,90.924
214,0 days 01:17:20.440000,RUS,63,0 days 00:01:11.964000,25.0,6.0,,,18.689,34.101,19.174,0 days 01:16:27.165000,0 days 01:17:01.266000,0 days 01:17:20.440000,219.0,207.0,268.0,279.0,True,SOFT,3.0,True,Mercedes,0 days 01:16:08.476000,2023-05-27 15:03:16.596,1,,False,,False,True,71.964,71.964
215,0 days 01:20:20.983000,RUS,63,,26.0,6.0,,0 days 01:18:43.397000,24.764,42.874,,0 days 01:17:45.257000,0 days 01:18:28.131000,,143.0,168.0,,232.0,False,SOFT,4.0,True,Mercedes,0 days 01:17:20.440000,2023-05-27 15:04:28.560,1,,False,,False,False,,
216,0 days 01:21:53.698000,RUS,63,0 days 00:01:32.715000,27.0,7.0,0 days 01:20:21.599000,,24.532,45.866,22.317,0 days 01:20:45.515000,0 days 01:21:31.381000,0 days 01:21:53.698000,186.0,191.0,271.0,268.0,False,SOFT,1.0,True,Mercedes,0 days 01:20:20.983000,2023-05-27 15:07:29.103,1,,False,,False,False,92.715,92.715
217,0 days 01:23:05.686000,RUS,63,0 days 00:01:11.988000,28.0,7.0,,,18.665,34.214,19.109,0 days 01:22:12.363000,0 days 01:22:46.577000,0 days 01:23:05.686000,217.0,207.0,271.0,280.0,False,SOFT,2.0,True,Mercedes,0 days 01:21:53.698000,2023-05-27 15:09:01.818,1,,False,,False,True,71.988,71.988
218,0 days 01:24:34.861000,RUS,63,,29.0,7.0,,0 days 01:24:34.861000,27.829,42.92,,0 days 01:23:33.549000,0 days 01:24:16.487000,,133.0,128.0,,222.0,False,SOFT,3.0,True,Mercedes,0 days 01:23:05.686000,2023-05-27 15:10:13.806,1,,False,,False,False,,
219,0 days 00:14:48.323000,TSU,22,0 days 00:01:39.052000,1.0,1.0,0 days 00:13:10.613000,,28.965,42.97,27.117,0 days 00:13:38.254000,0 days 00:14:21.237000,0 days 00:14:48.346000,173.0,177.0,265.0,254.0,False,SOFT,1.0,True,AlphaTauri,0 days 00:13:10.613000,2023-05-27 14:00:18.733,1,,False,,False,False,99.052,99.052
220,0 days 00:16:03.377000,TSU,22,0 days 00:01:15.054000,2.0,1.0,,,19.753,35.437,19.864,0 days 00:15:08.076000,0 days 00:15:43.513000,0 days 00:16:03.377000,212.0,198.0,269.0,281.0,True,SOFT,2.0,True,AlphaTauri,0 days 00:14:48.323000,2023-05-27 14:01:56.443,1,,False,,False,True,75.054,75.054
221,0 days 00:17:50.487000,TSU,22,0 days 00:01:47.110000,3.0,1.0,,,29.419,48.279,29.412,0 days 00:16:32.796000,0 days 00:17:21.075000,0 days 00:17:50.487000,129.0,137.0,266.0,246.0,False,SOFT,3.0,True,AlphaTauri,0 days 00:16:03.377000,2023-05-27 14:03:11.497,1,,False,,False,True,107.11,107.11000000000001
222,0 days 00:19:04.811000,TSU,22,0 days 00:01:14.324000,4.0,1.0,,,19.493,35.063,19.768,0 days 00:18:09.980000,0 days 00:18:45.043000,0 days 00:19:04.811000,214.0,199.0,270.0,280.0,True,SOFT,4.0,True,AlphaTauri,0 days 00:17:50.487000,2023-05-27 14:04:58.607,1,,False,,False,True,74.324,74.324
223,0 days 00:31:08.558000,TSU,22,,5.0,1.0,,0 days 00:20:56.577000,28.877,,,0 days 00:19:33.718000,,,108.0,,,,False,SOFT,5.0,True,AlphaTauri,0 days 00:19:04.811000,2023-05-27 14:06:12.931,125,,False,,False,False,,
224,0 days 00:32:44.191000,TSU,22,0 days 00:01:35.633000,6.0,2.0,0 days 00:31:09.398000,,25.621,40.863,29.149,0 days 00:31:34.179000,0 days 00:32:15.042000,0 days 00:32:44.191000,186.0,173.0,267.0,266.0,False,SOFT,1.0,True,AlphaTauri,0 days 00:31:09.398000,2023-05-27 14:18:17.518,1,,False,,False,False,95.633,95.633
225,0 days 00:33:57.307000,TSU,22,0 days 00:01:13.116000,7.0,2.0,,,19.179,34.547,19.39,0 days 00:33:03.370000,0 days 00:33:37.917000,0 days 00:33:57.307000,219.0,204.0,268.0,280.0,True,SOFT,2.0,True,AlphaTauri,0 days 00:32:44.191000,2023-05-27 14:19:52.311,1,,False,,False,True,73.116,73.116
226,0 days 00:35:54.858000,TSU,22,0 days 00:01:57.551000,8.0,2.0,,0 days 00:35:23.910000,25.151,41.962,50.438,0 days 00:34:22.458000,0 days 00:35:04.420000,0 days 00:35:54.858000,161.0,141.0,,253.0,False,SOFT,3.0,True,AlphaTauri,0 days 00:33:57.307000,2023-05-27 14:21:05.427,1,,False,,False,False,117.551,117.551
227,0 days 00:37:34.179000,TSU,22,0 days 00:01:39.321000,9.0,3.0,0 days 00:35:55.957000,,31.891,43.765,23.665,0 days 00:36:26.749000,0 days 00:37:10.514000,0 days 00:37:34.179000,79.0,173.0,268.0,264.0,False,SOFT,1.0,True,AlphaTauri,0 days 00:35:54.858000,2023-05-27 14:23:02.978,1,,False,,False,False,99.321,99.321
228,0 days 00:38:46.821000,TSU,22,0 days 00:01:12.642000,10.0,3.0,,,18.927,34.43,19.285,0 days 00:37:53.106000,0 days 00:38:27.536000,0 days 00:38:46.821000,223.0,205.0,269.0,278.0,True,SOFT,2.0,True,AlphaTauri,0 days 00:37:34.179000,2023-05-27 14:24:42.299,1,,False,,False,True,72.642,72.642
229,0 days 00:40:40.395000,TSU,22,0 days 00:01:53.574000,11.0,3.0,,,28.032,46.138,39.404,0 days 00:39:14.853000,0 days 00:40:00.991000,0 days 00:40:40.395000,87.0,154.0,263.0,252.0,False,SOFT,3.0,True,AlphaTauri,0 days 00:38:46.821000,2023-05-27 14:25:54.941,1,,False,,False,True,113.574,113.57400000000001
230,0 days 00:41:55.008000,TSU,22,0 days 00:01:14.613000,12.0,3.0,,,19.507,35.16,19.946,0 days 00:40:59.902000,0 days 00:41:35.062000,0 days 00:41:55.008000,213.0,197.0,264.0,282.0,False,SOFT,4.0,True,AlphaTauri,0 days 00:40:40.395000,2023-05-27 14:27:48.515,1,,False,,False,True,74.613,74.613
231,0 days 00:51:54.300000,TSU,22,,13.0,3.0,,0 days 00:43:23.905000,27.672,42.029,,0 days 00:42:22.656000,0 days 00:43:04.702000,,122.0,148.0,,265.0,False,SOFT,5.0,True,AlphaTauri,0 days 00:41:55.008000,2023-05-27 14:29:03.128,12,,False,,False,False,,
232,0 days 00:53:31.502000,TSU,22,0 days 00:01:37.202000,14.0,4.0,0 days 00:51:55.071000,,26.243,41.402,29.557,0 days 00:52:20.543000,0 days 00:53:01.945000,0 days 00:53:31.502000,171.0,162.0,264.0,262.0,False,SOFT,1.0,True,AlphaTauri,0 days 00:51:54.300000,2023-05-27 14:39:02.420,1,,True,TRACK LIMITS AT TURN 10 LAP 15 ,False,False,97.202,97.202
233,0 days 00:57:02.612000,TSU,22,,15.0,4.0,,0 days 00:54:50.725000,21.595,38.871,,0 days 00:53:53.085000,0 days 00:54:31.991000,,166.0,185.0,,264.0,False,SOFT,2.0,True,AlphaTauri,0 days 00:53:31.502000,2023-05-27 14:40:39.622,1,,False,,False,False,,
234,0 days 00:58:41.402000,TSU,22,0 days 00:01:38.790000,16.0,5.0,0 days 00:57:03.208000,,27.215,43.995,27.58,0 days 00:57:29.827000,0 days 00:58:13.822000,0 days 00:58:41.402000,147.0,133.0,226.0,258.0,False,SOFT,1.0,True,AlphaTauri,0 days 00:57:02.612000,2023-05-27 14:44:10.732,1,,False,,False,False,98.79,98.78999999999999
235,0 days 01:00:08.631000,TSU,22,0 days 00:01:27.229000,17.0,5.0,,,24.251,40.188,22.79,0 days 00:59:05.653000,0 days 00:59:45.841000,0 days 01:00:08.631000,173.0,184.0,269.0,263.0,True,SOFT,2.0,True,AlphaTauri,0 days 00:58:41.402000,2023-05-27 14:45:49.522,1,,False,,False,True,87.229,87.22900000000001
236,0 days 01:01:20.880000,TSU,22,0 days 00:01:12.249000,18.0,5.0,,,18.782,34.183,19.284,0 days 01:00:27.413000,0 days 01:01:01.596000,0 days 01:01:20.880000,223.0,207.0,270.0,279.0,True,SOFT,3.0,True,AlphaTauri,0 days 01:00:08.631000,2023-05-27 14:47:16.751,1,,False,,False,True,72.249,72.249
237,0 days 01:03:22.849000,TSU,22,0 days 00:02:01.969000,19.0,5.0,,,26.755,50.243,44.971,0 days 01:01:47.635000,0 days 01:02:37.878000,0 days 01:03:22.849000,97.0,112.0,266.0,234.0,False,SOFT,4.0,True,AlphaTauri,0 days 01:01:20.880000,2023-05-27 14:48:29.000,1,,False,,False,True,121.969,121.969
238,0 days 01:04:36.880000,TSU,22,0 days 00:01:14.031000,20.0,5.0,,,19.292,34.692,20.047,0 days 01:03:42.141000,0 days 01:04:16.833000,0 days 01:04:36.880000,217.0,202.0,266.0,281.0,False,SOFT,5.0,True,AlphaTauri,0 days 01:03:22.849000,2023-05-27 14:50:30.969,1,,False,,False,True,74.031,74.031
239,0 days 01:12:12.296000,TSU,22,,21.0,5.0,,0 days 01:05:58.812000,25.792,39.367,,0 days 01:05:02.687000,0 days 01:05:42.062000,,155.0,183.0,,253.0,False,SOFT,6.0,True,AlphaTauri,0 days 01:04:36.880000,2023-05-27 14:51:45.000,12,,False,,False,False,,
240,0 days 01:13:51.667000,TSU,22,0 days 00:01:39.371000,22.0,6.0,0 days 01:12:14.057000,,38.848,38.521,22.002,0 days 01:12:51.144000,0 days 01:13:29.665000,0 days 01:13:51.667000,159.0,184.0,240.0,261.0,False,SOFT,6.0,False,AlphaTauri,0 days 01:12:12.296000,2023-05-27 14:59:20.416,1,,False,,False,False,99.371,99.371
241,0 days 01:15:11.295000,TSU,22,0 days 00:01:19.628000,23.0,6.0,,,21.318,37.303,21.007,0 days 01:14:12.985000,0 days 01:14:50.288000,0 days 01:15:11.295000,187.0,195.0,268.0,263.0,True,SOFT,7.0,False,AlphaTauri,0 days 01:13:51.667000,2023-05-27 15:00:59.787,1,,False,,False,True,79.628,79.628
242,0 days 01:16:24.539000,TSU,22,0 days 00:01:13.244000,24.0,6.0,,,19.102,34.57,19.572,0 days 01:15:30.397000,0 days 01:16:04.967000,0 days 01:16:24.539000,219.0,205.0,267.0,279.0,True,SOFT,8.0,False,AlphaTauri,0 days 01:15:11.295000,2023-05-27 15:02:19.415,1,,False,,False,True,73.244,73.244
243,0 days 01:19:48.254000,TSU,22,,25.0,6.0,,0 days 01:17:44.288000,25.832,37.832,,0 days 01:16:50.413000,0 days 01:17:28.288000,,188.0,190.0,,249.0,False,SOFT,9.0,False,AlphaTauri,0 days 01:16:24.539000,2023-05-27 15:03:32.659,1,,False,,False,False,,
244,0 days 01:21:21.173000,TSU,22,0 days 00:01:32.919000,26.0,7.0,0 days 01:19:48.849000,,26.705,41.358,24.856,0 days 01:20:14.959000,0 days 01:20:56.317000,0 days 01:21:21.173000,171.0,140.0,239.0,267.0,False,SOFT,1.0,True,AlphaTauri,0 days 01:19:48.254000,2023-05-27 15:06:56.374,1,,False,,False,False,92.919,92.91899999999998
245,0 days 01:22:47.806000,TSU,22,0 days 00:01:26.633000,27.0,7.0,,,22.322,42.055,22.256,0 days 01:21:43.495000,0 days 01:22:25.550000,0 days 01:22:47.806000,188.0,186.0,268.0,266.0,False,SOFT,2.0,True,AlphaTauri,0 days 01:21:21.173000,2023-05-27 15:08:29.293,1,,False,,False,True,86.633,86.633
246,0 days 01:23:59.888000,TSU,22,0 days 00:01:12.082000,28.0,7.0,,,18.746,34.231,19.105,0 days 01:23:06.552000,0 days 01:23:40.783000,0 days 01:23:59.888000,224.0,204.0,267.0,279.0,True,SOFT,3.0,True,AlphaTauri,0 days 01:22:47.806000,2023-05-27 15:09:55.926,1,,False,,False,True,72.082,72.08200000000001
247,0 days 01:25:27.704000,TSU,22,,29.0,7.0,,0 days 01:25:27.704000,30.594,41.102,,0 days 01:24:30.486000,0 days 01:25:11.595000,,146.0,185.0,,250.0,False,SOFT,4.0,True,AlphaTauri,0 days 01:23:59.888000,2023-05-27 15:11:08.008,1,,False,,False,False,,
248,0 days 00:15:13.365000,NOR,4,0 days 00:01:42.172000,1.0,1.0,0 days 00:13:32.254000,,32.698,41.898,27.576,0 days 00:14:03.925000,0 days 00:14:45.815000,0 days 00:15:13.377000,167.0,180.0,269.0,257.0,False,SOFT,1.0,True,McLaren,0 days 00:13:32.254000,2023-05-27 14:00:40.374,1,,False,,False,False,102.172,102.172
249,0 days 00:16:27.580000,NOR,4,0 days 00:01:14.215000,2.0,1.0,,,19.637,35.01,19.568,0 days 00:15:33.002000,0 days 00:16:08.012000,0 days 00:16:27.580000,207.0,197.0,270.0,282.0,True,SOFT,2.0,True,McLaren,0 days 00:15:13.365000,2023-05-27 14:02:21.485,1,,False,,False,True,74.215,74.215
250,0 days 00:18:19.819000,NOR,4,0 days 00:01:52.239000,3.0,1.0,,,32.312,53.055,26.872,0 days 00:16:59.892000,0 days 00:17:52.947000,0 days 00:18:19.819000,59.0,107.0,269.0,214.0,False,SOFT,3.0,True,McLaren,0 days 00:16:27.580000,2023-05-27 14:03:35.700,1,,False,,False,True,112.239,112.23899999999999
251,0 days 00:19:33.304000,NOR,4,0 days 00:01:13.485000,4.0,1.0,,,19.256,34.793,19.436,0 days 00:18:39.075000,0 days 00:19:13.868000,0 days 00:19:33.304000,216.0,201.0,262.0,282.0,True,SOFT,4.0,True,McLaren,0 days 00:18:19.819000,2023-05-27 14:05:27.939,12,,False,,False,True,73.485,73.485
252,0 days 00:32:53.917000,NOR,4,,5.0,1.0,,0 days 00:21:19.311000,,,,,,,,,,,False,SOFT,5.0,True,McLaren,0 days 00:19:33.304000,2023-05-27 14:06:41.424,251,,False,,False,False,,
253,0 days 00:34:40.366000,NOR,4,0 days 00:01:46.449000,6.0,2.0,0 days 00:32:54.818000,,29.084,45.376,31.989,0 days 00:33:23.001000,0 days 00:34:08.377000,0 days 00:34:40.366000,160.0,183.0,269.0,259.0,False,SOFT,1.0,True,McLaren,0 days 00:32:54.818000,2023-05-27 14:20:02.938,1,,False,,False,False,106.449,106.449
254,0 days 00:35:53.498000,NOR,4,0 days 00:01:13.132000,7.0,2.0,,,19.284,34.54,19.308,0 days 00:34:59.650000,0 days 00:35:34.190000,0 days 00:35:53.498000,215.0,202.0,270.0,283.0,True,SOFT,2.0,True,McLaren,0 days 00:34:40.366000,2023-05-27 14:21:48.486,1,,False,,False,True,73.132,73.132
255,0 days 00:37:50.156000,NOR,4,0 days 00:01:56.658000,8.0,2.0,,,32.199,54.214,30.245,0 days 00:36:25.697000,0 days 00:37:19.911000,0 days 00:37:50.156000,62.0,101.0,269.0,182.0,False,SOFT,3.0,True,McLaren,0 days 00:35:53.498000,2023-05-27 14:23:01.618,1,,False,,False,True,116.658,116.658
256,0 days 00:39:03.033000,NOR,4,0 days 00:01:12.877000,9.0,2.0,,,19.138,34.492,19.247,0 days 00:38:09.294000,0 days 00:38:43.786000,0 days 00:39:03.033000,217.0,201.0,271.0,282.0,True,SOFT,4.0,True,McLaren,0 days 00:37:50.156000,2023-05-27 14:24:58.276,1,,False,,False,True,72.877,72.877
257,0 days 00:41:02.774000,NOR,4,0 days 00:01:59.741000,10.0,2.0,,,37.743,50.507,31.491,0 days 00:39:40.776000,0 days 00:40:31.283000,0 days 00:41:02.774000,77.0,156.0,272.0,233.0,False,SOFT,5.0,True,McLaren,0 days 00:39:03.033000,2023-05-27 14:26:11.153,1,,False,,False,True,119.741,119.741
258,0 days 00:42:15.666000,NOR,4,0 days 00:01:12.892000,11.0,2.0,,,19.064,34.524,19.304,0 days 00:41:21.838000,0 days 00:41:56.362000,0 days 00:42:15.666000,214.0,203.0,271.0,284.0,False,SOFT,6.0,True,McLaren,0 days 00:41:02.774000,2023-05-27 14:28:10.894,1,,False,,False,True,72.892,72.892
259,0 days 00:49:45.153000,NOR,4,,12.0,2.0,,0 days 00:43:40.920000,25.043,43.277,,0 days 00:42:40.749000,0 days 00:43:24.061000,,129.0,157.0,,172.0,False,SOFT,7.0,True,McLaren,0 days 00:42:15.666000,2023-05-27 14:29:23.786,12,,False,,False,False,,
260,0 days 00:51:21.897000,NOR,4,0 days 00:01:36.744000,13.0,3.0,0 days 00:49:46.010000,,30.582,43.068,23.094,0 days 00:50:15.735000,0 days 00:50:58.803000,0 days 00:51:21.897000,175.0,186.0,271.0,257.0,False,SOFT,1.0,True,McLaren,0 days 00:49:45.153000,2023-05-27 14:36:53.273,1,,False,,False,False,96.744,96.744
261,0 days 00:52:34.274000,NOR,4,0 days 00:01:12.377000,14.0,3.0,,,18.993,34.274,19.11,0 days 00:51:40.890000,0 days 00:52:15.164000,0 days 00:52:34.274000,216.0,203.0,272.0,282.0,True,SOFT,2.0,True,McLaren,0 days 00:51:21.897000,2023-05-27 14:38:30.017,1,,False,,False,True,72.377,72.377
262,0 days 00:54:28.508000,NOR,4,0 days 00:01:54.234000,15.0,3.0,,,25.396,58.748,30.09,0 days 00:52:59.670000,0 days 00:53:58.418000,0 days 00:54:28.508000,115.0,118.0,270.0,235.0,False,SOFT,3.0,True,McLaren,0 days 00:52:34.274000,2023-05-27 14:39:42.394,1,,False,,False,True,114.234,114.23400000000001
263,0 days 00:55:40.929000,NOR,4,0 days 00:01:12.421000,16.0,3.0,,,18.96,34.39,19.071,0 days 00:54:47.468000,0 days 00:55:21.858000,0 days 00:55:40.929000,219.0,205.0,270.0,285.0,False,SOFT,4.0,True,McLaren,0 days 00:54:28.508000,2023-05-27 14:41:36.628,1,,False,,False,True,72.421,72.421
264,0 days 00:59:03.744000,NOR,4,,17.0,3.0,,0 days 00:57:07.724000,22.891,46.482,,0 days 00:56:03.834000,0 days 00:56:50.318000,,142.0,179.0,,144.0,False,SOFT,5.0,True,McLaren,0 days 00:55:40.929000,2023-05-27 14:42:49.049,1,,False,,False,False,,
265,0 days 01:00:41.526000,NOR,4,0 days 00:01:37.782000,18.0,4.0,0 days 00:59:04.597000,,31.003,45.443,21.336,0 days 00:59:34.747000,0 days 01:00:20.190000,0 days 01:00:41.526000,165.0,184.0,270.0,245.0,False,SOFT,1.0,True,McLaren,0 days 00:59:03.744000,2023-05-27 14:46:11.864,1,,False,,False,False,97.782,97.782
266,0 days 01:18:09.300000,NOR,4,,19.0,4.0,,0 days 01:01:55.939000,18.807,35.726,,0 days 01:01:00.674000,0 days 01:01:36.080000,,220.0,93.0,,279.0,False,SOFT,2.0,True,McLaren,0 days 01:00:41.526000,2023-05-27 14:47:49.646,12,,False,,False,False,,
267,0 days 01:19:35.879000,NOR,4,0 days 00:01:26.579000,20.0,5.0,0 days 01:18:09.975000,,25.71,39.523,21.346,0 days 01:18:35.010000,0 days 01:19:14.533000,0 days 01:19:35.879000,173.0,186.0,270.0,252.0,False,SOFT,1.0,True,McLaren,0 days 01:18:09.300000,2023-05-27 15:05:17.420,1,,False,,False,False,86.579,86.57900000000001
268,0 days 01:20:48.133000,NOR,4,0 days 00:01:12.254000,21.0,5.0,,,18.923,34.258,19.073,0 days 01:19:54.802000,0 days 01:20:29.060000,0 days 01:20:48.133000,221.0,203.0,269.0,279.0,True,SOFT,2.0,True,McLaren,0 days 01:19:35.879000,2023-05-27 15:06:43.999,1,,False,,False,True,72.254,72.25399999999999
269,0 days 01:22:42.615000,NOR,4,0 days 00:01:54.482000,22.0,5.0,,,33.312,52.621,28.549,0 days 01:21:21.445000,0 days 01:22:14.066000,0 days 01:22:42.615000,107.0,139.0,268.0,207.0,False,SOFT,3.0,True,McLaren,0 days 01:20:48.133000,2023-05-27 15:07:56.253,1,,False,,False,True,114.482,114.482
270,0 days 01:24:10.877000,NOR,4,,23.0,5.0,,0 days 01:24:10.877000,18.91,49.542,,0 days 01:23:01.550000,0 days 01:23:51.081000,,219.0,137.0,,162.0,False,SOFT,4.0,True,McLaren,0 days 01:22:42.615000,2023-05-27 15:09:50.735,1,,False,,False,False,,
271,0 days 00:15:17.267000,PIA,81,0 days 00:01:42.281000,1.0,1.0,0 days 00:13:36.113000,,34.942,40.798,26.541,0 days 00:14:09.988000,0 days 00:14:50.768000,0 days 00:15:17.612000,170.0,174.0,268.0,258.0,False,SOFT,1.0,True,McLaren,0 days 00:13:36.113000,2023-05-27 14:00:44.233,1,,False,,False,False,102.281,102.281
272,0 days 00:16:32.045000,PIA,81,0 days 00:01:14.778000,2.0,1.0,,,19.9,35.309,19.569,0 days 00:15:37.167000,0 days 00:16:12.476000,0 days 00:16:32.045000,210.0,197.0,270.0,282.0,True,SOFT,2.0,True,McLaren,0 days 00:15:17.267000,2023-05-27 14:02:25.387,1,,False,,False,True,74.778,74.77799999999999
273,0 days 00:18:24.186000,PIA,81,0 days 00:01:52.141000,3.0,1.0,,,29.082,55.612,27.447,0 days 00:17:01.127000,0 days 00:17:56.739000,0 days 00:18:24.186000,61.0,123.0,269.0,197.0,False,SOFT,3.0,True,McLaren,0 days 00:16:32.045000,2023-05-27 14:03:40.165,1,,False,,False,True,112.141,112.141
274,0 days 00:19:37.828000,PIA,81,0 days 00:01:13.642000,4.0,1.0,,,19.286,34.849,19.507,0 days 00:18:43.472000,0 days 00:19:18.321000,0 days 00:19:37.828000,216.0,200.0,263.0,283.0,True,SOFT,4.0,True,McLaren,0 days 00:18:24.186000,2023-05-27 14:05:32.306,12,,False,,False,True,73.642,73.642
275,0 days 00:33:06.535000,PIA,81,,5.0,1.0,,0 days 00:21:23.654000,,,,,,,,,,,False,SOFT,5.0,True,McLaren,0 days 00:19:37.828000,2023-05-27 14:06:45.948,251,,False,,False,False,,
276,0 days 00:34:49.817000,PIA,81,0 days 00:01:43.282000,6.0,2.0,0 days 00:33:07.256000,,29.396,43.934,29.952,0 days 00:33:35.931000,0 days 00:34:19.865000,0 days 00:34:49.817000,163.0,157.0,270.0,256.0,False,SOFT,1.0,True,McLaren,0 days 00:33:07.256000,2023-05-27 14:20:15.376,1,,False,,False,False,103.282,103.282
277,0 days 00:36:03.343000,PIA,81,0 days 00:01:13.526000,7.0,2.0,,,19.248,34.631,19.647,0 days 00:35:09.065000,0 days 00:35:43.696000,0 days 00:36:03.343000,219.0,201.0,270.0,283.0,True,SOFT,2.0,True,McLaren,0 days 00:34:49.817000,2023-05-27 14:21:57.937,1,,False,,False,True,73.526,73.52600000000001
278,0 days 00:37:54.627000,PIA,81,0 days 00:01:51.284000,8.0,2.0,,,27.485,52.182,31.617,0 days 00:36:30.828000,0 days 00:37:23.010000,0 days 00:37:54.627000,138.0,90.0,270.0,248.0,False,SOFT,3.0,True,McLaren,0 days 00:36:03.343000,2023-05-27 14:23:11.463,1,,False,,False,True,111.284,111.284
279,0 days 00:39:07.944000,PIA,81,0 days 00:01:13.317000,9.0,2.0,,,19.136,34.728,19.453,0 days 00:38:13.763000,0 days 00:38:48.491000,0 days 00:39:07.944000,217.0,204.0,271.0,282.0,True,SOFT,4.0,True,McLaren,0 days 00:37:54.627000,2023-05-27 14:25:02.747,1,,False,,False,True,73.317,73.31700000000001
280,0 days 00:40:58.009000,PIA,81,0 days 00:01:50.065000,10.0,2.0,,,30.59,47.795,31.68,0 days 00:39:38.534000,0 days 00:40:26.329000,0 days 00:40:58.009000,106.0,99.0,271.0,245.0,False,SOFT,5.0,True,McLaren,0 days 00:39:07.944000,2023-05-27 14:26:16.064,1,,False,,False,True,110.065,110.065
281,0 days 00:42:11.015000,PIA,81,0 days 00:01:13.006000,11.0,2.0,,,19.019,34.656,19.331,0 days 00:41:17.028000,0 days 00:41:51.684000,0 days 00:42:11.015000,217.0,203.0,271.0,284.0,True,SOFT,6.0,True,McLaren,0 days 00:40:58.009000,2023-05-27 14:28:06.129,1,,False,,False,True,73.006,73.006
282,0 days 00:49:36.384000,PIA,81,,12.0,2.0,,0 days 00:43:32.077000,23.902,40.444,,0 days 00:42:34.937000,0 days 00:43:15.374000,,155.0,158.0,,253.0,False,SOFT,7.0,True,McLaren,0 days 00:42:11.015000,2023-05-27 14:29:19.135,12,,False,,False,False,,
283,0 days 00:51:17.118000,PIA,81,0 days 00:01:40.734000,13.0,3.0,0 days 00:49:37.526000,,35.403,41.033,24.298,0 days 00:50:11.787000,0 days 00:50:52.820000,0 days 00:51:17.118000,177.0,176.0,270.0,260.0,False,SOFT,1.0,True,McLaren,0 days 00:49:36.384000,2023-05-27 14:36:44.504,1,,False,,False,False,100.734,100.73400000000001
284,0 days 00:52:29.513000,PIA,81,0 days 00:01:12.395000,14.0,3.0,,,18.983,34.302,19.11,0 days 00:51:36.101000,0 days 00:52:10.403000,0 days 00:52:29.513000,219.0,203.0,272.0,282.0,True,SOFT,2.0,True,McLaren,0 days 00:51:17.118000,2023-05-27 14:38:25.238,1,,False,,False,True,72.395,72.395
285,0 days 00:54:21.381000,PIA,81,0 days 00:01:51.868000,15.0,3.0,,,25.882,54.54,31.446,0 days 00:52:55.395000,0 days 00:53:49.935000,0 days 00:54:21.381000,128.0,130.0,270.0,230.0,False,SOFT,3.0,True,McLaren,0 days 00:52:29.513000,2023-05-27 14:39:37.633,1,,False,,False,True,111.868,111.868
286,0 days 00:55:33.934000,PIA,81,0 days 00:01:12.553000,16.0,3.0,,,19.004,34.406,19.143,0 days 00:54:40.385000,0 days 00:55:14.791000,0 days 00:55:33.934000,220.0,203.0,271.0,282.0,False,SOFT,4.0,True,McLaren,0 days 00:54:21.381000,2023-05-27 14:41:29.501,1,,False,,False,True,72.553,72.553
287,0 days 00:58:41.116000,PIA,81,,17.0,3.0,,0 days 00:56:49.333000,21.327,38.742,,0 days 00:55:55.318000,0 days 00:56:34.021000,,173.0,178.0,,254.0,False,SOFT,5.0,True,McLaren,0 days 00:55:33.934000,2023-05-27 14:42:42.054,1,,False,,False,False,,
288,0 days 01:00:13.442000,PIA,81,0 days 00:01:32.326000,18.0,4.0,0 days 00:58:41.785000,,26.726,40.881,24.719,0 days 00:59:07.842000,0 days 00:59:48.723000,0 days 01:00:13.442000,160.0,162.0,270.0,261.0,False,SOFT,1.0,True,McLaren,0 days 00:58:41.116000,2023-05-27 14:45:49.236,1,,False,,False,False,92.326,92.326
289,0 days 01:01:25.838000,PIA,81,0 days 00:01:12.396000,19.0,4.0,,,18.839,34.467,19.09,0 days 01:00:32.281000,0 days 01:01:06.748000,0 days 01:01:25.838000,219.0,204.0,272.0,282.0,False,SOFT,2.0,True,McLaren,0 days 01:00:13.442000,2023-05-27 14:47:21.562,1,,False,,False,True,72.396,72.396
290,0 days 01:03:33.858000,PIA,81,0 days 00:02:08.020000,20.0,4.0,,,25.461,49.631,52.928,0 days 01:01:51.299000,0 days 01:02:40.930000,0 days 01:03:33.858000,128.0,109.0,271.0,237.0,False,SOFT,3.0,True,McLaren,0 days 01:01:25.838000,2023-05-27 14:48:33.958,1,,False,,False,True,128.02,128.01999999999998
291,0 days 01:04:46.972000,PIA,81,0 days 00:01:13.114000,21.0,4.0,,,18.878,34.537,19.699,0 days 01:03:52.736000,0 days 01:04:27.273000,0 days 01:04:46.972000,222.0,204.0,271.0,282.0,False,SOFT,4.0,True,McLaren,0 days 01:03:33.858000,2023-05-27 14:50:41.978,1,,False,,False,True,73.114,73.114
292,0 days 01:06:13.514000,PIA,81,,22.0,4.0,,0 days 01:06:13.514000,27.081,42.945,,0 days 01:05:14.109000,0 days 01:05:57.015000,,133.0,165.0,,249.0,False,SOFT,5.0,True,McLaren,0 days 01:04:46.972000,2023-05-27 14:51:55.092,12,,False,,False,False,,
293,0 days 00:14:42.737000,DEV,21,0 days 00:01:41.327000,1.0,1.0,0 days 00:13:02.270000,,31.25,42.119,27.958,0 days 00:13:32.691000,0 days 00:14:14.800000,0 days 00:14:42.737000,174.0,178.0,267.0,259.0,False,SOFT,1.0,True,AlphaTauri,0 days 00:13:02.270000,2023-05-27 14:00:10.390,1,,False,,False,False,101.327,101.327
294,0 days 00:15:57.904000,DEV,21,0 days 00:01:15.167000,2.0,1.0,,,19.793,35.522,19.852,0 days 00:15:02.530000,0 days 00:15:38.052000,0 days 00:15:57.904000,211.0,197.0,268.0,280.0,True,SOFT,2.0,True,AlphaTauri,0 days 00:14:42.737000,2023-05-27 14:01:50.857,1,,False,,False,True,75.167,75.167
295,0 days 00:17:39.140000,DEV,21,0 days 00:01:41.236000,3.0,1.0,,,29.092,46.411,25.733,0 days 00:16:26.996000,0 days 00:17:13.407000,0 days 00:17:39.140000,145.0,118.0,267.0,243.0,False,SOFT,3.0,True,AlphaTauri,0 days 00:15:57.904000,2023-05-27 14:03:06.024,1,,False,,False,True,101.236,101.236
296,0 days 00:18:53.593000,DEV,21,0 days 00:01:14.453000,4.0,1.0,,,19.467,35.161,19.825,0 days 00:17:58.607000,0 days 00:18:33.768000,0 days 00:18:53.593000,215.0,197.0,269.0,280.0,True,SOFT,4.0,True,AlphaTauri,0 days 00:17:39.140000,2023-05-27 14:04:47.260,1,,False,,False,True,74.453,74.453
297,0 days 00:30:39.942000,DEV,21,,5.0,1.0,,0 days 00:20:40.827000,30.666,,,0 days 00:19:24.281000,,,152.0,,,,False,SOFT,5.0,True,AlphaTauri,0 days 00:18:53.593000,2023-05-27 14:06:01.713,125,,False,,False,False,,
298,0 days 00:32:26.721000,DEV,21,0 days 00:01:46.779000,6.0,2.0,0 days 00:30:41.164000,,41.142,39.266,26.371,0 days 00:31:21.084000,0 days 00:32:00.350000,0 days 00:32:26.721000,190.0,172.0,268.0,265.0,False,SOFT,1.0,True,AlphaTauri,0 days 00:30:41.164000,2023-05-27 14:17:49.284,1,,False,,False,False,106.779,106.779
299,0 days 00:33:39.894000,DEV,21,0 days 00:01:13.173000,7.0,2.0,,,19.137,34.654,19.382,0 days 00:32:45.858000,0 days 00:33:20.512000,0 days 00:33:39.894000,218.0,200.0,269.0,281.0,True,SOFT,2.0,True,AlphaTauri,0 days 00:32:26.721000,2023-05-27 14:19:34.841,1,,False,,False,True,73.173,73.173
300,0 days 00:38:30.711000,DEV,21,,8.0,2.0,,0 days 00:35:08.692000,25.259,44.056,,0 days 00:34:05.177000,0 days 00:34:49.208000,,154.0,140.0,,228.0,False,SOFT,3.0,True,AlphaTauri,0 days 00:33:39.894000,2023-05-27 14:20:48.014,1,,False,,False,False,,
301,0 days 00:40:09.562000,DEV,21,0 days 00:01:38.851000,9.0,3.0,0 days 00:38:31.330000,,24.298,42.945,31.608,0 days 00:38:55.009000,0 days 00:39:37.954000,0 days 00:40:09.562000,192.0,160.0,268.0,266.0,False,SOFT,1.0,True,AlphaTauri,0 days 00:38:30.711000,2023-05-27 14:25:38.831,1,,False,,False,False,98.851,98.851
302,0 days 00:41:22.616000,DEV,21,0 days 00:01:13.054000,10.0,3.0,,,19.057,34.605,19.392,0 days 00:40:28.619000,0 days 00:41:03.224000,0 days 00:41:22.616000,219.0,201.0,268.0,281.0,True,SOFT,2.0,True,AlphaTauri,0 days 00:40:09.562000,2023-05-27 14:27:17.682,1,,False,,False,True,73.054,73.05399999999999
303,0 days 00:49:48.436000,DEV,21,,11.0,3.0,,0 days 00:42:46.530000,25.699,40.46,,0 days 00:41:48.312000,0 days 00:42:28.812000,,173.0,156.0,,254.0,False,SOFT,3.0,True,AlphaTauri,0 days 00:41:22.616000,2023-05-27 14:28:30.736,12,,False,,False,False,,
304,0 days 00:51:24.860000,DEV,21,0 days 00:01:36.424000,12.0,4.0,0 days 00:49:49.323000,,30.89,41.556,23.978,0 days 00:50:19.326000,0 days 00:51:00.882000,0 days 00:51:24.860000,158.0,150.0,239.0,266.0,False,SOFT,1.0,True,AlphaTauri,0 days 00:49:48.436000,2023-05-27 14:36:56.556,1,,False,,False,False,96.424,96.424
305,0 days 00:52:50.930000,DEV,21,0 days 00:01:26.070000,13.0,4.0,,,26.91,38.113,21.047,0 days 00:51:51.770000,0 days 00:52:29.883000,0 days 00:52:50.930000,196.0,189.0,259.0,265.0,True,SOFT,2.0,True,AlphaTauri,0 days 00:51:24.860000,2023-05-27 14:38:32.980,1,,False,,False,True,86.07,86.07
306,0 days 00:54:04.367000,DEV,21,0 days 00:01:13.437000,14.0,4.0,,,19.178,34.765,19.494,0 days 00:53:10.108000,0 days 00:53:44.873000,0 days 00:54:04.367000,217.0,201.0,269.0,280.0,True,SOFT,3.0,True,AlphaTauri,0 days 00:52:50.930000,2023-05-27 14:39:59.050,1,,False,,False,True,73.437,73.437
307,0 days 00:55:50.859000,DEV,21,0 days 00:01:46.492000,15.0,4.0,,,28.825,50.432,27.235,0 days 00:54:33.192000,0 days 00:55:23.624000,0 days 00:55:50.859000,135.0,163.0,270.0,235.0,False,SOFT,4.0,True,AlphaTauri,0 days 00:54:04.367000,2023-05-27 14:41:12.487,1,,False,,False,True,106.492,106.492
308,0 days 00:57:04.355000,DEV,21,0 days 00:01:13.496000,16.0,4.0,,,19.268,34.827,19.401,0 days 00:56:10.127000,0 days 00:56:44.954000,0 days 00:57:04.355000,218.0,202.0,268.0,280.0,False,SOFT,5.0,True,AlphaTauri,0 days 00:55:50.859000,2023-05-27 14:42:58.979,1,,False,,False,True,73.496,73.496
309,0 days 01:01:11.162000,DEV,21,,17.0,4.0,,0 days 00:58:19.629000,21.831,38.29,,0 days 00:57:26.239000,0 days 00:58:04.536000,,192.0,175.0,,252.0,False,SOFT,6.0,True,AlphaTauri,0 days 00:57:04.355000,2023-05-27 14:44:12.475,1,,False,,False,False,,
310,0 days 01:02:43.447000,DEV,21,0 days 00:01:32.285000,18.0,5.0,0 days 01:01:11.784000,,26.829,39.75,25.706,0 days 01:01:37.991000,0 days 01:02:17.741000,0 days 01:02:43.447000,131.0,165.0,269.0,265.0,False,SOFT,1.0,True,AlphaTauri,0 days 01:01:11.162000,2023-05-27 14:48:19.282,1,,False,,False,False,92.285,92.28500000000001
311,0 days 01:03:55.875000,DEV,21,0 days 00:01:12.428000,19.0,5.0,,,18.9,34.307,19.221,0 days 01:03:02.347000,0 days 01:03:36.654000,0 days 01:03:55.875000,220.0,203.0,270.0,280.0,True,SOFT,2.0,True,AlphaTauri,0 days 01:02:43.447000,2023-05-27 14:49:51.567,1,,False,,False,True,72.428,72.428
312,0 days 01:05:16.124000,DEV,21,,20.0,5.0,,0 days 01:05:16.124000,22.663,40.129,,0 days 01:04:18.578000,0 days 01:04:58.718000,,192.0,161.0,,249.0,False,SOFT,3.0,True,AlphaTauri,0 days 01:03:55.875000,2023-05-27 14:51:03.995,1,,False,,False,False,,
313,0 days 00:14:24.890000,ALB,23,,1.0,1.0,0 days 00:12:55.535000,,,40.225,23.149,,0 days 00:14:01.800000,0 days 00:14:24.925000,180.0,169.0,267.0,268.0,False,SOFT,1.0,True,Williams,0 days 00:12:55.535000,2023-05-27 14:00:03.655,1,,False,,False,False,,
314,0 days 00:15:40.127000,ALB,23,0 days 00:01:15.237000,2.0,1.0,,,19.858,35.339,20.04,0 days 00:14:44.748000,0 days 00:15:20.087000,0 days 00:15:40.127000,206.0,195.0,270.0,281.0,True,SOFT,2.0,True,Williams,0 days 00:14:24.890000,2023-05-27 14:01:33.010,1,,False,,False,True,75.237,75.237
315,0 days 00:17:25.439000,ALB,23,0 days 00:01:45.312000,3.0,1.0,,,32.376,49.906,23.03,0 days 00:16:12.503000,0 days 00:17:02.409000,0 days 00:17:25.439000,95.0,148.0,269.0,251.0,False,SOFT,3.0,True,Williams,0 days 00:15:40.127000,2023-05-27 14:02:48.247,1,,False,,False,True,105.312,105.312
316,0 days 00:18:57.292000,ALB,23,0 days 00:01:31.853000,4.0,1.0,,,19.453,46.521,25.879,0 days 00:17:44.892000,0 days 00:18:31.413000,0 days 00:18:57.292000,214.0,97.0,271.0,206.0,False,SOFT,4.0,True,Williams,0 days 00:17:25.439000,2023-05-27 14:04:33.559,1,,False,,False,True,91.853,91.85300000000001
317,0 days 00:29:55.361000,ALB,23,,5.0,1.0,,0 days 00:20:24.171000,19.324,,,0 days 00:19:16.687000,,,217.0,,,281.0,False,SOFT,5.0,True,Williams,0 days 00:18:57.292000,2023-05-27 14:06:05.412,125,,False,,False,False,,
318,0 days 00:31:26.826000,ALB,23,0 days 00:01:31.465000,6.0,2.0,0 days 00:29:56.352000,,26.353,42.653,22.459,0 days 00:30:21.714000,0 days 00:31:04.367000,0 days 00:31:26.826000,187.0,183.0,269.0,269.0,False,SOFT,1.0,True,Williams,0 days 00:29:56.352000,2023-05-27 14:17:04.472,1,,False,,False,False,91.465,91.465
319,0 days 00:32:40.153000,ALB,23,0 days 00:01:13.327000,7.0,2.0,,,19.281,34.636,19.41,0 days 00:31:46.107000,0 days 00:32:20.743000,0 days 00:32:40.153000,216.0,204.0,271.0,282.0,True,SOFT,2.0,True,Williams,0 days 00:31:26.826000,2023-05-27 14:18:34.946,1,,False,,False,True,73.327,73.327
320,0 days 00:34:29.159000,ALB,23,0 days 00:01:49.006000,8.0,2.0,,,30.618,49.729,28.659,0 days 00:33:10.771000,0 days 00:34:00.500000,0 days 00:34:29.159000,154.0,140.0,268.0,209.0,False,SOFT,3.0,True,Williams,0 days 00:32:40.153000,2023-05-27 14:19:48.273,1,,False,,False,True,109.006,109.006
321,0 days 00:35:42.505000,ALB,23,0 days 00:01:13.346000,9.0,2.0,,,19.162,34.759,19.425,0 days 00:34:48.321000,0 days 00:35:23.080000,0 days 00:35:42.505000,217.0,198.0,271.0,281.0,False,SOFT,4.0,True,Williams,0 days 00:34:29.159000,2023-05-27 14:21:37.279,1,,False,,False,True,73.346,73.346
322,0 days 00:38:42.753000,ALB,23,,10.0,2.0,,0 days 00:37:08.722000,29.883,40.781,,0 days 00:36:12.394000,0 days 00:36:53.206000,,183.0,178.0,,257.0,False,SOFT,5.0,True,Williams,0 days 00:35:42.505000,2023-05-27 14:22:50.625,1,,False,,False,False,,
323,0 days 00:40:22.819000,ALB,23,0 days 00:01:40.066000,11.0,3.0,0 days 00:38:43.455000,,26.405,46.63,27.031,0 days 00:39:09.158000,0 days 00:39:55.788000,0 days 00:40:22.819000,170.0,75.0,271.0,164.0,False,SOFT,1.0,True,Williams,0 days 00:38:42.753000,2023-05-27 14:25:50.873,1,,False,,False,False,100.066,100.066
324,0 days 00:41:35.525000,ALB,23,0 days 00:01:12.706000,12.0,3.0,,,18.989,34.507,19.21,0 days 00:40:41.808000,0 days 00:41:16.315000,0 days 00:41:35.525000,218.0,202.0,271.0,283.0,True,SOFT,2.0,True,Williams,0 days 00:40:22.819000,2023-05-27 14:27:30.939,1,,False,,False,True,72.706,72.70599999999999
325,0 days 00:51:48.529000,ALB,23,,13.0,3.0,,0 days 00:43:01.358000,25.142,41.34,,0 days 00:42:00.656000,0 days 00:42:42.062000,,180.0,136.0,,256.0,False,SOFT,3.0,True,Williams,0 days 00:41:35.525000,2023-05-27 14:28:43.645,12,,False,,False,False,,
326,0 days 00:53:26.633000,ALB,23,0 days 00:01:38.104000,14.0,4.0,0 days 00:51:49.212000,,26.216,43.987,27.901,0 days 00:52:14.745000,0 days 00:52:58.732000,0 days 00:53:26.633000,176.0,153.0,269.0,272.0,False,SOFT,4.0,False,Williams,0 days 00:51:48.529000,2023-05-27 14:38:56.649,1,,False,,False,False,98.104,98.104
327,0 days 00:54:39.458000,ALB,23,0 days 00:01:12.825000,15.0,4.0,,,19.076,34.518,19.231,0 days 00:53:45.709000,0 days 00:54:20.227000,0 days 00:54:39.458000,215.0,204.0,271.0,281.0,True,SOFT,5.0,False,Williams,0 days 00:53:26.633000,2023-05-27 14:40:34.753,1,,False,,False,True,72.825,72.825
328,0 days 01:01:13.851000,ALB,23,,16.0,4.0,,0 days 00:56:01.178000,21.648,41.225,,0 days 00:55:01.256000,0 days 00:55:42.350000,,193.0,130.0,,224.0,False,SOFT,6.0,False,Williams,0 days 00:54:39.458000,2023-05-27 14:41:47.578,1,,False,,False,False,,
329,0 days 01:03:03.009000,ALB,23,0 days 00:01:49.158000,17.0,5.0,0 days 01:01:14.502000,,27.943,48.359,32.856,0 days 01:01:41.794000,0 days 01:02:30.153000,0 days 01:03:03.009000,171.0,167.0,271.0,270.0,False,SOFT,1.0,True,Williams,0 days 01:01:13.851000,2023-05-27 14:48:21.971,1,,False,,False,False,109.158,109.15800000000002
330,0 days 01:04:15.536000,ALB,23,0 days 00:01:12.527000,18.0,5.0,,,19.019,34.347,19.161,0 days 01:03:22.028000,0 days 01:03:56.375000,0 days 01:04:15.536000,213.0,203.0,271.0,283.0,True,SOFT,2.0,True,Williams,0 days 01:03:03.009000,2023-05-27 14:50:11.129,1,,False,,False,True,72.527,72.527
331,0 days 01:05:43.999000,ALB,23,,19.0,5.0,,0 days 01:05:43.999000,26.719,44.619,,0 days 01:04:42.250000,0 days 01:05:26.874000,,119.0,145.0,,211.0,False,SOFT,3.0,True,Williams,0 days 01:04:15.536000,2023-05-27 14:51:23.656,1,,False,,False,False,,
332,0 days 00:16:40.136000,STR,18,0 days 00:01:25.632000,1.0,1.0,0 days 00:15:15.127000,,25.129,37.513,22.99,0 days 00:15:39.643000,0 days 00:16:17.158000,0 days 00:16:40.142000,184.0,180.0,267.0,270.0,False,SOFT,1.0,True,Aston Martin,0 days 00:15:15.127000,2023-05-27 14:02:23.247,1,,False,,False,False,85.632,85.63199999999999
333,0 days 00:17:54.063000,STR,18,0 days 00:01:13.927000,2.0,1.0,,,19.423,34.9,19.604,0 days 00:16:59.559000,0 days 00:17:34.459000,0 days 00:17:54.063000,215.0,198.0,268.0,279.0,True,SOFT,2.0,True,Aston Martin,0 days 00:16:40.136000,2023-05-27 14:03:48.256,1,,False,,False,True,73.927,73.92699999999999
334,0 days 00:19:36.720000,STR,18,0 days 00:01:42.657000,3.0,1.0,,,27.299,49.523,25.835,0 days 00:18:21.362000,0 days 00:19:10.885000,0 days 00:19:36.720000,132.0,173.0,260.0,244.0,False,SOFT,3.0,True,Aston Martin,0 days 00:17:54.063000,2023-05-27 14:05:02.183,12,,False,,False,True,102.657,102.65700000000001
335,0 days 00:30:55.075000,STR,18,,4.0,1.0,,0 days 00:21:21.733000,,,,,,,,,,,False,SOFT,4.0,True,Aston Martin,0 days 00:19:36.720000,2023-05-27 14:06:44.840,251,,False,,False,False,,
336,0 days 00:32:32.605000,STR,18,0 days 00:01:37.530000,5.0,2.0,0 days 00:30:55.773000,,26.873,42.276,28.381,0 days 00:31:21.948000,0 days 00:32:04.224000,0 days 00:32:32.605000,165.0,184.0,266.0,270.0,False,SOFT,1.0,True,Aston Martin,0 days 00:30:55.773000,2023-05-27 14:18:03.893,1,,False,,False,False,97.53,97.53
337,0 days 00:33:45.931000,STR,18,0 days 00:01:13.326000,6.0,2.0,,,19.272,34.546,19.508,0 days 00:32:51.877000,0 days 00:33:26.423000,0 days 00:33:45.931000,218.0,198.0,268.0,279.0,True,SOFT,2.0,True,Aston Martin,0 days 00:32:32.605000,2023-05-27 14:19:40.725,1,,False,,False,True,73.326,73.326
338,0 days 00:35:26.491000,STR,18,0 days 00:01:40.560000,7.0,2.0,,,25.355,46.404,28.801,0 days 00:34:11.286000,0 days 00:34:57.690000,0 days 00:35:26.491000,125.0,170.0,268.0,207.0,False,SOFT,3.0,True,Aston Martin,0 days 00:33:45.931000,2023-05-27 14:20:54.051,1,,False,,False,True,100.56,100.56
339,0 days 00:36:39.408000,STR,18,0 days 00:01:12.917000,8.0,2.0,,,19.097,34.351,19.469,0 days 00:35:45.588000,0 days 00:36:19.939000,0 days 00:36:39.408000,219.0,201.0,268.0,280.0,True,SOFT,4.0,True,Aston Martin,0 days 00:35:26.491000,2023-05-27 14:22:34.611,1,,False,,False,True,72.917,72.917
340,0 days 00:38:23.695000,STR,18,0 days 00:01:44.287000,9.0,2.0,,,27.2,47.736,29.351,0 days 00:37:06.608000,0 days 00:37:54.344000,0 days 00:38:23.695000,135.0,142.0,267.0,236.0,False,SOFT,5.0,True,Aston Martin,0 days 00:36:39.408000,2023-05-27 14:23:47.528,1,,False,,False,True,104.287,104.28699999999999
341,0 days 00:39:48.825000,STR,18,0 days 00:01:25.130000,10.0,2.0,,,19.044,40.072,26.014,0 days 00:38:42.739000,0 days 00:39:22.811000,0 days 00:39:48.825000,214.0,160.0,269.0,278.0,False,SOFT,6.0,True,Aston Martin,0 days 00:38:23.695000,2023-05-27 14:25:31.815,1,,False,,False,True,85.13,85.13
342,0 days 00:41:01.547000,STR,18,0 days 00:01:12.722000,11.0,2.0,,,18.853,34.314,19.555,0 days 00:40:07.678000,0 days 00:40:41.992000,0 days 00:41:01.547000,221.0,199.0,269.0,280.0,True,SOFT,7.0,True,Aston Martin,0 days 00:39:48.825000,2023-05-27 14:26:56.945,1,,False,,False,True,72.722,72.72200000000001
343,0 days 00:50:01.075000,STR,18,,12.0,2.0,,0 days 00:42:27.359000,26.293,40.845,,0 days 00:41:27.922000,0 days 00:42:08.750000,,125.0,171.0,,244.0,False,SOFT,8.0,True,Aston Martin,0 days 00:41:01.547000,2023-05-27 14:28:09.667,12,,False,,False,False,,
344,0 days 00:51:37.131000,STR,18,0 days 00:01:36.056000,13.0,3.0,0 days 00:50:01.822000,,25.186,43.726,27.144,0 days 00:50:26.261000,0 days 00:51:09.987000,0 days 00:51:37.131000,179.0,180.0,269.0,273.0,False,SOFT,1.0,True,Aston Martin,0 days 00:50:01.075000,2023-05-27 14:37:09.195,1,,False,,False,False,96.056,96.05600000000001
345,0 days 00:53:01.477000,STR,18,0 days 00:01:24.346000,14.0,3.0,,,21.92,40.213,22.213,0 days 00:51:59.051000,0 days 00:52:39.264000,0 days 00:53:01.477000,161.0,173.0,269.0,268.0,True,SOFT,2.0,True,Aston Martin,0 days 00:51:37.131000,2023-05-27 14:38:45.251,1,,False,,False,True,84.346,84.346
346,0 days 00:54:14.567000,STR,18,0 days 00:01:13.090000,15.0,3.0,,,19.013,34.499,19.578,0 days 00:53:20.490000,0 days 00:53:54.989000,0 days 00:54:14.567000,220.0,199.0,271.0,280.0,True,SOFT,3.0,True,Aston Martin,0 days 00:53:01.477000,2023-05-27 14:40:09.597,1,,False,,False,True,73.09,73.09
347,0 days 00:59:29.260000,STR,18,,16.0,3.0,,0 days 00:55:47.240000,31.842,42.949,,0 days 00:54:46.585000,0 days 00:55:29.397000,,67.0,181.0,,209.0,False,SOFT,4.0,True,Aston Martin,0 days 00:54:14.567000,2023-05-27 14:41:22.687,1,,False,,False,False,,
348,0 days 01:01:02.290000,STR,18,0 days 00:01:33.030000,17.0,4.0,0 days 00:59:29.910000,,24.618,37.13,31.282,0 days 00:59:53.878000,0 days 01:00:31.008000,0 days 01:01:02.290000,189.0,184.0,268.0,268.0,False,SOFT,1.0,True,Aston Martin,0 days 00:59:29.260000,2023-05-27 14:46:37.380,1,,False,,False,False,93.03,93.03
349,0 days 01:02:14.913000,STR,18,0 days 00:01:12.623000,18.0,4.0,,,18.871,34.172,19.58,0 days 01:01:21.161000,0 days 01:01:55.333000,0 days 01:02:14.913000,220.0,201.0,265.0,279.0,True,SOFT,2.0,True,Aston Martin,0 days 01:01:02.290000,2023-05-27 14:48:10.410,1,,False,,False,True,72.623,72.62299999999999
350,0 days 01:03:54.454000,STR,18,,19.0,4.0,,0 days 01:03:54.454000,29.541,45.661,,0 days 01:02:44.486000,0 days 01:03:30.141000,,147.0,168.0,,224.0,False,SOFT,3.0,True,Aston Martin,0 days 01:02:14.913000,2023-05-27 14:49:23.033,1,,False,,False,False,,
351,0 days 00:15:07.461000,BOT,77,0 days 00:01:41.226000,1.0,1.0,0 days 00:13:27.285000,,30.541,40.231,30.454,0 days 00:13:56.863000,0 days 00:14:37.065000,0 days 00:15:07.487000,183.0,180.0,266.0,255.0,False,SOFT,1.0,True,Alfa Romeo,0 days 00:13:27.285000,2023-05-27 14:00:35.405,1,,False,,False,False,101.226,101.226
352,0 days 00:16:21.799000,BOT,77,0 days 00:01:14.338000,2.0,1.0,,,19.63,35.098,19.61,0 days 00:15:27.091000,0 days 00:16:02.189000,0 days 00:16:21.799000,216.0,197.0,268.0,280.0,True,SOFT,2.0,True,Alfa Romeo,0 days 00:15:07.461000,2023-05-27 14:02:15.581,1,,False,,False,True,74.338,74.338
353,0 days 00:18:12.468000,BOT,77,0 days 00:01:50.669000,3.0,1.0,,,26.283,57.785,26.601,0 days 00:16:48.082000,0 days 00:17:45.867000,0 days 00:18:12.468000,138.0,152.0,267.0,244.0,False,SOFT,3.0,True,Alfa Romeo,0 days 00:16:21.799000,2023-05-27 14:03:29.919,1,,False,,False,True,110.669,110.669
354,0 days 00:19:26.472000,BOT,77,0 days 00:01:14.004000,4.0,1.0,,,19.376,35.071,19.557,0 days 00:18:31.844000,0 days 00:19:06.915000,0 days 00:19:26.472000,216.0,199.0,270.0,280.0,True,SOFT,4.0,True,Alfa Romeo,0 days 00:18:12.468000,2023-05-27 14:05:20.588,12,,False,,False,True,74.004,74.004
355,0 days 00:30:26.543000,BOT,77,,5.0,1.0,,0 days 00:21:12.248000,,,,,,,,,,,False,SOFT,5.0,True,Alfa Romeo,0 days 00:19:26.472000,2023-05-27 14:06:34.592,251,,False,,False,False,,
356,0 days 00:32:09.574000,BOT,77,0 days 00:01:43.031000,6.0,2.0,0 days 00:30:27.492000,,35.916,40.466,26.649,0 days 00:31:02.459000,0 days 00:31:42.925000,0 days 00:32:09.574000,186.0,183.0,267.0,261.0,False,SOFT,1.0,True,Alfa Romeo,0 days 00:30:27.492000,2023-05-27 14:17:35.612,1,,False,,False,False,103.031,103.031
357,0 days 00:33:23.038000,BOT,77,0 days 00:01:13.464000,7.0,2.0,,,19.267,34.782,19.415,0 days 00:32:28.841000,0 days 00:33:03.623000,0 days 00:33:23.038000,216.0,199.0,267.0,280.0,True,SOFT,2.0,True,Alfa Romeo,0 days 00:32:09.574000,2023-05-27 14:19:17.694,1,,False,,False,True,73.464,73.464
358,0 days 00:35:15.928000,BOT,77,0 days 00:01:52.890000,8.0,2.0,,,25.412,51.132,36.346,0 days 00:33:48.450000,0 days 00:34:39.582000,0 days 00:35:15.928000,130.0,99.0,267.0,236.0,False,SOFT,3.0,True,Alfa Romeo,0 days 00:33:23.038000,2023-05-27 14:20:31.158,1,,False,,False,True,112.89,112.88999999999999
359,0 days 00:36:29.396000,BOT,77,0 days 00:01:13.468000,9.0,2.0,,,19.371,34.797,19.3,0 days 00:35:35.299000,0 days 00:36:10.096000,0 days 00:36:29.396000,217.0,200.0,268.0,279.0,False,SOFT,4.0,True,Alfa Romeo,0 days 00:35:15.928000,2023-05-27 14:22:24.048,1,,False,,False,True,73.468,73.46799999999999
360,0 days 00:38:14.970000,BOT,77,0 days 00:01:45.574000,10.0,2.0,,,26.376,50.413,28.785,0 days 00:36:55.772000,0 days 00:37:46.185000,0 days 00:38:14.970000,125.0,132.0,223.0,217.0,False,SOFT,5.0,True,Alfa Romeo,0 days 00:36:29.396000,2023-05-27 14:23:37.516,1,,False,,False,True,105.574,105.574
361,0 days 00:40:03.837000,BOT,77,0 days 00:01:48.867000,11.0,2.0,,,26.369,52.761,29.737,0 days 00:38:41.339000,0 days 00:39:34.100000,0 days 00:40:03.837000,75.0,131.0,268.0,247.0,False,SOFT,6.0,True,Alfa Romeo,0 days 00:38:14.970000,2023-05-27 14:25:23.090,1,,False,,False,True,108.867,108.86699999999999
362,0 days 00:41:16.875000,BOT,77,0 days 00:01:13.038000,12.0,2.0,,,19.129,34.649,19.26,0 days 00:40:22.966000,0 days 00:40:57.615000,0 days 00:41:16.875000,219.0,203.0,268.0,280.0,True,SOFT,7.0,True,Alfa Romeo,0 days 00:40:03.837000,2023-05-27 14:27:11.957,1,,False,,False,True,73.038,73.03800000000001
363,0 days 00:49:33.941000,BOT,77,,13.0,2.0,,0 days 00:42:44.077000,24.349,44.129,,0 days 00:41:41.281000,0 days 00:42:25.406000,,153.0,156.0,,235.0,False,SOFT,8.0,True,Alfa Romeo,0 days 00:41:16.875000,2023-05-27 14:28:24.995,12,,False,,False,False,,
364,0 days 00:51:13.035000,BOT,77,0 days 00:01:39.094000,14.0,3.0,0 days 00:49:35.151000,,32.525,40.168,26.401,0 days 00:50:06.466000,0 days 00:50:46.634000,0 days 00:51:13.035000,180.0,185.0,268.0,261.0,False,SOFT,1.0,True,Alfa Romeo,0 days 00:49:33.941000,2023-05-27 14:36:42.061,1,,False,,False,False,99.094,99.094
365,0 days 00:52:25.790000,BOT,77,0 days 00:01:12.755000,15.0,3.0,,,19.022,34.546,19.187,0 days 00:51:32.057000,0 days 00:52:06.603000,0 days 00:52:25.790000,216.0,201.0,268.0,279.0,True,SOFT,2.0,True,Alfa Romeo,0 days 00:51:13.035000,2023-05-27 14:38:21.155,1,,False,,False,True,72.755,72.755
366,0 days 00:54:17.421000,BOT,77,0 days 00:01:51.631000,16.0,3.0,,,27.341,54.004,30.286,0 days 00:52:53.131000,0 days 00:53:47.135000,0 days 00:54:17.421000,129.0,154.0,239.0,221.0,False,SOFT,3.0,True,Alfa Romeo,0 days 00:52:25.790000,2023-05-27 14:39:33.910,1,,False,,False,True,111.631,111.631
367,0 days 00:55:59.939000,BOT,77,0 days 00:01:42.518000,17.0,3.0,,,29.815,48.611,24.092,0 days 00:54:47.236000,0 days 00:55:35.847000,0 days 00:55:59.939000,61.0,153.0,268.0,259.0,False,SOFT,4.0,True,Alfa Romeo,0 days 00:54:17.421000,2023-05-27 14:41:25.541,1,,False,,False,True,102.518,102.518
368,0 days 00:57:12.623000,BOT,77,0 days 00:01:12.684000,18.0,3.0,,,18.98,34.526,19.178,0 days 00:56:18.919000,0 days 00:56:53.445000,0 days 00:57:12.623000,218.0,203.0,268.0,280.0,True,SOFT,5.0,True,Alfa Romeo,0 days 00:55:59.939000,2023-05-27 14:43:08.059,1,,False,,False,True,72.684,72.684
369,0 days 01:00:58.196000,BOT,77,,19.0,3.0,,0 days 00:58:34.567000,21.744,41.98,,0 days 00:57:34.411000,0 days 00:58:16.395000,,180.0,149.0,,198.0,False,SOFT,6.0,True,Alfa Romeo,0 days 00:57:12.623000,2023-05-27 14:44:20.743,1,,False,,False,False,,
370,0 days 01:02:39.041000,BOT,77,0 days 00:01:40.845000,20.0,4.0,0 days 01:00:58.893000,,31.15,46.062,23.633,0 days 01:01:29.346000,0 days 01:02:15.408000,0 days 01:02:39.041000,184.0,183.0,267.0,257.0,False,SOFT,1.0,True,Alfa Romeo,0 days 01:00:58.196000,2023-05-27 14:48:06.316,1,,False,,False,False,100.845,100.84499999999998
371,0 days 01:03:51.666000,BOT,77,0 days 00:01:12.625000,21.0,4.0,,,18.914,34.446,19.265,0 days 01:02:57.955000,0 days 01:03:32.401000,0 days 01:03:51.666000,220.0,202.0,268.0,278.0,True,SOFT,2.0,True,Alfa Romeo,0 days 01:02:39.041000,2023-05-27 14:49:47.161,1,,False,,False,True,72.625,72.625
372,0 days 01:05:17.609000,BOT,77,,22.0,4.0,,0 days 01:05:17.609000,24.346,43.54,,0 days 01:04:16.047000,0 days 01:04:59.578000,,146.0,139.0,,227.0,False,SOFT,3.0,True,Alfa Romeo,0 days 01:03:51.666000,2023-05-27 14:50:59.786,1,,False,,False,False,,
373,0 days 00:14:38.406000,SAR,2,0 days 00:01:40.984000,1.0,1.0,0 days 00:12:58.395000,,29.975,40.255,30.754,0 days 00:13:27.410000,0 days 00:14:07.769000,0 days 00:14:38.440000,171.0,172.0,266.0,271.0,False,SOFT,1.0,True,Williams,0 days 00:12:58.395000,2023-05-27 14:00:06.515,1,,False,,False,False,100.984,100.98400000000001
374,0 days 00:15:54.393000,SAR,2,0 days 00:01:15.987000,2.0,1.0,,,20.076,35.551,20.36,0 days 00:14:58.482000,0 days 00:15:34.033000,0 days 00:15:54.393000,208.0,194.0,271.0,283.0,True,SOFT,2.0,True,Williams,0 days 00:14:38.406000,2023-05-27 14:01:46.526,1,,False,,False,True,75.987,75.987
375,0 days 00:17:44.534000,SAR,2,0 days 00:01:50.141000,3.0,1.0,,,37.06,44.121,28.96,0 days 00:16:31.453000,0 days 00:17:15.574000,0 days 00:17:44.534000,80.0,142.0,269.0,257.0,False,SOFT,3.0,True,Williams,0 days 00:15:54.393000,2023-05-27 14:03:02.513,1,,False,,False,True,110.141,110.14100000000002
376,0 days 00:18:59.182000,SAR,2,0 days 00:01:14.648000,4.0,1.0,,,19.442,35.268,19.938,0 days 00:18:03.976000,0 days 00:18:39.244000,0 days 00:18:59.182000,211.0,196.0,272.0,283.0,True,SOFT,4.0,True,Williams,0 days 00:17:44.534000,2023-05-27 14:04:52.654,1,,False,,False,True,74.648,74.648
377,0 days 00:29:59.169000,SAR,2,,5.0,1.0,,0 days 00:20:45.452000,29.33,,,0 days 00:19:28.546000,,,127.0,,,,False,SOFT,5.0,True,Williams,0 days 00:18:59.182000,2023-05-27 14:06:07.302,125,,False,,False,False,,
378,0 days 00:31:38.321000,SAR,2,0 days 00:01:39.152000,6.0,2.0,0 days 00:30:00.024000,,28.412,42.991,27.749,0 days 00:30:27.581000,0 days 00:31:10.572000,0 days 00:31:38.321000,169.0,182.0,268.0,271.0,False,SOFT,1.0,True,Williams,0 days 00:30:00.024000,2023-05-27 14:17:08.144,1,,False,,False,False,99.152,99.15199999999999
379,0 days 00:32:52.115000,SAR,2,0 days 00:01:13.794000,7.0,2.0,,,19.286,34.797,19.711,0 days 00:31:57.607000,0 days 00:32:32.404000,0 days 00:32:52.115000,215.0,198.0,270.0,283.0,True,SOFT,2.0,True,Williams,0 days 00:31:38.321000,2023-05-27 14:18:46.441,1,,False,,False,True,73.794,73.794
380,0 days 00:34:34.830000,SAR,2,0 days 00:01:42.715000,8.0,2.0,,,26.514,46.45,29.751,0 days 00:33:18.629000,0 days 00:34:05.079000,0 days 00:34:34.830000,131.0,152.0,270.0,256.0,False,SOFT,3.0,True,Williams,0 days 00:32:52.115000,2023-05-27 14:20:00.235,1,,False,,False,True,102.715,102.715
381,0 days 00:35:48.685000,SAR,2,0 days 00:01:13.855000,9.0,2.0,,,19.312,34.8,19.743,0 days 00:34:54.142000,0 days 00:35:28.942000,0 days 00:35:48.685000,215.0,198.0,272.0,284.0,False,SOFT,4.0,True,Williams,0 days 00:34:34.830000,2023-05-27 14:21:42.950,1,,False,,False,True,73.855,73.85499999999999
382,0 days 00:38:37.984000,SAR,2,,10.0,2.0,,0 days 00:37:07.425000,22.274,37.518,,0 days 00:36:11.004000,0 days 00:36:48.503000,,190.0,181.0,,257.0,False,SOFT,5.0,True,Williams,0 days 00:35:48.685000,2023-05-27 14:22:56.805,1,,False,,False,False,,
383,0 days 00:40:18.199000,SAR,2,0 days 00:01:40.215000,11.0,3.0,0 days 00:38:38.658000,,29.951,44.222,26.042,0 days 00:39:07.935000,0 days 00:39:52.157000,0 days 00:40:18.199000,164.0,175.0,271.0,275.0,False,SOFT,1.0,True,Williams,0 days 00:38:37.984000,2023-05-27 14:25:46.104,1,,False,,False,False,100.215,100.215
384,0 days 00:41:31.312000,SAR,2,0 days 00:01:13.113000,12.0,3.0,,,19.073,34.617,19.423,0 days 00:40:37.272000,0 days 00:41:11.889000,0 days 00:41:31.312000,218.0,200.0,271.0,283.0,True,SOFT,2.0,True,Williams,0 days 00:40:18.199000,2023-05-27 14:27:26.319,1,,False,,False,True,73.113,73.113
385,0 days 00:42:57.124000,SAR,2,,13.0,3.0,,0 days 00:42:57.124000,23.506,41.325,,0 days 00:41:54.828000,0 days 00:42:36.124000,,182.0,119.0,,257.0,False,SOFT,3.0,True,Williams,0 days 00:41:31.312000,2023-05-27 14:28:39.432,1,,False,,False,False,,
386,0 days 00:15:48.518000,MAG,20,0 days 00:01:51.087000,1.0,1.0,0 days 00:13:58.503000,,35.878,43.508,31.701,0 days 00:14:33.315000,0 days 00:15:16.862000,0 days 00:15:48.518000,178.0,166.0,268.0,269.0,False,SOFT,1.0,True,Haas F1 Team,0 days 00:13:58.503000,2023-05-27 14:01:06.623,1,,False,,False,False,111.087,111.08699999999999
387,0 days 00:17:02.858000,MAG,20,0 days 00:01:14.340000,2.0,1.0,,,19.535,35.107,19.698,0 days 00:16:08.053000,0 days 00:16:43.160000,0 days 00:17:02.858000,216.0,198.0,269.0,280.0,True,SOFT,2.0,True,Haas F1 Team,0 days 00:15:48.518000,2023-05-27 14:02:56.638,1,,False,,False,True,74.34,74.34
388,0 days 00:19:03.848000,MAG,20,0 days 00:02:00.990000,3.0,1.0,,,31.398,61.248,28.344,0 days 00:17:34.256000,0 days 00:18:35.504000,0 days 00:19:03.848000,77.0,164.0,269.0,196.0,False,SOFT,3.0,True,Haas F1 Team,0 days 00:17:02.858000,2023-05-27 14:04:10.978,1,,False,,False,True,120.99,120.99000000000001
389,0 days 00:35:48.906000,MAG,20,,4.0,1.0,,0 days 00:20:29.655000,19.3,,,0 days 00:19:23.234000,,,214.0,,,,False,SOFT,4.0,True,Haas F1 Team,0 days 00:19:03.848000,2023-05-27 14:06:11.968,125,,False,,False,False,,
390,0 days 00:37:25.654000,MAG,20,0 days 00:01:36.748000,5.0,2.0,0 days 00:35:49.613000,,25.037,42.014,29.697,0 days 00:36:13.943000,0 days 00:36:55.957000,0 days 00:37:25.654000,175.0,180.0,269.0,266.0,False,SOFT,1.0,True,Haas F1 Team,0 days 00:35:49.613000,2023-05-27 14:22:57.733,1,,False,,False,False,96.748,96.748
391,0 days 00:38:38.924000,MAG,20,0 days 00:01:13.270000,6.0,2.0,,,19.14,34.574,19.556,0 days 00:37:44.794000,0 days 00:38:19.368000,0 days 00:38:38.924000,216.0,201.0,267.0,280.0,True,SOFT,2.0,True,Haas F1 Team,0 days 00:37:25.654000,2023-05-27 14:24:33.774,1,,False,,False,True,73.27,73.27
392,0 days 00:40:36.079000,MAG,20,0 days 00:01:57.155000,7.0,2.0,,,34.12,47.556,35.479,0 days 00:39:13.044000,0 days 00:40:00.600000,0 days 00:40:36.079000,62.0,161.0,270.0,231.0,False,SOFT,3.0,True,Haas F1 Team,0 days 00:38:38.924000,2023-05-27 14:25:47.044,1,,False,,False,True,117.155,117.15499999999999
393,0 days 00:41:49.915000,MAG,20,0 days 00:01:13.836000,8.0,2.0,,,19.189,34.576,20.071,0 days 00:40:55.268000,0 days 00:41:29.844000,0 days 00:41:49.915000,215.0,207.0,258.0,281.0,False,SOFT,4.0,True,Haas F1 Team,0 days 00:40:36.079000,2023-05-27 14:27:44.199,1,,False,,False,True,73.836,73.836
394,0 days 00:43:10.983000,MAG,20,,9.0,2.0,,0 days 00:43:10.983000,26.611,38.857,,0 days 00:42:16.546000,0 days 00:42:55.437000,,130.0,174.0,,256.0,False,SOFT,5.0,True,Haas F1 Team,0 days 00:41:49.915000,2023-05-27 14:28:58.035,1,,False,,False,False,,
395,0 days 00:15:30.653000,HUL,27,0 days 00:01:41.478000,1.0,1.0,0 days 00:13:49.816000,,27.719,49.36,24.399,0 days 00:14:16.894000,0 days 00:15:06.284000,0 days 00:15:30.674000,146.0,133.0,268.0,255.0,False,SOFT,1.0,True,Haas F1 Team,0 days 00:13:49.816000,2023-05-27 14:00:57.936,1,,False,,False,False,101.478,101.47800000000001
396,0 days 00:16:45.034000,HUL,27,0 days 00:01:14.381000,2.0,1.0,,,19.6,35.138,19.643,0 days 00:15:50.253000,0 days 00:16:25.391000,0 days 00:16:45.034000,207.0,197.0,270.0,282.0,True,SOFT,2.0,True,Haas F1 Team,0 days 00:15:30.653000,2023-05-27 14:02:38.773,1,,False,,False,True,74.381,74.381
397,0 days 00:18:38.507000,HUL,27,0 days 00:01:53.473000,3.0,1.0,,,31.192,53.368,28.913,0 days 00:17:16.226000,0 days 00:18:09.594000,0 days 00:18:38.507000,120.0,101.0,269.0,143.0,False,SOFT,3.0,True,Haas F1 Team,0 days 00:16:45.034000,2023-05-27 14:03:53.154,1,,False,,False,True,113.473,113.473
398,0 days 00:35:58.439000,HUL,27,,4.0,1.0,,0 days 00:19:46.593000,19.34,34.945,,0 days 00:18:57.875000,0 days 00:19:32.843000,,214.0,201.0,,281.0,False,SOFT,4.0,True,Haas F1 Team,0 days 00:18:38.507000,2023-05-27 14:05:46.627,125,,False,,False,False,,
399,0 days 00:37:43.801000,HUL,27,0 days 00:01:45.362000,5.0,2.0,0 days 00:35:59.519000,,32.835,41.041,31.486,0 days 00:36:31.274000,0 days 00:37:12.315000,0 days 00:37:43.801000,159.0,165.0,270.0,260.0,False,SOFT,1.0,True,Haas F1 Team,0 days 00:35:59.519000,2023-05-27 14:23:07.639,1,,False,,False,False,105.362,105.36200000000001
400,0 days 00:38:57.080000,HUL,27,0 days 00:01:13.279000,6.0,2.0,,,19.108,34.707,19.464,0 days 00:38:02.909000,0 days 00:38:37.616000,0 days 00:38:57.080000,215.0,199.0,270.0,282.0,True,SOFT,2.0,True,Haas F1 Team,0 days 00:37:43.801000,2023-05-27 14:24:51.921,1,,False,,False,True,73.279,73.279
401,0 days 00:40:53.404000,HUL,27,0 days 00:01:56.324000,7.0,2.0,,,30.178,54.061,32.085,0 days 00:39:27.258000,0 days 00:40:21.319000,0 days 00:40:53.404000,133.0,116.0,270.0,131.0,False,SOFT,3.0,True,Haas F1 Team,0 days 00:38:57.080000,2023-05-27 14:26:05.200,1,,False,,False,True,116.324,116.32400000000001
402,0 days 00:42:06.765000,HUL,27,,8.0,2.0,,0 days 00:42:06.765000,19.324,35.024,,0 days 00:41:12.860000,0 days 00:41:47.859000,,213.0,180.0,,283.0,False,SOFT,4.0,True,Haas F1 Team,0 days 00:40:53.404000,2023-05-27 14:28:01.524,1,,False,,False,False,,
403,0 days 00:15:02.956000,ZHO,24,0 days 00:01:39.060000,1.0,1.0,0 days 00:13:24.816000,,30.771,39.594,28.695,0 days 00:13:54.706000,0 days 00:14:34.284000,0 days 00:15:02.956000,162.0,170.0,268.0,253.0,False,SOFT,1.0,True,Alfa Romeo,0 days 00:13:24.816000,2023-05-27 14:00:32.936,1,,False,,False,False,99.06,99.06
404,0 days 00:16:17.802000,ZHO,24,0 days 00:01:14.846000,2.0,1.0,,,19.668,35.346,19.832,0 days 00:15:22.624000,0 days 00:15:57.970000,0 days 00:16:17.802000,209.0,196.0,269.0,281.0,True,SOFT,2.0,True,Alfa Romeo,0 days 00:15:02.956000,2023-05-27 14:02:11.076,1,,False,,False,True,74.846,74.846
405,0 days 00:18:07.761000,ZHO,24,0 days 00:01:49.959000,3.0,1.0,,,28.568,51.36,30.031,0 days 00:16:46.370000,0 days 00:17:37.730000,0 days 00:18:07.761000,150.0,127.0,269.0,225.0,False,SOFT,3.0,True,Alfa Romeo,0 days 00:16:17.802000,2023-05-27 14:03:25.922,1,,False,,False,True,109.959,109.959
406,0 days 00:19:21.537000,ZHO,24,0 days 00:01:13.776000,4.0,1.0,,,19.268,34.841,19.667,0 days 00:18:27.029000,0 days 00:19:01.870000,0 days 00:19:21.537000,215.0,201.0,268.0,281.0,True,SOFT,4.0,True,Alfa Romeo,0 days 00:18:07.761000,2023-05-27 14:05:15.881,1,,False,,False,True,73.776,73.77600000000001
407,0 days 00:30:24.333000,ZHO,24,,5.0,1.0,,0 days 00:21:07.405000,,,,,,,,,,,False,SOFT,5.0,True,Alfa Romeo,0 days 00:19:21.537000,2023-05-27 14:06:29.657,125,,False,,False,False,,
408,0 days 00:32:05.176000,ZHO,24,0 days 00:01:40.843000,6.0,2.0,0 days 00:30:25.320000,,35.392,38.88,26.571,0 days 00:30:59.725000,0 days 00:31:38.605000,0 days 00:32:05.176000,168.0,180.0,268.0,261.0,False,SOFT,1.0,True,Alfa Romeo,0 days 00:30:25.320000,2023-05-27 14:17:33.440,1,,False,,False,False,100.843,100.843
409,0 days 00:33:18.947000,ZHO,24,0 days 00:01:13.771000,7.0,2.0,,,19.292,34.891,19.588,0 days 00:32:24.468000,0 days 00:32:59.359000,0 days 00:33:18.947000,217.0,200.0,269.0,281.0,True,SOFT,2.0,True,Alfa Romeo,0 days 00:32:05.176000,2023-05-27 14:19:13.296,1,,False,,False,True,73.771,73.771
410,0 days 00:35:10.956000,ZHO,24,0 days 00:01:52.009000,8.0,2.0,,,27.073,52.33,32.606,0 days 00:33:46.020000,0 days 00:34:38.350000,0 days 00:35:10.956000,132.0,80.0,269.0,232.0,False,SOFT,3.0,True,Alfa Romeo,0 days 00:33:18.947000,2023-05-27 14:20:27.067,1,,False,,False,True,112.009,112.00899999999999
411,0 days 00:36:24.541000,ZHO,24,0 days 00:01:13.585000,9.0,2.0,,,19.293,34.795,19.497,0 days 00:35:30.249000,0 days 00:36:05.044000,0 days 00:36:24.541000,213.0,200.0,269.0,280.0,True,SOFT,4.0,True,Alfa Romeo,0 days 00:35:10.956000,2023-05-27 14:22:19.076,1,,False,,False,True,73.585,73.58500000000001
412,0 days 00:38:12.524000,ZHO,24,0 days 00:01:47.983000,10.0,2.0,,,29.478,50.09,28.415,0 days 00:36:54.019000,0 days 00:37:44.109000,0 days 00:38:12.524000,113.0,115.0,236.0,236.0,False,SOFT,5.0,True,Alfa Romeo,0 days 00:36:24.541000,2023-05-27 14:23:32.661,1,,False,,False,True,107.983,107.983
413,0 days 00:39:59.124000,ZHO,24,0 days 00:01:46.600000,11.0,2.0,,,26.824,52.582,27.194,0 days 00:38:39.348000,0 days 00:39:31.930000,0 days 00:39:59.124000,154.0,130.0,269.0,253.0,False,SOFT,6.0,True,Alfa Romeo,0 days 00:38:12.524000,2023-05-27 14:25:20.644,1,,False,,False,True,106.6,106.60000000000001
414,0 days 00:41:12.647000,ZHO,24,0 days 00:01:13.523000,12.0,2.0,,,19.07,34.772,19.681,0 days 00:40:18.194000,0 days 00:40:52.966000,0 days 00:41:12.647000,213.0,201.0,267.0,280.0,True,SOFT,7.0,True,Alfa Romeo,0 days 00:39:59.124000,2023-05-27 14:27:07.244,1,,False,,False,True,73.523,73.523
415,0 days 00:42:42.437000,ZHO,24,,13.0,2.0,,0 days 00:42:42.437000,26.787,43.069,,0 days 00:41:39.453000,0 days 00:42:22.531000,,125.0,156.0,,242.0,False,SOFT,8.0,True,Alfa Romeo,0 days 00:41:12.647000,2023-05-27 14:28:20.767,1,,False,,False,False,,
416,0 days 00:16:06.204000,PER,11,0 days 00:01:52.219000,1.0,1.0,0 days 00:14:16.409000,,39.272,46.308,26.639,0 days 00:14:53.268000,0 days 00:15:39.565000,0 days 00:16:06.346000,181.0,160.0,270.0,263.0,False,SOFT,1.0,True,Red Bull Racing,0 days 00:14:16.409000,2023-05-27 14:01:24.529,1,,False,,False,False,112.219,112.219
417,0 days 00:17:20.054000,PER,11,0 days 00:01:13.850000,2.0,1.0,,,19.475,34.813,19.562,0 days 00:16:25.679000,0 days 00:17:00.492000,0 days 00:17:20.054000,210.0,199.0,268.0,281.0,True,SOFT,2.0,True,Red Bull Racing,0 days 00:16:06.204000,2023-05-27 14:03:14.324,1,,False,,False,True,73.85,73.85000000000001
418,0 days 00:19:15.992000,PER,11,0 days 00:01:55.938000,3.0,1.0,,,29.913,57.296,28.729,0 days 00:17:49.967000,0 days 00:18:47.263000,0 days 00:19:15.992000,114.0,151.0,270.0,230.0,False,SOFT,3.0,True,Red Bull Racing,0 days 00:17:20.054000,2023-05-27 14:04:28.174,1,,True,TRACK LIMITS AT TURN 10 LAP 4 ,False,True,115.938,115.938
419,0 days 00:27:12.291000,PER,11,,4.0,1.0,,0 days 00:27:12.291000,29.913,,,0 days 00:27:12.291000,,,,,,230.0,False,SOFT,4.0,True,Red Bull Racing,0 days 00:19:15.992000,2023-05-27 14:06:24.112,125,,False,,False,False,,
