,Time,Driver,DriverNumber,LapTime,LapNumber,Stint,PitOutTime,PitInTime,Sector1Time,Sector2Time,Sector3Time,Sector1SessionTime,Sector2SessionTime,Sector3SessionTime,SpeedI1,SpeedI2,SpeedFL,SpeedST,IsPersonalBest,Compound,TyreLife,FreshTyre,Team,LapStartTime,LapStartDate,TrackStatus,Position,Deleted,DeletedReason,FastF1Generated,IsAccurate,LapTime_in_seconds,laptime_sum_sectortimes
0,0 days 00:17:26.186000,VER,1,,1.0,1.0,0 days 00:15:48.676000,,,34.174,32.71,,0 days 00:16:53.488000,0 days 00:17:26.191000,287.0,221.0,274.0,292.0,False,MEDIUM,1.0,True,Red Bull Racing,0 days 00:15:48.676000,2023-07-01 10:01:07.890,1,,False,,False,False,,
1,0 days 00:18:36.387000,VER,1,0 days 00:01:10.201000,2.0,1.0,,,17.272,30.557,22.372,0 days 00:17:43.458000,0 days 00:18:14.015000,0 days 00:18:36.387000,320.0,241.0,278.0,318.0,False,MEDIUM,2.0,True,Red Bull Racing,0 days 00:17:26.186000,2023-07-01 10:02:45.400,12,,True,TRACK LIMITS AT TURN 9 LAP 3 ,False,True,70.201,70.201
2,0 days 00:19:45.033000,VER,1,0 days 00:01:08.646000,3.0,1.0,,,17.018,30.361,21.267,0 days 00:18:53.405000,0 days 00:19:23.766000,0 days 00:19:45.033000,323.0,244.0,282.0,319.0,True,MEDIUM,3.0,True,Red Bull Racing,0 days 00:18:36.387000,2023-07-01 10:03:55.601,1,,False,,False,True,68.646,68.646
3,0 days 00:21:19.001000,VER,1,0 days 00:01:33.968000,4.0,1.0,,,23.184,45.55,25.234,0 days 00:20:08.217000,0 days 00:20:53.767000,0 days 00:21:19.001000,133.0,192.0,282.0,189.0,False,MEDIUM,4.0,True,Red Bull Racing,0 days 00:19:45.033000,2023-07-01 10:05:04.247,12,,False,,False,True,93.968,93.96799999999999
4,0 days 00:22:26.215000,VER,1,0 days 00:01:07.214000,5.0,1.0,,,16.824,29.717,20.673,0 days 00:21:35.825000,0 days 00:22:05.542000,0 days 00:22:26.215000,320.0,245.0,284.0,318.0,True,MEDIUM,5.0,True,Red Bull Racing,0 days 00:21:19.001000,2023-07-01 10:06:38.215,1,,False,,False,True,67.214,67.214
5,0 days 00:23:46.219000,VER,1,0 days 00:01:20.004000,6.0,1.0,,0 days 00:23:42.921000,19.57,32.1,28.334,0 days 00:22:45.785000,0 days 00:23:17.885000,0 days 00:23:46.219000,207.0,232.0,,292.0,False,MEDIUM,6.0,True,Red Bull Racing,0 days 00:22:26.215000,2023-07-01 10:07:45.429,1,,False,,False,False,80.004,80.004
6,0 days 00:25:27.929000,VER,1,0 days 00:01:41.710000,7.0,2.0,0 days 00:24:06.358000,,40.747,37.523,23.44,0 days 00:24:26.966000,0 days 00:25:04.489000,0 days 00:25:27.929000,245.0,203.0,286.0,289.0,False,SOFT,4.0,False,Red Bull Racing,0 days 00:23:46.219000,2023-07-01 10:09:05.433,1,,False,,False,False,101.71,101.71000000000001
7,0 days 00:26:34.165000,VER,1,0 days 00:01:06.236000,8.0,2.0,,,16.572,29.236,20.428,0 days 00:25:44.501000,0 days 00:26:13.737000,0 days 00:26:34.165000,321.0,246.0,290.0,317.0,True,SOFT,5.0,False,Red Bull Racing,0 days 00:25:27.929000,2023-07-01 10:10:47.143,1,,False,,False,True,66.236,66.236
8,0 days 00:28:08.678000,VER,1,0 days 00:01:34.513000,9.0,2.0,,0 days 00:28:05.356000,19.05,45.05,30.413,0 days 00:26:53.215000,0 days 00:27:38.265000,0 days 00:28:08.678000,197.0,201.0,,191.0,False,SOFT,6.0,False,Red Bull Racing,0 days 00:26:34.165000,2023-07-01 10:11:53.379,1,,False,,False,False,94.513,94.51299999999999
9,0 days 00:35:04.912000,VER,1,,10.0,3.0,0 days 00:33:45.836000,,,35.964,22.202,,0 days 00:34:42.710000,0 days 00:35:04.991000,228.0,217.0,287.0,269.0,False,SOFT,7.0,False,Red Bull Racing,0 days 00:28:08.678000,2023-07-01 10:13:27.892,1,,False,,False,False,,
10,0 days 00:36:10.536000,VER,1,0 days 00:01:05.624000,11.0,3.0,,,16.445,29.157,20.022,0 days 00:35:21.357000,0 days 00:35:50.514000,0 days 00:36:10.536000,323.0,247.0,286.0,318.0,True,SOFT,8.0,False,Red Bull Racing,0 days 00:35:04.912000,2023-07-01 10:20:24.126,1,,False,,False,True,65.624,65.624
11,0 days 00:38:08.374000,VER,1,0 days 00:01:57.838000,12.0,3.0,,,27.193,53.084,37.561,0 days 00:36:37.729000,0 days 00:37:30.813000,0 days 00:38:08.374000,139.0,163.0,149.0,153.0,False,SOFT,9.0,False,Red Bull Racing,0 days 00:36:10.536000,2023-07-01 10:21:29.750,1,,False,,False,True,117.838,117.838
12,0 days 00:40:02.124000,VER,1,0 days 00:01:53.750000,13.0,3.0,,,32.563,55.365,25.822,0 days 00:38:40.937000,0 days 00:39:36.302000,0 days 00:40:02.124000,159.0,79.0,288.0,172.0,False,SOFT,10.0,False,Red Bull Racing,0 days 00:38:08.374000,2023-07-01 10:23:27.588,1,,False,,False,True,113.75,113.75
13,0 days 00:41:08.917000,VER,1,0 days 00:01:06.793000,14.0,3.0,,,16.458,29.081,21.254,0 days 00:40:18.582000,0 days 00:40:47.663000,0 days 00:41:08.917000,322.0,246.0,214.0,317.0,False,SOFT,11.0,False,Red Bull Racing,0 days 00:40:02.124000,2023-07-01 10:25:21.338,1,,True,TRACK LIMITS AT TURN 10 LAP 15 ,False,True,66.793,66.793
14,0 days 00:43:12.507000,VER,1,0 days 00:02:03.590000,15.0,3.0,,,24.673,61.937,36.98,0 days 00:41:33.590000,0 days 00:42:35.527000,0 days 00:43:12.507000,110.0,96.0,285.0,116.0,False,SOFT,12.0,False,Red Bull Racing,0 days 00:41:08.917000,2023-07-01 10:26:28.131,1,,True,TRACK LIMITS AT TURN 10 (NEXT LAP),False,True,123.59,123.59
15,0 days 00:44:17.878000,VER,1,0 days 00:01:05.371000,16.0,3.0,,,16.548,29.053,19.77,0 days 00:43:29.055000,0 days 00:43:58.108000,0 days 00:44:17.878000,321.0,246.0,287.0,318.0,True,SOFT,13.0,False,Red Bull Racing,0 days 00:43:12.507000,2023-07-01 10:28:31.721,1,,False,,False,True,65.371,65.371
16,0 days 00:45:42.426000,VER,1,0 days 00:01:24.548000,17.0,3.0,,0 days 00:45:39.125000,18.45,34.239,31.859,0 days 00:44:36.328000,0 days 00:45:10.567000,0 days 00:45:42.426000,243.0,215.0,,245.0,False,SOFT,14.0,False,Red Bull Racing,0 days 00:44:17.878000,2023-07-01 10:29:37.092,1,,False,,False,False,84.548,84.548
17,0 days 00:52:02.362000,VER,1,,18.0,4.0,0 days 00:50:44.371000,,,33.783,22.368,,0 days 00:51:40.074000,0 days 00:52:02.574000,274.0,219.0,283.0,284.0,False,SOFT,1.0,True,Red Bull Racing,0 days 00:45:42.426000,2023-07-01 10:31:01.640,1,,False,,False,False,,
18,0 days 00:53:06.975000,VER,1,0 days 00:01:04.613000,19.0,4.0,,,16.342,28.787,19.484,0 days 00:52:18.704000,0 days 00:52:47.491000,0 days 00:53:06.975000,324.0,248.0,290.0,319.0,True,SOFT,2.0,True,Red Bull Racing,0 days 00:52:02.362000,2023-07-01 10:37:21.576,1,,False,,False,True,64.613,64.613
19,0 days 00:54:24.053000,VER,1,0 days 00:01:17.078000,20.0,4.0,,0 days 00:54:20.760000,17.957,32.437,26.684,0 days 00:53:24.932000,0 days 00:53:57.369000,0 days 00:54:24.053000,260.0,232.0,,229.0,False,SOFT,3.0,True,Red Bull Racing,0 days 00:53:06.975000,2023-07-01 10:38:26.189,1,,False,,False,False,77.078,77.078
20,0 days 00:57:48.828000,VER,1,,21.0,5.0,0 days 00:56:20.727000,,,40.677,23.983,,0 days 00:57:24.914000,0 days 00:57:49.038000,228.0,195.0,290.0,223.0,False,SOFT,1.0,True,Red Bull Racing,0 days 00:54:24.053000,2023-07-01 10:39:43.267,1,,False,,False,False,,
21,0 days 00:58:53.268000,VER,1,0 days 00:01:04.440000,22.0,5.0,,,16.294,28.686,19.46,0 days 00:58:05.122000,0 days 00:58:33.808000,0 days 00:58:53.268000,323.0,249.0,289.0,319.0,True,SOFT,2.0,True,Red Bull Racing,0 days 00:57:48.828000,2023-07-01 10:43:08.042,1,,False,,False,True,64.44,64.44
22,0 days 01:00:24.234000,VER,1,0 days 00:01:30.966000,23.0,5.0,,0 days 01:00:19.552000,21.676,36.926,32.364,0 days 00:59:14.944000,0 days 00:59:51.870000,0 days 01:00:24.234000,220.0,166.0,,220.0,False,SOFT,3.0,True,Red Bull Racing,0 days 00:58:53.268000,2023-07-01 10:44:12.482,1,,False,,False,False,90.966,90.96600000000001
23,0 days 00:16:33.582000,SAI,55,,1.0,1.0,0 days 00:15:00.818000,,,35.726,26.6,,0 days 00:16:07.036000,0 days 00:16:33.582000,275.0,209.0,270.0,280.0,False,SOFT,4.0,False,Ferrari,0 days 00:15:00.818000,2023-07-01 10:00:20.032,1,,False,,False,False,,
24,0 days 00:17:55.922000,SAI,55,0 days 00:01:22.340000,2.0,1.0,,0 days 00:17:52.487000,18.355,32.29,31.695,0 days 00:16:51.937000,0 days 00:17:24.227000,0 days 00:17:55.922000,303.0,236.0,,310.0,False,SOFT,5.0,False,Ferrari,0 days 00:16:33.582000,2023-07-01 10:01:52.796,12,,False,,False,False,82.34,82.34
25,0 days 00:26:14.509000,SAI,55,,3.0,2.0,0 days 00:25:00.701000,,,31.013,23.152,,0 days 00:25:51.388000,0 days 00:26:14.716000,299.0,227.0,286.0,299.0,False,SOFT,4.0,False,Ferrari,0 days 00:17:55.922000,2023-07-01 10:03:15.136,12,,False,,False,False,,
26,0 days 00:27:20.696000,SAI,55,0 days 00:01:06.187000,4.0,2.0,,,16.549,29.343,20.295,0 days 00:26:31.058000,0 days 00:27:00.401000,0 days 00:27:20.696000,320.0,247.0,287.0,317.0,True,SOFT,5.0,False,Ferrari,0 days 00:26:14.509000,2023-07-01 10:11:33.723,1,,False,,False,True,66.187,66.187
27,0 days 00:28:49.888000,SAI,55,0 days 00:01:29.192000,5.0,2.0,,0 days 00:28:46.011000,19.068,35.685,34.439,0 days 00:27:39.764000,0 days 00:28:15.449000,0 days 00:28:49.888000,226.0,202.0,,251.0,False,SOFT,6.0,False,Ferrari,0 days 00:27:20.696000,2023-07-01 10:12:39.910,1,,False,,False,False,89.192,89.19200000000001
28,0 days 00:35:35.145000,SAI,55,,6.0,3.0,0 days 00:34:03.211000,,,33.849,30.549,,0 days 00:35:04.695000,0 days 00:35:35.335000,296.0,198.0,280.0,301.0,False,SOFT,6.0,False,Ferrari,0 days 00:28:49.888000,2023-07-01 10:14:09.102,1,,False,,False,False,,
29,0 days 00:36:51.008000,SAI,55,0 days 00:01:15.863000,7.0,3.0,,,17.075,32.546,26.242,0 days 00:35:52.220000,0 days 00:36:24.766000,0 days 00:36:51.008000,304.0,225.0,286.0,287.0,True,SOFT,7.0,False,Ferrari,0 days 00:35:35.145000,2023-07-01 10:20:54.359,1,,False,,False,True,75.863,75.863
30,0 days 00:37:56.888000,SAI,55,0 days 00:01:05.880000,8.0,3.0,,,16.54,29.264,20.076,0 days 00:37:07.548000,0 days 00:37:36.812000,0 days 00:37:56.888000,319.0,242.0,287.0,315.0,True,SOFT,8.0,False,Ferrari,0 days 00:36:51.008000,2023-07-01 10:22:10.222,1,,False,,False,True,65.88,65.88
31,0 days 00:39:17.255000,SAI,55,0 days 00:01:20.367000,9.0,3.0,,0 days 00:39:13.817000,19.36,32.439,28.568,0 days 00:38:16.248000,0 days 00:38:48.687000,0 days 00:39:17.255000,283.0,221.0,,282.0,False,SOFT,9.0,False,Ferrari,0 days 00:37:56.888000,2023-07-01 10:23:16.102,1,,False,,False,False,80.367,80.367
32,0 days 00:41:41.994000,SAI,55,0 days 00:02:24.739000,10.0,4.0,0 days 00:40:25.488000,,87.786,33.297,23.656,0 days 00:40:45.041000,0 days 00:41:18.338000,0 days 00:41:41.994000,301.0,221.0,286.0,292.0,False,SOFT,4.0,False,Ferrari,0 days 00:39:17.255000,2023-07-01 10:24:36.469,1,,False,,False,False,144.739,144.739
33,0 days 00:42:47.428000,SAI,55,0 days 00:01:05.434000,11.0,4.0,,,16.521,29.021,19.892,0 days 00:41:58.515000,0 days 00:42:27.536000,0 days 00:42:47.428000,321.0,245.0,287.0,321.0,True,SOFT,5.0,False,Ferrari,0 days 00:41:41.994000,2023-07-01 10:27:01.208,1,,False,,False,True,65.434,65.434
34,0 days 00:44:17.157000,SAI,55,0 days 00:01:29.729000,12.0,4.0,,0 days 00:44:13.720000,18.541,42.251,28.937,0 days 00:43:05.969000,0 days 00:43:48.220000,0 days 00:44:17.157000,269.0,206.0,,95.0,False,SOFT,6.0,False,Ferrari,0 days 00:42:47.428000,2023-07-01 10:28:06.642,1,,False,,False,False,89.729,89.729
35,0 days 00:52:34.167000,SAI,55,,13.0,5.0,0 days 00:51:14.996000,,,35.096,24.907,,0 days 00:52:09.261000,0 days 00:52:34.167000,299.0,135.0,287.0,300.0,False,MEDIUM,1.0,True,Ferrari,0 days 00:44:17.157000,2023-07-01 10:29:36.371,1,,False,,False,False,,
36,0 days 00:53:39.337000,SAI,55,0 days 00:01:05.170000,14.0,5.0,,,16.534,28.958,19.678,0 days 00:52:50.701000,0 days 00:53:19.659000,0 days 00:53:39.337000,320.0,247.0,288.0,318.0,True,MEDIUM,2.0,True,Ferrari,0 days 00:52:34.167000,2023-07-01 10:37:53.381,1,,False,,False,True,65.17,65.17
37,0 days 00:54:59.549000,SAI,55,0 days 00:01:20.212000,15.0,5.0,,0 days 00:54:56.087000,18.754,32.856,28.602,0 days 00:53:58.091000,0 days 00:54:30.947000,0 days 00:54:59.549000,284.0,213.0,,268.0,False,MEDIUM,3.0,True,Ferrari,0 days 00:53:39.337000,2023-07-01 10:38:58.551,1,,False,,False,False,80.212,80.212
38,0 days 00:57:54.980000,SAI,55,,16.0,6.0,0 days 00:56:31.149000,,,34.523,25.397,,0 days 00:57:29.586000,0 days 00:57:55.163000,300.0,160.0,288.0,302.0,False,SOFT,4.0,False,Ferrari,0 days 00:54:59.549000,2023-07-01 10:40:18.763,1,,False,,False,False,,
39,0 days 00:59:00.116000,SAI,55,0 days 00:01:05.136000,17.0,6.0,,,16.418,29.016,19.702,0 days 00:58:11.398000,0 days 00:58:40.414000,0 days 00:59:00.116000,321.0,245.0,287.0,318.0,True,SOFT,5.0,False,Ferrari,0 days 00:57:54.980000,2023-07-01 10:43:14.194,1,,False,,False,True,65.136,65.136
40,0 days 01:00:26.005000,SAI,55,,18.0,6.0,,0 days 01:00:26.005000,23.344,36.409,,0 days 00:59:23.522000,0 days 00:59:59.865000,,208.0,209.0,,209.0,False,SOFT,6.0,False,Ferrari,0 days 00:59:00.116000,2023-07-01 10:44:19.330,1,,False,,False,False,,
41,0 days 00:16:40.332000,LEC,16,,1.0,1.0,0 days 00:15:05.521000,,,35.431,26.736,,0 days 00:16:13.660000,0 days 00:16:40.332000,267.0,221.0,273.0,275.0,False,SOFT,7.0,False,Ferrari,0 days 00:15:05.521000,2023-07-01 10:00:24.735,1,,False,,False,False,,
42,0 days 00:17:53.186000,LEC,16,0 days 00:01:12.854000,2.0,1.0,,,17.898,31.638,23.318,0 days 00:16:58.230000,0 days 00:17:29.868000,0 days 00:17:53.186000,315.0,243.0,279.0,311.0,True,SOFT,8.0,False,Ferrari,0 days 00:16:40.332000,2023-07-01 10:01:59.546,12,,False,,False,True,72.854,72.854
43,0 days 00:19:04.568000,LEC,16,0 days 00:01:11.382000,3.0,1.0,,,17.25,31.889,22.243,0 days 00:18:10.436000,0 days 00:18:42.325000,0 days 00:19:04.568000,315.0,241.0,281.0,309.0,True,SOFT,9.0,False,Ferrari,0 days 00:17:53.186000,2023-07-01 10:03:12.400,1,,False,,False,True,71.382,71.38199999999999
44,0 days 00:20:13.835000,LEC,16,0 days 00:01:09.267000,4.0,1.0,,,17.13,30.609,21.528,0 days 00:19:21.698000,0 days 00:19:52.307000,0 days 00:20:13.835000,319.0,244.0,283.0,318.0,True,SOFT,10.0,False,Ferrari,0 days 00:19:04.568000,2023-07-01 10:04:23.782,12,,False,,False,True,69.267,69.267
45,0 days 00:21:22.393000,LEC,16,0 days 00:01:08.558000,5.0,1.0,,,16.937,30.321,21.3,0 days 00:20:30.772000,0 days 00:21:01.093000,0 days 00:21:22.393000,310.0,243.0,285.0,310.0,True,SOFT,11.0,False,Ferrari,0 days 00:20:13.835000,2023-07-01 10:05:33.049,21,,False,,False,True,68.558,68.558
46,0 days 00:22:42.951000,LEC,16,0 days 00:01:20.558000,6.0,1.0,,0 days 00:22:39.515000,17.639,33.764,29.155,0 days 00:21:40.032000,0 days 00:22:13.796000,0 days 00:22:42.951000,283.0,218.0,,283.0,False,SOFT,12.0,False,Ferrari,0 days 00:21:22.393000,2023-07-01 10:06:41.607,1,,False,,False,False,80.558,80.558
47,0 days 00:24:31.445000,LEC,16,0 days 00:01:48.494000,7.0,2.0,0 days 00:23:08.484000,,46.782,33.119,28.593,0 days 00:23:29.733000,0 days 00:24:02.852000,0 days 00:24:31.445000,276.0,229.0,284.0,286.0,False,SOFT,4.0,False,Ferrari,0 days 00:22:42.951000,2023-07-01 10:08:02.165,1,,False,,False,False,108.494,108.494
48,0 days 00:25:39.274000,LEC,16,0 days 00:01:07.829000,8.0,2.0,,,16.966,29.85,21.013,0 days 00:24:48.411000,0 days 00:25:18.261000,0 days 00:25:39.274000,319.0,244.0,285.0,312.0,True,SOFT,5.0,False,Ferrari,0 days 00:24:31.445000,2023-07-01 10:09:50.659,1,,False,,False,True,67.829,67.82900000000001
49,0 days 00:26:46.335000,LEC,16,0 days 00:01:07.061000,9.0,2.0,,,16.798,29.62,20.643,0 days 00:25:56.072000,0 days 00:26:25.692000,0 days 00:26:46.335000,323.0,245.0,287.0,320.0,True,SOFT,6.0,False,Ferrari,0 days 00:25:39.274000,2023-07-01 10:10:58.488,1,,False,,False,True,67.061,67.061
50,0 days 00:28:17.768000,LEC,16,0 days 00:01:31.433000,10.0,2.0,,0 days 00:28:14.309000,21.559,36.086,33.788,0 days 00:27:07.894000,0 days 00:27:43.980000,0 days 00:28:17.768000,259.0,178.0,,218.0,False,SOFT,7.0,False,Ferrari,0 days 00:26:46.335000,2023-07-01 10:12:05.549,1,,False,,False,False,91.433,91.43299999999999
51,0 days 00:35:46.941000,LEC,16,,11.0,3.0,0 days 00:34:11.836000,,,31.982,23.187,,0 days 00:35:23.804000,0 days 00:35:46.960000,279.0,230.0,285.0,298.0,False,SOFT,8.0,False,Ferrari,0 days 00:28:17.768000,2023-07-01 10:13:36.982,1,,False,,False,False,,
52,0 days 00:36:53.560000,LEC,16,0 days 00:01:06.619000,12.0,3.0,,,16.759,29.465,20.395,0 days 00:36:03.700000,0 days 00:36:33.165000,0 days 00:36:53.560000,320.0,242.0,286.0,316.0,True,SOFT,9.0,False,Ferrari,0 days 00:35:46.941000,2023-07-01 10:21:06.155,1,,False,,False,True,66.619,66.619
53,0 days 00:37:59.897000,LEC,16,0 days 00:01:06.337000,13.0,3.0,,,16.652,29.452,20.233,0 days 00:37:10.212000,0 days 00:37:39.664000,0 days 00:37:59.897000,322.0,242.0,287.0,318.0,True,SOFT,10.0,False,Ferrari,0 days 00:36:53.560000,2023-07-01 10:22:12.774,1,,False,,False,True,66.337,66.337
54,0 days 00:39:18.808000,LEC,16,0 days 00:01:18.911000,14.0,3.0,,0 days 00:39:15.364000,18.541,31.974,28.396,0 days 00:38:18.438000,0 days 00:38:50.412000,0 days 00:39:18.808000,285.0,226.0,,283.0,False,SOFT,11.0,False,Ferrari,0 days 00:37:59.897000,2023-07-01 10:23:19.111,1,,False,,False,False,78.911,78.911
55,0 days 00:41:47.374000,LEC,16,0 days 00:02:28.566000,15.0,4.0,0 days 00:40:27.394000,,89.501,34.629,24.436,0 days 00:40:48.309000,0 days 00:41:22.938000,0 days 00:41:47.374000,285.0,193.0,286.0,303.0,False,SOFT,4.0,False,Ferrari,0 days 00:39:18.808000,2023-07-01 10:24:38.022,1,,False,,False,False,148.566,148.566
56,0 days 00:42:56.469000,LEC,16,0 days 00:01:09.095000,16.0,4.0,,,16.635,30.268,22.192,0 days 00:42:04.009000,0 days 00:42:34.277000,0 days 00:42:56.469000,320.0,231.0,286.0,319.0,False,SOFT,5.0,False,Ferrari,0 days 00:41:47.374000,2023-07-01 10:27:06.588,1,,False,,False,True,69.095,69.095
57,0 days 00:44:02.142000,LEC,16,0 days 00:01:05.673000,17.0,4.0,,,16.558,29.101,20.014,0 days 00:43:13.027000,0 days 00:43:42.128000,0 days 00:44:02.142000,319.0,245.0,285.0,316.0,True,SOFT,6.0,False,Ferrari,0 days 00:42:56.469000,2023-07-01 10:28:15.683,1,,False,,False,True,65.673,65.673
58,0 days 00:45:25.894000,LEC,16,0 days 00:01:23.752000,18.0,4.0,,0 days 00:45:22.547000,18.49,35.098,30.164,0 days 00:44:20.632000,0 days 00:44:55.730000,0 days 00:45:25.894000,278.0,190.0,,258.0,False,SOFT,7.0,False,Ferrari,0 days 00:44:02.142000,2023-07-01 10:29:21.356,1,,False,,False,False,83.752,83.752
59,0 days 00:55:08.285000,LEC,16,,19.0,5.0,0 days 00:53:53.979000,,,32.423,22.533,,0 days 00:54:45.775000,0 days 00:55:08.447000,282.0,228.0,285.0,300.0,False,SOFT,1.0,True,Ferrari,0 days 00:45:25.894000,2023-07-01 10:30:45.108,1,,False,,False,False,,
60,0 days 00:56:13.565000,LEC,16,0 days 00:01:05.280000,20.0,5.0,,,16.532,28.907,19.841,0 days 00:55:24.817000,0 days 00:55:53.724000,0 days 00:56:13.565000,317.0,247.0,286.0,316.0,True,SOFT,2.0,True,Ferrari,0 days 00:55:08.285000,2023-07-01 10:40:27.499,1,,False,,False,True,65.28,65.28
61,0 days 00:58:07.652000,LEC,16,0 days 00:01:54.087000,21.0,5.0,,,28.741,50.021,35.325,0 days 00:56:42.306000,0 days 00:57:32.327000,0 days 00:58:07.652000,135.0,126.0,286.0,164.0,False,SOFT,3.0,True,Ferrari,0 days 00:56:13.565000,2023-07-01 10:41:32.779,1,,False,,False,True,114.087,114.087
62,0 days 00:59:12.897000,LEC,16,0 days 00:01:05.245000,22.0,5.0,,,16.538,28.933,19.774,0 days 00:58:24.190000,0 days 00:58:53.123000,0 days 00:59:12.897000,320.0,247.0,285.0,318.0,True,SOFT,4.0,True,Ferrari,0 days 00:58:07.652000,2023-07-01 10:43:26.866,1,,False,,False,True,65.245,65.245
63,0 days 01:00:38.130000,LEC,16,,23.0,5.0,,0 days 01:00:38.130000,21.6,35.56,,0 days 00:59:34.490000,0 days 01:00:10.084000,,209.0,205.0,,209.0,False,SOFT,5.0,True,Ferrari,0 days 00:59:12.897000,2023-07-01 10:44:32.111,1,,False,,False,False,,
64,0 days 00:16:54.451000,HAM,44,,1.0,1.0,0 days 00:15:20.145000,,,36.438,27.137,,0 days 00:16:27.332000,0 days 00:16:54.504000,254.0,185.0,274.0,278.0,False,SOFT,6.0,False,Mercedes,0 days 00:15:20.145000,2023-07-01 10:00:39.359,1,,False,,False,False,,
65,0 days 00:18:04.875000,HAM,44,0 days 00:01:10.424000,2.0,1.0,,,17.526,30.851,22.047,0 days 00:17:11.977000,0 days 00:17:42.828000,0 days 00:18:04.875000,306.0,239.0,277.0,306.0,True,SOFT,7.0,False,Mercedes,0 days 00:16:54.451000,2023-07-01 10:02:13.665,12,,False,,False,True,70.424,70.42399999999999
66,0 days 00:19:13.835000,HAM,44,0 days 00:01:08.960000,3.0,1.0,,,17.071,30.41,21.479,0 days 00:18:21.946000,0 days 00:18:52.356000,0 days 00:19:13.835000,307.0,238.0,281.0,307.0,True,SOFT,8.0,False,Mercedes,0 days 00:18:04.875000,2023-07-01 10:03:24.089,1,,False,,False,True,68.96,68.96000000000001
67,0 days 00:20:41.625000,HAM,44,0 days 00:01:27.790000,4.0,1.0,,0 days 00:20:38.267000,16.984,40.133,30.673,0 days 00:19:30.819000,0 days 00:20:10.952000,0 days 00:20:41.625000,298.0,193.0,,195.0,False,SOFT,9.0,False,Mercedes,0 days 00:19:13.835000,2023-07-01 10:04:33.049,12,,False,,False,False,87.79,87.79
68,0 days 00:22:29.291000,HAM,44,0 days 00:01:47.666000,5.0,2.0,0 days 00:21:07.735000,,47.881,34.069,25.716,0 days 00:21:29.506000,0 days 00:22:03.575000,0 days 00:22:29.291000,285.0,215.0,280.0,293.0,False,SOFT,4.0,False,Mercedes,0 days 00:20:41.625000,2023-07-01 10:06:00.839,1,,False,,False,False,107.666,107.666
69,0 days 00:23:36.573000,HAM,44,0 days 00:01:07.282000,6.0,2.0,,,16.866,29.714,20.702,0 days 00:22:46.157000,0 days 00:23:15.871000,0 days 00:23:36.573000,309.0,239.0,284.0,307.0,True,SOFT,5.0,False,Mercedes,0 days 00:22:29.291000,2023-07-01 10:07:48.505,1,,False,,False,True,67.282,67.282
70,0 days 00:24:43.197000,HAM,44,0 days 00:01:06.624000,7.0,2.0,,,16.597,29.632,20.395,0 days 00:23:53.170000,0 days 00:24:22.802000,0 days 00:24:43.197000,318.0,241.0,284.0,316.0,False,SOFT,6.0,False,Mercedes,0 days 00:23:36.573000,2023-07-01 10:08:55.787,1,,True,TRACK LIMITS AT TURN 10 LAP 8 ,False,True,66.624,66.624
71,0 days 00:26:34.106000,HAM,44,0 days 00:01:50.909000,8.0,2.0,,,25.645,43.153,42.111,0 days 00:25:08.842000,0 days 00:25:51.995000,0 days 00:26:34.106000,213.0,157.0,281.0,167.0,False,SOFT,7.0,False,Mercedes,0 days 00:24:43.197000,2023-07-01 10:10:02.411,1,,True,TRACK LIMITS AT TURN 10 (NEXT LAP),False,True,110.909,110.90899999999999
72,0 days 00:28:03.735000,HAM,44,0 days 00:01:29.629000,9.0,2.0,,0 days 00:28:00.309000,18.52,39.333,31.776,0 days 00:26:52.626000,0 days 00:27:31.959000,0 days 00:28:03.735000,270.0,166.0,,210.0,False,SOFT,8.0,False,Mercedes,0 days 00:26:34.106000,2023-07-01 10:11:53.320,1,,False,,False,False,89.629,89.62899999999999
73,0 days 00:17:33.306000,PER,11,,1.0,1.0,0 days 00:16:04.911000,,,34.61,32.253,,0 days 00:17:01.144000,0 days 00:17:33.347000,280.0,218.0,269.0,287.0,False,SOFT,4.0,False,Red Bull Racing,0 days 00:16:04.911000,2023-07-01 10:01:24.125,12,,False,,False,False,,
74,0 days 00:18:44.805000,PER,11,0 days 00:01:11.499000,2.0,1.0,,,17.549,30.88,23.07,0 days 00:17:50.855000,0 days 00:18:21.735000,0 days 00:18:44.805000,321.0,239.0,277.0,319.0,False,SOFT,5.0,False,Red Bull Racing,0 days 00:17:33.306000,2023-07-01 10:02:52.520,21,,True,TRACK LIMITS AT TURN 9 LAP 3 ,False,True,71.499,71.499
75,0 days 00:19:53.620000,PER,11,0 days 00:01:08.815000,3.0,1.0,,,17.296,30.066,21.453,0 days 00:19:02.101000,0 days 00:19:32.167000,0 days 00:19:53.620000,323.0,243.0,282.0,320.0,True,SOFT,6.0,False,Red Bull Racing,0 days 00:18:44.805000,2023-07-01 10:04:04.019,1,,False,,False,True,68.815,68.815
76,0 days 00:21:20.952000,PER,11,0 days 00:01:27.332000,4.0,1.0,,,18.991,42.183,26.158,0 days 00:20:12.611000,0 days 00:20:54.794000,0 days 00:21:20.952000,269.0,205.0,284.0,168.0,False,SOFT,7.0,False,Red Bull Racing,0 days 00:19:53.620000,2023-07-01 10:05:12.834,12,,False,,False,True,87.332,87.332
77,0 days 00:22:28.037000,PER,11,0 days 00:01:07.085000,5.0,1.0,,,16.764,29.548,20.773,0 days 00:21:37.716000,0 days 00:22:07.264000,0 days 00:22:28.037000,323.0,241.0,285.0,320.0,True,SOFT,8.0,False,Red Bull Racing,0 days 00:21:20.952000,2023-07-01 10:06:40.166,1,,False,,False,True,67.085,67.085
78,0 days 00:23:58.402000,PER,11,0 days 00:01:30.365000,6.0,1.0,,0 days 00:23:55.077000,19.742,39.482,31.141,0 days 00:22:47.779000,0 days 00:23:27.261000,0 days 00:23:58.402000,216.0,180.0,,242.0,False,SOFT,9.0,False,Red Bull Racing,0 days 00:22:28.037000,2023-07-01 10:07:47.251,1,,False,,False,False,90.365,90.36500000000001
79,0 days 00:26:11.256000,PER,11,0 days 00:02:12.854000,7.0,2.0,0 days 00:24:19.608000,,44.194,53.322,35.338,0 days 00:24:42.596000,0 days 00:25:35.918000,0 days 00:26:11.256000,187.0,220.0,282.0,181.0,False,SOFT,1.0,True,Red Bull Racing,0 days 00:23:58.402000,2023-07-01 10:09:17.616,1,,False,,False,False,132.854,132.854
80,0 days 00:27:18.180000,PER,11,0 days 00:01:06.924000,8.0,2.0,,,16.932,29.475,20.517,0 days 00:26:28.188000,0 days 00:26:57.663000,0 days 00:27:18.180000,320.0,242.0,283.0,318.0,True,SOFT,2.0,True,Red Bull Racing,0 days 00:26:11.256000,2023-07-01 10:11:30.470,1,,False,,False,True,66.924,66.92399999999999
81,0 days 00:28:48.375000,PER,11,0 days 00:01:30.195000,9.0,2.0,,0 days 00:28:44.574000,21.041,34.894,34.26,0 days 00:27:39.221000,0 days 00:28:14.115000,0 days 00:28:48.375000,271.0,220.0,,253.0,False,SOFT,3.0,True,Red Bull Racing,0 days 00:27:18.180000,2023-07-01 10:12:37.394,1,,False,,False,False,90.195,90.195
82,0 days 00:35:40.137000,PER,11,,10.0,3.0,0 days 00:34:08.726000,,,32.768,25.239,,0 days 00:35:14.898000,0 days 00:35:40.178000,274.0,230.0,286.0,277.0,False,SOFT,4.0,False,Red Bull Racing,0 days 00:28:48.375000,2023-07-01 10:14:07.589,1,,False,,False,False,,
83,0 days 00:36:46.306000,PER,11,0 days 00:01:06.169000,11.0,3.0,,,16.654,29.307,20.208,0 days 00:35:56.791000,0 days 00:36:26.098000,0 days 00:36:46.306000,323.0,244.0,285.0,318.0,True,SOFT,5.0,False,Red Bull Racing,0 days 00:35:40.137000,2023-07-01 10:20:59.351,1,,False,,False,True,66.169,66.169
84,0 days 00:38:41.608000,PER,11,0 days 00:01:55.302000,12.0,3.0,,,23.007,55.13,37.165,0 days 00:37:09.313000,0 days 00:38:04.443000,0 days 00:38:41.608000,160.0,132.0,285.0,116.0,False,SOFT,6.0,False,Red Bull Racing,0 days 00:36:46.306000,2023-07-01 10:22:05.520,1,,False,,False,True,115.302,115.30199999999999
85,0 days 00:39:47.444000,PER,11,0 days 00:01:05.836000,13.0,3.0,,,16.658,29.248,19.93,0 days 00:38:58.266000,0 days 00:39:27.514000,0 days 00:39:47.444000,322.0,245.0,286.0,317.0,True,SOFT,7.0,False,Red Bull Racing,0 days 00:38:41.608000,2023-07-01 10:24:00.822,1,,False,,False,True,65.836,65.83600000000001
86,0 days 00:41:11.897000,PER,11,0 days 00:01:24.453000,14.0,3.0,,0 days 00:41:08.425000,21.884,33.845,28.724,0 days 00:40:09.328000,0 days 00:40:43.173000,0 days 00:41:11.897000,233.0,225.0,,270.0,False,SOFT,8.0,False,Red Bull Racing,0 days 00:39:47.444000,2023-07-01 10:25:06.658,1,,False,,False,False,84.453,84.453
87,0 days 00:43:27.116000,PER,11,0 days 00:02:15.219000,15.0,4.0,0 days 00:41:36.721000,,47.502,41.387,46.33,0 days 00:41:59.399000,0 days 00:42:40.786000,0 days 00:43:27.116000,279.0,162.0,277.0,200.0,False,SOFT,1.0,True,Red Bull Racing,0 days 00:41:11.897000,2023-07-01 10:26:31.111,1,,False,,False,False,135.219,135.219
88,0 days 00:44:33.895000,PER,11,0 days 00:01:06.779000,16.0,4.0,,,16.791,29.515,20.473,0 days 00:43:43.907000,0 days 00:44:13.422000,0 days 00:44:33.895000,325.0,236.0,288.0,321.0,False,SOFT,2.0,True,Red Bull Racing,0 days 00:43:27.116000,2023-07-01 10:28:46.330,1,,False,,False,True,66.779,66.779
89,0 days 00:46:04.421000,PER,11,0 days 00:01:30.526000,17.0,4.0,,0 days 00:46:00.968000,21.583,36.895,32.048,0 days 00:44:55.478000,0 days 00:45:32.373000,0 days 00:46:04.421000,224.0,187.0,,199.0,False,SOFT,3.0,True,Red Bull Racing,0 days 00:44:33.895000,2023-07-01 10:29:53.109,1,,False,,False,False,90.526,90.52600000000001
90,0 days 00:52:06.852000,PER,11,,18.0,5.0,0 days 00:50:52.496000,,,31.728,23.102,,0 days 00:51:43.793000,0 days 00:52:06.855000,280.0,226.0,283.0,275.0,False,SOFT,4.0,False,Red Bull Racing,0 days 00:46:04.421000,2023-07-01 10:31:23.635,1,,False,,False,False,,
91,0 days 00:53:11.932000,PER,11,0 days 00:01:05.080000,19.0,5.0,,,16.431,28.826,19.823,0 days 00:52:23.283000,0 days 00:52:52.109000,0 days 00:53:11.932000,324.0,248.0,288.0,322.0,True,SOFT,5.0,False,Red Bull Racing,0 days 00:52:06.852000,2023-07-01 10:37:26.066,1,,False,,False,True,65.08,65.08000000000001
92,0 days 00:54:33.198000,PER,11,0 days 00:01:21.266000,20.0,5.0,,0 days 00:54:29.822000,18.933,34.195,28.138,0 days 00:53:30.865000,0 days 00:54:05.060000,0 days 00:54:33.198000,270.0,221.0,,267.0,False,SOFT,6.0,False,Red Bull Racing,0 days 00:53:11.932000,2023-07-01 10:38:31.146,1,,False,,False,False,81.266,81.266
93,0 days 00:57:59.292000,PER,11,,21.0,6.0,0 days 00:56:33.477000,,,34.145,28.134,,0 days 00:57:31.242000,0 days 00:57:59.476000,282.0,188.0,288.0,280.0,False,SOFT,4.0,False,Red Bull Racing,0 days 00:54:33.198000,2023-07-01 10:39:52.412,1,,False,,False,False,,
94,0 days 00:59:04.225000,PER,11,0 days 00:01:04.933000,22.0,6.0,,,16.396,28.976,19.561,0 days 00:58:15.688000,0 days 00:58:44.664000,0 days 00:59:04.225000,324.0,245.0,289.0,320.0,True,SOFT,5.0,False,Red Bull Racing,0 days 00:57:59.292000,2023-07-01 10:43:18.506,1,,False,,False,True,64.933,64.93299999999999
95,0 days 01:00:38.244000,PER,11,0 days 00:01:34.019000,23.0,6.0,,0 days 01:00:33.083000,23.136,36.883,34.0,0 days 00:59:27.361000,0 days 01:00:04.244000,0 days 01:00:38.244000,238.0,179.0,,195.0,False,SOFT,6.0,False,Red Bull Racing,0 days 00:59:04.225000,2023-07-01 10:44:23.439,1,,False,,False,False,94.019,94.019
96,0 days 00:17:19.778000,STR,18,,1.0,1.0,0 days 00:15:44.192000,,,37.315,29.368,,0 days 00:16:50.410000,0 days 00:17:19.816000,275.0,209.0,265.0,271.0,False,SOFT,5.0,False,Aston Martin,0 days 00:15:44.192000,2023-07-01 10:01:03.406,1,,False,,False,False,,
97,0 days 00:18:32.568000,STR,18,0 days 00:01:12.790000,2.0,1.0,,,18.0,32.112,22.678,0 days 00:17:37.778000,0 days 00:18:09.890000,0 days 00:18:32.568000,310.0,229.0,271.0,310.0,True,SOFT,6.0,False,Aston Martin,0 days 00:17:19.778000,2023-07-01 10:02:38.992,12,,False,,False,True,72.79,72.79
98,0 days 00:19:42.202000,STR,18,0 days 00:01:09.634000,3.0,1.0,,,17.365,30.412,21.857,0 days 00:18:49.933000,0 days 00:19:20.345000,0 days 00:19:42.202000,310.0,240.0,274.0,308.0,True,SOFT,7.0,False,Aston Martin,0 days 00:18:32.568000,2023-07-01 10:03:51.782,1,,False,,False,True,69.634,69.634
99,0 days 00:20:51.192000,STR,18,0 days 00:01:08.990000,4.0,1.0,,,17.15,30.121,21.719,0 days 00:19:59.352000,0 days 00:20:29.473000,0 days 00:20:51.192000,308.0,239.0,275.0,304.0,True,SOFT,8.0,False,Aston Martin,0 days 00:19:42.202000,2023-07-01 10:05:01.416,12,,False,,False,True,68.99,68.99000000000001
100,0 days 00:22:11.773000,STR,18,0 days 00:01:20.581000,5.0,1.0,,0 days 00:22:08.453000,19.868,32.737,27.976,0 days 00:21:11.060000,0 days 00:21:43.797000,0 days 00:22:11.773000,226.0,230.0,,286.0,False,SOFT,9.0,False,Aston Martin,0 days 00:20:51.192000,2023-07-01 10:06:10.406,1,,False,,False,False,80.581,80.581
101,0 days 00:23:46.389000,STR,18,0 days 00:01:34.616000,6.0,2.0,0 days 00:22:31.453000,,38.675,32.247,23.694,0 days 00:22:50.448000,0 days 00:23:22.695000,0 days 00:23:46.389000,292.0,229.0,277.0,296.0,False,SOFT,4.0,False,Aston Martin,0 days 00:22:11.773000,2023-07-01 10:07:30.987,1,,False,,False,False,94.616,94.616
102,0 days 00:24:53.619000,STR,18,0 days 00:01:07.230000,7.0,2.0,,,16.864,29.548,20.818,0 days 00:24:03.253000,0 days 00:24:32.801000,0 days 00:24:53.619000,317.0,244.0,281.0,314.0,True,SOFT,5.0,False,Aston Martin,0 days 00:23:46.389000,2023-07-01 10:09:05.603,1,,False,,False,True,67.23,67.23
103,0 days 00:26:37.863000,STR,18,0 days 00:01:44.244000,8.0,2.0,,,19.527,55.209,29.508,0 days 00:25:13.146000,0 days 00:26:08.355000,0 days 00:26:37.863000,206.0,182.0,279.0,123.0,False,SOFT,6.0,False,Aston Martin,0 days 00:24:53.619000,2023-07-01 10:10:12.833,1,,False,,False,True,104.244,104.244
104,0 days 00:27:44.432000,STR,18,0 days 00:01:06.569000,9.0,2.0,,,16.729,29.435,20.405,0 days 00:26:54.592000,0 days 00:27:24.027000,0 days 00:27:44.432000,317.0,243.0,282.0,316.0,True,SOFT,7.0,False,Aston Martin,0 days 00:26:37.863000,2023-07-01 10:11:57.077,1,,False,,False,True,66.569,66.569
105,0 days 00:29:13.466000,STR,18,0 days 00:01:29.034000,10.0,2.0,,0 days 00:29:10.120000,20.043,37.783,31.208,0 days 00:28:04.475000,0 days 00:28:42.258000,0 days 00:29:13.466000,246.0,198.0,,205.0,False,SOFT,8.0,False,Aston Martin,0 days 00:27:44.432000,2023-07-01 10:13:03.646,1,,False,,False,False,89.034,89.03399999999999
106,0 days 00:35:59.241000,STR,18,,11.0,3.0,0 days 00:34:39.570000,,,33.525,23.351,,0 days 00:35:35.913000,0 days 00:35:59.241000,289.0,210.0,281.0,293.0,False,SOFT,4.0,False,Aston Martin,0 days 00:29:13.466000,2023-07-01 10:14:32.680,1,,False,,False,False,,
107,0 days 00:37:05.345000,STR,18,0 days 00:01:06.104000,12.0,3.0,,,16.687,29.265,20.152,0 days 00:36:15.928000,0 days 00:36:45.193000,0 days 00:37:05.345000,318.0,245.0,283.0,314.0,True,SOFT,5.0,False,Aston Martin,0 days 00:35:59.241000,2023-07-01 10:21:18.455,1,,False,,False,True,66.104,66.104
108,0 days 00:38:52.210000,STR,18,0 days 00:01:46.865000,13.0,3.0,,,21.658,53.523,31.684,0 days 00:37:27.003000,0 days 00:38:20.526000,0 days 00:38:52.210000,194.0,162.0,281.0,114.0,False,SOFT,6.0,False,Aston Martin,0 days 00:37:05.345000,2023-07-01 10:22:24.559,1,,False,,False,True,106.865,106.86500000000001
109,0 days 00:39:58.317000,STR,18,0 days 00:01:06.107000,14.0,3.0,,,16.656,29.415,20.036,0 days 00:39:08.866000,0 days 00:39:38.281000,0 days 00:39:58.317000,316.0,242.0,284.0,313.0,False,SOFT,7.0,False,Aston Martin,0 days 00:38:52.210000,2023-07-01 10:24:11.424,1,,False,,False,True,66.107,66.107
110,0 days 00:41:18.044000,STR,18,0 days 00:01:19.727000,15.0,3.0,,0 days 00:41:14.722000,18.258,34.309,27.16,0 days 00:40:16.575000,0 days 00:40:50.884000,0 days 00:41:18.044000,285.0,223.0,,270.0,False,SOFT,8.0,False,Aston Martin,0 days 00:39:58.317000,2023-07-01 10:25:17.531,1,,False,,False,False,79.727,79.72699999999999
111,0 days 00:43:15.664000,STR,18,0 days 00:01:57.620000,16.0,4.0,0 days 00:41:38.237000,,41.473,36.873,39.274,0 days 00:41:59.517000,0 days 00:42:36.390000,0 days 00:43:15.664000,292.0,207.0,281.0,258.0,False,SOFT,7.0,False,Aston Martin,0 days 00:41:18.044000,2023-07-01 10:26:37.258,1,,False,,False,False,117.62,117.62
112,0 days 00:44:21.578000,STR,18,0 days 00:01:05.914000,17.0,4.0,,,16.706,29.218,19.99,0 days 00:43:32.370000,0 days 00:44:01.588000,0 days 00:44:21.578000,316.0,242.0,283.0,314.0,True,SOFT,8.0,False,Aston Martin,0 days 00:43:15.664000,2023-07-01 10:28:34.878,1,,False,,False,True,65.914,65.914
113,0 days 00:45:46.181000,STR,18,0 days 00:01:24.603000,18.0,4.0,,0 days 00:45:42.781000,18.512,35.36,30.731,0 days 00:44:40.090000,0 days 00:45:15.450000,0 days 00:45:46.181000,265.0,183.0,,266.0,False,SOFT,9.0,False,Aston Martin,0 days 00:44:21.578000,2023-07-01 10:29:40.792,1,,False,,False,False,84.603,84.60300000000001
114,0 days 00:53:02.151000,STR,18,,19.0,5.0,0 days 00:51:43.293000,,,36.005,24.13,,0 days 00:52:38.058000,0 days 00:53:02.151000,299.0,197.0,281.0,278.0,False,SOFT,10.0,False,Aston Martin,0 days 00:45:46.181000,2023-07-01 10:31:05.395,1,,False,,False,False,,
115,0 days 00:54:08.571000,STR,18,0 days 00:01:06.420000,20.0,5.0,,,16.762,29.521,20.137,0 days 00:53:18.913000,0 days 00:53:48.434000,0 days 00:54:08.571000,315.0,238.0,283.0,313.0,True,SOFT,11.0,False,Aston Martin,0 days 00:53:02.151000,2023-07-01 10:38:21.365,1,,False,,False,True,66.42,66.42
116,0 days 00:55:38.336000,STR,18,0 days 00:01:29.765000,21.0,5.0,,0 days 00:55:33.681000,18.439,33.865,37.461,0 days 00:54:27.010000,0 days 00:55:00.875000,0 days 00:55:38.336000,281.0,218.0,,270.0,False,SOFT,12.0,False,Aston Martin,0 days 00:54:08.571000,2023-07-01 10:39:27.785,1,,False,,False,False,89.765,89.765
117,0 days 00:57:30.368000,STR,18,0 days 00:01:52.032000,22.0,6.0,0 days 00:56:15.633000,,56.757,31.829,23.446,0 days 00:56:35.093000,0 days 00:57:06.922000,0 days 00:57:30.368000,298.0,234.0,283.0,279.0,False,MEDIUM,1.0,True,Aston Martin,0 days 00:55:38.336000,2023-07-01 10:40:57.550,1,,False,,False,False,112.032,112.032
118,0 days 00:58:35.715000,STR,18,0 days 00:01:05.347000,23.0,6.0,,,16.582,29.042,19.723,0 days 00:57:46.950000,0 days 00:58:15.992000,0 days 00:58:35.715000,318.0,245.0,284.0,315.0,True,MEDIUM,2.0,True,Aston Martin,0 days 00:57:30.368000,2023-07-01 10:42:49.582,1,,False,,False,True,65.347,65.34700000000001
119,0 days 01:00:00.771000,STR,18,,24.0,6.0,,0 days 01:00:00.771000,19.056,36.051,,0 days 00:58:54.819000,0 days 00:59:30.850000,,209.0,163.0,,231.0,False,MEDIUM,3.0,True,Aston Martin,0 days 00:58:35.715000,2023-07-01 10:43:54.929,1,,False,,False,False,,
120,0 days 00:17:14.722000,MAG,20,,1.0,1.0,0 days 00:15:40.348000,,,37.474,28.486,,0 days 00:16:46.254000,0 days 00:17:14.722000,251.0,212.0,277.0,275.0,False,MEDIUM,1.0,True,Haas F1 Team,0 days 00:15:40.348000,2023-07-01 10:00:59.562,1,,False,,False,False,,
121,0 days 00:18:25.209000,MAG,20,0 days 00:01:10.487000,2.0,1.0,,,17.526,31.105,21.856,0 days 00:17:32.248000,0 days 00:18:03.353000,0 days 00:18:25.209000,316.0,239.0,280.0,305.0,True,MEDIUM,2.0,True,Haas F1 Team,0 days 00:17:14.722000,2023-07-01 10:02:33.936,12,,False,,False,True,70.487,70.487
122,0 days 00:19:34.571000,MAG,20,0 days 00:01:09.362000,3.0,1.0,,,17.1,30.632,21.63,0 days 00:18:42.309000,0 days 00:19:12.941000,0 days 00:19:34.571000,308.0,241.0,282.0,314.0,True,MEDIUM,3.0,True,Haas F1 Team,0 days 00:18:25.209000,2023-07-01 10:03:44.423,1,,False,,False,True,69.362,69.362
123,0 days 00:20:54.954000,MAG,20,0 days 00:01:20.383000,4.0,1.0,,0 days 00:20:51.548000,16.8,32.997,30.586,0 days 00:19:51.371000,0 days 00:20:24.368000,0 days 00:20:54.954000,310.0,226.0,,288.0,False,MEDIUM,4.0,True,Haas F1 Team,0 days 00:19:34.571000,2023-07-01 10:04:53.785,12,,False,,False,False,80.383,80.383
124,0 days 00:23:26.587000,MAG,20,,5.0,2.0,0 days 00:22:02.891000,,89.675,34.88,27.089,0 days 00:22:24.672000,0 days 00:22:59.515000,0 days 00:23:26.843000,280.0,215.0,282.0,290.0,False,SOFT,1.0,True,Haas F1 Team,0 days 00:20:54.954000,2023-07-01 10:06:14.168,1,,False,,False,False,,151.644
125,0 days 00:24:33.806000,MAG,20,0 days 00:01:07.219000,6.0,2.0,,,16.77,29.57,20.879,0 days 00:23:43.357000,0 days 00:24:12.927000,0 days 00:24:33.806000,316.0,244.0,284.0,314.0,True,SOFT,2.0,True,Haas F1 Team,0 days 00:23:26.587000,2023-07-01 10:08:45.801,1,,False,,False,True,67.219,67.21900000000001
126,0 days 00:26:29.105000,MAG,20,0 days 00:01:55.299000,7.0,2.0,,,22.481,46.689,46.129,0 days 00:24:56.287000,0 days 00:25:42.976000,0 days 00:26:29.105000,175.0,140.0,282.0,184.0,False,SOFT,3.0,True,Haas F1 Team,0 days 00:24:33.806000,2023-07-01 10:09:53.020,1,,False,,False,True,115.299,115.299
127,0 days 00:27:35.734000,MAG,20,0 days 00:01:06.629000,8.0,2.0,,,16.719,29.457,20.453,0 days 00:26:45.824000,0 days 00:27:15.281000,0 days 00:27:35.734000,317.0,239.0,285.0,315.0,True,SOFT,4.0,True,Haas F1 Team,0 days 00:26:29.105000,2023-07-01 10:11:48.319,1,,False,,False,True,66.629,66.629
128,0 days 00:29:01.684000,MAG,20,0 days 00:01:25.950000,9.0,2.0,,0 days 00:28:58.355000,20.002,33.541,32.407,0 days 00:27:55.736000,0 days 00:28:29.277000,0 days 00:29:01.684000,265.0,219.0,,275.0,False,SOFT,5.0,True,Haas F1 Team,0 days 00:27:35.734000,2023-07-01 10:12:54.948,1,,False,,False,False,85.95,85.94999999999999
129,0 days 00:35:10.353000,MAG,20,,10.0,3.0,0 days 00:33:46.914000,,,36.628,25.737,,0 days 00:34:44.632000,0 days 00:35:10.366000,267.0,192.0,283.0,274.0,False,SOFT,1.0,True,Haas F1 Team,0 days 00:29:01.684000,2023-07-01 10:14:20.898,1,,False,,False,False,,
130,0 days 00:36:16.507000,MAG,20,0 days 00:01:06.154000,11.0,3.0,,,16.625,29.203,20.326,0 days 00:35:26.978000,0 days 00:35:56.181000,0 days 00:36:16.507000,320.0,243.0,287.0,314.0,True,SOFT,2.0,True,Haas F1 Team,0 days 00:35:10.353000,2023-07-01 10:20:29.567,1,,False,,False,True,66.154,66.154
131,0 days 00:37:46.398000,MAG,20,0 days 00:01:29.891000,12.0,3.0,,0 days 00:37:42.990000,20.698,39.426,29.767,0 days 00:36:37.205000,0 days 00:37:16.631000,0 days 00:37:46.398000,161.0,194.0,,251.0,False,SOFT,3.0,True,Haas F1 Team,0 days 00:36:16.507000,2023-07-01 10:21:35.721,1,,False,,False,False,89.891,89.891
132,0 days 00:40:12.908000,MAG,20,0 days 00:02:26.510000,13.0,4.0,0 days 00:38:33.083000,,70.56,41.816,34.134,0 days 00:38:56.958000,0 days 00:39:38.774000,0 days 00:40:12.908000,181.0,91.0,285.0,203.0,False,SOFT,1.0,True,Haas F1 Team,0 days 00:37:46.398000,2023-07-01 10:23:05.612,1,,False,,False,False,146.51,146.51
133,0 days 00:41:18.638000,MAG,20,0 days 00:01:05.730000,14.0,4.0,,,16.618,29.116,19.996,0 days 00:40:29.526000,0 days 00:40:58.642000,0 days 00:41:18.638000,317.0,242.0,285.0,314.0,True,SOFT,2.0,True,Haas F1 Team,0 days 00:40:12.908000,2023-07-01 10:25:32.122,1,,False,,False,True,65.73,65.72999999999999
134,0 days 00:43:35.198000,MAG,20,0 days 00:02:16.560000,15.0,4.0,,,25.904,58.502,52.154,0 days 00:41:44.542000,0 days 00:42:43.044000,0 days 00:43:35.198000,153.0,110.0,283.0,126.0,False,SOFT,3.0,True,Haas F1 Team,0 days 00:41:18.638000,2023-07-01 10:26:37.852,1,,False,,False,True,136.56,136.56
135,0 days 00:44:41.180000,MAG,20,0 days 00:01:05.982000,16.0,4.0,,,16.69,29.323,19.969,0 days 00:43:51.888000,0 days 00:44:21.211000,0 days 00:44:41.180000,318.0,242.0,287.0,316.0,False,SOFT,4.0,True,Haas F1 Team,0 days 00:43:35.198000,2023-07-01 10:28:54.412,1,,False,,False,True,65.982,65.982
136,0 days 00:46:08.619000,MAG,20,0 days 00:01:27.439000,17.0,4.0,,0 days 00:46:05.218000,22.297,34.211,30.931,0 days 00:45:03.477000,0 days 00:45:37.688000,0 days 00:46:08.619000,264.0,211.0,,274.0,False,SOFT,5.0,True,Haas F1 Team,0 days 00:44:41.180000,2023-07-01 10:30:00.394,1,,False,,False,False,87.439,87.439
137,0 days 00:53:36.230000,MAG,20,,18.0,5.0,0 days 00:51:54.699000,,,50.102,32.024,,0 days 00:53:04.276000,0 days 00:53:36.260000,237.0,145.0,284.0,138.0,False,SOFT,6.0,False,Haas F1 Team,0 days 00:46:08.619000,2023-07-01 10:31:27.833,1,,False,,False,False,,
138,0 days 00:54:42.547000,MAG,20,0 days 00:01:06.317000,19.0,5.0,,,16.805,29.35,20.162,0 days 00:53:53.035000,0 days 00:54:22.385000,0 days 00:54:42.547000,314.0,241.0,284.0,314.0,True,SOFT,7.0,False,Haas F1 Team,0 days 00:53:36.230000,2023-07-01 10:38:55.444,1,,False,,False,True,66.317,66.31700000000001
139,0 days 00:56:12.957000,MAG,20,0 days 00:01:30.410000,20.0,5.0,,0 days 00:56:09.555000,21.066,37.696,31.648,0 days 00:55:03.613000,0 days 00:55:41.309000,0 days 00:56:12.957000,228.0,194.0,,212.0,False,SOFT,8.0,False,Haas F1 Team,0 days 00:54:42.547000,2023-07-01 10:40:01.761,1,,False,,False,False,90.41,90.41
140,0 days 00:58:15.138000,MAG,20,0 days 00:02:02.181000,21.0,6.0,0 days 00:56:40.024000,,48.226,45.746,28.209,0 days 00:57:01.183000,0 days 00:57:46.929000,0 days 00:58:15.138000,270.0,186.0,284.0,271.0,False,SOFT,4.0,False,Haas F1 Team,0 days 00:56:12.957000,2023-07-01 10:41:32.171,1,,False,,False,False,122.181,122.18100000000001
141,0 days 00:59:21.050000,MAG,20,0 days 00:01:05.912000,22.0,6.0,,,16.668,29.343,19.901,0 days 00:58:31.806000,0 days 00:59:01.149000,0 days 00:59:21.050000,317.0,244.0,285.0,316.0,True,SOFT,5.0,False,Haas F1 Team,0 days 00:58:15.138000,2023-07-01 10:43:34.352,1,,False,,False,True,65.912,65.91199999999999
142,0 days 01:00:43.130000,MAG,20,,23.0,6.0,,0 days 01:00:43.130000,19.736,36.195,,0 days 00:59:40.897000,0 days 01:00:17.006000,,258.0,216.0,,256.0,False,SOFT,6.0,False,Haas F1 Team,0 days 00:59:21.050000,2023-07-01 10:44:40.264,1,,False,,False,False,,
143,0 days 00:17:06.088000,ALO,14,,1.0,1.0,0 days 00:15:36.645000,,,35.341,25.876,,0 days 00:16:40.332000,0 days 00:17:06.113000,275.0,221.0,273.0,289.0,False,SOFT,7.0,False,Aston Martin,0 days 00:15:36.645000,2023-07-01 10:00:55.859,1,,False,,False,False,,
144,0 days 00:18:16.421000,ALO,14,0 days 00:01:10.333000,2.0,1.0,,,17.743,30.861,21.729,0 days 00:17:23.831000,0 days 00:17:54.692000,0 days 00:18:16.421000,310.0,242.0,279.0,310.0,True,SOFT,8.0,False,Aston Martin,0 days 00:17:06.088000,2023-07-01 10:02:25.302,12,,False,,False,True,70.333,70.333
145,0 days 00:19:29.064000,ALO,14,0 days 00:01:12.643000,3.0,1.0,,,17.211,32.3,23.132,0 days 00:18:33.632000,0 days 00:19:05.932000,0 days 00:19:29.064000,309.0,219.0,281.0,307.0,False,SOFT,9.0,False,Aston Martin,0 days 00:18:16.421000,2023-07-01 10:03:35.635,1,,False,,False,True,72.643,72.643
146,0 days 00:20:36.996000,ALO,14,0 days 00:01:07.932000,4.0,1.0,,,16.963,29.984,20.985,0 days 00:19:46.027000,0 days 00:20:16.011000,0 days 00:20:36.996000,316.0,243.0,281.0,312.0,True,SOFT,10.0,False,Aston Martin,0 days 00:19:29.064000,2023-07-01 10:04:48.278,12,,False,,False,True,67.932,67.932
147,0 days 00:21:57.573000,ALO,14,0 days 00:01:20.577000,5.0,1.0,,0 days 00:21:54.282000,18.511,32.509,29.557,0 days 00:20:55.507000,0 days 00:21:28.016000,0 days 00:21:57.573000,279.0,226.0,,281.0,False,SOFT,11.0,False,Aston Martin,0 days 00:20:36.996000,2023-07-01 10:05:56.210,1,,False,,False,False,80.577,80.577
148,0 days 00:23:41.006000,ALO,14,0 days 00:01:43.433000,6.0,2.0,0 days 00:22:20.453000,,42.511,32.525,28.397,0 days 00:22:40.084000,0 days 00:23:12.609000,0 days 00:23:41.006000,291.0,230.0,282.0,296.0,False,SOFT,4.0,False,Aston Martin,0 days 00:21:57.573000,2023-07-01 10:07:16.787,1,,False,,False,False,103.433,103.43299999999999
149,0 days 00:24:47.859000,ALO,14,0 days 00:01:06.853000,7.0,2.0,,,16.836,29.456,20.561,0 days 00:23:57.842000,0 days 00:24:27.298000,0 days 00:24:47.859000,317.0,246.0,283.0,314.0,True,SOFT,5.0,False,Aston Martin,0 days 00:23:41.006000,2023-07-01 10:09:00.220,1,,False,,False,True,66.853,66.85300000000001
150,0 days 00:26:20.895000,ALO,14,0 days 00:01:33.036000,8.0,2.0,,,20.065,41.636,31.335,0 days 00:25:07.924000,0 days 00:25:49.560000,0 days 00:26:20.895000,268.0,105.0,283.0,269.0,False,SOFT,6.0,False,Aston Martin,0 days 00:24:47.859000,2023-07-01 10:10:07.073,1,,False,,False,True,93.036,93.036
151,0 days 00:27:27.506000,ALO,14,0 days 00:01:06.611000,9.0,2.0,,,16.772,29.479,20.36,0 days 00:26:37.667000,0 days 00:27:07.146000,0 days 00:27:27.506000,316.0,243.0,284.0,314.0,True,SOFT,7.0,False,Aston Martin,0 days 00:26:20.895000,2023-07-01 10:11:40.109,1,,False,,False,True,66.611,66.61099999999999
152,0 days 00:28:56.159000,ALO,14,0 days 00:01:28.653000,10.0,2.0,,0 days 00:28:52.824000,20.247,37.458,30.948,0 days 00:27:47.753000,0 days 00:28:25.211000,0 days 00:28:56.159000,241.0,195.0,,237.0,False,SOFT,8.0,False,Aston Martin,0 days 00:27:27.506000,2023-07-01 10:12:46.720,1,,False,,False,False,88.653,88.65299999999999
153,0 days 00:35:53.349000,ALO,14,,11.0,3.0,0 days 00:34:30.132000,,,35.093,23.13,,0 days 00:35:30.241000,0 days 00:35:53.366000,288.0,227.0,283.0,291.0,False,SOFT,4.0,False,Aston Martin,0 days 00:28:56.159000,2023-07-01 10:14:15.373,1,,False,,False,False,,
154,0 days 00:36:59.334000,ALO,14,0 days 00:01:05.985000,12.0,3.0,,,16.707,29.276,20.002,0 days 00:36:10.056000,0 days 00:36:39.332000,0 days 00:36:59.334000,316.0,246.0,283.0,313.0,True,SOFT,5.0,False,Aston Martin,0 days 00:35:53.349000,2023-07-01 10:21:12.563,1,,False,,False,True,65.985,65.985
155,0 days 00:38:37.409000,ALO,14,0 days 00:01:38.075000,13.0,3.0,,,20.713,50.046,27.316,0 days 00:37:20.047000,0 days 00:38:10.093000,0 days 00:38:37.409000,275.0,146.0,283.0,219.0,False,SOFT,6.0,False,Aston Martin,0 days 00:36:59.334000,2023-07-01 10:22:18.548,1,,False,,False,True,98.075,98.075
156,0 days 00:39:43.331000,ALO,14,0 days 00:01:05.922000,14.0,3.0,,,16.683,29.387,19.852,0 days 00:38:54.092000,0 days 00:39:23.479000,0 days 00:39:43.331000,314.0,243.0,284.0,311.0,True,SOFT,7.0,False,Aston Martin,0 days 00:38:37.409000,2023-07-01 10:23:56.623,1,,False,,False,True,65.922,65.922
157,0 days 00:41:00.573000,ALO,14,0 days 00:01:17.242000,15.0,3.0,,0 days 00:40:57.144000,18.03,32.08,27.132,0 days 00:40:01.361000,0 days 00:40:33.441000,0 days 00:41:00.573000,278.0,230.0,,280.0,False,SOFT,8.0,False,Aston Martin,0 days 00:39:43.331000,2023-07-01 10:25:02.545,1,,False,,False,False,77.242,77.242
158,0 days 00:43:07.120000,ALO,14,0 days 00:02:06.547000,16.0,4.0,0 days 00:41:30.706000,,54.233,39.104,33.21,0 days 00:41:54.806000,0 days 00:42:33.910000,0 days 00:43:07.120000,291.0,73.0,283.0,281.0,False,SOFT,4.0,False,Aston Martin,0 days 00:41:00.573000,2023-07-01 10:26:19.787,1,,False,,False,False,126.547,126.547
159,0 days 00:44:12.879000,ALO,14,0 days 00:01:05.759000,17.0,4.0,,,16.751,29.201,19.807,0 days 00:43:23.871000,0 days 00:43:53.072000,0 days 00:44:12.879000,314.0,245.0,285.0,313.0,True,SOFT,5.0,False,Aston Martin,0 days 00:43:07.120000,2023-07-01 10:28:26.334,1,,False,,False,True,65.759,65.759
160,0 days 00:45:41.598000,ALO,14,0 days 00:01:28.719000,18.0,4.0,,0 days 00:45:38.172000,21.412,35.289,32.018,0 days 00:44:34.291000,0 days 00:45:09.580000,0 days 00:45:41.598000,248.0,212.0,,240.0,False,SOFT,6.0,False,Aston Martin,0 days 00:44:12.879000,2023-07-01 10:29:32.093,1,,False,,False,False,88.719,88.719
161,0 days 00:52:55.276000,ALO,14,,19.0,5.0,0 days 00:51:37.574000,,,36.484,22.363,,0 days 00:52:32.933000,0 days 00:52:55.276000,290.0,223.0,282.0,288.0,False,SOFT,8.0,False,Aston Martin,0 days 00:45:41.598000,2023-07-01 10:31:00.812,1,,False,,False,False,,
162,0 days 00:54:00.912000,ALO,14,0 days 00:01:05.636000,20.0,5.0,,,16.719,29.166,19.751,0 days 00:53:11.995000,0 days 00:53:41.161000,0 days 00:54:00.912000,314.0,245.0,283.0,312.0,True,SOFT,9.0,False,Aston Martin,0 days 00:52:55.276000,2023-07-01 10:38:14.490,1,,False,,False,True,65.636,65.63600000000001
163,0 days 00:55:28.903000,ALO,14,0 days 00:01:27.991000,21.0,5.0,,0 days 00:55:25.571000,18.92,38.139,30.932,0 days 00:54:19.832000,0 days 00:54:57.971000,0 days 00:55:28.903000,238.0,214.0,,241.0,False,SOFT,10.0,False,Aston Martin,0 days 00:54:00.912000,2023-07-01 10:39:20.126,1,,False,,False,False,87.991,87.991
164,0 days 00:57:20.981000,ALO,14,0 days 00:01:52.078000,22.0,6.0,0 days 00:55:55.962000,,48.209,39.633,24.236,0 days 00:56:17.112000,0 days 00:56:56.745000,0 days 00:57:20.981000,275.0,223.0,283.0,286.0,False,SOFT,7.0,False,Aston Martin,0 days 00:55:28.903000,2023-07-01 10:40:48.117,1,,False,,False,False,112.078,112.07800000000002
165,0 days 00:58:26.239000,ALO,14,0 days 00:01:05.258000,23.0,6.0,,,16.621,28.992,19.645,0 days 00:57:37.602000,0 days 00:58:06.594000,0 days 00:58:26.239000,314.0,247.0,285.0,312.0,True,SOFT,8.0,False,Aston Martin,0 days 00:57:20.981000,2023-07-01 10:42:40.195,1,,False,,False,True,65.258,65.258
166,0 days 00:59:52.131000,ALO,14,,24.0,6.0,,0 days 00:59:52.131000,20.921,35.775,,0 days 00:58:47.210000,0 days 00:59:23.006000,,244.0,205.0,,233.0,False,SOFT,9.0,False,Aston Martin,0 days 00:58:26.239000,2023-07-01 10:43:45.453,1,,False,,False,False,,
167,0 days 00:16:24.122000,RUS,63,,1.0,1.0,0 days 00:14:52.771000,,,35.641,28.163,,0 days 00:15:55.989000,0 days 00:16:24.129000,277.0,219.0,275.0,273.0,False,SOFT,4.0,False,Mercedes,0 days 00:14:52.771000,2023-07-01 10:00:11.985,1,,False,,False,False,,
168,0 days 00:17:34.941000,RUS,63,0 days 00:01:10.819000,2.0,1.0,,,17.489,31.048,22.282,0 days 00:16:41.611000,0 days 00:17:12.659000,0 days 00:17:34.941000,307.0,237.0,279.0,308.0,True,SOFT,5.0,False,Mercedes,0 days 00:16:24.122000,2023-07-01 10:01:43.336,12,,False,,False,True,70.819,70.819
169,0 days 00:18:49.994000,RUS,63,0 days 00:01:15.053000,3.0,1.0,,,17.159,31.481,26.413,0 days 00:17:52.100000,0 days 00:18:23.581000,0 days 00:18:49.994000,313.0,214.0,280.0,310.0,False,SOFT,6.0,False,Mercedes,0 days 00:17:34.941000,2023-07-01 10:02:54.155,21,,False,,False,True,75.053,75.053
170,0 days 00:19:58.386000,RUS,63,0 days 00:01:08.392000,4.0,1.0,,,16.96,30.27,21.162,0 days 00:19:06.954000,0 days 00:19:37.224000,0 days 00:19:58.386000,318.0,240.0,283.0,314.0,True,SOFT,7.0,False,Mercedes,0 days 00:18:49.994000,2023-07-01 10:04:09.208,1,,False,,False,True,68.392,68.392
171,0 days 00:21:17.896000,RUS,63,0 days 00:01:19.510000,5.0,1.0,,0 days 00:21:14.470000,18.116,33.561,27.833,0 days 00:20:16.502000,0 days 00:20:50.063000,0 days 00:21:17.896000,252.0,220.0,,286.0,False,SOFT,8.0,False,Mercedes,0 days 00:19:58.386000,2023-07-01 10:05:17.600,12,,False,,False,False,79.51,79.50999999999999
172,0 days 00:22:59.272000,RUS,63,0 days 00:01:41.376000,6.0,2.0,0 days 00:21:37.219000,,39.515,31.872,29.989,0 days 00:21:57.411000,0 days 00:22:29.283000,0 days 00:22:59.272000,300.0,209.0,282.0,294.0,False,MEDIUM,1.0,True,Mercedes,0 days 00:21:17.896000,2023-07-01 10:06:37.110,1,,False,,False,False,101.376,101.376
173,0 days 00:24:06.538000,RUS,63,0 days 00:01:07.266000,7.0,2.0,,,16.744,29.786,20.736,0 days 00:23:16.016000,0 days 00:23:45.802000,0 days 00:24:06.538000,316.0,244.0,284.0,315.0,True,MEDIUM,2.0,True,Mercedes,0 days 00:22:59.272000,2023-07-01 10:08:18.486,1,,False,,False,True,67.266,67.266
174,0 days 00:25:35.142000,RUS,63,0 days 00:01:28.604000,8.0,2.0,,,21.067,39.466,28.071,0 days 00:24:27.605000,0 days 00:25:07.071000,0 days 00:25:35.142000,183.0,178.0,283.0,203.0,False,MEDIUM,3.0,True,Mercedes,0 days 00:24:06.538000,2023-07-01 10:09:25.752,1,,False,,False,True,88.604,88.604
175,0 days 00:26:41.795000,RUS,63,0 days 00:01:06.653000,9.0,2.0,,,16.773,29.542,20.338,0 days 00:25:51.915000,0 days 00:26:21.457000,0 days 00:26:41.795000,315.0,247.0,286.0,313.0,True,MEDIUM,4.0,True,Mercedes,0 days 00:25:35.142000,2023-07-01 10:10:54.356,1,,False,,False,True,66.653,66.65299999999999
176,0 days 00:28:07.668000,RUS,63,0 days 00:01:25.873000,10.0,2.0,,0 days 00:28:04.184000,16.795,35.49,33.588,0 days 00:26:58.590000,0 days 00:27:34.080000,0 days 00:28:07.668000,312.0,206.0,,260.0,False,MEDIUM,5.0,True,Mercedes,0 days 00:26:41.795000,2023-07-01 10:12:01.009,1,,False,,False,False,85.873,85.873
177,0 days 00:17:50.041000,ZHO,24,,1.0,1.0,0 days 00:16:07.973000,,,43.876,35.009,,0 days 00:17:15.113000,0 days 00:17:50.066000,168.0,207.0,240.0,198.0,False,SOFT,4.0,False,Alfa Romeo,0 days 00:16:07.973000,2023-07-01 10:01:27.187,12,,False,,False,False,,
178,0 days 00:19:08.688000,ZHO,24,0 days 00:01:18.647000,2.0,1.0,,,19.211,35.229,24.207,0 days 00:18:09.252000,0 days 00:18:44.481000,0 days 00:19:08.688000,301.0,225.0,278.0,226.0,True,SOFT,5.0,False,Alfa Romeo,0 days 00:17:50.041000,2023-07-01 10:03:09.255,1,,False,,False,True,78.647,78.64699999999999
179,0 days 00:20:18.823000,ZHO,24,0 days 00:01:10.135000,3.0,1.0,,,17.377,31.231,21.527,0 days 00:19:26.065000,0 days 00:19:57.296000,0 days 00:20:18.823000,319.0,240.0,282.0,316.0,True,SOFT,6.0,False,Alfa Romeo,0 days 00:19:08.688000,2023-07-01 10:04:27.902,12,,False,,False,True,70.135,70.135
180,0 days 00:21:42.973000,ZHO,24,0 days 00:01:24.150000,4.0,1.0,,0 days 00:21:38.922000,18.533,33.078,32.539,0 days 00:20:37.356000,0 days 00:21:10.434000,0 days 00:21:42.973000,286.0,226.0,,288.0,False,SOFT,7.0,False,Alfa Romeo,0 days 00:20:18.823000,2023-07-01 10:05:38.037,1,,False,,False,False,84.15,84.15
181,0 days 00:23:30.085000,ZHO,24,0 days 00:01:47.112000,5.0,2.0,0 days 00:22:05.125000,,43.515,34.752,28.845,0 days 00:22:26.488000,0 days 00:23:01.240000,0 days 00:23:30.085000,268.0,219.0,280.0,292.0,False,SOFT,1.0,True,Alfa Romeo,0 days 00:21:42.973000,2023-07-01 10:07:02.187,1,,False,,False,False,107.112,107.112
182,0 days 00:24:38.771000,ZHO,24,0 days 00:01:08.686000,6.0,2.0,,,17.092,30.384,21.21,0 days 00:23:47.177000,0 days 00:24:17.561000,0 days 00:24:38.771000,317.0,240.0,284.0,314.0,True,SOFT,2.0,True,Alfa Romeo,0 days 00:23:30.085000,2023-07-01 10:08:49.299,1,,False,,False,True,68.686,68.686
183,0 days 00:26:23.496000,ZHO,24,0 days 00:01:44.725000,7.0,2.0,,,19.372,46.655,38.698,0 days 00:24:58.143000,0 days 00:25:44.798000,0 days 00:26:23.496000,184.0,192.0,282.0,252.0,False,SOFT,3.0,True,Alfa Romeo,0 days 00:24:38.771000,2023-07-01 10:09:57.985,1,,False,,False,True,104.725,104.725
184,0 days 00:27:30.558000,ZHO,24,0 days 00:01:07.062000,8.0,2.0,,,16.826,29.769,20.467,0 days 00:26:40.322000,0 days 00:27:10.091000,0 days 00:27:30.558000,319.0,245.0,285.0,316.0,True,SOFT,4.0,True,Alfa Romeo,0 days 00:26:23.496000,2023-07-01 10:11:42.710,1,,False,,False,True,67.062,67.062
185,0 days 00:28:56.902000,ZHO,24,,9.0,2.0,,0 days 00:28:56.902000,20.042,37.526,,0 days 00:27:50.637000,0 days 00:28:28.199000,,265.0,198.0,,250.0,False,SOFT,5.0,True,Alfa Romeo,0 days 00:27:30.558000,2023-07-01 10:12:49.772,1,,False,,False,False,,
186,0 days 00:16:24.565000,ALB,23,,1.0,1.0,0 days 00:14:47.115000,0 days 00:16:19.879000,,37.82,38.241,,0 days 00:15:46.380000,0 days 00:16:24.801000,269.0,155.0,,289.0,False,INTERMEDIATE,1.0,True,Williams,0 days 00:14:47.115000,2023-07-01 10:00:06.329,1,,False,,False,False,,
187,0 days 00:18:15.344000,ALB,23,0 days 00:01:50.779000,2.0,2.0,0 days 00:16:54.035000,,52.321,34.59,23.868,0 days 00:17:16.886000,0 days 00:17:51.476000,0 days 00:18:15.344000,280.0,224.0,273.0,288.0,False,SOFT,4.0,False,Williams,0 days 00:16:24.565000,2023-07-01 10:01:43.779,12,,False,,False,False,110.779,110.779
188,0 days 00:19:24.845000,ALB,23,0 days 00:01:09.501000,3.0,2.0,,,17.143,30.551,21.807,0 days 00:18:32.487000,0 days 00:19:03.038000,0 days 00:19:24.845000,320.0,242.0,280.0,318.0,True,SOFT,5.0,False,Williams,0 days 00:18:15.344000,2023-07-01 10:03:34.558,1,,False,,False,True,69.501,69.501
189,0 days 00:20:53.406000,ALB,23,0 days 00:01:28.561000,4.0,2.0,,,19.714,42.303,26.544,0 days 00:19:44.559000,0 days 00:20:26.862000,0 days 00:20:53.406000,265.0,183.0,281.0,269.0,False,SOFT,6.0,False,Williams,0 days 00:19:24.845000,2023-07-01 10:04:44.059,12,,False,,False,True,88.561,88.56099999999999
190,0 days 00:22:00.912000,ALB,23,0 days 00:01:07.506000,5.0,2.0,,,16.753,29.762,20.991,0 days 00:21:10.159000,0 days 00:21:39.921000,0 days 00:22:00.912000,321.0,243.0,284.0,316.0,True,SOFT,7.0,False,Williams,0 days 00:20:53.406000,2023-07-01 10:06:12.620,1,,False,,False,True,67.506,67.506
191,0 days 00:23:27.140000,ALB,23,0 days 00:01:26.228000,6.0,2.0,,0 days 00:23:23.827000,20.612,35.516,30.1,0 days 00:22:21.524000,0 days 00:22:57.040000,0 days 00:23:27.140000,257.0,215.0,,276.0,False,SOFT,8.0,False,Williams,0 days 00:22:00.912000,2023-07-01 10:07:20.126,1,,False,,False,False,86.228,86.22800000000001
192,0 days 00:25:08.388000,ALB,23,0 days 00:01:41.248000,7.0,3.0,0 days 00:23:48.437000,,42.62,34.988,23.64,0 days 00:24:09.760000,0 days 00:24:44.748000,0 days 00:25:08.388000,281.0,216.0,282.0,297.0,False,SOFT,4.0,False,Williams,0 days 00:23:27.140000,2023-07-01 10:08:46.354,1,,False,,False,False,101.248,101.248
193,0 days 00:26:15.280000,ALB,23,0 days 00:01:06.892000,8.0,3.0,,,16.725,29.555,20.612,0 days 00:25:25.113000,0 days 00:25:54.668000,0 days 00:26:15.280000,319.0,243.0,287.0,317.0,True,SOFT,5.0,False,Williams,0 days 00:25:08.388000,2023-07-01 10:10:27.602,1,,False,,False,True,66.892,66.892
194,0 days 00:27:22.418000,ALB,23,0 days 00:01:07.138000,9.0,3.0,,,16.577,29.896,20.665,0 days 00:26:31.857000,0 days 00:27:01.753000,0 days 00:27:22.418000,320.0,238.0,286.0,313.0,False,SOFT,6.0,False,Williams,0 days 00:26:15.280000,2023-07-01 10:11:34.494,1,,False,,False,True,67.138,67.138
195,0 days 00:28:51.736000,ALB,23,0 days 00:01:29.318000,10.0,3.0,,0 days 00:28:48.324000,20.447,35.009,33.862,0 days 00:27:42.865000,0 days 00:28:17.874000,0 days 00:28:51.736000,246.0,221.0,,274.0,False,SOFT,7.0,False,Williams,0 days 00:27:22.418000,2023-07-01 10:12:41.632,1,,False,,False,False,89.318,89.31800000000001
196,0 days 00:36:23.382000,ALB,23,,11.0,4.0,0 days 00:35:01.398000,,,38.412,21.774,,0 days 00:36:01.647000,0 days 00:36:23.428000,309.0,229.0,286.0,293.0,False,SOFT,4.0,False,Williams,0 days 00:28:51.736000,2023-07-01 10:14:10.950,1,,False,,False,False,,
197,0 days 00:37:29.812000,ALB,23,0 days 00:01:06.430000,12.0,4.0,,,16.601,29.385,20.444,0 days 00:36:39.983000,0 days 00:37:09.368000,0 days 00:37:29.812000,324.0,244.0,286.0,318.0,True,SOFT,5.0,False,Williams,0 days 00:36:23.382000,2023-07-01 10:21:42.596,1,,False,,False,True,66.43,66.43
198,0 days 00:39:04.225000,ALB,23,0 days 00:01:34.413000,13.0,4.0,,,20.77,44.772,28.871,0 days 00:37:50.582000,0 days 00:38:35.354000,0 days 00:39:04.225000,264.0,139.0,287.0,238.0,False,SOFT,6.0,False,Williams,0 days 00:37:29.812000,2023-07-01 10:22:49.026,1,,False,,False,True,94.413,94.413
199,0 days 00:40:10.377000,ALB,23,0 days 00:01:06.152000,14.0,4.0,,,16.525,29.421,20.206,0 days 00:39:20.750000,0 days 00:39:50.171000,0 days 00:40:10.377000,323.0,239.0,287.0,319.0,True,SOFT,7.0,False,Williams,0 days 00:39:04.225000,2023-07-01 10:24:23.439,1,,False,,False,True,66.152,66.152
200,0 days 00:41:33.164000,ALB,23,0 days 00:01:22.787000,15.0,4.0,,0 days 00:41:29.862000,20.418,34.661,27.708,0 days 00:40:30.795000,0 days 00:41:05.456000,0 days 00:41:33.164000,273.0,226.0,,280.0,False,SOFT,8.0,False,Williams,0 days 00:40:10.377000,2023-07-01 10:25:29.591,1,,False,,False,False,82.787,82.787
201,0 days 00:43:24.581000,ALB,23,0 days 00:01:51.417000,16.0,5.0,0 days 00:41:54.565000,,41.185,38.557,31.675,0 days 00:42:14.349000,0 days 00:42:52.906000,0 days 00:43:24.581000,295.0,226.0,281.0,299.0,False,SOFT,7.0,False,Williams,0 days 00:41:33.164000,2023-07-01 10:26:52.378,1,,False,,False,False,111.417,111.417
202,0 days 00:44:31.331000,ALB,23,0 days 00:01:06.750000,17.0,5.0,,,16.692,29.723,20.335,0 days 00:43:41.273000,0 days 00:44:10.996000,0 days 00:44:31.331000,328.0,241.0,289.0,324.0,False,SOFT,8.0,False,Williams,0 days 00:43:24.581000,2023-07-01 10:28:43.795,1,,True,TRACK LIMITS AT TURN 10 LAP 18 ,False,True,66.75,66.75
203,0 days 00:46:03.250000,ALB,23,,18.0,5.0,,0 days 00:46:03.250000,22.57,37.434,,0 days 00:44:53.953000,0 days 00:45:31.391000,,200.0,177.0,,248.0,False,SOFT,9.0,False,Williams,0 days 00:44:31.331000,2023-07-01 10:29:50.545,1,,False,,False,False,,
204,0 days 00:17:03.909000,PIA,81,,1.0,1.0,0 days 00:15:28.036000,0 days 00:17:00.504000,,37.802,29.929,,0 days 00:16:34.020000,0 days 00:17:04.082000,236.0,216.0,,272.0,False,INTERMEDIATE,1.0,True,McLaren,0 days 00:15:28.036000,2023-07-01 10:00:47.250,1,,False,,False,False,,
205,0 days 00:18:53.531000,PIA,81,0 days 00:01:49.622000,2.0,2.0,0 days 00:17:25.925000,,47.02,36.865,25.737,0 days 00:17:50.929000,0 days 00:18:27.794000,0 days 00:18:53.531000,158.0,220.0,276.0,291.0,False,SOFT,4.0,False,McLaren,0 days 00:17:03.909000,2023-07-01 10:02:23.123,12,,False,,False,False,109.622,109.622
206,0 days 00:20:01.834000,PIA,81,0 days 00:01:08.303000,3.0,2.0,,,17.099,30.122,21.082,0 days 00:19:10.630000,0 days 00:19:40.752000,0 days 00:20:01.834000,316.0,244.0,281.0,313.0,True,SOFT,5.0,False,McLaren,0 days 00:18:53.531000,2023-07-01 10:04:12.745,1,,False,,False,True,68.303,68.303
207,0 days 00:21:29.813000,PIA,81,0 days 00:01:27.979000,4.0,2.0,,,20.246,42.126,25.607,0 days 00:20:22.080000,0 days 00:21:04.206000,0 days 00:21:29.813000,268.0,187.0,280.0,129.0,False,SOFT,6.0,False,McLaren,0 days 00:20:01.834000,2023-07-01 10:05:21.048,12,,False,,False,True,87.979,87.979
208,0 days 00:22:37.872000,PIA,81,0 days 00:01:08.059000,5.0,2.0,,,16.933,29.774,21.352,0 days 00:21:46.746000,0 days 00:22:16.520000,0 days 00:22:37.872000,315.0,246.0,282.0,313.0,True,SOFT,7.0,False,McLaren,0 days 00:21:29.813000,2023-07-01 10:06:49.027,1,,False,,False,True,68.059,68.059
209,0 days 00:24:14.843000,PIA,81,0 days 00:01:36.971000,6.0,2.0,,,20.589,42.78,33.602,0 days 00:22:58.461000,0 days 00:23:41.241000,0 days 00:24:14.843000,247.0,178.0,282.0,246.0,False,SOFT,8.0,False,McLaren,0 days 00:22:37.872000,2023-07-01 10:07:57.086,1,,False,,False,True,96.971,96.971
210,0 days 00:25:21.949000,PIA,81,0 days 00:01:07.106000,7.0,2.0,,,16.851,29.619,20.636,0 days 00:24:31.694000,0 days 00:25:01.313000,0 days 00:25:21.949000,315.0,246.0,283.0,314.0,True,SOFT,9.0,False,McLaren,0 days 00:24:14.843000,2023-07-01 10:09:34.057,1,,False,,False,True,67.106,67.106
211,0 days 00:26:38.256000,PIA,81,0 days 00:01:16.307000,8.0,2.0,,,18.734,35.409,22.164,0 days 00:25:40.683000,0 days 00:26:16.092000,0 days 00:26:38.256000,268.0,227.0,287.0,207.0,False,SOFT,10.0,False,McLaren,0 days 00:25:21.949000,2023-07-01 10:10:41.163,1,,False,,False,True,76.307,76.307
212,0 days 00:27:45.645000,PIA,81,0 days 00:01:07.389000,9.0,2.0,,,16.873,29.919,20.597,0 days 00:26:55.129000,0 days 00:27:25.048000,0 days 00:27:45.645000,324.0,243.0,284.0,319.0,False,SOFT,11.0,False,McLaren,0 days 00:26:38.256000,2023-07-01 10:11:57.470,1,,False,,False,True,67.389,67.38900000000001
213,0 days 00:29:17.802000,PIA,81,0 days 00:01:32.157000,10.0,2.0,,0 days 00:29:14.370000,23.677,38.642,29.838,0 days 00:28:09.322000,0 days 00:28:47.964000,0 days 00:29:17.802000,158.0,225.0,,231.0,False,SOFT,12.0,False,McLaren,0 days 00:27:45.645000,2023-07-01 10:13:04.859,1,,False,,False,False,92.157,92.15700000000001
214,0 days 00:17:10.457000,HUL,27,,1.0,1.0,0 days 00:15:38.395000,,,36.428,28.091,,0 days 00:16:42.441000,0 days 00:17:10.457000,268.0,209.0,276.0,271.0,False,SOFT,7.0,False,Haas F1 Team,0 days 00:15:38.395000,2023-07-01 10:00:57.609,1,,False,,False,False,,
215,0 days 00:18:21.527000,HUL,27,0 days 00:01:11.070000,2.0,1.0,,,17.749,31.141,22.18,0 days 00:17:28.206000,0 days 00:17:59.347000,0 days 00:18:21.527000,314.0,235.0,279.0,310.0,True,SOFT,8.0,False,Haas F1 Team,0 days 00:17:10.457000,2023-07-01 10:02:29.671,12,,False,,False,True,71.07,71.07
216,0 days 00:19:30.627000,HUL,27,0 days 00:01:09.100000,3.0,1.0,,,17.182,30.412,21.506,0 days 00:18:38.709000,0 days 00:19:09.121000,0 days 00:19:30.627000,306.0,242.0,283.0,316.0,True,SOFT,9.0,False,Haas F1 Team,0 days 00:18:21.527000,2023-07-01 10:03:40.741,1,,False,,False,True,69.1,69.1
217,0 days 00:20:50.063000,HUL,27,0 days 00:01:19.436000,4.0,1.0,,0 days 00:20:46.642000,16.891,32.623,29.922,0 days 00:19:47.518000,0 days 00:20:20.141000,0 days 00:20:50.063000,310.0,223.0,,259.0,False,SOFT,10.0,False,Haas F1 Team,0 days 00:19:30.627000,2023-07-01 10:04:49.841,12,,False,,False,False,79.436,79.43599999999999
218,0 days 00:22:49.777000,HUL,27,0 days 00:01:59.714000,5.0,2.0,0 days 00:21:32.891000,,62.937,33.834,22.943,0 days 00:21:53,0 days 00:22:26.834000,0 days 00:22:49.777000,282.0,216.0,282.0,277.0,False,SOFT,4.0,False,Haas F1 Team,0 days 00:20:50.063000,2023-07-01 10:06:09.277,1,,False,,False,False,119.714,119.714
219,0 days 00:23:56.965000,HUL,27,0 days 00:01:07.188000,6.0,2.0,,,16.845,29.647,20.696,0 days 00:23:06.622000,0 days 00:23:36.269000,0 days 00:23:56.965000,315.0,243.0,283.0,315.0,True,SOFT,5.0,False,Haas F1 Team,0 days 00:22:49.777000,2023-07-01 10:08:08.991,1,,False,,False,True,67.188,67.188
220,0 days 00:25:52.450000,HUL,27,0 days 00:01:55.485000,7.0,2.0,,,25.534,52.409,37.542,0 days 00:24:22.499000,0 days 00:25:14.908000,0 days 00:25:52.450000,137.0,191.0,283.0,155.0,False,SOFT,6.0,False,Haas F1 Team,0 days 00:23:56.965000,2023-07-01 10:09:16.179,1,,False,,False,True,115.485,115.485
221,0 days 00:26:58.998000,HUL,27,0 days 00:01:06.548000,8.0,2.0,,,16.766,29.373,20.409,0 days 00:26:09.216000,0 days 00:26:38.589000,0 days 00:26:58.998000,316.0,243.0,284.0,315.0,True,SOFT,7.0,False,Haas F1 Team,0 days 00:25:52.450000,2023-07-01 10:11:11.664,1,,False,,False,True,66.548,66.548
222,0 days 00:28:23.827000,HUL,27,0 days 00:01:24.829000,9.0,2.0,,0 days 00:28:20.402000,19.6,34.75,30.479,0 days 00:27:18.598000,0 days 00:27:53.348000,0 days 00:28:23.827000,238.0,212.0,,242.0,False,SOFT,8.0,False,Haas F1 Team,0 days 00:26:58.998000,2023-07-01 10:12:18.212,1,,False,,False,False,84.829,84.82900000000001
223,0 days 00:35:28.382000,HUL,27,,10.0,3.0,0 days 00:34:00.242000,,,37.975,25.04,,0 days 00:35:03.382000,0 days 00:35:28.382000,190.0,201.0,283.0,266.0,False,SOFT,9.0,False,Haas F1 Team,0 days 00:28:23.827000,2023-07-01 10:13:43.041,1,,False,,False,False,,
224,0 days 00:36:34.818000,HUL,27,0 days 00:01:06.436000,11.0,3.0,,,16.72,29.401,20.315,0 days 00:35:45.102000,0 days 00:36:14.503000,0 days 00:36:34.818000,317.0,243.0,285.0,314.0,True,SOFT,10.0,False,Haas F1 Team,0 days 00:35:28.382000,2023-07-01 10:20:47.596,1,,False,,False,True,66.436,66.43599999999999
225,0 days 00:38:18.773000,HUL,27,0 days 00:01:43.955000,12.0,3.0,,,28.115,48.097,27.743,0 days 00:37:02.933000,0 days 00:37:51.030000,0 days 00:38:18.773000,158.0,136.0,284.0,158.0,False,SOFT,11.0,False,Haas F1 Team,0 days 00:36:34.818000,2023-07-01 10:21:54.032,1,,False,,False,True,103.955,103.955
226,0 days 00:39:24.925000,HUL,27,0 days 00:01:06.152000,13.0,3.0,,,16.7,29.358,20.094,0 days 00:38:35.473000,0 days 00:39:04.831000,0 days 00:39:24.925000,315.0,243.0,285.0,313.0,True,SOFT,12.0,False,Haas F1 Team,0 days 00:38:18.773000,2023-07-01 10:23:37.987,1,,False,,False,True,66.152,66.152
227,0 days 00:40:45.159000,HUL,27,0 days 00:01:20.234000,14.0,3.0,,0 days 00:40:41.722000,18.089,33.387,28.758,0 days 00:39:43.014000,0 days 00:40:16.401000,0 days 00:40:45.159000,277.0,223.0,,276.0,False,SOFT,13.0,False,Haas F1 Team,0 days 00:39:24.925000,2023-07-01 10:24:44.139,1,,False,,False,False,80.234,80.234
228,0 days 00:43:16.847000,HUL,27,,15.0,4.0,0 days 00:41:47.659000,,83.419,40.027,28.205,0 days 00:42:08.627000,0 days 00:42:48.642000,0 days 00:43:16.986000,274.0,209.0,280.0,281.0,False,SOFT,7.0,False,Haas F1 Team,0 days 00:40:45.159000,2023-07-01 10:26:04.373,1,,False,,False,False,,151.651
229,0 days 00:44:22.938000,HUL,27,0 days 00:01:06.091000,16.0,4.0,,,16.628,29.467,19.996,0 days 00:43:33.475000,0 days 00:44:02.942000,0 days 00:44:22.938000,324.0,243.0,288.0,320.0,True,SOFT,8.0,False,Haas F1 Team,0 days 00:43:16.847000,2023-07-01 10:28:36.061,1,,False,,False,True,66.091,66.091
230,0 days 00:45:47.536000,HUL,27,0 days 00:01:24.598000,17.0,4.0,,0 days 00:45:44.094000,19.159,34.163,31.276,0 days 00:44:42.097000,0 days 00:45:16.260000,0 days 00:45:47.536000,261.0,185.0,,263.0,False,SOFT,9.0,False,Haas F1 Team,0 days 00:44:22.938000,2023-07-01 10:29:42.152,1,,False,,False,False,84.598,84.598
231,0 days 00:53:16.180000,HUL,27,,18.0,5.0,0 days 00:51:56.902000,,,37.857,21.886,,0 days 00:52:54.323000,0 days 00:53:16.198000,149.0,223.0,286.0,269.0,False,MEDIUM,1.0,True,Haas F1 Team,0 days 00:45:47.536000,2023-07-01 10:31:06.750,1,,False,,False,False,,
232,0 days 00:54:21.650000,HUL,27,0 days 00:01:05.470000,19.0,5.0,,,16.517,29.077,19.876,0 days 00:53:32.697000,0 days 00:54:01.774000,0 days 00:54:21.650000,319.0,245.0,285.0,316.0,True,MEDIUM,2.0,True,Haas F1 Team,0 days 00:53:16.180000,2023-07-01 10:38:35.394,1,,False,,False,True,65.47,65.47
233,0 days 00:55:40.210000,HUL,27,0 days 00:01:18.560000,20.0,5.0,,0 days 00:55:36.712000,18.026,31.881,28.653,0 days 00:54:39.676000,0 days 00:55:11.557000,0 days 00:55:40.210000,285.0,222.0,,289.0,False,MEDIUM,3.0,True,Haas F1 Team,0 days 00:54:21.650000,2023-07-01 10:39:40.864,1,,False,,False,False,78.56,78.56
234,0 days 00:57:41.446000,HUL,27,0 days 00:02:01.236000,21.0,6.0,0 days 00:56:23.977000,,64.793,34.676,21.767,0 days 00:56:45.003000,0 days 00:57:19.679000,0 days 00:57:41.446000,286.0,218.0,287.0,287.0,False,MEDIUM,1.0,True,Haas F1 Team,0 days 00:55:40.210000,2023-07-01 10:40:59.424,1,,False,,False,False,121.236,121.236
235,0 days 00:58:46.530000,HUL,27,0 days 00:01:05.084000,22.0,6.0,,,16.422,28.909,19.753,0 days 00:57:57.868000,0 days 00:58:26.777000,0 days 00:58:46.530000,318.0,247.0,286.0,316.0,True,MEDIUM,2.0,True,Haas F1 Team,0 days 00:57:41.446000,2023-07-01 10:43:00.660,1,,False,,False,True,65.084,65.084
236,0 days 01:00:11.865000,HUL,27,,23.0,6.0,,0 days 01:00:11.865000,22.283,34.779,,0 days 00:59:08.866000,0 days 00:59:43.631000,,227.0,200.0,,232.0,False,MEDIUM,3.0,True,Haas F1 Team,0 days 00:58:46.530000,2023-07-01 10:44:05.744,1,,False,,False,False,,
237,0 days 00:17:45.792000,BOT,77,,1.0,1.0,0 days 00:16:10.582000,,,42.952,29.13,,0 days 00:17:16.675000,0 days 00:17:45.831000,186.0,201.0,263.0,136.0,False,MEDIUM,1.0,True,Alfa Romeo,0 days 00:16:10.582000,2023-07-01 10:01:29.796,12,,False,,False,False,,
238,0 days 00:18:59.296000,BOT,77,0 days 00:01:13.504000,2.0,1.0,,,18.09,32.221,23.193,0 days 00:18:03.882000,0 days 00:18:36.103000,0 days 00:18:59.296000,309.0,225.0,278.0,307.0,True,MEDIUM,2.0,True,Alfa Romeo,0 days 00:17:45.792000,2023-07-01 10:03:05.006,1,,False,,False,True,73.504,73.50399999999999
239,0 days 00:20:09.364000,BOT,77,0 days 00:01:10.068000,3.0,1.0,,,17.188,30.863,22.017,0 days 00:19:16.484000,0 days 00:19:47.347000,0 days 00:20:09.364000,308.0,236.0,279.0,315.0,True,MEDIUM,3.0,True,Alfa Romeo,0 days 00:18:59.296000,2023-07-01 10:04:18.510,1,,False,,False,True,70.068,70.068
240,0 days 00:21:32.951000,BOT,77,0 days 00:01:23.587000,4.0,1.0,,0 days 00:21:29.563000,17.886,36.095,29.606,0 days 00:20:27.250000,0 days 00:21:03.345000,0 days 00:21:32.951000,293.0,208.0,,282.0,False,MEDIUM,4.0,True,Alfa Romeo,0 days 00:20:09.364000,2023-07-01 10:05:28.578,12,,False,,False,False,83.587,83.58699999999999
241,0 days 00:23:11.109000,BOT,77,0 days 00:01:38.158000,5.0,2.0,0 days 00:21:52.922000,,40.25,34.743,23.165,0 days 00:22:13.201000,0 days 00:22:47.944000,0 days 00:23:11.109000,293.0,220.0,281.0,214.0,False,SOFT,4.0,False,Alfa Romeo,0 days 00:21:32.951000,2023-07-01 10:06:52.165,1,,False,,False,False,98.158,98.15799999999999
242,0 days 00:24:19.524000,BOT,77,0 days 00:01:08.415000,6.0,2.0,,,16.958,30.086,21.371,0 days 00:23:28.067000,0 days 00:23:58.153000,0 days 00:24:19.524000,315.0,238.0,280.0,314.0,True,SOFT,5.0,False,Alfa Romeo,0 days 00:23:11.109000,2023-07-01 10:08:30.323,1,,False,,False,True,68.415,68.41499999999999
243,0 days 00:25:47.606000,BOT,77,0 days 00:01:28.082000,7.0,2.0,,,19.015,35.6,33.467,0 days 00:24:38.539000,0 days 00:25:14.139000,0 days 00:25:47.606000,282.0,208.0,283.0,269.0,False,SOFT,6.0,False,Alfa Romeo,0 days 00:24:19.524000,2023-07-01 10:09:38.738,1,,False,,False,True,88.082,88.082
244,0 days 00:26:54.897000,BOT,77,0 days 00:01:07.291000,8.0,2.0,,,16.785,29.7,20.806,0 days 00:26:04.391000,0 days 00:26:34.091000,0 days 00:26:54.897000,316.0,241.0,282.0,314.0,True,SOFT,7.0,False,Alfa Romeo,0 days 00:25:47.606000,2023-07-01 10:11:06.820,1,,False,,False,True,67.291,67.291
245,0 days 00:28:40.108000,BOT,77,0 days 00:01:45.211000,9.0,2.0,,0 days 00:28:36.699000,25.937,40.869,38.405,0 days 00:27:20.834000,0 days 00:28:01.703000,0 days 00:28:40.108000,169.0,153.0,,216.0,False,SOFT,8.0,False,Alfa Romeo,0 days 00:26:54.897000,2023-07-01 10:12:14.111,1,,False,,False,False,105.211,105.211
246,0 days 00:17:30.644000,TSU,22,,1.0,1.0,0 days 00:16:00.833000,,,34.668,30.516,,0 days 00:17:00.191000,0 days 00:17:30.675000,269.0,220.0,268.0,277.0,False,SOFT,1.0,True,AlphaTauri,0 days 00:16:00.833000,2023-07-01 10:01:20.047,1,,False,,False,False,,
247,0 days 00:18:40.908000,TSU,22,0 days 00:01:10.264000,2.0,1.0,,,17.42,30.882,21.962,0 days 00:17:48.064000,0 days 00:18:18.946000,0 days 00:18:40.908000,312.0,236.0,276.0,312.0,True,SOFT,2.0,True,AlphaTauri,0 days 00:17:30.644000,2023-07-01 10:02:49.858,12,,False,,False,True,70.264,70.26400000000001
248,0 days 00:19:49.359000,TSU,22,0 days 00:01:08.451000,3.0,1.0,,,16.947,30.293,21.211,0 days 00:18:57.855000,0 days 00:19:28.148000,0 days 00:19:49.359000,312.0,240.0,280.0,308.0,True,SOFT,3.0,True,AlphaTauri,0 days 00:18:40.908000,2023-07-01 10:04:00.122,1,,False,,False,True,68.451,68.451
249,0 days 00:20:57.335000,TSU,22,0 days 00:01:07.976000,4.0,1.0,,,16.815,30.209,20.952,0 days 00:20:06.174000,0 days 00:20:36.383000,0 days 00:20:57.335000,311.0,240.0,281.0,304.0,True,SOFT,4.0,True,AlphaTauri,0 days 00:19:49.359000,2023-07-01 10:05:08.573,12,,False,,False,True,67.976,67.976
250,0 days 00:22:27.575000,TSU,22,0 days 00:01:30.240000,5.0,1.0,,0 days 00:22:24.219000,20.535,39.294,30.411,0 days 00:21:17.870000,0 days 00:21:57.164000,0 days 00:22:27.575000,217.0,201.0,,234.0,False,SOFT,5.0,True,AlphaTauri,0 days 00:20:57.335000,2023-07-01 10:06:16.549,1,,False,,False,False,90.24,90.24
251,0 days 00:24:09.845000,TSU,22,0 days 00:01:42.270000,6.0,2.0,0 days 00:22:49.094000,,45.196,35.086,21.988,0 days 00:23:12.771000,0 days 00:23:47.857000,0 days 00:24:09.845000,273.0,228.0,283.0,173.0,False,SOFT,1.0,True,AlphaTauri,0 days 00:22:27.575000,2023-07-01 10:07:46.789,1,,False,,False,False,102.27,102.27
252,0 days 00:25:16.741000,TSU,22,0 days 00:01:06.896000,7.0,2.0,,,16.701,29.682,20.513,0 days 00:24:26.546000,0 days 00:24:56.228000,0 days 00:25:16.741000,309.0,243.0,282.0,304.0,True,SOFT,2.0,True,AlphaTauri,0 days 00:24:09.845000,2023-07-01 10:09:29.059,1,,False,,False,True,66.896,66.896
253,0 days 00:26:31.735000,TSU,22,0 days 00:01:14.994000,8.0,2.0,,,19.112,33.832,22.05,0 days 00:25:35.853000,0 days 00:26:09.685000,0 days 00:26:31.735000,279.0,229.0,285.0,280.0,False,SOFT,3.0,True,AlphaTauri,0 days 00:25:16.741000,2023-07-01 10:10:35.955,1,,False,,False,True,74.994,74.994
254,0 days 00:27:38.653000,TSU,22,0 days 00:01:06.918000,9.0,2.0,,,16.669,29.829,20.42,0 days 00:26:48.404000,0 days 00:27:18.233000,0 days 00:27:38.653000,316.0,241.0,283.0,313.0,False,SOFT,4.0,True,AlphaTauri,0 days 00:26:31.735000,2023-07-01 10:11:50.949,1,,False,,False,True,66.918,66.918
255,0 days 00:29:11.790000,TSU,22,0 days 00:01:33.137000,10.0,2.0,,0 days 00:29:08.402000,23.204,39.225,30.708,0 days 00:28:01.857000,0 days 00:28:41.082000,0 days 00:29:11.790000,256.0,179.0,,238.0,False,SOFT,5.0,True,AlphaTauri,0 days 00:27:38.653000,2023-07-01 10:12:57.867,1,,False,,False,False,93.137,93.137
256,0 days 00:36:18.538000,TSU,22,,11.0,3.0,0 days 00:34:51.476000,,,37.462,25.904,,0 days 00:35:52.647000,0 days 00:36:18.553000,288.0,229.0,285.0,292.0,False,SOFT,5.0,False,AlphaTauri,0 days 00:29:11.790000,2023-07-01 10:14:31.004,1,,False,,False,False,,
257,0 days 00:37:25.016000,TSU,22,0 days 00:01:06.478000,12.0,3.0,,,16.664,29.653,20.161,0 days 00:36:35.202000,0 days 00:37:04.855000,0 days 00:37:25.016000,316.0,238.0,282.0,312.0,True,SOFT,6.0,False,AlphaTauri,0 days 00:36:18.538000,2023-07-01 10:21:37.752,1,,False,,False,True,66.478,66.47800000000001
258,0 days 00:39:00.036000,TSU,22,0 days 00:01:35.020000,13.0,3.0,,,21.388,39.662,33.97,0 days 00:37:46.404000,0 days 00:38:26.066000,0 days 00:39:00.036000,254.0,138.0,285.0,228.0,False,SOFT,7.0,False,AlphaTauri,0 days 00:37:25.016000,2023-07-01 10:22:44.230,1,,False,,False,True,95.02,95.02
259,0 days 00:40:06.221000,TSU,22,0 days 00:01:06.185000,14.0,3.0,,,16.608,29.523,20.054,0 days 00:39:16.644000,0 days 00:39:46.167000,0 days 00:40:06.221000,315.0,239.0,282.0,312.0,False,SOFT,8.0,False,AlphaTauri,0 days 00:39:00.036000,2023-07-01 10:24:19.250,1,,True,TRACK LIMITS AT TURN 10 LAP 15 ,False,True,66.185,66.185
260,0 days 00:41:34.558000,TSU,22,0 days 00:01:28.337000,15.0,3.0,,0 days 00:41:31.175000,19.335,40.302,28.7,0 days 00:40:25.556000,0 days 00:41:05.858000,0 days 00:41:34.558000,271.0,216.0,,167.0,False,SOFT,9.0,False,AlphaTauri,0 days 00:40:06.221000,2023-07-01 10:25:25.435,1,,False,,False,False,88.337,88.337
261,0 days 00:43:23.926000,TSU,22,0 days 00:01:49.368000,16.0,4.0,0 days 00:41:57.799000,,46.673,33.802,28.893,0 days 00:42:21.231000,0 days 00:42:55.033000,0 days 00:43:23.926000,274.0,227.0,264.0,281.0,False,SOFT,4.0,False,AlphaTauri,0 days 00:41:34.558000,2023-07-01 10:26:53.772,1,,False,,False,False,109.368,109.368
262,0 days 00:44:30.295000,TSU,22,0 days 00:01:06.369000,17.0,4.0,,,16.757,29.572,20.04,0 days 00:43:40.683000,0 days 00:44:10.255000,0 days 00:44:30.295000,318.0,243.0,284.0,315.0,True,SOFT,5.0,False,AlphaTauri,0 days 00:43:23.926000,2023-07-01 10:28:43.140,1,,False,,False,True,66.369,66.369
263,0 days 00:46:00.344000,TSU,22,0 days 00:01:30.049000,18.0,4.0,,0 days 00:45:56.937000,20.418,37.154,32.477,0 days 00:44:50.713000,0 days 00:45:27.867000,0 days 00:46:00.344000,266.0,187.0,,185.0,False,SOFT,6.0,False,AlphaTauri,0 days 00:44:30.295000,2023-07-01 10:29:49.509,1,,False,,False,False,90.049,90.049
264,0 days 00:16:57.712000,DEV,21,,1.0,1.0,0 days 00:15:25.567000,,,35.461,26.337,,0 days 00:16:31.442000,0 days 00:16:57.769000,254.0,221.0,271.0,302.0,False,SOFT,1.0,True,AlphaTauri,0 days 00:15:25.567000,2023-07-01 10:00:44.781,1,,False,,False,False,,
265,0 days 00:18:08.684000,DEV,21,0 days 00:01:10.972000,2.0,1.0,,,17.407,31.639,21.926,0 days 00:17:15.119000,0 days 00:17:46.758000,0 days 00:18:08.684000,311.0,239.0,277.0,312.0,True,SOFT,2.0,True,AlphaTauri,0 days 00:16:57.712000,2023-07-01 10:02:16.926,12,,False,,False,True,70.972,70.972
266,0 days 00:19:17.582000,DEV,21,0 days 00:01:08.898000,3.0,1.0,,,17.076,30.501,21.321,0 days 00:18:25.760000,0 days 00:18:56.261000,0 days 00:19:17.582000,312.0,243.0,279.0,313.0,True,SOFT,3.0,True,AlphaTauri,0 days 00:18:08.684000,2023-07-01 10:03:27.898,1,,False,,False,True,68.898,68.898
267,0 days 00:20:25.977000,DEV,21,0 days 00:01:08.395000,4.0,1.0,,,16.859,30.181,21.355,0 days 00:19:34.441000,0 days 00:20:04.622000,0 days 00:20:25.977000,312.0,244.0,280.0,312.0,True,SOFT,4.0,True,AlphaTauri,0 days 00:19:17.582000,2023-07-01 10:04:36.796,12,,False,,False,True,68.395,68.39500000000001
268,0 days 00:21:52.614000,DEV,21,0 days 00:01:26.637000,5.0,1.0,,0 days 00:21:49.375000,24.119,35.061,27.457,0 days 00:20:50.096000,0 days 00:21:25.157000,0 days 00:21:52.614000,208.0,233.0,,267.0,False,SOFT,5.0,True,AlphaTauri,0 days 00:20:25.977000,2023-07-01 10:05:45.191,1,,False,,False,False,86.637,86.637
269,0 days 00:23:34.104000,DEV,21,0 days 00:01:41.490000,6.0,2.0,0 days 00:22:11.563000,,38.588,37.731,25.171,0 days 00:22:31.202000,0 days 00:23:08.933000,0 days 00:23:34.104000,273.0,229.0,282.0,279.0,False,SOFT,1.0,True,AlphaTauri,0 days 00:21:52.614000,2023-07-01 10:07:11.828,1,,False,,False,False,101.49,101.49000000000001
270,0 days 00:24:41.400000,DEV,21,0 days 00:01:07.296000,7.0,2.0,,,16.776,29.883,20.637,0 days 00:23:50.880000,0 days 00:24:20.763000,0 days 00:24:41.400000,314.0,244.0,282.0,312.0,True,SOFT,2.0,True,AlphaTauri,0 days 00:23:34.104000,2023-07-01 10:08:53.318,1,,False,,False,True,67.296,67.29599999999999
271,0 days 00:26:08.149000,DEV,21,0 days 00:01:26.749000,8.0,2.0,,,17.461,36.647,32.641,0 days 00:24:58.861000,0 days 00:25:35.508000,0 days 00:26:08.149000,279.0,208.0,283.0,237.0,False,SOFT,3.0,True,AlphaTauri,0 days 00:24:41.400000,2023-07-01 10:10:00.614,1,,False,,False,True,86.749,86.749
272,0 days 00:27:14.853000,DEV,21,0 days 00:01:06.704000,9.0,2.0,,,16.71,29.773,20.221,0 days 00:26:24.859000,0 days 00:26:54.632000,0 days 00:27:14.853000,314.0,242.0,281.0,311.0,True,SOFT,4.0,True,AlphaTauri,0 days 00:26:08.149000,2023-07-01 10:11:27.363,1,,False,,False,True,66.704,66.70400000000001
273,0 days 00:28:47.332000,DEV,21,0 days 00:01:32.479000,10.0,2.0,,0 days 00:28:42.777000,19.014,34.681,38.784,0 days 00:27:33.867000,0 days 00:28:08.548000,0 days 00:28:47.332000,268.0,192.0,,268.0,False,SOFT,5.0,True,AlphaTauri,0 days 00:27:14.853000,2023-07-01 10:12:34.067,1,,False,,False,False,92.479,92.47899999999998
274,0 days 00:36:04.360000,DEV,21,,11.0,3.0,0 days 00:34:44.523000,,,32.461,23.438,,0 days 00:35:40.928000,0 days 00:36:04.381000,284.0,222.0,283.0,287.0,False,SOFT,4.0,False,AlphaTauri,0 days 00:28:47.332000,2023-07-01 10:14:06.546,1,,False,,False,False,,
275,0 days 00:37:10.953000,DEV,21,0 days 00:01:06.593000,12.0,3.0,,,16.797,29.586,20.21,0 days 00:36:21.157000,0 days 00:36:50.743000,0 days 00:37:10.953000,315.0,242.0,281.0,312.0,True,SOFT,5.0,False,AlphaTauri,0 days 00:36:04.360000,2023-07-01 10:21:23.574,1,,False,,False,True,66.593,66.59299999999999
276,0 days 00:38:45.760000,DEV,21,0 days 00:01:34.807000,13.0,3.0,,,20.441,41.442,32.924,0 days 00:37:31.394000,0 days 00:38:12.836000,0 days 00:38:45.760000,211.0,155.0,284.0,226.0,False,SOFT,6.0,False,AlphaTauri,0 days 00:37:10.953000,2023-07-01 10:22:30.167,1,,False,,False,True,94.807,94.80699999999999
277,0 days 00:39:52.183000,DEV,21,0 days 00:01:06.423000,14.0,3.0,,,16.679,29.565,20.179,0 days 00:39:02.439000,0 days 00:39:32.004000,0 days 00:39:52.183000,315.0,243.0,282.0,312.0,False,SOFT,7.0,False,AlphaTauri,0 days 00:38:45.760000,2023-07-01 10:24:04.974,1,,True,TRACK LIMITS AT TURN 10 LAP 15 ,False,True,66.423,66.423
278,0 days 00:41:14.736000,DEV,21,0 days 00:01:22.553000,15.0,3.0,,0 days 00:41:11.300000,18.369,33.47,30.714,0 days 00:40:10.552000,0 days 00:40:44.022000,0 days 00:41:14.736000,274.0,220.0,,257.0,False,SOFT,8.0,False,AlphaTauri,0 days 00:39:52.183000,2023-07-01 10:25:11.397,1,,False,,False,False,82.553,82.553
279,0 days 00:43:25.065000,DEV,21,0 days 00:02:10.329000,16.0,4.0,0 days 00:41:46.831000,,52.539,37.008,40.782,0 days 00:42:07.275000,0 days 00:42:44.283000,0 days 00:43:25.065000,276.0,227.0,260.0,288.0,False,SOFT,4.0,False,AlphaTauri,0 days 00:41:14.736000,2023-07-01 10:26:33.950,1,,False,,False,False,130.329,130.329
280,0 days 00:44:32.335000,DEV,21,0 days 00:01:07.270000,17.0,4.0,,,16.984,29.976,20.31,0 days 00:43:42.049000,0 days 00:44:12.025000,0 days 00:44:32.335000,324.0,239.0,285.0,318.0,False,SOFT,5.0,False,AlphaTauri,0 days 00:43:25.065000,2023-07-01 10:28:44.279,1,,False,,False,True,67.27,67.27
281,0 days 00:46:02.062000,DEV,21,0 days 00:01:29.727000,18.0,4.0,,0 days 00:45:58.453000,21.322,34.984,33.421,0 days 00:44:53.657000,0 days 00:45:28.641000,0 days 00:46:02.062000,252.0,205.0,,247.0,False,SOFT,6.0,False,AlphaTauri,0 days 00:44:32.335000,2023-07-01 10:29:51.549,1,,False,,False,False,89.727,89.727
282,0 days 00:16:15.066000,SAR,2,,1.0,1.0,0 days 00:14:45.740000,0 days 00:16:11.786000,,36.37,31.602,,0 days 00:15:43.473000,0 days 00:16:15.223000,287.0,209.0,,287.0,False,INTERMEDIATE,1.0,True,Williams,0 days 00:14:45.740000,2023-07-01 10:00:04.954,1,,False,,False,False,,
283,0 days 00:18:02.426000,SAR,2,0 days 00:01:47.360000,2.0,2.0,0 days 00:16:36.473000,,43.856,38.935,24.569,0 days 00:16:58.922000,0 days 00:17:37.857000,0 days 00:18:02.426000,200.0,220.0,277.0,289.0,False,SOFT,1.0,True,Williams,0 days 00:16:15.066000,2023-07-01 10:01:34.280,12,,False,,False,False,107.36,107.36
284,0 days 00:19:12.970000,SAR,2,0 days 00:01:10.544000,3.0,2.0,,,17.28,31.443,21.821,0 days 00:18:19.706000,0 days 00:18:51.149000,0 days 00:19:12.970000,316.0,239.0,281.0,314.0,True,SOFT,2.0,True,Williams,0 days 00:18:02.426000,2023-07-01 10:03:21.640,1,,False,,False,True,70.544,70.544
285,0 days 00:20:21.579000,SAR,2,0 days 00:01:08.609000,4.0,2.0,,,16.73,30.141,21.738,0 days 00:19:29.700000,0 days 00:19:59.841000,0 days 00:20:21.579000,323.0,242.0,283.0,321.0,False,SOFT,3.0,True,Williams,0 days 00:19:12.970000,2023-07-01 10:04:32.184,12,,True,TRACK LIMITS AT TURN 9 LAP 5 ,False,True,68.609,68.609
286,0 days 00:21:45.209000,SAR,2,0 days 00:01:23.630000,5.0,2.0,,,19.871,35.915,27.844,0 days 00:20:41.450000,0 days 00:21:17.365000,0 days 00:21:45.209000,269.0,150.0,284.0,277.0,False,SOFT,4.0,True,Williams,0 days 00:20:21.579000,2023-07-01 10:05:40.793,1,,False,,False,True,83.63,83.63
287,0 days 00:22:52.635000,SAR,2,0 days 00:01:07.426000,6.0,2.0,,,16.657,29.757,21.012,0 days 00:22:01.866000,0 days 00:22:31.623000,0 days 00:22:52.635000,322.0,241.0,285.0,319.0,True,SOFT,5.0,True,Williams,0 days 00:21:45.209000,2023-07-01 10:07:04.423,1,,False,,False,True,67.426,67.426
288,0 days 00:24:24.805000,SAR,2,0 days 00:01:32.170000,7.0,2.0,,,19.262,41.461,31.447,0 days 00:23:11.897000,0 days 00:23:53.358000,0 days 00:24:24.805000,274.0,206.0,250.0,266.0,False,SOFT,6.0,True,Williams,0 days 00:22:52.635000,2023-07-01 10:08:11.849,1,,False,,False,True,92.17,92.17
289,0 days 00:25:58.100000,SAR,2,0 days 00:01:33.295000,8.0,2.0,,,20.045,41.431,31.819,0 days 00:24:44.850000,0 days 00:25:26.281000,0 days 00:25:58.100000,267.0,206.0,285.0,276.0,False,SOFT,7.0,True,Williams,0 days 00:24:24.805000,2023-07-01 10:09:44.019,1,,False,,False,True,93.295,93.295
290,0 days 00:27:05.342000,SAR,2,0 days 00:01:07.242000,9.0,2.0,,,16.656,29.607,20.979,0 days 00:26:14.756000,0 days 00:26:44.363000,0 days 00:27:05.342000,321.0,242.0,285.0,318.0,False,SOFT,8.0,True,Williams,0 days 00:25:58.100000,2023-07-01 10:11:17.314,1,,True,TRACK LIMITS AT TURN 9 LAP 10 ,False,True,67.242,67.24199999999999
291,0 days 00:28:42.524000,SAR,2,0 days 00:01:37.182000,10.0,2.0,,0 days 00:28:38.980000,22.013,39.942,35.227,0 days 00:27:27.355000,0 days 00:28:07.297000,0 days 00:28:42.524000,256.0,174.0,,263.0,False,SOFT,9.0,True,Williams,0 days 00:27:05.342000,2023-07-01 10:12:24.556,1,,False,,False,False,97.182,97.18199999999999
292,0 days 00:16:18.952000,OCO,31,,1.0,1.0,0 days 00:14:50.443000,,,37.543,25.136,,0 days 00:15:53.864000,0 days 00:16:18.957000,262.0,211.0,270.0,278.0,False,SOFT,4.0,False,Alpine,0 days 00:14:50.443000,2023-07-01 10:00:09.657,1,,False,,False,False,,
293,0 days 00:17:31.160000,OCO,31,0 days 00:01:12.208000,2.0,1.0,,,17.968,32.012,22.228,0 days 00:16:36.920000,0 days 00:17:08.932000,0 days 00:17:31.160000,307.0,237.0,281.0,306.0,True,SOFT,5.0,False,Alpine,0 days 00:16:18.952000,2023-07-01 10:01:38.166,1,,False,,False,True,72.208,72.208
294,0 days 00:18:42.457000,OCO,31,0 days 00:01:11.297000,3.0,1.0,,,17.338,32.376,21.583,0 days 00:17:48.498000,0 days 00:18:20.874000,0 days 00:18:42.457000,311.0,237.0,281.0,310.0,True,SOFT,6.0,False,Alpine,0 days 00:17:31.160000,2023-07-01 10:02:50.374,12,,False,,False,True,71.297,71.297
295,0 days 00:19:51.636000,OCO,31,0 days 00:01:09.179000,4.0,1.0,,,16.988,30.816,21.375,0 days 00:18:59.445000,0 days 00:19:30.261000,0 days 00:19:51.636000,312.0,238.0,281.0,308.0,True,SOFT,7.0,False,Alpine,0 days 00:18:42.457000,2023-07-01 10:04:01.671,1,,False,,False,True,69.179,69.179
296,0 days 00:21:11.158000,OCO,31,0 days 00:01:19.522000,5.0,1.0,,0 days 00:21:07.767000,17.896,31.752,29.874,0 days 00:20:09.532000,0 days 00:20:41.284000,0 days 00:21:11.158000,291.0,230.0,,295.0,False,SOFT,8.0,False,Alpine,0 days 00:19:51.636000,2023-07-01 10:05:10.850,12,,False,,False,False,79.522,79.52199999999999
297,0 days 00:23:03.646000,OCO,31,0 days 00:01:52.488000,6.0,2.0,0 days 00:21:48.250000,,57.491,32.726,22.271,0 days 00:22:08.649000,0 days 00:22:41.375000,0 days 00:23:03.646000,294.0,230.0,283.0,284.0,False,SOFT,4.0,False,Alpine,0 days 00:21:11.158000,2023-07-01 10:06:30.372,1,,False,,False,False,112.488,112.488
298,0 days 00:24:11.086000,OCO,31,0 days 00:01:07.440000,7.0,2.0,,,16.865,29.866,20.709,0 days 00:23:20.511000,0 days 00:23:50.377000,0 days 00:24:11.086000,315.0,245.0,284.0,315.0,True,SOFT,5.0,False,Alpine,0 days 00:23:03.646000,2023-07-01 10:08:22.860,1,,False,,False,True,67.44,67.44
299,0 days 00:25:38.136000,OCO,31,0 days 00:01:27.050000,8.0,2.0,,,19.943,39.958,27.149,0 days 00:24:31.029000,0 days 00:25:10.987000,0 days 00:25:38.136000,197.0,175.0,283.0,257.0,False,SOFT,6.0,False,Alpine,0 days 00:24:11.086000,2023-07-01 10:09:30.300,1,,False,,False,True,87.05,87.05
300,0 days 00:26:44.976000,OCO,31,0 days 00:01:06.840000,9.0,2.0,,,16.739,29.636,20.465,0 days 00:25:54.875000,0 days 00:26:24.511000,0 days 00:26:44.976000,316.0,245.0,285.0,315.0,True,SOFT,7.0,False,Alpine,0 days 00:25:38.136000,2023-07-01 10:10:57.350,1,,False,,False,True,66.84,66.84
301,0 days 00:28:13.615000,OCO,31,0 days 00:01:28.639000,10.0,2.0,,0 days 00:28:10.184000,20.103,36.166,32.37,0 days 00:27:05.079000,0 days 00:27:41.245000,0 days 00:28:13.615000,244.0,202.0,,235.0,False,SOFT,8.0,False,Alpine,0 days 00:26:44.976000,2023-07-01 10:12:04.190,1,,False,,False,False,88.639,88.639
302,0 days 00:35:19.163000,OCO,31,,11.0,3.0,0 days 00:33:56.695000,,,34.587,24.764,,0 days 00:34:54.460000,0 days 00:35:19.179000,274.0,234.0,285.0,276.0,False,SOFT,4.0,False,Alpine,0 days 00:28:13.615000,2023-07-01 10:13:32.829,1,,False,,False,False,,
303,0 days 00:36:25.307000,OCO,31,0 days 00:01:06.144000,12.0,3.0,,,16.642,29.427,20.075,0 days 00:35:35.805000,0 days 00:36:05.232000,0 days 00:36:25.307000,320.0,246.0,286.0,315.0,True,SOFT,5.0,False,Alpine,0 days 00:35:19.163000,2023-07-01 10:20:38.377,1,,False,,False,True,66.144,66.144
304,0 days 00:37:50.530000,OCO,31,0 days 00:01:25.223000,13.0,3.0,,0 days 00:37:47.115000,18.669,35.804,30.75,0 days 00:36:43.976000,0 days 00:37:19.780000,0 days 00:37:50.530000,251.0,206.0,,243.0,False,SOFT,6.0,False,Alpine,0 days 00:36:25.307000,2023-07-01 10:21:44.521,1,,False,,False,False,85.223,85.223
305,0 days 00:40:18.249000,OCO,31,0 days 00:02:27.719000,14.0,4.0,0 days 00:39:02.551000,,91.813,32.17,23.736,0 days 00:39:22.343000,0 days 00:39:54.513000,0 days 00:40:18.249000,283.0,232.0,285.0,281.0,False,SOFT,1.0,True,Alpine,0 days 00:37:50.530000,2023-07-01 10:23:09.744,1,,False,,False,False,147.719,147.719
306,0 days 00:41:23.853000,OCO,31,0 days 00:01:05.604000,15.0,4.0,,,16.556,29.219,19.829,0 days 00:40:34.805000,0 days 00:41:04.024000,0 days 00:41:23.853000,318.0,247.0,285.0,316.0,True,SOFT,2.0,True,Alpine,0 days 00:40:18.249000,2023-07-01 10:25:37.463,1,,False,,False,True,65.604,65.60400000000001
307,0 days 00:43:21.715000,OCO,31,0 days 00:01:57.862000,16.0,4.0,,,24.282,48.102,45.478,0 days 00:41:48.135000,0 days 00:42:36.237000,0 days 00:43:21.715000,151.0,176.0,272.0,135.0,False,SOFT,3.0,True,Alpine,0 days 00:41:23.853000,2023-07-01 10:26:43.067,1,,False,,False,True,117.862,117.862
308,0 days 00:44:27.963000,OCO,31,0 days 00:01:06.248000,17.0,4.0,,,16.826,29.419,20.003,0 days 00:43:38.541000,0 days 00:44:07.960000,0 days 00:44:27.963000,317.0,245.0,285.0,315.0,False,SOFT,4.0,True,Alpine,0 days 00:43:21.715000,2023-07-01 10:28:40.929,1,,False,,False,True,66.248,66.248
309,0 days 00:45:56.696000,OCO,31,0 days 00:01:28.733000,18.0,4.0,,0 days 00:45:53.281000,19.9,36.949,31.884,0 days 00:44:47.863000,0 days 00:45:24.812000,0 days 00:45:56.696000,234.0,204.0,,229.0,False,SOFT,5.0,True,Alpine,0 days 00:44:27.963000,2023-07-01 10:29:47.177,1,,False,,False,False,88.733,88.733
310,0 days 00:52:12.974000,OCO,31,,19.0,5.0,0 days 00:50:57.481000,,,32.896,21.981,,0 days 00:51:51.058000,0 days 00:52:12.980000,275.0,226.0,286.0,278.0,False,SOFT,7.0,False,Alpine,0 days 00:45:56.696000,2023-07-01 10:31:15.910,1,,False,,False,False,,
311,0 days 00:53:18.979000,OCO,31,0 days 00:01:06.005000,20.0,5.0,,,16.608,29.485,19.912,0 days 00:52:29.582000,0 days 00:52:59.067000,0 days 00:53:18.979000,317.0,244.0,287.0,316.0,True,SOFT,8.0,False,Alpine,0 days 00:52:12.974000,2023-07-01 10:37:32.188,1,,False,,False,True,66.005,66.005
312,0 days 00:54:43.032000,OCO,31,0 days 00:01:24.053000,21.0,5.0,,0 days 00:54:39.587000,19.012,35.638,29.403,0 days 00:53:37.991000,0 days 00:54:13.629000,0 days 00:54:43.032000,247.0,209.0,,235.0,False,SOFT,9.0,False,Alpine,0 days 00:53:18.979000,2023-07-01 10:38:38.193,1,,False,,False,False,84.053,84.053
313,0 days 00:57:25.842000,OCO,31,,22.0,6.0,0 days 00:56:11.977000,,,32.423,22.1,,0 days 00:57:03.742000,0 days 00:57:25.992000,280.0,226.0,287.0,281.0,False,SOFT,1.0,True,Alpine,0 days 00:54:43.032000,2023-07-01 10:40:02.246,1,,False,,False,False,,
314,0 days 00:58:31.208000,OCO,31,0 days 00:01:05.366000,23.0,6.0,,,16.466,29.153,19.747,0 days 00:57:42.308000,0 days 00:58:11.461000,0 days 00:58:31.208000,319.0,248.0,286.0,315.0,True,SOFT,2.0,True,Alpine,0 days 00:57:25.842000,2023-07-01 10:42:45.056,1,,False,,False,True,65.366,65.366
315,0 days 00:59:59.662000,OCO,31,,24.0,6.0,,0 days 00:59:59.662000,20.531,36.448,,0 days 00:58:51.756000,0 days 00:59:28.131000,,228.0,194.0,,231.0,False,SOFT,3.0,True,Alpine,0 days 00:58:31.208000,2023-07-01 10:43:50.422,1,,False,,False,False,,
316,0 days 00:16:29.115000,GAS,10,,1.0,1.0,0 days 00:14:58.364000,,,36.868,29.074,,0 days 00:16:00.067000,0 days 00:16:29.145000,266.0,208.0,264.0,273.0,False,SOFT,4.0,False,Alpine,0 days 00:14:58.364000,2023-07-01 10:00:17.578,1,,False,,False,False,,
317,0 days 00:17:51.004000,GAS,10,0 days 00:01:21.889000,2.0,1.0,,,17.966,32.668,31.255,0 days 00:16:47.081000,0 days 00:17:19.749000,0 days 00:17:51.004000,312.0,210.0,259.0,313.0,True,SOFT,5.0,False,Alpine,0 days 00:16:29.115000,2023-07-01 10:01:48.329,12,,False,,False,True,81.889,81.889
318,0 days 00:19:07.223000,GAS,10,0 days 00:01:16.219000,3.0,1.0,,,18.538,33.574,24.107,0 days 00:18:09.542000,0 days 00:18:43.116000,0 days 00:19:07.223000,318.0,232.0,277.0,316.0,True,SOFT,6.0,False,Alpine,0 days 00:17:51.004000,2023-07-01 10:03:10.218,1,,False,,False,True,76.219,76.219
319,0 days 00:20:17.131000,GAS,10,0 days 00:01:09.908000,4.0,1.0,,,17.325,30.695,21.888,0 days 00:19:24.548000,0 days 00:19:55.243000,0 days 00:20:17.131000,316.0,234.0,278.0,315.0,True,SOFT,7.0,False,Alpine,0 days 00:19:07.223000,2023-07-01 10:04:26.437,12,,False,,False,True,69.908,69.908
320,0 days 00:21:40.408000,GAS,10,0 days 00:01:23.277000,5.0,1.0,,0 days 00:21:37.001000,18.359,34.226,30.692,0 days 00:20:35.490000,0 days 00:21:09.716000,0 days 00:21:40.408000,286.0,209.0,,273.0,False,SOFT,8.0,False,Alpine,0 days 00:20:17.131000,2023-07-01 10:05:36.345,1,,False,,False,False,83.277,83.277
321,0 days 00:23:19.089000,GAS,10,0 days 00:01:38.681000,6.0,2.0,0 days 00:22:00.547000,,40.738,34.432,23.511,0 days 00:22:21.146000,0 days 00:22:55.578000,0 days 00:23:19.089000,281.0,215.0,279.0,290.0,False,SOFT,4.0,False,Alpine,0 days 00:21:40.408000,2023-07-01 10:06:59.622,1,,False,,False,False,98.681,98.681
322,0 days 00:24:27.306000,GAS,10,0 days 00:01:08.217000,7.0,2.0,,,17.003,30.222,20.992,0 days 00:23:36.092000,0 days 00:24:06.314000,0 days 00:24:27.306000,314.0,238.0,283.0,313.0,True,SOFT,5.0,False,Alpine,0 days 00:23:19.089000,2023-07-01 10:08:38.303,1,,False,,False,True,68.217,68.217
323,0 days 00:26:02.956000,GAS,10,0 days 00:01:35.650000,8.0,2.0,,,19.745,41.167,34.738,0 days 00:24:47.051000,0 days 00:25:28.218000,0 days 00:26:02.956000,180.0,196.0,283.0,166.0,False,SOFT,6.0,False,Alpine,0 days 00:24:27.306000,2023-07-01 10:09:46.520,1,,False,,False,True,95.65,95.65
324,0 days 00:27:09.829000,GAS,10,0 days 00:01:06.873000,9.0,2.0,,,16.817,29.707,20.349,0 days 00:26:19.773000,0 days 00:26:49.480000,0 days 00:27:09.829000,315.0,242.0,283.0,313.0,True,SOFT,7.0,False,Alpine,0 days 00:26:02.956000,2023-07-01 10:11:22.170,1,,False,,False,True,66.873,66.873
325,0 days 00:28:45.076000,GAS,10,0 days 00:01:35.247000,10.0,2.0,,0 days 00:28:41.074000,19.595,38.416,37.236,0 days 00:27:29.424000,0 days 00:28:07.840000,0 days 00:28:45.076000,269.0,175.0,,258.0,False,SOFT,8.0,False,Alpine,0 days 00:27:09.829000,2023-07-01 10:12:29.043,1,,False,,False,False,95.247,95.24699999999999
326,0 days 00:36:14.099000,GAS,10,,11.0,3.0,0 days 00:34:52.929000,,,35.698,23.306,,0 days 00:35:50.866000,0 days 00:36:14.178000,316.0,133.0,283.0,278.0,False,SOFT,4.0,False,Alpine,0 days 00:28:45.076000,2023-07-01 10:14:04.290,1,,False,,False,False,,
327,0 days 00:37:20.607000,GAS,10,0 days 00:01:06.508000,12.0,3.0,,,16.744,29.624,20.14,0 days 00:36:30.843000,0 days 00:37:00.467000,0 days 00:37:20.607000,317.0,244.0,284.0,313.0,True,SOFT,5.0,False,Alpine,0 days 00:36:14.099000,2023-07-01 10:21:33.313,1,,False,,False,True,66.508,66.508
328,0 days 00:39:03.696000,GAS,10,0 days 00:01:43.089000,13.0,3.0,,0 days 00:38:41.489000,18.352,34.218,50.519,0 days 00:37:38.959000,0 days 00:38:13.177000,0 days 00:39:03.696000,281.0,187.0,,285.0,False,SOFT,6.0,False,Alpine,0 days 00:37:20.607000,2023-07-01 10:22:39.821,1,,False,,False,False,103.089,103.089
329,0 days 00:43:30.224000,GAS,10,,14.0,4.0,0 days 00:41:55.455000,,,33.364,42.025,,0 days 00:42:48.221000,0 days 00:43:30.423000,295.0,218.0,264.0,309.0,False,SOFT,4.0,False,Alpine,0 days 00:39:03.696000,2023-07-01 10:24:22.910,1,,False,,False,False,,
330,0 days 00:44:36.584000,GAS,10,0 days 00:01:06.360000,15.0,4.0,,,16.921,29.568,19.871,0 days 00:43:47.145000,0 days 00:44:16.713000,0 days 00:44:36.584000,319.0,246.0,287.0,315.0,True,SOFT,5.0,False,Alpine,0 days 00:43:30.224000,2023-07-01 10:28:49.438,1,,False,,False,True,66.36,66.36
331,0 days 00:46:10.771000,GAS,10,0 days 00:01:34.187000,16.0,4.0,,0 days 00:46:07.078000,23.246,39.06,31.881,0 days 00:44:59.830000,0 days 00:45:38.890000,0 days 00:46:10.771000,258.0,177.0,,239.0,False,SOFT,6.0,False,Alpine,0 days 00:44:36.584000,2023-07-01 10:29:55.798,1,,False,,False,False,94.187,94.187
332,0 days 00:16:44.057000,NOR,4,,1.0,1.0,0 days 00:15:10.255000,,,34.758,27.248,,0 days 00:16:16.864000,0 days 00:16:44.066000,273.0,216.0,273.0,289.0,False,SOFT,4.0,False,McLaren,0 days 00:15:10.255000,2023-07-01 10:00:29.469,1,,False,,False,False,,
333,0 days 00:17:56.644000,NOR,4,0 days 00:01:12.587000,2.0,1.0,,,17.314,31.517,23.756,0 days 00:17:01.371000,0 days 00:17:32.888000,0 days 00:17:56.644000,313.0,241.0,254.0,313.0,True,SOFT,5.0,False,McLaren,0 days 00:16:44.057000,2023-07-01 10:02:03.271,12,,False,,False,True,72.587,72.587
334,0 days 00:19:20.713000,NOR,4,0 days 00:01:24.069000,3.0,1.0,,,20.819,40.323,22.927,0 days 00:18:17.463000,0 days 00:18:57.786000,0 days 00:19:20.713000,196.0,225.0,280.0,259.0,False,SOFT,6.0,False,McLaren,0 days 00:17:56.644000,2023-07-01 10:03:15.858,1,,False,,False,True,84.069,84.06899999999999
335,0 days 00:20:28.468000,NOR,4,0 days 00:01:07.755000,4.0,1.0,,,16.829,29.922,21.004,0 days 00:19:37.542000,0 days 00:20:07.464000,0 days 00:20:28.468000,316.0,244.0,283.0,315.0,True,SOFT,7.0,False,McLaren,0 days 00:19:20.713000,2023-07-01 10:04:39.927,12,,False,,False,True,67.755,67.75500000000001
336,0 days 00:21:58.768000,NOR,4,0 days 00:01:30.300000,5.0,1.0,,,22.922,43.61,23.768,0 days 00:20:51.390000,0 days 00:21:35,0 days 00:21:58.768000,184.0,176.0,282.0,216.0,False,SOFT,8.0,False,McLaren,0 days 00:20:28.468000,2023-07-01 10:05:47.682,1,,False,,False,True,90.3,90.3
337,0 days 00:23:06.605000,NOR,4,0 days 00:01:07.837000,6.0,1.0,,,16.763,29.485,21.589,0 days 00:22:15.531000,0 days 00:22:45.016000,0 days 00:23:06.605000,316.0,246.0,279.0,314.0,False,SOFT,9.0,False,McLaren,0 days 00:21:58.768000,2023-07-01 10:07:17.982,1,,False,,False,True,67.837,67.837
338,0 days 00:24:37.156000,NOR,4,0 days 00:01:30.551000,7.0,1.0,,,24.293,43.972,22.286,0 days 00:23:30.898000,0 days 00:24:14.870000,0 days 00:24:37.156000,217.0,195.0,284.0,208.0,False,SOFT,10.0,False,McLaren,0 days 00:23:06.605000,2023-07-01 10:08:25.819,1,,False,,False,True,90.551,90.551
339,0 days 00:25:43.879000,NOR,4,0 days 00:01:06.723000,8.0,1.0,,,16.722,29.591,20.41,0 days 00:24:53.878000,0 days 00:25:23.469000,0 days 00:25:43.879000,315.0,245.0,285.0,313.0,True,SOFT,11.0,False,McLaren,0 days 00:24:37.156000,2023-07-01 10:09:56.370,1,,False,,False,True,66.723,66.723
340,0 days 00:27:08.538000,NOR,4,0 days 00:01:24.659000,9.0,1.0,,0 days 00:27:05.106000,19.886,36.335,28.438,0 days 00:26:03.765000,0 days 00:26:40.100000,0 days 00:27:08.538000,181.0,222.0,,262.0,False,SOFT,12.0,False,McLaren,0 days 00:25:43.879000,2023-07-01 10:11:03.093,1,,False,,False,False,84.659,84.659
341,0 days 00:35:14.420000,NOR,4,,10.0,2.0,0 days 00:33:52.039000,,,36.173,24.097,,0 days 00:34:50.335000,0 days 00:35:14.460000,287.0,218.0,284.0,283.0,False,SOFT,4.0,False,McLaren,0 days 00:27:08.538000,2023-07-01 10:12:27.752,1,,False,,False,False,,
342,0 days 00:36:20.429000,NOR,4,0 days 00:01:06.009000,11.0,2.0,,,16.586,29.326,20.097,0 days 00:35:31.006000,0 days 00:36:00.332000,0 days 00:36:20.429000,318.0,247.0,286.0,315.0,True,SOFT,5.0,False,McLaren,0 days 00:35:14.420000,2023-07-01 10:20:33.634,1,,False,,False,True,66.009,66.009
343,0 days 00:38:08.818000,NOR,4,0 days 00:01:48.389000,12.0,2.0,,,25.308,49.285,33.796,0 days 00:36:45.737000,0 days 00:37:35.022000,0 days 00:38:08.818000,185.0,80.0,283.0,193.0,False,SOFT,6.0,False,McLaren,0 days 00:36:20.429000,2023-07-01 10:21:39.643,1,,False,,False,True,108.389,108.38899999999998
344,0 days 00:39:50.622000,NOR,4,0 days 00:01:41.804000,13.0,2.0,,,20.226,54.913,26.665,0 days 00:38:29.044000,0 days 00:39:23.957000,0 days 00:39:50.622000,193.0,148.0,285.0,136.0,False,SOFT,7.0,False,McLaren,0 days 00:38:08.818000,2023-07-01 10:23:28.032,1,,False,,False,True,101.804,101.804
345,0 days 00:41:05.693000,NOR,4,0 days 00:01:15.071000,14.0,2.0,,0 days 00:41:02.284000,16.653,31.864,26.554,0 days 00:40:07.275000,0 days 00:40:39.139000,0 days 00:41:05.693000,314.0,221.0,,248.0,False,SOFT,8.0,False,McLaren,0 days 00:39:50.622000,2023-07-01 10:25:09.836,1,,False,,False,False,75.071,75.071
346,0 days 00:42:59.353000,NOR,4,0 days 00:01:53.660000,15.0,3.0,0 days 00:41:27.487000,,42.035,42.101,29.524,0 days 00:41:47.728000,0 days 00:42:29.829000,0 days 00:42:59.353000,279.0,207.0,284.0,216.0,False,SOFT,6.0,False,McLaren,0 days 00:41:05.693000,2023-07-01 10:26:24.907,1,,False,,False,False,113.66,113.66
347,0 days 00:44:05.052000,NOR,4,0 days 00:01:05.699000,16.0,3.0,,,16.725,29.155,19.819,0 days 00:43:16.078000,0 days 00:43:45.233000,0 days 00:44:05.052000,316.0,246.0,286.0,314.0,True,SOFT,7.0,False,McLaren,0 days 00:42:59.353000,2023-07-01 10:28:18.567,1,,False,,False,True,65.699,65.699
348,0 days 00:45:28.849000,NOR,4,0 days 00:01:23.797000,17.0,3.0,,0 days 00:45:25.391000,18.832,34.697,30.268,0 days 00:44:23.884000,0 days 00:44:58.581000,0 days 00:45:28.849000,252.0,200.0,,248.0,False,SOFT,8.0,False,McLaren,0 days 00:44:05.052000,2023-07-01 10:29:24.266,1,,False,,False,False,83.797,83.797
349,0 days 00:52:23.971000,NOR,4,,18.0,4.0,0 days 00:51:06.090000,,,34.654,21.682,,0 days 00:52:02.386000,0 days 00:52:23.995000,277.0,227.0,284.0,283.0,False,SOFT,1.0,True,McLaren,0 days 00:45:28.849000,2023-07-01 10:30:48.063,1,,False,,False,False,,
350,0 days 00:53:28.981000,NOR,4,0 days 00:01:05.010000,19.0,4.0,,,16.532,28.921,19.557,0 days 00:52:40.503000,0 days 00:53:09.424000,0 days 00:53:28.981000,315.0,248.0,286.0,314.0,True,SOFT,2.0,True,McLaren,0 days 00:52:23.971000,2023-07-01 10:37:43.185,1,,False,,False,True,65.01,65.01
351,0 days 00:55:17.358000,NOR,4,0 days 00:01:48.377000,20.0,4.0,,,27.265,47.514,33.598,0 days 00:53:56.246000,0 days 00:54:43.760000,0 days 00:55:17.358000,130.0,144.0,132.0,166.0,False,SOFT,3.0,True,McLaren,0 days 00:53:28.981000,2023-07-01 10:38:48.195,1,,False,,False,True,108.377,108.377
352,0 days 00:56:56.103000,NOR,4,0 days 00:01:38.745000,21.0,4.0,,,30.613,45.786,22.346,0 days 00:55:47.971000,0 days 00:56:33.757000,0 days 00:56:56.103000,154.0,219.0,284.0,141.0,False,SOFT,4.0,True,McLaren,0 days 00:55:17.358000,2023-07-01 10:40:36.572,1,,False,,False,True,98.745,98.745
353,0 days 00:58:01.925000,NOR,4,0 days 00:01:05.822000,22.0,4.0,,,16.532,29.104,20.186,0 days 00:57:12.635000,0 days 00:57:41.739000,0 days 00:58:01.925000,315.0,246.0,254.0,313.0,False,SOFT,5.0,True,McLaren,0 days 00:56:56.103000,2023-07-01 10:42:15.317,1,,False,,False,True,65.822,65.822
354,0 days 00:59:36.780000,NOR,4,0 days 00:01:34.855000,23.0,4.0,,0 days 00:59:31.490000,19.558,41.492,33.805,0 days 00:58:21.483000,0 days 00:59:02.975000,0 days 00:59:36.780000,213.0,207.0,,242.0,False,SOFT,6.0,True,McLaren,0 days 00:58:01.925000,2023-07-01 10:43:21.139,1,,False,,False,False,94.855,94.85499999999999
