,Time,Driver,DriverNumber,LapTime,LapNumber,Stint,PitOutTime,PitInTime,Sector1Time,Sector2Time,Sector3Time,Sector1SessionTime,Sector2SessionTime,Sector3SessionTime,SpeedI1,SpeedI2,SpeedFL,SpeedST,IsPersonalBest,Compound,TyreLife,FreshTyre,Team,LapStartTime,LapStartDate,TrackStatus,Position,Deleted,DeletedReason,FastF1Generated,IsAccurate,LapTime_in_seconds,laptime_sum_sectortimes
0,0 days 00:18:41.045000,VER,1,,1.0,1.0,0 days 00:16:37.001000,,,45.372,46.693,,0 days 00:17:54.558000,0 days 00:18:41.178000,284.0,258.0,234.0,,False,MEDIUM,1.0,True,Red Bull Racing,0 days 00:16:37.001000,2022-09-30 10:01:37.148,1,,False,,False,False,,
1,0 days 00:20:28.374000,VER,1,0 days 00:01:47.329000,2.0,1.0,,,29.051,41.533,36.745,0 days 00:19:10.096000,0 days 00:19:51.629000,0 days 00:20:28.374000,306.0,264.0,234.0,288.0,True,MEDIUM,2.0,True,Red Bull Racing,0 days 00:18:41.045000,2022-09-30 10:03:41.192,1,,False,,False,True,107.329,107.32900000000001
2,0 days 00:23:00.138000,VER,1,,3.0,1.0,,,48.364,58.501,44.876,0 days 00:21:17.025000,0 days 00:22:15.427000,0 days 00:23:00.266000,143.0,213.0,250.0,249.0,False,MEDIUM,3.0,True,Red Bull Racing,0 days 00:20:28.374000,2022-09-30 10:05:28.521,1,,False,,False,False,,151.74099999999999
3,0 days 00:24:45.604000,VER,1,0 days 00:01:45.466000,4.0,1.0,,,28.624,40.812,36.03,0 days 00:23:28.762000,0 days 00:24:09.574000,0 days 00:24:45.604000,306.0,271.0,242.0,295.0,True,MEDIUM,4.0,True,Red Bull Racing,0 days 00:23:00.138000,2022-09-30 10:08:00.285,1,,False,,False,True,105.466,105.466
4,0 days 00:27:17.129000,VER,1,,5.0,1.0,,,46.119,59.784,45.54,0 days 00:25:32.061000,0 days 00:26:31.670000,0 days 00:27:17.129000,192.0,225.0,253.0,208.0,False,MEDIUM,5.0,True,Red Bull Racing,0 days 00:24:45.604000,2022-09-30 10:09:45.751,12,,False,,False,False,,151.44299999999998
5,0 days 00:29:01.877000,VER,1,0 days 00:01:44.748000,6.0,1.0,,,28.341,40.609,35.798,0 days 00:27:45.470000,0 days 00:28:26.079000,0 days 00:29:01.877000,306.0,272.0,251.0,296.0,True,MEDIUM,6.0,True,Red Bull Racing,0 days 00:27:17.129000,2022-09-30 10:12:17.276,1,,False,,False,True,104.748,104.748
6,0 days 00:31:45.766000,VER,1,,7.0,1.0,,,55.351,64.411,44.14,0 days 00:29:57.423000,0 days 00:31:01.784000,0 days 00:31:45.820000,142.0,163.0,252.0,219.0,False,MEDIUM,7.0,True,Red Bull Racing,0 days 00:29:01.877000,2022-09-30 10:14:02.024,1,,False,,False,False,,163.902
7,0 days 00:33:30.002000,VER,1,0 days 00:01:44.236000,8.0,1.0,,,28.269,40.501,35.466,0 days 00:32:14.035000,0 days 00:32:54.536000,0 days 00:33:30.002000,308.0,273.0,253.0,295.0,True,MEDIUM,8.0,True,Red Bull Racing,0 days 00:31:45.766000,2022-09-30 10:16:45.913,1,,False,,False,True,104.236,104.23599999999999
8,0 days 00:35:36.804000,VER,1,0 days 00:02:06.802000,9.0,1.0,,0 days 00:35:28.957000,34.469,45.351,46.982,0 days 00:34:04.471000,0 days 00:34:49.822000,0 days 00:35:36.804000,262.0,241.0,,230.0,False,MEDIUM,9.0,True,Red Bull Racing,0 days 00:33:30.002000,2022-09-30 10:18:30.149,1,,False,,False,False,126.802,126.80199999999999
9,0 days 00:52:34.795000,VER,1,,10.0,2.0,0 days 00:50:31.885000,,,50.354,41.343,,0 days 00:51:53.640000,0 days 00:52:34.864000,266.0,252.0,254.0,230.0,False,SOFT,1.0,True,Red Bull Racing,0 days 00:35:36.804000,2022-09-30 10:20:36.951,1,,False,,False,False,,
10,0 days 00:54:17.912000,VER,1,0 days 00:01:43.117000,11.0,2.0,,,27.96,39.874,35.283,0 days 00:53:02.755000,0 days 00:53:42.629000,0 days 00:54:17.912000,306.0,273.0,246.0,296.0,True,SOFT,2.0,True,Red Bull Racing,0 days 00:52:34.795000,2022-09-30 10:37:34.942,12,,False,,False,True,103.117,103.117
11,0 days 01:02:55.496000,VER,1,,12.0,2.0,,0 days 00:56:43.198000,,,,,,,,,,245.0,False,SOFT,3.0,True,Red Bull Racing,0 days 00:54:17.912000,2022-09-30 10:39:18.059,251,,False,,False,False,,
12,0 days 01:05:11.727000,VER,1,,13.0,3.0,0 days 01:02:55.496000,,,43.839,50.793,,0 days 01:04:21.030000,0 days 01:05:11.737000,289.0,258.0,241.0,245.0,False,MEDIUM,10.0,False,Red Bull Racing,0 days 01:02:55.496000,2022-09-30 10:47:55.643,1,,False,,False,False,,
13,0 days 01:07:00.002000,VER,1,0 days 00:01:48.275000,14.0,3.0,,,29.61,41.924,36.741,0 days 01:05:41.337000,0 days 01:06:23.261000,0 days 01:07:00.002000,285.0,258.0,244.0,277.0,False,MEDIUM,11.0,False,Red Bull Racing,0 days 01:05:11.727000,2022-09-30 10:50:11.874,1,,False,,False,True,108.275,108.27499999999999
14,0 days 01:08:50.196000,VER,1,0 days 00:01:50.194000,15.0,3.0,,,30.49,42.638,37.066,0 days 01:07:30.492000,0 days 01:08:13.130000,0 days 01:08:50.196000,287.0,259.0,245.0,281.0,False,MEDIUM,12.0,False,Red Bull Racing,0 days 01:07:00.002000,2022-09-30 10:52:00.149,1,,False,,False,True,110.194,110.194
15,0 days 01:10:52.286000,VER,1,0 days 00:02:02.090000,16.0,3.0,,,29.919,42.304,49.867,0 days 01:09:20.115000,0 days 01:10:02.419000,0 days 01:10:52.286000,290.0,257.0,241.0,281.0,False,MEDIUM,13.0,False,Red Bull Racing,0 days 01:08:50.196000,2022-09-30 10:53:50.343,12,,False,,False,True,122.09,122.09
16,0 days 01:12:41.892000,VER,1,0 days 00:01:49.606000,17.0,3.0,,,29.846,42.548,37.212,0 days 01:11:22.132000,0 days 01:12:04.680000,0 days 01:12:41.892000,286.0,256.0,244.0,281.0,False,MEDIUM,14.0,False,Red Bull Racing,0 days 01:10:52.286000,2022-09-30 10:55:52.433,1,,False,,False,True,109.606,109.60600000000001
17,0 days 01:14:31.721000,VER,1,0 days 00:01:49.829000,18.0,3.0,,,29.888,42.493,37.448,0 days 01:13:11.780000,0 days 01:13:54.273000,0 days 01:14:31.721000,288.0,256.0,243.0,280.0,False,MEDIUM,15.0,False,Red Bull Racing,0 days 01:12:41.892000,2022-09-30 10:57:42.039,1,,False,,False,True,109.829,109.82900000000001
18,0 days 01:16:21.367000,VER,1,0 days 00:01:49.646000,19.0,3.0,,,29.993,42.52,37.133,0 days 01:15:01.714000,0 days 01:15:44.234000,0 days 01:16:21.367000,291.0,261.0,241.0,285.0,False,MEDIUM,16.0,False,Red Bull Racing,0 days 01:14:31.721000,2022-09-30 10:59:31.868,1,,False,,False,True,109.646,109.64600000000002
19,0 days 01:18:48.196000,VER,1,0 days 00:02:26.829000,20.0,3.0,,0 days 01:18:40.372000,37.804,54.962,54.063,0 days 01:16:59.171000,0 days 01:17:54.133000,0 days 01:18:48.196000,144.0,153.0,,200.0,False,MEDIUM,17.0,False,Red Bull Racing,0 days 01:16:21.367000,2022-09-30 11:01:21.514,12,,False,,False,False,146.829,146.829
20,0 days 00:19:11.209000,RIC,3,,1.0,1.0,0 days 00:16:56.431000,,,50.493,40.953,,0 days 00:18:30.417000,0 days 00:19:11.283000,295.0,251.0,243.0,,False,MEDIUM,1.0,True,McLaren,0 days 00:16:56.431000,2022-09-30 10:01:56.578,1,,False,,False,False,,
21,0 days 00:21:01.778000,RIC,3,0 days 00:01:50.569000,2.0,1.0,,,29.233,43.173,38.163,0 days 00:19:40.442000,0 days 00:20:23.615000,0 days 00:21:01.778000,301.0,271.0,247.0,289.0,True,MEDIUM,2.0,True,McLaren,0 days 00:19:11.209000,2022-09-30 10:04:11.356,1,,False,,False,True,110.569,110.569
22,0 days 00:23:23.990000,RIC,3,0 days 00:02:22.212000,3.0,1.0,,,43.875,50.687,47.65,0 days 00:21:45.653000,0 days 00:22:36.340000,0 days 00:23:23.990000,265.0,249.0,238.0,192.0,False,MEDIUM,3.0,True,McLaren,0 days 00:21:01.778000,2022-09-30 10:06:01.925,1,,False,,False,True,142.212,142.212
23,0 days 00:25:13.857000,RIC,3,0 days 00:01:49.867000,4.0,1.0,,,30.435,42.242,37.19,0 days 00:23:54.425000,0 days 00:24:36.667000,0 days 00:25:13.857000,302.0,273.0,247.0,290.0,True,MEDIUM,4.0,True,McLaren,0 days 00:23:23.990000,2022-09-30 10:08:24.137,1,,False,,False,True,109.867,109.86699999999999
24,0 days 00:27:47.369000,RIC,3,,5.0,1.0,,,41.882,60.803,50.776,0 days 00:25:55.908000,0 days 00:26:56.795000,0 days 00:27:47.404000,243.0,193.0,243.0,266.0,False,MEDIUM,5.0,True,McLaren,0 days 00:25:13.857000,2022-09-30 10:10:14.004,12,,False,,False,False,,153.461
25,0 days 00:29:35.003000,RIC,3,0 days 00:01:47.634000,6.0,1.0,,,29.176,41.741,36.717,0 days 00:28:16.545000,0 days 00:28:58.286000,0 days 00:29:35.003000,303.0,271.0,250.0,291.0,True,MEDIUM,6.0,True,McLaren,0 days 00:27:47.369000,2022-09-30 10:12:47.516,1,,False,,False,True,107.634,107.634
26,0 days 00:31:58.875000,RIC,3,0 days 00:02:23.872000,7.0,1.0,,,36.309,57.604,49.959,0 days 00:30:11.312000,0 days 00:31:08.916000,0 days 00:31:58.875000,261.0,208.0,245.0,281.0,False,MEDIUM,7.0,True,McLaren,0 days 00:29:35.003000,2022-09-30 10:14:35.150,1,,False,,False,True,143.872,143.872
27,0 days 00:34:11.703000,RIC,3,0 days 00:02:12.828000,8.0,1.0,,0 days 00:34:03.838000,29.21,52.415,51.203,0 days 00:32:28.085000,0 days 00:33:20.500000,0 days 00:34:11.703000,302.0,159.0,,290.0,False,MEDIUM,8.0,True,McLaren,0 days 00:31:58.875000,2022-09-30 10:16:59.022,1,,False,,False,False,132.828,132.828
28,0 days 00:49:00.736000,RIC,3,,9.0,2.0,0 days 00:46:52.539000,,,54.127,42.586,,0 days 00:48:18.304000,0 days 00:49:00.807000,293.0,246.0,246.0,290.0,False,SOFT,1.0,True,McLaren,0 days 00:34:11.703000,2022-09-30 10:19:11.850,1,,False,,False,False,,
29,0 days 00:50:46.460000,RIC,3,0 days 00:01:45.724000,10.0,2.0,,,28.766,40.841,36.117,0 days 00:49:29.502000,0 days 00:50:10.343000,0 days 00:50:46.460000,300.0,270.0,242.0,289.0,True,SOFT,2.0,True,McLaren,0 days 00:49:00.736000,2022-09-30 10:34:00.883,1,,False,,False,True,105.724,105.72399999999999
30,0 days 00:53:06.705000,RIC,3,0 days 00:02:20.245000,11.0,2.0,,,36.152,58.105,45.988,0 days 00:51:22.612000,0 days 00:52:20.717000,0 days 00:53:06.705000,239.0,159.0,245.0,276.0,False,SOFT,3.0,True,McLaren,0 days 00:50:46.460000,2022-09-30 10:35:46.607,1,,False,,False,True,140.245,140.245
31,0 days 01:02:39.137000,RIC,3,,12.0,2.0,,0 days 00:55:12.822000,28.843,43.351,,0 days 00:53:35.788000,0 days 00:54:19.077000,,302.0,246.0,,290.0,False,SOFT,4.0,True,McLaren,0 days 00:53:06.705000,2022-09-30 10:38:06.852,125,,False,,False,False,,
32,0 days 01:04:58.778000,RIC,3,,13.0,3.0,0 days 01:02:39.137000,,,52.476,39.044,,0 days 01:04:19.866000,0 days 01:04:58.785000,212.0,256.0,239.0,290.0,False,MEDIUM,9.0,False,McLaren,0 days 01:02:39.137000,2022-09-30 10:47:39.284,1,,False,,False,False,,
33,0 days 01:06:49.985000,RIC,3,0 days 00:01:51.207000,14.0,3.0,,,30.227,42.92,38.06,0 days 01:05:29.005000,0 days 01:06:11.925000,0 days 01:06:49.985000,278.0,252.0,237.0,274.0,False,MEDIUM,10.0,False,McLaren,0 days 01:04:58.778000,2022-09-30 10:49:58.925,1,,False,,False,True,111.207,111.20700000000001
34,0 days 01:08:40.642000,RIC,3,0 days 00:01:50.657000,15.0,3.0,,,30.203,42.74,37.714,0 days 01:07:20.188000,0 days 01:08:02.928000,0 days 01:08:40.642000,280.0,253.0,242.0,269.0,False,MEDIUM,11.0,False,McLaren,0 days 01:06:49.985000,2022-09-30 10:51:50.132,1,,False,,False,True,110.657,110.657
35,0 days 01:10:31.684000,RIC,3,0 days 00:01:51.042000,16.0,3.0,,,30.152,42.921,37.969,0 days 01:09:10.794000,0 days 01:09:53.715000,0 days 01:10:31.684000,277.0,251.0,242.0,272.0,False,MEDIUM,12.0,False,McLaren,0 days 01:08:40.642000,2022-09-30 10:53:40.789,12,,False,,False,True,111.042,111.042
36,0 days 01:12:23.147000,RIC,3,0 days 00:01:51.463000,17.0,3.0,,,30.265,43.154,38.044,0 days 01:11:01.949000,0 days 01:11:45.103000,0 days 01:12:23.147000,279.0,252.0,241.0,270.0,False,MEDIUM,13.0,False,McLaren,0 days 01:10:31.684000,2022-09-30 10:55:31.831,1,,False,,False,True,111.463,111.46300000000001
37,0 days 01:14:14.220000,RIC,3,0 days 00:01:51.073000,18.0,3.0,,,30.204,43.289,37.58,0 days 01:12:53.351000,0 days 01:13:36.640000,0 days 01:14:14.220000,280.0,256.0,241.0,276.0,False,MEDIUM,14.0,False,McLaren,0 days 01:12:23.147000,2022-09-30 10:57:23.294,1,,False,,False,True,111.073,111.073
38,0 days 01:16:05.491000,RIC,3,0 days 00:01:51.271000,19.0,3.0,,,30.313,43.086,37.872,0 days 01:14:44.533000,0 days 01:15:27.619000,0 days 01:16:05.491000,278.0,254.0,242.0,271.0,False,MEDIUM,15.0,False,McLaren,0 days 01:14:14.220000,2022-09-30 10:59:14.367,1,,False,,False,True,111.271,111.271
39,0 days 01:18:20.316000,RIC,3,0 days 00:02:14.825000,20.0,3.0,,,30.483,50.042,54.3,0 days 01:16:35.974000,0 days 01:17:26.016000,0 days 01:18:20.316000,260.0,201.0,48.0,266.0,False,MEDIUM,16.0,False,McLaren,0 days 01:16:05.491000,2022-09-30 11:01:05.638,12,,False,,False,True,134.825,134.825
40,0 days 01:20:56.593000,RIC,3,,21.0,3.0,,0 days 01:20:48.617000,57.345,47.993,50.858,0 days 01:19:17.797000,0 days 01:20:05.766000,0 days 01:20:56.593000,259.0,226.0,,189.0,False,MEDIUM,17.0,False,McLaren,0 days 01:18:20.316000,2022-09-30 11:03:20.463,21,,False,,False,False,,156.196
41,0 days 00:18:28.659000,NOR,4,,1.0,1.0,0 days 00:16:10.838000,,,47.605,42.443,,0 days 00:17:46.401000,0 days 00:18:28.738000,251.0,248.0,243.0,,False,MEDIUM,1.0,True,McLaren,0 days 00:16:10.838000,2022-09-30 10:01:10.985,1,,False,,False,False,,
42,0 days 00:20:18.385000,NOR,4,0 days 00:01:49.726000,2.0,1.0,,,29.534,42.836,37.356,0 days 00:18:58.193000,0 days 00:19:41.029000,0 days 00:20:18.385000,297.0,270.0,247.0,287.0,True,MEDIUM,2.0,True,McLaren,0 days 00:18:28.659000,2022-09-30 10:03:28.806,1,,False,,False,True,109.726,109.726
43,0 days 00:22:38.230000,NOR,4,0 days 00:02:19.845000,3.0,1.0,,,37.074,58.237,44.534,0 days 00:20:55.459000,0 days 00:21:53.696000,0 days 00:22:38.230000,149.0,236.0,245.0,269.0,False,MEDIUM,3.0,True,McLaren,0 days 00:20:18.385000,2022-09-30 10:05:18.532,1,,False,,False,True,139.845,139.845
44,0 days 00:24:26.120000,NOR,4,0 days 00:01:47.890000,4.0,1.0,,,29.141,41.873,36.876,0 days 00:23:07.371000,0 days 00:23:49.244000,0 days 00:24:26.120000,298.0,268.0,238.0,288.0,True,MEDIUM,4.0,True,McLaren,0 days 00:22:38.230000,2022-09-30 10:07:38.377,1,,False,,False,True,107.89,107.88999999999999
45,0 days 00:26:56.218000,NOR,4,,5.0,1.0,,,39.973,59.692,50.432,0 days 00:25:06.399000,0 days 00:26:05.938000,0 days 00:26:56.302000,224.0,234.0,245.0,265.0,False,MEDIUM,5.0,True,McLaren,0 days 00:24:26.120000,2022-09-30 10:09:26.267,12,,False,,False,False,,150.09699999999998
46,0 days 00:28:43.079000,NOR,4,0 days 00:01:46.861000,6.0,1.0,,,28.932,41.448,36.481,0 days 00:27:25.150000,0 days 00:28:06.598000,0 days 00:28:43.079000,300.0,270.0,240.0,290.0,True,MEDIUM,6.0,True,McLaren,0 days 00:26:56.218000,2022-09-30 10:11:56.365,1,,False,,False,True,106.861,106.86099999999999
47,0 days 00:30:55.385000,NOR,4,0 days 00:02:12.306000,7.0,1.0,,0 days 00:30:47.522000,33.319,49.674,49.313,0 days 00:29:16.398000,0 days 00:30:06.072000,0 days 00:30:55.385000,240.0,159.0,,258.0,False,MEDIUM,7.0,True,McLaren,0 days 00:28:43.079000,2022-09-30 10:13:43.226,1,,False,,False,False,132.306,132.30599999999998
48,0 days 00:44:09.045000,NOR,4,,8.0,2.0,0 days 00:41:43.164000,,,50.478,42.895,,0 days 00:43:26.305000,0 days 00:44:09.128000,289.0,242.0,247.0,258.0,False,SOFT,1.0,True,McLaren,0 days 00:30:55.385000,2022-09-30 10:15:55.532,1,,False,,False,False,,
49,0 days 00:46:21.875000,NOR,4,0 days 00:02:12.830000,9.0,2.0,,,34.853,53.683,44.294,0 days 00:44:43.898000,0 days 00:45:37.581000,0 days 00:46:21.875000,256.0,242.0,247.0,289.0,False,SOFT,2.0,True,McLaren,0 days 00:44:09.045000,2022-09-30 10:29:09.192,1,,False,,False,True,132.83,132.82999999999998
50,0 days 00:48:08.555000,NOR,4,0 days 00:01:46.680000,10.0,2.0,,,28.56,42.049,36.071,0 days 00:46:50.435000,0 days 00:47:32.484000,0 days 00:48:08.555000,299.0,270.0,191.0,288.0,True,SOFT,3.0,True,McLaren,0 days 00:46:21.875000,2022-09-30 10:31:22.022,1,,False,,False,True,106.68,106.67999999999999
51,0 days 00:50:37.331000,NOR,4,0 days 00:02:28.776000,11.0,2.0,,0 days 00:50:29.257000,43.757,51.475,53.544,0 days 00:48:52.312000,0 days 00:49:43.787000,0 days 00:50:37.331000,216.0,139.0,,200.0,False,SOFT,4.0,True,McLaren,0 days 00:48:08.555000,2022-09-30 10:33:08.702,1,,False,,False,False,148.776,148.776
52,0 days 00:53:12.677000,NOR,4,,12.0,3.0,0 days 00:51:00.328000,,57.002,51.832,46.419,0 days 00:51:34.510000,0 days 00:52:26.328000,0 days 00:53:12.677000,235.0,230.0,247.0,200.0,False,SOFT,5.0,False,McLaren,0 days 00:50:37.331000,2022-09-30 10:35:37.478,1,,False,,False,False,,155.253
53,0 days 01:02:51.296000,NOR,4,,13.0,3.0,,0 days 00:55:06.935000,28.501,40.575,,0 days 00:53:41.257000,0 days 00:54:21.865000,,301.0,270.0,,289.0,False,SOFT,6.0,False,McLaren,0 days 00:53:12.677000,2022-09-30 10:38:12.824,125,,False,,False,False,,
54,0 days 01:04:50.029000,NOR,4,,14.0,4.0,0 days 01:02:51.296000,,,43.294,40.188,,0 days 01:04:09.960000,0 days 01:04:50.030000,255.0,257.0,242.0,289.0,False,MEDIUM,8.0,False,McLaren,0 days 01:02:51.296000,2022-09-30 10:47:51.443,1,,False,,False,False,,
55,0 days 01:06:40.015000,NOR,4,0 days 00:01:49.986000,15.0,4.0,,,29.894,42.472,37.62,0 days 01:05:19.923000,0 days 01:06:02.395000,0 days 01:06:40.015000,279.0,249.0,229.0,276.0,False,MEDIUM,9.0,False,McLaren,0 days 01:04:50.029000,2022-09-30 10:49:50.176,1,,False,,False,True,109.986,109.98599999999999
56,0 days 01:08:29.786000,NOR,4,0 days 00:01:49.771000,16.0,4.0,,,30.191,42.368,37.212,0 days 01:07:10.206000,0 days 01:07:52.574000,0 days 01:08:29.786000,276.0,248.0,243.0,259.0,False,MEDIUM,10.0,False,McLaren,0 days 01:06:40.015000,2022-09-30 10:51:40.162,1,,False,,False,True,109.771,109.771
57,0 days 01:10:19.576000,NOR,4,0 days 00:01:49.790000,17.0,4.0,,,29.954,42.547,37.289,0 days 01:08:59.740000,0 days 01:09:42.287000,0 days 01:10:19.576000,278.0,251.0,243.0,267.0,False,MEDIUM,11.0,False,McLaren,0 days 01:08:29.786000,2022-09-30 10:53:29.933,12,,False,,False,True,109.79,109.79
58,0 days 01:12:09.179000,NOR,4,0 days 00:01:49.603000,18.0,4.0,,,29.895,42.464,37.244,0 days 01:10:49.471000,0 days 01:11:31.935000,0 days 01:12:09.179000,278.0,254.0,242.0,272.0,False,MEDIUM,12.0,False,McLaren,0 days 01:10:19.576000,2022-09-30 10:55:19.723,21,,False,,False,True,109.603,109.603
59,0 days 01:13:59.616000,NOR,4,0 days 00:01:50.437000,19.0,4.0,,,29.963,43.046,37.428,0 days 01:12:39.142000,0 days 01:13:22.188000,0 days 01:13:59.616000,284.0,257.0,241.0,273.0,False,MEDIUM,13.0,False,McLaren,0 days 01:12:09.179000,2022-09-30 10:57:09.326,1,,False,,False,True,110.437,110.437
60,0 days 01:15:50.320000,NOR,4,0 days 00:01:50.704000,20.0,4.0,,,30.191,42.767,37.746,0 days 01:14:29.807000,0 days 01:15:12.574000,0 days 01:15:50.320000,280.0,255.0,243.0,273.0,False,MEDIUM,14.0,False,McLaren,0 days 01:13:59.616000,2022-09-30 10:58:59.763,1,,False,,False,True,110.704,110.70400000000001
61,0 days 01:18:15.557000,NOR,4,0 days 00:02:25.237000,21.0,4.0,,,33.316,52.99,58.931,0 days 01:16:23.636000,0 days 01:17:16.626000,0 days 01:18:15.557000,219.0,160.0,59.0,261.0,False,MEDIUM,15.0,False,McLaren,0 days 01:15:50.320000,2022-09-30 11:00:50.467,12,,False,,False,True,145.237,145.23700000000002
62,0 days 01:21:13.966000,NOR,4,,22.0,4.0,,0 days 01:21:05.673000,66.697,54.849,56.808,0 days 01:19:22.376000,0 days 01:20:17.158000,0 days 01:21:13.971000,161.0,177.0,,206.0,False,MEDIUM,16.0,False,McLaren,0 days 01:18:15.557000,2022-09-30 11:03:15.704,21,,False,,False,False,,178.35399999999998
63,0 days 00:20:25.014000,VET,5,,1.0,1.0,0 days 00:18:23.784000,,,44.879,45.785,,0 days 00:19:39.419000,0 days 00:20:25.102000,269.0,247.0,238.0,,False,HARD,1.0,True,Aston Martin,0 days 00:18:23.784000,2022-09-30 10:03:23.931,1,,False,,False,False,,
64,0 days 00:22:16.577000,VET,5,0 days 00:01:51.563000,2.0,1.0,,,30.273,42.964,38.326,0 days 00:20:55.287000,0 days 00:21:38.251000,0 days 00:22:16.577000,285.0,261.0,245.0,276.0,True,HARD,2.0,True,Aston Martin,0 days 00:20:25.014000,2022-09-30 10:05:25.161,1,,False,,False,True,111.563,111.56299999999999
65,0 days 00:24:08.760000,VET,5,0 days 00:01:52.183000,3.0,1.0,,,29.363,42.653,40.167,0 days 00:22:45.940000,0 days 00:23:28.593000,0 days 00:24:08.760000,305.0,271.0,243.0,292.0,False,HARD,3.0,True,Aston Martin,0 days 00:22:16.577000,2022-09-30 10:07:16.724,1,,False,,False,True,112.183,112.18299999999999
66,0 days 00:25:57.333000,VET,5,0 days 00:01:48.573000,4.0,1.0,,,29.236,41.987,37.35,0 days 00:24:37.996000,0 days 00:25:19.983000,0 days 00:25:57.333000,302.0,270.0,246.0,290.0,True,HARD,4.0,True,Aston Martin,0 days 00:24:08.760000,2022-09-30 10:09:08.907,1,,False,,False,True,108.573,108.57300000000001
67,0 days 00:28:02.174000,VET,5,0 days 00:02:04.841000,5.0,1.0,,,30.193,49.891,44.757,0 days 00:26:27.526000,0 days 00:27:17.417000,0 days 00:28:02.174000,237.0,238.0,245.0,291.0,False,HARD,5.0,True,Aston Martin,0 days 00:25:57.333000,2022-09-30 10:10:57.480,12,,False,,False,True,124.841,124.84100000000001
68,0 days 00:29:49.837000,VET,5,0 days 00:01:47.663000,6.0,1.0,,,29.155,41.456,37.052,0 days 00:28:31.329000,0 days 00:29:12.785000,0 days 00:29:49.837000,304.0,271.0,248.0,291.0,True,HARD,6.0,True,Aston Martin,0 days 00:28:02.174000,2022-09-30 10:13:02.321,1,,False,,False,True,107.663,107.66300000000001
69,0 days 00:31:55.457000,VET,5,0 days 00:02:05.620000,7.0,1.0,,0 days 00:31:47.815000,31.648,45.976,47.996,0 days 00:30:21.485000,0 days 00:31:07.461000,0 days 00:31:55.457000,257.0,242.0,,265.0,False,HARD,7.0,True,Aston Martin,0 days 00:29:49.837000,2022-09-30 10:14:49.984,1,,False,,False,False,125.62,125.62
70,0 days 00:43:48.403000,VET,5,,8.0,2.0,0 days 00:41:52.740000,,,43.888,38.537,,0 days 00:43:10.051000,0 days 00:43:48.473000,279.0,255.0,250.0,265.0,False,MEDIUM,1.0,True,Aston Martin,0 days 00:31:55.457000,2022-09-30 10:16:55.604,1,,False,,False,False,,
71,0 days 00:45:33.757000,VET,5,0 days 00:01:45.354000,9.0,2.0,,,28.521,40.806,36.027,0 days 00:44:16.924000,0 days 00:44:57.730000,0 days 00:45:33.757000,301.0,269.0,242.0,290.0,True,MEDIUM,2.0,True,Aston Martin,0 days 00:43:48.403000,2022-09-30 10:28:48.550,1,,False,,False,True,105.354,105.354
72,0 days 00:47:52.007000,VET,5,0 days 00:02:18.250000,10.0,2.0,,,34.248,55.815,48.187,0 days 00:46:08.005000,0 days 00:47:03.820000,0 days 00:47:52.007000,125.0,188.0,246.0,236.0,False,MEDIUM,3.0,True,Aston Martin,0 days 00:45:33.757000,2022-09-30 10:30:33.904,1,,False,,False,True,138.25,138.25
73,0 days 00:49:57.457000,VET,5,0 days 00:02:05.450000,11.0,2.0,,,30.782,50.341,44.327,0 days 00:48:22.789000,0 days 00:49:13.130000,0 days 00:49:57.457000,238.0,249.0,247.0,290.0,False,MEDIUM,4.0,True,Aston Martin,0 days 00:47:52.007000,2022-09-30 10:32:52.154,1,,False,,False,True,125.45,125.45
74,0 days 00:51:43.003000,VET,5,0 days 00:01:45.546000,12.0,2.0,,,28.646,40.66,36.24,0 days 00:50:26.103000,0 days 00:51:06.763000,0 days 00:51:43.003000,304.0,271.0,244.0,291.0,False,MEDIUM,5.0,True,Aston Martin,0 days 00:49:57.457000,2022-09-30 10:34:57.604,1,,False,,False,True,105.546,105.54599999999999
75,0 days 00:53:47.003000,VET,5,0 days 00:02:04,13.0,2.0,,,31.65,47.256,45.094,0 days 00:52:14.653000,0 days 00:53:01.909000,0 days 00:53:47.003000,234.0,215.0,245.0,268.0,False,MEDIUM,6.0,True,Aston Martin,0 days 00:51:43.003000,2022-09-30 10:36:43.150,12,,False,,False,True,124.0,124.0
76,0 days 01:04:21.018000,VET,5,,14.0,2.0,,0 days 00:56:01.120000,29.147,,,0 days 00:54:16.321000,,,239.0,,,289.0,False,MEDIUM,7.0,True,Aston Martin,0 days 00:53:47.003000,2022-09-30 10:38:47.150,215,,False,,False,False,,
77,0 days 01:06:15.327000,VET,5,,15.0,3.0,0 days 01:04:21.018000,,,44.004,39.413,,0 days 01:05:36.064000,0 days 01:06:15.329000,278.0,257.0,239.0,289.0,False,MEDIUM,7.0,False,Aston Martin,0 days 01:04:21.018000,2022-09-30 10:49:21.165,1,,False,,False,False,,
78,0 days 01:08:05.093000,VET,5,0 days 00:01:49.766000,16.0,3.0,,,29.974,42.518,37.274,0 days 01:06:45.301000,0 days 01:07:27.819000,0 days 01:08:05.093000,280.0,253.0,241.0,279.0,False,MEDIUM,8.0,False,Aston Martin,0 days 01:06:15.327000,2022-09-30 10:51:15.474,1,,False,,False,True,109.766,109.766
79,0 days 01:09:54.757000,VET,5,0 days 00:01:49.664000,17.0,3.0,,,29.803,42.359,37.502,0 days 01:08:34.896000,0 days 01:09:17.255000,0 days 01:09:54.757000,280.0,253.0,241.0,274.0,False,MEDIUM,9.0,False,Aston Martin,0 days 01:08:05.093000,2022-09-30 10:53:05.240,1,,False,,False,True,109.664,109.66400000000002
80,0 days 01:11:44.461000,VET,5,0 days 00:01:49.704000,18.0,3.0,,,29.923,42.37,37.411,0 days 01:10:24.680000,0 days 01:11:07.050000,0 days 01:11:44.461000,281.0,257.0,240.0,276.0,False,MEDIUM,10.0,False,Aston Martin,0 days 01:09:54.757000,2022-09-30 10:54:54.904,12,,False,,False,True,109.704,109.704
81,0 days 01:13:34.192000,VET,5,0 days 00:01:49.731000,19.0,3.0,,,29.841,42.549,37.341,0 days 01:12:14.302000,0 days 01:12:56.851000,0 days 01:13:34.192000,278.0,255.0,242.0,276.0,False,MEDIUM,11.0,False,Aston Martin,0 days 01:11:44.461000,2022-09-30 10:56:44.608,1,,False,,False,True,109.731,109.731
82,0 days 01:15:23.685000,VET,5,0 days 00:01:49.493000,20.0,3.0,,,29.999,42.406,37.088,0 days 01:14:04.191000,0 days 01:14:46.597000,0 days 01:15:23.685000,280.0,255.0,243.0,275.0,False,MEDIUM,12.0,False,Aston Martin,0 days 01:13:34.192000,2022-09-30 10:58:34.339,1,,False,,False,True,109.493,109.493
83,0 days 01:17:41.266000,VET,5,0 days 00:02:17.581000,21.0,3.0,,,32.862,53.331,51.388,0 days 01:15:56.547000,0 days 01:16:49.878000,0 days 01:17:41.266000,156.0,160.0,84.0,276.0,False,MEDIUM,13.0,False,Aston Martin,0 days 01:15:23.685000,2022-09-30 11:00:23.832,1,,False,,False,True,137.581,137.58100000000002
84,0 days 01:20:26.597000,VET,5,,22.0,3.0,,0 days 01:20:18.738000,64.403,52.61,48.278,0 days 01:18:45.785000,0 days 01:19:38.391000,0 days 01:20:26.597000,194.0,206.0,,175.0,False,MEDIUM,14.0,False,Aston Martin,0 days 01:17:41.266000,2022-09-30 11:02:41.413,12,,False,,False,False,,165.291
85,0 days 00:17:54.307000,LAT,6,,1.0,1.0,0 days 00:15:39.564000,,,50.36,46.099,,0 days 00:17:08.487000,0 days 00:17:54.410000,229.0,243.0,228.0,,False,MEDIUM,1.0,True,Williams,0 days 00:15:39.564000,2022-09-30 10:00:39.711,1,,False,,False,False,,
86,0 days 00:19:50.436000,LAT,6,0 days 00:01:56.129000,2.0,1.0,,,31.386,45.375,39.368,0 days 00:18:25.693000,0 days 00:19:11.068000,0 days 00:19:50.436000,304.0,272.0,242.0,287.0,True,MEDIUM,2.0,True,Williams,0 days 00:17:54.307000,2022-09-30 10:02:54.454,1,,False,,False,True,116.129,116.12899999999999
87,0 days 00:21:43.149000,LAT,6,0 days 00:01:52.713000,3.0,1.0,,,29.839,44.208,38.666,0 days 00:20:20.275000,0 days 00:21:04.483000,0 days 00:21:43.149000,305.0,272.0,247.0,292.0,True,MEDIUM,3.0,True,Williams,0 days 00:19:50.436000,2022-09-30 10:04:50.583,1,,False,,False,True,112.713,112.713
88,0 days 00:24:19.456000,LAT,6,,4.0,1.0,,,37.893,58.783,59.562,0 days 00:22:21.319000,0 days 00:23:20.065000,0 days 00:24:19.484000,246.0,230.0,239.0,280.0,False,MEDIUM,4.0,True,Williams,0 days 00:21:43.149000,2022-09-30 10:06:43.296,1,,False,,False,False,,156.238
89,0 days 00:26:10.237000,LAT,6,0 days 00:01:50.781000,5.0,1.0,,,29.739,43.227,37.815,0 days 00:24:49.195000,0 days 00:25:32.422000,0 days 00:26:10.237000,307.0,274.0,248.0,292.0,True,MEDIUM,5.0,True,Williams,0 days 00:24:19.456000,2022-09-30 10:09:19.603,1,,False,,False,True,110.781,110.78099999999999
90,0 days 00:28:30.673000,LAT,6,0 days 00:02:20.436000,6.0,1.0,,,39.696,52.634,48.106,0 days 00:26:49.933000,0 days 00:27:42.567000,0 days 00:28:30.673000,277.0,225.0,246.0,289.0,False,MEDIUM,6.0,True,Williams,0 days 00:26:10.237000,2022-09-30 10:11:10.384,12,,False,,False,True,140.436,140.436
91,0 days 00:30:19.973000,LAT,6,0 days 00:01:49.300000,7.0,1.0,,,29.368,42.81,37.122,0 days 00:29:00.041000,0 days 00:29:42.851000,0 days 00:30:19.973000,307.0,273.0,249.0,294.0,True,MEDIUM,7.0,True,Williams,0 days 00:28:30.673000,2022-09-30 10:13:30.820,1,,False,,False,True,109.3,109.3
92,0 days 00:32:43.789000,LAT,6,0 days 00:02:23.816000,8.0,1.0,,0 days 00:32:36.095000,37.936,53.615,52.265,0 days 00:30:57.909000,0 days 00:31:51.524000,0 days 00:32:43.789000,202.0,260.0,,297.0,False,MEDIUM,8.0,True,Williams,0 days 00:30:19.973000,2022-09-30 10:15:20.120,1,,False,,False,False,143.816,143.816
93,0 days 00:53:59.252000,LAT,6,,9.0,2.0,0 days 00:51:56.329000,,,47.243,41.145,,0 days 00:53:18.220000,0 days 00:53:59.252000,261.0,244.0,244.0,297.0,False,SOFT,1.0,True,Williams,0 days 00:32:43.789000,2022-09-30 10:17:43.936,12,,False,,False,False,,
94,0 days 00:59:46.355000,LAT,6,,10.0,2.0,,0 days 00:56:36.448000,29.893,,,0 days 00:54:29.449000,,,164.0,,,293.0,False,SOFT,2.0,True,Williams,0 days 00:53:59.252000,2022-09-30 10:38:59.399,125,,False,,False,False,,
95,0 days 01:01:48.685000,LAT,6,,11.0,3.0,0 days 00:59:46.355000,,,47.649,40.899,,0 days 01:01:07.862000,0 days 01:01:48.685000,241.0,264.0,244.0,293.0,False,SOFT,2.0,False,Williams,0 days 00:59:46.355000,2022-09-30 10:44:46.502,1,,False,,False,False,,
96,0 days 01:03:35.777000,LAT,6,0 days 00:01:47.092000,12.0,3.0,,,28.728,41.763,36.601,0 days 01:02:17.413000,0 days 01:02:59.176000,0 days 01:03:35.777000,309.0,275.0,245.0,292.0,True,SOFT,3.0,False,Williams,0 days 01:01:48.685000,2022-09-30 10:46:48.832,1,,False,,False,True,107.092,107.092
97,0 days 01:06:08.869000,LAT,6,,13.0,3.0,,,41.221,59.771,52.102,0 days 01:04:17.105000,0 days 01:05:16.890000,0 days 01:06:08.872000,265.0,113.0,245.0,280.0,False,SOFT,4.0,False,Williams,0 days 01:03:35.777000,2022-09-30 10:48:35.924,1,,False,,False,False,,153.094
98,0 days 01:07:56.107000,LAT,6,0 days 00:01:47.238000,14.0,3.0,,,29.019,41.501,36.718,0 days 01:06:37.888000,0 days 01:07:19.389000,0 days 01:07:56.107000,307.0,273.0,248.0,293.0,False,SOFT,5.0,False,Williams,0 days 01:06:08.869000,2022-09-30 10:51:09.016,1,,False,,False,True,107.238,107.238
99,0 days 01:10:13.492000,LAT,6,0 days 00:02:17.385000,15.0,3.0,,0 days 01:10:05.622000,37.653,50.615,49.117,0 days 01:08:33.760000,0 days 01:09:24.375000,0 days 01:10:13.492000,134.0,247.0,,293.0,False,SOFT,6.0,False,Williams,0 days 01:07:56.107000,2022-09-30 10:52:56.254,1,,False,,False,False,137.385,137.385
100,0 days 01:16:49.215000,LAT,6,,16.0,4.0,0 days 01:14:22.778000,,,52.721,44.11,,0 days 01:16:05.183000,0 days 01:16:49.215000,272.0,248.0,228.0,293.0,False,MEDIUM,9.0,False,Williams,0 days 01:10:13.492000,2022-09-30 10:55:13.639,12,,False,,False,False,,
101,0 days 01:19:18.980000,LAT,6,0 days 00:02:29.765000,17.0,4.0,,,37.738,54.712,57.315,0 days 01:17:26.953000,0 days 01:18:21.665000,0 days 01:19:18.980000,207.0,257.0,44.0,265.0,False,MEDIUM,10.0,False,Williams,0 days 01:16:49.215000,2022-09-30 11:01:49.362,12,,False,,False,True,149.765,149.765
102,0 days 01:21:56.208000,LAT,6,,18.0,4.0,,0 days 01:21:48.274000,57.641,47.343,52.2,0 days 01:20:16.753000,0 days 01:21:04.055000,0 days 01:21:56.208000,189.0,250.0,,184.0,False,MEDIUM,11.0,False,Williams,0 days 01:19:18.980000,2022-09-30 11:04:19.127,12,,False,,False,False,,157.18400000000003
103,0 days 00:18:05.007000,GAS,10,,1.0,1.0,0 days 00:15:49.085000,,,49.107,51.604,,0 days 00:17:13.576000,0 days 00:18:05.060000,279.0,253.0,219.0,,False,HARD,1.0,True,AlphaTauri,0 days 00:15:49.085000,2022-09-30 10:00:49.232,1,,False,,False,False,,
104,0 days 00:20:05.882000,GAS,10,0 days 00:02:00.875000,2.0,1.0,,,30.799,44.467,45.609,0 days 00:18:35.806000,0 days 00:19:20.273000,0 days 00:20:05.882000,298.0,265.0,237.0,280.0,True,HARD,2.0,True,AlphaTauri,0 days 00:18:05.007000,2022-09-30 10:03:05.154,1,,False,,False,True,120.875,120.875
105,0 days 00:21:56.500000,GAS,10,0 days 00:01:50.618000,3.0,1.0,,,29.611,43.237,37.77,0 days 00:20:35.493000,0 days 00:21:18.730000,0 days 00:21:56.500000,302.0,267.0,246.0,288.0,True,HARD,3.0,True,AlphaTauri,0 days 00:20:05.882000,2022-09-30 10:05:06.029,1,,False,,False,True,110.618,110.618
106,0 days 00:24:01.344000,GAS,10,0 days 00:02:04.844000,4.0,1.0,,,29.322,52.833,42.689,0 days 00:22:25.822000,0 days 00:23:18.655000,0 days 00:24:01.344000,302.0,235.0,245.0,292.0,False,HARD,4.0,True,AlphaTauri,0 days 00:21:56.500000,2022-09-30 10:06:56.647,1,,False,,False,True,124.844,124.844
107,0 days 00:25:50.442000,GAS,10,0 days 00:01:49.098000,5.0,1.0,,,29.279,42.755,37.064,0 days 00:24:30.623000,0 days 00:25:13.378000,0 days 00:25:50.442000,303.0,270.0,244.0,293.0,True,HARD,5.0,True,AlphaTauri,0 days 00:24:01.344000,2022-09-30 10:09:01.491,1,,False,,False,True,109.098,109.09800000000001
108,0 days 00:28:17.186000,GAS,10,0 days 00:02:26.744000,6.0,1.0,,,40.434,59.643,46.667,0 days 00:26:30.876000,0 days 00:27:30.519000,0 days 00:28:17.186000,173.0,182.0,245.0,243.0,False,HARD,6.0,True,AlphaTauri,0 days 00:25:50.442000,2022-09-30 10:10:50.589,12,,False,,False,True,146.744,146.744
109,0 days 00:30:04.741000,GAS,10,0 days 00:01:47.555000,7.0,1.0,,,29.131,41.748,36.676,0 days 00:28:46.317000,0 days 00:29:28.065000,0 days 00:30:04.741000,306.0,271.0,246.0,293.0,True,HARD,7.0,True,AlphaTauri,0 days 00:28:17.186000,2022-09-30 10:13:17.333,1,,False,,False,True,107.555,107.55499999999999
110,0 days 00:32:17.785000,GAS,10,0 days 00:02:13.044000,8.0,1.0,,0 days 00:32:10.080000,32.052,49.004,51.988,0 days 00:30:36.793000,0 days 00:31:25.797000,0 days 00:32:17.785000,259.0,240.0,,287.0,False,HARD,8.0,True,AlphaTauri,0 days 00:30:04.741000,2022-09-30 10:15:04.888,1,,False,,False,False,133.044,133.04399999999998
111,0 days 00:39:25.955000,GAS,10,,9.0,2.0,0 days 00:37:28.415000,,,45.888,40.109,,0 days 00:38:46.019000,0 days 00:39:26.048000,273.0,248.0,248.0,287.0,False,HARD,9.0,False,AlphaTauri,0 days 00:32:17.785000,2022-09-30 10:17:17.932,1,,False,,False,False,,
112,0 days 00:41:12.778000,GAS,10,0 days 00:01:46.823000,10.0,2.0,,,28.886,41.386,36.551,0 days 00:39:54.841000,0 days 00:40:36.227000,0 days 00:41:12.778000,303.0,269.0,248.0,292.0,True,HARD,10.0,False,AlphaTauri,0 days 00:39:25.955000,2022-09-30 10:24:26.102,1,,False,,False,True,106.823,106.82300000000001
113,0 days 00:43:24.564000,GAS,10,0 days 00:02:11.786000,11.0,2.0,,,34.743,53.713,43.33,0 days 00:41:47.521000,0 days 00:42:41.234000,0 days 00:43:24.564000,261.0,245.0,248.0,284.0,False,HARD,11.0,False,AlphaTauri,0 days 00:41:12.778000,2022-09-30 10:26:12.925,1,,False,,False,True,131.786,131.786
114,0 days 00:45:12.273000,GAS,10,0 days 00:01:47.709000,12.0,2.0,,,29.067,41.842,36.8,0 days 00:43:53.631000,0 days 00:44:35.473000,0 days 00:45:12.273000,303.0,270.0,247.0,293.0,False,HARD,12.0,False,AlphaTauri,0 days 00:43:24.564000,2022-09-30 10:28:24.711,1,,False,,False,True,107.709,107.70899999999999
115,0 days 00:47:44.681000,GAS,10,,13.0,2.0,,,41.004,63.232,48.09,0 days 00:45:53.476000,0 days 00:46:56.737000,0 days 00:47:44.693000,264.0,238.0,248.0,282.0,False,HARD,13.0,False,AlphaTauri,0 days 00:45:12.273000,2022-09-30 10:30:12.420,1,,False,,False,False,,152.326
116,0 days 00:49:32.345000,GAS,10,0 days 00:01:47.664000,14.0,2.0,,,29.137,41.675,36.852,0 days 00:48:13.818000,0 days 00:48:55.493000,0 days 00:49:32.345000,303.0,271.0,246.0,293.0,False,HARD,14.0,False,AlphaTauri,0 days 00:47:44.681000,2022-09-30 10:32:44.828,1,,False,,False,True,107.664,107.66399999999999
117,0 days 00:51:48.871000,GAS,10,0 days 00:02:16.526000,15.0,2.0,,0 days 00:51:41.012000,36.685,49.105,50.736,0 days 00:50:09.030000,0 days 00:50:58.135000,0 days 00:51:48.871000,261.0,155.0,,279.0,False,HARD,15.0,False,AlphaTauri,0 days 00:49:32.345000,2022-09-30 10:34:32.492,1,,False,,False,False,136.526,136.52599999999998
118,0 days 01:04:09.279000,GAS,10,,16.0,3.0,0 days 01:02:07.129000,,,47.079,40.452,,0 days 01:03:29.033000,0 days 01:04:09.371000,274.0,251.0,249.0,279.0,False,SOFT,1.0,True,AlphaTauri,0 days 01:02:07.129000,2022-09-30 10:47:07.276,1,,False,,False,False,,
119,0 days 01:05:54.870000,GAS,10,0 days 00:01:45.591000,17.0,3.0,,,28.642,40.885,36.064,0 days 01:04:37.921000,0 days 01:05:18.806000,0 days 01:05:54.870000,304.0,270.0,245.0,292.0,True,SOFT,2.0,True,AlphaTauri,0 days 01:04:09.279000,2022-09-30 10:49:09.426,1,,False,,False,True,105.591,105.59100000000001
120,0 days 01:08:24.977000,GAS,10,,18.0,3.0,,,39.479,59.867,50.769,0 days 01:06:34.550000,0 days 01:07:34.401000,0 days 01:08:25.138000,258.0,228.0,206.0,275.0,False,SOFT,3.0,True,AlphaTauri,0 days 01:05:54.870000,2022-09-30 10:50:55.017,1,,False,,False,False,,150.115
121,0 days 01:10:26.441000,GAS,10,0 days 00:02:01.464000,19.0,3.0,,,33.302,48.901,39.261,0 days 01:08:58.279000,0 days 01:09:47.180000,0 days 01:10:26.441000,276.0,251.0,251.0,251.0,False,SOFT,4.0,True,AlphaTauri,0 days 01:08:24.977000,2022-09-30 10:53:25.124,12,,False,,False,True,121.464,121.464
122,0 days 01:12:11.699000,GAS,10,0 days 00:01:45.258000,20.0,3.0,,,28.571,40.699,35.988,0 days 01:10:55.012000,0 days 01:11:35.711000,0 days 01:12:11.699000,306.0,271.0,243.0,294.0,True,SOFT,5.0,True,AlphaTauri,0 days 01:10:26.441000,2022-09-30 10:55:26.588,1,,False,,False,True,105.258,105.258
123,0 days 01:14:31.019000,GAS,10,0 days 00:02:19.320000,21.0,3.0,,,35.9,55.434,47.986,0 days 01:12:47.599000,0 days 01:13:43.033000,0 days 01:14:31.019000,261.0,237.0,249.0,277.0,False,SOFT,6.0,True,AlphaTauri,0 days 01:12:11.699000,2022-09-30 10:57:11.846,1,,False,,False,True,139.32,139.32
124,0 days 01:16:17.883000,GAS,10,0 days 00:01:46.864000,22.0,3.0,,,28.813,41.44,36.611,0 days 01:14:59.832000,0 days 01:15:41.272000,0 days 01:16:17.883000,308.0,271.0,244.0,295.0,False,SOFT,7.0,True,AlphaTauri,0 days 01:14:31.019000,2022-09-30 10:59:31.166,1,,False,,False,True,106.864,106.864
125,0 days 01:18:35.191000,GAS,10,0 days 00:02:17.308000,23.0,3.0,,,32.309,50.257,54.742,0 days 01:16:50.192000,0 days 01:17:40.449000,0 days 01:18:35.191000,287.0,233.0,50.0,280.0,False,SOFT,8.0,True,AlphaTauri,0 days 01:16:17.883000,2022-09-30 11:01:18.030,12,,False,,False,True,137.308,137.308
126,0 days 01:21:20.118000,GAS,10,,24.0,3.0,,0 days 01:21:12.217000,57.289,55.845,51.654,0 days 01:19:32.703000,0 days 01:20:28.503000,0 days 01:21:20.118000,222.0,251.0,,209.0,False,SOFT,9.0,True,AlphaTauri,0 days 01:18:35.191000,2022-09-30 11:03:35.338,12,,False,,False,False,,164.788
127,0 days 00:18:54.533000,PER,11,,1.0,1.0,0 days 00:16:56.152000,,,45.829,40.465,,0 days 00:18:14.318000,0 days 00:18:54.592000,270.0,255.0,248.0,,False,MEDIUM,1.0,True,Red Bull Racing,0 days 00:16:56.152000,2022-09-30 10:01:56.299,1,,False,,False,False,,
128,0 days 00:20:42.778000,PER,11,0 days 00:01:48.245000,2.0,1.0,,,29.277,42.224,36.744,0 days 00:19:23.810000,0 days 00:20:06.034000,0 days 00:20:42.778000,304.0,271.0,240.0,294.0,True,MEDIUM,2.0,True,Red Bull Racing,0 days 00:18:54.533000,2022-09-30 10:03:54.680,1,,False,,False,True,108.245,108.245
129,0 days 00:23:15.476000,PER,11,,3.0,1.0,,,42.884,60.557,49.251,0 days 00:21:25.910000,0 days 00:22:26.414000,0 days 00:23:15.565000,144.0,175.0,251.0,226.0,False,MEDIUM,3.0,True,Red Bull Racing,0 days 00:20:42.778000,2022-09-30 10:05:42.925,1,,False,,False,False,,152.692
130,0 days 00:25:02.110000,PER,11,0 days 00:01:46.634000,4.0,1.0,,,28.808,41.502,36.324,0 days 00:23:44.284000,0 days 00:24:25.786000,0 days 00:25:02.110000,307.0,273.0,244.0,296.0,True,MEDIUM,4.0,True,Red Bull Racing,0 days 00:23:15.476000,2022-09-30 10:08:15.623,1,,False,,False,True,106.634,106.634
131,0 days 00:27:42.995000,PER,11,,5.0,1.0,,,47.646,62.687,50.584,0 days 00:25:50.043000,0 days 00:26:52.609000,0 days 00:27:43.113000,163.0,152.0,249.0,207.0,False,MEDIUM,5.0,True,Red Bull Racing,0 days 00:25:02.110000,2022-09-30 10:10:02.257,12,,False,,False,False,,160.917
132,0 days 00:30:07.772000,PER,11,0 days 00:02:24.777000,6.0,1.0,,,28.833,58.672,57.272,0 days 00:28:11.828000,0 days 00:29:10.500000,0 days 00:30:07.772000,307.0,195.0,249.0,296.0,False,MEDIUM,6.0,True,Red Bull Racing,0 days 00:27:42.995000,2022-09-30 10:12:43.142,1,,False,,False,True,144.777,144.777
133,0 days 00:31:53.681000,PER,11,0 days 00:01:45.909000,7.0,1.0,,,28.746,41.064,36.099,0 days 00:30:36.518000,0 days 00:31:17.582000,0 days 00:31:53.681000,308.0,273.0,251.0,297.0,True,MEDIUM,7.0,True,Red Bull Racing,0 days 00:30:07.772000,2022-09-30 10:15:07.919,1,,False,,False,True,105.909,105.90899999999999
134,0 days 00:34:38.655000,PER,11,,8.0,1.0,,,42.945,68.462,53.577,0 days 00:32:36.818000,0 days 00:33:45.252000,0 days 00:34:38.742000,208.0,159.0,249.0,209.0,False,MEDIUM,8.0,True,Red Bull Racing,0 days 00:31:53.681000,2022-09-30 10:16:53.828,1,,False,,False,False,,164.984
135,0 days 00:36:24.004000,PER,11,0 days 00:01:45.349000,9.0,1.0,,,28.673,40.92,35.756,0 days 00:35:07.328000,0 days 00:35:48.248000,0 days 00:36:24.004000,308.0,273.0,249.0,295.0,True,MEDIUM,9.0,True,Red Bull Racing,0 days 00:34:38.655000,2022-09-30 10:19:38.802,1,,False,,False,True,105.349,105.349
136,0 days 00:38:29.239000,PER,11,0 days 00:02:05.235000,10.0,1.0,,0 days 00:38:21.512000,31.298,45.677,48.26,0 days 00:36:55.302000,0 days 00:37:40.979000,0 days 00:38:29.239000,267.0,238.0,,235.0,False,MEDIUM,10.0,True,Red Bull Racing,0 days 00:36:24.004000,2022-09-30 10:21:24.151,1,,False,,False,False,125.235,125.23499999999999
137,0 days 00:51:39.745000,PER,11,,11.0,2.0,0 days 00:49:34.070000,,,48.173,45.578,,0 days 00:50:54.369000,0 days 00:51:39.865000,258.0,242.0,251.0,235.0,False,SOFT,1.0,True,Red Bull Racing,0 days 00:38:29.239000,2022-09-30 10:23:29.386,1,,False,,False,False,,
138,0 days 00:53:23.584000,PER,11,0 days 00:01:43.839000,12.0,2.0,,,28.129,40.178,35.532,0 days 00:52:07.874000,0 days 00:52:48.052000,0 days 00:53:23.584000,309.0,274.0,251.0,296.0,True,SOFT,2.0,True,Red Bull Racing,0 days 00:51:39.745000,2022-09-30 10:36:39.892,1,,False,,False,True,103.839,103.839
139,0 days 01:02:20.651000,PER,11,,13.0,2.0,,0 days 00:55:59.272000,42.155,,,0 days 00:54:05.925000,,,166.0,,,208.0,False,SOFT,3.0,True,Red Bull Racing,0 days 00:53:23.584000,2022-09-30 10:38:23.731,125,,False,,False,False,,
140,0 days 01:04:30.259000,PER,11,,14.0,3.0,0 days 01:02:20.651000,,,43.488,37.53,,0 days 01:03:52.819000,0 days 01:04:30.259000,279.0,258.0,242.0,208.0,False,MEDIUM,11.0,False,Red Bull Racing,0 days 01:02:20.651000,2022-09-30 10:47:20.798,1,,False,,False,False,,
141,0 days 01:06:35.703000,PER,11,0 days 00:02:05.444000,15.0,3.0,,0 days 01:06:24.722000,29.726,43.631,52.087,0 days 01:04:59.985000,0 days 01:05:43.616000,0 days 01:06:35.703000,277.0,259.0,,279.0,False,MEDIUM,12.0,False,Red Bull Racing,0 days 01:04:30.259000,2022-09-30 10:49:30.406,1,,False,,False,False,125.444,125.444
142,0 days 00:17:59.974000,ALO,14,,1.0,1.0,0 days 00:15:28.560000,,,50.088,48.27,,0 days 00:17:11.868000,0 days 00:18:00.067000,266.0,237.0,242.0,,False,MEDIUM,1.0,True,Alpine,0 days 00:15:28.560000,2022-09-30 10:00:28.707,1,,False,,False,False,,
143,0 days 00:20:00.271000,ALO,14,0 days 00:02:00.297000,2.0,1.0,,,29.319,42.393,48.585,0 days 00:18:29.293000,0 days 00:19:11.686000,0 days 00:20:00.271000,301.0,269.0,245.0,288.0,True,MEDIUM,2.0,True,Alpine,0 days 00:17:59.974000,2022-09-30 10:03:00.121,1,,False,,False,True,120.297,120.297
144,0 days 00:21:47.562000,ALO,14,0 days 00:01:47.291000,3.0,1.0,,,29.072,41.439,36.78,0 days 00:20:29.343000,0 days 00:21:10.782000,0 days 00:21:47.562000,299.0,267.0,246.0,288.0,True,MEDIUM,3.0,True,Alpine,0 days 00:20:00.271000,2022-09-30 10:05:00.418,1,,False,,False,True,107.291,107.291
145,0 days 00:23:34.960000,ALO,14,0 days 00:01:47.398000,4.0,1.0,,,29.149,41.706,36.543,0 days 00:22:16.711000,0 days 00:22:58.417000,0 days 00:23:34.960000,292.0,260.0,251.0,282.0,False,MEDIUM,4.0,True,Alpine,0 days 00:21:47.562000,2022-09-30 10:06:47.709,1,,False,,False,True,107.398,107.398
146,0 days 00:25:21.843000,ALO,14,0 days 00:01:46.883000,5.0,1.0,,,28.978,41.429,36.476,0 days 00:24:03.938000,0 days 00:24:45.367000,0 days 00:25:21.843000,295.0,263.0,246.0,285.0,True,MEDIUM,5.0,True,Alpine,0 days 00:23:34.960000,2022-09-30 10:08:35.107,1,,False,,False,True,106.883,106.88300000000001
147,0 days 00:27:51.699000,ALO,14,0 days 00:02:29.856000,6.0,1.0,,,40.89,58.186,50.78,0 days 00:26:02.733000,0 days 00:27:00.919000,0 days 00:27:51.699000,157.0,233.0,248.0,268.0,False,MEDIUM,6.0,True,Alpine,0 days 00:25:21.843000,2022-09-30 10:10:21.990,12,,False,,False,True,149.856,149.856
148,0 days 00:29:37.819000,ALO,14,0 days 00:01:46.120000,7.0,1.0,,,28.573,41.426,36.121,0 days 00:28:20.272000,0 days 00:29:01.698000,0 days 00:29:37.819000,301.0,266.0,251.0,289.0,True,MEDIUM,7.0,True,Alpine,0 days 00:27:51.699000,2022-09-30 10:12:51.846,1,,False,,False,True,106.12,106.12
149,0 days 00:31:26.186000,ALO,14,0 days 00:01:48.367000,8.0,1.0,,,29.263,42.15,36.954,0 days 00:30:07.082000,0 days 00:30:49.232000,0 days 00:31:26.186000,281.0,255.0,246.0,289.0,False,MEDIUM,8.0,True,Alpine,0 days 00:29:37.819000,2022-09-30 10:14:37.966,1,,False,,False,True,108.367,108.36699999999999
150,0 days 00:33:51.086000,ALO,14,0 days 00:02:24.900000,9.0,1.0,,,34.499,54.844,55.557,0 days 00:32:00.685000,0 days 00:32:55.529000,0 days 00:33:51.086000,236.0,201.0,247.0,269.0,False,MEDIUM,9.0,True,Alpine,0 days 00:31:26.186000,2022-09-30 10:16:26.333,1,,False,,False,True,144.9,144.9
151,0 days 00:35:36.422000,ALO,14,0 days 00:01:45.336000,10.0,1.0,,,28.583,40.821,35.932,0 days 00:34:19.669000,0 days 00:35:00.490000,0 days 00:35:36.422000,303.0,269.0,251.0,290.0,True,MEDIUM,10.0,True,Alpine,0 days 00:33:51.086000,2022-09-30 10:18:51.233,1,,False,,False,True,105.336,105.336
152,0 days 00:37:49.052000,ALO,14,0 days 00:02:12.630000,11.0,1.0,,0 days 00:37:41.300000,34.77,47.79,50.07,0 days 00:36:11.192000,0 days 00:36:58.982000,0 days 00:37:49.052000,199.0,202.0,,262.0,False,MEDIUM,11.0,True,Alpine,0 days 00:35:36.422000,2022-09-30 10:20:36.569,1,,False,,False,False,132.63,132.63
153,0 days 00:18:57.724000,LEC,16,,1.0,1.0,0 days 00:16:20.792000,0 days 00:18:49.788000,,59.369,55.479,,0 days 00:18:02.352000,0 days 00:18:57.724000,138.0,179.0,,,False,HARD,1.0,True,Ferrari,0 days 00:16:20.792000,2022-09-30 10:01:20.939,1,,False,,False,False,,
154,0 days 00:39:35.611000,LEC,16,,2.0,2.0,0 days 00:37:35.978000,,,46.138,39.155,,0 days 00:38:56.657000,0 days 00:39:35.677000,269.0,248.0,239.0,,False,HARD,2.0,False,Ferrari,0 days 00:18:57.724000,2022-09-30 10:03:57.871,12,,False,,False,False,,
155,0 days 00:41:23.234000,LEC,16,0 days 00:01:47.623000,3.0,2.0,,,29.784,41.679,36.16,0 days 00:40:05.395000,0 days 00:40:47.074000,0 days 00:41:23.234000,281.0,258.0,245.0,272.0,True,HARD,3.0,False,Ferrari,0 days 00:39:35.611000,2022-09-30 10:24:35.758,1,,False,,False,True,107.623,107.62299999999999
156,0 days 00:43:10.051000,LEC,16,0 days 00:01:46.817000,4.0,2.0,,,29.353,41.36,36.104,0 days 00:41:52.587000,0 days 00:42:33.947000,0 days 00:43:10.051000,277.0,253.0,246.0,270.0,True,HARD,4.0,False,Ferrari,0 days 00:41:23.234000,2022-09-30 10:26:23.381,1,,False,,False,True,106.817,106.817
157,0 days 00:45:53.762000,LEC,16,,5.0,2.0,,,47.042,65.625,51.062,0 days 00:43:57.291000,0 days 00:45:02.891000,0 days 00:45:53.880000,133.0,122.0,243.0,230.0,False,HARD,5.0,False,Ferrari,0 days 00:43:10.051000,2022-09-30 10:28:10.198,1,,False,,False,False,,163.72899999999998
158,0 days 00:48:00.928000,LEC,16,0 days 00:02:07.166000,6.0,2.0,,,32.088,48.228,46.85,0 days 00:46:25.850000,0 days 00:47:14.078000,0 days 00:48:00.928000,264.0,200.0,243.0,284.0,False,HARD,6.0,False,Ferrari,0 days 00:45:53.762000,2022-09-30 10:30:53.909,1,,False,,False,True,127.166,127.166
159,0 days 00:49:47.256000,LEC,16,0 days 00:01:46.328000,7.0,2.0,,,28.823,41.677,35.828,0 days 00:48:29.751000,0 days 00:49:11.428000,0 days 00:49:47.256000,297.0,267.0,248.0,285.0,True,HARD,7.0,False,Ferrari,0 days 00:48:00.928000,2022-09-30 10:33:01.075,1,,False,,False,True,106.328,106.328
160,0 days 00:51:33.730000,LEC,16,0 days 00:01:46.474000,8.0,2.0,,,29.089,41.204,36.181,0 days 00:50:16.345000,0 days 00:50:57.549000,0 days 00:51:33.730000,293.0,264.0,249.0,281.0,False,HARD,8.0,False,Ferrari,0 days 00:49:47.256000,2022-09-30 10:34:47.403,1,,False,,False,True,106.474,106.474
161,0 days 00:53:29.997000,LEC,16,0 days 00:01:56.267000,9.0,2.0,,0 days 00:53:22.254000,29.241,41.639,45.387,0 days 00:52:02.971000,0 days 00:52:44.610000,0 days 00:53:29.997000,294.0,263.0,,282.0,False,HARD,9.0,False,Ferrari,0 days 00:51:33.730000,2022-09-30 10:36:33.877,1,,False,,False,False,116.267,116.267
162,0 days 01:04:47.584000,LEC,16,,10.0,3.0,0 days 01:02:39.786000,,,48.801,40.383,,0 days 01:04:07.359000,0 days 01:04:47.694000,269.0,243.0,247.0,282.0,False,SOFT,1.0,True,Ferrari,0 days 01:02:39.786000,2022-09-30 10:47:39.933,1,,False,,False,False,,
163,0 days 01:06:31.019000,LEC,16,0 days 00:01:43.435000,11.0,3.0,,,28.212,39.748,35.475,0 days 01:05:15.796000,0 days 01:05:55.544000,0 days 01:06:31.019000,301.0,271.0,252.0,289.0,True,SOFT,2.0,True,Ferrari,0 days 01:04:47.584000,2022-09-30 10:49:47.731,1,,False,,False,True,103.435,103.435
164,0 days 01:09:16.162000,LEC,16,,12.0,3.0,,,49.198,66.263,49.602,0 days 01:07:20.420000,0 days 01:08:26.638000,0 days 01:09:16.162000,114.0,93.0,248.0,199.0,False,SOFT,3.0,True,Ferrari,0 days 01:06:31.019000,2022-09-30 10:51:31.166,1,,False,,False,False,,165.06300000000002
165,0 days 01:11:00.066000,LEC,16,0 days 00:01:43.904000,13.0,3.0,,,28.633,40.023,35.248,0 days 01:09:44.795000,0 days 01:10:24.818000,0 days 01:11:00.066000,301.0,271.0,251.0,289.0,False,SOFT,4.0,True,Ferrari,0 days 01:09:16.162000,2022-09-30 10:54:16.309,12,,False,,False,True,103.904,103.904
166,0 days 01:13:42.619000,LEC,16,,14.0,3.0,,,39.727,60.358,62.487,0 days 01:11:39.910000,0 days 01:12:40.222000,0 days 01:13:42.619000,155.0,131.0,245.0,234.0,False,SOFT,5.0,True,Ferrari,0 days 01:11:00.066000,2022-09-30 10:56:00.213,1,,False,,False,False,,162.572
167,0 days 01:15:27.991000,LEC,16,0 days 00:01:45.372000,15.0,3.0,,,28.548,40.037,36.787,0 days 01:14:11.167000,0 days 01:14:51.204000,0 days 01:15:27.991000,301.0,271.0,224.0,288.0,False,SOFT,6.0,True,Ferrari,0 days 01:13:42.619000,2022-09-30 10:58:42.766,1,,False,,False,True,105.372,105.37199999999999
168,0 days 01:18:12.029000,LEC,16,,16.0,3.0,,,41.403,61.506,61.154,0 days 01:16:09.505000,0 days 01:17:10.980000,0 days 01:18:12.068000,150.0,141.0,47.0,196.0,False,SOFT,7.0,True,Ferrari,0 days 01:15:27.991000,2022-09-30 11:00:28.138,1,,False,,False,False,,164.063
169,0 days 01:20:40.336000,LEC,16,0 days 00:02:28.307000,17.0,3.0,,0 days 01:20:32.503000,52.323,50.202,45.782,0 days 01:19:04.352000,0 days 01:19:54.554000,0 days 01:20:40.336000,286.0,256.0,,187.0,False,SOFT,8.0,True,Ferrari,0 days 01:18:12.029000,2022-09-30 11:03:12.176,12,,False,,False,False,148.307,148.30700000000002
170,0 days 00:20:35.121000,STR,18,,1.0,1.0,0 days 00:18:34.846000,,,48.242,39.604,,0 days 00:19:55.687000,0 days 00:20:35.447000,263.0,248.0,242.0,,False,HARD,1.0,True,Aston Martin,0 days 00:18:34.846000,2022-09-30 10:03:34.993,1,,False,,False,False,,
171,0 days 00:22:25.340000,STR,18,0 days 00:01:50.219000,2.0,1.0,,,30.045,42.898,37.276,0 days 00:21:05.166000,0 days 00:21:48.064000,0 days 00:22:25.340000,284.0,261.0,247.0,277.0,True,HARD,2.0,True,Aston Martin,0 days 00:20:35.121000,2022-09-30 10:05:35.268,1,,False,,False,True,110.219,110.21900000000002
172,0 days 00:24:13.332000,STR,18,0 days 00:01:47.992000,3.0,1.0,,,29.194,42.067,36.731,0 days 00:22:54.534000,0 days 00:23:36.601000,0 days 00:24:13.332000,302.0,270.0,246.0,291.0,True,HARD,3.0,True,Aston Martin,0 days 00:22:25.340000,2022-09-30 10:07:25.487,1,,False,,False,True,107.992,107.99199999999999
173,0 days 00:26:36.608000,STR,18,0 days 00:02:23.276000,4.0,1.0,,,48.209,50.803,44.264,0 days 00:25:01.541000,0 days 00:25:52.344000,0 days 00:26:36.608000,124.0,259.0,246.0,248.0,False,HARD,4.0,True,Aston Martin,0 days 00:24:13.332000,2022-09-30 10:09:13.479,12,,False,,False,True,143.276,143.276
174,0 days 00:28:24.216000,STR,18,0 days 00:01:47.608000,5.0,1.0,,,29.134,41.825,36.649,0 days 00:27:05.742000,0 days 00:27:47.567000,0 days 00:28:24.216000,303.0,271.0,248.0,292.0,True,HARD,5.0,True,Aston Martin,0 days 00:26:36.608000,2022-09-30 10:11:36.755,1,,False,,False,True,107.608,107.608
175,0 days 00:31:02.149000,STR,18,,6.0,1.0,,,54.057,59.454,44.404,0 days 00:29:18.463000,0 days 00:30:17.900000,0 days 00:31:02.223000,191.0,247.0,244.0,221.0,False,HARD,6.0,True,Aston Martin,0 days 00:28:24.216000,2022-09-30 10:13:24.363,1,,False,,False,False,,157.915
176,0 days 00:32:48.903000,STR,18,0 days 00:01:46.754000,7.0,1.0,,,28.953,41.472,36.329,0 days 00:31:31.102000,0 days 00:32:12.574000,0 days 00:32:48.903000,302.0,270.0,248.0,289.0,True,HARD,7.0,True,Aston Martin,0 days 00:31:02.149000,2022-09-30 10:16:02.296,1,,False,,False,True,106.754,106.75399999999999
177,0 days 00:34:58.374000,STR,18,0 days 00:02:09.471000,8.0,1.0,,0 days 00:34:50.583000,33.802,46.336,49.333,0 days 00:33:22.705000,0 days 00:34:09.041000,0 days 00:34:58.374000,230.0,226.0,,231.0,False,HARD,8.0,True,Aston Martin,0 days 00:32:48.903000,2022-09-30 10:17:49.050,1,,False,,False,False,129.471,129.471
178,0 days 00:48:06.893000,STR,18,,9.0,2.0,0 days 00:45:52.784000,,,48.664,51.665,,0 days 00:47:15.423000,0 days 00:48:06.969000,224.0,243.0,245.0,231.0,False,MEDIUM,1.0,True,Aston Martin,0 days 00:34:58.374000,2022-09-30 10:19:58.521,1,,False,,False,False,,
179,0 days 00:49:52.114000,STR,18,0 days 00:01:45.221000,10.0,2.0,,,28.549,40.858,35.814,0 days 00:48:35.442000,0 days 00:49:16.300000,0 days 00:49:52.114000,304.0,273.0,241.0,291.0,True,MEDIUM,2.0,True,Aston Martin,0 days 00:48:06.893000,2022-09-30 10:33:07.040,1,,False,,False,True,105.221,105.221
180,0 days 00:52:50.768000,STR,18,,11.0,2.0,,,52.106,70.387,56.074,0 days 00:50:44.420000,0 days 00:51:54.787000,0 days 00:52:50.768000,187.0,98.0,245.0,228.0,False,MEDIUM,3.0,True,Aston Martin,0 days 00:49:52.114000,2022-09-30 10:34:52.261,1,,False,,False,False,,178.567
181,0 days 00:57:49.184000,STR,18,,12.0,2.0,,0 days 00:57:49.184000,54.192,,,0 days 00:53:45.096000,,,33.0,,,279.0,False,MEDIUM,4.0,True,Aston Martin,0 days 00:52:50.768000,2022-09-30 10:37:50.915,125,,False,,False,False,,
182,0 days 00:17:24.511000,MAG,20,,1.0,1.0,0 days 00:15:19.942000,,,49.962,42.097,,0 days 00:16:42.557000,0 days 00:17:24.581000,252.0,239.0,242.0,,False,HARD,1.0,True,Haas F1 Team,0 days 00:15:19.942000,2022-09-30 10:00:20.089,1,,False,,False,False,,
183,0 days 00:19:15.585000,MAG,20,0 days 00:01:51.074000,2.0,1.0,,,29.658,43.18,38.236,0 days 00:17:54.169000,0 days 00:18:37.349000,0 days 00:19:15.585000,302.0,269.0,243.0,288.0,True,HARD,2.0,True,Haas F1 Team,0 days 00:17:24.511000,2022-09-30 10:02:24.658,1,,False,,False,True,111.074,111.07399999999998
184,0 days 00:21:05.747000,MAG,20,0 days 00:01:50.162000,3.0,1.0,,,29.583,42.803,37.776,0 days 00:19:45.168000,0 days 00:20:27.971000,0 days 00:21:05.747000,299.0,267.0,237.0,285.0,True,HARD,3.0,True,Haas F1 Team,0 days 00:19:15.585000,2022-09-30 10:04:15.732,1,,False,,False,True,110.162,110.162
185,0 days 00:23:09.805000,MAG,20,0 days 00:02:04.058000,4.0,1.0,,,31.149,48.311,44.598,0 days 00:21:36.896000,0 days 00:22:25.207000,0 days 00:23:09.805000,280.0,251.0,243.0,285.0,False,HARD,4.0,True,Haas F1 Team,0 days 00:21:05.747000,2022-09-30 10:06:05.894,1,,False,,False,True,124.058,124.058
186,0 days 00:24:59.409000,MAG,20,0 days 00:01:49.604000,5.0,1.0,,,29.326,43.191,37.087,0 days 00:23:39.131000,0 days 00:24:22.322000,0 days 00:24:59.409000,302.0,269.0,246.0,290.0,True,HARD,5.0,True,Haas F1 Team,0 days 00:23:09.805000,2022-09-30 10:08:09.952,1,,False,,False,True,109.604,109.604
187,0 days 00:26:48.946000,MAG,20,0 days 00:01:49.537000,6.0,1.0,,,29.594,42.31,37.633,0 days 00:25:29.003000,0 days 00:26:11.313000,0 days 00:26:48.946000,294.0,265.0,243.0,284.0,True,HARD,6.0,True,Haas F1 Team,0 days 00:24:59.409000,2022-09-30 10:09:59.556,12,,False,,False,True,109.537,109.537
188,0 days 00:28:42.108000,MAG,20,0 days 00:01:53.162000,7.0,1.0,,,29.668,44.314,39.18,0 days 00:27:18.614000,0 days 00:28:02.928000,0 days 00:28:42.108000,297.0,255.0,242.0,285.0,False,HARD,7.0,True,Haas F1 Team,0 days 00:26:48.946000,2022-09-30 10:11:49.093,1,,False,,False,True,113.162,113.162
189,0 days 00:30:32.914000,MAG,20,0 days 00:01:50.806000,8.0,1.0,,,30.069,43.113,37.624,0 days 00:29:12.177000,0 days 00:29:55.290000,0 days 00:30:32.914000,282.0,258.0,236.0,274.0,False,HARD,8.0,True,Haas F1 Team,0 days 00:28:42.108000,2022-09-30 10:13:42.255,1,,False,,False,True,110.806,110.80600000000001
190,0 days 00:32:36.098000,MAG,20,0 days 00:02:03.184000,9.0,1.0,,0 days 00:32:28.078000,31.38,44.135,47.669,0 days 00:31:04.294000,0 days 00:31:48.429000,0 days 00:32:36.098000,288.0,259.0,,271.0,False,HARD,9.0,True,Haas F1 Team,0 days 00:30:32.914000,2022-09-30 10:15:33.061,1,,False,,False,False,123.184,123.184
191,0 days 00:48:18.695000,MAG,20,,10.0,2.0,0 days 00:45:58.526000,,,53.118,39.368,,0 days 00:47:39.500000,0 days 00:48:18.740000,266.0,244.0,248.0,271.0,False,SOFT,1.0,True,Haas F1 Team,0 days 00:32:36.098000,2022-09-30 10:17:36.245,1,,False,,False,False,,
192,0 days 00:50:04.723000,MAG,20,0 days 00:01:46.028000,11.0,2.0,,,28.623,41.123,36.282,0 days 00:48:47.318000,0 days 00:49:28.441000,0 days 00:50:04.723000,308.0,275.0,247.0,294.0,True,SOFT,2.0,True,Haas F1 Team,0 days 00:48:18.695000,2022-09-30 10:33:18.842,1,,False,,False,True,106.028,106.02799999999999
193,0 days 00:52:44.511000,MAG,20,,12.0,2.0,,,36.055,62.816,60.852,0 days 00:50:40.992000,0 days 00:51:43.747000,0 days 00:52:44.511000,266.0,166.0,246.0,277.0,False,SOFT,3.0,True,Haas F1 Team,0 days 00:50:04.723000,2022-09-30 10:35:04.870,1,,False,,False,False,,159.723
194,0 days 01:03:16.222000,MAG,20,,13.0,2.0,,0 days 00:54:59.451000,28.644,52.585,,0 days 00:53:13.267000,0 days 00:54:05.808000,,307.0,181.0,,292.0,False,SOFT,4.0,True,Haas F1 Team,0 days 00:52:44.511000,2022-09-30 10:37:44.658,125,,False,,False,False,,
195,0 days 01:05:23.788000,MAG,20,,14.0,3.0,0 days 01:03:16.222000,,,43.572,43.54,,0 days 01:04:40.355000,0 days 01:05:23.788000,276.0,253.0,240.0,292.0,False,SOFT,4.0,False,Haas F1 Team,0 days 01:03:16.222000,2022-09-30 10:48:16.369,1,,False,,False,False,,
196,0 days 01:07:13.017000,MAG,20,0 days 00:01:49.229000,15.0,3.0,,,29.943,42.215,37.071,0 days 01:05:53.731000,0 days 01:06:35.946000,0 days 01:07:13.017000,281.0,257.0,241.0,274.0,False,SOFT,5.0,False,Haas F1 Team,0 days 01:05:23.788000,2022-09-30 10:50:23.935,1,,False,,False,True,109.229,109.229
197,0 days 01:09:02.719000,MAG,20,0 days 00:01:49.702000,16.0,3.0,,,29.996,42.492,37.214,0 days 01:07:43.013000,0 days 01:08:25.505000,0 days 01:09:02.719000,279.0,255.0,242.0,271.0,False,SOFT,6.0,False,Haas F1 Team,0 days 01:07:13.017000,2022-09-30 10:52:13.164,1,,False,,False,True,109.702,109.702
198,0 days 01:10:52.646000,MAG,20,0 days 00:01:49.927000,17.0,3.0,,,30.018,42.361,37.548,0 days 01:09:32.737000,0 days 01:10:15.098000,0 days 01:10:52.646000,279.0,255.0,242.0,270.0,False,SOFT,7.0,False,Haas F1 Team,0 days 01:09:02.719000,2022-09-30 10:54:02.866,12,,False,,False,True,109.927,109.92699999999999
199,0 days 01:12:45.885000,MAG,20,0 days 00:01:53.239000,18.0,3.0,,,30.461,43.027,39.751,0 days 01:11:23.107000,0 days 01:12:06.134000,0 days 01:12:45.885000,283.0,257.0,242.0,275.0,False,SOFT,8.0,False,Haas F1 Team,0 days 01:10:52.646000,2022-09-30 10:55:52.793,1,,False,,False,True,113.239,113.239
200,0 days 01:14:36.273000,MAG,20,0 days 00:01:50.388000,19.0,3.0,,,30.252,42.79,37.346,0 days 01:13:16.137000,0 days 01:13:58.927000,0 days 01:14:36.273000,281.0,256.0,241.0,274.0,False,SOFT,9.0,False,Haas F1 Team,0 days 01:12:45.885000,2022-09-30 10:57:46.032,1,,False,,False,True,110.388,110.388
201,0 days 01:16:27.954000,MAG,20,0 days 00:01:51.681000,20.0,3.0,,,30.534,43.674,37.473,0 days 01:15:06.807000,0 days 01:15:50.481000,0 days 01:16:27.954000,280.0,255.0,242.0,272.0,False,SOFT,10.0,False,Haas F1 Team,0 days 01:14:36.273000,2022-09-30 10:59:36.420,1,,False,,False,True,111.681,111.681
202,0 days 01:18:47.962000,MAG,20,0 days 00:02:20.008000,21.0,3.0,,,33.931,53.045,53.032,0 days 01:17:01.885000,0 days 01:17:54.930000,0 days 01:18:47.962000,196.0,171.0,58.0,273.0,False,SOFT,11.0,False,Haas F1 Team,0 days 01:16:27.954000,2022-09-30 11:01:28.101,12,,False,,False,True,140.008,140.00799999999998
203,0 days 01:21:24.647000,MAG,20,,22.0,3.0,,0 days 01:21:16.477000,54.679,49.705,52.236,0 days 01:19:42.772000,0 days 01:20:32.462000,0 days 01:21:24.647000,285.0,198.0,,218.0,False,SOFT,12.0,False,Haas F1 Team,0 days 01:18:47.962000,2022-09-30 11:03:48.109,12,,False,,False,False,,156.62
204,0 days 00:18:14.314000,TSU,22,,1.0,1.0,0 days 00:15:51.493000,,,51.411,53.679,,0 days 00:17:20.927000,0 days 00:18:14.425000,283.0,255.0,236.0,,False,HARD,1.0,True,AlphaTauri,0 days 00:15:51.493000,2022-09-30 10:00:51.640,1,,False,,False,False,,
205,0 days 00:20:08.120000,TSU,22,0 days 00:01:53.806000,2.0,1.0,,,30.316,44.167,39.323,0 days 00:18:44.630000,0 days 00:19:28.797000,0 days 00:20:08.120000,304.0,269.0,242.0,288.0,True,HARD,2.0,True,AlphaTauri,0 days 00:18:14.314000,2022-09-30 10:03:14.461,1,,False,,False,True,113.806,113.80600000000001
206,0 days 00:21:58.829000,TSU,22,0 days 00:01:50.709000,3.0,1.0,,,29.767,43.054,37.888,0 days 00:20:37.887000,0 days 00:21:20.941000,0 days 00:21:58.829000,307.0,266.0,244.0,292.0,True,HARD,3.0,True,AlphaTauri,0 days 00:20:08.120000,2022-09-30 10:05:08.267,1,,False,,False,True,110.709,110.709
207,0 days 00:24:23.738000,TSU,22,0 days 00:02:24.909000,4.0,1.0,,,38.476,57.059,49.374,0 days 00:22:37.305000,0 days 00:23:34.364000,0 days 00:24:23.738000,274.0,140.0,246.0,275.0,False,HARD,4.0,True,AlphaTauri,0 days 00:21:58.829000,2022-09-30 10:06:58.976,1,,False,,False,True,144.909,144.909
208,0 days 00:26:13.017000,TSU,22,0 days 00:01:49.279000,5.0,1.0,,,29.353,42.317,37.609,0 days 00:24:53.091000,0 days 00:25:35.408000,0 days 00:26:13.017000,306.0,273.0,237.0,293.0,True,HARD,5.0,True,AlphaTauri,0 days 00:24:23.738000,2022-09-30 10:09:23.885,12,,False,,False,True,109.279,109.279
209,0 days 00:28:37.403000,TSU,22,0 days 00:02:24.386000,6.0,1.0,,,37.497,52.228,54.661,0 days 00:26:50.514000,0 days 00:27:42.742000,0 days 00:28:37.403000,275.0,240.0,247.0,272.0,False,HARD,6.0,True,AlphaTauri,0 days 00:26:13.017000,2022-09-30 10:11:13.164,21,,False,,False,True,144.386,144.386
210,0 days 00:30:25.806000,TSU,22,0 days 00:01:48.403000,7.0,1.0,,,29.187,42.126,37.09,0 days 00:29:06.590000,0 days 00:29:48.716000,0 days 00:30:25.806000,307.0,272.0,248.0,294.0,True,HARD,7.0,True,AlphaTauri,0 days 00:28:37.403000,2022-09-30 10:13:37.550,1,,False,,False,True,108.403,108.403
211,0 days 00:32:44.099000,TSU,22,0 days 00:02:18.293000,8.0,1.0,,,37.062,57.461,43.77,0 days 00:31:02.868000,0 days 00:32:00.329000,0 days 00:32:44.099000,156.0,241.0,250.0,262.0,False,HARD,8.0,True,AlphaTauri,0 days 00:30:25.806000,2022-09-30 10:15:25.953,1,,False,,False,True,138.293,138.293
212,0 days 00:34:47.033000,TSU,22,0 days 00:02:02.934000,9.0,1.0,,,29.013,51.997,41.924,0 days 00:33:13.112000,0 days 00:34:05.109000,0 days 00:34:47.033000,306.0,238.0,250.0,294.0,False,HARD,9.0,True,AlphaTauri,0 days 00:32:44.099000,2022-09-30 10:17:44.246,1,,False,,False,True,122.934,122.934
213,0 days 00:36:34.506000,TSU,22,0 days 00:01:47.473000,10.0,1.0,,,29.07,41.762,36.641,0 days 00:35:16.103000,0 days 00:35:57.865000,0 days 00:36:34.506000,306.0,272.0,247.0,295.0,True,HARD,10.0,True,AlphaTauri,0 days 00:34:47.033000,2022-09-30 10:19:47.180,1,,False,,False,True,107.473,107.47299999999998
214,0 days 00:38:52.961000,TSU,22,0 days 00:02:18.455000,11.0,1.0,,0 days 00:38:45.192000,39.105,48.437,50.913,0 days 00:37:13.611000,0 days 00:38:02.048000,0 days 00:38:52.961000,265.0,241.0,,269.0,False,HARD,11.0,True,AlphaTauri,0 days 00:36:34.506000,2022-09-30 10:21:34.653,1,,False,,False,False,138.455,138.45499999999998
215,0 days 00:48:26.424000,TSU,22,,12.0,2.0,0 days 00:46:18.058000,,,47.357,40.559,,0 days 00:47:46.027000,0 days 00:48:26.463000,278.0,250.0,251.0,269.0,False,SOFT,1.0,True,AlphaTauri,0 days 00:38:52.961000,2022-09-30 10:23:53.108,1,,False,,False,False,,
216,0 days 00:50:40.607000,TSU,22,0 days 00:02:14.183000,13.0,2.0,,,30.38,57.173,46.63,0 days 00:48:56.804000,0 days 00:49:53.977000,0 days 00:50:40.607000,259.0,223.0,250.0,295.0,False,SOFT,2.0,True,AlphaTauri,0 days 00:48:26.424000,2022-09-30 10:33:26.571,1,,False,,False,True,134.183,134.183
217,0 days 00:52:26.688000,TSU,22,0 days 00:01:46.081000,14.0,2.0,,,28.687,41.235,36.159,0 days 00:51:09.294000,0 days 00:51:50.529000,0 days 00:52:26.688000,306.0,272.0,248.0,294.0,True,SOFT,3.0,True,AlphaTauri,0 days 00:50:40.607000,2022-09-30 10:35:40.754,1,,False,,False,True,106.081,106.08099999999999
218,0 days 00:59:43.525000,TSU,22,,15.0,2.0,,0 days 00:54:57.579000,39.771,57.659,,0 days 00:53:06.615000,0 days 00:54:04.268000,,267.0,232.0,,278.0,False,SOFT,4.0,True,AlphaTauri,0 days 00:52:26.688000,2022-09-30 10:37:26.835,125,,False,,False,False,,
219,0 days 01:01:42.754000,TSU,22,,16.0,3.0,0 days 00:59:43.525000,,,46.968,39.809,,0 days 01:01:03.070000,0 days 01:01:42.766000,282.0,249.0,251.0,278.0,False,SOFT,4.0,False,AlphaTauri,0 days 00:59:43.525000,2022-09-30 10:44:43.672,1,,False,,False,False,,
220,0 days 01:03:29.063000,TSU,22,0 days 00:01:46.309000,17.0,3.0,,,28.704,41.266,36.339,0 days 01:02:11.458000,0 days 01:02:52.724000,0 days 01:03:29.063000,304.0,269.0,239.0,293.0,False,SOFT,5.0,False,AlphaTauri,0 days 01:01:42.754000,2022-09-30 10:46:42.901,1,,False,,False,True,106.309,106.309
221,0 days 01:05:37.850000,TSU,22,0 days 00:02:08.787000,18.0,3.0,,,35.421,54.728,38.638,0 days 01:04:04.484000,0 days 01:04:59.212000,0 days 01:05:37.850000,255.0,237.0,247.0,212.0,False,SOFT,6.0,False,AlphaTauri,0 days 01:03:29.063000,2022-09-30 10:48:29.210,1,,False,,False,True,128.787,128.787
222,0 days 01:07:28.377000,TSU,22,0 days 00:01:50.527000,19.0,3.0,,,29.786,43.307,37.434,0 days 01:06:07.636000,0 days 01:06:50.943000,0 days 01:07:28.377000,289.0,261.0,246.0,285.0,False,SOFT,7.0,False,AlphaTauri,0 days 01:05:37.850000,2022-09-30 10:50:37.997,1,,False,,False,True,110.527,110.527
223,0 days 01:09:18.317000,TSU,22,0 days 00:01:49.940000,20.0,3.0,,,29.92,42.615,37.405,0 days 01:07:58.297000,0 days 01:08:40.912000,0 days 01:09:18.317000,287.0,256.0,246.0,279.0,False,SOFT,8.0,False,AlphaTauri,0 days 01:07:28.377000,2022-09-30 10:52:28.524,1,,False,,False,True,109.94,109.94
224,0 days 01:11:08.071000,TSU,22,0 days 00:01:49.754000,21.0,3.0,,,29.904,42.578,37.272,0 days 01:09:48.221000,0 days 01:10:30.799000,0 days 01:11:08.071000,289.0,256.0,247.0,278.0,False,SOFT,9.0,False,AlphaTauri,0 days 01:09:18.317000,2022-09-30 10:54:18.464,12,,False,,False,True,109.754,109.75399999999999
225,0 days 01:12:57.665000,TSU,22,0 days 00:01:49.594000,22.0,3.0,,,29.779,42.621,37.194,0 days 01:11:37.850000,0 days 01:12:20.471000,0 days 01:12:57.665000,284.0,255.0,244.0,276.0,False,SOFT,10.0,False,AlphaTauri,0 days 01:11:08.071000,2022-09-30 10:56:08.218,1,,False,,False,True,109.594,109.59400000000001
226,0 days 01:14:47.259000,TSU,22,0 days 00:01:49.594000,23.0,3.0,,,29.786,42.56,37.248,0 days 01:13:27.451000,0 days 01:14:10.011000,0 days 01:14:47.259000,289.0,258.0,246.0,278.0,False,SOFT,11.0,False,AlphaTauri,0 days 01:12:57.665000,2022-09-30 10:57:57.812,1,,False,,False,True,109.594,109.594
227,0 days 01:16:38.180000,TSU,22,0 days 00:01:50.921000,24.0,3.0,,,29.993,43.292,37.636,0 days 01:15:17.252000,0 days 01:16:00.544000,0 days 01:16:38.180000,292.0,260.0,245.0,283.0,False,SOFT,12.0,False,AlphaTauri,0 days 01:14:47.259000,2022-09-30 10:59:47.406,1,,False,,False,True,110.921,110.92099999999999
228,0 days 01:19:04.505000,TSU,22,0 days 00:02:26.325000,25.0,3.0,,,39.104,51.071,56.15,0 days 01:17:17.284000,0 days 01:18:08.355000,0 days 01:19:04.505000,206.0,240.0,84.0,170.0,False,SOFT,13.0,False,AlphaTauri,0 days 01:16:38.180000,2022-09-30 11:01:38.327,12,,False,,False,True,146.325,146.325
229,0 days 01:21:47.661000,TSU,22,,26.0,3.0,,0 days 01:21:39.698000,59.462,51.301,52.297,0 days 01:20:04.121000,0 days 01:20:55.374000,0 days 01:21:47.661000,220.0,221.0,,195.0,False,SOFT,14.0,False,AlphaTauri,0 days 01:19:04.505000,2022-09-30 11:04:04.652,12,,False,,False,False,,163.06
230,0 days 00:21:34.820000,ALB,23,,1.0,1.0,0 days 00:19:27.741000,,,47.697,45.559,,0 days 00:20:49.418000,0 days 00:21:34.930000,254.0,238.0,242.0,,False,MEDIUM,1.0,True,Williams,0 days 00:19:27.741000,2022-09-30 10:04:27.888,1,,False,,False,False,,
231,0 days 00:23:25.597000,ALB,23,0 days 00:01:50.777000,2.0,1.0,,,29.818,42.851,38.108,0 days 00:22:04.638000,0 days 00:22:47.489000,0 days 00:23:25.597000,306.0,272.0,246.0,293.0,True,MEDIUM,2.0,True,Williams,0 days 00:21:34.820000,2022-09-30 10:06:34.967,1,,False,,False,True,110.777,110.77699999999999
232,0 days 00:25:39.936000,ALB,23,0 days 00:02:14.339000,3.0,1.0,,,29.655,56.122,48.562,0 days 00:23:55.252000,0 days 00:24:51.374000,0 days 00:25:39.936000,281.0,241.0,244.0,296.0,False,MEDIUM,3.0,True,Williams,0 days 00:23:25.597000,2022-09-30 10:08:25.744,1,,False,,False,True,134.339,134.339
233,0 days 00:27:28.489000,ALB,23,0 days 00:01:48.553000,4.0,1.0,,,29.241,42.193,37.119,0 days 00:26:09.177000,0 days 00:26:51.370000,0 days 00:27:28.489000,305.0,274.0,249.0,293.0,True,MEDIUM,4.0,True,Williams,0 days 00:25:39.936000,2022-09-30 10:10:40.083,12,,False,,False,True,108.553,108.553
234,0 days 00:29:43.097000,ALB,23,0 days 00:02:14.608000,5.0,1.0,,,29.004,54.955,50.649,0 days 00:27:57.493000,0 days 00:28:52.448000,0 days 00:29:43.097000,305.0,146.0,219.0,294.0,False,MEDIUM,5.0,True,Williams,0 days 00:27:28.489000,2022-09-30 10:12:28.636,1,,False,,False,True,134.608,134.608
235,0 days 00:32:03.280000,ALB,23,0 days 00:02:20.183000,6.0,1.0,,,36.478,59.316,44.389,0 days 00:30:19.575000,0 days 00:31:18.891000,0 days 00:32:03.280000,153.0,241.0,248.0,260.0,False,MEDIUM,6.0,True,Williams,0 days 00:29:43.097000,2022-09-30 10:14:43.244,1,,False,,False,True,140.183,140.18300000000002
236,0 days 00:34:05.118000,ALB,23,0 days 00:02:01.838000,7.0,1.0,,0 days 00:33:57.359000,28.993,41.736,51.109,0 days 00:32:32.273000,0 days 00:33:14.009000,0 days 00:34:05.118000,309.0,272.0,,295.0,False,MEDIUM,7.0,True,Williams,0 days 00:32:03.280000,2022-09-30 10:17:03.427,1,,False,,False,False,121.838,121.838
237,0 days 00:43:58.277000,ALB,23,,8.0,2.0,0 days 00:41:55.803000,,,47.251,42.863,,0 days 00:43:15.609000,0 days 00:43:58.370000,303.0,250.0,249.0,295.0,False,SOFT,1.0,True,Williams,0 days 00:34:05.118000,2022-09-30 10:19:05.265,1,,False,,False,False,,
238,0 days 00:45:44.396000,ALB,23,0 days 00:01:46.119000,9.0,2.0,,,28.525,41.168,36.426,0 days 00:44:26.802000,0 days 00:45:07.970000,0 days 00:45:44.396000,309.0,274.0,243.0,295.0,True,SOFT,2.0,True,Williams,0 days 00:43:58.277000,2022-09-30 10:28:58.424,1,,False,,False,True,106.119,106.119
239,0 days 00:48:13.571000,ALB,23,0 days 00:02:29.175000,10.0,2.0,,,35.803,56.355,57.017,0 days 00:46:20.199000,0 days 00:47:16.554000,0 days 00:48:13.571000,260.0,233.0,247.0,262.0,False,SOFT,3.0,True,Williams,0 days 00:45:44.396000,2022-09-30 10:30:44.543,1,,False,,False,True,149.175,149.17499999999998
240,0 days 00:50:17.866000,ALB,23,0 days 00:02:04.295000,11.0,2.0,,,28.672,48.593,47.03,0 days 00:48:42.243000,0 days 00:49:30.836000,0 days 00:50:17.866000,309.0,181.0,228.0,295.0,False,SOFT,4.0,True,Williams,0 days 00:48:13.571000,2022-09-30 10:33:13.718,1,,False,,False,True,124.295,124.295
241,0 days 00:52:56.496000,ALB,23,,12.0,2.0,,,37.634,62.398,58.488,0 days 00:50:55.700000,0 days 00:51:58.092000,0 days 00:52:56.496000,251.0,204.0,247.0,247.0,False,SOFT,5.0,True,Williams,0 days 00:50:17.866000,2022-09-30 10:35:18.013,1,,False,,False,False,,158.52
242,0 days 01:02:04.225000,ALB,23,,13.0,2.0,,0 days 00:54:46.250000,28.727,41.587,,0 days 00:53:25.303000,0 days 00:54:06.922000,,306.0,274.0,,294.0,False,SOFT,6.0,True,Williams,0 days 00:52:56.496000,2022-09-30 10:37:56.643,125,,False,,False,False,,
243,0 days 01:04:34.676000,ALB,23,,14.0,3.0,0 days 01:02:04.225000,0 days 01:04:26.728000,,45.037,48.542,,0 days 01:03:46.134000,0 days 01:04:34.841000,272.0,257.0,,294.0,False,SOFT,6.0,False,Williams,0 days 01:02:04.225000,2022-09-30 10:47:04.372,1,,False,,False,False,,
244,0 days 01:09:26.671000,ALB,23,,15.0,4.0,0 days 01:07:24.455000,,,45.541,41.883,,0 days 01:08:44.910000,0 days 01:09:26.685000,232.0,253.0,226.0,294.0,False,SOFT,7.0,False,Williams,0 days 01:04:34.676000,2022-09-30 10:49:34.823,1,,False,,False,False,,
245,0 days 01:11:18.593000,ALB,23,0 days 00:01:51.922000,16.0,4.0,,,30.433,43.203,38.286,0 days 01:09:57.104000,0 days 01:10:40.307000,0 days 01:11:18.593000,277.0,255.0,228.0,260.0,False,SOFT,8.0,False,Williams,0 days 01:09:26.671000,2022-09-30 10:54:26.818,12,,False,,False,True,111.922,111.922
246,0 days 01:13:09.989000,ALB,23,0 days 00:01:51.396000,17.0,4.0,,,30.333,43.064,37.999,0 days 01:11:48.926000,0 days 01:12:31.990000,0 days 01:13:09.989000,279.0,255.0,241.0,262.0,False,SOFT,9.0,False,Williams,0 days 01:11:18.593000,2022-09-30 10:56:18.740,1,,False,,False,True,111.396,111.39599999999999
247,0 days 01:15:01.559000,ALB,23,0 days 00:01:51.570000,18.0,4.0,,,30.136,43.383,38.051,0 days 01:13:40.125000,0 days 01:14:23.508000,0 days 01:15:01.559000,288.0,261.0,241.0,280.0,False,SOFT,10.0,False,Williams,0 days 01:13:09.989000,2022-09-30 10:58:10.136,1,,False,,False,True,111.57,111.57000000000001
248,0 days 01:17:09.576000,ALB,23,0 days 00:02:08.017000,19.0,4.0,,,30.287,43.595,54.135,0 days 01:15:31.846000,0 days 01:16:15.441000,0 days 01:17:09.576000,287.0,261.0,51.0,281.0,False,SOFT,11.0,False,Williams,0 days 01:15:01.559000,2022-09-30 11:00:01.706,1,,False,,False,True,128.017,128.017
249,0 days 01:19:51.848000,ALB,23,,20.0,4.0,,0 days 01:19:43.856000,63.036,48.29,50.852,0 days 01:18:12.769000,0 days 01:19:01.014000,0 days 01:19:51.848000,264.0,249.0,,178.0,False,SOFT,12.0,False,Williams,0 days 01:17:09.576000,2022-09-30 11:02:09.723,12,,False,,False,False,,162.178
250,0 days 00:17:20.990000,ZHO,24,,1.0,1.0,0 days 00:15:10.914000,,,51.904,43.324,,0 days 00:16:37.827000,0 days 00:17:21.054000,219.0,245.0,236.0,,False,MEDIUM,1.0,True,Alfa Romeo,0 days 00:15:10.914000,2022-09-30 10:00:11.061,1,,False,,False,False,,
251,0 days 00:19:12.734000,ZHO,24,0 days 00:01:51.744000,2.0,1.0,,,30.349,43.474,37.921,0 days 00:17:51.339000,0 days 00:18:34.813000,0 days 00:19:12.734000,297.0,267.0,242.0,283.0,True,MEDIUM,2.0,True,Alfa Romeo,0 days 00:17:20.990000,2022-09-30 10:02:21.137,1,,False,,False,True,111.744,111.744
252,0 days 00:21:02.741000,ZHO,24,0 days 00:01:50.007000,3.0,1.0,,,29.651,42.752,37.604,0 days 00:19:42.385000,0 days 00:20:25.137000,0 days 00:21:02.741000,293.0,263.0,242.0,280.0,True,MEDIUM,3.0,True,Alfa Romeo,0 days 00:19:12.734000,2022-09-30 10:04:12.881,1,,False,,False,True,110.007,110.007
253,0 days 00:23:18.643000,ZHO,24,0 days 00:02:15.902000,4.0,1.0,,,41.231,50.402,44.269,0 days 00:21:43.972000,0 days 00:22:34.374000,0 days 00:23:18.643000,213.0,243.0,241.0,222.0,False,MEDIUM,4.0,True,Alfa Romeo,0 days 00:21:02.741000,2022-09-30 10:06:02.888,1,,False,,False,True,135.902,135.90200000000002
254,0 days 00:25:07.540000,ZHO,24,0 days 00:01:48.897000,5.0,1.0,,,29.411,42.414,37.072,0 days 00:23:48.054000,0 days 00:24:30.468000,0 days 00:25:07.540000,298.0,268.0,245.0,287.0,True,MEDIUM,5.0,True,Alfa Romeo,0 days 00:23:18.643000,2022-09-30 10:08:18.790,1,,False,,False,True,108.897,108.897
255,0 days 00:27:35.764000,ZHO,24,0 days 00:02:28.224000,6.0,1.0,,,42.832,59.284,46.108,0 days 00:25:50.372000,0 days 00:26:49.656000,0 days 00:27:35.764000,159.0,225.0,240.0,245.0,False,MEDIUM,6.0,True,Alfa Romeo,0 days 00:25:07.540000,2022-09-30 10:10:07.687,12,,False,,False,True,148.224,148.224
256,0 days 00:29:23.869000,ZHO,24,0 days 00:01:48.105000,7.0,1.0,,,29.44,41.974,36.691,0 days 00:28:05.204000,0 days 00:28:47.178000,0 days 00:29:23.869000,298.0,267.0,246.0,286.0,True,MEDIUM,7.0,True,Alfa Romeo,0 days 00:27:35.764000,2022-09-30 10:12:35.911,1,,False,,False,True,108.105,108.105
257,0 days 00:31:52.341000,ZHO,24,0 days 00:02:28.472000,8.0,1.0,,,43.36,55.896,49.216,0 days 00:30:07.229000,0 days 00:31:03.125000,0 days 00:31:52.341000,118.0,215.0,242.0,234.0,False,MEDIUM,8.0,True,Alfa Romeo,0 days 00:29:23.869000,2022-09-30 10:14:24.016,1,,False,,False,True,148.472,148.472
258,0 days 00:33:39.715000,ZHO,24,0 days 00:01:47.374000,9.0,1.0,,,29.353,41.763,36.258,0 days 00:32:21.694000,0 days 00:33:03.457000,0 days 00:33:39.715000,297.0,268.0,245.0,285.0,True,MEDIUM,9.0,True,Alfa Romeo,0 days 00:31:52.341000,2022-09-30 10:16:52.488,1,,False,,False,True,107.374,107.374
259,0 days 00:36:00.464000,ZHO,24,0 days 00:02:20.749000,10.0,1.0,,0 days 00:35:52.499000,33.525,52.051,55.173,0 days 00:34:13.240000,0 days 00:35:05.291000,0 days 00:36:00.464000,261.0,251.0,,230.0,False,MEDIUM,10.0,True,Alfa Romeo,0 days 00:33:39.715000,2022-09-30 10:18:39.862,1,,False,,False,False,140.749,140.749
260,0 days 00:38:48.148000,ZHO,24,,11.0,2.0,0 days 00:36:19.178000,0 days 00:38:40.170000,70.829,48.028,48.679,0 days 00:37:11.499000,0 days 00:37:59.502000,0 days 00:38:48.148000,248.0,249.0,,230.0,False,MEDIUM,11.0,False,Alfa Romeo,0 days 00:36:00.464000,2022-09-30 10:21:00.611,1,,False,,False,False,,167.536
261,0 days 00:48:33.240000,ZHO,24,,12.0,3.0,0 days 00:46:21.982000,,,50.574,43.448,,0 days 00:47:49.996000,0 days 00:48:33.352000,232.0,260.0,243.0,230.0,False,MEDIUM,1.0,True,Alfa Romeo,0 days 00:38:48.148000,2022-09-30 10:23:48.295,1,,False,,False,False,,
262,0 days 00:50:19.648000,ZHO,24,0 days 00:01:46.408000,13.0,3.0,,,28.857,41.453,36.098,0 days 00:49:02.097000,0 days 00:49:43.550000,0 days 00:50:19.648000,302.0,272.0,243.0,290.0,True,MEDIUM,2.0,True,Alfa Romeo,0 days 00:48:33.240000,2022-09-30 10:33:33.387,1,,False,,False,True,106.408,106.408
263,0 days 00:53:02.525000,ZHO,24,,14.0,3.0,,,43.032,61.455,58.206,0 days 00:51:02.881000,0 days 00:52:04.319000,0 days 00:53:02.632000,184.0,232.0,243.0,219.0,False,MEDIUM,3.0,True,Alfa Romeo,0 days 00:50:19.648000,2022-09-30 10:35:19.795,1,,False,,False,False,,162.69299999999998
264,0 days 01:00:50.754000,ZHO,24,,15.0,3.0,,0 days 00:54:54.047000,28.798,40.942,,0 days 00:53:31.339000,0 days 00:54:12.287000,,302.0,272.0,,289.0,False,MEDIUM,4.0,True,Alfa Romeo,0 days 00:53:02.525000,2022-09-30 10:38:02.672,125,,False,,False,False,,
265,0 days 01:03:02.771000,ZHO,24,,16.0,4.0,0 days 01:00:50.754000,,,46.864,39.007,,0 days 01:02:23.892000,0 days 01:03:02.773000,261.0,252.0,236.0,289.0,False,MEDIUM,4.0,False,Alfa Romeo,0 days 01:00:50.754000,2022-09-30 10:45:50.901,1,,False,,False,False,,
266,0 days 01:04:54.131000,ZHO,24,0 days 00:01:51.360000,17.0,4.0,,,30.109,43.579,37.672,0 days 01:03:32.880000,0 days 01:04:16.459000,0 days 01:04:54.131000,279.0,253.0,242.0,266.0,False,MEDIUM,5.0,False,Alfa Romeo,0 days 01:03:02.771000,2022-09-30 10:48:02.918,1,,False,,False,True,111.36,111.36
267,0 days 01:06:45.005000,ZHO,24,0 days 00:01:50.874000,18.0,4.0,,,30.16,43.211,37.503,0 days 01:05:24.291000,0 days 01:06:07.502000,0 days 01:06:45.005000,278.0,252.0,241.0,269.0,False,MEDIUM,6.0,False,Alfa Romeo,0 days 01:04:54.131000,2022-09-30 10:49:54.278,1,,False,,False,True,110.874,110.874
268,0 days 01:08:36.634000,ZHO,24,0 days 00:01:51.629000,19.0,4.0,,,30.372,43.477,37.78,0 days 01:07:15.377000,0 days 01:07:58.854000,0 days 01:08:36.634000,273.0,249.0,240.0,269.0,False,MEDIUM,7.0,False,Alfa Romeo,0 days 01:06:45.005000,2022-09-30 10:51:45.152,1,,False,,False,True,111.629,111.62899999999999
269,0 days 01:10:28.465000,ZHO,24,0 days 00:01:51.831000,20.0,4.0,,,30.332,43.391,38.108,0 days 01:09:06.966000,0 days 01:09:50.357000,0 days 01:10:28.465000,282.0,250.0,239.0,264.0,False,MEDIUM,8.0,False,Alfa Romeo,0 days 01:08:36.634000,2022-09-30 10:53:36.781,12,,False,,False,True,111.831,111.83099999999999
270,0 days 01:12:29.406000,ZHO,24,0 days 00:02:00.941000,21.0,4.0,,0 days 01:12:21.472000,30.881,43.872,46.188,0 days 01:10:59.346000,0 days 01:11:43.218000,0 days 01:12:29.406000,274.0,250.0,,267.0,False,MEDIUM,9.0,False,Alfa Romeo,0 days 01:10:28.465000,2022-09-30 10:55:28.612,1,,False,,False,False,120.941,120.941
271,0 days 01:14:44.460000,ZHO,24,0 days 00:02:15.054000,22.0,5.0,0 days 01:12:52.354000,,53.688,43.732,37.634,0 days 01:13:23.094000,0 days 01:14:06.826000,0 days 01:14:44.460000,274.0,250.0,237.0,267.0,False,MEDIUM,12.0,False,Alfa Romeo,0 days 01:12:29.406000,2022-09-30 10:57:29.553,1,,False,,False,False,135.054,135.054
272,0 days 01:16:35.195000,ZHO,24,0 days 00:01:50.735000,23.0,5.0,,,30.132,43.078,37.525,0 days 01:15:14.592000,0 days 01:15:57.670000,0 days 01:16:35.195000,276.0,251.0,238.0,266.0,False,MEDIUM,13.0,False,Alfa Romeo,0 days 01:14:44.460000,2022-09-30 10:59:44.607,1,,False,,False,True,110.735,110.73500000000001
273,0 days 01:19:13.599000,ZHO,24,,24.0,5.0,,,40.646,52.475,65.244,0 days 01:17:15.971000,0 days 01:18:08.400000,0 days 01:19:13.599000,212.0,195.0,71.0,139.0,False,MEDIUM,14.0,False,Alfa Romeo,0 days 01:16:35.195000,2022-09-30 11:01:35.342,12,,False,,False,False,,158.365
274,0 days 01:21:53.960000,ZHO,24,,25.0,5.0,,0 days 01:21:45.962000,57.51,49.907,52.907,0 days 01:20:11.204000,0 days 01:21:01.073000,0 days 01:21:53.960000,258.0,229.0,,185.0,False,MEDIUM,15.0,False,Alfa Romeo,0 days 01:19:13.599000,2022-09-30 11:04:13.746,12,,False,,False,False,,160.324
275,0 days 00:18:08.750000,OCO,31,,1.0,1.0,0 days 00:15:31.923000,,,49.492,51.738,,0 days 00:17:17.163000,0 days 00:18:08.847000,266.0,227.0,239.0,,False,MEDIUM,1.0,True,Alpine,0 days 00:15:31.923000,2022-09-30 10:00:32.070,1,,False,,False,False,,
276,0 days 00:20:01.824000,OCO,31,0 days 00:01:53.074000,2.0,1.0,,,30.037,43.767,39.27,0 days 00:18:38.787000,0 days 00:19:22.554000,0 days 00:20:01.824000,305.0,272.0,242.0,291.0,True,MEDIUM,2.0,True,Alpine,0 days 00:18:08.750000,2022-09-30 10:03:08.897,1,,False,,False,True,113.074,113.07400000000001
277,0 days 00:22:14.905000,OCO,31,0 days 00:02:13.081000,3.0,1.0,,,39.395,50.51,43.176,0 days 00:20:41.219000,0 days 00:21:31.729000,0 days 00:22:14.905000,252.0,240.0,243.0,293.0,False,MEDIUM,3.0,True,Alpine,0 days 00:20:01.824000,2022-09-30 10:05:01.971,1,,False,,False,True,133.081,133.08100000000002
278,0 days 00:24:03.782000,OCO,31,0 days 00:01:48.877000,4.0,1.0,,,29.075,42.672,37.13,0 days 00:22:43.980000,0 days 00:23:26.652000,0 days 00:24:03.782000,304.0,271.0,243.0,291.0,True,MEDIUM,4.0,True,Alpine,0 days 00:22:14.905000,2022-09-30 10:07:15.052,1,,False,,False,True,108.877,108.87700000000001
279,0 days 00:26:25.948000,OCO,31,0 days 00:02:22.166000,5.0,1.0,,,43.197,56.726,42.243,0 days 00:24:46.979000,0 days 00:25:43.705000,0 days 00:26:25.948000,132.0,225.0,246.0,260.0,False,MEDIUM,5.0,True,Alpine,0 days 00:24:03.782000,2022-09-30 10:09:03.929,12,,False,,False,True,142.166,142.166
280,0 days 00:28:13.001000,OCO,31,0 days 00:01:47.053000,6.0,1.0,,,28.843,41.682,36.528,0 days 00:26:54.791000,0 days 00:27:36.473000,0 days 00:28:13.001000,304.0,271.0,250.0,292.0,True,MEDIUM,6.0,True,Alpine,0 days 00:26:25.948000,2022-09-30 10:11:26.095,21,,False,,False,True,107.053,107.053
281,0 days 00:30:38.289000,OCO,31,0 days 00:02:25.288000,7.0,1.0,,,40.154,56.667,48.467,0 days 00:28:53.155000,0 days 00:29:49.822000,0 days 00:30:38.289000,207.0,188.0,247.0,275.0,False,MEDIUM,7.0,True,Alpine,0 days 00:28:13.001000,2022-09-30 10:13:13.148,1,,False,,False,True,145.288,145.288
282,0 days 00:32:32.317000,OCO,31,0 days 00:01:54.028000,8.0,1.0,,,29.026,43.26,41.742,0 days 00:31:07.315000,0 days 00:31:50.575000,0 days 00:32:32.317000,304.0,248.0,247.0,292.0,False,MEDIUM,8.0,True,Alpine,0 days 00:30:38.289000,2022-09-30 10:15:38.436,1,,False,,False,True,114.028,114.02799999999999
283,0 days 00:34:18.978000,OCO,31,0 days 00:01:46.661000,9.0,1.0,,,28.866,41.471,36.324,0 days 00:33:01.183000,0 days 00:33:42.654000,0 days 00:34:18.978000,303.0,271.0,250.0,292.0,True,MEDIUM,9.0,True,Alpine,0 days 00:32:32.317000,2022-09-30 10:17:32.464,1,,False,,False,True,106.661,106.66099999999999
284,0 days 00:36:41.384000,OCO,31,0 days 00:02:22.406000,10.0,1.0,,,40.789,55.692,45.925,0 days 00:34:59.767000,0 days 00:35:55.459000,0 days 00:36:41.384000,134.0,206.0,246.0,273.0,False,MEDIUM,10.0,True,Alpine,0 days 00:34:18.978000,2022-09-30 10:19:19.125,1,,False,,False,True,142.406,142.406
285,0 days 00:38:27.562000,OCO,31,0 days 00:01:46.178000,11.0,1.0,,,28.806,41.262,36.11,0 days 00:37:10.190000,0 days 00:37:51.452000,0 days 00:38:27.562000,301.0,271.0,250.0,292.0,True,MEDIUM,11.0,True,Alpine,0 days 00:36:41.384000,2022-09-30 10:21:41.531,1,,False,,False,True,106.178,106.178
286,0 days 00:40:37.038000,OCO,31,0 days 00:02:09.476000,12.0,1.0,,0 days 00:40:29.249000,33.468,47.404,48.604,0 days 00:39:01.030000,0 days 00:39:48.434000,0 days 00:40:37.038000,247.0,252.0,,271.0,False,MEDIUM,12.0,True,Alpine,0 days 00:38:27.562000,2022-09-30 10:23:27.709,1,,False,,False,False,129.476,129.476
287,0 days 00:51:32.170000,OCO,31,,13.0,2.0,0 days 00:49:16.732000,,,52.995,41.841,,0 days 00:50:50.498000,0 days 00:51:32.257000,223.0,255.0,249.0,271.0,False,SOFT,1.0,True,Alpine,0 days 00:40:37.038000,2022-09-30 10:25:37.185,1,,False,,False,False,,
288,0 days 00:53:16.906000,OCO,31,0 days 00:01:44.736000,14.0,2.0,,,28.587,40.49,35.659,0 days 00:52:00.757000,0 days 00:52:41.247000,0 days 00:53:16.906000,303.0,271.0,251.0,292.0,True,SOFT,2.0,True,Alpine,0 days 00:51:32.170000,2022-09-30 10:36:32.317,1,,False,,False,True,104.736,104.73599999999999
289,0 days 01:03:12.942000,OCO,31,,15.0,2.0,,0 days 00:55:47.960000,41.208,,,0 days 00:53:58.302000,,,155.0,,,276.0,False,SOFT,3.0,True,Alpine,0 days 00:53:16.906000,2022-09-30 10:38:17.053,125,,False,,False,False,,
290,0 days 01:05:16.924000,OCO,31,,16.0,3.0,0 days 01:03:12.942000,,,44.951,43.991,,0 days 01:04:33.074000,0 days 01:05:16.958000,199.0,260.0,241.0,276.0,False,SOFT,3.0,False,Alpine,0 days 01:03:12.942000,2022-09-30 10:48:13.089,1,,False,,False,False,,
291,0 days 01:07:05.511000,OCO,31,0 days 00:01:48.587000,17.0,3.0,,,29.521,42.079,36.987,0 days 01:05:46.445000,0 days 01:06:28.524000,0 days 01:07:05.511000,286.0,258.0,243.0,276.0,False,SOFT,4.0,False,Alpine,0 days 01:05:16.924000,2022-09-30 10:50:17.071,1,,False,,False,True,108.587,108.58699999999999
292,0 days 01:08:55.187000,OCO,31,0 days 00:01:49.676000,18.0,3.0,,,29.912,42.469,37.295,0 days 01:07:35.423000,0 days 01:08:17.892000,0 days 01:08:55.187000,280.0,252.0,244.0,269.0,False,SOFT,5.0,False,Alpine,0 days 01:07:05.511000,2022-09-30 10:52:05.658,1,,False,,False,True,109.676,109.676
293,0 days 01:10:47.530000,OCO,31,0 days 00:01:52.343000,19.0,3.0,,,30.021,42.561,39.761,0 days 01:09:25.208000,0 days 01:10:07.769000,0 days 01:10:47.530000,279.0,252.0,243.0,269.0,False,SOFT,6.0,False,Alpine,0 days 01:08:55.187000,2022-09-30 10:53:55.334,12,,False,,False,True,112.343,112.34299999999999
294,0 days 01:12:37.392000,OCO,31,0 days 00:01:49.862000,20.0,3.0,,,30.067,42.574,37.221,0 days 01:11:17.597000,0 days 01:12:00.171000,0 days 01:12:37.392000,277.0,250.0,243.0,268.0,False,SOFT,7.0,False,Alpine,0 days 01:10:47.530000,2022-09-30 10:55:47.677,1,,False,,False,True,109.862,109.862
295,0 days 01:14:27.500000,OCO,31,0 days 00:01:50.108000,21.0,3.0,,,29.984,42.733,37.391,0 days 01:13:07.376000,0 days 01:13:50.109000,0 days 01:14:27.500000,279.0,252.0,245.0,271.0,False,SOFT,8.0,False,Alpine,0 days 01:12:37.392000,2022-09-30 10:57:37.539,1,,False,,False,True,110.108,110.108
296,0 days 01:16:33.641000,OCO,31,0 days 00:02:06.141000,22.0,3.0,,,30.008,45.413,50.72,0 days 01:14:57.508000,0 days 01:15:42.921000,0 days 01:16:33.641000,281.0,142.0,190.0,275.0,False,SOFT,9.0,False,Alpine,0 days 01:14:27.500000,2022-09-30 10:59:27.647,1,,False,,False,True,126.141,126.14099999999999
297,0 days 01:19:01.083000,OCO,31,0 days 00:02:27.442000,23.0,3.0,,,38.591,52.935,55.916,0 days 01:17:12.232000,0 days 01:18:05.167000,0 days 01:19:01.083000,179.0,159.0,48.0,174.0,False,SOFT,10.0,False,Alpine,0 days 01:16:33.641000,2022-09-30 11:01:33.788,12,,False,,False,True,147.442,147.442
298,0 days 01:21:29.726000,OCO,31,0 days 00:02:28.643000,24.0,3.0,,0 days 01:21:21.879000,57.186,43.959,47.498,0 days 01:19:58.269000,0 days 01:20:42.228000,0 days 01:21:29.726000,286.0,259.0,,187.0,False,SOFT,11.0,False,Alpine,0 days 01:19:01.083000,2022-09-30 11:04:01.230,12,,False,,False,False,148.643,148.643
299,0 days 00:19:01.433000,HAM,44,,1.0,1.0,0 days 00:16:41.708000,,,45.787,45.383,,0 days 00:18:16.197000,0 days 00:19:01.510000,284.0,262.0,241.0,,False,HARD,1.0,True,Mercedes,0 days 00:16:41.708000,2022-09-30 10:01:41.855,1,,False,,False,False,,
300,0 days 00:20:51.378000,HAM,44,0 days 00:01:49.945000,2.0,1.0,,,30.047,42.617,37.281,0 days 00:19:31.480000,0 days 00:20:14.097000,0 days 00:20:51.378000,283.0,260.0,243.0,278.0,True,HARD,2.0,True,Mercedes,0 days 00:19:01.433000,2022-09-30 10:04:01.580,1,,False,,False,True,109.945,109.945
301,0 days 00:22:40.027000,HAM,44,0 days 00:01:48.649000,3.0,1.0,,,29.698,42.062,36.889,0 days 00:21:21.076000,0 days 00:22:03.138000,0 days 00:22:40.027000,283.0,259.0,243.0,276.0,True,HARD,3.0,True,Mercedes,0 days 00:20:51.378000,2022-09-30 10:05:51.525,1,,False,,False,True,108.649,108.649
302,0 days 00:24:29.079000,HAM,44,0 days 00:01:49.052000,4.0,1.0,,,29.537,42.739,36.776,0 days 00:23:09.564000,0 days 00:23:52.303000,0 days 00:24:29.079000,279.0,262.0,246.0,281.0,False,HARD,4.0,True,Mercedes,0 days 00:22:40.027000,2022-09-30 10:07:40.174,1,,False,,False,True,109.052,109.05199999999999
303,0 days 00:26:17.237000,HAM,44,0 days 00:01:48.158000,5.0,1.0,,,29.677,41.91,36.571,0 days 00:24:58.756000,0 days 00:25:40.666000,0 days 00:26:17.237000,281.0,261.0,244.0,279.0,True,HARD,5.0,True,Mercedes,0 days 00:24:29.079000,2022-09-30 10:09:29.226,12,,False,,False,True,108.158,108.15799999999999
304,0 days 00:28:06.239000,HAM,44,0 days 00:01:49.002000,6.0,1.0,,,30.023,42.13,36.849,0 days 00:26:47.260000,0 days 00:27:29.390000,0 days 00:28:06.239000,284.0,258.0,246.0,274.0,False,HARD,6.0,True,Mercedes,0 days 00:26:17.237000,2022-09-30 10:11:17.384,21,,False,,False,True,109.002,109.00200000000001
305,0 days 00:29:54.588000,HAM,44,0 days 00:01:48.349000,7.0,1.0,,,29.635,42.003,36.711,0 days 00:28:35.874000,0 days 00:29:17.877000,0 days 00:29:54.588000,286.0,260.0,245.0,281.0,False,HARD,7.0,True,Mercedes,0 days 00:28:06.239000,2022-09-30 10:13:06.386,1,,False,,False,True,108.349,108.349
306,0 days 00:32:22.625000,HAM,44,0 days 00:02:28.037000,8.0,1.0,,,47.735,51.323,48.979,0 days 00:30:42.323000,0 days 00:31:33.646000,0 days 00:32:22.625000,216.0,182.0,248.0,240.0,False,HARD,8.0,True,Mercedes,0 days 00:29:54.588000,2022-09-30 10:14:54.735,1,,False,,False,True,148.037,148.03699999999998
307,0 days 00:34:09.256000,HAM,44,0 days 00:01:46.631000,9.0,1.0,,,28.895,41.439,36.297,0 days 00:32:51.520000,0 days 00:33:32.959000,0 days 00:34:09.256000,303.0,270.0,245.0,292.0,True,HARD,9.0,True,Mercedes,0 days 00:32:22.625000,2022-09-30 10:17:22.772,1,,False,,False,True,106.631,106.631
308,0 days 00:36:23.474000,HAM,44,0 days 00:02:14.218000,10.0,1.0,,0 days 00:36:15.672000,33.446,46.946,53.826,0 days 00:34:42.702000,0 days 00:35:29.648000,0 days 00:36:23.474000,197.0,143.0,,224.0,False,HARD,10.0,True,Mercedes,0 days 00:34:09.256000,2022-09-30 10:19:09.403,1,,False,,False,False,134.218,134.218
309,0 days 01:00:25.358000,HAM,44,,11.0,2.0,0 days 00:53:27.337000,0 days 00:56:34.160000,,,,,,,263.0,,,,False,SOFT,1.0,True,Mercedes,0 days 00:36:23.474000,2022-09-30 10:21:23.621,125,,False,,False,False,,
310,0 days 01:02:47.824000,HAM,44,,12.0,3.0,0 days 01:00:25.358000,,,57.482,43.248,,0 days 01:02:04.696000,0 days 01:02:47.824000,238.0,230.0,251.0,224.0,False,SOFT,1.0,False,Mercedes,0 days 01:00:25.358000,2022-09-30 10:45:25.505,1,,False,,False,False,,
311,0 days 01:05:20.183000,HAM,44,,13.0,3.0,,,39.074,62.614,50.685,0 days 01:03:27.026000,0 days 01:04:29.606000,0 days 01:05:20.183000,211.0,220.0,211.0,294.0,False,SOFT,2.0,False,Mercedes,0 days 01:02:47.824000,2022-09-30 10:47:47.971,1,,False,,False,False,,152.373
312,0 days 01:07:53.973000,HAM,44,,14.0,3.0,,,40.365,58.664,54.813,0 days 01:06:00.680000,0 days 01:06:59.340000,0 days 01:07:54.056000,235.0,244.0,251.0,249.0,False,SOFT,3.0,False,Mercedes,0 days 01:05:20.183000,2022-09-30 10:50:20.330,1,,False,,False,False,,153.84199999999998
313,0 days 01:09:37.006000,HAM,44,0 days 00:01:43.033000,15.0,3.0,,,28.012,39.766,35.255,0 days 01:08:21.985000,0 days 01:09:01.751000,0 days 01:09:37.006000,308.0,275.0,253.0,295.0,True,SOFT,4.0,False,Mercedes,0 days 01:07:53.973000,2022-09-30 10:52:54.120,1,,False,,False,True,103.033,103.03299999999999
314,0 days 01:12:01.102000,HAM,44,0 days 00:02:24.096000,16.0,3.0,,,30.565,58.006,55.525,0 days 01:10:07.571000,0 days 01:11:05.577000,0 days 01:12:01.102000,273.0,137.0,207.0,273.0,False,SOFT,5.0,False,Mercedes,0 days 01:09:37.006000,2022-09-30 10:54:37.153,12,,False,,False,True,144.096,144.096
315,0 days 01:14:25.137000,HAM,44,0 days 00:02:24.035000,17.0,3.0,,,37.994,61.365,44.676,0 days 01:12:39.096000,0 days 01:13:40.461000,0 days 01:14:25.137000,240.0,224.0,250.0,245.0,False,SOFT,6.0,False,Mercedes,0 days 01:12:01.102000,2022-09-30 10:57:01.249,1,,False,,False,True,144.035,144.03500000000003
316,0 days 01:16:09.191000,HAM,44,0 days 00:01:44.054000,18.0,3.0,,,28.098,40.029,35.927,0 days 01:14:53.235000,0 days 01:15:33.264000,0 days 01:16:09.191000,305.0,271.0,248.0,293.0,False,SOFT,7.0,False,Mercedes,0 days 01:14:25.137000,2022-09-30 10:59:25.284,1,,False,,False,True,104.054,104.054
317,0 days 01:18:25.595000,HAM,44,0 days 00:02:16.404000,19.0,3.0,,,34.318,48.641,53.445,0 days 01:16:43.509000,0 days 01:17:32.150000,0 days 01:18:25.595000,236.0,134.0,64.0,207.0,False,SOFT,8.0,False,Mercedes,0 days 01:16:09.191000,2022-09-30 11:01:09.338,12,,False,,False,True,136.404,136.404
318,0 days 01:21:02.907000,HAM,44,,20.0,3.0,,0 days 01:20:55.058000,62.519,47.675,47.072,0 days 01:19:28.288000,0 days 01:20:15.974000,0 days 01:21:02.907000,233.0,236.0,,202.0,False,SOFT,9.0,False,Mercedes,0 days 01:18:25.595000,2022-09-30 11:03:25.742,21,,False,,False,False,,157.266
319,0 days 00:18:18.854000,MSC,47,,1.0,1.0,0 days 00:15:54.794000,,,49.644,55.441,,0 days 00:17:23.587000,0 days 00:18:18.931000,236.0,262.0,232.0,,False,MEDIUM,1.0,True,Haas F1 Team,0 days 00:15:54.794000,2022-09-30 10:00:54.941,1,,False,,False,False,,
320,0 days 00:20:13.579000,MSC,47,0 days 00:01:54.725000,2.0,1.0,,,30.668,45.517,38.54,0 days 00:18:49.522000,0 days 00:19:35.039000,0 days 00:20:13.579000,295.0,265.0,241.0,279.0,True,MEDIUM,2.0,True,Haas F1 Team,0 days 00:18:18.854000,2022-09-30 10:03:19.001,1,,False,,False,True,114.725,114.725
321,0 days 00:22:04.485000,MSC,47,0 days 00:01:50.906000,3.0,1.0,,,29.553,43.736,37.617,0 days 00:20:43.132000,0 days 00:21:26.868000,0 days 00:22:04.485000,295.0,263.0,244.0,280.0,True,MEDIUM,3.0,True,Haas F1 Team,0 days 00:20:13.579000,2022-09-30 10:05:13.726,1,,False,,False,True,110.906,110.906
322,0 days 00:24:12.442000,MSC,47,0 days 00:02:07.957000,4.0,1.0,,,29.848,53.222,44.887,0 days 00:22:34.333000,0 days 00:23:27.555000,0 days 00:24:12.442000,275.0,154.0,240.0,281.0,False,MEDIUM,4.0,True,Haas F1 Team,0 days 00:22:04.485000,2022-09-30 10:07:04.632,1,,False,,False,True,127.957,127.957
323,0 days 00:26:02.206000,MSC,47,0 days 00:01:49.764000,5.0,1.0,,,29.669,42.767,37.328,0 days 00:24:42.111000,0 days 00:25:24.878000,0 days 00:26:02.206000,300.0,268.0,245.0,286.0,True,MEDIUM,5.0,True,Haas F1 Team,0 days 00:24:12.442000,2022-09-30 10:09:12.589,1,,False,,False,True,109.764,109.76400000000001
324,0 days 00:27:53.384000,MSC,47,0 days 00:01:51.178000,6.0,1.0,,,29.635,43.489,38.054,0 days 00:26:31.841000,0 days 00:27:15.330000,0 days 00:27:53.384000,294.0,263.0,243.0,282.0,False,MEDIUM,6.0,True,Haas F1 Team,0 days 00:26:02.206000,2022-09-30 10:11:02.353,12,,False,,False,True,111.178,111.178
325,0 days 00:30:16.703000,MSC,47,0 days 00:02:23.319000,7.0,1.0,,,39.838,55.85,47.631,0 days 00:28:33.222000,0 days 00:29:29.072000,0 days 00:30:16.703000,233.0,174.0,241.0,208.0,False,MEDIUM,7.0,True,Haas F1 Team,0 days 00:27:53.384000,2022-09-30 10:12:53.531,1,,False,,False,True,143.319,143.31900000000002
326,0 days 00:32:05.456000,MSC,47,0 days 00:01:48.753000,8.0,1.0,,,29.409,42.573,36.771,0 days 00:30:46.112000,0 days 00:31:28.685000,0 days 00:32:05.456000,302.0,269.0,246.0,288.0,True,MEDIUM,8.0,True,Haas F1 Team,0 days 00:30:16.703000,2022-09-30 10:15:16.850,1,,False,,False,True,108.753,108.753
327,0 days 00:34:22.296000,MSC,47,0 days 00:02:16.840000,9.0,1.0,,0 days 00:34:14.326000,32.016,50.894,53.93,0 days 00:32:37.472000,0 days 00:33:28.366000,0 days 00:34:22.296000,254.0,198.0,,267.0,False,MEDIUM,9.0,True,Haas F1 Team,0 days 00:32:05.456000,2022-09-30 10:17:05.603,1,,False,,False,False,136.84,136.84
328,0 days 00:45:39.992000,MSC,47,,10.0,2.0,0 days 00:43:13.082000,,,52.574,44.864,,0 days 00:44:55.341000,0 days 00:45:40.078000,265.0,230.0,244.0,267.0,False,SOFT,1.0,True,Haas F1 Team,0 days 00:34:22.296000,2022-09-30 10:19:22.443,1,,False,,False,False,,
329,0 days 00:47:26.949000,MSC,47,0 days 00:01:46.957000,11.0,2.0,,,28.868,41.977,36.112,0 days 00:46:08.860000,0 days 00:46:50.837000,0 days 00:47:26.949000,302.0,270.0,240.0,289.0,True,SOFT,2.0,True,Haas F1 Team,0 days 00:45:39.992000,2022-09-30 10:30:40.139,1,,False,,False,True,106.957,106.957
330,0 days 00:50:02.316000,MSC,47,,12.0,2.0,,,46.714,59.265,49.34,0 days 00:48:13.862000,0 days 00:49:13.105000,0 days 00:50:02.351000,150.0,152.0,246.0,203.0,False,SOFT,3.0,True,Haas F1 Team,0 days 00:47:26.949000,2022-09-30 10:32:27.096,1,,False,,False,False,,155.31900000000002
331,0 days 00:51:48.917000,MSC,47,0 days 00:01:46.601000,13.0,2.0,,,28.731,41.324,36.546,0 days 00:50:31.047000,0 days 00:51:12.371000,0 days 00:51:48.917000,307.0,274.0,244.0,292.0,True,SOFT,4.0,True,Haas F1 Team,0 days 00:50:02.316000,2022-09-30 10:35:02.463,1,,False,,False,True,106.601,106.601
332,0 days 00:54:12.454000,MSC,47,0 days 00:02:23.537000,14.0,2.0,,,37.771,58.386,47.38,0 days 00:52:26.688000,0 days 00:53:25.074000,0 days 00:54:12.454000,216.0,173.0,245.0,215.0,False,SOFT,5.0,True,Haas F1 Team,0 days 00:51:48.917000,2022-09-30 10:36:49.064,12,,False,,False,True,143.537,143.537
333,0 days 01:04:15.246000,MSC,47,,15.0,2.0,,0 days 00:56:39.966000,,,,,,,,,,291.0,False,SOFT,6.0,True,Haas F1 Team,0 days 00:54:12.454000,2022-09-30 10:39:12.601,125,,False,,False,False,,
334,0 days 01:06:26.841000,MSC,47,,16.0,3.0,0 days 01:04:15.246000,,,47.275,39.739,,0 days 01:05:47.209000,0 days 01:06:26.873000,268.0,255.0,235.0,291.0,False,MEDIUM,10.0,False,Haas F1 Team,0 days 01:04:15.246000,2022-09-30 10:49:15.393,1,,False,,False,False,,
335,0 days 01:08:19.045000,MSC,47,0 days 00:01:52.204000,17.0,3.0,,,30.609,43.565,38.03,0 days 01:06:57.450000,0 days 01:07:41.015000,0 days 01:08:19.045000,275.0,251.0,238.0,265.0,False,MEDIUM,11.0,False,Haas F1 Team,0 days 01:06:26.841000,2022-09-30 10:51:26.988,1,,False,,False,True,112.204,112.20400000000001
336,0 days 01:10:11.874000,MSC,47,0 days 00:01:52.829000,18.0,3.0,,,30.46,43.847,38.522,0 days 01:08:49.505000,0 days 01:09:33.352000,0 days 01:10:11.874000,273.0,250.0,236.0,264.0,False,MEDIUM,12.0,False,Haas F1 Team,0 days 01:08:19.045000,2022-09-30 10:53:19.192,1,,False,,False,True,112.829,112.82900000000001
337,0 days 01:12:04.808000,MSC,47,0 days 00:01:52.934000,19.0,3.0,,,30.636,44.061,38.237,0 days 01:10:42.510000,0 days 01:11:26.571000,0 days 01:12:04.808000,276.0,248.0,236.0,266.0,False,MEDIUM,13.0,False,Haas F1 Team,0 days 01:10:11.874000,2022-09-30 10:55:12.021,12,,False,,False,True,112.934,112.934
338,0 days 01:13:56.864000,MSC,47,0 days 00:01:52.056000,20.0,3.0,,,30.688,43.538,37.83,0 days 01:12:35.496000,0 days 01:13:19.034000,0 days 01:13:56.864000,273.0,249.0,238.0,265.0,False,MEDIUM,14.0,False,Haas F1 Team,0 days 01:12:04.808000,2022-09-30 10:57:04.955,1,,False,,False,True,112.056,112.056
339,0 days 01:15:48.999000,MSC,47,0 days 00:01:52.135000,21.0,3.0,,,30.708,43.421,38.006,0 days 01:14:27.572000,0 days 01:15:10.993000,0 days 01:15:48.999000,274.0,249.0,237.0,265.0,False,MEDIUM,15.0,False,Haas F1 Team,0 days 01:13:56.864000,2022-09-30 10:58:57.011,1,,False,,False,True,112.135,112.13499999999999
340,0 days 01:18:16.626000,MSC,47,0 days 00:02:27.627000,22.0,3.0,,,30.807,52.874,63.946,0 days 01:16:19.806000,0 days 01:17:12.680000,0 days 01:18:16.626000,273.0,169.0,30.0,264.0,False,MEDIUM,16.0,False,Haas F1 Team,0 days 01:15:48.999000,2022-09-30 11:00:49.146,12,,False,,False,True,147.627,147.627
341,0 days 01:21:00.659000,MSC,47,,23.0,3.0,,0 days 01:20:52.557000,64.933,46.722,52.304,0 days 01:19:21.693000,0 days 01:20:08.408000,0 days 01:21:00.659000,256.0,198.0,,210.0,False,MEDIUM,17.0,False,Haas F1 Team,0 days 01:18:16.626000,2022-09-30 11:03:16.773,21,,False,,False,False,,163.959
342,0 days 00:17:50.083000,SAI,55,,1.0,1.0,0 days 00:15:33.662000,,,50.418,49.981,,0 days 00:17:00.360000,0 days 00:17:50.158000,236.0,238.0,241.0,,False,HARD,1.0,True,Ferrari,0 days 00:15:33.662000,2022-09-30 10:00:33.809,1,,False,,False,False,,
343,0 days 00:19:41.044000,SAI,55,0 days 00:01:50.961000,2.0,1.0,,,30.233,43.01,37.718,0 days 00:18:20.316000,0 days 00:19:03.326000,0 days 00:19:41.044000,280.0,257.0,244.0,273.0,True,HARD,2.0,True,Ferrari,0 days 00:17:50.083000,2022-09-30 10:02:50.230,1,,False,,False,True,110.961,110.961
344,0 days 00:21:29.903000,SAI,55,0 days 00:01:48.859000,3.0,1.0,,,29.645,42.251,36.963,0 days 00:20:10.689000,0 days 00:20:52.940000,0 days 00:21:29.903000,280.0,256.0,246.0,272.0,True,HARD,3.0,True,Ferrari,0 days 00:19:41.044000,2022-09-30 10:04:41.191,1,,False,,False,True,108.859,108.85900000000001
345,0 days 00:23:48.060000,SAI,55,0 days 00:02:18.157000,4.0,1.0,,,36.521,52.489,49.147,0 days 00:22:06.424000,0 days 00:22:58.913000,0 days 00:23:48.060000,233.0,187.0,243.0,236.0,False,HARD,4.0,True,Ferrari,0 days 00:21:29.903000,2022-09-30 10:06:30.050,1,,False,,False,True,138.157,138.15699999999998
346,0 days 00:25:34.802000,SAI,55,0 days 00:01:46.742000,5.0,1.0,,,29.183,41.279,36.28,0 days 00:24:17.243000,0 days 00:24:58.522000,0 days 00:25:34.802000,297.0,267.0,251.0,285.0,True,HARD,5.0,True,Ferrari,0 days 00:23:48.060000,2022-09-30 10:08:48.207,1,,False,,False,True,106.742,106.742
347,0 days 00:27:58.039000,SAI,55,0 days 00:02:23.237000,6.0,1.0,,,37.704,52.657,52.876,0 days 00:26:12.506000,0 days 00:27:05.163000,0 days 00:27:58.039000,235.0,187.0,244.0,228.0,False,HARD,6.0,True,Ferrari,0 days 00:25:34.802000,2022-09-30 10:10:34.949,12,,False,,False,True,143.237,143.237
348,0 days 00:30:01.419000,SAI,55,0 days 00:02:03.380000,7.0,1.0,,,29.122,41.697,52.561,0 days 00:28:27.161000,0 days 00:29:08.858000,0 days 00:30:01.419000,300.0,195.0,243.0,286.0,False,HARD,7.0,True,Ferrari,0 days 00:27:58.039000,2022-09-30 10:12:58.186,1,,False,,False,True,123.38,123.38
349,0 days 00:31:48.051000,SAI,55,0 days 00:01:46.632000,8.0,1.0,,,28.981,41.309,36.342,0 days 00:30:30.400000,0 days 00:31:11.709000,0 days 00:31:48.051000,296.0,267.0,252.0,285.0,True,HARD,8.0,True,Ferrari,0 days 00:30:01.419000,2022-09-30 10:15:01.566,1,,False,,False,True,106.632,106.63199999999999
350,0 days 00:34:32.346000,SAI,55,,9.0,1.0,,,44.579,65.085,54.614,0 days 00:32:32.853000,0 days 00:33:37.900000,0 days 00:34:32.422000,141.0,124.0,247.0,204.0,False,HARD,9.0,True,Ferrari,0 days 00:31:48.051000,2022-09-30 10:16:48.198,1,,False,,False,False,,164.278
351,0 days 00:36:17.972000,SAI,55,0 days 00:01:45.626000,10.0,1.0,,,28.883,40.821,35.922,0 days 00:35:01.229000,0 days 00:35:42.050000,0 days 00:36:17.972000,297.0,266.0,252.0,285.0,True,HARD,10.0,True,Ferrari,0 days 00:34:32.346000,2022-09-30 10:19:32.493,1,,False,,False,True,105.626,105.62599999999999
352,0 days 00:38:31.988000,SAI,55,0 days 00:02:14.016000,11.0,1.0,,0 days 00:38:24.170000,36.631,49.194,48.191,0 days 00:36:54.603000,0 days 00:37:43.797000,0 days 00:38:31.988000,193.0,159.0,,234.0,False,HARD,11.0,True,Ferrari,0 days 00:36:17.972000,2022-09-30 10:21:18.119,1,,False,,False,False,134.016,134.01600000000002
353,0 days 00:51:23.990000,SAI,55,,12.0,2.0,0 days 00:49:09.412000,,,53.301,43.422,,0 days 00:50:40.657000,0 days 00:51:23.990000,286.0,243.0,249.0,234.0,False,SOFT,1.0,True,Ferrari,0 days 00:38:31.988000,2022-09-30 10:23:32.135,1,,False,,False,False,,
354,0 days 00:53:55.094000,SAI,55,,13.0,2.0,,,32.622,63.545,54.922,0 days 00:51:56.706000,0 days 00:53:00.370000,0 days 00:53:55.094000,155.0,174.0,250.0,289.0,False,SOFT,2.0,True,Ferrari,0 days 00:51:23.990000,2022-09-30 10:36:24.137,12,,False,,False,False,,151.089
355,0 days 00:59:17.515000,SAI,55,,14.0,2.0,,0 days 00:56:34.963000,28.67,,,0 days 00:54:23.874000,,,196.0,,,291.0,False,SOFT,3.0,True,Ferrari,0 days 00:53:55.094000,2022-09-30 10:38:55.241,215,,False,,False,False,,
356,0 days 01:01:21.746000,SAI,55,,15.0,3.0,0 days 00:59:17.515000,,,47.358,45.08,,0 days 01:00:36.836000,0 days 01:01:21.836000,288.0,254.0,247.0,291.0,False,SOFT,3.0,False,Ferrari,0 days 00:59:17.515000,2022-09-30 10:44:17.662,1,,False,,False,False,,
357,0 days 01:03:05.884000,SAI,55,0 days 00:01:44.138000,16.0,3.0,,,28.13,40.113,35.895,0 days 01:01:49.876000,0 days 01:02:29.989000,0 days 01:03:05.884000,301.0,270.0,202.0,287.0,True,SOFT,4.0,False,Ferrari,0 days 01:01:21.746000,2022-09-30 10:46:21.893,1,,False,,False,True,104.138,104.138
358,0 days 01:06:14.399000,SAI,55,,17.0,3.0,,,51.938,76.996,59.552,0 days 01:03:58.010000,0 days 01:05:14.847000,0 days 01:06:14.459000,143.0,116.0,249.0,159.0,False,SOFT,5.0,False,Ferrari,0 days 01:03:05.884000,2022-09-30 10:48:06.031,1,,False,,False,False,,188.486
359,0 days 01:07:58.769000,SAI,55,0 days 00:01:44.370000,18.0,3.0,,,28.61,40.377,35.383,0 days 01:06:43.009000,0 days 01:07:23.386000,0 days 01:07:58.769000,302.0,271.0,255.0,290.0,False,SOFT,6.0,False,Ferrari,0 days 01:06:14.399000,2022-09-30 10:51:14.546,1,,False,,False,True,104.37,104.37
360,0 days 01:10:10.402000,SAI,55,0 days 00:02:11.633000,19.0,3.0,,,40.928,49.293,41.412,0 days 01:08:39.697000,0 days 01:09:28.990000,0 days 01:10:10.402000,206.0,244.0,244.0,192.0,False,SOFT,7.0,False,Ferrari,0 days 01:07:58.769000,2022-09-30 10:52:58.916,1,,False,,False,True,131.633,131.633
361,0 days 01:11:57.564000,SAI,55,0 days 00:01:47.162000,20.0,3.0,,,29.501,41.196,36.465,0 days 01:10:39.903000,0 days 01:11:21.099000,0 days 01:11:57.564000,283.0,259.0,247.0,275.0,False,SOFT,8.0,False,Ferrari,0 days 01:10:10.402000,2022-09-30 10:55:10.549,12,,False,,False,True,107.162,107.162
362,0 days 01:13:44.557000,SAI,55,0 days 00:01:46.993000,21.0,3.0,,,29.172,41.583,36.238,0 days 01:12:26.736000,0 days 01:13:08.319000,0 days 01:13:44.557000,284.0,258.0,249.0,277.0,False,SOFT,9.0,False,Ferrari,0 days 01:11:57.564000,2022-09-30 10:56:57.711,1,,False,,False,True,106.993,106.993
363,0 days 01:15:32.439000,SAI,55,0 days 00:01:47.882000,22.0,3.0,,,29.382,41.824,36.676,0 days 01:14:13.939000,0 days 01:14:55.763000,0 days 01:15:32.439000,287.0,258.0,249.0,280.0,False,SOFT,10.0,False,Ferrari,0 days 01:13:44.557000,2022-09-30 10:58:44.704,1,,False,,False,True,107.882,107.882
364,0 days 01:18:07.253000,SAI,55,,23.0,3.0,,,38.084,59.006,57.597,0 days 01:16:10.680000,0 days 01:17:09.676000,0 days 01:18:07.253000,200.0,149.0,52.0,205.0,False,SOFT,11.0,False,Ferrari,0 days 01:15:32.439000,2022-09-30 11:00:32.586,1,,False,,False,False,,154.687
365,0 days 01:20:50.220000,SAI,55,,24.0,3.0,,0 days 01:20:42.398000,66.191,47.798,49.1,0 days 01:19:13.485000,0 days 01:20:01.260000,0 days 01:20:50.220000,264.0,234.0,,192.0,False,SOFT,12.0,False,Ferrari,0 days 01:18:07.253000,2022-09-30 11:03:07.400,12,,False,,False,False,,163.089
366,0 days 00:21:28.937000,RUS,63,,1.0,1.0,0 days 00:19:31.611000,,,46.896,39.6,,0 days 00:20:49.494000,0 days 00:21:29.090000,277.0,267.0,242.0,,False,HARD,1.0,True,Mercedes,0 days 00:19:31.611000,2022-09-30 10:04:31.758,1,,False,,False,False,,
367,0 days 00:23:21.347000,RUS,63,0 days 00:01:52.410000,2.0,1.0,,,29.737,43.911,38.762,0 days 00:21:58.674000,0 days 00:22:42.585000,0 days 00:23:21.347000,297.0,259.0,245.0,289.0,True,HARD,2.0,True,Mercedes,0 days 00:21:28.937000,2022-09-30 10:06:29.084,1,,False,,False,True,112.41,112.41
368,0 days 00:25:10.953000,RUS,63,0 days 00:01:49.606000,3.0,1.0,,,29.253,43.067,37.286,0 days 00:23:50.600000,0 days 00:24:33.667000,0 days 00:25:10.953000,301.0,257.0,244.0,288.0,True,HARD,3.0,True,Mercedes,0 days 00:23:21.347000,2022-09-30 10:08:21.494,1,,False,,False,True,109.606,109.606
369,0 days 00:27:32.022000,RUS,63,0 days 00:02:21.069000,4.0,1.0,,0 days 00:27:24.217000,29.44,59.542,52.087,0 days 00:25:40.393000,0 days 00:26:39.935000,0 days 00:27:32.022000,301.0,190.0,,280.0,False,HARD,4.0,True,Mercedes,0 days 00:25:10.953000,2022-09-30 10:10:11.100,12,,False,,False,False,141.069,141.06900000000002
370,0 days 00:33:33.014000,RUS,63,,5.0,2.0,0 days 00:31:37.266000,,,47.013,38.76,,0 days 00:32:54.437000,0 days 00:33:33.102000,283.0,118.0,243.0,280.0,False,HARD,5.0,False,Mercedes,0 days 00:27:32.022000,2022-09-30 10:12:32.169,1,,False,,False,False,,
371,0 days 00:35:22.063000,RUS,63,0 days 00:01:49.049000,6.0,2.0,,,29.582,42.48,36.987,0 days 00:34:02.596000,0 days 00:34:45.076000,0 days 00:35:22.063000,279.0,257.0,245.0,278.0,True,HARD,6.0,False,Mercedes,0 days 00:33:33.014000,2022-09-30 10:18:33.161,1,,False,,False,True,109.049,109.049
372,0 days 00:37:10.149000,RUS,63,0 days 00:01:48.086000,7.0,2.0,,,29.466,42.087,36.533,0 days 00:35:51.529000,0 days 00:36:33.616000,0 days 00:37:10.149000,279.0,257.0,246.0,273.0,True,HARD,7.0,False,Mercedes,0 days 00:35:22.063000,2022-09-30 10:20:22.210,1,,False,,False,True,108.086,108.086
373,0 days 00:38:57.832000,RUS,63,0 days 00:01:47.683000,8.0,2.0,,,29.399,42.004,36.28,0 days 00:37:39.548000,0 days 00:38:21.552000,0 days 00:38:57.832000,283.0,260.0,246.0,277.0,True,HARD,8.0,False,Mercedes,0 days 00:37:10.149000,2022-09-30 10:22:10.296,1,,False,,False,True,107.683,107.68299999999999
374,0 days 00:40:46.548000,RUS,63,0 days 00:01:48.716000,9.0,2.0,,,29.754,42.247,36.715,0 days 00:39:27.586000,0 days 00:40:09.833000,0 days 00:40:46.548000,282.0,260.0,245.0,277.0,False,HARD,9.0,False,Mercedes,0 days 00:38:57.832000,2022-09-30 10:23:57.979,1,,False,,False,True,108.716,108.71600000000001
375,0 days 00:42:58.202000,RUS,63,0 days 00:02:11.654000,10.0,2.0,,,34.896,50.241,46.517,0 days 00:41:21.444000,0 days 00:42:11.685000,0 days 00:42:58.202000,214.0,192.0,247.0,227.0,False,HARD,10.0,False,Mercedes,0 days 00:40:46.548000,2022-09-30 10:25:46.695,1,,False,,False,True,131.654,131.654
376,0 days 00:44:44.172000,RUS,63,0 days 00:01:45.970000,11.0,2.0,,,28.729,41.254,35.987,0 days 00:43:26.931000,0 days 00:44:08.185000,0 days 00:44:44.172000,302.0,271.0,245.0,290.0,True,HARD,11.0,False,Mercedes,0 days 00:42:58.202000,2022-09-30 10:27:58.349,1,,False,,False,True,105.97,105.97
377,0 days 00:46:59.366000,RUS,63,0 days 00:02:15.194000,12.0,2.0,,,37.01,53.687,44.497,0 days 00:45:21.182000,0 days 00:46:14.869000,0 days 00:46:59.366000,222.0,211.0,248.0,231.0,False,HARD,12.0,False,Mercedes,0 days 00:44:44.172000,2022-09-30 10:29:44.319,1,,False,,False,True,135.194,135.19400000000002
378,0 days 00:49:02.752000,RUS,63,0 days 00:02:03.386000,13.0,2.0,,0 days 00:48:54.970000,28.882,45.213,49.291,0 days 00:47:28.248000,0 days 00:48:13.461000,0 days 00:49:02.752000,304.0,241.0,,290.0,False,HARD,13.0,False,Mercedes,0 days 00:46:59.366000,2022-09-30 10:31:59.513,1,,False,,False,False,123.386,123.386
379,0 days 01:05:35.529000,RUS,63,,14.0,3.0,0 days 01:03:14.744000,,,59.417,46.738,,0 days 01:04:48.945000,0 days 01:05:35.601000,243.0,234.0,250.0,290.0,False,SOFT,1.0,True,Mercedes,0 days 01:03:14.744000,2022-09-30 10:48:14.891,1,,False,,False,False,,
380,0 days 01:07:19.595000,RUS,63,0 days 00:01:44.066000,15.0,3.0,,,28.18,40.19,35.696,0 days 01:06:03.709000,0 days 01:06:43.899000,0 days 01:07:19.595000,310.0,273.0,253.0,295.0,True,SOFT,2.0,True,Mercedes,0 days 01:05:35.529000,2022-09-30 10:50:35.676,1,,False,,False,True,104.066,104.066
381,0 days 01:09:35.688000,RUS,63,0 days 00:02:16.093000,16.0,3.0,,,36.28,53.553,46.26,0 days 01:07:55.875000,0 days 01:08:49.428000,0 days 01:09:35.688000,151.0,244.0,247.0,266.0,False,SOFT,3.0,True,Mercedes,0 days 01:07:19.595000,2022-09-30 10:52:19.742,1,,False,,False,True,136.093,136.093
382,0 days 01:11:23.919000,RUS,63,0 days 00:01:48.231000,17.0,3.0,,,29.297,41.96,36.974,0 days 01:10:04.985000,0 days 01:10:46.945000,0 days 01:11:23.919000,287.0,270.0,247.0,281.0,False,SOFT,4.0,True,Mercedes,0 days 01:09:35.688000,2022-09-30 10:54:35.835,12,,False,,False,True,108.231,108.231
383,0 days 01:13:11.285000,RUS,63,0 days 00:01:47.366000,18.0,3.0,,,29.144,41.804,36.418,0 days 01:11:53.063000,0 days 01:12:34.867000,0 days 01:13:11.285000,283.0,260.0,249.0,274.0,False,SOFT,5.0,True,Mercedes,0 days 01:11:23.919000,2022-09-30 10:56:24.066,1,,False,,False,True,107.366,107.36600000000001
384,0 days 01:15:04.512000,RUS,63,0 days 00:01:53.227000,19.0,3.0,,,29.016,43.551,40.66,0 days 01:13:40.301000,0 days 01:14:23.852000,0 days 01:15:04.512000,304.0,270.0,247.0,295.0,False,SOFT,6.0,True,Mercedes,0 days 01:13:11.285000,2022-09-30 10:58:11.432,1,,False,,False,True,113.227,113.227
385,0 days 01:17:18.302000,RUS,63,0 days 00:02:13.790000,20.0,3.0,,,35.113,48.469,50.208,0 days 01:15:39.625000,0 days 01:16:28.094000,0 days 01:17:18.302000,176.0,169.0,69.0,183.0,False,SOFT,7.0,True,Mercedes,0 days 01:15:04.512000,2022-09-30 11:00:04.659,1,,False,,False,True,133.79,133.79
386,0 days 01:19:57.822000,RUS,63,,21.0,3.0,,0 days 01:19:49.935000,59.701,49.913,49.856,0 days 01:18:18.232000,0 days 01:19:08.082000,0 days 01:19:57.822000,177.0,149.0,,194.0,False,SOFT,8.0,True,Mercedes,0 days 01:17:18.302000,2022-09-30 11:02:18.449,12,,False,,False,False,,159.47
387,0 days 00:17:13.785000,BOT,77,,1.0,1.0,0 days 00:15:14.562000,,,46.959,39.727,,0 days 00:16:34.260000,0 days 00:17:13.905000,265.0,252.0,237.0,,False,HARD,1.0,True,Alfa Romeo,0 days 00:15:14.562000,2022-09-30 10:00:14.709,1,,False,,False,False,,
388,0 days 00:19:05.049000,BOT,77,0 days 00:01:51.264000,2.0,1.0,,,29.86,43.466,37.938,0 days 00:17:43.645000,0 days 00:18:27.111000,0 days 00:19:05.049000,298.0,266.0,241.0,283.0,True,HARD,2.0,True,Alfa Romeo,0 days 00:17:13.785000,2022-09-30 10:02:13.932,1,,False,,False,True,111.264,111.264
389,0 days 00:20:55.140000,BOT,77,0 days 00:01:50.091000,3.0,1.0,,,29.695,42.885,37.511,0 days 00:19:34.744000,0 days 00:20:17.629000,0 days 00:20:55.140000,296.0,266.0,243.0,284.0,True,HARD,3.0,True,Alfa Romeo,0 days 00:19:05.049000,2022-09-30 10:04:05.196,1,,False,,False,True,110.091,110.09100000000001
390,0 days 00:22:44.698000,BOT,77,0 days 00:01:49.558000,4.0,1.0,,,29.482,42.604,37.472,0 days 00:21:24.622000,0 days 00:22:07.226000,0 days 00:22:44.698000,294.0,264.0,244.0,283.0,True,HARD,4.0,True,Alfa Romeo,0 days 00:20:55.140000,2022-09-30 10:05:55.287,1,,False,,False,True,109.558,109.55799999999999
391,0 days 00:24:33.864000,BOT,77,0 days 00:01:49.166000,5.0,1.0,,,29.384,42.664,37.118,0 days 00:23:14.082000,0 days 00:23:56.746000,0 days 00:24:33.864000,295.0,265.0,245.0,284.0,True,HARD,5.0,True,Alfa Romeo,0 days 00:22:44.698000,2022-09-30 10:07:44.845,1,,False,,False,True,109.166,109.166
392,0 days 00:26:30.711000,BOT,77,0 days 00:01:56.847000,6.0,1.0,,,29.573,47.047,40.227,0 days 00:25:03.437000,0 days 00:25:50.484000,0 days 00:26:30.711000,295.0,248.0,243.0,285.0,False,HARD,6.0,True,Alfa Romeo,0 days 00:24:33.864000,2022-09-30 10:09:34.011,12,,False,,False,True,116.847,116.84700000000001
393,0 days 00:28:18.923000,BOT,77,0 days 00:01:48.212000,7.0,1.0,,,29.203,42.01,36.999,0 days 00:26:59.914000,0 days 00:27:41.924000,0 days 00:28:18.923000,300.0,267.0,245.0,288.0,True,HARD,7.0,True,Alfa Romeo,0 days 00:26:30.711000,2022-09-30 10:11:30.858,1,,False,,False,True,108.212,108.21199999999999
394,0 days 00:30:20.426000,BOT,77,0 days 00:02:01.503000,8.0,1.0,,0 days 00:30:12.520000,30.585,44.481,46.437,0 days 00:28:49.508000,0 days 00:29:33.989000,0 days 00:30:20.426000,295.0,264.0,,286.0,False,HARD,8.0,True,Alfa Romeo,0 days 00:28:18.923000,2022-09-30 10:13:19.070,1,,False,,False,False,121.503,121.503
395,0 days 00:33:03.977000,BOT,77,,9.0,2.0,0 days 00:30:39.202000,0 days 00:32:55.939000,63.483,50.499,49.393,0 days 00:31:24.111000,0 days 00:32:14.584000,0 days 00:33:03.994000,274.0,210.0,,286.0,False,HARD,9.0,False,Alfa Romeo,0 days 00:30:20.426000,2022-09-30 10:15:20.573,1,,False,,False,False,,163.375
396,0 days 00:45:20.863000,BOT,77,,10.0,3.0,0 days 00:43:22.454000,,,44.724,38.667,,0 days 00:44:42.390000,0 days 00:45:20.925000,233.0,240.0,245.0,286.0,False,MEDIUM,1.0,True,Alfa Romeo,0 days 00:33:03.977000,2022-09-30 10:18:04.124,1,,False,,False,False,,
397,0 days 00:47:06.787000,BOT,77,0 days 00:01:45.924000,11.0,3.0,,,28.599,41.102,36.223,0 days 00:45:49.462000,0 days 00:46:30.564000,0 days 00:47:06.787000,301.0,271.0,246.0,290.0,True,MEDIUM,2.0,True,Alfa Romeo,0 days 00:45:20.863000,2022-09-30 10:30:21.010,1,,False,,False,True,105.924,105.92399999999999
398,0 days 00:49:13.469000,BOT,77,0 days 00:02:06.682000,12.0,3.0,,,35.832,49.577,41.273,0 days 00:47:42.619000,0 days 00:48:32.196000,0 days 00:49:13.469000,269.0,231.0,247.0,212.0,False,MEDIUM,3.0,True,Alfa Romeo,0 days 00:47:06.787000,2022-09-30 10:32:06.934,1,,False,,False,True,126.682,126.68199999999999
399,0 days 00:50:59.194000,BOT,77,0 days 00:01:45.725000,13.0,3.0,,,28.724,40.982,36.019,0 days 00:49:42.193000,0 days 00:50:23.175000,0 days 00:50:59.194000,302.0,271.0,245.0,290.0,True,MEDIUM,4.0,True,Alfa Romeo,0 days 00:49:13.469000,2022-09-30 10:34:13.616,1,,False,,False,True,105.725,105.725
400,0 days 00:53:18.857000,BOT,77,0 days 00:02:19.663000,14.0,3.0,,,37.567,50.537,51.559,0 days 00:51:36.761000,0 days 00:52:27.298000,0 days 00:53:18.857000,247.0,215.0,246.0,211.0,False,MEDIUM,5.0,True,Alfa Romeo,0 days 00:50:59.194000,2022-09-30 10:35:59.341,1,,False,,False,True,139.663,139.663
401,0 days 01:01:48.028000,BOT,77,,15.0,3.0,,0 days 00:55:33.351000,29.451,,,0 days 00:53:48.489000,,,140.0,,,293.0,False,MEDIUM,6.0,True,Alfa Romeo,0 days 00:53:18.857000,2022-09-30 10:38:19.004,125,,False,,False,False,,
402,0 days 01:03:57.669000,BOT,77,,16.0,4.0,0 days 01:01:48.028000,,,44.285,38.184,,0 days 01:03:19.578000,0 days 01:03:57.680000,276.0,250.0,235.0,293.0,False,HARD,10.0,False,Alfa Romeo,0 days 01:01:48.028000,2022-09-30 10:46:48.175,1,,False,,False,False,,
403,0 days 01:05:49.084000,BOT,77,0 days 00:01:51.415000,17.0,4.0,,,30.442,43.024,37.949,0 days 01:04:28.111000,0 days 01:05:11.135000,0 days 01:05:49.084000,272.0,250.0,236.0,262.0,False,HARD,11.0,False,Alfa Romeo,0 days 01:03:57.669000,2022-09-30 10:48:57.816,1,,False,,False,True,111.415,111.415
404,0 days 01:07:41.521000,BOT,77,0 days 00:01:52.437000,18.0,4.0,,,30.471,42.997,38.969,0 days 01:06:19.555000,0 days 01:07:02.552000,0 days 01:07:41.521000,274.0,251.0,236.0,264.0,False,HARD,12.0,False,Alfa Romeo,0 days 01:05:49.084000,2022-09-30 10:50:49.231,1,,False,,False,True,112.437,112.43700000000001
405,0 days 01:09:33.192000,BOT,77,0 days 00:01:51.671000,19.0,4.0,,,30.464,43.203,38.004,0 days 01:08:11.985000,0 days 01:08:55.188000,0 days 01:09:33.192000,274.0,253.0,236.0,265.0,False,HARD,13.0,False,Alfa Romeo,0 days 01:07:41.521000,2022-09-30 10:52:41.668,1,,False,,False,True,111.671,111.67099999999999
406,0 days 01:11:26.688000,BOT,77,0 days 00:01:53.496000,20.0,4.0,,,30.468,43.312,39.716,0 days 01:10:03.660000,0 days 01:10:46.972000,0 days 01:11:26.688000,276.0,253.0,234.0,267.0,False,HARD,14.0,False,Alfa Romeo,0 days 01:09:33.192000,2022-09-30 10:54:33.339,12,,False,,False,True,113.496,113.49600000000001
407,0 days 01:13:26.420000,BOT,77,0 days 00:01:59.732000,21.0,4.0,,0 days 01:13:18.423000,30.599,43.59,45.543,0 days 01:11:57.287000,0 days 01:12:40.877000,0 days 01:13:26.420000,282.0,251.0,,265.0,False,HARD,15.0,False,Alfa Romeo,0 days 01:11:26.688000,2022-09-30 10:56:26.835,1,,False,,False,False,119.732,119.732
408,0 days 01:15:40.012000,BOT,77,0 days 00:02:13.592000,22.0,5.0,0 days 01:13:50.207000,,52.982,42.991,37.619,0 days 01:14:19.402000,0 days 01:15:02.393000,0 days 01:15:40.012000,273.0,250.0,237.0,265.0,False,MEDIUM,12.0,False,Alfa Romeo,0 days 01:13:26.420000,2022-09-30 10:58:26.567,1,,False,,False,False,133.592,133.59199999999998
409,0 days 01:18:13.524000,BOT,77,,23.0,5.0,,,35.888,55.616,62.025,0 days 01:16:16.039000,0 days 01:17:11.607000,0 days 01:18:13.524000,250.0,139.0,43.0,235.0,False,MEDIUM,13.0,False,Alfa Romeo,0 days 01:15:40.012000,2022-09-30 11:00:40.159,12,,False,,False,False,,153.529
410,0 days 01:20:54.367000,BOT,77,,24.0,5.0,,0 days 01:20:46.448000,61.015,49.921,49.922,0 days 01:19:14.682000,0 days 01:20:04.561000,0 days 01:20:54.367000,279.0,236.0,,194.0,False,MEDIUM,14.0,False,Alfa Romeo,0 days 01:18:13.524000,2022-09-30 11:03:13.671,21,,False,,False,False,,160.858
