,Time,Driver,DriverNumber,LapTime,LapNumber,Stint,PitOutTime,PitInTime,Sector1Time,Sector2Time,Sector3Time,Sector1SessionTime,Sector2SessionTime,Sector3SessionTime,SpeedI1,SpeedI2,SpeedFL,SpeedST,IsPersonalBest,Compound,TyreLife,FreshTyre,Team,LapStartTime,LapStartDate,TrackStatus,Position,Deleted,DeletedReason,FastF1Generated,IsAccurate,LapTime_in_seconds,laptime_sum_sectortimes
0,0 days 00:39:56.163000,RIC,3,,1.0,1.0,0 days 00:38:18.764000,,,36.826,30.231,,0 days 00:39:25.968000,0 days 00:39:56.280000,233.0,160.0,295.0,,False,HARD,1.0,True,Renault,0 days 00:38:18.764000,2020-10-23 10:23:20.164,1,,False,,False,False,,
1,0 days 00:41:23.394000,RIC,3,0 days 00:01:27.231000,2.0,1.0,,,25.59,33.867,27.774,0 days 00:40:21.753000,0 days 00:40:55.620000,0 days 00:41:23.394000,263.0,170.0,298.0,306.0,True,HARD,2.0,True,Renault,0 days 00:39:56.163000,2020-10-23 10:24:57.563,1,,False,,False,True,87.231,87.231
2,0 days 00:42:48.985000,RIC,3,0 days 00:01:25.591000,3.0,1.0,,,25.437,32.836,27.318,0 days 00:41:48.831000,0 days 00:42:21.667000,0 days 00:42:48.985000,262.0,174.0,304.0,298.0,True,HARD,3.0,True,Renault,0 days 00:41:23.394000,2020-10-23 10:26:24.794,1,,False,,False,True,85.591,85.591
3,0 days 00:44:13.702000,RIC,3,0 days 00:01:24.717000,4.0,1.0,,,24.74,32.748,27.229,0 days 00:43:13.725000,0 days 00:43:46.473000,0 days 00:44:13.702000,260.0,178.0,304.0,311.0,True,HARD,4.0,True,Renault,0 days 00:42:48.985000,2020-10-23 10:27:50.385,12,,False,,False,True,84.717,84.717
4,0 days 00:45:37.722000,RIC,3,0 days 00:01:24.020000,5.0,1.0,,,24.984,32.313,26.723,0 days 00:44:38.686000,0 days 00:45:10.999000,0 days 00:45:37.722000,261.0,184.0,305.0,316.0,True,HARD,5.0,True,Renault,0 days 00:44:13.702000,2020-10-23 10:29:15.102,1,,False,,False,True,84.02,84.02000000000001
5,0 days 00:47:00.228000,RIC,3,0 days 00:01:22.506000,6.0,1.0,,,24.013,32.023,26.47,0 days 00:46:01.735000,0 days 00:46:33.758000,0 days 00:47:00.228000,264.0,185.0,305.0,316.0,True,HARD,6.0,True,Renault,0 days 00:45:37.722000,2020-10-23 10:30:39.122,12,,False,,False,True,82.506,82.506
6,0 days 00:48:21.847000,RIC,3,0 days 00:01:21.619000,7.0,1.0,,,23.754,31.552,26.313,0 days 00:47:23.982000,0 days 00:47:55.534000,0 days 00:48:21.847000,268.0,187.0,306.0,316.0,True,HARD,7.0,True,Renault,0 days 00:47:00.228000,2020-10-23 10:32:01.628,1,,False,,False,True,81.619,81.619
7,0 days 00:49:42.961000,RIC,3,0 days 00:01:21.114000,8.0,1.0,,,23.756,31.389,25.969,0 days 00:48:45.603000,0 days 00:49:16.992000,0 days 00:49:42.961000,268.0,188.0,305.0,316.0,True,HARD,8.0,True,Renault,0 days 00:48:21.847000,2020-10-23 10:33:23.247,1,,False,,False,True,81.114,81.114
8,0 days 00:51:03.778000,RIC,3,0 days 00:01:20.817000,9.0,1.0,,,23.506,31.276,26.035,0 days 00:50:06.467000,0 days 00:50:37.743000,0 days 00:51:03.778000,266.0,188.0,304.0,312.0,True,HARD,9.0,True,Renault,0 days 00:49:42.961000,2020-10-23 10:34:44.361,1,,False,,False,True,80.817,80.817
9,0 days 00:52:39.265000,RIC,3,0 days 00:01:35.487000,10.0,1.0,,0 days 00:52:38.397000,26.651,37.066,31.77,0 days 00:51:30.429000,0 days 00:52:07.495000,0 days 00:52:39.265000,199.0,161.0,,311.0,False,HARD,10.0,True,Renault,0 days 00:51:03.778000,2020-10-23 10:36:05.178,1,,False,,False,False,95.487,95.487
10,0 days 01:11:37.023000,RIC,3,,11.0,2.0,0 days 01:10:04.818000,,,34.388,31.043,,0 days 01:11:06.001000,0 days 01:11:37.157000,252.0,169.0,307.0,311.0,False,MEDIUM,1.0,True,Renault,0 days 00:52:39.265000,2020-10-23 10:37:40.665,1,,False,,False,False,,
11,0 days 01:13:00.559000,RIC,3,0 days 00:01:23.536000,12.0,2.0,,,24.842,32.236,26.458,0 days 01:12:01.865000,0 days 01:12:34.101000,0 days 01:13:00.559000,267.0,181.0,303.0,320.0,False,MEDIUM,2.0,True,Renault,0 days 01:11:37.023000,2020-10-23 10:56:38.423,1,,False,,False,True,83.536,83.536
12,0 days 01:14:24.875000,RIC,3,0 days 00:01:24.316000,13.0,2.0,,,24.66,31.973,27.683,0 days 01:13:25.219000,0 days 01:13:57.192000,0 days 01:14:24.875000,262.0,186.0,304.0,311.0,False,MEDIUM,3.0,True,Renault,0 days 01:13:00.559000,2020-10-23 10:58:01.959,1,,False,,False,True,84.316,84.316
13,0 days 01:15:49.317000,RIC,3,0 days 00:01:24.442000,14.0,2.0,,,25.069,31.613,27.76,0 days 01:14:49.944000,0 days 01:15:21.557000,0 days 01:15:49.317000,264.0,188.0,304.0,315.0,False,MEDIUM,4.0,True,Renault,0 days 01:14:24.875000,2020-10-23 10:59:26.275,1,,False,,False,True,84.442,84.44200000000001
14,0 days 01:17:11.945000,RIC,3,0 days 00:01:22.628000,15.0,2.0,,,23.633,31.306,27.689,0 days 01:16:12.950000,0 days 01:16:44.256000,0 days 01:17:11.945000,269.0,187.0,304.0,317.0,False,MEDIUM,5.0,True,Renault,0 days 01:15:49.317000,2020-10-23 11:00:50.717,1,,False,,False,True,82.628,82.628
15,0 days 01:18:32.559000,RIC,3,0 days 00:01:20.614000,16.0,2.0,,,23.559,31.014,26.041,0 days 01:17:35.504000,0 days 01:18:06.518000,0 days 01:18:32.559000,269.0,187.0,306.0,316.0,True,MEDIUM,6.0,True,Renault,0 days 01:17:11.945000,2020-10-23 11:02:13.345,1,,False,,False,True,80.614,80.614
16,0 days 01:19:52.928000,RIC,3,0 days 00:01:20.369000,17.0,2.0,,,23.286,31.148,25.935,0 days 01:18:55.845000,0 days 01:19:26.993000,0 days 01:19:52.928000,271.0,189.0,306.0,320.0,True,MEDIUM,7.0,True,Renault,0 days 01:18:32.559000,2020-10-23 11:03:33.959,1,,False,,False,True,80.369,80.369
17,0 days 01:21:15.260000,RIC,3,0 days 00:01:22.332000,18.0,2.0,,,23.825,31.817,26.69,0 days 01:20:16.753000,0 days 01:20:48.570000,0 days 01:21:15.260000,270.0,180.0,305.0,318.0,False,MEDIUM,8.0,True,Renault,0 days 01:19:52.928000,2020-10-23 11:04:54.328,1,,False,,False,True,82.332,82.332
18,0 days 01:22:35.318000,RIC,3,0 days 00:01:20.058000,19.0,2.0,,,23.371,30.904,25.783,0 days 01:21:38.631000,0 days 01:22:09.535000,0 days 01:22:35.318000,270.0,191.0,304.0,316.0,True,MEDIUM,9.0,True,Renault,0 days 01:21:15.260000,2020-10-23 11:06:16.660,1,,False,,False,True,80.058,80.05799999999999
19,0 days 01:24:06.681000,RIC,3,0 days 00:01:31.363000,20.0,2.0,,0 days 01:24:03.668000,25.3,34.203,31.86,0 days 01:23:00.618000,0 days 01:23:34.821000,0 days 01:24:06.681000,242.0,169.0,,311.0,False,MEDIUM,10.0,True,Renault,0 days 01:22:35.318000,2020-10-23 11:07:36.718,1,,False,,False,False,91.363,91.363
20,0 days 01:39:57.394000,RIC,3,,21.0,3.0,0 days 01:38:23.577000,,,35.863,28.47,,0 days 01:39:28.937000,0 days 01:39:58.309000,262.0,176.0,305.0,311.0,False,MEDIUM,11.0,False,Renault,0 days 01:24:06.681000,2020-10-23 11:09:08.081,1,,False,,False,False,,
21,0 days 01:41:19.005000,RIC,3,0 days 00:01:21.611000,22.0,3.0,,,23.971,31.507,26.133,0 days 01:40:21.365000,0 days 01:40:52.872000,0 days 01:41:19.005000,262.0,190.0,304.0,312.0,False,MEDIUM,12.0,False,Renault,0 days 01:39:57.394000,2020-10-23 11:24:58.794,1,,False,,False,True,81.611,81.611
22,0 days 01:42:42.832000,RIC,3,0 days 00:01:23.827000,23.0,3.0,,,25.952,31.588,26.287,0 days 01:41:44.957000,0 days 01:42:16.545000,0 days 01:42:42.832000,263.0,187.0,303.0,314.0,False,MEDIUM,13.0,False,Renault,0 days 01:41:19.005000,2020-10-23 11:26:20.405,12,,False,,False,True,83.827,83.827
23,0 days 01:44:06.060000,RIC,3,0 days 00:01:23.228000,24.0,3.0,,,23.577,31.679,27.972,0 days 01:43:06.409000,0 days 01:43:38.088000,0 days 01:44:06.060000,270.0,190.0,302.0,314.0,False,MEDIUM,14.0,False,Renault,0 days 01:42:42.832000,2020-10-23 11:27:44.232,1,,False,,False,True,83.228,83.22800000000001
24,0 days 01:45:35.364000,RIC,3,0 days 00:01:29.304000,25.0,3.0,,,23.98,33.649,31.675,0 days 01:44:30.040000,0 days 01:45:03.689000,0 days 01:45:35.364000,269.0,158.0,260.0,311.0,False,MEDIUM,15.0,False,Renault,0 days 01:44:06.060000,2020-10-23 11:29:07.460,1,,True,TRACK LIMITS AT TURN 4,False,True,89.304,89.304
25,0 days 01:47:26.116000,RIC,3,0 days 00:01:50.752000,26.0,3.0,,,28.897,36.937,44.918,0 days 01:46:04.261000,0 days 01:46:41.198000,0 days 01:47:26.116000,234.0,148.0,58.0,253.0,False,MEDIUM,16.0,False,Renault,0 days 01:45:35.364000,2020-10-23 11:30:36.764,1,,False,,False,True,110.752,110.75200000000001
26,0 days 01:49:37.720000,RIC,3,0 days 00:02:11.604000,27.0,3.0,,0 days 01:49:35.125000,58.908,34.925,37.771,0 days 01:48:25.024000,0 days 01:48:59.949000,0 days 01:49:37.720000,266.0,148.0,,260.0,False,MEDIUM,17.0,False,Renault,0 days 01:47:26.116000,2020-10-23 11:32:27.516,1,,False,,False,False,131.604,131.60399999999998
27,0 days 00:19:04.344000,NOR,4,,1.0,1.0,0 days 00:17:22.708000,0 days 00:19:01.357000,,35.859,37.489,,0 days 00:18:26.855000,0 days 00:19:04.468000,256.0,167.0,,,False,HARD,1.0,True,McLaren,0 days 00:17:22.708000,2020-10-23 10:02:24.108,1,,False,,False,False,,
28,0 days 00:35:35.550000,NOR,4,,2.0,2.0,0 days 00:34:03.803000,,,36.005,28.682,,0 days 00:35:06.880000,0 days 00:35:36.404000,233.0,174.0,294.0,,False,HARD,2.0,False,McLaren,0 days 00:19:04.344000,2020-10-23 10:04:05.744,12,,False,,False,False,,
29,0 days 00:37:01.682000,NOR,4,0 days 00:01:26.132000,3.0,2.0,,,25.155,33.376,27.601,0 days 00:36:00.705000,0 days 00:36:34.081000,0 days 00:37:01.682000,266.0,180.0,299.0,314.0,True,HARD,3.0,False,McLaren,0 days 00:35:35.550000,2020-10-23 10:20:36.950,1,,False,,False,True,86.132,86.132
30,0 days 00:38:26.183000,NOR,4,0 days 00:01:24.501000,4.0,2.0,,,24.649,32.533,27.319,0 days 00:37:26.331000,0 days 00:37:58.864000,0 days 00:38:26.183000,268.0,179.0,288.0,317.0,True,HARD,4.0,False,McLaren,0 days 00:37:01.682000,2020-10-23 10:22:03.082,1,,False,,False,True,84.501,84.501
31,0 days 00:40:00.107000,NOR,4,0 days 00:01:33.924000,5.0,2.0,,,28.744,36.932,28.248,0 days 00:38:54.927000,0 days 00:39:31.859000,0 days 00:40:00.107000,244.0,166.0,302.0,294.0,False,HARD,5.0,False,McLaren,0 days 00:38:26.183000,2020-10-23 10:23:27.583,1,,False,,False,True,93.924,93.924
32,0 days 00:41:23.600000,NOR,4,0 days 00:01:23.493000,6.0,2.0,,,24.116,32.196,27.181,0 days 00:40:24.223000,0 days 00:40:56.419000,0 days 00:41:23.600000,270.0,184.0,312.0,319.0,True,HARD,6.0,False,McLaren,0 days 00:40:00.107000,2020-10-23 10:25:01.507,1,,False,,False,True,83.493,83.493
33,0 days 00:42:46.118000,NOR,4,0 days 00:01:22.518000,7.0,2.0,,,23.989,31.908,26.621,0 days 00:41:47.589000,0 days 00:42:19.497000,0 days 00:42:46.118000,270.0,188.0,301.0,320.0,True,HARD,7.0,False,McLaren,0 days 00:41:23.600000,2020-10-23 10:26:25.000,1,,False,,False,True,82.518,82.518
34,0 days 00:44:11.574000,NOR,4,0 days 00:01:25.456000,8.0,2.0,,,25.806,33.181,26.469,0 days 00:43:11.924000,0 days 00:43:45.105000,0 days 00:44:11.574000,246.0,189.0,303.0,297.0,False,HARD,8.0,False,McLaren,0 days 00:42:46.118000,2020-10-23 10:27:47.518,12,,False,,False,True,85.456,85.45599999999999
35,0 days 00:45:33.283000,NOR,4,0 days 00:01:21.709000,9.0,2.0,,,23.986,31.569,26.154,0 days 00:44:35.560000,0 days 00:45:07.129000,0 days 00:45:33.283000,264.0,192.0,307.0,308.0,True,HARD,9.0,False,McLaren,0 days 00:44:11.574000,2020-10-23 10:29:12.974,1,,False,,False,True,81.709,81.709
36,0 days 00:46:56.783000,NOR,4,0 days 00:01:23.500000,10.0,2.0,,,23.492,31.533,28.475,0 days 00:45:56.775000,0 days 00:46:28.308000,0 days 00:46:56.783000,267.0,188.0,304.0,319.0,False,HARD,10.0,False,McLaren,0 days 00:45:33.283000,2020-10-23 10:30:34.683,12,,False,,False,True,83.5,83.5
37,0 days 00:48:17.579000,NOR,4,0 days 00:01:20.796000,11.0,2.0,,,23.474,31.126,26.196,0 days 00:47:20.257000,0 days 00:47:51.383000,0 days 00:48:17.579000,269.0,191.0,304.0,316.0,True,HARD,11.0,False,McLaren,0 days 00:46:56.783000,2020-10-23 10:31:58.183,1,,False,,False,True,80.796,80.796
38,0 days 00:49:42.122000,NOR,4,0 days 00:01:24.543000,12.0,2.0,,0 days 00:49:39.400000,23.262,30.937,30.344,0 days 00:48:40.841000,0 days 00:49:11.778000,0 days 00:49:42.122000,270.0,193.0,,315.0,False,HARD,12.0,False,McLaren,0 days 00:48:17.579000,2020-10-23 10:33:18.979,1,,False,,False,False,84.543,84.543
39,0 days 00:51:38.976000,NOR,4,0 days 00:01:56.854000,13.0,3.0,0 days 00:50:07.453000,0 days 00:51:36.052000,52.284,33.723,30.847,0 days 00:50:34.406000,0 days 00:51:08.129000,0 days 00:51:38.976000,157.0,189.0,,315.0,False,HARD,13.0,False,McLaren,0 days 00:49:42.122000,2020-10-23 10:34:43.522,1,,False,,False,False,116.854,116.85400000000001
40,0 days 01:14:20.286000,NOR,4,,14.0,4.0,0 days 01:12:40.521000,,,36.575,30.534,,0 days 01:13:52.035000,0 days 01:14:21.091000,227.0,160.0,300.0,315.0,False,MEDIUM,1.0,True,McLaren,0 days 00:51:38.976000,2020-10-23 10:36:40.376,1,,False,,False,False,,
41,0 days 01:15:46.447000,NOR,4,0 days 00:01:26.161000,15.0,4.0,,,24.138,34.96,27.063,0 days 01:14:44.424000,0 days 01:15:19.384000,0 days 01:15:46.447000,266.0,161.0,303.0,312.0,False,MEDIUM,2.0,True,McLaren,0 days 01:14:20.286000,2020-10-23 10:59:21.686,1,,False,,False,True,86.161,86.161
42,0 days 01:17:09.415000,NOR,4,0 days 00:01:22.968000,16.0,4.0,,,23.393,32.671,26.904,0 days 01:16:09.840000,0 days 01:16:42.511000,0 days 01:17:09.415000,272.0,188.0,302.0,317.0,False,MEDIUM,3.0,True,McLaren,0 days 01:15:46.447000,2020-10-23 11:00:47.847,1,,False,,False,True,82.968,82.968
43,0 days 01:18:29.952000,NOR,4,0 days 00:01:20.537000,17.0,4.0,,,23.228,31.269,26.04,0 days 01:17:32.643000,0 days 01:18:03.912000,0 days 01:18:29.952000,272.0,190.0,303.0,314.0,True,MEDIUM,4.0,True,McLaren,0 days 01:17:09.415000,2020-10-23 11:02:10.815,1,,False,,False,True,80.537,80.537
44,0 days 01:19:50.159000,NOR,4,0 days 00:01:20.207000,18.0,4.0,,,23.108,30.931,26.168,0 days 01:18:53.060000,0 days 01:19:23.991000,0 days 01:19:50.159000,271.0,191.0,313.0,315.0,True,MEDIUM,5.0,True,McLaren,0 days 01:18:29.952000,2020-10-23 11:03:31.352,1,,False,,False,True,80.207,80.207
45,0 days 01:21:11.674000,NOR,4,0 days 00:01:21.515000,19.0,4.0,,,24.332,31.209,25.974,0 days 01:20:14.491000,0 days 01:20:45.700000,0 days 01:21:11.674000,269.0,196.0,301.0,312.0,False,MEDIUM,6.0,True,McLaren,0 days 01:19:50.159000,2020-10-23 11:04:51.559,1,,False,,False,True,81.515,81.515
46,0 days 01:22:36.004000,NOR,4,0 days 00:01:24.330000,20.0,4.0,,0 days 01:22:34.195000,22.986,30.561,30.783,0 days 01:21:34.660000,0 days 01:22:05.221000,0 days 01:22:36.004000,271.0,197.0,,312.0,False,MEDIUM,7.0,True,McLaren,0 days 01:21:11.674000,2020-10-23 11:06:13.074,1,,False,,False,False,84.33,84.33
47,0 days 01:37:46.682000,NOR,4,,21.0,5.0,0 days 01:36:17.074000,,,33.971,30.483,,0 days 01:37:16.214000,0 days 01:37:46.847000,257.0,183.0,291.0,312.0,False,MEDIUM,8.0,False,McLaren,0 days 01:22:36.004000,2020-10-23 11:07:37.404,1,,False,,False,False,,
48,0 days 01:39:09.713000,NOR,4,0 days 00:01:23.031000,22.0,5.0,,,24.449,31.804,26.778,0 days 01:38:11.131000,0 days 01:38:42.935000,0 days 01:39:09.713000,261.0,191.0,293.0,286.0,False,MEDIUM,9.0,False,McLaren,0 days 01:37:46.682000,2020-10-23 11:22:48.082,1,,False,,False,True,83.031,83.031
49,0 days 01:40:31.643000,NOR,4,0 days 00:01:21.930000,23.0,5.0,,,24.083,31.597,26.25,0 days 01:39:33.796000,0 days 01:40:05.393000,0 days 01:40:31.643000,264.0,189.0,292.0,287.0,False,MEDIUM,10.0,False,McLaren,0 days 01:39:09.713000,2020-10-23 11:24:11.113,1,,True,TRACK LIMITS AT TURN 4,False,True,81.93,81.93
50,0 days 01:41:53.421000,NOR,4,0 days 00:01:21.778000,24.0,5.0,,,24.114,31.511,26.153,0 days 01:40:55.757000,0 days 01:41:27.268000,0 days 01:41:53.421000,262.0,193.0,292.0,286.0,False,MEDIUM,11.0,False,McLaren,0 days 01:40:31.643000,2020-10-23 11:25:33.043,12,,False,,False,True,81.778,81.77799999999999
51,0 days 01:43:15.512000,NOR,4,0 days 00:01:22.091000,25.0,5.0,,,24.305,31.552,26.234,0 days 01:42:17.726000,0 days 01:42:49.278000,0 days 01:43:15.512000,263.0,192.0,291.0,285.0,False,MEDIUM,12.0,False,McLaren,0 days 01:41:53.421000,2020-10-23 11:26:54.821,1,,False,,False,True,82.091,82.09100000000001
52,0 days 01:44:37.853000,NOR,4,0 days 00:01:22.341000,26.0,5.0,,,24.178,31.416,26.747,0 days 01:43:39.690000,0 days 01:44:11.106000,0 days 01:44:37.853000,265.0,193.0,291.0,281.0,False,MEDIUM,13.0,False,McLaren,0 days 01:43:15.512000,2020-10-23 11:28:16.912,1,,False,,False,True,82.341,82.34100000000001
53,0 days 01:46:00.408000,NOR,4,0 days 00:01:22.555000,27.0,5.0,,,24.306,31.762,26.487,0 days 01:45:02.159000,0 days 01:45:33.921000,0 days 01:46:00.408000,263.0,190.0,290.0,283.0,False,MEDIUM,14.0,False,McLaren,0 days 01:44:37.853000,2020-10-23 11:29:39.253,1,,False,,False,True,82.555,82.55499999999999
54,0 days 01:47:54.095000,NOR,4,0 days 00:01:53.687000,28.0,5.0,,,24.868,37.635,51.184,0 days 01:46:25.276000,0 days 01:47:02.911000,0 days 01:47:54.095000,228.0,87.0,44.0,282.0,False,MEDIUM,15.0,False,McLaren,0 days 01:46:00.408000,2020-10-23 11:31:01.808,1,,True,TRACK LIMITS AT TURN 4,False,True,113.687,113.687
55,0 days 01:49:53.638000,NOR,4,0 days 00:01:59.543000,29.0,5.0,,0 days 01:49:50.676000,51.649,34.337,33.557,0 days 01:48:45.744000,0 days 01:49:20.081000,0 days 01:49:53.638000,262.0,160.0,,246.0,False,MEDIUM,16.0,False,McLaren,0 days 01:47:54.095000,2020-10-23 11:32:55.495,1,,False,,False,False,119.543,119.543
56,0 days 00:16:46.284000,VET,5,,1.0,1.0,0 days 00:15:08.947000,,,38.514,31.612,,0 days 00:16:16.961000,0 days 00:16:46.411000,239.0,142.0,277.0,,False,HARD,1.0,True,Ferrari,0 days 00:15:08.947000,2020-10-23 10:00:10.347,1,,False,,False,False,,
57,0 days 00:18:16.746000,VET,5,0 days 00:01:30.462000,2.0,1.0,,,27.831,34.231,28.4,0 days 00:17:14.115000,0 days 00:17:48.346000,0 days 00:18:16.746000,258.0,169.0,283.0,286.0,True,HARD,2.0,True,Ferrari,0 days 00:16:46.284000,2020-10-23 10:01:47.684,1,,False,,False,True,90.462,90.46199999999999
58,0 days 00:19:52.641000,VET,5,0 days 00:01:35.895000,3.0,1.0,,0 days 00:19:49.654000,27.586,34.599,33.71,0 days 00:18:44.332000,0 days 00:19:18.931000,0 days 00:19:52.641000,170.0,177.0,,289.0,False,HARD,3.0,True,Ferrari,0 days 00:18:16.746000,2020-10-23 10:03:18.146,1,,False,,False,False,95.895,95.895
59,0 days 00:37:19.739000,VET,5,,4.0,2.0,0 days 00:35:50.222000,,,35.408,28.759,,0 days 00:36:51.002000,0 days 00:37:19.924000,249.0,171.0,293.0,289.0,False,HARD,4.0,False,Ferrari,0 days 00:19:52.641000,2020-10-23 10:04:54.041,12,,False,,False,False,,
60,0 days 00:38:44.664000,VET,5,0 days 00:01:24.925000,5.0,2.0,,,25.02,32.546,27.359,0 days 00:37:44.759000,0 days 00:38:17.305000,0 days 00:38:44.664000,265.0,177.0,309.0,312.0,True,HARD,5.0,False,Ferrari,0 days 00:37:19.739000,2020-10-23 10:22:21.139,1,,False,,False,True,84.925,84.92500000000001
61,0 days 00:40:14.054000,VET,5,0 days 00:01:29.390000,6.0,2.0,,,24.852,32.569,31.969,0 days 00:39:09.516000,0 days 00:39:42.085000,0 days 00:40:14.054000,270.0,189.0,301.0,315.0,False,HARD,6.0,False,Ferrari,0 days 00:38:44.664000,2020-10-23 10:23:46.064,1,,True,TRACK LIMITS AT TURN 4,False,True,89.39,89.39000000000001
62,0 days 00:41:38.162000,VET,5,0 days 00:01:24.108000,7.0,2.0,,,24.036,32.451,27.621,0 days 00:40:38.090000,0 days 00:41:10.541000,0 days 00:41:38.162000,270.0,183.0,299.0,317.0,True,HARD,7.0,False,Ferrari,0 days 00:40:14.054000,2020-10-23 10:25:15.454,1,,False,,False,True,84.108,84.108
63,0 days 00:42:59.988000,VET,5,0 days 00:01:21.826000,8.0,2.0,,,23.827,31.678,26.321,0 days 00:42:01.989000,0 days 00:42:33.667000,0 days 00:42:59.988000,269.0,189.0,301.0,315.0,True,HARD,8.0,False,Ferrari,0 days 00:41:38.162000,2020-10-23 10:26:39.562,12,,False,,False,True,81.826,81.82600000000001
64,0 days 00:44:27.692000,VET,5,0 days 00:01:27.704000,9.0,2.0,,,23.584,32.425,31.695,0 days 00:43:23.572000,0 days 00:43:55.997000,0 days 00:44:27.692000,271.0,167.0,299.0,316.0,False,HARD,9.0,False,Ferrari,0 days 00:42:59.988000,2020-10-23 10:28:01.388,1,,False,,False,True,87.704,87.70400000000001
65,0 days 00:45:48.793000,VET,5,0 days 00:01:21.101000,10.0,2.0,,,23.581,31.225,26.295,0 days 00:44:51.273000,0 days 00:45:22.498000,0 days 00:45:48.793000,270.0,188.0,302.0,315.0,True,HARD,10.0,False,Ferrari,0 days 00:44:27.692000,2020-10-23 10:29:29.092,1,,False,,False,True,81.101,81.101
66,0 days 00:47:09.210000,VET,5,0 days 00:01:20.417000,11.0,2.0,,,23.189,31.26,25.968,0 days 00:46:11.982000,0 days 00:46:43.242000,0 days 00:47:09.210000,269.0,191.0,302.0,319.0,True,HARD,11.0,False,Ferrari,0 days 00:45:48.793000,2020-10-23 10:30:50.193,12,,False,,False,True,80.417,80.417
67,0 days 00:48:34.894000,VET,5,0 days 00:01:25.684000,12.0,2.0,,,27.013,32.161,26.51,0 days 00:47:36.223000,0 days 00:48:08.384000,0 days 00:48:34.894000,241.0,187.0,301.0,285.0,False,HARD,12.0,False,Ferrari,0 days 00:47:09.210000,2020-10-23 10:32:10.610,1,,False,,False,True,85.684,85.68400000000001
68,0 days 00:49:58.095000,VET,5,0 days 00:01:23.201000,13.0,2.0,,,23.504,31.397,28.3,0 days 00:48:58.398000,0 days 00:49:29.795000,0 days 00:49:58.095000,270.0,189.0,301.0,314.0,False,HARD,13.0,False,Ferrari,0 days 00:48:34.894000,2020-10-23 10:33:36.294,1,,False,,False,True,83.201,83.201
69,0 days 00:51:18.125000,VET,5,0 days 00:01:20.030000,14.0,2.0,,,23.243,30.98,25.807,0 days 00:50:21.338000,0 days 00:50:52.318000,0 days 00:51:18.125000,268.0,193.0,299.0,313.0,False,HARD,14.0,False,Ferrari,0 days 00:49:58.095000,2020-10-23 10:34:59.495,1,,True,TRACK LIMITS AT TURN 4,False,True,80.03,80.03
70,0 days 00:52:38.325000,VET,5,0 days 00:01:20.200000,15.0,2.0,,,23.31,30.819,26.071,0 days 00:51:41.435000,0 days 00:52:12.254000,0 days 00:52:38.325000,268.0,193.0,298.0,312.0,True,HARD,15.0,False,Ferrari,0 days 00:51:18.125000,2020-10-23 10:36:19.525,1,,False,,False,True,80.2,80.2
71,0 days 00:54:03.989000,VET,5,0 days 00:01:25.664000,16.0,2.0,,0 days 00:54:03.659000,23.443,31.963,30.258,0 days 00:53:01.768000,0 days 00:53:33.731000,0 days 00:54:03.989000,223.0,190.0,,309.0,False,HARD,16.0,False,Ferrari,0 days 00:52:38.325000,2020-10-23 10:37:39.725,1,,False,,False,False,85.664,85.664
72,0 days 01:07:23.024000,VET,5,,17.0,3.0,0 days 01:05:54.254000,,,34.599,27.984,,0 days 01:06:55.067000,0 days 01:07:23.191000,244.0,180.0,293.0,309.0,False,HARD,1.0,True,Ferrari,0 days 00:54:03.989000,2020-10-23 10:39:05.389,1,,False,,False,False,,
73,0 days 01:08:45.240000,VET,5,0 days 00:01:22.216000,18.0,3.0,,,23.901,31.631,26.684,0 days 01:07:46.925000,0 days 01:08:18.556000,0 days 01:08:45.240000,267.0,189.0,304.0,306.0,False,HARD,2.0,True,Ferrari,0 days 01:07:23.024000,2020-10-23 10:52:24.424,1,,False,,False,True,82.216,82.216
74,0 days 01:10:14.331000,VET,5,0 days 00:01:29.091000,19.0,3.0,,,26.433,35.028,27.63,0 days 01:09:11.673000,0 days 01:09:46.701000,0 days 01:10:14.331000,250.0,172.0,296.0,265.0,False,HARD,3.0,True,Ferrari,0 days 01:08:45.240000,2020-10-23 10:53:46.640,1,,False,,False,True,89.091,89.091
75,0 days 01:11:35.756000,VET,5,0 days 00:01:21.425000,20.0,3.0,,,23.629,31.023,26.773,0 days 01:10:37.960000,0 days 01:11:08.983000,0 days 01:11:35.756000,271.0,189.0,297.0,309.0,False,HARD,4.0,True,Ferrari,0 days 01:10:14.331000,2020-10-23 10:55:15.731,1,,False,,False,True,81.425,81.425
76,0 days 01:12:56.618000,VET,5,0 days 00:01:20.862000,21.0,3.0,,,23.255,30.906,26.701,0 days 01:11:59.011000,0 days 01:12:29.917000,0 days 01:12:56.618000,271.0,188.0,294.0,310.0,False,HARD,5.0,True,Ferrari,0 days 01:11:35.756000,2020-10-23 10:56:37.156,1,,False,,False,True,80.862,80.862
77,0 days 01:14:21.936000,VET,5,0 days 00:01:25.318000,22.0,3.0,,,23.417,34.323,27.578,0 days 01:13:20.035000,0 days 01:13:54.358000,0 days 01:14:21.936000,268.0,165.0,299.0,306.0,False,HARD,6.0,True,Ferrari,0 days 01:12:56.618000,2020-10-23 10:57:58.018,1,,True,TRACK LIMITS AT TURN 4,False,True,85.318,85.318
78,0 days 01:15:44.422000,VET,5,0 days 00:01:22.486000,23.0,3.0,,,23.337,31.1,28.049,0 days 01:14:45.273000,0 days 01:15:16.373000,0 days 01:15:44.422000,275.0,191.0,297.0,316.0,False,HARD,7.0,True,Ferrari,0 days 01:14:21.936000,2020-10-23 10:59:23.336,1,,False,,False,True,82.486,82.48599999999999
79,0 days 01:17:05.790000,VET,5,0 days 00:01:21.368000,24.0,3.0,,,23.633,31.404,26.331,0 days 01:16:08.055000,0 days 01:16:39.459000,0 days 01:17:05.790000,271.0,188.0,296.0,309.0,False,HARD,8.0,True,Ferrari,0 days 01:15:44.422000,2020-10-23 11:00:45.822,1,,False,,False,True,81.368,81.368
80,0 days 01:18:26.217000,VET,5,0 days 00:01:20.427000,25.0,3.0,,,23.344,31.022,26.061,0 days 01:17:29.134000,0 days 01:18:00.156000,0 days 01:18:26.217000,270.0,191.0,296.0,309.0,False,HARD,9.0,True,Ferrari,0 days 01:17:05.790000,2020-10-23 11:02:07.190,1,,True,TRACK LIMITS AT TURN 1,False,True,80.427,80.42699999999999
81,0 days 01:19:51.452000,VET,5,0 days 00:01:25.235000,26.0,3.0,,0 days 01:19:49.164000,23.162,31.247,30.826,0 days 01:18:49.379000,0 days 01:19:20.626000,0 days 01:19:51.452000,271.0,190.0,,311.0,False,HARD,10.0,True,Ferrari,0 days 01:18:26.217000,2020-10-23 11:03:27.617,1,,False,,False,False,85.235,85.235
82,0 days 01:21:54.989000,VET,5,0 days 00:02:03.537000,27.0,4.0,0 days 01:20:19.468000,0 days 01:21:52.748000,53.608,35.188,34.741,0 days 01:20:45.060000,0 days 01:21:20.248000,0 days 01:21:54.989000,198.0,156.0,,311.0,False,HARD,11.0,False,Ferrari,0 days 01:19:51.452000,2020-10-23 11:04:52.852,1,,False,,False,False,123.537,123.53699999999999
83,0 days 01:34:51.990000,VET,5,,28.0,5.0,0 days 01:33:20.945000,0 days 01:34:48.017000,,33.369,32.38,,0 days 01:34:19.614000,0 days 01:34:52.140000,251.0,178.0,,311.0,False,HARD,12.0,False,Ferrari,0 days 01:21:54.989000,2020-10-23 11:06:56.389,1,,False,,False,False,,
84,0 days 01:36:56.174000,VET,5,0 days 00:02:04.184000,29.0,6.0,0 days 01:35:33.329000,,65.124,32.052,27.008,0 days 01:35:57.114000,0 days 01:36:29.166000,0 days 01:36:56.174000,258.0,158.0,287.0,311.0,False,HARD,13.0,False,Ferrari,0 days 01:34:51.990000,2020-10-23 11:19:53.390,1,,False,,False,False,124.184,124.18399999999998
85,0 days 01:38:18.241000,VET,5,0 days 00:01:22.067000,30.0,6.0,,,24.198,31.509,26.36,0 days 01:37:20.372000,0 days 01:37:51.881000,0 days 01:38:18.241000,263.0,187.0,287.0,305.0,False,HARD,14.0,False,Ferrari,0 days 01:36:56.174000,2020-10-23 11:21:57.574,1,,False,,False,True,82.067,82.06700000000001
86,0 days 01:39:39.883000,VET,5,0 days 00:01:21.642000,31.0,6.0,,,23.996,31.408,26.238,0 days 01:38:42.237000,0 days 01:39:13.645000,0 days 01:39:39.883000,265.0,187.0,291.0,294.0,False,HARD,15.0,False,Ferrari,0 days 01:38:18.241000,2020-10-23 11:23:19.641,1,,False,,False,True,81.642,81.642
87,0 days 01:41:01.708000,VET,5,0 days 00:01:21.825000,32.0,6.0,,,23.829,31.521,26.475,0 days 01:40:03.712000,0 days 01:40:35.233000,0 days 01:41:01.708000,269.0,186.0,310.0,298.0,False,HARD,16.0,False,Ferrari,0 days 01:39:39.883000,2020-10-23 11:24:41.283,1,,False,,False,True,81.825,81.825
88,0 days 01:42:23.280000,VET,5,0 days 00:01:21.572000,33.0,6.0,,,23.855,31.216,26.501,0 days 01:41:25.563000,0 days 01:41:56.779000,0 days 01:42:23.280000,267.0,187.0,286.0,324.0,False,HARD,17.0,False,Ferrari,0 days 01:41:01.708000,2020-10-23 11:26:03.108,12,,True,TRACK LIMITS AT TURN 4,False,True,81.572,81.572
89,0 days 01:43:47.049000,VET,5,0 days 00:01:23.769000,34.0,6.0,,,24.2,32.023,27.546,0 days 01:42:47.480000,0 days 01:43:19.503000,0 days 01:43:47.049000,268.0,160.0,284.0,289.0,False,HARD,18.0,False,Ferrari,0 days 01:42:23.280000,2020-10-23 11:27:24.680,1,,False,,False,True,83.769,83.769
90,0 days 01:45:09.680000,VET,5,0 days 00:01:22.631000,35.0,6.0,,,24.139,31.683,26.809,0 days 01:44:11.188000,0 days 01:44:42.871000,0 days 01:45:09.680000,268.0,186.0,283.0,289.0,False,HARD,19.0,False,Ferrari,0 days 01:43:47.049000,2020-10-23 11:28:48.449,1,,False,,False,True,82.631,82.631
91,0 days 01:46:57.474000,VET,5,0 days 00:01:47.794000,36.0,6.0,,,25.41,32.049,50.335,0 days 01:45:35.090000,0 days 01:46:07.139000,0 days 01:46:57.474000,268.0,163.0,59.0,287.0,False,HARD,20.0,False,Ferrari,0 days 01:45:09.680000,2020-10-23 11:30:11.080,1,,True,TRACK LIMITS AT TURN 1,False,True,107.794,107.79400000000001
92,0 days 01:49:05.166000,VET,5,0 days 00:02:07.692000,37.0,6.0,,0 days 01:49:03.616000,56.214,35.619,35.859,0 days 01:47:53.688000,0 days 01:48:29.307000,0 days 01:49:05.166000,265.0,170.0,,232.0,False,HARD,21.0,False,Ferrari,0 days 01:46:57.474000,2020-10-23 11:31:58.874,1,,False,,False,False,127.692,127.69200000000001
93,0 days 00:18:08.639000,LAT,6,,1.0,1.0,0 days 00:16:08.148000,0 days 00:18:05.705000,,43.663,44.221,,0 days 00:17:24.418000,0 days 00:18:08.779000,202.0,146.0,,,False,HARD,1.0,True,Williams,0 days 00:16:08.148000,2020-10-23 10:01:09.548,1,,False,,False,False,,
94,0 days 00:33:26.796000,LAT,6,,2.0,2.0,0 days 00:31:37.891000,,,45.522,32.547,,0 days 00:32:54.379000,0 days 00:33:28.434000,250.0,124.0,288.0,,False,HARD,1.0,True,Williams,0 days 00:18:08.639000,2020-10-23 10:03:10.039,12,,False,,False,False,,
95,0 days 00:34:57.126000,LAT,6,0 days 00:01:30.330000,3.0,2.0,,,27.14,34.809,28.381,0 days 00:33:53.936000,0 days 00:34:28.745000,0 days 00:34:57.126000,256.0,162.0,293.0,311.0,True,HARD,2.0,True,Williams,0 days 00:33:26.796000,2020-10-23 10:18:28.196,1,,False,,False,True,90.33,90.33
96,0 days 00:36:23.715000,LAT,6,0 days 00:01:26.589000,4.0,2.0,,,25.55,33.22,27.819,0 days 00:35:22.676000,0 days 00:35:55.896000,0 days 00:36:23.715000,259.0,172.0,295.0,314.0,True,HARD,3.0,True,Williams,0 days 00:34:57.126000,2020-10-23 10:19:58.526,1,,False,,False,True,86.589,86.589
97,0 days 00:37:48.685000,LAT,6,0 days 00:01:24.970000,5.0,2.0,,,24.964,32.647,27.359,0 days 00:36:48.679000,0 days 00:37:21.326000,0 days 00:37:48.685000,263.0,176.0,297.0,314.0,True,HARD,4.0,True,Williams,0 days 00:36:23.715000,2020-10-23 10:21:25.115,1,,False,,False,True,84.97,84.97
98,0 days 00:39:32.394000,LAT,6,0 days 00:01:43.709000,6.0,2.0,,,30.97,42.053,30.686,0 days 00:38:19.655000,0 days 00:39:01.708000,0 days 00:39:32.394000,241.0,160.0,305.0,310.0,False,HARD,5.0,True,Williams,0 days 00:37:48.685000,2020-10-23 10:22:50.085,1,,False,,False,True,103.709,103.709
99,0 days 00:40:55.943000,LAT,6,0 days 00:01:23.549000,7.0,2.0,,,24.406,32.12,27.023,0 days 00:39:56.800000,0 days 00:40:28.920000,0 days 00:40:55.943000,267.0,176.0,301.0,324.0,True,HARD,6.0,True,Williams,0 days 00:39:32.394000,2020-10-23 10:24:33.794,1,,False,,False,True,83.549,83.54899999999999
100,0 days 00:42:18.776000,LAT,6,0 days 00:01:22.833000,8.0,2.0,,,24.082,32.018,26.733,0 days 00:41:20.025000,0 days 00:41:52.043000,0 days 00:42:18.776000,268.0,168.0,306.0,321.0,True,HARD,7.0,True,Williams,0 days 00:40:55.943000,2020-10-23 10:25:57.343,1,,False,,False,True,82.833,82.833
101,0 days 00:44:13.348000,LAT,6,0 days 00:01:54.572000,9.0,2.0,,0 days 00:44:10.929000,35.012,42.507,37.053,0 days 00:42:53.788000,0 days 00:43:36.295000,0 days 00:44:13.348000,239.0,163.0,,148.0,False,HARD,8.0,True,Williams,0 days 00:42:18.776000,2020-10-23 10:27:20.176,12,,False,,False,False,114.572,114.572
102,0 days 00:46:15.320000,LAT,6,0 days 00:02:01.972000,10.0,3.0,0 days 00:44:40.494000,0 days 00:46:12.460000,53.852,35.465,32.655,0 days 00:45:07.200000,0 days 00:45:42.665000,0 days 00:46:15.320000,259.0,164.0,,148.0,False,HARD,9.0,False,Williams,0 days 00:44:13.348000,2020-10-23 10:29:14.748,12,,False,,False,False,121.972,121.97200000000001
103,0 days 00:48:30.984000,LAT,6,0 days 00:02:15.664000,11.0,4.0,0 days 00:46:39.039000,0 days 00:48:28.441000,55.19,39.624,40.85,0 days 00:47:10.510000,0 days 00:47:50.134000,0 days 00:48:30.984000,239.0,118.0,,148.0,False,HARD,10.0,False,Williams,0 days 00:46:15.320000,2020-10-23 10:31:16.720,21,,False,,False,False,135.664,135.664
104,0 days 01:04:55.994000,LAT,6,,12.0,5.0,0 days 01:03:21.192000,,,37.209,28.559,,0 days 01:04:27.438000,0 days 01:04:56.209000,252.0,165.0,296.0,148.0,False,MEDIUM,1.0,True,Williams,0 days 00:48:30.984000,2020-10-23 10:33:32.384,1,,False,,False,False,,
105,0 days 01:06:19.492000,LAT,6,0 days 00:01:23.498000,13.0,5.0,,,24.509,32.341,26.648,0 days 01:05:20.503000,0 days 01:05:52.844000,0 days 01:06:19.492000,265.0,181.0,299.0,315.0,False,MEDIUM,2.0,True,Williams,0 days 01:04:55.994000,2020-10-23 10:49:57.394,1,,False,,False,True,83.498,83.498
106,0 days 01:07:41.546000,LAT,6,0 days 00:01:22.054000,14.0,5.0,,,24.05,31.626,26.378,0 days 01:06:43.542000,0 days 01:07:15.168000,0 days 01:07:41.546000,269.0,186.0,301.0,319.0,True,MEDIUM,3.0,True,Williams,0 days 01:06:19.492000,2020-10-23 10:51:20.892,1,,False,,False,True,82.054,82.054
107,0 days 01:09:12.043000,LAT,6,0 days 00:01:30.497000,15.0,5.0,,,27.829,34.912,27.756,0 days 01:08:09.375000,0 days 01:08:44.287000,0 days 01:09:12.043000,247.0,168.0,301.0,281.0,False,MEDIUM,4.0,True,Williams,0 days 01:07:41.546000,2020-10-23 10:52:42.946,1,,False,,False,True,90.497,90.497
108,0 days 01:10:44.451000,LAT,6,0 days 00:01:32.408000,16.0,5.0,,,23.893,31.456,37.059,0 days 01:09:35.936000,0 days 01:10:07.392000,0 days 01:10:44.451000,268.0,182.0,270.0,319.0,False,MEDIUM,5.0,True,Williams,0 days 01:09:12.043000,2020-10-23 10:54:13.443,1,,False,,False,True,92.408,92.408
109,0 days 01:12:19.648000,LAT,6,0 days 00:01:35.197000,17.0,5.0,,,30.824,34.714,29.659,0 days 01:11:15.275000,0 days 01:11:49.989000,0 days 01:12:19.648000,251.0,163.0,300.0,288.0,False,MEDIUM,6.0,True,Williams,0 days 01:10:44.451000,2020-10-23 10:55:45.851,1,,False,,False,True,95.197,95.197
110,0 days 01:13:43.198000,LAT,6,0 days 00:01:23.550000,18.0,5.0,,,24.116,31.566,27.868,0 days 01:12:43.764000,0 days 01:13:15.330000,0 days 01:13:43.198000,268.0,173.0,302.0,318.0,False,MEDIUM,7.0,True,Williams,0 days 01:12:19.648000,2020-10-23 10:57:21.048,1,,False,,False,True,83.55,83.55
111,0 days 01:15:19.649000,LAT,6,0 days 00:01:36.451000,19.0,5.0,,,28.408,39.24,28.803,0 days 01:14:11.606000,0 days 01:14:50.846000,0 days 01:15:19.649000,245.0,154.0,298.0,316.0,False,MEDIUM,8.0,True,Williams,0 days 01:13:43.198000,2020-10-23 10:58:44.598,1,,False,,False,True,96.451,96.451
112,0 days 01:16:53.448000,LAT,6,0 days 00:01:33.799000,20.0,5.0,,0 days 01:16:51.582000,24.078,37.044,32.677,0 days 01:15:43.727000,0 days 01:16:20.771000,0 days 01:16:53.448000,270.0,164.0,,318.0,False,MEDIUM,9.0,True,Williams,0 days 01:15:19.649000,2020-10-23 11:00:21.049,1,,False,,False,False,93.799,93.799
113,0 days 01:19:01.942000,LAT,6,0 days 00:02:08.494000,21.0,6.0,0 days 01:17:16.928000,0 days 01:18:59.100000,48.656,41.701,38.137,0 days 01:17:42.104000,0 days 01:18:23.805000,0 days 01:19:01.942000,207.0,157.0,,318.0,False,MEDIUM,10.0,False,Williams,0 days 01:16:53.448000,2020-10-23 11:01:54.848,1,,False,,False,False,128.494,128.494
114,0 days 01:30:35.227000,LAT,6,,22.0,7.0,0 days 01:28:57.753000,0 days 01:30:32.382000,,37.163,33.302,,0 days 01:30:03.442000,0 days 01:30:35.459000,248.0,159.0,,318.0,False,MEDIUM,11.0,False,Williams,0 days 01:19:01.942000,2020-10-23 11:04:03.342,1,,False,,False,False,,
115,0 days 01:32:31.066000,LAT,6,0 days 00:01:55.839000,23.0,8.0,0 days 01:31:02.261000,,51.122,34.19,30.527,0 days 01:31:26.349000,0 days 01:32:00.539000,0 days 01:32:31.066000,263.0,165.0,290.0,318.0,False,MEDIUM,12.0,False,Williams,0 days 01:30:35.227000,2020-10-23 11:15:36.627,1,,False,,False,False,115.839,115.839
116,0 days 01:33:55.779000,LAT,6,0 days 00:01:24.713000,24.0,8.0,,,25.149,32.473,27.091,0 days 01:32:56.215000,0 days 01:33:28.688000,0 days 01:33:55.779000,264.0,171.0,290.0,300.0,False,MEDIUM,13.0,False,Williams,0 days 01:32:31.066000,2020-10-23 11:17:32.466,1,,False,,False,True,84.713,84.713
117,0 days 01:35:19.504000,LAT,6,0 days 00:01:23.725000,25.0,8.0,,,24.755,32.126,26.844,0 days 01:34:20.534000,0 days 01:34:52.660000,0 days 01:35:19.504000,265.0,175.0,290.0,301.0,False,MEDIUM,14.0,False,Williams,0 days 01:33:55.779000,2020-10-23 11:18:57.179,1,,False,,False,True,83.725,83.725
118,0 days 01:36:43.572000,LAT,6,0 days 00:01:24.068000,26.0,8.0,,,24.908,31.85,27.31,0 days 01:35:44.412000,0 days 01:36:16.262000,0 days 01:36:43.572000,264.0,175.0,291.0,301.0,False,MEDIUM,15.0,False,Williams,0 days 01:35:19.504000,2020-10-23 11:20:20.904,1,,False,,False,True,84.068,84.068
119,0 days 01:38:07.009000,LAT,6,0 days 00:01:23.437000,27.0,8.0,,,24.507,32.111,26.819,0 days 01:37:08.079000,0 days 01:37:40.190000,0 days 01:38:07.009000,266.0,173.0,290.0,302.0,False,MEDIUM,16.0,False,Williams,0 days 01:36:43.572000,2020-10-23 11:21:44.972,1,,False,,False,True,83.437,83.437
120,0 days 01:39:30.746000,LAT,6,0 days 00:01:23.737000,28.0,8.0,,,24.795,32.019,26.923,0 days 01:38:31.804000,0 days 01:39:03.823000,0 days 01:39:30.746000,266.0,167.0,290.0,301.0,False,MEDIUM,17.0,False,Williams,0 days 01:38:07.009000,2020-10-23 11:23:08.409,1,,False,,False,True,83.737,83.737
121,0 days 01:40:53.794000,LAT,6,0 days 00:01:23.048000,29.0,8.0,,,24.453,31.91,26.685,0 days 01:39:55.199000,0 days 01:40:27.109000,0 days 01:40:53.794000,266.0,176.0,289.0,301.0,False,MEDIUM,18.0,False,Williams,0 days 01:39:30.746000,2020-10-23 11:24:32.146,1,,False,,False,True,83.048,83.048
122,0 days 01:42:17.106000,LAT,6,0 days 00:01:23.312000,30.0,8.0,,,24.732,31.944,26.636,0 days 01:41:18.526000,0 days 01:41:50.470000,0 days 01:42:17.106000,264.0,172.0,289.0,300.0,False,MEDIUM,19.0,False,Williams,0 days 01:40:53.794000,2020-10-23 11:25:55.194,12,,False,,False,True,83.312,83.312
123,0 days 01:43:41.318000,LAT,6,0 days 00:01:24.212000,31.0,8.0,,,24.752,32.492,26.968,0 days 01:42:41.858000,0 days 01:43:14.350000,0 days 01:43:41.318000,270.0,179.0,296.0,292.0,False,MEDIUM,20.0,False,Williams,0 days 01:42:17.106000,2020-10-23 11:27:18.506,1,,True,TRACK LIMITS AT TURN 1,False,True,84.212,84.212
124,0 days 01:45:12.866000,LAT,6,0 days 00:01:31.548000,32.0,8.0,,,24.532,35.243,31.773,0 days 01:44:05.850000,0 days 01:44:41.093000,0 days 01:45:12.866000,265.0,145.0,262.0,297.0,False,MEDIUM,21.0,False,Williams,0 days 01:43:41.318000,2020-10-23 11:28:42.718,1,,False,,False,True,91.548,91.548
125,0 days 01:47:03.475000,LAT,6,0 days 00:01:50.609000,33.0,8.0,,,29.135,36.127,45.347,0 days 01:45:42.001000,0 days 01:46:18.128000,0 days 01:47:03.475000,250.0,151.0,60.0,271.0,False,MEDIUM,22.0,False,Williams,0 days 01:45:12.866000,2020-10-23 11:30:14.266,1,,False,,False,True,110.609,110.60900000000001
126,0 days 01:49:14.745000,LAT,6,0 days 00:02:11.270000,34.0,8.0,,0 days 01:49:11.883000,54.393,39.859,37.018,0 days 01:47:57.868000,0 days 01:48:37.727000,0 days 01:49:14.745000,237.0,142.0,,237.0,False,MEDIUM,23.0,False,Williams,0 days 01:47:03.475000,2020-10-23 11:32:04.875,1,,False,,False,False,131.27,131.27
127,0 days 00:17:40.024000,RAI,7,,1.0,1.0,0 days 00:15:56.914000,,,41.848,32.873,,0 days 00:17:07.151000,0 days 00:17:40.193000,254.0,154.0,281.0,,False,HARD,1.0,True,Alfa Romeo Racing,0 days 00:15:56.914000,2020-10-23 10:00:58.314,1,,False,,False,False,,
128,0 days 00:19:16.175000,RAI,7,0 days 00:01:36.151000,2.0,1.0,,0 days 00:19:13.203000,27.334,35.694,33.123,0 days 00:18:07.358000,0 days 00:18:43.052000,0 days 00:19:16.175000,257.0,173.0,,296.0,False,HARD,2.0,True,Alfa Romeo Racing,0 days 00:17:40.024000,2020-10-23 10:02:41.424,1,,False,,False,False,96.151,96.15100000000001
129,0 days 00:31:50.292000,RAI,7,,3.0,2.0,0 days 00:30:11.888000,,,36.705,30.288,,0 days 00:31:20.055000,0 days 00:31:53.304000,249.0,162.0,290.0,296.0,False,HARD,3.0,False,Alfa Romeo Racing,0 days 00:19:16.175000,2020-10-23 10:04:17.575,12,,False,,False,False,,
130,0 days 00:33:18.366000,RAI,7,0 days 00:01:28.074000,4.0,2.0,,,25.751,34.469,27.854,0 days 00:32:16.043000,0 days 00:32:50.512000,0 days 00:33:18.366000,261.0,178.0,293.0,303.0,True,HARD,4.0,False,Alfa Romeo Racing,0 days 00:31:50.292000,2020-10-23 10:16:51.692,1,,False,,False,True,88.074,88.074
131,0 days 00:34:45.438000,RAI,7,0 days 00:01:27.072000,5.0,2.0,,,26.393,33.149,27.53,0 days 00:33:44.759000,0 days 00:34:17.908000,0 days 00:34:45.438000,259.0,180.0,297.0,309.0,True,HARD,5.0,False,Alfa Romeo Racing,0 days 00:33:18.366000,2020-10-23 10:18:19.766,1,,False,,False,True,87.072,87.072
132,0 days 00:36:10.253000,RAI,7,0 days 00:01:24.815000,6.0,2.0,,,24.571,33.027,27.217,0 days 00:35:10.009000,0 days 00:35:43.036000,0 days 00:36:10.253000,265.0,183.0,302.0,315.0,False,HARD,6.0,False,Alfa Romeo Racing,0 days 00:34:45.438000,2020-10-23 10:19:46.838,1,,True,TRACK LIMITS AT TURN 4,False,True,84.815,84.815
133,0 days 00:37:33.642000,RAI,7,0 days 00:01:23.389000,7.0,2.0,,,24.263,32.281,26.845,0 days 00:36:34.516000,0 days 00:37:06.797000,0 days 00:37:33.642000,269.0,178.0,304.0,319.0,False,HARD,7.0,False,Alfa Romeo Racing,0 days 00:36:10.253000,2020-10-23 10:21:11.653,1,,True,TRACK LIMITS AT TURN 4,False,True,83.389,83.389
134,0 days 00:38:56.307000,RAI,7,0 days 00:01:22.665000,8.0,2.0,,,24.119,31.952,26.594,0 days 00:37:57.761000,0 days 00:38:29.713000,0 days 00:38:56.307000,272.0,178.0,305.0,324.0,True,HARD,8.0,False,Alfa Romeo Racing,0 days 00:37:33.642000,2020-10-23 10:22:35.042,1,,False,,False,True,82.665,82.66499999999999
135,0 days 00:40:18.532000,RAI,7,0 days 00:01:22.225000,9.0,2.0,,,23.819,31.996,26.41,0 days 00:39:20.126000,0 days 00:39:52.122000,0 days 00:40:18.532000,271.0,175.0,305.0,323.0,True,HARD,9.0,False,Alfa Romeo Racing,0 days 00:38:56.307000,2020-10-23 10:23:57.707,1,,False,,False,True,82.225,82.225
136,0 days 00:41:43.588000,RAI,7,0 days 00:01:25.056000,10.0,2.0,,,23.89,32.158,29.008,0 days 00:40:42.422000,0 days 00:41:14.580000,0 days 00:41:43.588000,272.0,182.0,310.0,323.0,False,HARD,10.0,False,Alfa Romeo Racing,0 days 00:40:18.532000,2020-10-23 10:25:19.932,1,,False,,False,True,85.056,85.056
137,0 days 00:43:11.879000,RAI,7,0 days 00:01:28.291000,11.0,2.0,,,24.868,32.953,30.47,0 days 00:42:08.456000,0 days 00:42:41.409000,0 days 00:43:11.879000,270.0,179.0,302.0,315.0,False,HARD,11.0,False,Alfa Romeo Racing,0 days 00:41:43.588000,2020-10-23 10:26:44.988,12,,False,,False,True,88.291,88.291
138,0 days 00:44:44.930000,RAI,7,0 days 00:01:33.051000,12.0,2.0,,0 days 00:44:39.451000,24.437,33.35,35.264,0 days 00:43:36.316000,0 days 00:44:09.666000,0 days 00:44:44.930000,252.0,178.0,,320.0,False,HARD,12.0,False,Alfa Romeo Racing,0 days 00:43:11.879000,2020-10-23 10:28:13.279,1,,False,,False,False,93.051,93.05100000000002
139,0 days 00:46:44.628000,RAI,7,0 days 00:01:59.698000,13.0,3.0,0 days 00:45:10.825000,0 days 00:46:43.086000,50.076,36.337,33.285,0 days 00:45:35.006000,0 days 00:46:11.343000,0 days 00:46:44.628000,263.0,178.0,,320.0,False,HARD,13.0,False,Alfa Romeo Racing,0 days 00:44:44.930000,2020-10-23 10:29:46.330,12,,False,,False,False,119.698,119.69800000000001
140,0 days 01:05:35.806000,RAI,7,,14.0,4.0,0 days 01:04:06.347000,,,34.651,28.795,,0 days 01:05:07.050000,0 days 01:05:35.980000,247.0,165.0,294.0,320.0,False,MEDIUM,1.0,True,Alfa Romeo Racing,0 days 00:46:44.628000,2020-10-23 10:31:46.028,1,,False,,False,False,,
141,0 days 01:06:57.862000,RAI,7,0 days 00:01:22.056000,15.0,4.0,,,24.216,31.658,26.182,0 days 01:06:00.022000,0 days 01:06:31.680000,0 days 01:06:57.862000,266.0,187.0,300.0,312.0,True,MEDIUM,2.0,True,Alfa Romeo Racing,0 days 01:05:35.806000,2020-10-23 10:50:37.206,1,,False,,False,True,82.056,82.056
142,0 days 01:08:31.910000,RAI,7,0 days 00:01:34.048000,16.0,4.0,,,26.958,38.238,28.852,0 days 01:07:24.820000,0 days 01:08:03.058000,0 days 01:08:31.910000,246.0,136.0,297.0,246.0,False,MEDIUM,3.0,True,Alfa Romeo Racing,0 days 01:06:57.862000,2020-10-23 10:51:59.262,1,,False,,False,True,94.048,94.048
143,0 days 01:09:52.968000,RAI,7,0 days 00:01:21.058000,17.0,4.0,,,23.64,31.245,26.173,0 days 01:08:55.550000,0 days 01:09:26.795000,0 days 01:09:52.968000,271.0,189.0,299.0,315.0,True,MEDIUM,4.0,True,Alfa Romeo Racing,0 days 01:08:31.910000,2020-10-23 10:53:33.310,1,,False,,False,True,81.058,81.058
144,0 days 01:11:32.044000,RAI,7,0 days 00:01:39.076000,18.0,4.0,,,32.834,38.065,28.177,0 days 01:10:25.802000,0 days 01:11:03.867000,0 days 01:11:32.044000,193.0,161.0,296.0,262.0,False,MEDIUM,5.0,True,Alfa Romeo Racing,0 days 01:09:52.968000,2020-10-23 10:54:54.368,1,,False,,False,True,99.076,99.076
145,0 days 01:12:56.900000,RAI,7,0 days 00:01:24.856000,19.0,4.0,,,23.494,31.084,30.278,0 days 01:11:55.538000,0 days 01:12:26.622000,0 days 01:12:56.900000,271.0,190.0,225.0,312.0,False,MEDIUM,6.0,True,Alfa Romeo Racing,0 days 01:11:32.044000,2020-10-23 10:56:33.444,1,,False,,False,True,84.856,84.856
146,0 days 01:14:37.789000,RAI,7,0 days 00:01:40.889000,20.0,4.0,,,29.906,37.233,33.75,0 days 01:13:26.806000,0 days 01:14:04.039000,0 days 01:14:37.789000,238.0,173.0,298.0,240.0,False,MEDIUM,7.0,True,Alfa Romeo Racing,0 days 01:12:56.900000,2020-10-23 10:57:58.300,1,,False,,False,True,100.889,100.889
147,0 days 01:16:05.291000,RAI,7,0 days 00:01:27.502000,21.0,4.0,,,23.585,36.288,27.629,0 days 01:15:01.374000,0 days 01:15:37.662000,0 days 01:16:05.291000,272.0,176.0,299.0,315.0,False,MEDIUM,8.0,True,Alfa Romeo Racing,0 days 01:14:37.789000,2020-10-23 10:59:39.189,1,,False,,False,True,87.502,87.502
148,0 days 01:17:26.593000,RAI,7,0 days 00:01:21.302000,22.0,4.0,,,23.445,31.423,26.434,0 days 01:16:28.736000,0 days 01:17:00.159000,0 days 01:17:26.593000,272.0,186.0,302.0,316.0,False,MEDIUM,9.0,True,Alfa Romeo Racing,0 days 01:16:05.291000,2020-10-23 11:01:06.691,1,,False,,False,True,81.302,81.30199999999999
149,0 days 01:19:16.794000,RAI,7,0 days 00:01:50.201000,23.0,4.0,,,33.985,40.37,35.846,0 days 01:18:00.578000,0 days 01:18:40.948000,0 days 01:19:16.794000,218.0,126.0,299.0,255.0,False,MEDIUM,10.0,True,Alfa Romeo Racing,0 days 01:17:26.593000,2020-10-23 11:02:27.993,1,,False,,False,True,110.201,110.201
150,0 days 01:20:45.410000,RAI,7,0 days 00:01:28.616000,24.0,4.0,,0 days 01:20:42.477000,23.73,32.834,32.052,0 days 01:19:40.524000,0 days 01:20:13.358000,0 days 01:20:45.410000,269.0,175.0,,319.0,False,MEDIUM,11.0,True,Alfa Romeo Racing,0 days 01:19:16.794000,2020-10-23 11:04:18.194,1,,False,,False,False,88.616,88.61600000000001
151,0 days 01:34:25.469000,RAI,7,,25.0,5.0,0 days 01:33:13.588000,,,43.834,27.65,,0 days 01:34:25.583000,0 days 01:34:53.895000,251.0,183.0,297.0,319.0,False,MEDIUM,12.0,False,Alfa Romeo Racing,0 days 01:20:45.410000,2020-10-23 11:05:46.810,1,,False,,False,False,,
152,0 days 01:35:45.786000,RAI,7,0 days 00:01:20.317000,26.0,5.0,,,23.536,30.964,25.817,0 days 01:34:49.005000,0 days 01:35:19.969000,0 days 01:35:45.786000,267.0,188.0,303.0,315.0,True,MEDIUM,13.0,False,Alfa Romeo Racing,0 days 01:34:25.469000,2020-10-23 11:19:26.869,1,,False,,False,True,80.317,80.31700000000001
153,0 days 01:37:15.588000,RAI,7,0 days 00:01:29.802000,27.0,5.0,,,27.728,34.573,27.501,0 days 01:36:13.514000,0 days 01:36:48.087000,0 days 01:37:15.588000,240.0,171.0,300.0,260.0,False,MEDIUM,14.0,False,Alfa Romeo Racing,0 days 01:35:45.786000,2020-10-23 11:20:47.186,1,,False,,False,True,89.802,89.802
154,0 days 01:38:35.868000,RAI,7,0 days 00:01:20.280000,28.0,5.0,,,23.367,31.145,25.768,0 days 01:37:38.955000,0 days 01:38:10.100000,0 days 01:38:35.868000,270.0,185.0,312.0,317.0,True,MEDIUM,15.0,False,Alfa Romeo Racing,0 days 01:37:15.588000,2020-10-23 11:22:16.988,1,,False,,False,True,80.28,80.28
155,0 days 01:40:13.248000,RAI,7,0 days 00:01:37.380000,29.0,5.0,,,32.618,37.366,27.396,0 days 01:39:08.486000,0 days 01:39:45.852000,0 days 01:40:13.248000,90.0,179.0,299.0,239.0,False,MEDIUM,16.0,False,Alfa Romeo Racing,0 days 01:38:35.868000,2020-10-23 11:23:37.268,1,,False,,False,True,97.38,97.38000000000001
156,0 days 01:41:37.530000,RAI,7,0 days 00:01:24.282000,30.0,5.0,,,23.541,33.178,27.563,0 days 01:40:36.789000,0 days 01:41:09.967000,0 days 01:41:37.530000,272.0,179.0,298.0,316.0,False,MEDIUM,17.0,False,Alfa Romeo Racing,0 days 01:40:13.248000,2020-10-23 11:25:14.648,12,,False,,False,True,84.282,84.282
157,0 days 01:42:57.484000,RAI,7,0 days 00:01:19.954000,31.0,5.0,,,23.528,30.637,25.789,0 days 01:42:01.058000,0 days 01:42:31.695000,0 days 01:42:57.484000,274.0,189.0,299.0,315.0,True,MEDIUM,18.0,False,Alfa Romeo Racing,0 days 01:41:37.530000,2020-10-23 11:26:38.930,21,,False,,False,True,79.954,79.95400000000001
158,0 days 01:44:24.342000,RAI,7,0 days 00:01:26.858000,32.0,5.0,,,25.564,33.888,27.406,0 days 01:43:23.048000,0 days 01:43:56.936000,0 days 01:44:24.342000,249.0,172.0,297.0,303.0,False,MEDIUM,19.0,False,Alfa Romeo Racing,0 days 01:42:57.484000,2020-10-23 11:27:58.884,1,,False,,False,True,86.858,86.858
159,0 days 01:45:45.606000,RAI,7,0 days 00:01:21.264000,33.0,5.0,,,23.563,31.181,26.52,0 days 01:44:47.905000,0 days 01:45:19.086000,0 days 01:45:45.606000,274.0,186.0,306.0,315.0,False,MEDIUM,20.0,False,Alfa Romeo Racing,0 days 01:44:24.342000,2020-10-23 11:29:25.742,1,,True,TRACK LIMITS AT TURN 4,False,True,81.264,81.264
160,0 days 01:47:47.588000,RAI,7,0 days 00:02:01.982000,34.0,5.0,,0 days 01:49:56.376000,25.366,34.068,34.718,0 days 01:46:10.972000,0 days 01:46:45.040000,0 days 01:47:19.758000,263.0,179.0,,256.0,False,MEDIUM,21.0,False,Alfa Romeo Racing,0 days 01:45:45.606000,2020-10-23 11:30:47.006,1,,False,,False,False,121.982,94.152
161,0 days 00:16:54.347000,GRO,8,,1.0,1.0,0 days 00:15:14.556000,0 days 00:16:49.525000,,36.567,36.13,,0 days 00:16:18.217000,0 days 00:16:54.452000,248.0,160.0,,,False,HARD,1.0,True,Haas F1 Team,0 days 00:15:14.556000,2020-10-23 10:00:15.956,1,,False,,False,False,,
162,0 days 00:35:28.572000,GRO,8,,2.0,2.0,0 days 00:33:58.462000,,,35.004,29.353,,0 days 00:34:59.270000,0 days 00:35:28.752000,254.0,160.0,293.0,,False,HARD,2.0,False,Haas F1 Team,0 days 00:16:54.347000,2020-10-23 10:01:55.747,12,,False,,False,False,,
163,0 days 00:36:55.110000,GRO,8,0 days 00:01:26.538000,3.0,2.0,,,25.879,32.838,27.821,0 days 00:35:54.451000,0 days 00:36:27.289000,0 days 00:36:55.110000,261.0,169.0,296.0,310.0,True,HARD,3.0,False,Haas F1 Team,0 days 00:35:28.572000,2020-10-23 10:20:29.972,1,,False,,False,True,86.538,86.538
164,0 days 00:38:18.948000,GRO,8,0 days 00:01:23.838000,4.0,2.0,,,24.632,32.129,27.077,0 days 00:37:19.742000,0 days 00:37:51.871000,0 days 00:38:18.948000,265.0,170.0,298.0,312.0,True,HARD,4.0,False,Haas F1 Team,0 days 00:36:55.110000,2020-10-23 10:21:56.510,1,,False,,False,True,83.838,83.838
165,0 days 00:39:41.665000,GRO,8,0 days 00:01:22.717000,5.0,2.0,,,24.3,31.767,26.65,0 days 00:38:43.248000,0 days 00:39:15.015000,0 days 00:39:41.665000,267.0,174.0,303.0,314.0,True,HARD,5.0,False,Haas F1 Team,0 days 00:38:18.948000,2020-10-23 10:23:20.348,1,,False,,False,True,82.717,82.717
166,0 days 00:41:03.726000,GRO,8,0 days 00:01:22.061000,6.0,2.0,,,24.098,31.484,26.479,0 days 00:40:05.763000,0 days 00:40:37.247000,0 days 00:41:03.726000,269.0,175.0,301.0,319.0,True,HARD,6.0,False,Haas F1 Team,0 days 00:39:41.665000,2020-10-23 10:24:43.065,1,,False,,False,True,82.061,82.061
167,0 days 00:42:25.394000,GRO,8,0 days 00:01:21.668000,7.0,2.0,,,23.964,31.42,26.284,0 days 00:41:27.690000,0 days 00:41:59.110000,0 days 00:42:25.394000,269.0,175.0,301.0,319.0,True,HARD,7.0,False,Haas F1 Team,0 days 00:41:03.726000,2020-10-23 10:26:05.126,1,,False,,False,True,81.668,81.668
168,0 days 00:43:46.563000,GRO,8,0 days 00:01:21.169000,8.0,2.0,,,23.808,31.106,26.255,0 days 00:42:49.202000,0 days 00:43:20.308000,0 days 00:43:46.563000,268.0,180.0,300.0,317.0,True,HARD,8.0,False,Haas F1 Team,0 days 00:42:25.394000,2020-10-23 10:27:26.794,12,,False,,False,True,81.169,81.169
169,0 days 00:45:21.095000,GRO,8,0 days 00:01:34.532000,9.0,2.0,,0 days 00:45:17.993000,27.476,35.116,31.94,0 days 00:44:14.039000,0 days 00:44:49.155000,0 days 00:45:21.095000,198.0,169.0,,310.0,False,HARD,9.0,False,Haas F1 Team,0 days 00:43:46.563000,2020-10-23 10:28:47.963,1,,False,,False,False,94.532,94.532
170,0 days 01:04:40.831000,GRO,8,,10.0,3.0,0 days 01:03:12.468000,,,34.378,28.275,,0 days 01:04:12.565000,0 days 01:04:40.978000,253.0,162.0,292.0,310.0,False,HARD,1.0,True,Haas F1 Team,0 days 00:45:21.095000,2020-10-23 10:30:22.495,12,,False,,False,False,,
171,0 days 01:06:04.860000,GRO,8,0 days 00:01:24.029000,11.0,3.0,,,24.819,32.295,26.915,0 days 01:05:05.650000,0 days 01:05:37.945000,0 days 01:06:04.860000,263.0,181.0,296.0,310.0,False,HARD,2.0,True,Haas F1 Team,0 days 01:04:40.831000,2020-10-23 10:49:42.231,1,,False,,False,True,84.029,84.029
172,0 days 01:07:27.377000,GRO,8,0 days 00:01:22.517000,12.0,3.0,,,24.015,31.758,26.744,0 days 01:06:28.875000,0 days 01:07:00.633000,0 days 01:07:27.377000,268.0,174.0,300.0,311.0,False,HARD,3.0,True,Haas F1 Team,0 days 01:06:04.860000,2020-10-23 10:51:06.260,1,,False,,False,True,82.517,82.517
173,0 days 01:08:53.468000,GRO,8,0 days 00:01:26.091000,13.0,3.0,,,23.645,31.268,31.178,0 days 01:07:51.022000,0 days 01:08:22.290000,0 days 01:08:53.468000,270.0,182.0,273.0,316.0,False,HARD,4.0,True,Haas F1 Team,0 days 01:07:27.377000,2020-10-23 10:52:28.777,1,,True,TRACK LIMITS AT TURN 4,False,True,86.091,86.091
174,0 days 01:10:31.528000,GRO,8,0 days 00:01:38.060000,14.0,3.0,,,28.801,34.918,34.341,0 days 01:09:22.269000,0 days 01:09:57.187000,0 days 01:10:31.528000,249.0,166.0,298.0,287.0,False,HARD,5.0,True,Haas F1 Team,0 days 01:08:53.468000,2020-10-23 10:53:54.868,1,,False,,False,True,98.06,98.06
175,0 days 01:11:57.552000,GRO,8,0 days 00:01:26.024000,15.0,3.0,,,23.805,34.846,27.373,0 days 01:10:55.333000,0 days 01:11:30.179000,0 days 01:11:57.552000,269.0,160.0,298.0,315.0,False,HARD,6.0,True,Haas F1 Team,0 days 01:10:31.528000,2020-10-23 10:55:32.928,1,,False,,False,True,86.024,86.024
176,0 days 01:13:19.402000,GRO,8,0 days 00:01:21.850000,16.0,3.0,,,23.653,31.651,26.546,0 days 01:12:21.205000,0 days 01:12:52.856000,0 days 01:13:19.402000,269.0,168.0,299.0,312.0,False,HARD,7.0,True,Haas F1 Team,0 days 01:11:57.552000,2020-10-23 10:56:58.952,1,,False,,False,True,81.85,81.85
177,0 days 01:14:48.237000,GRO,8,0 days 00:01:28.835000,17.0,3.0,,,23.738,35.753,29.344,0 days 01:13:43.140000,0 days 01:14:18.893000,0 days 01:14:48.237000,270.0,144.0,297.0,314.0,False,HARD,8.0,True,Haas F1 Team,0 days 01:13:19.402000,2020-10-23 10:58:20.802,1,,False,,False,True,88.835,88.83500000000001
178,0 days 01:16:09.862000,GRO,8,0 days 00:01:21.625000,18.0,3.0,,,23.686,31.381,26.558,0 days 01:15:11.923000,0 days 01:15:43.304000,0 days 01:16:09.862000,271.0,183.0,308.0,313.0,False,HARD,9.0,True,Haas F1 Team,0 days 01:14:48.237000,2020-10-23 10:59:49.637,1,,True,TRACK LIMITS AT TURN 1,False,True,81.625,81.625
179,0 days 01:17:45.935000,GRO,8,0 days 00:01:36.073000,19.0,3.0,,0 days 01:17:42.895000,26.079,36.21,33.784,0 days 01:16:35.941000,0 days 01:17:12.151000,0 days 01:17:45.935000,198.0,98.0,,328.0,False,HARD,10.0,True,Haas F1 Team,0 days 01:16:09.862000,2020-10-23 11:01:11.262,1,,False,,False,False,96.073,96.07300000000001
180,0 days 01:33:13.998000,GRO,8,,20.0,4.0,0 days 01:31:47.621000,,,33.463,27.701,,0 days 01:32:46.320000,0 days 01:33:15.611000,254.0,168.0,283.0,328.0,False,HARD,11.0,False,Haas F1 Team,0 days 01:17:45.935000,2020-10-23 11:02:47.335,1,,False,,False,False,,
181,0 days 01:34:38.773000,GRO,8,0 days 00:01:24.775000,21.0,4.0,,,25.266,32.22,27.289,0 days 01:33:39.264000,0 days 01:34:11.484000,0 days 01:34:38.773000,259.0,171.0,284.0,293.0,False,HARD,12.0,False,Haas F1 Team,0 days 01:33:13.998000,2020-10-23 11:18:15.398,1,,False,,False,True,84.775,84.775
182,0 days 01:36:02.317000,GRO,8,0 days 00:01:23.544000,22.0,4.0,,,24.575,32.045,26.924,0 days 01:35:03.348000,0 days 01:35:35.393000,0 days 01:36:02.317000,262.0,175.0,288.0,295.0,False,HARD,13.0,False,Haas F1 Team,0 days 01:34:38.773000,2020-10-23 11:19:40.173,1,,False,,False,True,83.544,83.54400000000001
183,0 days 01:37:25.581000,GRO,8,0 days 00:01:23.264000,23.0,4.0,,,24.701,31.85,26.713,0 days 01:36:27.018000,0 days 01:36:58.868000,0 days 01:37:25.581000,262.0,175.0,289.0,297.0,False,HARD,14.0,False,Haas F1 Team,0 days 01:36:02.317000,2020-10-23 11:21:03.717,1,,False,,False,True,83.264,83.26400000000001
184,0 days 01:38:48.409000,GRO,8,0 days 00:01:22.828000,24.0,4.0,,,24.4,31.701,26.727,0 days 01:37:49.981000,0 days 01:38:21.682000,0 days 01:38:48.409000,263.0,180.0,290.0,297.0,False,HARD,15.0,False,Haas F1 Team,0 days 01:37:25.581000,2020-10-23 11:22:26.981,1,,False,,False,True,82.828,82.828
185,0 days 01:40:13.372000,GRO,8,0 days 00:01:24.963000,25.0,4.0,,,25.928,32.264,26.771,0 days 01:39:14.337000,0 days 01:39:46.601000,0 days 01:40:13.372000,262.0,172.0,288.0,299.0,False,HARD,16.0,False,Haas F1 Team,0 days 01:38:48.409000,2020-10-23 11:23:49.809,1,,True,TRACK LIMITS AT TURN 1,False,True,84.963,84.96300000000001
186,0 days 01:41:36.248000,GRO,8,0 days 00:01:22.876000,26.0,4.0,,,24.387,31.88,26.609,0 days 01:40:37.759000,0 days 01:41:09.639000,0 days 01:41:36.248000,265.0,176.0,290.0,297.0,False,HARD,17.0,False,Haas F1 Team,0 days 01:40:13.372000,2020-10-23 11:25:14.772,12,,False,,False,True,82.876,82.876
187,0 days 01:43:05.742000,GRO,8,0 days 00:01:29.494000,27.0,4.0,,0 days 01:43:02.713000,25.42,32.174,31.9,0 days 01:42:01.668000,0 days 01:42:33.842000,0 days 01:43:05.742000,265.0,175.0,,301.0,False,HARD,18.0,False,Haas F1 Team,0 days 01:41:36.248000,2020-10-23 11:26:37.648,21,,False,,False,False,89.494,89.494
188,0 days 01:44:56.837000,GRO,8,0 days 00:01:51.095000,28.0,5.0,0 days 01:43:30.431000,,48.468,34.205,28.422,0 days 01:43:54.210000,0 days 01:44:28.415000,0 days 01:44:56.837000,264.0,136.0,287.0,301.0,False,HARD,19.0,False,Haas F1 Team,0 days 01:43:05.742000,2020-10-23 11:28:07.142,1,,False,,False,False,111.095,111.095
189,0 days 01:46:21.287000,GRO,8,0 days 00:01:24.450000,29.0,5.0,,,24.909,32.49,27.051,0 days 01:45:21.746000,0 days 01:45:54.236000,0 days 01:46:21.287000,266.0,172.0,286.0,295.0,False,HARD,20.0,False,Haas F1 Team,0 days 01:44:56.837000,2020-10-23 11:29:58.237,1,,False,,False,True,84.45,84.45
190,0 days 01:48:04.294000,GRO,8,0 days 00:01:43.007000,30.0,5.0,,,24.686,32.805,45.516,0 days 01:46:45.973000,0 days 01:47:18.778000,0 days 01:48:04.294000,267.0,160.0,90.0,293.0,False,HARD,21.0,False,Haas F1 Team,0 days 01:46:21.287000,2020-10-23 11:31:22.687,1,,False,,False,True,103.007,103.007
191,0 days 01:50:33.137000,GRO,8,0 days 00:02:28.843000,31.0,5.0,,0 days 01:50:30.091000,59.611,44.358,44.874,0 days 01:49:03.905000,0 days 01:49:48.263000,0 days 01:50:33.137000,197.0,88.0,,256.0,False,HARD,22.0,False,Haas F1 Team,0 days 01:48:04.294000,2020-10-23 11:33:05.694,1,,False,,False,False,148.843,148.843
192,0 days 00:18:17.280000,GAS,10,,1.0,1.0,0 days 00:16:25.673000,0 days 00:18:14.136000,,41.81,40.898,,0 days 00:17:36.382000,0 days 00:18:18.651000,199.0,146.0,,,False,HARD,1.0,True,AlphaTauri,0 days 00:16:25.673000,2020-10-23 10:01:27.073,1,,False,,False,False,,
193,0 days 00:33:31.645000,GAS,10,,2.0,2.0,0 days 00:31:57.535000,,,37.614,29.259,,0 days 00:33:02.469000,0 days 00:33:31.779000,251.0,152.0,302.0,,False,HARD,2.0,False,AlphaTauri,0 days 00:18:17.280000,2020-10-23 10:03:18.680,12,,False,,False,False,,
194,0 days 00:35:00.454000,GAS,10,0 days 00:01:28.809000,3.0,2.0,,,26.088,35.028,27.693,0 days 00:33:57.733000,0 days 00:34:32.761000,0 days 00:35:00.454000,263.0,169.0,303.0,329.0,True,HARD,3.0,False,AlphaTauri,0 days 00:33:31.645000,2020-10-23 10:18:33.045,1,,False,,False,True,88.809,88.809
195,0 days 00:36:24.873000,GAS,10,0 days 00:01:24.419000,4.0,2.0,,,24.653,32.863,26.903,0 days 00:35:25.107000,0 days 00:35:57.970000,0 days 00:36:24.873000,266.0,177.0,308.0,323.0,True,HARD,4.0,False,AlphaTauri,0 days 00:35:00.454000,2020-10-23 10:20:01.854,1,,False,,False,True,84.419,84.419
196,0 days 00:37:58.648000,GAS,10,0 days 00:01:33.775000,5.0,2.0,,,24.324,37.834,31.617,0 days 00:36:49.197000,0 days 00:37:27.031000,0 days 00:37:58.648000,274.0,128.0,302.0,330.0,False,HARD,5.0,False,AlphaTauri,0 days 00:36:24.873000,2020-10-23 10:21:26.273,1,,False,,False,True,93.775,93.775
197,0 days 00:39:21.536000,GAS,10,0 days 00:01:22.888000,6.0,2.0,,,24.019,32.208,26.661,0 days 00:38:22.667000,0 days 00:38:54.875000,0 days 00:39:21.536000,271.0,181.0,303.0,322.0,True,HARD,6.0,False,AlphaTauri,0 days 00:37:58.648000,2020-10-23 10:23:00.048,1,,False,,False,True,82.888,82.888
198,0 days 00:40:43.113000,GAS,10,0 days 00:01:21.577000,7.0,2.0,,,23.595,31.579,26.403,0 days 00:39:45.131000,0 days 00:40:16.710000,0 days 00:40:43.113000,273.0,186.0,305.0,322.0,True,HARD,7.0,False,AlphaTauri,0 days 00:39:21.536000,2020-10-23 10:24:22.936,1,,False,,False,True,81.577,81.577
199,0 days 00:42:04.021000,GAS,10,0 days 00:01:20.908000,8.0,2.0,,,23.456,31.328,26.124,0 days 00:41:06.569000,0 days 00:41:37.897000,0 days 00:42:04.021000,273.0,189.0,305.0,323.0,True,HARD,8.0,False,AlphaTauri,0 days 00:40:43.113000,2020-10-23 10:25:44.513,1,,False,,False,True,80.908,80.908
200,0 days 00:43:30.933000,GAS,10,0 days 00:01:26.912000,9.0,2.0,,,25.344,34.149,27.419,0 days 00:42:29.365000,0 days 00:43:03.514000,0 days 00:43:30.933000,249.0,170.0,304.0,311.0,False,HARD,9.0,False,AlphaTauri,0 days 00:42:04.021000,2020-10-23 10:27:05.421,12,,False,,False,True,86.912,86.912
201,0 days 00:44:54.594000,GAS,10,0 days 00:01:23.661000,10.0,2.0,,,24.469,32.203,26.989,0 days 00:43:55.402000,0 days 00:44:27.605000,0 days 00:44:54.594000,269.0,178.0,304.0,322.0,False,HARD,10.0,False,AlphaTauri,0 days 00:43:30.933000,2020-10-23 10:28:32.333,1,,True,TRACK LIMITS AT TURN 1,False,True,83.661,83.661
202,0 days 00:46:14.959000,GAS,10,0 days 00:01:20.365000,11.0,2.0,,,23.183,31.053,26.129,0 days 00:45:17.777000,0 days 00:45:48.830000,0 days 00:46:14.959000,274.0,186.0,305.0,322.0,False,HARD,11.0,False,AlphaTauri,0 days 00:44:54.594000,2020-10-23 10:29:55.994,12,,True,TRACK LIMITS AT TURN 4,False,True,80.365,80.36500000000001
203,0 days 00:47:35.802000,GAS,10,0 days 00:01:20.843000,12.0,2.0,,,23.101,30.724,27.018,0 days 00:46:38.060000,0 days 00:47:08.784000,0 days 00:47:35.802000,274.0,187.0,290.0,324.0,False,HARD,12.0,False,AlphaTauri,0 days 00:46:14.959000,2020-10-23 10:31:16.359,21,,False,,False,True,80.843,80.843
204,0 days 00:49:03.885000,GAS,10,0 days 00:01:28.083000,13.0,2.0,,,27.283,33.949,26.851,0 days 00:48:03.085000,0 days 00:48:37.034000,0 days 00:49:03.885000,250.0,180.0,306.0,286.0,False,HARD,13.0,False,AlphaTauri,0 days 00:47:35.802000,2020-10-23 10:32:37.202,1,,False,,False,True,88.083,88.083
205,0 days 00:50:24.009000,GAS,10,0 days 00:01:20.124000,14.0,2.0,,,23.223,31.055,25.846,0 days 00:49:27.108000,0 days 00:49:58.163000,0 days 00:50:24.009000,275.0,189.0,309.0,323.0,True,HARD,14.0,False,AlphaTauri,0 days 00:49:03.885000,2020-10-23 10:34:05.285,1,,False,,False,True,80.124,80.124
206,0 days 00:51:59.924000,GAS,10,0 days 00:01:35.915000,15.0,2.0,,0 days 00:51:56.972000,25.372,34.711,35.832,0 days 00:50:49.381000,0 days 00:51:24.092000,0 days 00:51:59.924000,253.0,175.0,,330.0,False,HARD,15.0,False,AlphaTauri,0 days 00:50:24.009000,2020-10-23 10:35:25.409,1,,False,,False,False,95.915,95.91499999999999
207,0 days 01:11:10.521000,GAS,10,,16.0,3.0,0 days 01:09:41.428000,,,35.399,27.84,,0 days 01:10:42.769000,0 days 01:11:11.260000,257.0,169.0,299.0,330.0,False,HARD,1.0,True,AlphaTauri,0 days 00:51:59.924000,2020-10-23 10:37:01.324,1,,False,,False,False,,
208,0 days 01:12:34.603000,GAS,10,0 days 00:01:24.082000,17.0,3.0,,,24.216,32.417,27.449,0 days 01:11:34.737000,0 days 01:12:07.154000,0 days 01:12:34.603000,270.0,176.0,301.0,316.0,False,HARD,2.0,True,AlphaTauri,0 days 01:11:10.521000,2020-10-23 10:56:11.921,1,,False,,False,True,84.082,84.08200000000001
209,0 days 01:13:58.743000,GAS,10,0 days 00:01:24.140000,18.0,3.0,,,23.457,31.682,29.001,0 days 01:12:58.060000,0 days 01:13:29.742000,0 days 01:13:58.743000,272.0,177.0,303.0,318.0,False,HARD,3.0,True,AlphaTauri,0 days 01:12:34.603000,2020-10-23 10:57:36.003,1,,False,,False,True,84.14,84.14
210,0 days 01:15:22.629000,GAS,10,0 days 00:01:23.886000,19.0,3.0,,,24.193,31.984,27.709,0 days 01:14:22.936000,0 days 01:14:54.920000,0 days 01:15:22.629000,273.0,187.0,304.0,322.0,False,HARD,4.0,True,AlphaTauri,0 days 01:13:58.743000,2020-10-23 10:59:00.143,1,,False,,False,True,83.886,83.88600000000001
211,0 days 01:16:45.817000,GAS,10,0 days 00:01:23.188000,20.0,3.0,,,23.374,32.539,27.275,0 days 01:15:46.003000,0 days 01:16:18.542000,0 days 01:16:45.817000,276.0,171.0,301.0,324.0,False,HARD,5.0,True,AlphaTauri,0 days 01:15:22.629000,2020-10-23 11:00:24.029,1,,False,,False,True,83.188,83.18799999999999
212,0 days 01:18:08.436000,GAS,10,0 days 00:01:22.619000,21.0,3.0,,,23.311,32.197,27.111,0 days 01:17:09.128000,0 days 01:17:41.325000,0 days 01:18:08.436000,275.0,166.0,302.0,318.0,False,HARD,6.0,True,AlphaTauri,0 days 01:16:45.817000,2020-10-23 11:01:47.217,1,,False,,False,True,82.619,82.619
213,0 days 01:19:31.338000,GAS,10,0 days 00:01:22.902000,22.0,3.0,,,23.853,32.008,27.041,0 days 01:18:32.289000,0 days 01:19:04.297000,0 days 01:19:31.338000,273.0,179.0,302.0,320.0,False,HARD,7.0,True,AlphaTauri,0 days 01:18:08.436000,2020-10-23 11:03:09.836,1,,True,TRACK LIMITS AT TURN 1,False,True,82.902,82.902
214,0 days 01:20:52.102000,GAS,10,0 days 00:01:20.764000,23.0,3.0,,,23.178,31.194,26.392,0 days 01:19:54.516000,0 days 01:20:25.710000,0 days 01:20:52.102000,276.0,186.0,306.0,320.0,False,HARD,8.0,True,AlphaTauri,0 days 01:19:31.338000,2020-10-23 11:04:32.738,1,,False,,False,True,80.764,80.764
215,0 days 01:22:21.748000,GAS,10,0 days 00:01:29.646000,24.0,3.0,,,26.788,35.358,27.5,0 days 01:21:18.890000,0 days 01:21:54.248000,0 days 01:22:21.748000,246.0,165.0,302.0,310.0,False,HARD,9.0,True,AlphaTauri,0 days 01:20:52.102000,2020-10-23 11:05:53.502,1,,False,,False,True,89.646,89.646
216,0 days 01:23:42.008000,GAS,10,0 days 00:01:20.260000,25.0,3.0,,,23.22,30.985,26.055,0 days 01:22:44.968000,0 days 01:23:15.953000,0 days 01:23:42.008000,275.0,191.0,307.0,319.0,False,HARD,10.0,True,AlphaTauri,0 days 01:22:21.748000,2020-10-23 11:07:23.148,1,,False,,False,True,80.26,80.25999999999999
217,0 days 01:25:18.611000,GAS,10,0 days 00:01:36.603000,26.0,3.0,,0 days 01:25:15.704000,24.416,35.312,36.875,0 days 01:24:06.424000,0 days 01:24:41.736000,0 days 01:25:18.611000,250.0,132.0,,325.0,False,HARD,11.0,True,AlphaTauri,0 days 01:23:42.008000,2020-10-23 11:08:43.408,1,,False,,False,False,96.603,96.603
218,0 days 01:45:44.779000,GAS,10,,27.0,4.0,0 days 01:44:09.739000,,,36.492,31.896,,0 days 01:45:12.937000,0 days 01:45:45.457000,259.0,115.0,280.0,325.0,False,HARD,12.0,False,AlphaTauri,0 days 01:25:18.611000,2020-10-23 11:10:20.011,12,,False,,False,False,,
219,0 days 01:47:32.169000,GAS,10,0 days 00:01:47.390000,28.0,4.0,,,28.052,37.678,41.66,0 days 01:46:12.831000,0 days 01:46:50.509000,0 days 01:47:32.169000,257.0,150.0,73.0,275.0,False,HARD,13.0,False,AlphaTauri,0 days 01:45:44.779000,2020-10-23 11:30:46.179,1,,False,,False,True,107.39,107.38999999999999
220,0 days 01:49:43.519000,GAS,10,0 days 00:02:11.350000,29.0,4.0,,0 days 01:49:40.604000,56.786,36.562,38.002,0 days 01:48:28.955000,0 days 01:49:05.517000,0 days 01:49:43.519000,260.0,157.0,,231.0,False,HARD,14.0,False,AlphaTauri,0 days 01:47:32.169000,2020-10-23 11:32:33.569,1,,False,,False,False,131.35,131.35
221,0 days 00:18:54.852000,PER,11,,1.0,1.0,0 days 00:17:16.417000,0 days 00:18:51.763000,,36.427,35.24,,0 days 00:18:20.022000,0 days 00:18:54.852000,258.0,165.0,,,False,HARD,1.0,True,Racing Point,0 days 00:17:16.417000,2020-10-23 10:02:17.817,1,,False,,False,False,,
222,0 days 00:43:39.411000,PER,11,,2.0,2.0,0 days 00:42:01.060000,,,41.828,31.096,,0 days 00:43:08.500000,0 days 00:43:39.543000,253.0,172.0,303.0,,False,HARD,2.0,False,Racing Point,0 days 00:18:54.852000,2020-10-23 10:03:56.252,12,,False,,False,False,,
223,0 days 00:45:03.844000,PER,11,0 days 00:01:24.433000,3.0,2.0,,,24.812,32.596,27.025,0 days 00:44:04.223000,0 days 00:44:36.819000,0 days 00:45:03.844000,266.0,178.0,305.0,323.0,True,HARD,3.0,False,Racing Point,0 days 00:43:39.411000,2020-10-23 10:28:40.811,1,,False,,False,True,84.433,84.43299999999999
224,0 days 00:46:27.540000,PER,11,0 days 00:01:23.696000,4.0,2.0,,,24.039,31.866,27.791,0 days 00:45:27.883000,0 days 00:45:59.749000,0 days 00:46:27.540000,269.0,180.0,301.0,328.0,False,HARD,4.0,False,Racing Point,0 days 00:45:03.844000,2020-10-23 10:30:05.244,12,,True,TRACK LIMITS AT TURN 1,False,True,83.696,83.696
225,0 days 00:47:49.816000,PER,11,0 days 00:01:22.276000,5.0,2.0,,,24.195,31.588,26.493,0 days 00:46:51.735000,0 days 00:47:23.323000,0 days 00:47:49.816000,268.0,183.0,302.0,322.0,True,HARD,5.0,False,Racing Point,0 days 00:46:27.540000,2020-10-23 10:31:28.940,1,,False,,False,True,82.276,82.276
226,0 days 00:49:10.831000,PER,11,0 days 00:01:21.015000,6.0,2.0,,,23.613,31.295,26.107,0 days 00:48:13.429000,0 days 00:48:44.724000,0 days 00:49:10.831000,271.0,181.0,306.0,322.0,True,HARD,6.0,False,Racing Point,0 days 00:47:49.816000,2020-10-23 10:32:51.216,1,,False,,False,True,81.015,81.015
227,0 days 00:50:31.361000,PER,11,0 days 00:01:20.530000,7.0,2.0,,,23.363,31.18,25.987,0 days 00:49:34.194000,0 days 00:50:05.374000,0 days 00:50:31.361000,270.0,186.0,306.0,324.0,True,HARD,7.0,False,Racing Point,0 days 00:49:10.831000,2020-10-23 10:34:12.231,1,,False,,False,True,80.53,80.53
228,0 days 00:51:51.624000,PER,11,0 days 00:01:20.263000,8.0,2.0,,,23.315,31.134,25.814,0 days 00:50:54.676000,0 days 00:51:25.810000,0 days 00:51:51.624000,273.0,185.0,307.0,325.0,True,HARD,8.0,False,Racing Point,0 days 00:50:31.361000,2020-10-23 10:35:32.761,1,,False,,False,True,80.263,80.263
229,0 days 00:53:20.283000,PER,11,0 days 00:01:28.659000,9.0,2.0,,0 days 00:53:20.228000,23.777,34.008,30.874,0 days 00:52:15.401000,0 days 00:52:49.409000,0 days 00:53:20.283000,268.0,181.0,,325.0,False,HARD,9.0,False,Racing Point,0 days 00:51:51.624000,2020-10-23 10:36:53.024,1,,False,,False,False,88.659,88.659
230,0 days 01:07:34.142000,PER,11,,10.0,3.0,0 days 01:05:57.086000,,,36.04,33.546,,0 days 01:07:01.382000,0 days 01:07:34.327000,243.0,93.0,303.0,325.0,False,MEDIUM,1.0,True,Racing Point,0 days 00:53:20.283000,2020-10-23 10:38:21.683,1,,False,,False,False,,
231,0 days 01:08:55.901000,PER,11,0 days 00:01:21.759000,11.0,3.0,,,24.025,31.371,26.363,0 days 01:07:58.167000,0 days 01:08:29.538000,0 days 01:08:55.901000,270.0,183.0,304.0,321.0,False,MEDIUM,2.0,True,Racing Point,0 days 01:07:34.142000,2020-10-23 10:52:35.542,1,,True,TRACK LIMITS AT TURN 4,False,True,81.759,81.759
232,0 days 01:10:23.930000,PER,11,0 days 00:01:28.029000,12.0,3.0,,,24.713,34.907,28.409,0 days 01:09:20.614000,0 days 01:09:55.521000,0 days 01:10:23.930000,251.0,145.0,305.0,307.0,False,MEDIUM,3.0,True,Racing Point,0 days 01:08:55.901000,2020-10-23 10:53:57.301,1,,False,,False,True,88.029,88.029
233,0 days 01:11:43.837000,PER,11,0 days 00:01:19.907000,13.0,3.0,,,23.438,30.789,25.68,0 days 01:10:47.368000,0 days 01:11:18.157000,0 days 01:11:43.837000,273.0,189.0,310.0,321.0,True,MEDIUM,4.0,True,Racing Point,0 days 01:10:23.930000,2020-10-23 10:55:25.330,1,,False,,False,True,79.907,79.90700000000001
234,0 days 01:13:10.842000,PER,11,0 days 00:01:27.005000,14.0,3.0,,,25.642,33.563,27.8,0 days 01:12:09.479000,0 days 01:12:43.042000,0 days 01:13:10.842000,250.0,180.0,304.0,307.0,False,MEDIUM,5.0,True,Racing Point,0 days 01:11:43.837000,2020-10-23 10:56:45.237,1,,False,,False,True,87.005,87.005
235,0 days 01:14:31.369000,PER,11,0 days 00:01:20.527000,15.0,3.0,,,23.392,31.159,25.976,0 days 01:13:34.234000,0 days 01:14:05.393000,0 days 01:14:31.369000,275.0,182.0,309.0,322.0,False,MEDIUM,6.0,True,Racing Point,0 days 01:13:10.842000,2020-10-23 10:58:12.242,1,,False,,False,True,80.527,80.527
236,0 days 01:16:01.280000,PER,11,0 days 00:01:29.911000,16.0,3.0,,,25.492,35.727,28.692,0 days 01:14:56.861000,0 days 01:15:32.588000,0 days 01:16:01.280000,249.0,163.0,301.0,307.0,False,MEDIUM,7.0,True,Racing Point,0 days 01:14:31.369000,2020-10-23 10:59:32.769,1,,False,,False,True,89.911,89.911
237,0 days 01:17:21.992000,PER,11,0 days 00:01:20.712000,17.0,3.0,,,23.487,30.917,26.308,0 days 01:16:24.767000,0 days 01:16:55.684000,0 days 01:17:21.992000,273.0,183.0,308.0,318.0,False,MEDIUM,8.0,True,Racing Point,0 days 01:16:01.280000,2020-10-23 11:01:02.680,1,,False,,False,True,80.712,80.71199999999999
238,0 days 01:18:54.487000,PER,11,0 days 00:01:32.495000,18.0,3.0,,0 days 01:18:52.454000,25.4,35.756,31.339,0 days 01:17:47.392000,0 days 01:18:23.148000,0 days 01:18:54.487000,249.0,170.0,,313.0,False,MEDIUM,9.0,True,Racing Point,0 days 01:17:21.992000,2020-10-23 11:02:23.392,1,,False,,False,False,92.495,92.495
239,0 days 01:32:26.650000,PER,11,,19.0,4.0,0 days 01:30:59.652000,,,33.877,27.481,,0 days 01:31:59.206000,0 days 01:32:26.846000,250.0,174.0,287.0,313.0,False,MEDIUM,10.0,False,Racing Point,0 days 01:18:54.487000,2020-10-23 11:03:55.887,1,,False,,False,False,,
240,0 days 01:33:49.933000,PER,11,0 days 00:01:23.283000,20.0,4.0,,,24.489,31.775,27.019,0 days 01:32:51.139000,0 days 01:33:22.914000,0 days 01:33:49.933000,263.0,158.0,290.0,297.0,False,MEDIUM,11.0,False,Racing Point,0 days 01:32:26.650000,2020-10-23 11:17:28.050,1,,True,TRACK LIMITS AT TURN 1,False,True,83.283,83.28299999999999
241,0 days 01:35:12.512000,PER,11,0 days 00:01:22.579000,21.0,4.0,,,24.347,31.68,26.552,0 days 01:34:14.280000,0 days 01:34:45.960000,0 days 01:35:12.512000,263.0,186.0,291.0,300.0,False,MEDIUM,12.0,False,Racing Point,0 days 01:33:49.933000,2020-10-23 11:18:51.333,1,,True,TRACK LIMITS AT TURN 1,False,True,82.579,82.57900000000001
242,0 days 01:36:34.879000,PER,11,0 days 00:01:22.367000,22.0,4.0,,,24.242,31.507,26.618,0 days 01:35:36.754000,0 days 01:36:08.261000,0 days 01:36:34.879000,263.0,184.0,294.0,298.0,False,MEDIUM,13.0,False,Racing Point,0 days 01:35:12.512000,2020-10-23 11:20:13.912,1,,True,TRACK LIMITS AT TURN 4,False,True,82.367,82.367
243,0 days 01:37:57.314000,PER,11,0 days 00:01:22.435000,23.0,4.0,,,24.195,31.637,26.603,0 days 01:36:59.074000,0 days 01:37:30.711000,0 days 01:37:57.314000,266.0,181.0,294.0,300.0,False,MEDIUM,14.0,False,Racing Point,0 days 01:36:34.879000,2020-10-23 11:21:36.279,1,,False,,False,True,82.435,82.435
244,0 days 01:39:19.978000,PER,11,0 days 00:01:22.664000,24.0,4.0,,,24.206,31.936,26.522,0 days 01:38:21.520000,0 days 01:38:53.456000,0 days 01:39:19.978000,269.0,178.0,307.0,302.0,False,MEDIUM,15.0,False,Racing Point,0 days 01:37:57.314000,2020-10-23 11:22:58.714,1,,False,,False,True,82.664,82.66399999999999
245,0 days 01:40:43.174000,PER,11,0 days 00:01:23.196000,25.0,4.0,,,24.411,32.369,26.416,0 days 01:39:44.389000,0 days 01:40:16.758000,0 days 01:40:43.174000,272.0,186.0,309.0,330.0,False,MEDIUM,16.0,False,Racing Point,0 days 01:39:19.978000,2020-10-23 11:24:21.378,1,,True,TRACK LIMITS AT TURN 4,False,True,83.196,83.196
246,0 days 01:42:06.588000,PER,11,0 days 00:01:23.414000,26.0,4.0,,,25.091,31.672,26.651,0 days 01:41:08.265000,0 days 01:41:39.937000,0 days 01:42:06.588000,263.0,186.0,293.0,335.0,False,MEDIUM,17.0,False,Racing Point,0 days 01:40:43.174000,2020-10-23 11:25:44.574,12,,False,,False,True,83.414,83.414
247,0 days 01:43:30.894000,PER,11,0 days 00:01:24.306000,27.0,4.0,,,24.956,32.853,26.497,0 days 01:42:31.544000,0 days 01:43:04.397000,0 days 01:43:30.894000,266.0,184.0,288.0,299.0,False,MEDIUM,18.0,False,Racing Point,0 days 01:42:06.588000,2020-10-23 11:27:07.988,1,,False,,False,True,84.306,84.306
248,0 days 01:44:55.531000,PER,11,0 days 00:01:24.637000,28.0,4.0,,,25.018,32.638,26.981,0 days 01:43:55.912000,0 days 01:44:28.550000,0 days 01:44:55.531000,267.0,171.0,289.0,291.0,False,MEDIUM,19.0,False,Racing Point,0 days 01:43:30.894000,2020-10-23 11:28:32.294,1,,False,,False,True,84.637,84.637
249,0 days 01:46:18.881000,PER,11,0 days 00:01:23.350000,29.0,4.0,,,24.609,32.097,26.644,0 days 01:45:20.140000,0 days 01:45:52.237000,0 days 01:46:18.881000,265.0,177.0,289.0,293.0,False,MEDIUM,20.0,False,Racing Point,0 days 01:44:55.531000,2020-10-23 11:29:56.931,1,,False,,False,True,83.35,83.35
250,0 days 01:48:10.519000,PER,11,0 days 00:01:51.638000,30.0,4.0,,,24.506,35.021,52.111,0 days 01:46:43.387000,0 days 01:47:18.408000,0 days 01:48:10.519000,270.0,137.0,57.0,286.0,False,MEDIUM,21.0,False,Racing Point,0 days 01:46:18.881000,2020-10-23 11:31:20.281,1,,False,,False,True,111.638,111.638
251,0 days 01:50:14.642000,PER,11,0 days 00:02:04.123000,31.0,4.0,,0 days 01:50:11.700000,55.596,35.324,33.203,0 days 01:49:06.115000,0 days 01:49:41.439000,0 days 01:50:14.642000,256.0,146.0,,262.0,False,MEDIUM,22.0,False,Racing Point,0 days 01:48:10.519000,2020-10-23 11:33:11.919,1,,False,,False,False,124.123,124.12299999999999
252,0 days 00:20:05.444000,LEC,16,,1.0,1.0,0 days 00:18:20.120000,0 days 00:20:05.436000,,38.565,37.925,,0 days 00:19:27.519000,0 days 00:20:05.534000,236.0,157.0,,,False,HARD,1.0,True,Ferrari,0 days 00:18:20.120000,2020-10-23 10:03:21.520,1,,False,,False,False,,
253,0 days 00:35:17.718000,LEC,16,,2.0,2.0,0 days 00:33:34.552000,,,38.226,33.795,,0 days 00:34:43.956000,0 days 00:35:18.573000,198.0,153.0,286.0,,False,HARD,2.0,False,Ferrari,0 days 00:20:05.444000,2020-10-23 10:05:06.844,12,,False,,False,False,,
254,0 days 00:36:44.434000,LEC,16,0 days 00:01:26.716000,3.0,2.0,,,26.094,33.389,27.233,0 days 00:35:43.812000,0 days 00:36:17.201000,0 days 00:36:44.434000,258.0,179.0,296.0,296.0,True,HARD,3.0,False,Ferrari,0 days 00:35:17.718000,2020-10-23 10:20:19.118,1,,False,,False,True,86.716,86.71600000000001
255,0 days 00:38:07.834000,LEC,16,0 days 00:01:23.400000,4.0,2.0,,,24.691,31.964,26.745,0 days 00:37:09.125000,0 days 00:37:41.089000,0 days 00:38:07.834000,263.0,186.0,297.0,310.0,True,HARD,4.0,False,Ferrari,0 days 00:36:44.434000,2020-10-23 10:21:45.834,1,,False,,False,True,83.4,83.4
256,0 days 00:39:30.666000,LEC,16,0 days 00:01:22.832000,5.0,2.0,,,23.915,31.883,27.034,0 days 00:38:31.749000,0 days 00:39:03.632000,0 days 00:39:30.666000,265.0,183.0,298.0,313.0,True,HARD,5.0,False,Ferrari,0 days 00:38:07.834000,2020-10-23 10:23:09.234,1,,False,,False,True,82.832,82.832
257,0 days 00:40:51.482000,LEC,16,0 days 00:01:20.816000,6.0,2.0,,,23.673,30.975,26.168,0 days 00:39:54.339000,0 days 00:40:25.314000,0 days 00:40:51.482000,266.0,192.0,299.0,311.0,False,HARD,6.0,False,Ferrari,0 days 00:39:30.666000,2020-10-23 10:24:32.066,1,,True,TRACK LIMITS AT TURN 1,False,True,80.816,80.816
258,0 days 00:42:11.892000,LEC,16,0 days 00:01:20.410000,7.0,2.0,,,23.449,30.992,25.969,0 days 00:41:14.931000,0 days 00:41:45.923000,0 days 00:42:11.892000,268.0,188.0,299.0,313.0,True,HARD,7.0,False,Ferrari,0 days 00:40:51.482000,2020-10-23 10:25:52.882,1,,False,,False,True,80.41,80.41
259,0 days 00:43:35.086000,LEC,16,0 days 00:01:23.194000,8.0,2.0,,,23.338,30.85,29.006,0 days 00:42:35.230000,0 days 00:43:06.080000,0 days 00:43:35.086000,267.0,192.0,301.0,313.0,False,HARD,8.0,False,Ferrari,0 days 00:42:11.892000,2020-10-23 10:27:13.292,12,,False,,False,True,83.194,83.194
260,0 days 00:45:01.403000,LEC,16,0 days 00:01:26.317000,9.0,2.0,,,23.414,35.779,27.124,0 days 00:43:58.500000,0 days 00:44:34.279000,0 days 00:45:01.403000,265.0,170.0,299.0,315.0,False,HARD,9.0,False,Ferrari,0 days 00:43:35.086000,2020-10-23 10:28:36.486,1,,True,TRACK LIMITS AT TURN 4,False,True,86.317,86.31700000000001
261,0 days 00:46:40.130000,LEC,16,0 days 00:01:38.727000,10.0,2.0,,,23.468,30.814,44.445,0 days 00:45:24.871000,0 days 00:45:55.685000,0 days 00:46:40.130000,266.0,190.0,267.0,314.0,False,HARD,10.0,False,Ferrari,0 days 00:45:01.403000,2020-10-23 10:30:02.803,12,,False,,False,True,98.727,98.727
262,0 days 00:48:13.390000,LEC,16,0 days 00:01:33.260000,11.0,2.0,,,27.857,35.47,29.933,0 days 00:47:07.987000,0 days 00:47:43.457000,0 days 00:48:13.390000,242.0,162.0,297.0,270.0,False,HARD,11.0,False,Ferrari,0 days 00:46:40.130000,2020-10-23 10:31:41.530,1,,False,,False,True,93.26,93.25999999999999
263,0 days 00:49:33.520000,LEC,16,0 days 00:01:20.130000,12.0,2.0,,,23.486,30.859,25.785,0 days 00:48:36.876000,0 days 00:49:07.735000,0 days 00:49:33.520000,266.0,195.0,298.0,310.0,True,HARD,12.0,False,Ferrari,0 days 00:48:13.390000,2020-10-23 10:33:14.790,1,,False,,False,True,80.13,80.13
264,0 days 00:50:53.173000,LEC,16,0 days 00:01:19.653000,13.0,2.0,,,23.326,30.647,25.68,0 days 00:49:56.846000,0 days 00:50:27.493000,0 days 00:50:53.173000,264.0,194.0,298.0,309.0,True,HARD,13.0,False,Ferrari,0 days 00:49:33.520000,2020-10-23 10:34:34.920,1,,False,,False,True,79.653,79.65299999999999
265,0 days 00:52:25.319000,LEC,16,0 days 00:01:32.146000,14.0,2.0,,0 days 00:52:22.366000,23.931,35.281,32.934,0 days 00:51:17.104000,0 days 00:51:52.385000,0 days 00:52:25.319000,199.0,170.0,,309.0,False,HARD,14.0,False,Ferrari,0 days 00:50:53.173000,2020-10-23 10:35:54.573,1,,False,,False,False,92.146,92.146
266,0 days 01:14:51.837000,LEC,16,,15.0,3.0,0 days 01:12:56.573000,,,44.968,31.743,,0 days 01:14:20.364000,0 days 01:14:52.112000,209.0,142.0,278.0,309.0,False,HARD,1.0,True,Ferrari,0 days 00:52:25.319000,2020-10-23 10:37:26.719,1,,False,,False,False,,
267,0 days 01:16:16.800000,LEC,16,0 days 00:01:24.963000,16.0,3.0,,,25.243,32.749,26.971,0 days 01:15:17.080000,0 days 01:15:49.829000,0 days 01:16:16.800000,262.0,182.0,295.0,288.0,False,HARD,2.0,True,Ferrari,0 days 01:14:51.837000,2020-10-23 10:59:53.237,1,,False,,False,True,84.963,84.96300000000001
268,0 days 01:17:38.886000,LEC,16,0 days 00:01:22.086000,17.0,3.0,,,23.87,31.807,26.409,0 days 01:16:40.670000,0 days 01:17:12.477000,0 days 01:17:38.886000,265.0,184.0,297.0,307.0,False,HARD,3.0,True,Ferrari,0 days 01:16:16.800000,2020-10-23 11:01:18.200,1,,False,,False,True,82.086,82.086
269,0 days 01:19:02.055000,LEC,16,0 days 00:01:23.169000,18.0,3.0,,,24.78,31.993,26.396,0 days 01:18:03.666000,0 days 01:18:35.659000,0 days 01:19:02.055000,265.0,183.0,296.0,311.0,False,HARD,4.0,True,Ferrari,0 days 01:17:38.886000,2020-10-23 11:02:40.286,1,,False,,False,True,83.169,83.169
270,0 days 01:20:22.822000,LEC,16,0 days 00:01:20.767000,19.0,3.0,,,23.369,30.853,26.545,0 days 01:19:25.424000,0 days 01:19:56.277000,0 days 01:20:22.822000,268.0,193.0,295.0,309.0,False,HARD,5.0,True,Ferrari,0 days 01:19:02.055000,2020-10-23 11:04:03.455,1,,False,,False,True,80.767,80.767
271,0 days 01:21:42.720000,LEC,16,0 days 00:01:19.898000,20.0,3.0,,,23.294,30.827,25.777,0 days 01:20:46.116000,0 days 01:21:16.943000,0 days 01:21:42.720000,269.0,195.0,294.0,309.0,False,HARD,6.0,True,Ferrari,0 days 01:20:22.822000,2020-10-23 11:05:24.222,1,,False,,False,True,79.898,79.898
272,0 days 01:23:02.044000,LEC,16,0 days 00:01:19.324000,21.0,3.0,,,23.046,30.562,25.716,0 days 01:22:05.766000,0 days 01:22:36.328000,0 days 01:23:02.044000,270.0,198.0,296.0,307.0,True,HARD,7.0,True,Ferrari,0 days 01:21:42.720000,2020-10-23 11:06:44.120,1,,False,,False,True,79.324,79.32400000000001
273,0 days 01:24:21.353000,LEC,16,0 days 00:01:19.309000,22.0,3.0,,,23.051,30.445,25.813,0 days 01:23:25.095000,0 days 01:23:55.540000,0 days 01:24:21.353000,268.0,195.0,298.0,303.0,True,HARD,8.0,True,Ferrari,0 days 01:23:02.044000,2020-10-23 11:08:03.444,1,,False,,False,True,79.309,79.309
274,0 days 01:25:41.626000,LEC,16,0 days 00:01:20.273000,23.0,3.0,,,23.083,30.589,26.601,0 days 01:24:44.436000,0 days 01:25:15.025000,0 days 01:25:41.626000,269.0,192.0,296.0,306.0,False,HARD,9.0,True,Ferrari,0 days 01:24:21.353000,2020-10-23 11:09:22.753,1,,False,,False,True,80.273,80.273
275,0 days 01:27:08.867000,LEC,16,0 days 00:01:27.241000,24.0,3.0,,0 days 01:27:05.885000,24.797,31.846,30.598,0 days 01:26:06.423000,0 days 01:26:38.269000,0 days 01:27:08.867000,260.0,182.0,,309.0,False,HARD,10.0,True,Ferrari,0 days 01:25:41.626000,2020-10-23 11:10:43.026,1,,False,,False,False,87.241,87.241
276,0 days 01:29:21.675000,LEC,16,0 days 00:02:12.808000,25.0,4.0,0 days 01:27:45.507000,0 days 01:29:21.688000,64.023,36.448,32.337,0 days 01:28:12.890000,0 days 01:28:49.338000,0 days 01:29:21.675000,198.0,178.0,,309.0,False,HARD,11.0,False,Ferrari,0 days 01:27:08.867000,2020-10-23 11:12:10.267,1,,False,,False,False,132.808,132.808
277,0 days 01:37:35.562000,LEC,16,,26.0,5.0,0 days 01:35:54.490000,0 days 01:37:32.526000,,34.597,31.259,,0 days 01:37:04.348000,0 days 01:37:38.543000,234.0,177.0,,309.0,False,HARD,12.0,False,Ferrari,0 days 01:29:21.675000,2020-10-23 11:14:23.075,1,,False,,False,False,,
278,0 days 01:39:52.398000,LEC,16,0 days 00:02:16.836000,27.0,6.0,0 days 01:38:17.696000,,76.378,32.634,27.824,0 days 01:38:51.940000,0 days 01:39:24.574000,0 days 01:39:52.398000,258.0,179.0,295.0,309.0,False,HARD,13.0,False,Ferrari,0 days 01:37:35.562000,2020-10-23 11:22:36.962,1,,False,,False,False,136.836,136.836
279,0 days 01:41:14.029000,LEC,16,0 days 00:01:21.631000,28.0,6.0,,,24.021,31.398,26.212,0 days 01:40:16.419000,0 days 01:40:47.817000,0 days 01:41:14.029000,262.0,190.0,289.0,311.0,False,HARD,14.0,False,Ferrari,0 days 01:39:52.398000,2020-10-23 11:24:53.798,1,,False,,False,True,81.631,81.631
280,0 days 01:42:39.995000,LEC,16,0 days 00:01:25.966000,29.0,6.0,,,24.633,31.712,29.621,0 days 01:41:38.662000,0 days 01:42:10.374000,0 days 01:42:39.995000,266.0,187.0,288.0,297.0,False,HARD,15.0,False,Ferrari,0 days 01:41:14.029000,2020-10-23 11:26:15.429,12,,False,,False,True,85.966,85.966
281,0 days 01:44:01.672000,LEC,16,0 days 00:01:21.677000,30.0,6.0,,,23.936,31.426,26.315,0 days 01:43:03.931000,0 days 01:43:35.357000,0 days 01:44:01.672000,268.0,190.0,298.0,292.0,False,HARD,16.0,False,Ferrari,0 days 01:42:39.995000,2020-10-23 11:27:41.395,1,,False,,False,True,81.677,81.67699999999999
282,0 days 01:45:26.199000,LEC,16,0 days 00:01:24.527000,31.0,6.0,,,23.749,33.647,27.131,0 days 01:44:25.421000,0 days 01:44:59.068000,0 days 01:45:26.199000,268.0,154.0,283.0,312.0,False,HARD,17.0,False,Ferrari,0 days 01:44:01.672000,2020-10-23 11:29:03.072,1,,True,TRACK LIMITS AT TURN 4,False,True,84.527,84.527
283,0 days 01:47:07.165000,LEC,16,0 days 00:01:40.966000,32.0,6.0,,,25.18,32.251,43.535,0 days 01:45:51.379000,0 days 01:46:23.630000,0 days 01:47:07.165000,260.0,179.0,55.0,285.0,False,HARD,18.0,False,Ferrari,0 days 01:45:26.199000,2020-10-23 11:30:27.599,1,,False,,False,True,100.966,100.966
284,0 days 01:49:17.567000,LEC,16,0 days 00:02:10.402000,33.0,6.0,,0 days 01:49:14.610000,62.532,33.572,34.298,0 days 01:48:09.697000,0 days 01:48:43.269000,0 days 01:49:17.567000,258.0,180.0,,244.0,False,HARD,19.0,False,Ferrari,0 days 01:47:07.165000,2020-10-23 11:32:08.565,1,,False,,False,False,130.402,130.402
285,0 days 00:18:31.233000,STR,18,,1.0,1.0,0 days 00:16:47.614000,0 days 00:18:28.495000,,36.725,36.952,,0 days 00:17:54.281000,0 days 00:18:31.329000,256.0,155.0,,,False,HARD,1.0,True,Racing Point,0 days 00:16:47.614000,2020-10-23 10:01:49.014,1,,False,,False,False,,
286,0 days 00:37:16.988000,STR,18,,2.0,2.0,0 days 00:35:45.030000,,,34.966,30.234,,0 days 00:36:46.791000,0 days 00:37:17.114000,250.0,163.0,297.0,,False,HARD,2.0,False,Racing Point,0 days 00:18:31.233000,2020-10-23 10:03:32.633,12,,False,,False,False,,
287,0 days 00:38:44.512000,STR,18,0 days 00:01:27.524000,3.0,2.0,,,25.366,33.819,28.339,0 days 00:37:42.354000,0 days 00:38:16.173000,0 days 00:38:44.512000,266.0,171.0,301.0,319.0,False,HARD,3.0,False,Racing Point,0 days 00:37:16.988000,2020-10-23 10:22:18.388,1,,True,TRACK LIMITS AT TURN 4,False,True,87.524,87.524
288,0 days 00:40:09.030000,STR,18,0 days 00:01:24.518000,4.0,2.0,,,24.611,32.191,27.716,0 days 00:39:09.123000,0 days 00:39:41.314000,0 days 00:40:09.030000,270.0,184.0,303.0,321.0,True,HARD,4.0,False,Racing Point,0 days 00:38:44.512000,2020-10-23 10:23:45.912,1,,False,,False,True,84.518,84.518
289,0 days 00:41:43.073000,STR,18,0 days 00:01:34.043000,5.0,2.0,,,24.399,36.843,32.801,0 days 00:40:33.429000,0 days 00:41:10.272000,0 days 00:41:43.073000,269.0,165.0,300.0,324.0,False,HARD,5.0,False,Racing Point,0 days 00:40:09.030000,2020-10-23 10:25:10.430,1,,True,TRACK LIMITS AT TURN 4,False,True,94.043,94.043
290,0 days 00:43:06.501000,STR,18,0 days 00:01:23.428000,6.0,2.0,,,24.406,31.856,27.166,0 days 00:42:07.479000,0 days 00:42:39.335000,0 days 00:43:06.501000,269.0,186.0,303.0,323.0,False,HARD,6.0,False,Racing Point,0 days 00:41:43.073000,2020-10-23 10:26:44.473,12,,True,TRACK LIMITS AT TURN 4,False,True,83.428,83.428
291,0 days 00:44:29.505000,STR,18,0 days 00:01:23.004000,7.0,2.0,,,24.008,31.64,27.356,0 days 00:43:30.509000,0 days 00:44:02.149000,0 days 00:44:29.505000,269.0,184.0,306.0,324.0,False,HARD,7.0,False,Racing Point,0 days 00:43:06.501000,2020-10-23 10:28:07.901,1,,True,TRACK LIMITS AT TURN 4,False,True,83.004,83.00399999999999
292,0 days 00:45:56.058000,STR,18,0 days 00:01:26.553000,8.0,2.0,,,24.202,34.598,27.753,0 days 00:44:53.707000,0 days 00:45:28.305000,0 days 00:45:56.058000,272.0,171.0,303.0,331.0,False,HARD,8.0,False,Racing Point,0 days 00:44:29.505000,2020-10-23 10:29:30.905,1,,False,,False,True,86.553,86.553
293,0 days 00:47:18.508000,STR,18,0 days 00:01:22.450000,9.0,2.0,,,23.847,31.309,27.294,0 days 00:46:19.905000,0 days 00:46:51.214000,0 days 00:47:18.508000,271.0,182.0,304.0,325.0,False,HARD,9.0,False,Racing Point,0 days 00:45:56.058000,2020-10-23 10:30:57.458,12,,True,TRACK LIMITS AT TURN 4,False,True,82.45,82.45
294,0 days 00:48:48.284000,STR,18,0 days 00:01:29.776000,10.0,2.0,,,23.951,34.592,31.233,0 days 00:47:42.459000,0 days 00:48:17.051000,0 days 00:48:48.284000,271.0,147.0,305.0,327.0,False,HARD,10.0,False,Racing Point,0 days 00:47:18.508000,2020-10-23 10:32:19.908,1,,True,TRACK LIMITS AT TURN 1,False,True,89.776,89.776
295,0 days 00:50:22.055000,STR,18,0 days 00:01:33.771000,11.0,2.0,,,23.82,40.218,29.733,0 days 00:49:12.104000,0 days 00:49:52.322000,0 days 00:50:22.055000,273.0,144.0,305.0,325.0,False,HARD,11.0,False,Racing Point,0 days 00:48:48.284000,2020-10-23 10:33:49.684,1,,False,,False,True,93.771,93.77100000000002
296,0 days 00:51:44.035000,STR,18,0 days 00:01:21.980000,12.0,2.0,,,23.665,31.564,26.751,0 days 00:50:45.720000,0 days 00:51:17.284000,0 days 00:51:44.035000,271.0,184.0,306.0,325.0,True,HARD,12.0,False,Racing Point,0 days 00:50:22.055000,2020-10-23 10:35:23.455,1,,False,,False,True,81.98,81.98
297,0 days 00:53:05.477000,STR,18,0 days 00:01:21.442000,13.0,2.0,,,23.482,31.198,26.762,0 days 00:52:07.517000,0 days 00:52:38.715000,0 days 00:53:05.477000,271.0,182.0,306.0,324.0,True,HARD,13.0,False,Racing Point,0 days 00:51:44.035000,2020-10-23 10:36:45.435,1,,False,,False,True,81.442,81.44200000000001
298,0 days 00:54:36.598000,STR,18,0 days 00:01:31.121000,14.0,2.0,,0 days 00:54:33.911000,25.304,32.848,32.969,0 days 00:53:30.781000,0 days 00:54:03.629000,0 days 00:54:36.598000,252.0,172.0,,307.0,False,HARD,14.0,False,Racing Point,0 days 00:53:05.477000,2020-10-23 10:38:06.877,1,,False,,False,False,91.121,91.12100000000001
299,0 days 01:13:36.494000,STR,18,,15.0,3.0,0 days 01:12:06.191000,,,36.789,28.681,,0 days 01:13:07.826000,0 days 01:13:36.996000,252.0,168.0,299.0,307.0,False,MEDIUM,1.0,True,Racing Point,0 days 00:54:36.598000,2020-10-23 10:39:37.998,1,,False,,False,False,,
300,0 days 01:14:58.877000,STR,18,0 days 00:01:22.383000,16.0,3.0,,,23.998,31.47,26.915,0 days 01:14:00.492000,0 days 01:14:31.962000,0 days 01:14:58.877000,271.0,186.0,302.0,317.0,False,MEDIUM,2.0,True,Racing Point,0 days 01:13:36.494000,2020-10-23 10:58:37.894,1,,True,TRACK LIMITS AT TURN 1,False,True,82.383,82.38300000000001
301,0 days 01:16:29.889000,STR,18,0 days 00:01:31.012000,17.0,3.0,,,26.018,36.33,28.664,0 days 01:15:24.895000,0 days 01:16:01.225000,0 days 01:16:29.889000,215.0,165.0,304.0,323.0,False,MEDIUM,3.0,True,Racing Point,0 days 01:14:58.877000,2020-10-23 11:00:00.277,1,,False,,False,True,91.012,91.012
302,0 days 01:17:51.601000,STR,18,0 days 00:01:21.712000,18.0,3.0,,,23.512,31.228,26.972,0 days 01:16:53.401000,0 days 01:17:24.629000,0 days 01:17:51.601000,275.0,185.0,310.0,322.0,False,MEDIUM,4.0,True,Racing Point,0 days 01:16:29.889000,2020-10-23 11:01:31.289,1,,False,,False,True,81.712,81.712
303,0 days 01:19:21.467000,STR,18,0 days 00:01:29.866000,19.0,3.0,,,25.919,35.949,27.998,0 days 01:18:17.520000,0 days 01:18:53.469000,0 days 01:19:21.467000,251.0,169.0,302.0,318.0,False,MEDIUM,5.0,True,Racing Point,0 days 01:17:51.601000,2020-10-23 11:02:53.001,1,,False,,False,True,89.866,89.866
304,0 days 01:20:42.421000,STR,18,0 days 00:01:20.954000,20.0,3.0,,,23.484,30.95,26.52,0 days 01:19:44.951000,0 days 01:20:15.901000,0 days 01:20:42.421000,271.0,190.0,305.0,322.0,True,MEDIUM,6.0,True,Racing Point,0 days 01:19:21.467000,2020-10-23 11:04:22.867,1,,False,,False,True,80.954,80.954
305,0 days 01:22:03.519000,STR,18,0 days 00:01:21.098000,21.0,3.0,,,23.338,31.098,26.662,0 days 01:21:05.759000,0 days 01:21:36.857000,0 days 01:22:03.519000,272.0,187.0,303.0,326.0,False,MEDIUM,7.0,True,Racing Point,0 days 01:20:42.421000,2020-10-23 11:05:43.821,1,,False,,False,True,81.098,81.098
306,0 days 01:23:29.294000,STR,18,0 days 00:01:25.775000,22.0,3.0,,,24.492,33.736,27.547,0 days 01:22:28.011000,0 days 01:23:01.747000,0 days 01:23:29.294000,248.0,175.0,302.0,323.0,False,MEDIUM,8.0,True,Racing Point,0 days 01:22:03.519000,2020-10-23 11:07:04.919,1,,True,TRACK LIMITS AT TURN 1,False,True,85.775,85.77499999999999
307,0 days 01:24:50.636000,STR,18,0 days 00:01:21.342000,23.0,3.0,,,23.418,30.893,27.031,0 days 01:23:52.712000,0 days 01:24:23.605000,0 days 01:24:50.636000,272.0,185.0,303.0,319.0,False,MEDIUM,9.0,True,Racing Point,0 days 01:23:29.294000,2020-10-23 11:08:30.694,1,,True,TRACK LIMITS AT TURN 1,False,True,81.342,81.342
308,0 days 01:26:11.238000,STR,18,0 days 00:01:20.602000,24.0,3.0,,,23.34,30.997,26.265,0 days 01:25:13.976000,0 days 01:25:44.973000,0 days 01:26:11.238000,272.0,186.0,300.0,321.0,False,MEDIUM,10.0,True,Racing Point,0 days 01:24:50.636000,2020-10-23 11:09:52.036,1,,True,TRACK LIMITS AT TURN 1,False,True,80.602,80.602
309,0 days 01:27:44.245000,STR,18,0 days 00:01:33.007000,25.0,3.0,,0 days 01:27:41.227000,25.537,34.226,33.244,0 days 01:26:36.775000,0 days 01:27:11.001000,0 days 01:27:44.245000,251.0,170.0,,295.0,False,MEDIUM,11.0,True,Racing Point,0 days 01:26:11.238000,2020-10-23 11:11:12.638,1,,False,,False,False,93.007,93.007
310,0 days 01:39:38.241000,STR,18,,26.0,4.0,0 days 01:38:08.351000,,,34.564,27.763,,0 days 01:39:10.540000,0 days 01:39:39.304000,248.0,171.0,289.0,295.0,False,MEDIUM,12.0,False,Racing Point,0 days 01:27:44.245000,2020-10-23 11:12:45.645,1,,False,,False,False,,
311,0 days 01:41:01.490000,STR,18,0 days 00:01:23.249000,27.0,4.0,,,24.394,32.066,26.789,0 days 01:40:02.635000,0 days 01:40:34.701000,0 days 01:41:01.490000,265.0,178.0,299.0,300.0,False,MEDIUM,13.0,False,Racing Point,0 days 01:39:38.241000,2020-10-23 11:24:39.641,1,,False,,False,True,83.249,83.249
312,0 days 01:42:26.512000,STR,18,0 days 00:01:25.022000,28.0,4.0,,,25.737,32.436,26.849,0 days 01:41:27.227000,0 days 01:41:59.663000,0 days 01:42:26.512000,268.0,179.0,290.0,320.0,False,MEDIUM,14.0,False,Racing Point,0 days 01:41:01.490000,2020-10-23 11:26:02.890,12,,True,TRACK LIMITS AT TURN 1,False,True,85.022,85.022
313,0 days 01:43:50.493000,STR,18,0 days 00:01:23.981000,29.0,4.0,,,24.686,32.2,27.095,0 days 01:42:51.198000,0 days 01:43:23.398000,0 days 01:43:50.493000,265.0,181.0,288.0,293.0,False,MEDIUM,15.0,False,Racing Point,0 days 01:42:26.512000,2020-10-23 11:27:27.912,1,,False,,False,True,83.981,83.981
314,0 days 01:45:17.304000,STR,18,0 days 00:01:26.811000,30.0,4.0,,,24.603,32.382,29.826,0 days 01:44:15.096000,0 days 01:44:47.478000,0 days 01:45:17.304000,267.0,153.0,264.0,290.0,False,MEDIUM,16.0,False,Racing Point,0 days 01:43:50.493000,2020-10-23 11:28:51.893,1,,True,TRACK LIMITS AT TURN 4,False,True,86.811,86.811
315,0 days 01:47:05.349000,STR,18,0 days 00:01:48.045000,31.0,4.0,,,28.425,36.656,42.964,0 days 01:45:45.729000,0 days 01:46:22.385000,0 days 01:47:05.349000,254.0,157.0,69.0,251.0,False,MEDIUM,17.0,False,Racing Point,0 days 01:45:17.304000,2020-10-23 11:30:18.704,1,,False,,False,True,108.045,108.045
316,0 days 01:49:15.995000,STR,18,0 days 00:02:10.646000,32.0,4.0,,0 days 01:49:14.527000,61.833,35.405,33.408,0 days 01:48:07.182000,0 days 01:48:42.587000,0 days 01:49:15.995000,247.0,167.0,,241.0,False,MEDIUM,18.0,False,Racing Point,0 days 01:47:05.349000,2020-10-23 11:32:06.749,1,,False,,False,False,130.646,130.64600000000002
317,0 days 00:17:48.468000,MAG,20,,1.0,1.0,0 days 00:16:01.274000,0 days 00:17:45.319000,,37.658,39.216,,0 days 00:17:09.252000,0 days 00:17:48.509000,198.0,161.0,,,False,HARD,1.0,True,Haas F1 Team,0 days 00:16:01.274000,2020-10-23 10:01:02.674,1,,False,,False,False,,
318,0 days 00:37:21.895000,MAG,20,,2.0,2.0,0 days 00:35:47.319000,,,34.889,34.211,,0 days 00:36:48.716000,0 days 00:37:22.022000,258.0,170.0,298.0,,False,HARD,2.0,False,Haas F1 Team,0 days 00:17:48.468000,2020-10-23 10:02:49.868,12,,False,,False,False,,
319,0 days 00:38:47.828000,MAG,20,0 days 00:01:25.933000,3.0,2.0,,,25.393,33.33,27.21,0 days 00:37:47.288000,0 days 00:38:20.618000,0 days 00:38:47.828000,263.0,176.0,301.0,317.0,True,HARD,3.0,False,Haas F1 Team,0 days 00:37:21.895000,2020-10-23 10:22:23.295,1,,False,,False,True,85.933,85.93299999999999
320,0 days 00:40:11.507000,MAG,20,0 days 00:01:23.679000,4.0,2.0,,,24.456,32.593,26.63,0 days 00:39:12.284000,0 days 00:39:44.877000,0 days 00:40:11.507000,268.0,178.0,302.0,317.0,True,HARD,4.0,False,Haas F1 Team,0 days 00:38:47.828000,2020-10-23 10:23:49.228,1,,False,,False,True,83.679,83.679
321,0 days 00:41:34.359000,MAG,20,0 days 00:01:22.852000,5.0,2.0,,,24.107,32.316,26.429,0 days 00:40:35.614000,0 days 00:41:07.930000,0 days 00:41:34.359000,269.0,182.0,299.0,318.0,True,HARD,5.0,False,Haas F1 Team,0 days 00:40:11.507000,2020-10-23 10:25:12.907,1,,False,,False,True,82.852,82.852
322,0 days 00:42:56.638000,MAG,20,0 days 00:01:22.279000,6.0,2.0,,,23.898,32.081,26.3,0 days 00:41:58.257000,0 days 00:42:30.338000,0 days 00:42:56.638000,267.0,179.0,301.0,316.0,True,HARD,6.0,False,Haas F1 Team,0 days 00:41:34.359000,2020-10-23 10:26:35.759,12,,False,,False,True,82.279,82.279
323,0 days 00:44:23.970000,MAG,20,0 days 00:01:27.332000,7.0,2.0,,,23.803,34.358,29.171,0 days 00:43:20.441000,0 days 00:43:54.799000,0 days 00:44:23.970000,270.0,166.0,299.0,317.0,False,HARD,7.0,False,Haas F1 Team,0 days 00:42:56.638000,2020-10-23 10:27:58.038,21,,False,,False,True,87.332,87.332
324,0 days 00:45:45.421000,MAG,20,0 days 00:01:21.451000,8.0,2.0,,,23.818,31.352,26.281,0 days 00:44:47.788000,0 days 00:45:19.140000,0 days 00:45:45.421000,269.0,182.0,310.0,316.0,True,HARD,8.0,False,Haas F1 Team,0 days 00:44:23.970000,2020-10-23 10:29:25.370,1,,False,,False,True,81.451,81.451
325,0 days 00:47:37.972000,MAG,20,0 days 00:01:52.551000,9.0,2.0,,0 days 00:47:34.883000,31.103,47.507,33.941,0 days 00:46:16.524000,0 days 00:47:04.031000,0 days 00:47:37.972000,198.0,146.0,,297.0,False,HARD,9.0,False,Haas F1 Team,0 days 00:45:45.421000,2020-10-23 10:30:46.821,12,,False,,False,False,112.551,112.551
326,0 days 01:06:13.521000,MAG,20,,10.0,3.0,0 days 01:04:46.696000,,,33.542,27.03,,0 days 01:05:46.528000,0 days 01:06:16.312000,253.0,180.0,296.0,297.0,False,MEDIUM,1.0,True,Haas F1 Team,0 days 00:47:37.972000,2020-10-23 10:32:39.372,1,,False,,False,False,,
327,0 days 01:07:35.979000,MAG,20,0 days 00:01:22.458000,11.0,3.0,,,24.123,31.156,27.179,0 days 01:06:37.644000,0 days 01:07:08.800000,0 days 01:07:35.979000,266.0,184.0,302.0,311.0,False,MEDIUM,2.0,True,Haas F1 Team,0 days 01:06:13.521000,2020-10-23 10:51:14.921,1,,False,,False,True,82.458,82.458
328,0 days 01:09:06.919000,MAG,20,0 days 00:01:30.940000,12.0,3.0,,,25.679,37.511,27.75,0 days 01:08:01.658000,0 days 01:08:39.169000,0 days 01:09:06.919000,264.0,141.0,298.0,318.0,False,MEDIUM,3.0,True,Haas F1 Team,0 days 01:07:35.979000,2020-10-23 10:52:37.379,1,,False,,False,True,90.94,90.94
329,0 days 01:10:28.335000,MAG,20,0 days 00:01:21.416000,13.0,3.0,,,23.769,31.143,26.504,0 days 01:09:30.688000,0 days 01:10:01.831000,0 days 01:10:28.335000,269.0,184.0,299.0,312.0,True,MEDIUM,4.0,True,Haas F1 Team,0 days 01:09:06.919000,2020-10-23 10:54:08.319,1,,False,,False,True,81.416,81.416
330,0 days 01:11:49.181000,MAG,20,0 days 00:01:20.846000,14.0,3.0,,,23.569,31.007,26.27,0 days 01:10:51.904000,0 days 01:11:22.911000,0 days 01:11:49.181000,271.0,178.0,300.0,313.0,True,MEDIUM,5.0,True,Haas F1 Team,0 days 01:10:28.335000,2020-10-23 10:55:29.735,1,,False,,False,True,80.846,80.846
331,0 days 01:13:41.362000,MAG,20,0 days 00:01:52.181000,15.0,3.0,,,28.015,54.594,29.572,0 days 01:12:17.196000,0 days 01:13:11.790000,0 days 01:13:41.362000,167.0,95.0,298.0,313.0,False,MEDIUM,6.0,True,Haas F1 Team,0 days 01:11:49.181000,2020-10-23 10:56:50.581,1,,False,,False,True,112.181,112.18100000000001
332,0 days 01:15:02.752000,MAG,20,0 days 00:01:21.390000,16.0,3.0,,,23.779,31.231,26.38,0 days 01:14:05.141000,0 days 01:14:36.372000,0 days 01:15:02.752000,271.0,184.0,311.0,314.0,False,MEDIUM,7.0,True,Haas F1 Team,0 days 01:13:41.362000,2020-10-23 10:58:42.762,1,,False,,False,True,81.39,81.39
333,0 days 01:16:52.194000,MAG,20,0 days 00:01:49.442000,17.0,3.0,,0 days 01:16:49.645000,30.475,42.227,36.74,0 days 01:15:33.227000,0 days 01:16:15.454000,0 days 01:16:52.194000,198.0,125.0,,255.0,False,MEDIUM,8.0,True,Haas F1 Team,0 days 01:15:02.752000,2020-10-23 11:00:04.152,1,,False,,False,False,109.442,109.44200000000001
334,0 days 01:33:45.336000,MAG,20,,18.0,4.0,0 days 01:32:16.778000,,,33.899,29.739,,0 days 01:33:16.125000,0 days 01:33:45.496000,256.0,172.0,286.0,255.0,False,MEDIUM,9.0,False,Haas F1 Team,0 days 01:16:52.194000,2020-10-23 11:01:53.594,1,,False,,False,False,,
335,0 days 01:35:09.153000,MAG,20,0 days 00:01:23.817000,19.0,4.0,,,24.769,31.931,27.117,0 days 01:34:10.105000,0 days 01:34:42.036000,0 days 01:35:09.153000,260.0,175.0,285.0,295.0,False,MEDIUM,10.0,False,Haas F1 Team,0 days 01:33:45.336000,2020-10-23 11:18:46.736,1,,False,,False,True,83.817,83.81700000000001
336,0 days 01:36:32.513000,MAG,20,0 days 00:01:23.360000,20.0,4.0,,,24.701,31.843,26.816,0 days 01:35:33.854000,0 days 01:36:05.697000,0 days 01:36:32.513000,262.0,175.0,287.0,295.0,False,MEDIUM,11.0,False,Haas F1 Team,0 days 01:35:09.153000,2020-10-23 11:20:10.553,1,,False,,False,True,83.36,83.36
337,0 days 01:37:55.806000,MAG,20,0 days 00:01:23.293000,21.0,4.0,,,24.636,31.908,26.749,0 days 01:36:57.149000,0 days 01:37:29.057000,0 days 01:37:55.806000,262.0,181.0,287.0,295.0,False,MEDIUM,12.0,False,Haas F1 Team,0 days 01:36:32.513000,2020-10-23 11:21:33.913,1,,False,,False,True,83.293,83.29299999999999
338,0 days 01:39:19.148000,MAG,20,0 days 00:01:23.342000,22.0,4.0,,,24.543,32.152,26.647,0 days 01:38:20.349000,0 days 01:38:52.501000,0 days 01:39:19.148000,263.0,183.0,287.0,296.0,False,MEDIUM,13.0,False,Haas F1 Team,0 days 01:37:55.806000,2020-10-23 11:22:57.206,1,,False,,False,True,83.342,83.342
339,0 days 01:40:42.559000,MAG,20,0 days 00:01:23.411000,23.0,4.0,,,24.726,31.961,26.724,0 days 01:39:43.874000,0 days 01:40:15.835000,0 days 01:40:42.559000,264.0,180.0,290.0,294.0,False,MEDIUM,14.0,False,Haas F1 Team,0 days 01:39:19.148000,2020-10-23 11:24:20.548,1,,False,,False,True,83.411,83.411
340,0 days 01:42:08.235000,MAG,20,0 days 00:01:25.676000,24.0,4.0,,,26.236,32.686,26.754,0 days 01:41:08.795000,0 days 01:41:41.481000,0 days 01:42:08.235000,266.0,171.0,289.0,300.0,False,MEDIUM,15.0,False,Haas F1 Team,0 days 01:40:42.559000,2020-10-23 11:25:43.959,12,,False,,False,True,85.676,85.676
341,0 days 01:43:36.096000,MAG,20,0 days 00:01:27.861000,25.0,4.0,,0 days 01:43:33.011000,24.617,32.367,30.877,0 days 01:42:32.852000,0 days 01:43:05.219000,0 days 01:43:36.096000,269.0,171.0,,298.0,False,MEDIUM,16.0,False,Haas F1 Team,0 days 01:42:08.235000,2020-10-23 11:27:09.635,1,,False,,False,False,87.861,87.86099999999999
342,0 days 01:45:29.067000,MAG,20,0 days 00:01:52.971000,26.0,5.0,0 days 01:44:06.098000,,53.208,32.676,27.087,0 days 01:44:29.304000,0 days 01:45:01.980000,0 days 01:45:29.067000,266.0,167.0,282.0,298.0,False,MEDIUM,17.0,False,Haas F1 Team,0 days 01:43:36.096000,2020-10-23 11:28:37.496,1,,False,,False,False,112.971,112.971
343,0 days 01:47:18.473000,MAG,20,0 days 00:01:49.406000,27.0,5.0,,,26.742,34.857,47.807,0 days 01:45:55.809000,0 days 01:46:30.666000,0 days 01:47:18.473000,243.0,162.0,76.0,291.0,False,MEDIUM,18.0,False,Haas F1 Team,0 days 01:45:29.067000,2020-10-23 11:30:30.467,1,,False,,False,True,109.406,109.406
344,0 days 01:49:41.006000,MAG,20,0 days 00:02:22.533000,28.0,5.0,,0 days 01:49:39.990000,65.565,39.549,37.419,0 days 01:48:24.038000,0 days 01:49:03.587000,0 days 01:49:41.006000,198.0,156.0,,250.0,False,MEDIUM,19.0,False,Haas F1 Team,0 days 01:47:18.473000,2020-10-23 11:32:19.873,1,,False,,False,False,142.533,142.53300000000002
345,0 days 00:17:14.465000,ALB,23,,1.0,1.0,0 days 00:15:37.295000,0 days 00:17:11.462000,,35.759,34.786,,0 days 00:16:39.679000,0 days 00:17:14.554000,255.0,165.0,,,False,HARD,1.0,True,Red Bull Racing,0 days 00:15:37.295000,2020-10-23 10:00:38.695,1,,False,,False,False,,
346,0 days 00:33:47.600000,ALB,23,,2.0,2.0,0 days 00:32:13.394000,,,36.506,28.682,,0 days 00:33:19.030000,0 days 00:33:47.792000,252.0,164.0,294.0,,False,HARD,2.0,False,Red Bull Racing,0 days 00:17:14.465000,2020-10-23 10:02:15.865,12,,False,,False,False,,
347,0 days 00:35:14.300000,ALB,23,0 days 00:01:26.700000,3.0,2.0,,,25.38,33.332,27.988,0 days 00:34:12.980000,0 days 00:34:46.312000,0 days 00:35:14.300000,263.0,167.0,296.0,312.0,True,HARD,3.0,False,Red Bull Racing,0 days 00:33:47.600000,2020-10-23 10:18:49.000,1,,False,,False,True,86.7,86.7
348,0 days 00:36:38.890000,ALB,23,0 days 00:01:24.590000,4.0,2.0,,,24.595,32.798,27.197,0 days 00:35:38.895000,0 days 00:36:11.693000,0 days 00:36:38.890000,266.0,175.0,298.0,313.0,True,HARD,4.0,False,Red Bull Racing,0 days 00:35:14.300000,2020-10-23 10:20:15.700,1,,False,,False,True,84.59,84.59
349,0 days 00:38:02.454000,ALB,23,0 days 00:01:23.564000,5.0,2.0,,,24.035,32.61,26.919,0 days 00:37:02.925000,0 days 00:37:35.535000,0 days 00:38:02.454000,269.0,179.0,301.0,313.0,False,HARD,5.0,False,Red Bull Racing,0 days 00:36:38.890000,2020-10-23 10:21:40.290,1,,True,TRACK LIMITS AT TURN 4,False,True,83.564,83.564
350,0 days 00:39:37.676000,ALB,23,0 days 00:01:35.222000,6.0,2.0,,,23.944,36.918,34.36,0 days 00:38:26.398000,0 days 00:39:03.316000,0 days 00:39:37.676000,270.0,138.0,303.0,318.0,False,HARD,6.0,False,Red Bull Racing,0 days 00:38:02.454000,2020-10-23 10:23:03.854,1,,False,,False,True,95.222,95.222
351,0 days 00:40:59.640000,ALB,23,0 days 00:01:21.964000,7.0,2.0,,,23.784,31.715,26.465,0 days 00:40:01.460000,0 days 00:40:33.175000,0 days 00:40:59.640000,271.0,181.0,303.0,317.0,True,HARD,7.0,False,Red Bull Racing,0 days 00:39:37.676000,2020-10-23 10:24:39.076,1,,False,,False,True,81.964,81.964
352,0 days 00:42:33.102000,ALB,23,0 days 00:01:33.462000,8.0,2.0,,,27.498,36.887,29.077,0 days 00:41:27.138000,0 days 00:42:04.025000,0 days 00:42:33.102000,186.0,147.0,301.0,274.0,False,HARD,8.0,False,Red Bull Racing,0 days 00:40:59.640000,2020-10-23 10:26:01.040,1,,False,,False,True,93.462,93.462
353,0 days 00:43:54.663000,ALB,23,0 days 00:01:21.561000,9.0,2.0,,,23.604,31.564,26.393,0 days 00:42:56.706000,0 days 00:43:28.270000,0 days 00:43:54.663000,271.0,185.0,300.0,316.0,True,HARD,9.0,False,Red Bull Racing,0 days 00:42:33.102000,2020-10-23 10:27:34.502,12,,False,,False,True,81.561,81.561
354,0 days 00:45:30.816000,ALB,23,0 days 00:01:36.153000,10.0,2.0,,,30.314,37.179,28.66,0 days 00:44:24.977000,0 days 00:45:02.156000,0 days 00:45:30.816000,238.0,160.0,298.0,231.0,False,HARD,10.0,False,Red Bull Racing,0 days 00:43:54.663000,2020-10-23 10:28:56.063,1,,False,,False,True,96.153,96.15299999999999
355,0 days 00:46:51.893000,ALB,23,0 days 00:01:21.077000,11.0,2.0,,,23.513,31.3,26.264,0 days 00:45:54.329000,0 days 00:46:25.629000,0 days 00:46:51.893000,269.0,186.0,300.0,313.0,True,HARD,11.0,False,Red Bull Racing,0 days 00:45:30.816000,2020-10-23 10:30:32.216,12,,False,,False,True,81.077,81.077
356,0 days 00:48:28.378000,ALB,23,0 days 00:01:36.485000,12.0,2.0,,,28.693,39.086,28.706,0 days 00:47:20.586000,0 days 00:47:59.672000,0 days 00:48:28.378000,195.0,157.0,302.0,233.0,False,HARD,12.0,False,Red Bull Racing,0 days 00:46:51.893000,2020-10-23 10:31:53.293,1,,False,,False,True,96.485,96.485
357,0 days 00:49:53.426000,ALB,23,0 days 00:01:25.048000,13.0,2.0,,,23.508,33.395,28.145,0 days 00:48:51.886000,0 days 00:49:25.281000,0 days 00:49:53.426000,272.0,168.0,302.0,317.0,False,HARD,13.0,False,Red Bull Racing,0 days 00:48:28.378000,2020-10-23 10:33:29.778,1,,False,,False,True,85.048,85.048
358,0 days 00:51:13.657000,ALB,23,0 days 00:01:20.231000,14.0,2.0,,,23.356,30.944,25.931,0 days 00:50:16.782000,0 days 00:50:47.726000,0 days 00:51:13.657000,269.0,190.0,300.0,315.0,True,HARD,14.0,False,Red Bull Racing,0 days 00:49:53.426000,2020-10-23 10:34:54.826,1,,False,,False,True,80.231,80.231
359,0 days 00:52:48.062000,ALB,23,0 days 00:01:34.405000,15.0,2.0,,,27.683,38.659,28.063,0 days 00:51:41.340000,0 days 00:52:19.999000,0 days 00:52:48.062000,217.0,148.0,302.0,270.0,False,HARD,15.0,False,Red Bull Racing,0 days 00:51:13.657000,2020-10-23 10:36:15.057,1,,False,,False,True,94.405,94.405
360,0 days 00:54:13.709000,ALB,23,0 days 00:01:25.647000,16.0,2.0,,0 days 00:54:10.756000,23.09,30.83,31.727,0 days 00:53:11.152000,0 days 00:53:41.982000,0 days 00:54:13.709000,272.0,191.0,,314.0,False,HARD,16.0,False,Red Bull Racing,0 days 00:52:48.062000,2020-10-23 10:37:49.462,1,,False,,False,False,85.647,85.647
361,0 days 01:13:55.472000,ALB,23,,17.0,3.0,0 days 01:12:16.982000,,,39.757,28.78,,0 days 01:13:26.787000,0 days 01:13:55.653000,253.0,167.0,290.0,314.0,False,HARD,1.0,True,Red Bull Racing,0 days 00:54:13.709000,2020-10-23 10:39:15.109,1,,False,,False,False,,
362,0 days 01:15:29.938000,ALB,23,0 days 00:01:34.466000,18.0,3.0,,,25.579,35.498,33.389,0 days 01:14:21.051000,0 days 01:14:56.549000,0 days 01:15:29.938000,266.0,172.0,301.0,297.0,False,HARD,2.0,True,Red Bull Racing,0 days 01:13:55.472000,2020-10-23 10:58:56.872,1,,False,,False,True,94.466,94.46600000000001
363,0 days 01:16:57.717000,ALB,23,0 days 00:01:27.779000,19.0,3.0,,,24.106,33.993,29.68,0 days 01:15:54.044000,0 days 01:16:28.037000,0 days 01:16:57.717000,270.0,182.0,300.0,317.0,False,HARD,3.0,True,Red Bull Racing,0 days 01:15:29.938000,2020-10-23 11:00:31.338,1,,True,TRACK LIMITS AT TURN 4,False,True,87.779,87.779
364,0 days 01:18:19.722000,ALB,23,0 days 00:01:22.005000,20.0,3.0,,,23.465,32.192,26.348,0 days 01:17:21.182000,0 days 01:17:53.374000,0 days 01:18:19.722000,271.0,184.0,300.0,315.0,False,HARD,4.0,True,Red Bull Racing,0 days 01:16:57.717000,2020-10-23 11:01:59.117,1,,False,,False,True,82.005,82.005
365,0 days 01:19:50.099000,ALB,23,0 days 00:01:30.377000,21.0,3.0,,,25.805,36.958,27.614,0 days 01:18:45.527000,0 days 01:19:22.485000,0 days 01:19:50.099000,244.0,173.0,300.0,301.0,False,HARD,5.0,True,Red Bull Racing,0 days 01:18:19.722000,2020-10-23 11:03:21.122,1,,False,,False,True,90.377,90.377
366,0 days 01:21:19.740000,ALB,23,0 days 00:01:29.641000,22.0,3.0,,,25.494,34.978,29.169,0 days 01:20:15.593000,0 days 01:20:50.571000,0 days 01:21:19.740000,271.0,180.0,302.0,313.0,False,HARD,6.0,True,Red Bull Racing,0 days 01:19:50.099000,2020-10-23 11:04:51.499,1,,False,,False,True,89.641,89.641
367,0 days 01:22:39.709000,ALB,23,0 days 00:01:19.969000,23.0,3.0,,,22.95,30.952,26.067,0 days 01:21:42.690000,0 days 01:22:13.642000,0 days 01:22:39.709000,273.0,189.0,302.0,317.0,True,HARD,7.0,True,Red Bull Racing,0 days 01:21:19.740000,2020-10-23 11:06:21.140,1,,False,,False,True,79.969,79.969
368,0 days 01:24:17.424000,ALB,23,0 days 00:01:37.715000,24.0,3.0,,,31.124,36.801,29.79,0 days 01:23:10.833000,0 days 01:23:47.634000,0 days 01:24:17.424000,220.0,143.0,298.0,259.0,False,HARD,8.0,True,Red Bull Racing,0 days 01:22:39.709000,2020-10-23 11:07:41.109,1,,False,,False,True,97.715,97.715
369,0 days 01:25:37.153000,ALB,23,0 days 00:01:19.729000,25.0,3.0,,,23.145,30.656,25.928,0 days 01:24:40.569000,0 days 01:25:11.225000,0 days 01:25:37.153000,272.0,187.0,298.0,310.0,True,HARD,9.0,True,Red Bull Racing,0 days 01:24:17.424000,2020-10-23 11:09:18.824,1,,False,,False,True,79.729,79.729
370,0 days 01:27:15.744000,ALB,23,0 days 00:01:38.591000,26.0,3.0,,,30.537,38.353,29.701,0 days 01:26:07.690000,0 days 01:26:46.043000,0 days 01:27:15.744000,243.0,139.0,298.0,225.0,False,HARD,10.0,True,Red Bull Racing,0 days 01:25:37.153000,2020-10-23 11:10:38.553,1,,False,,False,True,98.591,98.59100000000001
371,0 days 01:28:41.453000,ALB,23,0 days 00:01:25.709000,27.0,3.0,,,22.854,34.574,28.281,0 days 01:27:38.598000,0 days 01:28:13.172000,0 days 01:28:41.453000,273.0,157.0,299.0,311.0,False,HARD,11.0,True,Red Bull Racing,0 days 01:27:15.744000,2020-10-23 11:12:17.144,1,,True,TRACK LIMITS AT TURN 1,False,True,85.709,85.709
372,0 days 01:30:00.818000,ALB,23,0 days 00:01:19.365000,28.0,3.0,,,22.964,30.441,25.96,0 days 01:29:04.417000,0 days 01:29:34.858000,0 days 01:30:00.818000,272.0,194.0,300.0,312.0,True,HARD,12.0,True,Red Bull Racing,0 days 01:28:41.453000,2020-10-23 11:13:42.853,1,,False,,False,True,79.365,79.36500000000001
373,0 days 01:31:41.023000,ALB,23,0 days 00:01:40.205000,29.0,3.0,,0 days 01:31:38.076000,28.633,38.749,32.823,0 days 01:30:29.451000,0 days 01:31:08.200000,0 days 01:31:41.023000,229.0,162.0,,237.0,False,HARD,13.0,True,Red Bull Racing,0 days 01:30:00.818000,2020-10-23 11:15:02.218,1,,False,,False,False,100.205,100.20500000000001
374,0 days 01:42:53.391000,ALB,23,,30.0,4.0,0 days 01:41:15.768000,0 days 01:42:51.264000,,36.4,31.251,,0 days 01:42:22.209000,0 days 01:42:54.595000,197.0,168.0,,237.0,False,HARD,14.0,False,Red Bull Racing,0 days 01:31:41.023000,2020-10-23 11:16:42.423,12,,False,,False,False,,
375,0 days 01:44:48.286000,ALB,23,0 days 00:01:54.895000,31.0,5.0,0 days 01:43:17.620000,,51.533,35.051,28.311,0 days 01:43:44.924000,0 days 01:44:19.975000,0 days 01:44:48.286000,210.0,176.0,286.0,237.0,False,HARD,15.0,False,Red Bull Racing,0 days 01:42:53.391000,2020-10-23 11:27:54.791,1,,False,,False,False,114.895,114.89500000000001
376,0 days 01:46:12.440000,ALB,23,0 days 00:01:24.154000,32.0,5.0,,,24.686,32.403,27.065,0 days 01:45:12.972000,0 days 01:45:45.375000,0 days 01:46:12.440000,269.0,162.0,298.0,292.0,False,HARD,16.0,False,Red Bull Racing,0 days 01:44:48.286000,2020-10-23 11:29:49.686,1,,True,TRACK LIMITS AT TURN 4,False,True,84.154,84.154
377,0 days 01:48:00.802000,ALB,23,0 days 00:01:48.362000,33.0,5.0,,,24.232,36.514,47.616,0 days 01:46:36.672000,0 days 01:47:13.186000,0 days 01:48:00.802000,270.0,133.0,56.0,315.0,False,HARD,17.0,False,Red Bull Racing,0 days 01:46:12.440000,2020-10-23 11:31:13.840,1,,True,TRACK LIMITS AT TURN 4,False,True,108.362,108.362
378,0 days 01:50:18.480000,ALB,23,0 days 00:02:17.678000,34.0,5.0,,0 days 01:50:18.517000,55.354,43.77,38.554,0 days 01:48:56.156000,0 days 01:49:39.926000,0 days 01:50:18.480000,145.0,83.0,,256.0,False,HARD,18.0,False,Red Bull Racing,0 days 01:48:00.802000,2020-10-23 11:33:02.202,1,,False,,False,False,137.678,137.678
379,0 days 00:17:50.817000,KVY,26,,1.0,1.0,0 days 00:15:52.972000,0 days 00:17:47.832000,,44.504,44.369,,0 days 00:17:06.475000,0 days 00:17:50.907000,218.0,143.0,,,False,HARD,1.0,True,AlphaTauri,0 days 00:15:52.972000,2020-10-23 10:00:54.372,1,,False,,False,False,,
380,0 days 00:20:17.871000,KVY,26,0 days 00:02:27.054000,2.0,2.0,0 days 00:18:24.737000,0 days 00:20:17.288000,63.189,43.767,40.098,0 days 00:18:54.006000,0 days 00:19:37.773000,0 days 00:20:17.871000,217.0,135.0,,,False,HARD,2.0,False,AlphaTauri,0 days 00:17:50.817000,2020-10-23 10:02:52.217,1,,False,,False,False,147.054,147.054
381,0 days 00:44:32.813000,KVY,26,,3.0,3.0,0 days 00:42:48.258000,,,41.197,33.735,,0 days 00:43:59.393000,0 days 00:44:33.506000,236.0,155.0,297.0,,False,HARD,3.0,False,AlphaTauri,0 days 00:20:17.871000,2020-10-23 10:05:19.271,12,,False,,False,False,,
382,0 days 00:46:03.895000,KVY,26,0 days 00:01:31.082000,4.0,3.0,,,26.133,34.763,30.186,0 days 00:44:58.946000,0 days 00:45:33.709000,0 days 00:46:03.895000,265.0,170.0,305.0,322.0,True,HARD,4.0,False,AlphaTauri,0 days 00:44:32.813000,2020-10-23 10:29:34.213,1,,False,,False,True,91.082,91.082
383,0 days 00:47:28.558000,KVY,26,0 days 00:01:24.663000,5.0,3.0,,,24.424,32.856,27.383,0 days 00:46:28.319000,0 days 00:47:01.175000,0 days 00:47:28.558000,269.0,179.0,303.0,327.0,True,HARD,5.0,False,AlphaTauri,0 days 00:46:03.895000,2020-10-23 10:31:05.295,12,,False,,False,True,84.663,84.663
384,0 days 00:48:54.435000,KVY,26,0 days 00:01:25.877000,6.0,3.0,,,24.37,32.37,29.137,0 days 00:47:52.928000,0 days 00:48:25.298000,0 days 00:48:54.435000,270.0,186.0,310.0,323.0,False,HARD,6.0,False,AlphaTauri,0 days 00:47:28.558000,2020-10-23 10:32:29.958,1,,False,,False,True,85.877,85.877
385,0 days 00:50:16.239000,KVY,26,0 days 00:01:21.804000,7.0,3.0,,,23.711,31.862,26.231,0 days 00:49:18.146000,0 days 00:49:50.008000,0 days 00:50:16.239000,271.0,186.0,309.0,328.0,True,HARD,7.0,False,AlphaTauri,0 days 00:48:54.435000,2020-10-23 10:33:55.835,1,,False,,False,True,81.804,81.804
386,0 days 00:51:37.667000,KVY,26,0 days 00:01:21.428000,8.0,3.0,,,23.638,31.534,26.256,0 days 00:50:39.877000,0 days 00:51:11.411000,0 days 00:51:37.667000,274.0,187.0,306.0,323.0,True,HARD,8.0,False,AlphaTauri,0 days 00:50:16.239000,2020-10-23 10:35:17.639,1,,False,,False,True,81.428,81.428
387,0 days 00:52:58.507000,KVY,26,0 days 00:01:20.840000,9.0,3.0,,,23.361,31.438,26.041,0 days 00:52:01.028000,0 days 00:52:32.466000,0 days 00:52:58.507000,273.0,192.0,307.0,322.0,True,HARD,9.0,False,AlphaTauri,0 days 00:51:37.667000,2020-10-23 10:36:39.067,1,,False,,False,True,80.84,80.84
388,0 days 00:54:23.129000,KVY,26,0 days 00:01:24.622000,10.0,3.0,,0 days 00:54:20.160000,23.22,31.248,30.154,0 days 00:53:21.727000,0 days 00:53:52.975000,0 days 00:54:23.129000,274.0,188.0,,318.0,False,HARD,10.0,False,AlphaTauri,0 days 00:52:58.507000,2020-10-23 10:37:59.907,1,,False,,False,False,84.622,84.622
389,0 days 01:09:33.488000,KVY,26,,11.0,4.0,0 days 01:08:04.275000,,,35.504,27.518,,0 days 01:09:06.058000,0 days 01:09:33.651000,259.0,175.0,302.0,318.0,False,MEDIUM,1.0,True,AlphaTauri,0 days 00:54:23.129000,2020-10-23 10:39:24.529,1,,False,,False,False,,
390,0 days 01:10:55.323000,KVY,26,0 days 00:01:21.835000,12.0,4.0,,,23.81,31.578,26.447,0 days 01:09:57.298000,0 days 01:10:28.876000,0 days 01:10:55.323000,272.0,186.0,303.0,317.0,False,MEDIUM,2.0,True,AlphaTauri,0 days 01:09:33.488000,2020-10-23 10:54:34.888,1,,False,,False,True,81.835,81.835
391,0 days 01:12:28.380000,KVY,26,0 days 00:01:33.057000,13.0,4.0,,,25.739,35.94,31.378,0 days 01:11:21.062000,0 days 01:11:57.002000,0 days 01:12:28.380000,259.0,166.0,303.0,313.0,False,MEDIUM,3.0,True,AlphaTauri,0 days 01:10:55.323000,2020-10-23 10:55:56.723,1,,False,,False,True,93.057,93.057
392,0 days 01:13:49.192000,KVY,26,0 days 00:01:20.812000,14.0,4.0,,,23.198,31.321,26.293,0 days 01:12:51.578000,0 days 01:13:22.899000,0 days 01:13:49.192000,274.0,190.0,304.0,319.0,True,MEDIUM,4.0,True,AlphaTauri,0 days 01:12:28.380000,2020-10-23 10:57:29.780,1,,False,,False,True,80.812,80.81200000000001
393,0 days 01:15:26.619000,KVY,26,0 days 00:01:37.427000,15.0,4.0,,,26.616,36.319,34.492,0 days 01:14:15.808000,0 days 01:14:52.127000,0 days 01:15:26.619000,189.0,175.0,304.0,295.0,False,MEDIUM,5.0,True,AlphaTauri,0 days 01:13:49.192000,2020-10-23 10:58:50.592,1,,False,,False,True,97.427,97.42699999999999
394,0 days 01:16:54.385000,KVY,26,0 days 00:01:27.766000,16.0,4.0,,,24.077,35.616,28.073,0 days 01:15:50.696000,0 days 01:16:26.312000,0 days 01:16:54.385000,258.0,169.0,302.0,322.0,False,MEDIUM,6.0,True,AlphaTauri,0 days 01:15:26.619000,2020-10-23 11:00:28.019,1,,False,,False,True,87.766,87.76599999999999
395,0 days 01:18:15.413000,KVY,26,0 days 00:01:21.028000,17.0,4.0,,,23.474,31.215,26.339,0 days 01:17:17.859000,0 days 01:17:49.074000,0 days 01:18:15.413000,274.0,185.0,303.0,318.0,False,MEDIUM,7.0,True,AlphaTauri,0 days 01:16:54.385000,2020-10-23 11:01:55.785,1,,False,,False,True,81.028,81.02799999999999
396,0 days 01:19:39.855000,KVY,26,0 days 00:01:24.442000,18.0,4.0,,,23.822,33.905,26.715,0 days 01:18:39.235000,0 days 01:19:13.140000,0 days 01:19:39.855000,248.0,189.0,303.0,320.0,False,MEDIUM,8.0,True,AlphaTauri,0 days 01:18:15.413000,2020-10-23 11:03:16.813,1,,False,,False,True,84.442,84.44200000000001
397,0 days 01:21:00.133000,KVY,26,0 days 00:01:20.278000,19.0,4.0,,,23.06,31.076,26.142,0 days 01:20:02.915000,0 days 01:20:33.991000,0 days 01:21:00.133000,274.0,193.0,304.0,320.0,True,MEDIUM,9.0,True,AlphaTauri,0 days 01:19:39.855000,2020-10-23 11:04:41.255,1,,False,,False,True,80.278,80.27799999999999
398,0 days 01:22:25.558000,KVY,26,0 days 00:01:25.425000,20.0,4.0,,,24.022,32.765,28.638,0 days 01:21:24.155000,0 days 01:21:56.920000,0 days 01:22:25.558000,275.0,188.0,306.0,317.0,False,MEDIUM,10.0,True,AlphaTauri,0 days 01:21:00.133000,2020-10-23 11:06:01.533,1,,True,TRACK LIMITS AT TURN 1,False,True,85.425,85.425
399,0 days 01:23:45.960000,KVY,26,0 days 00:01:20.402000,21.0,4.0,,,23.072,30.949,26.381,0 days 01:22:48.630000,0 days 01:23:19.579000,0 days 01:23:45.960000,276.0,181.0,305.0,323.0,False,MEDIUM,11.0,True,AlphaTauri,0 days 01:22:25.558000,2020-10-23 11:07:26.958,1,,False,,False,True,80.402,80.402
400,0 days 01:25:21.518000,KVY,26,0 days 00:01:35.558000,22.0,4.0,,0 days 01:25:18.551000,27.922,34.418,33.218,0 days 01:24:13.882000,0 days 01:24:48.300000,0 days 01:25:21.518000,243.0,173.0,,302.0,False,MEDIUM,12.0,True,AlphaTauri,0 days 01:23:45.960000,2020-10-23 11:08:47.360,1,,False,,False,False,95.558,95.558
401,0 days 01:35:34.929000,KVY,26,,23.0,5.0,0 days 01:34:09.741000,,,33.297,27.211,,0 days 01:35:07.774000,0 days 01:35:35.062000,259.0,179.0,307.0,302.0,False,MEDIUM,13.0,False,AlphaTauri,0 days 01:25:21.518000,2020-10-23 11:10:22.918,1,,False,,False,False,,
402,0 days 01:36:58.325000,KVY,26,0 days 00:01:23.396000,24.0,5.0,,,24.408,32.242,26.746,0 days 01:35:59.337000,0 days 01:36:31.579000,0 days 01:36:58.325000,268.0,184.0,309.0,319.0,False,MEDIUM,14.0,False,AlphaTauri,0 days 01:35:34.929000,2020-10-23 11:20:36.329,1,,True,TRACK LIMITS AT TURN 1,False,True,83.396,83.396
403,0 days 01:38:20.947000,KVY,26,0 days 00:01:22.622000,25.0,5.0,,,23.91,31.946,26.766,0 days 01:37:22.235000,0 days 01:37:54.181000,0 days 01:38:20.947000,270.0,189.0,295.0,323.0,False,MEDIUM,15.0,False,AlphaTauri,0 days 01:36:58.325000,2020-10-23 11:21:59.725,1,,False,,False,True,82.622,82.622
404,0 days 01:39:43.636000,KVY,26,0 days 00:01:22.689000,26.0,5.0,,,24.255,31.923,26.511,0 days 01:38:45.202000,0 days 01:39:17.125000,0 days 01:39:43.636000,269.0,189.0,295.0,298.0,False,MEDIUM,16.0,False,AlphaTauri,0 days 01:38:20.947000,2020-10-23 11:23:22.347,1,,False,,False,True,82.689,82.689
405,0 days 01:41:06.314000,KVY,26,0 days 00:01:22.678000,27.0,5.0,,,24.093,31.819,26.766,0 days 01:40:07.729000,0 days 01:40:39.548000,0 days 01:41:06.314000,270.0,185.0,294.0,302.0,False,MEDIUM,17.0,False,AlphaTauri,0 days 01:39:43.636000,2020-10-23 11:24:45.036,1,,False,,False,True,82.678,82.678
406,0 days 01:43:00.470000,KVY,26,0 days 00:01:54.156000,28.0,5.0,,,50.138,34.687,29.331,0 days 01:41:56.452000,0 days 01:42:31.139000,0 days 01:43:00.470000,254.0,178.0,292.0,303.0,False,MEDIUM,18.0,False,AlphaTauri,0 days 01:41:06.314000,2020-10-23 11:26:07.714,12,,False,,False,True,114.156,114.15599999999999
407,0 days 01:44:24.452000,KVY,26,0 days 00:01:23.982000,29.0,5.0,,,24.311,32.683,26.988,0 days 01:43:24.781000,0 days 01:43:57.464000,0 days 01:44:24.452000,273.0,184.0,290.0,302.0,False,MEDIUM,19.0,False,AlphaTauri,0 days 01:43:00.470000,2020-10-23 11:28:01.870,1,,True,TRACK LIMITS AT TURN 4,False,True,83.982,83.982
408,0 days 01:45:48.157000,KVY,26,0 days 00:01:23.705000,30.0,5.0,,,24.5,32.163,27.042,0 days 01:44:48.952000,0 days 01:45:21.115000,0 days 01:45:48.157000,271.0,183.0,306.0,292.0,False,MEDIUM,20.0,False,AlphaTauri,0 days 01:44:24.452000,2020-10-23 11:29:25.852,1,,False,,False,True,83.705,83.705
409,0 days 01:47:35.909000,KVY,26,0 days 00:01:47.752000,31.0,5.0,,,24.987,39.919,42.846,0 days 01:46:13.144000,0 days 01:46:53.063000,0 days 01:47:35.909000,268.0,153.0,64.0,318.0,False,MEDIUM,21.0,False,AlphaTauri,0 days 01:45:48.157000,2020-10-23 11:30:49.557,1,,False,,False,True,107.752,107.75199999999998
410,0 days 01:49:49.980000,KVY,26,0 days 00:02:14.071000,32.0,5.0,,0 days 01:49:48.361000,57.267,38.169,38.635,0 days 01:48:33.176000,0 days 01:49:11.345000,0 days 01:49:49.980000,254.0,145.0,,238.0,False,MEDIUM,22.0,False,AlphaTauri,0 days 01:47:35.909000,2020-10-23 11:32:37.309,1,,False,,False,False,134.071,134.071
411,0 days 00:18:21.805000,OCO,31,,1.0,1.0,0 days 00:16:30.476000,0 days 00:18:19.502000,,39.701,39.998,,0 days 00:17:41.807000,0 days 00:18:22.128000,230.0,158.0,,,False,HARD,1.0,True,Renault,0 days 00:16:30.476000,2020-10-23 10:01:31.876,1,,False,,False,False,,
412,0 days 00:37:12.209000,OCO,31,,2.0,2.0,0 days 00:35:38.606000,,,37.125,29.849,,0 days 00:36:43.708000,0 days 00:37:12.357000,249.0,162.0,297.0,,False,HARD,2.0,False,Renault,0 days 00:18:21.805000,2020-10-23 10:03:23.205,12,,False,,False,False,,
413,0 days 00:38:39.923000,OCO,31,0 days 00:01:27.714000,3.0,2.0,,,25.863,33.674,28.177,0 days 00:37:38.072000,0 days 00:38:11.746000,0 days 00:38:39.923000,261.0,173.0,299.0,308.0,True,HARD,3.0,False,Renault,0 days 00:37:12.209000,2020-10-23 10:22:13.609,1,,False,,False,True,87.714,87.714
414,0 days 00:40:04.506000,OCO,31,0 days 00:01:24.583000,4.0,2.0,,,24.772,32.741,27.07,0 days 00:39:04.695000,0 days 00:39:37.436000,0 days 00:40:04.506000,263.0,178.0,305.0,308.0,True,HARD,4.0,False,Renault,0 days 00:38:39.923000,2020-10-23 10:23:41.323,1,,False,,False,True,84.583,84.583
415,0 days 00:41:30.127000,OCO,31,0 days 00:01:25.621000,5.0,2.0,,,25.111,33.479,27.031,0 days 00:40:29.617000,0 days 00:41:03.096000,0 days 00:41:30.127000,252.0,175.0,305.0,304.0,False,HARD,5.0,False,Renault,0 days 00:40:04.506000,2020-10-23 10:25:05.906,1,,False,,False,True,85.621,85.62100000000001
416,0 days 00:42:52.281000,OCO,31,0 days 00:01:22.154000,6.0,2.0,,,23.982,31.834,26.338,0 days 00:41:54.109000,0 days 00:42:25.943000,0 days 00:42:52.281000,269.0,186.0,307.0,323.0,True,HARD,6.0,False,Renault,0 days 00:41:30.127000,2020-10-23 10:26:31.527,1,,False,,False,True,82.154,82.154
417,0 days 00:44:19.333000,OCO,31,0 days 00:01:27.052000,7.0,2.0,,,25.646,34.143,27.263,0 days 00:43:17.927000,0 days 00:43:52.070000,0 days 00:44:19.333000,241.0,174.0,306.0,313.0,False,HARD,7.0,False,Renault,0 days 00:42:52.281000,2020-10-23 10:27:53.681,12,,False,,False,True,87.052,87.052
418,0 days 00:45:41.790000,OCO,31,0 days 00:01:22.457000,8.0,2.0,,,23.696,32.032,26.729,0 days 00:44:43.029000,0 days 00:45:15.061000,0 days 00:45:41.790000,270.0,176.0,307.0,324.0,False,HARD,8.0,False,Renault,0 days 00:44:19.333000,2020-10-23 10:29:20.733,1,,True,TRACK LIMITS AT TURN 1,False,True,82.457,82.457
419,0 days 00:47:13.837000,OCO,31,0 days 00:01:32.047000,9.0,2.0,,,25.045,38.748,28.254,0 days 00:46:06.835000,0 days 00:46:45.583000,0 days 00:47:13.837000,245.0,172.0,306.0,314.0,False,HARD,9.0,False,Renault,0 days 00:45:41.790000,2020-10-23 10:30:43.190,12,,False,,False,True,92.047,92.047
420,0 days 00:48:39.940000,OCO,31,0 days 00:01:26.103000,10.0,2.0,,,23.52,33.325,29.258,0 days 00:47:37.357000,0 days 00:48:10.682000,0 days 00:48:39.940000,274.0,119.0,307.0,326.0,False,HARD,10.0,False,Renault,0 days 00:47:13.837000,2020-10-23 10:32:15.237,1,,False,,False,True,86.103,86.103
421,0 days 00:50:01.209000,OCO,31,0 days 00:01:21.269000,11.0,2.0,,,23.565,31.345,26.359,0 days 00:49:03.505000,0 days 00:49:34.850000,0 days 00:50:01.209000,271.0,189.0,298.0,326.0,False,HARD,11.0,False,Renault,0 days 00:48:39.940000,2020-10-23 10:33:41.340,1,,True,TRACK LIMITS AT TURN 1,False,True,81.269,81.269
422,0 days 00:51:34.776000,OCO,31,0 days 00:01:33.567000,12.0,2.0,,0 days 00:51:34.788000,25.273,35.54,32.754,0 days 00:50:26.482000,0 days 00:51:02.022000,0 days 00:51:34.776000,244.0,122.0,,303.0,False,HARD,12.0,False,Renault,0 days 00:50:01.209000,2020-10-23 10:35:02.609,1,,False,,False,False,93.567,93.56700000000001
423,0 days 00:53:28.544000,OCO,31,0 days 00:01:53.768000,13.0,3.0,0 days 00:51:57.761000,0 days 00:53:28.562000,47.052,34.996,31.72,0 days 00:52:21.828000,0 days 00:52:56.824000,0 days 00:53:28.544000,198.0,177.0,,303.0,False,HARD,13.0,False,Renault,0 days 00:51:34.776000,2020-10-23 10:36:36.176,1,,False,,False,False,113.768,113.768
424,0 days 01:08:44.803000,OCO,31,,14.0,4.0,0 days 01:07:15.639000,,,34.57,28.045,,0 days 01:08:16.758000,0 days 01:08:45.009000,250.0,167.0,302.0,303.0,False,HARD,1.0,True,Renault,0 days 00:53:28.544000,2020-10-23 10:38:29.944,1,,False,,False,False,,
425,0 days 01:10:09.417000,OCO,31,0 days 00:01:24.614000,15.0,4.0,,,24.241,32.422,27.951,0 days 01:09:09.044000,0 days 01:09:41.466000,0 days 01:10:09.417000,267.0,182.0,273.0,318.0,False,HARD,2.0,True,Renault,0 days 01:08:44.803000,2020-10-23 10:53:46.203,1,,False,,False,True,84.614,84.614
426,0 days 01:11:41.646000,OCO,31,0 days 00:01:32.229000,16.0,4.0,,,25.585,33.111,33.533,0 days 01:10:35.002000,0 days 01:11:08.113000,0 days 01:11:41.646000,258.0,175.0,304.0,286.0,False,HARD,3.0,True,Renault,0 days 01:10:09.417000,2020-10-23 10:55:10.817,1,,False,,False,True,92.229,92.229
427,0 days 01:13:04.080000,OCO,31,0 days 00:01:22.434000,17.0,4.0,,,23.812,31.925,26.697,0 days 01:12:05.458000,0 days 01:12:37.383000,0 days 01:13:04.080000,270.0,185.0,293.0,321.0,False,HARD,4.0,True,Renault,0 days 01:11:41.646000,2020-10-23 10:56:43.046,1,,False,,False,True,82.434,82.434
428,0 days 01:14:29.036000,OCO,31,0 days 00:01:24.956000,18.0,4.0,,,24.946,32.918,27.092,0 days 01:13:29.026000,0 days 01:14:01.944000,0 days 01:14:29.036000,249.0,179.0,304.0,294.0,False,HARD,5.0,True,Renault,0 days 01:13:04.080000,2020-10-23 10:58:05.480,1,,False,,False,True,84.956,84.956
429,0 days 01:15:50.740000,OCO,31,0 days 00:01:21.704000,19.0,4.0,,,23.641,31.556,26.507,0 days 01:14:52.677000,0 days 01:15:24.233000,0 days 01:15:50.740000,271.0,191.0,309.0,323.0,True,HARD,6.0,True,Renault,0 days 01:14:29.036000,2020-10-23 10:59:30.436,1,,False,,False,True,81.704,81.70400000000001
430,0 days 01:17:20.368000,OCO,31,0 days 00:01:29.628000,20.0,4.0,,,25.173,33.699,30.756,0 days 01:16:15.913000,0 days 01:16:49.612000,0 days 01:17:20.368000,247.0,175.0,305.0,311.0,False,HARD,7.0,True,Renault,0 days 01:15:50.740000,2020-10-23 11:00:52.140,1,,False,,False,True,89.628,89.628
431,0 days 01:18:45.593000,OCO,31,0 days 00:01:25.225000,21.0,4.0,,,23.841,32.439,28.945,0 days 01:17:44.209000,0 days 01:18:16.648000,0 days 01:18:45.593000,271.0,184.0,304.0,323.0,False,HARD,8.0,True,Renault,0 days 01:17:20.368000,2020-10-23 11:02:21.768,1,,False,,False,True,85.225,85.225
432,0 days 01:20:07.266000,OCO,31,0 days 00:01:21.673000,22.0,4.0,,,23.582,31.706,26.385,0 days 01:19:09.175000,0 days 01:19:40.881000,0 days 01:20:07.266000,272.0,189.0,298.0,323.0,True,HARD,9.0,True,Renault,0 days 01:18:45.593000,2020-10-23 11:03:46.993,1,,False,,False,True,81.673,81.673
433,0 days 01:21:46.890000,OCO,31,0 days 00:01:39.624000,23.0,4.0,,0 days 01:21:43.934000,27.351,37.491,34.782,0 days 01:20:34.617000,0 days 01:21:12.108000,0 days 01:21:46.890000,198.0,169.0,,297.0,False,HARD,10.0,True,Renault,0 days 01:20:07.266000,2020-10-23 11:05:08.666,1,,False,,False,False,99.624,99.624
434,0 days 01:37:13.886000,OCO,31,,24.0,5.0,0 days 01:35:47.225000,,,33.577,27.309,,0 days 01:36:46.595000,0 days 01:37:14.086000,252.0,179.0,294.0,297.0,False,HARD,11.0,False,Renault,0 days 01:21:46.890000,2020-10-23 11:06:48.290,1,,False,,False,False,,
435,0 days 01:38:38.279000,OCO,31,0 days 00:01:24.393000,25.0,5.0,,,25.013,32.155,27.225,0 days 01:37:38.899000,0 days 01:38:11.054000,0 days 01:38:38.279000,259.0,186.0,295.0,294.0,False,HARD,12.0,False,Renault,0 days 01:37:13.886000,2020-10-23 11:22:15.286,1,,False,,False,True,84.393,84.393
436,0 days 01:40:01.894000,OCO,31,0 days 00:01:23.615000,26.0,5.0,,,24.504,32.339,26.772,0 days 01:39:02.783000,0 days 01:39:35.122000,0 days 01:40:01.894000,260.0,173.0,296.0,293.0,False,HARD,13.0,False,Renault,0 days 01:38:38.279000,2020-10-23 11:23:39.679,1,,False,,False,True,83.615,83.61500000000001
437,0 days 01:41:25.029000,OCO,31,0 days 00:01:23.135000,27.0,5.0,,,24.431,32.102,26.602,0 days 01:40:26.325000,0 days 01:40:58.427000,0 days 01:41:25.029000,260.0,185.0,295.0,296.0,False,HARD,14.0,False,Renault,0 days 01:40:01.894000,2020-10-23 11:25:03.294,12,,False,,False,True,83.135,83.135
438,0 days 01:42:53.075000,OCO,31,0 days 00:01:28.046000,28.0,5.0,,,26.818,32.994,28.234,0 days 01:41:51.847000,0 days 01:42:24.841000,0 days 01:42:53.075000,257.0,179.0,292.0,293.0,False,HARD,15.0,False,Renault,0 days 01:41:25.029000,2020-10-23 11:26:26.429,12,,False,,False,True,88.046,88.04599999999999
439,0 days 01:44:16.682000,OCO,31,0 days 00:01:23.607000,29.0,5.0,,,24.358,32.053,27.196,0 days 01:43:17.433000,0 days 01:43:49.486000,0 days 01:44:16.682000,263.0,179.0,290.0,286.0,False,HARD,16.0,False,Renault,0 days 01:42:53.075000,2020-10-23 11:27:54.475,1,,False,,False,True,83.607,83.607
440,0 days 01:45:40.504000,OCO,31,0 days 00:01:23.822000,30.0,5.0,,,24.628,32.256,26.938,0 days 01:44:41.310000,0 days 01:45:13.566000,0 days 01:45:40.504000,260.0,173.0,292.0,283.0,False,HARD,17.0,False,Renault,0 days 01:44:16.682000,2020-10-23 11:29:18.082,1,,False,,False,True,83.822,83.822
441,0 days 01:47:30.915000,OCO,31,0 days 00:01:50.411000,31.0,5.0,,0 days 01:47:27.660000,28.014,35.573,46.824,0 days 01:46:08.518000,0 days 01:46:44.091000,0 days 01:47:30.915000,243.0,165.0,,299.0,False,HARD,18.0,False,Renault,0 days 01:45:40.504000,2020-10-23 11:30:41.904,1,,False,,False,False,110.411,110.411
442,0 days 00:22:50.814000,VER,33,,1.0,1.0,0 days 00:21:18.911000,,,36.067,29.194,,0 days 00:22:21.708000,0 days 00:22:50.966000,250.0,160.0,295.0,,False,HARD,1.0,True,Red Bull Racing,0 days 00:21:18.911000,2020-10-23 10:06:20.311,1,,False,,False,False,,
443,0 days 00:24:16.496000,VER,33,0 days 00:01:25.682000,2.0,1.0,,,25.178,33.135,27.369,0 days 00:23:15.992000,0 days 00:23:49.127000,0 days 00:24:16.496000,263.0,176.0,299.0,312.0,True,HARD,2.0,True,Red Bull Racing,0 days 00:22:50.814000,2020-10-23 10:07:52.214,1,,False,,False,True,85.682,85.682
444,0 days 00:25:40.597000,VER,33,0 days 00:01:24.101000,3.0,1.0,,,24.59,32.532,26.979,0 days 00:24:41.086000,0 days 00:25:13.618000,0 days 00:25:40.597000,266.0,170.0,300.0,314.0,False,HARD,3.0,True,Red Bull Racing,0 days 00:24:16.496000,2020-10-23 10:09:17.896,1,,True,TRACK LIMITS AT TURN 1,False,True,84.101,84.101
445,0 days 00:27:10.870000,VER,33,0 days 00:01:30.273000,4.0,1.0,,,26.236,35.989,28.048,0 days 00:26:06.833000,0 days 00:26:42.822000,0 days 00:27:10.870000,245.0,170.0,299.0,290.0,False,HARD,4.0,True,Red Bull Racing,0 days 00:25:40.597000,2020-10-23 10:10:41.997,1,,False,,False,True,90.273,90.273
446,0 days 00:28:34.179000,VER,33,0 days 00:01:23.309000,5.0,1.0,,,24.323,32.119,26.867,0 days 00:27:35.193000,0 days 00:28:07.312000,0 days 00:28:34.179000,267.0,176.0,300.0,316.0,True,HARD,5.0,True,Red Bull Racing,0 days 00:27:10.870000,2020-10-23 10:12:12.270,1,,False,,False,True,83.309,83.309
447,0 days 00:30:13.691000,VER,33,0 days 00:01:39.512000,6.0,1.0,,,34.131,37.2,28.181,0 days 00:29:08.310000,0 days 00:29:45.510000,0 days 00:30:13.691000,211.0,160.0,300.0,316.0,False,HARD,6.0,True,Red Bull Racing,0 days 00:28:34.179000,2020-10-23 10:13:35.579,12,,False,,False,True,99.512,99.512
448,0 days 00:31:38.514000,VER,33,0 days 00:01:24.823000,7.0,1.0,,,24.402,33.191,27.23,0 days 00:30:38.093000,0 days 00:31:11.284000,0 days 00:31:38.514000,265.0,170.0,300.0,315.0,False,HARD,7.0,True,Red Bull Racing,0 days 00:30:13.691000,2020-10-23 10:15:15.091,1,,False,,False,True,84.823,84.82300000000001
449,0 days 00:33:06.179000,VER,33,0 days 00:01:27.665000,8.0,1.0,,,26.457,33.553,27.655,0 days 00:32:04.971000,0 days 00:32:38.524000,0 days 00:33:06.179000,264.0,172.0,300.0,315.0,False,HARD,8.0,True,Red Bull Racing,0 days 00:31:38.514000,2020-10-23 10:16:39.914,1,,False,,False,True,87.665,87.66499999999999
450,0 days 00:34:29.397000,VER,33,0 days 00:01:23.218000,9.0,1.0,,,24.337,32.22,26.661,0 days 00:33:30.516000,0 days 00:34:02.736000,0 days 00:34:29.397000,267.0,179.0,301.0,315.0,True,HARD,9.0,True,Red Bull Racing,0 days 00:33:06.179000,2020-10-23 10:18:07.579,1,,False,,False,True,83.218,83.218
451,0 days 00:36:06.079000,VER,33,0 days 00:01:36.682000,10.0,1.0,,0 days 00:36:03.646000,28.461,34.178,34.043,0 days 00:34:57.858000,0 days 00:35:32.036000,0 days 00:36:06.079000,251.0,168.0,,288.0,False,HARD,10.0,True,Red Bull Racing,0 days 00:34:29.397000,2020-10-23 10:19:30.797,1,,False,,False,False,96.682,96.68199999999999
452,0 days 01:12:15.016000,VER,33,,11.0,2.0,0 days 01:10:38.530000,,,37.168,31.137,,0 days 01:11:46.851000,0 days 01:12:15.209000,256.0,174.0,294.0,288.0,False,HARD,1.0,True,Red Bull Racing,0 days 00:36:06.079000,2020-10-23 10:21:07.479,12,,False,,False,False,,
453,0 days 01:13:37.854000,VER,33,0 days 00:01:22.838000,12.0,2.0,,,24.123,31.987,26.728,0 days 01:12:39.139000,0 days 01:13:11.126000,0 days 01:13:37.854000,267.0,179.0,302.0,312.0,True,HARD,2.0,True,Red Bull Racing,0 days 01:12:15.016000,2020-10-23 10:57:16.416,1,,False,,False,True,82.838,82.838
454,0 days 01:15:02.328000,VER,33,0 days 00:01:24.474000,13.0,2.0,,,24.33,32.641,27.503,0 days 01:14:02.184000,0 days 01:14:34.825000,0 days 01:15:02.328000,266.0,181.0,301.0,305.0,False,HARD,3.0,True,Red Bull Racing,0 days 01:13:37.854000,2020-10-23 10:58:39.254,1,,False,,False,True,84.474,84.47399999999999
455,0 days 01:16:23.111000,VER,33,0 days 00:01:20.783000,14.0,2.0,,,23.446,31.089,26.248,0 days 01:15:25.774000,0 days 01:15:56.863000,0 days 01:16:23.111000,273.0,187.0,307.0,317.0,True,HARD,4.0,True,Red Bull Racing,0 days 01:15:02.328000,2020-10-23 11:00:03.728,1,,False,,False,True,80.783,80.783
456,0 days 01:17:50.132000,VER,33,0 days 00:01:27.021000,15.0,2.0,,,24.338,32.685,29.998,0 days 01:16:47.449000,0 days 01:17:20.134000,0 days 01:17:50.132000,261.0,178.0,302.0,309.0,False,HARD,5.0,True,Red Bull Racing,0 days 01:16:23.111000,2020-10-23 11:01:24.511,1,,False,,False,True,87.021,87.021
457,0 days 01:19:13.992000,VER,33,0 days 00:01:23.860000,16.0,2.0,,,23.31,31.213,29.337,0 days 01:18:13.442000,0 days 01:18:44.655000,0 days 01:19:13.992000,271.0,173.0,299.0,316.0,False,HARD,6.0,True,Red Bull Racing,0 days 01:17:50.132000,2020-10-23 11:02:51.532,1,,False,,False,True,83.86,83.86
458,0 days 01:20:34.379000,VER,33,0 days 00:01:20.387000,17.0,2.0,,,23.328,30.971,26.088,0 days 01:19:37.320000,0 days 01:20:08.291000,0 days 01:20:34.379000,273.0,188.0,303.0,316.0,True,HARD,7.0,True,Red Bull Racing,0 days 01:19:13.992000,2020-10-23 11:04:15.392,1,,False,,False,True,80.387,80.387
459,0 days 01:21:59.699000,VER,33,0 days 00:01:25.320000,18.0,2.0,,,25.264,32.927,27.129,0 days 01:20:59.643000,0 days 01:21:32.570000,0 days 01:21:59.699000,248.0,182.0,300.0,304.0,False,HARD,8.0,True,Red Bull Racing,0 days 01:20:34.379000,2020-10-23 11:05:35.779,1,,False,,False,True,85.32,85.32000000000001
460,0 days 01:23:19.418000,VER,33,0 days 00:01:19.719000,19.0,2.0,,,23.186,30.627,25.906,0 days 01:22:22.885000,0 days 01:22:53.512000,0 days 01:23:19.418000,272.0,188.0,304.0,314.0,True,HARD,9.0,True,Red Bull Racing,0 days 01:21:59.699000,2020-10-23 11:07:01.099,1,,False,,False,True,79.719,79.719
461,0 days 01:24:45.491000,VER,33,0 days 00:01:26.073000,20.0,2.0,,,25.146,33.777,27.15,0 days 01:23:44.564000,0 days 01:24:18.341000,0 days 01:24:45.491000,251.0,174.0,300.0,286.0,False,HARD,10.0,True,Red Bull Racing,0 days 01:23:19.418000,2020-10-23 11:08:20.818,1,,False,,False,True,86.073,86.07300000000001
462,0 days 01:26:04.743000,VER,33,0 days 00:01:19.252000,21.0,2.0,,,23.055,30.41,25.787,0 days 01:25:08.546000,0 days 01:25:38.956000,0 days 01:26:04.743000,273.0,187.0,299.0,313.0,True,HARD,11.0,True,Red Bull Racing,0 days 01:24:45.491000,2020-10-23 11:09:46.891,1,,False,,False,True,79.252,79.25200000000001
463,0 days 01:27:32.086000,VER,33,0 days 00:01:27.343000,22.0,2.0,,,25.715,34.421,27.207,0 days 01:26:30.458000,0 days 01:27:04.879000,0 days 01:27:32.086000,249.0,181.0,299.0,291.0,False,HARD,12.0,True,Red Bull Racing,0 days 01:26:04.743000,2020-10-23 11:11:06.143,1,,False,,False,True,87.343,87.34299999999999
464,0 days 01:28:51.277000,VER,33,0 days 00:01:19.191000,23.0,2.0,,,22.887,30.386,25.918,0 days 01:27:54.973000,0 days 01:28:25.359000,0 days 01:28:51.277000,273.0,192.0,300.0,313.0,True,HARD,13.0,True,Red Bull Racing,0 days 01:27:32.086000,2020-10-23 11:12:33.486,1,,False,,False,True,79.191,79.191
465,0 days 01:30:20.285000,VER,33,0 days 00:01:29.008000,24.0,2.0,,0 days 01:30:18.459000,24.854,32.924,31.23,0 days 01:29:16.131000,0 days 01:29:49.055000,0 days 01:30:20.285000,250.0,178.0,,300.0,False,HARD,14.0,True,Red Bull Racing,0 days 01:28:51.277000,2020-10-23 11:13:52.677,1,,False,,False,False,89.008,89.008
466,0 days 01:39:03.098000,VER,33,,25.0,3.0,0 days 01:37:35.318000,,,33.11,29.916,,0 days 01:38:33.251000,0 days 01:39:03.277000,260.0,175.0,295.0,300.0,False,HARD,15.0,False,Red Bull Racing,0 days 01:30:20.285000,2020-10-23 11:15:21.685,1,,False,,False,False,,
467,0 days 01:40:24.754000,VER,33,0 days 00:01:21.656000,26.0,3.0,,,23.949,31.356,26.351,0 days 01:39:27.047000,0 days 01:39:58.403000,0 days 01:40:24.754000,268.0,183.0,293.0,311.0,False,HARD,16.0,False,Red Bull Racing,0 days 01:39:03.098000,2020-10-23 11:24:04.498,1,,False,,False,True,81.656,81.656
468,0 days 01:41:48.331000,VER,33,0 days 00:01:23.577000,27.0,3.0,,,24.268,32.519,26.79,0 days 01:40:49.022000,0 days 01:41:21.541000,0 days 01:41:48.331000,269.0,123.0,291.0,293.0,False,HARD,17.0,False,Red Bull Racing,0 days 01:40:24.754000,2020-10-23 11:25:26.154,12,,False,,False,True,83.577,83.577
469,0 days 01:43:09.939000,VER,33,0 days 00:01:21.608000,28.0,3.0,,,23.919,31.353,26.336,0 days 01:42:12.250000,0 days 01:42:43.603000,0 days 01:43:09.939000,270.0,188.0,293.0,295.0,False,HARD,18.0,False,Red Bull Racing,0 days 01:41:48.331000,2020-10-23 11:26:49.731,1,,False,,False,True,81.608,81.608
470,0 days 01:44:34.589000,VER,33,0 days 00:01:24.650000,29.0,3.0,,,24.042,31.513,29.095,0 days 01:43:33.981000,0 days 01:44:05.494000,0 days 01:44:34.589000,273.0,184.0,291.0,303.0,False,HARD,19.0,False,Red Bull Racing,0 days 01:43:09.939000,2020-10-23 11:28:11.339,1,,False,,False,True,84.65,84.65
471,0 days 01:45:56.794000,VER,33,0 days 00:01:22.205000,30.0,3.0,,,24.19,31.536,26.479,0 days 01:44:58.779000,0 days 01:45:30.315000,0 days 01:45:56.794000,270.0,179.0,287.0,298.0,False,HARD,20.0,False,Red Bull Racing,0 days 01:44:34.589000,2020-10-23 11:29:35.989,1,,False,,False,True,82.205,82.205
472,0 days 01:47:48.863000,VER,33,0 days 00:01:52.069000,31.0,3.0,,,27.318,35.05,49.701,0 days 01:46:24.112000,0 days 01:46:59.162000,0 days 01:47:48.863000,249.0,150.0,52.0,238.0,False,HARD,21.0,False,Red Bull Racing,0 days 01:45:56.794000,2020-10-23 11:30:58.194,1,,False,,False,True,112.069,112.06899999999999
473,0 days 01:49:57.386000,VER,33,0 days 00:02:08.523000,32.0,3.0,,0 days 01:49:55.138000,60.552,35.35,32.621,0 days 01:48:49.415000,0 days 01:49:24.765000,0 days 01:49:57.386000,250.0,162.0,,249.0,False,HARD,22.0,False,Red Bull Racing,0 days 01:47:48.863000,2020-10-23 11:32:50.263,1,,False,,False,False,128.523,128.523
474,0 days 00:34:37.985000,HAM,44,,1.0,1.0,0 days 00:33:01.291000,,,38.821,30.64,,0 days 00:34:07.365000,0 days 00:34:38.160000,247.0,155.0,287.0,,False,HARD,1.0,True,Mercedes,0 days 00:33:01.291000,2020-10-23 10:18:02.691,1,,False,,False,False,,
475,0 days 00:36:07.758000,HAM,44,0 days 00:01:29.773000,2.0,1.0,,,27.143,34.65,27.98,0 days 00:35:05.128000,0 days 00:35:39.778000,0 days 00:36:07.758000,263.0,173.0,301.0,304.0,True,HARD,2.0,True,Mercedes,0 days 00:34:37.985000,2020-10-23 10:19:39.385,1,,False,,False,True,89.773,89.773
476,0 days 00:37:31.367000,HAM,44,0 days 00:01:23.609000,3.0,1.0,,,24.633,32.05,26.926,0 days 00:36:32.391000,0 days 00:37:04.441000,0 days 00:37:31.367000,269.0,184.0,306.0,318.0,True,HARD,3.0,True,Mercedes,0 days 00:36:07.758000,2020-10-23 10:21:09.158,1,,False,,False,True,83.609,83.609
477,0 days 00:38:53.457000,HAM,44,0 days 00:01:22.090000,4.0,1.0,,,23.932,31.639,26.519,0 days 00:37:55.299000,0 days 00:38:26.938000,0 days 00:38:53.457000,271.0,186.0,309.0,326.0,True,HARD,4.0,True,Mercedes,0 days 00:37:31.367000,2020-10-23 10:22:32.767,1,,False,,False,True,82.09,82.09
478,0 days 00:40:14.735000,HAM,44,0 days 00:01:21.278000,5.0,1.0,,,23.657,31.473,26.148,0 days 00:39:17.114000,0 days 00:39:48.587000,0 days 00:40:14.735000,274.0,186.0,316.0,325.0,True,HARD,5.0,True,Mercedes,0 days 00:38:53.457000,2020-10-23 10:23:54.857,1,,False,,False,True,81.278,81.27799999999999
479,0 days 00:41:54.854000,HAM,44,0 days 00:01:40.119000,6.0,1.0,,,26.205,37.08,36.834,0 days 00:40:40.940000,0 days 00:41:18.020000,0 days 00:41:54.854000,255.0,119.0,307.0,275.0,False,HARD,6.0,True,Mercedes,0 days 00:40:14.735000,2020-10-23 10:25:16.135,1,,False,,False,True,100.119,100.119
480,0 days 00:43:15.737000,HAM,44,0 days 00:01:20.883000,7.0,1.0,,,23.447,31.334,26.102,0 days 00:42:18.301000,0 days 00:42:49.635000,0 days 00:43:15.737000,272.0,191.0,307.0,325.0,True,HARD,7.0,True,Mercedes,0 days 00:41:54.854000,2020-10-23 10:26:56.254,12,,False,,False,True,80.883,80.883
481,0 days 00:44:38.055000,HAM,44,0 days 00:01:22.318000,8.0,1.0,,,23.347,31.265,27.706,0 days 00:43:39.084000,0 days 00:44:10.349000,0 days 00:44:38.055000,273.0,186.0,307.0,325.0,False,HARD,8.0,True,Mercedes,0 days 00:43:15.737000,2020-10-23 10:28:17.137,1,,False,,False,True,82.318,82.318
482,0 days 00:46:01.880000,HAM,44,0 days 00:01:23.825000,9.0,1.0,,,23.136,31.494,29.195,0 days 00:45:01.191000,0 days 00:45:32.685000,0 days 00:46:01.880000,276.0,177.0,305.0,326.0,False,HARD,9.0,True,Mercedes,0 days 00:44:38.055000,2020-10-23 10:29:39.455,1,,False,,False,True,83.825,83.82499999999999
483,0 days 00:47:22.045000,HAM,44,0 days 00:01:20.165000,10.0,1.0,,,23.171,30.999,25.995,0 days 00:46:25.051000,0 days 00:46:56.050000,0 days 00:47:22.045000,273.0,188.0,308.0,325.0,True,HARD,10.0,True,Mercedes,0 days 00:46:01.880000,2020-10-23 10:31:03.280,12,,False,,False,True,80.165,80.165
484,0 days 00:48:51.979000,HAM,44,0 days 00:01:29.934000,11.0,1.0,,,25.951,33.564,30.419,0 days 00:47:47.996000,0 days 00:48:21.560000,0 days 00:48:51.979000,269.0,178.0,307.0,289.0,False,HARD,11.0,True,Mercedes,0 days 00:47:22.045000,2020-10-23 10:32:23.445,1,,False,,False,True,89.934,89.934
485,0 days 00:50:11.505000,HAM,44,0 days 00:01:19.526000,12.0,1.0,,,23.035,30.842,25.649,0 days 00:49:15.014000,0 days 00:49:45.856000,0 days 00:50:11.505000,275.0,184.0,319.0,326.0,True,HARD,12.0,True,Mercedes,0 days 00:48:51.979000,2020-10-23 10:33:53.379,1,,False,,False,True,79.526,79.526
486,0 days 00:51:50.686000,HAM,44,0 days 00:01:39.181000,13.0,1.0,,0 days 00:51:49.728000,27.35,39.137,32.694,0 days 00:50:38.855000,0 days 00:51:17.992000,0 days 00:51:50.686000,213.0,170.0,,295.0,False,HARD,13.0,True,Mercedes,0 days 00:50:11.505000,2020-10-23 10:35:12.905,1,,False,,False,False,99.181,99.181
487,0 days 01:13:15.138000,HAM,44,,14.0,2.0,0 days 01:11:41.647000,,,38.469,28.761,,0 days 01:12:46.409000,0 days 01:13:15.300000,246.0,163.0,301.0,295.0,False,MEDIUM,1.0,True,Mercedes,0 days 00:51:50.686000,2020-10-23 10:36:52.086,1,,False,,False,False,,
488,0 days 01:14:42.767000,HAM,44,0 days 00:01:27.629000,15.0,2.0,,,25.552,34.373,27.704,0 days 01:13:40.690000,0 days 01:14:15.063000,0 days 01:14:42.767000,266.0,172.0,303.0,315.0,False,MEDIUM,2.0,True,Mercedes,0 days 01:13:15.138000,2020-10-23 10:58:16.538,1,,False,,False,True,87.629,87.62899999999999
489,0 days 01:16:09.021000,HAM,44,0 days 00:01:26.254000,16.0,2.0,,,24.243,33.822,28.189,0 days 01:15:07.010000,0 days 01:15:40.832000,0 days 01:16:09.021000,257.0,175.0,303.0,321.0,False,MEDIUM,3.0,True,Mercedes,0 days 01:14:42.767000,2020-10-23 10:59:44.167,1,,False,,False,True,86.254,86.25399999999999
490,0 days 01:17:34.691000,HAM,44,0 days 00:01:25.670000,17.0,2.0,,,23.057,33.215,29.398,0 days 01:16:32.078000,0 days 01:17:05.293000,0 days 01:17:34.691000,274.0,176.0,302.0,322.0,False,MEDIUM,4.0,True,Mercedes,0 days 01:16:09.021000,2020-10-23 11:01:10.421,1,,False,,False,True,85.67,85.67
491,0 days 01:18:54.260000,HAM,44,0 days 00:01:19.569000,18.0,2.0,,,22.978,30.703,25.888,0 days 01:17:57.669000,0 days 01:18:28.372000,0 days 01:18:54.260000,273.0,190.0,305.0,321.0,False,MEDIUM,5.0,True,Mercedes,0 days 01:17:34.691000,2020-10-23 11:02:36.091,1,,False,,False,True,79.569,79.569
492,0 days 01:20:32.052000,HAM,44,0 days 00:01:37.792000,19.0,2.0,,,27.686,33.475,36.631,0 days 01:19:21.946000,0 days 01:19:55.421000,0 days 01:20:32.052000,250.0,187.0,300.0,279.0,False,MEDIUM,6.0,True,Mercedes,0 days 01:18:54.260000,2020-10-23 11:03:55.660,1,,False,,False,True,97.792,97.792
493,0 days 01:21:50.926000,HAM,44,0 days 00:01:18.874000,20.0,2.0,,,22.911,30.368,25.595,0 days 01:20:54.963000,0 days 01:21:25.331000,0 days 01:21:50.926000,274.0,190.0,305.0,320.0,True,MEDIUM,7.0,True,Mercedes,0 days 01:20:32.052000,2020-10-23 11:05:33.452,1,,False,,False,True,78.874,78.874
494,0 days 01:23:17.491000,HAM,44,0 days 00:01:26.565000,21.0,2.0,,,25.661,33.924,26.98,0 days 01:22:16.587000,0 days 01:22:50.511000,0 days 01:23:17.491000,256.0,179.0,303.0,302.0,False,MEDIUM,8.0,True,Mercedes,0 days 01:21:50.926000,2020-10-23 11:06:52.326,1,,False,,False,True,86.565,86.565
495,0 days 01:24:36.240000,HAM,44,0 days 00:01:18.749000,22.0,2.0,,,22.916,30.197,25.636,0 days 01:23:40.407000,0 days 01:24:10.604000,0 days 01:24:36.240000,275.0,194.0,304.0,319.0,True,MEDIUM,9.0,True,Mercedes,0 days 01:23:17.491000,2020-10-23 11:08:18.891,1,,False,,False,True,78.749,78.749
496,0 days 01:26:08.388000,HAM,44,0 days 00:01:32.148000,23.0,2.0,,0 days 01:26:06.454000,24.792,35.389,31.967,0 days 01:25:01.032000,0 days 01:25:36.421000,0 days 01:26:08.388000,271.0,170.0,,298.0,False,MEDIUM,10.0,True,Mercedes,0 days 01:24:36.240000,2020-10-23 11:09:37.640,1,,False,,False,False,92.148,92.148
497,0 days 01:33:41.525000,HAM,44,,24.0,3.0,0 days 01:32:13.567000,,,33.701,27.687,,0 days 01:33:13.897000,0 days 01:33:41.724000,257.0,174.0,293.0,298.0,False,MEDIUM,11.0,False,Mercedes,0 days 01:26:08.388000,2020-10-23 11:11:09.788,1,,False,,False,False,,
498,0 days 01:35:04.754000,HAM,44,0 days 00:01:23.229000,25.0,3.0,,,24.375,32.042,26.812,0 days 01:34:05.900000,0 days 01:34:37.942000,0 days 01:35:04.754000,266.0,186.0,293.0,305.0,False,MEDIUM,12.0,False,Mercedes,0 days 01:33:41.525000,2020-10-23 11:18:42.925,1,,False,,False,True,83.229,83.229
499,0 days 01:36:26.724000,HAM,44,0 days 00:01:21.970000,26.0,3.0,,,24.053,31.636,26.281,0 days 01:35:28.807000,0 days 01:36:00.443000,0 days 01:36:26.724000,265.0,183.0,296.0,306.0,False,MEDIUM,13.0,False,Mercedes,0 days 01:35:04.754000,2020-10-23 11:20:06.154,1,,False,,False,True,81.97,81.97
500,0 days 01:37:50.014000,HAM,44,0 days 00:01:23.290000,27.0,3.0,,,23.92,31.572,27.798,0 days 01:36:50.644000,0 days 01:37:22.216000,0 days 01:37:50.014000,269.0,186.0,298.0,299.0,False,MEDIUM,14.0,False,Mercedes,0 days 01:36:26.724000,2020-10-23 11:21:28.124,1,,True,TRACK LIMITS AT TURN 1,False,True,83.29,83.29
501,0 days 01:39:11.658000,HAM,44,0 days 00:01:21.644000,28.0,3.0,,,23.862,31.366,26.416,0 days 01:38:13.876000,0 days 01:38:45.242000,0 days 01:39:11.658000,271.0,186.0,300.0,309.0,False,MEDIUM,15.0,False,Mercedes,0 days 01:37:50.014000,2020-10-23 11:22:51.414,1,,True,TRACK LIMITS AT TURN 1,False,True,81.644,81.64399999999999
502,0 days 01:40:32.907000,HAM,44,0 days 00:01:21.249000,29.0,3.0,,,23.781,31.243,26.225,0 days 01:39:35.439000,0 days 01:40:06.682000,0 days 01:40:32.907000,274.0,186.0,301.0,311.0,False,MEDIUM,16.0,False,Mercedes,0 days 01:39:11.658000,2020-10-23 11:24:13.058,1,,False,,False,True,81.249,81.249
503,0 days 01:41:54.592000,HAM,44,0 days 00:01:21.685000,30.0,3.0,,,23.928,31.571,26.186,0 days 01:40:56.835000,0 days 01:41:28.406000,0 days 01:41:54.592000,271.0,183.0,301.0,311.0,False,MEDIUM,17.0,False,Mercedes,0 days 01:40:32.907000,2020-10-23 11:25:34.307,12,,False,,False,True,81.685,81.685
504,0 days 01:43:20.845000,HAM,44,0 days 00:01:26.253000,31.0,3.0,,,24.266,32.669,29.318,0 days 01:42:18.858000,0 days 01:42:51.527000,0 days 01:43:20.845000,273.0,182.0,295.0,306.0,False,MEDIUM,18.0,False,Mercedes,0 days 01:41:54.592000,2020-10-23 11:26:55.992,1,,False,,False,True,86.253,86.253
505,0 days 01:44:43.942000,HAM,44,0 days 00:01:23.097000,32.0,3.0,,,23.759,32.337,27.001,0 days 01:43:44.604000,0 days 01:44:16.941000,0 days 01:44:43.942000,276.0,145.0,293.0,306.0,False,MEDIUM,19.0,False,Mercedes,0 days 01:43:20.845000,2020-10-23 11:28:22.245,1,,False,,False,True,83.097,83.09700000000001
506,0 days 01:46:11.144000,HAM,44,0 days 00:01:27.202000,33.0,3.0,,,24.321,35.412,27.469,0 days 01:45:08.263000,0 days 01:45:43.675000,0 days 01:46:11.144000,267.0,173.0,291.0,296.0,False,MEDIUM,20.0,False,Mercedes,0 days 01:44:43.942000,2020-10-23 11:29:45.342,1,,False,,False,True,87.202,87.202
507,0 days 01:47:59.655000,HAM,44,0 days 00:01:48.511000,34.0,3.0,,,24.377,34.331,49.803,0 days 01:46:35.521000,0 days 01:47:09.852000,0 days 01:47:59.655000,270.0,168.0,67.0,302.0,False,MEDIUM,21.0,False,Mercedes,0 days 01:46:11.144000,2020-10-23 11:31:12.544,1,,False,,False,True,108.511,108.511
508,0 days 01:50:08.133000,HAM,44,0 days 00:02:08.478000,35.0,3.0,,0 days 01:50:08.074000,59.2,36.365,32.913,0 days 01:48:58.855000,0 days 01:49:35.220000,0 days 01:50:08.133000,253.0,177.0,,253.0,False,MEDIUM,22.0,False,Mercedes,0 days 01:47:59.655000,2020-10-23 11:33:01.055,1,,False,,False,False,128.478,128.478
509,0 days 00:17:44.547000,SAI,55,,1.0,1.0,0 days 00:16:16.961000,,,34.875,28.782,,0 days 00:17:15.848000,0 days 00:17:44.709000,250.0,167.0,295.0,,False,HARD,1.0,True,McLaren,0 days 00:16:16.961000,2020-10-23 10:01:18.361,1,,False,,False,False,,
510,0 days 00:19:14.948000,SAI,55,0 days 00:01:30.401000,2.0,1.0,,,25.289,33.646,31.466,0 days 00:18:09.836000,0 days 00:18:43.482000,0 days 00:19:14.948000,267.0,174.0,297.0,312.0,True,HARD,2.0,True,McLaren,0 days 00:17:44.547000,2020-10-23 10:02:45.947,1,,False,,False,True,90.401,90.40100000000001
511,0 days 00:20:39.400000,SAI,55,0 days 00:01:24.452000,3.0,1.0,,,24.442,32.44,27.57,0 days 00:19:39.390000,0 days 00:20:11.830000,0 days 00:20:39.400000,267.0,177.0,298.0,309.0,False,HARD,3.0,True,McLaren,0 days 00:19:14.948000,2020-10-23 10:04:16.348,1,,True,TRACK LIMITS AT TURN 4,False,True,84.452,84.452
512,0 days 00:22:06.348000,SAI,55,0 days 00:01:26.948000,4.0,1.0,,,24.667,34.337,27.944,0 days 00:21:04.067000,0 days 00:21:38.404000,0 days 00:22:06.348000,264.0,173.0,299.0,306.0,False,HARD,4.0,True,McLaren,0 days 00:20:39.400000,2020-10-23 10:05:40.800,1,,True,TRACK LIMITS AT TURN 1,False,True,86.948,86.94800000000001
513,0 days 00:23:28.531000,SAI,55,0 days 00:01:22.183000,5.0,1.0,,,23.911,31.559,26.713,0 days 00:22:30.259000,0 days 00:23:01.818000,0 days 00:23:28.531000,267.0,187.0,300.0,315.0,True,HARD,5.0,True,McLaren,0 days 00:22:06.348000,2020-10-23 10:07:07.748,1,,False,,False,True,82.183,82.18299999999999
514,0 days 00:24:54.336000,SAI,55,0 days 00:01:25.805000,6.0,1.0,,,24.889,33.592,27.324,0 days 00:23:53.420000,0 days 00:24:27.012000,0 days 00:24:54.336000,242.0,179.0,300.0,313.0,False,HARD,6.0,True,McLaren,0 days 00:23:28.531000,2020-10-23 10:08:29.931,1,,False,,False,True,85.805,85.80499999999999
515,0 days 00:26:15.833000,SAI,55,0 days 00:01:21.497000,7.0,1.0,,,23.669,31.414,26.414,0 days 00:25:18.005000,0 days 00:25:49.419000,0 days 00:26:15.833000,268.0,183.0,300.0,316.0,True,HARD,7.0,True,McLaren,0 days 00:24:54.336000,2020-10-23 10:09:55.736,1,,False,,False,True,81.497,81.497
516,0 days 00:27:41.518000,SAI,55,0 days 00:01:25.685000,8.0,1.0,,,25.458,33.271,26.956,0 days 00:26:41.291000,0 days 00:27:14.562000,0 days 00:27:41.518000,244.0,175.0,299.0,303.0,False,HARD,8.0,True,McLaren,0 days 00:26:15.833000,2020-10-23 10:11:17.233,1,,False,,False,True,85.685,85.685
517,0 days 00:29:02.214000,SAI,55,0 days 00:01:20.696000,9.0,1.0,,,23.64,30.901,26.155,0 days 00:28:05.158000,0 days 00:28:36.059000,0 days 00:29:02.214000,268.0,187.0,300.0,318.0,True,HARD,9.0,True,McLaren,0 days 00:27:41.518000,2020-10-23 10:12:42.918,12,,False,,False,True,80.696,80.696
518,0 days 00:30:32.488000,SAI,55,0 days 00:01:30.274000,10.0,1.0,,0 days 00:30:29.553000,25.928,33.083,31.263,0 days 00:29:28.142000,0 days 00:30:01.225000,0 days 00:30:32.488000,259.0,180.0,,318.0,False,HARD,10.0,True,McLaren,0 days 00:29:02.214000,2020-10-23 10:14:03.614,21,,False,,False,False,90.274,90.274
519,0 days 00:45:44.850000,SAI,55,,11.0,2.0,0 days 00:44:11.626000,,,35.408,30.831,,0 days 00:45:14.019000,0 days 00:45:45.036000,236.0,170.0,304.0,318.0,False,HARD,11.0,False,McLaren,0 days 00:30:32.488000,2020-10-23 10:15:33.888,12,,False,,False,False,,
520,0 days 00:47:07.809000,SAI,55,0 days 00:01:22.959000,12.0,2.0,,,23.887,31.952,27.12,0 days 00:46:08.737000,0 days 00:46:40.689000,0 days 00:47:07.809000,266.0,178.0,303.0,327.0,False,HARD,12.0,False,McLaren,0 days 00:45:44.850000,2020-10-23 10:30:46.250,12,,False,,False,True,82.959,82.959
521,0 days 00:48:28.875000,SAI,55,0 days 00:01:21.066000,13.0,2.0,,,23.456,31.169,26.441,0 days 00:47:31.265000,0 days 00:48:02.434000,0 days 00:48:28.875000,273.0,179.0,316.0,322.0,False,HARD,13.0,False,McLaren,0 days 00:47:07.809000,2020-10-23 10:32:09.209,1,,False,,False,True,81.066,81.066
522,0 days 00:50:07.276000,SAI,55,0 days 00:01:38.401000,14.0,2.0,,,26.061,33.125,39.215,0 days 00:48:54.936000,0 days 00:49:28.061000,0 days 00:50:07.276000,244.0,178.0,305.0,296.0,False,HARD,14.0,False,McLaren,0 days 00:48:28.875000,2020-10-23 10:33:30.275,1,,False,,False,True,98.401,98.40100000000001
523,0 days 00:51:29.204000,SAI,55,0 days 00:01:21.928000,15.0,2.0,,,23.48,31.741,26.707,0 days 00:50:30.756000,0 days 00:51:02.497000,0 days 00:51:29.204000,266.0,175.0,303.0,323.0,False,HARD,15.0,False,McLaren,0 days 00:50:07.276000,2020-10-23 10:35:08.676,1,,True,TRACK LIMITS AT TURN 4,False,True,81.928,81.928
524,0 days 00:52:49.280000,SAI,55,0 days 00:01:20.076000,16.0,2.0,,,23.297,30.837,25.942,0 days 00:51:52.501000,0 days 00:52:23.338000,0 days 00:52:49.280000,272.0,181.0,313.0,321.0,True,HARD,16.0,False,McLaren,0 days 00:51:29.204000,2020-10-23 10:36:30.604,1,,False,,False,True,80.076,80.076
525,0 days 00:54:19.382000,SAI,55,0 days 00:01:30.102000,17.0,2.0,,0 days 00:54:16.426000,24.315,34.001,31.786,0 days 00:53:13.595000,0 days 00:53:47.596000,0 days 00:54:19.382000,253.0,184.0,,330.0,False,HARD,17.0,False,McLaren,0 days 00:52:49.280000,2020-10-23 10:37:50.680,1,,False,,False,False,90.102,90.102
526,0 days 01:07:56.219000,SAI,55,,18.0,3.0,0 days 01:06:31.101000,,,33.011,27.09,,0 days 01:07:29.159000,0 days 01:07:56.382000,243.0,177.0,301.0,330.0,False,MEDIUM,1.0,True,McLaren,0 days 00:54:19.382000,2020-10-23 10:39:20.782,1,,False,,False,False,,
527,0 days 01:09:16.659000,SAI,55,0 days 00:01:20.440000,19.0,3.0,,,23.526,30.748,26.166,0 days 01:08:19.745000,0 days 01:08:50.493000,0 days 01:09:16.659000,271.0,189.0,303.0,318.0,False,MEDIUM,2.0,True,McLaren,0 days 01:07:56.219000,2020-10-23 10:52:57.619,1,,False,,False,True,80.44,80.44
528,0 days 01:10:47.853000,SAI,55,0 days 00:01:31.194000,20.0,3.0,,,25.075,33.21,32.909,0 days 01:09:41.734000,0 days 01:10:14.944000,0 days 01:10:47.853000,248.0,177.0,301.0,305.0,False,MEDIUM,3.0,True,McLaren,0 days 01:09:16.659000,2020-10-23 10:54:18.059,1,,True,TRACK LIMITS AT TURN 4,False,True,91.194,91.19399999999999
529,0 days 01:12:10.560000,SAI,55,0 days 00:01:22.707000,21.0,3.0,,,23.383,31.0,28.324,0 days 01:11:11.236000,0 days 01:11:42.236000,0 days 01:12:10.560000,272.0,169.0,298.0,320.0,False,MEDIUM,4.0,True,McLaren,0 days 01:10:47.853000,2020-10-23 10:55:49.253,1,,False,,False,True,82.707,82.707
530,0 days 01:13:31.013000,SAI,55,0 days 00:01:20.453000,22.0,3.0,,,23.138,30.62,26.695,0 days 01:12:33.698000,0 days 01:13:04.318000,0 days 01:13:31.013000,273.0,180.0,296.0,316.0,False,MEDIUM,5.0,True,McLaren,0 days 01:12:10.560000,2020-10-23 10:57:11.960,1,,False,,False,True,80.453,80.453
531,0 days 01:14:55.491000,SAI,55,0 days 00:01:24.478000,23.0,3.0,,,24.866,32.574,27.038,0 days 01:13:55.879000,0 days 01:14:28.453000,0 days 01:14:55.491000,249.0,178.0,302.0,293.0,False,MEDIUM,6.0,True,McLaren,0 days 01:13:31.013000,2020-10-23 10:58:32.413,1,,False,,False,True,84.478,84.478
532,0 days 01:16:22.204000,SAI,55,0 days 00:01:26.713000,24.0,3.0,,,23.364,32.284,31.065,0 days 01:15:18.855000,0 days 01:15:51.139000,0 days 01:16:22.204000,270.0,179.0,301.0,321.0,False,MEDIUM,7.0,True,McLaren,0 days 01:14:55.491000,2020-10-23 10:59:56.891,1,,False,,False,True,86.713,86.713
533,0 days 01:17:45.519000,SAI,55,0 days 00:01:23.315000,25.0,3.0,,,23.293,33.044,26.978,0 days 01:16:45.497000,0 days 01:17:18.541000,0 days 01:17:45.519000,273.0,183.0,301.0,319.0,False,MEDIUM,8.0,True,McLaren,0 days 01:16:22.204000,2020-10-23 11:01:23.604,1,,False,,False,True,83.315,83.315
534,0 days 01:19:09.350000,SAI,55,0 days 00:01:23.831000,26.0,3.0,,,23.207,30.716,29.908,0 days 01:18:08.726000,0 days 01:18:39.442000,0 days 01:19:09.350000,272.0,191.0,274.0,320.0,False,MEDIUM,9.0,True,McLaren,0 days 01:17:45.519000,2020-10-23 11:02:46.919,1,,False,,False,True,83.831,83.831
535,0 days 01:20:39.815000,SAI,55,0 days 00:01:30.465000,27.0,3.0,,,25.611,34.363,30.491,0 days 01:19:34.961000,0 days 01:20:09.324000,0 days 01:20:39.815000,256.0,171.0,302.0,291.0,False,MEDIUM,10.0,True,McLaren,0 days 01:19:09.350000,2020-10-23 11:04:10.750,1,,True,TRACK LIMITS AT TURN 4,False,True,90.465,90.465
536,0 days 01:22:08.671000,SAI,55,0 days 00:01:28.856000,28.0,3.0,,,23.124,31.767,33.965,0 days 01:21:02.939000,0 days 01:21:34.706000,0 days 01:22:08.671000,274.0,174.0,302.0,321.0,False,MEDIUM,11.0,True,McLaren,0 days 01:20:39.815000,2020-10-23 11:05:41.215,1,,False,,False,True,88.856,88.856
537,0 days 01:23:35.151000,SAI,55,0 days 00:01:26.480000,29.0,3.0,,,25.965,33.239,27.276,0 days 01:22:34.636000,0 days 01:23:07.875000,0 days 01:23:35.151000,260.0,173.0,301.0,321.0,False,MEDIUM,12.0,True,McLaren,0 days 01:22:08.671000,2020-10-23 11:07:10.071,1,,False,,False,True,86.48,86.47999999999999
538,0 days 01:24:54.592000,SAI,55,0 days 00:01:19.441000,30.0,3.0,,,23.133,30.311,25.997,0 days 01:23:58.284000,0 days 01:24:28.595000,0 days 01:24:54.592000,273.0,190.0,303.0,319.0,True,MEDIUM,13.0,True,McLaren,0 days 01:23:35.151000,2020-10-23 11:08:36.551,1,,False,,False,True,79.441,79.441
539,0 days 01:26:24.407000,SAI,55,0 days 00:01:29.815000,31.0,3.0,,0 days 01:26:23.105000,25.089,32.829,31.897,0 days 01:25:19.681000,0 days 01:25:52.510000,0 days 01:26:24.407000,248.0,178.0,,302.0,False,MEDIUM,14.0,True,McLaren,0 days 01:24:54.592000,2020-10-23 11:09:55.992,1,,False,,False,False,89.815,89.815
540,0 days 01:34:04.654000,SAI,55,,32.0,4.0,0 days 01:32:36.467000,0 days 01:34:01.843000,,32.501,30.728,,0 days 01:33:33.926000,0 days 01:34:04.779000,262.0,189.0,,302.0,False,MEDIUM,15.0,False,McLaren,0 days 01:26:24.407000,2020-10-23 11:11:25.807,1,,False,,False,False,,
541,0 days 01:35:55.864000,SAI,55,0 days 00:01:51.210000,33.0,5.0,0 days 01:34:32.749000,,52.031,32.06,27.119,0 days 01:34:56.685000,0 days 01:35:28.745000,0 days 01:35:55.864000,262.0,173.0,288.0,302.0,False,MEDIUM,16.0,False,McLaren,0 days 01:34:04.654000,2020-10-23 11:19:06.054,1,,False,,False,False,111.21,111.21000000000001
542,0 days 01:37:18.417000,SAI,55,0 days 00:01:22.553000,34.0,5.0,,,24.359,31.409,26.785,0 days 01:36:20.223000,0 days 01:36:51.632000,0 days 01:37:18.417000,260.0,187.0,290.0,286.0,False,MEDIUM,17.0,False,McLaren,0 days 01:35:55.864000,2020-10-23 11:20:57.264,1,,True,TRACK LIMITS AT TURN 1,False,True,82.553,82.553
543,0 days 01:38:45.125000,SAI,55,0 days 00:01:26.708000,35.0,5.0,,,24.442,31.479,30.787,0 days 01:37:42.859000,0 days 01:38:14.338000,0 days 01:38:45.125000,259.0,186.0,290.0,284.0,False,MEDIUM,18.0,False,McLaren,0 days 01:37:18.417000,2020-10-23 11:22:19.817,1,,False,,False,True,86.708,86.708
544,0 days 01:40:07.269000,SAI,55,0 days 00:01:22.144000,36.0,5.0,,,24.37,31.383,26.391,0 days 01:39:09.495000,0 days 01:39:40.878000,0 days 01:40:07.269000,259.0,191.0,292.0,283.0,False,MEDIUM,19.0,False,McLaren,0 days 01:38:45.125000,2020-10-23 11:23:46.525,1,,False,,False,True,82.144,82.144
545,0 days 01:41:29.517000,SAI,55,0 days 00:01:22.248000,37.0,5.0,,,24.346,31.404,26.498,0 days 01:40:31.615000,0 days 01:41:03.019000,0 days 01:41:29.517000,260.0,181.0,291.0,285.0,False,MEDIUM,20.0,False,McLaren,0 days 01:40:07.269000,2020-10-23 11:25:08.669,12,,False,,False,True,82.248,82.248
546,0 days 01:42:58.180000,SAI,55,0 days 00:01:28.663000,38.0,5.0,,,25.775,34.131,28.757,0 days 01:41:55.292000,0 days 01:42:29.423000,0 days 01:42:58.180000,252.0,127.0,287.0,284.0,False,MEDIUM,21.0,False,McLaren,0 days 01:41:29.517000,2020-10-23 11:26:30.917,21,,False,,False,True,88.663,88.663
547,0 days 01:44:21.101000,SAI,55,0 days 00:01:22.921000,39.0,5.0,,,24.282,31.554,27.085,0 days 01:43:22.462000,0 days 01:43:54.016000,0 days 01:44:21.101000,264.0,186.0,286.0,284.0,False,MEDIUM,22.0,False,McLaren,0 days 01:42:58.180000,2020-10-23 11:27:59.580,1,,False,,False,True,82.921,82.92099999999999
548,0 days 01:45:47.669000,SAI,55,0 days 00:01:26.568000,40.0,5.0,,,24.341,32.808,29.419,0 days 01:44:45.442000,0 days 01:45:18.250000,0 days 01:45:47.669000,263.0,164.0,288.0,282.0,False,MEDIUM,23.0,False,McLaren,0 days 01:44:21.101000,2020-10-23 11:29:22.501,1,,True,TRACK LIMITS AT TURN 4,False,True,86.568,86.568
549,0 days 01:47:38.094000,SAI,55,0 days 00:01:50.425000,41.0,5.0,,,26.098,40.716,43.611,0 days 01:46:13.767000,0 days 01:46:54.483000,0 days 01:47:38.094000,249.0,157.0,57.0,285.0,False,MEDIUM,24.0,False,McLaren,0 days 01:45:47.669000,2020-10-23 11:30:49.069,1,,False,,False,True,110.425,110.42499999999998
550,0 days 01:49:44.598000,SAI,55,0 days 00:02:06.504000,42.0,5.0,,0 days 01:49:43.559000,55.436,34.958,36.11,0 days 01:48:33.530000,0 days 01:49:08.488000,0 days 01:49:44.598000,270.0,163.0,,241.0,False,MEDIUM,25.0,False,McLaren,0 days 01:47:38.094000,2020-10-23 11:32:39.494,1,,False,,False,False,126.504,126.504
551,0 days 00:18:14.482000,RUS,63,,1.0,1.0,0 days 00:16:20.681000,0 days 00:18:11.501000,,42.117,41.511,,0 days 00:17:32.971000,0 days 00:18:14.584000,239.0,142.0,,,False,HARD,1.0,True,Williams,0 days 00:16:20.681000,2020-10-23 10:01:22.081,1,,False,,False,False,,
552,0 days 00:30:42.519000,RUS,63,,2.0,2.0,0 days 00:29:08.771000,,,37.037,29.472,,0 days 00:30:13.163000,0 days 00:30:42.682000,251.0,155.0,293.0,,False,HARD,1.0,True,Williams,0 days 00:18:14.482000,2020-10-23 10:03:15.882,12,,False,,False,False,,
553,0 days 00:32:10.953000,RUS,63,0 days 00:01:28.434000,3.0,2.0,,,26.233,34.229,27.972,0 days 00:31:08.752000,0 days 00:31:42.981000,0 days 00:32:10.953000,260.0,163.0,296.0,312.0,True,HARD,2.0,True,Williams,0 days 00:30:42.519000,2020-10-23 10:15:43.919,1,,False,,False,True,88.434,88.434
554,0 days 00:33:37.371000,RUS,63,0 days 00:01:26.418000,4.0,2.0,,,25.488,33.583,27.347,0 days 00:32:36.441000,0 days 00:33:10.024000,0 days 00:33:37.371000,262.0,168.0,300.0,314.0,True,HARD,3.0,True,Williams,0 days 00:32:10.953000,2020-10-23 10:17:12.353,1,,False,,False,True,86.418,86.418
555,0 days 00:35:02.933000,RUS,63,0 days 00:01:25.562000,5.0,2.0,,,24.939,32.984,27.639,0 days 00:34:02.310000,0 days 00:34:35.294000,0 days 00:35:02.933000,265.0,174.0,310.0,318.0,True,HARD,4.0,True,Williams,0 days 00:33:37.371000,2020-10-23 10:18:38.771,1,,False,,False,True,85.562,85.562
556,0 days 00:36:57.436000,RUS,63,0 days 00:01:54.503000,6.0,2.0,,0 days 00:36:54.580000,33.455,40.141,40.907,0 days 00:35:36.388000,0 days 00:36:16.529000,0 days 00:36:57.436000,240.0,84.0,,119.0,False,HARD,5.0,True,Williams,0 days 00:35:02.933000,2020-10-23 10:20:04.333,1,,False,,False,False,114.503,114.503
557,0 days 00:39:02.293000,RUS,63,0 days 00:02:04.857000,7.0,3.0,0 days 00:37:30.516000,,59.764,37.058,28.035,0 days 00:37:57.200000,0 days 00:38:34.258000,0 days 00:39:02.293000,259.0,161.0,301.0,119.0,False,HARD,6.0,False,Williams,0 days 00:36:57.436000,2020-10-23 10:21:58.836,1,,False,,False,False,124.857,124.857
558,0 days 00:40:26.758000,RUS,63,0 days 00:01:24.465000,8.0,3.0,,,24.783,32.533,27.149,0 days 00:39:27.076000,0 days 00:39:59.609000,0 days 00:40:26.758000,268.0,174.0,303.0,319.0,True,HARD,7.0,False,Williams,0 days 00:39:02.293000,2020-10-23 10:24:03.693,1,,False,,False,True,84.465,84.465
559,0 days 00:41:49.697000,RUS,63,0 days 00:01:22.939000,9.0,3.0,,,24.239,31.818,26.882,0 days 00:40:50.997000,0 days 00:41:22.815000,0 days 00:41:49.697000,269.0,183.0,303.0,322.0,True,HARD,8.0,False,Williams,0 days 00:40:26.758000,2020-10-23 10:25:28.158,1,,False,,False,True,82.939,82.93900000000001
560,0 days 00:43:38.130000,RUS,63,0 days 00:01:48.433000,10.0,3.0,,0 days 00:43:35.269000,34.268,36.144,38.021,0 days 00:42:23.965000,0 days 00:43:00.109000,0 days 00:43:38.130000,239.0,164.0,,245.0,False,HARD,9.0,False,Williams,0 days 00:41:49.697000,2020-10-23 10:26:51.097,12,,False,,False,False,108.433,108.433
561,0 days 00:45:35.939000,RUS,63,0 days 00:01:57.809000,11.0,4.0,0 days 00:44:05.254000,0 days 00:45:33.087000,51.761,34.123,31.925,0 days 00:44:29.891000,0 days 00:45:04.014000,0 days 00:45:35.939000,263.0,167.0,,245.0,False,HARD,10.0,False,Williams,0 days 00:43:38.130000,2020-10-23 10:28:39.530,1,,False,,False,False,117.809,117.809
562,0 days 01:08:24.179000,RUS,63,,12.0,5.0,0 days 01:06:51.556000,,,36.077,30.727,,0 days 01:07:53.452000,0 days 01:08:24.347000,255.0,161.0,298.0,245.0,False,HARD,2.0,False,Williams,0 days 00:45:35.939000,2020-10-23 10:30:37.339,12,,False,,False,False,,
563,0 days 01:09:49.107000,RUS,63,0 days 00:01:24.928000,13.0,5.0,,,25.068,32.767,27.093,0 days 01:08:49.247000,0 days 01:09:22.014000,0 days 01:09:49.107000,267.0,176.0,298.0,296.0,False,HARD,3.0,False,Williams,0 days 01:08:24.179000,2020-10-23 10:53:25.579,1,,False,,False,True,84.928,84.92800000000001
564,0 days 01:11:12.340000,RUS,63,0 days 00:01:23.233000,14.0,5.0,,,24.411,32.007,26.815,0 days 01:10:13.518000,0 days 01:10:45.525000,0 days 01:11:12.340000,269.0,179.0,301.0,315.0,False,HARD,4.0,False,Williams,0 days 01:09:49.107000,2020-10-23 10:54:50.507,1,,False,,False,True,83.233,83.233
565,0 days 01:12:46.260000,RUS,63,0 days 00:01:33.920000,15.0,5.0,,,26.219,38.671,29.03,0 days 01:11:38.559000,0 days 01:12:17.230000,0 days 01:12:46.260000,254.0,128.0,297.0,274.0,False,HARD,5.0,False,Williams,0 days 01:11:12.340000,2020-10-23 10:56:13.740,1,,False,,False,True,93.92,93.92
566,0 days 01:14:14.517000,RUS,63,0 days 00:01:28.257000,16.0,5.0,,,24.873,33.74,29.644,0 days 01:13:11.133000,0 days 01:13:44.873000,0 days 01:14:14.517000,270.0,158.0,294.0,315.0,False,HARD,6.0,False,Williams,0 days 01:12:46.260000,2020-10-23 10:57:47.660,1,,False,,False,True,88.257,88.257
567,0 days 01:15:36.291000,RUS,63,0 days 00:01:21.774000,17.0,5.0,,,23.888,31.408,26.478,0 days 01:14:38.405000,0 days 01:15:09.813000,0 days 01:15:36.291000,270.0,190.0,299.0,313.0,True,HARD,7.0,False,Williams,0 days 01:14:14.517000,2020-10-23 10:59:15.917,1,,False,,False,True,81.774,81.774
568,0 days 01:17:12.918000,RUS,63,0 days 00:01:36.627000,18.0,5.0,,,26.418,37.968,32.241,0 days 01:16:02.709000,0 days 01:16:40.677000,0 days 01:17:12.918000,251.0,166.0,304.0,281.0,False,HARD,8.0,False,Williams,0 days 01:15:36.291000,2020-10-23 11:00:37.691,1,,False,,False,True,96.627,96.627
569,0 days 01:18:41.654000,RUS,63,0 days 00:01:28.736000,19.0,5.0,,,23.911,34.903,29.922,0 days 01:17:36.829000,0 days 01:18:11.732000,0 days 01:18:41.654000,273.0,136.0,297.0,327.0,False,HARD,9.0,False,Williams,0 days 01:17:12.918000,2020-10-23 11:02:14.318,1,,False,,False,True,88.736,88.736
570,0 days 01:20:03.028000,RUS,63,0 days 00:01:21.374000,20.0,5.0,,,23.793,31.307,26.274,0 days 01:19:05.447000,0 days 01:19:36.754000,0 days 01:20:03.028000,269.0,188.0,298.0,316.0,True,HARD,10.0,False,Williams,0 days 01:18:41.654000,2020-10-23 11:03:43.054,1,,False,,False,True,81.374,81.374
571,0 days 01:21:34.573000,RUS,63,0 days 00:01:31.545000,21.0,5.0,,0 days 01:21:32.671000,25.505,34.823,31.217,0 days 01:20:28.533000,0 days 01:21:03.356000,0 days 01:21:34.573000,239.0,167.0,,299.0,False,HARD,11.0,False,Williams,0 days 01:20:03.028000,2020-10-23 11:05:04.428,1,,False,,False,False,91.545,91.545
572,0 days 01:36:07.924000,RUS,63,,22.0,6.0,0 days 01:34:41.132000,,,33.99,27.581,,0 days 01:35:40.343000,0 days 01:36:08.089000,260.0,170.0,290.0,299.0,False,HARD,12.0,False,Williams,0 days 01:21:34.573000,2020-10-23 11:06:35.973,1,,False,,False,False,,
573,0 days 01:37:32.470000,RUS,63,0 days 00:01:24.546000,23.0,6.0,,,24.854,32.696,26.996,0 days 01:36:32.778000,0 days 01:37:05.474000,0 days 01:37:32.470000,262.0,175.0,292.0,299.0,False,HARD,13.0,False,Williams,0 days 01:36:07.924000,2020-10-23 11:21:09.324,1,,False,,False,True,84.546,84.54599999999999
574,0 days 01:38:56.191000,RUS,63,0 days 00:01:23.721000,24.0,6.0,,,24.776,32.136,26.809,0 days 01:37:57.246000,0 days 01:38:29.382000,0 days 01:38:56.191000,263.0,182.0,290.0,295.0,False,HARD,14.0,False,Williams,0 days 01:37:32.470000,2020-10-23 11:22:33.870,1,,False,,False,True,83.721,83.721
575,0 days 01:40:18.887000,RUS,63,0 days 00:01:22.696000,25.0,6.0,,,24.42,31.736,26.54,0 days 01:39:20.611000,0 days 01:39:52.347000,0 days 01:40:18.887000,264.0,189.0,292.0,293.0,False,HARD,15.0,False,Williams,0 days 01:38:56.191000,2020-10-23 11:23:57.591,1,,False,,False,True,82.696,82.696
576,0 days 01:41:42.140000,RUS,63,0 days 00:01:23.253000,26.0,6.0,,,24.793,31.869,26.591,0 days 01:40:43.680000,0 days 01:41:15.549000,0 days 01:41:42.140000,264.0,184.0,290.0,293.0,False,HARD,16.0,False,Williams,0 days 01:40:18.887000,2020-10-23 11:25:20.287,12,,False,,False,True,83.253,83.253
577,0 days 01:43:05.260000,RUS,63,0 days 00:01:23.120000,27.0,6.0,,,24.396,31.886,26.838,0 days 01:42:06.536000,0 days 01:42:38.422000,0 days 01:43:05.260000,266.0,183.0,289.0,295.0,False,HARD,17.0,False,Williams,0 days 01:41:42.140000,2020-10-23 11:26:43.540,21,,False,,False,True,83.12,83.12
578,0 days 01:44:28.806000,RUS,63,0 days 00:01:23.546000,28.0,6.0,,,24.379,32.031,27.136,0 days 01:43:29.639000,0 days 01:44:01.670000,0 days 01:44:28.806000,268.0,171.0,288.0,293.0,False,HARD,18.0,False,Williams,0 days 01:43:05.260000,2020-10-23 11:28:06.660,1,,True,TRACK LIMITS AT TURN 1,False,True,83.546,83.54599999999999
579,0 days 01:45:52.735000,RUS,63,0 days 00:01:23.929000,29.0,6.0,,,24.487,32.247,27.195,0 days 01:44:53.293000,0 days 01:45:25.540000,0 days 01:45:52.735000,267.0,181.0,287.0,290.0,False,HARD,19.0,False,Williams,0 days 01:44:28.806000,2020-10-23 11:29:30.206,1,,False,,False,True,83.929,83.929
580,0 days 01:47:46.950000,RUS,63,0 days 00:01:54.215000,30.0,6.0,,,26.416,39.376,48.423,0 days 01:46:19.151000,0 days 01:46:58.527000,0 days 01:47:46.950000,250.0,158.0,62.0,285.0,False,HARD,20.0,False,Williams,0 days 01:45:52.735000,2020-10-23 11:30:54.135,1,,False,,False,True,114.215,114.215
581,0 days 01:49:56.259000,RUS,63,0 days 00:02:09.309000,31.0,6.0,,0 days 01:49:53.354000,59.511,37.687,32.111,0 days 01:48:46.461000,0 days 01:49:24.148000,0 days 01:49:56.259000,144.0,168.0,,244.0,False,HARD,21.0,False,Williams,0 days 01:47:46.950000,2020-10-23 11:32:48.350,1,,False,,False,False,129.309,129.309
582,0 days 00:34:31.303000,BOT,77,,1.0,1.0,0 days 00:32:52.259000,,,38.109,34.41,,0 days 00:33:56.943000,0 days 00:34:31.487000,258.0,175.0,304.0,,False,HARD,1.0,True,Mercedes,0 days 00:32:52.259000,2020-10-23 10:17:53.659,1,,False,,False,False,,
583,0 days 00:35:56.741000,BOT,77,0 days 00:01:25.438000,2.0,1.0,,,25.09,32.671,27.677,0 days 00:34:56.393000,0 days 00:35:29.064000,0 days 00:35:56.741000,266.0,188.0,302.0,324.0,True,HARD,2.0,True,Mercedes,0 days 00:34:31.303000,2020-10-23 10:19:32.703,1,,False,,False,True,85.438,85.43799999999999
584,0 days 00:37:28.181000,BOT,77,0 days 00:01:31.440000,3.0,1.0,,,24.544,32.134,34.762,0 days 00:36:21.285000,0 days 00:36:53.419000,0 days 00:37:28.181000,269.0,189.0,301.0,318.0,False,HARD,3.0,True,Mercedes,0 days 00:35:56.741000,2020-10-23 10:20:58.141,1,,False,,False,True,91.44,91.44
585,0 days 00:38:49.894000,BOT,77,0 days 00:01:21.713000,4.0,1.0,,,23.839,31.541,26.333,0 days 00:37:52.020000,0 days 00:38:23.561000,0 days 00:38:49.894000,272.0,189.0,310.0,322.0,True,HARD,4.0,True,Mercedes,0 days 00:37:28.181000,2020-10-23 10:22:29.581,1,,False,,False,True,81.713,81.713
586,0 days 00:40:23.199000,BOT,77,0 days 00:01:33.305000,5.0,1.0,,,23.702,34.253,35.35,0 days 00:39:13.596000,0 days 00:39:47.849000,0 days 00:40:23.199000,276.0,146.0,305.0,330.0,False,HARD,5.0,True,Mercedes,0 days 00:38:49.894000,2020-10-23 10:23:51.294,1,,False,,False,True,93.305,93.305
587,0 days 00:41:44.378000,BOT,77,0 days 00:01:21.179000,6.0,1.0,,,23.438,31.568,26.173,0 days 00:40:46.637000,0 days 00:41:18.205000,0 days 00:41:44.378000,274.0,187.0,316.0,325.0,True,HARD,6.0,True,Mercedes,0 days 00:40:23.199000,2020-10-23 10:25:24.599,1,,False,,False,True,81.179,81.179
588,0 days 00:43:21.447000,BOT,77,0 days 00:01:37.069000,7.0,1.0,,,25.788,35.218,36.063,0 days 00:42:10.166000,0 days 00:42:45.384000,0 days 00:43:21.447000,254.0,151.0,306.0,320.0,False,HARD,7.0,True,Mercedes,0 days 00:41:44.378000,2020-10-23 10:26:45.778,12,,False,,False,True,97.069,97.069
589,0 days 00:44:42.050000,BOT,77,0 days 00:01:20.603000,8.0,1.0,,,23.566,31.068,25.969,0 days 00:43:45.013000,0 days 00:44:16.081000,0 days 00:44:42.050000,272.0,193.0,308.0,324.0,True,HARD,8.0,True,Mercedes,0 days 00:43:21.447000,2020-10-23 10:28:22.847,1,,False,,False,True,80.603,80.60300000000001
590,0 days 00:46:17.677000,BOT,77,0 days 00:01:35.627000,9.0,1.0,,0 days 00:46:14.701000,28.042,34.725,32.86,0 days 00:45:10.092000,0 days 00:45:44.817000,0 days 00:46:17.677000,248.0,184.0,,240.0,False,HARD,9.0,True,Mercedes,0 days 00:44:42.050000,2020-10-23 10:29:43.450,12,,False,,False,False,95.627,95.62700000000001
591,0 days 00:48:41.923000,BOT,77,0 days 00:02:24.246000,10.0,2.0,0 days 00:47:06.609000,,82.11,33.216,28.92,0 days 00:47:39.787000,0 days 00:48:13.003000,0 days 00:48:41.923000,257.0,186.0,309.0,240.0,False,HARD,10.0,False,Mercedes,0 days 00:46:17.677000,2020-10-23 10:31:19.077,21,,False,,False,False,144.246,144.24599999999998
592,0 days 00:50:11.091000,BOT,77,0 days 00:01:29.168000,11.0,2.0,,,25.205,34.468,29.495,0 days 00:49:07.128000,0 days 00:49:41.596000,0 days 00:50:11.091000,269.0,176.0,307.0,317.0,False,HARD,11.0,False,Mercedes,0 days 00:48:41.923000,2020-10-23 10:33:43.323,1,,False,,False,True,89.168,89.168
593,0 days 00:51:31.023000,BOT,77,0 days 00:01:19.932000,12.0,2.0,,,23.435,30.85,25.647,0 days 00:50:34.526000,0 days 00:51:05.376000,0 days 00:51:31.023000,272.0,194.0,312.0,326.0,True,HARD,12.0,False,Mercedes,0 days 00:50:11.091000,2020-10-23 10:35:12.491,1,,False,,False,True,79.932,79.93199999999999
594,0 days 00:53:06.874000,BOT,77,0 days 00:01:35.851000,13.0,2.0,,0 days 00:53:03.933000,27.758,36.674,31.419,0 days 00:51:58.781000,0 days 00:52:35.455000,0 days 00:53:06.874000,247.0,178.0,,249.0,False,HARD,13.0,False,Mercedes,0 days 00:51:31.023000,2020-10-23 10:36:32.423,1,,False,,False,False,95.851,95.851
595,0 days 01:12:23.053000,BOT,77,,14.0,3.0,0 days 01:10:48.959000,,,38.28,28.33,,0 days 01:11:54.723000,0 days 01:12:25.397000,256.0,166.0,303.0,249.0,False,MEDIUM,1.0,True,Mercedes,0 days 00:53:06.874000,2020-10-23 10:38:08.274,1,,False,,False,False,,
596,0 days 01:13:52.099000,BOT,77,0 days 00:01:29.046000,15.0,3.0,,,25.604,35.998,27.444,0 days 01:12:48.657000,0 days 01:13:24.655000,0 days 01:13:52.099000,266.0,182.0,308.0,307.0,False,MEDIUM,2.0,True,Mercedes,0 days 01:12:23.053000,2020-10-23 10:57:24.453,1,,False,,False,True,89.046,89.04599999999999
597,0 days 01:15:15.321000,BOT,77,0 days 00:01:23.222000,16.0,3.0,,,23.674,32.73,26.818,0 days 01:14:15.773000,0 days 01:14:48.503000,0 days 01:15:15.321000,276.0,188.0,305.0,326.0,False,MEDIUM,3.0,True,Mercedes,0 days 01:13:52.099000,2020-10-23 10:58:53.499,1,,False,,False,True,83.222,83.222
598,0 days 01:16:34.812000,BOT,77,0 days 00:01:19.491000,17.0,3.0,,,23.026,30.625,25.84,0 days 01:15:38.347000,0 days 01:16:08.972000,0 days 01:16:34.812000,277.0,194.0,307.0,322.0,True,MEDIUM,4.0,True,Mercedes,0 days 01:15:15.321000,2020-10-23 11:00:16.721,1,,False,,False,True,79.491,79.491
599,0 days 01:18:01.340000,BOT,77,0 days 00:01:26.528000,18.0,3.0,,,25.621,34.117,26.79,0 days 01:17:00.433000,0 days 01:17:34.550000,0 days 01:18:01.340000,254.0,182.0,306.0,306.0,False,MEDIUM,5.0,True,Mercedes,0 days 01:16:34.812000,2020-10-23 11:01:36.212,1,,False,,False,True,86.528,86.52799999999999
600,0 days 01:19:22.228000,BOT,77,0 days 00:01:20.888000,19.0,3.0,,,22.921,30.711,27.256,0 days 01:18:24.261000,0 days 01:18:54.972000,0 days 01:19:22.228000,276.0,190.0,283.0,324.0,False,MEDIUM,6.0,True,Mercedes,0 days 01:18:01.340000,2020-10-23 11:03:02.740,1,,False,,False,True,80.888,80.888
601,0 days 01:20:49.665000,BOT,77,0 days 00:01:27.437000,20.0,3.0,,,26.908,34.019,26.51,0 days 01:19:49.136000,0 days 01:20:23.155000,0 days 01:20:49.665000,252.0,180.0,307.0,291.0,False,MEDIUM,7.0,True,Mercedes,0 days 01:19:22.228000,2020-10-23 11:04:23.628,1,,False,,False,True,87.437,87.437
602,0 days 01:22:08.682000,BOT,77,0 days 00:01:19.017000,21.0,3.0,,,22.885,30.507,25.625,0 days 01:21:12.550000,0 days 01:21:43.057000,0 days 01:22:08.682000,276.0,196.0,307.0,325.0,True,MEDIUM,8.0,True,Mercedes,0 days 01:20:49.665000,2020-10-23 11:05:51.065,1,,False,,False,True,79.017,79.017
603,0 days 01:23:39.833000,BOT,77,0 days 00:01:31.151000,22.0,3.0,,,25.49,36.931,28.73,0 days 01:22:34.172000,0 days 01:23:11.103000,0 days 01:23:39.833000,260.0,179.0,308.0,324.0,False,MEDIUM,9.0,True,Mercedes,0 days 01:22:08.682000,2020-10-23 11:07:10.082,1,,False,,False,True,91.151,91.151
604,0 days 01:24:58.243000,BOT,77,0 days 00:01:18.410000,23.0,3.0,,,22.835,30.126,25.449,0 days 01:24:02.668000,0 days 01:24:32.794000,0 days 01:24:58.243000,277.0,198.0,308.0,324.0,True,MEDIUM,10.0,True,Mercedes,0 days 01:23:39.833000,2020-10-23 11:08:41.233,1,,False,,False,True,78.41,78.41
605,0 days 01:26:26.831000,BOT,77,0 days 00:01:28.588000,24.0,3.0,,0 days 01:26:24.407000,24.575,33.192,30.821,0 days 01:25:22.818000,0 days 01:25:56.010000,0 days 01:26:26.831000,256.0,187.0,,312.0,False,MEDIUM,11.0,True,Mercedes,0 days 01:24:58.243000,2020-10-23 11:09:59.643,1,,False,,False,False,88.588,88.588
606,0 days 01:34:18.158000,BOT,77,,25.0,4.0,0 days 01:32:48.712000,,,34.718,27.351,,0 days 01:33:50.818000,0 days 01:34:18.887000,249.0,183.0,295.0,312.0,False,MEDIUM,12.0,False,Mercedes,0 days 01:26:26.831000,2020-10-23 11:11:28.231,1,,False,,False,False,,
607,0 days 01:35:39.575000,BOT,77,0 days 00:01:21.417000,26.0,4.0,,,23.866,31.207,26.344,0 days 01:34:42.024000,0 days 01:35:13.231000,0 days 01:35:39.575000,269.0,187.0,299.0,308.0,False,MEDIUM,13.0,False,Mercedes,0 days 01:34:18.158000,2020-10-23 11:19:19.558,1,,False,,False,True,81.417,81.417
608,0 days 01:37:01.474000,BOT,77,0 days 00:01:21.899000,27.0,4.0,,,23.931,31.576,26.392,0 days 01:36:03.506000,0 days 01:36:35.082000,0 days 01:37:01.474000,269.0,176.0,301.0,310.0,False,MEDIUM,14.0,False,Mercedes,0 days 01:35:39.575000,2020-10-23 11:20:40.975,1,,True,TRACK LIMITS AT TURN 1,False,True,81.899,81.899
609,0 days 01:38:23.497000,BOT,77,0 days 00:01:22.023000,28.0,4.0,,,24.007,31.64,26.376,0 days 01:37:25.481000,0 days 01:37:57.121000,0 days 01:38:23.497000,268.0,191.0,300.0,312.0,False,MEDIUM,15.0,False,Mercedes,0 days 01:37:01.474000,2020-10-23 11:22:02.874,1,,False,,False,True,82.023,82.02300000000001
610,0 days 01:39:45.791000,BOT,77,0 days 00:01:22.294000,29.0,4.0,,,24.184,31.583,26.527,0 days 01:38:47.681000,0 days 01:39:19.264000,0 days 01:39:45.791000,270.0,176.0,299.0,304.0,False,MEDIUM,16.0,False,Mercedes,0 days 01:38:23.497000,2020-10-23 11:23:24.897,1,,False,,False,True,82.294,82.294
611,0 days 01:41:11.604000,BOT,77,0 days 00:01:25.813000,30.0,4.0,,,23.849,32.997,28.967,0 days 01:40:09.640000,0 days 01:40:42.637000,0 days 01:41:11.604000,274.0,163.0,297.0,313.0,False,MEDIUM,17.0,False,Mercedes,0 days 01:39:45.791000,2020-10-23 11:24:47.191,1,,False,,False,True,85.813,85.813
612,0 days 01:42:35.815000,BOT,77,0 days 00:01:24.211000,31.0,4.0,,,26.013,31.758,26.44,0 days 01:41:37.617000,0 days 01:42:09.375000,0 days 01:42:35.815000,252.0,179.0,295.0,312.0,False,MEDIUM,18.0,False,Mercedes,0 days 01:41:11.604000,2020-10-23 11:26:13.004,12,,False,,False,True,84.211,84.211
613,0 days 01:44:00.492000,BOT,77,0 days 00:01:24.677000,32.0,4.0,,,23.953,33.487,27.237,0 days 01:42:59.768000,0 days 01:43:33.255000,0 days 01:44:00.492000,272.0,171.0,293.0,306.0,False,MEDIUM,19.0,False,Mercedes,0 days 01:42:35.815000,2020-10-23 11:27:37.215,1,,True,TRACK LIMITS AT TURN 4,False,True,84.677,84.67699999999999
614,0 days 01:45:22.185000,BOT,77,0 days 00:01:21.693000,33.0,4.0,,,23.847,31.44,26.406,0 days 01:44:24.339000,0 days 01:44:55.779000,0 days 01:45:22.185000,273.0,184.0,294.0,304.0,False,MEDIUM,20.0,False,Mercedes,0 days 01:44:00.492000,2020-10-23 11:29:01.892,1,,False,,False,True,81.693,81.69300000000001
615,0 days 01:47:16.921000,BOT,77,0 days 00:01:54.736000,34.0,4.0,,,29.448,36.168,49.12,0 days 01:45:51.633000,0 days 01:46:27.801000,0 days 01:47:16.921000,235.0,168.0,53.0,263.0,False,MEDIUM,21.0,False,Mercedes,0 days 01:45:22.185000,2020-10-23 11:30:23.585,1,,False,,False,True,114.736,114.73599999999999
616,0 days 01:49:22.050000,BOT,77,0 days 00:02:05.129000,35.0,4.0,,0 days 01:49:20.082000,55.657,36.364,33.108,0 days 01:48:12.578000,0 days 01:48:48.942000,0 days 01:49:22.050000,243.0,158.0,,250.0,False,MEDIUM,22.0,False,Mercedes,0 days 01:47:16.921000,2020-10-23 11:32:18.321,1,,False,,False,False,125.129,125.12899999999999
617,0 days 00:16:48.720000,GIO,99,,1.0,1.0,0 days 00:15:04.887000,0 days 00:16:45.697000,,38.552,35.922,,0 days 00:16:12.798000,0 days 00:16:48.820000,246.0,153.0,,,False,HARD,1.0,True,Alfa Romeo Racing,0 days 00:15:04.887000,2020-10-23 10:00:06.287,1,,False,,False,False,,
618,0 days 00:33:31.241000,GIO,99,,2.0,2.0,0 days 00:31:56.065000,,,37.34,30.165,,0 days 00:33:01.088000,0 days 00:33:31.779000,243.0,154.0,290.0,,False,HARD,2.0,False,Alfa Romeo Racing,0 days 00:16:48.720000,2020-10-23 10:01:50.120,12,,False,,False,False,,
619,0 days 00:35:02.512000,GIO,99,0 days 00:01:31.271000,3.0,2.0,,,27.684,35.302,28.285,0 days 00:33:58.925000,0 days 00:34:34.227000,0 days 00:35:02.512000,260.0,166.0,302.0,313.0,True,HARD,3.0,False,Alfa Romeo Racing,0 days 00:33:31.241000,2020-10-23 10:18:32.641,1,,False,,False,True,91.271,91.271
620,0 days 00:36:28.042000,GIO,99,0 days 00:01:25.530000,4.0,2.0,,,25.038,32.889,27.603,0 days 00:35:27.550000,0 days 00:36:00.439000,0 days 00:36:28.042000,265.0,178.0,300.0,321.0,True,HARD,4.0,False,Alfa Romeo Racing,0 days 00:35:02.512000,2020-10-23 10:20:03.912,1,,False,,False,True,85.53,85.53
621,0 days 00:37:52.785000,GIO,99,0 days 00:01:24.743000,5.0,2.0,,,24.691,32.541,27.511,0 days 00:36:52.733000,0 days 00:37:25.274000,0 days 00:37:52.785000,266.0,177.0,300.0,319.0,True,HARD,5.0,False,Alfa Romeo Racing,0 days 00:36:28.042000,2020-10-23 10:21:29.442,1,,False,,False,True,84.743,84.743
622,0 days 00:39:16.084000,GIO,99,0 days 00:01:23.299000,6.0,2.0,,,24.379,31.785,27.135,0 days 00:38:17.164000,0 days 00:38:48.949000,0 days 00:39:16.084000,266.0,182.0,299.0,317.0,True,HARD,6.0,False,Alfa Romeo Racing,0 days 00:37:52.785000,2020-10-23 10:22:54.185,1,,False,,False,True,83.299,83.299
623,0 days 00:40:38.556000,GIO,99,0 days 00:01:22.472000,7.0,2.0,,,24.117,31.639,26.716,0 days 00:39:40.201000,0 days 00:40:11.840000,0 days 00:40:38.556000,267.0,186.0,300.0,315.0,True,HARD,7.0,False,Alfa Romeo Racing,0 days 00:39:16.084000,2020-10-23 10:24:17.484,1,,False,,False,True,82.472,82.47200000000001
624,0 days 00:42:18.005000,GIO,99,0 days 00:01:39.449000,8.0,2.0,,,30.948,40.479,28.022,0 days 00:41:09.504000,0 days 00:41:49.983000,0 days 00:42:18.005000,236.0,162.0,299.0,316.0,False,HARD,8.0,False,Alfa Romeo Racing,0 days 00:40:38.556000,2020-10-23 10:25:39.956,1,,False,,False,True,99.449,99.44899999999998
625,0 days 00:43:40.485000,GIO,99,0 days 00:01:22.480000,9.0,2.0,,,24.218,31.685,26.577,0 days 00:42:42.223000,0 days 00:43:13.908000,0 days 00:43:40.485000,267.0,184.0,307.0,318.0,False,HARD,9.0,False,Alfa Romeo Racing,0 days 00:42:18.005000,2020-10-23 10:27:19.405,12,,False,,False,True,82.48,82.48
626,0 days 00:45:13.357000,GIO,99,0 days 00:01:32.872000,10.0,2.0,,,26.469,37.855,28.548,0 days 00:44:06.954000,0 days 00:44:44.809000,0 days 00:45:13.357000,238.0,159.0,298.0,328.0,False,HARD,10.0,False,Alfa Romeo Racing,0 days 00:43:40.485000,2020-10-23 10:28:41.885,1,,False,,False,True,92.872,92.872
627,0 days 00:46:37.153000,GIO,99,0 days 00:01:23.796000,11.0,2.0,,,24.169,31.776,27.851,0 days 00:45:37.526000,0 days 00:46:09.302000,0 days 00:46:37.153000,269.0,183.0,298.0,318.0,False,HARD,11.0,False,Alfa Romeo Racing,0 days 00:45:13.357000,2020-10-23 10:30:14.757,12,,False,,False,True,83.796,83.79599999999999
628,0 days 00:48:12.130000,GIO,99,0 days 00:01:34.977000,12.0,2.0,,0 days 00:48:09.775000,27.171,35.197,32.609,0 days 00:47:04.324000,0 days 00:47:39.521000,0 days 00:48:12.130000,243.0,176.0,,270.0,False,HARD,12.0,False,Alfa Romeo Racing,0 days 00:46:37.153000,2020-10-23 10:31:38.553,1,,False,,False,False,94.977,94.977
629,0 days 00:50:18.217000,GIO,99,0 days 00:02:06.087000,13.0,3.0,0 days 00:48:37.029000,0 days 00:50:16.280000,54.259,36.964,34.864,0 days 00:49:06.389000,0 days 00:49:43.353000,0 days 00:50:18.217000,203.0,174.0,,270.0,False,HARD,13.0,False,Alfa Romeo Racing,0 days 00:48:12.130000,2020-10-23 10:33:13.530,1,,False,,False,False,126.087,126.08699999999999
630,0 days 01:05:21.897000,GIO,99,,14.0,4.0,0 days 01:03:48.919000,,,37.082,29.315,,0 days 01:04:52.589000,0 days 01:05:22.101000,247.0,170.0,292.0,270.0,False,HARD,1.0,True,Alfa Romeo Racing,0 days 00:50:18.217000,2020-10-23 10:35:19.617,1,,False,,False,False,,
631,0 days 01:06:45.889000,GIO,99,0 days 00:01:23.992000,15.0,4.0,,,24.851,32.397,26.744,0 days 01:05:46.748000,0 days 01:06:19.145000,0 days 01:06:45.889000,265.0,181.0,298.0,312.0,False,HARD,2.0,True,Alfa Romeo Racing,0 days 01:05:21.897000,2020-10-23 10:50:23.297,1,,False,,False,True,83.992,83.99199999999999
632,0 days 01:08:20.870000,GIO,99,0 days 00:01:34.981000,16.0,4.0,,,27.194,39.649,28.138,0 days 01:07:13.083000,0 days 01:07:52.732000,0 days 01:08:20.870000,241.0,170.0,297.0,297.0,False,HARD,3.0,True,Alfa Romeo Racing,0 days 01:06:45.889000,2020-10-23 10:51:47.289,1,,False,,False,True,94.981,94.98100000000001
633,0 days 01:09:43.353000,GIO,99,0 days 00:01:22.483000,17.0,4.0,,,24.107,31.739,26.637,0 days 01:08:44.977000,0 days 01:09:16.716000,0 days 01:09:43.353000,268.0,188.0,300.0,312.0,False,HARD,4.0,True,Alfa Romeo Racing,0 days 01:08:20.870000,2020-10-23 10:53:22.270,1,,False,,False,True,82.483,82.483
634,0 days 01:11:18.917000,GIO,99,0 days 00:01:35.564000,18.0,4.0,,,27.416,39.702,28.446,0 days 01:10:10.769000,0 days 01:10:50.471000,0 days 01:11:18.917000,245.0,149.0,298.0,295.0,False,HARD,5.0,True,Alfa Romeo Racing,0 days 01:09:43.353000,2020-10-23 10:54:44.753,1,,False,,False,True,95.564,95.564
635,0 days 01:12:41.174000,GIO,99,0 days 00:01:22.257000,19.0,4.0,,,23.974,31.769,26.514,0 days 01:11:42.891000,0 days 01:12:14.660000,0 days 01:12:41.174000,271.0,187.0,299.0,314.0,True,HARD,6.0,True,Alfa Romeo Racing,0 days 01:11:18.917000,2020-10-23 10:56:20.317,1,,False,,False,True,82.257,82.25699999999999
636,0 days 01:14:18.005000,GIO,99,0 days 00:01:36.831000,20.0,4.0,,,27.727,40.25,28.854,0 days 01:13:08.901000,0 days 01:13:49.151000,0 days 01:14:18.005000,242.0,173.0,298.0,297.0,False,HARD,7.0,True,Alfa Romeo Racing,0 days 01:12:41.174000,2020-10-23 10:57:42.574,1,,False,,False,True,96.831,96.831
637,0 days 01:15:39.895000,GIO,99,0 days 00:01:21.890000,21.0,4.0,,,24.03,31.525,26.335,0 days 01:14:42.035000,0 days 01:15:13.560000,0 days 01:15:39.895000,272.0,188.0,302.0,316.0,True,HARD,8.0,True,Alfa Romeo Racing,0 days 01:14:18.005000,2020-10-23 10:59:19.405,1,,False,,False,True,81.89,81.89
638,0 days 01:17:16.849000,GIO,99,0 days 00:01:36.954000,22.0,4.0,,,27.348,41.351,28.255,0 days 01:16:07.243000,0 days 01:16:48.594000,0 days 01:17:16.849000,174.0,171.0,299.0,302.0,False,HARD,9.0,True,Alfa Romeo Racing,0 days 01:15:39.895000,2020-10-23 11:00:41.295,1,,False,,False,True,96.954,96.954
639,0 days 01:18:48.984000,GIO,99,0 days 00:01:32.135000,23.0,4.0,,,24.076,37.254,30.805,0 days 01:17:40.925000,0 days 01:18:18.179000,0 days 01:18:48.984000,270.0,150.0,299.0,319.0,False,HARD,10.0,True,Alfa Romeo Racing,0 days 01:17:16.849000,2020-10-23 11:02:18.249,1,,True,TRACK LIMITS AT TURN 4,False,True,92.135,92.13499999999999
640,0 days 01:20:10.230000,GIO,99,0 days 00:01:21.246000,24.0,4.0,,,23.773,31.362,26.111,0 days 01:19:12.757000,0 days 01:19:44.119000,0 days 01:20:10.230000,271.0,191.0,303.0,319.0,True,HARD,11.0,True,Alfa Romeo Racing,0 days 01:18:48.984000,2020-10-23 11:03:50.384,1,,False,,False,True,81.246,81.246
641,0 days 01:21:43.317000,GIO,99,0 days 00:01:33.087000,25.0,4.0,,0 days 01:21:42.735000,25.475,34.762,32.85,0 days 01:20:35.705000,0 days 01:21:10.467000,0 days 01:21:43.317000,250.0,172.0,,306.0,False,HARD,12.0,True,Alfa Romeo Racing,0 days 01:20:10.230000,2020-10-23 11:05:11.630,1,,False,,False,False,93.087,93.087
642,0 days 01:35:34.318000,GIO,99,,26.0,5.0,0 days 01:34:04.952000,,,34.541,28.207,,0 days 01:35:06.116000,0 days 01:35:34.487000,250.0,181.0,296.0,306.0,False,HARD,13.0,False,Alfa Romeo Racing,0 days 01:21:43.317000,2020-10-23 11:06:44.717,1,,False,,False,False,,
643,0 days 01:36:57.140000,GIO,99,0 days 00:01:22.822000,27.0,5.0,,,24.262,31.902,26.658,0 days 01:35:58.580000,0 days 01:36:30.482000,0 days 01:36:57.140000,266.0,188.0,305.0,314.0,False,HARD,14.0,False,Alfa Romeo Racing,0 days 01:35:34.318000,2020-10-23 11:20:35.718,1,,False,,False,True,82.822,82.822
644,0 days 01:38:31.983000,GIO,99,0 days 00:01:34.843000,28.0,5.0,,,29.973,36.891,27.979,0 days 01:37:27.113000,0 days 01:38:04.004000,0 days 01:38:31.983000,244.0,173.0,299.0,194.0,False,HARD,15.0,False,Alfa Romeo Racing,0 days 01:36:57.140000,2020-10-23 11:21:58.540,1,,False,,False,True,94.843,94.843
645,0 days 01:39:52.992000,GIO,99,0 days 00:01:21.009000,29.0,5.0,,,23.715,31.313,25.981,0 days 01:38:55.698000,0 days 01:39:27.011000,0 days 01:39:52.992000,270.0,185.0,311.0,317.0,True,HARD,16.0,False,Alfa Romeo Racing,0 days 01:38:31.983000,2020-10-23 11:23:33.383,1,,False,,False,True,81.009,81.009
646,0 days 01:41:34.511000,GIO,99,0 days 00:01:41.519000,30.0,5.0,,,28.441,43.143,29.935,0 days 01:40:21.433000,0 days 01:41:04.576000,0 days 01:41:34.511000,184.0,153.0,297.0,268.0,False,HARD,17.0,False,Alfa Romeo Racing,0 days 01:39:52.992000,2020-10-23 11:24:54.392,12,,False,,False,True,101.519,101.519
647,0 days 01:43:08.591000,GIO,99,0 days 00:01:34.080000,31.0,5.0,,,24.6,40.209,29.271,0 days 01:41:59.111000,0 days 01:42:39.320000,0 days 01:43:08.591000,260.0,151.0,297.0,316.0,False,HARD,18.0,False,Alfa Romeo Racing,0 days 01:41:34.511000,2020-10-23 11:26:35.911,21,,False,,False,True,94.08,94.08
648,0 days 01:44:30.542000,GIO,99,0 days 00:01:21.951000,32.0,5.0,,,23.819,31.736,26.396,0 days 01:43:32.410000,0 days 01:44:04.146000,0 days 01:44:30.542000,274.0,191.0,301.0,315.0,False,HARD,19.0,False,Alfa Romeo Racing,0 days 01:43:08.591000,2020-10-23 11:28:09.991,1,,False,,False,True,81.951,81.951
649,0 days 01:46:06.922000,GIO,99,0 days 00:01:36.380000,33.0,5.0,,,29.947,37.167,29.266,0 days 01:45:00.489000,0 days 01:45:37.656000,0 days 01:46:06.922000,241.0,158.0,272.0,261.0,False,HARD,20.0,False,Alfa Romeo Racing,0 days 01:44:30.542000,2020-10-23 11:29:31.942,1,,False,,False,True,96.38,96.38
650,0 days 01:47:56.053000,GIO,99,0 days 00:01:49.131000,34.0,5.0,,,28.609,35.835,44.687,0 days 01:46:35.531000,0 days 01:47:11.366000,0 days 01:47:56.053000,247.0,167.0,59.0,260.0,False,HARD,21.0,False,Alfa Romeo Racing,0 days 01:46:06.922000,2020-10-23 11:31:08.322,1,,False,,False,True,109.131,109.131
651,0 days 01:50:08.015000,GIO,99,0 days 00:02:11.962000,35.0,5.0,,0 days 01:50:05.049000,57.474,36.634,37.854,0 days 01:48:53.527000,0 days 01:49:30.161000,0 days 01:50:08.015000,247.0,167.0,,203.0,False,HARD,22.0,False,Alfa Romeo Racing,0 days 01:47:56.053000,2020-10-23 11:32:57.453,1,,False,,False,False,131.962,131.962
