,Time,Driver,DriverNumber,LapTime,LapNumber,Stint,PitOutTime,PitInTime,Sector1Time,Sector2Time,Sector3Time,Sector1SessionTime,Sector2SessionTime,Sector3SessionTime,SpeedI1,SpeedI2,SpeedFL,SpeedST,IsPersonalBest,Compound,TyreLife,FreshTyre,Team,LapStartTime,LapStartDate,TrackStatus,Position,Deleted,DeletedReason,FastF1Generated,IsAccurate,LapTime_in_seconds,laptime_sum_sectortimes
0,0 days 00:14:27.326000,VAN,2,,1.0,1.0,0 days 00:12:49.078000,,,47.382,30.475,,0 days 00:13:56.882000,0 days 00:14:27.412000,154.0,226.0,268.0,280.0,False,MEDIUM,1.0,True,McLaren,0 days 00:12:49.078000,2018-07-20 13:08:49.098,,,False,,False,False,,
1,0 days 00:15:43.814000,VAN,2,0 days 00:01:16.488000,2.0,1.0,,,16.63,36.211,23.647,0 days 00:14:43.956000,0 days 00:15:20.167000,0 days 00:15:43.814000,213.0,258.0,271.0,318.0,True,MEDIUM,2.0,True,McLaren,0 days 00:14:27.326000,2018-07-20 13:10:27.346,,,False,,False,False,76.488,76.488
2,0 days 00:17:42.703000,VAN,2,0 days 00:01:58.889000,3.0,1.0,,,24.621,55.363,38.905,0 days 00:16:08.435000,0 days 00:17:03.798000,0 days 00:17:42.703000,130.0,216.0,267.0,228.0,False,MEDIUM,3.0,True,McLaren,0 days 00:15:43.814000,2018-07-20 13:11:43.834,,,False,,False,False,118.889,118.889
3,0 days 00:18:59.801000,VAN,2,0 days 00:01:17.098000,4.0,1.0,,,16.729,36.49,23.879,0 days 00:17:59.432000,0 days 00:18:35.922000,0 days 00:18:59.801000,213.0,254.0,267.0,310.0,False,MEDIUM,4.0,True,McLaren,0 days 00:17:42.703000,2018-07-20 13:13:42.723,,,False,,False,False,77.098,77.098
4,0 days 00:20:53.790000,VAN,2,0 days 00:01:53.989000,5.0,1.0,,,27.066,54.402,32.521,0 days 00:19:26.867000,0 days 00:20:21.269000,0 days 00:20:53.790000,139.0,217.0,267.0,244.0,False,MEDIUM,5.0,True,McLaren,0 days 00:18:59.801000,2018-07-20 13:14:59.821,,,False,,False,False,113.989,113.989
5,0 days 00:22:10.526000,VAN,2,0 days 00:01:16.736000,6.0,1.0,,,16.616,36.505,23.615,0 days 00:21:10.406000,0 days 00:21:46.911000,0 days 00:22:10.526000,213.0,254.0,271.0,309.0,False,MEDIUM,6.0,True,McLaren,0 days 00:20:53.790000,2018-07-20 13:16:53.810,,,False,,False,False,76.736,76.736
6,0 days 00:24:07.290000,VAN,2,0 days 00:01:56.764000,7.0,1.0,,,25.471,57.207,34.086,0 days 00:22:35.997000,0 days 00:23:33.204000,0 days 00:24:07.290000,78.0,222.0,265.0,253.0,False,MEDIUM,7.0,True,McLaren,0 days 00:22:10.526000,2018-07-20 13:18:10.546,,,False,,False,False,116.764,116.764
7,0 days 00:25:24.283000,VAN,2,0 days 00:01:16.993000,8.0,1.0,,,17.089,36.467,23.437,0 days 00:24:24.379000,0 days 00:25:00.846000,0 days 00:25:24.283000,214.0,254.0,269.0,310.0,False,MEDIUM,8.0,True,McLaren,0 days 00:24:07.290000,2018-07-20 13:20:07.310,,,False,,False,False,76.993,76.993
8,0 days 00:27:18.496000,VAN,2,0 days 00:01:54.213000,9.0,1.0,,,22.366,57.337,34.51,0 days 00:25:46.649000,0 days 00:26:43.986000,0 days 00:27:18.496000,110.0,219.0,263.0,232.0,False,MEDIUM,9.0,True,McLaren,0 days 00:25:24.283000,2018-07-20 13:21:24.303,,,False,,False,False,114.213,114.213
9,0 days 00:28:35.499000,VAN,2,0 days 00:01:17.003000,10.0,1.0,,,16.826,36.558,23.619,0 days 00:27:35.322000,0 days 00:28:11.880000,0 days 00:28:35.499000,211.0,256.0,265.0,313.0,False,MEDIUM,10.0,True,McLaren,0 days 00:27:18.496000,2018-07-20 13:23:18.516,,,False,,False,False,77.003,77.003
10,0 days 00:30:16.452000,VAN,2,0 days 00:01:40.953000,11.0,1.0,,0 days 00:30:10.549000,20.373,44.284,36.296,0 days 00:28:55.872000,0 days 00:29:40.156000,0 days 00:30:16.452000,189.0,239.0,,255.0,False,MEDIUM,11.0,True,McLaren,0 days 00:28:35.499000,2018-07-20 13:24:35.519,,,False,,False,False,100.953,100.953
11,0 days 00:51:35.314000,VAN,2,,12.0,2.0,0 days 00:49:59.173000,,,46.963,29.524,,0 days 00:51:05.821000,0 days 00:51:35.431000,151.0,204.0,270.0,294.0,False,ULTRASOFT,1.0,True,McLaren,0 days 00:30:16.452000,2018-07-20 13:26:16.472,21,,False,,False,False,,
12,0 days 00:52:50.768000,VAN,2,0 days 00:01:15.454000,13.0,2.0,,,16.281,36.051,23.122,0 days 00:51:51.595000,0 days 00:52:27.646000,0 days 00:52:50.768000,216.0,258.0,268.0,311.0,True,ULTRASOFT,2.0,True,McLaren,0 days 00:51:35.314000,2018-07-20 13:47:35.334,1,,False,,False,True,75.454,75.45400000000001
13,0 days 00:54:53.574000,VAN,2,0 days 00:02:02.806000,14.0,2.0,,,26.217,59.087,37.502,0 days 00:53:16.985000,0 days 00:54:16.072000,0 days 00:54:53.574000,113.0,220.0,265.0,220.0,False,ULTRASOFT,3.0,True,McLaren,0 days 00:52:50.768000,2018-07-20 13:48:50.788,1,,False,,False,True,122.806,122.80600000000001
14,0 days 00:56:09.470000,VAN,2,0 days 00:01:15.896000,15.0,2.0,,,16.506,36.174,23.216,0 days 00:55:10.080000,0 days 00:55:46.254000,0 days 00:56:09.470000,213.0,258.0,266.0,312.0,False,ULTRASOFT,4.0,True,McLaren,0 days 00:54:53.574000,2018-07-20 13:50:53.594,1,,False,,False,True,75.896,75.896
15,0 days 00:58:08.642000,VAN,2,0 days 00:01:59.172000,16.0,2.0,,,27.001,59.283,32.888,0 days 00:56:36.471000,0 days 00:57:35.754000,0 days 00:58:08.642000,78.0,220.0,267.0,121.0,False,ULTRASOFT,5.0,True,McLaren,0 days 00:56:09.470000,2018-07-20 13:52:09.490,1,,False,,False,True,119.172,119.172
16,0 days 00:59:24.404000,VAN,2,0 days 00:01:15.762000,17.0,2.0,,,16.539,36.122,23.101,0 days 00:58:25.181000,0 days 00:59:01.303000,0 days 00:59:24.404000,213.0,255.0,269.0,314.0,False,ULTRASOFT,6.0,True,McLaren,0 days 00:58:08.642000,2018-07-20 13:54:08.662,1,,False,,False,True,75.762,75.762
17,0 days 01:01:00.268000,VAN,2,0 days 00:01:35.864000,18.0,2.0,,0 days 01:00:57.773000,23.081,42.152,30.631,0 days 00:59:47.485000,0 days 01:00:29.637000,0 days 01:01:00.268000,178.0,187.0,,283.0,False,ULTRASOFT,7.0,True,McLaren,0 days 00:59:24.404000,2018-07-20 13:55:24.424,1,,False,,False,False,95.864,95.864
18,0 days 01:15:04.236000,VAN,2,,19.0,3.0,0 days 01:13:18.426000,0 days 01:14:57.745000,,44.208,36.012,,0 days 01:14:28.234000,0 days 01:15:04.339000,150.0,211.0,,257.0,False,ULTRASOFT,8.0,False,McLaren,0 days 01:01:00.268000,2018-07-20 13:57:00.288,12,,False,,False,False,,
19,0 days 01:17:01.030000,VAN,2,0 days 00:01:56.794000,20.0,4.0,0 days 01:15:22.395000,,47.267,42.573,26.954,0 days 01:15:51.503000,0 days 01:16:34.076000,0 days 01:17:01.030000,206.0,246.0,255.0,249.0,False,ULTRASOFT,9.0,False,McLaren,0 days 01:15:04.236000,2018-07-20 14:11:04.256,1,,False,,False,False,116.794,116.79400000000001
20,0 days 01:18:21.692000,VAN,2,0 days 00:01:20.662000,21.0,4.0,,,17.607,38.046,25.009,0 days 01:17:18.637000,0 days 01:17:56.683000,0 days 01:18:21.692000,206.0,250.0,253.0,293.0,False,ULTRASOFT,10.0,False,McLaren,0 days 01:17:01.030000,2018-07-20 14:13:01.050,1,,False,,False,True,80.662,80.662
21,0 days 01:19:41.963000,VAN,2,0 days 00:01:20.271000,22.0,4.0,,,17.681,37.715,24.875,0 days 01:18:39.373000,0 days 01:19:17.088000,0 days 01:19:41.963000,207.0,250.0,254.0,298.0,False,ULTRASOFT,11.0,False,McLaren,0 days 01:18:21.692000,2018-07-20 14:14:21.712,1,,False,,False,True,80.271,80.271
22,0 days 01:21:03.581000,VAN,2,0 days 00:01:21.618000,23.0,4.0,,,17.622,,,0 days 01:19:59.585000,,,208.0,250.0,253.0,297.0,False,ULTRASOFT,12.0,False,McLaren,0 days 01:19:41.963000,2018-07-20 14:15:41.983,1,,False,,False,False,81.618,
23,0 days 01:22:25.676000,VAN,2,0 days 00:01:22.095000,24.0,4.0,,,17.865,38.827,25.403,0 days 01:21:21.446000,0 days 01:22:00.273000,0 days 01:22:25.676000,206.0,247.0,256.0,298.0,False,ULTRASOFT,13.0,False,McLaren,0 days 01:21:03.581000,2018-07-20 14:17:03.601,1,,False,,False,True,82.095,82.095
24,0 days 01:23:46.278000,VAN,2,0 days 00:01:20.602000,25.0,4.0,,,17.744,37.913,24.945,0 days 01:22:43.420000,0 days 01:23:21.333000,0 days 01:23:46.278000,206.0,250.0,256.0,301.0,False,ULTRASOFT,14.0,False,McLaren,0 days 01:22:25.676000,2018-07-20 14:18:25.696,1,,False,,False,True,80.602,80.602
25,0 days 01:25:11.802000,VAN,2,0 days 00:01:25.524000,26.0,4.0,,,17.693,41.05,26.781,0 days 01:24:03.971000,0 days 01:24:45.021000,0 days 01:25:11.802000,208.0,245.0,256.0,302.0,False,ULTRASOFT,15.0,False,McLaren,0 days 01:23:46.278000,2018-07-20 14:19:46.298,1,,False,,False,True,85.524,85.524
26,0 days 01:26:31.962000,VAN,2,0 days 00:01:20.160000,27.0,4.0,,,17.551,37.858,24.751,0 days 01:25:29.353000,0 days 01:26:07.211000,0 days 01:26:31.962000,207.0,251.0,256.0,298.0,False,ULTRASOFT,16.0,False,McLaren,0 days 01:25:11.802000,2018-07-20 14:21:11.822,1,,False,,False,True,80.16,80.16
27,0 days 01:27:52.453000,VAN,2,0 days 00:01:20.491000,28.0,4.0,,,17.704,37.95,24.837,0 days 01:26:49.666000,0 days 01:27:27.616000,0 days 01:27:52.453000,205.0,250.0,256.0,296.0,False,ULTRASOFT,17.0,False,McLaren,0 days 01:26:31.962000,2018-07-20 14:22:31.982,1,,False,,False,True,80.491,80.491
28,0 days 01:29:13.200000,VAN,2,0 days 00:01:20.747000,29.0,4.0,,,17.698,38.075,24.974,0 days 01:28:10.151000,0 days 01:28:48.226000,0 days 01:29:13.200000,204.0,247.0,251.0,294.0,False,ULTRASOFT,18.0,False,McLaren,0 days 01:27:52.453000,2018-07-20 14:23:52.473,1,,False,,False,True,80.747,80.747
29,0 days 01:30:37.486000,VAN,2,0 days 00:01:24.286000,30.0,4.0,,0 days 01:30:34.961000,17.733,38.011,28.542,0 days 01:29:30.933000,0 days 01:30:08.944000,0 days 01:30:37.486000,204.0,249.0,,294.0,False,ULTRASOFT,19.0,False,McLaren,0 days 01:29:13.200000,2018-07-20 14:25:13.220,1,,False,,False,False,84.286,84.286
30,0 days 01:32:14.587000,VAN,2,0 days 00:01:37.101000,31.0,5.0,0 days 01:30:54.710000,,33.596,37.822,25.683,0 days 01:31:11.082000,0 days 01:31:48.904000,0 days 01:32:14.587000,205.0,251.0,257.0,303.0,False,MEDIUM,12.0,False,McLaren,0 days 01:30:37.486000,2018-07-20 14:26:37.506,1,,False,,False,False,97.101,97.101
31,0 days 01:33:35.176000,VAN,2,0 days 00:01:20.589000,32.0,5.0,,,17.549,37.94,25.1,0 days 01:32:32.136000,0 days 01:33:10.076000,0 days 01:33:35.176000,207.0,246.0,255.0,294.0,False,MEDIUM,13.0,False,McLaren,0 days 01:32:14.587000,2018-07-20 14:28:14.607,1,,False,,False,True,80.589,80.589
32,0 days 01:34:55.590000,VAN,2,0 days 00:01:20.414000,33.0,5.0,,,17.67,37.751,24.993,0 days 01:33:52.846000,0 days 01:34:30.597000,0 days 01:34:55.590000,204.0,249.0,253.0,303.0,False,MEDIUM,14.0,False,McLaren,0 days 01:33:35.176000,2018-07-20 14:29:35.196,1,,False,,False,True,80.414,80.414
33,0 days 01:36:36.365000,VAN,2,0 days 00:01:40.775000,34.0,5.0,,0 days 01:36:33.833000,17.677,47.594,35.504,0 days 01:35:13.267000,0 days 01:36:00.861000,0 days 01:36:36.365000,206.0,205.0,,293.0,False,MEDIUM,15.0,False,McLaren,0 days 01:34:55.590000,2018-07-20 14:30:55.610,15,,False,,False,False,100.775,100.775
34,0 days 00:28:42.801000,RIC,3,,1.0,,0 days 00:26:53.407000,,,52.786,35.983,,0 days 00:28:06.821000,0 days 00:28:42.888000,148.0,176.0,269.0,177.0,False,nan,,True,Red Bull Racing,0 days 00:26:53.407000,2018-07-20 13:22:53.427,,,False,,False,False,,
35,0 days 00:29:57.483000,RIC,3,0 days 00:01:14.682000,2.0,1.0,,,16.132,35.525,23.025,0 days 00:28:58.933000,0 days 00:29:34.458000,0 days 00:29:57.483000,212.0,262.0,267.0,318.0,True,SOFT,1.0,True,Red Bull Racing,0 days 00:28:42.801000,2018-07-20 13:24:42.821,,,False,,False,False,74.682,74.68199999999999
36,0 days 00:31:53.367000,RIC,3,0 days 00:01:55.884000,3.0,1.0,,0 days 00:31:50.855000,28.389,51.977,35.518,0 days 00:30:25.872000,0 days 00:31:17.849000,0 days 00:31:53.367000,126.0,213.0,,191.0,False,SOFT,2.0,True,Red Bull Racing,0 days 00:29:57.483000,2018-07-20 13:25:57.503,,,False,,False,False,115.884,115.884
37,0 days 00:33:42.964000,RIC,3,0 days 00:01:49.597000,4.0,2.0,0 days 00:32:11.622000,,37.818,43.522,28.257,0 days 00:32:31.185000,0 days 00:33:14.707000,0 days 00:33:42.964000,148.0,221.0,269.0,299.0,False,SOFT,4.0,False,Red Bull Racing,0 days 00:31:53.367000,2018-07-20 13:27:53.387,,,False,,False,False,109.597,109.59700000000001
38,0 days 00:35:17.041000,RIC,3,0 days 00:01:34.077000,5.0,2.0,,,16.053,48.613,29.411,0 days 00:33:59.017000,0 days 00:34:47.630000,0 days 00:35:17.041000,214.0,209.0,269.0,316.0,False,SOFT,5.0,False,Red Bull Racing,0 days 00:33:42.964000,2018-07-20 13:29:42.984,21,,False,,False,True,94.077,94.077
39,0 days 00:36:41.513000,RIC,3,0 days 00:01:24.472000,6.0,2.0,,0 days 00:36:38.983000,16.033,35.496,32.943,0 days 00:35:33.074000,0 days 00:36:08.570000,0 days 00:36:41.513000,213.0,261.0,,318.0,False,SOFT,6.0,False,Red Bull Racing,0 days 00:35:17.041000,2018-07-20 13:31:17.061,1,,False,,False,False,84.472,84.47200000000001
40,0 days 00:49:51.826000,RIC,3,,7.0,3.0,0 days 00:48:14.649000,,,40.905,26.502,,0 days 00:49:25.329000,0 days 00:49:51.906000,163.0,239.0,261.0,295.0,False,MEDIUM,1.0,True,Red Bull Racing,0 days 00:36:41.513000,2018-07-20 13:32:41.533,1,,False,,False,False,,
41,0 days 00:51:10.314000,RIC,3,0 days 00:01:18.488000,8.0,3.0,,,17.133,37.204,24.151,0 days 00:50:08.959000,0 days 00:50:46.163000,0 days 00:51:10.314000,205.0,252.0,260.0,300.0,False,MEDIUM,2.0,True,Red Bull Racing,0 days 00:49:51.826000,2018-07-20 13:45:51.846,1,,False,,False,True,78.488,78.488
42,0 days 00:52:28.823000,RIC,3,0 days 00:01:18.509000,9.0,3.0,,,17.171,37.2,24.138,0 days 00:51:27.485000,0 days 00:52:04.685000,0 days 00:52:28.823000,206.0,253.0,259.0,299.0,False,MEDIUM,3.0,True,Red Bull Racing,0 days 00:51:10.314000,2018-07-20 13:47:10.334,1,,False,,False,True,78.509,78.509
43,0 days 00:53:47.482000,RIC,3,0 days 00:01:18.659000,10.0,3.0,,,17.241,37.133,24.285,0 days 00:52:46.064000,0 days 00:53:23.197000,0 days 00:53:47.482000,202.0,253.0,260.0,294.0,False,MEDIUM,4.0,True,Red Bull Racing,0 days 00:52:28.823000,2018-07-20 13:48:28.843,1,,False,,False,True,78.659,78.659
44,0 days 00:55:05.751000,RIC,3,0 days 00:01:18.269000,11.0,3.0,,,17.148,36.996,24.125,0 days 00:54:04.630000,0 days 00:54:41.626000,0 days 00:55:05.751000,204.0,251.0,258.0,301.0,False,MEDIUM,5.0,True,Red Bull Racing,0 days 00:53:47.482000,2018-07-20 13:49:47.502,1,,False,,False,True,78.269,78.269
45,0 days 00:56:24.348000,RIC,3,0 days 00:01:18.597000,12.0,3.0,,,17.231,37.192,24.174,0 days 00:55:22.982000,0 days 00:56:00.174000,0 days 00:56:24.348000,204.0,251.0,258.0,303.0,False,MEDIUM,6.0,True,Red Bull Racing,0 days 00:55:05.751000,2018-07-20 13:51:05.771,1,,False,,False,True,78.597,78.59700000000001
46,0 days 00:57:42.776000,RIC,3,0 days 00:01:18.428000,13.0,3.0,,,17.109,37.228,24.091,0 days 00:56:41.457000,0 days 00:57:18.685000,0 days 00:57:42.776000,203.0,254.0,259.0,302.0,False,MEDIUM,7.0,True,Red Bull Racing,0 days 00:56:24.348000,2018-07-20 13:52:24.368,1,,False,,False,True,78.428,78.428
47,0 days 00:59:00.958000,RIC,3,0 days 00:01:18.182000,14.0,3.0,,,17.059,37.174,23.949,0 days 00:57:59.835000,0 days 00:58:37.009000,0 days 00:59:00.958000,205.0,253.0,261.0,302.0,False,MEDIUM,8.0,True,Red Bull Racing,0 days 00:57:42.776000,2018-07-20 13:53:42.796,1,,False,,False,True,78.182,78.182
48,0 days 01:00:19.417000,RIC,3,0 days 00:01:18.459000,15.0,3.0,,,17.157,37.251,24.051,0 days 00:59:18.115000,0 days 00:59:55.366000,0 days 01:00:19.417000,207.0,253.0,258.0,301.0,False,MEDIUM,9.0,True,Red Bull Racing,0 days 00:59:00.958000,2018-07-20 13:55:00.978,1,,False,,False,True,78.459,78.459
49,0 days 01:01:38.751000,RIC,3,0 days 00:01:19.334000,16.0,3.0,,,17.353,37.287,24.694,0 days 01:00:36.770000,0 days 01:01:14.057000,0 days 01:01:38.751000,202.0,253.0,260.0,303.0,False,MEDIUM,10.0,True,Red Bull Racing,0 days 01:00:19.417000,2018-07-20 13:56:19.437,1,,False,,False,True,79.334,79.334
50,0 days 01:02:58.627000,RIC,3,0 days 00:01:19.876000,17.0,3.0,,,17.504,37.702,24.67,0 days 01:01:56.255000,0 days 01:02:33.957000,0 days 01:02:58.627000,206.0,253.0,260.0,329.0,False,MEDIUM,11.0,True,Red Bull Racing,0 days 01:01:38.751000,2018-07-20 13:57:38.771,1,,False,,False,True,79.876,79.876
51,0 days 01:04:17.435000,RIC,3,0 days 00:01:18.808000,18.0,3.0,,,17.26,37.109,24.439,0 days 01:03:15.887000,0 days 01:03:52.996000,0 days 01:04:17.435000,207.0,252.0,259.0,330.0,False,MEDIUM,12.0,True,Red Bull Racing,0 days 01:02:58.627000,2018-07-20 13:58:58.647,1,,False,,False,True,78.808,78.80799999999999
52,0 days 01:05:36.097000,RIC,3,0 days 00:01:18.662000,19.0,3.0,,,17.237,37.303,24.122,0 days 01:04:34.672000,0 days 01:05:11.975000,0 days 01:05:36.097000,203.0,254.0,259.0,304.0,False,MEDIUM,13.0,True,Red Bull Racing,0 days 01:04:17.435000,2018-07-20 14:00:17.455,1,,False,,False,True,78.662,78.66199999999999
53,0 days 01:06:54.579000,RIC,3,0 days 00:01:18.482000,20.0,3.0,,,17.192,37.182,24.108,0 days 01:05:53.289000,0 days 01:06:30.471000,0 days 01:06:54.579000,204.0,252.0,260.0,302.0,False,MEDIUM,14.0,True,Red Bull Racing,0 days 01:05:36.097000,2018-07-20 14:01:36.117,1,,False,,False,True,78.482,78.482
54,0 days 01:08:17.160000,RIC,3,0 days 00:01:22.581000,21.0,3.0,,0 days 01:08:14.635000,17.22,37.276,28.085,0 days 01:07:11.799000,0 days 01:07:49.075000,0 days 01:08:17.160000,201.0,252.0,,302.0,False,MEDIUM,15.0,True,Red Bull Racing,0 days 01:06:54.579000,2018-07-20 14:02:54.599,1,,False,,False,False,82.581,82.581
55,0 days 01:16:30.434000,RIC,3,,22.0,4.0,0 days 01:14:58.292000,,,45.729,27.601,,0 days 01:16:02.844000,0 days 01:16:30.561000,166.0,226.0,262.0,290.0,False,SOFT,7.0,False,Red Bull Racing,0 days 01:08:17.160000,2018-07-20 14:04:17.180,12,,False,,False,False,,
56,0 days 01:17:48.445000,RIC,3,0 days 00:01:18.011000,23.0,4.0,,,16.958,37.02,24.033,0 days 01:16:47.392000,0 days 01:17:24.412000,0 days 01:17:48.445000,210.0,252.0,259.0,301.0,False,SOFT,8.0,False,Red Bull Racing,0 days 01:16:30.434000,2018-07-20 14:12:30.454,1,,False,,False,True,78.011,78.011
57,0 days 01:19:06.481000,RIC,3,0 days 00:01:18.036000,24.0,4.0,,,17.075,36.881,24.08,0 days 01:18:05.520000,0 days 01:18:42.401000,0 days 01:19:06.481000,210.0,254.0,263.0,302.0,False,SOFT,9.0,False,Red Bull Racing,0 days 01:17:48.445000,2018-07-20 14:13:48.465,1,,False,,False,True,78.036,78.036
58,0 days 01:20:24.252000,RIC,3,0 days 00:01:17.771000,25.0,4.0,,,16.897,36.918,23.956,0 days 01:19:23.378000,0 days 01:20:00.296000,0 days 01:20:24.252000,210.0,253.0,262.0,304.0,False,SOFT,10.0,False,Red Bull Racing,0 days 01:19:06.481000,2018-07-20 14:15:06.501,1,,False,,False,True,77.771,77.771
59,0 days 01:21:41.937000,RIC,3,0 days 00:01:17.685000,26.0,4.0,,,16.852,36.868,23.965,0 days 01:20:41.104000,0 days 01:21:17.972000,0 days 01:21:41.937000,210.0,254.0,262.0,305.0,False,SOFT,11.0,False,Red Bull Racing,0 days 01:20:24.252000,2018-07-20 14:16:24.272,1,,False,,False,True,77.685,77.685
60,0 days 01:22:59.432000,RIC,3,0 days 00:01:17.495000,27.0,4.0,,,16.866,36.778,23.851,0 days 01:21:58.803000,0 days 01:22:35.581000,0 days 01:22:59.432000,209.0,255.0,263.0,307.0,False,SOFT,12.0,False,Red Bull Racing,0 days 01:21:41.937000,2018-07-20 14:17:41.957,1,,False,,False,True,77.495,77.495
61,0 days 01:24:17.351000,RIC,3,0 days 00:01:17.919000,28.0,4.0,,,17.02,36.905,23.994,0 days 01:23:16.452000,0 days 01:23:53.357000,0 days 01:24:17.351000,207.0,257.0,265.0,307.0,False,SOFT,13.0,False,Red Bull Racing,0 days 01:22:59.432000,2018-07-20 14:18:59.452,1,,False,,False,True,77.919,77.919
62,0 days 01:25:35.490000,RIC,3,0 days 00:01:18.139000,29.0,4.0,,,16.916,36.895,24.328,0 days 01:24:34.267000,0 days 01:25:11.162000,0 days 01:25:35.490000,204.0,257.0,267.0,316.0,False,SOFT,14.0,False,Red Bull Racing,0 days 01:24:17.351000,2018-07-20 14:20:17.371,1,,False,,False,True,78.139,78.13900000000001
63,0 days 01:26:54.482000,RIC,3,0 days 00:01:18.992000,30.0,4.0,,,17.765,36.655,24.572,0 days 01:25:53.255000,0 days 01:26:29.910000,0 days 01:26:54.482000,205.0,256.0,268.0,331.0,False,SOFT,15.0,False,Red Bull Racing,0 days 01:25:35.490000,2018-07-20 14:21:35.510,1,,False,,False,True,78.992,78.992
64,0 days 01:28:13.185000,RIC,3,0 days 00:01:18.703000,31.0,4.0,,,17.581,36.793,24.329,0 days 01:27:12.063000,0 days 01:27:48.856000,0 days 01:28:13.185000,199.0,254.0,264.0,320.0,False,SOFT,16.0,False,Red Bull Racing,0 days 01:26:54.482000,2018-07-20 14:22:54.502,1,,False,,False,True,78.703,78.703
65,0 days 01:29:31.887000,RIC,3,0 days 00:01:18.702000,32.0,4.0,,,17.106,36.999,24.597,0 days 01:28:30.291000,0 days 01:29:07.290000,0 days 01:29:31.887000,202.0,257.0,265.0,327.0,False,SOFT,17.0,False,Red Bull Racing,0 days 01:28:13.185000,2018-07-20 14:24:13.205,1,,False,,False,True,78.702,78.702
66,0 days 01:30:49.510000,RIC,3,0 days 00:01:17.623000,33.0,4.0,,,17.391,36.455,23.777,0 days 01:29:49.278000,0 days 01:30:25.733000,0 days 01:30:49.510000,209.0,256.0,265.0,314.0,False,SOFT,18.0,False,Red Bull Racing,0 days 01:29:31.887000,2018-07-20 14:25:31.907,1,,False,,False,True,77.623,77.62299999999999
67,0 days 01:32:06.669000,RIC,3,0 days 00:01:17.159000,34.0,4.0,,,16.823,36.574,23.762,0 days 01:31:06.333000,0 days 01:31:42.907000,0 days 01:32:06.669000,209.0,258.0,267.0,304.0,False,SOFT,19.0,False,Red Bull Racing,0 days 01:30:49.510000,2018-07-20 14:26:49.530,1,,False,,False,True,77.159,77.15899999999999
68,0 days 01:33:25.193000,RIC,3,0 days 00:01:18.524000,35.0,4.0,,,17.128,37.057,24.339,0 days 01:32:23.797000,0 days 01:33:00.854000,0 days 01:33:25.193000,204.0,257.0,264.0,312.0,False,SOFT,20.0,False,Red Bull Racing,0 days 01:32:06.669000,2018-07-20 14:28:06.689,1,,False,,False,True,78.524,78.524
69,0 days 01:34:46.715000,RIC,3,0 days 00:01:21.522000,36.0,4.0,,0 days 01:34:44.231000,17.136,36.692,27.694,0 days 01:33:42.329000,0 days 01:34:19.021000,0 days 01:34:46.715000,202.0,257.0,,326.0,False,SOFT,21.0,False,Red Bull Racing,0 days 01:33:25.193000,2018-07-20 14:29:25.213,1,,False,,False,False,81.522,81.522
70,0 days 00:10:47.282000,VET,5,,1.0,1.0,0 days 00:09:09.749000,,,48.338,30.526,,0 days 00:10:16.756000,0 days 00:10:47.349000,147.0,161.0,272.0,277.0,False,MEDIUM,1.0,True,Ferrari,0 days 00:09:09.749000,2018-07-20 13:05:09.769,,,False,,False,False,,
71,0 days 00:12:15.381000,VET,5,0 days 00:01:28.099000,2.0,1.0,,,16.148,42.191,29.76,0 days 00:11:03.430000,0 days 00:11:45.621000,0 days 00:12:15.381000,219.0,198.0,275.0,325.0,True,MEDIUM,2.0,True,Ferrari,0 days 00:10:47.282000,2018-07-20 13:06:47.302,,,False,,False,False,88.099,88.099
72,0 days 00:13:30.081000,VET,5,0 days 00:01:14.700000,3.0,1.0,,,16.254,35.602,22.844,0 days 00:12:31.635000,0 days 00:13:07.237000,0 days 00:13:30.081000,218.0,263.0,279.0,321.0,True,MEDIUM,3.0,True,Ferrari,0 days 00:12:15.381000,2018-07-20 13:08:15.401,,,False,,False,False,74.7,74.69999999999999
73,0 days 00:15:25.950000,VET,5,0 days 00:01:55.869000,4.0,1.0,,,23.537,57.371,34.961,0 days 00:13:53.618000,0 days 00:14:50.989000,0 days 00:15:25.950000,132.0,178.0,277.0,145.0,False,MEDIUM,4.0,True,Ferrari,0 days 00:13:30.081000,2018-07-20 13:09:30.101,,,False,,False,False,115.869,115.869
74,0 days 00:16:39.767000,VET,5,0 days 00:01:13.817000,5.0,1.0,,,16.037,35.165,22.615,0 days 00:15:41.987000,0 days 00:16:17.152000,0 days 00:16:39.767000,219.0,265.0,277.0,328.0,True,MEDIUM,5.0,True,Ferrari,0 days 00:15:25.950000,2018-07-20 13:11:25.970,,,False,,False,False,73.817,73.817
75,0 days 00:18:17.120000,VET,5,0 days 00:01:37.353000,6.0,1.0,,0 days 00:18:14.619000,19.979,41.042,36.332,0 days 00:16:59.746000,0 days 00:17:40.788000,0 days 00:18:17.120000,167.0,250.0,,286.0,False,MEDIUM,6.0,True,Ferrari,0 days 00:16:39.767000,2018-07-20 13:12:39.787,,,False,,False,False,97.353,97.35300000000001
76,0 days 00:20:33.253000,VET,5,0 days 00:02:16.133000,7.0,2.0,0 days 00:18:33.447000,0 days 00:20:30.722000,52.397,52.433,31.303,0 days 00:19:09.517000,0 days 00:20:01.950000,0 days 00:20:33.253000,167.0,159.0,,197.0,False,MEDIUM,7.0,False,Ferrari,0 days 00:18:17.120000,2018-07-20 13:14:17.140,,,False,,False,False,136.133,136.133
77,0 days 00:33:09.529000,VET,5,,8.0,3.0,0 days 00:31:23.491000,,,51.049,33.841,,0 days 00:32:35.716000,0 days 00:33:09.641000,153.0,202.0,274.0,211.0,False,ULTRASOFT,1.0,True,Ferrari,0 days 00:20:33.253000,2018-07-20 13:16:33.273,,,False,,False,False,,
78,0 days 00:34:22.839000,VET,5,0 days 00:01:13.310000,9.0,3.0,,,15.942,34.911,22.457,0 days 00:33:25.471000,0 days 00:34:00.382000,0 days 00:34:22.839000,219.0,266.0,274.0,320.0,True,ULTRASOFT,2.0,True,Ferrari,0 days 00:33:09.529000,2018-07-20 13:29:09.549,,,False,,False,False,73.31,73.31
79,0 days 00:36:24.316000,VET,5,0 days 00:02:01.477000,10.0,3.0,,,23.267,68.449,29.761,0 days 00:34:46.106000,0 days 00:35:54.555000,0 days 00:36:24.316000,128.0,140.0,276.0,122.0,False,ULTRASOFT,3.0,True,Ferrari,0 days 00:34:22.839000,2018-07-20 13:30:22.859,21,,False,,False,True,121.477,121.47699999999999
80,0 days 00:37:37.767000,VET,5,0 days 00:01:13.451000,11.0,3.0,,,15.854,35.104,22.493,0 days 00:36:40.170000,0 days 00:37:15.274000,0 days 00:37:37.767000,218.0,265.0,277.0,326.0,False,ULTRASOFT,4.0,True,Ferrari,0 days 00:36:24.316000,2018-07-20 13:32:24.336,1,,False,,False,True,73.451,73.451
81,0 days 00:39:07.568000,VET,5,0 days 00:01:29.801000,12.0,3.0,,0 days 00:39:05.059000,20.458,40.181,29.162,0 days 00:37:58.225000,0 days 00:38:38.406000,0 days 00:39:07.568000,172.0,230.0,,295.0,False,ULTRASOFT,5.0,True,Ferrari,0 days 00:37:37.767000,2018-07-20 13:33:37.787,1,,False,,False,False,89.801,89.80099999999999
82,0 days 00:51:12.453000,VET,5,,13.0,4.0,0 days 00:49:36.799000,0 days 00:51:09.930000,,48.256,29.262,,0 days 00:50:43.209000,0 days 00:51:12.491000,167.0,223.0,,171.0,False,ULTRASOFT,6.0,False,Ferrari,0 days 00:39:07.568000,2018-07-20 13:35:07.588,1,,False,,False,False,,
83,0 days 00:52:57.192000,VET,5,0 days 00:01:44.739000,14.0,5.0,0 days 00:51:39.180000,,43.791,36.904,24.044,0 days 00:51:56.244000,0 days 00:52:33.148000,0 days 00:52:57.192000,193.0,257.0,259.0,304.0,False,ULTRASOFT,7.0,False,Ferrari,0 days 00:51:12.453000,2018-07-20 13:47:12.473,1,,False,,False,False,104.739,104.73899999999999
84,0 days 00:54:15.222000,VET,5,0 days 00:01:18.030000,15.0,5.0,,,17.069,36.885,24.076,0 days 00:53:14.261000,0 days 00:53:51.146000,0 days 00:54:15.222000,206.0,257.0,261.0,301.0,False,ULTRASOFT,8.0,False,Ferrari,0 days 00:52:57.192000,2018-07-20 13:48:57.212,1,,False,,False,True,78.03,78.03
85,0 days 00:55:32.992000,VET,5,0 days 00:01:17.770000,16.0,5.0,,,16.98,36.839,23.951,0 days 00:54:32.202000,0 days 00:55:09.041000,0 days 00:55:32.992000,205.0,255.0,260.0,303.0,False,ULTRASOFT,9.0,False,Ferrari,0 days 00:54:15.222000,2018-07-20 13:50:15.242,1,,False,,False,True,77.77,77.77000000000001
86,0 days 00:56:51.013000,VET,5,0 days 00:01:18.021000,17.0,5.0,,,17.123,36.872,24.026,0 days 00:55:50.115000,0 days 00:56:26.987000,0 days 00:56:51.013000,210.0,254.0,262.0,306.0,False,ULTRASOFT,10.0,False,Ferrari,0 days 00:55:32.992000,2018-07-20 13:51:33.012,1,,False,,False,True,78.021,78.021
87,0 days 00:58:09.721000,VET,5,0 days 00:01:18.708000,18.0,5.0,,,17.504,36.974,24.23,0 days 00:57:08.517000,0 days 00:57:45.491000,0 days 00:58:09.721000,206.0,255.0,265.0,305.0,False,ULTRASOFT,11.0,False,Ferrari,0 days 00:56:51.013000,2018-07-20 13:52:51.033,1,,False,,False,True,78.708,78.708
88,0 days 00:59:27.945000,VET,5,0 days 00:01:18.224000,19.0,5.0,,,17.193,37.056,23.975,0 days 00:58:26.914000,0 days 00:59:03.970000,0 days 00:59:27.945000,203.0,253.0,263.0,311.0,False,ULTRASOFT,12.0,False,Ferrari,0 days 00:58:09.721000,2018-07-20 13:54:09.741,1,,False,,False,True,78.224,78.22399999999999
89,0 days 01:00:46.254000,VET,5,0 days 00:01:18.309000,20.0,5.0,,,17.187,37.154,23.968,0 days 00:59:45.132000,0 days 01:00:22.286000,0 days 01:00:46.254000,201.0,255.0,260.0,304.0,False,ULTRASOFT,13.0,False,Ferrari,0 days 00:59:27.945000,2018-07-20 13:55:27.965,1,,False,,False,True,78.309,78.30900000000001
90,0 days 01:02:04.576000,VET,5,0 days 00:01:18.322000,21.0,5.0,,,17.143,37.074,24.105,0 days 01:01:03.397000,0 days 01:01:40.471000,0 days 01:02:04.576000,208.0,255.0,262.0,305.0,False,ULTRASOFT,14.0,False,Ferrari,0 days 01:00:46.254000,2018-07-20 13:56:46.274,1,,False,,False,True,78.322,78.322
91,0 days 01:03:28.847000,VET,5,0 days 00:01:24.271000,22.0,5.0,,0 days 01:03:27.966000,17.229,37.549,29.493,0 days 01:02:21.805000,0 days 01:02:59.354000,0 days 01:03:28.847000,208.0,254.0,,306.0,False,ULTRASOFT,15.0,False,Ferrari,0 days 01:02:04.576000,2018-07-20 13:58:04.596,1,,False,,False,False,84.271,84.271
92,0 days 01:05:08.765000,VET,5,0 days 00:01:39.918000,23.0,6.0,0 days 01:03:47.552000,,34.864,39.851,25.203,0 days 01:04:03.711000,0 days 01:04:43.562000,0 days 01:05:08.765000,197.0,250.0,262.0,291.0,False,MEDIUM,8.0,False,Ferrari,0 days 01:03:28.847000,2018-07-20 13:59:28.867,1,,False,,False,False,99.918,99.918
93,0 days 01:06:26.514000,VET,5,0 days 00:01:17.749000,24.0,6.0,,,16.972,36.774,24.003,0 days 01:05:25.737000,0 days 01:06:02.511000,0 days 01:06:26.514000,212.0,258.0,264.0,307.0,False,MEDIUM,9.0,False,Ferrari,0 days 01:05:08.765000,2018-07-20 14:01:08.785,1,,False,,False,True,77.749,77.749
94,0 days 01:07:44.423000,VET,5,0 days 00:01:17.909000,25.0,6.0,,,16.968,36.781,24.16,0 days 01:06:43.482000,0 days 01:07:20.263000,0 days 01:07:44.423000,209.0,257.0,263.0,306.0,False,MEDIUM,10.0,False,Ferrari,0 days 01:06:26.514000,2018-07-20 14:02:26.534,1,,False,,False,True,77.909,77.90899999999999
95,0 days 01:09:05.733000,VET,5,0 days 00:01:21.310000,26.0,6.0,,,17.013,37.065,27.232,0 days 01:08:01.436000,0 days 01:08:38.501000,0 days 01:09:05.733000,209.0,256.0,263.0,309.0,False,MEDIUM,11.0,False,Ferrari,0 days 01:07:44.423000,2018-07-20 14:03:44.443,1,,False,,False,True,81.31,81.31
96,0 days 01:10:24.019000,VET,5,0 days 00:01:18.286000,27.0,6.0,,,17.115,37.106,24.065,0 days 01:09:22.848000,0 days 01:09:59.954000,0 days 01:10:24.019000,211.0,256.0,264.0,303.0,False,MEDIUM,12.0,False,Ferrari,0 days 01:09:05.733000,2018-07-20 14:05:05.753,1,,False,,False,True,78.286,78.286
97,0 days 01:11:42.350000,VET,5,0 days 00:01:18.331000,28.0,6.0,,,17.089,37.116,24.126,0 days 01:10:41.108000,0 days 01:11:18.224000,0 days 01:11:42.350000,210.0,255.0,262.0,301.0,False,MEDIUM,13.0,False,Ferrari,0 days 01:10:24.019000,2018-07-20 14:06:24.039,1,,False,,False,True,78.331,78.331
98,0 days 01:13:00.710000,VET,5,0 days 00:01:18.360000,29.0,6.0,,,17.213,36.952,24.195,0 days 01:11:59.563000,0 days 01:12:36.515000,0 days 01:13:00.710000,210.0,258.0,264.0,303.0,False,MEDIUM,14.0,False,Ferrari,0 days 01:11:42.350000,2018-07-20 14:07:42.370,1,,False,,False,True,78.36,78.36
99,0 days 01:14:19.083000,VET,5,0 days 00:01:18.373000,30.0,6.0,,,17.045,36.843,24.485,0 days 01:13:17.755000,0 days 01:13:54.598000,0 days 01:14:19.083000,210.0,256.0,263.0,311.0,False,MEDIUM,15.0,False,Ferrari,0 days 01:13:00.710000,2018-07-20 14:09:00.730,12,,False,,False,True,78.373,78.373
100,0 days 01:15:37.281000,VET,5,0 days 00:01:18.198000,31.0,6.0,,,17.161,36.84,24.197,0 days 01:14:36.244000,0 days 01:15:13.084000,0 days 01:15:37.281000,211.0,257.0,266.0,310.0,False,MEDIUM,16.0,False,Ferrari,0 days 01:14:19.083000,2018-07-20 14:10:19.103,1,,False,,False,True,78.198,78.19800000000001
101,0 days 01:16:58.062000,VET,5,0 days 00:01:20.781000,32.0,6.0,,,17.205,37.046,26.53,0 days 01:15:54.486000,0 days 01:16:31.532000,0 days 01:16:58.062000,209.0,257.0,263.0,311.0,False,MEDIUM,17.0,False,Ferrari,0 days 01:15:37.281000,2018-07-20 14:11:37.301,1,,False,,False,True,80.781,80.781
102,0 days 01:18:16.372000,VET,5,0 days 00:01:18.310000,33.0,6.0,,,17.08,37.062,24.168,0 days 01:17:15.142000,0 days 01:17:52.204000,0 days 01:18:16.372000,212.0,257.0,263.0,307.0,False,MEDIUM,18.0,False,Ferrari,0 days 01:16:58.062000,2018-07-20 14:12:58.082,1,,False,,False,True,78.31,78.31
103,0 days 01:19:34.652000,VET,5,0 days 00:01:18.280000,34.0,6.0,,,17.053,36.827,24.4,0 days 01:18:33.425000,0 days 01:19:10.252000,0 days 01:19:34.652000,211.0,257.0,264.0,309.0,False,MEDIUM,19.0,False,Ferrari,0 days 01:18:16.372000,2018-07-20 14:14:16.392,1,,False,,False,True,78.28,78.28
104,0 days 01:20:52.732000,VET,5,0 days 00:01:18.080000,35.0,6.0,,,17.062,36.869,24.149,0 days 01:19:51.714000,0 days 01:20:28.583000,0 days 01:20:52.732000,212.0,257.0,262.0,308.0,False,MEDIUM,20.0,False,Ferrari,0 days 01:19:34.652000,2018-07-20 14:15:34.672,1,,False,,False,True,78.08,78.08
105,0 days 01:22:10.910000,VET,5,0 days 00:01:18.178000,36.0,6.0,,,17.01,36.864,24.304,0 days 01:21:09.742000,0 days 01:21:46.606000,0 days 01:22:10.910000,211.0,258.0,265.0,306.0,False,MEDIUM,21.0,False,Ferrari,0 days 01:20:52.732000,2018-07-20 14:16:52.752,1,,False,,False,True,78.178,78.178
106,0 days 01:23:28.895000,VET,5,0 days 00:01:17.985000,37.0,6.0,,,17.012,36.688,24.285,0 days 01:22:27.922000,0 days 01:23:04.610000,0 days 01:23:28.895000,211.0,259.0,265.0,310.0,False,MEDIUM,22.0,False,Ferrari,0 days 01:22:10.910000,2018-07-20 14:18:10.930,1,,False,,False,True,77.985,77.985
107,0 days 01:24:47.574000,VET,5,0 days 00:01:18.679000,38.0,6.0,,,17.167,36.988,24.524,0 days 01:23:46.062000,0 days 01:24:23.050000,0 days 01:24:47.574000,199.0,257.0,264.0,326.0,False,MEDIUM,23.0,False,Ferrari,0 days 01:23:28.895000,2018-07-20 14:19:28.915,1,,False,,False,True,78.679,78.679
108,0 days 01:26:05.856000,VET,5,0 days 00:01:18.282000,39.0,6.0,,,17.101,36.763,24.418,0 days 01:25:04.675000,0 days 01:25:41.438000,0 days 01:26:05.856000,207.0,258.0,264.0,310.0,False,MEDIUM,24.0,False,Ferrari,0 days 01:24:47.574000,2018-07-20 14:20:47.594,1,,False,,False,True,78.282,78.282
109,0 days 01:27:24.554000,VET,5,0 days 00:01:18.698000,40.0,6.0,,,17.184,36.818,24.696,0 days 01:26:23.040000,0 days 01:26:59.858000,0 days 01:27:24.554000,211.0,257.0,260.0,308.0,False,MEDIUM,25.0,False,Ferrari,0 days 01:26:05.856000,2018-07-20 14:22:05.876,1,,False,,False,True,78.698,78.698
110,0 days 01:28:47.266000,VET,5,0 days 00:01:22.712000,41.0,6.0,,,17.156,36.993,28.563,0 days 01:27:41.710000,0 days 01:28:18.703000,0 days 01:28:47.266000,211.0,257.0,263.0,308.0,False,MEDIUM,26.0,False,Ferrari,0 days 01:27:24.554000,2018-07-20 14:23:24.574,1,,False,,False,True,82.712,82.712
111,0 days 01:30:05.367000,VET,5,0 days 00:01:18.101000,42.0,6.0,,,17.046,36.764,24.291,0 days 01:29:04.312000,0 days 01:29:41.076000,0 days 01:30:05.367000,210.0,257.0,263.0,308.0,False,MEDIUM,27.0,False,Ferrari,0 days 01:28:47.266000,2018-07-20 14:24:47.286,1,,False,,False,True,78.101,78.101
112,0 days 01:31:30.060000,VET,5,0 days 00:01:24.693000,43.0,6.0,,0 days 01:31:27.527000,17.096,38.017,29.58,0 days 01:30:22.463000,0 days 01:31:00.480000,0 days 01:31:30.060000,209.0,253.0,,311.0,False,MEDIUM,28.0,False,Ferrari,0 days 01:30:05.367000,2018-07-20 14:26:05.387,1,,False,,False,False,84.693,84.693
113,0 days 01:33:11.366000,VET,5,0 days 00:01:41.306000,44.0,7.0,0 days 01:31:49.498000,,36.226,38.216,26.864,0 days 01:32:06.286000,0 days 01:32:44.502000,0 days 01:33:11.366000,187.0,251.0,263.0,305.0,False,ULTRASOFT,16.0,False,Ferrari,0 days 01:31:30.060000,2018-07-20 14:27:30.080,1,,False,,False,False,101.306,101.30600000000001
114,0 days 01:34:29.414000,VET,5,0 days 00:01:18.048000,45.0,7.0,,,17.023,36.879,24.146,0 days 01:33:28.389000,0 days 01:34:05.268000,0 days 01:34:29.414000,213.0,256.0,263.0,306.0,False,ULTRASOFT,17.0,False,Ferrari,0 days 01:33:11.366000,2018-07-20 14:29:11.386,1,,False,,False,True,78.048,78.048
115,0 days 01:36:09.211000,VET,5,0 days 00:01:39.797000,46.0,7.0,,0 days 01:36:06.689000,17.142,37.896,44.759,0 days 01:34:46.556000,0 days 01:35:24.452000,0 days 01:36:09.211000,210.0,255.0,,294.0,False,ULTRASOFT,18.0,False,Ferrari,0 days 01:34:29.414000,2018-07-20 14:30:29.434,15,,False,,False,False,99.797,99.797
116,0 days 00:14:47.651000,RAI,7,,1.0,1.0,0 days 00:13:19.439000,,,38.642,33.04,,0 days 00:14:17.772000,0 days 00:14:47.712000,197.0,241.0,271.0,297.0,False,SOFT,1.0,True,Ferrari,0 days 00:13:19.439000,2018-07-20 13:09:19.459,,,False,,False,False,,
117,0 days 00:16:14.453000,RAI,7,0 days 00:01:26.802000,2.0,1.0,,,17.565,41.149,28.088,0 days 00:15:05.216000,0 days 00:15:46.365000,0 days 00:16:14.453000,177.0,236.0,275.0,276.0,True,SOFT,2.0,True,Ferrari,0 days 00:14:47.651000,2018-07-20 13:10:47.671,,,False,,False,False,86.802,86.80199999999999
118,0 days 00:17:28.368000,RAI,7,0 days 00:01:13.915000,3.0,1.0,,,16.044,35.303,22.568,0 days 00:16:30.497000,0 days 00:17:05.800000,0 days 00:17:28.368000,218.0,267.0,274.0,322.0,True,SOFT,3.0,True,Ferrari,0 days 00:16:14.453000,2018-07-20 13:12:14.473,,,False,,False,False,73.915,73.91499999999999
119,0 days 00:19:03.243000,RAI,7,0 days 00:01:34.875000,4.0,1.0,,,20.68,44.746,29.449,0 days 00:17:49.048000,0 days 00:18:33.794000,0 days 00:19:03.243000,176.0,225.0,277.0,259.0,False,SOFT,4.0,True,Ferrari,0 days 00:17:28.368000,2018-07-20 13:13:28.388,,,False,,False,False,94.875,94.875
120,0 days 00:20:22.887000,RAI,7,0 days 00:01:19.644000,5.0,1.0,,,16.05,35.435,28.159,0 days 00:19:19.293000,0 days 00:19:54.728000,0 days 00:20:22.887000,219.0,261.0,182.0,325.0,False,SOFT,5.0,True,Ferrari,0 days 00:19:03.243000,2018-07-20 13:15:03.263,,,False,,False,False,79.644,79.644
121,0 days 00:22:02.514000,RAI,7,0 days 00:01:39.627000,6.0,1.0,,,23.718,47.486,28.423,0 days 00:20:46.605000,0 days 00:21:34.091000,0 days 00:22:02.514000,162.0,193.0,274.0,215.0,False,SOFT,6.0,True,Ferrari,0 days 00:20:22.887000,2018-07-20 13:16:22.907,,,False,,False,False,99.627,99.627
122,0 days 00:23:28.416000,RAI,7,0 days 00:01:25.902000,7.0,1.0,,0 days 00:23:25.861000,16.201,35.5,34.201,0 days 00:22:18.715000,0 days 00:22:54.215000,0 days 00:23:28.416000,217.0,235.0,,320.0,False,SOFT,7.0,True,Ferrari,0 days 00:22:02.514000,2018-07-20 13:18:02.534,,,False,,False,False,85.902,85.902
123,0 days 00:25:39.088000,RAI,7,0 days 00:02:10.672000,8.0,2.0,0 days 00:23:41.362000,0 days 00:25:36.558000,56.694,40.704,33.274,0 days 00:24:25.110000,0 days 00:25:05.814000,0 days 00:25:39.088000,215.0,214.0,,332.0,False,SOFT,8.0,False,Ferrari,0 days 00:23:28.416000,2018-07-20 13:19:28.436,,,False,,False,False,130.672,130.672
124,0 days 00:38:36.332000,RAI,7,,9.0,3.0,0 days 00:37:05.582000,,,41.909,31.746,,0 days 00:38:04.586000,0 days 00:38:36.432000,194.0,159.0,275.0,282.0,False,ULTRASOFT,1.0,True,Ferrari,0 days 00:25:39.088000,2018-07-20 13:21:39.108,21,,False,,False,False,,
125,0 days 00:39:49.759000,RAI,7,0 days 00:01:13.427000,10.0,3.0,,,15.914,34.994,22.519,0 days 00:38:52.246000,0 days 00:39:27.240000,0 days 00:39:49.759000,219.0,267.0,274.0,323.0,True,ULTRASOFT,2.0,True,Ferrari,0 days 00:38:36.332000,2018-07-20 13:34:36.352,1,,False,,False,True,73.427,73.42699999999999
126,0 days 00:41:30.790000,RAI,7,0 days 00:01:41.031000,11.0,3.0,,,23.144,46.758,31.129,0 days 00:40:12.903000,0 days 00:40:59.661000,0 days 00:41:30.790000,158.0,186.0,229.0,250.0,False,ULTRASOFT,3.0,True,Ferrari,0 days 00:39:49.759000,2018-07-20 13:35:49.779,1,,False,,False,True,101.031,101.031
127,0 days 00:43:08.463000,RAI,7,0 days 00:01:37.673000,12.0,3.0,,,21.289,46.99,29.394,0 days 00:41:52.079000,0 days 00:42:39.069000,0 days 00:43:08.463000,165.0,106.0,274.0,267.0,False,ULTRASOFT,4.0,True,Ferrari,0 days 00:41:30.790000,2018-07-20 13:37:30.810,1,,False,,False,True,97.673,97.673
128,0 days 00:44:22.424000,RAI,7,0 days 00:01:13.961000,13.0,3.0,,,16.036,35.312,22.613,0 days 00:43:24.499000,0 days 00:43:59.811000,0 days 00:44:22.424000,217.0,263.0,273.0,321.0,False,ULTRASOFT,5.0,True,Ferrari,0 days 00:43:08.463000,2018-07-20 13:39:08.483,1,,False,,False,True,73.961,73.961
129,0 days 00:46:00.798000,RAI,7,0 days 00:01:38.374000,14.0,3.0,,0 days 00:45:58.293000,22.497,42.233,33.644,0 days 00:44:44.921000,0 days 00:45:27.154000,0 days 00:46:00.798000,151.0,240.0,,290.0,False,ULTRASOFT,6.0,True,Ferrari,0 days 00:44:22.424000,2018-07-20 13:40:22.444,1,,False,,False,False,98.374,98.374
130,0 days 01:00:43.512000,RAI,7,,15.0,4.0,0 days 00:58:56.295000,0 days 01:00:40.990000,,37.95,32.967,,0 days 01:00:10.565000,0 days 01:00:44.085000,191.0,254.0,,300.0,False,ULTRASOFT,7.0,False,Ferrari,0 days 00:46:00.798000,2018-07-20 13:42:00.818,1,,False,,False,False,,
131,0 days 01:02:29.602000,RAI,7,0 days 00:01:46.090000,16.0,5.0,0 days 01:00:57.540000,,40.112,39.353,26.625,0 days 01:01:23.624000,0 days 01:02:02.977000,0 days 01:02:29.602000,189.0,247.0,259.0,316.0,False,ULTRASOFT,8.0,False,Ferrari,0 days 01:00:43.512000,2018-07-20 13:56:43.532,1,,False,,False,False,106.09,106.09
132,0 days 01:03:47.302000,RAI,7,0 days 00:01:17.700000,17.0,5.0,,,17.103,36.569,24.028,0 days 01:02:46.705000,0 days 01:03:23.274000,0 days 01:03:47.302000,212.0,254.0,261.0,304.0,False,ULTRASOFT,9.0,False,Ferrari,0 days 01:02:29.602000,2018-07-20 13:58:29.622,1,,False,,False,True,77.7,77.7
133,0 days 01:05:04.759000,RAI,7,0 days 00:01:17.457000,18.0,5.0,,,17.213,36.559,23.685,0 days 01:04:04.515000,0 days 01:04:41.074000,0 days 01:05:04.759000,209.0,255.0,262.0,324.0,False,ULTRASOFT,10.0,False,Ferrari,0 days 01:03:47.302000,2018-07-20 13:59:47.322,1,,False,,False,True,77.457,77.457
134,0 days 01:06:22.889000,RAI,7,0 days 00:01:18.130000,19.0,5.0,,,17.589,36.626,23.915,0 days 01:05:22.348000,0 days 01:05:58.974000,0 days 01:06:22.889000,211.0,254.0,262.0,330.0,False,ULTRASOFT,11.0,False,Ferrari,0 days 01:05:04.759000,2018-07-20 14:01:04.779,1,,False,,False,True,78.13,78.13
135,0 days 01:07:41.566000,RAI,7,0 days 00:01:18.677000,20.0,5.0,,,17.363,37.158,24.156,0 days 01:06:40.252000,0 days 01:07:17.410000,0 days 01:07:41.566000,209.0,251.0,261.0,304.0,False,ULTRASOFT,12.0,False,Ferrari,0 days 01:06:22.889000,2018-07-20 14:02:22.909,1,,False,,False,True,78.677,78.67699999999999
136,0 days 01:09:00.235000,RAI,7,0 days 00:01:18.669000,21.0,5.0,,,17.347,37.164,24.158,0 days 01:07:58.913000,0 days 01:08:36.077000,0 days 01:09:00.235000,209.0,253.0,262.0,306.0,False,ULTRASOFT,13.0,False,Ferrari,0 days 01:07:41.566000,2018-07-20 14:03:41.586,1,,False,,False,True,78.669,78.66900000000001
137,0 days 01:10:19.487000,RAI,7,0 days 00:01:19.252000,22.0,5.0,,,17.488,37.24,24.524,0 days 01:09:17.723000,0 days 01:09:54.963000,0 days 01:10:19.487000,208.0,253.0,261.0,319.0,False,ULTRASOFT,14.0,False,Ferrari,0 days 01:09:00.235000,2018-07-20 14:05:00.255,1,,False,,False,True,79.252,79.25200000000001
138,0 days 01:11:38.223000,RAI,7,0 days 00:01:18.736000,23.0,5.0,,,17.423,37.204,24.109,0 days 01:10:36.910000,0 days 01:11:14.114000,0 days 01:11:38.223000,211.0,254.0,262.0,300.0,False,ULTRASOFT,15.0,False,Ferrari,0 days 01:10:19.487000,2018-07-20 14:06:19.507,1,,False,,False,True,78.736,78.73599999999999
139,0 days 01:12:57.221000,RAI,7,0 days 00:01:18.998000,24.0,5.0,,,17.415,37.348,24.235,0 days 01:11:55.638000,0 days 01:12:32.986000,0 days 01:12:57.221000,208.0,253.0,260.0,301.0,False,ULTRASOFT,16.0,False,Ferrari,0 days 01:11:38.223000,2018-07-20 14:07:38.243,1,,False,,False,True,78.998,78.99799999999999
140,0 days 01:14:16.545000,RAI,7,0 days 00:01:19.324000,25.0,5.0,,,17.557,37.319,24.448,0 days 01:13:14.778000,0 days 01:13:52.097000,0 days 01:14:16.545000,208.0,252.0,259.0,306.0,False,ULTRASOFT,17.0,False,Ferrari,0 days 01:12:57.221000,2018-07-20 14:08:57.241,12,,False,,False,True,79.324,79.32400000000001
141,0 days 01:15:35.259000,RAI,7,0 days 00:01:18.714000,26.0,5.0,,,17.343,37.23,24.141,0 days 01:14:33.888000,0 days 01:15:11.118000,0 days 01:15:35.259000,210.0,253.0,262.0,304.0,False,ULTRASOFT,18.0,False,Ferrari,0 days 01:14:16.545000,2018-07-20 14:10:16.565,1,,False,,False,True,78.714,78.714
142,0 days 01:16:53.838000,RAI,7,0 days 00:01:18.579000,27.0,5.0,,,17.378,36.918,24.283,0 days 01:15:52.637000,0 days 01:16:29.555000,0 days 01:16:53.838000,209.0,253.0,260.0,313.0,False,ULTRASOFT,19.0,False,Ferrari,0 days 01:15:35.259000,2018-07-20 14:11:35.279,1,,False,,False,True,78.579,78.57900000000001
143,0 days 01:18:13.027000,RAI,7,0 days 00:01:19.189000,28.0,5.0,,,17.285,37.506,24.398,0 days 01:17:11.123000,0 days 01:17:48.629000,0 days 01:18:13.027000,207.0,251.0,257.0,302.0,False,ULTRASOFT,20.0,False,Ferrari,0 days 01:16:53.838000,2018-07-20 14:12:53.858,1,,False,,False,True,79.189,79.189
144,0 days 01:19:37.035000,RAI,7,0 days 00:01:24.008000,29.0,5.0,,0 days 01:19:34.534000,17.55,37.764,28.694,0 days 01:18:30.577000,0 days 01:19:08.341000,0 days 01:19:37.035000,209.0,249.0,,303.0,False,ULTRASOFT,21.0,False,Ferrari,0 days 01:18:13.027000,2018-07-20 14:14:13.047,1,,False,,False,False,84.008,84.00800000000001
145,0 days 01:21:11.217000,RAI,7,0 days 00:01:34.182000,30.0,6.0,0 days 01:19:55.254000,,33.464,36.705,24.013,0 days 01:20:10.499000,0 days 01:20:47.204000,0 days 01:21:11.217000,212.0,255.0,261.0,320.0,False,SOFT,9.0,False,Ferrari,0 days 01:19:37.035000,2018-07-20 14:15:37.055,1,,False,,False,False,94.182,94.182
146,0 days 01:22:29.170000,RAI,7,0 days 00:01:17.953000,31.0,6.0,,,17.001,36.977,23.975,0 days 01:21:28.218000,0 days 01:22:05.195000,0 days 01:22:29.170000,213.0,253.0,264.0,307.0,False,SOFT,10.0,False,Ferrari,0 days 01:21:11.217000,2018-07-20 14:17:11.237,1,,False,,False,True,77.953,77.953
147,0 days 01:23:47.821000,RAI,7,0 days 00:01:18.651000,32.0,6.0,,,17.238,36.64,24.773,0 days 01:22:46.408000,0 days 01:23:23.048000,0 days 01:23:47.821000,208.0,255.0,264.0,330.0,False,SOFT,11.0,False,Ferrari,0 days 01:22:29.170000,2018-07-20 14:18:29.190,1,,False,,False,True,78.651,78.651
148,0 days 01:25:07.314000,RAI,7,0 days 00:01:19.493000,33.0,6.0,,,17.355,37.114,25.024,0 days 01:24:05.176000,0 days 01:24:42.290000,0 days 01:25:07.314000,213.0,254.0,267.0,345.0,False,SOFT,12.0,False,Ferrari,0 days 01:23:47.821000,2018-07-20 14:19:47.841,1,,False,,False,True,79.493,79.493
149,0 days 01:26:25.432000,RAI,7,0 days 00:01:18.118000,34.0,6.0,,,17.433,36.487,24.198,0 days 01:25:24.747000,0 days 01:26:01.234000,0 days 01:26:25.432000,211.0,256.0,261.0,331.0,False,SOFT,13.0,False,Ferrari,0 days 01:25:07.314000,2018-07-20 14:21:07.334,1,,False,,False,True,78.118,78.118
150,0 days 01:27:44.561000,RAI,7,0 days 00:01:19.129000,35.0,6.0,,,17.26,37.29,24.579,0 days 01:26:42.692000,0 days 01:27:19.982000,0 days 01:27:44.561000,211.0,255.0,261.0,307.0,False,SOFT,14.0,False,Ferrari,0 days 01:26:25.432000,2018-07-20 14:22:25.452,1,,False,,False,True,79.129,79.12899999999999
151,0 days 01:29:03.595000,RAI,7,0 days 00:01:19.034000,36.0,6.0,,,17.342,37.138,24.554,0 days 01:28:01.903000,0 days 01:28:39.041000,0 days 01:29:03.595000,210.0,255.0,267.0,319.0,False,SOFT,15.0,False,Ferrari,0 days 01:27:44.561000,2018-07-20 14:23:44.581,1,,False,,False,True,79.034,79.03399999999999
152,0 days 01:30:21.980000,RAI,7,0 days 00:01:18.385000,37.0,6.0,,,17.398,36.726,24.261,0 days 01:29:20.993000,0 days 01:29:57.719000,0 days 01:30:21.980000,214.0,251.0,261.0,325.0,False,SOFT,16.0,False,Ferrari,0 days 01:29:03.595000,2018-07-20 14:25:03.615,1,,False,,False,True,78.385,78.38499999999999
153,0 days 01:31:40.328000,RAI,7,0 days 00:01:18.348000,38.0,6.0,,,17.283,37.069,23.996,0 days 01:30:39.263000,0 days 01:31:16.332000,0 days 01:31:40.328000,211.0,255.0,264.0,307.0,False,SOFT,17.0,False,Ferrari,0 days 01:30:21.980000,2018-07-20 14:26:22.000,1,,False,,False,True,78.348,78.348
154,0 days 01:32:58.801000,RAI,7,0 days 00:01:18.473000,39.0,6.0,,,17.384,37.054,24.035,0 days 01:31:57.712000,0 days 01:32:34.766000,0 days 01:32:58.801000,210.0,255.0,262.0,329.0,False,SOFT,18.0,False,Ferrari,0 days 01:31:40.328000,2018-07-20 14:27:40.348,1,,False,,False,True,78.473,78.473
155,0 days 01:34:16.973000,RAI,7,0 days 00:01:18.172000,40.0,6.0,,,17.056,37.095,24.021,0 days 01:33:15.857000,0 days 01:33:52.952000,0 days 01:34:16.973000,212.0,255.0,261.0,302.0,False,SOFT,19.0,False,Ferrari,0 days 01:32:58.801000,2018-07-20 14:28:58.821,1,,False,,False,True,78.172,78.172
156,0 days 01:35:49.341000,RAI,7,0 days 00:01:32.368000,41.0,6.0,,0 days 01:35:46.828000,18.433,38.451,35.484,0 days 01:34:35.406000,0 days 01:35:13.857000,0 days 01:35:49.341000,205.0,244.0,,306.0,False,SOFT,20.0,False,Ferrari,0 days 01:34:16.973000,2018-07-20 14:30:16.993,15,,False,,False,False,92.368,92.368
157,0 days 00:09:39.401000,GRO,8,,1.0,1.0,0 days 00:08:01.166000,,,45.413,27.704,,0 days 00:09:11.736000,0 days 00:09:39.485000,164.0,150.0,272.0,278.0,False,MEDIUM,1.0,True,Haas F1 Team,0 days 00:08:01.166000,2018-07-20 13:04:01.186,,,False,,False,False,,
158,0 days 00:10:55.146000,GRO,8,0 days 00:01:15.745000,2.0,1.0,,,16.884,35.902,22.959,0 days 00:09:56.285000,0 days 00:10:32.187000,0 days 00:10:55.146000,214.0,260.0,271.0,320.0,True,MEDIUM,2.0,True,Haas F1 Team,0 days 00:09:39.401000,2018-07-20 13:05:39.421,,,False,,False,False,75.745,75.745
159,0 days 00:12:50.245000,GRO,8,0 days 00:01:55.099000,3.0,1.0,,,21.978,54.366,38.755,0 days 00:11:17.124000,0 days 00:12:11.490000,0 days 00:12:50.245000,153.0,158.0,271.0,173.0,False,MEDIUM,3.0,True,Haas F1 Team,0 days 00:10:55.146000,2018-07-20 13:06:55.166,,,False,,False,False,115.099,115.09899999999999
160,0 days 00:14:05.542000,GRO,8,0 days 00:01:15.297000,4.0,1.0,,,16.478,35.667,23.152,0 days 00:13:06.723000,0 days 00:13:42.390000,0 days 00:14:05.542000,215.0,264.0,275.0,319.0,True,MEDIUM,4.0,True,Haas F1 Team,0 days 00:12:50.245000,2018-07-20 13:08:50.265,,,False,,False,False,75.297,75.297
161,0 days 00:16:20.030000,GRO,8,0 days 00:02:14.488000,5.0,1.0,,,22.177,63.692,48.619,0 days 00:14:27.719000,0 days 00:15:31.411000,0 days 00:16:20.030000,145.0,145.0,268.0,184.0,False,MEDIUM,5.0,True,Haas F1 Team,0 days 00:14:05.542000,2018-07-20 13:10:05.562,,,False,,False,False,134.488,134.488
162,0 days 00:17:35.504000,GRO,8,0 days 00:01:15.474000,6.0,1.0,,,16.471,35.61,23.393,0 days 00:16:36.501000,0 days 00:17:12.111000,0 days 00:17:35.504000,216.0,265.0,274.0,322.0,False,MEDIUM,6.0,True,Haas F1 Team,0 days 00:16:20.030000,2018-07-20 13:12:20.050,,,False,,False,False,75.474,75.474
163,0 days 00:19:33.401000,GRO,8,0 days 00:01:57.897000,7.0,1.0,,,21.744,55.428,40.725,0 days 00:17:57.248000,0 days 00:18:52.676000,0 days 00:19:33.401000,130.0,120.0,271.0,192.0,False,MEDIUM,7.0,True,Haas F1 Team,0 days 00:17:35.504000,2018-07-20 13:13:35.524,,,False,,False,False,117.897,117.89699999999999
164,0 days 00:20:48.806000,GRO,8,0 days 00:01:15.405000,8.0,1.0,,,16.444,35.699,23.262,0 days 00:19:49.845000,0 days 00:20:25.544000,0 days 00:20:48.806000,215.0,262.0,273.0,319.0,False,MEDIUM,8.0,True,Haas F1 Team,0 days 00:19:33.401000,2018-07-20 13:15:33.421,,,False,,False,False,75.405,75.405
165,0 days 00:22:24.272000,GRO,8,0 days 00:01:35.466000,9.0,1.0,,0 days 00:22:21.730000,19.988,47.422,28.056,0 days 00:21:08.794000,0 days 00:21:56.216000,0 days 00:22:24.272000,154.0,235.0,,198.0,False,MEDIUM,9.0,True,Haas F1 Team,0 days 00:20:48.806000,2018-07-20 13:16:48.826,,,False,,False,False,95.466,95.466
166,0 days 00:44:33.018000,GRO,8,,10.0,2.0,0 days 00:42:57.874000,,,47.86,29.015,,0 days 00:44:04.035000,0 days 00:44:33.101000,163.0,209.0,273.0,293.0,False,ULTRASOFT,1.0,True,Haas F1 Team,0 days 00:22:24.272000,2018-07-20 13:18:24.292,21,,False,,False,False,,
167,0 days 00:45:46.991000,GRO,8,0 days 00:01:13.973000,11.0,2.0,,,16.054,35.294,22.625,0 days 00:44:49.072000,0 days 00:45:24.366000,0 days 00:45:46.991000,216.0,264.0,274.0,323.0,True,ULTRASOFT,2.0,True,Haas F1 Team,0 days 00:44:33.018000,2018-07-20 13:40:33.038,1,,False,,False,True,73.973,73.973
168,0 days 00:47:56.097000,GRO,8,0 days 00:02:09.106000,12.0,2.0,,,23.725,66.585,38.796,0 days 00:46:10.716000,0 days 00:47:17.301000,0 days 00:47:56.097000,134.0,87.0,271.0,171.0,False,ULTRASOFT,3.0,True,Haas F1 Team,0 days 00:45:46.991000,2018-07-20 13:41:47.011,1,,False,,False,True,129.106,129.106
169,0 days 00:49:10.267000,GRO,8,0 days 00:01:14.170000,13.0,2.0,,,16.17,35.287,22.713,0 days 00:48:12.267000,0 days 00:48:47.554000,0 days 00:49:10.267000,214.0,262.0,272.0,324.0,False,ULTRASOFT,4.0,True,Haas F1 Team,0 days 00:47:56.097000,2018-07-20 13:43:56.117,1,,False,,False,True,74.17,74.17
170,0 days 00:50:56.126000,GRO,8,0 days 00:01:45.859000,14.0,2.0,,0 days 00:50:53.599000,24.089,49.308,32.462,0 days 00:49:34.356000,0 days 00:50:23.664000,0 days 00:50:56.126000,134.0,223.0,,198.0,False,ULTRASOFT,5.0,True,Haas F1 Team,0 days 00:49:10.267000,2018-07-20 13:45:10.287,1,,False,,False,False,105.859,105.859
171,0 days 01:09:39.122000,GRO,8,,15.0,3.0,0 days 01:08:13.308000,,,43.316,24.602,,0 days 01:09:14.553000,0 days 01:09:39.227000,181.0,250.0,259.0,247.0,False,ULTRASOFT,6.0,False,Haas F1 Team,0 days 00:50:56.126000,2018-07-20 13:46:56.146,1,,False,,False,False,,
172,0 days 01:10:58.198000,GRO,8,0 days 00:01:19.076000,16.0,3.0,,,17.281,37.221,24.574,0 days 01:09:56.403000,0 days 01:10:33.624000,0 days 01:10:58.198000,205.0,254.0,260.0,299.0,False,ULTRASOFT,7.0,False,Haas F1 Team,0 days 01:09:39.122000,2018-07-20 14:05:39.142,1,,False,,False,True,79.076,79.076
173,0 days 01:12:17.399000,GRO,8,0 days 00:01:19.201000,17.0,3.0,,,17.579,37.302,24.32,0 days 01:11:15.777000,0 days 01:11:53.079000,0 days 01:12:17.399000,204.0,253.0,258.0,301.0,False,ULTRASOFT,8.0,False,Haas F1 Team,0 days 01:10:58.198000,2018-07-20 14:06:58.218,1,,False,,False,True,79.201,79.201
174,0 days 01:13:37.118000,GRO,8,0 days 00:01:19.719000,18.0,3.0,,,17.48,37.596,24.643,0 days 01:12:34.879000,0 days 01:13:12.475000,0 days 01:13:37.118000,203.0,251.0,258.0,302.0,False,ULTRASOFT,9.0,False,Haas F1 Team,0 days 01:12:17.399000,2018-07-20 14:08:17.419,1,,False,,False,True,79.719,79.719
175,0 days 01:14:58.276000,GRO,8,0 days 00:01:21.158000,19.0,3.0,,,17.548,38.437,25.173,0 days 01:13:54.666000,0 days 01:14:33.103000,0 days 01:14:58.276000,206.0,248.0,259.0,308.0,False,ULTRASOFT,10.0,False,Haas F1 Team,0 days 01:13:37.118000,2018-07-20 14:09:37.138,12,,False,,False,True,81.158,81.158
176,0 days 01:16:18.366000,GRO,8,0 days 00:01:20.090000,20.0,3.0,,,17.63,37.749,24.711,0 days 01:15:15.906000,0 days 01:15:53.655000,0 days 01:16:18.366000,204.0,249.0,260.0,307.0,False,ULTRASOFT,11.0,False,Haas F1 Team,0 days 01:14:58.276000,2018-07-20 14:10:58.296,1,,False,,False,True,80.09,80.09
177,0 days 01:17:38.474000,GRO,8,0 days 00:01:20.108000,21.0,3.0,,,17.677,37.728,24.703,0 days 01:16:36.043000,0 days 01:17:13.771000,0 days 01:17:38.474000,200.0,251.0,257.0,305.0,False,ULTRASOFT,12.0,False,Haas F1 Team,0 days 01:16:18.366000,2018-07-20 14:12:18.386,1,,False,,False,True,80.108,80.108
178,0 days 01:18:58.243000,GRO,8,0 days 00:01:19.769000,22.0,3.0,,,17.615,37.521,24.633,0 days 01:17:56.089000,0 days 01:18:33.610000,0 days 01:18:58.243000,203.0,251.0,260.0,303.0,False,ULTRASOFT,13.0,False,Haas F1 Team,0 days 01:17:38.474000,2018-07-20 14:13:38.494,1,,False,,False,True,79.769,79.76899999999999
179,0 days 01:20:26.414000,GRO,8,0 days 00:01:28.171000,23.0,3.0,,0 days 01:20:23.900000,17.645,39.971,30.555,0 days 01:19:15.888000,0 days 01:19:55.859000,0 days 01:20:26.414000,198.0,124.0,,322.0,False,ULTRASOFT,14.0,False,Haas F1 Team,0 days 01:18:58.243000,2018-07-20 14:14:58.263,1,,False,,False,False,88.171,88.17099999999999
180,0 days 01:22:02.290000,GRO,8,0 days 00:01:35.876000,24.0,4.0,0 days 01:20:44.401000,,33.874,37.39,24.612,0 days 01:21:00.288000,0 days 01:21:37.678000,0 days 01:22:02.290000,203.0,254.0,259.0,304.0,False,MEDIUM,10.0,False,Haas F1 Team,0 days 01:20:26.414000,2018-07-20 14:16:26.434,1,,False,,False,False,95.876,95.876
181,0 days 01:23:21.883000,GRO,8,0 days 00:01:19.593000,25.0,4.0,,,17.468,37.36,24.765,0 days 01:22:19.758000,0 days 01:22:57.118000,0 days 01:23:21.883000,205.0,254.0,260.0,306.0,False,MEDIUM,11.0,False,Haas F1 Team,0 days 01:22:02.290000,2018-07-20 14:18:02.310,1,,False,,False,True,79.593,79.593
182,0 days 01:24:41.467000,GRO,8,0 days 00:01:19.584000,26.0,4.0,,,17.58,37.374,24.63,0 days 01:23:39.463000,0 days 01:24:16.837000,0 days 01:24:41.467000,203.0,254.0,260.0,305.0,False,MEDIUM,12.0,False,Haas F1 Team,0 days 01:23:21.883000,2018-07-20 14:19:21.903,1,,False,,False,True,79.584,79.584
183,0 days 01:26:01.055000,GRO,8,0 days 00:01:19.588000,27.0,4.0,,,17.335,37.621,24.632,0 days 01:24:58.802000,0 days 01:25:36.423000,0 days 01:26:01.055000,202.0,253.0,261.0,304.0,False,MEDIUM,13.0,False,Haas F1 Team,0 days 01:24:41.467000,2018-07-20 14:20:41.487,1,,False,,False,True,79.588,79.58800000000001
184,0 days 01:27:20.989000,GRO,8,0 days 00:01:19.934000,28.0,4.0,,,17.497,37.624,24.813,0 days 01:26:18.552000,0 days 01:26:56.176000,0 days 01:27:20.989000,202.0,253.0,258.0,304.0,False,MEDIUM,14.0,False,Haas F1 Team,0 days 01:26:01.055000,2018-07-20 14:22:01.075,1,,False,,False,True,79.934,79.934
185,0 days 01:28:41.352000,GRO,8,0 days 00:01:20.363000,29.0,4.0,,,17.746,37.857,24.76,0 days 01:27:38.735000,0 days 01:28:16.592000,0 days 01:28:41.352000,202.0,252.0,257.0,302.0,False,MEDIUM,15.0,False,Haas F1 Team,0 days 01:27:20.989000,2018-07-20 14:23:21.009,1,,False,,False,True,80.363,80.363
186,0 days 01:30:02.404000,GRO,8,0 days 00:01:21.052000,30.0,4.0,,,17.47,38.405,25.177,0 days 01:28:58.822000,0 days 01:29:37.227000,0 days 01:30:02.404000,202.0,250.0,259.0,303.0,False,MEDIUM,16.0,False,Haas F1 Team,0 days 01:28:41.352000,2018-07-20 14:24:41.372,1,,False,,False,True,81.052,81.05199999999999
187,0 days 01:31:22.736000,GRO,8,0 days 00:01:20.332000,31.0,4.0,,,17.772,37.832,24.728,0 days 01:30:20.176000,0 days 01:30:58.008000,0 days 01:31:22.736000,198.0,253.0,260.0,308.0,False,MEDIUM,17.0,False,Haas F1 Team,0 days 01:30:02.404000,2018-07-20 14:26:02.424,1,,False,,False,True,80.332,80.332
188,0 days 01:32:42.477000,GRO,8,0 days 00:01:19.741000,32.0,4.0,,,17.481,37.676,24.584,0 days 01:31:40.217000,0 days 01:32:17.893000,0 days 01:32:42.477000,205.0,252.0,260.0,306.0,False,MEDIUM,18.0,False,Haas F1 Team,0 days 01:31:22.736000,2018-07-20 14:27:22.756,1,,False,,False,True,79.741,79.741
189,0 days 01:34:03.838000,GRO,8,0 days 00:01:21.361000,33.0,4.0,,,18.544,37.84,24.977,0 days 01:33:01.021000,0 days 01:33:38.861000,0 days 01:34:03.838000,197.0,252.0,260.0,302.0,False,MEDIUM,19.0,False,Haas F1 Team,0 days 01:32:42.477000,2018-07-20 14:28:42.497,1,,False,,False,True,81.361,81.361
190,0 days 01:35:37.191000,GRO,8,0 days 00:01:33.353000,34.0,4.0,,0 days 01:35:34.686000,17.542,46.711,29.1,0 days 01:34:21.380000,0 days 01:35:08.091000,0 days 01:35:37.191000,203.0,249.0,,198.0,False,MEDIUM,20.0,False,Haas F1 Team,0 days 01:34:03.838000,2018-07-20 14:30:03.858,15,,False,,False,False,93.353,93.35300000000001
191,0 days 00:09:03.093000,ERI,9,,1.0,1.0,0 days 00:07:22.290000,,,49.766,31.41,,0 days 00:08:31.701000,0 days 00:09:03.174000,140.0,203.0,267.0,271.0,False,SOFT,1.0,True,Sauber,0 days 00:07:22.290000,2018-07-20 13:03:22.310,,,False,,False,False,,
192,0 days 00:10:19.834000,ERI,9,0 days 00:01:16.741000,2.0,1.0,,,16.952,36.288,23.501,0 days 00:09:20.045000,0 days 00:09:56.333000,0 days 00:10:19.834000,212.0,260.0,272.0,320.0,True,SOFT,2.0,True,Sauber,0 days 00:09:03.093000,2018-07-20 13:05:03.113,,,False,,False,False,76.741,76.741
193,0 days 00:12:31.425000,ERI,9,0 days 00:02:11.591000,3.0,1.0,,,30.922,66.601,34.068,0 days 00:10:50.756000,0 days 00:11:57.357000,0 days 00:12:31.425000,111.0,99.0,270.0,228.0,False,SOFT,3.0,True,Sauber,0 days 00:10:19.834000,2018-07-20 13:06:19.854,,,False,,False,False,131.591,131.591
194,0 days 00:13:47.259000,ERI,9,0 days 00:01:15.834000,4.0,1.0,,,16.47,35.972,23.392,0 days 00:12:47.895000,0 days 00:13:23.867000,0 days 00:13:47.259000,211.0,261.0,276.0,318.0,True,SOFT,4.0,True,Sauber,0 days 00:12:31.425000,2018-07-20 13:08:31.445,,,False,,False,False,75.834,75.834
195,0 days 00:16:23.194000,ERI,9,,5.0,1.0,,,31.109,80.534,44.275,0 days 00:14:18.562000,0 days 00:15:38.934000,0 days 00:16:23.266000,94.0,173.0,264.0,170.0,False,SOFT,5.0,True,Sauber,0 days 00:13:47.259000,2018-07-20 13:09:47.279,,,False,,False,False,,155.918
196,0 days 00:18:02.850000,ERI,9,0 days 00:01:39.656000,6.0,1.0,,,19.541,45.74,34.375,0 days 00:16:42.735000,0 days 00:17:28.475000,0 days 00:18:02.850000,174.0,211.0,270.0,292.0,False,SOFT,6.0,True,Sauber,0 days 00:16:23.194000,2018-07-20 13:12:23.214,,,False,,False,False,99.656,99.656
197,0 days 00:19:19.503000,ERI,9,0 days 00:01:16.653000,7.0,1.0,,,16.284,36.018,24.351,0 days 00:18:19.134000,0 days 00:18:55.152000,0 days 00:19:19.503000,213.0,258.0,264.0,317.0,False,SOFT,7.0,True,Sauber,0 days 00:18:02.850000,2018-07-20 13:14:02.870,,,False,,False,False,76.653,76.65299999999999
198,0 days 00:21:29.619000,ERI,9,0 days 00:02:10.116000,8.0,1.0,,,28.408,67.066,34.642,0 days 00:19:47.911000,0 days 00:20:54.977000,0 days 00:21:29.619000,102.0,168.0,268.0,136.0,False,SOFT,8.0,True,Sauber,0 days 00:19:19.503000,2018-07-20 13:15:19.523,,,False,,False,False,130.116,130.116
199,0 days 00:22:45.302000,ERI,9,0 days 00:01:15.683000,9.0,1.0,,,16.531,35.877,23.275,0 days 00:21:46.150000,0 days 00:22:22.027000,0 days 00:22:45.302000,215.0,262.0,270.0,319.0,True,SOFT,9.0,True,Sauber,0 days 00:21:29.619000,2018-07-20 13:17:29.639,,,False,,False,False,75.683,75.68299999999999
200,0 days 00:24:12.573000,ERI,9,0 days 00:01:27.271000,10.0,1.0,,0 days 00:24:10.145000,20.025,38.411,28.835,0 days 00:23:05.327000,0 days 00:23:43.738000,0 days 00:24:12.573000,197.0,241.0,,292.0,False,SOFT,10.0,True,Sauber,0 days 00:22:45.302000,2018-07-20 13:18:45.322,,,False,,False,False,87.271,87.271
201,0 days 00:37:23.885000,ERI,9,,11.0,2.0,0 days 00:35:26.903000,,,62.391,33.84,,0 days 00:36:50.047000,0 days 00:37:23.975000,119.0,137.0,271.0,254.0,False,ULTRASOFT,1.0,True,Sauber,0 days 00:24:12.573000,2018-07-20 13:20:12.593,21,,False,,False,False,,
202,0 days 00:38:38.963000,ERI,9,0 days 00:01:15.078000,12.0,2.0,,,16.186,35.688,23.204,0 days 00:37:40.071000,0 days 00:38:15.759000,0 days 00:38:38.963000,216.0,262.0,271.0,318.0,True,ULTRASOFT,2.0,True,Sauber,0 days 00:37:23.885000,2018-07-20 13:33:23.905,1,,False,,False,True,75.078,75.078
203,0 days 00:41:08.520000,ERI,9,0 days 00:02:29.557000,13.0,2.0,,,35.227,81.297,33.033,0 days 00:39:14.190000,0 days 00:40:35.487000,0 days 00:41:08.520000,65.0,204.0,271.0,208.0,False,ULTRASOFT,3.0,True,Sauber,0 days 00:38:38.963000,2018-07-20 13:34:38.983,1,,False,,False,True,149.557,149.55700000000002
204,0 days 00:42:23.303000,ERI,9,0 days 00:01:14.783000,14.0,2.0,,,16.282,35.48,23.021,0 days 00:41:24.802000,0 days 00:42:00.282000,0 days 00:42:23.303000,213.0,261.0,272.0,318.0,True,ULTRASOFT,4.0,True,Sauber,0 days 00:41:08.520000,2018-07-20 13:37:08.540,1,,False,,False,True,74.783,74.783
205,0 days 00:44:55.627000,ERI,9,,15.0,2.0,,,35.369,82.664,34.287,0 days 00:42:58.750000,0 days 00:44:21.350000,0 days 00:44:55.712000,89.0,163.0,271.0,145.0,False,ULTRASOFT,5.0,True,Sauber,0 days 00:42:23.303000,2018-07-20 13:38:23.323,1,,False,,False,False,,152.32
206,0 days 00:46:34.788000,ERI,9,0 days 00:01:39.161000,16.0,2.0,,,16.157,43.839,39.165,0 days 00:45:11.784000,0 days 00:45:55.623000,0 days 00:46:34.788000,213.0,61.0,232.0,319.0,False,ULTRASOFT,6.0,True,Sauber,0 days 00:44:55.627000,2018-07-20 13:40:55.647,1,,False,,False,True,99.161,99.161
207,0 days 00:49:01.177000,ERI,9,0 days 00:02:26.389000,17.0,2.0,,,29.437,78.205,38.747,0 days 00:47:04.225000,0 days 00:48:22.430000,0 days 00:49:01.177000,96.0,183.0,271.0,157.0,False,ULTRASOFT,7.0,True,Sauber,0 days 00:46:34.788000,2018-07-20 13:42:34.808,1,,False,,False,True,146.389,146.389
208,0 days 00:50:28.977000,ERI,9,0 days 00:01:27.800000,18.0,2.0,,0 days 00:50:26.541000,19.491,39.525,28.784,0 days 00:49:20.668000,0 days 00:50:00.193000,0 days 00:50:28.977000,171.0,241.0,,297.0,False,ULTRASOFT,8.0,True,Sauber,0 days 00:49:01.177000,2018-07-20 13:45:01.197,1,,False,,False,False,87.8,87.8
209,0 days 01:05:10.955000,ERI,9,,19.0,3.0,0 days 01:03:42.395000,,,38.016,25.055,,0 days 01:04:45.900000,0 days 01:05:11.028000,196.0,253.0,260.0,306.0,False,ULTRASOFT,9.0,False,Sauber,0 days 00:50:28.977000,2018-07-20 13:46:28.997,1,,False,,False,False,,
210,0 days 01:06:30.874000,ERI,9,0 days 00:01:19.919000,20.0,3.0,,,17.468,37.53,24.921,0 days 01:05:28.423000,0 days 01:06:05.953000,0 days 01:06:30.874000,206.0,253.0,261.0,303.0,False,ULTRASOFT,10.0,False,Sauber,0 days 01:05:10.955000,2018-07-20 14:01:10.975,1,,False,,False,True,79.919,79.91900000000001
211,0 days 01:07:51.389000,ERI,9,0 days 00:01:20.515000,21.0,3.0,,,18.114,37.465,24.936,0 days 01:06:48.988000,0 days 01:07:26.453000,0 days 01:07:51.389000,204.0,252.0,259.0,305.0,False,ULTRASOFT,11.0,False,Sauber,0 days 01:06:30.874000,2018-07-20 14:02:30.894,1,,False,,False,True,80.515,80.51500000000001
212,0 days 01:09:11.491000,ERI,9,0 days 00:01:20.102000,22.0,3.0,,,17.464,37.463,25.175,0 days 01:08:08.853000,0 days 01:08:46.316000,0 days 01:09:11.491000,207.0,252.0,260.0,308.0,False,ULTRASOFT,12.0,False,Sauber,0 days 01:07:51.389000,2018-07-20 14:03:51.409,1,,False,,False,True,80.102,80.102
213,0 days 01:10:31.860000,ERI,9,0 days 00:01:20.369000,23.0,3.0,,,17.575,37.777,25.017,0 days 01:09:29.066000,0 days 01:10:06.843000,0 days 01:10:31.860000,202.0,251.0,261.0,305.0,False,ULTRASOFT,13.0,False,Sauber,0 days 01:09:11.491000,2018-07-20 14:05:11.511,1,,False,,False,True,80.369,80.369
214,0 days 01:11:51.924000,ERI,9,0 days 00:01:20.064000,24.0,3.0,,,17.465,37.619,24.98,0 days 01:10:49.325000,0 days 01:11:26.944000,0 days 01:11:51.924000,208.0,252.0,259.0,305.0,False,ULTRASOFT,14.0,False,Sauber,0 days 01:10:31.860000,2018-07-20 14:06:31.880,1,,False,,False,True,80.064,80.06400000000001
215,0 days 01:13:18.574000,ERI,9,0 days 00:01:26.650000,25.0,3.0,,0 days 01:13:16.159000,17.539,,,0 days 01:12:09.463000,,,200.0,252.0,,306.0,False,ULTRASOFT,15.0,False,Sauber,0 days 01:11:51.924000,2018-07-20 14:07:51.944,1,,False,,False,False,86.65,
216,0 days 01:20:17.569000,ERI,9,,26.0,4.0,0 days 01:18:58.264000,,,37.744,24.851,,0 days 01:19:52.754000,0 days 01:20:17.662000,195.0,249.0,260.0,309.0,False,SOFT,11.0,False,Sauber,0 days 01:13:18.574000,2018-07-20 14:09:18.594,12,,False,,False,False,,
217,0 days 01:21:37.073000,ERI,9,0 days 00:01:19.504000,27.0,4.0,,,17.534,37.355,24.615,0 days 01:20:35.103000,0 days 01:21:12.458000,0 days 01:21:37.073000,209.0,253.0,259.0,305.0,False,SOFT,12.0,False,Sauber,0 days 01:20:17.569000,2018-07-20 14:16:17.589,1,,False,,False,True,79.504,79.50399999999999
218,0 days 01:22:56.232000,ERI,9,0 days 00:01:19.159000,28.0,4.0,,,17.441,37.222,24.496,0 days 01:21:54.514000,0 days 01:22:31.736000,0 days 01:22:56.232000,209.0,253.0,260.0,308.0,False,SOFT,13.0,False,Sauber,0 days 01:21:37.073000,2018-07-20 14:17:37.093,1,,False,,False,True,79.159,79.15899999999999
219,0 days 01:24:15.678000,ERI,9,0 days 00:01:19.446000,29.0,4.0,,,17.476,37.274,24.696,0 days 01:23:13.708000,0 days 01:23:50.982000,0 days 01:24:15.678000,201.0,253.0,260.0,306.0,False,SOFT,14.0,False,Sauber,0 days 01:22:56.232000,2018-07-20 14:18:56.252,1,,False,,False,True,79.446,79.446
220,0 days 01:25:35.110000,ERI,9,0 days 00:01:19.432000,30.0,4.0,,,17.424,37.276,24.732,0 days 01:24:33.102000,0 days 01:25:10.378000,0 days 01:25:35.110000,205.0,252.0,261.0,309.0,False,SOFT,15.0,False,Sauber,0 days 01:24:15.678000,2018-07-20 14:20:15.698,1,,False,,False,True,79.432,79.432
221,0 days 01:26:56.288000,ERI,9,0 days 00:01:21.178000,31.0,4.0,,,17.552,38.408,25.218,0 days 01:25:52.662000,0 days 01:26:31.070000,0 days 01:26:56.288000,207.0,252.0,261.0,305.0,False,SOFT,16.0,False,Sauber,0 days 01:25:35.110000,2018-07-20 14:21:35.130,1,,False,,False,True,81.178,81.178
222,0 days 01:28:16.771000,ERI,9,0 days 00:01:20.483000,32.0,4.0,,,17.671,37.517,25.295,0 days 01:27:13.959000,0 days 01:27:51.476000,0 days 01:28:16.771000,207.0,252.0,261.0,308.0,False,SOFT,17.0,False,Sauber,0 days 01:26:56.288000,2018-07-20 14:22:56.308,1,,False,,False,True,80.483,80.483
223,0 days 01:29:38.895000,ERI,9,0 days 00:01:22.124000,33.0,4.0,,,17.627,37.46,27.037,0 days 01:28:34.398000,0 days 01:29:11.858000,0 days 01:29:38.895000,205.0,251.0,258.0,310.0,False,SOFT,18.0,False,Sauber,0 days 01:28:16.771000,2018-07-20 14:24:16.791,1,,False,,False,True,82.124,82.124
224,0 days 01:30:59.819000,ERI,9,0 days 00:01:20.924000,34.0,4.0,,,17.516,38.302,25.106,0 days 01:29:56.411000,0 days 01:30:34.713000,0 days 01:30:59.819000,206.0,253.0,262.0,307.0,False,SOFT,19.0,False,Sauber,0 days 01:29:38.895000,2018-07-20 14:25:38.915,1,,False,,False,True,80.924,80.924
225,0 days 01:32:19.901000,ERI,9,0 days 00:01:20.082000,35.0,4.0,,,17.473,37.403,25.206,0 days 01:31:17.292000,0 days 01:31:54.695000,0 days 01:32:19.901000,199.0,253.0,262.0,309.0,False,SOFT,20.0,False,Sauber,0 days 01:30:59.819000,2018-07-20 14:26:59.839,1,,False,,False,True,80.082,80.082
226,0 days 01:33:39.671000,ERI,9,0 days 00:01:19.770000,36.0,4.0,,,17.407,37.366,24.997,0 days 01:32:37.308000,0 days 01:33:14.674000,0 days 01:33:39.671000,208.0,253.0,262.0,305.0,False,SOFT,21.0,False,Sauber,0 days 01:32:19.901000,2018-07-20 14:28:19.921,1,,False,,False,True,79.77,79.77
227,0 days 01:35:00.493000,ERI,9,0 days 00:01:20.822000,37.0,4.0,,,17.379,38.276,25.167,0 days 01:33:57.050000,0 days 01:34:35.326000,0 days 01:35:00.493000,206.0,253.0,261.0,312.0,False,SOFT,22.0,False,Sauber,0 days 01:33:39.671000,2018-07-20 14:29:39.691,1,,False,,False,True,80.822,80.822
228,0 days 01:36:49.402000,ERI,9,0 days 00:01:48.909000,38.0,4.0,,0 days 01:36:47.007000,17.536,51.598,39.775,0 days 01:35:18.029000,0 days 01:36:09.627000,0 days 01:36:49.402000,202.0,238.0,,102.0,False,SOFT,23.0,False,Sauber,0 days 01:35:00.493000,2018-07-20 14:31:00.513,15,,False,,False,False,108.909,108.90899999999999
229,0 days 00:12:23.490000,GAS,10,,1.0,1.0,0 days 00:10:37.287000,,,53.036,34.259,,0 days 00:11:49.247000,0 days 00:12:23.545000,167.0,202.0,266.0,299.0,False,MEDIUM,1.0,True,Toro Rosso,0 days 00:10:37.287000,2018-07-20 13:06:37.307,,,False,,False,False,,
230,0 days 00:13:40.155000,GAS,10,0 days 00:01:16.665000,2.0,1.0,,,16.688,36.384,23.593,0 days 00:12:40.178000,0 days 00:13:16.562000,0 days 00:13:40.155000,212.0,255.0,266.0,314.0,True,MEDIUM,2.0,True,Toro Rosso,0 days 00:12:23.490000,2018-07-20 13:08:23.510,,,False,,False,False,76.665,76.665
231,0 days 00:15:42.821000,GAS,10,0 days 00:02:02.666000,3.0,1.0,,,28.162,60.527,33.977,0 days 00:14:08.317000,0 days 00:15:08.844000,0 days 00:15:42.821000,115.0,195.0,268.0,142.0,False,MEDIUM,3.0,True,Toro Rosso,0 days 00:13:40.155000,2018-07-20 13:09:40.175,,,False,,False,False,122.666,122.666
232,0 days 00:16:58.772000,GAS,10,0 days 00:01:15.951000,4.0,1.0,,,16.471,35.978,23.502,0 days 00:15:59.292000,0 days 00:16:35.270000,0 days 00:16:58.772000,216.0,258.0,265.0,317.0,True,MEDIUM,4.0,True,Toro Rosso,0 days 00:15:42.821000,2018-07-20 13:11:42.841,,,False,,False,False,75.951,75.951
233,0 days 00:18:57.259000,GAS,10,0 days 00:01:58.487000,5.0,1.0,,,22.654,59.736,36.097,0 days 00:17:21.426000,0 days 00:18:21.162000,0 days 00:18:57.259000,135.0,201.0,266.0,259.0,False,MEDIUM,5.0,True,Toro Rosso,0 days 00:16:58.772000,2018-07-20 13:12:58.792,,,False,,False,False,118.487,118.487
234,0 days 00:20:13.512000,GAS,10,0 days 00:01:16.253000,6.0,1.0,,,16.451,36.215,23.587,0 days 00:19:13.710000,0 days 00:19:49.925000,0 days 00:20:13.512000,213.0,257.0,264.0,316.0,False,MEDIUM,6.0,True,Toro Rosso,0 days 00:18:57.259000,2018-07-20 13:14:57.279,,,False,,False,False,76.253,76.253
235,0 days 00:22:19.722000,GAS,10,0 days 00:02:06.210000,7.0,1.0,,,24.293,69.414,32.503,0 days 00:20:37.805000,0 days 00:21:47.219000,0 days 00:22:19.722000,116.0,122.0,269.0,185.0,False,MEDIUM,7.0,True,Toro Rosso,0 days 00:20:13.512000,2018-07-20 13:16:13.532,,,False,,False,False,126.21,126.21
236,0 days 00:23:35.514000,GAS,10,0 days 00:01:15.792000,8.0,1.0,,,16.506,35.899,23.387,0 days 00:22:36.228000,0 days 00:23:12.127000,0 days 00:23:35.514000,213.0,259.0,270.0,317.0,True,MEDIUM,8.0,True,Toro Rosso,0 days 00:22:19.722000,2018-07-20 13:18:19.742,,,False,,False,False,75.792,75.792
237,0 days 00:25:10.067000,GAS,10,0 days 00:01:34.553000,9.0,1.0,,0 days 00:25:07.543000,20.627,43.936,29.99,0 days 00:23:56.141000,0 days 00:24:40.077000,0 days 00:25:10.067000,182.0,242.0,,277.0,False,MEDIUM,9.0,True,Toro Rosso,0 days 00:23:35.514000,2018-07-20 13:19:35.534,,,False,,False,False,94.553,94.553
238,0 days 00:38:32.590000,GAS,10,,10.0,2.0,0 days 00:36:40.019000,,,52.784,37.02,,0 days 00:37:55.584000,0 days 00:38:32.683000,137.0,107.0,266.0,237.0,False,ULTRASOFT,1.0,True,Toro Rosso,0 days 00:25:10.067000,2018-07-20 13:21:10.087,21,,False,,False,False,,
239,0 days 00:39:47.383000,GAS,10,0 days 00:01:14.793000,11.0,2.0,,,16.204,35.607,22.982,0 days 00:38:48.794000,0 days 00:39:24.401000,0 days 00:39:47.383000,214.0,262.0,265.0,315.0,True,ULTRASOFT,2.0,True,Toro Rosso,0 days 00:38:32.590000,2018-07-20 13:34:32.610,1,,False,,False,True,74.793,74.793
240,0 days 00:41:59.128000,GAS,10,0 days 00:02:11.745000,12.0,2.0,,,25.056,68.183,38.506,0 days 00:40:12.439000,0 days 00:41:20.622000,0 days 00:41:59.128000,100.0,200.0,267.0,253.0,False,ULTRASOFT,3.0,True,Toro Rosso,0 days 00:39:47.383000,2018-07-20 13:35:47.403,1,,False,,False,True,131.745,131.745
241,0 days 00:43:14.255000,GAS,10,0 days 00:01:15.127000,13.0,2.0,,,16.208,35.629,23.29,0 days 00:42:15.336000,0 days 00:42:50.965000,0 days 00:43:14.255000,216.0,259.0,269.0,321.0,False,ULTRASOFT,4.0,True,Toro Rosso,0 days 00:41:59.128000,2018-07-20 13:37:59.148,1,,False,,False,True,75.127,75.127
242,0 days 00:45:02.436000,GAS,10,0 days 00:01:48.181000,14.0,2.0,,0 days 00:44:59.899000,24.663,50.8,32.718,0 days 00:43:38.918000,0 days 00:44:29.718000,0 days 00:45:02.436000,107.0,220.0,,272.0,False,ULTRASOFT,5.0,True,Toro Rosso,0 days 00:43:14.255000,2018-07-20 13:39:14.275,1,,False,,False,False,108.181,108.181
243,0 days 00:56:31.634000,GAS,10,,15.0,3.0,0 days 00:54:56.431000,0 days 00:56:29.111000,,44.734,31.442,,0 days 00:56:00.233000,0 days 00:56:33.876000,150.0,199.0,,277.0,False,ULTRASOFT,6.0,False,Toro Rosso,0 days 00:45:02.436000,2018-07-20 13:41:02.456,1,,False,,False,False,,
244,0 days 00:58:22.381000,GAS,10,0 days 00:01:50.747000,16.0,4.0,0 days 00:56:56.221000,,44.145,41.815,24.787,0 days 00:57:15.779000,0 days 00:57:57.594000,0 days 00:58:22.381000,177.0,250.0,256.0,302.0,False,ULTRASOFT,7.0,False,Toro Rosso,0 days 00:56:31.634000,2018-07-20 13:52:31.654,1,,False,,False,False,110.747,110.74700000000001
245,0 days 00:59:41.304000,GAS,10,0 days 00:01:18.923000,17.0,4.0,,,17.261,37.278,24.384,0 days 00:58:39.642000,0 days 00:59:16.920000,0 days 00:59:41.304000,208.0,252.0,257.0,299.0,False,ULTRASOFT,8.0,False,Toro Rosso,0 days 00:58:22.381000,2018-07-20 13:54:22.401,1,,False,,False,True,78.923,78.923
246,0 days 01:01:00.777000,GAS,10,0 days 00:01:19.473000,18.0,4.0,,,17.438,37.435,24.6,0 days 00:59:58.742000,0 days 01:00:36.177000,0 days 01:01:00.777000,207.0,252.0,254.0,302.0,False,ULTRASOFT,9.0,False,Toro Rosso,0 days 00:59:41.304000,2018-07-20 13:55:41.324,1,,False,,False,True,79.473,79.47300000000001
247,0 days 01:02:20.526000,GAS,10,0 days 00:01:19.749000,19.0,4.0,,,17.407,37.483,24.859,0 days 01:01:18.184000,0 days 01:01:55.667000,0 days 01:02:20.526000,207.0,250.0,256.0,300.0,False,ULTRASOFT,10.0,False,Toro Rosso,0 days 01:01:00.777000,2018-07-20 13:57:00.797,1,,False,,False,True,79.749,79.749
248,0 days 01:03:40.021000,GAS,10,0 days 00:01:19.495000,20.0,4.0,,,17.448,37.433,24.614,0 days 01:02:37.974000,0 days 01:03:15.407000,0 days 01:03:40.021000,206.0,253.0,257.0,303.0,False,ULTRASOFT,11.0,False,Toro Rosso,0 days 01:02:20.526000,2018-07-20 13:58:20.546,1,,False,,False,True,79.495,79.495
249,0 days 01:04:59.194000,GAS,10,0 days 00:01:19.173000,21.0,4.0,,,17.275,37.474,24.424,0 days 01:03:57.296000,0 days 01:04:34.770000,0 days 01:04:59.194000,205.0,252.0,257.0,303.0,False,ULTRASOFT,12.0,False,Toro Rosso,0 days 01:03:40.021000,2018-07-20 13:59:40.041,1,,False,,False,True,79.173,79.173
250,0 days 01:06:19.666000,GAS,10,0 days 00:01:20.472000,22.0,4.0,,,17.405,38.398,24.669,0 days 01:05:16.599000,0 days 01:05:54.997000,0 days 01:06:19.666000,206.0,248.0,258.0,296.0,False,ULTRASOFT,13.0,False,Toro Rosso,0 days 01:04:59.194000,2018-07-20 14:00:59.214,1,,False,,False,True,80.472,80.47200000000001
251,0 days 01:07:39.449000,GAS,10,0 days 00:01:19.783000,23.0,4.0,,,17.501,37.614,24.668,0 days 01:06:37.167000,0 days 01:07:14.781000,0 days 01:07:39.449000,200.0,250.0,258.0,300.0,False,ULTRASOFT,14.0,False,Toro Rosso,0 days 01:06:19.666000,2018-07-20 14:02:19.686,1,,False,,False,True,79.783,79.78299999999999
252,0 days 01:08:58.876000,GAS,10,0 days 00:01:19.427000,24.0,4.0,,,17.407,37.52,24.5,0 days 01:07:56.856000,0 days 01:08:34.376000,0 days 01:08:58.876000,206.0,251.0,259.0,300.0,False,ULTRASOFT,15.0,False,Toro Rosso,0 days 01:07:39.449000,2018-07-20 14:03:39.469,1,,False,,False,True,79.427,79.427
253,0 days 01:10:21.612000,GAS,10,0 days 00:01:22.736000,25.0,4.0,,0 days 01:10:19.104000,17.537,37.474,27.725,0 days 01:09:16.413000,0 days 01:09:53.887000,0 days 01:10:21.612000,204.0,251.0,,298.0,False,ULTRASOFT,16.0,False,Toro Rosso,0 days 01:08:58.876000,2018-07-20 14:04:58.896,1,,False,,False,False,82.736,82.73599999999999
254,0 days 01:11:57.833000,GAS,10,0 days 00:01:36.221000,26.0,4.0,0 days 01:10:38.571000,,33.098,38.275,24.848,0 days 01:10:54.710000,0 days 01:11:32.985000,0 days 01:11:57.833000,204.0,251.0,257.0,275.0,False,ULTRASOFT,17.0,False,Toro Rosso,0 days 01:10:21.612000,2018-07-20 14:06:21.632,1,,False,,False,False,96.221,96.22099999999999
255,0 days 01:13:18.062000,GAS,10,0 days 00:01:20.229000,27.0,5.0,,,17.433,37.749,25.047,0 days 01:12:15.266000,0 days 01:12:53.015000,0 days 01:13:18.062000,203.0,252.0,264.0,299.0,False,MEDIUM,10.0,False,Toro Rosso,0 days 01:11:57.833000,2018-07-20 14:07:57.853,1,,False,,False,True,80.229,80.229
256,0 days 01:14:38.010000,GAS,10,0 days 00:01:19.948000,28.0,5.0,,,17.48,37.403,25.065,0 days 01:13:35.542000,0 days 01:14:12.945000,0 days 01:14:38.010000,205.0,251.0,259.0,324.0,False,MEDIUM,11.0,False,Toro Rosso,0 days 01:13:18.062000,2018-07-20 14:09:18.082,12,,False,,False,True,79.948,79.948
257,0 days 01:15:58.133000,GAS,10,0 days 00:01:20.123000,29.0,5.0,,,17.438,37.907,24.778,0 days 01:14:55.448000,0 days 01:15:33.355000,0 days 01:15:58.133000,207.0,252.0,259.0,295.0,False,MEDIUM,12.0,False,Toro Rosso,0 days 01:14:38.010000,2018-07-20 14:10:38.030,1,,False,,False,True,80.123,80.12299999999999
258,0 days 01:17:18.075000,GAS,10,0 days 00:01:19.942000,30.0,5.0,,,17.461,37.624,24.857,0 days 01:16:15.594000,0 days 01:16:53.218000,0 days 01:17:18.075000,205.0,253.0,257.0,301.0,False,MEDIUM,13.0,False,Toro Rosso,0 days 01:15:58.133000,2018-07-20 14:11:58.153,1,,False,,False,True,79.942,79.94200000000001
259,0 days 01:18:38.851000,GAS,10,0 days 00:01:20.776000,31.0,5.0,,,17.577,38.099,25.1,0 days 01:17:35.652000,0 days 01:18:13.751000,0 days 01:18:38.851000,204.0,249.0,256.0,315.0,False,MEDIUM,14.0,False,Toro Rosso,0 days 01:17:18.075000,2018-07-20 14:13:18.095,1,,False,,False,True,80.776,80.77600000000001
260,0 days 01:19:58.315000,GAS,10,0 days 00:01:19.464000,32.0,5.0,,,17.665,37.083,24.716,0 days 01:18:56.516000,0 days 01:19:33.599000,0 days 01:19:58.315000,209.0,252.0,257.0,320.0,False,MEDIUM,15.0,False,Toro Rosso,0 days 01:18:38.851000,2018-07-20 14:14:38.871,1,,False,,False,True,79.464,79.464
261,0 days 01:21:17.772000,GAS,10,0 days 00:01:19.457000,33.0,5.0,,,17.475,37.217,24.765,0 days 01:20:15.790000,0 days 01:20:53.007000,0 days 01:21:17.772000,209.0,252.0,256.0,319.0,False,MEDIUM,16.0,False,Toro Rosso,0 days 01:19:58.315000,2018-07-20 14:15:58.335,1,,False,,False,True,79.457,79.457
262,0 days 01:22:37.453000,GAS,10,0 days 00:01:19.681000,34.0,5.0,,,17.471,37.374,24.836,0 days 01:21:35.243000,0 days 01:22:12.617000,0 days 01:22:37.453000,208.0,253.0,259.0,322.0,False,MEDIUM,17.0,False,Toro Rosso,0 days 01:21:17.772000,2018-07-20 14:17:17.792,1,,False,,False,True,79.681,79.681
263,0 days 01:23:58.656000,GAS,10,0 days 00:01:21.203000,35.0,5.0,,,17.573,,,0 days 01:22:55.026000,,,204.0,253.0,258.0,306.0,False,MEDIUM,18.0,False,Toro Rosso,0 days 01:22:37.453000,2018-07-20 14:18:37.473,1,,False,,False,False,81.203,
264,0 days 01:25:20.469000,GAS,10,0 days 00:01:21.813000,36.0,5.0,,,17.61,37.74,26.463,0 days 01:24:16.266000,0 days 01:24:54.006000,0 days 01:25:20.469000,206.0,253.0,260.0,300.0,False,MEDIUM,19.0,False,Toro Rosso,0 days 01:23:58.656000,2018-07-20 14:19:58.676,1,,False,,False,True,81.813,81.813
265,0 days 01:26:54,GAS,10,0 days 00:01:33.531000,37.0,5.0,,,17.866,42.96,32.705,0 days 01:25:38.335000,0 days 01:26:21.295000,0 days 01:26:54,199.0,100.0,260.0,318.0,False,MEDIUM,20.0,False,Toro Rosso,0 days 01:25:20.469000,2018-07-20 14:21:20.489,1,,False,,False,True,93.531,93.531
266,0 days 01:28:15.296000,GAS,10,0 days 00:01:21.296000,38.0,5.0,,,17.587,38.441,25.268,0 days 01:27:11.587000,0 days 01:27:50.028000,0 days 01:28:15.296000,204.0,250.0,259.0,301.0,False,MEDIUM,21.0,False,Toro Rosso,0 days 01:26:54,2018-07-20 14:22:54.020,1,,False,,False,True,81.296,81.296
267,0 days 01:29:35.340000,GAS,10,0 days 00:01:20.044000,39.0,5.0,,,17.602,37.579,24.863,0 days 01:28:32.898000,0 days 01:29:10.477000,0 days 01:29:35.340000,208.0,250.0,255.0,302.0,False,MEDIUM,22.0,False,Toro Rosso,0 days 01:28:15.296000,2018-07-20 14:24:15.316,1,,False,,False,True,80.044,80.044
268,0 days 01:30:55.418000,GAS,10,0 days 00:01:20.078000,40.0,5.0,,,17.607,37.607,24.864,0 days 01:29:52.947000,0 days 01:30:30.554000,0 days 01:30:55.418000,205.0,253.0,258.0,303.0,False,MEDIUM,23.0,False,Toro Rosso,0 days 01:29:35.340000,2018-07-20 14:25:35.360,1,,False,,False,True,80.078,80.078
269,0 days 01:32:15.747000,GAS,10,0 days 00:01:20.329000,41.0,5.0,,,17.657,37.765,24.907,0 days 01:31:13.075000,0 days 01:31:50.840000,0 days 01:32:15.747000,204.0,254.0,261.0,304.0,False,MEDIUM,24.0,False,Toro Rosso,0 days 01:30:55.418000,2018-07-20 14:26:55.438,1,,False,,False,True,80.329,80.329
270,0 days 01:33:36.383000,GAS,10,0 days 00:01:20.636000,42.0,5.0,,,17.575,37.772,25.289,0 days 01:32:33.322000,0 days 01:33:11.094000,0 days 01:33:36.383000,204.0,253.0,260.0,308.0,False,MEDIUM,25.0,False,Toro Rosso,0 days 01:32:15.747000,2018-07-20 14:28:15.767,1,,False,,False,True,80.636,80.636
271,0 days 01:34:56.968000,GAS,10,0 days 00:01:20.585000,43.0,5.0,,,17.52,37.762,25.303,0 days 01:33:53.903000,0 days 01:34:31.665000,0 days 01:34:56.968000,198.0,254.0,258.0,328.0,False,MEDIUM,26.0,False,Toro Rosso,0 days 01:33:36.383000,2018-07-20 14:29:36.403,1,,False,,False,True,80.585,80.585
272,0 days 01:36:44.423000,GAS,10,0 days 00:01:47.455000,44.0,5.0,,0 days 01:36:39.345000,18.828,51.242,37.385,0 days 01:35:15.796000,0 days 01:36:07.038000,0 days 01:36:44.423000,162.0,222.0,,231.0,False,MEDIUM,27.0,False,Toro Rosso,0 days 01:34:56.968000,2018-07-20 14:30:56.988,15,,False,,False,False,107.455,107.45499999999998
273,0 days 00:12:59.285000,PER,11,,1.0,1.0,0 days 00:11:21.512000,,,43.802,34.431,,0 days 00:12:24.875000,0 days 00:12:59.378000,159.0,180.0,269.0,269.0,False,SOFT,1.0,True,Force India,0 days 00:11:21.512000,2018-07-20 13:07:21.532,,,False,,False,False,,
274,0 days 00:14:14.372000,PER,11,0 days 00:01:15.087000,2.0,1.0,,,16.457,35.618,23.012,0 days 00:13:15.742000,0 days 00:13:51.360000,0 days 00:14:14.372000,214.0,265.0,274.0,326.0,True,SOFT,2.0,True,Force India,0 days 00:12:59.285000,2018-07-20 13:08:59.305,,,False,,False,False,75.087,75.087
275,0 days 00:16:02.732000,PER,11,0 days 00:01:48.360000,3.0,1.0,,,26.986,47.686,33.688,0 days 00:14:41.358000,0 days 00:15:29.044000,0 days 00:16:02.732000,149.0,152.0,271.0,254.0,False,SOFT,3.0,True,Force India,0 days 00:14:14.372000,2018-07-20 13:10:14.392,,,False,,False,False,108.36,108.36
276,0 days 00:17:17.713000,PER,11,0 days 00:01:14.981000,4.0,1.0,,,16.301,35.529,23.151,0 days 00:16:19.033000,0 days 00:16:54.562000,0 days 00:17:17.713000,214.0,262.0,274.0,325.0,True,SOFT,4.0,True,Force India,0 days 00:16:02.732000,2018-07-20 13:12:02.752,,,False,,False,False,74.981,74.981
277,0 days 00:19:23.009000,PER,11,0 days 00:02:05.296000,5.0,1.0,,0 days 00:19:20.482000,28.387,59.479,37.43,0 days 00:17:46.100000,0 days 00:18:45.579000,0 days 00:19:23.009000,109.0,151.0,,166.0,False,SOFT,5.0,True,Force India,0 days 00:17:17.713000,2018-07-20 13:13:17.733,,,False,,False,False,125.296,125.29599999999999
278,0 days 00:31:44.458000,PER,11,,6.0,2.0,0 days 00:29:58.332000,,,45.004,29.613,,0 days 00:31:14.852000,0 days 00:31:44.648000,164.0,191.0,270.0,269.0,False,SOFT,6.0,False,Force India,0 days 00:19:23.009000,2018-07-20 13:15:23.029,,,False,,False,False,,
279,0 days 00:33:27.750000,PER,11,0 days 00:01:43.292000,7.0,2.0,,,20.305,52.767,30.22,0 days 00:32:04.763000,0 days 00:32:57.530000,0 days 00:33:27.750000,64.0,168.0,270.0,218.0,False,SOFT,7.0,False,Force India,0 days 00:31:44.458000,2018-07-20 13:27:44.478,,,False,,False,False,103.292,103.292
280,0 days 00:34:42.855000,PER,11,0 days 00:01:15.105000,8.0,2.0,,,16.381,35.568,23.156,0 days 00:33:44.131000,0 days 00:34:19.699000,0 days 00:34:42.855000,214.0,261.0,272.0,322.0,False,SOFT,8.0,False,Force India,0 days 00:33:27.750000,2018-07-20 13:29:27.770,21,,False,,False,True,75.105,75.10499999999999
281,0 days 00:36:28.191000,PER,11,0 days 00:01:45.336000,9.0,2.0,,0 days 00:36:25.640000,24.175,49.897,31.264,0 days 00:35:07.030000,0 days 00:35:56.927000,0 days 00:36:28.191000,148.0,199.0,,241.0,False,SOFT,9.0,False,Force India,0 days 00:34:42.855000,2018-07-20 13:30:42.875,1,,False,,False,False,105.336,105.336
282,0 days 00:49:38.971000,PER,11,,10.0,3.0,0 days 00:47:52.506000,,,50.344,33.617,,0 days 00:49:05.401000,0 days 00:49:39.077000,143.0,166.0,279.0,230.0,False,ULTRASOFT,1.0,True,Force India,0 days 00:36:28.191000,2018-07-20 13:32:28.211,1,,False,,False,False,,
283,0 days 00:51:23.311000,PER,11,0 days 00:01:44.340000,11.0,3.0,,,16.183,58.322,29.835,0 days 00:49:55.154000,0 days 00:50:53.476000,0 days 00:51:23.311000,199.0,209.0,279.0,191.0,False,ULTRASOFT,2.0,True,Force India,0 days 00:49:38.971000,2018-07-20 13:45:38.991,1,,False,,False,True,104.34,104.34
284,0 days 00:52:37.863000,PER,11,0 days 00:01:14.552000,12.0,3.0,,,15.98,35.42,23.152,0 days 00:51:39.291000,0 days 00:52:14.711000,0 days 00:52:37.863000,213.0,266.0,273.0,325.0,True,ULTRASOFT,3.0,True,Force India,0 days 00:51:23.311000,2018-07-20 13:47:23.331,1,,False,,False,True,74.552,74.552
285,0 days 00:54:28.575000,PER,11,0 days 00:01:50.712000,13.0,3.0,,,22.784,55.132,32.796,0 days 00:53:00.647000,0 days 00:53:55.779000,0 days 00:54:28.575000,150.0,165.0,195.0,169.0,False,ULTRASOFT,4.0,True,Force India,0 days 00:52:37.863000,2018-07-20 13:48:37.883,1,,False,,False,True,110.712,110.71199999999999
286,0 days 00:56:20.605000,PER,11,0 days 00:01:52.030000,14.0,3.0,,,24.435,57.289,30.306,0 days 00:54:53.010000,0 days 00:55:50.299000,0 days 00:56:20.605000,141.0,153.0,271.0,192.0,False,ULTRASOFT,5.0,True,Force India,0 days 00:54:28.575000,2018-07-20 13:50:28.595,1,,False,,False,True,112.03,112.03
287,0 days 00:57:35.245000,PER,11,0 days 00:01:14.640000,15.0,3.0,,,16.112,35.462,23.066,0 days 00:56:36.717000,0 days 00:57:12.179000,0 days 00:57:35.245000,212.0,264.0,273.0,325.0,False,ULTRASOFT,6.0,True,Force India,0 days 00:56:20.605000,2018-07-20 13:52:20.625,1,,False,,False,True,74.64,74.64
288,0 days 00:59:14.361000,PER,11,0 days 00:01:39.116000,16.0,3.0,,0 days 00:59:11.873000,21.594,47.297,30.225,0 days 00:57:56.839000,0 days 00:58:44.136000,0 days 00:59:14.361000,158.0,199.0,,251.0,False,ULTRASOFT,7.0,True,Force India,0 days 00:57:35.245000,2018-07-20 13:53:35.265,1,,False,,False,False,99.116,99.11599999999999
289,0 days 01:08:12.527000,PER,11,,17.0,4.0,0 days 01:06:27.735000,,,45.327,27.46,,0 days 01:07:45.070000,0 days 01:08:12.634000,146.0,207.0,261.0,268.0,False,ULTRASOFT,8.0,False,Force India,0 days 00:59:14.361000,2018-07-20 13:55:14.381,1,,False,,False,False,,
290,0 days 01:09:30.738000,PER,11,0 days 00:01:18.211000,18.0,4.0,,,17.034,37.014,24.163,0 days 01:08:29.561000,0 days 01:09:06.575000,0 days 01:09:30.738000,206.0,254.0,261.0,306.0,False,ULTRASOFT,9.0,False,Force India,0 days 01:08:12.527000,2018-07-20 14:04:12.547,1,,False,,False,True,78.211,78.211
291,0 days 01:10:49.213000,PER,11,0 days 00:01:18.475000,19.0,4.0,,,17.117,37.108,24.25,0 days 01:09:47.855000,0 days 01:10:24.963000,0 days 01:10:49.213000,207.0,255.0,263.0,306.0,False,ULTRASOFT,10.0,False,Force India,0 days 01:09:30.738000,2018-07-20 14:05:30.758,1,,False,,False,True,78.475,78.475
292,0 days 01:12:08.199000,PER,11,0 days 00:01:18.986000,20.0,4.0,,,17.424,37.187,24.375,0 days 01:11:06.637000,0 days 01:11:43.824000,0 days 01:12:08.199000,205.0,254.0,262.0,307.0,False,ULTRASOFT,11.0,False,Force India,0 days 01:10:49.213000,2018-07-20 14:06:49.233,1,,False,,False,True,78.986,78.98599999999999
293,0 days 01:13:27.128000,PER,11,0 days 00:01:18.929000,21.0,4.0,,,17.366,37.106,24.457,0 days 01:12:25.565000,0 days 01:13:02.671000,0 days 01:13:27.128000,202.0,254.0,263.0,309.0,False,ULTRASOFT,12.0,False,Force India,0 days 01:12:08.199000,2018-07-20 14:08:08.219,1,,False,,False,True,78.929,78.929
294,0 days 01:14:46.540000,PER,11,0 days 00:01:19.412000,22.0,4.0,,,17.546,37.246,24.62,0 days 01:13:44.674000,0 days 01:14:21.920000,0 days 01:14:46.540000,205.0,252.0,262.0,315.0,False,ULTRASOFT,13.0,False,Force India,0 days 01:13:27.128000,2018-07-20 14:09:27.148,12,,False,,False,True,79.412,79.412
295,0 days 01:16:06.385000,PER,11,0 days 00:01:19.845000,23.0,4.0,,,17.668,37.608,24.569,0 days 01:15:04.208000,0 days 01:15:41.816000,0 days 01:16:06.385000,200.0,253.0,262.0,309.0,False,ULTRASOFT,14.0,False,Force India,0 days 01:14:46.540000,2018-07-20 14:10:46.560,1,,False,,False,True,79.845,79.845
296,0 days 01:17:28.570000,PER,11,0 days 00:01:22.185000,24.0,4.0,,,17.55,39.915,24.72,0 days 01:16:23.935000,0 days 01:17:03.850000,0 days 01:17:28.570000,205.0,247.0,260.0,312.0,False,ULTRASOFT,15.0,False,Force India,0 days 01:16:06.385000,2018-07-20 14:12:06.405,1,,False,,False,True,82.185,82.185
297,0 days 01:18:48.357000,PER,11,0 days 00:01:19.787000,25.0,4.0,,,17.466,37.573,24.748,0 days 01:17:46.036000,0 days 01:18:23.609000,0 days 01:18:48.357000,200.0,251.0,261.0,303.0,False,ULTRASOFT,16.0,False,Force India,0 days 01:17:28.570000,2018-07-20 14:13:28.590,1,,False,,False,True,79.787,79.787
298,0 days 01:20:07.538000,PER,11,0 days 00:01:19.181000,26.0,4.0,,,17.451,37.191,24.539,0 days 01:19:05.808000,0 days 01:19:42.999000,0 days 01:20:07.538000,205.0,253.0,261.0,310.0,False,ULTRASOFT,17.0,False,Force India,0 days 01:18:48.357000,2018-07-20 14:14:48.377,1,,False,,False,True,79.181,79.18100000000001
299,0 days 01:21:26.882000,PER,11,0 days 00:01:19.344000,27.0,4.0,,,17.375,37.328,24.641,0 days 01:20:24.913000,0 days 01:21:02.241000,0 days 01:21:26.882000,206.0,253.0,260.0,309.0,False,ULTRASOFT,18.0,False,Force India,0 days 01:20:07.538000,2018-07-20 14:16:07.558,1,,False,,False,True,79.344,79.344
300,0 days 01:22:49.625000,PER,11,0 days 00:01:22.743000,28.0,4.0,,0 days 01:22:47.110000,17.559,37.255,27.929,0 days 01:21:44.441000,0 days 01:22:21.696000,0 days 01:22:49.625000,205.0,254.0,,314.0,False,ULTRASOFT,19.0,False,Force India,0 days 01:21:26.882000,2018-07-20 14:17:26.902,1,,False,,False,False,82.743,82.74300000000001
301,0 days 01:24:23.452000,PER,11,0 days 00:01:33.827000,29.0,5.0,0 days 01:23:06.583000,,32.496,36.889,24.442,0 days 01:23:22.121000,0 days 01:23:59.010000,0 days 01:24:23.452000,208.0,257.0,263.0,310.0,False,SOFT,10.0,False,Force India,0 days 01:22:49.625000,2018-07-20 14:18:49.645,1,,False,,False,False,93.827,93.827
302,0 days 01:25:41.813000,PER,11,0 days 00:01:18.361000,30.0,5.0,,,17.268,36.884,24.209,0 days 01:24:40.720000,0 days 01:25:17.604000,0 days 01:25:41.813000,206.0,256.0,263.0,312.0,False,SOFT,11.0,False,Force India,0 days 01:24:23.452000,2018-07-20 14:20:23.472,1,,False,,False,True,78.361,78.361
303,0 days 01:27:00.691000,PER,11,0 days 00:01:18.878000,31.0,5.0,,,17.246,37.078,24.554,0 days 01:25:59.059000,0 days 01:26:36.137000,0 days 01:27:00.691000,208.0,256.0,264.0,307.0,False,SOFT,12.0,False,Force India,0 days 01:25:41.813000,2018-07-20 14:21:41.833,1,,False,,False,True,78.878,78.878
304,0 days 01:28:19.711000,PER,11,0 days 00:01:19.020000,32.0,5.0,,,17.257,37.129,24.634,0 days 01:27:17.948000,0 days 01:27:55.077000,0 days 01:28:19.711000,209.0,255.0,264.0,310.0,False,SOFT,13.0,False,Force India,0 days 01:27:00.691000,2018-07-20 14:23:00.711,1,,False,,False,True,79.02,79.02
305,0 days 01:29:39.458000,PER,11,0 days 00:01:19.747000,33.0,5.0,,,17.414,37.312,25.021,0 days 01:28:37.125000,0 days 01:29:14.437000,0 days 01:29:39.458000,207.0,254.0,262.0,309.0,False,SOFT,14.0,False,Force India,0 days 01:28:19.711000,2018-07-20 14:24:19.731,1,,False,,False,True,79.747,79.747
306,0 days 01:30:58.397000,PER,11,0 days 00:01:18.939000,34.0,5.0,,,17.562,36.929,24.448,0 days 01:29:57.020000,0 days 01:30:33.949000,0 days 01:30:58.397000,211.0,255.0,263.0,336.0,False,SOFT,15.0,False,Force India,0 days 01:29:39.458000,2018-07-20 14:25:39.478,1,,False,,False,True,78.939,78.939
307,0 days 01:32:17.860000,PER,11,0 days 00:01:19.463000,35.0,5.0,,,17.435,37.471,24.557,0 days 01:31:15.832000,0 days 01:31:53.303000,0 days 01:32:17.860000,206.0,254.0,263.0,308.0,False,SOFT,16.0,False,Force India,0 days 01:30:58.397000,2018-07-20 14:26:58.417,1,,False,,False,True,79.463,79.463
308,0 days 01:33:37.801000,PER,11,0 days 00:01:19.941000,36.0,5.0,,,17.457,37.457,25.027,0 days 01:32:35.317000,0 days 01:33:12.774000,0 days 01:33:37.801000,206.0,254.0,263.0,309.0,False,SOFT,17.0,False,Force India,0 days 01:32:17.860000,2018-07-20 14:28:17.880,1,,False,,False,True,79.941,79.941
309,0 days 01:34:57.833000,PER,11,0 days 00:01:20.032000,37.0,5.0,,,17.457,37.52,25.055,,0 days 01:34:32.778000,0 days 01:34:57.833000,208.0,255.0,267.0,317.0,False,SOFT,18.0,False,Force India,0 days 01:33:37.801000,2018-07-20 14:29:37.821,1,,False,,False,True,80.032,80.03200000000001
310,0 days 01:36:39.014000,PER,11,0 days 00:01:41.181000,38.0,5.0,,0 days 01:36:36.505000,18.167,49.534,33.48,0 days 01:35:16,0 days 01:36:05.534000,0 days 01:36:39.014000,184.0,175.0,,265.0,False,SOFT,19.0,False,Force India,0 days 01:34:57.833000,2018-07-20 14:30:57.853,15,,False,,False,False,101.181,101.18099999999998
311,0 days 00:11:45.384000,ALO,14,,1.0,1.0,0 days 00:10:10.053000,,,44.882,29.586,,0 days 00:11:15.811000,0 days 00:11:45.449000,136.0,205.0,268.0,206.0,False,SOFT,1.0,True,McLaren,0 days 00:10:10.053000,2018-07-20 13:06:10.073,,,False,,False,False,,
312,0 days 00:13:01.162000,ALO,14,0 days 00:01:15.778000,2.0,1.0,,,16.437,36.099,23.242,0 days 00:12:01.821000,0 days 00:12:37.920000,0 days 00:13:01.162000,213.0,258.0,272.0,311.0,True,SOFT,2.0,True,McLaren,0 days 00:11:45.384000,2018-07-20 13:07:45.404,,,False,,False,False,75.778,75.778
313,0 days 00:14:45.816000,ALO,14,0 days 00:01:44.654000,3.0,1.0,,,21.977,49.955,32.722,0 days 00:13:23.139000,0 days 00:14:13.094000,0 days 00:14:45.816000,142.0,221.0,270.0,249.0,False,SOFT,3.0,True,McLaren,0 days 00:13:01.162000,2018-07-20 13:09:01.182,,,False,,False,False,104.654,104.654
314,0 days 00:16:29.860000,ALO,14,0 days 00:01:44.044000,4.0,1.0,,,16.473,44.46,43.111,0 days 00:15:02.289000,0 days 00:15:46.749000,0 days 00:16:29.860000,211.0,178.0,269.0,315.0,False,SOFT,4.0,True,McLaren,0 days 00:14:45.816000,2018-07-20 13:10:45.836,,,False,,False,False,104.044,104.044
315,0 days 00:18:11.939000,ALO,14,0 days 00:01:42.079000,5.0,1.0,,,19.442,49.802,32.835,0 days 00:16:49.302000,0 days 00:17:39.104000,0 days 00:18:11.939000,94.0,225.0,271.0,282.0,False,SOFT,5.0,True,McLaren,0 days 00:16:29.860000,2018-07-20 13:12:29.880,,,False,,False,False,102.079,102.07900000000001
316,0 days 00:19:28.658000,ALO,14,0 days 00:01:16.719000,6.0,1.0,,,16.415,36.093,24.211,0 days 00:18:28.354000,0 days 00:19:04.447000,0 days 00:19:28.658000,212.0,258.0,254.0,314.0,False,SOFT,6.0,True,McLaren,0 days 00:18:11.939000,2018-07-20 13:14:11.959,,,False,,False,False,76.719,76.719
317,0 days 00:21:08.728000,ALO,14,0 days 00:01:40.070000,7.0,1.0,,,22.554,48.233,29.283,0 days 00:19:51.212000,0 days 00:20:39.445000,0 days 00:21:08.728000,147.0,218.0,248.0,276.0,False,SOFT,7.0,True,McLaren,0 days 00:19:28.658000,2018-07-20 13:15:28.678,,,False,,False,False,100.07,100.07
318,0 days 00:22:43.707000,ALO,14,0 days 00:01:34.979000,8.0,1.0,,,21.125,44.532,29.322,0 days 00:21:29.853000,0 days 00:22:14.385000,0 days 00:22:43.707000,155.0,217.0,271.0,298.0,False,SOFT,8.0,True,McLaren,0 days 00:21:08.728000,2018-07-20 13:17:08.748,,,False,,False,False,94.979,94.979
319,0 days 00:24:21.776000,ALO,14,0 days 00:01:38.069000,9.0,1.0,,0 days 00:24:17.505000,16.489,39.588,41.992,0 days 00:23:00.196000,0 days 00:23:39.784000,0 days 00:24:21.776000,211.0,219.0,,311.0,False,SOFT,9.0,True,McLaren,0 days 00:22:43.707000,2018-07-20 13:18:43.727,,,False,,False,False,98.069,98.06899999999999
320,0 days 00:41:16.781000,ALO,14,,10.0,2.0,0 days 00:39:39.562000,,,45.244,32.812,,0 days 00:40:43.973000,0 days 00:41:16.866000,157.0,203.0,268.0,292.0,False,SOFT,10.0,False,McLaren,0 days 00:24:21.776000,2018-07-20 13:20:21.796,21,,False,,False,False,,
321,0 days 00:42:32.287000,ALO,14,0 days 00:01:15.506000,11.0,2.0,,,16.421,35.945,23.14,0 days 00:41:33.202000,0 days 00:42:09.147000,0 days 00:42:32.287000,212.0,258.0,272.0,312.0,True,SOFT,11.0,False,McLaren,0 days 00:41:16.781000,2018-07-20 13:37:16.801,1,,False,,False,True,75.506,75.506
322,0 days 00:44:27.163000,ALO,14,0 days 00:01:54.876000,12.0,2.0,,,23.983,55.678,35.215,0 days 00:42:56.270000,0 days 00:43:51.948000,0 days 00:44:27.163000,118.0,217.0,269.0,249.0,False,SOFT,12.0,False,McLaren,0 days 00:42:32.287000,2018-07-20 13:38:32.307,1,,False,,False,True,114.876,114.876
323,0 days 00:45:43.288000,ALO,14,0 days 00:01:16.125000,13.0,2.0,,,16.368,35.927,23.83,0 days 00:44:43.531000,0 days 00:45:19.458000,0 days 00:45:43.288000,211.0,217.0,255.0,313.0,False,SOFT,13.0,False,McLaren,0 days 00:44:27.163000,2018-07-20 13:40:27.183,1,,False,,False,True,76.125,76.125
324,0 days 00:47:28.226000,ALO,14,0 days 00:01:44.938000,14.0,2.0,,0 days 00:47:25.660000,21.773,42.705,40.46,0 days 00:46:05.061000,0 days 00:46:47.766000,0 days 00:47:28.226000,150.0,230.0,,272.0,False,SOFT,14.0,False,McLaren,0 days 00:45:43.288000,2018-07-20 13:41:43.308,1,,False,,False,False,104.938,104.93799999999999
325,0 days 00:54:47.203000,ALO,14,,15.0,3.0,0 days 00:53:11.126000,,,43.156,33.236,,0 days 00:54:13.991000,0 days 00:54:47.290000,157.0,187.0,269.0,296.0,False,ULTRASOFT,1.0,True,McLaren,0 days 00:47:28.226000,2018-07-20 13:43:28.246,1,,False,,False,False,,
326,0 days 00:56:02.039000,ALO,14,0 days 00:01:14.836000,16.0,3.0,,,16.161,35.597,23.078,0 days 00:55:03.364000,0 days 00:55:38.961000,0 days 00:56:02.039000,215.0,260.0,265.0,314.0,True,ULTRASOFT,2.0,True,McLaren,0 days 00:54:47.203000,2018-07-20 13:50:47.223,1,,False,,False,True,74.836,74.836
327,0 days 00:57:59.940000,ALO,14,0 days 00:01:57.901000,17.0,3.0,,,23.384,57.737,36.78,0 days 00:56:25.423000,0 days 00:57:23.160000,0 days 00:57:59.940000,135.0,175.0,215.0,174.0,False,ULTRASOFT,3.0,True,McLaren,0 days 00:56:02.039000,2018-07-20 13:52:02.059,1,,False,,False,True,117.901,117.90100000000001
328,0 days 00:59:48.335000,ALO,14,0 days 00:01:48.395000,18.0,3.0,,,24.463,50.142,33.79,0 days 00:58:24.403000,0 days 00:59:14.545000,0 days 00:59:48.335000,160.0,159.0,268.0,212.0,False,ULTRASOFT,4.0,True,McLaren,0 days 00:57:59.940000,2018-07-20 13:53:59.960,1,,False,,False,True,108.395,108.39500000000001
329,0 days 01:01:03.281000,ALO,14,0 days 00:01:14.946000,19.0,3.0,,,16.216,35.786,22.944,0 days 01:00:04.551000,0 days 01:00:40.337000,0 days 01:01:03.281000,212.0,258.0,269.0,314.0,False,ULTRASOFT,5.0,True,McLaren,0 days 00:59:48.335000,2018-07-20 13:55:48.355,1,,False,,False,True,74.946,74.946
330,0 days 01:02:37.955000,ALO,14,0 days 00:01:34.674000,20.0,3.0,,0 days 01:02:35.420000,19.585,42.194,32.895,0 days 01:01:22.866000,0 days 01:02:05.060000,0 days 01:02:37.955000,190.0,233.0,,274.0,False,ULTRASOFT,6.0,True,McLaren,0 days 01:01:03.281000,2018-07-20 13:57:03.301,1,,False,,False,False,94.674,94.674
331,0 days 01:11:32.906000,ALO,14,,21.0,4.0,0 days 01:09:42.471000,0 days 01:11:29.089000,,49.895,40.723,,0 days 01:10:52.227000,0 days 01:11:33.011000,175.0,129.0,,210.0,False,ULTRASOFT,7.0,False,McLaren,0 days 01:02:37.955000,2018-07-20 13:58:37.975,1,,False,,False,False,,
332,0 days 01:13:21.489000,ALO,14,0 days 00:01:48.583000,22.0,5.0,0 days 01:12:02.012000,,45.86,37.776,24.947,0 days 01:12:18.766000,0 days 01:12:56.542000,0 days 01:13:21.489000,208.0,250.0,258.0,297.0,False,ULTRASOFT,7.0,False,McLaren,0 days 01:11:32.906000,2018-07-20 14:07:32.926,1,,False,,False,False,108.583,108.583
333,0 days 01:14:40.273000,ALO,14,0 days 00:01:18.784000,23.0,5.0,,,17.256,37.091,24.437,0 days 01:13:38.745000,0 days 01:14:15.836000,0 days 01:14:40.273000,208.0,252.0,260.0,303.0,False,ULTRASOFT,8.0,False,McLaren,0 days 01:13:21.489000,2018-07-20 14:09:21.509,12,,False,,False,True,78.784,78.784
334,0 days 01:15:59.327000,ALO,14,0 days 00:01:19.054000,24.0,5.0,,,17.291,37.344,24.419,0 days 01:14:57.564000,0 days 01:15:34.908000,0 days 01:15:59.327000,208.0,253.0,262.0,300.0,False,ULTRASOFT,9.0,False,McLaren,0 days 01:14:40.273000,2018-07-20 14:10:40.293,1,,False,,False,True,79.054,79.054
335,0 days 01:17:18.835000,ALO,14,0 days 00:01:19.508000,25.0,5.0,,,17.356,37.384,24.768,0 days 01:16:16.683000,0 days 01:16:54.067000,0 days 01:17:18.835000,207.0,254.0,266.0,308.0,False,ULTRASOFT,10.0,False,McLaren,0 days 01:15:59.327000,2018-07-20 14:11:59.347,1,,False,,False,True,79.508,79.50800000000001
336,0 days 01:18:39.376000,ALO,14,0 days 00:01:20.541000,26.0,5.0,,,17.428,37.85,25.263,0 days 01:17:36.263000,0 days 01:18:14.113000,0 days 01:18:39.376000,206.0,248.0,265.0,328.0,False,ULTRASOFT,11.0,False,McLaren,0 days 01:17:18.835000,2018-07-20 14:13:18.855,1,,False,,False,True,80.541,80.54100000000001
337,0 days 01:19:59.151000,ALO,14,0 days 00:01:19.775000,27.0,5.0,,,17.638,37.118,25.019,0 days 01:18:57.014000,0 days 01:19:34.132000,0 days 01:19:59.151000,208.0,250.0,265.0,328.0,False,ULTRASOFT,12.0,False,McLaren,0 days 01:18:39.376000,2018-07-20 14:14:39.396,1,,False,,False,True,79.775,79.775
338,0 days 01:21:18.579000,ALO,14,0 days 00:01:19.428000,28.0,5.0,,,17.25,37.341,24.837,0 days 01:20:16.401000,0 days 01:20:53.742000,0 days 01:21:18.579000,207.0,248.0,263.0,326.0,False,ULTRASOFT,13.0,False,McLaren,0 days 01:19:59.151000,2018-07-20 14:15:59.171,1,,False,,False,True,79.428,79.428
339,0 days 01:23:13.141000,ALO,14,0 days 00:01:54.562000,29.0,5.0,,,17.507,61.961,35.094,0 days 01:21:36.086000,0 days 01:22:38.047000,0 days 01:23:13.141000,206.0,87.0,179.0,321.0,False,ULTRASOFT,14.0,False,McLaren,0 days 01:21:18.579000,2018-07-20 14:17:18.599,1,,False,,False,True,114.562,114.56200000000001
340,0 days 01:25:19.797000,ALO,14,0 days 00:02:06.656000,30.0,5.0,,,32.265,59.233,35.158,0 days 01:23:45.406000,0 days 01:24:44.639000,0 days 01:25:19.797000,112.0,95.0,261.0,107.0,False,ULTRASOFT,15.0,False,McLaren,0 days 01:23:13.141000,2018-07-20 14:19:13.161,1,,False,,False,True,126.656,126.65599999999999
341,0 days 01:26:42.707000,ALO,14,0 days 00:01:22.910000,31.0,5.0,,,17.59,39.505,25.815,0 days 01:25:37.387000,0 days 01:26:16.892000,0 days 01:26:42.707000,206.0,248.0,257.0,303.0,False,ULTRASOFT,16.0,False,McLaren,0 days 01:25:19.797000,2018-07-20 14:21:19.817,1,,False,,False,True,82.91,82.91
342,0 days 01:28:02.618000,ALO,14,0 days 00:01:19.911000,32.0,5.0,,,17.499,37.667,24.745,0 days 01:27:00.206000,0 days 01:27:37.873000,0 days 01:28:02.618000,205.0,249.0,257.0,295.0,False,ULTRASOFT,17.0,False,McLaren,0 days 01:26:42.707000,2018-07-20 14:22:42.727,1,,False,,False,True,79.911,79.911
343,0 days 01:29:26.540000,ALO,14,0 days 00:01:23.922000,33.0,5.0,,0 days 01:29:24.063000,17.608,37.573,28.741,0 days 01:28:20.226000,0 days 01:28:57.799000,0 days 01:29:26.540000,206.0,249.0,,297.0,False,ULTRASOFT,18.0,False,McLaren,0 days 01:28:02.618000,2018-07-20 14:24:02.638,1,,False,,False,False,83.922,83.922
344,0 days 01:31:02.564000,ALO,14,0 days 00:01:36.024000,34.0,6.0,0 days 01:29:43.565000,,32.663,37.402,25.959,0 days 01:29:59.203000,0 days 01:30:36.605000,0 days 01:31:02.564000,208.0,252.0,259.0,298.0,False,SOFT,15.0,False,McLaren,0 days 01:29:26.540000,2018-07-20 14:25:26.560,1,,False,,False,False,96.024,96.024
345,0 days 01:32:21.634000,ALO,14,0 days 00:01:19.070000,35.0,6.0,,,17.259,37.471,24.34,0 days 01:31:19.823000,0 days 01:31:57.294000,0 days 01:32:21.634000,205.0,249.0,260.0,296.0,False,SOFT,16.0,False,McLaren,0 days 01:31:02.564000,2018-07-20 14:27:02.584,1,,False,,False,True,79.07,79.07
346,0 days 01:33:41.236000,ALO,14,0 days 00:01:19.602000,36.0,6.0,,,17.378,37.449,24.775,0 days 01:32:39.012000,0 days 01:33:16.461000,0 days 01:33:41.236000,206.0,252.0,259.0,298.0,False,SOFT,17.0,False,McLaren,0 days 01:32:21.634000,2018-07-20 14:28:21.654,1,,False,,False,True,79.602,79.602
347,0 days 01:35:01.325000,ALO,14,0 days 00:01:20.089000,37.0,6.0,,,17.4,37.701,24.988,0 days 01:33:58.636000,0 days 01:34:36.337000,0 days 01:35:01.325000,205.0,251.0,266.0,303.0,False,SOFT,18.0,False,McLaren,0 days 01:33:41.236000,2018-07-20 14:29:41.256,1,,False,,False,True,80.089,80.089
348,0 days 01:37:16.089000,ALO,14,0 days 00:02:14.764000,38.0,6.0,,0 days 01:37:12.461000,21.295,69.463,44.006,0 days 01:35:22.620000,0 days 01:36:32.083000,0 days 01:37:16.089000,115.0,149.0,,127.0,False,SOFT,19.0,False,McLaren,0 days 01:35:01.325000,2018-07-20 14:31:01.345,15,,False,,False,False,134.764,134.764
349,0 days 00:09:17.153000,LEC,16,,1.0,1.0,0 days 00:07:39.433000,,,41.78,28.241,,0 days 00:08:48.936000,0 days 00:09:17.240000,171.0,227.0,271.0,287.0,False,MEDIUM,1.0,True,Sauber,0 days 00:07:39.433000,2018-07-20 13:03:39.453,,,False,,False,False,,
350,0 days 00:10:33.010000,LEC,16,0 days 00:01:15.857000,2.0,1.0,,,16.547,35.776,23.534,0 days 00:09:33.700000,0 days 00:10:09.476000,0 days 00:10:33.010000,206.0,263.0,274.0,324.0,True,MEDIUM,2.0,True,Sauber,0 days 00:09:17.153000,2018-07-20 13:05:17.173,,,False,,False,False,75.857,75.857
351,0 days 00:12:54.817000,LEC,16,0 days 00:02:21.807000,3.0,1.0,,,27.528,71.082,43.197,0 days 00:11:00.538000,0 days 00:12:11.620000,0 days 00:12:54.817000,103.0,101.0,271.0,161.0,False,MEDIUM,3.0,True,Sauber,0 days 00:10:33.010000,2018-07-20 13:06:33.030,,,False,,False,False,141.807,141.807
352,0 days 00:14:10.128000,LEC,16,0 days 00:01:15.311000,4.0,1.0,,,16.394,35.819,23.098,0 days 00:13:11.211000,0 days 00:13:47.030000,0 days 00:14:10.128000,208.0,263.0,274.0,322.0,True,MEDIUM,4.0,True,Sauber,0 days 00:12:54.817000,2018-07-20 13:08:54.837,,,False,,False,False,75.311,75.311
353,0 days 00:16:16.845000,LEC,16,0 days 00:02:06.717000,5.0,1.0,,,31.058,65.137,30.522,0 days 00:14:41.186000,0 days 00:15:46.323000,0 days 00:16:16.845000,110.0,121.0,273.0,176.0,False,MEDIUM,5.0,True,Sauber,0 days 00:14:10.128000,2018-07-20 13:10:10.148,,,False,,False,False,126.717,126.71699999999998
354,0 days 00:17:32.115000,LEC,16,0 days 00:01:15.270000,6.0,1.0,,,16.386,35.521,23.363,0 days 00:16:33.231000,0 days 00:17:08.752000,0 days 00:17:32.115000,213.0,265.0,272.0,322.0,True,MEDIUM,6.0,True,Sauber,0 days 00:16:16.845000,2018-07-20 13:12:16.865,,,False,,False,False,75.27,75.27
355,0 days 00:19:40.244000,LEC,16,0 days 00:02:08.129000,7.0,1.0,,,25.171,59.549,43.409,0 days 00:17:57.286000,0 days 00:18:56.835000,0 days 00:19:40.244000,118.0,111.0,271.0,198.0,False,MEDIUM,7.0,True,Sauber,0 days 00:17:32.115000,2018-07-20 13:13:32.135,,,False,,False,False,128.129,128.129
356,0 days 00:20:55.678000,LEC,16,0 days 00:01:15.434000,8.0,1.0,,,16.333,35.778,23.323,0 days 00:19:56.577000,0 days 00:20:32.355000,0 days 00:20:55.678000,214.0,262.0,275.0,322.0,False,MEDIUM,8.0,True,Sauber,0 days 00:19:40.244000,2018-07-20 13:15:40.264,,,False,,False,False,75.434,75.434
357,0 days 00:22:30.354000,LEC,16,0 days 00:01:34.676000,9.0,1.0,,0 days 00:22:27.951000,19.861,44.814,30.001,0 days 00:21:15.539000,0 days 00:22:00.353000,0 days 00:22:30.354000,177.0,200.0,,239.0,False,MEDIUM,9.0,True,Sauber,0 days 00:20:55.678000,2018-07-20 13:16:55.698,,,False,,False,False,94.676,94.676
358,0 days 00:37:29.827000,LEC,16,,10.0,2.0,0 days 00:35:34.058000,,,58.545,37.481,,0 days 00:36:52.346000,0 days 00:37:29.927000,161.0,146.0,271.0,200.0,False,ULTRASOFT,1.0,True,Sauber,0 days 00:22:30.354000,2018-07-20 13:18:30.374,21,,False,,False,False,,
359,0 days 00:38:44.399000,LEC,16,0 days 00:01:14.572000,11.0,2.0,,,16.34,35.237,22.995,0 days 00:37:46.167000,0 days 00:38:21.404000,0 days 00:38:44.399000,215.0,264.0,272.0,321.0,True,ULTRASOFT,2.0,True,Sauber,0 days 00:37:29.827000,2018-07-20 13:33:29.847,1,,False,,False,True,74.572,74.572
360,0 days 00:41:26.054000,LEC,16,,12.0,2.0,,,36.88,83.895,40.886,0 days 00:39:21.357000,0 days 00:40:45.176000,0 days 00:41:26.148000,76.0,93.0,272.0,124.0,False,ULTRASOFT,3.0,True,Sauber,0 days 00:38:44.399000,2018-07-20 13:34:44.419,1,,False,,False,False,,161.661
361,0 days 00:42:40.428000,LEC,16,0 days 00:01:14.374000,13.0,2.0,,,16.168,35.348,22.858,0 days 00:41:42.222000,0 days 00:42:17.570000,0 days 00:42:40.428000,215.0,261.0,273.0,320.0,True,ULTRASOFT,4.0,True,Sauber,0 days 00:41:26.054000,2018-07-20 13:37:26.074,1,,False,,False,True,74.374,74.374
362,0 days 00:45:10.305000,LEC,16,0 days 00:02:29.877000,14.0,2.0,,,27.207,80.198,42.472,0 days 00:43:07.635000,0 days 00:44:27.833000,0 days 00:45:10.305000,98.0,105.0,271.0,129.0,False,ULTRASOFT,5.0,True,Sauber,0 days 00:42:40.428000,2018-07-20 13:38:40.448,1,,False,,False,True,149.877,149.877
363,0 days 00:46:24.946000,LEC,16,0 days 00:01:14.641000,15.0,2.0,,,16.179,35.566,22.896,0 days 00:45:26.484000,0 days 00:46:02.050000,0 days 00:46:24.946000,213.0,263.0,274.0,320.0,False,ULTRASOFT,6.0,True,Sauber,0 days 00:45:10.305000,2018-07-20 13:41:10.325,1,,False,,False,True,74.641,74.641
364,0 days 00:48:13.619000,LEC,16,0 days 00:01:48.673000,16.0,2.0,,0 days 00:48:11.163000,22.669,43.761,42.243,0 days 00:46:47.615000,0 days 00:47:31.376000,0 days 00:48:13.619000,183.0,170.0,,280.0,False,ULTRASOFT,7.0,True,Sauber,0 days 00:46:24.946000,2018-07-20 13:42:24.966,1,,False,,False,False,108.673,108.673
365,0 days 01:03:10.646000,LEC,16,,17.0,3.0,0 days 01:01:40.061000,,,38.075,27.31,,0 days 01:02:43.343000,0 days 01:03:10.738000,198.0,250.0,257.0,308.0,False,ULTRASOFT,8.0,False,Sauber,0 days 00:48:13.619000,2018-07-20 13:44:13.639,1,,False,,False,False,,
366,0 days 01:04:30.442000,LEC,16,0 days 00:01:19.796000,18.0,3.0,,,17.291,37.429,25.076,0 days 01:03:27.937000,0 days 01:04:05.366000,0 days 01:04:30.442000,206.0,252.0,258.0,305.0,False,ULTRASOFT,9.0,False,Sauber,0 days 01:03:10.646000,2018-07-20 13:59:10.666,1,,False,,False,True,79.796,79.79599999999999
367,0 days 01:05:50.410000,LEC,16,0 days 00:01:19.968000,19.0,3.0,,,17.688,37.491,24.789,0 days 01:04:48.130000,0 days 01:05:25.621000,0 days 01:05:50.410000,199.0,252.0,258.0,305.0,False,ULTRASOFT,10.0,False,Sauber,0 days 01:04:30.442000,2018-07-20 14:00:30.462,1,,False,,False,True,79.968,79.968
368,0 days 01:07:10.210000,LEC,16,0 days 00:01:19.800000,20.0,3.0,,,17.489,37.324,24.987,0 days 01:06:07.899000,0 days 01:06:45.223000,0 days 01:07:10.210000,203.0,250.0,260.0,304.0,False,ULTRASOFT,11.0,False,Sauber,0 days 01:05:50.410000,2018-07-20 14:01:50.430,1,,False,,False,True,79.8,79.8
369,0 days 01:08:30.057000,LEC,16,0 days 00:01:19.847000,21.0,3.0,,,17.453,37.519,24.875,0 days 01:07:27.663000,0 days 01:08:05.182000,0 days 01:08:30.057000,202.0,252.0,259.0,306.0,False,ULTRASOFT,12.0,False,Sauber,0 days 01:07:10.210000,2018-07-20 14:03:10.230,1,,False,,False,True,79.847,79.847
370,0 days 01:09:49.924000,LEC,16,0 days 00:01:19.867000,22.0,3.0,,,17.445,37.68,24.742,0 days 01:08:47.502000,0 days 01:09:25.182000,0 days 01:09:49.924000,199.0,250.0,259.0,303.0,False,ULTRASOFT,13.0,False,Sauber,0 days 01:08:30.057000,2018-07-20 14:04:30.077,1,,False,,False,True,79.867,79.867
371,0 days 01:11:09.703000,LEC,16,0 days 00:01:19.779000,23.0,3.0,,,17.518,37.722,24.539,0 days 01:10:07.442000,0 days 01:10:45.164000,0 days 01:11:09.703000,198.0,251.0,261.0,302.0,False,ULTRASOFT,14.0,False,Sauber,0 days 01:09:49.924000,2018-07-20 14:05:49.944,1,,False,,False,True,79.779,79.779
372,0 days 01:12:32.487000,LEC,16,0 days 00:01:22.784000,24.0,3.0,,0 days 01:12:30.076000,17.386,37.555,27.843,0 days 01:11:27.089000,0 days 01:12:04.644000,0 days 01:12:32.487000,205.0,252.0,,303.0,False,ULTRASOFT,15.0,False,Sauber,0 days 01:11:09.703000,2018-07-20 14:07:09.723,1,,False,,False,False,82.784,82.784
373,0 days 01:14:07.077000,LEC,16,0 days 00:01:34.590000,25.0,4.0,0 days 01:12:49.658000,,32.874,37.051,24.665,0 days 01:13:05.361000,0 days 01:13:42.412000,0 days 01:14:07.077000,208.0,251.0,258.0,318.0,False,MEDIUM,10.0,False,Sauber,0 days 01:12:32.487000,2018-07-20 14:08:32.507,12,,False,,False,False,94.59,94.59
374,0 days 01:15:26.682000,LEC,16,0 days 00:01:19.605000,26.0,4.0,,,17.559,37.394,24.652,0 days 01:14:24.636000,0 days 01:15:02.030000,0 days 01:15:26.682000,205.0,253.0,260.0,305.0,False,MEDIUM,11.0,False,Sauber,0 days 01:14:07.077000,2018-07-20 14:10:07.097,21,,False,,False,True,79.605,79.605
375,0 days 01:16:46.177000,LEC,16,0 days 00:01:19.495000,27.0,4.0,,,17.34,37.541,24.614,0 days 01:15:44.022000,0 days 01:16:21.563000,0 days 01:16:46.177000,206.0,251.0,258.0,304.0,False,MEDIUM,12.0,False,Sauber,0 days 01:15:26.682000,2018-07-20 14:11:26.702,1,,False,,False,True,79.495,79.495
376,0 days 01:18:05.876000,LEC,16,0 days 00:01:19.699000,28.0,4.0,,,17.476,37.488,24.735,0 days 01:17:03.653000,0 days 01:17:41.141000,0 days 01:18:05.876000,202.0,250.0,257.0,303.0,False,MEDIUM,13.0,False,Sauber,0 days 01:16:46.177000,2018-07-20 14:12:46.197,1,,False,,False,True,79.699,79.699
377,0 days 01:19:25.555000,LEC,16,0 days 00:01:19.679000,29.0,4.0,,,17.474,37.452,24.753,0 days 01:18:23.350000,0 days 01:19:00.802000,0 days 01:19:25.555000,202.0,252.0,259.0,303.0,False,MEDIUM,14.0,False,Sauber,0 days 01:18:05.876000,2018-07-20 14:14:05.896,1,,False,,False,True,79.679,79.679
378,0 days 01:20:46.977000,LEC,16,0 days 00:01:21.422000,30.0,4.0,,,17.437,38.767,25.218,0 days 01:19:42.992000,0 days 01:20:21.759000,0 days 01:20:46.977000,201.0,247.0,259.0,305.0,False,MEDIUM,15.0,False,Sauber,0 days 01:19:25.555000,2018-07-20 14:15:25.575,1,,False,,False,True,81.422,81.42200000000001
379,0 days 01:22:06.791000,LEC,16,0 days 00:01:19.814000,31.0,4.0,,,17.431,37.457,24.926,0 days 01:21:04.408000,0 days 01:21:41.865000,0 days 01:22:06.791000,201.0,253.0,261.0,308.0,False,MEDIUM,16.0,False,Sauber,0 days 01:20:46.977000,2018-07-20 14:16:46.997,1,,False,,False,True,79.814,79.81400000000001
380,0 days 01:23:27.226000,LEC,16,0 days 00:01:20.435000,32.0,4.0,,,17.348,37.409,25.678,0 days 01:22:24.139000,0 days 01:23:01.548000,0 days 01:23:27.226000,199.0,254.0,260.0,309.0,False,MEDIUM,17.0,False,Sauber,0 days 01:22:06.791000,2018-07-20 14:18:06.811,1,,False,,False,True,80.435,80.435
381,0 days 01:24:49.517000,LEC,16,0 days 00:01:22.291000,33.0,4.0,,,17.689,39.237,25.365,0 days 01:23:44.915000,0 days 01:24:24.152000,0 days 01:24:49.517000,191.0,254.0,261.0,312.0,False,MEDIUM,18.0,False,Sauber,0 days 01:23:27.226000,2018-07-20 14:19:27.246,1,,False,,False,True,82.291,82.291
382,0 days 01:26:09.362000,LEC,16,0 days 00:01:19.845000,34.0,4.0,,,17.503,37.506,24.836,0 days 01:25:07.020000,0 days 01:25:44.526000,0 days 01:26:09.362000,195.0,252.0,261.0,307.0,False,MEDIUM,19.0,False,Sauber,0 days 01:24:49.517000,2018-07-20 14:20:49.537,1,,False,,False,True,79.845,79.845
383,0 days 01:27:29.137000,LEC,16,0 days 00:01:19.775000,35.0,4.0,,,17.415,37.433,24.927,0 days 01:26:26.777000,0 days 01:27:04.210000,0 days 01:27:29.137000,199.0,251.0,259.0,305.0,False,MEDIUM,20.0,False,Sauber,0 days 01:26:09.362000,2018-07-20 14:22:09.382,1,,False,,False,True,79.775,79.775
384,0 days 01:28:49.072000,LEC,16,0 days 00:01:19.935000,36.0,4.0,,,17.438,37.609,24.888,0 days 01:27:46.575000,0 days 01:28:24.184000,0 days 01:28:49.072000,199.0,250.0,261.0,305.0,False,MEDIUM,21.0,False,Sauber,0 days 01:27:29.137000,2018-07-20 14:23:29.157,1,,False,,False,True,79.935,79.935
385,0 days 01:30:08.594000,LEC,16,0 days 00:01:19.522000,37.0,4.0,,,17.416,37.316,24.79,0 days 01:29:06.488000,0 days 01:29:43.804000,0 days 01:30:08.594000,199.0,253.0,261.0,306.0,False,MEDIUM,22.0,False,Sauber,0 days 01:28:49.072000,2018-07-20 14:24:49.092,1,,False,,False,True,79.522,79.52199999999999
386,0 days 01:31:27.950000,LEC,16,0 days 00:01:19.356000,38.0,4.0,,,17.464,37.259,24.633,0 days 01:30:26.058000,0 days 01:31:03.317000,0 days 01:31:27.950000,198.0,254.0,262.0,307.0,False,MEDIUM,23.0,False,Sauber,0 days 01:30:08.594000,2018-07-20 14:26:08.614,1,,False,,False,True,79.356,79.356
387,0 days 01:32:47.405000,LEC,16,0 days 00:01:19.455000,39.0,4.0,,,17.285,37.471,24.699,0 days 01:31:45.235000,0 days 01:32:22.706000,0 days 01:32:47.405000,204.0,252.0,261.0,306.0,False,MEDIUM,24.0,False,Sauber,0 days 01:31:27.950000,2018-07-20 14:27:27.970,1,,False,,False,True,79.455,79.455
388,0 days 01:34:06.541000,LEC,16,0 days 00:01:19.136000,40.0,4.0,,,17.187,37.245,24.704,0 days 01:33:04.592000,0 days 01:33:41.837000,0 days 01:34:06.541000,202.0,253.0,262.0,304.0,False,MEDIUM,25.0,False,Sauber,0 days 01:32:47.405000,2018-07-20 14:28:47.425,1,,False,,False,True,79.136,79.136
389,0 days 01:35:32.358000,LEC,16,0 days 00:01:25.817000,41.0,4.0,,0 days 01:35:29.826000,17.474,39.56,28.783,0 days 01:34:24.015000,0 days 01:35:03.575000,0 days 01:35:32.358000,191.0,248.0,,299.0,False,MEDIUM,26.0,False,Sauber,0 days 01:34:06.541000,2018-07-20 14:30:06.561,15,,False,,False,False,85.817,85.81700000000001
390,0 days 00:08:17.208000,STR,18,,1.0,,0 days 00:06:52.308000,,,39.358,27.522,,0 days 00:07:49.702000,0 days 00:08:17.259000,175.0,243.0,266.0,301.0,False,nan,,True,Williams,0 days 00:06:52.308000,2018-07-20 13:02:52.328,,,False,,False,False,,
391,0 days 00:09:34.603000,STR,18,0 days 00:01:17.395000,2.0,1.0,,,16.794,36.707,23.894,0 days 00:08:34.002000,0 days 00:09:10.709000,0 days 00:09:34.603000,210.0,256.0,268.0,320.0,True,MEDIUM,3.0,False,Williams,0 days 00:08:17.208000,2018-07-20 13:04:17.228,,,False,,False,False,77.395,77.39500000000001
392,0 days 00:11:08.236000,STR,18,0 days 00:01:33.633000,3.0,1.0,,,20.05,42.904,30.679,0 days 00:09:54.653000,0 days 00:10:37.557000,0 days 00:11:08.236000,145.0,232.0,269.0,297.0,False,MEDIUM,4.0,False,Williams,0 days 00:09:34.603000,2018-07-20 13:05:34.623,,,False,,False,False,93.633,93.63300000000001
393,0 days 00:12:25.082000,STR,18,0 days 00:01:16.846000,4.0,1.0,,,16.615,36.449,23.782,0 days 00:11:24.851000,0 days 00:12:01.300000,0 days 00:12:25.082000,213.0,257.0,272.0,320.0,True,MEDIUM,5.0,False,Williams,0 days 00:11:08.236000,2018-07-20 13:07:08.256,,,False,,False,False,76.846,76.84599999999999
394,0 days 00:14:04.591000,STR,18,0 days 00:01:39.509000,5.0,1.0,,,20.668,47.323,31.518,0 days 00:12:45.750000,0 days 00:13:33.073000,0 days 00:14:04.591000,153.0,194.0,272.0,266.0,False,MEDIUM,6.0,False,Williams,0 days 00:12:25.082000,2018-07-20 13:08:25.102,,,False,,False,False,99.509,99.509
395,0 days 00:15:20.757000,STR,18,0 days 00:01:16.166000,6.0,1.0,,,16.488,36.184,23.494,0 days 00:14:21.079000,0 days 00:14:57.263000,0 days 00:15:20.757000,213.0,260.0,270.0,323.0,True,MEDIUM,7.0,False,Williams,0 days 00:14:04.591000,2018-07-20 13:10:04.611,,,False,,False,False,76.166,76.166
396,0 days 00:17:03.243000,STR,18,0 days 00:01:42.486000,7.0,1.0,,,20.148,45.906,36.432,0 days 00:15:40.905000,0 days 00:16:26.811000,0 days 00:17:03.243000,136.0,175.0,271.0,299.0,False,MEDIUM,8.0,False,Williams,0 days 00:15:20.757000,2018-07-20 13:11:20.777,,,False,,False,False,102.486,102.486
397,0 days 00:18:20.582000,STR,18,0 days 00:01:17.339000,8.0,1.0,,,16.627,36.331,24.381,0 days 00:17:19.870000,0 days 00:17:56.201000,0 days 00:18:20.582000,210.0,259.0,248.0,321.0,False,MEDIUM,9.0,False,Williams,0 days 00:17:03.243000,2018-07-20 13:13:03.263,,,False,,False,False,77.339,77.339
398,0 days 00:20:01.904000,STR,18,0 days 00:01:41.322000,9.0,1.0,,0 days 00:19:59.469000,20.551,47.981,32.79,0 days 00:18:41.133000,0 days 00:19:29.114000,0 days 00:20:01.904000,161.0,218.0,,212.0,False,MEDIUM,10.0,False,Williams,0 days 00:18:20.582000,2018-07-20 13:14:20.602,,,False,,False,False,101.322,101.322
399,0 days 00:48:56.341000,STR,18,,10.0,2.0,0 days 00:47:29.645000,,,39.884,29.991,,0 days 00:48:26.354000,0 days 00:48:56.441000,196.0,238.0,267.0,306.0,False,ULTRASOFT,1.0,True,Williams,0 days 00:20:01.904000,2018-07-20 13:16:01.924,21,,False,,False,False,,
400,0 days 00:50:11.610000,STR,18,0 days 00:01:15.269000,11.0,2.0,,,16.359,35.815,23.095,0 days 00:49:12.700000,0 days 00:49:48.515000,0 days 00:50:11.610000,213.0,257.0,272.0,324.0,True,ULTRASOFT,2.0,True,Williams,0 days 00:48:56.341000,2018-07-20 13:44:56.361,1,,False,,False,True,75.269,75.269
401,0 days 00:52:00.565000,STR,18,0 days 00:01:48.955000,12.0,2.0,,,22.89,51.649,34.416,0 days 00:50:34.500000,0 days 00:51:26.149000,0 days 00:52:00.565000,135.0,168.0,267.0,215.0,False,ULTRASOFT,3.0,True,Williams,0 days 00:50:11.610000,2018-07-20 13:46:11.630,1,,False,,False,True,108.955,108.955
402,0 days 00:53:21.379000,STR,18,0 days 00:01:20.814000,13.0,2.0,,,16.302,35.98,28.532,0 days 00:52:16.867000,0 days 00:52:52.847000,0 days 00:53:21.379000,211.0,258.0,224.0,318.0,False,ULTRASOFT,4.0,True,Williams,0 days 00:52:00.565000,2018-07-20 13:48:00.585,1,,False,,False,True,80.814,80.814
403,0 days 00:55:20.797000,STR,18,0 days 00:01:59.418000,14.0,2.0,,,22.854,55.381,41.183,0 days 00:53:44.233000,0 days 00:54:39.614000,0 days 00:55:20.797000,162.0,121.0,266.0,195.0,False,ULTRASOFT,5.0,True,Williams,0 days 00:53:21.379000,2018-07-20 13:49:21.399,1,,False,,False,True,119.418,119.418
404,0 days 00:56:51.121000,STR,18,0 days 00:01:30.324000,15.0,2.0,,0 days 00:56:48.673000,16.314,40.975,33.035,0 days 00:55:37.111000,0 days 00:56:18.086000,0 days 00:56:51.121000,212.0,203.0,,320.0,False,ULTRASOFT,6.0,True,Williams,0 days 00:55:20.797000,2018-07-20 13:51:20.817,1,,False,,False,False,90.324,90.324
405,0 days 01:07:17.719000,STR,18,,16.0,3.0,0 days 01:05:57.029000,,,37.898,24.755,,0 days 01:06:52.988000,0 days 01:07:17.803000,184.0,250.0,259.0,298.0,False,ULTRASOFT,7.0,False,Williams,0 days 00:56:51.121000,2018-07-20 13:52:51.141,1,,False,,False,False,,
406,0 days 01:08:37.200000,STR,18,0 days 00:01:19.481000,17.0,3.0,,,17.449,37.458,24.574,0 days 01:07:35.168000,0 days 01:08:12.626000,0 days 01:08:37.200000,202.0,247.0,260.0,294.0,False,ULTRASOFT,8.0,False,Williams,0 days 01:07:17.719000,2018-07-20 14:03:17.739,1,,False,,False,True,79.481,79.481
407,0 days 01:09:57.164000,STR,18,0 days 00:01:19.964000,18.0,3.0,,,17.562,37.811,24.591,0 days 01:08:54.762000,0 days 01:09:32.573000,0 days 01:09:57.164000,201.0,252.0,260.0,294.0,False,ULTRASOFT,9.0,False,Williams,0 days 01:08:37.200000,2018-07-20 14:04:37.220,1,,False,,False,True,79.964,79.964
408,0 days 01:11:17.237000,STR,18,0 days 00:01:20.073000,19.0,3.0,,,17.652,37.785,24.636,0 days 01:10:14.816000,0 days 01:10:52.601000,0 days 01:11:17.237000,204.0,252.0,260.0,295.0,False,ULTRASOFT,10.0,False,Williams,0 days 01:09:57.164000,2018-07-20 14:05:57.184,1,,False,,False,True,80.073,80.073
409,0 days 01:12:37.580000,STR,18,0 days 00:01:20.343000,20.0,3.0,,,17.607,37.953,24.783,0 days 01:11:34.844000,0 days 01:12:12.797000,0 days 01:12:37.580000,204.0,252.0,260.0,297.0,False,ULTRASOFT,11.0,False,Williams,0 days 01:11:17.237000,2018-07-20 14:07:17.257,1,,False,,False,True,80.343,80.343
410,0 days 01:13:58.007000,STR,18,0 days 00:01:20.427000,21.0,3.0,,,17.729,37.859,24.839,0 days 01:12:55.309000,0 days 01:13:33.168000,0 days 01:13:58.007000,204.0,250.0,258.0,299.0,False,ULTRASOFT,12.0,False,Williams,0 days 01:12:37.580000,2018-07-20 14:08:37.600,1,,False,,False,True,80.427,80.42699999999999
411,0 days 01:15:18.327000,STR,18,0 days 00:01:20.320000,22.0,3.0,,,17.724,37.666,24.93,0 days 01:14:15.731000,0 days 01:14:53.397000,0 days 01:15:18.327000,205.0,252.0,260.0,302.0,False,ULTRASOFT,13.0,False,Williams,0 days 01:13:58.007000,2018-07-20 14:09:58.027,12,,False,,False,True,80.32,80.32
412,0 days 01:16:38.541000,STR,18,0 days 00:01:20.214000,23.0,3.0,,,17.65,37.604,24.96,0 days 01:15:35.977000,0 days 01:16:13.581000,0 days 01:16:38.541000,203.0,253.0,260.0,304.0,False,ULTRASOFT,14.0,False,Williams,0 days 01:15:18.327000,2018-07-20 14:11:18.347,1,,False,,False,True,80.214,80.214
413,0 days 01:18:02.288000,STR,18,0 days 00:01:23.747000,24.0,3.0,,0 days 01:17:59.853000,17.659,37.72,28.368,0 days 01:16:56.200000,0 days 01:17:33.920000,0 days 01:18:02.288000,200.0,252.0,,310.0,False,ULTRASOFT,15.0,False,Williams,0 days 01:16:38.541000,2018-07-20 14:12:38.561,1,,False,,False,False,83.747,83.747
414,0 days 01:19:38.195000,STR,18,0 days 00:01:35.907000,25.0,4.0,0 days 01:18:20.434000,,33.907,37.254,24.746,0 days 01:18:36.195000,0 days 01:19:13.449000,0 days 01:19:38.195000,207.0,252.0,260.0,306.0,False,MEDIUM,12.0,False,Williams,0 days 01:18:02.288000,2018-07-20 14:14:02.308,1,,False,,False,False,95.907,95.907
415,0 days 01:20:58.500000,STR,18,0 days 00:01:20.305000,26.0,4.0,,,17.882,37.664,24.759,0 days 01:19:56.077000,0 days 01:20:33.741000,0 days 01:20:58.500000,199.0,249.0,259.0,303.0,False,MEDIUM,13.0,False,Williams,0 days 01:19:38.195000,2018-07-20 14:15:38.215,1,,False,,False,True,80.305,80.305
416,0 days 01:22:18.397000,STR,18,0 days 00:01:19.897000,27.0,4.0,,,17.591,37.546,24.76,0 days 01:21:16.091000,0 days 01:21:53.637000,0 days 01:22:18.397000,206.0,254.0,261.0,303.0,False,MEDIUM,14.0,False,Williams,0 days 01:20:58.500000,2018-07-20 14:16:58.520,1,,False,,False,True,79.897,79.897
417,0 days 01:23:38.208000,STR,18,0 days 00:01:19.811000,28.0,4.0,,,17.566,37.556,24.689,0 days 01:22:35.963000,0 days 01:23:13.519000,0 days 01:23:38.208000,203.0,253.0,260.0,302.0,False,MEDIUM,15.0,False,Williams,0 days 01:22:18.397000,2018-07-20 14:18:18.417,1,,False,,False,True,79.811,79.811
418,0 days 01:24:57.966000,STR,18,0 days 00:01:19.758000,29.0,4.0,,,17.526,37.508,24.724,0 days 01:23:55.734000,0 days 01:24:33.242000,0 days 01:24:57.966000,208.0,254.0,259.0,306.0,False,MEDIUM,16.0,False,Williams,0 days 01:23:38.208000,2018-07-20 14:19:38.228,1,,False,,False,True,79.758,79.75800000000001
419,0 days 01:26:17.623000,STR,18,0 days 00:01:19.657000,30.0,4.0,,,17.503,37.377,24.777,0 days 01:25:15.469000,0 days 01:25:52.846000,0 days 01:26:17.623000,205.0,254.0,261.0,318.0,False,MEDIUM,17.0,False,Williams,0 days 01:24:57.966000,2018-07-20 14:20:57.986,1,,False,,False,True,79.657,79.65700000000001
420,0 days 01:27:39.308000,STR,18,0 days 00:01:21.685000,31.0,4.0,,,17.532,38.662,25.491,0 days 01:26:35.155000,0 days 01:27:13.817000,0 days 01:27:39.308000,205.0,246.0,258.0,297.0,False,MEDIUM,18.0,False,Williams,0 days 01:26:17.623000,2018-07-20 14:22:17.643,1,,False,,False,True,81.685,81.685
421,0 days 01:28:59.628000,STR,18,0 days 00:01:20.320000,32.0,4.0,,,17.709,37.719,24.892,0 days 01:27:57.017000,0 days 01:28:34.736000,0 days 01:28:59.628000,202.0,251.0,259.0,304.0,False,MEDIUM,19.0,False,Williams,0 days 01:27:39.308000,2018-07-20 14:23:39.328,1,,False,,False,True,80.32,80.32
422,0 days 01:30:19.499000,STR,18,0 days 00:01:19.871000,33.0,4.0,,,17.646,37.389,24.836,0 days 01:29:17.274000,0 days 01:29:54.663000,0 days 01:30:19.499000,205.0,252.0,259.0,317.0,False,MEDIUM,20.0,False,Williams,0 days 01:28:59.628000,2018-07-20 14:24:59.648,1,,False,,False,True,79.871,79.87100000000001
423,0 days 01:31:39.168000,STR,18,0 days 00:01:19.669000,34.0,4.0,,,17.534,37.475,24.66,0 days 01:30:37.033000,0 days 01:31:14.508000,0 days 01:31:39.168000,206.0,253.0,260.0,306.0,False,MEDIUM,21.0,False,Williams,0 days 01:30:19.499000,2018-07-20 14:26:19.519,1,,False,,False,True,79.669,79.669
424,0 days 01:33:02.549000,STR,18,0 days 00:01:23.381000,35.0,4.0,,,17.523,37.989,27.869,0 days 01:31:56.691000,0 days 01:32:34.680000,0 days 01:33:02.549000,207.0,225.0,258.0,316.0,False,MEDIUM,22.0,False,Williams,0 days 01:31:39.168000,2018-07-20 14:27:39.188,1,,False,,False,True,83.381,83.381
425,0 days 01:34:42.048000,STR,18,0 days 00:01:39.499000,36.0,4.0,,0 days 01:34:39.573000,18.669,45.181,35.649,0 days 01:33:21.218000,0 days 01:34:06.399000,0 days 01:34:42.048000,169.0,115.0,,282.0,False,MEDIUM,23.0,False,Williams,0 days 01:33:02.549000,2018-07-20 14:29:02.569,1,,False,,False,False,99.499,99.499
426,0 days 00:10:11.288000,MAG,20,,1.0,1.0,0 days 00:08:34.689000,,,45.288,33.81,,0 days 00:09:37.489000,0 days 00:10:11.377000,165.0,189.0,271.0,292.0,False,SOFT,1.0,True,Haas F1 Team,0 days 00:08:34.689000,2018-07-20 13:04:34.709,,,False,,False,False,,
427,0 days 00:11:26.186000,MAG,20,0 days 00:01:14.898000,2.0,1.0,,,16.3,35.69,22.908,0 days 00:10:27.588000,0 days 00:11:03.278000,0 days 00:11:26.186000,215.0,262.0,272.0,318.0,True,SOFT,2.0,True,Haas F1 Team,0 days 00:10:11.288000,2018-07-20 13:06:11.308,,,False,,False,False,74.898,74.898
428,0 days 00:13:33.842000,MAG,20,0 days 00:02:07.656000,3.0,1.0,,,24.098,64.013,39.545,0 days 00:11:50.284000,0 days 00:12:54.297000,0 days 00:13:33.842000,116.0,106.0,272.0,159.0,False,SOFT,3.0,True,Haas F1 Team,0 days 00:11:26.186000,2018-07-20 13:07:26.206,,,False,,False,False,127.656,127.656
429,0 days 00:14:49.074000,MAG,20,0 days 00:01:15.232000,4.0,1.0,,,16.114,35.487,23.631,0 days 00:13:49.956000,0 days 00:14:25.443000,0 days 00:14:49.074000,215.0,263.0,269.0,320.0,False,SOFT,4.0,True,Haas F1 Team,0 days 00:13:33.842000,2018-07-20 13:09:33.862,,,False,,False,False,75.232,75.232
430,0 days 00:16:54.067000,MAG,20,0 days 00:02:04.993000,5.0,1.0,,,23.336,66.794,34.863,0 days 00:15:12.410000,0 days 00:16:19.204000,0 days 00:16:54.067000,120.0,125.0,271.0,149.0,False,SOFT,5.0,True,Haas F1 Team,0 days 00:14:49.074000,2018-07-20 13:10:49.094,,,False,,False,False,124.993,124.993
431,0 days 00:18:09.066000,MAG,20,0 days 00:01:14.999000,6.0,1.0,,,16.121,35.667,23.211,0 days 00:17:10.188000,0 days 00:17:45.855000,0 days 00:18:09.066000,213.0,262.0,272.0,319.0,False,SOFT,6.0,True,Haas F1 Team,0 days 00:16:54.067000,2018-07-20 13:12:54.087,,,False,,False,False,74.999,74.999
432,0 days 00:20:17.653000,MAG,20,0 days 00:02:08.587000,7.0,1.0,,,27.416,69.61,31.561,0 days 00:18:36.482000,0 days 00:19:46.092000,0 days 00:20:17.653000,109.0,159.0,272.0,150.0,False,SOFT,7.0,True,Haas F1 Team,0 days 00:18:09.066000,2018-07-20 13:14:09.086,,,False,,False,False,128.587,128.587
433,0 days 00:21:32.466000,MAG,20,0 days 00:01:14.813000,8.0,1.0,,,16.063,35.697,23.053,0 days 00:20:33.716000,0 days 00:21:09.413000,0 days 00:21:32.466000,213.0,261.0,273.0,317.0,True,SOFT,8.0,True,Haas F1 Team,0 days 00:20:17.653000,2018-07-20 13:16:17.673,,,False,,False,False,74.813,74.813
434,0 days 00:23:10.765000,MAG,20,0 days 00:01:38.299000,9.0,1.0,,0 days 00:23:08.235000,19.394,50.737,28.168,0 days 00:21:51.860000,0 days 00:22:42.597000,0 days 00:23:10.765000,167.0,240.0,,198.0,False,SOFT,9.0,True,Haas F1 Team,0 days 00:21:32.466000,2018-07-20 13:17:32.486,,,False,,False,False,98.299,98.299
435,0 days 00:39:21.040000,MAG,20,,10.0,2.0,0 days 00:37:43.834000,,,47.224,30.639,,0 days 00:38:50.417000,0 days 00:39:21.139000,158.0,163.0,271.0,304.0,False,ULTRASOFT,1.0,True,Haas F1 Team,0 days 00:23:10.765000,2018-07-20 13:19:10.785,21,,False,,False,False,,
436,0 days 00:40:35.229000,MAG,20,0 days 00:01:14.189000,11.0,2.0,,,16.066,35.426,22.697,0 days 00:39:37.106000,0 days 00:40:12.532000,0 days 00:40:35.229000,214.0,263.0,269.0,319.0,True,ULTRASOFT,2.0,True,Haas F1 Team,0 days 00:39:21.040000,2018-07-20 13:35:21.060,1,,False,,False,True,74.189,74.18900000000001
437,0 days 00:42:49.309000,MAG,20,0 days 00:02:14.080000,12.0,2.0,,,25.202,70.517,38.361,0 days 00:41:00.431000,0 days 00:42:10.948000,0 days 00:42:49.309000,105.0,116.0,272.0,146.0,False,ULTRASOFT,3.0,True,Haas F1 Team,0 days 00:40:35.229000,2018-07-20 13:36:35.249,1,,False,,False,True,134.08,134.07999999999998
438,0 days 00:44:03.718000,MAG,20,0 days 00:01:14.409000,13.0,2.0,,,16.051,35.572,22.786,0 days 00:43:05.360000,0 days 00:43:40.932000,0 days 00:44:03.718000,213.0,260.0,267.0,320.0,False,ULTRASOFT,4.0,True,Haas F1 Team,0 days 00:42:49.309000,2018-07-20 13:38:49.329,1,,False,,False,True,74.409,74.409
439,0 days 00:46:22.765000,MAG,20,0 days 00:02:19.047000,14.0,2.0,,,29.585,76.784,32.678,0 days 00:44:33.303000,0 days 00:45:50.087000,0 days 00:46:22.765000,98.0,120.0,270.0,118.0,False,ULTRASOFT,5.0,True,Haas F1 Team,0 days 00:44:03.718000,2018-07-20 13:40:03.738,1,,False,,False,True,139.047,139.047
440,0 days 00:47:37.032000,MAG,20,0 days 00:01:14.267000,15.0,2.0,,,16.009,35.495,22.763,0 days 00:46:38.774000,0 days 00:47:14.269000,0 days 00:47:37.032000,213.0,259.0,269.0,319.0,False,ULTRASOFT,6.0,True,Haas F1 Team,0 days 00:46:22.765000,2018-07-20 13:42:22.785,1,,False,,False,True,74.267,74.267
441,0 days 00:49:16.605000,MAG,20,0 days 00:01:39.573000,16.0,2.0,,0 days 00:49:14.075000,20.17,46.902,32.501,0 days 00:47:57.202000,0 days 00:48:44.104000,0 days 00:49:16.605000,174.0,125.0,,198.0,False,ULTRASOFT,7.0,True,Haas F1 Team,0 days 00:47:37.032000,2018-07-20 13:43:37.052,1,,False,,False,False,99.573,99.57300000000001
442,0 days 01:10:45.401000,MAG,20,,17.0,3.0,0 days 01:09:24.830000,,,38.185,24.909,,0 days 01:10:20.506000,0 days 01:10:45.491000,176.0,251.0,260.0,299.0,False,ULTRASOFT,8.0,False,Haas F1 Team,0 days 00:49:16.605000,2018-07-20 13:45:16.625,1,,False,,False,False,,
443,0 days 01:12:03.916000,MAG,20,0 days 00:01:18.515000,18.0,3.0,,,17.133,37.025,24.357,0 days 01:11:02.534000,0 days 01:11:39.559000,0 days 01:12:03.916000,206.0,253.0,259.0,300.0,False,ULTRASOFT,9.0,False,Haas F1 Team,0 days 01:10:45.401000,2018-07-20 14:06:45.421,1,,False,,False,True,78.515,78.515
444,0 days 01:13:23.800000,MAG,20,0 days 00:01:19.884000,19.0,3.0,,,17.411,37.647,24.826,0 days 01:12:21.327000,0 days 01:12:58.974000,0 days 01:13:23.800000,200.0,252.0,260.0,303.0,False,ULTRASOFT,10.0,False,Haas F1 Team,0 days 01:12:03.916000,2018-07-20 14:08:03.936,1,,False,,False,True,79.884,79.884
445,0 days 01:14:43.882000,MAG,20,0 days 00:01:20.082000,20.0,3.0,,,17.587,37.361,25.134,0 days 01:13:41.387000,0 days 01:14:18.748000,0 days 01:14:43.882000,197.0,252.0,259.0,310.0,False,ULTRASOFT,11.0,False,Haas F1 Team,0 days 01:13:23.800000,2018-07-20 14:09:23.820,12,,False,,False,True,80.082,80.082
446,0 days 01:16:03.613000,MAG,20,0 days 00:01:19.731000,21.0,3.0,,,17.648,37.4,24.683,0 days 01:15:01.530000,0 days 01:15:38.930000,0 days 01:16:03.613000,197.0,252.0,260.0,304.0,False,ULTRASOFT,12.0,False,Haas F1 Team,0 days 01:14:43.882000,2018-07-20 14:10:43.902,1,,False,,False,True,79.731,79.731
447,0 days 01:17:23.173000,MAG,20,0 days 00:01:19.560000,22.0,3.0,,,17.332,37.564,24.664,0 days 01:16:20.945000,0 days 01:16:58.509000,0 days 01:17:23.173000,200.0,251.0,260.0,305.0,False,ULTRASOFT,13.0,False,Haas F1 Team,0 days 01:16:03.613000,2018-07-20 14:12:03.633,1,,False,,False,True,79.56,79.56
448,0 days 01:18:43.103000,MAG,20,0 days 00:01:19.930000,23.0,3.0,,,17.511,37.632,24.787,0 days 01:17:40.684000,0 days 01:18:18.316000,0 days 01:18:43.103000,192.0,251.0,259.0,304.0,False,ULTRASOFT,14.0,False,Haas F1 Team,0 days 01:17:23.173000,2018-07-20 14:13:23.193,1,,False,,False,True,79.93,79.93
449,0 days 01:20:02.777000,MAG,20,0 days 00:01:19.674000,24.0,3.0,,,17.52,37.421,24.733,0 days 01:19:00.623000,0 days 01:19:38.044000,0 days 01:20:02.777000,200.0,253.0,259.0,308.0,False,ULTRASOFT,15.0,False,Haas F1 Team,0 days 01:18:43.103000,2018-07-20 14:14:43.123,1,,False,,False,True,79.674,79.674
450,0 days 01:21:22.948000,MAG,20,0 days 00:01:20.171000,25.0,3.0,,,17.482,37.862,24.827,0 days 01:20:20.259000,0 days 01:20:58.121000,0 days 01:21:22.948000,201.0,248.0,258.0,307.0,False,ULTRASOFT,16.0,False,Haas F1 Team,0 days 01:20:02.777000,2018-07-20 14:16:02.797,1,,False,,False,True,80.171,80.171
451,0 days 01:22:44.657000,MAG,20,0 days 00:01:21.709000,26.0,3.0,,,17.659,39.083,24.967,0 days 01:21:40.607000,0 days 01:22:19.690000,0 days 01:22:44.657000,199.0,249.0,259.0,310.0,False,ULTRASOFT,17.0,False,Haas F1 Team,0 days 01:21:22.948000,2018-07-20 14:17:22.968,1,,False,,False,True,81.709,81.709
452,0 days 01:24:04.524000,MAG,20,0 days 00:01:19.867000,27.0,3.0,,,17.622,37.493,24.752,0 days 01:23:02.279000,0 days 01:23:39.772000,0 days 01:24:04.524000,195.0,253.0,260.0,307.0,False,ULTRASOFT,18.0,False,Haas F1 Team,0 days 01:22:44.657000,2018-07-20 14:18:44.677,1,,False,,False,True,79.867,79.867
453,0 days 01:25:28.410000,MAG,20,0 days 00:01:23.886000,28.0,3.0,,0 days 01:25:25.890000,17.81,37.576,28.5,0 days 01:24:22.334000,0 days 01:24:59.910000,0 days 01:25:28.410000,195.0,253.0,,311.0,False,ULTRASOFT,19.0,False,Haas F1 Team,0 days 01:24:04.524000,2018-07-20 14:20:04.544,1,,False,,False,False,83.886,83.886
454,0 days 01:27:03.794000,MAG,20,0 days 00:01:35.384000,29.0,4.0,0 days 01:25:45.970000,,33.441,37.384,24.559,0 days 01:26:01.851000,0 days 01:26:39.235000,0 days 01:27:03.794000,201.0,253.0,260.0,308.0,False,SOFT,10.0,False,Haas F1 Team,0 days 01:25:28.410000,2018-07-20 14:21:28.430,1,,False,,False,False,95.384,95.384
455,0 days 01:28:23.809000,MAG,20,0 days 00:01:20.015000,30.0,4.0,,,17.78,37.537,24.698,0 days 01:27:21.574000,0 days 01:27:59.111000,0 days 01:28:23.809000,201.0,250.0,260.0,303.0,False,SOFT,11.0,False,Haas F1 Team,0 days 01:27:03.794000,2018-07-20 14:23:03.814,1,,False,,False,True,80.015,80.015
456,0 days 01:29:43.179000,MAG,20,0 days 00:01:19.370000,31.0,4.0,,,17.431,37.353,24.586,0 days 01:28:41.240000,0 days 01:29:18.593000,0 days 01:29:43.179000,200.0,253.0,257.0,305.0,False,SOFT,12.0,False,Haas F1 Team,0 days 01:28:23.809000,2018-07-20 14:24:23.829,1,,False,,False,True,79.37,79.37
457,0 days 01:31:03.620000,MAG,20,0 days 00:01:20.441000,32.0,4.0,,,17.573,37.737,25.131,0 days 01:30:00.752000,0 days 01:30:38.489000,0 days 01:31:03.620000,199.0,252.0,264.0,311.0,False,SOFT,13.0,False,Haas F1 Team,0 days 01:29:43.179000,2018-07-20 14:25:43.199,1,,False,,False,True,80.441,80.441
458,0 days 01:32:27.236000,MAG,20,0 days 00:01:23.616000,33.0,4.0,,,17.533,40.451,25.632,0 days 01:31:21.153000,0 days 01:32:01.604000,0 days 01:32:27.236000,200.0,241.0,261.0,326.0,False,SOFT,14.0,False,Haas F1 Team,0 days 01:31:03.620000,2018-07-20 14:27:03.640,1,,False,,False,True,83.616,83.616
459,0 days 01:33:47.043000,MAG,20,0 days 00:01:19.807000,34.0,4.0,,,17.379,37.634,24.794,0 days 01:32:44.615000,0 days 01:33:22.249000,0 days 01:33:47.043000,200.0,250.0,261.0,302.0,False,SOFT,15.0,False,Haas F1 Team,0 days 01:32:27.236000,2018-07-20 14:28:27.256,1,,False,,False,True,79.807,79.807
460,0 days 01:35:06.595000,MAG,20,0 days 00:01:19.552000,35.0,4.0,,,17.482,37.464,24.606,0 days 01:34:04.525000,0 days 01:34:41.989000,0 days 01:35:06.595000,198.0,254.0,261.0,306.0,False,SOFT,16.0,False,Haas F1 Team,0 days 01:33:47.043000,2018-07-20 14:29:47.063,1,,False,,False,True,79.552,79.55199999999999
461,0 days 01:37:22.548000,MAG,20,0 days 00:02:15.953000,36.0,4.0,,0 days 01:37:18.601000,22.644,64.67,48.639,0 days 01:35:29.239000,0 days 01:36:33.909000,0 days 01:37:22.548000,84.0,160.0,,120.0,False,SOFT,17.0,False,Haas F1 Team,0 days 01:35:06.595000,2018-07-20 14:31:06.615,15,,False,,False,False,135.953,135.953
462,0 days 00:14:23.079000,HUL,27,,1.0,1.0,0 days 00:12:39.611000,,,48.193,35.718,,0 days 00:13:47.384000,0 days 00:14:23.162000,160.0,169.0,269.0,215.0,False,SOFT,1.0,True,Renault,0 days 00:12:39.611000,2018-07-20 13:08:39.631,,,False,,False,False,,
463,0 days 00:15:39.068000,HUL,27,0 days 00:01:15.989000,2.0,1.0,,,16.755,35.868,23.366,0 days 00:14:39.834000,0 days 00:15:15.702000,0 days 00:15:39.068000,213.0,258.0,270.0,322.0,True,SOFT,2.0,True,Renault,0 days 00:14:23.079000,2018-07-20 13:10:23.099,,,False,,False,False,75.989,75.989
464,0 days 00:17:22.783000,HUL,27,0 days 00:01:43.715000,3.0,1.0,,,22.759,48.445,32.511,0 days 00:16:01.827000,0 days 00:16:50.272000,0 days 00:17:22.783000,151.0,179.0,268.0,256.0,False,SOFT,3.0,True,Renault,0 days 00:15:39.068000,2018-07-20 13:11:39.088,,,False,,False,False,103.715,103.715
465,0 days 00:18:39.331000,HUL,27,0 days 00:01:16.548000,4.0,1.0,,,16.604,36.146,23.798,0 days 00:17:39.387000,0 days 00:18:15.533000,0 days 00:18:39.331000,207.0,257.0,268.0,317.0,False,SOFT,4.0,True,Renault,0 days 00:17:22.783000,2018-07-20 13:13:22.803,,,False,,False,False,76.548,76.548
466,0 days 00:20:29.245000,HUL,27,0 days 00:01:49.914000,5.0,1.0,,0 days 00:20:26.713000,24.731,51.221,33.962,0 days 00:19:04.062000,0 days 00:19:55.283000,0 days 00:20:29.245000,142.0,185.0,,196.0,False,SOFT,5.0,True,Renault,0 days 00:18:39.331000,2018-07-20 13:14:39.351,,,False,,False,False,109.914,109.914
467,0 days 00:51:45.834000,HUL,27,,6.0,2.0,0 days 00:50:07.658000,,,46.677,32.779,,0 days 00:51:13.070000,0 days 00:51:45.900000,151.0,173.0,272.0,273.0,False,ULTRASOFT,1.0,True,Renault,0 days 00:20:29.245000,2018-07-20 13:16:29.265,21,,False,,False,False,,
468,0 days 00:53:00.330000,HUL,27,0 days 00:01:14.496000,7.0,2.0,,,16.109,35.391,22.996,0 days 00:52:01.943000,0 days 00:52:37.334000,0 days 00:53:00.330000,216.0,261.0,270.0,319.0,True,ULTRASOFT,2.0,True,Renault,0 days 00:51:45.834000,2018-07-20 13:47:45.854,1,,False,,False,True,74.496,74.496
469,0 days 00:54:45.242000,HUL,27,0 days 00:01:44.912000,8.0,2.0,,0 days 00:54:42.695000,24.27,49.047,31.595,0 days 00:53:24.600000,0 days 00:54:13.647000,0 days 00:54:45.242000,141.0,189.0,,235.0,False,ULTRASOFT,3.0,True,Renault,0 days 00:53:00.330000,2018-07-20 13:49:00.350,1,,False,,False,False,104.912,104.91199999999999
470,0 days 01:04:34.525000,HUL,27,,9.0,3.0,0 days 01:02:53.406000,0 days 01:04:31.993000,,48.484,33.249,,0 days 01:04:01.291000,0 days 01:04:34.571000,158.0,217.0,,225.0,False,ULTRASOFT,4.0,False,Renault,0 days 00:54:45.242000,2018-07-20 13:50:45.262,1,,False,,False,False,,
471,0 days 01:06:29.766000,HUL,27,0 days 00:01:55.241000,10.0,4.0,0 days 01:05:04.745000,,47.161,39.079,29.001,0 days 01:05:21.686000,0 days 01:06:00.765000,0 days 01:06:29.766000,208.0,248.0,260.0,299.0,False,ULTRASOFT,5.0,False,Renault,0 days 01:04:34.525000,2018-07-20 14:00:34.545,1,,False,,False,False,115.241,115.24100000000001
472,0 days 01:07:49.061000,HUL,27,0 days 00:01:19.295000,11.0,4.0,,,17.219,37.393,24.683,0 days 01:06:46.985000,0 days 01:07:24.378000,0 days 01:07:49.061000,208.0,251.0,260.0,298.0,False,ULTRASOFT,6.0,False,Renault,0 days 01:06:29.766000,2018-07-20 14:02:29.786,1,,False,,False,True,79.295,79.295
473,0 days 01:09:09.667000,HUL,27,0 days 00:01:20.606000,12.0,4.0,,,17.427,37.767,25.412,0 days 01:08:06.488000,0 days 01:08:44.255000,0 days 01:09:09.667000,207.0,248.0,259.0,298.0,False,ULTRASOFT,7.0,False,Renault,0 days 01:07:49.061000,2018-07-20 14:03:49.081,1,,False,,False,True,80.606,80.606
474,0 days 01:10:29.784000,HUL,27,0 days 00:01:20.117000,13.0,4.0,,,17.44,37.819,24.858,0 days 01:09:27.107000,0 days 01:10:04.926000,0 days 01:10:29.784000,208.0,252.0,258.0,299.0,False,ULTRASOFT,8.0,False,Renault,0 days 01:09:09.667000,2018-07-20 14:05:09.687,1,,False,,False,True,80.117,80.117
475,0 days 01:11:50.318000,HUL,27,0 days 00:01:20.534000,14.0,4.0,,,17.437,38.034,25.063,0 days 01:10:47.221000,0 days 01:11:25.255000,0 days 01:11:50.318000,208.0,248.0,259.0,298.0,False,ULTRASOFT,9.0,False,Renault,0 days 01:10:29.784000,2018-07-20 14:06:29.804,1,,False,,False,True,80.534,80.534
476,0 days 01:13:10.297000,HUL,27,0 days 00:01:19.979000,15.0,4.0,,,17.408,37.795,24.776,0 days 01:12:07.726000,0 days 01:12:45.521000,0 days 01:13:10.297000,208.0,250.0,259.0,300.0,False,ULTRASOFT,10.0,False,Renault,0 days 01:11:50.318000,2018-07-20 14:07:50.338,1,,False,,False,True,79.979,79.979
477,0 days 01:14:30.175000,HUL,27,0 days 00:01:19.878000,16.0,4.0,,,17.555,37.736,24.587,0 days 01:13:27.852000,0 days 01:14:05.588000,0 days 01:14:30.175000,206.0,249.0,259.0,303.0,False,ULTRASOFT,11.0,False,Renault,0 days 01:13:10.297000,2018-07-20 14:09:10.317,12,,False,,False,True,79.878,79.878
478,0 days 01:15:49.692000,HUL,27,0 days 00:01:19.517000,17.0,4.0,,,17.451,37.732,24.334,0 days 01:14:47.626000,0 days 01:15:25.358000,0 days 01:15:49.692000,208.0,250.0,261.0,302.0,False,ULTRASOFT,12.0,False,Renault,0 days 01:14:30.175000,2018-07-20 14:10:30.195,1,,False,,False,True,79.517,79.517
479,0 days 01:17:08.902000,HUL,27,0 days 00:01:19.210000,18.0,4.0,,,17.347,37.449,24.414,0 days 01:16:07.039000,0 days 01:16:44.488000,0 days 01:17:08.902000,207.0,252.0,260.0,303.0,False,ULTRASOFT,13.0,False,Renault,0 days 01:15:49.692000,2018-07-20 14:11:49.712,1,,False,,False,True,79.21,79.21000000000001
480,0 days 01:18:29.080000,HUL,27,0 days 00:01:20.178000,19.0,4.0,,,17.634,37.79,24.754,0 days 01:17:26.536000,0 days 01:18:04.326000,0 days 01:18:29.080000,198.0,251.0,259.0,301.0,False,ULTRASOFT,14.0,False,Renault,0 days 01:17:08.902000,2018-07-20 14:13:08.922,1,,False,,False,True,80.178,80.178
481,0 days 01:19:48.277000,HUL,27,0 days 00:01:19.197000,20.0,4.0,,,17.53,37.267,24.4,0 days 01:18:46.610000,0 days 01:19:23.877000,0 days 01:19:48.277000,208.0,251.0,262.0,306.0,False,ULTRASOFT,15.0,False,Renault,0 days 01:18:29.080000,2018-07-20 14:14:29.100,1,,False,,False,True,79.197,79.197
482,0 days 01:21:07.575000,HUL,27,0 days 00:01:19.298000,21.0,4.0,,,17.37,37.38,24.548,0 days 01:20:05.647000,0 days 01:20:43.027000,0 days 01:21:07.575000,209.0,250.0,262.0,304.0,False,ULTRASOFT,16.0,False,Renault,0 days 01:19:48.277000,2018-07-20 14:15:48.297,1,,False,,False,True,79.298,79.298
483,0 days 01:22:27.181000,HUL,27,0 days 00:01:19.606000,22.0,4.0,,,17.447,37.536,24.623,0 days 01:21:25.022000,0 days 01:22:02.558000,0 days 01:22:27.181000,206.0,250.0,266.0,309.0,False,ULTRASOFT,17.0,False,Renault,0 days 01:21:07.575000,2018-07-20 14:17:07.595,1,,False,,False,True,79.606,79.60600000000001
484,0 days 01:24:02.512000,HUL,27,0 days 00:01:35.331000,23.0,4.0,,,17.842,44.439,33.05,0 days 01:22:45.023000,0 days 01:23:29.462000,0 days 01:24:02.512000,196.0,181.0,257.0,278.0,False,ULTRASOFT,18.0,False,Renault,0 days 01:22:27.181000,2018-07-20 14:18:27.201,1,,False,,False,True,95.331,95.33099999999999
485,0 days 01:25:21.506000,HUL,27,0 days 00:01:18.994000,24.0,4.0,,,17.322,37.268,24.404,0 days 01:24:19.834000,0 days 01:24:57.102000,0 days 01:25:21.506000,206.0,253.0,265.0,306.0,False,ULTRASOFT,19.0,False,Renault,0 days 01:24:02.512000,2018-07-20 14:20:02.532,1,,False,,False,True,78.994,78.994
486,0 days 01:26:52.752000,HUL,27,0 days 00:01:31.246000,25.0,4.0,,,17.852,43.986,29.408,0 days 01:25:39.358000,0 days 01:26:23.344000,0 days 01:26:52.752000,193.0,212.0,258.0,241.0,False,ULTRASOFT,20.0,False,Renault,0 days 01:25:21.506000,2018-07-20 14:21:21.526,1,,False,,False,True,91.246,91.246
487,0 days 01:28:12.070000,HUL,27,0 days 00:01:19.318000,26.0,4.0,,,17.276,37.491,24.551,0 days 01:27:10.028000,0 days 01:27:47.519000,0 days 01:28:12.070000,207.0,252.0,260.0,301.0,False,ULTRASOFT,21.0,False,Renault,0 days 01:26:52.752000,2018-07-20 14:22:52.772,1,,False,,False,True,79.318,79.318
488,0 days 01:29:31.266000,HUL,27,0 days 00:01:19.196000,27.0,4.0,,,17.378,37.314,24.504,0 days 01:28:29.448000,0 days 01:29:06.762000,0 days 01:29:31.266000,206.0,250.0,258.0,302.0,False,ULTRASOFT,22.0,False,Renault,0 days 01:28:12.070000,2018-07-20 14:24:12.090,1,,False,,False,True,79.196,79.196
489,0 days 01:30:52.299000,HUL,27,0 days 00:01:21.033000,28.0,4.0,,,17.553,38.483,24.997,0 days 01:29:48.819000,0 days 01:30:27.302000,0 days 01:30:52.299000,202.0,250.0,261.0,302.0,False,ULTRASOFT,23.0,False,Renault,0 days 01:29:31.266000,2018-07-20 14:25:31.286,1,,False,,False,True,81.033,81.033
490,0 days 01:32:11.984000,HUL,27,0 days 00:01:19.685000,29.0,4.0,,,17.523,37.599,24.563,0 days 01:31:09.822000,0 days 01:31:47.421000,0 days 01:32:11.984000,201.0,252.0,262.0,301.0,False,ULTRASOFT,24.0,False,Renault,0 days 01:30:52.299000,2018-07-20 14:26:52.319,1,,False,,False,True,79.685,79.685
491,0 days 01:33:32.339000,HUL,27,0 days 00:01:20.355000,30.0,4.0,,,17.622,37.65,25.083,0 days 01:32:29.606000,0 days 01:33:07.256000,0 days 01:33:32.339000,199.0,250.0,260.0,300.0,False,ULTRASOFT,25.0,False,Renault,0 days 01:32:11.984000,2018-07-20 14:28:12.004,1,,False,,False,True,80.355,80.35499999999999
492,0 days 01:34:58.863000,HUL,27,0 days 00:01:26.524000,31.0,4.0,,0 days 01:34:56.356000,17.647,37.814,31.063,0 days 01:33:49.986000,0 days 01:34:27.800000,0 days 01:34:58.863000,199.0,250.0,,302.0,False,ULTRASOFT,26.0,False,Renault,0 days 01:33:32.339000,2018-07-20 14:29:32.359,1,,False,,False,False,86.524,86.524
493,0 days 00:12:02.843000,HAR,28,,1.0,1.0,0 days 00:10:25.149000,,,46.82,29.042,,0 days 00:11:33.808000,0 days 00:12:02.918000,128.0,201.0,267.0,261.0,False,MEDIUM,1.0,True,Toro Rosso,0 days 00:10:25.149000,2018-07-20 13:06:25.169,,,False,,False,False,,
494,0 days 00:13:18.719000,HAR,28,0 days 00:01:15.876000,2.0,1.0,,,16.49,36.024,23.362,0 days 00:12:19.333000,0 days 00:12:55.357000,0 days 00:13:18.719000,212.0,259.0,267.0,317.0,True,MEDIUM,2.0,True,Toro Rosso,0 days 00:12:02.843000,2018-07-20 13:08:02.863,,,False,,False,False,75.876,75.87599999999999
495,0 days 00:15:07.840000,HAR,28,0 days 00:01:49.121000,3.0,1.0,,,26.556,48.947,33.618,0 days 00:13:45.275000,0 days 00:14:34.222000,0 days 00:15:07.840000,142.0,214.0,269.0,278.0,False,MEDIUM,3.0,True,Toro Rosso,0 days 00:13:18.719000,2018-07-20 13:09:18.739,,,False,,False,False,109.121,109.12100000000001
496,0 days 00:16:27.537000,HAR,28,0 days 00:01:19.697000,4.0,1.0,,,16.472,35.544,27.681,0 days 00:15:24.312000,0 days 00:15:59.856000,0 days 00:16:27.537000,216.0,259.0,233.0,324.0,False,MEDIUM,4.0,True,Toro Rosso,0 days 00:15:07.840000,2018-07-20 13:11:07.860,,,False,,False,False,79.697,79.697
497,0 days 00:18:06.586000,HAR,28,0 days 00:01:39.049000,5.0,1.0,,,24.409,45.669,28.971,0 days 00:16:51.946000,0 days 00:17:37.615000,0 days 00:18:06.586000,154.0,201.0,267.0,277.0,False,MEDIUM,5.0,True,Toro Rosso,0 days 00:16:27.537000,2018-07-20 13:12:27.557,,,False,,False,False,99.049,99.049
498,0 days 00:19:22.440000,HAR,28,0 days 00:01:15.854000,6.0,1.0,,,16.372,36.004,23.478,0 days 00:18:22.958000,0 days 00:18:58.962000,0 days 00:19:22.440000,214.0,259.0,267.0,320.0,True,MEDIUM,6.0,True,Toro Rosso,0 days 00:18:06.586000,2018-07-20 13:14:06.606,,,False,,False,False,75.854,75.854
499,0 days 00:21:01.754000,HAR,28,0 days 00:01:39.314000,7.0,1.0,,0 days 00:20:59.215000,22.238,44.2,32.876,0 days 00:19:44.678000,0 days 00:20:28.878000,0 days 00:21:01.754000,180.0,240.0,,278.0,False,MEDIUM,7.0,True,Toro Rosso,0 days 00:19:22.440000,2018-07-20 13:15:22.460,,,False,,False,False,99.314,99.314
500,0 days 00:36:20.454000,HAR,28,,8.0,2.0,0 days 00:34:39.477000,,,47.966,32.636,,0 days 00:35:47.825000,0 days 00:36:20.552000,130.0,171.0,267.0,300.0,False,ULTRASOFT,1.0,True,Toro Rosso,0 days 00:21:01.754000,2018-07-20 13:17:01.774,21,,False,,False,False,,
501,0 days 00:37:35.284000,HAR,28,0 days 00:01:14.830000,9.0,2.0,,,16.27,35.58,22.98,0 days 00:36:36.724000,0 days 00:37:12.304000,0 days 00:37:35.284000,214.0,261.0,271.0,319.0,True,ULTRASOFT,2.0,True,Toro Rosso,0 days 00:36:20.454000,2018-07-20 13:32:20.474,1,,False,,False,True,74.83,74.83
502,0 days 00:39:32.920000,HAR,28,0 days 00:01:57.636000,10.0,2.0,,,25.724,53.989,37.923,0 days 00:38:01.008000,0 days 00:38:54.997000,0 days 00:39:32.920000,135.0,174.0,268.0,258.0,False,ULTRASOFT,3.0,True,Toro Rosso,0 days 00:37:35.284000,2018-07-20 13:33:35.304,1,,False,,False,True,117.636,117.636
503,0 days 00:40:47.947000,HAR,28,0 days 00:01:15.027000,11.0,2.0,,,16.336,35.587,23.104,0 days 00:39:49.256000,0 days 00:40:24.843000,0 days 00:40:47.947000,216.0,260.0,270.0,319.0,False,ULTRASOFT,4.0,True,Toro Rosso,0 days 00:39:32.920000,2018-07-20 13:35:32.940,1,,False,,False,True,75.027,75.027
504,0 days 00:42:29.647000,HAR,28,0 days 00:01:41.700000,12.0,2.0,,,22.638,46.798,32.264,0 days 00:41:10.585000,0 days 00:41:57.383000,0 days 00:42:29.647000,138.0,208.0,268.0,290.0,False,ULTRASOFT,5.0,True,Toro Rosso,0 days 00:40:47.947000,2018-07-20 13:36:47.967,1,,False,,False,True,101.7,101.70000000000002
505,0 days 00:43:44.641000,HAR,28,0 days 00:01:14.994000,13.0,2.0,,,16.389,35.478,23.127,0 days 00:42:46.036000,0 days 00:43:21.514000,0 days 00:43:44.641000,214.0,259.0,270.0,321.0,False,ULTRASOFT,6.0,True,Toro Rosso,0 days 00:42:29.647000,2018-07-20 13:38:29.667,1,,False,,False,True,74.994,74.994
506,0 days 00:45:17.095000,HAR,28,0 days 00:01:32.454000,14.0,2.0,,0 days 00:45:14.559000,22.659,40.856,28.939,0 days 00:44:07.300000,0 days 00:44:48.156000,0 days 00:45:17.095000,157.0,243.0,,282.0,False,ULTRASOFT,7.0,True,Toro Rosso,0 days 00:43:44.641000,2018-07-20 13:39:44.661,1,,False,,False,False,92.454,92.45400000000001
507,0 days 00:55:04.144000,HAR,28,,15.0,3.0,0 days 00:53:30.970000,0 days 00:55:01.609000,,41.149,32.831,,0 days 00:54:31.346000,0 days 00:55:04.182000,167.0,232.0,,278.0,False,ULTRASOFT,8.0,False,Toro Rosso,0 days 00:45:17.095000,2018-07-20 13:41:17.115,1,,False,,False,False,,
508,0 days 00:56:56.038000,HAR,28,0 days 00:01:51.894000,16.0,4.0,0 days 00:55:25.433000,,48.173,38.814,24.907,0 days 00:55:52.317000,0 days 00:56:31.131000,0 days 00:56:56.038000,183.0,249.0,257.0,288.0,False,ULTRASOFT,9.0,False,Toro Rosso,0 days 00:55:04.144000,2018-07-20 13:51:04.164,1,,False,,False,False,111.894,111.89399999999999
509,0 days 00:58:15.130000,HAR,28,0 days 00:01:19.092000,17.0,4.0,,,17.485,37.136,24.471,0 days 00:57:13.523000,0 days 00:57:50.659000,0 days 00:58:15.130000,207.0,251.0,258.0,303.0,False,ULTRASOFT,10.0,False,Toro Rosso,0 days 00:56:56.038000,2018-07-20 13:52:56.058,1,,False,,False,True,79.092,79.092
510,0 days 00:59:34.293000,HAR,28,0 days 00:01:19.163000,18.0,4.0,,,17.28,37.427,24.456,0 days 00:58:32.410000,0 days 00:59:09.837000,0 days 00:59:34.293000,207.0,251.0,259.0,303.0,False,ULTRASOFT,11.0,False,Toro Rosso,0 days 00:58:15.130000,2018-07-20 13:54:15.150,1,,False,,False,True,79.163,79.163
511,0 days 01:00:53.702000,HAR,28,0 days 00:01:19.409000,19.0,4.0,,,17.334,37.658,24.417,0 days 00:59:51.627000,0 days 01:00:29.285000,0 days 01:00:53.702000,206.0,250.0,258.0,303.0,False,ULTRASOFT,12.0,False,Toro Rosso,0 days 00:59:34.293000,2018-07-20 13:55:34.313,1,,False,,False,True,79.409,79.409
512,0 days 01:02:13.453000,HAR,28,0 days 00:01:19.751000,20.0,4.0,,,17.387,37.608,24.756,0 days 01:01:11.089000,0 days 01:01:48.697000,0 days 01:02:13.453000,208.0,250.0,257.0,303.0,False,ULTRASOFT,13.0,False,Toro Rosso,0 days 01:00:53.702000,2018-07-20 13:56:53.722,1,,False,,False,True,79.751,79.751
513,0 days 01:03:32.770000,HAR,28,0 days 00:01:19.317000,21.0,4.0,,,17.336,37.313,24.668,0 days 01:02:30.789000,0 days 01:03:08.102000,0 days 01:03:32.770000,207.0,253.0,259.0,306.0,False,ULTRASOFT,14.0,False,Toro Rosso,0 days 01:02:13.453000,2018-07-20 13:58:13.473,1,,False,,False,True,79.317,79.31700000000001
514,0 days 01:04:52.128000,HAR,28,0 days 00:01:19.358000,22.0,4.0,,,17.244,37.44,24.674,0 days 01:03:50.014000,0 days 01:04:27.454000,0 days 01:04:52.128000,208.0,253.0,260.0,305.0,False,ULTRASOFT,15.0,False,Toro Rosso,0 days 01:03:32.770000,2018-07-20 13:59:32.790,1,,False,,False,True,79.358,79.358
515,0 days 01:06:11.343000,HAR,28,0 days 00:01:19.215000,23.0,4.0,,,17.316,37.416,24.483,0 days 01:05:09.444000,0 days 01:05:46.860000,0 days 01:06:11.343000,208.0,252.0,260.0,303.0,False,ULTRASOFT,16.0,False,Toro Rosso,0 days 01:04:52.128000,2018-07-20 14:00:52.148,1,,False,,False,True,79.215,79.215
516,0 days 01:07:30.476000,HAR,28,0 days 00:01:19.133000,24.0,4.0,,,17.268,37.248,24.617,0 days 01:06:28.611000,0 days 01:07:05.859000,0 days 01:07:30.476000,210.0,251.0,259.0,303.0,False,ULTRASOFT,17.0,False,Toro Rosso,0 days 01:06:11.343000,2018-07-20 14:02:11.363,1,,False,,False,True,79.133,79.133
517,0 days 01:08:49.511000,HAR,28,0 days 00:01:19.035000,25.0,4.0,,,17.232,37.283,24.52,0 days 01:07:47.708000,0 days 01:08:24.991000,0 days 01:08:49.511000,209.0,252.0,260.0,303.0,False,ULTRASOFT,18.0,False,Toro Rosso,0 days 01:07:30.476000,2018-07-20 14:03:30.496,1,,False,,False,True,79.035,79.035
518,0 days 01:10:09.422000,HAR,28,0 days 00:01:19.911000,26.0,4.0,,,17.409,37.759,24.743,0 days 01:09:06.920000,0 days 01:09:44.679000,0 days 01:10:09.422000,208.0,254.0,260.0,286.0,False,ULTRASOFT,19.0,False,Toro Rosso,0 days 01:08:49.511000,2018-07-20 14:04:49.531,1,,False,,False,True,79.911,79.911
519,0 days 01:11:29.038000,HAR,28,0 days 00:01:19.616000,27.0,4.0,,,17.256,37.755,24.605,0 days 01:10:26.678000,0 days 01:11:04.433000,0 days 01:11:29.038000,207.0,252.0,261.0,297.0,False,ULTRASOFT,20.0,False,Toro Rosso,0 days 01:10:09.422000,2018-07-20 14:06:09.442,1,,False,,False,True,79.616,79.616
520,0 days 01:12:48.264000,HAR,28,0 days 00:01:19.226000,28.0,4.0,,,17.294,37.411,24.521,0 days 01:11:46.332000,0 days 01:12:23.743000,0 days 01:12:48.264000,208.0,254.0,260.0,297.0,False,ULTRASOFT,21.0,False,Toro Rosso,0 days 01:11:29.038000,2018-07-20 14:07:29.058,1,,False,,False,True,79.226,79.226
521,0 days 01:14:08.931000,HAR,28,0 days 00:01:20.667000,29.0,4.0,,,17.507,37.986,25.174,0 days 01:13:05.771000,0 days 01:13:43.757000,0 days 01:14:08.931000,212.0,247.0,259.0,338.0,False,ULTRASOFT,22.0,False,Toro Rosso,0 days 01:12:48.264000,2018-07-20 14:08:48.284,12,,False,,False,True,80.667,80.667
522,0 days 01:15:28.894000,HAR,28,0 days 00:01:19.963000,30.0,4.0,,,17.524,37.573,24.866,0 days 01:14:26.455000,0 days 01:15:04.028000,0 days 01:15:28.894000,208.0,252.0,262.0,306.0,False,ULTRASOFT,23.0,False,Toro Rosso,0 days 01:14:08.931000,2018-07-20 14:10:08.951,21,,False,,False,True,79.963,79.963
523,0 days 01:16:52.023000,HAR,28,0 days 00:01:23.129000,31.0,4.0,,0 days 01:16:49.458000,17.323,37.679,28.127,0 days 01:15:46.217000,0 days 01:16:23.896000,0 days 01:16:52.023000,208.0,251.0,,306.0,False,ULTRASOFT,24.0,False,Toro Rosso,0 days 01:15:28.894000,2018-07-20 14:11:28.914,1,,False,,False,False,83.129,83.129
524,0 days 01:18:27.108000,HAR,28,0 days 00:01:35.085000,32.0,5.0,0 days 01:17:08.570000,,32.649,37.53,24.906,0 days 01:17:24.672000,0 days 01:18:02.202000,0 days 01:18:27.108000,211.0,252.0,259.0,293.0,False,MEDIUM,8.0,False,Toro Rosso,0 days 01:16:52.023000,2018-07-20 14:12:52.043,1,,False,,False,False,95.085,95.08500000000001
525,0 days 01:19:45.980000,HAR,28,0 days 00:01:18.872000,33.0,5.0,,,17.159,37.05,24.663,0 days 01:18:44.267000,0 days 01:19:21.317000,0 days 01:19:45.980000,210.0,253.0,261.0,302.0,False,MEDIUM,9.0,False,Toro Rosso,0 days 01:18:27.108000,2018-07-20 14:14:27.128,1,,False,,False,True,78.872,78.872
526,0 days 01:21:05.547000,HAR,28,0 days 00:01:19.567000,34.0,5.0,,,17.458,37.243,24.866,0 days 01:20:03.438000,0 days 01:20:40.681000,0 days 01:21:05.547000,209.0,253.0,262.0,301.0,False,MEDIUM,10.0,False,Toro Rosso,0 days 01:19:45.980000,2018-07-20 14:15:46.000,1,,False,,False,True,79.567,79.56700000000001
527,0 days 01:22:26.559000,HAR,28,0 days 00:01:21.012000,35.0,5.0,,,17.414,38.046,25.552,0 days 01:21:22.961000,0 days 01:22:01.007000,0 days 01:22:26.559000,208.0,254.0,264.0,310.0,False,MEDIUM,11.0,False,Toro Rosso,0 days 01:21:05.547000,2018-07-20 14:17:05.567,1,,False,,False,True,81.012,81.012
528,0 days 01:23:47.310000,HAR,28,0 days 00:01:20.751000,36.0,5.0,,,17.67,38.037,25.044,0 days 01:22:44.229000,0 days 01:23:22.266000,0 days 01:23:47.310000,208.0,253.0,267.0,330.0,False,MEDIUM,12.0,False,Toro Rosso,0 days 01:22:26.559000,2018-07-20 14:18:26.579,1,,False,,False,True,80.751,80.751
529,0 days 01:25:06.655000,HAR,28,0 days 00:01:19.345000,37.0,5.0,,,17.36,37.251,24.734,0 days 01:24:04.670000,0 days 01:24:41.921000,0 days 01:25:06.655000,210.0,250.0,262.0,331.0,False,MEDIUM,13.0,False,Toro Rosso,0 days 01:23:47.310000,2018-07-20 14:19:47.330,1,,False,,False,True,79.345,79.345
530,0 days 01:26:27.293000,HAR,28,0 days 00:01:20.638000,38.0,5.0,,,17.366,38.259,25.013,0 days 01:25:24.021000,0 days 01:26:02.280000,0 days 01:26:27.293000,209.0,253.0,262.0,301.0,False,MEDIUM,14.0,False,Toro Rosso,0 days 01:25:06.655000,2018-07-20 14:21:06.675,1,,False,,False,True,80.638,80.638
531,0 days 01:27:47.111000,HAR,28,0 days 00:01:19.818000,39.0,5.0,,,17.401,37.405,25.012,0 days 01:26:44.694000,0 days 01:27:22.099000,0 days 01:27:47.111000,209.0,254.0,260.0,298.0,False,MEDIUM,15.0,False,Toro Rosso,0 days 01:26:27.293000,2018-07-20 14:22:27.313,1,,False,,False,True,79.818,79.818
532,0 days 01:29:06.174000,HAR,28,0 days 00:01:19.063000,40.0,5.0,,,17.258,37.097,24.708,0 days 01:28:04.369000,0 days 01:28:41.466000,0 days 01:29:06.174000,210.0,254.0,261.0,301.0,False,MEDIUM,16.0,False,Toro Rosso,0 days 01:27:47.111000,2018-07-20 14:23:47.131,1,,False,,False,True,79.063,79.063
533,0 days 01:30:25.784000,HAR,28,0 days 00:01:19.610000,41.0,5.0,,,17.248,37.295,25.067,0 days 01:29:23.422000,0 days 01:30:00.717000,0 days 01:30:25.784000,209.0,252.0,265.0,306.0,False,MEDIUM,17.0,False,Toro Rosso,0 days 01:29:06.174000,2018-07-20 14:25:06.194,1,,False,,False,True,79.61,79.61000000000001
534,0 days 01:31:45.765000,HAR,28,0 days 00:01:19.981000,42.0,5.0,,,17.483,37.641,24.857,0 days 01:30:43.267000,0 days 01:31:20.908000,0 days 01:31:45.765000,207.0,257.0,267.0,326.0,False,MEDIUM,18.0,False,Toro Rosso,0 days 01:30:25.784000,2018-07-20 14:26:25.804,1,,False,,False,True,79.981,79.981
535,0 days 01:33:05.519000,HAR,28,0 days 00:01:19.754000,43.0,5.0,,,17.452,37.254,25.048,0 days 01:32:03.217000,0 days 01:32:40.471000,0 days 01:33:05.519000,210.0,249.0,262.0,319.0,False,MEDIUM,19.0,False,Toro Rosso,0 days 01:31:45.765000,2018-07-20 14:27:45.785,1,,False,,False,True,79.754,79.754
536,0 days 01:34:25.137000,HAR,28,0 days 00:01:19.618000,44.0,5.0,,,17.35,37.302,24.966,0 days 01:33:22.869000,0 days 01:34:00.171000,0 days 01:34:25.137000,208.0,248.0,259.0,309.0,False,MEDIUM,20.0,False,Toro Rosso,0 days 01:33:05.519000,2018-07-20 14:29:05.539,1,,False,,False,True,79.618,79.618
537,0 days 01:36:02.444000,HAR,28,0 days 00:01:37.307000,45.0,5.0,,0 days 01:35:59.924000,20.115,37.636,39.556,0 days 01:34:45.252000,0 days 01:35:22.888000,0 days 01:36:02.444000,190.0,250.0,,301.0,False,MEDIUM,21.0,False,Toro Rosso,0 days 01:34:25.137000,2018-07-20 14:30:25.157,15,,False,,False,False,97.307,97.307
538,0 days 00:09:23.633000,OCO,31,,1.0,1.0,0 days 00:07:50.265000,,,40.638,33.101,,0 days 00:08:50.563000,0 days 00:09:23.734000,161.0,226.0,271.0,300.0,False,SOFT,1.0,True,Force India,0 days 00:07:50.265000,2018-07-20 13:03:50.285,,,False,,False,False,,
539,0 days 00:10:40.406000,OCO,31,0 days 00:01:16.773000,2.0,1.0,,,17.065,36.092,23.616,0 days 00:09:40.698000,0 days 00:10:16.790000,0 days 00:10:40.406000,210.0,258.0,272.0,325.0,True,SOFT,2.0,True,Force India,0 days 00:09:23.633000,2018-07-20 13:05:23.653,,,False,,False,False,76.773,76.773
540,0 days 00:12:44.851000,OCO,31,0 days 00:02:04.445000,3.0,1.0,,,24.111,61.884,38.45,0 days 00:11:04.517000,0 days 00:12:06.401000,0 days 00:12:44.851000,124.0,107.0,272.0,212.0,False,SOFT,3.0,True,Force India,0 days 00:10:40.406000,2018-07-20 13:06:40.426,,,False,,False,False,124.445,124.44500000000001
541,0 days 00:14:00.316000,OCO,31,0 days 00:01:15.465000,4.0,1.0,,,16.632,35.627,23.206,0 days 00:13:01.483000,0 days 00:13:37.110000,0 days 00:14:00.316000,211.0,261.0,275.0,325.0,True,SOFT,4.0,True,Force India,0 days 00:12:44.851000,2018-07-20 13:08:44.871,,,False,,False,False,75.465,75.465
542,0 days 00:16:08.297000,OCO,31,0 days 00:02:07.981000,5.0,1.0,,,26.968,65.22,35.793,0 days 00:14:27.284000,0 days 00:15:32.504000,0 days 00:16:08.297000,121.0,210.0,275.0,166.0,False,SOFT,5.0,True,Force India,0 days 00:14:00.316000,2018-07-20 13:10:00.336,,,False,,False,False,127.981,127.981
543,0 days 00:17:27.550000,OCO,31,0 days 00:01:19.253000,6.0,1.0,,,16.485,37.421,25.347,0 days 00:16:24.782000,0 days 00:17:02.203000,0 days 00:17:27.550000,212.0,237.0,250.0,323.0,False,SOFT,6.0,True,Force India,0 days 00:16:08.297000,2018-07-20 13:12:08.317,,,False,,False,False,79.253,79.253
544,0 days 00:19:07.546000,OCO,31,0 days 00:01:39.996000,7.0,1.0,,0 days 00:19:05.057000,21.2,49.641,29.155,0 days 00:17:48.750000,0 days 00:18:38.391000,0 days 00:19:07.546000,146.0,243.0,,228.0,False,SOFT,7.0,True,Force India,0 days 00:17:27.550000,2018-07-20 13:13:27.570,,,False,,False,False,99.996,99.996
545,0 days 00:31:03.929000,OCO,31,,8.0,2.0,0 days 00:29:33.468000,,,42.1,30.098,,0 days 00:30:33.831000,0 days 00:31:04.007000,177.0,226.0,273.0,321.0,False,SOFT,8.0,False,Force India,0 days 00:19:07.546000,2018-07-20 13:15:07.566,,,False,,False,False,,
546,0 days 00:32:19.840000,OCO,31,0 days 00:01:15.911000,9.0,2.0,,,16.418,35.863,23.63,0 days 00:31:20.347000,0 days 00:31:56.210000,0 days 00:32:19.840000,211.0,260.0,270.0,324.0,False,SOFT,9.0,False,Force India,0 days 00:31:03.929000,2018-07-20 13:27:03.949,,,False,,False,False,75.911,75.911
547,0 days 00:34:21.379000,OCO,31,0 days 00:02:01.539000,10.0,2.0,,,25.086,65.13,31.323,0 days 00:32:44.926000,0 days 00:33:50.056000,0 days 00:34:21.379000,129.0,175.0,271.0,127.0,False,SOFT,10.0,False,Force India,0 days 00:32:19.840000,2018-07-20 13:28:19.860,,,False,,False,False,121.539,121.53899999999999
548,0 days 00:35:36.966000,OCO,31,0 days 00:01:15.587000,11.0,2.0,,,16.481,35.732,23.374,0 days 00:34:37.860000,0 days 00:35:13.592000,0 days 00:35:36.966000,212.0,261.0,272.0,322.0,False,SOFT,11.0,False,Force India,0 days 00:34:21.379000,2018-07-20 13:30:21.399,21,,False,,False,True,75.587,75.587
549,0 days 00:37:32.726000,OCO,31,0 days 00:01:55.760000,12.0,2.0,,,26.153,53.547,36.06,0 days 00:36:03.119000,0 days 00:36:56.666000,0 days 00:37:32.726000,124.0,147.0,205.0,220.0,False,SOFT,12.0,False,Force India,0 days 00:35:36.966000,2018-07-20 13:31:36.986,1,,False,,False,True,115.76,115.75999999999999
550,0 days 00:39:13.684000,OCO,31,0 days 00:01:40.958000,13.0,2.0,,,23.818,47.45,29.69,0 days 00:37:56.544000,0 days 00:38:43.994000,0 days 00:39:13.684000,146.0,231.0,273.0,234.0,False,SOFT,13.0,False,Force India,0 days 00:37:32.726000,2018-07-20 13:33:32.746,1,,False,,False,True,100.958,100.958
551,0 days 00:40:29.243000,OCO,31,0 days 00:01:15.559000,14.0,2.0,,,16.444,35.829,23.286,0 days 00:39:30.128000,0 days 00:40:05.957000,0 days 00:40:29.243000,213.0,262.0,274.0,321.0,False,SOFT,14.0,False,Force India,0 days 00:39:13.684000,2018-07-20 13:35:13.704,1,,False,,False,True,75.559,75.559
552,0 days 00:42:00.551000,OCO,31,0 days 00:01:31.308000,15.0,2.0,,0 days 00:41:58.042000,18.554,40.187,32.567,0 days 00:40:47.797000,0 days 00:41:27.984000,0 days 00:42:00.551000,200.0,199.0,,301.0,False,SOFT,15.0,False,Force India,0 days 00:40:29.243000,2018-07-20 13:36:29.263,1,,False,,False,False,91.308,91.30799999999999
553,0 days 00:53:43.294000,OCO,31,,16.0,3.0,0 days 00:52:08.152000,,,45.552,28.736,,0 days 00:53:14.580000,0 days 00:53:44.238000,155.0,214.0,278.0,242.0,False,ULTRASOFT,1.0,True,Force India,0 days 00:42:00.551000,2018-07-20 13:38:00.571,1,,False,,False,False,,
554,0 days 00:54:57.802000,OCO,31,0 days 00:01:14.508000,17.0,3.0,,,16.173,35.358,22.977,0 days 00:53:59.467000,0 days 00:54:34.825000,0 days 00:54:57.802000,218.0,263.0,275.0,323.0,True,ULTRASOFT,2.0,True,Force India,0 days 00:53:43.294000,2018-07-20 13:49:43.314,1,,False,,False,True,74.508,74.508
555,0 days 00:56:49.836000,OCO,31,0 days 00:01:52.034000,18.0,3.0,,,23.68,57.371,30.983,0 days 00:55:21.482000,0 days 00:56:18.853000,0 days 00:56:49.836000,130.0,206.0,226.0,214.0,False,ULTRASOFT,3.0,True,Force India,0 days 00:54:57.802000,2018-07-20 13:50:57.822,1,,False,,False,True,112.034,112.034
556,0 days 00:58:37.147000,OCO,31,0 days 00:01:47.311000,19.0,3.0,,,22.938,54.719,29.654,0 days 00:57:12.774000,0 days 00:58:07.493000,0 days 00:58:37.147000,173.0,226.0,274.0,196.0,False,ULTRASOFT,4.0,True,Force India,0 days 00:56:49.836000,2018-07-20 13:52:49.856,1,,False,,False,True,107.311,107.31099999999999
557,0 days 00:59:52.061000,OCO,31,0 days 00:01:14.914000,20.0,3.0,,,16.251,35.584,23.079,0 days 00:58:53.398000,0 days 00:59:28.982000,0 days 00:59:52.061000,214.0,261.0,274.0,323.0,False,ULTRASOFT,5.0,True,Force India,0 days 00:58:37.147000,2018-07-20 13:54:37.167,1,,False,,False,True,74.914,74.91400000000002
558,0 days 01:01:25.103000,OCO,31,0 days 00:01:33.042000,21.0,3.0,,0 days 01:01:22.622000,19.366,43.27,30.406,0 days 01:00:11.427000,0 days 01:00:54.697000,0 days 01:01:25.103000,184.0,198.0,,304.0,False,ULTRASOFT,6.0,True,Force India,0 days 00:59:52.061000,2018-07-20 13:55:52.081,1,,False,,False,False,93.042,93.042
559,0 days 01:13:17.309000,OCO,31,,22.0,4.0,0 days 01:11:56.373000,,,38.143,25.597,,0 days 01:12:51.755000,0 days 01:13:17.441000,197.0,250.0,259.0,316.0,False,ULTRASOFT,7.0,False,Force India,0 days 01:01:25.103000,2018-07-20 13:57:25.123,1,,False,,False,False,,
560,0 days 01:14:36.118000,OCO,31,0 days 00:01:18.809000,23.0,4.0,,,17.479,36.846,24.484,0 days 01:13:34.788000,0 days 01:14:11.634000,0 days 01:14:36.118000,206.0,251.0,261.0,322.0,False,ULTRASOFT,8.0,False,Force India,0 days 01:13:17.309000,2018-07-20 14:09:17.329,12,,False,,False,True,78.809,78.809
561,0 days 01:15:55.520000,OCO,31,0 days 00:01:19.402000,24.0,4.0,,,17.443,37.492,24.467,0 days 01:14:53.561000,0 days 01:15:31.053000,0 days 01:15:55.520000,203.0,252.0,262.0,299.0,False,ULTRASOFT,9.0,False,Force India,0 days 01:14:36.118000,2018-07-20 14:10:36.138,1,,False,,False,True,79.402,79.402
562,0 days 01:17:14.832000,OCO,31,0 days 00:01:19.312000,25.0,4.0,,,17.357,37.322,24.633,0 days 01:16:12.877000,0 days 01:16:50.199000,0 days 01:17:14.832000,203.0,251.0,260.0,308.0,False,ULTRASOFT,10.0,False,Force India,0 days 01:15:55.520000,2018-07-20 14:11:55.540,1,,False,,False,True,79.312,79.312
563,0 days 01:18:34.547000,OCO,31,0 days 00:01:19.715000,26.0,4.0,,,17.533,37.487,24.695,0 days 01:17:32.365000,0 days 01:18:09.852000,0 days 01:18:34.547000,198.0,252.0,261.0,305.0,False,ULTRASOFT,11.0,False,Force India,0 days 01:17:14.832000,2018-07-20 14:13:14.852,1,,False,,False,True,79.715,79.715
564,0 days 01:19:53.833000,OCO,31,0 days 00:01:19.286000,27.0,4.0,,,17.553,37.211,24.522,0 days 01:18:52.100000,0 days 01:19:29.311000,0 days 01:19:53.833000,204.0,252.0,261.0,305.0,False,ULTRASOFT,12.0,False,Force India,0 days 01:18:34.547000,2018-07-20 14:14:34.567,1,,False,,False,True,79.286,79.286
565,0 days 01:21:14.042000,OCO,31,0 days 00:01:20.209000,28.0,4.0,,,17.621,37.644,24.944,0 days 01:20:11.454000,0 days 01:20:49.098000,0 days 01:21:14.042000,203.0,250.0,261.0,316.0,False,ULTRASOFT,13.0,False,Force India,0 days 01:19:53.833000,2018-07-20 14:15:53.853,1,,False,,False,True,80.209,80.209
566,0 days 01:22:33.770000,OCO,31,0 days 00:01:19.728000,29.0,4.0,,,17.557,37.533,24.638,0 days 01:21:31.599000,0 days 01:22:09.132000,0 days 01:22:33.770000,201.0,252.0,262.0,306.0,False,ULTRASOFT,14.0,False,Force India,0 days 01:21:14.042000,2018-07-20 14:17:14.062,1,,False,,False,True,79.728,79.72800000000001
567,0 days 01:23:53.956000,OCO,31,0 days 00:01:20.186000,30.0,4.0,,,17.558,37.679,24.949,0 days 01:22:51.328000,0 days 01:23:29.007000,0 days 01:23:53.956000,200.0,248.0,261.0,311.0,False,ULTRASOFT,15.0,False,Force India,0 days 01:22:33.770000,2018-07-20 14:18:33.790,1,,False,,False,True,80.186,80.186
568,0 days 01:25:13.972000,OCO,31,0 days 00:01:20.016000,31.0,4.0,,,17.518,37.532,24.966,0 days 01:24:11.474000,0 days 01:24:49.006000,0 days 01:25:13.972000,202.0,254.0,259.0,308.0,False,ULTRASOFT,16.0,False,Force India,0 days 01:23:53.956000,2018-07-20 14:19:53.976,1,,False,,False,True,80.016,80.01599999999999
569,0 days 01:26:37.365000,OCO,31,0 days 00:01:23.393000,32.0,4.0,,0 days 01:26:34.879000,17.72,37.707,27.966,0 days 01:25:31.692000,0 days 01:26:09.399000,0 days 01:26:37.365000,198.0,252.0,,307.0,False,ULTRASOFT,17.0,False,Force India,0 days 01:25:13.972000,2018-07-20 14:21:13.992,1,,False,,False,False,83.393,83.393
570,0 days 01:28:27.404000,OCO,31,0 days 00:01:50.039000,33.0,5.0,0 days 01:27:05.225000,,45.363,39.093,25.583,0 days 01:27:22.728000,0 days 01:28:01.821000,0 days 01:28:27.404000,189.0,238.0,261.0,310.0,False,SOFT,16.0,False,Force India,0 days 01:26:37.365000,2018-07-20 14:22:37.385,1,,False,,False,False,110.039,110.039
571,0 days 01:29:46.375000,OCO,31,0 days 00:01:18.971000,34.0,5.0,,,17.187,37.148,24.636,0 days 01:28:44.591000,0 days 01:29:21.739000,0 days 01:29:46.375000,204.0,246.0,259.0,309.0,False,SOFT,17.0,False,Force India,0 days 01:28:27.404000,2018-07-20 14:24:27.424,1,,False,,False,True,78.971,78.971
572,0 days 01:31:08.993000,OCO,31,0 days 00:01:22.618000,35.0,5.0,,,17.267,39.565,25.786,0 days 01:30:03.642000,0 days 01:30:43.207000,0 days 01:31:08.993000,203.0,245.0,262.0,309.0,False,SOFT,18.0,False,Force India,0 days 01:29:46.375000,2018-07-20 14:25:46.395,1,,False,,False,True,82.618,82.618
573,0 days 01:32:28.697000,OCO,31,0 days 00:01:19.704000,36.0,5.0,,,17.354,37.465,24.885,0 days 01:31:26.347000,0 days 01:32:03.812000,0 days 01:32:28.697000,200.0,254.0,263.0,305.0,False,SOFT,19.0,False,Force India,0 days 01:31:08.993000,2018-07-20 14:27:09.013,1,,False,,False,True,79.704,79.70400000000001
574,0 days 01:33:51.559000,OCO,31,0 days 00:01:22.862000,37.0,5.0,,,17.52,39.807,25.535,0 days 01:32:46.217000,0 days 01:33:26.024000,0 days 01:33:51.559000,203.0,247.0,262.0,308.0,False,SOFT,20.0,False,Force India,0 days 01:32:28.697000,2018-07-20 14:28:28.717,1,,False,,False,True,82.862,82.862
575,0 days 01:35:10.881000,OCO,31,0 days 00:01:19.322000,38.0,5.0,,,17.319,37.34,24.663,0 days 01:34:08.878000,0 days 01:34:46.218000,0 days 01:35:10.881000,202.0,253.0,263.0,306.0,False,SOFT,21.0,False,Force India,0 days 01:33:51.559000,2018-07-20 14:29:51.579,1,,False,,False,True,79.322,79.322
576,0 days 01:37:24.854000,OCO,31,0 days 00:02:13.973000,39.0,5.0,,0 days 01:37:20.977000,24.841,63.493,45.639,0 days 01:35:35.722000,0 days 01:36:39.215000,0 days 01:37:24.854000,94.0,199.0,,135.0,False,SOFT,22.0,False,Force India,0 days 01:35:10.881000,2018-07-20 14:31:10.901,15,,False,,False,False,133.973,133.973
577,0 days 00:18:30.274000,VER,33,,1.0,1.0,0 days 00:17:00.503000,,,45.42,25.858,,0 days 00:18:04.448000,0 days 00:18:30.355000,164.0,240.0,270.0,267.0,False,SOFT,1.0,True,Red Bull Racing,0 days 00:17:00.503000,2018-07-20 13:13:00.523,,,False,,False,False,,
578,0 days 00:19:44.256000,VER,33,0 days 00:01:13.982000,2.0,1.0,,,15.94,35.517,22.525,0 days 00:18:46.214000,0 days 00:19:21.731000,0 days 00:19:44.256000,216.0,260.0,270.0,315.0,True,SOFT,2.0,True,Red Bull Racing,0 days 00:18:30.274000,2018-07-20 13:14:30.294,,,False,,False,False,73.982,73.982
579,0 days 00:21:47.814000,VER,33,0 days 00:02:03.558000,3.0,1.0,,,29.982,64.364,29.212,0 days 00:20:14.238000,0 days 00:21:18.602000,0 days 00:21:47.814000,78.0,192.0,274.0,102.0,False,SOFT,3.0,True,Red Bull Racing,0 days 00:19:44.256000,2018-07-20 13:15:44.276,,,False,,False,False,123.558,123.558
580,0 days 00:23:01.170000,VER,33,0 days 00:01:13.356000,4.0,1.0,,,15.823,35.215,22.318,0 days 00:22:03.637000,0 days 00:22:38.852000,0 days 00:23:01.170000,215.0,260.0,273.0,322.0,True,SOFT,4.0,True,Red Bull Racing,0 days 00:21:47.814000,2018-07-20 13:17:47.834,,,False,,False,False,73.356,73.35600000000001
581,0 days 00:25:21.961000,VER,33,0 days 00:02:20.791000,5.0,1.0,,,28.692,77.803,34.296,0 days 00:23:29.862000,0 days 00:24:47.665000,0 days 00:25:21.961000,107.0,196.0,272.0,82.0,False,SOFT,5.0,True,Red Bull Racing,0 days 00:23:01.170000,2018-07-20 13:19:01.190,,,False,,False,False,140.791,140.791
582,0 days 00:27:01.197000,VER,33,0 days 00:01:39.236000,6.0,1.0,,,20.266,52.236,26.734,0 days 00:25:42.227000,0 days 00:26:34.463000,0 days 00:27:01.197000,60.0,224.0,271.0,198.0,False,SOFT,6.0,True,Red Bull Racing,0 days 00:25:21.961000,2018-07-20 13:21:21.981,,,False,,False,False,99.236,99.23599999999999
583,0 days 00:28:28.488000,VER,33,0 days 00:01:27.291000,7.0,1.0,,0 days 00:28:25.993000,15.961,38.396,32.934,0 days 00:27:17.158000,0 days 00:27:55.554000,0 days 00:28:28.488000,214.0,212.0,,320.0,False,SOFT,7.0,True,Red Bull Racing,0 days 00:27:01.197000,2018-07-20 13:23:01.217,,,False,,False,False,87.291,87.291
584,0 days 00:46:49.869000,VER,33,,8.0,2.0,0 days 00:45:18.541000,,,40.956,32.355,,0 days 00:46:17.514000,0 days 00:46:49.944000,164.0,237.0,275.0,296.0,False,ULTRASOFT,1.0,True,Red Bull Racing,0 days 00:28:28.488000,2018-07-20 13:24:28.508,21,,False,,False,False,,
585,0 days 00:48:02.954000,VER,33,0 days 00:01:13.085000,9.0,2.0,,,15.722,35.162,22.201,0 days 00:47:05.591000,0 days 00:47:40.753000,0 days 00:48:02.954000,214.0,261.0,274.0,317.0,True,ULTRASOFT,2.0,True,Red Bull Racing,0 days 00:46:49.869000,2018-07-20 13:42:49.889,1,,False,,False,True,73.085,73.08500000000001
586,0 days 00:49:36.227000,VER,33,0 days 00:01:33.273000,10.0,2.0,,0 days 00:49:33.688000,20.472,41.911,30.89,0 days 00:48:23.426000,0 days 00:49:05.337000,0 days 00:49:36.227000,186.0,229.0,,285.0,False,ULTRASOFT,3.0,True,Red Bull Racing,0 days 00:48:02.954000,2018-07-20 13:44:02.974,1,,False,,False,False,93.273,93.273
587,0 days 01:02:42.143000,VER,33,,11.0,3.0,0 days 01:01:17.603000,,,40.639,26.676,,0 days 01:02:15.482000,0 days 01:02:42.218000,182.0,201.0,259.0,291.0,False,SOFT,8.0,False,Red Bull Racing,0 days 00:49:36.227000,2018-07-20 13:45:36.247,1,,False,,False,False,,
588,0 days 01:04:09.007000,VER,33,0 days 00:01:26.864000,12.0,3.0,,,16.892,40.978,28.994,0 days 01:02:59.035000,0 days 01:03:40.013000,0 days 01:04:09.007000,205.0,237.0,260.0,301.0,False,SOFT,9.0,False,Red Bull Racing,0 days 01:02:42.143000,2018-07-20 13:58:42.163,1,,False,,False,True,86.864,86.864
589,0 days 01:05:27.234000,VER,33,0 days 00:01:18.227000,13.0,3.0,,,17.019,37.26,23.948,0 days 01:04:26.026000,0 days 01:05:03.286000,0 days 01:05:27.234000,205.0,252.0,255.0,303.0,False,SOFT,10.0,False,Red Bull Racing,0 days 01:04:09.007000,2018-07-20 14:00:09.027,1,,False,,False,True,78.227,78.227
590,0 days 01:07:17.597000,VER,33,0 days 00:01:50.363000,14.0,3.0,,0 days 01:07:15.069000,18.493,50.806,41.064,0 days 01:05:45.727000,0 days 01:06:36.533000,0 days 01:07:17.597000,148.0,123.0,,231.0,False,SOFT,11.0,False,Red Bull Racing,0 days 01:05:27.234000,2018-07-20 14:01:27.254,1,,False,,False,False,110.363,110.363
591,0 days 01:31:55.903000,VER,33,,15.0,4.0,0 days 01:30:38.307000,,,37.865,24.047,,0 days 01:31:31.856000,0 days 01:31:56.723000,202.0,251.0,260.0,289.0,False,SOFT,12.0,False,Red Bull Racing,0 days 01:07:17.597000,2018-07-20 14:03:17.617,12,,False,,False,False,,
592,0 days 01:33:14.207000,VER,33,0 days 00:01:18.304000,16.0,4.0,,,16.953,37.194,24.157,0 days 01:32:12.856000,0 days 01:32:50.050000,0 days 01:33:14.207000,206.0,253.0,261.0,298.0,False,SOFT,13.0,False,Red Bull Racing,0 days 01:31:55.903000,2018-07-20 14:27:55.923,1,,False,,False,True,78.304,78.304
593,0 days 01:34:32.297000,VER,33,0 days 00:01:18.090000,17.0,4.0,,,16.959,37.073,24.058,0 days 01:33:31.166000,0 days 01:34:08.239000,0 days 01:34:32.297000,207.0,253.0,259.0,302.0,False,SOFT,14.0,False,Red Bull Racing,0 days 01:33:14.207000,2018-07-20 14:29:14.227,1,,False,,False,True,78.09,78.09
594,0 days 01:36:10.282000,VER,33,0 days 00:01:37.985000,18.0,4.0,,0 days 01:36:07.736000,17.058,39.092,41.835,0 days 01:34:49.355000,0 days 01:35:28.447000,0 days 01:36:10.282000,205.0,130.0,,303.0,False,SOFT,15.0,False,Red Bull Racing,0 days 01:34:32.297000,2018-07-20 14:30:32.317,15,,False,,False,False,97.985,97.985
595,0 days 00:10:32.202000,SIR,35,,1.0,1.0,0 days 00:09:01.504000,,,43.67,27.413,,0 days 00:10:04.808000,0 days 00:10:32.284000,155.0,234.0,267.0,303.0,False,SOFT,5.0,False,Williams,0 days 00:09:01.504000,2018-07-20 13:05:01.524,,,False,,False,False,,
596,0 days 00:11:51.640000,SIR,35,0 days 00:01:19.438000,2.0,1.0,,,16.854,38.399,24.185,0 days 00:10:49.056000,0 days 00:11:27.455000,0 days 00:11:51.640000,210.0,256.0,269.0,319.0,True,SOFT,6.0,False,Williams,0 days 00:10:32.202000,2018-07-20 13:06:32.222,,,False,,False,False,79.438,79.438
597,0 days 00:13:46.524000,SIR,35,0 days 00:01:54.884000,3.0,1.0,,,22.211,57.686,34.987,0 days 00:12:13.851000,0 days 00:13:11.537000,0 days 00:13:46.524000,148.0,178.0,272.0,168.0,False,SOFT,7.0,False,Williams,0 days 00:11:51.640000,2018-07-20 13:07:51.660,,,False,,False,False,114.884,114.88399999999999
598,0 days 00:15:03.003000,SIR,35,0 days 00:01:16.479000,4.0,1.0,,,16.851,36.036,23.592,0 days 00:14:03.375000,0 days 00:14:39.411000,0 days 00:15:03.003000,213.0,259.0,268.0,319.0,True,SOFT,8.0,False,Williams,0 days 00:13:46.524000,2018-07-20 13:09:46.544,,,False,,False,False,76.479,76.479
599,0 days 00:17:06.878000,SIR,35,0 days 00:02:03.875000,5.0,1.0,,,23.149,61.983,38.743,0 days 00:15:26.152000,0 days 00:16:28.135000,0 days 00:17:06.878000,155.0,169.0,272.0,154.0,False,SOFT,9.0,False,Williams,0 days 00:15:03.003000,2018-07-20 13:11:03.023,,,False,,False,False,123.875,123.875
600,0 days 00:18:41.366000,SIR,35,0 days 00:01:34.488000,6.0,1.0,,,16.75,39.496,38.242,0 days 00:17:23.628000,0 days 00:18:03.124000,0 days 00:18:41.366000,210.0,177.0,234.0,323.0,False,SOFT,10.0,False,Williams,0 days 00:17:06.878000,2018-07-20 13:13:06.898,,,False,,False,False,94.488,94.488
601,0 days 00:20:24.121000,SIR,35,0 days 00:01:42.755000,7.0,1.0,,,22.31,50.673,29.772,0 days 00:19:03.676000,0 days 00:19:54.349000,0 days 00:20:24.121000,182.0,190.0,272.0,299.0,False,SOFT,11.0,False,Williams,0 days 00:18:41.366000,2018-07-20 13:14:41.386,,,False,,False,False,102.755,102.755
602,0 days 00:21:40.343000,SIR,35,0 days 00:01:16.222000,8.0,1.0,,,16.548,36.11,23.564,0 days 00:20:40.669000,0 days 00:21:16.779000,0 days 00:21:40.343000,214.0,256.0,271.0,318.0,True,SOFT,12.0,False,Williams,0 days 00:20:24.121000,2018-07-20 13:16:24.141,,,False,,False,False,76.222,76.22200000000001
603,0 days 00:23:18.317000,SIR,35,0 days 00:01:37.974000,9.0,1.0,,0 days 00:23:15.813000,21.002,45.229,31.743,0 days 00:22:01.345000,0 days 00:22:46.574000,0 days 00:23:18.317000,176.0,176.0,,273.0,False,SOFT,13.0,False,Williams,0 days 00:21:40.343000,2018-07-20 13:17:40.363,,,False,,False,False,97.974,97.97399999999999
604,0 days 00:38:08.580000,SIR,35,,10.0,2.0,0 days 00:36:31.298000,,,44.866,33.794,,0 days 00:37:34.786000,0 days 00:38:08.667000,180.0,205.0,272.0,305.0,False,ULTRASOFT,1.0,True,Williams,0 days 00:23:18.317000,2018-07-20 13:19:18.337,21,,False,,False,False,,
605,0 days 00:39:23.988000,SIR,35,0 days 00:01:15.408000,11.0,2.0,,,16.271,35.714,23.423,0 days 00:38:24.851000,0 days 00:39:00.565000,0 days 00:39:23.988000,214.0,262.0,273.0,322.0,True,ULTRASOFT,2.0,True,Williams,0 days 00:38:08.580000,2018-07-20 13:34:08.600,1,,False,,False,True,75.408,75.408
606,0 days 00:41:55.235000,SIR,35,,12.0,2.0,,,23.83,78.95,48.503,0 days 00:39:48.431000,0 days 00:41:06.732000,0 days 00:41:55.361000,120.0,122.0,273.0,135.0,False,ULTRASOFT,3.0,True,Williams,0 days 00:39:23.988000,2018-07-20 13:35:24.008,1,,False,,False,False,,151.28300000000002
607,0 days 00:43:11.207000,SIR,35,0 days 00:01:15.972000,13.0,2.0,,,16.374,36.04,23.558,0 days 00:42:11.609000,0 days 00:42:47.649000,0 days 00:43:11.207000,212.0,258.0,273.0,319.0,False,ULTRASOFT,4.0,True,Williams,0 days 00:41:55.235000,2018-07-20 13:37:55.255,1,,False,,False,True,75.972,75.97200000000001
608,0 days 00:45:26.885000,SIR,35,0 days 00:02:15.678000,14.0,2.0,,,32.718,57.926,45.034,0 days 00:43:43.925000,0 days 00:44:41.851000,0 days 00:45:26.885000,101.0,205.0,272.0,295.0,False,ULTRASOFT,5.0,True,Williams,0 days 00:43:11.207000,2018-07-20 13:39:11.227,1,,False,,False,True,135.678,135.678
609,0 days 00:46:43.297000,SIR,35,0 days 00:01:16.412000,15.0,2.0,,,16.269,36.249,23.894,0 days 00:45:43.154000,0 days 00:46:19.403000,0 days 00:46:43.297000,212.0,262.0,274.0,320.0,False,ULTRASOFT,6.0,True,Williams,0 days 00:45:26.885000,2018-07-20 13:41:26.905,1,,False,,False,True,76.412,76.412
610,0 days 00:48:25.838000,SIR,35,0 days 00:01:42.541000,16.0,2.0,,0 days 00:48:23.337000,26.729,44.244,31.568,0 days 00:47:10.026000,0 days 00:47:54.270000,0 days 00:48:25.838000,151.0,179.0,,281.0,False,ULTRASOFT,7.0,True,Williams,0 days 00:46:43.297000,2018-07-20 13:42:43.317,1,,False,,False,False,102.541,102.541
611,0 days 01:01:38.092000,SIR,35,,17.0,3.0,0 days 00:59:54.782000,,,44.369,27.847,,0 days 01:01:10.258000,0 days 01:01:38.761000,156.0,231.0,257.0,292.0,False,ULTRASOFT,8.0,False,Williams,0 days 00:48:25.838000,2018-07-20 13:44:25.858,1,,False,,False,False,,
612,0 days 01:02:57.970000,SIR,35,0 days 00:01:19.878000,18.0,3.0,,,17.455,37.543,24.88,0 days 01:01:55.547000,0 days 01:02:33.090000,0 days 01:02:57.970000,207.0,251.0,257.0,300.0,False,ULTRASOFT,9.0,False,Williams,0 days 01:01:38.092000,2018-07-20 13:57:38.112,1,,False,,False,True,79.878,79.878
613,0 days 01:04:19.343000,SIR,35,0 days 00:01:21.373000,19.0,3.0,,,17.308,38.515,25.55,0 days 01:03:15.278000,0 days 01:03:53.793000,0 days 01:04:19.343000,207.0,252.0,261.0,307.0,False,ULTRASOFT,10.0,False,Williams,0 days 01:02:57.970000,2018-07-20 13:58:57.990,1,,False,,False,True,81.373,81.373
614,0 days 01:05:39.802000,SIR,35,0 days 00:01:20.459000,20.0,3.0,,,17.65,37.812,24.997,0 days 01:04:36.993000,0 days 01:05:14.805000,0 days 01:05:39.802000,195.0,254.0,261.0,306.0,False,ULTRASOFT,11.0,False,Williams,0 days 01:04:19.343000,2018-07-20 14:00:19.363,1,,False,,False,True,80.459,80.459
615,0 days 01:07:00.282000,SIR,35,0 days 00:01:20.480000,21.0,3.0,,,17.685,37.787,25.008,0 days 01:05:57.487000,0 days 01:06:35.274000,0 days 01:07:00.282000,205.0,252.0,260.0,303.0,False,ULTRASOFT,12.0,False,Williams,0 days 01:05:39.802000,2018-07-20 14:01:39.822,1,,False,,False,True,80.48,80.47999999999999
616,0 days 01:08:20.157000,SIR,35,0 days 00:01:19.875000,22.0,3.0,,,17.522,37.65,24.703,0 days 01:07:17.804000,0 days 01:07:55.454000,0 days 01:08:20.157000,204.0,253.0,260.0,301.0,False,ULTRASOFT,13.0,False,Williams,0 days 01:07:00.282000,2018-07-20 14:03:00.302,1,,False,,False,True,79.875,79.875
617,0 days 01:10:14.552000,SIR,35,0 days 00:01:54.395000,23.0,3.0,,,23.718,55.673,35.004,0 days 01:08:43.875000,0 days 01:09:39.548000,0 days 01:10:14.552000,135.0,150.0,262.0,205.0,False,ULTRASOFT,14.0,False,Williams,0 days 01:08:20.157000,2018-07-20 14:04:20.177,1,,False,,False,True,114.395,114.39500000000001
618,0 days 01:11:33.958000,SIR,35,0 days 00:01:19.406000,24.0,3.0,,,17.323,37.485,24.598,0 days 01:10:31.875000,0 days 01:11:09.360000,0 days 01:11:33.958000,206.0,254.0,261.0,299.0,False,ULTRASOFT,15.0,False,Williams,0 days 01:10:14.552000,2018-07-20 14:06:14.572,1,,False,,False,True,79.406,79.406
619,0 days 01:12:54.376000,SIR,35,0 days 00:01:20.418000,25.0,3.0,,,17.803,37.814,24.801,0 days 01:11:51.761000,0 days 01:12:29.575000,0 days 01:12:54.376000,194.0,254.0,261.0,299.0,False,ULTRASOFT,16.0,False,Williams,0 days 01:11:33.958000,2018-07-20 14:07:33.978,1,,False,,False,True,80.418,80.418
620,0 days 01:14:34.080000,SIR,35,0 days 00:01:39.704000,26.0,3.0,,0 days 01:14:31.586000,17.429,37.583,44.692,0 days 01:13:11.805000,0 days 01:13:49.388000,0 days 01:14:34.080000,204.0,252.0,,304.0,False,ULTRASOFT,17.0,False,Williams,0 days 01:12:54.376000,2018-07-20 14:08:54.396,12,,False,,False,False,99.704,99.70400000000001
621,0 days 01:16:35.936000,SIR,35,0 days 00:02:01.856000,27.0,4.0,0 days 01:14:54.650000,,38.324,53.561,29.971,0 days 01:15:12.404000,0 days 01:16:05.965000,0 days 01:16:35.936000,169.0,207.0,262.0,282.0,False,SOFT,14.0,False,Williams,0 days 01:14:34.080000,2018-07-20 14:10:34.100,1,,False,,False,False,121.856,121.856
622,0 days 01:17:56.105000,SIR,35,0 days 00:01:20.169000,28.0,4.0,,,17.477,37.628,25.064,0 days 01:16:53.413000,0 days 01:17:31.041000,0 days 01:17:56.105000,206.0,253.0,257.0,303.0,False,SOFT,15.0,False,Williams,0 days 01:16:35.936000,2018-07-20 14:12:35.956,1,,False,,False,True,80.169,80.16900000000001
623,0 days 01:19:16.442000,SIR,35,0 days 00:01:20.337000,29.0,4.0,,,17.598,37.662,25.077,0 days 01:18:13.703000,0 days 01:18:51.365000,0 days 01:19:16.442000,206.0,252.0,261.0,300.0,False,SOFT,16.0,False,Williams,0 days 01:17:56.105000,2018-07-20 14:13:56.125,1,,False,,False,True,80.337,80.337
624,0 days 01:20:36.757000,SIR,35,0 days 00:01:20.315000,30.0,4.0,,,17.593,37.641,25.081,0 days 01:19:34.035000,0 days 01:20:11.676000,0 days 01:20:36.757000,206.0,252.0,259.0,305.0,False,SOFT,17.0,False,Williams,0 days 01:19:16.442000,2018-07-20 14:15:16.462,1,,False,,False,True,80.315,80.315
625,0 days 01:21:57.326000,SIR,35,0 days 00:01:20.569000,31.0,4.0,,,17.487,37.812,25.27,0 days 01:20:54.244000,0 days 01:21:32.056000,0 days 01:21:57.326000,205.0,251.0,259.0,304.0,False,SOFT,18.0,False,Williams,0 days 01:20:36.757000,2018-07-20 14:16:36.777,1,,False,,False,True,80.569,80.56899999999999
626,0 days 01:23:17.756000,SIR,35,0 days 00:01:20.430000,32.0,4.0,,,17.636,37.675,25.119,0 days 01:22:14.962000,0 days 01:22:52.637000,0 days 01:23:17.756000,205.0,254.0,259.0,306.0,False,SOFT,19.0,False,Williams,0 days 01:21:57.326000,2018-07-20 14:17:57.346,1,,False,,False,True,80.43,80.42999999999999
627,0 days 01:25:19.336000,SIR,35,0 days 00:02:01.580000,33.0,4.0,,,24.881,57.233,39.466,0 days 01:23:42.637000,0 days 01:24:39.870000,0 days 01:25:19.336000,151.0,163.0,261.0,255.0,False,SOFT,20.0,False,Williams,0 days 01:23:17.756000,2018-07-20 14:19:17.776,1,,False,,False,True,121.58,121.58000000000001
628,0 days 01:26:39.296000,SIR,35,0 days 00:01:19.960000,34.0,4.0,,,17.49,37.321,25.149,0 days 01:25:36.826000,0 days 01:26:14.147000,0 days 01:26:39.296000,206.0,254.0,260.0,318.0,False,SOFT,21.0,False,Williams,0 days 01:25:19.336000,2018-07-20 14:21:19.356,1,,False,,False,True,79.96,79.96
629,0 days 01:28:00.052000,SIR,35,0 days 00:01:20.756000,35.0,4.0,,,17.671,37.71,25.375,0 days 01:26:56.967000,0 days 01:27:34.677000,0 days 01:28:00.052000,206.0,253.0,259.0,301.0,False,SOFT,22.0,False,Williams,0 days 01:26:39.296000,2018-07-20 14:22:39.316,1,,False,,False,True,80.756,80.756
630,0 days 01:29:20.571000,SIR,35,0 days 00:01:20.519000,36.0,4.0,,,17.653,37.58,25.286,0 days 01:28:17.705000,0 days 01:28:55.285000,0 days 01:29:20.571000,206.0,253.0,257.0,303.0,False,SOFT,23.0,False,Williams,0 days 01:28:00.052000,2018-07-20 14:24:00.072,1,,False,,False,True,80.519,80.519
631,0 days 01:30:41.173000,SIR,35,0 days 00:01:20.602000,37.0,4.0,,,17.591,37.75,25.261,0 days 01:29:38.162000,0 days 01:30:15.912000,0 days 01:30:41.173000,206.0,254.0,260.0,304.0,False,SOFT,24.0,False,Williams,0 days 01:29:20.571000,2018-07-20 14:25:20.591,1,,False,,False,True,80.602,80.602
632,0 days 01:32:01.659000,SIR,35,0 days 00:01:20.486000,38.0,4.0,,,17.5,37.764,25.222,0 days 01:30:58.673000,0 days 01:31:36.437000,0 days 01:32:01.659000,205.0,253.0,260.0,303.0,False,SOFT,25.0,False,Williams,0 days 01:30:41.173000,2018-07-20 14:26:41.193,1,,False,,False,True,80.486,80.486
633,0 days 01:33:21.995000,SIR,35,0 days 00:01:20.336000,39.0,4.0,,,17.505,37.666,25.165,0 days 01:32:19.164000,0 days 01:32:56.830000,0 days 01:33:21.995000,204.0,253.0,259.0,303.0,False,SOFT,26.0,False,Williams,0 days 01:32:01.659000,2018-07-20 14:28:01.679,1,,False,,False,True,80.336,80.33599999999998
634,0 days 01:34:42.003000,SIR,35,0 days 00:01:20.008000,40.0,4.0,,,17.376,37.601,25.031,0 days 01:33:39.371000,0 days 01:34:16.972000,0 days 01:34:42.003000,204.0,253.0,258.0,301.0,False,SOFT,27.0,False,Williams,0 days 01:33:21.995000,2018-07-20 14:29:22.015,1,,False,,False,True,80.008,80.00800000000001
635,0 days 01:36:30.694000,SIR,35,0 days 00:01:48.691000,41.0,4.0,,0 days 01:36:28.192000,20.209,49.149,39.333,0 days 01:35:02.212000,0 days 01:35:51.361000,0 days 01:36:30.694000,187.0,136.0,,291.0,False,SOFT,28.0,False,Williams,0 days 01:34:42.003000,2018-07-20 14:30:42.023,15,,False,,False,False,108.691,108.691
636,0 days 00:22:56.843000,HAM,44,,1.0,1.0,0 days 00:21:24.088000,,,43.816,31.234,,0 days 00:22:25.635000,0 days 00:22:56.921000,191.0,227.0,276.0,318.0,False,MEDIUM,1.0,True,Mercedes,0 days 00:21:24.088000,2018-07-20 13:17:24.108,,,False,,False,False,,
637,0 days 00:24:10.546000,HAM,44,0 days 00:01:13.703000,2.0,1.0,,,15.861,35.199,22.643,0 days 00:23:12.704000,0 days 00:23:47.903000,0 days 00:24:10.546000,213.0,264.0,273.0,323.0,True,MEDIUM,2.0,True,Mercedes,0 days 00:22:56.843000,2018-07-20 13:18:56.863,,,False,,False,False,73.703,73.703
638,0 days 00:26:15.370000,HAM,44,0 days 00:02:04.824000,3.0,1.0,,,22.539,63.692,38.593,0 days 00:24:33.085000,0 days 00:25:36.777000,0 days 00:26:15.370000,120.0,182.0,272.0,123.0,False,MEDIUM,3.0,True,Mercedes,0 days 00:24:10.546000,2018-07-20 13:20:10.566,,,False,,False,False,124.824,124.824
639,0 days 00:27:44.668000,HAM,44,0 days 00:01:29.298000,4.0,1.0,,,16.135,42.512,30.651,0 days 00:26:31.505000,0 days 00:27:14.017000,0 days 00:27:44.668000,213.0,236.0,274.0,279.0,False,MEDIUM,4.0,True,Mercedes,0 days 00:26:15.370000,2018-07-20 13:22:15.390,,,False,,False,False,89.298,89.298
640,0 days 00:29:25.003000,HAM,44,0 days 00:01:40.335000,5.0,1.0,,,15.94,48.941,35.454,0 days 00:28:00.608000,0 days 00:28:49.549000,0 days 00:29:25.003000,211.0,168.0,273.0,324.0,False,MEDIUM,5.0,True,Mercedes,0 days 00:27:44.668000,2018-07-20 13:23:44.688,,,False,,False,False,100.335,100.33500000000001
641,0 days 00:30:57.598000,HAM,44,0 days 00:01:32.595000,6.0,1.0,,,15.935,44.617,32.043,0 days 00:29:40.938000,0 days 00:30:25.555000,0 days 00:30:57.598000,213.0,178.0,275.0,324.0,False,MEDIUM,6.0,True,Mercedes,0 days 00:29:25.003000,2018-07-20 13:25:25.023,,,False,,False,False,92.595,92.595
642,0 days 00:32:17.096000,HAM,44,0 days 00:01:19.498000,7.0,1.0,,0 days 00:32:14.527000,15.722,36.043,27.733,0 days 00:31:13.320000,0 days 00:31:49.363000,0 days 00:32:17.096000,213.0,236.0,,323.0,False,MEDIUM,7.0,True,Mercedes,0 days 00:30:57.598000,2018-07-20 13:26:57.618,,,False,,False,False,79.498,79.498
643,0 days 00:41:48.365000,HAM,44,,8.0,2.0,0 days 00:40:11.861000,,,43.392,33.337,,0 days 00:41:15.046000,0 days 00:41:48.462000,163.0,230.0,278.0,303.0,False,ULTRASOFT,1.0,True,Mercedes,0 days 00:32:17.096000,2018-07-20 13:28:17.116,21,,False,,False,False,,
644,0 days 00:43:01.476000,HAM,44,0 days 00:01:13.111000,9.0,2.0,,,15.946,34.961,22.204,0 days 00:42:04.311000,0 days 00:42:39.272000,0 days 00:43:01.476000,215.0,264.0,274.0,320.0,True,ULTRASOFT,2.0,True,Mercedes,0 days 00:41:48.365000,2018-07-20 13:37:48.385,1,,False,,False,True,73.111,73.11099999999999
645,0 days 00:44:47.332000,HAM,44,0 days 00:01:45.856000,10.0,2.0,,,24.853,50.679,30.324,0 days 00:43:26.329000,0 days 00:44:17.008000,0 days 00:44:47.332000,105.0,227.0,238.0,245.0,False,ULTRASOFT,3.0,True,Mercedes,0 days 00:43:01.476000,2018-07-20 13:39:01.496,1,,False,,False,True,105.856,105.85600000000001
646,0 days 00:46:41.823000,HAM,44,0 days 00:01:54.491000,11.0,2.0,,,24.369,64.14,25.982,0 days 00:45:11.701000,0 days 00:46:15.841000,0 days 00:46:41.823000,124.0,225.0,278.0,142.0,False,ULTRASOFT,4.0,True,Mercedes,0 days 00:44:47.332000,2018-07-20 13:40:47.352,1,,False,,False,True,114.491,114.491
647,0 days 00:48:12.563000,HAM,44,0 days 00:01:30.740000,12.0,2.0,,0 days 00:48:10.087000,15.726,38.049,36.965,0 days 00:46:57.549000,0 days 00:47:35.598000,0 days 00:48:12.563000,213.0,178.0,,321.0,False,ULTRASOFT,5.0,True,Mercedes,0 days 00:46:41.823000,2018-07-20 13:42:41.843,1,,False,,False,False,90.74,90.74000000000001
648,0 days 00:59:49.904000,HAM,44,,13.0,3.0,0 days 00:58:17.713000,0 days 00:59:47.376000,,40.429,34.452,,0 days 00:59:16.936000,0 days 00:59:49.941000,188.0,247.0,,284.0,False,ULTRASOFT,6.0,False,Mercedes,0 days 00:48:12.563000,2018-07-20 13:44:12.583,1,,False,,False,False,,
649,0 days 01:01:46.032000,HAM,44,0 days 00:01:56.128000,14.0,4.0,0 days 01:00:27.598000,,54.174,37.199,24.755,0 days 01:00:44.078000,0 days 01:01:21.277000,0 days 01:01:46.032000,205.0,255.0,262.0,306.0,False,ULTRASOFT,7.0,False,Mercedes,0 days 00:59:49.904000,2018-07-20 13:55:49.924,1,,False,,False,False,116.128,116.12799999999999
650,0 days 01:03:03.565000,HAM,44,0 days 00:01:17.533000,15.0,4.0,,,16.918,36.721,23.894,0 days 01:02:02.950000,0 days 01:02:39.671000,0 days 01:03:03.565000,207.0,256.0,261.0,307.0,False,ULTRASOFT,8.0,False,Mercedes,0 days 01:01:46.032000,2018-07-20 13:57:46.052,1,,False,,False,True,77.533,77.53299999999999
651,0 days 01:04:21.275000,HAM,44,0 days 00:01:17.710000,16.0,4.0,,,17.058,36.843,23.809,0 days 01:03:20.623000,0 days 01:03:57.466000,0 days 01:04:21.275000,207.0,257.0,264.0,309.0,False,ULTRASOFT,9.0,False,Mercedes,0 days 01:03:03.565000,2018-07-20 13:59:03.585,1,,False,,False,True,77.71,77.71000000000001
652,0 days 01:05:40.541000,HAM,44,0 days 00:01:19.266000,17.0,4.0,,,17.279,37.187,24.8,0 days 01:04:38.554000,0 days 01:05:15.741000,0 days 01:05:40.541000,200.0,255.0,260.0,309.0,False,ULTRASOFT,10.0,False,Mercedes,0 days 01:04:21.275000,2018-07-20 14:00:21.295,1,,False,,False,True,79.266,79.26599999999999
653,0 days 01:07:07.174000,HAM,44,0 days 00:01:26.633000,18.0,4.0,,,17.59,44.822,24.221,0 days 01:05:58.131000,0 days 01:06:42.953000,0 days 01:07:07.174000,201.0,246.0,263.0,328.0,False,ULTRASOFT,11.0,False,Mercedes,0 days 01:05:40.541000,2018-07-20 14:01:40.561,1,,False,,False,True,86.633,86.63300000000001
654,0 days 01:08:27.738000,HAM,44,0 days 00:01:20.564000,19.0,4.0,,,18.721,37.744,24.099,0 days 01:07:25.895000,0 days 01:08:03.639000,0 days 01:08:27.738000,166.0,254.0,261.0,302.0,False,ULTRASOFT,12.0,False,Mercedes,0 days 01:07:07.174000,2018-07-20 14:03:07.194,1,,False,,False,True,80.564,80.56400000000001
655,0 days 01:09:45.720000,HAM,44,0 days 00:01:17.982000,20.0,4.0,,,17.138,37.099,23.745,0 days 01:08:44.876000,0 days 01:09:21.975000,0 days 01:09:45.720000,206.0,256.0,259.0,301.0,False,ULTRASOFT,13.0,False,Mercedes,0 days 01:08:27.738000,2018-07-20 14:04:27.758,1,,False,,False,True,77.982,77.982
656,0 days 01:11:04.504000,HAM,44,0 days 00:01:18.784000,21.0,4.0,,,17.315,37.31,24.159,0 days 01:10:03.035000,0 days 01:10:40.345000,0 days 01:11:04.504000,206.0,253.0,263.0,295.0,False,ULTRASOFT,14.0,False,Mercedes,0 days 01:09:45.720000,2018-07-20 14:05:45.740,1,,False,,False,True,78.784,78.78399999999999
657,0 days 01:12:23.213000,HAM,44,0 days 00:01:18.709000,22.0,4.0,,,17.346,37.178,24.185,0 days 01:11:21.850000,0 days 01:11:59.028000,0 days 01:12:23.213000,206.0,254.0,262.0,304.0,False,ULTRASOFT,15.0,False,Mercedes,0 days 01:11:04.504000,2018-07-20 14:07:04.524,1,,False,,False,True,78.709,78.709
658,0 days 01:13:42.044000,HAM,44,0 days 00:01:18.831000,23.0,4.0,,,17.289,37.308,24.234,0 days 01:12:40.502000,0 days 01:13:17.810000,0 days 01:13:42.044000,204.0,254.0,262.0,301.0,False,ULTRASOFT,16.0,False,Mercedes,0 days 01:12:23.213000,2018-07-20 14:08:23.233,1,,False,,False,True,78.831,78.831
659,0 days 01:15:00.674000,HAM,44,0 days 00:01:18.630000,24.0,4.0,,,17.198,37.216,24.216,0 days 01:13:59.242000,0 days 01:14:36.458000,0 days 01:15:00.674000,206.0,252.0,263.0,309.0,False,ULTRASOFT,17.0,False,Mercedes,0 days 01:13:42.044000,2018-07-20 14:09:42.064,12,,False,,False,True,78.63,78.63
660,0 days 01:16:20.049000,HAM,44,0 days 00:01:19.375000,25.0,4.0,,,17.343,37.688,24.344,0 days 01:15:18.017000,0 days 01:15:55.705000,0 days 01:16:20.049000,192.0,253.0,263.0,305.0,False,ULTRASOFT,18.0,False,Mercedes,0 days 01:15:00.674000,2018-07-20 14:11:00.694,1,,False,,False,True,79.375,79.375
661,0 days 01:17:49.681000,HAM,44,0 days 00:01:29.632000,26.0,4.0,,0 days 01:17:47.086000,17.479,37.59,34.563,0 days 01:16:37.528000,0 days 01:17:15.118000,0 days 01:17:49.681000,194.0,223.0,,305.0,False,ULTRASOFT,19.0,False,Mercedes,0 days 01:16:20.049000,2018-07-20 14:12:20.069,1,,False,,False,False,89.632,89.632
662,0 days 01:19:26.154000,HAM,44,0 days 00:01:36.473000,27.0,5.0,0 days 01:18:09.075000,,35.339,37.094,24.04,0 days 01:18:25.020000,0 days 01:19:02.114000,0 days 01:19:26.154000,207.0,256.0,269.0,308.0,False,MEDIUM,8.0,False,Mercedes,0 days 01:17:49.681000,2018-07-20 14:13:49.701,1,,False,,False,False,96.473,96.47299999999998
663,0 days 01:20:44.197000,HAM,44,0 days 00:01:18.043000,28.0,5.0,,,17.517,36.673,23.853,0 days 01:19:43.671000,0 days 01:20:20.344000,0 days 01:20:44.197000,203.0,255.0,261.0,321.0,False,MEDIUM,9.0,False,Mercedes,0 days 01:19:26.154000,2018-07-20 14:15:26.174,1,,False,,False,True,78.043,78.043
664,0 days 01:22:03.168000,HAM,44,0 days 00:01:18.971000,29.0,5.0,,,17.244,36.91,24.817,0 days 01:21:01.441000,0 days 01:21:38.351000,0 days 01:22:03.168000,206.0,259.0,270.0,320.0,False,MEDIUM,10.0,False,Mercedes,0 days 01:20:44.197000,2018-07-20 14:16:44.217,1,,False,,False,True,78.971,78.971
665,0 days 01:23:26.324000,HAM,44,0 days 00:01:23.156000,30.0,5.0,,,17.465,37.856,27.835,0 days 01:22:20.633000,0 days 01:22:58.489000,0 days 01:23:26.324000,205.0,152.0,263.0,328.0,False,MEDIUM,11.0,False,Mercedes,0 days 01:22:03.168000,2018-07-20 14:18:03.188,1,,False,,False,True,83.156,83.156
666,0 days 01:24:45.086000,HAM,44,0 days 00:01:18.762000,31.0,5.0,,,17.106,37.396,24.26,0 days 01:23:43.430000,0 days 01:24:20.826000,0 days 01:24:45.086000,207.0,258.0,264.0,305.0,False,MEDIUM,12.0,False,Mercedes,0 days 01:23:26.324000,2018-07-20 14:19:26.344,1,,False,,False,True,78.762,78.762
667,0 days 01:26:03.265000,HAM,44,0 days 00:01:18.179000,32.0,5.0,,,17.341,36.867,23.971,0 days 01:25:02.427000,0 days 01:25:39.294000,0 days 01:26:03.265000,203.0,256.0,265.0,313.0,False,MEDIUM,13.0,False,Mercedes,0 days 01:24:45.086000,2018-07-20 14:20:45.106,1,,False,,False,True,78.179,78.179
668,0 days 01:27:22.063000,HAM,44,0 days 00:01:18.798000,33.0,5.0,,,17.197,37.277,24.324,0 days 01:26:20.462000,0 days 01:26:57.739000,0 days 01:27:22.063000,205.0,256.0,263.0,298.0,False,MEDIUM,14.0,False,Mercedes,0 days 01:26:03.265000,2018-07-20 14:22:03.285,1,,False,,False,True,78.798,78.798
669,0 days 01:28:42.072000,HAM,44,0 days 00:01:20.009000,34.0,5.0,,,17.473,37.582,24.954,0 days 01:27:39.536000,0 days 01:28:17.118000,0 days 01:28:42.072000,204.0,257.0,265.0,326.0,False,MEDIUM,15.0,False,Mercedes,0 days 01:27:22.063000,2018-07-20 14:23:22.083,1,,False,,False,True,80.009,80.009
670,0 days 01:30:00.899000,HAM,44,0 days 00:01:18.827000,35.0,5.0,,,17.292,36.843,24.692,0 days 01:28:59.364000,0 days 01:29:36.207000,0 days 01:30:00.899000,209.0,253.0,260.0,329.0,False,MEDIUM,16.0,False,Mercedes,0 days 01:28:42.072000,2018-07-20 14:24:42.092,1,,False,,False,True,78.827,78.827
671,0 days 01:31:18.819000,HAM,44,0 days 00:01:17.920000,36.0,5.0,,,17.209,37.033,23.678,0 days 01:30:18.108000,0 days 01:30:55.141000,0 days 01:31:18.819000,205.0,258.0,265.0,304.0,False,MEDIUM,17.0,False,Mercedes,0 days 01:30:00.899000,2018-07-20 14:26:00.919,1,,False,,False,True,77.92,77.92
672,0 days 01:32:36.929000,HAM,44,0 days 00:01:18.110000,37.0,5.0,,,17.135,37.149,23.826,0 days 01:31:35.954000,0 days 01:32:13.103000,0 days 01:32:36.929000,208.0,257.0,264.0,302.0,False,MEDIUM,18.0,False,Mercedes,0 days 01:31:18.819000,2018-07-20 14:27:18.839,1,,False,,False,True,78.11,78.11000000000001
673,0 days 01:33:55.226000,HAM,44,0 days 00:01:18.297000,38.0,5.0,,,17.107,37.033,24.157,0 days 01:32:54.036000,0 days 01:33:31.069000,0 days 01:33:55.226000,208.0,256.0,263.0,304.0,False,MEDIUM,19.0,False,Mercedes,0 days 01:32:36.929000,2018-07-20 14:28:36.949,1,,False,,False,True,78.297,78.297
674,0 days 01:35:28.056000,HAM,44,0 days 00:01:32.830000,39.0,5.0,,0 days 01:35:25.429000,17.046,42.523,33.261,0 days 01:34:12.272000,0 days 01:34:54.795000,0 days 01:35:28.056000,207.0,187.0,,308.0,False,MEDIUM,20.0,False,Mercedes,0 days 01:33:55.226000,2018-07-20 14:29:55.246,15,,False,,False,False,92.83,92.83000000000001
675,0 days 00:07:10.916000,SAI,55,,1.0,,0 days 00:05:35.633000,,,41.142,26.723,,0 days 00:06:44.223000,0 days 00:07:10.990000,164.0,242.0,271.0,287.0,False,nan,,True,Renault,0 days 00:05:35.633000,2018-07-20 13:01:35.653,,,False,,False,False,,
676,0 days 00:08:27.751000,SAI,55,0 days 00:01:16.835000,2.0,,,,16.72,36.436,23.679,0 days 00:07:27.636000,0 days 00:08:04.072000,0 days 00:08:27.751000,214.0,257.0,270.0,318.0,True,nan,,True,Renault,0 days 00:07:10.916000,2018-07-20 13:03:10.936,,,False,,False,False,76.835,76.835
677,0 days 00:10:17.529000,SAI,55,0 days 00:01:49.778000,3.0,1.0,,,23.97,51.763,34.045,0 days 00:08:51.721000,0 days 00:09:43.484000,0 days 00:10:17.529000,148.0,94.0,270.0,263.0,False,MEDIUM,1.0,True,Renault,0 days 00:08:27.751000,2018-07-20 13:04:27.771,,,False,,False,False,109.778,109.778
678,0 days 00:11:33.216000,SAI,55,0 days 00:01:15.687000,4.0,1.0,,,16.455,35.952,23.28,0 days 00:10:33.984000,0 days 00:11:09.936000,0 days 00:11:33.216000,215.0,260.0,271.0,324.0,True,MEDIUM,2.0,True,Renault,0 days 00:10:17.529000,2018-07-20 13:06:17.549,,,False,,False,False,75.687,75.687
679,0 days 00:13:25.158000,SAI,55,0 days 00:01:51.942000,5.0,1.0,,,23.214,53.453,35.275,0 days 00:11:56.430000,0 days 00:12:49.883000,0 days 00:13:25.158000,149.0,195.0,271.0,118.0,False,MEDIUM,3.0,True,Renault,0 days 00:11:33.216000,2018-07-20 13:07:33.236,,,False,,False,False,111.942,111.94200000000001
680,0 days 00:14:40.987000,SAI,55,0 days 00:01:15.829000,6.0,1.0,,,16.759,35.824,23.246,0 days 00:13:41.917000,0 days 00:14:17.741000,0 days 00:14:40.987000,215.0,260.0,271.0,321.0,False,MEDIUM,4.0,True,Renault,0 days 00:13:25.158000,2018-07-20 13:09:25.178,,,False,,False,False,75.829,75.829
681,0 days 00:16:21.486000,SAI,55,0 days 00:01:40.499000,7.0,1.0,,0 days 00:16:18.990000,22.664,45.786,32.049,0 days 00:15:03.651000,0 days 00:15:49.437000,0 days 00:16:21.486000,146.0,233.0,,244.0,False,MEDIUM,5.0,True,Renault,0 days 00:14:40.987000,2018-07-20 13:10:41.007,,,False,,False,False,100.499,100.499
682,0 days 00:27:49.652000,SAI,55,,8.0,2.0,0 days 00:26:14.920000,,,40.252,35.33,,0 days 00:27:14.348000,0 days 00:27:49.741000,185.0,239.0,270.0,308.0,False,MEDIUM,8.0,False,Renault,0 days 00:16:21.486000,2018-07-20 13:12:21.506,,,False,,False,False,,
683,0 days 00:29:05.800000,SAI,55,0 days 00:01:16.148000,9.0,2.0,,,16.804,35.858,23.486,0 days 00:28:06.456000,0 days 00:28:42.314000,0 days 00:29:05.800000,216.0,261.0,269.0,322.0,False,MEDIUM,9.0,False,Renault,0 days 00:27:49.652000,2018-07-20 13:23:49.672,,,False,,False,False,76.148,76.148
684,0 days 00:30:36.890000,SAI,55,0 days 00:01:31.090000,10.0,2.0,,,20.854,43.171,27.065,0 days 00:29:26.654000,0 days 00:30:09.825000,0 days 00:30:36.890000,164.0,233.0,269.0,290.0,False,MEDIUM,10.0,False,Renault,0 days 00:29:05.800000,2018-07-20 13:25:05.820,,,False,,False,False,91.09,91.09
685,0 days 00:31:53.106000,SAI,55,0 days 00:01:16.216000,11.0,2.0,,,16.576,36.101,23.539,0 days 00:30:53.466000,0 days 00:31:29.567000,0 days 00:31:53.106000,209.0,259.0,269.0,322.0,False,MEDIUM,11.0,False,Renault,0 days 00:30:36.890000,2018-07-20 13:26:36.910,,,False,,False,False,76.216,76.21600000000001
686,0 days 00:33:36.510000,SAI,55,0 days 00:01:43.404000,12.0,2.0,,,20.664,48.121,34.619,0 days 00:32:13.770000,0 days 00:33:01.891000,0 days 00:33:36.510000,168.0,132.0,269.0,283.0,False,MEDIUM,12.0,False,Renault,0 days 00:31:53.106000,2018-07-20 13:27:53.126,,,False,,False,False,103.404,103.404
687,0 days 00:35:00.079000,SAI,55,0 days 00:01:23.569000,13.0,2.0,,0 days 00:34:57.555000,16.641,36.506,30.422,0 days 00:33:53.151000,0 days 00:34:29.657000,0 days 00:35:00.079000,215.0,234.0,,320.0,False,MEDIUM,13.0,False,Renault,0 days 00:33:36.510000,2018-07-20 13:29:36.530,21,,False,,False,False,83.569,83.569
688,0 days 00:47:02.619000,SAI,55,,14.0,3.0,0 days 00:45:23.995000,,,46.085,30.557,,0 days 00:46:32.093000,0 days 00:47:02.707000,148.0,215.0,273.0,297.0,False,ULTRASOFT,1.0,True,Renault,0 days 00:35:00.079000,2018-07-20 13:31:00.099,1,,False,,False,False,,
689,0 days 00:48:17.211000,SAI,55,0 days 00:01:14.592000,15.0,3.0,,,16.34,35.391,22.861,0 days 00:47:18.959000,0 days 00:47:54.350000,0 days 00:48:17.211000,216.0,260.0,273.0,321.0,True,ULTRASOFT,2.0,True,Renault,0 days 00:47:02.619000,2018-07-20 13:43:02.639,1,,False,,False,True,74.592,74.592
690,0 days 00:49:57.340000,SAI,55,0 days 00:01:40.129000,16.0,3.0,,,22.252,46.755,31.122,0 days 00:48:39.463000,0 days 00:49:26.218000,0 days 00:49:57.340000,157.0,186.0,273.0,279.0,False,ULTRASOFT,3.0,True,Renault,0 days 00:48:17.211000,2018-07-20 13:44:17.231,1,,False,,False,True,100.129,100.129
691,0 days 00:51:12.580000,SAI,55,0 days 00:01:15.240000,17.0,3.0,,,16.465,35.525,23.25,0 days 00:50:13.805000,0 days 00:50:49.330000,0 days 00:51:12.580000,216.0,261.0,274.0,322.0,False,ULTRASOFT,4.0,True,Renault,0 days 00:49:57.340000,2018-07-20 13:45:57.360,1,,False,,False,True,75.24,75.24
692,0 days 00:52:51.698000,SAI,55,0 days 00:01:39.118000,18.0,3.0,,0 days 00:52:49.171000,21.12,45.296,32.702,0 days 00:51:33.700000,0 days 00:52:18.996000,0 days 00:52:51.698000,180.0,229.0,,277.0,False,ULTRASOFT,5.0,True,Renault,0 days 00:51:12.580000,2018-07-20 13:47:12.600,1,,False,,False,False,99.118,99.118
693,0 days 01:02:56.027000,SAI,55,,19.0,4.0,0 days 01:01:23.039000,0 days 01:02:53.332000,,42.376,32.042,,0 days 01:02:23.997000,0 days 01:02:56.048000,162.0,235.0,,285.0,False,ULTRASOFT,6.0,False,Renault,0 days 00:52:51.698000,2018-07-20 13:48:51.718,1,,False,,False,False,,
694,0 days 01:04:46.988000,SAI,55,0 days 00:01:50.961000,20.0,5.0,0 days 01:03:25.815000,,46.927,38.646,25.388,0 days 01:03:42.954000,0 days 01:04:21.600000,0 days 01:04:46.988000,207.0,249.0,260.0,304.0,False,ULTRASOFT,7.0,False,Renault,0 days 01:02:56.027000,2018-07-20 13:58:56.047,1,,False,,False,False,110.961,110.96100000000001
695,0 days 01:06:05.700000,SAI,55,0 days 00:01:18.712000,21.0,5.0,,,17.369,37.045,24.298,0 days 01:05:04.357000,0 days 01:05:41.402000,0 days 01:06:05.700000,209.0,254.0,260.0,299.0,False,ULTRASOFT,8.0,False,Renault,0 days 01:04:46.988000,2018-07-20 14:00:47.008,1,,False,,False,True,78.712,78.712
696,0 days 01:07:24.336000,SAI,55,0 days 00:01:18.636000,22.0,5.0,,,17.324,36.952,24.36,0 days 01:06:23.024000,0 days 01:06:59.976000,0 days 01:07:24.336000,208.0,254.0,260.0,300.0,False,ULTRASOFT,9.0,False,Renault,0 days 01:06:05.700000,2018-07-20 14:02:05.720,1,,False,,False,True,78.636,78.636
697,0 days 01:08:43.339000,SAI,55,0 days 00:01:19.003000,23.0,5.0,,,17.374,37.18,24.449,0 days 01:07:41.710000,0 days 01:08:18.890000,0 days 01:08:43.339000,207.0,254.0,261.0,304.0,False,ULTRASOFT,10.0,False,Renault,0 days 01:07:24.336000,2018-07-20 14:03:24.356,1,,False,,False,True,79.003,79.003
698,0 days 01:10:03.413000,SAI,55,0 days 00:01:20.074000,24.0,5.0,,,17.533,37.564,24.977,0 days 01:09:00.872000,0 days 01:09:38.436000,0 days 01:10:03.413000,206.0,252.0,259.0,304.0,False,ULTRASOFT,11.0,False,Renault,0 days 01:08:43.339000,2018-07-20 14:04:43.359,1,,False,,False,True,80.074,80.074
699,0 days 01:11:23.544000,SAI,55,0 days 00:01:20.131000,25.0,5.0,,,17.697,37.605,24.829,0 days 01:10:21.110000,0 days 01:10:58.715000,0 days 01:11:23.544000,206.0,253.0,261.0,302.0,False,ULTRASOFT,12.0,False,Renault,0 days 01:10:03.413000,2018-07-20 14:06:03.433,1,,False,,False,True,80.131,80.131
700,0 days 01:12:43.962000,SAI,55,0 days 00:01:20.418000,26.0,5.0,,,17.73,37.736,24.952,0 days 01:11:41.274000,0 days 01:12:19.010000,0 days 01:12:43.962000,207.0,252.0,257.0,303.0,False,ULTRASOFT,13.0,False,Renault,0 days 01:11:23.544000,2018-07-20 14:07:23.564,1,,False,,False,True,80.418,80.41799999999999
701,0 days 01:14:07.534000,SAI,55,0 days 00:01:23.572000,27.0,5.0,,0 days 01:14:05.070000,17.68,37.587,28.305,0 days 01:13:01.642000,0 days 01:13:39.229000,0 days 01:14:07.534000,205.0,251.0,,303.0,False,ULTRASOFT,14.0,False,Renault,0 days 01:12:43.962000,2018-07-20 14:08:43.982,12,,False,,False,False,83.572,83.572
702,0 days 01:15:43.651000,SAI,55,0 days 00:01:36.117000,28.0,6.0,0 days 01:14:25.124000,,33.503,37.51,25.104,0 days 01:14:41.037000,0 days 01:15:18.547000,0 days 01:15:43.651000,207.0,251.0,259.0,304.0,False,MEDIUM,14.0,False,Renault,0 days 01:14:07.534000,2018-07-20 14:10:07.554,21,,False,,False,False,96.117,96.117
703,0 days 01:17:03.568000,SAI,55,0 days 00:01:19.917000,29.0,6.0,,,17.55,37.477,24.89,0 days 01:16:01.201000,0 days 01:16:38.678000,0 days 01:17:03.568000,206.0,254.0,260.0,303.0,False,MEDIUM,15.0,False,Renault,0 days 01:15:43.651000,2018-07-20 14:11:43.671,1,,False,,False,True,79.917,79.917
704,0 days 01:18:23.656000,SAI,55,0 days 00:01:20.088000,30.0,6.0,,,17.653,37.564,24.871,0 days 01:17:21.221000,0 days 01:17:58.785000,0 days 01:18:23.656000,207.0,253.0,258.0,305.0,False,MEDIUM,16.0,False,Renault,0 days 01:17:03.568000,2018-07-20 14:13:03.588,1,,False,,False,True,80.088,80.088
705,0 days 01:19:43.686000,SAI,55,0 days 00:01:20.030000,31.0,6.0,,,17.665,37.357,25.008,0 days 01:18:41.321000,0 days 01:19:18.678000,0 days 01:19:43.686000,209.0,253.0,261.0,310.0,False,MEDIUM,17.0,False,Renault,0 days 01:18:23.656000,2018-07-20 14:14:23.676,1,,False,,False,True,80.03,80.03
706,0 days 01:21:04.141000,SAI,55,0 days 00:01:20.455000,32.0,6.0,,,17.761,37.428,25.266,0 days 01:20:01.447000,0 days 01:20:38.875000,0 days 01:21:04.141000,206.0,252.0,267.0,309.0,False,MEDIUM,18.0,False,Renault,0 days 01:19:43.686000,2018-07-20 14:15:43.706,1,,False,,False,True,80.455,80.45499999999998
707,0 days 01:22:24.071000,SAI,55,0 days 00:01:19.930000,33.0,6.0,,,17.896,37.002,25.032,0 days 01:21:22.037000,0 days 01:21:59.039000,0 days 01:22:24.071000,211.0,253.0,258.0,325.0,False,MEDIUM,19.0,False,Renault,0 days 01:21:04.141000,2018-07-20 14:17:04.161,1,,False,,False,True,79.93,79.93
708,0 days 01:23:43.782000,SAI,55,0 days 00:01:19.711000,34.0,6.0,,,17.591,37.33,24.79,0 days 01:22:41.662000,0 days 01:23:18.992000,0 days 01:23:43.782000,204.0,254.0,261.0,307.0,False,MEDIUM,20.0,False,Renault,0 days 01:22:24.071000,2018-07-20 14:18:24.091,1,,False,,False,True,79.711,79.711
709,0 days 01:25:03.355000,SAI,55,0 days 00:01:19.573000,35.0,6.0,,,17.477,37.382,24.714,0 days 01:24:01.259000,0 days 01:24:38.641000,0 days 01:25:03.355000,208.0,253.0,258.0,309.0,False,MEDIUM,21.0,False,Renault,0 days 01:23:43.782000,2018-07-20 14:19:43.802,1,,False,,False,True,79.573,79.573
710,0 days 01:26:22.863000,SAI,55,0 days 00:01:19.508000,36.0,6.0,,,17.427,37.527,24.554,0 days 01:25:20.782000,0 days 01:25:58.309000,0 days 01:26:22.863000,208.0,255.0,261.0,306.0,False,MEDIUM,22.0,False,Renault,0 days 01:25:03.355000,2018-07-20 14:21:03.375,1,,False,,False,True,79.508,79.508
711,0 days 01:27:43.087000,SAI,55,0 days 00:01:20.224000,37.0,6.0,,,17.467,37.681,25.076,0 days 01:26:40.330000,0 days 01:27:18.011000,0 days 01:27:43.087000,210.0,251.0,260.0,304.0,False,MEDIUM,23.0,False,Renault,0 days 01:26:22.863000,2018-07-20 14:22:22.883,1,,False,,False,True,80.224,80.22399999999999
712,0 days 01:29:02.990000,SAI,55,0 days 00:01:19.903000,38.0,6.0,,,17.604,37.423,24.876,0 days 01:28:00.691000,0 days 01:28:38.114000,0 days 01:29:02.990000,209.0,253.0,258.0,307.0,False,MEDIUM,24.0,False,Renault,0 days 01:27:43.087000,2018-07-20 14:23:43.107,1,,False,,False,True,79.903,79.903
713,0 days 01:30:24.815000,SAI,55,0 days 00:01:21.825000,39.0,6.0,,,17.625,38.016,26.184,0 days 01:29:20.615000,0 days 01:29:58.631000,0 days 01:30:24.815000,209.0,254.0,260.0,307.0,False,MEDIUM,25.0,False,Renault,0 days 01:29:02.990000,2018-07-20 14:25:03.010,1,,False,,False,True,81.825,81.825
714,0 days 01:31:44.518000,SAI,55,0 days 00:01:19.703000,40.0,6.0,,,17.574,37.377,24.752,0 days 01:30:42.389000,0 days 01:31:19.766000,0 days 01:31:44.518000,210.0,256.0,260.0,306.0,False,MEDIUM,26.0,False,Renault,0 days 01:30:24.815000,2018-07-20 14:26:24.835,1,,False,,False,True,79.703,79.703
715,0 days 01:33:04.300000,SAI,55,0 days 00:01:19.782000,41.0,6.0,,,17.511,37.457,24.814,0 days 01:32:02.029000,0 days 01:32:39.486000,0 days 01:33:04.300000,210.0,252.0,260.0,306.0,False,MEDIUM,27.0,False,Renault,0 days 01:31:44.518000,2018-07-20 14:27:44.538,1,,False,,False,True,79.782,79.78200000000001
716,0 days 01:34:23.660000,SAI,55,0 days 00:01:19.360000,42.0,6.0,,,17.514,37.066,24.78,0 days 01:33:21.814000,0 days 01:33:58.880000,0 days 01:34:23.660000,213.0,254.0,259.0,320.0,False,MEDIUM,28.0,False,Renault,0 days 01:33:04.300000,2018-07-20 14:29:04.320,1,,False,,False,True,79.36,79.36
717,0 days 01:36:13.482000,SAI,55,0 days 00:01:49.822000,43.0,6.0,,0 days 01:36:10.847000,21.03,44.668,44.124,0 days 01:34:44.690000,0 days 01:35:29.358000,0 days 01:36:13.482000,184.0,153.0,,271.0,False,MEDIUM,29.0,False,Renault,0 days 01:34:23.660000,2018-07-20 14:30:23.680,15,,False,,False,False,109.822,109.822
718,0 days 00:22:09.558000,BOT,77,,1.0,1.0,0 days 00:20:37.452000,,,41.579,32.882,,0 days 00:21:36.682000,0 days 00:22:09.637000,176.0,232.0,274.0,304.0,False,SOFT,1.0,True,Mercedes,0 days 00:20:37.452000,2018-07-20 13:16:37.472,,,False,,False,False,,
719,0 days 00:23:23.214000,BOT,77,0 days 00:01:13.656000,2.0,1.0,,,15.895,35.301,22.46,0 days 00:22:25.453000,0 days 00:23:00.754000,0 days 00:23:23.214000,214.0,264.0,274.0,322.0,True,SOFT,2.0,True,Mercedes,0 days 00:22:09.558000,2018-07-20 13:18:09.578,,,False,,False,False,73.656,73.656
720,0 days 00:25:14.888000,BOT,77,0 days 00:01:51.674000,3.0,1.0,,,20.914,52.828,37.932,0 days 00:23:44.128000,0 days 00:24:36.956000,0 days 00:25:14.888000,145.0,183.0,274.0,256.0,False,SOFT,3.0,True,Mercedes,0 days 00:23:23.214000,2018-07-20 13:19:23.234,,,False,,False,False,111.674,111.674
721,0 days 00:26:53.578000,BOT,77,0 days 00:01:38.690000,4.0,1.0,,,17.592,47.925,33.173,0 days 00:25:32.480000,0 days 00:26:20.405000,0 days 00:26:53.578000,145.0,190.0,273.0,282.0,False,SOFT,4.0,True,Mercedes,0 days 00:25:14.888000,2018-07-20 13:21:14.908,,,False,,False,False,98.69,98.69
722,0 days 00:28:17.853000,BOT,77,0 days 00:01:24.275000,5.0,1.0,,0 days 00:28:15.321000,15.99,35.484,32.801,0 days 00:27:09.568000,0 days 00:27:45.052000,0 days 00:28:17.853000,214.0,264.0,,323.0,False,SOFT,5.0,True,Mercedes,0 days 00:26:53.578000,2018-07-20 13:22:53.598,,,False,,False,False,84.275,84.275
723,0 days 00:41:38.223000,BOT,77,,6.0,2.0,0 days 00:40:00.039000,,,45.841,33.361,,0 days 00:41:04.895000,0 days 00:41:38.321000,150.0,195.0,276.0,280.0,False,ULTRASOFT,1.0,True,Mercedes,0 days 00:28:17.853000,2018-07-20 13:24:17.873,21,,False,,False,False,,
724,0 days 00:42:51.413000,BOT,77,0 days 00:01:13.190000,7.0,2.0,,,15.766,35.183,22.241,0 days 00:41:53.989000,0 days 00:42:29.172000,0 days 00:42:51.413000,207.0,263.0,276.0,321.0,True,ULTRASOFT,2.0,True,Mercedes,0 days 00:41:38.223000,2018-07-20 13:37:38.243,1,,False,,False,True,73.19,73.19
725,0 days 00:44:40.191000,BOT,77,0 days 00:01:48.778000,8.0,2.0,,,22.011,53.407,33.36,0 days 00:43:13.424000,0 days 00:44:06.831000,0 days 00:44:40.191000,143.0,210.0,216.0,226.0,False,ULTRASOFT,3.0,True,Mercedes,0 days 00:42:51.413000,2018-07-20 13:38:51.433,1,,False,,False,True,108.778,108.77799999999999
726,0 days 00:46:30.394000,BOT,77,0 days 00:01:50.203000,9.0,2.0,,,22.318,51.956,35.929,0 days 00:45:02.509000,0 days 00:45:54.465000,0 days 00:46:30.394000,147.0,226.0,277.0,292.0,False,ULTRASOFT,4.0,True,Mercedes,0 days 00:44:40.191000,2018-07-20 13:40:40.211,1,,False,,False,True,110.203,110.203
727,0 days 00:47:43.779000,BOT,77,0 days 00:01:13.385000,10.0,2.0,,,15.802,35.314,22.269,0 days 00:46:46.196000,0 days 00:47:21.510000,0 days 00:47:43.779000,213.0,266.0,276.0,322.0,False,ULTRASOFT,5.0,True,Mercedes,0 days 00:46:30.394000,2018-07-20 13:42:30.414,1,,False,,False,True,73.385,73.38499999999999
728,0 days 00:49:19.830000,BOT,77,0 days 00:01:36.051000,11.0,2.0,,0 days 00:49:17.013000,20.133,46.074,29.844,0 days 00:48:03.912000,0 days 00:48:49.986000,0 days 00:49:19.830000,187.0,214.0,,286.0,False,ULTRASOFT,6.0,True,Mercedes,0 days 00:47:43.779000,2018-07-20 13:43:43.799,1,,False,,False,False,96.051,96.05099999999999
729,0 days 00:57:51.787000,BOT,77,,12.0,3.0,0 days 00:56:16.546000,0 days 00:57:49.194000,,48.773,29.155,,0 days 00:57:22.646000,0 days 00:57:51.820000,178.0,224.0,,247.0,False,ULTRASOFT,7.0,False,Mercedes,0 days 00:49:19.830000,2018-07-20 13:45:19.850,1,,False,,False,False,,
730,0 days 00:59:58.418000,BOT,77,0 days 00:02:06.631000,13.0,4.0,0 days 00:58:27.901000,,52.578,41.124,32.929,0 days 00:58:44.365000,0 days 00:59:25.489000,0 days 00:59:58.418000,193.0,224.0,264.0,318.0,False,ULTRASOFT,8.0,False,Mercedes,0 days 00:57:51.787000,2018-07-20 13:53:51.807,1,,False,,False,False,126.631,126.631
731,0 days 01:01:15.856000,BOT,77,0 days 00:01:17.438000,14.0,4.0,,,16.998,36.719,23.721,0 days 01:00:15.416000,0 days 01:00:52.135000,0 days 01:01:15.856000,208.0,257.0,261.0,306.0,False,ULTRASOFT,9.0,False,Mercedes,0 days 00:59:58.418000,2018-07-20 13:55:58.438,1,,False,,False,True,77.438,77.438
732,0 days 01:02:34.246000,BOT,77,0 days 00:01:18.390000,15.0,4.0,,,17.117,36.952,24.321,0 days 01:01:32.973000,0 days 01:02:09.925000,0 days 01:02:34.246000,206.0,254.0,262.0,304.0,False,ULTRASOFT,10.0,False,Mercedes,0 days 01:01:15.856000,2018-07-20 13:57:15.876,1,,False,,False,True,78.39,78.39
733,0 days 01:03:52.257000,BOT,77,0 days 00:01:18.011000,16.0,4.0,,,17.024,36.991,23.996,0 days 01:02:51.270000,0 days 01:03:28.261000,0 days 01:03:52.257000,205.0,256.0,263.0,310.0,False,ULTRASOFT,11.0,False,Mercedes,0 days 01:02:34.246000,2018-07-20 13:58:34.266,1,,False,,False,True,78.011,78.011
734,0 days 01:05:20.479000,BOT,77,0 days 00:01:28.222000,17.0,4.0,,,17.183,37.46,33.579,0 days 01:04:09.440000,0 days 01:04:46.900000,0 days 01:05:20.479000,200.0,256.0,255.0,311.0,False,ULTRASOFT,12.0,False,Mercedes,0 days 01:03:52.257000,2018-07-20 13:59:52.277,1,,False,,False,True,88.222,88.22200000000001
735,0 days 01:06:39.035000,BOT,77,0 days 00:01:18.556000,18.0,4.0,,,17.11,37.258,24.188,0 days 01:05:37.589000,0 days 01:06:14.847000,0 days 01:06:39.035000,206.0,254.0,263.0,301.0,False,ULTRASOFT,13.0,False,Mercedes,0 days 01:05:20.479000,2018-07-20 14:01:20.499,1,,False,,False,True,78.556,78.556
736,0 days 01:07:58.099000,BOT,77,0 days 00:01:19.064000,19.0,4.0,,,17.251,37.456,24.357,0 days 01:06:56.286000,0 days 01:07:33.742000,0 days 01:07:58.099000,201.0,252.0,261.0,302.0,False,ULTRASOFT,14.0,False,Mercedes,0 days 01:06:39.035000,2018-07-20 14:02:39.055,1,,False,,False,True,79.064,79.06400000000001
737,0 days 01:09:16.879000,BOT,77,0 days 00:01:18.780000,20.0,4.0,,,17.329,37.342,24.109,0 days 01:08:15.428000,0 days 01:08:52.770000,0 days 01:09:16.879000,202.0,254.0,262.0,299.0,False,ULTRASOFT,15.0,False,Mercedes,0 days 01:07:58.099000,2018-07-20 14:03:58.119,1,,False,,False,True,78.78,78.78
738,0 days 01:10:35.679000,BOT,77,0 days 00:01:18.800000,21.0,4.0,,,17.338,37.326,24.136,0 days 01:09:34.217000,0 days 01:10:11.543000,0 days 01:10:35.679000,202.0,255.0,262.0,300.0,False,ULTRASOFT,16.0,False,Mercedes,0 days 01:09:16.879000,2018-07-20 14:05:16.899,1,,False,,False,True,78.8,78.8
739,0 days 01:11:54.430000,BOT,77,0 days 00:01:18.751000,22.0,4.0,,,17.184,37.409,24.158,0 days 01:10:52.863000,0 days 01:11:30.272000,0 days 01:11:54.430000,204.0,253.0,263.0,301.0,False,ULTRASOFT,17.0,False,Mercedes,0 days 01:10:35.679000,2018-07-20 14:06:35.699,1,,False,,False,True,78.751,78.751
740,0 days 01:13:19.556000,BOT,77,0 days 00:01:25.126000,23.0,4.0,,0 days 01:13:17.017000,17.347,37.379,30.4,0 days 01:12:11.777000,0 days 01:12:49.156000,0 days 01:13:19.556000,197.0,254.0,,307.0,False,ULTRASOFT,18.0,False,Mercedes,0 days 01:11:54.430000,2018-07-20 14:07:54.450,1,,False,,False,False,85.126,85.126
741,0 days 01:14:55.818000,BOT,77,0 days 00:01:36.262000,24.0,5.0,0 days 01:13:39.536000,,35.81,36.208,24.244,0 days 01:13:55.366000,0 days 01:14:31.574000,0 days 01:14:55.818000,211.0,256.0,263.0,331.0,False,SOFT,6.0,False,Mercedes,0 days 01:13:19.556000,2018-07-20 14:09:19.576,12,,False,,False,False,96.262,96.262
742,0 days 01:16:13.841000,BOT,77,0 days 00:01:18.023000,25.0,5.0,,,17.243,36.961,23.819,0 days 01:15:13.061000,0 days 01:15:50.022000,0 days 01:16:13.841000,206.0,253.0,263.0,299.0,False,SOFT,7.0,False,Mercedes,0 days 01:14:55.818000,2018-07-20 14:10:55.838,1,,False,,False,True,78.023,78.023
743,0 days 01:17:32.177000,BOT,77,0 days 00:01:18.336000,26.0,5.0,,,17.006,37.16,24.17,0 days 01:16:30.847000,0 days 01:17:08.007000,0 days 01:17:32.177000,205.0,255.0,260.0,301.0,False,SOFT,8.0,False,Mercedes,0 days 01:16:13.841000,2018-07-20 14:12:13.861,1,,False,,False,True,78.336,78.336
744,0 days 01:18:56.717000,BOT,77,0 days 00:01:24.540000,27.0,5.0,,,17.326,39.872,27.342,0 days 01:17:49.503000,0 days 01:18:29.375000,0 days 01:18:56.717000,201.0,233.0,260.0,298.0,False,SOFT,9.0,False,Mercedes,0 days 01:17:32.177000,2018-07-20 14:13:32.197,1,,False,,False,True,84.54,84.53999999999999
745,0 days 01:20:14.993000,BOT,77,0 days 00:01:18.276000,28.0,5.0,,,17.006,37.408,23.862,0 days 01:19:13.723000,0 days 01:19:51.131000,0 days 01:20:14.993000,205.0,252.0,261.0,300.0,False,SOFT,10.0,False,Mercedes,0 days 01:18:56.717000,2018-07-20 14:14:56.737,1,,False,,False,True,78.276,78.276
746,0 days 01:21:33.523000,BOT,77,0 days 00:01:18.530000,29.0,5.0,,,17.085,37.291,24.154,0 days 01:20:32.078000,0 days 01:21:09.369000,0 days 01:21:33.523000,205.0,253.0,259.0,303.0,False,SOFT,11.0,False,Mercedes,0 days 01:20:14.993000,2018-07-20 14:16:15.013,1,,False,,False,True,78.53,78.53
747,0 days 01:22:51.812000,BOT,77,0 days 00:01:18.289000,30.0,5.0,,,17.183,37.158,23.948,0 days 01:21:50.706000,0 days 01:22:27.864000,0 days 01:22:51.812000,206.0,255.0,261.0,304.0,False,SOFT,12.0,False,Mercedes,0 days 01:21:33.523000,2018-07-20 14:17:33.543,1,,False,,False,True,78.289,78.289
748,0 days 01:24:10.477000,BOT,77,0 days 00:01:18.665000,31.0,5.0,,,17.35,37.238,24.077,0 days 01:23:09.162000,0 days 01:23:46.400000,0 days 01:24:10.477000,201.0,254.0,261.0,304.0,False,SOFT,13.0,False,Mercedes,0 days 01:22:51.812000,2018-07-20 14:18:51.832,1,,False,,False,True,78.665,78.665
749,0 days 01:25:28.728000,BOT,77,0 days 00:01:18.251000,32.0,5.0,,,17.167,37.215,23.869,0 days 01:24:27.644000,0 days 01:25:04.859000,0 days 01:25:28.728000,206.0,254.0,262.0,304.0,False,SOFT,14.0,False,Mercedes,0 days 01:24:10.477000,2018-07-20 14:20:10.497,1,,False,,False,True,78.251,78.251
750,0 days 01:26:47.096000,BOT,77,0 days 00:01:18.368000,33.0,5.0,,,17.089,37.368,23.911,0 days 01:25:45.817000,0 days 01:26:23.185000,0 days 01:26:47.096000,205.0,253.0,263.0,303.0,False,SOFT,15.0,False,Mercedes,0 days 01:25:28.728000,2018-07-20 14:21:28.748,1,,False,,False,True,78.368,78.368
751,0 days 01:28:05.918000,BOT,77,0 days 00:01:18.822000,34.0,5.0,,,17.325,37.403,24.094,0 days 01:27:04.421000,0 days 01:27:41.824000,0 days 01:28:05.918000,205.0,254.0,261.0,301.0,False,SOFT,16.0,False,Mercedes,0 days 01:26:47.096000,2018-07-20 14:22:47.116,1,,False,,False,True,78.822,78.822
752,0 days 01:29:24.625000,BOT,77,0 days 00:01:18.707000,35.0,5.0,,,17.284,37.339,24.084,0 days 01:28:23.202000,0 days 01:29:00.541000,0 days 01:29:24.625000,205.0,255.0,258.0,303.0,False,SOFT,17.0,False,Mercedes,0 days 01:28:05.918000,2018-07-20 14:24:05.938,1,,False,,False,True,78.707,78.707
753,0 days 01:30:43.188000,BOT,77,0 days 00:01:18.563000,36.0,5.0,,,17.219,37.266,24.078,0 days 01:29:41.844000,0 days 01:30:19.110000,0 days 01:30:43.188000,205.0,255.0,260.0,302.0,False,SOFT,18.0,False,Mercedes,0 days 01:29:24.625000,2018-07-20 14:25:24.645,1,,False,,False,True,78.563,78.563
754,0 days 01:32:05.936000,BOT,77,0 days 00:01:22.748000,37.0,5.0,,,17.315,38.115,27.318,0 days 01:31:00.503000,0 days 01:31:38.618000,0 days 01:32:05.936000,206.0,241.0,262.0,305.0,False,SOFT,19.0,False,Mercedes,0 days 01:30:43.188000,2018-07-20 14:26:43.208,1,,False,,False,True,82.748,82.748
755,0 days 01:33:24.169000,BOT,77,0 days 00:01:18.233000,38.0,5.0,,,17.005,37.149,24.079,0 days 01:32:22.941000,0 days 01:33:00.090000,0 days 01:33:24.169000,207.0,255.0,262.0,303.0,False,SOFT,20.0,False,Mercedes,0 days 01:32:05.936000,2018-07-20 14:28:05.956,1,,False,,False,True,78.233,78.233
756,0 days 01:34:55.457000,BOT,77,0 days 00:01:31.288000,39.0,5.0,,0 days 01:34:52.904000,17.314,40.611,33.363,0 days 01:33:41.483000,0 days 01:34:22.094000,0 days 01:34:55.457000,206.0,233.0,,305.0,False,SOFT,21.0,False,Mercedes,0 days 01:33:24.169000,2018-07-20 14:29:24.189,1,,False,,False,False,91.288,91.288
