Unnamed: 0,Time,Driver,DriverNumber,LapTime,LapNumber,Stint,PitOutTime,PitInTime,Sector1Time,Sector2Time,Sector3Time,Sector1SessionTime,Sector2SessionTime,Sector3SessionTime,SpeedI1,SpeedI2,SpeedFL,SpeedST,IsPersonalBest,Compound,TyreLife,FreshTyre,Team,LapStartTime,LapStartDate,TrackStatus,Position,Deleted,DeletedReason,FastF1Generated,IsAccurate,LapTime_in_seconds,laptime_sum_sectortimes
0,0 days 00:17:56.178000,VER,3,,1.0,1.0,0 days 00:16:22.909000,,,35.206,29.873,,0 days 00:17:26.557000,0 days 00:17:56.259000,227.0,221.0,280.0,199.0,False,MEDIUM,1.0,True,Red Bull Racing,0 days 00:16:22.909000,2026-06-12 11:31:23.909,1,,False,,False,False,,
1,0 days 00:19:14.689000,VER,3,0 days 00:01:18.511000,2.0,1.0,,,22.919,31.597,23.995,0 days 00:18:19.097000,0 days 00:18:50.694000,0 days 00:19:14.689000,276.0,269.0,273.0,322.0,True,MEDIUM,2.0,True,Red Bull Racing,0 days 00:17:56.178000,2026-06-12 11:32:57.178,1,,False,,False,True,78.511,78.51100000000001
2,0 days 00:21:17.698000,VER,3,0 days 00:02:03.009000,3.0,1.0,,,43.925,51.039,28.045,0 days 00:19:58.614000,0 days 00:20:49.653000,0 days 00:21:17.698000,109.0,211.0,274.0,150.0,False,MEDIUM,3.0,True,Red Bull Racing,0 days 00:19:14.689000,2026-06-12 11:34:15.689,1,,False,,False,True,123.009,123.009
3,0 days 00:22:36.628000,VER,3,0 days 00:01:18.930000,4.0,1.0,,,22.809,31.418,24.703,0 days 00:21:40.507000,0 days 00:22:11.925000,0 days 00:22:36.628000,282.0,285.0,279.0,322.0,False,MEDIUM,4.0,True,Red Bull Racing,0 days 00:21:17.698000,2026-06-12 11:36:18.698,1,,False,,False,True,78.93,78.93
4,0 days 00:24:20.367000,VER,3,0 days 00:01:43.739000,5.0,1.0,,0 days 00:24:17.618000,27.636,40.88,35.223,0 days 00:23:04.264000,0 days 00:23:45.144000,0 days 00:24:20.367000,196.0,204.0,,233.0,False,MEDIUM,5.0,True,Red Bull Racing,0 days 00:22:36.628000,2026-06-12 11:37:37.628,1,,False,,False,False,103.739,103.739
5,0 days 00:27:35.748000,VER,3,,6.0,2.0,0 days 00:25:38.637000,,,52.633,29.642,,0 days 00:27:06.239000,0 days 00:27:35.815000,154.0,150.0,272.0,187.0,False,MEDIUM,6.0,False,Red Bull Racing,0 days 00:24:20.367000,2026-06-12 11:39:21.367,1,,False,,False,False,,
6,0 days 00:28:54.627000,VER,3,0 days 00:01:18.879000,7.0,2.0,,,22.872,31.986,24.021,0 days 00:27:58.620000,0 days 00:28:30.606000,0 days 00:28:54.627000,286.0,281.0,271.0,322.0,False,MEDIUM,7.0,False,Red Bull Racing,0 days 00:27:35.748000,2026-06-12 11:42:36.748,1,,False,,False,True,78.879,78.879
7,0 days 00:31:07.255000,VER,3,0 days 00:02:12.628000,8.0,2.0,,,40.301,63.137,29.19,0 days 00:29:34.928000,0 days 00:30:38.065000,0 days 00:31:07.255000,128.0,138.0,276.0,172.0,False,MEDIUM,8.0,False,Red Bull Racing,0 days 00:28:54.627000,2026-06-12 11:43:55.627,1,,False,,False,True,132.628,132.628
8,0 days 00:32:25.869000,VER,3,0 days 00:01:18.614000,9.0,2.0,,,22.779,31.862,23.973,0 days 00:31:30.034000,0 days 00:32:01.896000,0 days 00:32:25.869000,279.0,275.0,276.0,324.0,False,MEDIUM,9.0,False,Red Bull Racing,0 days 00:31:07.255000,2026-06-12 11:46:08.255,1,,False,,False,True,78.614,78.614
9,0 days 00:33:59.750000,VER,3,0 days 00:01:33.881000,10.0,2.0,,0 days 00:33:56.971000,27.834,35.143,30.904,0 days 00:32:53.703000,0 days 00:33:28.846000,0 days 00:33:59.750000,212.0,197.0,,237.0,False,MEDIUM,10.0,False,Red Bull Racing,0 days 00:32:25.869000,2026-06-12 11:47:26.869,1,,False,,False,False,93.881,93.881
10,0 days 00:44:47.334000,VER,3,,11.0,3.0,0 days 00:43:07.449000,,,39.147,30.981,,0 days 00:44:16.593000,0 days 00:44:47.500000,177.0,237.0,284.0,225.0,False,SOFT,1.0,True,Red Bull Racing,0 days 00:33:59.750000,2026-06-12 11:49:00.750,1,,False,,False,False,,
11,0 days 00:46:04.381000,VER,3,0 days 00:01:17.047000,12.0,3.0,,,22.406,31.126,23.515,0 days 00:45:09.740000,0 days 00:45:40.866000,0 days 00:46:04.381000,284.0,284.0,278.0,323.0,True,SOFT,2.0,True,Red Bull Racing,0 days 00:44:47.334000,2026-06-12 11:59:48.334,12,,False,,False,True,77.047,77.047
12,0 days 00:47:58.503000,VER,3,0 days 00:01:54.122000,13.0,3.0,,0 days 00:47:55.786000,33.681,45.46,34.981,0 days 00:46:38.062000,0 days 00:47:23.522000,0 days 00:47:58.503000,137.0,178.0,,208.0,False,SOFT,3.0,True,Red Bull Racing,0 days 00:46:04.381000,2026-06-12 12:01:05.381,1,,False,,False,False,114.122,114.122
13,0 days 00:50:40.414000,VER,3,,14.0,4.0,0 days 00:48:33.461000,,73.366,58.655,29.805,0 days 00:49:12.066000,0 days 00:50:10.746000,0 days 00:50:40.456000,134.0,148.0,272.0,169.0,False,SOFT,4.0,False,Red Bull Racing,0 days 00:47:58.503000,2026-06-12 12:02:59.503,1,,False,,False,False,,161.82600000000002
14,0 days 00:51:58.089000,VER,3,0 days 00:01:17.675000,15.0,4.0,,,22.651,31.389,23.635,0 days 00:51:03.065000,0 days 00:51:34.454000,0 days 00:51:58.089000,288.0,287.0,268.0,318.0,False,SOFT,5.0,False,Red Bull Racing,0 days 00:50:40.414000,2026-06-12 12:05:41.414,1,,False,,False,True,77.675,77.675
15,0 days 00:53:28.742000,VER,3,0 days 00:01:30.653000,16.0,4.0,,0 days 00:53:25.851000,26.733,34.486,29.434,0 days 00:52:24.822000,0 days 00:52:59.308000,0 days 00:53:28.742000,212.0,243.0,,285.0,False,SOFT,6.0,False,Red Bull Racing,0 days 00:51:58.089000,2026-06-12 12:06:59.089,1,,False,,False,False,90.653,90.653
16,0 days 01:02:01.659000,VER,3,,17.0,5.0,0 days 00:59:58.885000,,,34.841,30.997,,0 days 01:01:30.795000,0 days 01:02:01.742000,211.0,209.0,295.0,184.0,False,MEDIUM,11.0,False,Red Bull Racing,0 days 00:53:28.742000,2026-06-12 12:08:29.742,1,,False,,False,False,,
17,0 days 01:03:23.647000,VER,3,0 days 00:01:21.988000,18.0,5.0,,,23.68,33.161,25.147,0 days 01:02:25.339000,0 days 01:02:58.500000,0 days 01:03:23.647000,250.0,266.0,293.0,328.0,False,MEDIUM,12.0,False,Red Bull Racing,0 days 01:02:01.659000,2026-06-12 12:17:02.659,1,,False,,False,True,81.988,81.988
18,0 days 01:04:45.554000,VER,3,0 days 00:01:21.907000,19.0,5.0,,,23.76,33.178,24.969,0 days 01:03:47.407000,0 days 01:04:20.585000,0 days 01:04:45.554000,257.0,264.0,293.0,320.0,False,MEDIUM,13.0,False,Red Bull Racing,0 days 01:03:23.647000,2026-06-12 12:18:24.647,1,,False,,False,True,81.907,81.90700000000001
19,0 days 01:06:07.414000,VER,3,0 days 00:01:21.860000,20.0,5.0,,,23.696,33.248,24.916,0 days 01:05:09.250000,0 days 01:05:42.498000,0 days 01:06:07.414000,254.0,267.0,295.0,322.0,False,MEDIUM,14.0,False,Red Bull Racing,0 days 01:04:45.554000,2026-06-12 12:19:46.554,1,,False,,False,True,81.86,81.86
20,0 days 01:07:29.383000,VER,3,0 days 00:01:21.969000,21.0,5.0,,,23.632,33.383,24.954,0 days 01:06:31.046000,0 days 01:07:04.429000,0 days 01:07:29.383000,253.0,271.0,295.0,325.0,False,MEDIUM,15.0,False,Red Bull Racing,0 days 01:06:07.414000,2026-06-12 12:21:08.414,1,,False,,False,True,81.969,81.969
21,0 days 01:08:56.278000,VER,3,0 days 00:01:26.895000,22.0,5.0,,0 days 01:08:53.512000,23.758,33.528,29.609,0 days 01:07:53.141000,0 days 01:08:26.669000,0 days 01:08:56.278000,252.0,265.0,,325.0,False,MEDIUM,16.0,False,Red Bull Racing,0 days 01:07:29.383000,2026-06-12 12:22:30.383,1,,False,,False,False,86.895,86.89500000000001
22,0 days 01:10:40.540000,VER,3,0 days 00:01:44.262000,23.0,6.0,0 days 01:09:17.739000,,45.534,33.419,25.309,0 days 01:09:41.812000,0 days 01:10:15.231000,0 days 01:10:40.540000,246.0,261.0,295.0,253.0,False,SOFT,7.0,False,Red Bull Racing,0 days 01:08:56.278000,2026-06-12 12:23:57.278,1,,False,,False,False,104.262,104.262
23,0 days 01:12:02.314000,VER,3,0 days 00:01:21.774000,24.0,6.0,,,23.724,33.232,24.818,0 days 01:11:04.264000,0 days 01:11:37.496000,0 days 01:12:02.314000,260.0,268.0,295.0,315.0,False,SOFT,8.0,False,Red Bull Racing,0 days 01:10:40.540000,2026-06-12 12:25:41.540,1,,False,,False,True,81.774,81.774
24,0 days 01:13:23.867000,VER,3,0 days 00:01:21.553000,25.0,6.0,,,23.44,33.312,24.801,0 days 01:12:25.754000,0 days 01:12:59.066000,0 days 01:13:23.867000,257.0,271.0,295.0,330.0,False,SOFT,9.0,False,Red Bull Racing,0 days 01:12:02.314000,2026-06-12 12:27:03.314,1,,False,,False,True,81.553,81.553
25,0 days 01:14:45.623000,VER,3,0 days 00:01:21.756000,26.0,6.0,,,23.598,33.269,24.889,0 days 01:13:47.465000,0 days 01:14:20.734000,0 days 01:14:45.623000,265.0,271.0,294.0,322.0,False,SOFT,10.0,False,Red Bull Racing,0 days 01:13:23.867000,2026-06-12 12:28:24.867,1,,False,,False,True,81.756,81.756
26,0 days 01:16:07.720000,VER,3,0 days 00:01:22.097000,27.0,6.0,,,23.481,33.347,25.269,0 days 01:15:09.104000,0 days 01:15:42.451000,0 days 01:16:07.720000,258.0,275.0,295.0,332.0,False,SOFT,11.0,False,Red Bull Racing,0 days 01:14:45.623000,2026-06-12 12:29:46.623,1,,False,,False,True,82.097,82.09700000000001
27,0 days 01:19:16.127000,VER,3,,28.0,6.0,,,34.49,55.843,98.034,0 days 01:16:42.355000,0 days 01:17:38.237000,0 days 01:19:16.127000,151.0,114.0,70.0,165.0,False,SOFT,12.0,False,Red Bull Racing,0 days 01:16:07.720000,2026-06-12 12:31:08.720,1,,False,,False,False,,188.367
28,0 days 01:20:50.497000,VER,3,0 days 00:01:34.370000,29.0,6.0,,0 days 01:20:47.652000,28.563,35.669,30.138,0 days 01:19:44.690000,0 days 01:20:20.359000,0 days 01:20:50.497000,213.0,232.0,,294.0,False,SOFT,13.0,False,Red Bull Racing,0 days 01:19:16.127000,2026-06-12 12:34:17.127,1,,False,,False,False,94.37,94.37
29,0 days 00:17:57.548000,BOR,5,,1.0,1.0,0 days 00:16:21.386000,,,36.803,29.463,,0 days 00:17:28.236000,0 days 00:17:57.559000,197.0,192.0,268.0,216.0,False,MEDIUM,1.0,True,Audi,0 days 00:16:21.386000,2026-06-12 11:31:22.386,1,,False,,False,False,,
30,0 days 00:19:28.294000,BOR,5,0 days 00:01:30.746000,2.0,1.0,,0 days 00:19:25.386000,24.905,34.876,30.965,0 days 00:18:22.453000,0 days 00:18:57.329000,0 days 00:19:28.294000,232.0,205.0,,337.0,False,MEDIUM,2.0,True,Audi,0 days 00:17:57.548000,2026-06-12 11:32:58.548,1,,False,,False,False,90.746,90.746
31,0 days 00:28:01.081000,BOR,5,,3.0,2.0,0 days 00:26:32.394000,,,34.985,26.729,,0 days 00:27:34.578000,0 days 00:28:01.288000,218.0,218.0,273.0,244.0,False,MEDIUM,3.0,False,Audi,0 days 00:19:28.294000,2026-06-12 11:34:29.294,1,,False,,False,False,,
32,0 days 00:29:21.635000,BOR,5,0 days 00:01:20.554000,4.0,2.0,,,23.313,32.499,24.742,0 days 00:28:24.394000,0 days 00:28:56.893000,0 days 00:29:21.635000,265.0,267.0,283.0,332.0,True,MEDIUM,4.0,False,Audi,0 days 00:28:01.081000,2026-06-12 11:43:02.081,1,,False,,False,True,80.554,80.554
33,0 days 00:31:23.066000,BOR,5,0 days 00:02:01.431000,5.0,2.0,,0 days 00:31:20.223000,33.67,48.45,39.311,0 days 00:29:55.305000,0 days 00:30:43.755000,0 days 00:31:23.066000,169.0,134.0,,192.0,False,MEDIUM,5.0,False,Audi,0 days 00:29:21.635000,2026-06-12 11:44:22.635,1,,False,,False,False,121.431,121.431
34,0 days 00:33:36.571000,BOR,5,0 days 00:02:13.505000,6.0,3.0,0 days 00:31:46.555000,,55.912,41.792,35.801,0 days 00:32:18.978000,0 days 00:33:00.770000,0 days 00:33:36.571000,222.0,191.0,274.0,218.0,False,MEDIUM,6.0,False,Audi,0 days 00:31:23.066000,2026-06-12 11:46:24.066,1,,False,,False,False,133.505,133.505
35,0 days 00:34:56.316000,BOR,5,0 days 00:01:19.745000,7.0,3.0,,,23.247,32.275,24.223,0 days 00:33:59.818000,0 days 00:34:32.093000,0 days 00:34:56.316000,277.0,278.0,277.0,332.0,True,MEDIUM,7.0,False,Audi,0 days 00:33:36.571000,2026-06-12 11:48:37.571,1,,False,,False,True,79.745,79.745
36,0 days 00:36:48.414000,BOR,5,0 days 00:01:52.098000,8.0,3.0,,0 days 00:36:45.584000,32.355,45.034,34.709,0 days 00:35:28.671000,0 days 00:36:13.705000,0 days 00:36:48.414000,177.0,161.0,,239.0,False,MEDIUM,8.0,False,Audi,0 days 00:34:56.316000,2026-06-12 11:49:57.316,1,,False,,False,False,112.098,112.098
37,0 days 00:38:47.603000,BOR,5,0 days 00:01:59.189000,9.0,4.0,0 days 00:37:02.620000,,47.31,38.227,33.652,0 days 00:37:35.724000,0 days 00:38:13.951000,0 days 00:38:47.603000,181.0,220.0,273.0,166.0,False,MEDIUM,9.0,False,Audi,0 days 00:36:48.414000,2026-06-12 11:51:49.414,1,,False,,False,False,119.189,119.189
38,0 days 00:40:07.255000,BOR,5,0 days 00:01:19.652000,10.0,4.0,,,23.012,32.272,24.368,0 days 00:39:10.615000,0 days 00:39:42.887000,0 days 00:40:07.255000,278.0,278.0,274.0,330.0,True,MEDIUM,10.0,False,Audi,0 days 00:38:47.603000,2026-06-12 11:53:48.603,1,,False,,False,True,79.652,79.652
39,0 days 00:42:12.025000,BOR,5,0 days 00:02:04.770000,11.0,4.0,,0 days 00:42:09.183000,35.973,54.534,34.263,0 days 00:40:43.228000,0 days 00:41:37.762000,0 days 00:42:12.025000,113.0,145.0,,232.0,False,MEDIUM,11.0,False,Audi,0 days 00:40:07.255000,2026-06-12 11:55:08.255,1,,False,,False,False,124.77,124.77
40,0 days 00:44:11.211000,BOR,5,0 days 00:01:59.186000,12.0,5.0,0 days 00:42:26.115000,,48.939,42.809,27.438,0 days 00:43:00.964000,0 days 00:43:43.773000,0 days 00:44:11.211000,203.0,208.0,273.0,160.0,False,MEDIUM,12.0,False,Audi,0 days 00:42:12.025000,2026-06-12 11:57:13.025,1,,False,,False,False,119.186,119.186
41,0 days 00:46:00.621000,BOR,5,0 days 00:01:49.410000,13.0,5.0,,0 days 00:45:57.637000,23.102,52.492,33.816,0 days 00:44:34.313000,0 days 00:45:26.805000,0 days 00:46:00.621000,273.0,81.0,,327.0,False,MEDIUM,13.0,False,Audi,0 days 00:44:11.211000,2026-06-12 11:59:12.211,12,,False,,False,False,109.41,109.41
42,0 days 00:57:00.954000,BOR,5,,14.0,6.0,0 days 00:55:24.785000,,,35.526,26.475,,0 days 00:56:34.607000,0 days 00:57:01.074000,227.0,229.0,278.0,119.0,False,SOFT,1.0,True,Audi,0 days 00:46:00.621000,2026-06-12 12:01:01.621,1,,False,,False,False,,
43,0 days 00:58:19.163000,BOR,5,0 days 00:01:18.209000,15.0,6.0,,,22.69,31.614,23.905,0 days 00:57:23.644000,0 days 00:57:55.258000,0 days 00:58:19.163000,275.0,284.0,280.0,333.0,True,SOFT,2.0,True,Audi,0 days 00:57:00.954000,2026-06-12 12:12:01.954,1,,False,,False,True,78.209,78.209
44,0 days 01:00:30.692000,BOR,5,0 days 00:02:11.529000,16.0,6.0,,0 days 01:00:27.927000,39.874,49.592,42.063,0 days 00:58:59.037000,0 days 00:59:48.629000,0 days 01:00:30.692000,84.0,113.0,,192.0,False,SOFT,3.0,True,Audi,0 days 00:58:19.163000,2026-06-12 12:13:20.163,1,,False,,False,False,131.529,131.529
45,0 days 01:02:38.300000,BOR,5,0 days 00:02:07.608000,17.0,7.0,0 days 01:00:44.921000,,51.569,46.226,29.813,0 days 01:01:22.261000,0 days 01:02:08.487000,0 days 01:02:38.300000,136.0,96.0,275.0,137.0,False,SOFT,4.0,False,Audi,0 days 01:00:30.692000,2026-06-12 12:15:31.692,1,,False,,False,False,127.608,127.608
46,0 days 01:03:57.083000,BOR,5,0 days 00:01:18.783000,18.0,7.0,,,22.863,31.994,23.926,0 days 01:03:01.163000,0 days 01:03:33.157000,0 days 01:03:57.083000,282.0,281.0,273.0,331.0,False,SOFT,5.0,False,Audi,0 days 01:02:38.300000,2026-06-12 12:17:39.300,1,,False,,False,True,78.783,78.783
47,0 days 01:05:39.998000,BOR,5,0 days 00:01:42.915000,19.0,7.0,,0 days 01:05:37.124000,31.88,40.144,30.891,0 days 01:04:28.963000,0 days 01:05:09.107000,0 days 01:05:39.998000,88.0,192.0,,220.0,False,SOFT,6.0,False,Audi,0 days 01:03:57.083000,2026-06-12 12:18:58.083,1,,False,,False,False,102.915,102.915
48,0 days 01:07:50,BOR,5,0 days 00:02:10.002000,20.0,8.0,0 days 01:06:02.960000,,70.837,32.953,26.212,0 days 01:06:50.835000,0 days 01:07:23.788000,0 days 01:07:50,247.0,247.0,296.0,189.0,False,SOFT,7.0,False,Audi,0 days 01:05:39.998000,2026-06-12 12:20:40.998,1,,False,,False,False,130.002,130.002
49,0 days 01:09:12.840000,BOR,5,0 days 00:01:22.840000,21.0,8.0,,,24.424,33.568,24.848,0 days 01:08:14.424000,0 days 01:08:47.992000,0 days 01:09:12.840000,257.0,263.0,299.0,295.0,False,SOFT,8.0,False,Audi,0 days 01:07:50,2026-06-12 12:22:51.000,1,,False,,False,True,82.84,82.84
50,0 days 01:10:35.642000,BOR,5,0 days 00:01:22.802000,22.0,8.0,,,24.585,33.305,24.912,0 days 01:09:37.425000,0 days 01:10:10.730000,0 days 01:10:35.642000,256.0,266.0,297.0,335.0,False,SOFT,9.0,False,Audi,0 days 01:09:12.840000,2026-06-12 12:24:13.840,1,,True,TRACK LIMITS AT TURN 2 LAP 23 ,False,True,82.802,82.80199999999999
51,0 days 01:11:57.216000,BOR,5,0 days 00:01:21.574000,23.0,8.0,,,23.598,33.126,24.85,0 days 01:10:59.240000,0 days 01:11:32.366000,0 days 01:11:57.216000,257.0,269.0,298.0,325.0,False,SOFT,10.0,False,Audi,0 days 01:10:35.642000,2026-06-12 12:25:36.642,1,,False,,False,True,81.574,81.574
52,0 days 01:13:18.616000,BOR,5,0 days 00:01:21.400000,24.0,8.0,,,23.596,33.102,24.702,0 days 01:12:20.812000,0 days 01:12:53.914000,0 days 01:13:18.616000,259.0,272.0,297.0,327.0,False,SOFT,11.0,False,Audi,0 days 01:11:57.216000,2026-06-12 12:26:58.216,1,,False,,False,True,81.4,81.39999999999999
53,0 days 01:14:42.397000,BOR,5,0 days 00:01:23.781000,25.0,8.0,,,24.58,33.852,25.349,0 days 01:13:43.196000,0 days 01:14:17.048000,0 days 01:14:42.397000,252.0,260.0,293.0,329.0,False,SOFT,12.0,False,Audi,0 days 01:13:18.616000,2026-06-12 12:28:19.616,1,,False,,False,True,83.781,83.78099999999999
54,0 days 01:16:05.767000,BOR,5,0 days 00:01:23.370000,26.0,8.0,,,23.944,33.552,25.874,0 days 01:15:06.341000,0 days 01:15:39.893000,0 days 01:16:05.767000,265.0,267.0,286.0,323.0,False,SOFT,13.0,False,Audi,0 days 01:14:42.397000,2026-06-12 12:29:43.397,1,,False,,False,True,83.37,83.36999999999999
55,0 days 01:18:12.096000,BOR,5,0 days 00:02:06.329000,27.0,8.0,,,33.53,47.435,45.364,0 days 01:16:39.297000,0 days 01:17:26.732000,0 days 01:18:12.096000,153.0,147.0,41.0,222.0,False,SOFT,14.0,False,Audi,0 days 01:16:05.767000,2026-06-12 12:31:06.767,1,,False,,False,True,126.329,126.329
56,0 days 01:20:31.903000,BOR,5,0 days 00:02:19.807000,28.0,8.0,,0 days 01:20:28.993000,65.624,41.645,32.538,0 days 01:19:17.720000,0 days 01:19:59.365000,0 days 01:20:31.903000,178.0,175.0,,267.0,False,SOFT,15.0,False,Audi,0 days 01:18:12.096000,2026-06-12 12:33:13.096,1,,False,,False,False,139.807,139.80700000000002
57,0 days 00:17:49.168000,GAS,10,,1.0,1.0,0 days 00:16:03.835000,,,38.912,28.449,,0 days 00:17:20.795000,0 days 00:17:49.207000,202.0,203.0,283.0,156.0,False,MEDIUM,1.0,True,Alpine,0 days 00:16:03.835000,2026-06-12 11:31:04.835,1,,False,,False,False,,
58,0 days 00:19:35.159000,GAS,10,0 days 00:01:45.991000,2.0,1.0,,0 days 00:19:32.298000,25.724,41.944,38.323,0 days 00:18:14.892000,0 days 00:18:56.836000,0 days 00:19:35.159000,225.0,110.0,,274.0,False,MEDIUM,2.0,True,Alpine,0 days 00:17:49.168000,2026-06-12 11:32:50.168,1,,False,,False,False,105.991,105.991
59,0 days 00:23:38.723000,GAS,10,,3.0,2.0,0 days 00:22:01.517000,,,39.207,28.024,,0 days 00:23:10.849000,0 days 00:23:38.859000,212.0,208.0,277.0,206.0,False,MEDIUM,3.0,False,Alpine,0 days 00:19:35.159000,2026-06-12 11:34:36.159,1,,False,,False,False,,
60,0 days 00:24:58.587000,GAS,10,0 days 00:01:19.864000,4.0,2.0,,,23.583,32.116,24.165,0 days 00:24:02.306000,0 days 00:24:34.422000,0 days 00:24:58.587000,261.0,267.0,293.0,317.0,True,MEDIUM,4.0,False,Alpine,0 days 00:23:38.723000,2026-06-12 11:38:39.723,1,,False,,False,True,79.864,79.864
61,0 days 00:26:57.546000,GAS,10,0 days 00:01:58.959000,5.0,2.0,,,36.058,48.704,34.197,0 days 00:25:34.645000,0 days 00:26:23.349000,0 days 00:26:57.546000,147.0,151.0,239.0,198.0,False,MEDIUM,5.0,False,Alpine,0 days 00:24:58.587000,2026-06-12 11:39:59.587,1,,False,,False,True,118.959,118.959
62,0 days 00:28:37.850000,GAS,10,0 days 00:01:40.304000,6.0,2.0,,,30.0,40.292,30.012,0 days 00:27:27.546000,0 days 00:28:07.838000,0 days 00:28:37.850000,198.0,221.0,282.0,278.0,False,MEDIUM,6.0,False,Alpine,0 days 00:26:57.546000,2026-06-12 11:41:58.546,1,,False,,False,True,100.304,100.304
63,0 days 00:29:57.251000,GAS,10,0 days 00:01:19.401000,7.0,2.0,,,23.269,32.126,24.006,0 days 00:29:01.119000,0 days 00:29:33.245000,0 days 00:29:57.251000,264.0,275.0,288.0,309.0,True,MEDIUM,7.0,False,Alpine,0 days 00:28:37.850000,2026-06-12 11:43:38.850,1,,False,,False,True,79.401,79.401
64,0 days 00:32:06.951000,GAS,10,0 days 00:02:09.700000,8.0,2.0,,,39.506,52.871,37.323,0 days 00:30:36.757000,0 days 00:31:29.628000,0 days 00:32:06.951000,129.0,140.0,181.0,178.0,False,MEDIUM,8.0,False,Alpine,0 days 00:29:57.251000,2026-06-12 11:44:58.251,1,,False,,False,True,129.7,129.70000000000002
65,0 days 00:33:51.321000,GAS,10,0 days 00:01:44.370000,9.0,2.0,,,36.459,39.96,27.951,0 days 00:32:43.410000,0 days 00:33:23.370000,0 days 00:33:51.321000,204.0,235.0,281.0,181.0,False,MEDIUM,9.0,False,Alpine,0 days 00:32:06.951000,2026-06-12 11:47:07.951,1,,False,,False,True,104.37,104.37
66,0 days 00:35:11.397000,GAS,10,0 days 00:01:20.076000,10.0,2.0,,,23.062,32.627,24.387,0 days 00:34:14.383000,0 days 00:34:47.010000,0 days 00:35:11.397000,261.0,263.0,289.0,322.0,False,MEDIUM,10.0,False,Alpine,0 days 00:33:51.321000,2026-06-12 11:48:52.321,1,,False,,False,True,80.076,80.07600000000001
67,0 days 00:37:15.020000,GAS,10,0 days 00:02:03.623000,11.0,2.0,,0 days 00:37:12.279000,35.589,49.08,38.954,0 days 00:35:46.986000,0 days 00:36:36.066000,0 days 00:37:15.020000,131.0,173.0,,198.0,False,MEDIUM,11.0,False,Alpine,0 days 00:35:11.397000,2026-06-12 11:50:12.397,1,,False,,False,False,123.623,123.623
68,0 days 00:39:23.850000,GAS,10,0 days 00:02:08.830000,12.0,3.0,0 days 00:37:39.181000,,58.155,39.661,31.014,0 days 00:38:13.175000,0 days 00:38:52.836000,0 days 00:39:23.850000,175.0,232.0,282.0,162.0,False,MEDIUM,12.0,False,Alpine,0 days 00:37:15.020000,2026-06-12 11:52:16.020,1,,False,,False,False,128.83,128.83
69,0 days 00:41:05.066000,GAS,10,0 days 00:01:41.216000,13.0,3.0,,,27.544,40.39,33.282,0 days 00:39:51.394000,0 days 00:40:31.784000,0 days 00:41:05.066000,160.0,209.0,278.0,321.0,False,MEDIUM,13.0,False,Alpine,0 days 00:39:23.850000,2026-06-12 11:54:24.850,1,,False,,False,True,101.216,101.216
70,0 days 00:42:24.853000,GAS,10,0 days 00:01:19.787000,14.0,3.0,,,23.326,32.302,24.159,0 days 00:41:28.392000,0 days 00:42:00.694000,0 days 00:42:24.853000,264.0,279.0,290.0,320.0,False,MEDIUM,14.0,False,Alpine,0 days 00:41:05.066000,2026-06-12 11:56:06.066,1,,False,,False,True,79.787,79.787
71,0 days 00:44:07.792000,GAS,10,0 days 00:01:42.939000,15.0,3.0,,0 days 00:44:05.066000,27.376,41.349,34.214,0 days 00:42:52.229000,0 days 00:43:33.578000,0 days 00:44:07.792000,223.0,211.0,,294.0,False,MEDIUM,15.0,False,Alpine,0 days 00:42:24.853000,2026-06-12 11:57:25.853,1,,False,,False,False,102.939,102.939
72,0 days 00:52:14.906000,GAS,10,,16.0,4.0,0 days 00:50:27.187000,,,41.95,28.849,,0 days 00:51:46.057000,0 days 00:52:15.004000,196.0,221.0,280.0,132.0,False,SOFT,1.0,True,Alpine,0 days 00:44:07.792000,2026-06-12 11:59:08.792,12,,False,,False,False,,
73,0 days 00:53:33.414000,GAS,10,0 days 00:01:18.508000,17.0,4.0,,,22.879,31.899,23.73,0 days 00:52:37.785000,0 days 00:53:09.684000,0 days 00:53:33.414000,271.0,278.0,284.0,328.0,True,SOFT,2.0,True,Alpine,0 days 00:52:14.906000,2026-06-12 12:07:15.906,1,,False,,False,True,78.508,78.50800000000001
74,0 days 00:56:08.163000,GAS,10,,18.0,4.0,,0 days 00:56:05.307000,39.752,65.666,49.372,0 days 00:54:13.331000,0 days 00:55:19.084000,0 days 00:56:08.213000,106.0,111.0,,186.0,False,SOFT,3.0,True,Alpine,0 days 00:53:33.414000,2026-06-12 12:08:34.414,1,,False,,False,False,,154.79000000000002
75,0 days 00:58:14.330000,GAS,10,0 days 00:02:06.167000,19.0,5.0,0 days 00:56:22.022000,,52.65,44.416,29.101,0 days 00:57:00.813000,0 days 00:57:45.229000,0 days 00:58:14.330000,177.0,220.0,276.0,110.0,False,SOFT,4.0,False,Alpine,0 days 00:56:08.163000,2026-06-12 12:11:09.163,1,,False,,False,False,126.167,126.167
76,0 days 00:59:40.070000,GAS,10,0 days 00:01:25.740000,20.0,5.0,,0 days 00:59:37.226000,22.856,33.633,29.251,0 days 00:58:37.186000,0 days 00:59:10.819000,0 days 00:59:40.070000,273.0,262.0,,325.0,False,SOFT,5.0,False,Alpine,0 days 00:58:14.330000,2026-06-12 12:13:15.330,1,,False,,False,False,85.74,85.74000000000001
77,0 days 01:06:19.734000,GAS,10,,21.0,6.0,0 days 01:04:19.645000,,,37.51,28.079,,0 days 01:05:51.756000,0 days 01:06:19.758000,223.0,220.0,289.0,240.0,False,MEDIUM,16.0,False,Alpine,0 days 00:59:40.070000,2026-06-12 12:14:41.070,1,,False,,False,False,,
78,0 days 01:07:42.335000,GAS,10,0 days 00:01:22.601000,22.0,6.0,,,23.934,33.619,25.048,0 days 01:06:43.668000,0 days 01:07:17.287000,0 days 01:07:42.335000,255.0,252.0,291.0,329.0,False,MEDIUM,17.0,False,Alpine,0 days 01:06:19.734000,2026-06-12 12:21:20.734,1,,False,,False,True,82.601,82.601
79,0 days 01:09:13.677000,GAS,10,0 days 00:01:31.342000,23.0,6.0,,0 days 01:09:10.911000,24.018,35.191,32.133,0 days 01:08:06.353000,0 days 01:08:41.544000,0 days 01:09:13.677000,258.0,225.0,,324.0,False,MEDIUM,18.0,False,Alpine,0 days 01:07:42.335000,2026-06-12 12:22:43.335,1,,False,,False,False,91.342,91.342
80,0 days 00:18:16.019000,ALO,14,,1.0,1.0,0 days 00:16:39.766000,,,38.752,28.362,,0 days 00:17:47.879000,0 days 00:18:16.217000,213.0,231.0,273.0,191.0,False,MEDIUM,1.0,True,Aston Martin,0 days 00:16:39.766000,2026-06-12 11:31:40.766,1,,False,,False,False,,
81,0 days 00:19:38.991000,ALO,14,0 days 00:01:22.972000,2.0,1.0,,,24.118,33.685,25.169,0 days 00:18:40.137000,0 days 00:19:13.822000,0 days 00:19:38.991000,245.0,253.0,256.0,315.0,True,MEDIUM,2.0,True,Aston Martin,0 days 00:18:16.019000,2026-06-12 11:33:17.019,1,,False,,False,True,82.972,82.972
82,0 days 00:21:27.593000,ALO,14,0 days 00:01:48.602000,3.0,1.0,,,34.375,43.802,30.425,0 days 00:20:13.366000,0 days 00:20:57.168000,0 days 00:21:27.593000,192.0,201.0,280.0,221.0,False,MEDIUM,3.0,True,Aston Martin,0 days 00:19:38.991000,2026-06-12 11:34:39.991,1,,False,,False,True,108.602,108.602
83,0 days 00:22:48.820000,ALO,14,0 days 00:01:21.227000,4.0,1.0,,,23.5,32.886,24.841,0 days 00:21:51.093000,0 days 00:22:23.979000,0 days 00:22:48.820000,273.0,264.0,273.0,319.0,True,MEDIUM,4.0,True,Aston Martin,0 days 00:21:27.593000,2026-06-12 11:36:28.593,1,,False,,False,True,81.227,81.227
84,0 days 00:24:47.839000,ALO,14,0 days 00:01:59.019000,5.0,1.0,,,42.303,46.211,30.505,0 days 00:23:31.123000,0 days 00:24:17.334000,0 days 00:24:47.839000,182.0,213.0,280.0,153.0,False,MEDIUM,5.0,True,Aston Martin,0 days 00:22:48.820000,2026-06-12 11:37:49.820,1,,False,,False,True,119.019,119.019
85,0 days 00:26:09.274000,ALO,14,0 days 00:01:21.435000,6.0,1.0,,,23.575,33.015,24.845,0 days 00:25:11.414000,0 days 00:25:44.429000,0 days 00:26:09.274000,275.0,265.0,270.0,317.0,False,MEDIUM,6.0,True,Aston Martin,0 days 00:24:47.839000,2026-06-12 11:39:48.839,1,,False,,False,True,81.435,81.435
86,0 days 00:28:01.241000,ALO,14,0 days 00:01:51.967000,7.0,1.0,,0 days 00:27:58.547000,35.809,42.497,33.661,0 days 00:26:45.083000,0 days 00:27:27.580000,0 days 00:28:01.241000,210.0,169.0,,226.0,False,MEDIUM,7.0,True,Aston Martin,0 days 00:26:09.274000,2026-06-12 11:41:10.274,1,,False,,False,False,111.967,111.967
87,0 days 00:39:45.496000,ALO,14,,8.0,2.0,0 days 00:38:08.615000,,,37.367,28.537,,0 days 00:39:17.146000,0 days 00:39:45.645000,215.0,256.0,280.0,196.0,False,MEDIUM,8.0,False,Aston Martin,0 days 00:28:01.241000,2026-06-12 11:43:02.241,1,,False,,False,False,,
88,0 days 00:41:12.956000,ALO,14,0 days 00:01:27.460000,9.0,2.0,,,23.512,33.329,30.619,0 days 00:40:09.008000,0 days 00:40:42.337000,0 days 00:41:12.956000,268.0,212.0,219.0,317.0,False,MEDIUM,9.0,False,Aston Martin,0 days 00:39:45.496000,2026-06-12 11:54:46.496,1,,False,,False,True,87.46,87.46000000000001
89,0 days 00:42:54.581000,ALO,14,0 days 00:01:41.625000,10.0,2.0,,,31.184,41.288,29.153,0 days 00:41:44.140000,0 days 00:42:25.428000,0 days 00:42:54.581000,181.0,222.0,280.0,260.0,False,MEDIUM,10.0,False,Aston Martin,0 days 00:41:12.956000,2026-06-12 11:56:13.956,1,,False,,False,True,101.625,101.625
90,0 days 00:44:17.094000,ALO,14,0 days 00:01:22.513000,11.0,2.0,,,23.748,33.26,25.505,0 days 00:43:18.329000,0 days 00:43:51.589000,0 days 00:44:17.094000,269.0,274.0,253.0,314.0,False,MEDIUM,11.0,False,Aston Martin,0 days 00:42:54.581000,2026-06-12 11:57:55.581,1,,False,,False,True,82.513,82.51299999999999
91,0 days 00:45:55.909000,ALO,14,0 days 00:01:38.815000,12.0,2.0,,0 days 00:45:53.059000,26.947,39.293,32.575,0 days 00:44:44.041000,0 days 00:45:23.334000,0 days 00:45:55.909000,231.0,198.0,,267.0,False,MEDIUM,12.0,False,Aston Martin,0 days 00:44:17.094000,2026-06-12 11:59:18.094,12,,False,,False,False,98.815,98.815
92,0 days 00:55:29.473000,ALO,14,,13.0,3.0,0 days 00:53:52.446000,,,37.325,29.46,,0 days 00:55:00.300000,0 days 00:55:29.571000,209.0,236.0,279.0,198.0,False,SOFT,1.0,True,Aston Martin,0 days 00:45:55.909000,2026-06-12 12:00:56.909,1,,False,,False,False,,
93,0 days 00:56:49.540000,ALO,14,0 days 00:01:20.067000,14.0,3.0,,,23.165,32.47,24.432,0 days 00:55:52.638000,0 days 00:56:25.108000,0 days 00:56:49.540000,255.0,269.0,254.0,315.0,True,SOFT,2.0,True,Aston Martin,0 days 00:55:29.473000,2026-06-12 12:10:30.473,1,,False,,False,True,80.067,80.067
94,0 days 00:58:51.288000,ALO,14,0 days 00:02:01.748000,15.0,3.0,,0 days 00:58:48.613000,35.33,44.149,42.269,0 days 00:57:24.870000,0 days 00:58:09.019000,0 days 00:58:51.288000,189.0,168.0,,145.0,False,SOFT,3.0,True,Aston Martin,0 days 00:56:49.540000,2026-06-12 12:11:50.540,1,,False,,False,False,121.748,121.748
95,0 days 01:01:13.200000,ALO,14,0 days 00:02:21.912000,16.0,4.0,0 days 00:59:20.670000,,66.814,44.858,30.24,0 days 00:59:58.102000,0 days 01:00:42.960000,0 days 01:01:13.200000,189.0,219.0,279.0,194.0,False,SOFT,4.0,False,Aston Martin,0 days 00:58:51.288000,2026-06-12 12:13:52.288,1,,False,,False,False,141.912,141.912
96,0 days 01:02:34.487000,ALO,14,0 days 00:01:21.287000,17.0,4.0,,,23.296,32.616,25.375,0 days 01:01:36.496000,0 days 01:02:09.112000,0 days 01:02:34.487000,269.0,280.0,179.0,315.0,False,SOFT,5.0,False,Aston Martin,0 days 01:01:13.200000,2026-06-12 12:16:14.200,1,,False,,False,True,81.287,81.287
97,0 days 01:04:33.632000,ALO,14,0 days 00:01:59.145000,18.0,4.0,,0 days 01:04:30.895000,37.148,42.255,39.742,0 days 01:03:11.635000,0 days 01:03:53.890000,0 days 01:04:33.632000,208.0,166.0,,199.0,False,SOFT,6.0,False,Aston Martin,0 days 01:02:34.487000,2026-06-12 12:17:35.487,1,,False,,False,False,119.145,119.145
98,0 days 01:12:37.337000,ALO,14,,19.0,5.0,0 days 01:10:43.361000,,,47.219,35.052,,0 days 01:12:02.472000,0 days 01:12:37.337000,211.0,192.0,279.0,202.0,False,SOFT,7.0,False,Aston Martin,0 days 01:04:33.632000,2026-06-12 12:19:34.632,1,,False,,False,False,,
99,0 days 01:14:24.386000,ALO,14,0 days 00:01:47.049000,20.0,5.0,,,23.758,50.98,32.311,0 days 01:13:01.095000,0 days 01:13:52.075000,0 days 01:14:24.386000,192.0,215.0,280.0,316.0,False,SOFT,8.0,False,Aston Martin,0 days 01:12:37.337000,2026-06-12 12:27:38.337,1,,False,,False,True,107.049,107.049
100,0 days 01:15:51.273000,ALO,14,0 days 00:01:26.887000,21.0,5.0,,,23.45,34.313,29.124,0 days 01:14:47.836000,0 days 01:15:22.149000,0 days 01:15:51.273000,273.0,210.0,235.0,315.0,False,SOFT,9.0,False,Aston Martin,0 days 01:14:24.386000,2026-06-12 12:29:25.386,1,,False,,False,True,86.887,86.887
101,0 days 01:17:51.311000,ALO,14,0 days 00:02:00.038000,22.0,5.0,,,32.493,50.597,36.948,0 days 01:16:23.766000,0 days 01:17:14.363000,0 days 01:17:51.311000,131.0,130.0,67.0,259.0,False,SOFT,10.0,False,Aston Martin,0 days 01:15:51.273000,2026-06-12 12:30:52.273,1,,False,,False,True,120.038,120.038
102,0 days 01:20:07.033000,ALO,14,0 days 00:02:15.722000,23.0,5.0,,0 days 01:20:02.893000,56.178,41.001,38.543,0 days 01:18:47.489000,0 days 01:19:28.490000,0 days 01:20:07.033000,209.0,241.0,,212.0,False,SOFT,11.0,False,Aston Martin,0 days 01:17:51.311000,2026-06-12 12:32:52.311,1,,False,,False,False,135.722,135.722
103,0 days 00:18:01.368000,LEC,16,,1.0,1.0,0 days 00:16:12.093000,,,37.266,34.476,,0 days 00:17:27.210000,0 days 00:18:01.448000,187.0,143.0,279.0,200.0,False,MEDIUM,1.0,True,Ferrari,0 days 00:16:12.093000,2026-06-12 11:31:13.093,1,,False,,False,False,,
104,0 days 00:19:34.630000,LEC,16,0 days 00:01:33.262000,2.0,1.0,,,24.467,40.541,28.254,0 days 00:18:25.835000,0 days 00:19:06.376000,0 days 00:19:34.630000,239.0,219.0,283.0,322.0,True,MEDIUM,2.0,True,Ferrari,0 days 00:18:01.368000,2026-06-12 11:33:02.368,1,,False,,False,True,93.262,93.262
105,0 days 00:20:53.782000,LEC,16,0 days 00:01:19.152000,3.0,1.0,,,23.19,31.856,24.106,0 days 00:19:57.820000,0 days 00:20:29.676000,0 days 00:20:53.782000,251.0,285.0,268.0,312.0,True,MEDIUM,3.0,True,Ferrari,0 days 00:19:34.630000,2026-06-12 11:34:35.630,1,,False,,False,True,79.152,79.15200000000002
106,0 days 00:22:54.493000,LEC,16,0 days 00:02:00.711000,4.0,1.0,,,34.397,53.866,32.448,0 days 00:21:28.179000,0 days 00:22:22.045000,0 days 00:22:54.493000,148.0,108.0,286.0,196.0,False,MEDIUM,4.0,True,Ferrari,0 days 00:20:53.782000,2026-06-12 11:35:54.782,1,,False,,False,True,120.711,120.711
107,0 days 00:24:12.502000,LEC,16,0 days 00:01:18.009000,5.0,1.0,,,22.839,31.225,23.945,0 days 00:23:17.332000,0 days 00:23:48.557000,0 days 00:24:12.502000,261.0,287.0,277.0,315.0,True,MEDIUM,5.0,True,Ferrari,0 days 00:22:54.493000,2026-06-12 11:37:55.493,1,,False,,False,True,78.009,78.009
108,0 days 00:26:12.880000,LEC,16,0 days 00:02:00.378000,6.0,1.0,,0 days 00:26:10.176000,35.791,48.862,35.725,0 days 00:24:48.293000,0 days 00:25:37.155000,0 days 00:26:12.880000,119.0,191.0,,209.0,False,MEDIUM,6.0,True,Ferrari,0 days 00:24:12.502000,2026-06-12 11:39:13.502,1,,False,,False,False,120.378,120.378
109,0 days 00:28:42.054000,LEC,16,0 days 00:02:29.174000,7.0,2.0,0 days 00:26:39.138000,,80.126,41.065,27.983,0 days 00:27:33.006000,0 days 00:28:14.071000,0 days 00:28:42.054000,200.0,157.0,288.0,176.0,False,MEDIUM,7.0,False,Ferrari,0 days 00:26:12.880000,2026-06-12 11:41:13.880,1,,False,,False,False,149.174,149.174
110,0 days 00:30:09.695000,LEC,16,0 days 00:01:27.641000,8.0,2.0,,0 days 00:30:06.882000,22.767,31.227,33.647,0 days 00:29:04.821000,0 days 00:29:36.048000,0 days 00:30:09.695000,263.0,295.0,,319.0,False,MEDIUM,8.0,False,Ferrari,0 days 00:28:42.054000,2026-06-12 11:43:43.054,1,,False,,False,False,87.641,87.64099999999999
111,0 days 00:38:54.471000,LEC,16,,9.0,3.0,0 days 00:37:21.410000,,,37.939,25.755,,0 days 00:38:28.901000,0 days 00:38:54.564000,193.0,225.0,288.0,204.0,False,MEDIUM,9.0,False,Ferrari,0 days 00:30:09.695000,2026-06-12 11:45:10.695,1,,False,,False,False,,
112,0 days 00:40:13.202000,LEC,16,0 days 00:01:18.731000,10.0,3.0,,,22.975,31.743,24.013,0 days 00:39:17.446000,0 days 00:39:49.189000,0 days 00:40:13.202000,264.0,286.0,280.0,318.0,False,MEDIUM,10.0,False,Ferrari,0 days 00:38:54.471000,2026-06-12 11:53:55.471,1,,False,,False,True,78.731,78.73100000000001
113,0 days 00:42:05.002000,LEC,16,0 days 00:01:51.800000,11.0,3.0,,0 days 00:42:02.277000,34.497,42.834,34.469,0 days 00:40:47.699000,0 days 00:41:30.533000,0 days 00:42:05.002000,178.0,156.0,,173.0,False,MEDIUM,11.0,False,Ferrari,0 days 00:40:13.202000,2026-06-12 11:55:14.202,1,,False,,False,False,111.8,111.8
114,0 days 00:44:34.213000,LEC,16,0 days 00:02:29.211000,12.0,4.0,0 days 00:42:31.600000,,78.53,42.247,28.434,0 days 00:43:23.532000,0 days 00:44:05.779000,0 days 00:44:34.213000,201.0,173.0,286.0,226.0,False,MEDIUM,12.0,False,Ferrari,0 days 00:42:05.002000,2026-06-12 11:57:06.002,1,,False,,False,False,149.211,149.211
115,0 days 00:45:52.725000,LEC,16,0 days 00:01:18.512000,13.0,4.0,,,23.084,31.548,23.88,0 days 00:44:57.297000,0 days 00:45:28.845000,0 days 00:45:52.725000,262.0,291.0,262.0,314.0,False,MEDIUM,13.0,False,Ferrari,0 days 00:44:34.213000,2026-06-12 11:59:35.213,12,,False,,False,True,78.512,78.512
116,0 days 00:47:39.349000,LEC,16,0 days 00:01:46.624000,14.0,4.0,,0 days 00:47:36.568000,34.623,39.357,32.644,0 days 00:46:27.348000,0 days 00:47:06.705000,0 days 00:47:39.349000,170.0,197.0,,281.0,False,MEDIUM,14.0,False,Ferrari,0 days 00:45:52.725000,2026-06-12 12:00:53.725,1,,False,,False,False,106.624,106.624
117,0 days 00:53:05.027000,LEC,16,,15.0,5.0,0 days 00:51:25.268000,,,38.525,30.361,,0 days 00:52:34.859000,0 days 00:53:05.078000,195.0,106.0,289.0,179.0,False,SOFT,1.0,True,Ferrari,0 days 00:47:39.349000,2026-06-12 12:02:40.349,1,,False,,False,False,,
118,0 days 00:54:21.910000,LEC,16,0 days 00:01:16.883000,16.0,5.0,,,22.532,30.905,23.446,0 days 00:53:27.559000,0 days 00:53:58.464000,0 days 00:54:21.910000,265.0,297.0,274.0,318.0,True,SOFT,2.0,True,Ferrari,0 days 00:53:05.027000,2026-06-12 12:08:06.027,1,,False,,False,True,76.883,76.883
119,0 days 00:56:31.385000,LEC,16,0 days 00:02:09.475000,17.0,5.0,,0 days 00:56:28.611000,36.833,55.742,36.9,0 days 00:54:58.743000,0 days 00:55:54.485000,0 days 00:56:31.385000,115.0,170.0,,190.0,False,SOFT,3.0,True,Ferrari,0 days 00:54:21.910000,2026-06-12 12:09:22.910,1,,False,,False,False,129.475,129.475
120,0 days 00:58:36.394000,LEC,16,0 days 00:02:05.009000,18.0,6.0,0 days 00:56:55.168000,,58.194,38.813,28.002,0 days 00:57:29.579000,0 days 00:58:08.392000,0 days 00:58:36.394000,199.0,195.0,288.0,163.0,False,SOFT,4.0,False,Ferrari,0 days 00:56:31.385000,2026-06-12 12:11:32.385,1,,False,,False,False,125.009,125.009
121,0 days 00:59:53.754000,LEC,16,0 days 00:01:17.360000,19.0,6.0,,,22.778,31.048,23.534,0 days 00:58:59.172000,0 days 00:59:30.220000,0 days 00:59:53.754000,263.0,295.0,273.0,317.0,False,SOFT,5.0,False,Ferrari,0 days 00:58:36.394000,2026-06-12 12:13:37.394,1,,False,,False,True,77.36,77.35999999999999
122,0 days 01:01:21.494000,LEC,16,0 days 00:01:27.740000,20.0,6.0,,0 days 01:01:18.606000,24.778,33.988,28.974,0 days 01:00:18.532000,0 days 01:00:52.520000,0 days 01:01:21.494000,248.0,226.0,,286.0,False,SOFT,6.0,False,Ferrari,0 days 00:59:53.754000,2026-06-12 12:14:54.754,1,,False,,False,False,87.74,87.74
123,0 days 01:09:11.300000,LEC,16,,21.0,7.0,0 days 01:07:05.290000,,,35.114,28.181,,0 days 01:08:43.263000,0 days 01:09:11.396000,219.0,127.0,292.0,241.0,False,MEDIUM,15.0,False,Ferrari,0 days 01:01:21.494000,2026-06-12 12:16:22.494,1,,False,,False,False,,
124,0 days 01:10:33.045000,LEC,16,0 days 00:01:21.745000,22.0,7.0,,,23.869,33.168,24.708,0 days 01:09:35.169000,0 days 01:10:08.337000,0 days 01:10:33.045000,250.0,270.0,293.0,318.0,False,MEDIUM,16.0,False,Ferrari,0 days 01:09:11.300000,2026-06-12 12:24:12.300,1,,False,,False,True,81.745,81.745
125,0 days 01:11:54.460000,LEC,16,0 days 00:01:21.415000,23.0,7.0,,,23.63,33.163,24.622,0 days 01:10:56.675000,0 days 01:11:29.838000,0 days 01:11:54.460000,261.0,276.0,294.0,318.0,False,MEDIUM,17.0,False,Ferrari,0 days 01:10:33.045000,2026-06-12 12:25:34.045,1,,False,,False,True,81.415,81.41499999999999
126,0 days 01:13:16.321000,LEC,16,0 days 00:01:21.861000,24.0,7.0,,,23.764,33.353,24.744,0 days 01:12:18.224000,0 days 01:12:51.577000,0 days 01:13:16.321000,254.0,269.0,296.0,318.0,False,MEDIUM,18.0,False,Ferrari,0 days 01:11:54.460000,2026-06-12 12:26:55.460,1,,False,,False,True,81.861,81.861
127,0 days 01:14:39.125000,LEC,16,0 days 00:01:22.804000,25.0,7.0,,,24.119,33.652,25.033,0 days 01:13:40.440000,0 days 01:14:14.092000,0 days 01:14:39.125000,246.0,275.0,293.0,333.0,False,MEDIUM,19.0,False,Ferrari,0 days 01:13:16.321000,2026-06-12 12:28:17.321,1,,False,,False,True,82.804,82.804
128,0 days 01:16:03.688000,LEC,16,0 days 00:01:24.563000,26.0,7.0,,,24.522,34.08,25.961,0 days 01:15:03.647000,0 days 01:15:37.727000,0 days 01:16:03.688000,246.0,260.0,289.0,336.0,False,MEDIUM,20.0,False,Ferrari,0 days 01:14:39.125000,2026-06-12 12:29:40.125,1,,False,,False,True,84.563,84.56299999999999
129,0 days 01:18:00.027000,LEC,16,0 days 00:01:56.339000,27.0,7.0,,,28.999,44.413,42.927,0 days 01:16:32.687000,0 days 01:17:17.100000,0 days 01:18:00.027000,149.0,153.0,46.0,266.0,False,MEDIUM,21.0,False,Ferrari,0 days 01:16:03.688000,2026-06-12 12:31:04.688,1,,False,,False,True,116.339,116.339
130,0 days 01:20:13.038000,LEC,16,0 days 00:02:13.011000,28.0,7.0,,,57.87,40.152,34.989,0 days 01:18:57.897000,0 days 01:19:38.049000,0 days 01:20:13.038000,202.0,177.0,94.0,240.0,False,MEDIUM,22.0,False,Ferrari,0 days 01:18:00.027000,2026-06-12 12:33:01.027,1,,False,,False,True,133.011,133.011
131,0 days 01:22:11.819000,LEC,16,0 days 00:01:58.781000,29.0,7.0,,0 days 01:22:08.821000,50.81,37.343,30.628,0 days 01:21:03.848000,0 days 01:21:41.191000,0 days 01:22:11.819000,191.0,234.0,,261.0,False,MEDIUM,23.0,False,Ferrari,0 days 01:20:13.038000,2026-06-12 12:35:14.038,1,,False,,False,False,118.781,118.781
132,0 days 00:18:37.200000,STR,18,,1.0,1.0,0 days 00:16:55.574000,,,38.58,30.213,,0 days 00:18:07.236000,0 days 00:18:37.313000,194.0,197.0,273.0,188.0,False,MEDIUM,1.0,True,Aston Martin,0 days 00:16:55.574000,2026-06-12 11:31:56.574,1,,False,,False,False,,
133,0 days 00:19:59.157000,STR,18,0 days 00:01:21.957000,2.0,1.0,,,24.007,32.691,25.259,0 days 00:19:01.207000,0 days 00:19:33.898000,0 days 00:19:59.157000,259.0,251.0,252.0,318.0,True,MEDIUM,2.0,True,Aston Martin,0 days 00:18:37.200000,2026-06-12 11:33:38.200,1,,False,,False,True,81.957,81.95700000000001
134,0 days 00:21:47.978000,STR,18,0 days 00:01:48.821000,3.0,1.0,,,32.825,44.918,31.078,0 days 00:20:31.982000,0 days 00:21:16.900000,0 days 00:21:47.978000,138.0,162.0,279.0,237.0,False,MEDIUM,3.0,True,Aston Martin,0 days 00:19:59.157000,2026-06-12 11:35:00.157,1,,False,,False,True,108.821,108.821
135,0 days 00:23:09.261000,STR,18,0 days 00:01:21.283000,4.0,1.0,,,23.564,32.892,24.827,0 days 00:22:11.542000,0 days 00:22:44.434000,0 days 00:23:09.261000,276.0,262.0,269.0,320.0,True,MEDIUM,4.0,True,Aston Martin,0 days 00:21:47.978000,2026-06-12 11:36:48.978,1,,False,,False,True,81.283,81.283
136,0 days 00:25:06.044000,STR,18,0 days 00:01:56.783000,5.0,1.0,,0 days 00:25:03.248000,37.57,42.517,36.696,0 days 00:23:46.831000,0 days 00:24:29.348000,0 days 00:25:06.044000,139.0,185.0,,182.0,False,MEDIUM,5.0,True,Aston Martin,0 days 00:23:09.261000,2026-06-12 11:38:10.261,1,,False,,False,False,116.783,116.783
137,0 days 00:27:29.086000,STR,18,0 days 00:02:23.042000,6.0,2.0,0 days 00:25:34.897000,,63.837,41.113,38.092,0 days 00:26:09.881000,0 days 00:26:50.994000,0 days 00:27:29.086000,186.0,195.0,276.0,152.0,False,MEDIUM,1.0,False,Aston Martin,0 days 00:25:06.044000,2026-06-12 11:40:07.044,1,,False,,False,False,143.042,143.042
138,0 days 00:28:50.525000,STR,18,0 days 00:01:21.439000,7.0,2.0,,,23.516,33.08,24.843,0 days 00:27:52.602000,0 days 00:28:25.682000,0 days 00:28:50.525000,272.0,265.0,263.0,317.0,False,MEDIUM,2.0,False,Aston Martin,0 days 00:27:29.086000,2026-06-12 11:42:30.086,1,,False,,False,True,81.439,81.439
139,0 days 00:30:46.997000,STR,18,0 days 00:01:56.472000,8.0,2.0,,0 days 00:30:44.150000,32.392,45.102,38.978,0 days 00:29:22.917000,0 days 00:30:08.019000,0 days 00:30:46.997000,162.0,187.0,,237.0,False,MEDIUM,3.0,False,Aston Martin,0 days 00:28:50.525000,2026-06-12 11:43:51.525,1,,False,,False,False,116.472,116.472
140,0 days 00:40:18.421000,STR,18,,9.0,3.0,0 days 00:38:06.149000,,,44.863,32.555,,0 days 00:39:45.967000,0 days 00:40:18.550000,201.0,217.0,277.0,206.0,False,MEDIUM,9.0,False,Aston Martin,0 days 00:30:46.997000,2026-06-12 11:45:47.997,1,,False,,False,False,,
141,0 days 00:41:40.131000,STR,18,0 days 00:01:21.710000,10.0,3.0,,,23.583,33.009,25.118,0 days 00:40:42.004000,0 days 00:41:15.013000,0 days 00:41:40.131000,266.0,275.0,255.0,317.0,False,MEDIUM,10.0,False,Aston Martin,0 days 00:40:18.421000,2026-06-12 11:55:19.421,1,,False,,False,True,81.71,81.71
142,0 days 00:43:31.753000,STR,18,0 days 00:01:51.622000,11.0,3.0,,,35.276,46.537,29.809,0 days 00:42:15.407000,0 days 00:43:01.944000,0 days 00:43:31.753000,132.0,191.0,278.0,218.0,False,MEDIUM,11.0,False,Aston Martin,0 days 00:41:40.131000,2026-06-12 11:56:41.131,1,,False,,False,True,111.622,111.622
143,0 days 00:45:05.994000,STR,18,0 days 00:01:34.241000,12.0,3.0,,0 days 00:45:03.124000,23.871,32.982,37.388,0 days 00:43:55.624000,0 days 00:44:28.606000,0 days 00:45:05.994000,270.0,271.0,,314.0,False,MEDIUM,12.0,False,Aston Martin,0 days 00:43:31.753000,2026-06-12 11:58:32.753,12,,False,,False,False,94.241,94.241
144,0 days 00:55:57.866000,STR,18,,13.0,4.0,0 days 00:54:06.089000,,,46.184,31.7,,0 days 00:55:26.402000,0 days 00:55:57.886000,209.0,190.0,279.0,170.0,False,SOFT,1.0,True,Aston Martin,0 days 00:45:05.994000,2026-06-12 12:00:06.994,1,,False,,False,False,,
145,0 days 00:57:18.184000,STR,18,0 days 00:01:20.318000,14.0,4.0,,,23.986,32.261,24.071,0 days 00:56:21.852000,0 days 00:56:54.113000,0 days 00:57:18.184000,242.0,271.0,291.0,317.0,True,SOFT,2.0,True,Aston Martin,0 days 00:55:57.866000,2026-06-12 12:10:58.866,1,,False,,False,True,80.318,80.318
146,0 days 00:59:51.982000,STR,18,,15.0,4.0,,,39.875,64.048,49.88,0 days 00:57:58.176000,0 days 00:59:02.384000,0 days 00:59:52.029000,96.0,90.0,180.0,209.0,False,SOFT,3.0,True,Aston Martin,0 days 00:57:18.184000,2026-06-12 12:12:19.184,1,,False,,False,False,,153.803
147,0 days 01:02:04.423000,STR,18,0 days 00:02:12.441000,16.0,4.0,,,36.785,54.777,40.879,0 days 01:00:28.767000,0 days 01:01:23.544000,0 days 01:02:04.423000,124.0,208.0,281.0,246.0,False,SOFT,4.0,True,Aston Martin,0 days 00:59:51.982000,2026-06-12 12:14:52.982,1,,False,,False,True,132.441,132.441
148,0 days 01:03:24.770000,STR,18,0 days 00:01:20.347000,17.0,4.0,,,23.419,32.457,24.471,0 days 01:02:27.842000,0 days 01:03:00.299000,0 days 01:03:24.770000,271.0,273.0,265.0,321.0,False,SOFT,5.0,True,Aston Martin,0 days 01:02:04.423000,2026-06-12 12:17:05.423,1,,False,,False,True,80.347,80.34700000000001
149,0 days 01:05:46.213000,STR,18,0 days 00:02:21.443000,18.0,4.0,,0 days 01:05:43.406000,37.903,59.799,43.741,0 days 01:04:02.673000,0 days 01:05:02.472000,0 days 01:05:46.213000,135.0,117.0,,224.0,False,SOFT,6.0,True,Aston Martin,0 days 01:03:24.770000,2026-06-12 12:18:25.770,1,,False,,False,False,141.443,141.44299999999998
150,0 days 01:08:19.229000,STR,18,,19.0,5.0,0 days 01:06:19.897000,,73.938,46.95,32.155,0 days 01:07:00.274000,0 days 01:07:47.224000,0 days 01:08:19.373000,115.0,217.0,281.0,158.0,False,SOFT,7.0,False,Aston Martin,0 days 01:05:46.213000,2026-06-12 12:20:47.213,1,,False,,False,False,,153.043
151,0 days 01:09:39.846000,STR,18,0 days 00:01:20.617000,20.0,5.0,,,23.383,32.706,24.528,0 days 01:08:42.612000,0 days 01:09:15.318000,0 days 01:09:39.846000,263.0,276.0,265.0,319.0,False,SOFT,8.0,False,Aston Martin,0 days 01:08:19.229000,2026-06-12 12:23:20.229,1,,False,,False,True,80.617,80.61699999999999
152,0 days 01:11:20.309000,STR,18,0 days 00:01:40.463000,21.0,5.0,,0 days 01:11:17.559000,28.329,37.726,34.408,0 days 01:10:08.175000,0 days 01:10:45.901000,0 days 01:11:20.309000,183.0,194.0,,271.0,False,SOFT,9.0,False,Aston Martin,0 days 01:09:39.846000,2026-06-12 12:24:40.846,1,,False,,False,False,100.463,100.463
153,0 days 00:17:08.938000,HER,25,,1.0,1.0,0 days 00:15:11.508000,,,44.361,32.749,,0 days 00:16:36.440000,0 days 00:17:09.176000,171.0,174.0,239.0,136.0,False,SOFT,1.0,True,,0 days 00:15:11.508000,2026-06-12 11:30:12.508,1,,False,,False,False,,
154,0 days 00:18:33.163000,HER,25,0 days 00:01:24.225000,2.0,1.0,,,25.966,32.738,25.521,0 days 00:17:34.904000,0 days 00:18:07.642000,0 days 00:18:33.163000,246.0,244.0,259.0,281.0,True,SOFT,2.0,True,,0 days 00:17:08.938000,2026-06-12 11:32:09.938,1,,False,,False,True,84.225,84.225
155,0 days 00:20:30.393000,HER,25,0 days 00:01:57.230000,3.0,1.0,,,33.482,50.937,32.811,0 days 00:19:06.645000,0 days 00:19:57.582000,0 days 00:20:30.393000,149.0,168.0,280.0,257.0,False,SOFT,3.0,True,,0 days 00:18:33.163000,2026-06-12 11:33:34.163,1,,False,,False,True,117.23,117.23
156,0 days 00:21:53.058000,HER,25,0 days 00:01:22.665000,4.0,1.0,,,23.852,33.183,25.63,0 days 00:20:54.245000,0 days 00:21:27.428000,0 days 00:21:53.058000,260.0,280.0,285.0,317.0,True,SOFT,4.0,True,,0 days 00:20:30.393000,2026-06-12 11:35:31.393,1,,False,,False,True,82.665,82.66499999999999
157,0 days 00:24:01.204000,HER,25,0 days 00:02:08.146000,5.0,1.0,,,38.249,53.434,36.463,0 days 00:22:31.307000,0 days 00:23:24.741000,0 days 00:24:01.204000,97.0,143.0,186.0,241.0,False,SOFT,5.0,True,,0 days 00:21:53.058000,2026-06-12 11:36:54.058,1,,False,,False,True,128.146,128.146
158,0 days 00:26:01.302000,HER,25,0 days 00:02:00.098000,6.0,1.0,,,35.63,49.761,34.707,0 days 00:24:36.834000,0 days 00:25:26.595000,0 days 00:26:01.302000,150.0,144.0,281.0,211.0,False,SOFT,6.0,True,,0 days 00:24:01.204000,2026-06-12 11:39:02.204,1,,False,,False,True,120.098,120.098
159,0 days 00:27:23.319000,HER,25,0 days 00:01:22.017000,7.0,1.0,,,23.855,32.754,25.408,0 days 00:26:25.157000,0 days 00:26:57.911000,0 days 00:27:23.319000,264.0,279.0,252.0,318.0,True,SOFT,7.0,True,,0 days 00:26:01.302000,2026-06-12 11:41:02.302,1,,False,,False,True,82.017,82.017
160,0 days 00:29:32.731000,HER,25,0 days 00:02:09.412000,8.0,1.0,,,34.913,55.509,38.99,0 days 00:27:58.232000,0 days 00:28:53.741000,0 days 00:29:32.731000,101.0,135.0,198.0,243.0,False,SOFT,8.0,True,,0 days 00:27:23.319000,2026-06-12 11:42:24.319,1,,False,,False,True,129.412,129.412
161,0 days 00:31:43.542000,HER,25,0 days 00:02:10.811000,9.0,1.0,,,39.153,57.344,34.314,0 days 00:30:11.884000,0 days 00:31:09.228000,0 days 00:31:43.542000,125.0,140.0,278.0,218.0,False,SOFT,9.0,True,,0 days 00:29:32.731000,2026-06-12 11:44:33.731,1,,False,,False,True,130.811,130.811
162,0 days 00:33:04.905000,HER,25,0 days 00:01:21.363000,10.0,1.0,,,23.845,32.648,24.87,0 days 00:32:07.387000,0 days 00:32:40.035000,0 days 00:33:04.905000,263.0,293.0,282.0,312.0,True,SOFT,10.0,True,,0 days 00:31:43.542000,2026-06-12 11:46:44.542,1,,False,,False,True,81.363,81.363
163,0 days 00:35:03.886000,HER,25,0 days 00:01:58.981000,11.0,1.0,,0 days 00:35:01.197000,35.414,47.387,36.18,0 days 00:33:40.319000,0 days 00:34:27.706000,0 days 00:35:03.886000,139.0,203.0,,232.0,False,SOFT,11.0,True,,0 days 00:33:04.905000,2026-06-12 11:48:05.905,1,,False,,False,False,118.981,118.981
164,0 days 00:50:25.341000,HER,25,,12.0,2.0,0 days 00:48:17.167000,,,53.892,34.205,,0 days 00:49:51.370000,0 days 00:50:25.487000,134.0,148.0,278.0,139.0,False,SOFT,1.0,True,,0 days 00:35:03.886000,2026-06-12 11:50:04.886,12,,False,,False,False,,
165,0 days 00:51:46.057000,HER,25,0 days 00:01:20.716000,13.0,2.0,,,23.866,32.499,24.351,0 days 00:50:49.207000,0 days 00:51:21.706000,0 days 00:51:46.057000,256.0,287.0,288.0,311.0,True,SOFT,2.0,True,,0 days 00:50:25.341000,2026-06-12 12:05:26.341,1,,False,,False,True,80.716,80.71600000000001
166,0 days 00:53:57.035000,HER,25,0 days 00:02:10.978000,14.0,2.0,,0 days 00:53:54.334000,36.806,50.636,43.536,0 days 00:52:22.863000,0 days 00:53:13.499000,0 days 00:53:57.035000,137.0,149.0,,196.0,False,SOFT,3.0,True,,0 days 00:51:46.057000,2026-06-12 12:06:47.057,1,,False,,False,False,130.978,130.978
167,0 days 00:56:32.323000,HER,25,,15.0,3.0,0 days 00:54:23.346000,,65.992,56.537,32.763,0 days 00:55:03.342000,0 days 00:55:59.781000,0 days 00:56:32.547000,141.0,120.0,282.0,137.0,False,SOFT,4.0,False,,0 days 00:53:57.035000,2026-06-12 12:08:58.035,1,,False,,False,False,,155.292
168,0 days 00:57:53.020000,HER,25,0 days 00:01:20.697000,16.0,3.0,,,23.664,32.629,24.404,0 days 00:56:55.987000,0 days 00:57:28.616000,0 days 00:57:53.020000,265.0,288.0,293.0,313.0,True,SOFT,5.0,False,,0 days 00:56:32.323000,2026-06-12 12:11:33.323,1,,False,,False,True,80.697,80.697
169,0 days 00:59:51.738000,HER,25,0 days 00:01:58.718000,17.0,3.0,,0 days 00:59:48.951000,31.925,48.345,38.448,0 days 00:58:24.945000,0 days 00:59:13.290000,0 days 00:59:51.738000,169.0,154.0,,208.0,False,SOFT,6.0,False,,0 days 00:57:53.020000,2026-06-12 12:12:54.020,1,,False,,False,False,118.718,118.718
170,0 days 01:05:24.517000,HER,25,,18.0,4.0,0 days 01:03:40.101000,,,41.142,25.645,,0 days 01:04:58.974000,0 days 01:05:24.600000,125.0,265.0,290.0,144.0,False,SOFT,7.0,False,,0 days 00:59:51.738000,2026-06-12 12:14:52.738,1,,False,,False,False,,
171,0 days 01:06:47.822000,HER,25,0 days 00:01:23.305000,19.0,4.0,,,24.212,33.751,25.342,0 days 01:05:48.729000,0 days 01:06:22.480000,0 days 01:06:47.822000,260.0,267.0,289.0,319.0,False,SOFT,8.0,False,,0 days 01:05:24.517000,2026-06-12 12:20:25.517,1,,False,,False,True,83.305,83.30499999999999
172,0 days 01:08:11.632000,HER,25,0 days 00:01:23.810000,20.0,4.0,,,24.271,34.086,25.453,0 days 01:07:12.093000,0 days 01:07:46.179000,0 days 01:08:11.632000,254.0,261.0,290.0,319.0,False,SOFT,9.0,False,,0 days 01:06:47.822000,2026-06-12 12:21:48.822,1,,False,,False,True,83.81,83.81
173,0 days 01:09:35.852000,HER,25,0 days 00:01:24.220000,21.0,4.0,,,24.325,34.177,25.718,0 days 01:08:35.957000,0 days 01:09:10.134000,0 days 01:09:35.852000,241.0,270.0,289.0,319.0,False,SOFT,10.0,False,,0 days 01:08:11.632000,2026-06-12 12:23:12.632,1,,False,,False,True,84.22,84.22
174,0 days 01:11:00.161000,HER,25,0 days 00:01:24.309000,22.0,4.0,,,24.42,34.175,25.714,0 days 01:10:00.272000,0 days 01:10:34.447000,0 days 01:11:00.161000,253.0,264.0,289.0,322.0,False,SOFT,11.0,False,,0 days 01:09:35.852000,2026-06-12 12:24:36.852,1,,False,,False,True,84.309,84.309
175,0 days 01:12:25.311000,HER,25,0 days 00:01:25.150000,23.0,4.0,,,24.894,34.458,25.798,0 days 01:11:25.055000,0 days 01:11:59.513000,0 days 01:12:25.311000,230.0,262.0,290.0,319.0,False,SOFT,12.0,False,,0 days 01:11:00.161000,2026-06-12 12:26:01.161,1,,False,,False,True,85.15,85.14999999999999
176,0 days 01:13:50.669000,HER,25,0 days 00:01:25.358000,24.0,4.0,,,24.826,34.753,25.779,0 days 01:12:50.137000,0 days 01:13:24.890000,0 days 01:13:50.669000,250.0,262.0,290.0,312.0,False,SOFT,13.0,False,,0 days 01:12:25.311000,2026-06-12 12:27:26.311,1,,False,,False,True,85.358,85.358
177,0 days 01:15:16.579000,HER,25,0 days 00:01:25.910000,25.0,4.0,,,25.203,34.57,26.137,0 days 01:14:15.872000,0 days 01:14:50.442000,0 days 01:15:16.579000,258.0,267.0,288.0,310.0,False,SOFT,14.0,False,,0 days 01:13:50.669000,2026-06-12 12:28:51.669,1,,False,,False,True,85.91,85.91
178,0 days 01:17:28.502000,HER,25,0 days 00:02:11.923000,26.0,4.0,,,33.43,50.996,47.497,0 days 01:15:50.009000,0 days 01:16:41.005000,0 days 01:17:28.502000,150.0,139.0,69.0,250.0,False,SOFT,15.0,False,,0 days 01:15:16.579000,2026-06-12 12:30:17.579,1,,False,,False,True,131.923,131.923
179,0 days 01:20:02.143000,HER,25,,27.0,4.0,,0 days 01:19:59.268000,64.554,50.409,38.651,0 days 01:18:33.229000,0 days 01:19:23.602000,0 days 01:20:02.143000,127.0,172.0,,256.0,False,SOFT,16.0,False,,0 days 01:17:28.502000,2026-06-12 12:32:29.502,1,,False,,False,False,,153.614
180,0 days 00:17:59.544000,LAW,30,,1.0,1.0,0 days 00:16:08.429000,,,38.315,33.93,,0 days 00:17:25.773000,0 days 00:17:59.598000,195.0,213.0,269.0,124.0,False,MEDIUM,1.0,True,Racing Bulls,0 days 00:16:08.429000,2026-06-12 11:31:09.429,1,,False,,False,False,,
181,0 days 00:19:40.880000,LAW,30,0 days 00:01:41.336000,2.0,1.0,,,27.165,43.433,30.738,0 days 00:18:26.709000,0 days 00:19:10.142000,0 days 00:19:40.880000,170.0,208.0,274.0,319.0,True,MEDIUM,2.0,True,Racing Bulls,0 days 00:17:59.544000,2026-06-12 11:33:00.544,1,,False,,False,True,101.336,101.336
182,0 days 00:20:59.277000,LAW,30,0 days 00:01:18.397000,3.0,1.0,,,23.071,31.375,23.951,0 days 00:20:03.951000,0 days 00:20:35.326000,0 days 00:20:59.277000,267.0,281.0,282.0,322.0,True,MEDIUM,3.0,True,Racing Bulls,0 days 00:19:40.880000,2026-06-12 11:34:41.880,1,,False,,False,True,78.397,78.39699999999999
183,0 days 00:23:06.056000,LAW,30,0 days 00:02:06.779000,4.0,1.0,,0 days 00:23:03.332000,36.083,52.332,38.364,0 days 00:21:35.360000,0 days 00:22:27.692000,0 days 00:23:06.056000,146.0,140.0,,255.0,False,MEDIUM,4.0,True,Racing Bulls,0 days 00:20:59.277000,2026-06-12 11:36:00.277,1,,False,,False,False,126.779,126.779
184,0 days 00:25:05.388000,LAW,30,0 days 00:01:59.332000,5.0,2.0,0 days 00:23:20.054000,,45.862,45.554,27.916,0 days 00:23:51.918000,0 days 00:24:37.472000,0 days 00:25:05.388000,186.0,228.0,273.0,195.0,False,MEDIUM,5.0,False,Racing Bulls,0 days 00:23:06.056000,2026-06-12 11:38:07.056,1,,False,,False,False,119.332,119.332
185,0 days 00:26:23.449000,LAW,30,0 days 00:01:18.061000,6.0,2.0,,,22.819,31.505,23.737,0 days 00:25:28.207000,0 days 00:25:59.712000,0 days 00:26:23.449000,284.0,287.0,279.0,323.0,True,MEDIUM,6.0,False,Racing Bulls,0 days 00:25:05.388000,2026-06-12 11:40:06.388,1,,False,,False,True,78.061,78.06099999999999
186,0 days 00:28:21.045000,LAW,30,0 days 00:01:57.596000,7.0,2.0,,0 days 00:28:18.264000,35.154,45.285,37.157,0 days 00:26:58.603000,0 days 00:27:43.888000,0 days 00:28:21.045000,133.0,179.0,,175.0,False,MEDIUM,7.0,False,Racing Bulls,0 days 00:26:23.449000,2026-06-12 11:41:24.449,1,,False,,False,False,117.596,117.596
187,0 days 00:30:31.075000,LAW,30,0 days 00:02:10.030000,8.0,3.0,0 days 00:28:34.923000,,52.59,45.648,31.792,0 days 00:29:13.635000,0 days 00:29:59.283000,0 days 00:30:31.075000,166.0,211.0,278.0,148.0,False,MEDIUM,8.0,False,Racing Bulls,0 days 00:28:21.045000,2026-06-12 11:43:22.045,1,,False,,False,False,130.03,130.03
188,0 days 00:31:58.478000,LAW,30,0 days 00:01:27.403000,9.0,3.0,,0 days 00:31:55.677000,22.753,31.559,33.091,0 days 00:30:53.828000,0 days 00:31:25.387000,0 days 00:31:58.478000,286.0,287.0,,327.0,False,MEDIUM,9.0,False,Racing Bulls,0 days 00:30:31.075000,2026-06-12 11:45:32.075,1,,False,,False,False,87.403,87.40299999999999
189,0 days 00:44:40.861000,LAW,30,,10.0,4.0,0 days 00:42:53.760000,,,40.703,33.245,,0 days 00:44:07.866000,0 days 00:44:41,198.0,199.0,283.0,175.0,False,MEDIUM,10.0,False,Racing Bulls,0 days 00:31:58.478000,2026-06-12 11:46:59.478,1,,False,,False,False,,
190,0 days 00:46:00.030000,LAW,30,0 days 00:01:19.169000,11.0,4.0,,,22.924,31.885,24.36,0 days 00:45:03.785000,0 days 00:45:35.670000,0 days 00:46:00.030000,283.0,289.0,285.0,317.0,False,MEDIUM,11.0,False,Racing Bulls,0 days 00:44:40.861000,2026-06-12 11:59:41.861,12,,False,,False,True,79.169,79.169
191,0 days 00:47:54.459000,LAW,30,0 days 00:01:54.429000,12.0,4.0,,,35.844,49.879,28.706,0 days 00:46:35.874000,0 days 00:47:25.753000,0 days 00:47:54.459000,107.0,228.0,278.0,291.0,False,MEDIUM,12.0,False,Racing Bulls,0 days 00:46:00.030000,2026-06-12 12:01:01.030,1,,False,,False,True,114.429,114.429
192,0 days 00:49:14.035000,LAW,30,0 days 00:01:19.576000,13.0,4.0,,,22.868,32.076,24.632,0 days 00:48:17.327000,0 days 00:48:49.403000,0 days 00:49:14.035000,283.0,288.0,287.0,318.0,False,MEDIUM,13.0,False,Racing Bulls,0 days 00:47:54.459000,2026-06-12 12:02:55.459,1,,False,,False,True,79.576,79.57600000000001
193,0 days 00:50:47.657000,LAW,30,0 days 00:01:33.622000,14.0,4.0,,0 days 00:50:44.884000,25.112,36.178,32.332,0 days 00:49:39.147000,0 days 00:50:15.325000,0 days 00:50:47.657000,239.0,199.0,,294.0,False,MEDIUM,14.0,False,Racing Bulls,0 days 00:49:14.035000,2026-06-12 12:04:15.035,1,,False,,False,False,93.622,93.622
194,0 days 00:58:18.926000,LAW,30,,15.0,5.0,0 days 00:56:28.821000,,,39.724,32.297,,0 days 00:57:46.785000,0 days 00:58:19.012000,190.0,205.0,286.0,101.0,False,SOFT,1.0,True,Racing Bulls,0 days 00:50:47.657000,2026-06-12 12:05:48.657,1,,False,,False,False,,
195,0 days 00:59:36.398000,LAW,30,0 days 00:01:17.472000,16.0,5.0,,,22.455,31.285,23.732,0 days 00:58:41.381000,0 days 00:59:12.666000,0 days 00:59:36.398000,287.0,291.0,262.0,321.0,True,SOFT,2.0,True,Racing Bulls,0 days 00:58:18.926000,2026-06-12 12:13:19.926,1,,False,,False,True,77.472,77.472
196,0 days 01:01:17.043000,LAW,30,0 days 00:01:40.645000,17.0,5.0,,,30.215,40.853,29.577,0 days 01:00:06.613000,0 days 01:00:47.466000,0 days 01:01:17.043000,183.0,197.0,202.0,258.0,False,SOFT,3.0,True,Racing Bulls,0 days 00:59:36.398000,2026-06-12 12:14:37.398,1,,False,,False,True,100.645,100.645
197,0 days 01:02:59.329000,LAW,30,0 days 00:01:42.286000,18.0,5.0,,0 days 01:02:56.592000,31.446,39.407,31.433,0 days 01:01:48.489000,0 days 01:02:27.896000,0 days 01:02:59.329000,186.0,207.0,,260.0,False,SOFT,4.0,True,Racing Bulls,0 days 01:01:17.043000,2026-06-12 12:16:18.043,1,,False,,False,False,102.286,102.286
198,0 days 01:04:59.361000,LAW,30,0 days 00:02:00.032000,19.0,6.0,0 days 01:03:20.722000,0 days 01:04:56.600000,55.884,34.564,29.584,0 days 01:03:55.213000,0 days 01:04:29.777000,0 days 01:04:59.361000,214.0,254.0,,218.0,False,MEDIUM,15.0,False,Racing Bulls,0 days 01:02:59.329000,2026-06-12 12:18:00.329,1,,False,,False,False,120.032,120.032
199,0 days 01:13:02.668000,LAW,30,,20.0,7.0,0 days 01:11:13.668000,,,33.958,25.632,,0 days 01:12:37.172000,0 days 01:13:02.693000,254.0,245.0,294.0,245.0,False,SOFT,5.0,False,Racing Bulls,0 days 01:04:59.361000,2026-06-12 12:20:00.361,1,,False,,False,False,,
200,0 days 01:14:25.860000,LAW,30,0 days 00:01:23.192000,21.0,7.0,,,24.198,33.514,25.48,0 days 01:13:26.866000,0 days 01:14:00.380000,0 days 01:14:25.860000,253.0,266.0,293.0,320.0,False,SOFT,6.0,False,Racing Bulls,0 days 01:13:02.668000,2026-06-12 12:28:03.668,1,,False,,False,True,83.192,83.19200000000001
201,0 days 01:15:49.253000,LAW,30,0 days 00:01:23.393000,22.0,7.0,,,24.184,33.792,25.417,0 days 01:14:50.044000,0 days 01:15:23.836000,0 days 01:15:49.253000,265.0,260.0,292.0,327.0,False,SOFT,7.0,False,Racing Bulls,0 days 01:14:25.860000,2026-06-12 12:29:26.860,1,,False,,False,True,83.393,83.393
202,0 days 01:17:39.009000,LAW,30,0 days 00:01:49.756000,23.0,7.0,,,24.706,40.727,44.323,0 days 01:16:13.959000,0 days 01:16:54.686000,0 days 01:17:39.009000,196.0,175.0,57.0,320.0,False,SOFT,8.0,False,Racing Bulls,0 days 01:15:49.253000,2026-06-12 12:30:50.253,1,,False,,False,True,109.756,109.756
203,0 days 01:19:54.956000,LAW,30,0 days 00:02:15.947000,24.0,7.0,,0 days 01:19:52.159000,62.518,40.043,33.386,0 days 01:18:41.527000,0 days 01:19:21.570000,0 days 01:19:54.956000,180.0,190.0,,289.0,False,SOFT,9.0,False,Racing Bulls,0 days 01:17:39.009000,2026-06-12 12:32:40.009,1,,False,,False,False,135.947,135.947
204,0 days 00:17:32.698000,OCO,31,,1.0,1.0,0 days 00:15:45.513000,,,41.917,30.112,,0 days 00:17:02.796000,0 days 00:17:32.726000,135.0,163.0,278.0,167.0,False,HARD,1.0,True,Haas F1 Team,0 days 00:15:45.513000,2026-06-12 11:30:46.513,1,,False,,False,False,,
205,0 days 00:18:54.645000,OCO,31,0 days 00:01:21.947000,2.0,1.0,,,24.111,32.6,25.236,0 days 00:17:56.809000,0 days 00:18:29.409000,0 days 00:18:54.645000,238.0,241.0,248.0,316.0,True,HARD,2.0,True,Haas F1 Team,0 days 00:17:32.698000,2026-06-12 11:32:33.698,1,,False,,False,True,81.947,81.947
206,0 days 00:20:53.722000,OCO,31,0 days 00:01:59.077000,3.0,1.0,,,35.302,48.726,35.049,0 days 00:19:29.947000,0 days 00:20:18.673000,0 days 00:20:53.722000,131.0,159.0,186.0,192.0,False,HARD,3.0,True,Haas F1 Team,0 days 00:18:54.645000,2026-06-12 11:33:55.645,1,,False,,False,True,119.077,119.077
207,0 days 00:22:44.753000,OCO,31,0 days 00:01:51.031000,4.0,1.0,,,37.77,46.131,27.13,0 days 00:21:31.492000,0 days 00:22:17.623000,0 days 00:22:44.753000,134.0,214.0,280.0,190.0,False,HARD,4.0,True,Haas F1 Team,0 days 00:20:53.722000,2026-06-12 11:35:54.722,1,,False,,False,True,111.031,111.031
208,0 days 00:24:05.524000,OCO,31,0 days 00:01:20.771000,5.0,1.0,,,23.55,32.188,25.033,0 days 00:23:08.303000,0 days 00:23:40.491000,0 days 00:24:05.524000,249.0,263.0,252.0,318.0,True,HARD,5.0,True,Haas F1 Team,0 days 00:22:44.753000,2026-06-12 11:37:45.753,1,,False,,False,True,80.771,80.771
209,0 days 00:26:00.837000,OCO,31,0 days 00:01:55.313000,6.0,1.0,,0 days 00:25:57.975000,32.958,47.516,34.839,0 days 00:24:38.482000,0 days 00:25:25.998000,0 days 00:26:00.837000,150.0,183.0,,202.0,False,HARD,6.0,True,Haas F1 Team,0 days 00:24:05.524000,2026-06-12 11:39:06.524,1,,False,,False,False,115.313,115.313
210,0 days 00:28:46.265000,OCO,31,,7.0,2.0,0 days 00:26:34.316000,,89.367,46.737,29.373,0 days 00:27:30.349000,0 days 00:28:17.104000,0 days 00:28:46.420000,157.0,101.0,285.0,200.0,False,HARD,7.0,False,Haas F1 Team,0 days 00:26:00.837000,2026-06-12 11:41:01.837,1,,False,,False,False,,165.477
211,0 days 00:30:06.459000,OCO,31,0 days 00:01:20.194000,8.0,2.0,,,23.285,32.223,24.686,0 days 00:29:09.550000,0 days 00:29:41.773000,0 days 00:30:06.459000,253.0,268.0,254.0,326.0,True,HARD,8.0,False,Haas F1 Team,0 days 00:28:46.265000,2026-06-12 11:43:47.265,1,,False,,False,True,80.194,80.19399999999999
212,0 days 00:32:12.350000,OCO,31,0 days 00:02:05.891000,9.0,2.0,,,36.786,50.645,38.46,0 days 00:30:43.245000,0 days 00:31:33.890000,0 days 00:32:12.350000,142.0,134.0,188.0,189.0,False,HARD,9.0,False,Haas F1 Team,0 days 00:30:06.459000,2026-06-12 11:45:07.459,1,,False,,False,True,125.891,125.89100000000002
213,0 days 00:34:03.252000,OCO,31,0 days 00:01:50.902000,10.0,2.0,,,38.298,45.209,27.395,0 days 00:32:50.648000,0 days 00:33:35.857000,0 days 00:34:03.252000,145.0,205.0,287.0,180.0,False,HARD,10.0,False,Haas F1 Team,0 days 00:32:12.350000,2026-06-12 11:47:13.350,1,,False,,False,True,110.902,110.902
214,0 days 00:35:23.567000,OCO,31,0 days 00:01:20.315000,11.0,2.0,,,23.381,32.17,24.764,0 days 00:34:26.633000,0 days 00:34:58.803000,0 days 00:35:23.567000,256.0,274.0,254.0,323.0,False,HARD,11.0,False,Haas F1 Team,0 days 00:34:03.252000,2026-06-12 11:49:04.252,1,,False,,False,True,80.315,80.315
215,0 days 00:37:18.262000,OCO,31,0 days 00:01:54.695000,12.0,2.0,,0 days 00:37:15.415000,36.448,46.369,31.878,0 days 00:36:00.015000,0 days 00:36:46.384000,0 days 00:37:18.262000,155.0,199.0,,179.0,False,HARD,12.0,False,Haas F1 Team,0 days 00:35:23.567000,2026-06-12 11:50:24.567,1,,False,,False,False,114.695,114.695
216,0 days 00:52:23.417000,OCO,31,,13.0,3.0,0 days 00:50:32.519000,,,41.707,28.078,,0 days 00:51:55.569000,0 days 00:52:23.541000,181.0,226.0,290.0,109.0,False,SOFT,1.0,True,Haas F1 Team,0 days 00:37:18.262000,2026-06-12 11:52:19.262,12,,False,,False,False,,
217,0 days 00:53:41.789000,OCO,31,0 days 00:01:18.372000,14.0,3.0,,,22.823,31.559,23.99,0 days 00:52:46.240000,0 days 00:53:17.799000,0 days 00:53:41.789000,265.0,274.0,273.0,329.0,True,SOFT,2.0,True,Haas F1 Team,0 days 00:52:23.417000,2026-06-12 12:07:24.417,1,,False,,False,True,78.372,78.372
218,0 days 00:55:19.505000,OCO,31,0 days 00:01:37.716000,15.0,3.0,,0 days 00:55:16.769000,27.839,37.611,32.266,0 days 00:54:09.628000,0 days 00:54:47.239000,0 days 00:55:19.505000,198.0,200.0,,270.0,False,SOFT,3.0,True,Haas F1 Team,0 days 00:53:41.789000,2026-06-12 12:08:42.789,1,,False,,False,False,97.716,97.71599999999998
219,0 days 01:02:45.507000,OCO,31,,16.0,4.0,0 days 01:01:19.149000,,,33.753,24.834,,0 days 01:02:20.813000,0 days 01:02:45.571000,227.0,255.0,291.0,221.0,False,HARD,13.0,False,Haas F1 Team,0 days 00:55:19.505000,2026-06-12 12:10:20.505,1,,False,,False,False,,
220,0 days 01:04:06.772000,OCO,31,0 days 00:01:21.265000,17.0,4.0,,,23.76,32.907,24.598,0 days 01:03:09.267000,0 days 01:03:42.174000,0 days 01:04:06.772000,252.0,268.0,292.0,318.0,False,HARD,14.0,False,Haas F1 Team,0 days 01:02:45.507000,2026-06-12 12:17:46.507,1,,False,,False,True,81.265,81.265
221,0 days 01:05:29.264000,OCO,31,0 days 00:01:22.492000,18.0,4.0,,,23.833,33.309,25.35,0 days 01:04:30.605000,0 days 01:05:03.914000,0 days 01:05:29.264000,249.0,234.0,292.0,318.0,False,HARD,15.0,False,Haas F1 Team,0 days 01:04:06.772000,2026-06-12 12:19:07.772,1,,False,,False,True,82.492,82.49199999999999
222,0 days 01:06:51.483000,OCO,31,0 days 00:01:22.219000,19.0,4.0,,,23.826,33.247,25.146,0 days 01:05:53.090000,0 days 01:06:26.337000,0 days 01:06:51.483000,255.0,262.0,293.0,319.0,False,HARD,16.0,False,Haas F1 Team,0 days 01:05:29.264000,2026-06-12 12:20:30.264,1,,False,,False,True,82.219,82.219
223,0 days 01:08:18.546000,OCO,31,0 days 00:01:27.063000,20.0,4.0,,0 days 01:08:15.718000,23.812,33.509,29.742,0 days 01:07:15.295000,0 days 01:07:48.804000,0 days 01:08:18.546000,255.0,259.0,,325.0,False,HARD,17.0,False,Haas F1 Team,0 days 01:06:51.483000,2026-06-12 12:21:52.483,1,,False,,False,False,87.063,87.063
224,0 days 01:10:24.357000,OCO,31,0 days 00:02:05.811000,21.0,5.0,0 days 01:08:58.161000,,66.246,34.069,25.496,0 days 01:09:24.792000,0 days 01:09:58.861000,0 days 01:10:24.357000,223.0,250.0,290.0,221.0,False,HARD,18.0,False,Haas F1 Team,0 days 01:08:18.546000,2026-06-12 12:23:19.546,1,,False,,False,False,125.811,125.811
225,0 days 01:11:47.280000,OCO,31,0 days 00:01:22.923000,22.0,5.0,,,24.078,33.56,25.285,0 days 01:10:48.435000,0 days 01:11:21.995000,0 days 01:11:47.280000,252.0,258.0,291.0,322.0,False,HARD,19.0,False,Haas F1 Team,0 days 01:10:24.357000,2026-06-12 12:25:25.357,1,,False,,False,True,82.923,82.923
226,0 days 01:13:10.463000,OCO,31,0 days 00:01:23.183000,23.0,5.0,,,23.951,33.763,25.469,0 days 01:12:11.231000,0 days 01:12:44.994000,0 days 01:13:10.463000,253.0,260.0,291.0,321.0,False,HARD,20.0,False,Haas F1 Team,0 days 01:11:47.280000,2026-06-12 12:26:48.280,1,,False,,False,True,83.183,83.18299999999999
227,0 days 01:14:34.171000,OCO,31,0 days 00:01:23.708000,24.0,5.0,,,24.178,33.836,25.694,0 days 01:13:34.641000,0 days 01:14:08.477000,0 days 01:14:34.171000,252.0,265.0,290.0,320.0,False,HARD,21.0,False,Haas F1 Team,0 days 01:13:10.463000,2026-06-12 12:28:11.463,1,,False,,False,True,83.708,83.708
228,0 days 01:16:05.593000,OCO,31,0 days 00:01:31.422000,25.0,5.0,,,26.478,36.033,28.911,0 days 01:15:00.649000,0 days 01:15:36.682000,0 days 01:16:05.593000,222.0,213.0,278.0,245.0,False,HARD,22.0,False,Haas F1 Team,0 days 01:14:34.171000,2026-06-12 12:29:35.171,1,,False,,False,True,91.422,91.422
229,0 days 01:18:04.133000,OCO,31,0 days 00:01:58.540000,26.0,5.0,,,29.996,45.939,42.605,0 days 01:16:35.589000,0 days 01:17:21.528000,0 days 01:18:04.133000,159.0,191.0,58.0,243.0,False,HARD,23.0,False,Haas F1 Team,0 days 01:16:05.593000,2026-06-12 12:31:06.593,1,,False,,False,True,118.54,118.54
230,0 days 01:20:21.935000,OCO,31,0 days 00:02:17.802000,27.0,5.0,,0 days 01:20:19.161000,65.295,38.21,34.297,0 days 01:19:09.428000,0 days 01:19:47.638000,0 days 01:20:21.935000,202.0,176.0,,300.0,False,HARD,24.0,False,Haas F1 Team,0 days 01:18:04.133000,2026-06-12 12:33:05.133,1,,False,,False,False,137.802,137.802
231,0 days 00:17:38.486000,IWA,36,,1.0,1.0,0 days 00:15:50.995000,,,41.038,29.795,,0 days 00:17:08.909000,0 days 00:17:38.652000,168.0,226.0,286.0,151.0,False,MEDIUM,1.0,True,,0 days 00:15:50.995000,2026-06-12 11:30:51.995,1,,False,,False,False,,
232,0 days 00:19:04.152000,IWA,36,0 days 00:01:25.666000,2.0,1.0,,,25.36,34.397,25.909,0 days 00:18:03.846000,0 days 00:18:38.243000,0 days 00:19:04.152000,233.0,242.0,289.0,299.0,True,MEDIUM,2.0,True,,0 days 00:17:38.486000,2026-06-12 11:32:39.486,1,,False,,False,True,85.666,85.666
233,0 days 00:20:40.270000,IWA,36,0 days 00:01:36.118000,3.0,1.0,,0 days 00:20:37.545000,25.412,34.806,35.9,0 days 00:19:29.564000,0 days 00:20:04.370000,0 days 00:20:40.270000,229.0,238.0,,299.0,False,MEDIUM,3.0,True,,0 days 00:19:04.152000,2026-06-12 11:34:05.152,1,,False,,False,False,96.118,96.118
234,0 days 00:29:13.147000,IWA,36,,4.0,2.0,0 days 00:27:21.607000,,,41.767,31.74,,0 days 00:28:41.528000,0 days 00:29:13.168000,184.0,204.0,284.0,162.0,False,MEDIUM,4.0,False,,0 days 00:20:40.270000,2026-06-12 11:35:41.270,1,,False,,False,False,,
235,0 days 00:30:50.473000,IWA,36,0 days 00:01:37.326000,5.0,2.0,,0 days 00:30:47.598000,25.57,34.846,36.91,0 days 00:29:38.717000,0 days 00:30:13.563000,0 days 00:30:50.473000,239.0,244.0,,299.0,False,MEDIUM,5.0,False,,0 days 00:29:13.147000,2026-06-12 11:44:14.147,1,,False,,False,False,97.326,97.326
236,0 days 00:47:10.547000,IWA,36,,6.0,3.0,0 days 00:45:27.432000,,,38.605,33.59,,0 days 00:46:37.201000,0 days 00:47:10.738000,188.0,186.0,271.0,179.0,False,MEDIUM,6.0,False,,0 days 00:30:50.473000,2026-06-12 11:45:51.473,12,,False,,False,False,,
237,0 days 00:48:31.074000,IWA,36,0 days 00:01:20.527000,7.0,3.0,,,23.529,32.458,24.54,0 days 00:47:34.076000,0 days 00:48:06.534000,0 days 00:48:31.074000,266.0,261.0,284.0,317.0,True,MEDIUM,7.0,False,,0 days 00:47:10.547000,2026-06-12 12:02:11.547,1,,False,,False,True,80.527,80.52699999999999
238,0 days 00:50:32.892000,IWA,36,0 days 00:02:01.818000,8.0,3.0,,,32.316,51.33,38.172,0 days 00:49:03.390000,0 days 00:49:54.720000,0 days 00:50:32.892000,142.0,83.0,271.0,271.0,False,MEDIUM,8.0,False,,0 days 00:48:31.074000,2026-06-12 12:03:32.074,1,,False,,False,True,121.818,121.818
239,0 days 00:51:52.401000,IWA,36,0 days 00:01:19.509000,9.0,3.0,,,23.179,32.213,24.117,0 days 00:50:56.071000,0 days 00:51:28.284000,0 days 00:51:52.401000,268.0,275.0,292.0,322.0,True,MEDIUM,9.0,False,,0 days 00:50:32.892000,2026-06-12 12:05:33.892,1,,False,,False,True,79.509,79.509
240,0 days 00:53:19.248000,IWA,36,0 days 00:01:26.847000,10.0,3.0,,,28.717,33.147,24.983,0 days 00:52:21.118000,0 days 00:52:54.265000,0 days 00:53:19.248000,248.0,256.0,288.0,233.0,False,MEDIUM,10.0,False,,0 days 00:51:52.401000,2026-06-12 12:06:53.401,1,,False,,False,True,86.847,86.847
241,0 days 00:54:42.565000,IWA,36,0 days 00:01:23.317000,11.0,3.0,,,25.57,32.885,24.862,0 days 00:53:44.818000,0 days 00:54:17.703000,0 days 00:54:42.565000,249.0,260.0,293.0,301.0,False,MEDIUM,11.0,False,,0 days 00:53:19.248000,2026-06-12 12:08:20.248,1,,False,,False,True,83.317,83.317
242,0 days 00:56:05.088000,IWA,36,0 days 00:01:22.523000,12.0,3.0,,,24.049,33.293,25.181,0 days 00:55:06.614000,0 days 00:55:39.907000,0 days 00:56:05.088000,252.0,258.0,289.0,303.0,False,MEDIUM,12.0,False,,0 days 00:54:42.565000,2026-06-12 12:09:43.565,1,,False,,False,True,82.523,82.523
243,0 days 00:57:27.943000,IWA,36,0 days 00:01:22.855000,13.0,3.0,,,24.229,33.281,25.345,0 days 00:56:29.317000,0 days 00:57:02.598000,0 days 00:57:27.943000,256.0,258.0,290.0,301.0,False,MEDIUM,13.0,False,,0 days 00:56:05.088000,2026-06-12 12:11:06.088,1,,False,,False,True,82.855,82.85499999999999
244,0 days 00:58:59.210000,IWA,36,0 days 00:01:31.267000,14.0,3.0,,0 days 00:58:56.421000,24.682,33.114,33.471,0 days 00:57:52.625000,0 days 00:58:25.739000,0 days 00:58:59.210000,259.0,253.0,,302.0,False,MEDIUM,14.0,False,,0 days 00:57:27.943000,2026-06-12 12:12:28.943,1,,False,,False,False,91.267,91.267
245,0 days 01:07:49.810000,IWA,36,,15.0,4.0,0 days 01:06:13.644000,,,37.062,26.643,,0 days 01:07:23.403000,0 days 01:07:49.955000,203.0,233.0,278.0,182.0,False,SOFT,1.0,True,,0 days 00:58:59.210000,2026-06-12 12:14:00.210,1,,False,,False,False,,
246,0 days 01:09:08.108000,IWA,36,0 days 00:01:18.298000,16.0,4.0,,,22.823,31.582,23.893,0 days 01:08:12.633000,0 days 01:08:44.215000,0 days 01:09:08.108000,279.0,279.0,285.0,322.0,True,SOFT,2.0,True,,0 days 01:07:49.810000,2026-06-12 12:22:50.810,1,,False,,False,True,78.298,78.298
247,0 days 01:10:59.385000,IWA,36,0 days 00:01:51.277000,17.0,4.0,,,30.36,47.325,33.592,0 days 01:09:38.468000,0 days 01:10:25.793000,0 days 01:10:59.385000,198.0,184.0,176.0,274.0,False,SOFT,3.0,True,,0 days 01:09:08.108000,2026-06-12 12:24:09.108,1,,False,,False,True,111.277,111.277
248,0 days 01:12:59.650000,IWA,36,0 days 00:02:00.265000,18.0,4.0,,,35.969,47.817,36.479,0 days 01:11:35.354000,0 days 01:12:23.171000,0 days 01:12:59.650000,135.0,106.0,271.0,226.0,False,SOFT,4.0,True,,0 days 01:10:59.385000,2026-06-12 12:26:00.385,1,,False,,False,True,120.265,120.265
249,0 days 01:14:19.399000,IWA,36,0 days 00:01:19.749000,19.0,4.0,,,23.21,32.074,24.465,0 days 01:13:22.860000,0 days 01:13:54.934000,0 days 01:14:19.399000,282.0,276.0,277.0,321.0,False,SOFT,5.0,True,,0 days 01:12:59.650000,2026-06-12 12:28:00.650,1,,False,,False,True,79.749,79.749
250,0 days 01:15:51.473000,IWA,36,0 days 00:01:32.074000,20.0,4.0,,,32.189,34.052,25.833,0 days 01:14:51.588000,0 days 01:15:25.640000,0 days 01:15:51.473000,238.0,263.0,284.0,238.0,False,SOFT,6.0,True,,0 days 01:14:19.399000,2026-06-12 12:29:20.399,1,,False,,False,True,92.074,92.074
251,0 days 01:17:36.841000,IWA,36,0 days 00:01:45.368000,21.0,4.0,,0 days 01:17:33.975000,28.523,35.269,41.576,0 days 01:16:19.996000,0 days 01:16:55.265000,0 days 01:17:36.841000,242.0,151.0,,278.0,False,SOFT,7.0,True,,0 days 01:15:51.473000,2026-06-12 12:30:52.473,1,,False,,False,False,105.368,105.368
252,0 days 00:17:41.975000,BEG,38,,1.0,1.0,0 days 00:15:56.631000,,,41.474,29.556,,0 days 00:17:12.610000,0 days 00:17:42.129000,174.0,187.0,265.0,188.0,False,MEDIUM,1.0,True,,0 days 00:15:56.631000,2026-06-12 11:30:57.631,1,,False,,False,False,,
253,0 days 00:19:07.178000,BEG,38,0 days 00:01:25.203000,2.0,1.0,,,25.652,34.435,25.116,0 days 00:18:07.627000,0 days 00:18:42.062000,0 days 00:19:07.178000,230.0,233.0,288.0,302.0,True,MEDIUM,2.0,True,,0 days 00:17:41.975000,2026-06-12 11:32:42.975,1,,False,,False,True,85.203,85.203
254,0 days 00:20:30.573000,BEG,38,0 days 00:01:23.395000,3.0,1.0,,,24.063,33.672,25.66,0 days 00:19:31.241000,0 days 00:20:04.913000,0 days 00:20:30.573000,226.0,242.0,287.0,317.0,True,MEDIUM,3.0,True,,0 days 00:19:07.178000,2026-06-12 11:34:08.178,1,,False,,False,True,83.395,83.395
255,0 days 00:21:53.617000,BEG,38,0 days 00:01:23.044000,4.0,1.0,,,24.412,33.093,25.539,0 days 00:20:54.985000,0 days 00:21:28.078000,0 days 00:21:53.617000,250.0,263.0,290.0,321.0,True,MEDIUM,4.0,True,,0 days 00:20:30.573000,2026-06-12 11:35:31.573,1,,False,,False,True,83.044,83.04400000000001
256,0 days 00:23:14.629000,BEG,38,0 days 00:01:21.012000,5.0,1.0,,,23.568,32.746,24.698,0 days 00:22:17.185000,0 days 00:22:49.931000,0 days 00:23:14.629000,248.0,268.0,286.0,328.0,True,MEDIUM,5.0,True,,0 days 00:21:53.617000,2026-06-12 11:36:54.617,1,,False,,False,True,81.012,81.012
257,0 days 00:24:36.229000,BEG,38,0 days 00:01:21.600000,6.0,1.0,,,24.212,32.702,24.686,0 days 00:23:38.841000,0 days 00:24:11.543000,0 days 00:24:36.229000,250.0,266.0,293.0,306.0,False,MEDIUM,6.0,True,,0 days 00:23:14.629000,2026-06-12 11:38:15.629,1,,False,,False,True,81.6,81.6
258,0 days 00:25:58.169000,BEG,38,0 days 00:01:21.940000,7.0,1.0,,,24.012,32.945,24.983,0 days 00:25:00.241000,0 days 00:25:33.186000,0 days 00:25:58.169000,253.0,253.0,292.0,308.0,False,MEDIUM,7.0,True,,0 days 00:24:36.229000,2026-06-12 11:39:37.229,1,,False,,False,True,81.94,81.94
259,0 days 00:27:19.400000,BEG,38,0 days 00:01:21.231000,8.0,1.0,,,23.7,32.881,24.65,0 days 00:26:21.869000,0 days 00:26:54.750000,0 days 00:27:19.400000,248.0,272.0,295.0,320.0,False,MEDIUM,8.0,True,,0 days 00:25:58.169000,2026-06-12 11:40:59.169,1,,False,,False,True,81.231,81.231
260,0 days 00:28:52.335000,BEG,38,0 days 00:01:32.935000,9.0,1.0,,0 days 00:28:49.612000,23.737,34.468,34.73,0 days 00:27:43.137000,0 days 00:28:17.605000,0 days 00:28:52.335000,246.0,164.0,,319.0,False,MEDIUM,9.0,True,,0 days 00:27:19.400000,2026-06-12 11:42:20.400,1,,False,,False,False,92.935,92.935
261,0 days 00:39:53.581000,BEG,38,,10.0,2.0,0 days 00:37:52.817000,,,37.141,26.58,,0 days 00:39:27.238000,0 days 00:39:53.715000,201.0,209.0,283.0,241.0,False,MEDIUM,10.0,False,,0 days 00:28:52.335000,2026-06-12 11:43:53.335,1,,False,,False,False,,
262,0 days 00:41:14.655000,BEG,38,0 days 00:01:21.074000,11.0,2.0,,,23.54,32.865,24.669,0 days 00:40:17.121000,0 days 00:40:49.986000,0 days 00:41:14.655000,259.0,286.0,286.0,317.0,False,MEDIUM,11.0,False,,0 days 00:39:53.581000,2026-06-12 11:54:54.581,1,,False,,False,True,81.074,81.074
263,0 days 00:43:02.612000,BEG,38,0 days 00:01:47.957000,12.0,2.0,,,33.769,42.643,31.545,0 days 00:41:48.424000,0 days 00:42:31.067000,0 days 00:43:02.612000,187.0,182.0,213.0,189.0,False,MEDIUM,12.0,False,,0 days 00:41:14.655000,2026-06-12 11:56:15.655,1,,False,,False,True,107.957,107.957
264,0 days 00:44:50.381000,BEG,38,0 days 00:01:47.769000,13.0,2.0,,,32.543,43.818,31.408,0 days 00:43:35.155000,0 days 00:44:18.973000,0 days 00:44:50.381000,187.0,115.0,280.0,236.0,False,MEDIUM,13.0,False,,0 days 00:43:02.612000,2026-06-12 11:58:03.612,1,,False,,False,True,107.769,107.769
265,0 days 00:46:10.686000,BEG,38,0 days 00:01:20.305000,14.0,2.0,,,23.52,32.282,24.503,0 days 00:45:13.901000,0 days 00:45:46.183000,0 days 00:46:10.686000,257.0,285.0,279.0,317.0,True,MEDIUM,14.0,False,,0 days 00:44:50.381000,2026-06-12 11:59:51.381,12,,False,,False,True,80.305,80.30499999999999
266,0 days 00:47:58.267000,BEG,38,0 days 00:01:47.581000,15.0,2.0,,,33.896,42.407,31.278,0 days 00:46:44.582000,0 days 00:47:26.989000,0 days 00:47:58.267000,172.0,184.0,210.0,207.0,False,MEDIUM,15.0,False,,0 days 00:46:10.686000,2026-06-12 12:01:11.686,1,,False,,False,True,107.581,107.581
267,0 days 00:49:42.859000,BEG,38,0 days 00:01:44.592000,16.0,2.0,,,32.55,45.528,26.514,0 days 00:48:30.817000,0 days 00:49:16.345000,0 days 00:49:42.859000,175.0,170.0,286.0,227.0,False,MEDIUM,16.0,False,,0 days 00:47:58.267000,2026-06-12 12:02:59.267,1,,False,,False,True,104.592,104.592
268,0 days 00:51:02.794000,BEG,38,0 days 00:01:19.935000,17.0,2.0,,,23.317,32.371,24.247,0 days 00:50:06.176000,0 days 00:50:38.547000,0 days 00:51:02.794000,262.0,283.0,276.0,315.0,True,MEDIUM,17.0,False,,0 days 00:49:42.859000,2026-06-12 12:04:43.859,1,,False,,False,True,79.935,79.935
269,0 days 00:52:46.270000,BEG,38,0 days 00:01:43.476000,18.0,2.0,,0 days 00:52:43.469000,29.758,38.687,35.031,0 days 00:51:32.552000,0 days 00:52:11.239000,0 days 00:52:46.270000,188.0,203.0,,222.0,False,MEDIUM,18.0,False,,0 days 00:51:02.794000,2026-06-12 12:06:03.794,1,,False,,False,False,103.476,103.476
270,0 days 01:01:50.844000,BEG,38,,19.0,3.0,0 days 01:00:14.755000,,,38.2,26.12,,0 days 01:01:24.957000,0 days 01:01:50.911000,203.0,223.0,289.0,194.0,False,SOFT,1.0,True,,0 days 00:52:46.270000,2026-06-12 12:07:47.270,1,,False,,False,False,,
271,0 days 01:03:08.622000,BEG,38,0 days 00:01:17.778000,20.0,3.0,,,22.825,31.368,23.585,0 days 01:02:13.669000,0 days 01:02:45.037000,0 days 01:03:08.622000,270.0,301.0,284.0,316.0,True,SOFT,2.0,True,,0 days 01:01:50.844000,2026-06-12 12:16:51.844,1,,False,,False,True,77.778,77.77799999999999
272,0 days 01:05:00.546000,BEG,38,0 days 00:01:51.924000,21.0,3.0,,,32.861,44.522,34.541,0 days 01:03:41.483000,0 days 01:04:26.005000,0 days 01:05:00.546000,176.0,129.0,218.0,216.0,False,SOFT,3.0,True,,0 days 01:03:08.622000,2026-06-12 12:18:09.622,1,,False,,False,True,111.924,111.924
273,0 days 01:06:49.774000,BEG,38,0 days 00:01:49.228000,22.0,3.0,,,34.978,44.013,30.237,0 days 01:05:35.524000,0 days 01:06:19.537000,0 days 01:06:49.774000,179.0,209.0,288.0,214.0,False,SOFT,4.0,True,,0 days 01:05:00.546000,2026-06-12 12:20:01.546,1,,False,,False,True,109.228,109.228
274,0 days 01:08:25.644000,BEG,38,0 days 00:01:35.870000,23.0,3.0,,,22.986,43.034,29.85,0 days 01:07:12.760000,0 days 01:07:55.794000,0 days 01:08:25.644000,255.0,195.0,229.0,320.0,False,SOFT,5.0,True,,0 days 01:06:49.774000,2026-06-12 12:21:50.774,1,,False,,False,True,95.87,95.87
275,0 days 01:10:08.799000,BEG,38,0 days 00:01:43.155000,24.0,3.0,,,31.831,44.458,26.866,0 days 01:08:57.475000,0 days 01:09:41.933000,0 days 01:10:08.799000,145.0,221.0,291.0,254.0,False,SOFT,6.0,True,,0 days 01:08:25.644000,2026-06-12 12:23:26.644,1,,False,,False,True,103.155,103.155
276,0 days 01:11:27.119000,BEG,38,0 days 00:01:18.320000,25.0,3.0,,,22.817,31.723,23.78,0 days 01:10:31.616000,0 days 01:11:03.339000,0 days 01:11:27.119000,265.0,295.0,280.0,322.0,False,SOFT,7.0,True,,0 days 01:10:08.799000,2026-06-12 12:25:09.799,1,,False,,False,True,78.32,78.32
277,0 days 01:13:13.807000,BEG,38,0 days 00:01:46.688000,26.0,3.0,,,31.233,45.008,30.447,0 days 01:11:58.352000,0 days 01:12:43.360000,0 days 01:13:13.807000,198.0,195.0,292.0,238.0,False,SOFT,8.0,True,,0 days 01:11:27.119000,2026-06-12 12:26:28.119,1,,False,,False,True,106.688,106.688
278,0 days 01:14:34.219000,BEG,38,0 days 00:01:20.412000,27.0,3.0,,,23.1,32.297,25.015,0 days 01:13:36.907000,0 days 01:14:09.204000,0 days 01:14:34.219000,252.0,273.0,295.0,324.0,False,SOFT,9.0,True,,0 days 01:13:13.807000,2026-06-12 12:28:14.807,1,,False,,False,True,80.412,80.412
279,0 days 01:16:16.866000,BEG,38,0 days 00:01:42.647000,28.0,3.0,,,32.277,40.774,29.596,0 days 01:15:06.496000,0 days 01:15:47.270000,0 days 01:16:16.866000,164.0,195.0,208.0,238.0,False,SOFT,10.0,True,,0 days 01:14:34.219000,2026-06-12 12:29:35.219,1,,False,,False,True,102.647,102.647
280,0 days 01:19:02.453000,BEG,38,,29.0,3.0,,,32.951,45.913,86.673,0 days 01:16:49.952000,0 days 01:17:35.976000,0 days 01:19:02.453000,182.0,141.0,3.0,201.0,False,SOFT,11.0,True,,0 days 01:16:16.866000,2026-06-12 12:31:17.866,1,,False,,False,False,,165.537
281,0 days 01:20:53.042000,BEG,38,0 days 00:01:50.589000,30.0,3.0,,0 days 01:20:50.183000,36.126,42.013,32.45,0 days 01:19:38.579000,0 days 01:20:20.592000,0 days 01:20:53.042000,119.0,188.0,,303.0,False,SOFT,12.0,True,,0 days 01:19:02.453000,2026-06-12 12:34:03.453,1,,False,,False,False,110.589,110.589
282,0 days 00:17:52.980000,LIN,41,,1.0,1.0,0 days 00:16:01.459000,,,41.472,29.94,,0 days 00:17:23.207000,0 days 00:17:53.147000,178.0,164.0,278.0,95.0,False,MEDIUM,1.0,True,Racing Bulls,0 days 00:16:01.459000,2026-06-12 11:31:02.459,1,,False,,False,False,,
283,0 days 00:19:12.238000,LIN,41,0 days 00:01:19.258000,2.0,1.0,,,23.383,31.826,24.049,0 days 00:18:16.363000,0 days 00:18:48.189000,0 days 00:19:12.238000,247.0,266.0,285.0,316.0,True,MEDIUM,2.0,True,Racing Bulls,0 days 00:17:52.980000,2026-06-12 11:32:53.980,1,,False,,False,True,79.258,79.25800000000001
284,0 days 00:21:09.194000,LIN,41,0 days 00:01:56.956000,3.0,1.0,,,35.521,51.966,29.469,0 days 00:19:47.759000,0 days 00:20:39.725000,0 days 00:21:09.194000,135.0,172.0,277.0,236.0,False,MEDIUM,3.0,True,Racing Bulls,0 days 00:19:12.238000,2026-06-12 11:34:13.238,1,,False,,False,True,116.956,116.956
285,0 days 00:22:27.695000,LIN,41,0 days 00:01:18.501000,4.0,1.0,,,22.764,31.695,24.042,0 days 00:21:31.958000,0 days 00:22:03.653000,0 days 00:22:27.695000,261.0,278.0,276.0,320.0,True,MEDIUM,4.0,True,Racing Bulls,0 days 00:21:09.194000,2026-06-12 11:36:10.194,1,,False,,False,True,78.501,78.501
286,0 days 00:24:23.708000,LIN,41,0 days 00:01:56.013000,5.0,1.0,,0 days 00:24:20.696000,34.404,46.936,34.673,0 days 00:23:02.099000,0 days 00:23:49.035000,0 days 00:24:23.708000,160.0,133.0,,246.0,False,MEDIUM,5.0,True,Racing Bulls,0 days 00:22:27.695000,2026-06-12 11:37:28.695,1,,False,,False,False,116.013,116.013
287,0 days 00:26:27.315000,LIN,41,0 days 00:02:03.607000,6.0,2.0,0 days 00:24:37.631000,,49.891,46.681,27.035,0 days 00:25:13.599000,0 days 00:26:00.280000,0 days 00:26:27.315000,178.0,183.0,279.0,155.0,False,MEDIUM,6.0,False,Racing Bulls,0 days 00:24:23.708000,2026-06-12 11:39:24.708,1,,False,,False,False,123.607,123.607
288,0 days 00:27:46.485000,LIN,41,0 days 00:01:19.170000,7.0,2.0,,,22.581,32.166,24.423,0 days 00:26:49.896000,0 days 00:27:22.062000,0 days 00:27:46.485000,277.0,271.0,276.0,326.0,False,MEDIUM,7.0,False,Racing Bulls,0 days 00:26:27.315000,2026-06-12 11:41:28.315,1,,False,,False,True,79.17,79.17
289,0 days 00:29:49.526000,LIN,41,0 days 00:02:03.041000,8.0,2.0,,0 days 00:29:46.694000,37.836,49.881,35.324,0 days 00:28:24.321000,0 days 00:29:14.202000,0 days 00:29:49.526000,101.0,189.0,,178.0,False,MEDIUM,8.0,False,Racing Bulls,0 days 00:27:46.485000,2026-06-12 11:42:47.485,1,,False,,False,False,123.041,123.041
290,0 days 00:32:13.175000,LIN,41,0 days 00:02:23.649000,9.0,3.0,0 days 00:30:19.761000,,67.302,44.434,31.913,0 days 00:30:56.828000,0 days 00:31:41.262000,0 days 00:32:13.175000,191.0,121.0,279.0,149.0,False,MEDIUM,9.0,False,Racing Bulls,0 days 00:29:49.526000,2026-06-12 11:44:50.526,1,,False,,False,False,143.649,143.649
291,0 days 00:33:33.086000,LIN,41,0 days 00:01:19.911000,10.0,3.0,,,22.895,32.407,24.609,0 days 00:32:36.070000,0 days 00:33:08.477000,0 days 00:33:33.086000,265.0,270.0,277.0,325.0,False,MEDIUM,10.0,False,Racing Bulls,0 days 00:32:13.175000,2026-06-12 11:47:14.175,1,,False,,False,True,79.911,79.911
292,0 days 00:35:11.029000,LIN,41,0 days 00:01:37.943000,11.0,3.0,,0 days 00:35:08.352000,30.999,34.195,32.749,0 days 00:34:04.085000,0 days 00:34:38.280000,0 days 00:35:11.029000,240.0,241.0,,202.0,False,MEDIUM,11.0,False,Racing Bulls,0 days 00:33:33.086000,2026-06-12 11:48:34.086,1,,False,,False,False,97.943,97.943
293,0 days 00:44:59.331000,LIN,41,,12.0,4.0,0 days 00:43:11.430000,,,39.165,34.51,,0 days 00:44:25.048000,0 days 00:44:59.499000,187.0,217.0,287.0,171.0,False,SOFT,1.0,True,Racing Bulls,0 days 00:35:11.029000,2026-06-12 11:50:12.029,12,,False,,False,False,,
294,0 days 00:46:17.135000,LIN,41,0 days 00:01:17.804000,13.0,4.0,,,22.738,31.305,23.761,0 days 00:45:22.069000,0 days 00:45:53.374000,0 days 00:46:17.135000,280.0,280.0,286.0,320.0,True,SOFT,2.0,True,Racing Bulls,0 days 00:44:59.331000,2026-06-12 12:00:00.331,21,,False,,False,True,77.804,77.804
295,0 days 00:48:17.084000,LIN,41,0 days 00:01:59.949000,14.0,4.0,,0 days 00:48:14.231000,36.153,46.398,37.398,0 days 00:46:53.288000,0 days 00:47:39.686000,0 days 00:48:17.084000,143.0,146.0,,233.0,False,SOFT,3.0,True,Racing Bulls,0 days 00:46:17.135000,2026-06-12 12:01:18.135,1,,False,,False,False,119.949,119.949
296,0 days 00:53:38.719000,LIN,41,,15.0,5.0,0 days 00:51:48.041000,,,41.019,26.779,,0 days 00:53:12.070000,0 days 00:53:38.719000,87.0,217.0,287.0,144.0,False,SOFT,4.0,False,Racing Bulls,0 days 00:48:17.084000,2026-06-12 12:03:18.084,1,,False,,False,False,,
297,0 days 00:54:56.860000,LIN,41,0 days 00:01:18.141000,16.0,5.0,,,22.675,31.66,23.806,0 days 00:54:01.394000,0 days 00:54:33.054000,0 days 00:54:56.860000,282.0,278.0,277.0,320.0,False,SOFT,5.0,False,Racing Bulls,0 days 00:53:38.719000,2026-06-12 12:08:39.719,1,,False,,False,True,78.141,78.141
298,0 days 00:56:36.083000,LIN,41,0 days 00:01:39.223000,17.0,5.0,,0 days 00:56:33.270000,27.851,41.877,29.495,0 days 00:55:24.711000,0 days 00:56:06.588000,0 days 00:56:36.083000,175.0,195.0,,291.0,False,SOFT,6.0,False,Racing Bulls,0 days 00:54:56.860000,2026-06-12 12:09:57.860,1,,False,,False,False,99.223,99.223
299,0 days 01:02:21.118000,LIN,41,,18.0,6.0,0 days 01:00:32.239000,,,34.196,25.288,,0 days 01:01:55.973000,0 days 01:02:21.222000,237.0,258.0,294.0,243.0,False,SOFT,7.0,False,Racing Bulls,0 days 00:56:36.083000,2026-06-12 12:11:37.083,1,,False,,False,False,,
300,0 days 01:03:43.842000,LIN,41,0 days 00:01:22.724000,19.0,6.0,,,24.066,33.45,25.208,0 days 01:02:45.184000,0 days 01:03:18.634000,0 days 01:03:43.842000,251.0,264.0,295.0,322.0,False,SOFT,8.0,False,Racing Bulls,0 days 01:02:21.118000,2026-06-12 12:17:22.118,1,,False,,False,True,82.724,82.724
301,0 days 01:05:07.130000,LIN,41,0 days 00:01:23.288000,20.0,6.0,,,24.038,33.873,25.377,0 days 01:04:07.880000,0 days 01:04:41.753000,0 days 01:05:07.130000,256.0,259.0,294.0,330.0,False,SOFT,9.0,False,Racing Bulls,0 days 01:03:43.842000,2026-06-12 12:18:44.842,1,,False,,False,True,83.288,83.288
302,0 days 01:06:30.635000,LIN,41,0 days 00:01:23.505000,21.0,6.0,,,24.098,33.992,25.415,0 days 01:05:31.228000,0 days 01:06:05.220000,0 days 01:06:30.635000,255.0,252.0,294.0,322.0,False,SOFT,10.0,False,Racing Bulls,0 days 01:05:07.130000,2026-06-12 12:20:08.130,1,,False,,False,True,83.505,83.505
303,0 days 01:07:54.226000,LIN,41,0 days 00:01:23.591000,22.0,6.0,,,24.233,33.819,25.539,0 days 01:06:54.868000,0 days 01:07:28.687000,0 days 01:07:54.226000,253.0,267.0,295.0,319.0,False,SOFT,11.0,False,Racing Bulls,0 days 01:06:30.635000,2026-06-12 12:21:31.635,1,,False,,False,True,83.591,83.59100000000001
304,0 days 01:09:18.289000,LIN,41,0 days 00:01:24.063000,23.0,6.0,,,24.229,34.209,25.625,0 days 01:08:18.455000,0 days 01:08:52.664000,0 days 01:09:18.289000,260.0,263.0,294.0,325.0,False,SOFT,12.0,False,Racing Bulls,0 days 01:07:54.226000,2026-06-12 12:22:55.226,1,,False,,False,True,84.063,84.063
305,0 days 01:10:42.916000,LIN,41,0 days 00:01:24.627000,24.0,6.0,,,24.462,34.257,25.908,0 days 01:09:42.751000,0 days 01:10:17.008000,0 days 01:10:42.916000,245.0,259.0,293.0,326.0,False,SOFT,13.0,False,Racing Bulls,0 days 01:09:18.289000,2026-06-12 12:24:19.289,1,,False,,False,True,84.627,84.627
306,0 days 01:12:10.515000,LIN,41,0 days 00:01:27.599000,25.0,6.0,,0 days 01:12:07.760000,24.133,34.123,29.343,0 days 01:11:07.049000,0 days 01:11:41.172000,0 days 01:12:10.515000,251.0,262.0,,333.0,False,SOFT,14.0,False,Racing Bulls,0 days 01:10:42.916000,2026-06-12 12:25:43.916,1,,False,,False,False,87.599,87.599
307,0 days 01:13:54.621000,LIN,41,0 days 00:01:44.106000,26.0,7.0,0 days 01:12:31.052000,,45.343,33.674,25.089,0 days 01:12:55.858000,0 days 01:13:29.532000,0 days 01:13:54.621000,245.0,263.0,295.0,256.0,False,MEDIUM,12.0,False,Racing Bulls,0 days 01:12:10.515000,2026-06-12 12:27:11.515,1,,False,,False,False,104.106,104.106
308,0 days 01:15:17.171000,LIN,41,0 days 00:01:22.550000,27.0,7.0,,,23.673,33.451,25.426,0 days 01:14:18.294000,0 days 01:14:51.745000,0 days 01:15:17.171000,261.0,272.0,295.0,329.0,False,MEDIUM,13.0,False,Racing Bulls,0 days 01:13:54.621000,2026-06-12 12:28:55.621,1,,False,,False,True,82.55,82.55
309,0 days 01:17:13.374000,LIN,41,0 days 00:01:56.203000,28.0,7.0,,,27.763,41.063,47.377,0 days 01:15:44.934000,0 days 01:16:25.997000,0 days 01:17:13.374000,243.0,206.0,38.0,289.0,False,MEDIUM,14.0,False,Racing Bulls,0 days 01:15:17.171000,2026-06-12 12:30:18.171,1,,False,,False,True,116.203,116.203
310,0 days 01:19:22.184000,LIN,41,0 days 00:02:08.810000,29.0,7.0,,0 days 01:19:19.493000,,36.156,34.566,,0 days 01:18:47.776000,0 days 01:19:22.196000,243.0,177.0,,289.0,False,MEDIUM,15.0,False,Racing Bulls,0 days 01:17:13.374000,2026-06-12 12:32:14.374,1,,False,,False,False,128.81,
311,0 days 00:16:38.210000,COL,43,,1.0,1.0,0 days 00:15:02.058000,,,37.096,26.117,,0 days 00:16:12.093000,0 days 00:16:38.296000,178.0,230.0,258.0,211.0,False,MEDIUM,1.0,True,Alpine,0 days 00:15:02.058000,2026-06-12 11:30:03.058,1,,False,,False,False,,
312,0 days 00:18:15.692000,COL,43,0 days 00:01:37.482000,2.0,1.0,,0 days 00:18:12.949000,27.781,39.302,30.399,0 days 00:17:05.991000,0 days 00:17:45.293000,0 days 00:18:15.692000,179.0,223.0,,256.0,False,MEDIUM,2.0,True,Alpine,0 days 00:16:38.210000,2026-06-12 11:31:39.210,1,,False,,False,False,97.482,97.482
313,0 days 00:29:25.747000,COL,43,,3.0,2.0,0 days 00:27:39.393000,,,42.138,30.092,,0 days 00:28:55.779000,0 days 00:29:25.913000,207.0,228.0,293.0,150.0,False,MEDIUM,3.0,False,Alpine,0 days 00:18:15.692000,2026-06-12 11:33:16.692,1,,False,,False,False,,
314,0 days 00:30:45.661000,COL,43,0 days 00:01:19.914000,4.0,2.0,,,23.442,32.417,24.055,0 days 00:29:49.189000,0 days 00:30:21.606000,0 days 00:30:45.661000,257.0,262.0,291.0,310.0,True,MEDIUM,4.0,False,Alpine,0 days 00:29:25.747000,2026-06-12 11:44:26.747,1,,False,,False,True,79.914,79.914
315,0 days 00:33:14.789000,COL,43,0 days 00:02:29.128000,5.0,2.0,,,41.519,63.441,44.168,0 days 00:31:27.180000,0 days 00:32:30.621000,0 days 00:33:14.789000,104.0,99.0,154.0,185.0,False,MEDIUM,5.0,False,Alpine,0 days 00:30:45.661000,2026-06-12 11:45:46.661,1,,False,,False,True,149.128,149.128
316,0 days 00:35:04.662000,COL,43,0 days 00:01:49.873000,6.0,2.0,,,37.252,43.602,29.019,0 days 00:33:52.041000,0 days 00:34:35.643000,0 days 00:35:04.662000,218.0,207.0,294.0,175.0,False,MEDIUM,6.0,False,Alpine,0 days 00:33:14.789000,2026-06-12 11:48:15.789,1,,False,,False,True,109.873,109.873
317,0 days 00:36:24.123000,COL,43,0 days 00:01:19.461000,7.0,2.0,,,23.084,32.199,24.178,0 days 00:35:27.746000,0 days 00:35:59.945000,0 days 00:36:24.123000,258.0,272.0,281.0,315.0,True,MEDIUM,7.0,False,Alpine,0 days 00:35:04.662000,2026-06-12 11:50:05.662,1,,False,,False,True,79.461,79.461
318,0 days 00:38:45.788000,COL,43,0 days 00:02:21.665000,8.0,2.0,,0 days 00:38:43.042000,39.306,58.099,44.26,0 days 00:37:03.429000,0 days 00:38:01.528000,0 days 00:38:45.788000,126.0,121.0,,168.0,False,MEDIUM,8.0,False,Alpine,0 days 00:36:24.123000,2026-06-12 11:51:25.123,1,,False,,False,False,141.665,141.665
319,0 days 00:41:19.714000,COL,43,,9.0,3.0,0 days 00:39:12.430000,,67.518,50.063,36.338,0 days 00:39:53.453000,0 days 00:40:43.518000,0 days 00:41:19.881000,150.0,221.0,276.0,114.0,False,MEDIUM,9.0,False,Alpine,0 days 00:38:45.788000,2026-06-12 11:53:46.788,1,,False,,False,False,,153.919
320,0 days 00:42:38.883000,COL,43,0 days 00:01:19.169000,10.0,3.0,,,23.125,32.094,23.95,0 days 00:41:42.839000,0 days 00:42:14.933000,0 days 00:42:38.883000,264.0,274.0,280.0,322.0,True,MEDIUM,10.0,False,Alpine,0 days 00:41:19.714000,2026-06-12 11:56:20.714,1,,False,,False,True,79.169,79.169
321,0 days 00:44:29.580000,COL,43,0 days 00:01:50.697000,11.0,3.0,,0 days 00:44:26.827000,34.047,44.708,31.942,0 days 00:43:12.930000,0 days 00:43:57.638000,0 days 00:44:29.580000,159.0,224.0,,181.0,False,MEDIUM,11.0,False,Alpine,0 days 00:42:38.883000,2026-06-12 11:57:39.883,1,,False,,False,False,110.697,110.697
322,0 days 00:52:56.077000,COL,43,,12.0,4.0,0 days 00:51:09.756000,,,40.76,27.437,,0 days 00:52:28.829000,0 days 00:52:56.188000,205.0,230.0,281.0,155.0,False,SOFT,1.0,True,Alpine,0 days 00:44:29.580000,2026-06-12 11:59:30.580,12,,False,,False,False,,
323,0 days 00:54:13.970000,COL,43,0 days 00:01:17.893000,13.0,4.0,,,22.614,31.541,23.738,0 days 00:53:18.691000,0 days 00:53:50.232000,0 days 00:54:13.970000,278.0,275.0,267.0,328.0,True,SOFT,2.0,True,Alpine,0 days 00:52:56.077000,2026-06-12 12:07:57.077,1,,False,,False,True,77.893,77.893
324,0 days 00:56:50.952000,COL,43,,14.0,4.0,,0 days 00:56:48.212000,40.704,63.629,52.589,0 days 00:54:54.828000,0 days 00:55:58.558000,0 days 00:56:50.952000,78.0,107.0,,168.0,False,SOFT,3.0,True,Alpine,0 days 00:54:13.970000,2026-06-12 12:09:14.970,1,,False,,False,False,,156.922
325,0 days 00:59:22.973000,COL,43,,15.0,5.0,0 days 00:57:07.370000,,64.122,58.0,29.939,0 days 00:57:55.285000,0 days 00:58:53.279000,0 days 00:59:23.025000,139.0,215.0,277.0,118.0,False,SOFT,4.0,False,Alpine,0 days 00:56:50.952000,2026-06-12 12:11:51.952,1,,False,,False,False,,152.061
326,0 days 01:00:41.703000,COL,43,0 days 00:01:18.730000,16.0,5.0,,,22.852,31.902,23.976,0 days 00:59:45.825000,0 days 01:00:17.727000,0 days 01:00:41.703000,275.0,275.0,275.0,324.0,False,SOFT,5.0,False,Alpine,0 days 00:59:22.973000,2026-06-12 12:14:23.973,1,,False,,False,True,78.73,78.73
327,0 days 01:02:30.744000,COL,43,0 days 00:01:49.041000,17.0,5.0,,,36.151,42.698,30.192,0 days 01:01:17.854000,0 days 01:02:00.552000,0 days 01:02:30.744000,169.0,171.0,241.0,165.0,False,SOFT,6.0,False,Alpine,0 days 01:00:41.703000,2026-06-12 12:15:42.703,1,,False,,False,True,109.041,109.041
328,0 days 01:03:53.878000,COL,43,0 days 00:01:23.134000,18.0,5.0,,,25.503,32.859,24.772,0 days 01:02:56.247000,0 days 01:03:29.106000,0 days 01:03:53.878000,258.0,263.0,296.0,281.0,False,SOFT,7.0,False,Alpine,0 days 01:02:30.744000,2026-06-12 12:17:31.744,1,,False,,False,True,83.134,83.134
329,0 days 01:05:15.171000,COL,43,0 days 00:01:21.293000,19.0,5.0,,,23.451,33.082,24.76,0 days 01:04:17.329000,0 days 01:04:50.411000,0 days 01:05:15.171000,258.0,269.0,297.0,330.0,False,SOFT,8.0,False,Alpine,0 days 01:03:53.878000,2026-06-12 12:18:54.878,1,,False,,False,True,81.293,81.293
330,0 days 01:06:36.869000,COL,43,0 days 00:01:21.698000,20.0,5.0,,,23.543,33.119,25.036,0 days 01:05:38.714000,0 days 01:06:11.833000,0 days 01:06:36.869000,261.0,252.0,296.0,325.0,False,SOFT,9.0,False,Alpine,0 days 01:05:15.171000,2026-06-12 12:20:16.171,1,,False,,False,True,81.698,81.69800000000001
331,0 days 01:07:58.607000,COL,43,0 days 00:01:21.738000,21.0,5.0,,,23.674,33.078,24.986,0 days 01:07:00.543000,0 days 01:07:33.621000,0 days 01:07:58.607000,251.0,271.0,296.0,318.0,False,SOFT,10.0,False,Alpine,0 days 01:06:36.869000,2026-06-12 12:21:37.869,1,,False,,False,True,81.738,81.738
332,0 days 01:09:21.179000,COL,43,0 days 00:01:22.572000,22.0,5.0,,,23.63,33.618,25.324,0 days 01:08:22.237000,0 days 01:08:55.855000,0 days 01:09:21.179000,266.0,257.0,297.0,327.0,False,SOFT,11.0,False,Alpine,0 days 01:07:58.607000,2026-06-12 12:22:59.607,1,,False,,False,True,82.572,82.572
333,0 days 01:10:48.659000,COL,43,0 days 00:01:27.480000,23.0,5.0,,0 days 01:10:45.944000,23.75,33.791,29.939,0 days 01:09:44.929000,0 days 01:10:18.720000,0 days 01:10:48.659000,255.0,260.0,,333.0,False,SOFT,12.0,False,Alpine,0 days 01:09:21.179000,2026-06-12 12:24:22.179,1,,False,,False,False,87.48,87.47999999999999
334,0 days 01:12:42.214000,COL,43,0 days 00:01:53.555000,24.0,6.0,0 days 01:11:19.090000,,55.249,33.533,24.773,0 days 01:11:43.908000,0 days 01:12:17.441000,0 days 01:12:42.214000,255.0,260.0,294.0,237.0,False,MEDIUM,12.0,False,Alpine,0 days 01:10:48.659000,2026-06-12 12:25:49.659,1,,False,,False,False,113.555,113.555
335,0 days 01:14:03.142000,COL,43,0 days 00:01:20.928000,25.0,6.0,,,23.381,32.81,24.737,0 days 01:13:05.595000,0 days 01:13:38.405000,0 days 01:14:03.142000,265.0,268.0,296.0,315.0,False,MEDIUM,13.0,False,Alpine,0 days 01:12:42.214000,2026-06-12 12:27:43.214,1,,False,,False,True,80.928,80.928
336,0 days 01:15:24.329000,COL,43,0 days 00:01:21.187000,26.0,6.0,,,23.563,32.766,24.858,0 days 01:14:26.705000,0 days 01:14:59.471000,0 days 01:15:24.329000,262.0,269.0,295.0,317.0,False,MEDIUM,14.0,False,Alpine,0 days 01:14:03.142000,2026-06-12 12:29:04.142,1,,False,,False,True,81.187,81.187
337,0 days 01:17:23.419000,COL,43,0 days 00:01:59.090000,27.0,6.0,,,25.314,42.902,50.874,0 days 01:15:49.643000,0 days 01:16:32.545000,0 days 01:17:23.419000,216.0,233.0,39.0,322.0,False,MEDIUM,15.0,False,Alpine,0 days 01:15:24.329000,2026-06-12 12:30:25.329,1,,False,,False,True,119.09,119.09
338,0 days 01:19:25.804000,COL,43,0 days 00:02:02.385000,28.0,6.0,,0 days 01:19:23.071000,58.969,34.603,28.813,0 days 01:18:22.388000,0 days 01:18:56.991000,0 days 01:19:25.804000,236.0,253.0,,296.0,False,MEDIUM,16.0,False,Alpine,0 days 01:17:23.419000,2026-06-12 12:32:24.419,1,,False,,False,False,122.385,122.385
339,0 days 00:21:55.075000,SAI,55,,1.0,1.0,0 days 00:20:11.537000,0 days 00:21:52.192000,,40.217,34.123,,0 days 00:21:21.093000,0 days 00:21:55.075000,188.0,147.0,,224.0,False,MEDIUM,1.0,True,Williams,0 days 00:20:11.537000,2026-06-12 11:35:12.537,1,,False,,False,False,,
340,0 days 00:28:29.910000,SAI,55,,2.0,2.0,0 days 00:26:59.816000,,,35.557,25.649,,0 days 00:28:04.439000,0 days 00:28:30.113000,207.0,240.0,297.0,168.0,False,MEDIUM,2.0,False,Williams,0 days 00:21:55.075000,2026-06-12 11:36:56.075,1,,False,,False,False,,
341,0 days 00:29:49.247000,SAI,55,0 days 00:01:19.337000,3.0,2.0,,,23.21,32.023,24.104,0 days 00:28:53.120000,0 days 00:29:25.143000,0 days 00:29:49.247000,269.0,270.0,286.0,307.0,True,MEDIUM,3.0,False,Williams,0 days 00:28:29.910000,2026-06-12 11:43:30.910,1,,False,,False,True,79.337,79.337
342,0 days 00:31:52.929000,SAI,55,0 days 00:02:03.682000,4.0,2.0,,,39.946,51.056,32.68,0 days 00:30:29.193000,0 days 00:31:20.249000,0 days 00:31:52.929000,151.0,179.0,299.0,137.0,False,MEDIUM,4.0,False,Williams,0 days 00:29:49.247000,2026-06-12 11:44:50.247,1,,False,,False,True,123.682,123.682
343,0 days 00:33:34.291000,SAI,55,0 days 00:01:41.362000,5.0,2.0,,,23.229,40.063,38.07,0 days 00:32:16.158000,0 days 00:32:56.221000,0 days 00:33:34.291000,271.0,135.0,171.0,306.0,False,MEDIUM,5.0,False,Williams,0 days 00:31:52.929000,2026-06-12 11:46:53.929,1,,False,,False,True,101.362,101.362
344,0 days 00:35:39.144000,SAI,55,0 days 00:02:04.853000,6.0,2.0,,,42.898,49.978,31.977,0 days 00:34:17.189000,0 days 00:35:07.167000,0 days 00:35:39.144000,139.0,144.0,271.0,141.0,False,MEDIUM,6.0,False,Williams,0 days 00:33:34.291000,2026-06-12 11:48:35.291,1,,False,,False,True,124.853,124.853
345,0 days 00:37:11.847000,SAI,55,0 days 00:01:32.703000,7.0,2.0,,,27.021,38.567,27.115,0 days 00:36:06.165000,0 days 00:36:44.732000,0 days 00:37:11.847000,199.0,210.0,298.0,288.0,False,MEDIUM,7.0,False,Williams,0 days 00:35:39.144000,2026-06-12 11:50:40.144,1,,False,,False,True,92.703,92.703
346,0 days 00:38:31.678000,SAI,55,0 days 00:01:19.831000,8.0,2.0,,,23.25,32.228,24.353,0 days 00:37:35.097000,0 days 00:38:07.325000,0 days 00:38:31.678000,262.0,280.0,289.0,307.0,False,MEDIUM,8.0,False,Williams,0 days 00:37:11.847000,2026-06-12 11:52:12.847,1,,False,,False,True,79.831,79.831
347,0 days 00:40:31.591000,SAI,55,0 days 00:01:59.913000,9.0,2.0,,0 days 00:40:28.947000,34.262,47.191,38.46,0 days 00:39:05.940000,0 days 00:39:53.131000,0 days 00:40:31.591000,171.0,178.0,,182.0,False,MEDIUM,9.0,False,Williams,0 days 00:38:31.678000,2026-06-12 11:53:32.678,1,,False,,False,False,119.913,119.913
348,0 days 00:42:34.307000,SAI,55,0 days 00:02:02.716000,10.0,3.0,0 days 00:40:53.910000,,57.963,38.47,26.283,0 days 00:41:29.554000,0 days 00:42:08.024000,0 days 00:42:34.307000,187.0,230.0,298.0,178.0,False,MEDIUM,10.0,False,Williams,0 days 00:40:31.591000,2026-06-12 11:55:32.591,1,,False,,False,False,122.716,122.716
349,0 days 00:43:54.650000,SAI,55,0 days 00:01:20.343000,11.0,3.0,,,23.502,32.372,24.469,0 days 00:42:57.809000,0 days 00:43:30.181000,0 days 00:43:54.650000,268.0,286.0,289.0,302.0,False,MEDIUM,11.0,False,Williams,0 days 00:42:34.307000,2026-06-12 11:57:35.307,1,,False,,False,True,80.343,80.34299999999999
350,0 days 00:45:48.177000,SAI,55,0 days 00:01:53.527000,12.0,3.0,,0 days 00:45:45.468000,34.751,44.822,33.954,0 days 00:44:29.401000,0 days 00:45:14.223000,0 days 00:45:48.177000,165.0,180.0,,199.0,False,MEDIUM,12.0,False,Williams,0 days 00:43:54.650000,2026-06-12 11:58:55.650,12,,False,,False,False,113.527,113.52700000000002
351,0 days 00:52:32.457000,SAI,55,,13.0,4.0,0 days 00:50:42.533000,,,43.307,28.776,,0 days 00:52:03.810000,0 days 00:52:32.484000,197.0,209.0,217.0,118.0,False,SOFT,1.0,True,Williams,0 days 00:45:48.177000,2026-06-12 12:00:49.177,1,,False,,False,False,,
352,0 days 00:54:27.075000,SAI,55,0 days 00:01:54.618000,14.0,4.0,,,40.329,42.98,31.309,0 days 00:53:12.786000,0 days 00:53:55.766000,0 days 00:54:27.075000,141.0,159.0,294.0,137.0,False,SOFT,2.0,True,Williams,0 days 00:52:32.457000,2026-06-12 12:07:33.457,1,,False,,False,True,114.618,114.618
353,0 days 00:55:45.368000,SAI,55,0 days 00:01:18.293000,15.0,4.0,,,22.783,31.665,23.845,0 days 00:54:49.858000,0 days 00:55:21.523000,0 days 00:55:45.368000,272.0,277.0,281.0,318.0,True,SOFT,3.0,True,Williams,0 days 00:54:27.075000,2026-06-12 12:09:28.075,1,,False,,False,True,78.293,78.293
354,0 days 00:57:36.711000,SAI,55,0 days 00:01:51.343000,16.0,4.0,,0 days 00:57:33.895000,36.232,41.145,33.966,0 days 00:56:21.600000,0 days 00:57:02.745000,0 days 00:57:36.711000,138.0,121.0,,164.0,False,SOFT,4.0,True,Williams,0 days 00:55:45.368000,2026-06-12 12:10:46.368,1,,False,,False,False,111.343,111.34300000000002
355,0 days 01:04:34.646000,SAI,55,,17.0,5.0,0 days 01:02:44.945000,,,35.823,25.865,,0 days 01:04:08.972000,0 days 01:04:34.786000,219.0,245.0,288.0,238.0,False,SOFT,5.0,False,Williams,0 days 00:57:36.711000,2026-06-12 12:12:37.711,1,,False,,False,False,,
356,0 days 01:05:58.378000,SAI,55,0 days 00:01:23.732000,18.0,5.0,,,24.271,33.976,25.485,0 days 01:04:58.917000,0 days 01:05:32.893000,0 days 01:05:58.378000,253.0,257.0,288.0,328.0,False,SOFT,6.0,False,Williams,0 days 01:04:34.646000,2026-06-12 12:19:35.646,1,,False,,False,True,83.732,83.732
357,0 days 01:07:22.409000,SAI,55,0 days 00:01:24.031000,19.0,5.0,,,24.41,34.14,25.481,0 days 01:06:22.788000,0 days 01:06:56.928000,0 days 01:07:22.409000,245.0,260.0,288.0,327.0,False,SOFT,7.0,False,Williams,0 days 01:05:58.378000,2026-06-12 12:20:59.378,1,,False,,False,True,84.031,84.031
358,0 days 01:08:47.301000,SAI,55,0 days 00:01:24.892000,20.0,5.0,,,24.632,34.571,25.689,0 days 01:07:47.041000,0 days 01:08:21.612000,0 days 01:08:47.301000,237.0,257.0,288.0,326.0,False,SOFT,8.0,False,Williams,0 days 01:07:22.409000,2026-06-12 12:22:23.409,1,,False,,False,True,84.892,84.892
359,0 days 01:10:12.655000,SAI,55,0 days 00:01:25.354000,21.0,5.0,,,24.609,34.679,26.066,0 days 01:09:11.910000,0 days 01:09:46.589000,0 days 01:10:12.655000,239.0,235.0,290.0,328.0,False,SOFT,9.0,False,Williams,0 days 01:08:47.301000,2026-06-12 12:23:48.301,1,,False,,False,True,85.354,85.354
360,0 days 01:11:37.542000,SAI,55,0 days 00:01:24.887000,22.0,5.0,,,24.562,34.604,25.721,0 days 01:10:37.217000,0 days 01:11:11.821000,0 days 01:11:37.542000,239.0,242.0,287.0,333.0,False,SOFT,10.0,False,Williams,0 days 01:10:12.655000,2026-06-12 12:25:13.655,1,,False,,False,True,84.887,84.887
361,0 days 01:13:03.423000,SAI,55,0 days 00:01:25.881000,23.0,5.0,,,24.558,34.688,26.635,0 days 01:12:02.100000,0 days 01:12:36.788000,0 days 01:13:03.423000,249.0,241.0,289.0,328.0,False,SOFT,11.0,False,Williams,0 days 01:11:37.542000,2026-06-12 12:26:38.542,1,,False,,False,True,85.881,85.881
362,0 days 01:14:29.292000,SAI,55,0 days 00:01:25.869000,24.0,5.0,,,24.999,34.985,25.885,0 days 01:13:28.422000,0 days 01:14:03.407000,0 days 01:14:29.292000,246.0,241.0,287.0,333.0,False,SOFT,12.0,False,Williams,0 days 01:13:03.423000,2026-06-12 12:28:04.423,1,,False,,False,True,85.869,85.869
363,0 days 01:15:54.490000,SAI,55,0 days 00:01:25.198000,25.0,5.0,,,24.698,34.724,25.776,0 days 01:14:53.990000,0 days 01:15:28.714000,0 days 01:15:54.490000,244.0,251.0,287.0,327.0,False,SOFT,13.0,False,Williams,0 days 01:14:29.292000,2026-06-12 12:29:30.292,1,,False,,False,True,85.198,85.198
364,0 days 01:17:56.741000,SAI,55,0 days 00:02:02.251000,26.0,5.0,,,35.428,46.838,39.985,0 days 01:16:29.918000,0 days 01:17:16.756000,0 days 01:17:56.741000,141.0,180.0,74.0,204.0,False,SOFT,14.0,False,Williams,0 days 01:15:54.490000,2026-06-12 12:30:55.490,1,,False,,False,True,122.251,122.251
365,0 days 01:20:08.604000,SAI,55,0 days 00:02:11.863000,27.0,5.0,,0 days 01:20:05.662000,59.473,39.008,33.382,0 days 01:18:56.214000,0 days 01:19:35.222000,0 days 01:20:08.604000,209.0,179.0,,296.0,False,SOFT,15.0,False,Williams,0 days 01:17:56.741000,2026-06-12 12:32:57.741,1,,False,,False,False,131.863,131.863
366,0 days 00:20:27.125000,RUS,63,,1.0,1.0,0 days 00:18:27.759000,,,39.085,26.762,,0 days 00:20:00.642000,0 days 00:20:27.375000,181.0,231.0,268.0,232.0,False,MEDIUM,1.0,True,Mercedes,0 days 00:18:27.759000,2026-06-12 11:33:28.759,1,,False,,False,False,,
367,0 days 00:21:44.539000,RUS,63,0 days 00:01:17.414000,2.0,1.0,,,22.618,31.199,23.597,0 days 00:20:49.743000,0 days 00:21:20.942000,0 days 00:21:44.539000,265.0,266.0,293.0,324.0,True,MEDIUM,2.0,True,Mercedes,0 days 00:20:27.125000,2026-06-12 11:35:28.125,1,,False,,False,True,77.414,77.414
368,0 days 00:23:57.514000,RUS,63,0 days 00:02:12.975000,3.0,1.0,,,43.516,52.295,37.164,0 days 00:22:28.055000,0 days 00:23:20.350000,0 days 00:23:57.514000,120.0,171.0,197.0,128.0,False,MEDIUM,3.0,True,Mercedes,0 days 00:21:44.539000,2026-06-12 11:36:45.539,1,,False,,False,True,132.975,132.97500000000002
369,0 days 00:25:42.929000,RUS,63,0 days 00:01:45.415000,4.0,1.0,,,37.365,41.236,26.814,0 days 00:24:34.879000,0 days 00:25:16.115000,0 days 00:25:42.929000,136.0,232.0,274.0,199.0,False,MEDIUM,4.0,True,Mercedes,0 days 00:23:57.514000,2026-06-12 11:38:58.514,1,,False,,False,True,105.415,105.415
370,0 days 00:27:00.282000,RUS,63,0 days 00:01:17.353000,5.0,1.0,,,22.355,31.347,23.651,0 days 00:26:05.284000,0 days 00:26:36.631000,0 days 00:27:00.282000,267.0,282.0,292.0,325.0,True,MEDIUM,5.0,True,Mercedes,0 days 00:25:42.929000,2026-06-12 11:40:43.929,1,,False,,False,True,77.353,77.353
371,0 days 00:29:21.639000,RUS,63,0 days 00:02:21.357000,6.0,1.0,,,44.254,59.216,37.887,0 days 00:27:44.536000,0 days 00:28:43.752000,0 days 00:29:21.639000,125.0,158.0,161.0,122.0,False,MEDIUM,6.0,True,Mercedes,0 days 00:27:00.282000,2026-06-12 11:42:01.282,1,,False,,False,True,141.357,141.357
372,0 days 00:31:24.009000,RUS,63,0 days 00:02:02.370000,7.0,1.0,,,40.404,52.808,29.158,0 days 00:30:02.043000,0 days 00:30:54.851000,0 days 00:31:24.009000,136.0,198.0,269.0,199.0,False,MEDIUM,7.0,True,Mercedes,0 days 00:29:21.639000,2026-06-12 11:44:22.639,1,,False,,False,True,122.37,122.37
373,0 days 00:32:41.450000,RUS,63,0 days 00:01:17.441000,8.0,1.0,,,22.548,31.224,23.669,0 days 00:31:46.557000,0 days 00:32:17.781000,0 days 00:32:41.450000,266.0,277.0,290.0,322.0,False,MEDIUM,8.0,True,Mercedes,0 days 00:31:24.009000,2026-06-12 11:46:25.009,1,,False,,False,True,77.441,77.441
374,0 days 00:34:19.424000,RUS,63,0 days 00:01:37.974000,9.0,1.0,,0 days 00:34:16.799000,28.967,38.71,30.297,0 days 00:33:10.417000,0 days 00:33:49.127000,0 days 00:34:19.424000,179.0,229.0,,256.0,False,MEDIUM,9.0,True,Mercedes,0 days 00:32:41.450000,2026-06-12 11:47:42.450,1,,False,,False,False,97.974,97.974
375,0 days 00:48:07.127000,RUS,63,,10.0,2.0,0 days 00:46:23.821000,,,40.575,27.738,,0 days 00:47:39.568000,0 days 00:48:07.248000,183.0,217.0,273.0,134.0,False,SOFT,1.0,True,Mercedes,0 days 00:34:19.424000,2026-06-12 11:49:20.424,12,,False,,False,False,,
376,0 days 00:49:23.490000,RUS,63,0 days 00:01:16.363000,11.0,2.0,,,22.28,30.798,23.285,0 days 00:48:29.407000,0 days 00:49:00.205000,0 days 00:49:23.490000,268.0,273.0,288.0,324.0,True,SOFT,2.0,True,Mercedes,0 days 00:48:07.127000,2026-06-12 12:03:08.127,1,,False,,False,True,76.363,76.363
377,0 days 00:51:10.457000,RUS,63,0 days 00:01:46.967000,12.0,2.0,,0 days 00:51:07.583000,31.189,39.331,36.447,0 days 00:49:54.679000,0 days 00:50:34.010000,0 days 00:51:10.457000,194.0,204.0,,216.0,False,SOFT,3.0,True,Mercedes,0 days 00:49:23.490000,2026-06-12 12:04:24.490,1,,False,,False,False,106.967,106.967
378,0 days 00:58:04.187000,RUS,63,,13.0,3.0,0 days 00:56:13.225000,,,34.364,24.819,,0 days 00:57:39.473000,0 days 00:58:04.309000,236.0,254.0,293.0,158.0,False,SOFT,4.0,False,Mercedes,0 days 00:51:10.457000,2026-06-12 12:06:11.457,1,,False,,False,False,,
379,0 days 00:59:25.955000,RUS,63,0 days 00:01:21.768000,14.0,3.0,,,23.73,33.389,24.649,0 days 00:58:27.917000,0 days 00:59:01.306000,0 days 00:59:25.955000,263.0,260.0,295.0,326.0,False,SOFT,5.0,False,Mercedes,0 days 00:58:04.187000,2026-06-12 12:13:05.187,1,,False,,False,True,81.768,81.768
380,0 days 01:00:47.186000,RUS,63,0 days 00:01:21.231000,15.0,3.0,,,23.782,32.911,24.538,0 days 00:59:49.737000,0 days 01:00:22.648000,0 days 01:00:47.186000,259.0,260.0,297.0,320.0,False,SOFT,6.0,False,Mercedes,0 days 00:59:25.955000,2026-06-12 12:14:26.955,1,,False,,False,True,81.231,81.231
381,0 days 01:02:08.180000,RUS,63,0 days 00:01:20.994000,16.0,3.0,,,23.754,32.804,24.436,0 days 01:01:10.940000,0 days 01:01:43.744000,0 days 01:02:08.180000,259.0,263.0,296.0,316.0,False,SOFT,7.0,False,Mercedes,0 days 01:00:47.186000,2026-06-12 12:15:48.186,1,,False,,False,True,80.994,80.994
382,0 days 01:03:30.046000,RUS,63,0 days 00:01:21.866000,17.0,3.0,,,23.604,33.112,25.15,0 days 01:02:31.784000,0 days 01:03:04.896000,0 days 01:03:30.046000,264.0,267.0,295.0,326.0,False,SOFT,8.0,False,Mercedes,0 days 01:02:08.180000,2026-06-12 12:17:09.180,1,,False,,False,True,81.866,81.866
383,0 days 01:04:52.433000,RUS,63,0 days 00:01:22.387000,18.0,3.0,,,23.949,33.575,24.863,0 days 01:03:53.995000,0 days 01:04:27.570000,0 days 01:04:52.433000,256.0,257.0,295.0,322.0,False,SOFT,9.0,False,Mercedes,0 days 01:03:30.046000,2026-06-12 12:18:31.046,1,,False,,False,True,82.387,82.387
384,0 days 01:06:13.886000,RUS,63,0 days 00:01:21.453000,19.0,3.0,,,23.649,33.147,24.657,0 days 01:05:16.082000,0 days 01:05:49.229000,0 days 01:06:13.886000,257.0,263.0,297.0,326.0,False,SOFT,10.0,False,Mercedes,0 days 01:04:52.433000,2026-06-12 12:19:53.433,1,,False,,False,True,81.453,81.453
385,0 days 01:07:35.526000,RUS,63,0 days 00:01:21.640000,20.0,3.0,,,23.575,33.148,24.917,0 days 01:06:37.461000,0 days 01:07:10.609000,0 days 01:07:35.526000,260.0,253.0,296.0,316.0,False,SOFT,11.0,False,Mercedes,0 days 01:06:13.886000,2026-06-12 12:21:14.886,1,,False,,False,True,81.64,81.64
386,0 days 01:08:57.179000,RUS,63,0 days 00:01:21.653000,21.0,3.0,,,23.722,33.078,24.853,0 days 01:07:59.248000,0 days 01:08:32.326000,0 days 01:08:57.179000,254.0,260.0,297.0,319.0,False,SOFT,12.0,False,Mercedes,0 days 01:07:35.526000,2026-06-12 12:22:36.526,1,,False,,False,True,81.653,81.653
387,0 days 01:10:19.602000,RUS,63,0 days 00:01:22.423000,22.0,3.0,,,23.75,33.516,25.157,0 days 01:09:20.929000,0 days 01:09:54.445000,0 days 01:10:19.602000,254.0,252.0,296.0,324.0,False,SOFT,13.0,False,Mercedes,0 days 01:08:57.179000,2026-06-12 12:23:58.179,1,,False,,False,True,82.423,82.423
388,0 days 01:11:41.939000,RUS,63,0 days 00:01:22.337000,23.0,3.0,,,23.794,33.453,25.09,0 days 01:10:43.396000,0 days 01:11:16.849000,0 days 01:11:41.939000,256.0,260.0,296.0,329.0,False,SOFT,14.0,False,Mercedes,0 days 01:10:19.602000,2026-06-12 12:25:20.602,1,,False,,False,True,82.337,82.337
389,0 days 01:13:11.034000,RUS,63,0 days 00:01:29.095000,24.0,3.0,,0 days 01:13:08.240000,23.604,34.969,30.522,0 days 01:12:05.543000,0 days 01:12:40.512000,0 days 01:13:11.034000,256.0,232.0,,331.0,False,SOFT,15.0,False,Mercedes,0 days 01:11:41.939000,2026-06-12 12:26:42.939,1,,False,,False,False,89.095,89.095
390,0 days 01:15:40.081000,RUS,63,0 days 00:02:29.047000,25.0,4.0,0 days 01:13:51.562000,,89.669,33.057,26.321,0 days 01:14:40.703000,0 days 01:15:13.760000,0 days 01:15:40.081000,250.0,261.0,235.0,240.0,False,MEDIUM,10.0,False,Mercedes,0 days 01:13:11.034000,2026-06-12 12:28:12.034,1,,False,,False,False,149.047,149.047
391,0 days 01:17:30.745000,RUS,63,0 days 00:01:50.664000,26.0,4.0,,,28.48,38.438,43.746,0 days 01:16:08.561000,0 days 01:16:46.999000,0 days 01:17:30.745000,168.0,192.0,47.0,260.0,False,MEDIUM,11.0,False,Mercedes,0 days 01:15:40.081000,2026-06-12 12:30:41.081,1,,False,,False,True,110.664,110.66400000000002
392,0 days 01:19:47.062000,RUS,63,0 days 00:02:16.317000,27.0,4.0,,0 days 01:19:44.252000,59.936,37.253,39.128,0 days 01:18:30.681000,0 days 01:19:07.934000,0 days 01:19:47.062000,236.0,125.0,,293.0,False,MEDIUM,12.0,False,Mercedes,0 days 01:17:30.745000,2026-06-12 12:32:31.745,1,,False,,False,False,136.317,136.317
393,0 days 00:17:00.443000,FOR,67,,1.0,1.0,0 days 00:15:07.774000,0 days 00:16:56.465000,,40.703,36.203,,0 days 00:16:24.293000,0 days 00:17:00.506000,192.0,211.0,,138.0,False,MEDIUM,1.0,True,,0 days 00:15:07.774000,2026-06-12 11:30:08.774,1,,False,,False,False,,
394,0 days 00:19:18.663000,FOR,67,0 days 00:02:18.220000,2.0,2.0,0 days 00:17:30.226000,0 days 00:19:15.257000,61.747,42.499,33.974,0 days 00:18:02.190000,0 days 00:18:44.689000,0 days 00:19:18.663000,193.0,212.0,,138.0,False,MEDIUM,1.0,False,,0 days 00:17:00.443000,2026-06-12 11:32:01.443,1,,False,,False,False,138.22,138.22
395,0 days 00:21:47.368000,FOR,67,0 days 00:02:28.705000,3.0,3.0,0 days 00:19:59.126000,0 days 00:21:44.158000,75.878,39.654,33.173,0 days 00:20:34.541000,0 days 00:21:14.195000,0 days 00:21:47.368000,189.0,221.0,,138.0,False,MEDIUM,1.0,False,,0 days 00:19:18.663000,2026-06-12 11:34:19.663,1,,False,,False,False,148.705,148.705
396,0 days 00:23:55.981000,FOR,67,0 days 00:02:08.613000,4.0,4.0,0 days 00:22:11.835000,0 days 00:23:52.417000,55.859,39.252,33.502,0 days 00:22:43.227000,0 days 00:23:22.479000,0 days 00:23:55.981000,194.0,211.0,,138.0,False,MEDIUM,4.0,False,,0 days 00:21:47.368000,2026-06-12 11:36:48.368,1,,False,,False,False,128.613,128.613
397,0 days 00:26:16.551000,FOR,67,0 days 00:02:20.570000,5.0,5.0,0 days 00:24:29.149000,0 days 00:26:12.391000,67.408,37.372,35.79,0 days 00:25:03.389000,0 days 00:25:40.761000,0 days 00:26:16.551000,193.0,217.0,,139.0,False,MEDIUM,5.0,False,,0 days 00:23:55.981000,2026-06-12 11:38:56.981,1,,False,,False,False,140.57,140.57
398,0 days 00:35:55.478000,FOR,67,,6.0,6.0,0 days 00:34:00.659000,0 days 00:35:51.925000,,39.168,43.222,,0 days 00:35:12.349000,0 days 00:35:55.478000,175.0,214.0,,138.0,False,MEDIUM,6.0,False,,0 days 00:26:16.551000,2026-06-12 11:41:17.551,1,,False,,False,False,,
399,0 days 00:48:19.381000,FOR,67,,7.0,7.0,0 days 00:46:22.668000,,,39.446,27.183,,0 days 00:47:52.349000,0 days 00:48:19.467000,168.0,209.0,270.0,229.0,False,MEDIUM,7.0,False,,0 days 00:35:55.478000,2026-06-12 11:50:56.478,12,,False,,False,False,,
400,0 days 00:49:37.965000,FOR,67,0 days 00:01:18.584000,8.0,7.0,,,22.848,31.792,23.944,0 days 00:48:42.229000,0 days 00:49:14.021000,0 days 00:49:37.965000,266.0,255.0,271.0,322.0,True,MEDIUM,8.0,False,,0 days 00:48:19.381000,2026-06-12 12:03:20.381,1,,False,,False,True,78.584,78.584
401,0 days 00:51:19.577000,FOR,67,0 days 00:01:41.612000,9.0,7.0,,,32.92,41.053,27.639,0 days 00:50:10.885000,0 days 00:50:51.938000,0 days 00:51:19.577000,179.0,225.0,274.0,211.0,False,MEDIUM,9.0,False,,0 days 00:49:37.965000,2026-06-12 12:04:38.965,1,,False,,False,True,101.612,101.612
402,0 days 00:52:38.199000,FOR,67,0 days 00:01:18.622000,10.0,7.0,,,22.75,31.988,23.884,0 days 00:51:42.327000,0 days 00:52:14.315000,0 days 00:52:38.199000,276.0,264.0,267.0,322.0,False,MEDIUM,10.0,False,,0 days 00:51:19.577000,2026-06-12 12:06:20.577,1,,False,,False,True,78.622,78.622
403,0 days 00:54:32.488000,FOR,67,0 days 00:01:54.289000,11.0,7.0,,,35.54,48.398,30.351,0 days 00:53:13.739000,0 days 00:54:02.137000,0 days 00:54:32.488000,125.0,206.0,271.0,235.0,False,MEDIUM,11.0,False,,0 days 00:52:38.199000,2026-06-12 12:07:39.199,1,,False,,False,True,114.289,114.289
404,0 days 00:55:59.254000,FOR,67,0 days 00:01:26.766000,12.0,7.0,,0 days 00:55:55.948000,23.518,32.159,31.089,0 days 00:54:56.006000,0 days 00:55:28.165000,0 days 00:55:59.254000,226.0,280.0,,324.0,False,MEDIUM,12.0,False,,0 days 00:54:32.488000,2026-06-12 12:09:33.488,1,,False,,False,False,86.766,86.76599999999999
405,0 days 01:04:29.761000,FOR,67,,13.0,8.0,0 days 01:02:53.310000,,,37.45,27.315,,0 days 01:04:02.687000,0 days 01:04:29.942000,213.0,249.0,272.0,167.0,False,SOFT,1.0,True,,0 days 00:55:59.254000,2026-06-12 12:11:00.254,1,,False,,False,False,,
406,0 days 01:05:46.977000,FOR,67,0 days 00:01:17.216000,14.0,8.0,,,22.584,31.338,23.294,0 days 01:04:52.345000,0 days 01:05:23.683000,0 days 01:05:46.977000,272.0,283.0,271.0,324.0,True,SOFT,2.0,True,,0 days 01:04:29.761000,2026-06-12 12:19:30.761,1,,False,,False,True,77.216,77.216
407,0 days 01:07:35.659000,FOR,67,0 days 00:01:48.682000,15.0,8.0,,,31.532,44.567,32.583,0 days 01:06:18.509000,0 days 01:07:03.076000,0 days 01:07:35.659000,169.0,126.0,201.0,224.0,False,SOFT,3.0,True,,0 days 01:05:46.977000,2026-06-12 12:20:47.977,1,,False,,False,True,108.682,108.682
408,0 days 01:09:30.861000,FOR,67,0 days 00:01:55.202000,16.0,8.0,,,31.021,46.631,37.55,0 days 01:08:06.680000,0 days 01:08:53.311000,0 days 01:09:30.861000,160.0,98.0,271.0,249.0,False,SOFT,4.0,True,,0 days 01:07:35.659000,2026-06-12 12:22:36.659,1,,False,,False,True,115.202,115.202
409,0 days 01:11:06.969000,FOR,67,0 days 00:01:36.108000,17.0,8.0,,,27.751,39.937,28.42,0 days 01:09:58.612000,0 days 01:10:38.549000,0 days 01:11:06.969000,223.0,207.0,274.0,292.0,False,SOFT,5.0,True,,0 days 01:09:30.861000,2026-06-12 12:24:31.861,1,,False,,False,True,96.108,96.108
410,0 days 01:12:26.159000,FOR,67,0 days 00:01:19.190000,18.0,8.0,,,22.835,32.35,24.005,0 days 01:11:29.804000,0 days 01:12:02.154000,0 days 01:12:26.159000,265.0,234.0,272.0,326.0,False,SOFT,6.0,True,,0 days 01:11:06.969000,2026-06-12 12:26:07.969,1,,False,,False,True,79.19,79.19
411,0 days 01:13:50.824000,FOR,67,0 days 00:01:24.665000,19.0,8.0,,,24.562,34.934,25.169,0 days 01:12:50.721000,0 days 01:13:25.655000,0 days 01:13:50.824000,236.0,259.0,298.0,295.0,False,SOFT,7.0,True,,0 days 01:12:26.159000,2026-06-12 12:27:27.159,1,,False,,False,True,84.665,84.66499999999999
412,0 days 01:15:11.066000,FOR,67,0 days 00:01:20.242000,20.0,8.0,,,23.236,32.842,24.164,0 days 01:14:14.060000,0 days 01:14:46.902000,0 days 01:15:11.066000,243.0,255.0,297.0,325.0,False,SOFT,8.0,True,,0 days 01:13:50.824000,2026-06-12 12:28:51.824,1,,False,,False,True,80.242,80.242
413,0 days 01:17:07.897000,FOR,67,0 days 00:01:56.831000,21.0,8.0,,,31.979,38.722,46.13,0 days 01:15:43.045000,0 days 01:16:21.767000,0 days 01:17:07.897000,181.0,181.0,90.0,217.0,False,SOFT,9.0,True,,0 days 01:15:11.066000,2026-06-12 12:30:12.066,1,,False,,False,True,116.831,116.831
414,0 days 01:19:19.343000,FOR,67,0 days 00:02:11.446000,22.0,8.0,,0 days 01:19:16.009000,57.602,40.938,32.906,0 days 01:18:05.499000,0 days 01:18:46.437000,0 days 01:19:19.343000,159.0,216.0,,264.0,False,SOFT,10.0,True,,0 days 01:17:07.897000,2026-06-12 12:32:08.897,1,,False,,False,False,131.446,131.446
415,0 days 00:19:32.249000,VES,72,,1.0,1.0,0 days 00:17:34.006000,0 days 00:19:29.437000,,44.75,36.955,,0 days 00:18:55.410000,0 days 00:19:32.249000,169.0,174.0,,121.0,False,MEDIUM,1.0,True,,0 days 00:17:34.006000,2026-06-12 11:32:35.006,1,,False,,False,False,,
416,0 days 00:24:01.457000,VES,72,,2.0,2.0,0 days 00:22:07.320000,,,38.37,26.329,,0 days 00:23:35.411000,0 days 00:24:01.691000,183.0,236.0,255.0,235.0,False,MEDIUM,2.0,False,,0 days 00:19:32.249000,2026-06-12 11:34:33.249,1,,False,,False,False,,
417,0 days 00:25:21.361000,VES,72,0 days 00:01:19.904000,3.0,2.0,,,23.412,32.049,24.443,0 days 00:24:24.869000,0 days 00:24:56.918000,0 days 00:25:21.361000,257.0,276.0,293.0,320.0,True,MEDIUM,3.0,False,,0 days 00:24:01.457000,2026-06-12 11:39:02.457,1,,False,,False,True,79.904,79.904
418,0 days 00:27:16.468000,VES,72,0 days 00:01:55.107000,4.0,2.0,,,32.031,47.552,35.524,0 days 00:25:53.392000,0 days 00:26:40.944000,0 days 00:27:16.468000,146.0,189.0,189.0,296.0,False,MEDIUM,4.0,False,,0 days 00:25:21.361000,2026-06-12 11:40:22.361,1,,False,,False,True,115.107,115.107
419,0 days 00:29:18.575000,VES,72,0 days 00:02:02.107000,5.0,2.0,,,37.313,57.218,27.576,0 days 00:27:53.781000,0 days 00:28:50.999000,0 days 00:29:18.575000,115.0,172.0,263.0,188.0,False,MEDIUM,5.0,False,,0 days 00:27:16.468000,2026-06-12 11:42:17.468,1,,False,,False,True,122.107,122.107
420,0 days 00:31:02.972000,VES,72,0 days 00:01:44.397000,6.0,2.0,,0 days 00:31:00.223000,27.788,42.859,33.75,0 days 00:29:46.363000,0 days 00:30:29.222000,0 days 00:31:02.972000,164.0,182.0,,322.0,False,MEDIUM,6.0,False,,0 days 00:29:18.575000,2026-06-12 11:44:19.575,1,,False,,False,False,104.397,104.397
421,0 days 00:38:00.650000,VES,72,,7.0,3.0,0 days 00:36:23.099000,,,40.014,26.149,,0 days 00:37:34.778000,0 days 00:38:00.852000,195.0,227.0,272.0,147.0,False,SOFT,1.0,True,,0 days 00:31:02.972000,2026-06-12 11:46:03.972,1,,False,,False,False,,
422,0 days 00:39:19.813000,VES,72,0 days 00:01:19.163000,8.0,3.0,,,23.113,32.003,24.047,0 days 00:38:23.763000,0 days 00:38:55.766000,0 days 00:39:19.813000,265.0,265.0,294.0,307.0,True,SOFT,2.0,True,,0 days 00:38:00.650000,2026-06-12 11:53:01.650,1,,False,,False,True,79.163,79.163
423,0 days 00:41:33.270000,VES,72,0 days 00:02:13.457000,9.0,3.0,,,34.118,58.666,40.673,0 days 00:39:53.931000,0 days 00:40:52.597000,0 days 00:41:33.270000,96.0,108.0,186.0,286.0,False,SOFT,3.0,True,,0 days 00:39:19.813000,2026-06-12 11:54:20.813,1,,False,,False,True,133.457,133.457
424,0 days 00:43:44.536000,VES,72,0 days 00:02:11.266000,10.0,3.0,,,39.247,62.669,29.35,0 days 00:42:12.517000,0 days 00:43:15.186000,0 days 00:43:44.536000,130.0,218.0,258.0,170.0,False,SOFT,4.0,True,,0 days 00:41:33.270000,2026-06-12 11:56:34.270,1,,False,,False,True,131.266,131.266
425,0 days 00:45:02.983000,VES,72,0 days 00:01:18.447000,11.0,3.0,,,23.18,31.7,23.567,0 days 00:44:07.716000,0 days 00:44:39.416000,0 days 00:45:02.983000,261.0,274.0,298.0,316.0,True,SOFT,5.0,True,,0 days 00:43:44.536000,2026-06-12 11:58:45.536,12,,False,,False,True,78.447,78.447
426,0 days 00:47:11.682000,VES,72,0 days 00:02:08.699000,12.0,3.0,,,33.347,54.472,40.88,0 days 00:45:36.330000,0 days 00:46:30.802000,0 days 00:47:11.682000,144.0,175.0,153.0,295.0,False,SOFT,6.0,True,,0 days 00:45:02.983000,2026-06-12 12:00:03.983,21,,False,,False,True,128.699,128.699
427,0 days 00:49:23.918000,VES,72,0 days 00:02:12.236000,13.0,3.0,,,43.254,56.999,31.983,0 days 00:47:54.936000,0 days 00:48:51.935000,0 days 00:49:23.918000,128.0,206.0,263.0,167.0,False,SOFT,7.0,True,,0 days 00:47:11.682000,2026-06-12 12:02:12.682,1,,False,,False,True,132.236,132.236
428,0 days 00:50:42.283000,VES,72,0 days 00:01:18.365000,14.0,3.0,,,23.212,31.606,23.547,0 days 00:49:47.130000,0 days 00:50:18.736000,0 days 00:50:42.283000,262.0,272.0,298.0,311.0,True,SOFT,8.0,True,,0 days 00:49:23.918000,2026-06-12 12:04:24.918,1,,False,,False,True,78.365,78.365
429,0 days 00:52:31.495000,VES,72,0 days 00:01:49.212000,15.0,3.0,,0 days 00:52:28.782000,31.656,43.252,34.304,0 days 00:51:13.939000,0 days 00:51:57.191000,0 days 00:52:31.495000,147.0,197.0,,292.0,False,SOFT,9.0,True,,0 days 00:50:42.283000,2026-06-12 12:05:43.283,1,,False,,False,False,109.212,109.212
430,0 days 00:59:06.019000,VES,72,,16.0,4.0,0 days 00:57:18.338000,,,34.563,26.762,,0 days 00:58:39.399000,0 days 00:59:06.087000,222.0,266.0,290.0,243.0,False,SOFT,10.0,False,,0 days 00:52:31.495000,2026-06-12 12:07:32.495,1,,False,,False,False,,
431,0 days 01:00:29.489000,VES,72,0 days 00:01:23.470000,17.0,4.0,,,24.244,33.941,25.285,0 days 00:59:30.263000,0 days 01:00:04.204000,0 days 01:00:29.489000,250.0,231.0,291.0,305.0,False,SOFT,11.0,False,,0 days 00:59:06.019000,2026-06-12 12:14:07.019,1,,False,,False,True,83.47,83.47
432,0 days 01:01:52.399000,VES,72,0 days 00:01:22.910000,18.0,4.0,,,23.646,33.905,25.359,0 days 01:00:53.135000,0 days 01:01:27.040000,0 days 01:01:52.399000,255.0,242.0,294.0,315.0,False,SOFT,12.0,False,,0 days 01:00:29.489000,2026-06-12 12:15:30.489,1,,False,,False,True,82.91,82.91
433,0 days 01:03:14.482000,VES,72,0 days 00:01:22.083000,19.0,4.0,,,23.495,33.421,25.167,0 days 01:02:15.894000,0 days 01:02:49.315000,0 days 01:03:14.482000,243.0,253.0,294.0,323.0,False,SOFT,13.0,False,,0 days 01:01:52.399000,2026-06-12 12:16:53.399,1,,False,,False,True,82.083,82.083
434,0 days 01:04:36.887000,VES,72,0 days 00:01:22.405000,20.0,4.0,,,23.696,33.514,25.195,0 days 01:03:38.178000,0 days 01:04:11.692000,0 days 01:04:36.887000,248.0,262.0,294.0,317.0,False,SOFT,14.0,False,,0 days 01:03:14.482000,2026-06-12 12:18:15.482,1,,False,,False,True,82.405,82.405
435,0 days 01:05:59.734000,VES,72,0 days 00:01:22.847000,21.0,4.0,,,23.785,33.7,25.362,0 days 01:05:00.672000,0 days 01:05:34.372000,0 days 01:05:59.734000,254.0,242.0,295.0,318.0,False,SOFT,15.0,False,,0 days 01:04:36.887000,2026-06-12 12:19:37.887,1,,False,,False,True,82.847,82.847
436,0 days 01:07:22.980000,VES,72,0 days 00:01:23.246000,22.0,4.0,,,23.766,34.04,25.44,0 days 01:06:23.500000,0 days 01:06:57.540000,0 days 01:07:22.980000,245.0,245.0,297.0,331.0,False,SOFT,16.0,False,,0 days 01:05:59.734000,2026-06-12 12:21:00.734,1,,False,,False,True,83.246,83.246
437,0 days 01:08:50.729000,VES,72,0 days 00:01:27.749000,23.0,4.0,,,26.852,34.735,26.162,0 days 01:07:49.832000,0 days 01:08:24.567000,0 days 01:08:50.729000,232.0,205.0,295.0,338.0,False,SOFT,17.0,False,,0 days 01:07:22.980000,2026-06-12 12:22:23.980,1,,False,,False,True,87.749,87.749
438,0 days 01:10:15.276000,VES,72,0 days 00:01:24.547000,24.0,4.0,,,24.51,34.199,25.838,0 days 01:09:15.239000,0 days 01:09:49.438000,0 days 01:10:15.276000,249.0,240.0,293.0,333.0,False,SOFT,18.0,False,,0 days 01:08:50.729000,2026-06-12 12:23:51.729,1,,False,,False,True,84.547,84.547
439,0 days 01:11:50.467000,VES,72,0 days 00:01:35.191000,25.0,4.0,,0 days 01:11:47.606000,23.947,35.744,35.5,0 days 01:10:39.223000,0 days 01:11:14.967000,0 days 01:11:50.467000,237.0,206.0,,328.0,False,SOFT,19.0,False,,0 days 01:10:15.276000,2026-06-12 12:25:16.276,1,,False,,False,False,95.191,95.191
440,0 days 01:16:12.833000,VES,72,,26.0,5.0,0 days 01:14:04.857000,,,40.897,34.392,,0 days 01:15:38.441000,0 days 01:16:12.927000,180.0,183.0,262.0,238.0,False,SOFT,20.0,False,,0 days 01:11:50.467000,2026-06-12 12:26:51.467,1,,False,,False,False,,
441,0 days 01:18:52.464000,VES,72,,27.0,5.0,,,30.633,48.284,80.848,0 days 01:16:43.480000,0 days 01:17:31.826000,0 days 01:18:52.590000,145.0,185.0,3.0,298.0,False,SOFT,21.0,False,,0 days 01:16:12.833000,2026-06-12 12:31:13.833,1,,False,,False,False,,159.765
442,0 days 01:20:44.589000,VES,72,0 days 00:01:52.125000,28.0,5.0,,0 days 01:20:41.823000,29.334,43.519,39.272,0 days 01:19:21.798000,0 days 01:20:05.317000,0 days 01:20:44.589000,202.0,142.0,,277.0,False,SOFT,22.0,False,,0 days 01:18:52.464000,2026-06-12 12:33:53.464,1,,False,,False,False,112.125,112.125
443,0 days 00:17:32.663000,BOT,77,,1.0,1.0,0 days 00:15:40.124000,0 days 00:17:29.804000,,43.153,38.463,,0 days 00:16:54.394000,0 days 00:17:32.663000,189.0,174.0,,208.0,False,MEDIUM,1.0,True,Cadillac,0 days 00:15:40.124000,2026-06-12 11:30:41.124,1,,False,,False,False,,
444,0 days 00:29:08.144000,BOT,77,,2.0,2.0,0 days 00:27:25.338000,,,40.946,27.066,,0 days 00:28:41.152000,0 days 00:29:08.247000,168.0,201.0,283.0,157.0,False,MEDIUM,2.0,False,Cadillac,0 days 00:17:32.663000,2026-06-12 11:32:33.663,1,,False,,False,False,,
445,0 days 00:30:29.340000,BOT,77,0 days 00:01:21.196000,3.0,2.0,,,23.422,32.701,25.073,0 days 00:29:31.566000,0 days 00:30:04.267000,0 days 00:30:29.340000,256.0,259.0,263.0,315.0,False,MEDIUM,3.0,False,Cadillac,0 days 00:29:08.144000,2026-06-12 11:44:09.144,1,,True,TRACK LIMITS AT TURN 9 LAP 4 ,False,True,81.196,81.196
446,0 days 00:32:29.757000,BOT,77,0 days 00:02:00.417000,4.0,2.0,,0 days 00:32:26.943000,34.089,45.299,41.029,0 days 00:31:03.429000,0 days 00:31:48.728000,0 days 00:32:29.757000,157.0,167.0,,241.0,False,MEDIUM,4.0,False,Cadillac,0 days 00:30:29.340000,2026-06-12 11:45:30.340,1,,False,,False,False,120.417,120.417
447,0 days 00:35:10.413000,BOT,77,,5.0,3.0,0 days 00:33:18.070000,,84.383,45.27,31.015,0 days 00:33:54.214000,0 days 00:34:39.578000,0 days 00:35:10.467000,172.0,200.0,285.0,108.0,False,MEDIUM,5.0,False,Cadillac,0 days 00:32:29.757000,2026-06-12 11:47:30.757,1,,False,,False,False,,160.668
448,0 days 00:36:30.506000,BOT,77,0 days 00:01:20.093000,6.0,3.0,,,23.408,32.139,24.546,0 days 00:35:33.821000,0 days 00:36:05.960000,0 days 00:36:30.506000,258.0,272.0,269.0,317.0,True,MEDIUM,6.0,False,Cadillac,0 days 00:35:10.413000,2026-06-12 11:50:11.413,1,,False,,False,True,80.093,80.093
449,0 days 00:38:43.083000,BOT,77,0 days 00:02:12.577000,7.0,3.0,,,33.62,59.055,39.902,0 days 00:37:04.126000,0 days 00:38:03.181000,0 days 00:38:43.083000,128.0,157.0,205.0,282.0,False,MEDIUM,7.0,False,Cadillac,0 days 00:36:30.506000,2026-06-12 11:51:31.506,1,,False,,False,True,132.577,132.577
450,0 days 00:40:34.380000,BOT,77,0 days 00:01:51.297000,8.0,3.0,,,34.255,48.039,29.003,0 days 00:39:17.338000,0 days 00:40:05.377000,0 days 00:40:34.380000,131.0,166.0,286.0,201.0,False,MEDIUM,8.0,False,Cadillac,0 days 00:38:43.083000,2026-06-12 11:53:44.083,1,,False,,False,True,111.297,111.297
451,0 days 00:41:55.229000,BOT,77,0 days 00:01:20.849000,9.0,3.0,,,23.377,32.292,25.18,0 days 00:40:57.757000,0 days 00:41:30.049000,0 days 00:41:55.229000,266.0,278.0,251.0,314.0,False,MEDIUM,9.0,False,Cadillac,0 days 00:40:34.380000,2026-06-12 11:55:35.380,1,,False,,False,True,80.849,80.84899999999999
452,0 days 00:43:41.578000,BOT,77,0 days 00:01:46.349000,10.0,3.0,,0 days 00:43:38.690000,29.895,37.832,38.622,0 days 00:42:25.124000,0 days 00:43:02.956000,0 days 00:43:41.578000,169.0,174.0,,276.0,False,MEDIUM,10.0,False,Cadillac,0 days 00:41:55.229000,2026-06-12 11:56:56.229,1,,False,,False,False,106.349,106.349
453,0 days 01:00:16.111000,BOT,77,,11.0,4.0,0 days 00:58:26.773000,,,44.141,28.174,,0 days 00:59:48.201000,0 days 01:00:16.192000,165.0,210.0,289.0,140.0,False,SOFT,1.0,True,Cadillac,0 days 00:43:41.578000,2026-06-12 11:58:42.578,12,,False,,False,False,,
454,0 days 01:01:35.025000,BOT,77,0 days 00:01:18.914000,12.0,4.0,,,23.101,31.785,24.028,0 days 01:00:39.212000,0 days 01:01:10.997000,0 days 01:01:35.025000,267.0,261.0,291.0,318.0,True,SOFT,2.0,True,Cadillac,0 days 01:00:16.111000,2026-06-12 12:15:17.111,1,,False,,False,True,78.914,78.91399999999999
455,0 days 01:03:40.265000,BOT,77,0 days 00:02:05.240000,13.0,4.0,,,34.433,55.49,35.317,0 days 01:02:09.458000,0 days 01:03:04.948000,0 days 01:03:40.265000,164.0,141.0,199.0,205.0,False,SOFT,3.0,True,Cadillac,0 days 01:01:35.025000,2026-06-12 12:16:36.025,1,,False,,False,True,125.24,125.24
456,0 days 01:05:40.394000,BOT,77,0 days 00:02:00.129000,14.0,4.0,,,38.791,52.293,29.045,0 days 01:04:19.056000,0 days 01:05:11.349000,0 days 01:05:40.394000,134.0,117.0,282.0,177.0,False,SOFT,4.0,True,Cadillac,0 days 01:03:40.265000,2026-06-12 12:18:41.265,1,,False,,False,True,120.129,120.129
457,0 days 01:06:59.814000,BOT,77,0 days 00:01:19.420000,15.0,4.0,,,23.195,31.925,24.3,0 days 01:06:03.589000,0 days 01:06:35.514000,0 days 01:06:59.814000,261.0,276.0,290.0,314.0,False,SOFT,5.0,True,Cadillac,0 days 01:05:40.394000,2026-06-12 12:20:41.394,1,,False,,False,True,79.42,79.42
458,0 days 01:08:37.107000,BOT,77,0 days 00:01:37.293000,16.0,4.0,,,29.259,38.358,29.676,0 days 01:07:29.073000,0 days 01:08:07.431000,0 days 01:08:37.107000,212.0,207.0,291.0,287.0,False,SOFT,6.0,True,Cadillac,0 days 01:06:59.814000,2026-06-12 12:22:00.814,1,,False,,False,True,97.293,97.293
459,0 days 01:09:58.352000,BOT,77,0 days 00:01:21.245000,17.0,4.0,,,23.717,32.884,24.644,0 days 01:09:00.824000,0 days 01:09:33.708000,0 days 01:09:58.352000,252.0,275.0,292.0,320.0,False,SOFT,7.0,True,Cadillac,0 days 01:08:37.107000,2026-06-12 12:23:38.107,1,,False,,False,True,81.245,81.245
460,0 days 01:11:20.161000,BOT,77,0 days 00:01:21.809000,18.0,4.0,,,23.829,33.026,24.954,0 days 01:10:22.181000,0 days 01:10:55.207000,0 days 01:11:20.161000,260.0,270.0,291.0,319.0,False,SOFT,8.0,True,Cadillac,0 days 01:09:58.352000,2026-06-12 12:24:59.352,1,,False,,False,True,81.809,81.809
461,0 days 01:12:43.814000,BOT,77,0 days 00:01:23.653000,19.0,4.0,,,24.613,33.823,25.217,0 days 01:11:44.774000,0 days 01:12:18.597000,0 days 01:12:43.814000,244.0,260.0,291.0,316.0,False,SOFT,9.0,True,Cadillac,0 days 01:11:20.161000,2026-06-12 12:26:21.161,1,,False,,False,True,83.653,83.65299999999999
462,0 days 01:14:06.560000,BOT,77,0 days 00:01:22.746000,20.0,4.0,,,23.983,33.606,25.157,0 days 01:13:07.797000,0 days 01:13:41.403000,0 days 01:14:06.560000,257.0,271.0,293.0,323.0,False,SOFT,10.0,True,Cadillac,0 days 01:12:43.814000,2026-06-12 12:27:44.814,1,,False,,False,True,82.746,82.746
463,0 days 01:15:29.754000,BOT,77,0 days 00:01:23.194000,21.0,4.0,,,24.036,33.832,25.326,0 days 01:14:30.596000,0 days 01:15:04.428000,0 days 01:15:29.754000,257.0,267.0,291.0,319.0,False,SOFT,11.0,True,Cadillac,0 days 01:14:06.560000,2026-06-12 12:29:07.560,1,,False,,False,True,83.194,83.194
464,0 days 01:17:23.369000,BOT,77,0 days 00:01:53.615000,22.0,4.0,,,28.949,40.555,44.111,0 days 01:15:58.703000,0 days 01:16:39.258000,0 days 01:17:23.369000,170.0,231.0,63.0,238.0,False,SOFT,12.0,True,Cadillac,0 days 01:15:29.754000,2026-06-12 12:30:30.754,1,,False,,False,True,113.615,113.615
465,0 days 01:19:32.889000,BOT,77,0 days 00:02:09.520000,23.0,4.0,,0 days 01:19:30.226000,54.615,40.094,34.811,0 days 01:18:17.984000,0 days 01:18:58.078000,0 days 01:19:32.889000,230.0,168.0,,295.0,False,SOFT,13.0,True,Cadillac,0 days 01:17:23.369000,2026-06-12 12:32:24.369,1,,False,,False,False,129.52,129.52
466,0 days 00:18:32.318000,PIA,81,,1.0,1.0,0 days 00:16:51.223000,,,37.634,29.177,,0 days 00:18:03.411000,0 days 00:18:32.546000,148.0,207.0,291.0,153.0,False,MEDIUM,1.0,True,McLaren,0 days 00:16:51.223000,2026-06-12 11:31:52.223,1,,False,,False,False,,
467,0 days 00:19:51.203000,PIA,81,0 days 00:01:18.885000,2.0,1.0,,,23.171,31.748,23.966,0 days 00:18:55.489000,0 days 00:19:27.237000,0 days 00:19:51.203000,248.0,261.0,286.0,318.0,True,MEDIUM,2.0,True,McLaren,0 days 00:18:32.318000,2026-06-12 11:33:33.318,1,,False,,False,True,78.885,78.88499999999999
468,0 days 00:21:41.626000,PIA,81,0 days 00:01:50.423000,3.0,1.0,,,36.661,47.054,26.708,0 days 00:20:27.864000,0 days 00:21:14.918000,0 days 00:21:41.626000,156.0,191.0,296.0,187.0,False,MEDIUM,3.0,True,McLaren,0 days 00:19:51.203000,2026-06-12 11:34:52.203,1,,False,,False,True,110.423,110.423
469,0 days 00:22:59.245000,PIA,81,0 days 00:01:17.619000,4.0,1.0,,,22.573,31.233,23.813,0 days 00:22:04.199000,0 days 00:22:35.432000,0 days 00:22:59.245000,277.0,278.0,278.0,323.0,True,MEDIUM,4.0,True,McLaren,0 days 00:21:41.626000,2026-06-12 11:36:42.626,1,,False,,False,True,77.619,77.619
470,0 days 00:24:52.420000,PIA,81,0 days 00:01:53.175000,5.0,1.0,,,35.41,45.458,32.307,0 days 00:23:34.655000,0 days 00:24:20.113000,0 days 00:24:52.420000,167.0,189.0,171.0,185.0,False,MEDIUM,5.0,True,McLaren,0 days 00:22:59.245000,2026-06-12 11:38:00.245,1,,False,,False,True,113.175,113.175
471,0 days 00:26:33.554000,PIA,81,0 days 00:01:41.134000,6.0,1.0,,,36.729,37.39,27.015,0 days 00:25:29.149000,0 days 00:26:06.539000,0 days 00:26:33.554000,172.0,203.0,294.0,156.0,False,MEDIUM,6.0,True,McLaren,0 days 00:24:52.420000,2026-06-12 11:39:53.420,1,,False,,False,True,101.134,101.134
472,0 days 00:27:51.109000,PIA,81,0 days 00:01:17.555000,7.0,1.0,,,22.341,31.496,23.718,0 days 00:26:55.895000,0 days 00:27:27.391000,0 days 00:27:51.109000,279.0,280.0,272.0,328.0,True,MEDIUM,7.0,True,McLaren,0 days 00:26:33.554000,2026-06-12 11:41:34.554,1,,False,,False,True,77.555,77.555
473,0 days 00:29:38.835000,PIA,81,0 days 00:01:47.726000,8.0,1.0,,0 days 00:29:36.160000,30.273,43.159,34.294,0 days 00:28:21.382000,0 days 00:29:04.541000,0 days 00:29:38.835000,193.0,195.0,,231.0,False,MEDIUM,8.0,True,McLaren,0 days 00:27:51.109000,2026-06-12 11:42:52.109,1,,False,,False,False,107.726,107.726
474,0 days 00:32:06.288000,PIA,81,0 days 00:02:27.453000,9.0,2.0,0 days 00:30:15.794000,,70.337,43.048,34.068,0 days 00:30:49.172000,0 days 00:31:32.220000,0 days 00:32:06.288000,193.0,117.0,294.0,218.0,False,MEDIUM,9.0,False,McLaren,0 days 00:29:38.835000,2026-06-12 11:44:39.835,1,,False,,False,False,147.453,147.453
475,0 days 00:33:23.955000,PIA,81,0 days 00:01:17.667000,10.0,2.0,,,22.45,31.543,23.674,0 days 00:32:28.738000,0 days 00:33:00.281000,0 days 00:33:23.955000,270.0,283.0,272.0,326.0,False,MEDIUM,10.0,False,McLaren,0 days 00:32:06.288000,2026-06-12 11:47:07.288,1,,False,,False,True,77.667,77.667
476,0 days 00:35:21.961000,PIA,81,0 days 00:01:58.006000,11.0,2.0,,,36.467,47.274,34.265,0 days 00:34:00.422000,0 days 00:34:47.696000,0 days 00:35:21.961000,138.0,134.0,189.0,169.0,False,MEDIUM,11.0,False,McLaren,0 days 00:33:23.955000,2026-06-12 11:48:24.955,1,,False,,False,True,118.006,118.006
477,0 days 00:37:02.106000,PIA,81,0 days 00:01:40.145000,12.0,2.0,,,34.969,39.412,25.764,0 days 00:35:56.930000,0 days 00:36:36.342000,0 days 00:37:02.106000,185.0,221.0,296.0,191.0,False,MEDIUM,12.0,False,McLaren,0 days 00:35:21.961000,2026-06-12 11:50:22.961,1,,False,,False,True,100.145,100.145
478,0 days 00:38:19.829000,PIA,81,0 days 00:01:17.723000,13.0,2.0,,,22.452,31.394,23.877,0 days 00:37:24.558000,0 days 00:37:55.952000,0 days 00:38:19.829000,273.0,286.0,284.0,325.0,False,MEDIUM,13.0,False,McLaren,0 days 00:37:02.106000,2026-06-12 11:52:03.106,1,,False,,False,True,77.723,77.723
479,0 days 00:39:54.005000,PIA,81,0 days 00:01:34.176000,14.0,2.0,,0 days 00:39:51.266000,27.491,36.262,30.423,0 days 00:38:47.320000,0 days 00:39:23.582000,0 days 00:39:54.005000,211.0,231.0,,283.0,False,MEDIUM,14.0,False,McLaren,0 days 00:38:19.829000,2026-06-12 11:53:20.829,1,,False,,False,False,94.176,94.176
480,0 days 00:50:05.037000,PIA,81,,15.0,3.0,0 days 00:48:29.835000,,,38.164,25.64,,0 days 00:49:39.491000,0 days 00:50:05.175000,223.0,235.0,294.0,160.0,False,SOFT,1.0,True,McLaren,0 days 00:39:54.005000,2026-06-12 11:54:55.005,12,,False,,False,False,,
481,0 days 00:51:21.603000,PIA,81,0 days 00:01:16.566000,16.0,3.0,,,22.225,31.068,23.273,0 days 00:50:27.262000,0 days 00:50:58.330000,0 days 00:51:21.603000,276.0,283.0,276.0,323.0,True,SOFT,2.0,True,McLaren,0 days 00:50:05.037000,2026-06-12 12:05:06.037,1,,False,,False,True,76.566,76.566
482,0 days 00:53:11.330000,PIA,81,0 days 00:01:49.727000,17.0,3.0,,0 days 00:53:08.391000,32.699,41.762,35.266,0 days 00:51:54.302000,0 days 00:52:36.064000,0 days 00:53:11.330000,180.0,188.0,,189.0,False,SOFT,3.0,True,McLaren,0 days 00:51:21.603000,2026-06-12 12:06:22.603,1,,False,,False,False,109.727,109.727
483,0 days 00:55:34.335000,PIA,81,0 days 00:02:23.005000,18.0,4.0,0 days 00:53:45.955000,,67.564,42.209,33.232,0 days 00:54:18.894000,0 days 00:55:01.103000,0 days 00:55:34.335000,182.0,210.0,293.0,161.0,False,SOFT,4.0,False,McLaren,0 days 00:53:11.330000,2026-06-12 12:08:12.330,1,,False,,False,False,143.005,143.005
484,0 days 00:56:51.798000,PIA,81,0 days 00:01:17.463000,19.0,4.0,,,22.214,31.691,23.558,0 days 00:55:56.549000,0 days 00:56:28.240000,0 days 00:56:51.798000,281.0,287.0,275.0,326.0,False,SOFT,5.0,False,McLaren,0 days 00:55:34.335000,2026-06-12 12:10:35.335,1,,False,,False,True,77.463,77.463
485,0 days 00:58:33.557000,PIA,81,0 days 00:01:41.759000,20.0,4.0,,0 days 00:58:30.660000,27.814,40.373,33.572,0 days 00:57:19.612000,0 days 00:57:59.985000,0 days 00:58:33.557000,200.0,198.0,,272.0,False,SOFT,6.0,False,McLaren,0 days 00:56:51.798000,2026-06-12 12:11:52.798,1,,False,,False,False,101.759,101.759
486,0 days 01:08:49.188000,PIA,81,,21.0,5.0,0 days 01:07:01.321000,,,33.566,24.728,,0 days 01:08:24.618000,0 days 01:08:49.276000,235.0,261.0,298.0,252.0,False,SOFT,7.0,False,McLaren,0 days 00:58:33.557000,2026-06-12 12:13:34.557,1,,False,,False,False,,
487,0 days 01:10:11.447000,PIA,81,0 days 00:01:22.259000,22.0,5.0,,,23.624,33.653,24.982,0 days 01:09:12.812000,0 days 01:09:46.465000,0 days 01:10:11.447000,256.0,274.0,296.0,317.0,False,SOFT,8.0,False,McLaren,0 days 01:08:49.188000,2026-06-12 12:23:50.188,1,,False,,False,True,82.259,82.259
488,0 days 01:11:32.648000,PIA,81,0 days 00:01:21.201000,23.0,5.0,,,23.497,33.001,24.703,0 days 01:10:34.944000,0 days 01:11:07.945000,0 days 01:11:32.648000,265.0,271.0,296.0,330.0,False,SOFT,9.0,False,McLaren,0 days 01:10:11.447000,2026-06-12 12:25:12.447,1,,False,,False,True,81.201,81.201
489,0 days 01:12:53.067000,PIA,81,0 days 00:01:20.419000,24.0,5.0,,,23.369,32.683,24.367,0 days 01:11:56.017000,0 days 01:12:28.700000,0 days 01:12:53.067000,264.0,276.0,301.0,330.0,False,SOFT,10.0,False,McLaren,0 days 01:11:32.648000,2026-06-12 12:26:33.648,1,,False,,False,True,80.419,80.419
490,0 days 01:14:17.313000,PIA,81,0 days 00:01:24.246000,25.0,5.0,,0 days 01:14:14.566000,23.144,32.821,28.281,0 days 01:13:16.211000,0 days 01:13:49.032000,0 days 01:14:17.313000,270.0,270.0,,326.0,False,SOFT,11.0,False,McLaren,0 days 01:12:53.067000,2026-06-12 12:27:54.067,1,,False,,False,False,84.246,84.246
491,0 days 01:16:14.951000,PIA,81,0 days 00:01:57.638000,26.0,6.0,0 days 01:14:38.106000,,45.482,40.539,31.617,0 days 01:15:02.795000,0 days 01:15:43.334000,0 days 01:16:14.951000,247.0,176.0,201.0,259.0,False,MEDIUM,15.0,False,McLaren,0 days 01:14:17.313000,2026-06-12 12:29:18.313,1,,False,,False,False,117.638,117.638
492,0 days 01:18:16.738000,PIA,81,0 days 00:02:01.787000,27.0,6.0,,,33.121,40.739,47.927,0 days 01:16:48.072000,0 days 01:17:28.811000,0 days 01:18:16.738000,248.0,169.0,60.0,216.0,False,MEDIUM,16.0,False,McLaren,0 days 01:16:14.951000,2026-06-12 12:31:15.951,1,,False,,False,True,121.787,121.787
493,0 days 01:20:43.446000,PIA,81,0 days 00:02:26.708000,28.0,6.0,,,62.531,45.065,39.112,0 days 01:19:19.269000,0 days 01:20:04.334000,0 days 01:20:43.446000,171.0,167.0,72.0,295.0,False,MEDIUM,17.0,False,McLaren,0 days 01:18:16.738000,2026-06-12 12:33:17.738,1,,False,,False,True,146.708,146.708
494,0 days 01:22:46.364000,PIA,81,0 days 00:02:02.918000,29.0,6.0,,0 days 01:22:43.530000,59.689,34.401,28.828,0 days 01:21:43.135000,0 days 01:22:17.536000,0 days 01:22:46.364000,166.0,237.0,,290.0,False,MEDIUM,18.0,False,McLaren,0 days 01:20:43.446000,2026-06-12 12:35:44.446,1,,False,,False,False,122.918,122.918
495,0 days 00:17:00.438000,BEA,87,,1.0,1.0,0 days 00:15:08.680000,,,42.295,28.395,,0 days 00:16:32.085000,0 days 00:17:00.439000,163.0,187.0,277.0,153.0,False,HARD,1.0,True,Haas F1 Team,0 days 00:15:08.680000,2026-06-12 11:30:09.680,1,,False,,False,False,,
496,0 days 00:18:39.706000,BEA,87,0 days 00:01:39.268000,2.0,1.0,,0 days 00:18:36.705000,24.857,34.943,39.468,0 days 00:17:25.295000,0 days 00:18:00.238000,0 days 00:18:39.706000,225.0,240.0,,316.0,False,HARD,2.0,True,Haas F1 Team,0 days 00:17:00.438000,2026-06-12 11:32:01.438,1,,False,,False,False,99.268,99.268
497,0 days 00:26:03.890000,BEA,87,,3.0,2.0,0 days 00:24:18.643000,,,41.569,29.578,,0 days 00:25:34.640000,0 days 00:26:04.062000,172.0,206.0,282.0,170.0,False,HARD,3.0,False,Haas F1 Team,0 days 00:18:39.706000,2026-06-12 11:33:40.706,1,,False,,False,False,,
498,0 days 00:27:24.962000,BEA,87,0 days 00:01:21.072000,4.0,2.0,,,23.443,32.617,25.012,0 days 00:26:27.333000,0 days 00:26:59.950000,0 days 00:27:24.962000,246.0,260.0,265.0,327.0,True,HARD,4.0,False,Haas F1 Team,0 days 00:26:03.890000,2026-06-12 11:41:04.890,1,,False,,False,True,81.072,81.072
499,0 days 00:29:55.716000,BEA,87,,5.0,2.0,,,45.662,60.797,44.151,0 days 00:28:10.933000,0 days 00:29:11.747000,0 days 00:29:55.716000,107.0,113.0,150.0,145.0,False,HARD,5.0,False,Haas F1 Team,0 days 00:27:24.962000,2026-06-12 11:42:25.962,1,,False,,False,False,,150.61
500,0 days 00:31:58.291000,BEA,87,0 days 00:02:02.575000,6.0,2.0,,,42.159,45.583,34.833,0 days 00:30:37.875000,0 days 00:31:23.458000,0 days 00:31:58.291000,147.0,159.0,285.0,171.0,False,HARD,6.0,False,Haas F1 Team,0 days 00:29:55.716000,2026-06-12 11:44:56.716,1,,False,,False,True,122.575,122.575
501,0 days 00:33:18.782000,BEA,87,0 days 00:01:20.491000,7.0,2.0,,,23.493,32.344,24.654,0 days 00:32:21.784000,0 days 00:32:54.128000,0 days 00:33:18.782000,252.0,263.0,272.0,325.0,True,HARD,7.0,False,Haas F1 Team,0 days 00:31:58.291000,2026-06-12 11:46:59.291,1,,False,,False,True,80.491,80.491
502,0 days 00:35:53.379000,BEA,87,,8.0,2.0,,0 days 00:35:50.596000,45.954,61.2,47.516,0 days 00:34:04.940000,0 days 00:35:06.100000,0 days 00:35:53.379000,101.0,84.0,,136.0,False,HARD,8.0,False,Haas F1 Team,0 days 00:33:18.782000,2026-06-12 11:48:19.782,1,,False,,False,False,,154.67
503,0 days 00:38:15.786000,BEA,87,0 days 00:02:22.407000,9.0,3.0,0 days 00:36:25.974000,,73.012,41.341,28.054,0 days 00:37:06.391000,0 days 00:37:47.732000,0 days 00:38:15.786000,171.0,210.0,284.0,119.0,False,HARD,9.0,False,Haas F1 Team,0 days 00:35:53.379000,2026-06-12 11:50:54.379,1,,False,,False,False,142.407,142.407
504,0 days 00:39:36.058000,BEA,87,0 days 00:01:20.272000,10.0,3.0,,,23.309,32.391,24.572,0 days 00:38:39.095000,0 days 00:39:11.486000,0 days 00:39:36.058000,258.0,271.0,279.0,321.0,True,HARD,10.0,False,Haas F1 Team,0 days 00:38:15.786000,2026-06-12 11:53:16.786,1,,False,,False,True,80.272,80.272
505,0 days 00:41:58.482000,BEA,87,0 days 00:02:22.424000,11.0,3.0,,0 days 00:41:55.652000,34.86,59.542,48.022,0 days 00:40:10.918000,0 days 00:41:10.460000,0 days 00:41:58.482000,138.0,77.0,,235.0,False,HARD,11.0,False,Haas F1 Team,0 days 00:39:36.058000,2026-06-12 11:54:37.058,1,,False,,False,False,142.424,142.424
506,0 days 00:52:07.612000,BEA,87,,12.0,4.0,0 days 00:50:22.812000,,,43.021,28.042,,0 days 00:51:39.775000,0 days 00:52:07.819000,179.0,221.0,282.0,164.0,False,HARD,12.0,False,Haas F1 Team,0 days 00:41:58.482000,2026-06-12 11:56:59.482,12,,False,,False,False,,
507,0 days 00:53:27.766000,BEA,87,0 days 00:01:20.154000,13.0,4.0,,,23.391,32.288,24.475,0 days 00:52:31.003000,0 days 00:53:03.291000,0 days 00:53:27.766000,260.0,278.0,275.0,322.0,True,HARD,13.0,False,Haas F1 Team,0 days 00:52:07.612000,2026-06-12 12:07:08.612,1,,False,,False,True,80.154,80.154
508,0 days 00:55:49.869000,BEA,87,0 days 00:02:22.103000,14.0,4.0,,0 days 00:55:47.084000,42.935,54.428,44.74,0 days 00:54:10.701000,0 days 00:55:05.129000,0 days 00:55:49.869000,120.0,138.0,,180.0,False,HARD,14.0,False,Haas F1 Team,0 days 00:53:27.766000,2026-06-12 12:08:28.766,1,,False,,False,False,142.103,142.103
509,0 days 00:58:24.700000,BEA,87,,15.0,5.0,0 days 00:56:19.420000,,72.836,48.797,33.156,0 days 00:57:02.985000,0 days 00:57:51.645000,0 days 00:58:24.770000,141.0,204.0,284.0,131.0,False,HARD,15.0,False,Haas F1 Team,0 days 00:55:49.869000,2026-06-12 12:10:50.869,1,,False,,False,False,,154.789
510,0 days 00:59:44.645000,BEA,87,0 days 00:01:19.945000,16.0,5.0,,,23.269,32.295,24.381,0 days 00:58:47.969000,0 days 00:59:20.264000,0 days 00:59:44.645000,256.0,274.0,276.0,325.0,True,HARD,16.0,False,Haas F1 Team,0 days 00:58:24.700000,2026-06-12 12:13:25.700,1,,False,,False,True,79.945,79.945
511,0 days 01:01:34.480000,BEA,87,0 days 00:01:49.835000,17.0,5.0,,0 days 01:01:31.648000,29.829,45.198,34.808,0 days 01:00:14.474000,0 days 01:00:59.672000,0 days 01:01:34.480000,233.0,77.0,,228.0,False,HARD,17.0,False,Haas F1 Team,0 days 00:59:44.645000,2026-06-12 12:14:45.645,1,,False,,False,False,109.835,109.835
512,0 days 01:08:34.880000,BEA,87,,18.0,6.0,0 days 01:06:49.363000,,,43.999,28.51,,0 days 01:08:06.543000,0 days 01:08:34.958000,190.0,197.0,289.0,170.0,False,SOFT,1.0,True,Haas F1 Team,0 days 01:01:34.480000,2026-06-12 12:16:35.480,1,,False,,False,False,,
513,0 days 01:09:53.052000,BEA,87,0 days 00:01:18.172000,19.0,6.0,,,22.724,31.453,23.995,0 days 01:08:57.604000,0 days 01:09:29.057000,0 days 01:09:53.052000,269.0,279.0,275.0,326.0,True,SOFT,2.0,True,Haas F1 Team,0 days 01:08:34.880000,2026-06-12 12:23:35.880,1,,False,,False,True,78.172,78.172
514,0 days 01:11:52.707000,BEA,87,0 days 00:01:59.655000,20.0,6.0,,,41.907,50.783,26.965,0 days 01:10:34.959000,0 days 01:11:25.742000,0 days 01:11:52.707000,94.0,203.0,286.0,137.0,False,SOFT,3.0,True,Haas F1 Team,0 days 01:09:53.052000,2026-06-12 12:24:54.052,1,,False,,False,True,119.655,119.655
515,0 days 01:13:15.606000,BEA,87,0 days 00:01:22.899000,21.0,6.0,,,24.354,33.481,25.064,0 days 01:12:17.061000,0 days 01:12:50.542000,0 days 01:13:15.606000,242.0,258.0,294.0,320.0,False,SOFT,4.0,True,Haas F1 Team,0 days 01:11:52.707000,2026-06-12 12:26:53.707,1,,False,,False,True,82.899,82.899
516,0 days 01:14:37.717000,BEA,87,0 days 00:01:22.111000,22.0,6.0,,,23.932,33.193,24.986,0 days 01:13:39.538000,0 days 01:14:12.731000,0 days 01:14:37.717000,255.0,272.0,296.0,324.0,False,SOFT,5.0,True,Haas F1 Team,0 days 01:13:15.606000,2026-06-12 12:28:16.606,1,,False,,False,True,82.111,82.111
517,0 days 01:16:01.956000,BEA,87,0 days 00:01:24.239000,23.0,6.0,,,24.043,34.862,25.334,0 days 01:15:01.760000,0 days 01:15:36.622000,0 days 01:16:01.956000,244.0,255.0,292.0,322.0,False,SOFT,6.0,True,Haas F1 Team,0 days 01:14:37.717000,2026-06-12 12:29:38.717,1,,False,,False,True,84.239,84.239
518,0 days 01:17:52.292000,BEA,87,0 days 00:01:50.336000,24.0,6.0,,,28.899,44.797,36.64,0 days 01:16:30.855000,0 days 01:17:15.652000,0 days 01:17:52.292000,138.0,189.0,67.0,319.0,False,SOFT,7.0,True,Haas F1 Team,0 days 01:16:01.956000,2026-06-12 12:31:02.956,1,,False,,False,True,110.336,110.336
519,0 days 01:19:48.987000,BEA,87,0 days 00:01:56.695000,25.0,6.0,,0 days 01:19:46.065000,53.561,34.024,29.11,0 days 01:18:45.853000,0 days 01:19:19.877000,0 days 01:19:48.987000,239.0,257.0,,292.0,False,SOFT,8.0,True,Haas F1 Team,0 days 01:17:52.292000,2026-06-12 12:32:53.292,1,,False,,False,False,116.695,116.695
520,0 days 00:17:57.152000,ARO,97,,1.0,1.0,0 days 00:15:57.659000,,,45.629,33.536,,0 days 00:17:23.832000,0 days 00:17:57.190000,170.0,158.0,238.0,162.0,False,SOFT,1.0,True,,0 days 00:15:57.659000,2026-06-12 11:30:58.659,1,,False,,False,False,,
521,0 days 00:19:41.541000,ARO,97,0 days 00:01:44.389000,2.0,1.0,,0 days 00:19:38.641000,32.242,38.451,33.696,0 days 00:18:29.394000,0 days 00:19:07.845000,0 days 00:19:41.541000,218.0,210.0,,237.0,False,SOFT,2.0,True,,0 days 00:17:57.152000,2026-06-12 11:32:58.152,1,,False,,False,False,104.389,104.389
522,0 days 00:35:35.064000,ARO,97,,3.0,2.0,0 days 00:33:47.877000,,,44.709,28.976,,0 days 00:35:06.427000,0 days 00:35:35.225000,200.0,210.0,270.0,212.0,False,SOFT,3.0,False,,0 days 00:19:41.541000,2026-06-12 11:34:42.541,1,,False,,False,False,,
523,0 days 00:36:54.377000,ARO,97,0 days 00:01:19.313000,4.0,2.0,,,23.374,32.166,23.773,0 days 00:35:58.438000,0 days 00:36:30.604000,0 days 00:36:54.377000,263.0,260.0,278.0,331.0,True,SOFT,4.0,False,,0 days 00:35:35.064000,2026-06-12 11:50:36.064,1,,False,,False,True,79.313,79.31299999999999
524,0 days 00:39:03.173000,ARO,97,0 days 00:02:08.796000,5.0,2.0,,,37.057,54.129,37.61,0 days 00:37:31.434000,0 days 00:38:25.563000,0 days 00:39:03.173000,153.0,137.0,145.0,212.0,False,SOFT,5.0,False,,0 days 00:36:54.377000,2026-06-12 11:51:55.377,1,,False,,False,True,128.796,128.796
525,0 days 00:41:00.381000,ARO,97,0 days 00:01:57.208000,6.0,2.0,,,44.563,43.542,29.103,0 days 00:39:47.736000,0 days 00:40:31.278000,0 days 00:41:00.381000,100.0,223.0,275.0,147.0,False,SOFT,6.0,False,,0 days 00:39:03.173000,2026-06-12 11:54:04.173,1,,False,,False,True,117.208,117.208
526,0 days 00:42:18.896000,ARO,97,0 days 00:01:18.515000,7.0,2.0,,,23.007,31.933,23.575,0 days 00:41:23.388000,0 days 00:41:55.321000,0 days 00:42:18.896000,279.0,283.0,273.0,331.0,True,SOFT,7.0,False,,0 days 00:41:00.381000,2026-06-12 11:56:01.381,1,,False,,False,True,78.515,78.515
527,0 days 00:44:21.731000,ARO,97,0 days 00:02:02.835000,8.0,2.0,,,38.333,48.084,36.418,0 days 00:42:57.229000,0 days 00:43:45.313000,0 days 00:44:21.731000,96.0,204.0,203.0,177.0,False,SOFT,8.0,False,,0 days 00:42:18.896000,2026-06-12 11:57:19.896,1,,False,,False,True,122.835,122.835
528,0 days 00:46:14.895000,ARO,97,0 days 00:01:53.164000,9.0,2.0,,,37.667,45.277,30.22,0 days 00:44:59.398000,0 days 00:45:44.675000,0 days 00:46:14.895000,111.0,222.0,277.0,202.0,False,SOFT,9.0,False,,0 days 00:44:21.731000,2026-06-12 11:59:22.731,12,,False,,False,True,113.164,113.164
529,0 days 00:47:33.142000,ARO,97,0 days 00:01:18.247000,10.0,2.0,,,22.769,31.791,23.687,0 days 00:46:37.664000,0 days 00:47:09.455000,0 days 00:47:33.142000,272.0,280.0,271.0,334.0,True,SOFT,10.0,False,,0 days 00:46:14.895000,2026-06-12 12:01:15.895,1,,False,,False,True,78.247,78.247
530,0 days 00:49:18.182000,ARO,97,0 days 00:01:45.040000,11.0,2.0,,0 days 00:49:15.295000,32.12,40.121,32.799,0 days 00:48:05.262000,0 days 00:48:45.383000,0 days 00:49:18.182000,178.0,179.0,,197.0,False,SOFT,11.0,False,,0 days 00:47:33.142000,2026-06-12 12:02:34.142,1,,False,,False,False,105.04,105.04
531,0 days 00:58:27.860000,ARO,97,,12.0,3.0,0 days 00:56:30.406000,,,44.633,29.041,,0 days 00:57:59.004000,0 days 00:58:28.013000,202.0,224.0,278.0,81.0,False,SOFT,1.0,True,,0 days 00:49:18.182000,2026-06-12 12:04:19.182,1,,False,,False,False,,
532,0 days 00:59:45.181000,ARO,97,0 days 00:01:17.321000,13.0,3.0,,,22.474,31.371,23.476,0 days 00:58:50.334000,0 days 00:59:21.705000,0 days 00:59:45.181000,282.0,286.0,279.0,342.0,True,SOFT,2.0,True,,0 days 00:58:27.860000,2026-06-12 12:13:28.860,1,,False,,False,True,77.321,77.321
533,0 days 01:01:52.214000,ARO,97,0 days 00:02:07.033000,14.0,3.0,,,35.991,52.497,38.545,0 days 01:00:21.172000,0 days 01:01:13.669000,0 days 01:01:52.214000,129.0,149.0,176.0,232.0,False,SOFT,3.0,True,,0 days 00:59:45.181000,2026-06-12 12:14:46.181,1,,False,,False,True,127.033,127.033
534,0 days 01:03:42.643000,ARO,97,0 days 00:01:50.429000,15.0,3.0,,,36.617,45.752,28.06,0 days 01:02:28.831000,0 days 01:03:14.583000,0 days 01:03:42.643000,146.0,231.0,276.0,207.0,False,SOFT,4.0,True,,0 days 01:01:52.214000,2026-06-12 12:16:53.214,1,,False,,False,True,110.429,110.429
535,0 days 01:05:01.222000,ARO,97,0 days 00:01:18.579000,16.0,3.0,,,22.704,31.92,23.955,0 days 01:04:05.347000,0 days 01:04:37.267000,0 days 01:05:01.222000,273.0,279.0,274.0,334.0,False,SOFT,5.0,True,,0 days 01:03:42.643000,2026-06-12 12:18:43.643,1,,False,,False,True,78.579,78.57900000000001
536,0 days 01:06:45.194000,ARO,97,0 days 00:01:43.972000,17.0,3.0,,0 days 01:06:42.358000,31.714,42.145,30.113,0 days 01:05:32.936000,0 days 01:06:15.081000,0 days 01:06:45.194000,149.0,231.0,,262.0,False,SOFT,6.0,True,,0 days 01:05:01.222000,2026-06-12 12:20:02.222,1,,False,,False,False,103.972,103.972
537,0 days 01:08:39.602000,ARO,97,0 days 00:01:54.408000,18.0,4.0,0 days 01:07:10.790000,,55.508,34.141,24.759,0 days 01:07:40.702000,0 days 01:08:14.843000,0 days 01:08:39.602000,176.0,258.0,297.0,248.0,False,SOFT,7.0,False,,0 days 01:06:45.194000,2026-06-12 12:21:46.194,1,,False,,False,False,114.408,114.408
538,0 days 01:10:01.258000,ARO,97,0 days 00:01:21.656000,19.0,4.0,,,23.71,33.314,24.632,0 days 01:09:03.312000,0 days 01:09:36.626000,0 days 01:10:01.258000,257.0,259.0,299.0,331.0,False,SOFT,8.0,False,,0 days 01:08:39.602000,2026-06-12 12:23:40.602,1,,False,,False,True,81.656,81.656
539,0 days 01:11:22.541000,ARO,97,0 days 00:01:21.283000,20.0,4.0,,,23.708,33.166,24.409,0 days 01:10:24.966000,0 days 01:10:58.132000,0 days 01:11:22.541000,255.0,274.0,299.0,327.0,False,SOFT,9.0,False,,0 days 01:10:01.258000,2026-06-12 12:25:02.258,1,,False,,False,True,81.283,81.28299999999999
540,0 days 01:12:49.381000,ARO,97,0 days 00:01:26.840000,21.0,4.0,,,23.545,34.529,28.766,0 days 01:11:46.086000,0 days 01:12:20.615000,0 days 01:12:49.381000,262.0,177.0,299.0,328.0,False,SOFT,10.0,False,,0 days 01:11:22.541000,2026-06-12 12:26:23.541,1,,False,,False,True,86.84,86.84
541,0 days 01:14:10.958000,ARO,97,0 days 00:01:21.577000,22.0,4.0,,,23.44,33.235,24.902,0 days 01:13:12.821000,0 days 01:13:46.056000,0 days 01:14:10.958000,268.0,264.0,297.0,331.0,False,SOFT,11.0,False,,0 days 01:12:49.381000,2026-06-12 12:27:50.381,1,,False,,False,True,81.577,81.577
542,0 days 01:15:32.263000,ARO,97,0 days 00:01:21.305000,23.0,4.0,,,23.526,33.186,24.593,0 days 01:14:34.484000,0 days 01:15:07.670000,0 days 01:15:32.263000,265.0,277.0,299.0,323.0,False,SOFT,12.0,False,,0 days 01:14:10.958000,2026-06-12 12:29:11.958,1,,False,,False,True,81.305,81.305
543,0 days 01:17:22.524000,ARO,97,0 days 00:01:50.261000,24.0,4.0,,0 days 01:17:19.626000,30.342,43.236,36.683,0 days 01:16:02.605000,0 days 01:16:45.841000,0 days 01:17:22.524000,179.0,179.0,,256.0,False,SOFT,13.0,False,,0 days 01:15:32.263000,2026-06-12 12:30:33.263,1,,False,,False,False,110.261,110.261
