,Time,Driver,DriverNumber,LapTime,LapNumber,Stint,PitOutTime,PitInTime,Sector1Time,Sector2Time,Sector3Time,Sector1SessionTime,Sector2SessionTime,Sector3SessionTime,SpeedI1,SpeedI2,SpeedFL,SpeedST,IsPersonalBest,Compound,TyreLife,FreshTyre,Team,LapStartTime,LapStartDate,TrackStatus,Position,Deleted,DeletedReason,FastF1Generated,IsAccurate,LapTime_in_seconds,laptime_sum_sectortimes
0,0 days 00:32:56.905000,VER,1,,1.0,1.0,0 days 00:15:00.655000,0 days 00:16:34.776000,,31.11,,,0 days 00:16:06.527000,,151.0,256.0,,282.0,False,SOFT,1.0,True,Red Bull Racing,0 days 00:15:00.655000,2024-06-07 21:00:01.978,12,,False,,False,False,,
1,0 days 00:34:25.036000,VER,1,0 days 00:01:28.131000,2.0,2.0,0 days 00:32:58.490000,,28.347,26.697,33.087,0 days 00:33:25.252000,0 days 00:33:51.949000,0 days 00:34:25.036000,223.0,256.0,276.0,287.0,False,SOFT,2.0,False,Red Bull Racing,0 days 00:32:56.905000,2024-06-07 21:17:58.228,1,,False,,False,False,88.131,88.131
2,0 days 00:35:44.347000,VER,1,0 days 00:01:19.311000,3.0,2.0,,,23.035,25.147,31.129,0 days 00:34:48.071000,0 days 00:35:13.218000,0 days 00:35:44.347000,244.0,277.0,278.0,299.0,True,SOFT,3.0,False,Red Bull Racing,0 days 00:34:25.036000,2024-06-07 21:19:26.359,1,,False,,False,True,79.311,79.311
3,0 days 00:36:57.598000,VER,1,,4.0,2.0,,0 days 00:36:57.598000,22.239,24.415,,0 days 00:36:06.972000,0 days 00:36:32.292000,,252.0,280.0,,283.0,False,SOFT,4.0,False,Red Bull Racing,0 days 00:35:44.347000,2024-06-07 21:20:45.670,1,,False,,False,False,,
4,0 days 00:29:21.669000,SAR,2,0 days 00:01:38.895000,1.0,1.0,0 days 00:27:44.240000,,31.685,29.416,37.794,0 days 00:28:14.766000,0 days 00:28:44.761000,0 days 00:29:21.738000,184.0,270.0,282.0,314.0,False,SOFT,1.0,True,Williams,0 days 00:27:44.240000,2024-06-07 21:12:45.563,12,,False,,False,False,98.895,98.895
5,0 days 00:30:47.613000,SAR,2,0 days 00:01:25.944000,2.0,1.0,,,24.619,27.217,34.108,0 days 00:29:46.288000,0 days 00:30:13.505000,0 days 00:30:47.613000,220.0,274.0,280.0,320.0,True,SOFT,2.0,True,Williams,0 days 00:29:21.669000,2024-06-07 21:14:22.992,1,,False,,False,True,85.944,85.94399999999999
6,0 days 00:32:09.247000,SAR,2,0 days 00:01:21.634000,3.0,1.0,,,23.348,25.895,32.391,0 days 00:31:10.961000,0 days 00:31:36.856000,0 days 00:32:09.247000,236.0,276.0,275.0,303.0,True,SOFT,3.0,True,Williams,0 days 00:30:47.613000,2024-06-07 21:15:48.936,1,,False,,False,True,81.634,81.63399999999999
7,0 days 00:33:31.633000,SAR,2,0 days 00:01:22.386000,4.0,1.0,,,23.347,25.835,33.204,0 days 00:32:32.594000,0 days 00:32:58.429000,0 days 00:33:31.633000,244.0,277.0,276.0,306.0,False,SOFT,4.0,True,Williams,0 days 00:32:09.247000,2024-06-07 21:17:10.570,1,,False,,False,True,82.386,82.386
8,0 days 00:34:51.547000,SAR,2,0 days 00:01:19.914000,5.0,1.0,,,23.048,25.447,31.419,0 days 00:33:54.681000,0 days 00:34:20.128000,0 days 00:34:51.547000,246.0,278.0,278.0,305.0,True,SOFT,5.0,True,Williams,0 days 00:33:31.633000,2024-06-07 21:18:32.956,1,,False,,False,True,79.914,79.914
9,0 days 00:36:17.429000,SAR,2,0 days 00:01:25.882000,6.0,1.0,,,23.535,25.269,37.078,0 days 00:35:15.082000,0 days 00:35:40.351000,0 days 00:36:17.429000,244.0,278.0,279.0,133.0,False,SOFT,6.0,True,Williams,0 days 00:34:51.547000,2024-06-07 21:19:52.870,1,,False,,False,True,85.882,85.882
10,0 days 00:37:38.448000,SAR,2,0 days 00:01:21.019000,7.0,1.0,,,22.362,24.808,33.849,0 days 00:36:39.791000,0 days 00:37:04.599000,0 days 00:37:38.448000,252.0,279.0,266.0,304.0,False,SOFT,7.0,True,Williams,0 days 00:36:17.429000,2024-06-07 21:21:18.752,1,,False,,False,True,81.019,81.019
11,0 days 00:38:56.670000,SAR,2,0 days 00:01:18.222000,8.0,1.0,,,22.306,24.683,31.233,0 days 00:38:00.754000,0 days 00:38:25.437000,0 days 00:38:56.670000,252.0,280.0,280.0,305.0,True,SOFT,8.0,True,Williams,0 days 00:37:38.448000,2024-06-07 21:22:39.771,1,,False,,False,True,78.222,78.22200000000001
12,0 days 00:40:25.118000,SAR,2,0 days 00:01:28.448000,9.0,1.0,,,26.917,29.276,32.255,0 days 00:39:23.587000,0 days 00:39:52.863000,0 days 00:40:25.118000,191.0,264.0,291.0,309.0,False,SOFT,9.0,True,Williams,0 days 00:38:56.670000,2024-06-07 21:23:57.993,1,,False,,False,True,88.448,88.44800000000001
13,0 days 00:41:42.614000,SAR,2,0 days 00:01:17.496000,10.0,1.0,,,22.217,24.505,30.774,0 days 00:40:47.335000,0 days 00:41:11.840000,0 days 00:41:42.614000,253.0,278.0,291.0,324.0,True,SOFT,10.0,True,Williams,0 days 00:40:25.118000,2024-06-07 21:25:26.441,1,,False,,False,True,77.496,77.496
14,0 days 00:43:06.682000,SAR,2,0 days 00:01:24.068000,11.0,1.0,,,23.189,27.781,33.098,0 days 00:42:05.803000,0 days 00:42:33.584000,0 days 00:43:06.682000,224.0,266.0,288.0,309.0,False,SOFT,11.0,True,Williams,0 days 00:41:42.614000,2024-06-07 21:26:43.937,1,,False,,False,True,84.068,84.068
15,0 days 00:59:45.386000,SAR,2,,12.0,1.0,,0 days 00:44:25.313000,22.51,28.569,,0 days 00:43:29.311000,0 days 00:43:57.957000,,250.0,265.0,,308.0,False,SOFT,12.0,True,Williams,0 days 00:43:06.682000,2024-06-07 21:28:08.005,1,,False,,False,False,,
16,0 days 01:01:25.148000,SAR,2,0 days 00:01:39.762000,13.0,2.0,0 days 00:59:47.177000,,32.302,30.549,36.911,0 days 01:00:17.688000,0 days 01:00:48.237000,0 days 01:01:25.148000,186.0,269.0,272.0,293.0,False,INTERMEDIATE,1.0,True,Williams,0 days 00:59:45.386000,2024-06-07 21:44:46.709,1,,False,,False,False,99.762,99.762
17,0 days 01:02:55.781000,SAR,2,0 days 00:01:30.633000,14.0,2.0,,,26.575,28.693,35.365,0 days 01:01:51.723000,0 days 01:02:20.416000,0 days 01:02:55.781000,207.0,272.0,273.0,302.0,False,INTERMEDIATE,2.0,True,Williams,0 days 01:01:25.148000,2024-06-07 21:46:26.471,12,,False,,False,True,90.633,90.63300000000001
18,0 days 01:04:24.211000,SAR,2,0 days 00:01:28.430000,15.0,2.0,,,25.778,27.994,34.658,0 days 01:03:21.559000,0 days 01:03:49.553000,0 days 01:04:24.211000,225.0,272.0,274.0,300.0,False,INTERMEDIATE,3.0,True,Williams,0 days 01:02:55.781000,2024-06-07 21:47:57.104,1,,False,,False,True,88.43,88.43
19,0 days 01:05:52.409000,SAR,2,0 days 00:01:28.198000,16.0,2.0,,,25.504,27.904,34.79,0 days 01:04:49.715000,0 days 01:05:17.619000,0 days 01:05:52.409000,233.0,273.0,274.0,301.0,False,INTERMEDIATE,4.0,True,Williams,0 days 01:04:24.211000,2024-06-07 21:49:25.534,1,,False,,False,True,88.198,88.19800000000001
20,0 days 01:07:38.032000,SAR,2,0 days 00:01:45.623000,17.0,2.0,,,33.862,32.841,38.92,0 days 01:06:26.271000,0 days 01:06:59.112000,0 days 01:07:38.032000,183.0,211.0,273.0,273.0,False,INTERMEDIATE,5.0,True,Williams,0 days 01:05:52.409000,2024-06-07 21:50:53.732,1,,False,,False,True,105.623,105.623
21,0 days 01:09:04.870000,SAR,2,0 days 00:01:26.838000,18.0,2.0,,,25.099,27.4,34.339,0 days 01:08:03.131000,0 days 01:08:30.531000,0 days 01:09:04.870000,238.0,273.0,273.0,300.0,False,INTERMEDIATE,6.0,True,Williams,0 days 01:07:38.032000,2024-06-07 21:52:39.355,1,,False,,False,True,86.838,86.838
22,0 days 01:14:07.702000,SAR,2,,19.0,2.0,,0 days 01:10:46.280000,31.182,37.047,,0 days 01:09:36.178000,0 days 01:10:13.192000,,156.0,199.0,,288.0,False,INTERMEDIATE,7.0,True,Williams,0 days 01:09:04.870000,2024-06-07 21:54:06.193,1,,False,,False,False,,
23,0 days 01:16:07.239000,SAR,2,0 days 00:01:59.537000,20.0,3.0,0 days 01:14:09.107000,,40.426,35.058,44.053,0 days 01:14:48.128000,0 days 01:15:23.186000,0 days 01:16:07.239000,150.0,152.0,208.0,273.0,False,INTERMEDIATE,8.0,False,Williams,0 days 01:14:07.702000,2024-06-07 21:59:09.025,12,,False,,False,False,119.537,119.537
24,0 days 01:18:39.674000,SAR,2,,21.0,3.0,,,34.919,35.52,82.033,0 days 01:16:42.341000,0 days 01:17:17.760000,0 days 01:18:39.674000,139.0,222.0,173.0,281.0,False,INTERMEDIATE,9.0,False,Williams,0 days 01:16:07.239000,2024-06-07 22:01:08.562,1,,False,,False,False,,152.47199999999998
25,0 days 01:20:21.432000,SAR,2,,22.0,3.0,,0 days 01:20:21.432000,33.556,34.837,,0 days 01:19:13.363000,0 days 01:19:48.045000,,145.0,199.0,,242.0,False,INTERMEDIATE,10.0,False,Williams,0 days 01:18:39.674000,2024-06-07 22:03:40.997,1,,False,,False,False,,
26,0 days 00:26:20.353000,RIC,3,0 days 00:01:32.526000,1.0,1.0,0 days 00:24:49.357000,,30.755,28.341,33.43,0 days 00:25:18.914000,0 days 00:25:47.193000,0 days 00:26:20.594000,177.0,273.0,284.0,319.0,False,SOFT,1.0,True,RB,0 days 00:24:49.357000,2024-06-07 21:09:50.680,1,,False,,False,False,92.526,92.52600000000001
27,0 days 00:27:42.504000,RIC,3,0 days 00:01:22.151000,2.0,1.0,,,23.866,26.082,32.203,0 days 00:26:44.219000,0 days 00:27:10.301000,0 days 00:27:42.504000,222.0,276.0,286.0,322.0,True,SOFT,2.0,True,RB,0 days 00:26:20.353000,2024-06-07 21:11:21.676,1,,False,,False,True,82.151,82.15100000000001
28,0 days 00:29:03.208000,RIC,3,0 days 00:01:20.704000,3.0,1.0,,,22.809,25.538,32.357,0 days 00:28:05.313000,0 days 00:28:30.851000,0 days 00:29:03.208000,238.0,281.0,291.0,326.0,True,SOFT,3.0,True,RB,0 days 00:27:42.504000,2024-06-07 21:12:43.827,12,,False,,False,True,80.704,80.70400000000001
29,0 days 00:34:04.276000,RIC,3,,4.0,1.0,,0 days 00:30:33.089000,25.099,33.249,,0 days 00:29:28.565000,0 days 00:30:01.886000,,207.0,218.0,,297.0,False,SOFT,4.0,True,RB,0 days 00:29:03.208000,2024-06-07 21:14:04.531,1,,False,,False,False,,
30,0 days 00:35:36.031000,RIC,3,0 days 00:01:31.755000,5.0,2.0,0 days 00:34:05.908000,,29.827,28.289,33.639,0 days 00:34:34.103000,0 days 00:35:02.392000,0 days 00:35:36.031000,195.0,274.0,276.0,302.0,False,SOFT,5.0,False,RB,0 days 00:34:04.276000,2024-06-07 21:19:05.599,1,,False,,False,False,91.755,91.755
31,0 days 00:36:57.465000,RIC,3,0 days 00:01:21.434000,6.0,2.0,,,22.82,25.399,33.215,0 days 00:35:58.851000,0 days 00:36:24.250000,0 days 00:36:57.465000,237.0,280.0,279.0,306.0,False,SOFT,6.0,False,RB,0 days 00:35:36.031000,2024-06-07 21:20:37.354,1,,False,,False,True,81.434,81.434
32,0 days 00:38:15.539000,RIC,3,0 days 00:01:18.074000,7.0,2.0,,,22.02,24.757,31.297,0 days 00:37:19.485000,0 days 00:37:44.242000,0 days 00:38:15.539000,254.0,280.0,280.0,307.0,True,SOFT,7.0,False,RB,0 days 00:36:57.465000,2024-06-07 21:21:58.788,1,,False,,False,True,78.074,78.074
33,0 days 00:39:36.829000,RIC,3,0 days 00:01:21.290000,8.0,2.0,,,21.709,24.702,34.879,0 days 00:38:37.248000,0 days 00:39:01.950000,0 days 00:39:36.829000,254.0,283.0,288.0,313.0,False,SOFT,8.0,False,RB,0 days 00:38:15.539000,2024-06-07 21:23:16.862,1,,False,,False,True,81.29,81.28999999999999
34,0 days 00:41:02.305000,RIC,3,0 days 00:01:25.476000,9.0,2.0,,,21.836,24.609,39.031,0 days 00:39:58.665000,0 days 00:40:23.274000,0 days 00:41:02.305000,255.0,279.0,288.0,294.0,False,SOFT,9.0,False,RB,0 days 00:39:36.829000,2024-06-07 21:24:38.152,1,,False,,False,True,85.476,85.476
35,0 days 00:42:19.036000,RIC,3,0 days 00:01:16.731000,10.0,2.0,,,21.539,24.25,30.942,0 days 00:41:23.844000,0 days 00:41:48.094000,0 days 00:42:19.036000,256.0,282.0,290.0,333.0,True,SOFT,10.0,False,RB,0 days 00:41:02.305000,2024-06-07 21:26:03.628,1,,False,,False,True,76.731,76.731
36,0 days 00:59:39.131000,RIC,3,,11.0,2.0,,0 days 00:44:04.244000,28.227,37.831,,0 days 00:42:47.589000,0 days 00:43:25.266000,,200.0,205.0,,250.0,False,SOFT,11.0,False,RB,0 days 00:42:19.036000,2024-06-07 21:27:20.359,1,,False,,False,False,,
37,0 days 01:01:20.663000,RIC,3,0 days 00:01:41.532000,12.0,3.0,0 days 00:59:40.569000,,33.865,30.642,37.025,0 days 01:00:12.996000,0 days 01:00:43.638000,0 days 01:01:20.663000,188.0,267.0,273.0,302.0,False,INTERMEDIATE,6.0,False,RB,0 days 00:59:39.131000,2024-06-07 21:44:40.454,1,,False,,False,False,101.532,101.53200000000001
38,0 days 01:02:52.304000,RIC,3,0 days 00:01:31.641000,13.0,3.0,,,25.71,29.272,36.659,0 days 01:01:46.373000,0 days 01:02:15.645000,0 days 01:02:52.304000,219.0,247.0,273.0,300.0,False,INTERMEDIATE,7.0,False,RB,0 days 01:01:20.663000,2024-06-07 21:46:21.986,12,,False,,False,True,91.641,91.64099999999999
39,0 days 01:04:19.553000,RIC,3,0 days 00:01:27.249000,14.0,3.0,,,25.175,27.678,34.396,0 days 01:03:17.479000,0 days 01:03:45.157000,0 days 01:04:19.553000,236.0,272.0,275.0,303.0,False,INTERMEDIATE,8.0,False,RB,0 days 01:02:52.304000,2024-06-07 21:47:53.627,1,,False,,False,True,87.249,87.249
40,0 days 01:05:49.849000,RIC,3,0 days 00:01:30.296000,15.0,3.0,,,24.676,29.595,36.025,0 days 01:04:44.229000,0 days 01:05:13.824000,0 days 01:05:49.849000,240.0,265.0,272.0,301.0,False,INTERMEDIATE,9.0,False,RB,0 days 01:04:19.553000,2024-06-07 21:49:20.876,1,,False,,False,True,90.296,90.29599999999999
41,0 days 01:07:16.105000,RIC,3,0 days 00:01:26.256000,16.0,3.0,,,24.516,27.585,34.155,0 days 01:06:14.365000,0 days 01:06:41.950000,0 days 01:07:16.105000,247.0,273.0,275.0,300.0,False,INTERMEDIATE,10.0,False,RB,0 days 01:05:49.849000,2024-06-07 21:50:51.172,1,,False,,False,True,86.256,86.256
42,0 days 01:08:41.614000,RIC,3,0 days 00:01:25.509000,17.0,3.0,,,24.341,27.23,33.938,0 days 01:07:40.446000,0 days 01:08:07.676000,0 days 01:08:41.614000,248.0,274.0,273.0,302.0,False,INTERMEDIATE,11.0,False,RB,0 days 01:07:16.105000,2024-06-07 21:52:17.428,1,,False,,False,True,85.509,85.509
43,0 days 01:10:36.775000,RIC,3,0 days 00:01:55.161000,18.0,3.0,,,29.807,40.737,44.617,0 days 01:09:11.421000,0 days 01:09:52.158000,0 days 01:10:36.775000,166.0,181.0,271.0,184.0,False,INTERMEDIATE,12.0,False,RB,0 days 01:08:41.614000,2024-06-07 21:53:42.937,1,,False,,False,True,115.161,115.161
44,0 days 01:12:04.947000,RIC,3,0 days 00:01:28.172000,19.0,3.0,,,24.509,26.792,36.871,0 days 01:11:01.284000,0 days 01:11:28.076000,0 days 01:12:04.947000,246.0,275.0,273.0,301.0,False,INTERMEDIATE,13.0,False,RB,0 days 01:10:36.775000,2024-06-07 21:55:38.098,1,,False,,False,True,88.172,88.172
45,0 days 01:13:37.579000,RIC,3,0 days 00:01:32.632000,20.0,3.0,,,23.955,29.426,39.251,0 days 01:12:28.902000,0 days 01:12:58.328000,0 days 01:13:37.579000,249.0,235.0,274.0,258.0,False,INTERMEDIATE,14.0,False,RB,0 days 01:12:04.947000,2024-06-07 21:57:06.270,1,,False,,False,True,92.632,92.632
46,0 days 01:15:03.468000,RIC,3,0 days 00:01:25.889000,21.0,3.0,,,24.118,27.278,34.493,0 days 01:14:01.697000,0 days 01:14:28.975000,0 days 01:15:03.468000,247.0,276.0,273.0,304.0,False,INTERMEDIATE,15.0,False,RB,0 days 01:13:37.579000,2024-06-07 21:58:38.902,1,,False,,False,True,85.889,85.88900000000001
47,0 days 01:17:12.183000,RIC,3,0 days 00:02:08.715000,22.0,3.0,,,25.075,33.907,69.733,0 days 01:15:28.543000,0 days 01:16:02.450000,0 days 01:17:12.183000,205.0,225.0,7.0,259.0,False,INTERMEDIATE,16.0,False,RB,0 days 01:15:03.468000,2024-06-07 22:00:04.791,12,,False,,False,True,128.715,128.715
48,0 days 01:19:02.677000,RIC,3,,23.0,3.0,,0 days 01:19:02.677000,32.3,38.479,,0 days 01:17:44.731000,0 days 01:18:23.185000,,148.0,173.0,,189.0,False,INTERMEDIATE,17.0,False,RB,0 days 01:17:12.183000,2024-06-07 22:02:13.506,1,,False,,False,False,,
49,0 days 00:27:07.017000,NOR,4,0 days 00:01:30.662000,1.0,1.0,0 days 00:25:37.974000,,28.089,27.777,34.796,0 days 00:26:04.554000,0 days 00:26:32.407000,0 days 00:27:07.188000,194.0,274.0,276.0,313.0,False,MEDIUM,1.0,True,McLaren,0 days 00:25:37.974000,2024-06-07 21:10:39.297,1,,False,,False,False,90.662,90.662
50,0 days 00:28:31.211000,NOR,4,0 days 00:01:24.194000,2.0,1.0,,,24.268,27.07,32.856,0 days 00:27:31.285000,0 days 00:27:58.355000,0 days 00:28:31.211000,223.0,277.0,288.0,304.0,True,MEDIUM,2.0,True,McLaren,0 days 00:27:07.017000,2024-06-07 21:12:08.340,12,,False,,False,True,84.194,84.194
51,0 days 00:38:58.884000,NOR,4,,3.0,1.0,,0 days 00:29:53.051000,24.01,26.523,,0 days 00:28:55.387000,0 days 00:29:22.038000,,224.0,278.0,,302.0,False,MEDIUM,3.0,True,McLaren,0 days 00:28:31.211000,2024-06-07 21:13:32.534,1,,False,,False,False,,
52,0 days 00:40:34.952000,NOR,4,0 days 00:01:36.068000,4.0,2.0,0 days 00:39:00.507000,,28.023,30.448,37.597,0 days 00:39:26.907000,0 days 00:39:57.355000,0 days 00:40:34.952000,206.0,174.0,288.0,310.0,False,MEDIUM,4.0,False,McLaren,0 days 00:38:58.884000,2024-06-07 21:24:00.207,1,,False,,False,False,96.068,96.06800000000001
53,0 days 00:41:55.795000,NOR,4,0 days 00:01:20.843000,5.0,2.0,,,23.117,25.416,32.31,0 days 00:40:58.069000,0 days 00:41:23.485000,0 days 00:41:55.795000,241.0,278.0,286.0,316.0,True,MEDIUM,5.0,False,McLaren,0 days 00:40:34.952000,2024-06-07 21:25:36.275,1,,False,,False,True,80.843,80.843
54,0 days 00:43:24.485000,NOR,4,0 days 00:01:28.690000,6.0,2.0,,,24.117,29.023,35.55,0 days 00:42:19.912000,0 days 00:42:48.935000,0 days 00:43:24.485000,204.0,276.0,262.0,322.0,False,MEDIUM,6.0,False,McLaren,0 days 00:41:55.795000,2024-06-07 21:26:57.118,1,,False,,False,True,88.69,88.69
55,0 days 00:57:13.935000,NOR,4,,7.0,2.0,,0 days 00:44:46.741000,25.043,28.584,,0 days 00:43:50.249000,0 days 00:44:18.290000,,213.0,273.0,,298.0,False,MEDIUM,7.0,False,McLaren,0 days 00:43:24.485000,2024-06-07 21:28:25.808,1,,False,,False,False,,
56,0 days 00:58:54.181000,NOR,4,0 days 00:01:40.246000,8.0,3.0,0 days 00:57:15.376000,,29.886,29.51,40.85,0 days 00:57:43.821000,0 days 00:58:13.331000,0 days 00:58:54.181000,191.0,270.0,272.0,195.0,False,INTERMEDIATE,2.0,False,McLaren,0 days 00:57:13.935000,2024-06-07 21:42:15.258,1,,False,,False,False,100.246,100.24600000000001
57,0 days 01:00:25.258000,NOR,4,0 days 00:01:31.077000,9.0,3.0,,,25.96,28.981,36.136,0 days 00:59:20.141000,0 days 00:59:49.122000,0 days 01:00:25.258000,217.0,270.0,263.0,293.0,False,INTERMEDIATE,3.0,False,McLaren,0 days 00:58:54.181000,2024-06-07 21:43:55.504,1,,False,,False,True,91.077,91.077
58,0 days 01:01:54.292000,NOR,4,0 days 00:01:29.034000,10.0,3.0,,,26.02,28.33,34.684,0 days 01:00:51.278000,0 days 01:01:19.608000,0 days 01:01:54.292000,229.0,271.0,274.0,294.0,False,INTERMEDIATE,4.0,False,McLaren,0 days 01:00:25.258000,2024-06-07 21:45:26.581,1,,False,,False,True,89.034,89.03399999999999
59,0 days 01:03:26.185000,NOR,4,0 days 00:01:31.893000,11.0,3.0,,,25.04,28.879,37.974,0 days 01:02:19.332000,0 days 01:02:48.211000,0 days 01:03:26.185000,234.0,272.0,275.0,275.0,False,INTERMEDIATE,5.0,False,McLaren,0 days 01:01:54.292000,2024-06-07 21:46:55.615,12,,False,,False,True,91.893,91.893
60,0 days 01:04:53.357000,NOR,4,0 days 00:01:27.172000,12.0,3.0,,,24.879,27.766,34.527,0 days 01:03:51.064000,0 days 01:04:18.830000,0 days 01:04:53.357000,239.0,273.0,275.0,295.0,False,INTERMEDIATE,6.0,False,McLaren,0 days 01:03:26.185000,2024-06-07 21:48:27.508,1,,False,,False,True,87.172,87.172
61,0 days 01:06:23.782000,NOR,4,0 days 00:01:30.425000,13.0,3.0,,,24.756,30.132,35.537,0 days 01:05:18.113000,0 days 01:05:48.245000,0 days 01:06:23.782000,239.0,236.0,275.0,298.0,False,INTERMEDIATE,7.0,False,McLaren,0 days 01:04:53.357000,2024-06-07 21:49:54.680,1,,False,,False,True,90.425,90.42500000000001
62,0 days 01:07:50.203000,NOR,4,0 days 00:01:26.421000,14.0,3.0,,,24.66,27.548,34.213,0 days 01:06:48.442000,0 days 01:07:15.990000,0 days 01:07:50.203000,244.0,275.0,276.0,299.0,False,INTERMEDIATE,8.0,False,McLaren,0 days 01:06:23.782000,2024-06-07 21:51:25.105,1,,False,,False,True,86.421,86.42099999999999
63,0 days 01:09:37.709000,NOR,4,0 days 00:01:47.506000,15.0,3.0,,,27.557,36.864,43.085,0 days 01:08:17.760000,0 days 01:08:54.624000,0 days 01:09:37.709000,175.0,216.0,274.0,184.0,False,INTERMEDIATE,9.0,False,McLaren,0 days 01:07:50.203000,2024-06-07 21:52:51.526,1,,False,,False,True,107.506,107.506
64,0 days 01:11:02.503000,NOR,4,0 days 00:01:24.794000,16.0,3.0,,,24.237,26.738,33.819,0 days 01:10:01.946000,0 days 01:10:28.684000,0 days 01:11:02.503000,243.0,275.0,278.0,298.0,False,INTERMEDIATE,10.0,False,McLaren,0 days 01:09:37.709000,2024-06-07 21:54:39.032,1,,False,,False,True,84.794,84.794
65,0 days 01:12:46.340000,NOR,4,0 days 00:01:43.837000,17.0,3.0,,,28.356,32.481,43.0,0 days 01:11:30.859000,0 days 01:12:03.340000,0 days 01:12:46.340000,189.0,245.0,277.0,181.0,False,INTERMEDIATE,11.0,False,McLaren,0 days 01:11:02.503000,2024-06-07 21:56:03.826,1,,False,,False,True,103.837,103.837
66,0 days 01:14:20.090000,NOR,4,0 days 00:01:33.750000,18.0,3.0,,,27.426,30.768,35.556,0 days 01:13:13.766000,0 days 01:13:44.534000,0 days 01:14:20.090000,190.0,266.0,277.0,296.0,False,INTERMEDIATE,12.0,False,McLaren,0 days 01:12:46.340000,2024-06-07 21:57:47.663,1,,False,,False,True,93.75,93.75
67,0 days 01:15:50.691000,NOR,4,0 days 00:01:30.601000,19.0,3.0,,,25.613,28.734,36.254,0 days 01:14:45.703000,0 days 01:15:14.437000,0 days 01:15:50.691000,225.0,236.0,238.0,295.0,False,INTERMEDIATE,13.0,False,McLaren,0 days 01:14:20.090000,2024-06-07 21:59:21.413,12,,False,,False,True,90.601,90.601
68,0 days 01:18:13.607000,NOR,4,0 days 00:02:22.916000,20.0,3.0,,,28.605,32.039,82.272,0 days 01:16:19.296000,0 days 01:16:51.335000,0 days 01:18:13.607000,186.0,190.0,140.0,200.0,False,INTERMEDIATE,14.0,False,McLaren,0 days 01:15:50.691000,2024-06-07 22:00:52.014,1,,False,,False,True,142.916,142.916
69,0 days 01:19:46.396000,NOR,4,,21.0,3.0,,0 days 01:19:46.396000,29.674,32.574,,0 days 01:18:43.452000,0 days 01:19:15.902000,,174.0,218.0,,285.0,False,INTERMEDIATE,15.0,False,McLaren,0 days 01:18:13.607000,2024-06-07 22:03:14.930,1,,False,,False,False,,
70,0 days 00:17:46.001000,GAS,10,0 days 00:01:45.956000,1.0,1.0,0 days 00:16:02.068000,,34.374,34.068,37.514,0 days 00:16:34.750000,0 days 00:17:08.734000,0 days 00:17:46.596000,142.0,254.0,277.0,282.0,False,SOFT,1.0,True,Alpine,0 days 00:16:02.068000,2024-06-07 21:01:03.391,1,,False,,False,False,105.956,105.95600000000002
71,0 days 00:19:25.673000,GAS,10,0 days 00:01:39.672000,2.0,1.0,,,31.633,30.945,37.094,0 days 00:18:17.634000,0 days 00:18:48.579000,0 days 00:19:25.673000,159.0,268.0,267.0,310.0,True,SOFT,2.0,True,Alpine,0 days 00:17:46.001000,2024-06-07 21:02:47.324,1,,False,,False,True,99.672,99.672
72,0 days 00:21:01.670000,GAS,10,0 days 00:01:35.997000,3.0,1.0,,,30.325,30.679,34.993,0 days 00:19:55.998000,0 days 00:20:26.677000,0 days 00:21:01.670000,165.0,270.0,276.0,312.0,True,SOFT,3.0,True,Alpine,0 days 00:19:25.673000,2024-06-07 21:04:26.996,1,,False,,False,True,95.997,95.997
73,0 days 00:22:30.677000,GAS,10,0 days 00:01:29.007000,4.0,1.0,,,27.797,28.35,32.86,0 days 00:21:29.467000,0 days 00:21:57.817000,0 days 00:22:30.677000,176.0,273.0,281.0,313.0,True,SOFT,4.0,True,Alpine,0 days 00:21:01.670000,2024-06-07 21:06:02.993,1,,False,,False,True,89.007,89.007
74,0 days 00:23:55.066000,GAS,10,0 days 00:01:24.389000,5.0,1.0,,,25.529,26.825,32.035,0 days 00:22:56.206000,0 days 00:23:23.031000,0 days 00:23:55.066000,203.0,276.0,283.0,314.0,True,SOFT,5.0,True,Alpine,0 days 00:22:30.677000,2024-06-07 21:07:32.000,1,,False,,False,True,84.389,84.389
75,0 days 00:25:17.655000,GAS,10,0 days 00:01:22.589000,6.0,1.0,,,24.187,26.271,32.131,0 days 00:24:19.253000,0 days 00:24:45.524000,0 days 00:25:17.655000,209.0,269.0,276.0,307.0,True,SOFT,6.0,True,Alpine,0 days 00:23:55.066000,2024-06-07 21:08:56.389,1,,False,,False,True,82.589,82.589
76,0 days 00:26:38.444000,GAS,10,0 days 00:01:20.789000,7.0,1.0,,,23.385,25.714,31.69,0 days 00:25:41.040000,0 days 00:26:06.754000,0 days 00:26:38.444000,225.0,270.0,284.0,308.0,True,SOFT,7.0,True,Alpine,0 days 00:25:17.655000,2024-06-07 21:10:18.978,1,,False,,False,True,80.789,80.789
77,0 days 00:28:04.551000,GAS,10,0 days 00:01:26.107000,8.0,1.0,,,22.99,26.361,36.756,0 days 00:27:01.434000,0 days 00:27:27.795000,0 days 00:28:04.551000,232.0,275.0,284.0,207.0,False,SOFT,8.0,True,Alpine,0 days 00:26:38.444000,2024-06-07 21:11:39.767,12,,False,,False,True,86.107,86.107
78,0 days 00:39:45.386000,GAS,10,,9.0,1.0,,0 days 00:29:27.541000,23.204,25.662,,0 days 00:28:28.077000,0 days 00:28:53.745000,,236.0,280.0,,275.0,False,SOFT,9.0,True,Alpine,0 days 00:28:04.551000,2024-06-07 21:13:05.874,21,,False,,False,False,,
79,0 days 00:41:16.312000,GAS,10,0 days 00:01:30.926000,10.0,2.0,0 days 00:39:46.777000,,28.576,27.83,34.52,0 days 00:40:13.962000,0 days 00:40:41.792000,0 days 00:41:16.312000,206.0,258.0,281.0,293.0,False,SOFT,10.0,False,Alpine,0 days 00:39:45.386000,2024-06-07 21:24:46.709,1,,False,,False,False,90.926,90.926
80,0 days 00:42:40.735000,GAS,10,0 days 00:01:24.423000,11.0,2.0,,,24.112,26.653,33.658,0 days 00:41:40.424000,0 days 00:42:07.077000,0 days 00:42:40.735000,215.0,274.0,287.0,292.0,False,SOFT,11.0,False,Alpine,0 days 00:41:16.312000,2024-06-07 21:26:17.635,1,,False,,False,True,84.423,84.423
81,0 days 00:44:03.757000,GAS,10,0 days 00:01:23.022000,12.0,2.0,,,23.215,25.892,33.915,0 days 00:43:03.950000,0 days 00:43:29.842000,0 days 00:44:03.757000,231.0,276.0,260.0,321.0,False,SOFT,12.0,False,Alpine,0 days 00:42:40.735000,2024-06-07 21:27:42.058,1,,False,,False,True,83.022,83.02199999999999
82,0 days 00:58:47.303000,GAS,10,,13.0,2.0,,0 days 00:45:34.287000,26.891,31.67,,0 days 00:44:30.750000,0 days 00:45:02.391000,,202.0,234.0,,272.0,False,SOFT,13.0,False,Alpine,0 days 00:44:03.757000,2024-06-07 21:29:05.080,1,,False,,False,False,,
83,0 days 01:00:28.142000,GAS,10,0 days 00:01:40.839000,14.0,3.0,0 days 00:58:48.798000,,31.221,32.624,36.994,0 days 00:59:18.524000,0 days 00:59:51.148000,0 days 01:00:28.142000,180.0,265.0,270.0,297.0,False,INTERMEDIATE,5.0,False,Alpine,0 days 00:58:47.303000,2024-06-07 21:43:48.626,1,,False,,False,False,100.839,100.839
84,0 days 01:02:00.473000,GAS,10,0 days 00:01:32.331000,15.0,3.0,,,26.763,29.377,36.191,0 days 01:00:54.905000,0 days 01:01:24.282000,0 days 01:02:00.473000,200.0,268.0,263.0,295.0,False,INTERMEDIATE,6.0,False,Alpine,0 days 01:00:28.142000,2024-06-07 21:45:29.465,1,,False,,False,True,92.331,92.331
85,0 days 01:03:29.950000,GAS,10,0 days 00:01:29.477000,16.0,3.0,,,25.897,28.52,35.06,0 days 01:02:26.370000,0 days 01:02:54.890000,0 days 01:03:29.950000,214.0,270.0,273.0,296.0,False,INTERMEDIATE,7.0,False,Alpine,0 days 01:02:00.473000,2024-06-07 21:47:01.796,12,,False,,False,True,89.477,89.477
86,0 days 01:04:58.395000,GAS,10,0 days 00:01:28.445000,17.0,3.0,,,25.639,28.213,34.593,0 days 01:03:55.589000,0 days 01:04:23.802000,0 days 01:04:58.395000,222.0,270.0,274.0,299.0,False,INTERMEDIATE,8.0,False,Alpine,0 days 01:03:29.950000,2024-06-07 21:48:31.273,1,,False,,False,True,88.445,88.44500000000001
87,0 days 01:06:26.140000,GAS,10,0 days 00:01:27.745000,18.0,3.0,,,25.074,28.171,34.5,0 days 01:05:23.469000,0 days 01:05:51.640000,0 days 01:06:26.140000,226.0,273.0,274.0,301.0,False,INTERMEDIATE,9.0,False,Alpine,0 days 01:04:58.395000,2024-06-07 21:49:59.718,1,,False,,False,True,87.745,87.745
88,0 days 01:07:57.924000,GAS,10,0 days 00:01:31.784000,19.0,3.0,,,26.193,30.21,35.381,0 days 01:06:52.333000,0 days 01:07:22.543000,0 days 01:07:57.924000,196.0,270.0,273.0,300.0,False,INTERMEDIATE,10.0,False,Alpine,0 days 01:06:26.140000,2024-06-07 21:51:27.463,1,,False,,False,True,91.784,91.784
89,0 days 01:09:25.180000,GAS,10,0 days 00:01:27.256000,20.0,3.0,,,25.105,27.814,34.337,0 days 01:08:23.029000,0 days 01:08:50.843000,0 days 01:09:25.180000,231.0,275.0,274.0,302.0,False,INTERMEDIATE,11.0,False,Alpine,0 days 01:07:57.924000,2024-06-07 21:52:59.247,1,,False,,False,True,87.256,87.256
90,0 days 01:10:56.923000,GAS,10,0 days 00:01:31.743000,21.0,3.0,,,25.571,29.854,36.318,0 days 01:09:50.751000,0 days 01:10:20.605000,0 days 01:10:56.923000,206.0,257.0,275.0,272.0,False,INTERMEDIATE,12.0,False,Alpine,0 days 01:09:25.180000,2024-06-07 21:54:26.503,1,,False,,False,True,91.743,91.743
91,0 days 01:12:23.464000,GAS,10,0 days 00:01:26.541000,22.0,3.0,,,24.827,27.591,34.123,0 days 01:11:21.750000,0 days 01:11:49.341000,0 days 01:12:23.464000,227.0,273.0,273.0,299.0,False,INTERMEDIATE,13.0,False,Alpine,0 days 01:10:56.923000,2024-06-07 21:55:58.246,1,,False,,False,True,86.541,86.541
92,0 days 01:13:57.341000,GAS,10,0 days 00:01:33.877000,23.0,3.0,,,24.679,32.26,36.938,0 days 01:12:48.143000,0 days 01:13:20.403000,0 days 01:13:57.341000,231.0,256.0,274.0,264.0,False,INTERMEDIATE,14.0,False,Alpine,0 days 01:12:23.464000,2024-06-07 21:57:24.787,1,,False,,False,True,93.877,93.877
93,0 days 01:15:24.381000,GAS,10,0 days 00:01:27.040000,24.0,3.0,,,24.837,27.822,34.381,0 days 01:14:22.178000,0 days 01:14:50,0 days 01:15:24.381000,227.0,274.0,273.0,300.0,False,INTERMEDIATE,15.0,False,Alpine,0 days 01:13:57.341000,2024-06-07 21:58:58.664,12,,False,,False,True,87.04,87.03999999999999
94,0 days 01:17:45.006000,GAS,10,0 days 00:02:20.625000,25.0,3.0,,,28.889,32.321,79.415,0 days 01:15:53.270000,0 days 01:16:25.591000,0 days 01:17:45.006000,176.0,244.0,65.0,269.0,False,INTERMEDIATE,16.0,False,Alpine,0 days 01:15:24.381000,2024-06-07 22:00:25.704,21,,False,,False,True,140.625,140.625
95,0 days 01:19:16.429000,GAS,10,,26.0,3.0,,0 days 01:19:16.429000,30.508,30.921,,0 days 01:18:15.642000,0 days 01:18:46.643000,,167.0,269.0,,263.0,False,INTERMEDIATE,17.0,False,Alpine,0 days 01:17:45.006000,2024-06-07 22:02:46.329,1,,False,,False,False,,
96,0 days 00:27:04.561000,PER,11,,1.0,1.0,0 days 00:15:03.978000,0 days 00:16:37.323000,,31.675,,,0 days 00:16:08.739000,,152.0,261.0,,319.0,False,SOFT,1.0,True,Red Bull Racing,0 days 00:15:03.978000,2024-06-07 21:00:05.301,1,,False,,False,False,,
97,0 days 00:28:35.047000,PER,11,0 days 00:01:30.486000,2.0,2.0,0 days 00:27:06.052000,,28.472,27.343,34.671,0 days 00:27:33.033000,0 days 00:28:00.376000,0 days 00:28:35.047000,222.0,274.0,286.0,262.0,False,SOFT,2.0,False,Red Bull Racing,0 days 00:27:04.561000,2024-06-07 21:12:05.884,12,,False,,False,False,90.486,90.48599999999999
98,0 days 00:35:14.772000,PER,11,,3.0,2.0,,0 days 00:29:54.942000,23.695,26.619,,0 days 00:28:58.934000,0 days 00:29:25.487000,,240.0,276.0,,326.0,False,SOFT,3.0,False,Red Bull Racing,0 days 00:28:35.047000,2024-06-07 21:13:36.370,1,,False,,False,False,,
99,0 days 00:36:41.591000,PER,11,0 days 00:01:26.819000,4.0,3.0,0 days 00:35:16.226000,,27.844,26.421,32.554,0 days 00:35:42.616000,0 days 00:36:09.037000,0 days 00:36:41.591000,233.0,275.0,280.0,302.0,False,SOFT,4.0,False,Red Bull Racing,0 days 00:35:14.772000,2024-06-07 21:20:16.095,1,,False,,False,False,86.819,86.819
100,0 days 00:38:04.180000,PER,11,0 days 00:01:22.589000,5.0,3.0,,,22.878,25.518,34.193,0 days 00:37:04.469000,0 days 00:37:29.987000,0 days 00:38:04.180000,243.0,281.0,280.0,306.0,True,SOFT,5.0,False,Red Bull Racing,0 days 00:36:41.591000,2024-06-07 21:21:42.914,1,,False,,False,True,82.589,82.589
101,0 days 00:39:22.826000,PER,11,0 days 00:01:18.646000,6.0,3.0,,,22.293,25.095,31.258,0 days 00:38:26.473000,0 days 00:38:51.568000,0 days 00:39:22.826000,253.0,279.0,289.0,306.0,True,SOFT,6.0,False,Red Bull Racing,0 days 00:38:04.180000,2024-06-07 21:23:05.503,1,,False,,False,True,78.646,78.646
102,0 days 00:40:39.867000,PER,11,0 days 00:01:17.041000,7.0,3.0,,,21.908,24.478,30.655,0 days 00:39:44.734000,0 days 00:40:09.212000,0 days 00:40:39.867000,255.0,279.0,290.0,326.0,True,SOFT,7.0,False,Red Bull Racing,0 days 00:39:22.826000,2024-06-07 21:24:24.149,1,,False,,False,True,77.041,77.041
103,0 days 00:42:21.995000,PER,11,0 days 00:01:42.128000,8.0,3.0,,,24.941,31.003,46.184,0 days 00:41:04.808000,0 days 00:41:35.811000,0 days 00:42:21.995000,204.0,243.0,290.0,157.0,False,SOFT,8.0,False,Red Bull Racing,0 days 00:40:39.867000,2024-06-07 21:25:41.190,1,,False,,False,True,102.128,102.128
104,0 days 01:03:40.464000,PER,11,,9.0,3.0,,0 days 00:43:39.943000,22.705,26.802,,0 days 00:42:45.016000,0 days 00:43:11.757000,,246.0,275.0,,299.0,False,SOFT,9.0,False,Red Bull Racing,0 days 00:42:21.995000,2024-06-07 21:27:23.318,12,,False,,False,False,,
105,0 days 01:05:17.674000,PER,11,0 days 00:01:37.210000,10.0,4.0,0 days 01:03:41.913000,,29.99,29.267,37.953,0 days 01:04:10.454000,0 days 01:04:39.721000,0 days 01:05:17.674000,226.0,272.0,271.0,275.0,False,INTERMEDIATE,7.0,False,Red Bull Racing,0 days 01:03:40.464000,2024-06-07 21:48:41.787,1,,False,,False,False,97.21,97.21000000000001
106,0 days 01:06:53.193000,PER,11,0 days 00:01:35.519000,11.0,4.0,,,25.99,29.334,40.195,0 days 01:05:43.664000,0 days 01:06:12.998000,0 days 01:06:53.193000,233.0,273.0,272.0,139.0,False,INTERMEDIATE,8.0,False,Red Bull Racing,0 days 01:05:17.674000,2024-06-07 21:50:18.997,1,,False,,False,True,95.519,95.519
107,0 days 01:08:20.820000,PER,11,0 days 00:01:27.627000,12.0,4.0,,,25.024,27.715,34.888,0 days 01:07:18.217000,0 days 01:07:45.932000,0 days 01:08:20.820000,244.0,274.0,273.0,304.0,False,INTERMEDIATE,9.0,False,Red Bull Racing,0 days 01:06:53.193000,2024-06-07 21:51:54.516,1,,False,,False,True,87.627,87.62700000000001
108,0 days 01:09:47.404000,PER,11,0 days 00:01:26.584000,13.0,4.0,,,24.995,27.251,34.338,0 days 01:08:45.815000,0 days 01:09:13.066000,0 days 01:09:47.404000,243.0,276.0,274.0,307.0,False,INTERMEDIATE,10.0,False,Red Bull Racing,0 days 01:08:20.820000,2024-06-07 21:53:22.143,1,,False,,False,True,86.584,86.584
109,0 days 01:11:32.870000,PER,11,0 days 00:01:45.466000,14.0,4.0,,,30.989,36.77,37.707,0 days 01:10:18.393000,0 days 01:10:55.163000,0 days 01:11:32.870000,169.0,251.0,274.0,229.0,False,INTERMEDIATE,11.0,False,Red Bull Racing,0 days 01:09:47.404000,2024-06-07 21:54:48.727,1,,False,,False,True,105.466,105.46600000000001
110,0 days 01:12:58.639000,PER,11,0 days 00:01:25.769000,15.0,4.0,,,24.681,27.121,33.967,0 days 01:11:57.551000,0 days 01:12:24.672000,0 days 01:12:58.639000,243.0,275.0,273.0,304.0,False,INTERMEDIATE,12.0,False,Red Bull Racing,0 days 01:11:32.870000,2024-06-07 21:56:34.193,1,,False,,False,True,85.769,85.769
111,0 days 01:14:44.785000,PER,11,0 days 00:01:46.146000,16.0,4.0,,,29.183,33.83,43.133,0 days 01:13:27.822000,0 days 01:14:01.652000,0 days 01:14:44.785000,194.0,251.0,273.0,129.0,False,INTERMEDIATE,13.0,False,Red Bull Racing,0 days 01:12:58.639000,2024-06-07 21:57:59.962,1,,False,,False,True,106.146,106.146
112,0 days 01:16:14.081000,PER,11,0 days 00:01:29.296000,17.0,4.0,,,24.852,29.199,35.245,0 days 01:15:09.637000,0 days 01:15:38.836000,0 days 01:16:14.081000,240.0,272.0,263.0,305.0,False,INTERMEDIATE,14.0,False,Red Bull Racing,0 days 01:14:44.785000,2024-06-07 21:59:46.108,12,,False,,False,True,89.296,89.29599999999999
113,0 days 01:18:25.767000,PER,11,0 days 00:02:11.686000,18.0,4.0,,,28.282,32.207,71.197,0 days 01:16:42.363000,0 days 01:17:14.570000,0 days 01:18:25.767000,153.0,216.0,144.0,230.0,False,INTERMEDIATE,15.0,False,Red Bull Racing,0 days 01:16:14.081000,2024-06-07 22:01:15.404,1,,False,,False,True,131.686,131.686
114,0 days 01:19:55.434000,PER,11,,19.0,4.0,,0 days 01:19:55.434000,28.021,29.924,,0 days 01:18:53.903000,0 days 01:19:23.850000,,224.0,248.0,,265.0,False,INTERMEDIATE,16.0,False,Red Bull Racing,0 days 01:18:25.767000,2024-06-07 22:03:27.090,1,,False,,False,False,,
115,0 days 00:24:51.563000,ALO,14,,1.0,1.0,0 days 00:15:16.708000,0 days 00:16:52.318000,34.975,30.901,,0 days 00:15:49.371000,0 days 00:16:20.243000,,175.0,262.0,,187.0,False,SOFT,1.0,True,Aston Martin,0 days 00:15:16.708000,2024-06-07 21:00:18.031,1,,False,,False,False,,
116,0 days 00:26:26.520000,ALO,14,0 days 00:01:34.957000,2.0,2.0,0 days 00:24:53.145000,,27.843,27.989,39.125,0 days 00:25:19.406000,0 days 00:25:47.395000,0 days 00:26:26.520000,209.0,267.0,274.0,276.0,False,SOFT,2.0,False,Aston Martin,0 days 00:24:51.563000,2024-06-07 21:09:52.886,1,,False,,False,False,94.957,94.957
117,0 days 00:27:48.795000,ALO,14,0 days 00:01:22.275000,3.0,2.0,,,23.675,26.265,32.335,0 days 00:26:50.195000,0 days 00:27:16.460000,0 days 00:27:48.795000,225.0,277.0,286.0,300.0,True,SOFT,3.0,False,Aston Martin,0 days 00:26:26.520000,2024-06-07 21:11:27.843,1,,False,,False,True,82.275,82.275
118,0 days 00:29:09.394000,ALO,14,0 days 00:01:20.599000,4.0,2.0,,,22.442,25.635,32.522,0 days 00:28:11.237000,0 days 00:28:36.872000,0 days 00:29:09.394000,240.0,275.0,286.0,321.0,True,SOFT,4.0,False,Aston Martin,0 days 00:27:48.795000,2024-06-07 21:12:50.118,12,,False,,False,True,80.599,80.59899999999999
119,0 days 00:30:29.845000,ALO,14,0 days 00:01:20.451000,5.0,2.0,,,22.458,25.532,32.461,0 days 00:29:31.852000,0 days 00:29:57.384000,0 days 00:30:29.845000,250.0,277.0,284.0,324.0,True,SOFT,5.0,False,Aston Martin,0 days 00:29:09.394000,2024-06-07 21:14:10.717,1,,False,,False,True,80.451,80.451
120,0 days 00:31:54.379000,ALO,14,0 days 00:01:24.534000,6.0,2.0,,,23.403,27.294,33.837,0 days 00:30:53.248000,0 days 00:31:20.542000,0 days 00:31:54.379000,214.0,265.0,278.0,309.0,False,SOFT,6.0,False,Aston Martin,0 days 00:30:29.845000,2024-06-07 21:15:31.168,1,,False,,False,True,84.534,84.534
121,0 days 00:33:13.041000,ALO,14,0 days 00:01:18.662000,7.0,2.0,,,22.199,25.148,31.315,0 days 00:32:16.578000,0 days 00:32:41.726000,0 days 00:33:13.041000,252.0,280.0,278.0,304.0,True,SOFT,7.0,False,Aston Martin,0 days 00:31:54.379000,2024-06-07 21:16:55.702,1,,False,,False,True,78.662,78.662
122,0 days 00:34:30.876000,ALO,14,0 days 00:01:17.835000,8.0,2.0,,,21.984,24.652,31.199,0 days 00:33:35.025000,0 days 00:33:59.677000,0 days 00:34:30.876000,254.0,281.0,281.0,307.0,True,SOFT,8.0,False,Aston Martin,0 days 00:33:13.041000,2024-06-07 21:18:14.364,1,,False,,False,True,77.835,77.83500000000001
123,0 days 00:36:02.489000,ALO,14,0 days 00:01:31.613000,9.0,2.0,,,25.536,29.68,36.397,0 days 00:34:56.412000,0 days 00:35:26.092000,0 days 00:36:02.489000,209.0,263.0,281.0,288.0,False,SOFT,9.0,False,Aston Martin,0 days 00:34:30.876000,2024-06-07 21:19:32.199,1,,False,,False,True,91.613,91.613
124,0 days 00:37:19.157000,ALO,14,0 days 00:01:16.668000,10.0,2.0,,,21.543,24.381,30.744,0 days 00:36:24.032000,0 days 00:36:48.413000,0 days 00:37:19.157000,254.0,281.0,281.0,305.0,True,SOFT,10.0,False,Aston Martin,0 days 00:36:02.489000,2024-06-07 21:21:03.812,1,,False,,False,True,76.668,76.668
125,0 days 00:38:53.725000,ALO,14,0 days 00:01:34.568000,11.0,2.0,,,25.504,29.058,40.006,0 days 00:37:44.661000,0 days 00:38:13.719000,0 days 00:38:53.725000,186.0,259.0,281.0,183.0,False,SOFT,11.0,False,Aston Martin,0 days 00:37:19.157000,2024-06-07 21:22:20.480,1,,False,,False,True,94.568,94.568
126,0 days 00:40:09.535000,ALO,14,0 days 00:01:15.810000,12.0,2.0,,,21.574,24.061,30.175,0 days 00:39:15.299000,0 days 00:39:39.360000,0 days 00:40:09.535000,255.0,281.0,293.0,327.0,True,SOFT,12.0,False,Aston Martin,0 days 00:38:53.725000,2024-06-07 21:23:55.048,1,,False,,False,True,75.81,75.81
127,0 days 00:41:40.333000,ALO,14,0 days 00:01:30.798000,13.0,2.0,,,25.924,28.88,35.994,0 days 00:40:35.459000,0 days 00:41:04.339000,0 days 00:41:40.333000,195.0,257.0,292.0,308.0,False,SOFT,13.0,False,Aston Martin,0 days 00:40:09.535000,2024-06-07 21:25:10.858,1,,False,,False,True,90.798,90.798
128,0 days 00:43:13.758000,ALO,14,0 days 00:01:33.425000,14.0,2.0,,,26.146,29.233,38.046,0 days 00:42:06.479000,0 days 00:42:35.712000,0 days 00:43:13.758000,206.0,256.0,292.0,311.0,False,SOFT,14.0,False,Aston Martin,0 days 00:41:40.333000,2024-06-07 21:26:41.656,1,,False,,False,True,93.425,93.42500000000001
129,0 days 00:55:59.202000,ALO,14,,15.0,2.0,,0 days 00:44:38.456000,23.871,30.185,,0 days 00:43:37.947000,0 days 00:44:08.076000,,199.0,235.0,,254.0,False,SOFT,15.0,False,Aston Martin,0 days 00:43:13.758000,2024-06-07 21:28:15.081,1,,False,,False,False,,
130,0 days 00:58:03.183000,ALO,14,0 days 00:02:03.981000,16.0,3.0,0 days 00:56:03.034000,,54.402,32.095,37.484,0 days 00:56:53.604000,0 days 00:57:25.699000,0 days 00:58:03.183000,178.0,256.0,270.0,281.0,False,INTERMEDIATE,2.0,False,Aston Martin,0 days 00:55:59.202000,2024-06-07 21:41:00.525,1,,False,,False,False,123.981,123.981
131,0 days 00:59:32.898000,ALO,14,0 days 00:01:29.715000,17.0,3.0,,,26.084,28.669,34.962,0 days 00:58:29.267000,0 days 00:58:57.936000,0 days 00:59:32.898000,215.0,268.0,271.0,294.0,False,INTERMEDIATE,3.0,False,Aston Martin,0 days 00:58:03.183000,2024-06-07 21:43:04.506,1,,False,,False,True,89.715,89.715
132,0 days 01:01:01.945000,ALO,14,0 days 00:01:29.047000,18.0,3.0,,,25.847,28.238,34.962,0 days 00:59:58.745000,0 days 01:00:26.983000,0 days 01:01:01.945000,226.0,271.0,271.0,296.0,False,INTERMEDIATE,4.0,False,Aston Martin,0 days 00:59:32.898000,2024-06-07 21:44:34.221,1,,False,,False,True,89.047,89.047
133,0 days 01:02:43.236000,ALO,14,0 days 00:01:41.291000,19.0,3.0,,,30.856,30.502,39.933,0 days 01:01:32.801000,0 days 01:02:03.303000,0 days 01:02:43.236000,189.0,272.0,273.0,247.0,False,INTERMEDIATE,5.0,False,Aston Martin,0 days 01:01:01.945000,2024-06-07 21:46:03.268,12,,False,,False,True,101.291,101.291
134,0 days 01:04:10.419000,ALO,14,0 days 00:01:27.183000,20.0,3.0,,,25.073,27.953,34.157,0 days 01:03:08.309000,0 days 01:03:36.262000,0 days 01:04:10.419000,234.0,272.0,273.0,300.0,False,INTERMEDIATE,6.0,False,Aston Martin,0 days 01:02:43.236000,2024-06-07 21:47:44.559,1,,False,,False,True,87.183,87.18299999999999
135,0 days 01:12:10.998000,ALO,14,,21.0,3.0,,0 days 01:05:47.557000,28.269,36.475,,0 days 01:04:38.823000,0 days 01:05:15.996000,,193.0,242.0,,255.0,False,INTERMEDIATE,7.0,False,Aston Martin,0 days 01:04:10.419000,2024-06-07 21:49:11.742,1,,False,,False,False,,
136,0 days 01:13:46.084000,ALO,14,0 days 00:01:35.086000,22.0,4.0,0 days 01:12:12.474000,,29.466,29.268,36.352,0 days 01:12:40.464000,0 days 01:13:09.732000,0 days 01:13:46.084000,205.0,260.0,273.0,286.0,False,INTERMEDIATE,8.0,False,Aston Martin,0 days 01:12:10.998000,2024-06-07 21:57:12.321,1,,False,,False,False,95.086,95.086
137,0 days 01:15:12.800000,ALO,14,0 days 00:01:26.716000,23.0,4.0,,,24.642,27.556,34.518,0 days 01:14:10.726000,0 days 01:14:38.282000,0 days 01:15:12.800000,235.0,272.0,272.0,298.0,False,INTERMEDIATE,9.0,False,Aston Martin,0 days 01:13:46.084000,2024-06-07 21:58:47.407,1,,False,,False,True,86.716,86.71600000000001
138,0 days 01:17:41.294000,ALO,14,0 days 00:02:28.494000,24.0,4.0,,,31.034,33.751,83.709,0 days 01:15:43.834000,0 days 01:16:17.585000,0 days 01:17:41.294000,155.0,202.0,4.0,195.0,False,INTERMEDIATE,10.0,False,Aston Martin,0 days 01:15:12.800000,2024-06-07 22:00:14.123,12,,False,,False,True,148.494,148.494
139,0 days 01:19:12.637000,ALO,14,,25.0,4.0,,0 days 01:19:12.637000,30.095,29.334,,0 days 01:18:11.613000,0 days 01:18:40.857000,,201.0,271.0,,282.0,False,INTERMEDIATE,11.0,False,Aston Martin,0 days 01:17:41.294000,2024-06-07 22:02:42.617,1,,False,,False,False,,
140,0 days 00:25:53.080000,LEC,16,,1.0,1.0,0 days 00:16:18.707000,0 days 00:18:18.072000,35.308,42.581,,0 days 00:16:52.808000,0 days 00:17:35.411000,,138.0,141.0,,162.0,False,INTERMEDIATE,6.0,False,Ferrari,0 days 00:16:18.707000,2024-06-07 21:01:20.030,1,,False,,False,False,,
141,0 days 00:27:33.442000,LEC,16,0 days 00:01:40.362000,2.0,2.0,0 days 00:25:55.786000,,31.196,27.42,41.746,0 days 00:26:24.276000,0 days 00:26:51.696000,0 days 00:27:33.442000,204.0,273.0,282.0,115.0,False,MEDIUM,1.0,True,Ferrari,0 days 00:25:53.080000,2024-06-07 21:10:54.403,1,,False,,False,False,100.362,100.362
142,0 days 00:28:57.949000,LEC,16,0 days 00:01:24.507000,3.0,2.0,,,23.62,27.252,33.635,0 days 00:27:57.062000,0 days 00:28:24.314000,0 days 00:28:57.949000,237.0,275.0,290.0,324.0,True,MEDIUM,2.0,True,Ferrari,0 days 00:27:33.442000,2024-06-07 21:12:34.765,12,,False,,False,True,84.507,84.507
143,0 days 00:30:30.024000,LEC,16,0 days 00:01:32.075000,4.0,2.0,,,24.223,30.545,37.307,0 days 00:29:22.172000,0 days 00:29:52.717000,0 days 00:30:30.024000,209.0,251.0,273.0,280.0,False,MEDIUM,3.0,True,Ferrari,0 days 00:28:57.949000,2024-06-07 21:13:59.272,1,,False,,False,True,92.075,92.075
144,0 days 00:32:04.690000,LEC,16,0 days 00:01:34.666000,5.0,2.0,,,25.47,28.323,40.873,0 days 00:30:55.494000,0 days 00:31:23.817000,0 days 00:32:04.690000,220.0,256.0,273.0,293.0,False,MEDIUM,4.0,True,Ferrari,0 days 00:30:30.024000,2024-06-07 21:15:31.347,1,,False,,False,True,94.666,94.666
145,0 days 00:33:28.172000,LEC,16,0 days 00:01:23.482000,6.0,2.0,,,24.173,26.978,32.331,0 days 00:32:28.863000,0 days 00:32:55.841000,0 days 00:33:28.172000,237.0,276.0,277.0,304.0,True,MEDIUM,5.0,True,Ferrari,0 days 00:32:04.690000,2024-06-07 21:17:06.013,1,,False,,False,True,83.482,83.482
146,0 days 00:34:48.014000,LEC,16,0 days 00:01:19.842000,7.0,2.0,,,23.197,25.238,31.407,0 days 00:33:51.369000,0 days 00:34:16.607000,0 days 00:34:48.014000,252.0,281.0,279.0,305.0,True,MEDIUM,6.0,True,Ferrari,0 days 00:33:28.172000,2024-06-07 21:18:29.495,1,,False,,False,True,79.842,79.842
147,0 days 00:36:06.533000,LEC,16,0 days 00:01:18.519000,8.0,2.0,,,22.895,24.654,30.97,0 days 00:35:10.909000,0 days 00:35:35.563000,0 days 00:36:06.533000,256.0,281.0,281.0,308.0,True,MEDIUM,7.0,True,Ferrari,0 days 00:34:48.014000,2024-06-07 21:19:49.337,1,,False,,False,True,78.519,78.519
148,0 days 00:37:23.089000,LEC,16,0 days 00:01:16.556000,9.0,2.0,,,21.833,24.09,30.633,0 days 00:36:28.366000,0 days 00:36:52.456000,0 days 00:37:23.089000,258.0,283.0,277.0,302.0,True,MEDIUM,8.0,True,Ferrari,0 days 00:36:06.533000,2024-06-07 21:21:07.856,1,,False,,False,True,76.556,76.556
149,0 days 00:39:05.511000,LEC,16,0 days 00:01:42.422000,10.0,2.0,,,26.69,32.132,43.6,0 days 00:37:49.779000,0 days 00:38:21.911000,0 days 00:39:05.511000,198.0,243.0,278.0,181.0,False,MEDIUM,9.0,True,Ferrari,0 days 00:37:23.089000,2024-06-07 21:22:24.412,1,,False,,False,True,102.422,102.422
150,0 days 00:40:28.503000,LEC,16,0 days 00:01:22.992000,11.0,2.0,,,22.223,28.046,32.723,0 days 00:39:27.734000,0 days 00:39:55.780000,0 days 00:40:28.503000,254.0,265.0,291.0,301.0,False,MEDIUM,10.0,True,Ferrari,0 days 00:39:05.511000,2024-06-07 21:24:06.834,1,,False,,False,True,82.992,82.99199999999999
151,0 days 00:41:49.226000,LEC,16,0 days 00:01:20.723000,12.0,2.0,,,22.105,24.423,34.195,0 days 00:40:50.608000,0 days 00:41:15.031000,0 days 00:41:49.226000,255.0,273.0,289.0,254.0,False,MEDIUM,11.0,True,Ferrari,0 days 00:40:28.503000,2024-06-07 21:25:29.826,1,,False,,False,True,80.723,80.723
152,0 days 00:43:19.483000,LEC,16,0 days 00:01:30.257000,13.0,2.0,,,22.696,28.438,39.123,0 days 00:42:11.922000,0 days 00:42:40.360000,0 days 00:43:19.483000,229.0,256.0,285.0,275.0,False,MEDIUM,12.0,True,Ferrari,0 days 00:41:49.226000,2024-06-07 21:26:50.549,1,,False,,False,True,90.257,90.257
153,0 days 00:58:08.435000,LEC,16,,14.0,2.0,,0 days 00:44:39.477000,23.708,27.39,,0 days 00:43:43.481000,0 days 00:44:10.783000,,234.0,274.0,,322.0,False,MEDIUM,13.0,True,Ferrari,0 days 00:43:19.483000,2024-06-07 21:28:20.806,1,,False,,False,False,,
154,0 days 00:59:43.501000,LEC,16,0 days 00:01:35.066000,15.0,3.0,0 days 00:58:09.929000,,29.699,29.462,35.905,0 days 00:58:38.134000,0 days 00:59:07.596000,0 days 00:59:43.501000,209.0,267.0,270.0,295.0,False,INTERMEDIATE,7.0,False,Ferrari,0 days 00:58:08.435000,2024-06-07 21:43:09.758,1,,False,,False,False,95.066,95.066
155,0 days 01:01:11.811000,LEC,16,0 days 00:01:28.310000,16.0,3.0,,,25.441,28.168,34.701,0 days 01:00:08.942000,0 days 01:00:37.110000,0 days 01:01:11.811000,228.0,270.0,270.0,297.0,False,INTERMEDIATE,8.0,False,Ferrari,0 days 00:59:43.501000,2024-06-07 21:44:44.824,1,,False,,False,True,88.31,88.31
156,0 days 01:03:01.063000,LEC,16,0 days 00:01:49.252000,17.0,3.0,,,25.278,27.873,56.101,0 days 01:01:37.089000,0 days 01:02:04.962000,0 days 01:03:01.063000,231.0,273.0,254.0,78.0,False,INTERMEDIATE,9.0,False,Ferrari,0 days 01:01:11.811000,2024-06-07 21:46:13.134,12,,False,,False,True,109.252,109.252
157,0 days 01:04:40.074000,LEC,16,0 days 00:01:39.011000,18.0,3.0,,,28.296,33.893,36.822,0 days 01:03:29.359000,0 days 01:04:03.252000,0 days 01:04:40.074000,187.0,259.0,273.0,268.0,False,INTERMEDIATE,10.0,False,Ferrari,0 days 01:03:01.063000,2024-06-07 21:48:02.386,1,,False,,False,True,99.011,99.011
158,0 days 01:06:06.796000,LEC,16,0 days 00:01:26.722000,19.0,3.0,,,24.834,27.376,34.512,0 days 01:05:04.908000,0 days 01:05:32.284000,0 days 01:06:06.796000,239.0,272.0,273.0,300.0,False,INTERMEDIATE,11.0,False,Ferrari,0 days 01:04:40.074000,2024-06-07 21:49:41.397,1,,False,,False,True,86.722,86.72200000000001
159,0 days 01:07:32.581000,LEC,16,0 days 00:01:25.785000,20.0,3.0,,,24.304,27.419,34.062,0 days 01:06:31.100000,0 days 01:06:58.519000,0 days 01:07:32.581000,245.0,273.0,273.0,299.0,False,INTERMEDIATE,12.0,False,Ferrari,0 days 01:06:06.796000,2024-06-07 21:51:08.119,1,,False,,False,True,85.785,85.785
160,0 days 01:13:45.752000,LEC,16,,21.0,3.0,,0 days 01:09:15.511000,29.454,38.25,,0 days 01:08:02.210000,0 days 01:08:40.507000,,175.0,227.0,,202.0,False,INTERMEDIATE,13.0,False,Ferrari,0 days 01:07:32.581000,2024-06-07 21:52:33.904,1,,False,,False,False,,
161,0 days 01:15:47.070000,LEC,16,0 days 00:02:01.318000,22.0,4.0,0 days 01:13:47.241000,,34.378,42.132,44.808,0 days 01:14:20.130000,0 days 01:15:02.262000,0 days 01:15:47.070000,170.0,214.0,230.0,183.0,False,INTERMEDIATE,14.0,False,Ferrari,0 days 01:13:45.752000,2024-06-07 21:58:47.075,12,,False,,False,False,121.318,121.31799999999998
162,0 days 01:18:03.432000,LEC,16,0 days 00:02:16.362000,23.0,4.0,,,29.968,31.756,74.638,0 days 01:16:17.038000,0 days 01:16:48.794000,0 days 01:18:03.432000,183.0,210.0,31.0,219.0,False,INTERMEDIATE,15.0,False,Ferrari,0 days 01:15:47.070000,2024-06-07 22:00:48.393,1,,False,,False,True,136.362,136.36200000000002
163,0 days 01:19:40.188000,LEC,16,,24.0,4.0,,0 days 01:19:40.188000,31.308,31.552,,0 days 01:18:34.887000,0 days 01:19:06.434000,,174.0,236.0,,183.0,False,INTERMEDIATE,16.0,False,Ferrari,0 days 01:18:03.432000,2024-06-07 22:03:04.755,1,,False,,False,False,,
164,0 days 00:26:49.206000,STR,18,,1.0,1.0,0 days 00:15:21.103000,0 days 00:17:00.875000,38.598,32.776,,0 days 00:15:56.978000,0 days 00:16:29.733000,,143.0,258.0,,224.0,False,SOFT,1.0,True,Aston Martin,0 days 00:15:21.103000,2024-06-07 21:00:22.426,1,,False,,False,False,,
165,0 days 00:28:21.640000,STR,18,0 days 00:01:32.434000,2.0,2.0,0 days 00:26:50.736000,,28.526,28.764,35.144,0 days 00:27:17.732000,0 days 00:27:46.496000,0 days 00:28:21.640000,191.0,270.0,274.0,285.0,False,SOFT,2.0,False,Aston Martin,0 days 00:26:49.206000,2024-06-07 21:11:50.529,12,,False,,False,False,92.434,92.434
166,0 days 00:29:48.681000,STR,18,0 days 00:01:27.041000,3.0,2.0,,,24.639,27.361,35.041,0 days 00:28:46.279000,0 days 00:29:13.640000,0 days 00:29:48.681000,207.0,275.0,286.0,298.0,True,SOFT,3.0,False,Aston Martin,0 days 00:28:21.640000,2024-06-07 21:13:22.963,1,,False,,False,True,87.041,87.041
167,0 days 00:31:15.256000,STR,18,0 days 00:01:26.575000,4.0,2.0,,,23.374,25.522,37.679,0 days 00:30:12.055000,0 days 00:30:37.577000,0 days 00:31:15.256000,235.0,277.0,286.0,255.0,True,SOFT,4.0,False,Aston Martin,0 days 00:29:48.681000,2024-06-07 21:14:50.004,1,,False,,False,True,86.575,86.575
168,0 days 00:32:35.097000,STR,18,0 days 00:01:19.841000,5.0,2.0,,,22.449,25.327,32.065,0 days 00:31:37.705000,0 days 00:32:03.032000,0 days 00:32:35.097000,246.0,278.0,277.0,302.0,True,SOFT,5.0,False,Aston Martin,0 days 00:31:15.256000,2024-06-07 21:16:16.579,1,,False,,False,True,79.841,79.84100000000001
169,0 days 00:33:54.589000,STR,18,0 days 00:01:19.492000,6.0,2.0,,,22.907,25.145,31.44,0 days 00:32:58.004000,0 days 00:33:23.149000,0 days 00:33:54.589000,248.0,279.0,278.0,302.0,True,SOFT,6.0,False,Aston Martin,0 days 00:32:35.097000,2024-06-07 21:17:36.420,1,,False,,False,True,79.492,79.492
170,0 days 00:35:12.799000,STR,18,0 days 00:01:18.210000,7.0,2.0,,,22.345,24.749,31.116,0 days 00:34:16.934000,0 days 00:34:41.683000,0 days 00:35:12.799000,253.0,280.0,279.0,304.0,True,SOFT,7.0,False,Aston Martin,0 days 00:33:54.589000,2024-06-07 21:18:55.912,1,,False,,False,True,78.21,78.21
171,0 days 00:36:35.743000,STR,18,0 days 00:01:22.944000,8.0,2.0,,,24.049,25.954,32.941,0 days 00:35:36.848000,0 days 00:36:02.802000,0 days 00:36:35.743000,240.0,278.0,279.0,302.0,False,SOFT,8.0,False,Aston Martin,0 days 00:35:12.799000,2024-06-07 21:20:14.122,1,,False,,False,True,82.944,82.944
172,0 days 00:38:00.883000,STR,18,0 days 00:01:25.140000,9.0,2.0,,,25.332,25.116,34.692,0 days 00:37:01.075000,0 days 00:37:26.191000,0 days 00:38:00.883000,240.0,280.0,280.0,211.0,False,SOFT,9.0,False,Aston Martin,0 days 00:36:35.743000,2024-06-07 21:21:37.066,1,,False,,False,True,85.14,85.14
173,0 days 00:39:17.734000,STR,18,0 days 00:01:16.851000,10.0,2.0,,,21.544,24.291,31.016,0 days 00:38:22.427000,0 days 00:38:46.718000,0 days 00:39:17.734000,254.0,281.0,291.0,307.0,True,SOFT,10.0,False,Aston Martin,0 days 00:38:00.883000,2024-06-07 21:23:02.206,1,,False,,False,True,76.851,76.851
174,0 days 00:40:47.599000,STR,18,0 days 00:01:29.865000,11.0,2.0,,,23.806,29.92,36.139,0 days 00:39:41.540000,0 days 00:40:11.460000,0 days 00:40:47.599000,208.0,248.0,292.0,310.0,False,SOFT,11.0,False,Aston Martin,0 days 00:39:17.734000,2024-06-07 21:24:19.057,1,,False,,False,True,89.865,89.86500000000001
175,0 days 00:42:04.063000,STR,18,0 days 00:01:16.464000,12.0,2.0,,,21.641,24.267,30.556,0 days 00:41:09.240000,0 days 00:41:33.507000,0 days 00:42:04.063000,254.0,279.0,291.0,328.0,True,SOFT,12.0,False,Aston Martin,0 days 00:40:47.599000,2024-06-07 21:25:48.922,1,,False,,False,True,76.464,76.464
176,0 days 00:57:02.456000,STR,18,,13.0,2.0,,0 days 00:43:35.978000,32.996,29.269,,0 days 00:42:37.427000,0 days 00:43:06.597000,,177.0,246.0,,274.0,False,SOFT,13.0,False,Aston Martin,0 days 00:42:04.063000,2024-06-07 21:27:05.386,1,,False,,False,False,,
177,0 days 00:58:42.392000,STR,18,0 days 00:01:39.936000,14.0,3.0,0 days 00:57:03.872000,,31.599,30.937,37.4,0 days 00:57:34.055000,0 days 00:58:04.992000,0 days 00:58:42.392000,179.0,258.0,271.0,285.0,False,INTERMEDIATE,2.0,False,Aston Martin,0 days 00:57:02.456000,2024-06-07 21:42:03.779,1,,False,,False,False,99.936,99.936
178,0 days 01:00:13.277000,STR,18,0 days 00:01:30.885000,15.0,3.0,,,26.516,28.939,35.43,0 days 00:59:08.908000,0 days 00:59:37.847000,0 days 01:00:13.277000,210.0,270.0,271.0,294.0,False,INTERMEDIATE,3.0,False,Aston Martin,0 days 00:58:42.392000,2024-06-07 21:43:43.715,1,,False,,False,True,90.885,90.88499999999999
179,0 days 01:01:48.260000,STR,18,0 days 00:01:34.983000,16.0,3.0,,,25.992,28.383,40.608,0 days 01:00:39.269000,0 days 01:01:07.652000,0 days 01:01:48.260000,223.0,272.0,271.0,186.0,False,INTERMEDIATE,4.0,False,Aston Martin,0 days 01:00:13.277000,2024-06-07 21:45:14.600,1,,False,,False,True,94.983,94.983
180,0 days 01:03:19.831000,STR,18,0 days 00:01:31.571000,17.0,3.0,,,25.344,31.213,35.014,0 days 01:02:13.604000,0 days 01:02:44.817000,0 days 01:03:19.831000,232.0,260.0,273.0,298.0,False,INTERMEDIATE,5.0,False,Aston Martin,0 days 01:01:48.260000,2024-06-07 21:46:49.583,12,,False,,False,True,91.571,91.571
181,0 days 01:04:47.465000,STR,18,0 days 00:01:27.634000,18.0,3.0,,,25.189,28.056,34.389,0 days 01:03:45.020000,0 days 01:04:13.076000,0 days 01:04:47.465000,236.0,273.0,275.0,300.0,False,INTERMEDIATE,6.0,False,Aston Martin,0 days 01:03:19.831000,2024-06-07 21:48:21.154,1,,False,,False,True,87.634,87.63400000000001
182,0 days 01:06:55.502000,STR,18,0 days 00:02:08.037000,19.0,3.0,,0 days 01:06:27.780000,25.119,29.85,73.068,0 days 01:05:12.584000,0 days 01:05:42.434000,0 days 01:06:55.502000,239.0,183.0,,202.0,False,INTERMEDIATE,7.0,False,Aston Martin,0 days 01:04:47.465000,2024-06-07 21:49:48.788,1,,False,,False,False,128.037,128.037
183,0 days 01:08:33.787000,STR,18,0 days 00:01:38.285000,20.0,4.0,0 days 01:06:56.976000,,32.796,29.221,36.268,0 days 01:07:28.298000,0 days 01:07:57.519000,0 days 01:08:33.787000,211.0,272.0,273.0,299.0,False,INTERMEDIATE,8.0,False,Aston Martin,0 days 01:06:55.502000,2024-06-07 21:51:56.825,1,,False,,False,False,98.285,98.285
184,0 days 01:10:00.392000,STR,18,0 days 00:01:26.605000,21.0,4.0,,,24.616,27.671,34.318,0 days 01:08:58.403000,0 days 01:09:26.074000,0 days 01:10:00.392000,239.0,274.0,274.0,299.0,False,INTERMEDIATE,9.0,False,Aston Martin,0 days 01:08:33.787000,2024-06-07 21:53:35.110,1,,False,,False,True,86.605,86.60499999999999
185,0 days 01:11:26.836000,STR,18,0 days 00:01:26.444000,22.0,4.0,,,24.741,27.312,34.391,0 days 01:10:25.133000,0 days 01:10:52.445000,0 days 01:11:26.836000,244.0,275.0,275.0,300.0,False,INTERMEDIATE,10.0,False,Aston Martin,0 days 01:10:00.392000,2024-06-07 21:55:01.715,1,,False,,False,True,86.444,86.44399999999999
186,0 days 01:13:24.587000,STR,18,0 days 00:01:57.751000,23.0,4.0,,,36.803,41.187,39.761,0 days 01:12:03.639000,0 days 01:12:44.826000,0 days 01:13:24.587000,184.0,217.0,274.0,255.0,False,INTERMEDIATE,11.0,False,Aston Martin,0 days 01:11:26.836000,2024-06-07 21:56:28.159,1,,False,,False,True,117.751,117.751
187,0 days 01:14:51.457000,STR,18,0 days 00:01:26.870000,24.0,4.0,,,24.677,27.785,34.408,0 days 01:13:49.264000,0 days 01:14:17.049000,0 days 01:14:51.457000,240.0,275.0,277.0,294.0,False,INTERMEDIATE,12.0,False,Aston Martin,0 days 01:13:24.587000,2024-06-07 21:58:25.910,1,,False,,False,True,86.87,86.87
188,0 days 01:16:18.032000,STR,18,0 days 00:01:26.575000,25.0,4.0,,,24.84,27.693,34.042,0 days 01:15:16.297000,0 days 01:15:43.990000,0 days 01:16:18.032000,242.0,278.0,277.0,307.0,False,INTERMEDIATE,13.0,False,Aston Martin,0 days 01:14:51.457000,2024-06-07 21:59:52.780,12,,False,,False,True,86.575,86.575
189,0 days 01:18:44.992000,STR,18,0 days 00:02:26.960000,26.0,4.0,,,31.582,33.593,81.785,0 days 01:16:49.614000,0 days 01:17:23.207000,0 days 01:18:44.992000,179.0,207.0,176.0,250.0,False,INTERMEDIATE,14.0,False,Aston Martin,0 days 01:16:18.032000,2024-06-07 22:01:19.355,1,,False,,False,True,146.96,146.96
190,0 days 01:20:26.121000,STR,18,,27.0,4.0,,0 days 01:20:26.121000,30.111,33.547,,0 days 01:19:15.228000,0 days 01:19:48.766000,,164.0,200.0,,248.0,False,INTERMEDIATE,15.0,False,Aston Martin,0 days 01:18:44.992000,2024-06-07 22:03:46.315,1,,False,,False,False,,
191,0 days 00:27:21.243000,MAG,20,0 days 00:01:32.993000,1.0,1.0,0 days 00:25:49.681000,,29.382,28.951,34.66,0 days 00:26:17.895000,0 days 00:26:46.785000,0 days 00:27:21.438000,189.0,254.0,283.0,278.0,False,SOFT,3.0,False,Haas F1 Team,0 days 00:25:49.681000,2024-06-07 21:10:51.004,1,,False,,False,False,92.993,92.993
192,0 days 00:28:54.535000,MAG,20,0 days 00:01:33.292000,2.0,1.0,,,24.01,30.132,39.15,0 days 00:27:45.253000,0 days 00:28:15.385000,0 days 00:28:54.535000,210.0,253.0,283.0,272.0,True,SOFT,4.0,False,Haas F1 Team,0 days 00:27:21.243000,2024-06-07 21:12:22.566,12,,False,,False,True,93.292,93.292
193,0 days 00:30:20.754000,MAG,20,0 days 00:01:26.219000,3.0,1.0,,,24.105,28.122,33.992,0 days 00:29:18.640000,0 days 00:29:46.762000,0 days 00:30:20.754000,221.0,272.0,282.0,320.0,True,SOFT,5.0,False,Haas F1 Team,0 days 00:28:54.535000,2024-06-07 21:13:55.858,1,,False,,False,True,86.219,86.219
194,0 days 00:31:47.133000,MAG,20,0 days 00:01:26.379000,4.0,1.0,,,25.675,26.985,33.719,0 days 00:30:46.429000,0 days 00:31:13.414000,0 days 00:31:47.133000,211.0,274.0,283.0,283.0,False,SOFT,6.0,False,Haas F1 Team,0 days 00:30:20.754000,2024-06-07 21:15:22.077,1,,False,,False,True,86.379,86.37899999999999
195,0 days 00:33:09.821000,MAG,20,0 days 00:01:22.688000,5.0,1.0,,,23.868,26.789,32.031,0 days 00:32:11.001000,0 days 00:32:37.790000,0 days 00:33:09.821000,228.0,275.0,276.0,302.0,True,SOFT,7.0,False,Haas F1 Team,0 days 00:31:47.133000,2024-06-07 21:16:48.456,1,,False,,False,True,82.688,82.68799999999999
196,0 days 00:34:30.350000,MAG,20,0 days 00:01:20.529000,6.0,1.0,,,23.643,25.293,31.593,0 days 00:33:33.464000,0 days 00:33:58.757000,0 days 00:34:30.350000,239.0,275.0,277.0,302.0,True,SOFT,8.0,False,Haas F1 Team,0 days 00:33:09.821000,2024-06-07 21:18:11.144,1,,False,,False,True,80.529,80.529
197,0 days 00:35:49.188000,MAG,20,0 days 00:01:18.838000,7.0,1.0,,,22.681,24.87,31.287,0 days 00:34:53.031000,0 days 00:35:17.901000,0 days 00:35:49.188000,246.0,275.0,280.0,308.0,True,SOFT,9.0,False,Haas F1 Team,0 days 00:34:30.350000,2024-06-07 21:19:31.673,1,,False,,False,True,78.838,78.838
198,0 days 00:37:07.310000,MAG,20,0 days 00:01:18.122000,8.0,1.0,,,22.213,24.644,31.265,0 days 00:36:11.401000,0 days 00:36:36.045000,0 days 00:37:07.310000,244.0,279.0,277.0,298.0,True,SOFT,10.0,False,Haas F1 Team,0 days 00:35:49.188000,2024-06-07 21:20:50.511,1,,False,,False,True,78.122,78.122
199,0 days 00:38:31.424000,MAG,20,0 days 00:01:24.114000,9.0,1.0,,,24.293,26.817,33.004,0 days 00:37:31.603000,0 days 00:37:58.420000,0 days 00:38:31.424000,236.0,258.0,283.0,281.0,False,SOFT,11.0,False,Haas F1 Team,0 days 00:37:07.310000,2024-06-07 21:22:08.633,1,,False,,False,True,84.114,84.114
200,0 days 00:39:48.197000,MAG,20,0 days 00:01:16.773000,10.0,1.0,,,21.888,24.538,30.347,0 days 00:38:53.312000,0 days 00:39:17.850000,0 days 00:39:48.197000,255.0,283.0,295.0,329.0,True,SOFT,12.0,False,Haas F1 Team,0 days 00:38:31.424000,2024-06-07 21:23:32.747,1,,False,,False,True,76.773,76.773
201,0 days 00:41:14.203000,MAG,20,0 days 00:01:26.006000,11.0,1.0,,,23.937,27.178,34.891,0 days 00:40:12.134000,0 days 00:40:39.312000,0 days 00:41:14.203000,223.0,259.0,293.0,272.0,False,SOFT,13.0,False,Haas F1 Team,0 days 00:39:48.197000,2024-06-07 21:24:49.520,1,,False,,False,True,86.006,86.006
202,0 days 01:13:47.292000,MAG,20,,12.0,1.0,,0 days 00:42:41.979000,23.463,31.723,,0 days 00:41:37.952000,0 days 00:42:09.660000,,209.0,256.0,,199.0,False,SOFT,14.0,False,Haas F1 Team,0 days 00:41:14.203000,2024-06-07 21:26:15.526,12,,False,,False,False,,
203,0 days 01:15:41.435000,MAG,20,0 days 00:01:54.143000,13.0,2.0,0 days 01:13:48.739000,,37.807,38.155,38.181,0 days 01:14:25.099000,0 days 01:15:03.254000,0 days 01:15:41.435000,175.0,240.0,263.0,277.0,False,INTERMEDIATE,5.0,False,Haas F1 Team,0 days 01:13:47.292000,2024-06-07 21:58:48.615,12,,False,,False,False,114.143,114.143
204,0 days 01:18:07.243000,MAG,20,0 days 00:02:25.808000,14.0,2.0,,,26.697,30.014,89.097,0 days 01:16:08.132000,0 days 01:16:38.146000,0 days 01:18:07.243000,205.0,251.0,118.0,114.0,False,INTERMEDIATE,6.0,False,Haas F1 Team,0 days 01:15:41.435000,2024-06-07 22:00:42.758,1,,False,,False,True,145.808,145.808
205,0 days 01:19:45.170000,MAG,20,,15.0,2.0,,0 days 01:19:45.170000,31.994,34.924,,0 days 01:18:39.459000,0 days 01:19:14.299000,,157.0,249.0,,243.0,False,INTERMEDIATE,7.0,False,Haas F1 Team,0 days 01:18:07.243000,2024-06-07 22:03:08.566,1,,False,,False,False,,
206,0 days 00:26:32.528000,TSU,22,0 days 00:01:34.170000,1.0,1.0,0 days 00:24:59.748000,,29.393,28.154,36.623,0 days 00:25:28.014000,0 days 00:25:56.068000,0 days 00:26:32.528000,191.0,258.0,284.0,295.0,False,SOFT,1.0,True,RB,0 days 00:24:59.748000,2024-06-07 21:10:01.071,1,,False,,False,False,94.17,94.16999999999999
207,0 days 00:27:59.116000,TSU,22,0 days 00:01:26.588000,2.0,1.0,,,23.347,25.773,37.468,0 days 00:26:55.875000,0 days 00:27:21.648000,0 days 00:27:59.116000,227.0,279.0,290.0,111.0,True,SOFT,2.0,True,RB,0 days 00:26:32.528000,2024-06-07 21:11:33.851,1,,False,,False,True,86.588,86.58800000000001
208,0 days 00:33:57.312000,TSU,22,,3.0,1.0,,0 days 00:29:22.259000,24.444,28.961,,0 days 00:28:23.845000,0 days 00:28:52.669000,,216.0,277.0,,278.0,False,SOFT,3.0,True,RB,0 days 00:27:59.116000,2024-06-07 21:13:00.439,12,,False,,False,False,,
209,0 days 00:35:27.676000,TSU,22,0 days 00:01:30.364000,4.0,2.0,0 days 00:33:58.794000,,28.636,27.37,34.358,0 days 00:34:25.948000,0 days 00:34:53.318000,0 days 00:35:27.676000,217.0,260.0,276.0,276.0,False,SOFT,4.0,False,RB,0 days 00:33:57.312000,2024-06-07 21:18:58.635,1,,False,,False,False,90.364,90.364
210,0 days 00:36:47.574000,TSU,22,0 days 00:01:19.898000,5.0,2.0,,,22.949,25.469,31.48,0 days 00:35:50.625000,0 days 00:36:16.094000,0 days 00:36:47.574000,246.0,278.0,277.0,304.0,True,SOFT,5.0,False,RB,0 days 00:35:27.676000,2024-06-07 21:20:28.999,1,,False,,False,True,79.898,79.89800000000001
211,0 days 00:38:05.584000,TSU,22,0 days 00:01:18.010000,6.0,2.0,,,22.15,24.736,31.124,0 days 00:37:09.724000,0 days 00:37:34.460000,0 days 00:38:05.584000,253.0,280.0,283.0,307.0,True,SOFT,6.0,False,RB,0 days 00:36:47.574000,2024-06-07 21:21:48.897,1,,False,,False,True,78.01,78.00999999999999
212,0 days 00:39:41.738000,TSU,22,0 days 00:01:36.154000,7.0,2.0,,,24.866,30.271,41.017,0 days 00:38:30.450000,0 days 00:39:00.721000,0 days 00:39:41.738000,211.0,261.0,293.0,97.0,False,SOFT,7.0,False,RB,0 days 00:38:05.584000,2024-06-07 21:23:06.907,1,,False,,False,True,96.154,96.154
213,0 days 00:40:58.689000,TSU,22,0 days 00:01:16.951000,8.0,2.0,,,22.031,24.301,30.619,0 days 00:40:03.769000,0 days 00:40:28.070000,0 days 00:40:58.689000,256.0,282.0,297.0,328.0,True,SOFT,8.0,False,RB,0 days 00:39:41.738000,2024-06-07 21:24:43.061,1,,False,,False,True,76.951,76.951
214,0 days 00:42:27.253000,TSU,22,0 days 00:01:28.564000,9.0,2.0,,,27.673,27.918,32.973,0 days 00:41:26.362000,0 days 00:41:54.280000,0 days 00:42:27.253000,215.0,263.0,292.0,302.0,False,SOFT,9.0,False,RB,0 days 00:40:58.689000,2024-06-07 21:26:00.012,1,,False,,False,True,88.564,88.564
215,0 days 01:00:46.153000,TSU,22,,10.0,2.0,,0 days 00:43:58.620000,24.035,33.117,,0 days 00:42:51.561000,0 days 00:43:24.548000,,193.0,254.0,,165.0,False,SOFT,10.0,False,RB,0 days 00:42:27.253000,2024-06-07 21:27:28.576,1,,False,,False,False,,
216,0 days 01:02:23.387000,TSU,22,0 days 00:01:37.234000,11.0,3.0,0 days 01:00:48.475000,,31.268,29.424,36.542,0 days 01:01:17.421000,0 days 01:01:46.845000,0 days 01:02:23.387000,202.0,257.0,273.0,275.0,False,INTERMEDIATE,6.0,False,RB,0 days 01:00:46.153000,2024-06-07 21:45:47.476,12,,False,,False,False,97.234,97.23400000000001
217,0 days 01:03:51.863000,TSU,22,0 days 00:01:28.476000,12.0,3.0,,,25.588,28.218,34.67,0 days 01:02:48.975000,0 days 01:03:17.193000,0 days 01:03:51.863000,231.0,271.0,270.0,301.0,False,INTERMEDIATE,7.0,False,RB,0 days 01:02:23.387000,2024-06-07 21:47:24.710,12,,False,,False,True,88.476,88.476
218,0 days 01:05:19.164000,TSU,22,0 days 00:01:27.301000,13.0,3.0,,,25.094,27.625,34.582,0 days 01:04:16.957000,0 days 01:04:44.582000,0 days 01:05:19.164000,240.0,273.0,271.0,304.0,False,INTERMEDIATE,8.0,False,RB,0 days 01:03:51.863000,2024-06-07 21:48:53.186,1,,False,,False,True,87.301,87.301
219,0 days 01:06:58.705000,TSU,22,0 days 00:01:39.541000,14.0,3.0,,,28.084,30.367,41.09,0 days 01:05:47.248000,0 days 01:06:17.615000,0 days 01:06:58.705000,191.0,261.0,273.0,235.0,False,INTERMEDIATE,9.0,False,RB,0 days 01:05:19.164000,2024-06-07 21:50:20.487,1,,False,,False,True,99.541,99.541
220,0 days 01:08:24.687000,TSU,22,0 days 00:01:25.982000,15.0,3.0,,,24.799,27.326,33.857,0 days 01:07:23.504000,0 days 01:07:50.830000,0 days 01:08:24.687000,243.0,274.0,273.0,304.0,False,INTERMEDIATE,10.0,False,RB,0 days 01:06:58.705000,2024-06-07 21:52:00.028,1,,False,,False,True,85.982,85.982
221,0 days 01:09:50.235000,TSU,22,0 days 00:01:25.548000,16.0,3.0,,,24.569,26.971,34.008,0 days 01:08:49.256000,0 days 01:09:16.227000,0 days 01:09:50.235000,245.0,276.0,273.0,304.0,False,INTERMEDIATE,11.0,False,RB,0 days 01:08:24.687000,2024-06-07 21:53:26.010,1,,False,,False,True,85.548,85.548
222,0 days 01:11:25.906000,TSU,22,0 days 00:01:35.671000,17.0,3.0,,,25.739,32.709,37.223,0 days 01:10:15.974000,0 days 01:10:48.683000,0 days 01:11:25.906000,192.0,241.0,273.0,276.0,False,INTERMEDIATE,12.0,False,RB,0 days 01:09:50.235000,2024-06-07 21:54:51.558,1,,False,,False,True,95.671,95.671
223,0 days 01:12:50.915000,TSU,22,0 days 00:01:25.009000,18.0,3.0,,,24.387,26.83,33.792,0 days 01:11:50.293000,0 days 01:12:17.123000,0 days 01:12:50.915000,244.0,277.0,274.0,304.0,False,INTERMEDIATE,13.0,False,RB,0 days 01:11:25.906000,2024-06-07 21:56:27.229,1,,False,,False,True,85.009,85.009
224,0 days 01:14:37.344000,TSU,22,0 days 00:01:46.429000,19.0,3.0,,,29.298,33.77,43.361,0 days 01:13:20.213000,0 days 01:13:53.983000,0 days 01:14:37.344000,169.0,244.0,273.0,107.0,False,INTERMEDIATE,14.0,False,RB,0 days 01:12:50.915000,2024-06-07 21:57:52.238,1,,False,,False,True,106.429,106.429
225,0 days 01:16:08.474000,TSU,22,0 days 00:01:31.130000,20.0,3.0,,,24.207,29.351,37.572,0 days 01:15:01.551000,0 days 01:15:30.902000,0 days 01:16:08.474000,244.0,252.0,251.0,279.0,False,INTERMEDIATE,15.0,False,RB,0 days 01:14:37.344000,2024-06-07 21:59:38.667,12,,False,,False,True,91.13,91.13
226,0 days 01:18:19.669000,TSU,22,0 days 00:02:11.195000,21.0,3.0,,,28.291,30.883,72.021,0 days 01:16:36.765000,0 days 01:17:07.648000,0 days 01:18:19.669000,194.0,257.0,160.0,145.0,False,INTERMEDIATE,16.0,False,RB,0 days 01:16:08.474000,2024-06-07 22:01:09.797,1,,False,,False,True,131.195,131.195
227,0 days 01:19:51.719000,TSU,22,,22.0,3.0,,0 days 01:19:51.719000,30.537,30.924,,0 days 01:18:50.391000,0 days 01:19:21.245000,,165.0,234.0,,244.0,False,INTERMEDIATE,17.0,False,RB,0 days 01:18:19.669000,2024-06-07 22:03:20.992,1,,False,,False,False,,
228,0 days 00:29:41.693000,ALB,23,0 days 00:01:36.399000,1.0,1.0,0 days 00:28:06.881000,,29.558,28.924,37.917,0 days 00:28:35.160000,0 days 00:29:04.012000,0 days 00:29:41.841000,200.0,248.0,274.0,316.0,False,SOFT,1.0,True,Williams,0 days 00:28:06.881000,2024-06-07 21:13:08.204,21,,False,,False,False,96.399,96.399
229,0 days 00:31:09.010000,ALB,23,0 days 00:01:27.317000,2.0,1.0,,,25.871,28.345,33.101,0 days 00:30:07.564000,0 days 00:30:35.909000,0 days 00:31:09.010000,205.0,266.0,284.0,319.0,True,SOFT,2.0,True,Williams,0 days 00:29:41.693000,2024-06-07 21:14:43.016,1,,False,,False,True,87.317,87.317
230,0 days 00:32:30.838000,ALB,23,0 days 00:01:21.828000,3.0,1.0,,,23.449,25.97,32.409,0 days 00:31:32.459000,0 days 00:31:58.429000,0 days 00:32:30.838000,233.0,277.0,270.0,302.0,True,SOFT,3.0,True,Williams,0 days 00:31:09.010000,2024-06-07 21:16:10.333,1,,False,,False,True,81.828,81.828
231,0 days 00:33:51.220000,ALB,23,0 days 00:01:20.382000,4.0,1.0,,,23.33,25.284,31.768,0 days 00:32:54.168000,0 days 00:33:19.452000,0 days 00:33:51.220000,246.0,278.0,275.0,303.0,True,SOFT,4.0,True,Williams,0 days 00:32:30.838000,2024-06-07 21:17:32.161,1,,False,,False,True,80.382,80.382
232,0 days 00:35:10.288000,ALB,23,0 days 00:01:19.068000,5.0,1.0,,,22.799,24.951,31.318,0 days 00:34:14.019000,0 days 00:34:38.970000,0 days 00:35:10.288000,251.0,279.0,278.0,304.0,True,SOFT,5.0,True,Williams,0 days 00:33:51.220000,2024-06-07 21:18:52.543,1,,False,,False,True,79.068,79.068
233,0 days 00:36:28.925000,ALB,23,0 days 00:01:18.637000,6.0,1.0,,,22.48,24.729,31.428,0 days 00:35:32.768000,0 days 00:35:57.497000,0 days 00:36:28.925000,251.0,280.0,280.0,307.0,True,SOFT,6.0,True,Williams,0 days 00:35:10.288000,2024-06-07 21:20:11.611,1,,False,,False,True,78.637,78.637
234,0 days 00:37:57.006000,ALB,23,0 days 00:01:28.081000,7.0,1.0,,,27.07,28.164,32.847,0 days 00:36:55.995000,0 days 00:37:24.159000,0 days 00:37:57.006000,223.0,264.0,284.0,292.0,False,SOFT,7.0,True,Williams,0 days 00:36:28.925000,2024-06-07 21:21:30.248,1,,False,,False,True,88.081,88.081
235,0 days 00:39:13.983000,ALB,23,0 days 00:01:16.977000,8.0,1.0,,,21.643,24.179,31.155,0 days 00:38:18.649000,0 days 00:38:42.828000,0 days 00:39:13.983000,257.0,283.0,296.0,313.0,True,SOFT,8.0,True,Williams,0 days 00:37:57.006000,2024-06-07 21:22:58.329,1,,False,,False,True,76.977,76.977
236,0 days 00:40:51.832000,ALB,23,0 days 00:01:37.849000,9.0,1.0,,,28.934,32.278,36.637,0 days 00:39:42.917000,0 days 00:40:15.195000,0 days 00:40:51.832000,208.0,251.0,292.0,294.0,False,SOFT,9.0,True,Williams,0 days 00:39:13.983000,2024-06-07 21:24:15.306,1,,False,,False,True,97.849,97.849
237,0 days 00:42:09.223000,ALB,23,0 days 00:01:17.391000,10.0,1.0,,,22.168,24.433,30.79,0 days 00:41:14,0 days 00:41:38.433000,0 days 00:42:09.223000,252.0,280.0,291.0,325.0,False,SOFT,10.0,True,Williams,0 days 00:40:51.832000,2024-06-07 21:25:53.155,1,,False,,False,True,77.391,77.39099999999999
238,0 days 01:00:04.128000,ALB,23,,11.0,1.0,,0 days 00:43:42.781000,28.504,31.658,,0 days 00:42:38.047000,0 days 00:43:09.541000,,182.0,239.0,,265.0,False,SOFT,11.0,True,Williams,0 days 00:42:09.223000,2024-06-07 21:27:10.546,1,,False,,False,False,,
239,0 days 01:01:41.498000,ALB,23,0 days 00:01:37.370000,12.0,2.0,0 days 01:00:05.549000,,31.187,30.282,35.901,0 days 01:00:35.315000,0 days 01:01:05.597000,0 days 01:01:41.498000,193.0,268.0,271.0,298.0,False,INTERMEDIATE,1.0,True,Williams,0 days 01:00:04.128000,2024-06-07 21:45:05.451,1,,False,,False,False,97.37,97.37
240,0 days 01:03:11.877000,ALB,23,0 days 00:01:30.379000,13.0,2.0,,,26.27,29.038,35.071,0 days 01:02:07.768000,0 days 01:02:36.806000,0 days 01:03:11.877000,221.0,270.0,272.0,299.0,False,INTERMEDIATE,2.0,True,Williams,0 days 01:01:41.498000,2024-06-07 21:46:42.821,12,,False,,False,True,90.379,90.37899999999999
241,0 days 01:04:43.219000,ALB,23,0 days 00:01:31.342000,14.0,2.0,,,25.477,28.148,37.717,0 days 01:03:37.354000,0 days 01:04:05.502000,0 days 01:04:43.219000,235.0,273.0,261.0,301.0,False,INTERMEDIATE,3.0,True,Williams,0 days 01:03:11.877000,2024-06-07 21:48:13.200,1,,False,,False,True,91.342,91.342
242,0 days 01:06:18.914000,ALB,23,0 days 00:01:35.695000,15.0,2.0,,,27.315,30.808,37.572,0 days 01:05:10.534000,0 days 01:05:41.342000,0 days 01:06:18.914000,229.0,249.0,274.0,197.0,False,INTERMEDIATE,4.0,True,Williams,0 days 01:04:43.219000,2024-06-07 21:49:44.542,1,,False,,False,True,95.695,95.69500000000001
243,0 days 01:07:46.318000,ALB,23,0 days 00:01:27.404000,16.0,2.0,,,25.025,27.768,34.611,0 days 01:06:43.939000,0 days 01:07:11.707000,0 days 01:07:46.318000,245.0,274.0,275.0,304.0,False,INTERMEDIATE,5.0,True,Williams,0 days 01:06:18.914000,2024-06-07 21:51:20.237,1,,False,,False,True,87.404,87.404
244,0 days 01:09:20.497000,ALB,23,0 days 00:01:34.179000,17.0,2.0,,,27.565,29.556,37.058,0 days 01:08:13.883000,0 days 01:08:43.439000,0 days 01:09:20.497000,180.0,246.0,274.0,288.0,False,INTERMEDIATE,6.0,True,Williams,0 days 01:07:46.318000,2024-06-07 21:52:47.641,1,,False,,False,True,94.179,94.179
245,0 days 01:10:46.511000,ALB,23,0 days 00:01:26.014000,18.0,2.0,,,24.501,27.293,34.22,0 days 01:09:44.998000,0 days 01:10:12.291000,0 days 01:10:46.511000,247.0,273.0,272.0,300.0,False,INTERMEDIATE,7.0,True,Williams,0 days 01:09:20.497000,2024-06-07 21:54:21.820,1,,False,,False,True,86.014,86.014
246,0 days 01:14:06.075000,ALB,23,,19.0,2.0,,0 days 01:12:34.333000,34.106,41.371,,0 days 01:11:20.843000,0 days 01:12:02.121000,,155.0,210.0,,165.0,False,INTERMEDIATE,8.0,True,Williams,0 days 01:10:46.511000,2024-06-07 21:55:47.834,1,,False,,False,False,,
247,0 days 01:15:57.992000,ALB,23,0 days 00:01:51.917000,20.0,3.0,0 days 01:14:07.523000,,33.207,38.747,39.963,0 days 01:14:39.282000,0 days 01:15:18.029000,0 days 01:15:57.992000,174.0,183.0,254.0,297.0,False,INTERMEDIATE,9.0,False,Williams,0 days 01:14:06.075000,2024-06-07 21:59:07.398,12,,False,,False,False,111.917,111.917
248,0 days 01:18:14.119000,ALB,23,0 days 00:02:16.127000,21.0,3.0,,,29.133,30.708,76.286,0 days 01:16:27.125000,0 days 01:16:57.833000,0 days 01:18:14.119000,186.0,271.0,104.0,177.0,False,INTERMEDIATE,10.0,False,Williams,0 days 01:15:57.992000,2024-06-07 22:00:59.315,1,,False,,False,True,136.127,136.127
249,0 days 01:19:48.337000,ALB,23,,22.0,3.0,,0 days 01:19:48.337000,31.228,35.036,,0 days 01:18:45.477000,0 days 01:19:20.437000,,174.0,256.0,,301.0,False,INTERMEDIATE,11.0,False,Williams,0 days 01:18:14.119000,2024-06-07 22:03:15.442,1,,False,,False,False,,
250,0 days 00:36:24.942000,ZHO,24,,1.0,1.0,0 days 00:24:20.514000,0 days 00:25:59.320000,33.642,33.355,,0 days 00:24:52.994000,0 days 00:25:26.187000,,170.0,222.0,,227.0,False,INTERMEDIATE,1.0,True,Kick Sauber,0 days 00:24:20.514000,2024-06-07 21:09:21.837,12,,False,,False,False,,
251,0 days 00:38:10.241000,ZHO,24,0 days 00:01:45.299000,2.0,2.0,0 days 00:36:26.407000,,38.743,31.184,35.372,0 days 00:37:03.685000,0 days 00:37:34.869000,0 days 00:38:10.241000,164.0,208.0,273.0,280.0,False,SOFT,1.0,True,Kick Sauber,0 days 00:36:24.942000,2024-06-07 21:21:26.265,1,,False,,False,False,105.299,105.299
252,0 days 00:39:34.344000,ZHO,24,0 days 00:01:24.103000,3.0,2.0,,,24.857,26.414,32.832,0 days 00:38:35.098000,0 days 00:39:01.512000,0 days 00:39:34.344000,232.0,275.0,288.0,327.0,True,SOFT,2.0,True,Kick Sauber,0 days 00:38:10.241000,2024-06-07 21:23:11.564,1,,False,,False,True,84.103,84.10300000000001
253,0 days 00:40:58.069000,ZHO,24,0 days 00:01:23.725000,4.0,2.0,,,22.764,25.366,35.595,0 days 00:39:57.108000,0 days 00:40:22.474000,0 days 00:40:58.069000,243.0,276.0,290.0,180.0,True,SOFT,3.0,True,Kick Sauber,0 days 00:39:34.344000,2024-06-07 21:24:35.667,1,,False,,False,True,83.725,83.725
254,0 days 00:42:17.156000,ZHO,24,0 days 00:01:19.087000,5.0,2.0,,,22.577,24.965,31.545,0 days 00:41:20.646000,0 days 00:41:45.611000,0 days 00:42:17.156000,245.0,277.0,288.0,324.0,True,SOFT,4.0,True,Kick Sauber,0 days 00:40:58.069000,2024-06-07 21:25:59.392,1,,False,,False,True,79.087,79.087
255,0 days 00:43:54.682000,ZHO,24,0 days 00:01:37.526000,6.0,2.0,,,23.763,33.47,40.293,0 days 00:42:40.919000,0 days 00:43:14.389000,0 days 00:43:54.682000,177.0,249.0,285.0,208.0,False,SOFT,5.0,True,Kick Sauber,0 days 00:42:17.156000,2024-06-07 21:27:18.479,1,,False,,False,True,97.526,97.52600000000001
256,0 days 01:03:30.104000,ZHO,24,,7.0,2.0,,0 days 00:45:20.235000,23.925,29.856,,0 days 00:44:18.813000,0 days 00:44:48.629000,,230.0,214.0,,241.0,False,SOFT,6.0,True,Kick Sauber,0 days 00:43:54.682000,2024-06-07 21:28:56.005,12,,False,,False,False,,
257,0 days 01:05:16.063000,ZHO,24,0 days 00:01:45.959000,8.0,3.0,0 days 01:03:31.484000,,34.442,32.924,38.593,0 days 01:04:04.546000,0 days 01:04:37.470000,0 days 01:05:16.063000,180.0,239.0,268.0,256.0,False,INTERMEDIATE,2.0,False,Kick Sauber,0 days 01:03:30.104000,2024-06-07 21:48:31.427,1,,False,,False,False,105.959,105.959
258,0 days 01:06:48.339000,ZHO,24,0 days 00:01:32.276000,9.0,3.0,,,27.028,29.266,35.982,0 days 01:05:43.091000,0 days 01:06:12.357000,0 days 01:06:48.339000,218.0,270.0,271.0,296.0,False,INTERMEDIATE,3.0,False,Kick Sauber,0 days 01:05:16.063000,2024-06-07 21:50:17.386,1,,False,,False,True,92.276,92.276
259,0 days 01:08:17.836000,ZHO,24,0 days 00:01:29.497000,10.0,3.0,,,25.862,28.478,35.157,0 days 01:07:14.201000,0 days 01:07:42.679000,0 days 01:08:17.836000,230.0,273.0,274.0,301.0,False,INTERMEDIATE,4.0,False,Kick Sauber,0 days 01:06:48.339000,2024-06-07 21:51:49.662,1,,False,,False,True,89.497,89.497
260,0 days 01:09:46.122000,ZHO,24,0 days 00:01:28.286000,11.0,3.0,,,25.557,27.904,34.825,0 days 01:08:43.393000,0 days 01:09:11.297000,0 days 01:09:46.122000,239.0,275.0,275.0,304.0,False,INTERMEDIATE,5.0,False,Kick Sauber,0 days 01:08:17.836000,2024-06-07 21:53:19.159,1,,False,,False,True,88.286,88.286
261,0 days 01:11:42.077000,ZHO,24,0 days 00:01:55.955000,12.0,3.0,,,33.342,38.978,43.635,0 days 01:10:19.464000,0 days 01:10:58.442000,0 days 01:11:42.077000,177.0,228.0,275.0,172.0,False,INTERMEDIATE,6.0,False,Kick Sauber,0 days 01:09:46.122000,2024-06-07 21:54:47.445,1,,False,,False,True,115.955,115.95499999999998
262,0 days 01:13:09.677000,ZHO,24,0 days 00:01:27.600000,13.0,3.0,,,25.419,27.733,34.448,0 days 01:12:07.496000,0 days 01:12:35.229000,0 days 01:13:09.677000,238.0,276.0,276.0,304.0,False,INTERMEDIATE,7.0,False,Kick Sauber,0 days 01:11:42.077000,2024-06-07 21:56:43.400,1,,False,,False,True,87.6,87.6
263,0 days 01:14:49.731000,ZHO,24,0 days 00:01:40.054000,14.0,3.0,,,27.992,32.429,39.633,0 days 01:13:37.669000,0 days 01:14:10.098000,0 days 01:14:49.731000,184.0,253.0,276.0,157.0,False,INTERMEDIATE,8.0,False,Kick Sauber,0 days 01:13:09.677000,2024-06-07 21:58:11.000,1,,False,,False,True,100.054,100.054
264,0 days 01:16:17.199000,ZHO,24,0 days 00:01:27.468000,15.0,3.0,,,25.152,27.82,34.496,0 days 01:15:14.883000,0 days 01:15:42.703000,0 days 01:16:17.199000,240.0,277.0,276.0,305.0,False,INTERMEDIATE,9.0,False,Kick Sauber,0 days 01:14:49.731000,2024-06-07 21:59:51.054,12,,False,,False,True,87.468,87.468
265,0 days 01:18:45.562000,ZHO,24,0 days 00:02:28.363000,16.0,3.0,,,28.479,33.935,85.949,0 days 01:16:45.678000,0 days 01:17:19.613000,0 days 01:18:45.562000,182.0,225.0,192.0,212.0,False,INTERMEDIATE,10.0,False,Kick Sauber,0 days 01:16:17.199000,2024-06-07 22:01:18.522,1,,False,,False,True,148.363,148.363
266,0 days 01:20:32.337000,ZHO,24,,17.0,3.0,,0 days 01:20:32.337000,31.707,36.127,,0 days 01:19:17.417000,0 days 01:19:53.514000,,180.0,238.0,,256.0,False,INTERMEDIATE,11.0,False,Kick Sauber,0 days 01:18:45.562000,2024-06-07 22:03:46.885,1,,False,,False,False,,
267,0 days 00:28:28.713000,HUL,27,0 days 00:01:30.424000,1.0,1.0,0 days 00:26:59.655000,,27.49,28.62,34.314,0 days 00:27:25.916000,0 days 00:27:54.581000,0 days 00:28:28.713000,194.0,222.0,278.0,312.0,False,SOFT,1.0,True,Haas F1 Team,0 days 00:26:59.655000,2024-06-07 21:12:00.978,12,,False,,False,False,90.424,90.424
268,0 days 00:34:42.177000,HUL,27,,2.0,1.0,,0 days 00:29:51.326000,23.452,26.535,,0 days 00:28:52.354000,0 days 00:29:18.930000,,218.0,277.0,,313.0,False,SOFT,2.0,True,Haas F1 Team,0 days 00:28:28.713000,2024-06-07 21:13:30.036,1,,False,,False,False,,
269,0 days 00:36:11.031000,HUL,27,0 days 00:01:28.854000,3.0,2.0,0 days 00:34:43.603000,,27.169,28.25,33.435,0 days 00:35:09.346000,0 days 00:35:37.596000,0 days 00:36:11.031000,207.0,262.0,276.0,291.0,False,SOFT,3.0,False,Haas F1 Team,0 days 00:34:42.177000,2024-06-07 21:19:43.500,1,,False,,False,False,88.854,88.854
270,0 days 00:37:30.269000,HUL,27,0 days 00:01:19.238000,4.0,2.0,,,22.421,25.403,31.414,0 days 00:36:33.452000,0 days 00:36:58.855000,0 days 00:37:30.269000,238.0,278.0,279.0,305.0,True,SOFT,4.0,False,Haas F1 Team,0 days 00:36:11.031000,2024-06-07 21:21:12.354,1,,False,,False,True,79.238,79.238
271,0 days 00:38:48.172000,HUL,27,0 days 00:01:17.903000,5.0,2.0,,,21.545,25.145,31.213,0 days 00:37:51.814000,0 days 00:38:16.959000,0 days 00:38:48.172000,246.0,277.0,281.0,308.0,True,SOFT,5.0,False,Haas F1 Team,0 days 00:37:30.269000,2024-06-07 21:22:31.592,1,,False,,False,True,77.903,77.90299999999999
272,0 days 00:40:18.116000,HUL,27,0 days 00:01:29.944000,6.0,2.0,,,24.384,29.598,35.962,0 days 00:39:12.556000,0 days 00:39:42.154000,0 days 00:40:18.116000,218.0,257.0,287.0,218.0,False,SOFT,6.0,False,Haas F1 Team,0 days 00:38:48.172000,2024-06-07 21:23:49.495,1,,False,,False,True,89.944,89.944
273,0 days 00:41:52.814000,HUL,27,0 days 00:01:34.698000,7.0,2.0,,,26.785,29.704,38.209,0 days 00:40:44.901000,0 days 00:41:14.605000,0 days 00:41:52.814000,208.0,226.0,286.0,208.0,False,SOFT,7.0,False,Haas F1 Team,0 days 00:40:18.116000,2024-06-07 21:25:19.439,1,,False,,False,True,94.698,94.69800000000001
274,0 days 00:43:27.212000,HUL,27,0 days 00:01:34.398000,8.0,2.0,,,23.5,29.18,41.718,0 days 00:42:16.314000,0 days 00:42:45.494000,0 days 00:43:27.212000,226.0,253.0,281.0,136.0,False,SOFT,8.0,False,Haas F1 Team,0 days 00:41:52.814000,2024-06-07 21:26:54.137,1,,False,,False,True,94.398,94.398
275,0 days 01:00:48.948000,HUL,27,,9.0,2.0,,0 days 00:44:53.470000,24.871,29.85,,0 days 00:43:52.218000,0 days 00:44:22.098000,,203.0,256.0,,229.0,False,SOFT,9.0,False,Haas F1 Team,0 days 00:43:27.212000,2024-06-07 21:28:28.535,1,,False,,False,False,,
276,0 days 01:02:31.585000,HUL,27,0 days 00:01:42.637000,10.0,3.0,0 days 01:00:50.505000,,31.405,31.07,40.162,0 days 01:01:20.353000,0 days 01:01:51.423000,0 days 01:02:31.585000,187.0,266.0,269.0,227.0,False,INTERMEDIATE,1.0,True,Haas F1 Team,0 days 01:00:48.948000,2024-06-07 21:45:50.271,12,,False,,False,False,102.637,102.637
277,0 days 01:04:03.965000,HUL,27,0 days 00:01:32.380000,11.0,3.0,,,26.792,29.579,36.009,0 days 01:02:58.377000,0 days 01:03:27.956000,0 days 01:04:03.965000,209.0,271.0,272.0,301.0,False,INTERMEDIATE,2.0,True,Haas F1 Team,0 days 01:02:31.585000,2024-06-07 21:47:32.908,12,,False,,False,True,92.38,92.38
278,0 days 01:05:32.932000,HUL,27,0 days 00:01:28.967000,12.0,3.0,,,25.591,28.377,34.999,0 days 01:04:29.556000,0 days 01:04:57.933000,0 days 01:05:32.932000,224.0,272.0,273.0,303.0,False,INTERMEDIATE,3.0,True,Haas F1 Team,0 days 01:04:03.965000,2024-06-07 21:49:05.288,1,,False,,False,True,88.967,88.96700000000001
279,0 days 01:07:00.942000,HUL,27,0 days 00:01:28.010000,13.0,3.0,,,25.108,28.206,34.696,0 days 01:05:58.040000,0 days 01:06:26.246000,0 days 01:07:00.942000,232.0,274.0,275.0,304.0,False,INTERMEDIATE,4.0,True,Haas F1 Team,0 days 01:05:32.932000,2024-06-07 21:50:34.255,1,,False,,False,True,88.01,88.00999999999999
280,0 days 01:08:37.885000,HUL,27,0 days 00:01:36.943000,14.0,3.0,,,29.128,30.097,37.718,0 days 01:07:30.070000,0 days 01:08:00.167000,0 days 01:08:37.885000,195.0,242.0,273.0,244.0,False,INTERMEDIATE,5.0,True,Haas F1 Team,0 days 01:07:00.942000,2024-06-07 21:52:02.265,1,,False,,False,True,96.943,96.94300000000001
281,0 days 01:10:05.116000,HUL,27,0 days 00:01:27.231000,15.0,3.0,,,25.09,27.674,34.467,0 days 01:09:02.975000,0 days 01:09:30.649000,0 days 01:10:05.116000,233.0,273.0,274.0,303.0,False,INTERMEDIATE,6.0,True,Haas F1 Team,0 days 01:08:37.885000,2024-06-07 21:53:39.208,1,,False,,False,True,87.231,87.231
282,0 days 01:11:46.683000,HUL,27,0 days 00:01:41.567000,16.0,3.0,,,29.149,31.396,41.022,0 days 01:10:34.265000,0 days 01:11:05.661000,0 days 01:11:46.683000,185.0,250.0,273.0,203.0,False,INTERMEDIATE,7.0,True,Haas F1 Team,0 days 01:10:05.116000,2024-06-07 21:55:06.439,1,,False,,False,True,101.567,101.56700000000001
283,0 days 01:13:13.395000,HUL,27,0 days 00:01:26.712000,17.0,3.0,,,24.848,27.539,34.325,0 days 01:12:11.531000,0 days 01:12:39.070000,0 days 01:13:13.395000,234.0,274.0,274.0,304.0,False,INTERMEDIATE,8.0,True,Haas F1 Team,0 days 01:11:46.683000,2024-06-07 21:56:48.006,1,,False,,False,True,86.712,86.712
284,0 days 01:15:10.477000,HUL,27,0 days 00:01:57.082000,18.0,3.0,,,24.714,36.694,55.674,0 days 01:13:38.109000,0 days 01:14:14.803000,0 days 01:15:10.477000,230.0,105.0,240.0,141.0,False,INTERMEDIATE,9.0,True,Haas F1 Team,0 days 01:13:13.395000,2024-06-07 21:58:14.718,1,,False,,False,True,117.082,117.082
285,0 days 01:17:15.925000,HUL,27,0 days 00:02:05.448000,19.0,3.0,,,29.162,31.426,64.86,0 days 01:15:39.639000,0 days 01:16:11.065000,0 days 01:17:15.925000,186.0,248.0,9.0,244.0,False,INTERMEDIATE,10.0,True,Haas F1 Team,0 days 01:15:10.477000,2024-06-07 22:00:11.800,12,,False,,False,True,125.448,125.448
286,0 days 01:18:52.468000,HUL,27,,20.0,3.0,,0 days 01:18:52.468000,31.757,34.525,,0 days 01:17:47.897000,0 days 01:18:22.380000,,131.0,233.0,,258.0,False,INTERMEDIATE,11.0,True,Haas F1 Team,0 days 01:17:15.925000,2024-06-07 22:02:17.248,1,,False,,False,False,,
287,0 days 00:24:23.080000,OCO,31,,1.0,1.0,0 days 00:15:25.462000,0 days 00:17:08.066000,40.54,32.202,,0 days 00:16:02.330000,0 days 00:16:34.543000,,141.0,268.0,,148.0,False,SOFT,1.0,True,Alpine,0 days 00:15:25.462000,2024-06-07 21:00:26.785,1,,False,,False,False,,
288,0 days 00:25:57.360000,OCO,31,0 days 00:01:34.280000,2.0,2.0,0 days 00:24:24.650000,,30.875,29.402,34.003,0 days 00:24:53.955000,0 days 00:25:23.357000,0 days 00:25:57.360000,173.0,268.0,278.0,307.0,False,SOFT,2.0,False,Alpine,0 days 00:24:23.080000,2024-06-07 21:09:24.403,1,,False,,False,False,94.28,94.28
289,0 days 00:27:26.250000,OCO,31,0 days 00:01:28.890000,3.0,2.0,,,25.13,27.177,36.583,0 days 00:26:22.490000,0 days 00:26:49.667000,0 days 00:27:26.250000,210.0,270.0,281.0,312.0,True,SOFT,3.0,False,Alpine,0 days 00:25:57.360000,2024-06-07 21:10:58.683,1,,False,,False,True,88.89,88.89
290,0 days 00:28:50.836000,OCO,31,0 days 00:01:24.586000,4.0,2.0,,,23.873,27.56,33.153,0 days 00:27:50.123000,0 days 00:28:17.683000,0 days 00:28:50.836000,219.0,270.0,281.0,310.0,True,SOFT,4.0,False,Alpine,0 days 00:27:26.250000,2024-06-07 21:12:27.573,12,,False,,False,True,84.586,84.586
291,0 days 00:30:18.297000,OCO,31,0 days 00:01:27.461000,5.0,2.0,,,24.563,27.686,35.212,0 days 00:29:15.399000,0 days 00:29:43.085000,0 days 00:30:18.297000,221.0,269.0,278.0,310.0,False,SOFT,5.0,False,Alpine,0 days 00:28:50.836000,2024-06-07 21:13:52.159,1,,False,,False,True,87.461,87.461
292,0 days 00:31:41.495000,OCO,31,0 days 00:01:23.198000,6.0,2.0,,,24.639,26.601,31.958,0 days 00:30:42.936000,0 days 00:31:09.537000,0 days 00:31:41.495000,221.0,271.0,281.0,311.0,True,SOFT,6.0,False,Alpine,0 days 00:30:18.297000,2024-06-07 21:15:19.620,1,,False,,False,True,83.198,83.198
293,0 days 00:33:04.469000,OCO,31,0 days 00:01:22.974000,7.0,2.0,,,24.333,26.351,32.29,0 days 00:32:05.828000,0 days 00:32:32.179000,0 days 00:33:04.469000,231.0,272.0,270.0,296.0,True,SOFT,7.0,False,Alpine,0 days 00:31:41.495000,2024-06-07 21:16:42.818,1,,False,,False,True,82.974,82.97399999999999
294,0 days 00:34:26.160000,OCO,31,0 days 00:01:21.691000,8.0,2.0,,,24.133,25.686,31.872,0 days 00:33:28.602000,0 days 00:33:54.288000,0 days 00:34:26.160000,239.0,275.0,273.0,300.0,True,SOFT,8.0,False,Alpine,0 days 00:33:04.469000,2024-06-07 21:18:05.792,1,,False,,False,True,81.691,81.691
295,0 days 00:35:45.881000,OCO,31,0 days 00:01:19.721000,9.0,2.0,,,23.288,25.095,31.338,0 days 00:34:49.448000,0 days 00:35:14.543000,0 days 00:35:45.881000,238.0,276.0,277.0,302.0,True,SOFT,9.0,False,Alpine,0 days 00:34:26.160000,2024-06-07 21:19:27.483,1,,False,,False,True,79.721,79.721
296,0 days 00:37:04.160000,OCO,31,0 days 00:01:18.279000,10.0,2.0,,,22.509,24.676,31.094,0 days 00:36:08.390000,0 days 00:36:33.066000,0 days 00:37:04.160000,251.0,280.0,279.0,304.0,True,SOFT,10.0,False,Alpine,0 days 00:35:45.881000,2024-06-07 21:20:47.204,1,,False,,False,True,78.279,78.279
297,0 days 00:38:22.092000,OCO,31,0 days 00:01:17.932000,11.0,2.0,,,22.035,24.553,31.344,0 days 00:37:26.195000,0 days 00:37:50.748000,0 days 00:38:22.092000,253.0,276.0,273.0,295.0,True,SOFT,11.0,False,Alpine,0 days 00:37:04.160000,2024-06-07 21:22:05.483,1,,False,,False,True,77.932,77.932
298,0 days 00:39:46.907000,OCO,31,0 days 00:01:24.815000,12.0,2.0,,,23.573,26.59,34.652,0 days 00:38:45.665000,0 days 00:39:12.255000,0 days 00:39:46.907000,230.0,251.0,289.0,290.0,False,SOFT,12.0,False,Alpine,0 days 00:38:22.092000,2024-06-07 21:23:23.415,1,,False,,False,True,84.815,84.815
299,0 days 00:41:04.324000,OCO,31,0 days 00:01:17.417000,13.0,2.0,,,22.087,24.42,30.91,0 days 00:40:08.994000,0 days 00:40:33.414000,0 days 00:41:04.324000,252.0,277.0,289.0,321.0,True,SOFT,13.0,False,Alpine,0 days 00:39:46.907000,2024-06-07 21:24:48.230,1,,False,,False,True,77.417,77.417
300,0 days 00:42:32.393000,OCO,31,0 days 00:01:28.069000,14.0,2.0,,,24.132,27.083,36.854,0 days 00:41:28.456000,0 days 00:41:55.539000,0 days 00:42:32.393000,229.0,251.0,291.0,204.0,False,SOFT,14.0,False,Alpine,0 days 00:41:04.324000,2024-06-07 21:26:05.647,1,,False,,False,True,88.069,88.069
301,0 days 00:43:52.156000,OCO,31,0 days 00:01:19.763000,15.0,2.0,,,22.308,25.084,32.371,0 days 00:42:54.701000,0 days 00:43:19.785000,0 days 00:43:52.156000,250.0,276.0,286.0,321.0,False,SOFT,15.0,False,Alpine,0 days 00:42:32.393000,2024-06-07 21:27:33.716,1,,False,,False,True,79.763,79.763
302,0 days 00:55:22.839000,OCO,31,,16.0,2.0,,0 days 00:45:10.144000,22.471,26.099,,0 days 00:44:14.862000,0 days 00:44:40.971000,,251.0,273.0,,289.0,False,SOFT,16.0,False,Alpine,0 days 00:43:52.156000,2024-06-07 21:28:53.479,1,,False,,False,False,,
303,0 days 00:57:00.598000,OCO,31,0 days 00:01:37.759000,17.0,3.0,0 days 00:55:24.247000,,31.155,30.242,36.362,0 days 00:55:53.994000,0 days 00:56:24.236000,0 days 00:57:00.598000,184.0,266.0,265.0,291.0,False,INTERMEDIATE,1.0,True,Alpine,0 days 00:55:22.839000,2024-06-07 21:40:24.162,1,,False,,False,False,97.759,97.75900000000001
304,0 days 00:58:31.673000,OCO,31,0 days 00:01:31.075000,18.0,3.0,,,26.44,28.865,35.77,0 days 00:57:27.038000,0 days 00:57:55.903000,0 days 00:58:31.673000,210.0,262.0,264.0,288.0,False,INTERMEDIATE,2.0,True,Alpine,0 days 00:57:00.598000,2024-06-07 21:42:01.921,1,,False,,False,True,91.075,91.075
305,0 days 01:00:01.897000,OCO,31,0 days 00:01:30.224000,19.0,3.0,,,26.298,28.385,35.541,0 days 00:58:57.971000,0 days 00:59:26.356000,0 days 01:00:01.897000,227.0,271.0,266.0,289.0,False,INTERMEDIATE,3.0,True,Alpine,0 days 00:58:31.673000,2024-06-07 21:43:32.996,1,,False,,False,True,90.224,90.22399999999999
306,0 days 01:01:30.579000,OCO,31,0 days 00:01:28.682000,20.0,3.0,,,25.655,28.233,34.794,0 days 01:00:27.552000,0 days 01:00:55.785000,0 days 01:01:30.579000,233.0,268.0,273.0,297.0,False,INTERMEDIATE,4.0,True,Alpine,0 days 01:00:01.897000,2024-06-07 21:45:03.220,1,,False,,False,True,88.682,88.682
307,0 days 01:03:07.027000,OCO,31,0 days 00:01:36.448000,21.0,3.0,,,27.208,29.4,39.84,0 days 01:01:57.787000,0 days 01:02:27.187000,0 days 01:03:07.027000,221.0,258.0,275.0,190.0,False,INTERMEDIATE,5.0,True,Alpine,0 days 01:01:30.579000,2024-06-07 21:46:31.902,12,,False,,False,True,96.448,96.44800000000001
308,0 days 01:04:34.561000,OCO,31,0 days 00:01:27.534000,22.0,3.0,,,25.418,27.761,34.355,0 days 01:03:32.445000,0 days 01:04:00.206000,0 days 01:04:34.561000,240.0,274.0,274.0,302.0,False,INTERMEDIATE,6.0,True,Alpine,0 days 01:03:07.027000,2024-06-07 21:48:08.350,1,,False,,False,True,87.534,87.53399999999999
309,0 days 01:06:14.046000,OCO,31,0 days 00:01:39.485000,23.0,3.0,,,27.91,33.546,38.029,0 days 01:05:02.471000,0 days 01:05:36.017000,0 days 01:06:14.046000,196.0,258.0,275.0,268.0,False,INTERMEDIATE,7.0,True,Alpine,0 days 01:04:34.561000,2024-06-07 21:49:35.884,1,,False,,False,True,99.485,99.48500000000001
310,0 days 01:07:41.235000,OCO,31,0 days 00:01:27.189000,24.0,3.0,,,25.224,27.654,34.311,0 days 01:06:39.270000,0 days 01:07:06.924000,0 days 01:07:41.235000,245.0,275.0,275.0,302.0,False,INTERMEDIATE,8.0,True,Alpine,0 days 01:06:14.046000,2024-06-07 21:51:15.369,1,,False,,False,True,87.189,87.189
311,0 days 01:09:31.851000,OCO,31,0 days 00:01:50.616000,25.0,3.0,,,33.033,30.85,46.733,0 days 01:08:14.268000,0 days 01:08:45.118000,0 days 01:09:31.851000,204.0,248.0,275.0,217.0,False,INTERMEDIATE,9.0,True,Alpine,0 days 01:07:41.235000,2024-06-07 21:52:42.558,1,,False,,False,True,110.616,110.616
312,0 days 01:10:58.113000,OCO,31,0 days 00:01:26.262000,26.0,3.0,,,24.768,27.33,34.164,0 days 01:09:56.619000,0 days 01:10:23.949000,0 days 01:10:58.113000,249.0,275.0,275.0,302.0,False,INTERMEDIATE,10.0,True,Alpine,0 days 01:09:31.851000,2024-06-07 21:54:33.174,1,,False,,False,True,86.262,86.262
313,0 days 01:12:33.917000,OCO,31,0 days 00:01:35.804000,27.0,3.0,,,30.171,29.061,36.572,0 days 01:11:28.284000,0 days 01:11:57.345000,0 days 01:12:33.917000,226.0,258.0,260.0,285.0,False,INTERMEDIATE,11.0,True,Alpine,0 days 01:10:58.113000,2024-06-07 21:55:59.436,1,,False,,False,True,95.804,95.804
314,0 days 01:14:04.216000,OCO,31,0 days 00:01:30.299000,28.0,3.0,,,25.776,28.832,35.691,0 days 01:12:59.693000,0 days 01:13:28.525000,0 days 01:14:04.216000,223.0,259.0,276.0,272.0,False,INTERMEDIATE,12.0,True,Alpine,0 days 01:12:33.917000,2024-06-07 21:57:35.240,1,,False,,False,True,90.299,90.299
315,0 days 01:15:30.373000,OCO,31,0 days 00:01:26.157000,29.0,3.0,,,24.531,27.711,33.915,0 days 01:14:28.747000,0 days 01:14:56.458000,0 days 01:15:30.373000,246.0,274.0,274.0,301.0,False,INTERMEDIATE,13.0,True,Alpine,0 days 01:14:04.216000,2024-06-07 21:59:05.539,12,,False,,False,True,86.157,86.157
316,0 days 01:17:58.603000,OCO,31,0 days 00:02:28.230000,30.0,3.0,,,27.759,34.957,85.514,0 days 01:15:58.132000,0 days 01:16:33.089000,0 days 01:17:58.603000,211.0,201.0,106.0,176.0,False,INTERMEDIATE,14.0,True,Alpine,0 days 01:15:30.373000,2024-06-07 22:00:31.696,1,,False,,False,True,148.23,148.23
317,0 days 01:19:37.880000,OCO,31,,31.0,3.0,,0 days 01:19:37.880000,31.425,34.741,,0 days 01:18:30.255000,0 days 01:19:04.864000,,163.0,207.0,,224.0,False,INTERMEDIATE,15.0,True,Alpine,0 days 01:17:58.603000,2024-06-07 22:02:59.926,1,,False,,False,False,,
318,0 days 00:16:51.814000,HAM,44,0 days 00:01:44.480000,1.0,1.0,0 days 00:15:09.760000,,36.353,29.756,38.371,0 days 00:15:43.805000,0 days 00:16:13.475000,0 days 00:16:51.888000,163.0,266.0,281.0,227.0,False,SOFT,1.0,True,Mercedes,0 days 00:15:09.760000,2024-06-07 21:00:11.083,1,,False,,False,False,104.48,104.48000000000002
319,0 days 00:18:26.624000,HAM,44,0 days 00:01:34.810000,2.0,1.0,,,31.151,30.113,33.546,0 days 00:17:22.965000,0 days 00:17:53.078000,0 days 00:18:26.624000,156.0,273.0,271.0,314.0,True,SOFT,2.0,True,Mercedes,0 days 00:16:51.814000,2024-06-07 21:01:53.137,1,,False,,False,True,94.81,94.81
320,0 days 00:25:13.772000,HAM,44,,3.0,1.0,,0 days 00:19:52.397000,29.019,29.101,,0 days 00:18:55.844000,0 days 00:19:24.844000,,186.0,273.0,,294.0,False,SOFT,3.0,True,Mercedes,0 days 00:18:26.624000,2024-06-07 21:03:27.947,1,,False,,False,False,,
321,0 days 00:26:45.087000,HAM,44,0 days 00:01:31.315000,4.0,2.0,0 days 00:25:15.210000,,29.818,28.433,33.064,0 days 00:25:43.590000,0 days 00:26:12.023000,0 days 00:26:45.087000,176.0,265.0,286.0,301.0,False,SOFT,4.0,False,Mercedes,0 days 00:25:13.772000,2024-06-07 21:10:15.095,1,,False,,False,False,91.315,91.315
322,0 days 00:28:06.157000,HAM,44,0 days 00:01:21.070000,5.0,2.0,,,23.417,25.591,32.062,0 days 00:27:08.504000,0 days 00:27:34.095000,0 days 00:28:06.157000,228.0,277.0,289.0,318.0,True,SOFT,5.0,False,Mercedes,0 days 00:26:45.087000,2024-06-07 21:11:46.410,12,,False,,False,True,81.07,81.07
323,0 days 00:29:30.804000,HAM,44,0 days 00:01:24.647000,6.0,2.0,,,22.443,26.794,35.41,0 days 00:28:28.600000,0 days 00:28:55.394000,0 days 00:29:30.804000,245.0,275.0,286.0,314.0,False,SOFT,6.0,False,Mercedes,0 days 00:28:06.157000,2024-06-07 21:13:07.480,21,,False,,False,True,84.647,84.64699999999999
324,0 days 00:30:54.142000,HAM,44,0 days 00:01:23.338000,7.0,2.0,,,22.747,25.444,35.147,0 days 00:29:53.551000,0 days 00:30:18.995000,0 days 00:30:54.142000,244.0,278.0,265.0,324.0,False,SOFT,7.0,False,Mercedes,0 days 00:29:30.804000,2024-06-07 21:14:32.127,1,,False,,False,True,83.338,83.338
325,0 days 00:32:19.367000,HAM,44,0 days 00:01:25.225000,8.0,2.0,,,22.757,25.028,37.44,0 days 00:31:16.899000,0 days 00:31:41.927000,0 days 00:32:19.367000,251.0,280.0,278.0,198.0,False,SOFT,8.0,False,Mercedes,0 days 00:30:54.142000,2024-06-07 21:15:55.465,1,,False,,False,True,85.225,85.225
326,0 days 00:33:39.584000,HAM,44,0 days 00:01:20.217000,9.0,2.0,,,23.085,24.97,32.162,0 days 00:32:42.452000,0 days 00:33:07.422000,0 days 00:33:39.584000,250.0,279.0,276.0,305.0,True,SOFT,9.0,False,Mercedes,0 days 00:32:19.367000,2024-06-07 21:17:20.690,1,,False,,False,True,80.217,80.217
327,0 days 00:35:04.848000,HAM,44,0 days 00:01:25.264000,10.0,2.0,,,23.622,25.346,36.296,0 days 00:34:03.206000,0 days 00:34:28.552000,0 days 00:35:04.848000,240.0,283.0,278.0,170.0,False,SOFT,10.0,False,Mercedes,0 days 00:33:39.584000,2024-06-07 21:18:40.907,1,,False,,False,True,85.264,85.26400000000001
328,0 days 00:36:22.948000,HAM,44,0 days 00:01:18.100000,11.0,2.0,,,22.176,24.719,31.205,0 days 00:35:27.024000,0 days 00:35:51.743000,0 days 00:36:22.948000,244.0,279.0,279.0,296.0,True,SOFT,11.0,False,Mercedes,0 days 00:35:04.848000,2024-06-07 21:20:06.171,1,,False,,False,True,78.1,78.1
329,0 days 00:37:39.856000,HAM,44,0 days 00:01:16.908000,12.0,2.0,,,21.642,24.21,31.056,0 days 00:36:44.590000,0 days 00:37:08.800000,0 days 00:37:39.856000,254.0,280.0,280.0,301.0,True,SOFT,12.0,False,Mercedes,0 days 00:36:22.948000,2024-06-07 21:21:24.271,1,,False,,False,True,76.908,76.908
330,0 days 00:39:13.125000,HAM,44,0 days 00:01:33.269000,13.0,2.0,,,28.139,29.567,35.563,0 days 00:38:07.995000,0 days 00:38:37.562000,0 days 00:39:13.125000,162.0,195.0,293.0,290.0,False,SOFT,13.0,False,Mercedes,0 days 00:37:39.856000,2024-06-07 21:22:41.179,1,,False,,False,True,93.269,93.269
331,0 days 00:40:31.504000,HAM,44,0 days 00:01:18.379000,14.0,2.0,,,21.535,23.818,33.026,0 days 00:39:34.660000,0 days 00:39:58.478000,0 days 00:40:31.504000,259.0,286.0,277.0,330.0,False,SOFT,14.0,False,Mercedes,0 days 00:39:13.125000,2024-06-07 21:24:14.448,1,,False,,False,True,78.379,78.379
332,0 days 00:42:07.614000,HAM,44,0 days 00:01:36.110000,15.0,2.0,,,22.935,30.234,42.941,0 days 00:40:54.439000,0 days 00:41:24.673000,0 days 00:42:07.614000,235.0,180.0,294.0,208.0,False,SOFT,15.0,False,Mercedes,0 days 00:40:31.504000,2024-06-07 21:25:32.827,1,,False,,False,True,96.11,96.11
333,0 days 00:43:35.276000,HAM,44,0 days 00:01:27.662000,16.0,2.0,,,23.594,27.093,36.975,0 days 00:42:31.208000,0 days 00:42:58.301000,0 days 00:43:35.276000,232.0,267.0,292.0,194.0,False,SOFT,16.0,False,Mercedes,0 days 00:42:07.614000,2024-06-07 21:27:08.937,1,,False,,False,True,87.662,87.662
334,0 days 01:00:47.572000,HAM,44,,17.0,2.0,,0 days 00:44:50.666000,21.699,26.874,,0 days 00:43:57.071000,0 days 00:44:24.068000,,258.0,265.0,,310.0,False,SOFT,17.0,False,Mercedes,0 days 00:43:35.276000,2024-06-07 21:28:36.599,1,,False,,False,False,,
335,0 days 01:02:26.307000,HAM,44,0 days 00:01:38.735000,18.0,3.0,0 days 01:00:49.130000,,30.427,29.779,38.529,0 days 01:01:17.999000,0 days 01:01:47.778000,0 days 01:02:26.307000,196.0,260.0,274.0,190.0,False,INTERMEDIATE,8.0,False,Mercedes,0 days 01:00:47.572000,2024-06-07 21:45:48.895,12,,False,,False,False,98.735,98.73500000000001
336,0 days 01:03:57.460000,HAM,44,0 days 00:01:31.153000,19.0,3.0,,,25.066,27.938,38.149,0 days 01:02:51.373000,0 days 01:03:19.311000,0 days 01:03:57.460000,222.0,273.0,275.0,196.0,False,INTERMEDIATE,9.0,False,Mercedes,0 days 01:02:26.307000,2024-06-07 21:47:27.630,12,,False,,False,True,91.153,91.15299999999999
337,0 days 01:05:23.759000,HAM,44,0 days 00:01:26.299000,20.0,3.0,,,24.578,27.651,34.07,0 days 01:04:22.038000,0 days 01:04:49.689000,0 days 01:05:23.759000,238.0,273.0,274.0,303.0,False,INTERMEDIATE,10.0,False,Mercedes,0 days 01:03:57.460000,2024-06-07 21:48:58.783,1,,False,,False,True,86.299,86.299
338,0 days 01:09:53.769000,HAM,44,,21.0,3.0,,0 days 01:06:53.080000,25.676,29.902,,0 days 01:05:49.646000,0 days 01:06:19.431000,,191.0,239.0,,203.0,False,INTERMEDIATE,11.0,False,Mercedes,0 days 01:05:23.759000,2024-06-07 21:50:25.082,1,,False,,False,False,,
339,0 days 01:11:37.504000,HAM,44,0 days 00:01:43.735000,22.0,4.0,0 days 01:09:56.158000,,33.402,28.499,41.834,0 days 01:10:27.171000,0 days 01:10:55.670000,0 days 01:11:37.504000,213.0,267.0,273.0,145.0,False,INTERMEDIATE,12.0,False,Mercedes,0 days 01:09:53.769000,2024-06-07 21:54:55.092,1,,False,,False,False,103.735,103.735
340,0 days 01:13:07.717000,HAM,44,0 days 00:01:30.213000,23.0,4.0,,,24.394,27.009,38.81,0 days 01:12:01.898000,0 days 01:12:28.907000,0 days 01:13:07.717000,245.0,274.0,273.0,240.0,False,INTERMEDIATE,13.0,False,Mercedes,0 days 01:11:37.504000,2024-06-07 21:56:38.827,1,,False,,False,True,90.213,90.213
341,0 days 01:14:32.669000,HAM,44,0 days 00:01:24.952000,24.0,4.0,,,23.859,27.17,33.923,0 days 01:13:31.576000,0 days 01:13:58.746000,0 days 01:14:32.669000,248.0,275.0,275.0,301.0,False,INTERMEDIATE,14.0,False,Mercedes,0 days 01:13:07.717000,2024-06-07 21:58:09.040,1,,False,,False,True,84.952,84.952
342,0 days 01:16:01.666000,HAM,44,0 days 00:01:28.997000,25.0,4.0,,,24.008,29.178,35.811,0 days 01:14:56.677000,0 days 01:15:25.855000,0 days 01:16:01.666000,231.0,263.0,232.0,296.0,False,INTERMEDIATE,15.0,False,Mercedes,0 days 01:14:32.669000,2024-06-07 21:59:33.992,12,,False,,False,True,88.997,88.997
343,0 days 01:18:22.135000,HAM,44,0 days 00:02:20.469000,26.0,4.0,,,28.627,33.531,78.311,0 days 01:16:30.293000,0 days 01:17:03.824000,0 days 01:18:22.135000,175.0,197.0,124.0,244.0,False,INTERMEDIATE,16.0,False,Mercedes,0 days 01:16:01.666000,2024-06-07 22:01:02.989,1,,False,,False,True,140.469,140.469
344,0 days 01:19:56.530000,HAM,44,,27.0,4.0,,0 days 01:19:56.530000,29.652,31.179,,0 days 01:18:51.922000,0 days 01:19:23.022000,,198.0,233.0,,176.0,False,INTERMEDIATE,17.0,False,Mercedes,0 days 01:18:22.135000,2024-06-07 22:03:23.458,1,,False,,False,False,,
345,0 days 00:26:20.426000,SAI,55,,1.0,1.0,0 days 00:15:05.052000,0 days 00:16:42.329000,37.715,32.418,,0 days 00:15:40.109000,0 days 00:16:12.540000,,153.0,252.0,,295.0,False,MEDIUM,1.0,True,Ferrari,0 days 00:15:05.052000,2024-06-07 21:00:06.375,1,,False,,False,False,,
346,0 days 00:27:53.898000,SAI,55,0 days 00:01:33.472000,2.0,2.0,0 days 00:26:21.990000,,28.552,29.601,35.319,0 days 00:26:48.978000,0 days 00:27:18.579000,0 days 00:27:53.898000,195.0,260.0,283.0,294.0,False,MEDIUM,2.0,False,Ferrari,0 days 00:26:20.426000,2024-06-07 21:11:21.749,1,,False,,False,False,93.472,93.47200000000001
347,0 days 00:29:23.098000,SAI,55,0 days 00:01:29.200000,3.0,2.0,,,24.202,28.359,36.639,0 days 00:28:18.100000,0 days 00:28:46.459000,0 days 00:29:23.098000,207.0,271.0,283.0,319.0,True,MEDIUM,3.0,False,Ferrari,0 days 00:27:53.898000,2024-06-07 21:12:55.221,12,,False,,False,True,89.2,89.20000000000002
348,0 days 00:30:51.265000,SAI,55,0 days 00:01:28.167000,4.0,2.0,,,24.578,28.57,35.019,0 days 00:29:47.676000,0 days 00:30:16.246000,0 days 00:30:51.265000,206.0,273.0,283.0,280.0,True,MEDIUM,4.0,False,Ferrari,0 days 00:29:23.098000,2024-06-07 21:14:24.421,1,,False,,False,True,88.167,88.167
349,0 days 00:32:13.725000,SAI,55,0 days 00:01:22.460000,5.0,2.0,,,23.613,26.384,32.463,0 days 00:31:14.878000,0 days 00:31:41.262000,0 days 00:32:13.725000,224.0,275.0,274.0,301.0,True,MEDIUM,5.0,False,Ferrari,0 days 00:30:51.265000,2024-06-07 21:15:52.588,1,,False,,False,True,82.46,82.46000000000001
350,0 days 00:33:39.475000,SAI,55,0 days 00:01:25.750000,6.0,2.0,,,23.999,27.644,34.107,0 days 00:32:37.724000,0 days 00:33:05.368000,0 days 00:33:39.475000,230.0,255.0,278.0,284.0,False,MEDIUM,6.0,False,Ferrari,0 days 00:32:13.725000,2024-06-07 21:17:15.048,1,,False,,False,True,85.75,85.75
351,0 days 00:34:59.484000,SAI,55,0 days 00:01:20.009000,7.0,2.0,,,23.379,25.217,31.413,0 days 00:34:02.854000,0 days 00:34:28.071000,0 days 00:34:59.484000,243.0,281.0,280.0,305.0,True,MEDIUM,7.0,False,Ferrari,0 days 00:33:39.475000,2024-06-07 21:18:40.798,1,,False,,False,True,80.009,80.009
352,0 days 00:36:28.301000,SAI,55,0 days 00:01:28.817000,8.0,2.0,,,25.27,29.115,34.432,0 days 00:35:24.754000,0 days 00:35:53.869000,0 days 00:36:28.301000,230.0,256.0,283.0,286.0,False,MEDIUM,8.0,False,Ferrari,0 days 00:34:59.484000,2024-06-07 21:20:00.807,1,,False,,False,True,88.817,88.81700000000001
353,0 days 00:37:50.266000,SAI,55,0 days 00:01:21.965000,9.0,2.0,,,23.468,25.959,32.538,0 days 00:36:51.769000,0 days 00:37:17.728000,0 days 00:37:50.266000,243.0,262.0,284.0,284.0,False,MEDIUM,9.0,False,Ferrari,0 days 00:36:28.301000,2024-06-07 21:21:29.624,1,,False,,False,True,81.965,81.965
354,0 days 00:39:07.988000,SAI,55,0 days 00:01:17.722000,10.0,2.0,,,21.667,24.712,31.343,0 days 00:38:11.933000,0 days 00:38:36.645000,0 days 00:39:07.988000,250.0,279.0,283.0,308.0,True,MEDIUM,10.0,False,Ferrari,0 days 00:37:50.266000,2024-06-07 21:22:51.589,1,,False,,False,True,77.722,77.72200000000001
355,0 days 00:40:32.114000,SAI,55,0 days 00:01:24.126000,11.0,2.0,,,23.491,25.659,34.976,0 days 00:39:31.479000,0 days 00:39:57.138000,0 days 00:40:32.114000,236.0,271.0,295.0,274.0,False,MEDIUM,11.0,False,Ferrari,0 days 00:39:07.988000,2024-06-07 21:24:09.311,1,,False,,False,True,84.126,84.126
356,0 days 00:42:00.288000,SAI,55,0 days 00:01:28.174000,12.0,2.0,,,22.985,26.131,39.058,0 days 00:40:55.099000,0 days 00:41:21.230000,0 days 00:42:00.288000,239.0,260.0,291.0,311.0,False,MEDIUM,12.0,False,Ferrari,0 days 00:40:32.114000,2024-06-07 21:25:33.437,1,,False,,False,True,88.174,88.174
357,0 days 00:43:31.252000,SAI,55,0 days 00:01:30.964000,13.0,2.0,,,24.579,28.419,37.966,0 days 00:42:24.867000,0 days 00:42:53.286000,0 days 00:43:31.252000,227.0,256.0,289.0,299.0,False,MEDIUM,13.0,False,Ferrari,0 days 00:42:00.288000,2024-06-07 21:27:01.611,1,,False,,False,True,90.964,90.964
358,0 days 00:45:03.764000,SAI,55,0 days 00:01:32.512000,14.0,2.0,,,23.041,30.099,39.372,0 days 00:43:54.293000,0 days 00:44:24.392000,0 days 00:45:03.764000,242.0,248.0,277.0,276.0,False,MEDIUM,14.0,False,Ferrari,0 days 00:43:31.252000,2024-06-07 21:28:32.575,1,,False,,False,True,92.512,92.512
359,0 days 01:00:39.904000,SAI,55,,15.0,2.0,,0 days 00:46:38.624000,25.256,34.025,,0 days 00:45:29.169000,0 days 00:46:03.292000,,191.0,178.0,,247.0,False,MEDIUM,15.0,False,Ferrari,0 days 00:45:03.764000,2024-06-07 21:30:05.087,1,,False,,False,False,,
360,0 days 01:02:14.281000,SAI,55,0 days 00:01:34.377000,16.0,3.0,0 days 01:00:41.451000,,29.241,29.44,35.696,0 days 01:01:09.145000,0 days 01:01:38.585000,0 days 01:02:14.281000,195.0,268.0,269.0,296.0,False,INTERMEDIATE,7.0,False,Ferrari,0 days 01:00:39.904000,2024-06-07 21:45:41.227,12,,False,,False,False,94.377,94.377
361,0 days 01:03:43.443000,SAI,55,0 days 00:01:29.162000,17.0,3.0,,,25.609,28.097,35.456,0 days 01:02:39.890000,0 days 01:03:07.987000,0 days 01:03:43.443000,227.0,271.0,270.0,299.0,False,INTERMEDIATE,8.0,False,Ferrari,0 days 01:02:14.281000,2024-06-07 21:47:15.604,12,,False,,False,True,89.162,89.162
362,0 days 01:05:11.757000,SAI,55,0 days 00:01:28.314000,18.0,3.0,,,24.98,28.157,35.177,0 days 01:04:08.423000,0 days 01:04:36.580000,0 days 01:05:11.757000,242.0,270.0,270.0,299.0,False,INTERMEDIATE,9.0,False,Ferrari,0 days 01:03:43.443000,2024-06-07 21:48:44.766,1,,False,,False,True,88.314,88.314
363,0 days 01:06:39.188000,SAI,55,0 days 00:01:27.431000,19.0,3.0,,,24.997,27.752,34.682,0 days 01:05:36.754000,0 days 01:06:04.506000,0 days 01:06:39.188000,240.0,272.0,274.0,300.0,False,INTERMEDIATE,10.0,False,Ferrari,0 days 01:05:11.757000,2024-06-07 21:50:13.080,1,,False,,False,True,87.431,87.431
364,0 days 01:08:05.896000,SAI,55,0 days 00:01:26.708000,20.0,3.0,,,24.707,27.423,34.578,0 days 01:07:03.895000,0 days 01:07:31.318000,0 days 01:08:05.896000,242.0,273.0,270.0,300.0,False,INTERMEDIATE,11.0,False,Ferrari,0 days 01:06:39.188000,2024-06-07 21:51:40.511,1,,False,,False,True,86.708,86.708
365,0 days 01:09:43.758000,SAI,55,0 days 00:01:37.862000,21.0,3.0,,,28.085,30.413,39.364,0 days 01:08:33.981000,0 days 01:09:04.394000,0 days 01:09:43.758000,199.0,250.0,272.0,276.0,False,INTERMEDIATE,12.0,False,Ferrari,0 days 01:08:05.896000,2024-06-07 21:53:07.219,1,,False,,False,True,97.862,97.862
366,0 days 01:11:16.829000,SAI,55,0 days 00:01:33.071000,22.0,3.0,,,25.868,29.878,37.325,0 days 01:10:09.626000,0 days 01:10:39.504000,0 days 01:11:16.829000,180.0,252.0,272.0,284.0,False,INTERMEDIATE,13.0,False,Ferrari,0 days 01:09:43.758000,2024-06-07 21:54:45.081,1,,False,,False,True,93.071,93.071
367,0 days 01:12:42.252000,SAI,55,0 days 00:01:25.423000,23.0,3.0,,,24.385,27.053,33.985,0 days 01:11:41.214000,0 days 01:12:08.267000,0 days 01:12:42.252000,246.0,275.0,274.0,304.0,False,INTERMEDIATE,14.0,False,Ferrari,0 days 01:11:16.829000,2024-06-07 21:56:18.152,1,,False,,False,True,85.423,85.423
368,0 days 01:14:27.848000,SAI,55,0 days 00:01:45.596000,24.0,3.0,,,33.339,34.151,38.106,0 days 01:13:15.591000,0 days 01:13:49.742000,0 days 01:14:27.848000,144.0,207.0,272.0,276.0,False,INTERMEDIATE,15.0,False,Ferrari,0 days 01:12:42.252000,2024-06-07 21:57:43.575,1,,False,,False,True,105.596,105.596
369,0 days 01:16:10.411000,SAI,55,0 days 00:01:42.563000,25.0,3.0,,,25.775,40.306,36.482,0 days 01:14:53.623000,0 days 01:15:33.929000,0 days 01:16:10.411000,159.0,218.0,272.0,301.0,False,INTERMEDIATE,16.0,False,Ferrari,0 days 01:14:27.848000,2024-06-07 21:59:29.171,12,,False,,False,True,102.563,102.56299999999999
370,0 days 01:18:35.056000,SAI,55,0 days 00:02:24.645000,26.0,3.0,,,28.514,33.51,82.621,0 days 01:16:38.925000,0 days 01:17:12.435000,0 days 01:18:35.056000,157.0,221.0,169.0,232.0,False,INTERMEDIATE,17.0,False,Ferrari,0 days 01:16:10.411000,2024-06-07 22:01:11.734,1,,False,,False,True,144.645,144.64499999999998
371,0 days 01:20:09.127000,SAI,55,,27.0,3.0,,0 days 01:20:09.127000,30.001,31.907,,0 days 01:19:05.136000,0 days 01:19:37.143000,,163.0,213.0,,266.0,False,INTERMEDIATE,18.0,False,Ferrari,0 days 01:18:35.056000,2024-06-07 22:03:36.379,1,,False,,False,False,,
372,0 days 00:16:47.855000,RUS,63,0 days 00:01:42.719000,1.0,1.0,0 days 00:15:07.544000,,35.647,31.853,35.219,0 days 00:15:40.917000,0 days 00:16:12.736000,0 days 00:16:47.855000,147.0,240.0,276.0,314.0,False,SOFT,1.0,True,Mercedes,0 days 00:15:07.544000,2024-06-07 21:00:08.867,1,,False,,False,False,102.719,102.719
373,0 days 00:25:37.662000,RUS,63,,2.0,1.0,,0 days 00:18:26.682000,34.842,34.667,,0 days 00:17:22.803000,0 days 00:17:57.492000,,128.0,258.0,,314.0,False,SOFT,2.0,True,Mercedes,0 days 00:16:47.855000,2024-06-07 21:01:49.178,1,,False,,False,False,,
374,0 days 00:27:05.949000,RUS,63,0 days 00:01:28.287000,3.0,2.0,0 days 00:25:39.134000,,28.033,27.473,32.781,0 days 00:26:05.695000,0 days 00:26:33.168000,0 days 00:27:05.949000,201.0,277.0,284.0,316.0,False,SOFT,3.0,False,Mercedes,0 days 00:25:37.662000,2024-06-07 21:10:38.985,1,,False,,False,False,88.287,88.287
375,0 days 00:28:26.842000,RUS,63,0 days 00:01:20.893000,4.0,2.0,,,23.106,25.834,31.953,0 days 00:27:29.055000,0 days 00:27:54.889000,0 days 00:28:26.842000,241.0,277.0,286.0,317.0,True,SOFT,4.0,False,Mercedes,0 days 00:27:05.949000,2024-06-07 21:12:07.272,12,,False,,False,True,80.893,80.893
376,0 days 00:35:28.561000,RUS,63,,5.0,2.0,,0 days 00:29:46.794000,22.28,26.271,,0 days 00:28:49.246000,0 days 00:29:15.583000,,250.0,279.0,,320.0,False,SOFT,5.0,False,Mercedes,0 days 00:28:26.842000,2024-06-07 21:13:28.165,1,,False,,False,False,,
377,0 days 00:36:54.592000,RUS,63,0 days 00:01:26.031000,6.0,3.0,0 days 00:35:29.982000,,28.048,26.24,31.743,0 days 00:35:56.609000,0 days 00:36:22.849000,0 days 00:36:54.592000,225.0,276.0,277.0,300.0,False,SOFT,6.0,False,Mercedes,0 days 00:35:28.561000,2024-06-07 21:20:29.884,1,,False,,False,False,86.031,86.03099999999999
378,0 days 00:38:11.805000,RUS,63,0 days 00:01:17.213000,7.0,3.0,,,21.571,24.57,31.072,0 days 00:37:16.163000,0 days 00:37:40.733000,0 days 00:38:11.805000,255.0,279.0,280.0,303.0,True,SOFT,7.0,False,Mercedes,0 days 00:36:54.592000,2024-06-07 21:21:55.915,1,,False,,False,True,77.213,77.21300000000001
379,0 days 00:39:32.666000,RUS,63,0 days 00:01:20.861000,8.0,3.0,,,21.842,26.24,32.779,0 days 00:38:33.647000,0 days 00:38:59.887000,0 days 00:39:32.666000,253.0,273.0,289.0,311.0,False,SOFT,8.0,False,Mercedes,0 days 00:38:11.805000,2024-06-07 21:23:13.128,1,,False,,False,True,80.861,80.86099999999999
380,0 days 00:40:56.093000,RUS,63,0 days 00:01:23.427000,9.0,3.0,,,22.132,26.962,34.333,0 days 00:39:54.798000,0 days 00:40:21.760000,0 days 00:40:56.093000,245.0,272.0,290.0,314.0,False,SOFT,9.0,False,Mercedes,0 days 00:39:32.666000,2024-06-07 21:24:33.989,1,,False,,False,True,83.427,83.42699999999999
381,0 days 00:42:12.366000,RUS,63,0 days 00:01:16.273000,10.0,3.0,,,21.779,24.173,30.321,0 days 00:41:17.872000,0 days 00:41:42.045000,0 days 00:42:12.366000,255.0,281.0,292.0,327.0,True,SOFT,10.0,False,Mercedes,0 days 00:40:56.093000,2024-06-07 21:25:57.416,1,,False,,False,True,76.273,76.273
382,0 days 00:43:39.730000,RUS,63,0 days 00:01:27.364000,11.0,3.0,,,23.117,28.557,35.69,0 days 00:42:35.483000,0 days 00:43:04.040000,0 days 00:43:39.730000,207.0,258.0,271.0,300.0,False,SOFT,11.0,False,Mercedes,0 days 00:42:12.366000,2024-06-07 21:27:13.689,1,,False,,False,True,87.364,87.364
383,0 days 00:45:09.353000,RUS,63,0 days 00:01:29.623000,12.0,3.0,,,25.476,29.355,34.792,0 days 00:44:05.206000,0 days 00:44:34.561000,0 days 00:45:09.353000,206.0,265.0,271.0,308.0,False,SOFT,12.0,False,Mercedes,0 days 00:43:39.730000,2024-06-07 21:28:41.053,1,,False,,False,True,89.623,89.623
384,0 days 00:58:56.141000,RUS,63,,13.0,3.0,,0 days 00:46:37.193000,24.815,31.033,,0 days 00:45:34.430000,0 days 00:46:05.371000,,204.0,219.0,,302.0,False,SOFT,13.0,False,Mercedes,0 days 00:45:09.353000,2024-06-07 21:30:10.676,1,,False,,False,False,,
385,0 days 01:00:38.513000,RUS,63,0 days 00:01:42.372000,14.0,4.0,0 days 00:58:58.257000,,30.767,30.242,41.363,0 days 00:59:26.908000,0 days 00:59:57.150000,0 days 01:00:38.513000,200.0,259.0,271.0,289.0,False,INTERMEDIATE,6.0,False,Mercedes,0 days 00:58:56.141000,2024-06-07 21:43:57.464,1,,False,,False,False,102.372,102.372
386,0 days 01:02:06.319000,RUS,63,0 days 00:01:27.806000,15.0,4.0,,,25.392,27.881,34.533,0 days 01:01:03.905000,0 days 01:01:31.786000,0 days 01:02:06.319000,223.0,273.0,273.0,298.0,False,INTERMEDIATE,7.0,False,Mercedes,0 days 01:00:38.513000,2024-06-07 21:45:39.836,12,,False,,False,True,87.806,87.806
387,0 days 01:03:34.676000,RUS,63,0 days 00:01:28.357000,16.0,4.0,,,25.053,27.707,35.597,0 days 01:02:31.372000,0 days 01:02:59.079000,0 days 01:03:34.676000,235.0,274.0,263.0,298.0,False,INTERMEDIATE,8.0,False,Mercedes,0 days 01:02:06.319000,2024-06-07 21:47:07.642,21,,False,,False,True,88.357,88.357
388,0 days 01:05:01.629000,RUS,63,0 days 00:01:26.953000,17.0,4.0,,,25.026,27.758,34.169,0 days 01:03:59.702000,0 days 01:04:27.460000,0 days 01:05:01.629000,242.0,274.0,275.0,302.0,False,INTERMEDIATE,9.0,False,Mercedes,0 days 01:03:34.676000,2024-06-07 21:48:35.999,1,,False,,False,True,86.953,86.953
389,0 days 01:06:27.688000,RUS,63,0 days 00:01:26.059000,18.0,4.0,,,24.47,27.476,34.113,0 days 01:05:26.099000,0 days 01:05:53.575000,0 days 01:06:27.688000,247.0,276.0,275.0,303.0,False,INTERMEDIATE,10.0,False,Mercedes,0 days 01:05:01.629000,2024-06-07 21:50:02.952,1,,False,,False,True,86.059,86.059
390,0 days 01:11:07.670000,RUS,63,,19.0,4.0,,0 days 01:07:52.830000,26.745,29.728,,0 days 01:06:54.529000,0 days 01:07:24.319000,,205.0,263.0,,288.0,False,INTERMEDIATE,11.0,False,Mercedes,0 days 01:06:27.688000,2024-06-07 21:51:29.011,1,,False,,False,False,,
391,0 days 01:12:39.771000,RUS,63,0 days 00:01:32.101000,20.0,5.0,0 days 01:11:09.072000,,28.758,27.977,35.366,0 days 01:11:36.428000,0 days 01:12:04.405000,0 days 01:12:39.771000,225.0,274.0,274.0,278.0,False,INTERMEDIATE,12.0,False,Mercedes,0 days 01:11:07.670000,2024-06-07 21:56:08.993,1,,False,,False,False,92.101,92.101
392,0 days 01:14:04.923000,RUS,63,0 days 00:01:25.152000,21.0,5.0,,,23.995,27.196,33.961,0 days 01:13:03.766000,0 days 01:13:30.962000,0 days 01:14:04.923000,245.0,275.0,276.0,300.0,False,INTERMEDIATE,13.0,False,Mercedes,0 days 01:12:39.771000,2024-06-07 21:57:41.094,1,,False,,False,True,85.152,85.152
393,0 days 01:15:33.176000,RUS,63,0 days 00:01:28.253000,22.0,5.0,,,24.979,28.457,34.817,0 days 01:14:29.902000,0 days 01:14:58.359000,0 days 01:15:33.176000,233.0,274.0,273.0,299.0,False,INTERMEDIATE,14.0,False,Mercedes,0 days 01:14:04.923000,2024-06-07 21:59:06.246,12,,False,,False,True,88.253,88.253
394,0 days 01:17:53.782000,RUS,63,0 days 00:02:20.606000,23.0,5.0,,,27.072,30.569,82.965,0 days 01:16:00.248000,0 days 01:16:30.817000,0 days 01:17:53.782000,206.0,222.0,88.0,186.0,False,INTERMEDIATE,15.0,False,Mercedes,0 days 01:15:33.176000,2024-06-07 22:00:34.499,1,,False,,False,True,140.606,140.606
395,0 days 01:19:20.116000,RUS,63,,24.0,5.0,,0 days 01:19:20.116000,27.687,28.957,,0 days 01:18:21.577000,0 days 01:18:50.591000,,215.0,271.0,,295.0,False,INTERMEDIATE,16.0,False,Mercedes,0 days 01:17:53.782000,2024-06-07 22:02:55.105,1,,False,,False,False,,
396,0 days 00:35:24.201000,BOT,77,,1.0,1.0,0 days 00:28:58.398000,0 days 00:30:37.319000,37.072,30.867,,0 days 00:29:34.209000,0 days 00:30:05.031000,,178.0,252.0,,292.0,False,SOFT,1.0,True,Kick Sauber,0 days 00:28:58.398000,2024-06-07 21:13:59.721,1,,False,,False,False,,
397,0 days 00:37:00.687000,BOT,77,0 days 00:01:36.486000,2.0,2.0,0 days 00:35:25.785000,,30.497,31.824,34.165,0 days 00:35:54.698000,0 days 00:36:26.522000,0 days 00:37:00.687000,189.0,257.0,280.0,280.0,False,SOFT,2.0,False,Kick Sauber,0 days 00:35:24.201000,2024-06-07 21:20:25.524,1,,False,,False,False,96.486,96.48599999999999
398,0 days 00:38:20.172000,BOT,77,0 days 00:01:19.485000,3.0,2.0,,,22.757,25.121,31.607,0 days 00:37:23.444000,0 days 00:37:48.565000,0 days 00:38:20.172000,238.0,278.0,281.0,303.0,True,SOFT,3.0,False,Kick Sauber,0 days 00:37:00.687000,2024-06-07 21:22:02.010,1,,False,,False,True,79.485,79.485
399,0 days 00:39:37.989000,BOT,77,0 days 00:01:17.817000,4.0,2.0,,,22.153,24.719,30.945,0 days 00:38:42.325000,0 days 00:39:07.044000,0 days 00:39:37.989000,248.0,279.0,292.0,312.0,True,SOFT,4.0,False,Kick Sauber,0 days 00:38:20.172000,2024-06-07 21:23:21.495,1,,False,,False,True,77.817,77.81700000000001
400,0 days 00:41:07.581000,BOT,77,0 days 00:01:29.592000,5.0,2.0,,,23.362,29.096,37.134,0 days 00:40:01.351000,0 days 00:40:30.447000,0 days 00:41:07.581000,231.0,259.0,289.0,152.0,False,SOFT,5.0,False,Kick Sauber,0 days 00:39:37.989000,2024-06-07 21:24:39.312,1,,False,,False,True,89.592,89.592
401,0 days 00:42:35.789000,BOT,77,0 days 00:01:28.208000,6.0,2.0,,,22.455,30.143,35.61,0 days 00:41:30.036000,0 days 00:42:00.179000,0 days 00:42:35.789000,244.0,250.0,289.0,300.0,False,SOFT,6.0,False,Kick Sauber,0 days 00:41:07.581000,2024-06-07 21:26:08.904,1,,False,,False,True,88.208,88.208
402,0 days 00:43:57.268000,BOT,77,0 days 00:01:21.479000,7.0,2.0,,,22.397,25.618,33.464,0 days 00:42:58.186000,0 days 00:43:23.804000,0 days 00:43:57.268000,243.0,270.0,293.0,305.0,False,SOFT,7.0,False,Kick Sauber,0 days 00:42:35.789000,2024-06-07 21:27:37.112,1,,False,,False,True,81.479,81.479
403,0 days 00:45:21.733000,BOT,77,0 days 00:01:24.465000,8.0,2.0,,,21.871,27.187,35.407,0 days 00:44:19.139000,0 days 00:44:46.326000,0 days 00:45:21.733000,255.0,255.0,289.0,300.0,False,SOFT,8.0,False,Kick Sauber,0 days 00:43:57.268000,2024-06-07 21:28:58.591,1,,False,,False,True,84.465,84.465
404,0 days 00:59:35.336000,BOT,77,,9.0,2.0,,0 days 00:46:48.619000,22.435,27.957,,0 days 00:45:44.417000,0 days 00:46:12.435000,,236.0,236.0,,202.0,False,SOFT,9.0,False,Kick Sauber,0 days 00:45:21.733000,2024-06-07 21:30:23.056,1,,False,,False,False,,
405,0 days 01:01:17.191000,BOT,77,0 days 00:01:41.855000,10.0,3.0,0 days 00:59:36.823000,,30.598,33.579,37.678,0 days 01:00:05.934000,0 days 01:00:39.513000,0 days 01:01:17.191000,192.0,251.0,270.0,276.0,False,INTERMEDIATE,7.0,False,Kick Sauber,0 days 00:59:35.336000,2024-06-07 21:44:36.659,1,,False,,False,False,101.855,101.85499999999999
406,0 days 01:02:59.665000,BOT,77,0 days 00:01:42.474000,11.0,3.0,,,25.484,32.993,43.997,0 days 01:01:42.675000,0 days 01:02:15.668000,0 days 01:02:59.665000,223.0,170.0,270.0,192.0,False,INTERMEDIATE,8.0,False,Kick Sauber,0 days 01:01:17.191000,2024-06-07 21:46:18.514,12,,False,,False,True,102.474,102.474
407,0 days 01:04:28.583000,BOT,77,0 days 00:01:28.918000,12.0,3.0,,,25.666,28.352,34.9,0 days 01:03:25.331000,0 days 01:03:53.683000,0 days 01:04:28.583000,230.0,271.0,272.0,298.0,False,INTERMEDIATE,9.0,False,Kick Sauber,0 days 01:02:59.665000,2024-06-07 21:48:00.988,1,,False,,False,True,88.918,88.918
408,0 days 01:05:55.971000,BOT,77,0 days 00:01:27.388000,13.0,3.0,,,25.181,27.943,34.264,0 days 01:04:53.764000,0 days 01:05:21.707000,0 days 01:05:55.971000,236.0,273.0,273.0,301.0,False,INTERMEDIATE,10.0,False,Kick Sauber,0 days 01:04:28.583000,2024-06-07 21:49:29.906,1,,False,,False,True,87.388,87.388
409,0 days 01:07:44.523000,BOT,77,0 days 00:01:48.552000,14.0,3.0,,,29.694,36.464,42.394,0 days 01:06:25.665000,0 days 01:07:02.129000,0 days 01:07:44.523000,174.0,244.0,272.0,245.0,False,INTERMEDIATE,11.0,False,Kick Sauber,0 days 01:05:55.971000,2024-06-07 21:50:57.294,1,,False,,False,True,108.552,108.55199999999999
410,0 days 01:09:11.174000,BOT,77,0 days 00:01:26.651000,15.0,3.0,,,24.814,27.617,34.22,0 days 01:08:09.337000,0 days 01:08:36.954000,0 days 01:09:11.174000,244.0,273.0,271.0,298.0,False,INTERMEDIATE,12.0,False,Kick Sauber,0 days 01:07:44.523000,2024-06-07 21:52:45.846,1,,False,,False,True,86.651,86.651
411,0 days 01:11:01.429000,BOT,77,0 days 00:01:50.255000,16.0,3.0,,,31.37,33.65,45.235,0 days 01:09:42.544000,0 days 01:10:16.194000,0 days 01:11:01.429000,186.0,248.0,272.0,162.0,False,INTERMEDIATE,13.0,False,Kick Sauber,0 days 01:09:11.174000,2024-06-07 21:54:12.497,1,,False,,False,True,110.255,110.255
412,0 days 01:12:27.057000,BOT,77,0 days 00:01:25.628000,17.0,3.0,,,24.438,27.168,34.022,0 days 01:11:25.867000,0 days 01:11:53.035000,0 days 01:12:27.057000,245.0,274.0,272.0,299.0,False,INTERMEDIATE,14.0,False,Kick Sauber,0 days 01:11:01.429000,2024-06-07 21:56:02.752,1,,False,,False,True,85.628,85.62799999999999
413,0 days 01:14:16.798000,BOT,77,0 days 00:01:49.741000,18.0,3.0,,,29.294,37.728,42.719,0 days 01:12:56.351000,0 days 01:13:34.079000,0 days 01:14:16.798000,174.0,250.0,271.0,259.0,False,INTERMEDIATE,15.0,False,Kick Sauber,0 days 01:12:27.057000,2024-06-07 21:57:28.380,1,,False,,False,True,109.741,109.74100000000001
414,0 days 01:15:42.857000,BOT,77,0 days 00:01:26.059000,19.0,3.0,,,24.177,27.48,34.402,0 days 01:14:40.975000,0 days 01:15:08.455000,0 days 01:15:42.857000,237.0,274.0,271.0,302.0,False,INTERMEDIATE,16.0,False,Kick Sauber,0 days 01:14:16.798000,2024-06-07 21:59:18.121,12,,False,,False,True,86.059,86.059
415,0 days 01:17:54.278000,BOT,77,0 days 00:02:11.421000,20.0,3.0,,,28.776,31.075,71.57,0 days 01:16:11.633000,0 days 01:16:42.708000,0 days 01:17:54.278000,195.0,247.0,6.0,189.0,False,INTERMEDIATE,17.0,False,Kick Sauber,0 days 01:15:42.857000,2024-06-07 22:00:44.180,1,,False,,False,True,131.421,131.421
416,0 days 01:19:28.572000,BOT,77,,21.0,3.0,,0 days 01:19:28.572000,30.99,32.18,,0 days 01:18:25.467000,0 days 01:18:57.598000,,191.0,251.0,,250.0,False,INTERMEDIATE,18.0,False,Kick Sauber,0 days 01:17:54.278000,2024-06-07 22:02:55.601,1,,False,,False,False,,
417,0 days 00:26:14.150000,PIA,81,0 days 00:01:30.465000,1.0,1.0,0 days 00:24:45.127000,,29.078,28.198,33.189,0 days 00:25:13.004000,0 days 00:25:41.200000,0 days 00:26:14.240000,192.0,272.0,282.0,310.0,False,MEDIUM,1.0,True,McLaren,0 days 00:24:45.127000,2024-06-07 21:09:46.450,1,,False,,False,False,90.465,90.465
418,0 days 00:27:36.064000,PIA,81,0 days 00:01:21.914000,2.0,1.0,,,23.82,26.269,31.825,0 days 00:26:37.970000,0 days 00:27:04.239000,0 days 00:27:36.064000,227.0,276.0,289.0,316.0,True,MEDIUM,2.0,True,McLaren,0 days 00:26:14.150000,2024-06-07 21:11:15.473,1,,False,,False,True,81.914,81.914
419,0 days 00:28:57.599000,PIA,81,0 days 00:01:21.535000,3.0,1.0,,,22.895,26.135,32.505,0 days 00:27:58.959000,0 days 00:28:25.094000,0 days 00:28:57.599000,251.0,279.0,286.0,319.0,True,MEDIUM,3.0,True,McLaren,0 days 00:27:36.064000,2024-06-07 21:12:37.387,12,,False,,False,True,81.535,81.535
420,0 days 00:37:15.026000,PIA,81,,4.0,1.0,,0 days 00:30:15.282000,23.328,26.718,,0 days 00:29:21.145000,0 days 00:29:47.906000,,248.0,278.0,,323.0,False,MEDIUM,4.0,True,McLaren,0 days 00:28:57.599000,2024-06-07 21:13:58.922,1,,False,,False,False,,
421,0 days 00:38:47.402000,PIA,81,0 days 00:01:32.376000,5.0,2.0,0 days 00:37:16.493000,,31.502,27.939,32.935,0 days 00:37:46.528000,0 days 00:38:14.467000,0 days 00:38:47.402000,210.0,276.0,277.0,295.0,False,MEDIUM,5.0,False,McLaren,0 days 00:37:15.026000,2024-06-07 21:22:16.349,1,,False,,False,False,92.376,92.376
422,0 days 00:40:07.287000,PIA,81,0 days 00:01:19.885000,6.0,2.0,,,23.068,25.616,31.201,0 days 00:39:10.470000,0 days 00:39:36.086000,0 days 00:40:07.287000,245.0,276.0,288.0,317.0,True,MEDIUM,6.0,False,McLaren,0 days 00:38:47.402000,2024-06-07 21:23:48.725,1,,False,,False,True,79.885,79.88499999999999
423,0 days 00:41:26.295000,PIA,81,0 days 00:01:19.008000,7.0,2.0,,,22.363,24.599,32.046,0 days 00:40:29.650000,0 days 00:40:54.249000,0 days 00:41:26.295000,250.0,278.0,277.0,319.0,True,MEDIUM,7.0,False,McLaren,0 days 00:40:07.287000,2024-06-07 21:25:08.610,1,,False,,False,True,79.008,79.00800000000001
424,0 days 00:42:47.101000,PIA,81,0 days 00:01:20.806000,8.0,2.0,,,22.949,25.011,32.846,0 days 00:41:49.244000,0 days 00:42:14.255000,0 days 00:42:47.101000,249.0,278.0,276.0,323.0,False,MEDIUM,8.0,False,McLaren,0 days 00:41:26.295000,2024-06-07 21:26:27.618,1,,False,,False,True,80.806,80.806
425,0 days 01:02:38.206000,PIA,81,,9.0,2.0,,0 days 00:44:09.606000,23.234,28.184,,0 days 00:43:10.434000,0 days 00:43:38.602000,,243.0,257.0,,209.0,False,MEDIUM,9.0,False,McLaren,0 days 00:42:47.101000,2024-06-07 21:27:48.424,12,,False,,False,False,,
426,0 days 01:04:14.804000,PIA,81,0 days 00:01:36.598000,10.0,3.0,0 days 01:02:39.621000,,31.935,29.621,35.042,0 days 01:03:10.141000,0 days 01:03:39.762000,0 days 01:04:14.804000,198.0,274.0,275.0,301.0,False,INTERMEDIATE,2.0,False,McLaren,0 days 01:02:38.206000,2024-06-07 21:47:39.529,1,,False,,False,False,96.598,96.598
427,0 days 01:05:43.642000,PIA,81,0 days 00:01:28.838000,11.0,3.0,,,25.71,28.206,34.922,0 days 01:04:40.514000,0 days 01:05:08.720000,0 days 01:05:43.642000,228.0,273.0,274.0,297.0,False,INTERMEDIATE,3.0,False,McLaren,0 days 01:04:14.804000,2024-06-07 21:49:16.127,1,,False,,False,True,88.838,88.838
428,0 days 01:07:10.429000,PIA,81,0 days 00:01:26.787000,12.0,3.0,,,24.804,27.759,34.224,0 days 01:06:08.446000,0 days 01:06:36.205000,0 days 01:07:10.429000,240.0,273.0,275.0,298.0,False,INTERMEDIATE,4.0,False,McLaren,0 days 01:05:43.642000,2024-06-07 21:50:44.965,1,,False,,False,True,86.787,86.787
429,0 days 01:08:52.186000,PIA,81,0 days 00:01:41.757000,13.0,3.0,,,32.123,32.304,37.33,0 days 01:07:42.552000,0 days 01:08:14.856000,0 days 01:08:52.186000,190.0,248.0,277.0,287.0,False,INTERMEDIATE,5.0,False,McLaren,0 days 01:07:10.429000,2024-06-07 21:52:11.752,1,,False,,False,True,101.757,101.75699999999999
430,0 days 01:10:17.914000,PIA,81,0 days 00:01:25.728000,14.0,3.0,,,24.529,27.091,34.108,0 days 01:09:16.715000,0 days 01:09:43.806000,0 days 01:10:17.914000,244.0,275.0,275.0,296.0,False,INTERMEDIATE,6.0,False,McLaren,0 days 01:08:52.186000,2024-06-07 21:53:53.509,1,,False,,False,True,85.728,85.72800000000001
431,0 days 01:11:59.498000,PIA,81,0 days 00:01:41.584000,15.0,3.0,,,30.646,33.972,36.966,0 days 01:10:48.560000,0 days 01:11:22.532000,0 days 01:11:59.498000,161.0,238.0,277.0,286.0,False,INTERMEDIATE,7.0,False,McLaren,0 days 01:10:17.914000,2024-06-07 21:55:19.237,1,,False,,False,True,101.584,101.584
432,0 days 01:13:25.516000,PIA,81,0 days 00:01:26.018000,16.0,3.0,,,24.176,27.685,34.157,0 days 01:12:23.674000,0 days 01:12:51.359000,0 days 01:13:25.516000,246.0,275.0,277.0,300.0,False,INTERMEDIATE,8.0,False,McLaren,0 days 01:11:59.498000,2024-06-07 21:57:00.821,1,,False,,False,True,86.018,86.018
433,0 days 01:14:57.877000,PIA,81,0 days 00:01:32.361000,17.0,3.0,,,25.424,31.3,35.637,0 days 01:13:50.940000,0 days 01:14:22.240000,0 days 01:14:57.877000,187.0,258.0,277.0,289.0,False,INTERMEDIATE,9.0,False,McLaren,0 days 01:13:25.516000,2024-06-07 21:58:26.839,1,,False,,False,True,92.361,92.361
434,0 days 01:16:25.267000,PIA,81,0 days 00:01:27.390000,18.0,3.0,,,23.908,27.352,36.13,0 days 01:15:21.785000,0 days 01:15:49.137000,0 days 01:16:25.267000,244.0,277.0,228.0,302.0,False,INTERMEDIATE,10.0,False,McLaren,0 days 01:14:57.877000,2024-06-07 21:59:59.200,12,,False,,False,True,87.39,87.39000000000001
435,0 days 01:18:39.332000,PIA,81,0 days 00:02:14.065000,19.0,3.0,,,30.084,30.939,73.042,0 days 01:16:55.351000,0 days 01:17:26.290000,0 days 01:18:39.332000,183.0,262.0,152.0,218.0,False,INTERMEDIATE,11.0,False,McLaren,0 days 01:16:25.267000,2024-06-07 22:01:26.590,1,,False,,False,True,134.065,134.065
436,0 days 01:20:12.709000,PIA,81,,20.0,3.0,,0 days 01:20:12.709000,27.456,31.503,,0 days 01:19:06.991000,0 days 01:19:38.379000,,182.0,234.0,,204.0,False,INTERMEDIATE,12.0,False,McLaren,0 days 01:18:39.332000,2024-06-07 22:03:40.655,1,,False,,False,False,,
