,Time,Driver,DriverNumber,LapTime,LapNumber,Stint,PitOutTime,PitInTime,Sector1Time,Sector2Time,Sector3Time,Sector1SessionTime,Sector2SessionTime,Sector3SessionTime,SpeedI1,SpeedI2,SpeedFL,SpeedST,IsPersonalBest,Compound,TyreLife,FreshTyre,Team,LapStartTime,LapStartDate,TrackStatus,Position,Deleted,DeletedReason,FastF1Generated,IsAccurate,LapTime_in_seconds,laptime_sum_sectortimes
0,0 days 00:25:55.639000,RIC,3,,1.0,1.0,0 days 00:23:51.099000,,,53.236,26.611,,0 days 00:25:29.085000,0 days 00:25:55.795000,249.0,279.0,269.0,210.0,False,SOFT,1.0,True,Renault,0 days 00:23:51.099000,2019-10-11 05:11:39.582,1,,False,,False,False,,
1,0 days 00:27:25.498000,RIC,3,0 days 00:01:29.859000,2.0,1.0,,,31.812,40.42,17.627,0 days 00:26:27.451000,0 days 00:27:07.871000,0 days 00:27:25.498000,287.0,308.0,271.0,304.0,True,SOFT,2.0,True,Renault,0 days 00:25:55.639000,2019-10-11 05:13:44.122,1,,False,,False,True,89.859,89.859
2,0 days 00:29:29.334000,RIC,3,0 days 00:02:03.836000,3.0,1.0,,0 days 00:29:28.151000,43.106,53.081,27.649,0 days 00:28:08.604000,0 days 00:29:01.685000,0 days 00:29:29.334000,253.0,256.0,,219.0,False,SOFT,3.0,True,Renault,0 days 00:27:25.498000,2019-10-11 05:15:13.981,1,,False,,False,False,123.836,123.83600000000001
3,0 days 00:38:09.635000,RIC,3,,4.0,2.0,0 days 00:36:20.024000,,,43.723,21.339,,0 days 00:37:48.319000,0 days 00:38:11.273000,270.0,298.0,250.0,296.0,False,SOFT,4.0,False,Renault,0 days 00:29:29.334000,2019-10-11 05:17:17.817,1,,False,,False,False,,
4,0 days 00:39:45.961000,RIC,3,0 days 00:01:36.326000,5.0,2.0,,,35.024,43.022,18.28,0 days 00:38:44.659000,0 days 00:39:27.681000,0 days 00:39:45.961000,267.0,302.0,257.0,297.0,False,SOFT,5.0,False,Renault,0 days 00:38:09.635000,2019-10-11 05:25:58.118,1,,False,,False,True,96.326,96.326
5,0 days 00:41:21.872000,RIC,3,0 days 00:01:35.911000,6.0,2.0,,,34.764,42.977,18.17,0 days 00:40:20.725000,0 days 00:41:03.702000,0 days 00:41:21.872000,268.0,300.0,258.0,299.0,False,SOFT,6.0,False,Renault,0 days 00:39:45.961000,2019-10-11 05:27:34.444,12,,False,,False,True,95.911,95.911
6,0 days 00:42:58.114000,RIC,3,0 days 00:01:36.242000,7.0,2.0,,,34.869,43.168,18.205,0 days 00:41:56.741000,0 days 00:42:39.909000,0 days 00:42:58.114000,269.0,299.0,258.0,299.0,False,SOFT,7.0,False,Renault,0 days 00:41:21.872000,2019-10-11 05:29:10.355,1,,False,,False,True,96.242,96.242
7,0 days 00:44:34.262000,RIC,3,0 days 00:01:36.148000,8.0,2.0,,,34.759,43.181,18.208,0 days 00:43:32.873000,0 days 00:44:16.054000,0 days 00:44:34.262000,270.0,301.0,259.0,299.0,False,SOFT,8.0,False,Renault,0 days 00:42:58.114000,2019-10-11 05:30:46.597,1,,False,,False,True,96.148,96.148
8,0 days 00:46:10.212000,RIC,3,0 days 00:01:35.950000,9.0,2.0,,,34.652,42.955,18.343,0 days 00:45:08.914000,0 days 00:45:51.869000,0 days 00:46:10.212000,269.0,300.0,258.0,298.0,False,SOFT,9.0,False,Renault,0 days 00:44:34.262000,2019-10-11 05:32:22.745,1,,False,,False,True,95.95,95.95
9,0 days 00:47:46.200000,RIC,3,0 days 00:01:35.988000,10.0,2.0,,,34.7,43.072,18.216,0 days 00:46:44.912000,0 days 00:47:27.984000,0 days 00:47:46.200000,269.0,300.0,259.0,300.0,False,SOFT,10.0,False,Renault,0 days 00:46:10.212000,2019-10-11 05:33:58.695,1,,False,,False,True,95.988,95.988
10,0 days 00:49:22.237000,RIC,3,0 days 00:01:36.037000,11.0,2.0,,,34.615,42.96,18.462,0 days 00:48:20.815000,0 days 00:49:03.775000,0 days 00:49:22.237000,269.0,300.0,257.0,299.0,False,SOFT,11.0,False,Renault,0 days 00:47:46.200000,2019-10-11 05:35:34.683,1,,False,,False,True,96.037,96.037
11,0 days 00:50:58.857000,RIC,3,0 days 00:01:36.620000,12.0,2.0,,,34.759,43.113,18.748,0 days 00:49:56.996000,0 days 00:50:40.109000,0 days 00:50:58.857000,269.0,300.0,257.0,300.0,False,SOFT,12.0,False,Renault,0 days 00:49:22.237000,2019-10-11 05:37:10.720,1,,False,,False,True,96.62,96.62
12,0 days 00:52:34.929000,RIC,3,0 days 00:01:36.072000,13.0,2.0,,,34.616,43.012,18.444,0 days 00:51:33.473000,0 days 00:52:16.485000,0 days 00:52:34.929000,270.0,299.0,257.0,296.0,False,SOFT,13.0,False,Renault,0 days 00:50:58.857000,2019-10-11 05:38:47.340,1,,False,,False,True,96.072,96.072
13,0 days 00:54:15.146000,RIC,3,0 days 00:01:40.217000,14.0,2.0,,0 days 00:54:14.133000,35.284,43.674,21.259,0 days 00:53:10.213000,0 days 00:53:53.887000,0 days 00:54:15.146000,268.0,300.0,,299.0,False,SOFT,14.0,False,Renault,0 days 00:52:34.929000,2019-10-11 05:40:23.412,1,,False,,False,False,100.217,100.217
14,0 days 00:56:12.921000,RIC,3,0 days 00:01:57.775000,15.0,3.0,0 days 00:54:37.345000,,55.448,43.592,18.735,0 days 00:55:10.594000,0 days 00:55:54.186000,0 days 00:56:12.921000,273.0,301.0,258.0,300.0,False,MEDIUM,1.0,True,Renault,0 days 00:54:15.146000,2019-10-11 05:42:03.629,1,,False,,False,False,117.775,117.77499999999999
15,0 days 00:57:47.331000,RIC,3,0 days 00:01:34.410000,16.0,3.0,,,34.196,42.171,18.043,0 days 00:56:47.117000,0 days 00:57:29.288000,0 days 00:57:47.331000,274.0,302.0,259.0,300.0,False,MEDIUM,2.0,True,Renault,0 days 00:56:12.921000,2019-10-11 05:44:01.404,1,,False,,False,True,94.41,94.41
16,0 days 00:59:22.542000,RIC,3,0 days 00:01:35.211000,17.0,3.0,,,34.338,42.621,18.252,0 days 00:58:21.669000,0 days 00:59:04.290000,0 days 00:59:22.542000,270.0,301.0,259.0,299.0,False,MEDIUM,3.0,True,Renault,0 days 00:57:47.331000,2019-10-11 05:45:35.814,1,,False,,False,True,95.211,95.211
17,0 days 01:00:57.658000,RIC,3,0 days 00:01:35.116000,18.0,3.0,,,34.393,42.475,18.248,0 days 00:59:56.935000,0 days 01:00:39.410000,0 days 01:00:57.658000,272.0,301.0,259.0,299.0,False,MEDIUM,4.0,True,Renault,0 days 00:59:22.542000,2019-10-11 05:47:11.025,1,,False,,False,True,95.116,95.116
18,0 days 01:02:32.870000,RIC,3,0 days 00:01:35.212000,19.0,3.0,,,34.407,42.562,18.243,0 days 01:01:32.065000,0 days 01:02:14.627000,0 days 01:02:32.870000,272.0,300.0,259.0,298.0,False,MEDIUM,5.0,True,Renault,0 days 01:00:57.658000,2019-10-11 05:48:46.141,1,,False,,False,True,95.212,95.21199999999999
19,0 days 01:04:08.067000,RIC,3,0 days 00:01:35.197000,20.0,3.0,,,34.332,42.627,18.238,0 days 01:03:07.202000,0 days 01:03:49.829000,0 days 01:04:08.067000,273.0,301.0,258.0,298.0,False,MEDIUM,6.0,True,Renault,0 days 01:02:32.870000,2019-10-11 05:50:21.353,1,,False,,False,True,95.197,95.197
20,0 days 01:05:46.071000,RIC,3,0 days 00:01:38.004000,21.0,3.0,,,34.517,42.95,20.537,0 days 01:04:42.584000,0 days 01:05:25.534000,0 days 01:05:46.071000,272.0,302.0,254.0,301.0,False,MEDIUM,7.0,True,Renault,0 days 01:04:08.067000,2019-10-11 05:51:56.550,1,,False,,False,True,98.004,98.00400000000002
21,0 days 01:07:27.320000,RIC,3,0 days 00:01:41.249000,22.0,3.0,,,35.051,46.774,19.424,0 days 01:06:21.122000,0 days 01:07:07.896000,0 days 01:07:27.320000,276.0,300.0,258.0,298.0,False,MEDIUM,8.0,True,Renault,0 days 01:05:46.071000,2019-10-11 05:53:34.554,1,,False,,False,True,101.249,101.249
22,0 days 01:09:02.680000,RIC,3,0 days 00:01:35.360000,23.0,3.0,,,34.5,42.621,18.239,0 days 01:08:01.820000,0 days 01:08:44.441000,0 days 01:09:02.680000,270.0,302.0,260.0,299.0,False,MEDIUM,9.0,True,Renault,0 days 01:07:27.320000,2019-10-11 05:55:15.803,1,,False,,False,True,95.36,95.36000000000001
23,0 days 01:10:38.402000,RIC,3,0 days 00:01:35.722000,24.0,3.0,,,34.581,42.762,18.379,0 days 01:09:37.261000,0 days 01:10:20.023000,0 days 01:10:38.402000,270.0,302.0,259.0,299.0,False,MEDIUM,10.0,True,Renault,0 days 01:09:02.680000,2019-10-11 05:56:51.163,1,,False,,False,True,95.722,95.72200000000001
24,0 days 01:12:19.808000,RIC,3,0 days 00:01:41.406000,25.0,3.0,,0 days 01:12:19.829000,35.327,44.39,21.689,0 days 01:11:13.729000,0 days 01:11:58.119000,0 days 01:12:19.808000,261.0,284.0,,284.0,False,MEDIUM,11.0,True,Renault,0 days 01:10:38.402000,2019-10-11 05:58:26.885,1,,False,,False,False,101.406,101.406
25,0 days 01:26:28.711000,RIC,3,,26.0,4.0,0 days 01:24:32.172000,,,52.777,23.66,,0 days 01:26:05.051000,0 days 01:26:28.882000,265.0,174.0,268.0,222.0,False,SOFT,1.0,True,Renault,0 days 01:12:19.808000,2019-10-11 06:00:08.291,1,,False,,False,False,,
26,0 days 01:27:59.862000,RIC,3,0 days 00:01:31.151000,27.0,4.0,,,31.775,40.407,18.969,0 days 01:27:00.486000,0 days 01:27:40.893000,0 days 01:27:59.862000,288.0,309.0,240.0,307.0,False,SOFT,2.0,True,Renault,0 days 01:26:28.711000,2019-10-11 06:14:17.194,1,,False,,False,True,91.151,91.15099999999998
27,0 days 01:29:44.799000,RIC,3,0 days 00:01:44.937000,28.0,4.0,,0 days 01:29:43.242000,38.598,44.148,22.191,0 days 01:28:38.460000,0 days 01:29:22.608000,0 days 01:29:44.799000,262.0,280.0,,274.0,False,SOFT,3.0,True,Renault,0 days 01:27:59.862000,2019-10-11 06:15:48.345,1,,False,,False,False,104.937,104.93700000000001
28,0 days 01:39:22.484000,RIC,3,,29.0,5.0,0 days 01:37:21.037000,,,49.134,27.81,,0 days 01:38:55.565000,0 days 01:39:22.927000,252.0,280.0,270.0,176.0,False,SOFT,1.0,True,Renault,0 days 01:29:44.799000,2019-10-11 06:17:33.282,1,,False,,False,False,,
29,0 days 01:41:20.287000,RIC,3,0 days 00:01:57.803000,30.0,5.0,,0 days 01:41:19.282000,46.51,47.84,23.453,0 days 01:40:08.994000,0 days 01:40:56.834000,0 days 01:41:20.287000,123.0,280.0,,278.0,False,SOFT,2.0,True,Renault,0 days 01:39:22.484000,2019-10-11 06:27:10.967,1,,False,,False,False,117.803,117.803
30,0 days 00:14:58.711000,NOR,4,,1.0,1.0,0 days 00:12:52.533000,,,49.441,25.506,,0 days 00:14:33.206000,0 days 00:14:59.769000,257.0,272.0,266.0,271.0,False,SOFT,8.0,False,McLaren,0 days 00:12:52.533000,2019-10-11 05:00:41.016,1,,False,,False,False,,
31,0 days 00:16:30.488000,NOR,4,0 days 00:01:31.777000,2.0,1.0,,,32.32,41.381,18.076,0 days 00:15:31.031000,0 days 00:16:12.412000,0 days 00:16:30.488000,279.0,297.0,266.0,294.0,True,SOFT,9.0,False,McLaren,0 days 00:14:58.711000,2019-10-11 05:02:47.194,1,,False,,False,True,91.777,91.77699999999999
32,0 days 00:18:20.046000,NOR,4,0 days 00:01:49.558000,3.0,1.0,,0 days 00:18:19.415000,37.675,48.088,23.795,0 days 00:17:08.163000,0 days 00:17:56.251000,0 days 00:18:20.046000,224.0,277.0,,257.0,False,SOFT,10.0,False,McLaren,0 days 00:16:30.488000,2019-10-11 05:04:18.971,1,,False,,False,False,109.558,109.558
33,0 days 00:27:47.399000,NOR,4,,4.0,2.0,0 days 00:25:50.297000,,,47.508,19.764,,0 days 00:27:27.647000,0 days 00:27:52.238000,171.0,276.0,267.0,272.0,False,MEDIUM,1.0,True,McLaren,0 days 00:18:20.046000,2019-10-11 05:06:08.529,1,,False,,False,False,,
34,0 days 00:29:17.914000,NOR,4,0 days 00:01:30.515000,5.0,2.0,,,31.782,40.917,17.816,0 days 00:28:19.181000,0 days 00:29:00.098000,0 days 00:29:17.914000,279.0,297.0,266.0,294.0,True,MEDIUM,2.0,True,McLaren,0 days 00:27:47.399000,2019-10-11 05:15:35.882,1,,False,,False,True,90.515,90.515
35,0 days 00:31:18.970000,NOR,4,0 days 00:02:01.056000,6.0,2.0,,,42.911,56.992,21.153,0 days 00:30:00.825000,0 days 00:30:57.817000,0 days 00:31:18.970000,173.0,269.0,267.0,228.0,False,MEDIUM,3.0,True,McLaren,0 days 00:29:17.914000,2019-10-11 05:17:06.397,1,,False,,False,True,121.056,121.05599999999998
36,0 days 00:32:49.595000,NOR,4,0 days 00:01:30.625000,7.0,2.0,,,31.88,40.818,17.927,0 days 00:31:50.850000,0 days 00:32:31.668000,0 days 00:32:49.595000,280.0,298.0,265.0,296.0,False,MEDIUM,4.0,True,McLaren,0 days 00:31:18.970000,2019-10-11 05:19:07.453,1,,False,,False,True,90.625,90.625
37,0 days 00:34:31.671000,NOR,4,0 days 00:01:42.076000,8.0,2.0,,0 days 00:34:29.796000,36.128,42.927,23.021,0 days 00:33:25.723000,0 days 00:34:08.650000,0 days 00:34:31.671000,257.0,280.0,,280.0,False,MEDIUM,5.0,True,McLaren,0 days 00:32:49.595000,2019-10-11 05:20:38.078,1,,False,,False,False,102.076,102.07600000000001
38,0 days 00:45:06.439000,NOR,4,,9.0,3.0,0 days 00:43:18.921000,,,46.152,25.083,,0 days 00:44:41.369000,0 days 00:45:06.713000,270.0,237.0,269.0,265.0,False,SOFT,1.0,True,McLaren,0 days 00:34:31.671000,2019-10-11 05:22:20.154,12,,False,,False,False,,
39,0 days 00:46:36.269000,NOR,4,0 days 00:01:29.830000,10.0,3.0,,,31.188,40.843,17.799,0 days 00:45:37.627000,0 days 00:46:18.470000,0 days 00:46:36.269000,284.0,298.0,269.0,294.0,True,SOFT,2.0,True,McLaren,0 days 00:45:06.439000,2019-10-11 05:32:54.922,1,,False,,False,True,89.83,89.83000000000001
40,0 days 00:48:34.478000,NOR,4,0 days 00:01:58.209000,11.0,3.0,,,41.297,56.346,20.566,0 days 00:47:17.566000,0 days 00:48:13.912000,0 days 00:48:34.478000,162.0,267.0,267.0,224.0,False,SOFT,3.0,True,McLaren,0 days 00:46:36.269000,2019-10-11 05:34:24.752,1,,False,,False,True,118.209,118.209
41,0 days 00:50:05.073000,NOR,4,0 days 00:01:30.595000,12.0,3.0,,,31.727,40.908,17.96,0 days 00:49:06.205000,0 days 00:49:47.113000,0 days 00:50:05.073000,280.0,298.0,267.0,296.0,False,SOFT,4.0,True,McLaren,0 days 00:48:34.478000,2019-10-11 05:36:22.961,1,,False,,False,True,90.595,90.595
42,0 days 00:51:47.201000,NOR,4,0 days 00:01:42.128000,13.0,3.0,,0 days 00:51:46.923000,35.511,43.661,22.956,0 days 00:50:40.584000,0 days 00:51:24.245000,0 days 00:51:47.201000,257.0,278.0,,277.0,False,SOFT,5.0,True,McLaren,0 days 00:50:05.073000,2019-10-11 05:37:53.556,1,,False,,False,False,102.128,102.128
43,0 days 01:02:23.510000,NOR,4,,14.0,4.0,0 days 01:00:29.758000,,,49.502,27.387,,0 days 01:01:56.125000,0 days 01:02:23.641000,267.0,182.0,268.0,190.0,False,SOFT,1.0,True,McLaren,0 days 00:51:47.201000,2019-10-11 05:39:35.684,1,,False,,False,False,,
44,0 days 01:03:52.868000,NOR,4,0 days 00:01:29.358000,15.0,4.0,,,31.177,40.395,17.786,0 days 01:02:54.687000,0 days 01:03:35.082000,0 days 01:03:52.868000,286.0,299.0,267.0,295.0,True,SOFT,2.0,True,McLaren,0 days 01:02:23.510000,2019-10-11 05:50:11.993,1,,False,,False,True,89.358,89.358
45,0 days 01:05:52.576000,NOR,4,0 days 00:01:59.708000,16.0,4.0,,0 days 01:05:51.042000,39.72,47.765,32.223,0 days 01:04:32.588000,0 days 01:05:20.353000,0 days 01:05:52.576000,222.0,267.0,,262.0,False,SOFT,3.0,True,McLaren,0 days 01:03:52.868000,2019-10-11 05:51:41.351,1,,False,,False,False,119.708,119.708
46,0 days 01:13:48.467000,NOR,4,,17.0,5.0,0 days 01:11:50.113000,0 days 01:13:47.311000,,49.142,22.275,,0 days 01:13:26.538000,0 days 01:13:51.036000,254.0,278.0,,276.0,False,SOFT,4.0,False,McLaren,0 days 01:05:52.576000,2019-10-11 05:53:41.059,1,,False,,False,False,,
47,0 days 01:16:01.486000,NOR,4,0 days 00:02:13.019000,18.0,6.0,0 days 01:14:11.530000,,71.52,42.772,18.727,0 days 01:14:59.987000,0 days 01:15:42.759000,0 days 01:16:01.486000,278.0,296.0,261.0,290.0,False,SOFT,5.0,False,McLaren,0 days 01:13:48.467000,2019-10-11 06:01:36.950,1,,False,,False,False,133.019,133.019
48,0 days 01:17:37.877000,NOR,4,0 days 00:01:36.391000,19.0,6.0,,,34.779,42.986,18.626,0 days 01:16:36.265000,0 days 01:17:19.251000,0 days 01:17:37.877000,269.0,297.0,258.0,284.0,False,SOFT,6.0,False,McLaren,0 days 01:16:01.486000,2019-10-11 06:03:49.969,1,,False,,False,True,96.391,96.391
49,0 days 01:19:14.055000,NOR,4,0 days 00:01:36.178000,20.0,6.0,,,34.746,42.938,18.494,0 days 01:18:12.623000,0 days 01:18:55.561000,0 days 01:19:14.055000,271.0,296.0,258.0,287.0,False,SOFT,7.0,False,McLaren,0 days 01:17:37.877000,2019-10-11 06:05:26.360,1,,False,,False,True,96.178,96.178
50,0 days 01:20:50.119000,NOR,4,0 days 00:01:36.064000,21.0,6.0,,,34.65,42.908,18.506,0 days 01:19:48.705000,0 days 01:20:31.613000,0 days 01:20:50.119000,270.0,296.0,258.0,286.0,False,SOFT,8.0,False,McLaren,0 days 01:19:14.055000,2019-10-11 06:07:02.538,1,,False,,False,True,96.064,96.064
51,0 days 01:22:26.372000,NOR,4,0 days 00:01:36.253000,22.0,6.0,,,34.74,42.937,18.576,0 days 01:21:24.859000,0 days 01:22:07.796000,0 days 01:22:26.372000,270.0,296.0,258.0,280.0,False,SOFT,9.0,False,McLaren,0 days 01:20:50.119000,2019-10-11 06:08:38.602,1,,False,,False,True,96.253,96.25299999999999
52,0 days 01:24:03.203000,NOR,4,0 days 00:01:36.831000,23.0,6.0,,,34.989,43.208,18.634,0 days 01:23:01.361000,0 days 01:23:44.569000,0 days 01:24:03.203000,275.0,299.0,256.0,291.0,False,SOFT,10.0,False,McLaren,0 days 01:22:26.372000,2019-10-11 06:10:14.855,1,,False,,False,True,96.831,96.831
53,0 days 01:25:39.470000,NOR,4,0 days 00:01:36.267000,24.0,6.0,,,34.656,43.073,18.538,0 days 01:24:37.859000,0 days 01:25:20.932000,0 days 01:25:39.470000,269.0,295.0,257.0,287.0,False,SOFT,11.0,False,McLaren,0 days 01:24:03.203000,2019-10-11 06:11:51.686,1,,False,,False,True,96.267,96.267
54,0 days 01:27:16.346000,NOR,4,0 days 00:01:36.876000,25.0,6.0,,,34.836,43.041,18.999,0 days 01:26:14.306000,0 days 01:26:57.347000,0 days 01:27:16.346000,268.0,288.0,250.0,277.0,False,SOFT,12.0,False,McLaren,0 days 01:25:39.470000,2019-10-11 06:13:27.953,1,,False,,False,True,96.876,96.87599999999999
55,0 days 01:28:52.943000,NOR,4,0 days 00:01:36.597000,26.0,6.0,,,34.997,43.007,18.593,0 days 01:27:51.343000,0 days 01:28:34.350000,0 days 01:28:52.943000,277.0,296.0,257.0,291.0,False,SOFT,13.0,False,McLaren,0 days 01:27:16.346000,2019-10-11 06:15:04.829,1,,False,,False,True,96.597,96.597
56,0 days 01:30:29.151000,NOR,4,0 days 00:01:36.208000,27.0,6.0,,,34.614,42.995,18.599,0 days 01:29:27.557000,0 days 01:30:10.552000,0 days 01:30:29.151000,270.0,296.0,257.0,288.0,False,SOFT,14.0,False,McLaren,0 days 01:28:52.943000,2019-10-11 06:16:41.426,1,,False,,False,True,96.208,96.208
57,0 days 01:32:05.482000,NOR,4,0 days 00:01:36.331000,28.0,6.0,,,34.724,43.218,18.389,0 days 01:31:03.875000,0 days 01:31:47.093000,0 days 01:32:05.482000,267.0,296.0,257.0,294.0,False,SOFT,15.0,False,McLaren,0 days 01:30:29.151000,2019-10-11 06:18:17.634,1,,False,,False,True,96.331,96.331
58,0 days 01:33:42.192000,NOR,4,0 days 00:01:36.710000,29.0,6.0,,,34.832,43.249,18.629,0 days 01:32:40.314000,0 days 01:33:23.563000,0 days 01:33:42.192000,266.0,297.0,258.0,296.0,False,SOFT,16.0,False,McLaren,0 days 01:32:05.482000,2019-10-11 06:19:53.965,1,,False,,False,True,96.71,96.71000000000001
59,0 days 01:35:21.053000,NOR,4,0 days 00:01:38.861000,30.0,6.0,,0 days 01:35:20.120000,34.913,43.116,20.832,0 days 01:34:17.105000,0 days 01:35:00.221000,0 days 01:35:21.053000,266.0,297.0,,295.0,False,SOFT,17.0,False,McLaren,0 days 01:33:42.192000,2019-10-11 06:21:30.675,1,,False,,False,False,98.861,98.86099999999999
60,0 days 01:37:35.389000,NOR,4,0 days 00:02:14.336000,31.0,7.0,0 days 01:35:45.114000,,56.536,47.315,30.485,0 days 01:36:17.589000,0 days 01:37:04.904000,0 days 01:37:35.389000,281.0,182.0,253.0,116.0,False,MEDIUM,6.0,False,McLaren,0 days 01:35:21.053000,2019-10-11 06:23:09.536,1,,False,,False,False,134.336,134.336
61,0 days 01:39:20.053000,NOR,4,0 days 00:01:44.664000,32.0,7.0,,,35.38,43.85,25.434,0 days 01:38:10.769000,0 days 01:38:54.619000,0 days 01:39:20.053000,269.0,295.0,242.0,285.0,False,MEDIUM,7.0,False,McLaren,0 days 01:37:35.389000,2019-10-11 06:25:23.872,1,,False,,False,True,104.664,104.664
62,0 days 01:40:55.567000,NOR,4,0 days 00:01:35.514000,33.0,7.0,,,34.493,42.628,18.393,0 days 01:39:54.546000,0 days 01:40:37.174000,0 days 01:40:55.567000,269.0,295.0,258.0,286.0,False,MEDIUM,8.0,False,McLaren,0 days 01:39:20.053000,2019-10-11 06:27:08.536,1,,False,,False,True,95.514,95.51400000000001
63,0 days 01:42:30.714000,NOR,4,0 days 00:01:35.147000,34.0,7.0,,,34.15,42.504,18.493,0 days 01:41:29.717000,0 days 01:42:12.221000,0 days 01:42:30.714000,269.0,295.0,258.0,281.0,False,MEDIUM,9.0,False,McLaren,0 days 01:40:55.567000,2019-10-11 06:28:44.050,1,,False,,False,True,95.147,95.14699999999999
64,0 days 01:44:14.773000,NOR,4,0 days 00:01:44.059000,35.0,7.0,,0 days 01:44:14.750000,34.224,43.265,26.57,0 days 01:43:04.938000,0 days 01:43:48.203000,0 days 01:44:14.773000,269.0,220.0,,199.0,False,MEDIUM,10.0,False,McLaren,0 days 01:42:30.714000,2019-10-11 06:30:19.197,1,,False,,False,False,104.059,104.059
65,0 days 00:14:07.138000,VET,5,,1.0,1.0,0 days 00:12:18.721000,,,48.717,23.545,,0 days 00:13:43.828000,0 days 00:14:07.431000,252.0,268.0,268.0,228.0,False,MEDIUM,1.0,True,Ferrari,0 days 00:12:18.721000,2019-10-11 05:00:07.204,1,,False,,False,False,,
66,0 days 00:15:37.524000,VET,5,0 days 00:01:30.386000,2.0,1.0,,,31.676,40.811,17.899,0 days 00:14:38.814000,0 days 00:15:19.625000,0 days 00:15:37.524000,284.0,303.0,269.0,299.0,True,MEDIUM,2.0,True,Ferrari,0 days 00:14:07.138000,2019-10-11 05:01:55.621,1,,False,,False,True,90.386,90.386
67,0 days 00:17:41.181000,VET,5,0 days 00:02:03.657000,3.0,1.0,,,42.433,56.969,24.255,0 days 00:16:19.957000,0 days 00:17:16.926000,0 days 00:17:41.181000,210.0,165.0,266.0,191.0,False,MEDIUM,3.0,True,Ferrari,0 days 00:15:37.524000,2019-10-11 05:03:26.007,1,,False,,False,True,123.657,123.657
68,0 days 00:19:11.384000,VET,5,0 days 00:01:30.203000,4.0,1.0,,,31.676,40.7,17.827,0 days 00:18:12.857000,0 days 00:18:53.557000,0 days 00:19:11.384000,281.0,301.0,265.0,299.0,True,MEDIUM,4.0,True,Ferrari,0 days 00:17:41.181000,2019-10-11 05:05:29.664,1,,False,,False,True,90.203,90.203
69,0 days 00:21:14.194000,VET,5,0 days 00:02:02.810000,5.0,1.0,,,39.607,54.876,28.327,0 days 00:19:50.991000,0 days 00:20:45.867000,0 days 00:21:14.194000,258.0,191.0,265.0,90.0,False,MEDIUM,5.0,True,Ferrari,0 days 00:19:11.384000,2019-10-11 05:06:59.867,1,,False,,False,True,122.81,122.81
70,0 days 00:22:44.767000,VET,5,0 days 00:01:30.573000,6.0,1.0,,,31.821,40.856,17.896,0 days 00:21:46.015000,0 days 00:22:26.871000,0 days 00:22:44.767000,282.0,300.0,265.0,296.0,False,MEDIUM,6.0,True,Ferrari,0 days 00:21:14.194000,2019-10-11 05:09:02.677,1,,False,,False,True,90.573,90.57300000000001
71,0 days 00:24:32.938000,VET,5,0 days 00:01:48.171000,7.0,1.0,,0 days 00:24:32.293000,35.414,50.476,22.281,0 days 00:23:20.181000,0 days 00:24:10.657000,0 days 00:24:32.938000,254.0,265.0,,266.0,False,MEDIUM,7.0,True,Ferrari,0 days 00:22:44.767000,2019-10-11 05:10:33.250,1,,False,,False,False,108.171,108.17099999999999
72,0 days 00:33:22.781000,VET,5,,8.0,2.0,0 days 00:31:36.236000,,,47.67,23.213,,0 days 00:32:59.612000,0 days 00:33:23.680000,257.0,274.0,272.0,222.0,False,SOFT,1.0,True,Ferrari,0 days 00:24:32.938000,2019-10-11 05:12:21.421,1,,False,,False,False,,
73,0 days 00:34:51.173000,VET,5,0 days 00:01:28.392000,9.0,2.0,,,30.821,39.997,17.574,0 days 00:33:53.602000,0 days 00:34:33.599000,0 days 00:34:51.173000,286.0,304.0,268.0,301.0,True,SOFT,2.0,True,Ferrari,0 days 00:33:22.781000,2019-10-11 05:21:11.264,1,,False,,False,True,88.392,88.392
74,0 days 00:37:07.601000,VET,5,0 days 00:02:16.428000,10.0,2.0,,,42.255,66.299,27.874,0 days 00:35:33.428000,0 days 00:36:39.727000,0 days 00:37:07.601000,199.0,211.0,267.0,109.0,False,SOFT,3.0,True,Ferrari,0 days 00:34:51.173000,2019-10-11 05:22:39.656,1,,False,,False,True,136.428,136.428
75,0 days 00:38:37.091000,VET,5,0 days 00:01:29.490000,11.0,2.0,,,31.285,40.396,17.809,0 days 00:37:38.886000,0 days 00:38:19.282000,0 days 00:38:37.091000,282.0,301.0,267.0,299.0,False,SOFT,4.0,True,Ferrari,0 days 00:37:07.601000,2019-10-11 05:24:56.084,1,,False,,False,True,89.49,89.49
76,0 days 00:40:32.262000,VET,5,0 days 00:01:55.171000,12.0,2.0,,0 days 00:40:31.224000,38.552,48.596,28.023,0 days 00:39:15.643000,0 days 00:40:04.239000,0 days 00:40:32.262000,255.0,198.0,,163.0,False,SOFT,5.0,True,Ferrari,0 days 00:38:37.091000,2019-10-11 05:26:25.574,12,,False,,False,False,115.171,115.17099999999999
77,0 days 00:42:52.507000,VET,5,0 days 00:02:20.245000,13.0,3.0,0 days 00:40:51.617000,0 days 00:42:50.539000,71.715,44.943,23.587,0 days 00:41:43.977000,0 days 00:42:28.920000,0 days 00:42:52.507000,256.0,264.0,,264.0,False,SOFT,6.0,False,Ferrari,0 days 00:40:32.262000,2019-10-11 05:28:20.745,1,,False,,False,False,140.245,140.245
78,0 days 00:52:13.505000,VET,5,,14.0,4.0,0 days 00:50:15.225000,0 days 00:52:12.192000,,43.986,23.407,,0 days 00:51:50.228000,0 days 00:52:14.297000,261.0,290.0,,273.0,False,MEDIUM,8.0,False,Ferrari,0 days 00:42:52.507000,2019-10-11 05:30:40.990,1,,False,,False,False,,
79,0 days 00:54:33.049000,VET,5,0 days 00:02:19.544000,15.0,5.0,0 days 00:52:32.530000,,73.211,42.608,23.725,0 days 00:53:26.716000,0 days 00:54:09.324000,0 days 00:54:33.049000,272.0,295.0,253.0,292.0,False,MEDIUM,9.0,False,Ferrari,0 days 00:52:13.505000,2019-10-11 05:40:01.988,1,,False,,False,False,139.544,139.54399999999998
80,0 days 00:56:08.521000,VET,5,0 days 00:01:35.472000,16.0,5.0,,,34.154,42.764,18.554,0 days 00:55:07.203000,0 days 00:55:49.967000,0 days 00:56:08.521000,267.0,293.0,255.0,289.0,False,MEDIUM,10.0,False,Ferrari,0 days 00:54:33.049000,2019-10-11 05:42:21.532,1,,False,,False,True,95.472,95.47200000000001
81,0 days 00:57:43.871000,VET,5,0 days 00:01:35.350000,17.0,5.0,,,33.959,42.788,18.603,0 days 00:56:42.480000,0 days 00:57:25.268000,0 days 00:57:43.871000,270.0,294.0,253.0,293.0,False,MEDIUM,11.0,False,Ferrari,0 days 00:56:08.521000,2019-10-11 05:43:57.004,1,,False,,False,True,95.35,95.35
82,0 days 00:59:19.306000,VET,5,0 days 00:01:35.435000,18.0,5.0,,,34.146,42.825,18.464,0 days 00:58:18.017000,0 days 00:59:00.842000,0 days 00:59:19.306000,271.0,291.0,254.0,290.0,False,MEDIUM,12.0,False,Ferrari,0 days 00:57:43.871000,2019-10-11 05:45:32.354,1,,False,,False,True,95.435,95.435
83,0 days 01:00:54.916000,VET,5,0 days 00:01:35.610000,19.0,5.0,,,34.088,42.876,18.646,0 days 00:59:53.394000,0 days 01:00:36.270000,0 days 01:00:54.916000,271.0,291.0,253.0,290.0,False,MEDIUM,13.0,False,Ferrari,0 days 00:59:19.306000,2019-10-11 05:47:07.789,1,,False,,False,True,95.61,95.61
84,0 days 01:02:30.498000,VET,5,0 days 00:01:35.582000,20.0,5.0,,,34.017,42.96,18.605,0 days 01:01:28.933000,0 days 01:02:11.893000,0 days 01:02:30.498000,273.0,291.0,254.0,291.0,False,MEDIUM,14.0,False,Ferrari,0 days 01:00:54.916000,2019-10-11 05:48:43.399,1,,False,,False,True,95.582,95.58200000000001
85,0 days 01:04:06.321000,VET,5,0 days 00:01:35.823000,21.0,5.0,,,34.202,43.009,18.612,0 days 01:03:04.700000,0 days 01:03:47.709000,0 days 01:04:06.321000,273.0,291.0,253.0,288.0,False,MEDIUM,15.0,False,Ferrari,0 days 01:02:30.498000,2019-10-11 05:50:18.981,1,,False,,False,True,95.823,95.823
86,0 days 01:05:45.670000,VET,5,0 days 00:01:39.349000,22.0,5.0,,,34.39,43.748,21.211,0 days 01:04:40.711000,0 days 01:05:24.459000,0 days 01:05:45.670000,271.0,291.0,247.0,290.0,False,MEDIUM,16.0,False,Ferrari,0 days 01:04:06.321000,2019-10-11 05:51:54.804,1,,False,,False,True,99.349,99.349
87,0 days 01:07:22.777000,VET,5,0 days 00:01:37.107000,23.0,5.0,,,34.754,43.437,18.916,0 days 01:06:20.424000,0 days 01:07:03.861000,0 days 01:07:22.777000,274.0,293.0,254.0,293.0,False,MEDIUM,17.0,False,Ferrari,0 days 01:05:45.670000,2019-10-11 05:53:34.153,1,,False,,False,True,97.107,97.107
88,0 days 01:08:59.879000,VET,5,0 days 00:01:37.102000,24.0,5.0,,,34.798,43.329,18.975,0 days 01:07:57.575000,0 days 01:08:40.904000,0 days 01:08:59.879000,271.0,292.0,252.0,291.0,False,MEDIUM,18.0,False,Ferrari,0 days 01:07:22.777000,2019-10-11 05:55:11.260,1,,False,,False,True,97.102,97.102
89,0 days 01:10:37.094000,VET,5,0 days 00:01:37.215000,25.0,5.0,,,34.891,43.507,18.817,0 days 01:09:34.770000,0 days 01:10:18.277000,0 days 01:10:37.094000,271.0,291.0,253.0,288.0,False,MEDIUM,19.0,False,Ferrari,0 days 01:08:59.879000,2019-10-11 05:56:48.362,1,,False,,False,True,97.215,97.215
90,0 days 01:12:14.368000,VET,5,0 days 00:01:37.274000,26.0,5.0,,,34.939,43.545,18.79,0 days 01:11:12.033000,0 days 01:11:55.578000,0 days 01:12:14.368000,271.0,290.0,253.0,289.0,False,MEDIUM,20.0,False,Ferrari,0 days 01:10:37.094000,2019-10-11 05:58:25.577,1,,False,,False,True,97.274,97.274
91,0 days 01:13:51.464000,VET,5,0 days 00:01:37.096000,27.0,5.0,,,34.919,43.429,18.748,0 days 01:12:49.287000,0 days 01:13:32.716000,0 days 01:13:51.464000,270.0,291.0,254.0,289.0,False,MEDIUM,21.0,False,Ferrari,0 days 01:12:14.368000,2019-10-11 06:00:02.851,1,,False,,False,True,97.096,97.096
92,0 days 01:15:32.065000,VET,5,0 days 00:01:40.601000,28.0,5.0,,0 days 01:15:31.374000,34.858,43.619,22.124,0 days 01:14:26.322000,0 days 01:15:09.941000,0 days 01:15:32.065000,276.0,293.0,,292.0,False,MEDIUM,22.0,False,Ferrari,0 days 01:13:51.464000,2019-10-11 06:01:39.947,1,,False,,False,False,100.601,100.601
93,0 days 01:17:44.626000,VET,5,0 days 00:02:12.561000,29.0,6.0,0 days 01:16:02.971000,,67.522,44.085,20.954,0 days 01:16:39.587000,0 days 01:17:23.672000,0 days 01:17:44.626000,265.0,291.0,255.0,263.0,False,SOFT,7.0,False,Ferrari,0 days 01:15:32.065000,2019-10-11 06:03:20.548,1,,False,,False,False,132.561,132.561
94,0 days 01:19:18.837000,VET,5,0 days 00:01:34.211000,30.0,6.0,,,33.702,42.226,18.283,0 days 01:18:18.328000,0 days 01:19:00.554000,0 days 01:19:18.837000,269.0,292.0,256.0,287.0,False,SOFT,8.0,False,Ferrari,0 days 01:17:44.626000,2019-10-11 06:05:33.109,1,,False,,False,True,94.211,94.211
95,0 days 01:20:55.705000,VET,5,0 days 00:01:36.868000,31.0,6.0,,0 days 01:20:54.383000,33.542,42.356,20.97,0 days 01:19:52.379000,0 days 01:20:34.735000,0 days 01:20:55.705000,273.0,294.0,,292.0,False,SOFT,9.0,False,Ferrari,0 days 01:19:18.837000,2019-10-11 06:07:07.320,1,,False,,False,False,96.868,96.868
96,0 days 01:28:51.335000,VET,5,,32.0,7.0,0 days 01:27:10.400000,,,45.275,22.02,,0 days 01:28:29.358000,0 days 01:28:52.892000,256.0,269.0,271.0,222.0,False,MEDIUM,1.0,True,Ferrari,0 days 01:20:55.705000,2019-10-11 06:08:44.188,1,,False,,False,False,,
97,0 days 01:30:20.309000,VET,5,0 days 00:01:28.974000,33.0,7.0,,,31.084,39.999,17.891,0 days 01:29:22.419000,0 days 01:30:02.418000,0 days 01:30:20.309000,286.0,304.0,270.0,302.0,False,MEDIUM,2.0,True,Ferrari,0 days 01:28:51.335000,2019-10-11 06:16:39.818,1,,False,,False,True,88.974,88.97399999999999
98,0 days 01:32:01.328000,VET,5,0 days 00:01:41.019000,34.0,7.0,,0 days 01:32:00.019000,34.491,44.028,22.5,0 days 01:30:54.800000,0 days 01:31:38.828000,0 days 01:32:01.328000,261.0,270.0,,268.0,False,MEDIUM,3.0,True,Ferrari,0 days 01:30:20.309000,2019-10-11 06:18:08.792,1,,False,,False,False,101.019,101.019
99,0 days 01:39:38.374000,VET,5,,35.0,8.0,0 days 01:37:34.828000,,,48.821,37.641,,0 days 01:39:00.826000,0 days 01:39:38.685000,259.0,272.0,273.0,96.0,False,SOFT,1.0,True,Ferrari,0 days 01:32:01.328000,2019-10-11 06:19:49.811,1,,False,,False,False,,
100,0 days 01:41:06.750000,VET,5,0 days 00:01:28.376000,36.0,8.0,,,30.88,39.774,17.722,0 days 01:40:09.254000,0 days 01:40:49.028000,0 days 01:41:06.750000,289.0,309.0,274.0,306.0,True,SOFT,2.0,True,Ferrari,0 days 01:39:38.374000,2019-10-11 06:27:26.857,1,,False,,False,True,88.376,88.376
101,0 days 01:42:56.722000,VET,5,0 days 00:01:49.972000,37.0,8.0,,0 days 01:42:56.567000,38.403,48.398,23.171,0 days 01:41:45.153000,0 days 01:42:33.551000,0 days 01:42:56.722000,258.0,259.0,,265.0,False,SOFT,3.0,True,Ferrari,0 days 01:41:06.750000,2019-10-11 06:28:55.233,1,,False,,False,False,109.972,109.97200000000001
102,0 days 00:15:05.530000,RAI,7,,1.0,1.0,0 days 00:13:10.238000,,,49.772,26.461,,0 days 00:14:39.369000,0 days 00:15:09.465000,253.0,271.0,267.0,270.0,False,MEDIUM,1.0,True,Alfa Romeo Racing,0 days 00:13:10.238000,2019-10-11 05:00:58.721,1,,False,,False,False,,
103,0 days 00:16:37.043000,RAI,7,0 days 00:01:31.513000,2.0,1.0,,,32.328,41.283,17.902,0 days 00:15:37.858000,0 days 00:16:19.141000,0 days 00:16:37.043000,284.0,303.0,269.0,300.0,True,MEDIUM,2.0,True,Alfa Romeo Racing,0 days 00:15:05.530000,2019-10-11 05:02:54.013,1,,False,,False,True,91.513,91.513
104,0 days 00:18:56.991000,RAI,7,0 days 00:02:19.948000,3.0,1.0,,,48.479,59.676,31.793,0 days 00:17:25.522000,0 days 00:18:25.198000,0 days 00:18:56.991000,185.0,237.0,267.0,171.0,False,MEDIUM,3.0,True,Alfa Romeo Racing,0 days 00:16:37.043000,2019-10-11 05:04:25.526,1,,False,,False,True,139.948,139.948
105,0 days 00:20:28.204000,RAI,7,0 days 00:01:31.213000,4.0,1.0,,,32.276,41.167,17.77,0 days 00:19:29.267000,0 days 00:20:10.434000,0 days 00:20:28.204000,285.0,304.0,269.0,300.0,True,MEDIUM,4.0,True,Alfa Romeo Racing,0 days 00:18:56.991000,2019-10-11 05:06:45.474,1,,False,,False,True,91.213,91.21300000000001
106,0 days 00:22:26.290000,RAI,7,0 days 00:01:58.086000,5.0,1.0,,0 days 00:22:24.982000,42.251,50.348,25.487,0 days 00:21:10.455000,0 days 00:22:00.803000,0 days 00:22:26.290000,228.0,277.0,,245.0,False,MEDIUM,5.0,True,Alfa Romeo Racing,0 days 00:20:28.204000,2019-10-11 05:08:16.687,1,,False,,False,False,118.086,118.08599999999998
107,0 days 00:25:23.258000,RAI,7,,6.0,2.0,0 days 00:23:29.973000,,,48.92,26.244,,0 days 00:24:57.213000,0 days 00:25:24.153000,109.0,254.0,269.0,157.0,False,MEDIUM,6.0,False,Alfa Romeo Racing,0 days 00:22:26.290000,2019-10-11 05:10:14.773,1,,False,,False,False,,
108,0 days 00:26:54.683000,RAI,7,0 days 00:01:31.425000,7.0,2.0,,,32.472,41.081,17.872,0 days 00:25:55.730000,0 days 00:26:36.811000,0 days 00:26:54.683000,280.0,305.0,269.0,300.0,False,MEDIUM,7.0,False,Alfa Romeo Racing,0 days 00:25:23.258000,2019-10-11 05:13:11.741,1,,False,,False,True,91.425,91.425
109,0 days 00:28:40.723000,RAI,7,0 days 00:01:46.040000,8.0,2.0,,0 days 00:28:40.730000,36.335,46.038,23.667,0 days 00:27:31.018000,0 days 00:28:17.056000,0 days 00:28:40.723000,250.0,271.0,,272.0,False,MEDIUM,8.0,False,Alfa Romeo Racing,0 days 00:26:54.683000,2019-10-11 05:14:43.166,1,,False,,False,False,106.04,106.03999999999999
110,0 days 00:39:28.595000,RAI,7,,9.0,3.0,0 days 00:37:40.836000,,,47.539,22.33,,0 days 00:39:06.294000,0 days 00:39:28.749000,260.0,274.0,269.0,268.0,False,SOFT,1.0,True,Alfa Romeo Racing,0 days 00:28:40.723000,2019-10-11 05:16:29.206,1,,False,,False,False,,
111,0 days 00:40:58.436000,RAI,7,0 days 00:01:29.841000,10.0,3.0,,,31.725,40.422,17.694,0 days 00:40:00.320000,0 days 00:40:40.742000,0 days 00:40:58.436000,288.0,305.0,270.0,300.0,True,SOFT,2.0,True,Alfa Romeo Racing,0 days 00:39:28.595000,2019-10-11 05:27:17.078,12,,False,,False,True,89.841,89.841
112,0 days 00:43:11.277000,RAI,7,0 days 00:02:12.841000,11.0,3.0,,,47.881,57.809,27.151,0 days 00:41:46.317000,0 days 00:42:44.126000,0 days 00:43:11.277000,197.0,162.0,267.0,149.0,False,SOFT,3.0,True,Alfa Romeo Racing,0 days 00:40:58.436000,2019-10-11 05:28:46.919,1,,False,,False,True,132.841,132.841
113,0 days 00:44:53.448000,RAI,7,0 days 00:01:42.171000,12.0,3.0,,0 days 00:44:53.464000,31.974,44.283,25.914,0 days 00:43:43.251000,0 days 00:44:27.534000,0 days 00:44:53.448000,286.0,266.0,,251.0,False,SOFT,4.0,True,Alfa Romeo Racing,0 days 00:43:11.277000,2019-10-11 05:30:59.760,1,,False,,False,False,102.171,102.171
114,0 days 00:54:10.829000,RAI,7,,13.0,4.0,0 days 00:52:28.751000,,,46.083,19.985,,0 days 00:53:52.205000,0 days 00:54:10.961000,260.0,267.0,271.0,263.0,False,SOFT,1.0,True,Alfa Romeo Racing,0 days 00:44:53.448000,2019-10-11 05:32:41.931,1,,False,,False,False,,
115,0 days 00:55:40.634000,RAI,7,0 days 00:01:29.805000,14.0,4.0,,,31.611,40.432,17.762,0 days 00:54:42.440000,0 days 00:55:22.872000,0 days 00:55:40.634000,287.0,303.0,270.0,300.0,True,SOFT,2.0,True,Alfa Romeo Racing,0 days 00:54:10.829000,2019-10-11 05:41:59.312,1,,False,,False,True,89.805,89.805
116,0 days 00:57:38.708000,RAI,7,0 days 00:01:58.074000,15.0,4.0,,0 days 00:57:37.074000,39.696,48.423,29.955,0 days 00:56:20.330000,0 days 00:57:08.753000,0 days 00:57:38.708000,252.0,269.0,,172.0,False,SOFT,3.0,True,Alfa Romeo Racing,0 days 00:55:40.634000,2019-10-11 05:43:29.117,1,,False,,False,False,118.074,118.074
117,0 days 01:10:02.381000,RAI,7,,16.0,5.0,0 days 01:08:05.774000,,,56.504,23.408,,0 days 01:09:38.973000,0 days 01:10:02.537000,256.0,269.0,270.0,174.0,False,SOFT,1.0,True,Alfa Romeo Racing,0 days 00:57:38.708000,2019-10-11 05:45:27.191,1,,False,,False,False,,
118,0 days 01:11:31.858000,RAI,7,0 days 00:01:29.477000,17.0,5.0,,,31.391,40.4,17.686,0 days 01:10:33.772000,0 days 01:11:14.172000,0 days 01:11:31.858000,289.0,304.0,268.0,298.0,True,SOFT,2.0,True,Alfa Romeo Racing,0 days 01:10:02.381000,2019-10-11 05:57:50.864,1,,False,,False,True,89.477,89.477
119,0 days 01:13:35.381000,RAI,7,0 days 00:02:03.523000,18.0,5.0,,0 days 01:13:34.052000,43.673,51.03,28.82,0 days 01:12:15.531000,0 days 01:13:06.561000,0 days 01:13:35.381000,140.0,242.0,,239.0,False,SOFT,3.0,True,Alfa Romeo Racing,0 days 01:11:31.858000,2019-10-11 05:59:20.341,1,,False,,False,False,123.523,123.523
120,0 days 01:26:49.985000,RAI,7,,19.0,6.0,0 days 01:25:00.671000,0 days 01:26:48.499000,,43.348,22.023,,0 days 01:26:27.965000,0 days 01:26:50.196000,272.0,297.0,,296.0,False,SOFT,5.0,False,Alfa Romeo Racing,0 days 01:13:35.381000,2019-10-11 06:01:23.864,1,,False,,False,False,,
121,0 days 01:28:53.736000,RAI,7,0 days 00:02:03.751000,20.0,7.0,0 days 01:27:10.071000,,62.061,43.11,18.58,0 days 01:27:52.046000,0 days 01:28:35.156000,0 days 01:28:53.736000,279.0,301.0,259.0,300.0,False,SOFT,6.0,False,Alfa Romeo Racing,0 days 01:26:49.985000,2019-10-11 06:14:38.468,1,,False,,False,False,123.751,123.75099999999999
122,0 days 01:30:30.902000,RAI,7,0 days 00:01:37.166000,21.0,7.0,,,34.883,43.635,18.648,0 days 01:29:28.619000,0 days 01:30:12.254000,0 days 01:30:30.902000,273.0,296.0,258.0,296.0,False,SOFT,7.0,False,Alfa Romeo Racing,0 days 01:28:53.736000,2019-10-11 06:16:42.219,1,,False,,False,True,97.166,97.166
123,0 days 01:32:08.180000,RAI,7,0 days 00:01:37.278000,22.0,7.0,,,35.123,43.495,18.66,0 days 01:31:06.025000,0 days 01:31:49.520000,0 days 01:32:08.180000,273.0,296.0,257.0,297.0,False,SOFT,8.0,False,Alfa Romeo Racing,0 days 01:30:30.902000,2019-10-11 06:18:19.385,1,,False,,False,True,97.278,97.27799999999999
124,0 days 01:33:48.277000,RAI,7,0 days 00:01:40.097000,23.0,7.0,,0 days 01:33:48.276000,35.209,43.756,21.132,0 days 01:32:43.389000,0 days 01:33:27.145000,0 days 01:33:48.277000,273.0,296.0,,295.0,False,SOFT,9.0,False,Alfa Romeo Racing,0 days 01:32:08.180000,2019-10-11 06:19:56.663,1,,False,,False,False,100.097,100.09700000000001
125,0 days 01:36:09.495000,RAI,7,0 days 00:02:21.218000,24.0,8.0,0 days 01:34:32.034000,,78.684,43.789,18.745,0 days 01:35:06.961000,0 days 01:35:50.750000,0 days 01:36:09.495000,272.0,293.0,256.0,292.0,False,SOFT,10.0,False,Alfa Romeo Racing,0 days 01:33:48.277000,2019-10-11 06:21:36.760,1,,False,,False,False,141.218,141.218
126,0 days 01:37:46.551000,RAI,7,0 days 00:01:37.056000,25.0,8.0,,,34.966,43.373,18.717,0 days 01:36:44.461000,0 days 01:37:27.834000,0 days 01:37:46.551000,273.0,292.0,257.0,291.0,False,SOFT,11.0,False,Alfa Romeo Racing,0 days 01:36:09.495000,2019-10-11 06:23:57.978,1,,False,,False,True,97.056,97.056
127,0 days 01:39:23.622000,RAI,7,0 days 00:01:37.071000,26.0,8.0,,,34.847,43.373,18.851,0 days 01:38:21.398000,0 days 01:39:04.771000,0 days 01:39:23.622000,273.0,296.0,257.0,295.0,False,SOFT,12.0,False,Alfa Romeo Racing,0 days 01:37:46.551000,2019-10-11 06:25:35.034,1,,False,,False,True,97.071,97.071
128,0 days 01:41:01.324000,RAI,7,0 days 00:01:37.702000,27.0,8.0,,,35.193,43.887,18.622,0 days 01:39:58.815000,0 days 01:40:42.702000,0 days 01:41:01.324000,276.0,297.0,256.0,296.0,False,SOFT,13.0,False,Alfa Romeo Racing,0 days 01:39:23.622000,2019-10-11 06:27:12.105,1,,False,,False,True,97.702,97.702
129,0 days 01:42:38.922000,RAI,7,0 days 00:01:37.598000,28.0,8.0,,,35.084,43.708,18.806,0 days 01:41:36.408000,0 days 01:42:20.116000,0 days 01:42:38.922000,273.0,295.0,256.0,293.0,False,SOFT,14.0,False,Alfa Romeo Racing,0 days 01:41:01.324000,2019-10-11 06:28:49.807,1,,False,,False,True,97.598,97.598
130,0 days 01:44:31.547000,RAI,7,0 days 00:01:52.625000,29.0,8.0,,0 days 01:44:31.546000,40.471,48.249,23.905,0 days 01:43:19.393000,0 days 01:44:07.642000,0 days 01:44:31.547000,249.0,268.0,,258.0,False,SOFT,15.0,False,Alfa Romeo Racing,0 days 01:42:38.922000,2019-10-11 06:30:27.405,1,,False,,False,False,112.625,112.625
131,0 days 00:14:49.018000,GRO,8,,1.0,1.0,0 days 00:12:50.158000,,,52.263,27.606,,0 days 00:14:21.417000,0 days 00:14:49.152000,251.0,215.0,267.0,126.0,False,SOFT,1.0,True,Haas F1 Team,0 days 00:12:50.158000,2019-10-11 05:00:38.641,1,,False,,False,False,,
132,0 days 00:16:19.587000,GRO,8,0 days 00:01:30.569000,2.0,1.0,,,31.876,40.834,17.859,0 days 00:15:20.894000,0 days 00:16:01.728000,0 days 00:16:19.587000,284.0,301.0,266.0,300.0,True,SOFT,2.0,True,Haas F1 Team,0 days 00:14:49.018000,2019-10-11 05:02:37.501,1,,False,,False,True,90.569,90.56900000000002
133,0 days 00:18:37.650000,GRO,8,0 days 00:02:18.063000,3.0,1.0,,,48.235,64.487,25.341,0 days 00:17:07.822000,0 days 00:18:12.309000,0 days 00:18:37.650000,208.0,247.0,267.0,194.0,False,SOFT,3.0,True,Haas F1 Team,0 days 00:16:19.587000,2019-10-11 05:04:08.070,1,,False,,False,True,138.063,138.063
134,0 days 00:20:08.500000,GRO,8,0 days 00:01:30.850000,4.0,1.0,,,31.846,40.954,18.05,0 days 00:19:09.496000,0 days 00:19:50.450000,0 days 00:20:08.500000,283.0,300.0,263.0,299.0,False,SOFT,4.0,True,Haas F1 Team,0 days 00:18:37.650000,2019-10-11 05:06:26.133,1,,False,,False,True,90.85,90.85
135,0 days 00:22:03.762000,GRO,8,0 days 00:01:55.262000,5.0,1.0,,0 days 00:22:02.448000,37.824,51.404,26.034,0 days 00:20:46.324000,0 days 00:21:37.728000,0 days 00:22:03.762000,250.0,198.0,,216.0,False,SOFT,5.0,True,Haas F1 Team,0 days 00:20:08.500000,2019-10-11 05:07:56.983,1,,False,,False,False,115.262,115.262
136,0 days 00:38:39.864000,GRO,8,,6.0,2.0,0 days 00:36:45.159000,,,50.764,24.056,,0 days 00:38:15.808000,0 days 00:38:40.478000,252.0,268.0,270.0,255.0,False,SOFT,1.0,True,Haas F1 Team,0 days 00:22:03.762000,2019-10-11 05:09:52.245,1,,False,,False,False,,
137,0 days 00:40:18.632000,GRO,8,0 days 00:01:38.768000,7.0,2.0,,0 days 00:40:18.707000,31.323,40.316,27.129,0 days 00:39:11.187000,0 days 00:39:51.503000,0 days 00:40:18.632000,286.0,301.0,,300.0,False,SOFT,2.0,True,Haas F1 Team,0 days 00:38:39.864000,2019-10-11 05:26:28.347,12,,False,,False,False,98.768,98.76800000000001
138,0 days 00:50:57.769000,GRO,8,,8.0,3.0,0 days 00:49:10.050000,,,48.697,19.452,,0 days 00:50:38.350000,0 days 00:50:57.929000,248.0,262.0,268.0,259.0,False,SOFT,1.0,True,Haas F1 Team,0 days 00:40:18.632000,2019-10-11 05:28:07.115,21,,False,,False,False,,
139,0 days 00:52:27.322000,GRO,8,0 days 00:01:29.553000,9.0,3.0,,,31.294,40.438,17.821,0 days 00:51:29.063000,0 days 00:52:09.501000,0 days 00:52:27.322000,285.0,299.0,265.0,298.0,True,SOFT,2.0,True,Haas F1 Team,0 days 00:50:57.769000,2019-10-11 05:38:46.252,1,,False,,False,True,89.553,89.553
140,0 days 00:54:32.673000,GRO,8,0 days 00:02:05.351000,10.0,3.0,,0 days 00:54:32.330000,47.482,48.81,29.059,0 days 00:53:14.804000,0 days 00:54:03.614000,0 days 00:54:32.673000,220.0,265.0,,237.0,False,SOFT,3.0,True,Haas F1 Team,0 days 00:52:27.322000,2019-10-11 05:40:15.805,1,,False,,False,False,125.351,125.351
141,0 days 01:14:44.547000,GRO,8,,11.0,4.0,0 days 01:12:59.630000,,,43.086,18.625,,0 days 01:14:25.932000,0 days 01:14:46.215000,273.0,289.0,252.0,287.0,False,SOFT,6.0,False,Haas F1 Team,0 days 00:54:32.673000,2019-10-11 05:42:21.156,1,,False,,False,False,,
142,0 days 01:16:21.143000,GRO,8,0 days 00:01:36.596000,12.0,4.0,,,34.798,43.208,18.59,0 days 01:15:19.345000,0 days 01:16:02.553000,0 days 01:16:21.143000,270.0,291.0,252.0,285.0,False,SOFT,7.0,False,Haas F1 Team,0 days 01:14:44.547000,2019-10-11 06:02:33.030,1,,False,,False,True,96.596,96.596
143,0 days 01:17:58.789000,GRO,8,0 days 00:01:37.646000,13.0,4.0,,,34.85,44.049,18.747,0 days 01:16:55.993000,0 days 01:17:40.042000,0 days 01:17:58.789000,268.0,293.0,252.0,286.0,False,SOFT,8.0,False,Haas F1 Team,0 days 01:16:21.143000,2019-10-11 06:04:09.626,1,,False,,False,True,97.646,97.646
144,0 days 01:19:35.850000,GRO,8,0 days 00:01:37.061000,14.0,4.0,,,34.875,43.409,18.777,0 days 01:18:33.664000,0 days 01:19:17.073000,0 days 01:19:35.850000,267.0,291.0,253.0,281.0,False,SOFT,9.0,False,Haas F1 Team,0 days 01:17:58.789000,2019-10-11 06:05:47.272,1,,False,,False,True,97.061,97.06099999999999
145,0 days 01:21:16.655000,GRO,8,0 days 00:01:40.805000,15.0,4.0,,,34.95,47.043,18.812,0 days 01:20:10.800000,0 days 01:20:57.843000,0 days 01:21:16.655000,267.0,294.0,252.0,284.0,False,SOFT,10.0,False,Haas F1 Team,0 days 01:19:35.850000,2019-10-11 06:07:24.333,1,,False,,False,True,100.805,100.80499999999999
146,0 days 01:22:53.950000,GRO,8,0 days 00:01:37.295000,16.0,4.0,,,35.007,43.633,18.655,0 days 01:21:51.662000,0 days 01:22:35.295000,0 days 01:22:53.950000,270.0,293.0,253.0,293.0,False,SOFT,11.0,False,Haas F1 Team,0 days 01:21:16.655000,2019-10-11 06:09:05.138,1,,False,,False,True,97.295,97.295
147,0 days 01:24:31.631000,GRO,8,0 days 00:01:37.681000,17.0,4.0,,,35.05,43.8,18.831,0 days 01:23:29,0 days 01:24:12.800000,0 days 01:24:31.631000,268.0,292.0,252.0,285.0,False,SOFT,12.0,False,Haas F1 Team,0 days 01:22:53.950000,2019-10-11 06:10:42.433,1,,False,,False,True,97.681,97.681
148,0 days 01:26:09.145000,GRO,8,0 days 00:01:37.514000,18.0,4.0,,,35.038,43.706,18.77,0 days 01:25:06.669000,0 days 01:25:50.375000,0 days 01:26:09.145000,269.0,292.0,253.0,289.0,False,SOFT,13.0,False,Haas F1 Team,0 days 01:24:31.631000,2019-10-11 06:12:20.114,1,,False,,False,True,97.514,97.514
149,0 days 01:27:46.663000,GRO,8,0 days 00:01:37.518000,19.0,4.0,,,35.056,43.633,18.829,0 days 01:26:44.201000,0 days 01:27:27.834000,0 days 01:27:46.663000,268.0,292.0,252.0,288.0,False,SOFT,14.0,False,Haas F1 Team,0 days 01:26:09.145000,2019-10-11 06:13:57.628,1,,False,,False,True,97.518,97.518
150,0 days 01:29:24.020000,GRO,8,0 days 00:01:37.357000,20.0,4.0,,,34.964,43.553,18.84,0 days 01:28:21.627000,0 days 01:29:05.180000,0 days 01:29:24.020000,269.0,292.0,252.0,290.0,False,SOFT,15.0,False,Haas F1 Team,0 days 01:27:46.663000,2019-10-11 06:15:35.146,1,,False,,False,True,97.357,97.357
151,0 days 01:31:03.210000,GRO,8,0 days 00:01:39.190000,21.0,4.0,,,35.096,45.027,19.067,0 days 01:29:59.116000,0 days 01:30:44.143000,0 days 01:31:03.210000,270.0,295.0,253.0,293.0,False,SOFT,16.0,False,Haas F1 Team,0 days 01:29:24.020000,2019-10-11 06:17:12.503,1,,False,,False,True,99.19,99.19
152,0 days 01:32:41.503000,GRO,8,0 days 00:01:38.293000,22.0,4.0,,,35.457,44.079,18.757,0 days 01:31:38.667000,0 days 01:32:22.746000,0 days 01:32:41.503000,265.0,292.0,253.0,289.0,False,SOFT,17.0,False,Haas F1 Team,0 days 01:31:03.210000,2019-10-11 06:18:51.693,1,,False,,False,True,98.293,98.293
153,0 days 01:34:22.202000,GRO,8,0 days 00:01:40.699000,23.0,4.0,,0 days 01:34:20.386000,35.218,43.697,21.784,0 days 01:33:16.721000,0 days 01:34:00.418000,0 days 01:34:22.202000,269.0,291.0,,292.0,False,SOFT,18.0,False,Haas F1 Team,0 days 01:32:41.503000,2019-10-11 06:20:29.986,1,,False,,False,False,100.699,100.69900000000001
154,0 days 01:36:30.584000,GRO,8,0 days 00:02:08.382000,24.0,5.0,0 days 01:34:47.646000,,67.296,42.768,18.318,0 days 01:35:29.498000,0 days 01:36:12.266000,0 days 01:36:30.584000,271.0,293.0,254.0,293.0,False,MEDIUM,1.0,True,Haas F1 Team,0 days 01:34:22.202000,2019-10-11 06:22:10.685,1,,False,,False,False,128.382,128.382
155,0 days 01:38:05.550000,GRO,8,0 days 00:01:34.966000,25.0,5.0,,,33.847,42.626,18.493,0 days 01:37:04.431000,0 days 01:37:47.057000,0 days 01:38:05.550000,271.0,294.0,255.0,289.0,False,MEDIUM,2.0,True,Haas F1 Team,0 days 01:36:30.584000,2019-10-11 06:24:19.067,1,,False,,False,True,94.966,94.966
156,0 days 01:39:47.564000,GRO,8,0 days 00:01:42.014000,26.0,5.0,,,34.415,45.84,21.759,0 days 01:38:39.965000,0 days 01:39:25.805000,0 days 01:39:47.564000,270.0,127.0,256.0,241.0,False,MEDIUM,3.0,True,Haas F1 Team,0 days 01:38:05.550000,2019-10-11 06:25:54.033,1,,False,,False,True,102.014,102.014
157,0 days 01:41:22.862000,GRO,8,0 days 00:01:35.298000,27.0,5.0,,,34.059,42.807,18.432,0 days 01:40:21.623000,0 days 01:41:04.430000,0 days 01:41:22.862000,270.0,294.0,255.0,291.0,False,MEDIUM,4.0,True,Haas F1 Team,0 days 01:39:47.564000,2019-10-11 06:27:36.047,1,,False,,False,True,95.298,95.298
158,0 days 01:43:05.524000,GRO,8,0 days 00:01:42.662000,28.0,5.0,,0 days 01:43:04.257000,34.265,45.505,22.892,0 days 01:41:57.127000,0 days 01:42:42.632000,0 days 01:43:05.524000,271.0,198.0,,248.0,False,MEDIUM,5.0,True,Haas F1 Team,0 days 01:41:22.862000,2019-10-11 06:29:11.345,1,,False,,False,False,102.662,102.662
159,0 days 00:15:30.579000,GAS,10,,1.0,1.0,0 days 00:13:35.222000,,,53.98,21.105,,0 days 00:15:09.800000,0 days 00:15:30.814000,264.0,210.0,264.0,261.0,False,MEDIUM,1.0,True,Toro Rosso,0 days 00:13:35.222000,2019-10-11 05:01:23.705,1,,False,,False,False,,
160,0 days 00:17:03.129000,GAS,10,0 days 00:01:32.550000,2.0,1.0,,,32.796,41.548,18.206,0 days 00:16:03.375000,0 days 00:16:44.923000,0 days 00:17:03.129000,279.0,294.0,263.0,293.0,True,MEDIUM,2.0,True,Toro Rosso,0 days 00:15:30.579000,2019-10-11 05:03:19.062,1,,False,,False,True,92.55,92.55
161,0 days 00:19:17.298000,GAS,10,0 days 00:02:14.169000,3.0,1.0,,,48.466,59.07,26.633,0 days 00:17:51.595000,0 days 00:18:50.665000,0 days 00:19:17.298000,227.0,260.0,266.0,254.0,False,MEDIUM,3.0,True,Toro Rosso,0 days 00:17:03.129000,2019-10-11 05:04:51.612,1,,False,,False,True,134.169,134.169
162,0 days 00:20:48.748000,GAS,10,0 days 00:01:31.450000,4.0,1.0,,,32.366,41.072,18.012,0 days 00:19:49.664000,0 days 00:20:30.736000,0 days 00:20:48.748000,282.0,298.0,264.0,297.0,True,MEDIUM,4.0,True,Toro Rosso,0 days 00:19:17.298000,2019-10-11 05:07:05.781,1,,False,,False,True,91.45,91.45
163,0 days 00:23:01.444000,GAS,10,0 days 00:02:12.696000,5.0,1.0,,,52.924,59.383,20.389,0 days 00:21:41.672000,0 days 00:22:41.055000,0 days 00:23:01.444000,179.0,272.0,267.0,273.0,False,MEDIUM,5.0,True,Toro Rosso,0 days 00:20:48.748000,2019-10-11 05:08:37.231,1,,False,,False,True,132.696,132.696
164,0 days 00:24:32.629000,GAS,10,0 days 00:01:31.185000,6.0,1.0,,,32.225,40.979,17.981,0 days 00:23:33.669000,0 days 00:24:14.648000,0 days 00:24:32.629000,282.0,300.0,264.0,298.0,True,MEDIUM,6.0,True,Toro Rosso,0 days 00:23:01.444000,2019-10-11 05:10:49.927,1,,False,,False,True,91.185,91.185
165,0 days 00:26:18.107000,GAS,10,0 days 00:01:45.478000,7.0,1.0,,0 days 00:26:16.933000,36.491,45.519,23.468,0 days 00:25:09.120000,0 days 00:25:54.639000,0 days 00:26:18.107000,261.0,277.0,,276.0,False,MEDIUM,7.0,True,Toro Rosso,0 days 00:24:32.629000,2019-10-11 05:12:21.112,1,,False,,False,False,105.478,105.478
166,0 days 00:36:59.032000,GAS,10,,8.0,2.0,0 days 00:35:04.134000,,,51.559,21.654,,0 days 00:36:38.921000,0 days 00:36:59.263000,262.0,234.0,266.0,266.0,False,SOFT,1.0,True,Toro Rosso,0 days 00:26:18.107000,2019-10-11 05:14:06.590,1,,False,,False,False,,
167,0 days 00:38:29.044000,GAS,10,0 days 00:01:30.012000,9.0,2.0,,,31.647,40.558,17.807,0 days 00:37:30.679000,0 days 00:38:11.237000,0 days 00:38:29.044000,284.0,300.0,265.0,298.0,True,SOFT,2.0,True,Toro Rosso,0 days 00:36:59.032000,2019-10-11 05:24:47.515,1,,False,,False,True,90.012,90.012
168,0 days 00:40:54.111000,GAS,10,0 days 00:02:25.067000,10.0,2.0,,,54.201,66.283,24.583,0 days 00:39:23.245000,0 days 00:40:29.528000,0 days 00:40:54.111000,170.0,258.0,266.0,196.0,False,SOFT,3.0,True,Toro Rosso,0 days 00:38:29.044000,2019-10-11 05:26:17.527,12,,False,,False,True,145.067,145.067
169,0 days 00:42:25.171000,GAS,10,0 days 00:01:31.060000,11.0,2.0,,,31.921,41.17,17.969,0 days 00:41:26.032000,0 days 00:42:07.202000,0 days 00:42:25.171000,283.0,299.0,265.0,296.0,False,SOFT,4.0,True,Toro Rosso,0 days 00:40:54.111000,2019-10-11 05:28:42.594,1,,False,,False,True,91.06,91.06
170,0 days 00:44:22.224000,GAS,10,0 days 00:01:57.053000,12.0,2.0,,0 days 00:44:20.904000,45.497,46.697,24.859,0 days 00:43:10.668000,0 days 00:43:57.365000,0 days 00:44:22.224000,257.0,273.0,,274.0,False,SOFT,5.0,True,Toro Rosso,0 days 00:42:25.171000,2019-10-11 05:30:13.654,1,,False,,False,False,117.053,117.053
171,0 days 00:55:06.892000,GAS,10,,13.0,3.0,0 days 00:53:18.517000,,,43.697,18.98,,0 days 00:54:47.918000,0 days 00:55:07.201000,269.0,300.0,258.0,280.0,False,SOFT,6.0,False,Toro Rosso,0 days 00:44:22.224000,2019-10-11 05:32:10.707,1,,False,,False,False,,
172,0 days 00:56:43.094000,GAS,10,0 days 00:01:36.202000,14.0,3.0,,,34.33,42.669,19.203,0 days 00:55:41.222000,0 days 00:56:23.891000,0 days 00:56:43.094000,272.0,296.0,253.0,291.0,False,SOFT,7.0,False,Toro Rosso,0 days 00:55:06.892000,2019-10-11 05:42:55.375,1,,False,,False,True,96.202,96.202
173,0 days 00:58:21.678000,GAS,10,0 days 00:01:38.584000,15.0,3.0,,0 days 00:58:20.539000,34.436,42.745,21.403,0 days 00:57:17.530000,0 days 00:58:00.275000,0 days 00:58:21.678000,278.0,297.0,,295.0,False,SOFT,8.0,False,Toro Rosso,0 days 00:56:43.094000,2019-10-11 05:44:31.577,1,,False,,False,False,98.584,98.584
174,0 days 01:00:27.632000,GAS,10,0 days 00:02:05.954000,16.0,4.0,0 days 00:58:52.502000,,64.316,42.872,18.766,0 days 00:59:25.994000,0 days 01:00:08.866000,0 days 01:00:27.632000,274.0,295.0,257.0,293.0,False,SOFT,9.0,False,Toro Rosso,0 days 00:58:21.678000,2019-10-11 05:46:10.161,1,,False,,False,False,125.954,125.95400000000001
175,0 days 01:02:03.922000,GAS,10,0 days 00:01:36.290000,17.0,4.0,,,34.456,42.83,19.004,0 days 01:01:02.088000,0 days 01:01:44.918000,0 days 01:02:03.922000,278.0,298.0,259.0,298.0,False,SOFT,10.0,False,Toro Rosso,0 days 01:00:27.632000,2019-10-11 05:48:16.115,1,,False,,False,True,96.29,96.29
176,0 days 01:03:39.935000,GAS,10,0 days 00:01:36.013000,18.0,4.0,,,34.457,43.006,18.55,0 days 01:02:38.379000,0 days 01:03:21.385000,0 days 01:03:39.935000,280.0,297.0,257.0,295.0,False,SOFT,11.0,False,Toro Rosso,0 days 01:02:03.922000,2019-10-11 05:49:52.405,1,,False,,False,True,96.013,96.01299999999999
177,0 days 01:05:16.542000,GAS,10,0 days 00:01:36.607000,19.0,4.0,,,34.539,43.557,18.511,0 days 01:04:14.474000,0 days 01:04:58.031000,0 days 01:05:16.542000,275.0,296.0,258.0,294.0,False,SOFT,12.0,False,Toro Rosso,0 days 01:03:39.935000,2019-10-11 05:51:28.418,1,,False,,False,True,96.607,96.607
178,0 days 01:06:52.500000,GAS,10,0 days 00:01:35.958000,20.0,4.0,,,34.525,42.997,18.436,0 days 01:05:51.067000,0 days 01:06:34.064000,0 days 01:06:52.500000,272.0,296.0,258.0,295.0,False,SOFT,13.0,False,Toro Rosso,0 days 01:05:16.542000,2019-10-11 05:53:05.025,1,,False,,False,True,95.958,95.958
179,0 days 01:08:28.316000,GAS,10,0 days 00:01:35.816000,21.0,4.0,,,34.388,42.923,18.505,0 days 01:07:26.888000,0 days 01:08:09.811000,0 days 01:08:28.316000,272.0,297.0,258.0,295.0,False,SOFT,14.0,False,Toro Rosso,0 days 01:06:52.500000,2019-10-11 05:54:40.983,1,,False,,False,True,95.816,95.816
180,0 days 01:10:04.175000,GAS,10,0 days 00:01:35.859000,22.0,4.0,,,34.404,42.851,18.604,0 days 01:09:02.720000,0 days 01:09:45.571000,0 days 01:10:04.175000,279.0,297.0,259.0,296.0,False,SOFT,15.0,False,Toro Rosso,0 days 01:08:28.316000,2019-10-11 05:56:16.799,1,,False,,False,True,95.859,95.859
181,0 days 01:11:40.472000,GAS,10,0 days 00:01:36.297000,23.0,4.0,,,34.61,43.124,18.563,0 days 01:10:38.785000,0 days 01:11:21.909000,0 days 01:11:40.472000,281.0,299.0,256.0,299.0,False,SOFT,16.0,False,Toro Rosso,0 days 01:10:04.175000,2019-10-11 05:57:52.658,1,,False,,False,True,96.297,96.29700000000001
182,0 days 01:13:17.160000,GAS,10,0 days 00:01:36.688000,24.0,4.0,,,34.927,43.169,18.592,0 days 01:12:15.399000,0 days 01:12:58.568000,0 days 01:13:17.160000,279.0,295.0,257.0,294.0,False,SOFT,17.0,False,Toro Rosso,0 days 01:11:40.472000,2019-10-11 05:59:28.955,1,,False,,False,True,96.688,96.688
183,0 days 01:14:53.757000,GAS,10,0 days 00:01:36.597000,25.0,4.0,,,34.763,43.17,18.664,0 days 01:13:51.923000,0 days 01:14:35.093000,0 days 01:14:53.757000,280.0,298.0,258.0,294.0,False,SOFT,18.0,False,Toro Rosso,0 days 01:13:17.160000,2019-10-11 06:01:05.643,1,,False,,False,True,96.597,96.597
184,0 days 01:16:30.615000,GAS,10,0 days 00:01:36.858000,26.0,4.0,,,34.977,43.255,18.626,0 days 01:15:28.734000,0 days 01:16:11.989000,0 days 01:16:30.615000,281.0,298.0,257.0,295.0,False,SOFT,19.0,False,Toro Rosso,0 days 01:14:53.757000,2019-10-11 06:02:42.240,1,,False,,False,True,96.858,96.858
185,0 days 01:18:07.703000,GAS,10,0 days 00:01:37.088000,27.0,4.0,,,34.98,43.403,18.705,0 days 01:17:05.595000,0 days 01:17:48.998000,0 days 01:18:07.703000,279.0,298.0,257.0,295.0,False,SOFT,20.0,False,Toro Rosso,0 days 01:16:30.615000,2019-10-11 06:04:19.098,1,,False,,False,True,97.088,97.088
186,0 days 01:19:47.723000,GAS,10,0 days 00:01:40.020000,28.0,4.0,,0 days 01:19:46.575000,35.01,43.553,21.457,0 days 01:18:42.713000,0 days 01:19:26.266000,0 days 01:19:47.723000,279.0,297.0,,295.0,False,SOFT,21.0,False,Toro Rosso,0 days 01:18:07.703000,2019-10-11 06:05:56.186,1,,False,,False,False,100.02,100.01999999999998
187,0 days 01:27:24.919000,GAS,10,,29.0,5.0,0 days 01:25:35.004000,,,46.406,21.861,,0 days 01:27:03.087000,0 days 01:27:25.090000,254.0,273.0,270.0,224.0,False,SOFT,1.0,True,Toro Rosso,0 days 01:19:47.723000,2019-10-11 06:07:36.206,1,,False,,False,False,,
188,0 days 01:28:55.030000,GAS,10,0 days 00:01:30.111000,30.0,5.0,,,31.781,40.419,17.911,0 days 01:27:56.700000,0 days 01:28:37.119000,0 days 01:28:55.030000,286.0,305.0,270.0,303.0,False,SOFT,2.0,True,Toro Rosso,0 days 01:27:24.919000,2019-10-11 06:15:13.402,1,,False,,False,True,90.111,90.11099999999999
189,0 days 01:30:46.582000,GAS,10,0 days 00:01:51.552000,31.0,5.0,,0 days 01:30:44.159000,39.809,46.68,25.063,0 days 01:29:34.839000,0 days 01:30:21.519000,0 days 01:30:46.582000,194.0,277.0,,276.0,False,SOFT,3.0,True,Toro Rosso,0 days 01:28:55.030000,2019-10-11 06:16:43.513,1,,False,,False,False,111.552,111.552
190,0 days 01:39:11.148000,GAS,10,,32.0,6.0,0 days 01:37:17.013000,,,50.856,20.551,,0 days 01:38:50.615000,0 days 01:39:11.288000,261.0,220.0,270.0,261.0,False,SOFT,1.0,True,Toro Rosso,0 days 01:30:46.582000,2019-10-11 06:18:35.065,1,,False,,False,False,,
191,0 days 01:40:40.502000,GAS,10,0 days 00:01:29.354000,33.0,6.0,,,31.466,40.264,17.624,0 days 01:39:42.614000,0 days 01:40:22.878000,0 days 01:40:40.502000,287.0,303.0,268.0,299.0,True,SOFT,2.0,True,Toro Rosso,0 days 01:39:11.148000,2019-10-11 06:26:59.631,1,,False,,False,True,89.354,89.354
192,0 days 01:42:42.245000,GAS,10,0 days 00:02:01.743000,34.0,6.0,,0 days 01:42:40.695000,42.933,50.256,28.554,0 days 01:41:23.435000,0 days 01:42:13.691000,0 days 01:42:42.245000,253.0,236.0,,268.0,False,SOFT,3.0,True,Toro Rosso,0 days 01:40:40.502000,2019-10-11 06:28:28.985,1,,False,,False,False,121.743,121.743
193,0 days 00:25:15.075000,PER,11,,1.0,1.0,0 days 00:23:17.596000,,,52.048,25.036,,0 days 00:24:50.113000,0 days 00:25:15.216000,203.0,156.0,267.0,257.0,False,MEDIUM,1.0,True,Racing Point,0 days 00:23:17.596000,2019-10-11 05:11:06.079,1,,False,,False,False,,
194,0 days 00:26:45.841000,PER,11,0 days 00:01:30.766000,2.0,1.0,,,32.056,40.87,17.84,0 days 00:25:47.131000,0 days 00:26:28.001000,0 days 00:26:45.841000,283.0,301.0,266.0,299.0,True,MEDIUM,2.0,True,Racing Point,0 days 00:25:15.075000,2019-10-11 05:13:03.558,1,,False,,False,True,90.766,90.76599999999999
195,0 days 00:29:00.451000,PER,11,0 days 00:02:14.610000,3.0,1.0,,,46.955,61.531,26.124,0 days 00:27:32.796000,0 days 00:28:34.327000,0 days 00:29:00.451000,222.0,146.0,266.0,228.0,False,MEDIUM,3.0,True,Racing Point,0 days 00:26:45.841000,2019-10-11 05:14:34.324,1,,False,,False,True,134.61,134.60999999999999
196,0 days 00:30:31.232000,PER,11,0 days 00:01:30.781000,4.0,1.0,,,32.053,40.951,17.777,0 days 00:29:32.504000,0 days 00:30:13.455000,0 days 00:30:31.232000,283.0,300.0,265.0,299.0,False,MEDIUM,4.0,True,Racing Point,0 days 00:29:00.451000,2019-10-11 05:16:48.934,1,,False,,False,True,90.781,90.78099999999999
197,0 days 00:32:24.101000,PER,11,0 days 00:01:52.869000,5.0,1.0,,0 days 00:32:21.404000,40.962,47.547,24.36,0 days 00:31:12.194000,0 days 00:31:59.741000,0 days 00:32:24.101000,249.0,283.0,,284.0,False,MEDIUM,5.0,True,Racing Point,0 days 00:30:31.232000,2019-10-11 05:18:19.715,1,,False,,False,False,112.869,112.869
198,0 days 00:48:21.622000,PER,11,,6.0,2.0,0 days 00:46:24.925000,,,51.994,22.84,,0 days 00:47:58.793000,0 days 00:48:22.171000,202.0,277.0,269.0,241.0,False,SOFT,1.0,True,Racing Point,0 days 00:32:24.101000,2019-10-11 05:20:12.584,12,,False,,False,False,,
199,0 days 00:49:51.144000,PER,11,0 days 00:01:29.522000,7.0,2.0,,,31.385,40.45,17.687,0 days 00:48:53.007000,0 days 00:49:33.457000,0 days 00:49:51.144000,285.0,302.0,269.0,301.0,True,SOFT,2.0,True,Racing Point,0 days 00:48:21.622000,2019-10-11 05:36:10.105,1,,False,,False,True,89.522,89.522
200,0 days 00:51:40.453000,PER,11,0 days 00:01:49.309000,8.0,2.0,,0 days 00:51:39.136000,39.463,45.354,24.492,0 days 00:50:30.607000,0 days 00:51:15.961000,0 days 00:51:40.453000,250.0,282.0,,272.0,False,SOFT,3.0,True,Racing Point,0 days 00:49:51.144000,2019-10-11 05:37:39.627,1,,False,,False,False,109.309,109.30900000000001
201,0 days 01:04:55.579000,PER,11,,9.0,3.0,0 days 01:03:00.525000,,,51.385,22.896,,0 days 01:04:32.683000,0 days 01:04:58.045000,220.0,278.0,270.0,226.0,False,SOFT,1.0,True,Racing Point,0 days 00:51:40.453000,2019-10-11 05:39:28.936,1,,False,,False,False,,
202,0 days 01:06:24.878000,PER,11,0 days 00:01:29.299000,10.0,3.0,,,31.418,40.313,17.568,0 days 01:05:26.997000,0 days 01:06:07.310000,0 days 01:06:24.878000,286.0,303.0,268.0,301.0,True,SOFT,2.0,True,Racing Point,0 days 01:04:55.579000,2019-10-11 05:52:44.062,1,,False,,False,True,89.299,89.29899999999999
203,0 days 01:08:14.595000,PER,11,0 days 00:01:49.717000,11.0,3.0,,0 days 01:08:14.593000,38.752,46.618,24.347,0 days 01:07:03.630000,0 days 01:07:50.248000,0 days 01:08:14.595000,254.0,278.0,,281.0,False,SOFT,3.0,True,Racing Point,0 days 01:06:24.878000,2019-10-11 05:54:13.361,1,,False,,False,False,109.717,109.71700000000001
204,0 days 01:19:02.696000,PER,11,,12.0,4.0,0 days 01:17:06.085000,,,45.252,18.557,,0 days 01:18:44.144000,0 days 01:19:04.165000,262.0,295.0,255.0,293.0,False,MEDIUM,6.0,False,Racing Point,0 days 01:08:14.595000,2019-10-11 05:56:03.078,1,,False,,False,False,,
205,0 days 01:20:38.895000,PER,11,0 days 00:01:36.199000,13.0,4.0,,,34.589,43.022,18.588,0 days 01:19:37.285000,0 days 01:20:20.307000,0 days 01:20:38.895000,276.0,295.0,255.0,293.0,False,MEDIUM,7.0,False,Racing Point,0 days 01:19:02.696000,2019-10-11 06:06:51.179,1,,False,,False,True,96.199,96.19899999999998
206,0 days 01:22:15.234000,PER,11,0 days 00:01:36.339000,14.0,4.0,,,34.555,43.152,18.632,0 days 01:21:13.450000,0 days 01:21:56.602000,0 days 01:22:15.234000,275.0,297.0,255.0,294.0,False,MEDIUM,8.0,False,Racing Point,0 days 01:20:38.895000,2019-10-11 06:08:27.378,1,,False,,False,True,96.339,96.339
207,0 days 01:23:51.741000,PER,11,0 days 00:01:36.507000,15.0,4.0,,,34.721,43.132,18.654,0 days 01:22:49.955000,0 days 01:23:33.087000,0 days 01:23:51.741000,270.0,296.0,254.0,286.0,False,MEDIUM,9.0,False,Racing Point,0 days 01:22:15.234000,2019-10-11 06:10:03.717,1,,False,,False,True,96.507,96.50699999999999
208,0 days 01:25:27.815000,PER,11,0 days 00:01:36.074000,16.0,4.0,,,34.513,43.0,18.561,0 days 01:24:26.254000,0 days 01:25:09.254000,0 days 01:25:27.815000,273.0,295.0,255.0,291.0,False,MEDIUM,10.0,False,Racing Point,0 days 01:23:51.741000,2019-10-11 06:11:40.224,1,,False,,False,True,96.074,96.07400000000001
209,0 days 01:27:03.846000,PER,11,0 days 00:01:36.031000,17.0,4.0,,,34.496,43.061,18.474,0 days 01:26:02.311000,0 days 01:26:45.372000,0 days 01:27:03.846000,273.0,296.0,255.0,292.0,False,MEDIUM,11.0,False,Racing Point,0 days 01:25:27.815000,2019-10-11 06:13:16.298,1,,False,,False,True,96.031,96.031
210,0 days 01:28:40.140000,PER,11,0 days 00:01:36.294000,18.0,4.0,,,34.559,43.095,18.64,0 days 01:27:38.405000,0 days 01:28:21.500000,0 days 01:28:40.140000,272.0,295.0,255.0,291.0,False,MEDIUM,12.0,False,Racing Point,0 days 01:27:03.846000,2019-10-11 06:14:52.329,1,,False,,False,True,96.294,96.294
211,0 days 01:30:16.114000,PER,11,0 days 00:01:35.974000,19.0,4.0,,,34.345,43.08,18.549,0 days 01:29:14.485000,0 days 01:29:57.565000,0 days 01:30:16.114000,271.0,295.0,255.0,293.0,False,MEDIUM,13.0,False,Racing Point,0 days 01:28:40.140000,2019-10-11 06:16:28.623,1,,False,,False,True,95.974,95.97399999999999
212,0 days 01:31:53.464000,PER,11,0 days 00:01:37.350000,20.0,4.0,,,34.645,43.574,19.131,0 days 01:30:50.759000,0 days 01:31:34.333000,0 days 01:31:53.464000,278.0,298.0,256.0,301.0,False,MEDIUM,14.0,False,Racing Point,0 days 01:30:16.114000,2019-10-11 06:18:04.597,1,,False,,False,True,97.35,97.35
213,0 days 01:33:29.799000,PER,11,0 days 00:01:36.335000,21.0,4.0,,,34.535,43.235,18.565,0 days 01:32:27.999000,0 days 01:33:11.234000,0 days 01:33:29.799000,276.0,296.0,255.0,297.0,False,MEDIUM,15.0,False,Racing Point,0 days 01:31:53.464000,2019-10-11 06:19:41.947,1,,False,,False,True,96.335,96.335
214,0 days 01:35:05.942000,PER,11,0 days 00:01:36.143000,22.0,4.0,,,34.572,43.071,18.5,0 days 01:34:04.371000,0 days 01:34:47.442000,0 days 01:35:05.942000,278.0,295.0,255.0,297.0,False,MEDIUM,16.0,False,Racing Point,0 days 01:33:29.799000,2019-10-11 06:21:18.282,1,,False,,False,True,96.143,96.143
215,0 days 01:36:46.421000,PER,11,0 days 00:01:40.479000,23.0,4.0,,0 days 01:36:48.679000,35.654,43.618,21.207,0 days 01:35:41.596000,0 days 01:36:25.214000,0 days 01:36:46.421000,278.0,297.0,,298.0,False,MEDIUM,17.0,False,Racing Point,0 days 01:35:05.942000,2019-10-11 06:22:54.425,1,,False,,False,False,100.479,100.47900000000001
216,0 days 01:38:44.666000,PER,11,0 days 00:01:58.245000,24.0,5.0,0 days 01:37:11.172000,,57.027,42.808,18.41,0 days 01:37:43.448000,0 days 01:38:26.256000,0 days 01:38:44.666000,276.0,296.0,258.0,296.0,False,SOFT,4.0,False,Racing Point,0 days 01:36:46.421000,2019-10-11 06:24:34.904,1,,False,,False,False,118.245,118.245
217,0 days 01:40:19.327000,PER,11,0 days 00:01:34.661000,25.0,5.0,,,33.727,42.564,18.37,0 days 01:39:18.393000,0 days 01:40:00.957000,0 days 01:40:19.327000,273.0,296.0,257.0,293.0,False,SOFT,5.0,False,Racing Point,0 days 01:38:44.666000,2019-10-11 06:26:33.149,1,,False,,False,True,94.661,94.661
218,0 days 01:41:54.038000,PER,11,0 days 00:01:34.711000,26.0,5.0,,,33.901,42.488,18.322,0 days 01:40:53.228000,0 days 01:41:35.716000,0 days 01:41:54.038000,272.0,298.0,257.0,292.0,False,SOFT,6.0,False,Racing Point,0 days 01:40:19.327000,2019-10-11 06:28:07.810,1,,False,,False,True,94.711,94.71100000000001
219,0 days 01:43:29.205000,PER,11,0 days 00:01:35.167000,27.0,5.0,,,34.023,42.764,18.38,0 days 01:42:28.061000,0 days 01:43:10.825000,0 days 01:43:29.205000,274.0,297.0,256.0,296.0,False,SOFT,7.0,False,Racing Point,0 days 01:41:54.038000,2019-10-11 06:29:42.521,1,,False,,False,True,95.167,95.167
220,0 days 01:45:17.226000,PER,11,0 days 00:01:48.021000,28.0,5.0,,0 days 01:45:15.893000,38.17,46.872,22.979,0 days 01:44:07.375000,0 days 01:44:54.247000,0 days 01:45:17.226000,262.0,283.0,,284.0,False,SOFT,8.0,False,Racing Point,0 days 01:43:29.205000,2019-10-11 06:31:17.688,1,,False,,False,False,108.021,108.021
221,0 days 00:33:41.358000,LEC,16,,1.0,1.0,0 days 00:31:52.215000,,,47.983,20.461,,0 days 00:33:20.898000,0 days 00:33:41.520000,226.0,265.0,270.0,263.0,False,MEDIUM,1.0,True,Ferrari,0 days 00:31:52.215000,2019-10-11 05:19:40.698,1,,False,,False,False,,
222,0 days 00:35:11.044000,LEC,16,0 days 00:01:29.686000,2.0,1.0,,,31.537,40.363,17.786,0 days 00:34:12.895000,0 days 00:34:53.258000,0 days 00:35:11.044000,284.0,303.0,267.0,300.0,True,MEDIUM,2.0,True,Ferrari,0 days 00:33:41.358000,2019-10-11 05:21:29.841,1,,False,,False,True,89.686,89.686
223,0 days 00:37:11.466000,LEC,16,0 days 00:02:00.422000,3.0,1.0,,,47.957,52.098,20.367,0 days 00:35:59.001000,0 days 00:36:51.099000,0 days 00:37:11.466000,222.0,264.0,268.0,263.0,False,MEDIUM,3.0,True,Ferrari,0 days 00:35:11.044000,2019-10-11 05:22:59.527,1,,False,,False,True,120.422,120.42200000000001
224,0 days 00:38:44.219000,LEC,16,0 days 00:01:32.753000,4.0,1.0,,0 days 00:38:44.247000,31.375,40.678,20.7,0 days 00:37:42.841000,0 days 00:38:23.519000,0 days 00:38:44.219000,283.0,300.0,,298.0,False,MEDIUM,4.0,True,Ferrari,0 days 00:37:11.466000,2019-10-11 05:24:59.949,1,,False,,False,False,92.753,92.753
225,0 days 00:44:48.627000,LEC,16,,5.0,2.0,0 days 00:42:52.157000,,,50.515,27.047,,0 days 00:44:21.602000,0 days 00:44:50.473000,246.0,272.0,272.0,198.0,False,SOFT,1.0,True,Ferrari,0 days 00:38:44.219000,2019-10-11 05:26:32.702,12,,False,,False,False,,
226,0 days 00:46:17.051000,LEC,16,0 days 00:01:28.424000,6.0,2.0,,,30.805,39.968,17.651,0 days 00:45:19.432000,0 days 00:45:59.400000,0 days 00:46:17.051000,287.0,305.0,269.0,302.0,True,SOFT,2.0,True,Ferrari,0 days 00:44:48.627000,2019-10-11 05:32:37.110,1,,False,,False,True,88.424,88.42399999999999
227,0 days 00:48:26.763000,LEC,16,0 days 00:02:09.712000,7.0,2.0,,,42.97,61.95,24.792,0 days 00:47:00.021000,0 days 00:48:01.971000,0 days 00:48:26.763000,167.0,265.0,266.0,215.0,False,SOFT,3.0,True,Ferrari,0 days 00:46:17.051000,2019-10-11 05:34:05.534,1,,False,,False,True,129.712,129.712
228,0 days 00:49:56.323000,LEC,16,0 days 00:01:29.560000,8.0,2.0,,,31.43,40.359,17.771,0 days 00:48:58.193000,0 days 00:49:38.552000,0 days 00:49:56.323000,281.0,300.0,265.0,298.0,False,SOFT,4.0,True,Ferrari,0 days 00:48:26.763000,2019-10-11 05:36:15.246,1,,False,,False,True,89.56,89.56
229,0 days 00:51:50.674000,LEC,16,0 days 00:01:54.351000,9.0,2.0,,0 days 00:51:49.983000,36.323,51.386,26.642,0 days 00:50:32.646000,0 days 00:51:24.032000,0 days 00:51:50.674000,253.0,198.0,,198.0,False,SOFT,5.0,True,Ferrari,0 days 00:49:56.323000,2019-10-11 05:37:44.806,1,,False,,False,False,114.351,114.351
230,0 days 00:55:18.175000,LEC,16,,10.0,3.0,0 days 00:53:26.979000,0 days 00:55:16.825000,,42.185,22.248,,0 days 00:54:55.927000,0 days 00:55:22.494000,260.0,264.0,,279.0,False,SOFT,6.0,False,Ferrari,0 days 00:51:50.674000,2019-10-11 05:39:39.157,1,,False,,False,False,,
231,0 days 01:03:09.345000,LEC,16,,11.0,4.0,0 days 01:01:03.931000,0 days 01:03:08.983000,,47.813,26.556,,0 days 01:02:42.789000,0 days 01:03:10.446000,228.0,247.0,,222.0,False,SOFT,7.0,False,Ferrari,0 days 00:55:18.175000,2019-10-11 05:43:06.658,1,,False,,False,False,,
232,0 days 01:05:44.129000,LEC,16,,12.0,5.0,0 days 01:03:29.314000,,69.314,49.579,35.905,0 days 01:04:18.664000,0 days 01:05:08.231000,0 days 01:05:44.271000,264.0,206.0,253.0,108.0,False,SOFT,8.0,False,Ferrari,0 days 01:03:09.345000,2019-10-11 05:50:57.828,1,,False,,False,False,,154.798
233,0 days 01:07:19.789000,LEC,16,0 days 00:01:35.660000,13.0,5.0,,,34.237,42.848,18.575,0 days 01:06:18.366000,0 days 01:07:01.214000,0 days 01:07:19.789000,271.0,291.0,253.0,289.0,False,SOFT,9.0,False,Ferrari,0 days 01:05:44.129000,2019-10-11 05:53:32.612,1,,False,,False,True,95.66,95.66000000000001
234,0 days 01:08:55.142000,LEC,16,0 days 00:01:35.353000,14.0,5.0,,,34.265,42.64,18.448,0 days 01:07:54.054000,0 days 01:08:36.694000,0 days 01:08:55.142000,271.0,292.0,252.0,291.0,False,SOFT,10.0,False,Ferrari,0 days 01:07:19.789000,2019-10-11 05:55:08.272,1,,False,,False,True,95.353,95.35300000000001
235,0 days 01:10:30.555000,LEC,16,0 days 00:01:35.413000,15.0,5.0,,,34.136,42.772,18.505,0 days 01:09:29.278000,0 days 01:10:12.050000,0 days 01:10:30.555000,271.0,290.0,252.0,289.0,False,SOFT,11.0,False,Ferrari,0 days 01:08:55.142000,2019-10-11 05:56:43.625,1,,False,,False,True,95.413,95.413
236,0 days 01:12:05.838000,LEC,16,0 days 00:01:35.283000,16.0,5.0,,,34.064,42.724,18.495,0 days 01:11:04.619000,0 days 01:11:47.343000,0 days 01:12:05.838000,270.0,290.0,252.0,289.0,False,SOFT,12.0,False,Ferrari,0 days 01:10:30.555000,2019-10-11 05:58:19.038,1,,False,,False,True,95.283,95.283
237,0 days 01:13:41.435000,LEC,16,0 days 00:01:35.597000,17.0,5.0,,,34.18,42.861,18.556,0 days 01:12:40.018000,0 days 01:13:22.879000,0 days 01:13:41.435000,270.0,290.0,253.0,289.0,False,SOFT,13.0,False,Ferrari,0 days 01:12:05.838000,2019-10-11 05:59:54.321,1,,False,,False,True,95.597,95.597
238,0 days 01:15:18.518000,LEC,16,0 days 00:01:37.083000,18.0,5.0,,,35.192,43.234,18.657,0 days 01:14:16.627000,0 days 01:14:59.861000,0 days 01:15:18.518000,268.0,291.0,253.0,288.0,False,SOFT,14.0,False,Ferrari,0 days 01:13:41.435000,2019-10-11 06:01:29.918,1,,False,,False,True,97.083,97.083
239,0 days 01:16:54.741000,LEC,16,0 days 00:01:36.223000,19.0,5.0,,,34.516,43.018,18.689,0 days 01:15:53.034000,0 days 01:16:36.052000,0 days 01:16:54.741000,274.0,293.0,254.0,290.0,False,SOFT,15.0,False,Ferrari,0 days 01:15:18.518000,2019-10-11 06:03:07.001,1,,False,,False,True,96.223,96.22299999999998
240,0 days 01:18:31.876000,LEC,16,0 days 00:01:37.135000,20.0,5.0,,,34.804,43.333,18.998,0 days 01:17:29.545000,0 days 01:18:12.878000,0 days 01:18:31.876000,272.0,300.0,257.0,295.0,False,SOFT,16.0,False,Ferrari,0 days 01:16:54.741000,2019-10-11 06:04:43.224,1,,False,,False,True,97.135,97.135
241,0 days 01:20:12.825000,LEC,16,0 days 00:01:40.949000,21.0,5.0,,0 days 01:20:11.682000,36.043,43.525,21.381,0 days 01:19:07.919000,0 days 01:19:51.444000,0 days 01:20:12.825000,271.0,294.0,,284.0,False,SOFT,17.0,False,Ferrari,0 days 01:18:31.876000,2019-10-11 06:06:20.359,1,,False,,False,False,100.949,100.949
242,0 days 01:22:11.711000,LEC,16,0 days 00:01:58.886000,22.0,6.0,0 days 01:20:36.384000,0 days 01:22:10.375000,55.823,42.483,20.58,0 days 01:21:08.648000,0 days 01:21:51.131000,0 days 01:22:11.711000,269.0,291.0,,289.0,False,MEDIUM,5.0,False,Ferrari,0 days 01:20:12.825000,2019-10-11 06:08:01.308,1,,False,,False,False,118.886,118.886
243,0 days 01:31:51.984000,LEC,16,,23.0,7.0,0 days 01:30:13.056000,,,43.844,18.936,,0 days 01:31:33.048000,0 days 01:31:53.503000,252.0,267.0,271.0,266.0,False,MEDIUM,1.0,True,Ferrari,0 days 01:22:11.711000,2019-10-11 06:10:00.194,1,,False,,False,False,,
244,0 days 01:33:20.693000,LEC,16,0 days 00:01:28.709000,24.0,7.0,,,31.113,40.067,17.529,0 days 01:32:23.097000,0 days 01:33:03.164000,0 days 01:33:20.693000,286.0,304.0,270.0,301.0,False,MEDIUM,2.0,True,Ferrari,0 days 01:31:51.984000,2019-10-11 06:19:40.467,1,,False,,False,True,88.709,88.709
245,0 days 01:35:00.836000,LEC,16,0 days 00:01:40.143000,25.0,7.0,,0 days 01:34:59.923000,33.716,45.042,21.385,0 days 01:33:54.409000,0 days 01:34:39.451000,0 days 01:35:00.836000,260.0,267.0,,266.0,False,MEDIUM,3.0,True,Ferrari,0 days 01:33:20.693000,2019-10-11 06:21:09.176,1,,False,,False,False,100.143,100.14300000000001
246,0 days 01:39:15.352000,LEC,16,,26.0,8.0,0 days 01:37:32.446000,,,45.024,23.323,,0 days 01:38:52.032000,0 days 01:39:15.874000,265.0,280.0,272.0,271.0,False,SOFT,1.0,True,Ferrari,0 days 01:35:00.836000,2019-10-11 06:22:49.319,1,,False,,False,False,,
247,0 days 01:40:43.493000,LEC,16,0 days 00:01:28.141000,27.0,8.0,,,30.86,39.793,17.488,0 days 01:39:46.212000,0 days 01:40:26.005000,0 days 01:40:43.493000,288.0,307.0,272.0,304.0,True,SOFT,2.0,True,Ferrari,0 days 01:39:15.352000,2019-10-11 06:27:03.835,1,,False,,False,True,88.141,88.14099999999999
248,0 days 01:42:45.027000,LEC,16,0 days 00:02:01.534000,28.0,8.0,,0 days 01:42:44,45.799,52.837,22.898,0 days 01:41:29.292000,0 days 01:42:22.129000,0 days 01:42:45.027000,108.0,227.0,,221.0,False,SOFT,3.0,True,Ferrari,0 days 01:40:43.493000,2019-10-11 06:28:31.976,1,,False,,False,False,121.534,121.53399999999999
249,0 days 00:25:32.939000,STR,18,,1.0,1.0,0 days 00:23:42.873000,,,50.195,22.038,,0 days 00:25:10.911000,0 days 00:25:33.075000,257.0,284.0,266.0,283.0,False,MEDIUM,1.0,True,Racing Point,0 days 00:23:42.873000,2019-10-11 05:11:31.356,1,,False,,False,False,,
250,0 days 00:27:04.013000,STR,18,0 days 00:01:31.074000,2.0,1.0,,,32.157,41.111,17.806,0 days 00:26:05.096000,0 days 00:26:46.207000,0 days 00:27:04.013000,284.0,302.0,267.0,300.0,True,MEDIUM,2.0,True,Racing Point,0 days 00:25:32.939000,2019-10-11 05:13:21.422,1,,False,,False,True,91.074,91.074
251,0 days 00:29:24.553000,STR,18,0 days 00:02:20.540000,3.0,1.0,,,51.512,64.897,24.131,0 days 00:27:55.525000,0 days 00:29:00.422000,0 days 00:29:24.553000,178.0,225.0,265.0,216.0,False,MEDIUM,3.0,True,Racing Point,0 days 00:27:04.013000,2019-10-11 05:14:52.496,1,,False,,False,True,140.54,140.54000000000002
252,0 days 00:30:55.851000,STR,18,0 days 00:01:31.298000,4.0,1.0,,,32.299,41.124,17.875,0 days 00:29:56.852000,0 days 00:30:37.976000,0 days 00:30:55.851000,283.0,301.0,264.0,300.0,False,MEDIUM,4.0,True,Racing Point,0 days 00:29:24.553000,2019-10-11 05:17:13.036,1,,False,,False,True,91.298,91.298
253,0 days 00:32:47.225000,STR,18,0 days 00:01:51.374000,5.0,1.0,,0 days 00:32:47.234000,44.768,44.231,22.375,0 days 00:31:40.619000,0 days 00:32:24.850000,0 days 00:32:47.225000,257.0,285.0,,284.0,False,MEDIUM,5.0,True,Racing Point,0 days 00:30:55.851000,2019-10-11 05:18:44.334,1,,False,,False,False,111.374,111.374
254,0 days 00:45:39.254000,STR,18,,6.0,2.0,0 days 00:43:32.208000,,,60.711,21.952,,0 days 00:45:17.342000,0 days 00:45:39.591000,195.0,144.0,269.0,258.0,False,SOFT,1.0,True,Racing Point,0 days 00:32:47.225000,2019-10-11 05:20:35.708,12,,False,,False,False,,
255,0 days 00:47:08.851000,STR,18,0 days 00:01:29.597000,7.0,2.0,,,31.581,40.332,17.684,0 days 00:46:10.835000,0 days 00:46:51.167000,0 days 00:47:08.851000,285.0,304.0,269.0,301.0,True,SOFT,2.0,True,Racing Point,0 days 00:45:39.254000,2019-10-11 05:33:27.737,1,,False,,False,True,89.597,89.597
256,0 days 00:48:52.820000,STR,18,0 days 00:01:43.969000,8.0,2.0,,0 days 00:48:52.810000,36.451,44.679,22.839,0 days 00:47:45.302000,0 days 00:48:29.981000,0 days 00:48:52.820000,256.0,287.0,,285.0,False,SOFT,3.0,True,Racing Point,0 days 00:47:08.851000,2019-10-11 05:34:57.334,1,,False,,False,False,103.969,103.969
257,0 days 01:05:40.535000,STR,18,,9.0,3.0,0 days 01:03:21.914000,,,56.647,34.944,,0 days 01:05:05.591000,0 days 01:05:44.175000,243.0,279.0,268.0,104.0,False,SOFT,1.0,True,Racing Point,0 days 00:48:52.820000,2019-10-11 05:36:41.303,1,,False,,False,False,,
258,0 days 01:07:10.171000,STR,18,0 days 00:01:29.636000,10.0,3.0,,,31.573,40.46,17.603,0 days 01:06:12.108000,0 days 01:06:52.568000,0 days 01:07:10.171000,287.0,303.0,269.0,301.0,False,SOFT,2.0,True,Racing Point,0 days 01:05:40.535000,2019-10-11 05:53:29.018,1,,False,,False,True,89.636,89.636
259,0 days 01:08:53.626000,STR,18,0 days 00:01:43.455000,11.0,3.0,,0 days 01:08:52.264000,36.459,44.447,22.549,0 days 01:07:46.630000,0 days 01:08:31.077000,0 days 01:08:53.626000,260.0,287.0,,282.0,False,SOFT,3.0,True,Racing Point,0 days 01:07:10.171000,2019-10-11 05:54:58.654,1,,False,,False,False,103.455,103.45500000000001
260,0 days 01:20:06.013000,STR,18,,12.0,4.0,0 days 01:18:13.593000,,,43.31,18.553,,0 days 01:19:47.474000,0 days 01:20:06.168000,278.0,298.0,259.0,295.0,False,MEDIUM,6.0,False,Racing Point,0 days 01:08:53.626000,2019-10-11 05:56:42.109,1,,False,,False,False,,
261,0 days 01:21:42.040000,STR,18,0 days 00:01:36.027000,13.0,4.0,,,34.403,42.992,18.632,0 days 01:20:40.416000,0 days 01:21:23.408000,0 days 01:21:42.040000,271.0,299.0,255.0,290.0,False,MEDIUM,7.0,False,Racing Point,0 days 01:20:06.013000,2019-10-11 06:07:54.496,1,,False,,False,True,96.027,96.027
262,0 days 01:23:18.893000,STR,18,0 days 00:01:36.853000,14.0,4.0,,,34.863,43.25,18.74,0 days 01:22:16.903000,0 days 01:23:00.153000,0 days 01:23:18.893000,270.0,295.0,253.0,292.0,False,MEDIUM,8.0,False,Racing Point,0 days 01:21:42.040000,2019-10-11 06:09:30.523,1,,False,,False,True,96.853,96.853
263,0 days 01:24:55.731000,STR,18,0 days 00:01:36.838000,15.0,4.0,,,34.82,43.367,18.651,0 days 01:23:53.713000,0 days 01:24:37.080000,0 days 01:24:55.731000,268.0,295.0,255.0,289.0,False,MEDIUM,9.0,False,Racing Point,0 days 01:23:18.893000,2019-10-11 06:11:07.376,1,,False,,False,True,96.838,96.838
264,0 days 01:26:32.078000,STR,18,0 days 00:01:36.347000,16.0,4.0,,,34.638,43.219,18.49,0 days 01:25:30.369000,0 days 01:26:13.588000,0 days 01:26:32.078000,272.0,296.0,256.0,295.0,False,MEDIUM,10.0,False,Racing Point,0 days 01:24:55.731000,2019-10-11 06:12:44.214,1,,False,,False,True,96.347,96.347
265,0 days 01:28:08.461000,STR,18,0 days 00:01:36.383000,17.0,4.0,,,34.606,43.167,18.61,0 days 01:27:06.684000,0 days 01:27:49.851000,0 days 01:28:08.461000,274.0,296.0,254.0,295.0,False,MEDIUM,11.0,False,Racing Point,0 days 01:26:32.078000,2019-10-11 06:14:20.561,1,,False,,False,True,96.383,96.383
266,0 days 01:29:44.985000,STR,18,0 days 00:01:36.524000,18.0,4.0,,,34.538,43.38,18.606,0 days 01:28:42.999000,0 days 01:29:26.379000,0 days 01:29:44.985000,273.0,299.0,255.0,296.0,False,MEDIUM,12.0,False,Racing Point,0 days 01:28:08.461000,2019-10-11 06:15:56.944,1,,False,,False,True,96.524,96.524
267,0 days 01:31:22.168000,STR,18,0 days 00:01:37.183000,19.0,4.0,,,34.819,43.71,18.654,0 days 01:30:19.804000,0 days 01:31:03.514000,0 days 01:31:22.168000,275.0,298.0,255.0,296.0,False,MEDIUM,13.0,False,Racing Point,0 days 01:29:44.985000,2019-10-11 06:17:33.468,1,,False,,False,True,97.183,97.18299999999999
268,0 days 01:33:04.251000,STR,18,0 days 00:01:42.083000,20.0,4.0,,,34.642,44.542,22.899,0 days 01:31:56.810000,0 days 01:32:41.352000,0 days 01:33:04.251000,271.0,201.0,255.0,216.0,False,MEDIUM,14.0,False,Racing Point,0 days 01:31:22.168000,2019-10-11 06:19:10.651,1,,False,,False,True,102.083,102.083
269,0 days 01:34:43.590000,STR,18,0 days 00:01:39.339000,21.0,4.0,,0 days 01:34:42.216000,34.601,43.5,21.238,0 days 01:33:38.852000,0 days 01:34:22.352000,0 days 01:34:43.590000,271.0,295.0,,293.0,False,MEDIUM,15.0,False,Racing Point,0 days 01:33:04.251000,2019-10-11 06:20:52.734,1,,False,,False,False,99.339,99.339
270,0 days 01:36:41.989000,STR,18,0 days 00:01:58.399000,22.0,5.0,0 days 01:35:07.655000,,57.047,42.892,18.46,0 days 01:35:40.637000,0 days 01:36:23.529000,0 days 01:36:41.989000,277.0,295.0,255.0,295.0,False,SOFT,4.0,False,Racing Point,0 days 01:34:43.590000,2019-10-11 06:22:32.073,1,,False,,False,False,118.399,118.399
271,0 days 01:38:17.582000,STR,18,0 days 00:01:35.593000,23.0,5.0,,,34.363,42.787,18.443,0 days 01:37:16.352000,0 days 01:37:59.139000,0 days 01:38:17.582000,270.0,296.0,256.0,289.0,False,SOFT,5.0,False,Racing Point,0 days 01:36:41.989000,2019-10-11 06:24:30.472,1,,False,,False,True,95.593,95.593
272,0 days 01:39:52.803000,STR,18,0 days 00:01:35.221000,24.0,5.0,,,34.078,42.743,18.4,0 days 01:38:51.660000,0 days 01:39:34.403000,0 days 01:39:52.803000,273.0,296.0,257.0,296.0,False,SOFT,6.0,False,Racing Point,0 days 01:38:17.582000,2019-10-11 06:26:06.065,1,,False,,False,True,95.221,95.221
273,0 days 01:41:28.091000,STR,18,0 days 00:01:35.288000,25.0,5.0,,,34.355,42.707,18.226,0 days 01:40:27.158000,0 days 01:41:09.865000,0 days 01:41:28.091000,275.0,298.0,257.0,297.0,False,SOFT,7.0,False,Racing Point,0 days 01:39:52.803000,2019-10-11 06:27:41.286,1,,False,,False,True,95.288,95.288
274,0 days 01:43:03.841000,STR,18,0 days 00:01:35.750000,26.0,5.0,,,34.214,42.876,18.66,0 days 01:42:02.305000,0 days 01:42:45.181000,0 days 01:43:03.841000,273.0,298.0,256.0,294.0,False,SOFT,8.0,False,Racing Point,0 days 01:41:28.091000,2019-10-11 06:29:16.574,1,,False,,False,True,95.75,95.75
275,0 days 01:44:56.580000,STR,18,0 days 00:01:52.739000,27.0,5.0,,0 days 01:44:56.612000,40.008,50.32,22.411,0 days 01:43:43.849000,0 days 01:44:34.169000,0 days 01:44:56.580000,251.0,230.0,,253.0,False,SOFT,9.0,False,Racing Point,0 days 01:43:03.841000,2019-10-11 06:30:52.324,1,,False,,False,False,112.739,112.739
276,0 days 00:14:42.024000,MAG,20,,1.0,1.0,0 days 00:12:47.089000,,,51.299,25.965,,0 days 00:14:16.095000,0 days 00:14:42.149000,253.0,260.0,267.0,208.0,False,SOFT,1.0,True,Haas F1 Team,0 days 00:12:47.089000,2019-10-11 05:00:35.572,1,,False,,False,False,,
277,0 days 00:16:12.726000,MAG,20,0 days 00:01:30.702000,2.0,1.0,,,31.834,40.94,17.928,0 days 00:15:13.858000,0 days 00:15:54.798000,0 days 00:16:12.726000,283.0,297.0,265.0,295.0,True,SOFT,2.0,True,Haas F1 Team,0 days 00:14:42.024000,2019-10-11 05:02:30.507,1,,False,,False,True,90.702,90.702
278,0 days 00:18:30.761000,MAG,20,0 days 00:02:18.035000,3.0,1.0,,,49.113,63.214,25.708,0 days 00:17:01.839000,0 days 00:18:05.053000,0 days 00:18:30.761000,168.0,163.0,266.0,186.0,False,SOFT,3.0,True,Haas F1 Team,0 days 00:16:12.726000,2019-10-11 05:04:01.209,1,,False,,False,True,138.035,138.035
279,0 days 00:20:01.707000,MAG,20,0 days 00:01:30.946000,4.0,1.0,,,32.013,40.916,18.017,0 days 00:19:02.774000,0 days 00:19:43.690000,0 days 00:20:01.707000,282.0,297.0,266.0,294.0,False,SOFT,4.0,True,Haas F1 Team,0 days 00:18:30.761000,2019-10-11 05:06:19.244,1,,False,,False,True,90.946,90.946
280,0 days 00:21:55.826000,MAG,20,0 days 00:01:54.119000,5.0,1.0,,0 days 00:21:53.932000,39.781,48.232,26.106,0 days 00:20:41.488000,0 days 00:21:29.720000,0 days 00:21:55.826000,230.0,198.0,,204.0,False,SOFT,5.0,True,Haas F1 Team,0 days 00:20:01.707000,2019-10-11 05:07:50.190,1,,False,,False,False,114.119,114.119
281,0 days 00:38:34.025000,MAG,20,,6.0,2.0,0 days 00:36:41.988000,,,47.633,25.93,,0 days 00:38:09.219000,0 days 00:38:34.285000,253.0,265.0,268.0,100.0,False,SOFT,1.0,True,Haas F1 Team,0 days 00:21:55.826000,2019-10-11 05:09:44.309,1,,False,,False,False,,
282,0 days 00:40:11.544000,MAG,20,0 days 00:01:37.519000,7.0,2.0,,,31.48,40.535,25.504,0 days 00:39:05.505000,0 days 00:39:46.040000,0 days 00:40:11.544000,284.0,297.0,161.0,294.0,False,SOFT,2.0,True,Haas F1 Team,0 days 00:38:34.025000,2019-10-11 05:26:22.508,12,,False,,False,True,97.519,97.519
283,0 days 00:42:28.400000,MAG,20,0 days 00:02:16.856000,8.0,2.0,,,58.871,58.532,19.453,0 days 00:41:10.415000,0 days 00:42:08.947000,0 days 00:42:28.400000,103.0,290.0,267.0,258.0,False,SOFT,3.0,True,Haas F1 Team,0 days 00:40:11.544000,2019-10-11 05:28:00.027,21,,False,,False,True,136.856,136.856
284,0 days 00:43:59.341000,MAG,20,0 days 00:01:30.941000,9.0,2.0,,,31.747,41.136,18.058,0 days 00:43:00.147000,0 days 00:43:41.283000,0 days 00:43:59.341000,286.0,296.0,264.0,293.0,False,SOFT,4.0,True,Haas F1 Team,0 days 00:42:28.400000,2019-10-11 05:30:16.883,1,,False,,False,True,90.941,90.941
285,0 days 00:46:05.254000,MAG,20,0 days 00:02:05.913000,10.0,2.0,,0 days 00:46:03.920000,42.611,55.778,27.524,0 days 00:44:41.952000,0 days 00:45:37.730000,0 days 00:46:05.254000,223.0,198.0,,207.0,False,SOFT,5.0,True,Haas F1 Team,0 days 00:43:59.341000,2019-10-11 05:31:47.824,1,,False,,False,False,125.913,125.913
286,0 days 00:51:41.874000,MAG,20,,11.0,3.0,0 days 00:49:56.380000,,,46.036,24.241,,0 days 00:51:17.894000,0 days 00:51:42.010000,255.0,269.0,269.0,265.0,False,SOFT,1.0,True,Haas F1 Team,0 days 00:46:05.254000,2019-10-11 05:33:53.737,1,,False,,False,False,,
287,0 days 00:53:11.623000,MAG,20,0 days 00:01:29.749000,12.0,3.0,,,31.377,40.473,17.899,0 days 00:52:13.251000,0 days 00:52:53.724000,0 days 00:53:11.623000,284.0,297.0,266.0,294.0,True,SOFT,2.0,True,Haas F1 Team,0 days 00:51:41.874000,2019-10-11 05:39:30.357,1,,False,,False,True,89.749,89.749
288,0 days 00:55:12.810000,MAG,20,0 days 00:02:01.187000,13.0,3.0,,0 days 00:55:11.466000,46.085,49.274,25.828,0 days 00:53:57.708000,0 days 00:54:46.982000,0 days 00:55:12.810000,244.0,198.0,,198.0,False,SOFT,3.0,True,Haas F1 Team,0 days 00:53:11.623000,2019-10-11 05:41:00.106,1,,False,,False,False,121.187,121.18700000000001
289,0 days 01:15:00.044000,MAG,20,,14.0,4.0,0 days 01:13:09.679000,,,43.275,18.571,,0 days 01:14:41.717000,0 days 01:15:00.160000,275.0,290.0,252.0,287.0,False,SOFT,6.0,False,Haas F1 Team,0 days 00:55:12.810000,2019-10-11 05:43:01.293,1,,False,,False,False,,
290,0 days 01:16:36.758000,MAG,20,0 days 00:01:36.714000,15.0,4.0,,,34.657,43.278,18.779,0 days 01:15:34.701000,0 days 01:16:17.979000,0 days 01:16:36.758000,270.0,291.0,252.0,284.0,False,SOFT,7.0,False,Haas F1 Team,0 days 01:15:00.044000,2019-10-11 06:02:48.527,1,,False,,False,True,96.714,96.714
291,0 days 01:18:13.767000,MAG,20,0 days 00:01:37.009000,16.0,4.0,,,34.688,43.413,18.908,0 days 01:17:11.446000,0 days 01:17:54.859000,0 days 01:18:13.767000,270.0,292.0,253.0,286.0,False,SOFT,8.0,False,Haas F1 Team,0 days 01:16:36.758000,2019-10-11 06:04:25.241,1,,False,,False,True,97.009,97.009
292,0 days 01:19:50.779000,MAG,20,0 days 00:01:37.012000,17.0,4.0,,,34.729,43.481,18.802,0 days 01:18:48.496000,0 days 01:19:31.977000,0 days 01:19:50.779000,270.0,292.0,253.0,288.0,False,SOFT,9.0,False,Haas F1 Team,0 days 01:18:13.767000,2019-10-11 06:06:02.250,1,,False,,False,True,97.012,97.012
293,0 days 01:21:28.383000,MAG,20,0 days 00:01:37.604000,18.0,4.0,,,35.167,43.631,18.806,0 days 01:20:25.946000,0 days 01:21:09.577000,0 days 01:21:28.383000,268.0,291.0,253.0,286.0,False,SOFT,10.0,False,Haas F1 Team,0 days 01:19:50.779000,2019-10-11 06:07:39.262,1,,False,,False,True,97.604,97.604
294,0 days 01:23:05.881000,MAG,20,0 days 00:01:37.498000,19.0,4.0,,,35.125,43.601,18.772,0 days 01:22:03.508000,0 days 01:22:47.109000,0 days 01:23:05.881000,270.0,291.0,252.0,288.0,False,SOFT,11.0,False,Haas F1 Team,0 days 01:21:28.383000,2019-10-11 06:09:16.866,1,,False,,False,True,97.498,97.49799999999999
295,0 days 01:24:43.235000,MAG,20,0 days 00:01:37.354000,20.0,4.0,,,34.953,43.667,18.734,0 days 01:23:40.834000,0 days 01:24:24.501000,0 days 01:24:43.235000,272.0,291.0,253.0,290.0,False,SOFT,12.0,False,Haas F1 Team,0 days 01:23:05.881000,2019-10-11 06:10:54.364,1,,False,,False,True,97.354,97.35400000000001
296,0 days 01:26:21.267000,MAG,20,0 days 00:01:38.032000,21.0,4.0,,,35.087,44.056,18.889,0 days 01:25:18.322000,0 days 01:26:02.378000,0 days 01:26:21.267000,271.0,292.0,253.0,290.0,False,SOFT,13.0,False,Haas F1 Team,0 days 01:24:43.235000,2019-10-11 06:12:31.718,1,,False,,False,True,98.032,98.032
297,0 days 01:27:59.250000,MAG,20,0 days 00:01:37.983000,22.0,4.0,,,35.077,43.707,19.199,0 days 01:26:56.344000,0 days 01:27:40.051000,0 days 01:27:59.250000,273.0,292.0,253.0,291.0,False,SOFT,14.0,False,Haas F1 Team,0 days 01:26:21.267000,2019-10-11 06:14:09.750,1,,False,,False,True,97.983,97.98299999999999
298,0 days 01:29:39.437000,MAG,20,0 days 00:01:40.187000,23.0,4.0,,0 days 01:29:39.102000,35.21,43.685,21.292,0 days 01:28:34.460000,0 days 01:29:18.145000,0 days 01:29:39.437000,274.0,292.0,,291.0,False,SOFT,15.0,False,Haas F1 Team,0 days 01:27:59.250000,2019-10-11 06:15:47.733,1,,False,,False,False,100.187,100.18700000000001
299,0 days 01:31:56.880000,MAG,20,0 days 00:02:17.443000,24.0,5.0,0 days 01:30:06.185000,,74.271,42.654,20.518,0 days 01:30:53.708000,0 days 01:31:36.362000,0 days 01:31:56.880000,277.0,295.0,256.0,293.0,False,MEDIUM,1.0,True,Haas F1 Team,0 days 01:29:39.437000,2019-10-11 06:17:27.920,1,,False,,False,False,137.443,137.443
300,0 days 01:33:32.800000,MAG,20,0 days 00:01:35.920000,25.0,5.0,,,34.365,43.084,18.471,0 days 01:32:31.245000,0 days 01:33:14.329000,0 days 01:33:32.800000,273.0,293.0,256.0,288.0,False,MEDIUM,2.0,True,Haas F1 Team,0 days 01:31:56.880000,2019-10-11 06:19:45.363,1,,False,,False,True,95.92,95.92000000000002
301,0 days 01:35:08.735000,MAG,20,0 days 00:01:35.935000,26.0,5.0,,,34.444,42.958,18.533,0 days 01:34:07.244000,0 days 01:34:50.202000,0 days 01:35:08.735000,272.0,293.0,255.0,291.0,False,MEDIUM,3.0,True,Haas F1 Team,0 days 01:33:32.800000,2019-10-11 06:21:21.283,1,,False,,False,True,95.935,95.935
302,0 days 01:36:45.221000,MAG,20,0 days 00:01:36.486000,27.0,5.0,,,34.704,43.115,18.667,0 days 01:35:43.439000,0 days 01:36:26.554000,0 days 01:36:45.221000,273.0,295.0,255.0,294.0,False,MEDIUM,4.0,True,Haas F1 Team,0 days 01:35:08.735000,2019-10-11 06:22:57.218,1,,False,,False,True,96.486,96.486
303,0 days 01:38:21.334000,MAG,20,0 days 00:01:36.113000,28.0,5.0,,,34.418,42.975,18.72,0 days 01:37:19.639000,0 days 01:38:02.614000,0 days 01:38:21.334000,273.0,293.0,254.0,289.0,False,MEDIUM,5.0,True,Haas F1 Team,0 days 01:36:45.221000,2019-10-11 06:24:33.704,1,,False,,False,True,96.113,96.113
304,0 days 01:39:57.139000,MAG,20,0 days 00:01:35.805000,29.0,5.0,,,34.221,42.985,18.599,0 days 01:38:55.555000,0 days 01:39:38.540000,0 days 01:39:57.139000,273.0,293.0,256.0,291.0,False,MEDIUM,6.0,True,Haas F1 Team,0 days 01:38:21.334000,2019-10-11 06:26:09.817,1,,False,,False,True,95.805,95.80499999999999
305,0 days 01:41:32.990000,MAG,20,0 days 00:01:35.851000,30.0,5.0,,,34.351,42.945,18.555,0 days 01:40:31.490000,0 days 01:41:14.435000,0 days 01:41:32.990000,274.0,294.0,255.0,292.0,False,MEDIUM,7.0,True,Haas F1 Team,0 days 01:39:57.139000,2019-10-11 06:27:45.622,1,,False,,False,True,95.851,95.851
306,0 days 01:43:38.089000,MAG,20,0 days 00:02:05.099000,31.0,5.0,,0 days 01:43:35.241000,39.889,57.441,27.769,0 days 01:42:12.879000,0 days 01:43:10.320000,0 days 01:43:38.089000,255.0,199.0,,212.0,False,MEDIUM,8.0,True,Haas F1 Team,0 days 01:41:32.990000,2019-10-11 06:29:21.473,1,,False,,False,False,125.099,125.09900000000002
307,0 days 00:18:43.177000,ALB,23,,1.0,1.0,0 days 00:16:48.580000,,,47.115,29.342,,0 days 00:18:15.404000,0 days 00:18:45.486000,265.0,257.0,268.0,215.0,False,MEDIUM,1.0,True,Red Bull Racing,0 days 00:16:48.580000,2019-10-11 05:04:37.063,1,,False,,False,False,,
308,0 days 00:20:13.275000,ALB,23,0 days 00:01:30.098000,2.0,1.0,,,31.804,40.55,17.744,0 days 00:19:14.981000,0 days 00:19:55.531000,0 days 00:20:13.275000,286.0,303.0,267.0,299.0,True,MEDIUM,2.0,True,Red Bull Racing,0 days 00:18:43.177000,2019-10-11 05:06:31.660,1,,False,,False,True,90.098,90.098
309,0 days 00:22:15.810000,ALB,23,0 days 00:02:02.535000,3.0,1.0,,,45.376,52.152,25.007,0 days 00:20:58.651000,0 days 00:21:50.803000,0 days 00:22:15.810000,219.0,271.0,269.0,160.0,False,MEDIUM,3.0,True,Red Bull Racing,0 days 00:20:13.275000,2019-10-11 05:08:01.758,1,,False,,False,True,122.535,122.535
310,0 days 00:23:45.530000,ALB,23,0 days 00:01:29.720000,4.0,1.0,,,31.603,40.403,17.714,0 days 00:22:47.413000,0 days 00:23:27.816000,0 days 00:23:45.530000,286.0,304.0,266.0,299.0,True,MEDIUM,4.0,True,Red Bull Racing,0 days 00:22:15.810000,2019-10-11 05:10:04.293,1,,False,,False,True,89.72,89.72
311,0 days 00:25:49.429000,ALB,23,0 days 00:02:03.899000,5.0,1.0,,,47.196,52.174,24.529,0 days 00:24:32.726000,0 days 00:25:24.900000,0 days 00:25:49.429000,217.0,274.0,268.0,171.0,False,MEDIUM,5.0,True,Red Bull Racing,0 days 00:23:45.530000,2019-10-11 05:11:34.013,1,,False,,False,True,123.899,123.899
312,0 days 00:27:19.216000,ALB,23,0 days 00:01:29.787000,6.0,1.0,,,31.552,40.61,17.625,0 days 00:26:20.981000,0 days 00:27:01.591000,0 days 00:27:19.216000,286.0,306.0,266.0,302.0,False,MEDIUM,6.0,True,Red Bull Racing,0 days 00:25:49.429000,2019-10-11 05:13:37.912,1,,False,,False,True,89.787,89.787
313,0 days 00:29:12.158000,ALB,23,0 days 00:01:52.942000,7.0,1.0,,0 days 00:29:10.028000,40.641,48.466,23.835,0 days 00:27:59.857000,0 days 00:28:48.323000,0 days 00:29:12.158000,240.0,279.0,,270.0,False,MEDIUM,7.0,True,Red Bull Racing,0 days 00:27:19.216000,2019-10-11 05:15:07.699,1,,False,,False,False,112.942,112.94200000000001
314,0 days 00:41:07.492000,ALB,23,,8.0,2.0,0 days 00:39:04.876000,,,51.64,31.306,,0 days 00:40:36.270000,0 days 00:41:08.428000,246.0,177.0,269.0,207.0,False,SOFT,1.0,True,Red Bull Racing,0 days 00:29:12.158000,2019-10-11 05:17:00.641,12,,False,,False,False,,
315,0 days 00:42:36.160000,ALB,23,0 days 00:01:28.668000,9.0,2.0,,,30.936,40.06,17.672,0 days 00:41:38.428000,0 days 00:42:18.488000,0 days 00:42:36.160000,288.0,306.0,265.0,293.0,True,SOFT,2.0,True,Red Bull Racing,0 days 00:41:07.492000,2019-10-11 05:28:55.975,1,,False,,False,True,88.668,88.668
316,0 days 00:44:57.366000,ALB,23,0 days 00:02:21.206000,10.0,2.0,,,46.405,62.739,32.062,0 days 00:43:22.565000,0 days 00:44:25.304000,0 days 00:44:57.366000,218.0,107.0,269.0,237.0,False,SOFT,3.0,True,Red Bull Racing,0 days 00:42:36.160000,2019-10-11 05:30:24.643,1,,False,,False,True,141.206,141.20600000000002
317,0 days 00:46:26.614000,ALB,23,0 days 00:01:29.248000,11.0,2.0,,,31.124,40.388,17.736,0 days 00:45:28.490000,0 days 00:46:08.878000,0 days 00:46:26.614000,288.0,304.0,265.0,293.0,False,SOFT,4.0,True,Red Bull Racing,0 days 00:44:57.366000,2019-10-11 05:32:45.849,1,,False,,False,True,89.248,89.248
318,0 days 00:48:31.174000,ALB,23,0 days 00:02:04.560000,12.0,2.0,,0 days 00:48:30.031000,43.51,52.471,28.579,0 days 00:47:10.124000,0 days 00:48:02.595000,0 days 00:48:31.174000,242.0,247.0,,189.0,False,SOFT,5.0,True,Red Bull Racing,0 days 00:46:26.614000,2019-10-11 05:34:15.097,1,,False,,False,False,124.56,124.56
319,0 days 00:59:03.619000,ALB,23,,13.0,3.0,0 days 00:57:06.492000,,,53.486,24.472,,0 days 00:58:39.206000,0 days 00:59:03.781000,231.0,234.0,270.0,194.0,False,SOFT,1.0,True,Red Bull Racing,0 days 00:48:31.174000,2019-10-11 05:36:19.657,1,,False,,False,False,,
320,0 days 01:00:32.021000,ALB,23,0 days 00:01:28.402000,14.0,3.0,,,30.884,39.987,17.531,0 days 00:59:34.503000,0 days 01:00:14.490000,0 days 01:00:32.021000,288.0,305.0,262.0,300.0,True,SOFT,2.0,True,Red Bull Racing,0 days 00:59:03.619000,2019-10-11 05:46:52.102,1,,False,,False,True,88.402,88.40200000000002
321,0 days 01:02:45.226000,ALB,23,0 days 00:02:13.205000,15.0,3.0,,,49.879,58.787,24.539,0 days 01:01:21.900000,0 days 01:02:20.687000,0 days 01:02:45.226000,203.0,273.0,213.0,191.0,False,SOFT,3.0,True,Red Bull Racing,0 days 01:00:32.021000,2019-10-11 05:48:20.504,1,,False,,False,True,133.205,133.20499999999998
322,0 days 01:04:48.842000,ALB,23,0 days 00:02:03.616000,16.0,3.0,,,47.678,53.066,22.872,0 days 01:03:32.904000,0 days 01:04:25.970000,0 days 01:04:48.842000,238.0,274.0,269.0,217.0,False,SOFT,4.0,True,Red Bull Racing,0 days 01:02:45.226000,2019-10-11 05:50:33.709,1,,False,,False,True,123.616,123.616
323,0 days 01:06:33.177000,ALB,23,0 days 00:01:44.335000,17.0,3.0,,0 days 01:06:33.193000,31.351,49.81,23.174,0 days 01:05:20.193000,0 days 01:06:10.003000,0 days 01:06:33.177000,287.0,282.0,,273.0,False,SOFT,5.0,True,Red Bull Racing,0 days 01:04:48.842000,2019-10-11 05:52:37.325,1,,False,,False,False,104.335,104.33500000000001
324,0 days 01:17:58.345000,ALB,23,,18.0,4.0,0 days 01:16:12.273000,0 days 01:17:57.244000,,46.736,22.292,,0 days 01:17:36.058000,0 days 01:17:58.466000,255.0,270.0,,264.0,False,SOFT,6.0,False,Red Bull Racing,0 days 01:06:33.177000,2019-10-11 05:54:21.660,1,,False,,False,False,,
325,0 days 01:20:07.931000,ALB,23,0 days 00:02:09.586000,19.0,5.0,0 days 01:18:31.950000,,67.507,43.522,18.557,0 days 01:19:05.852000,0 days 01:19:49.374000,0 days 01:20:07.931000,270.0,298.0,256.0,292.0,False,SOFT,7.0,False,Red Bull Racing,0 days 01:17:58.345000,2019-10-11 06:05:46.828,1,,False,,False,False,129.586,129.58599999999998
326,0 days 01:21:46.656000,ALB,23,0 days 00:01:38.725000,20.0,5.0,,,37.157,43.112,18.456,0 days 01:20:45.088000,0 days 01:21:28.200000,0 days 01:21:46.656000,268.0,297.0,256.0,292.0,False,SOFT,8.0,False,Red Bull Racing,0 days 01:20:07.931000,2019-10-11 06:07:56.414,1,,False,,False,True,98.725,98.72500000000001
327,0 days 01:23:22.695000,ALB,23,0 days 00:01:36.039000,21.0,5.0,,,34.669,42.963,18.407,0 days 01:22:21.325000,0 days 01:23:04.288000,0 days 01:23:22.695000,274.0,298.0,255.0,295.0,False,SOFT,9.0,False,Red Bull Racing,0 days 01:21:46.656000,2019-10-11 06:09:35.139,1,,False,,False,True,96.039,96.039
328,0 days 01:24:59.007000,ALB,23,0 days 00:01:36.312000,22.0,5.0,,,34.587,43.201,18.524,0 days 01:23:57.282000,0 days 01:24:40.483000,0 days 01:24:59.007000,273.0,297.0,256.0,297.0,False,SOFT,10.0,False,Red Bull Racing,0 days 01:23:22.695000,2019-10-11 06:11:11.178,1,,False,,False,True,96.312,96.31200000000001
329,0 days 01:26:35.432000,ALB,23,0 days 00:01:36.425000,23.0,5.0,,,34.702,43.215,18.508,0 days 01:25:33.709000,0 days 01:26:16.924000,0 days 01:26:35.432000,273.0,298.0,260.0,297.0,False,SOFT,11.0,False,Red Bull Racing,0 days 01:24:59.007000,2019-10-11 06:12:47.490,1,,False,,False,True,96.425,96.425
330,0 days 01:28:11.500000,ALB,23,0 days 00:01:36.068000,24.0,5.0,,,34.422,43.143,18.503,0 days 01:27:09.854000,0 days 01:27:52.997000,0 days 01:28:11.500000,276.0,298.0,255.0,297.0,False,SOFT,12.0,False,Red Bull Racing,0 days 01:26:35.432000,2019-10-11 06:14:23.915,1,,False,,False,True,96.068,96.068
331,0 days 01:29:47.883000,ALB,23,0 days 00:01:36.383000,25.0,5.0,,,34.658,43.27,18.455,0 days 01:28:46.158000,0 days 01:29:29.428000,0 days 01:29:47.883000,276.0,299.0,256.0,298.0,False,SOFT,13.0,False,Red Bull Racing,0 days 01:28:11.500000,2019-10-11 06:15:59.983,1,,False,,False,True,96.383,96.383
332,0 days 01:31:27.137000,ALB,23,0 days 00:01:39.254000,26.0,5.0,,0 days 01:31:25.826000,34.926,43.435,20.893,0 days 01:30:22.809000,0 days 01:31:06.244000,0 days 01:31:27.137000,278.0,299.0,,298.0,False,SOFT,14.0,False,Red Bull Racing,0 days 01:29:47.883000,2019-10-11 06:17:36.366,1,,False,,False,False,99.254,99.254
333,0 days 01:33:39.540000,ALB,23,0 days 00:02:12.403000,27.0,6.0,0 days 01:31:56.255000,,69.357,43.535,19.511,0 days 01:32:36.494000,0 days 01:33:20.029000,0 days 01:33:39.540000,273.0,298.0,256.0,296.0,False,MEDIUM,8.0,False,Red Bull Racing,0 days 01:31:27.137000,2019-10-11 06:19:15.620,1,,False,,False,False,132.403,132.403
334,0 days 01:35:15.252000,ALB,23,0 days 00:01:35.712000,28.0,6.0,,,34.548,42.926,18.238,0 days 01:34:14.088000,0 days 01:34:57.014000,0 days 01:35:15.252000,276.0,296.0,256.0,296.0,False,MEDIUM,9.0,False,Red Bull Racing,0 days 01:33:39.540000,2019-10-11 06:21:28.023,1,,False,,False,True,95.712,95.712
335,0 days 01:36:50.690000,ALB,23,0 days 00:01:35.438000,29.0,6.0,,,34.364,42.71,18.364,0 days 01:35:49.616000,0 days 01:36:32.326000,0 days 01:36:50.690000,277.0,297.0,256.0,297.0,False,MEDIUM,10.0,False,Red Bull Racing,0 days 01:35:15.252000,2019-10-11 06:23:03.735,1,,False,,False,True,95.438,95.438
336,0 days 01:38:28.497000,ALB,23,0 days 00:01:37.807000,30.0,6.0,,,35.036,44.261,18.51,0 days 01:37:25.726000,0 days 01:38:09.987000,0 days 01:38:28.497000,280.0,298.0,257.0,292.0,False,MEDIUM,11.0,False,Red Bull Racing,0 days 01:36:50.690000,2019-10-11 06:24:39.173,1,,False,,False,True,97.807,97.807
337,0 days 01:40:03.779000,ALB,23,0 days 00:01:35.282000,31.0,6.0,,,34.089,42.739,18.454,0 days 01:39:02.586000,0 days 01:39:45.325000,0 days 01:40:03.779000,278.0,299.0,261.0,297.0,False,MEDIUM,12.0,False,Red Bull Racing,0 days 01:38:28.497000,2019-10-11 06:26:16.980,1,,False,,False,True,95.282,95.28200000000001
338,0 days 01:41:41.877000,ALB,23,0 days 00:01:38.098000,32.0,6.0,,,34.267,42.96,20.871,0 days 01:40:38.046000,0 days 01:41:21.006000,0 days 01:41:41.877000,279.0,300.0,256.0,299.0,False,MEDIUM,13.0,False,Red Bull Racing,0 days 01:40:03.779000,2019-10-11 06:27:52.262,1,,False,,False,True,98.098,98.098
339,0 days 01:43:17.537000,ALB,23,0 days 00:01:35.660000,33.0,6.0,,,34.263,43.069,18.328,0 days 01:42:16.140000,0 days 01:42:59.209000,0 days 01:43:17.537000,278.0,297.0,256.0,296.0,False,MEDIUM,14.0,False,Red Bull Racing,0 days 01:41:41.877000,2019-10-11 06:29:30.360,1,,False,,False,True,95.66,95.66
340,0 days 01:45:06.684000,ALB,23,0 days 00:01:49.147000,34.0,6.0,,0 days 01:45:05.332000,39.342,46.819,22.986,0 days 01:43:56.879000,0 days 01:44:43.698000,0 days 01:45:06.684000,206.0,295.0,,291.0,False,MEDIUM,15.0,False,Red Bull Racing,0 days 01:43:17.537000,2019-10-11 06:31:06.020,1,,False,,False,False,109.147,109.147
341,0 days 00:15:35.193000,KVY,26,,1.0,1.0,0 days 00:13:45.750000,,,47.169,24.116,,0 days 00:15:11.098000,0 days 00:15:35.706000,269.0,274.0,269.0,152.0,False,MEDIUM,1.0,True,Toro Rosso,0 days 00:13:45.750000,2019-10-11 05:01:34.233,1,,False,,False,False,,
342,0 days 00:17:05.975000,KVY,26,0 days 00:01:30.782000,2.0,1.0,,,32.044,40.806,17.932,0 days 00:16:07.237000,0 days 00:16:48.043000,0 days 00:17:05.975000,284.0,301.0,266.0,299.0,True,MEDIUM,2.0,True,Toro Rosso,0 days 00:15:35.193000,2019-10-11 05:03:23.676,1,,False,,False,True,90.782,90.782
343,0 days 00:19:21.629000,KVY,26,0 days 00:02:15.654000,3.0,1.0,,,48.524,56.523,30.607,0 days 00:17:54.499000,0 days 00:18:51.022000,0 days 00:19:21.629000,224.0,274.0,268.0,170.0,False,MEDIUM,3.0,True,Toro Rosso,0 days 00:17:05.975000,2019-10-11 05:04:54.458,1,,False,,False,True,135.654,135.654
344,0 days 00:20:52.614000,KVY,26,0 days 00:01:30.985000,4.0,1.0,,,31.976,41.125,17.884,0 days 00:19:53.605000,0 days 00:20:34.730000,0 days 00:20:52.614000,284.0,302.0,266.0,299.0,False,MEDIUM,4.0,True,Toro Rosso,0 days 00:19:21.629000,2019-10-11 05:07:10.112,1,,False,,False,True,90.985,90.985
345,0 days 00:22:33.912000,KVY,26,0 days 00:01:41.298000,5.0,1.0,,0 days 00:22:32.607000,36.152,43.104,22.042,0 days 00:21:28.766000,0 days 00:22:11.870000,0 days 00:22:33.912000,260.0,279.0,,277.0,False,MEDIUM,5.0,True,Toro Rosso,0 days 00:20:52.614000,2019-10-11 05:08:41.097,1,,False,,False,False,101.298,101.298
346,0 days 00:37:19.421000,KVY,26,,6.0,2.0,0 days 00:35:28.055000,,,49.776,21.281,,0 days 00:36:58.147000,0 days 00:37:19.567000,253.0,271.0,272.0,252.0,False,SOFT,1.0,True,Toro Rosso,0 days 00:22:33.912000,2019-10-11 05:10:22.395,1,,False,,False,False,,
347,0 days 00:38:49.086000,KVY,26,0 days 00:01:29.665000,7.0,2.0,,,31.405,40.539,17.721,0 days 00:37:50.826000,0 days 00:38:31.365000,0 days 00:38:49.086000,287.0,304.0,268.0,300.0,True,SOFT,2.0,True,Toro Rosso,0 days 00:37:19.421000,2019-10-11 05:25:07.904,1,,False,,False,True,89.665,89.665
348,0 days 00:40:48.795000,KVY,26,0 days 00:01:59.709000,8.0,2.0,,,45.164,52.912,21.633,0 days 00:39:34.250000,0 days 00:40:27.162000,0 days 00:40:48.795000,184.0,273.0,267.0,216.0,False,SOFT,3.0,True,Toro Rosso,0 days 00:38:49.086000,2019-10-11 05:26:37.569,12,,False,,False,True,119.709,119.70899999999999
349,0 days 00:42:19.933000,KVY,26,0 days 00:01:31.138000,9.0,2.0,,,32.03,41.004,18.104,0 days 00:41:20.825000,0 days 00:42:01.829000,0 days 00:42:19.933000,284.0,300.0,266.0,297.0,False,SOFT,4.0,True,Toro Rosso,0 days 00:40:48.795000,2019-10-11 05:28:37.278,1,,False,,False,True,91.138,91.13799999999999
350,0 days 00:44:06.538000,KVY,26,0 days 00:01:46.605000,10.0,2.0,,0 days 00:44:05.332000,38.873,46.191,21.541,0 days 00:42:58.806000,0 days 00:43:44.997000,0 days 00:44:06.538000,260.0,279.0,,277.0,False,SOFT,5.0,True,Toro Rosso,0 days 00:42:19.933000,2019-10-11 05:30:08.416,1,,False,,False,False,106.605,106.60499999999999
351,0 days 00:52:05.135000,KVY,26,,11.0,3.0,0 days 00:50:15.333000,,,48.2,20.112,,0 days 00:51:45.043000,0 days 00:52:05.488000,241.0,273.0,271.0,274.0,False,SOFT,1.0,True,Toro Rosso,0 days 00:44:06.538000,2019-10-11 05:31:55.021,1,,False,,False,False,,
352,0 days 00:53:34.894000,KVY,26,0 days 00:01:29.759000,12.0,3.0,,,31.578,40.37,17.811,0 days 00:52:36.713000,0 days 00:53:17.083000,0 days 00:53:34.894000,285.0,302.0,263.0,298.0,False,SOFT,2.0,True,Toro Rosso,0 days 00:52:05.135000,2019-10-11 05:39:53.618,1,,False,,False,True,89.759,89.75899999999999
353,0 days 00:55:16.785000,KVY,26,0 days 00:01:41.891000,13.0,3.0,,0 days 00:55:16.342000,36.724,43.517,21.65,0 days 00:54:11.618000,0 days 00:54:55.135000,0 days 00:55:16.785000,261.0,279.0,,277.0,False,SOFT,3.0,True,Toro Rosso,0 days 00:53:34.894000,2019-10-11 05:41:23.377,1,,False,,False,False,101.891,101.89099999999999
354,0 days 01:02:02.753000,KVY,26,,14.0,4.0,0 days 01:00:13.423000,,,48.69,19.929,,0 days 01:01:42.824000,0 days 01:02:02.921000,241.0,272.0,271.0,271.0,False,SOFT,1.0,True,Toro Rosso,0 days 00:55:16.785000,2019-10-11 05:43:05.268,1,,False,,False,False,,
355,0 days 01:03:32.265000,KVY,26,0 days 00:01:29.512000,15.0,4.0,,,31.472,40.28,17.76,0 days 01:02:34.225000,0 days 01:03:14.505000,0 days 01:03:32.265000,286.0,303.0,263.0,298.0,True,SOFT,2.0,True,Toro Rosso,0 days 01:02:02.753000,2019-10-11 05:49:51.236,1,,False,,False,True,89.512,89.51200000000001
356,0 days 01:05:32.513000,KVY,26,0 days 00:02:00.248000,16.0,4.0,,0 days 01:05:30.735000,42.383,48.187,29.678,0 days 01:04:14.648000,0 days 01:05:02.835000,0 days 01:05:32.513000,147.0,249.0,,189.0,False,SOFT,3.0,True,Toro Rosso,0 days 01:03:32.265000,2019-10-11 05:51:20.748,1,,False,,False,False,120.248,120.24799999999999
357,0 days 01:14:16.267000,KVY,26,,17.0,5.0,0 days 01:12:22.094000,0 days 01:14:14.946000,,45.426,23.154,,0 days 01:13:53.118000,0 days 01:14:16.414000,262.0,267.0,,265.0,False,MEDIUM,6.0,False,Toro Rosso,0 days 01:05:32.513000,2019-10-11 05:53:20.996,1,,False,,False,False,,
358,0 days 01:16:24.520000,KVY,26,0 days 00:02:08.253000,18.0,6.0,0 days 01:14:35.324000,,66.268,43.345,18.64,0 days 01:15:22.535000,0 days 01:16:05.880000,0 days 01:16:24.520000,278.0,297.0,257.0,293.0,False,MEDIUM,7.0,False,Toro Rosso,0 days 01:14:16.267000,2019-10-11 06:02:04.750,1,,False,,False,False,128.253,128.253
359,0 days 01:18:00.703000,KVY,26,0 days 00:01:36.183000,19.0,6.0,,,34.813,43.017,18.353,0 days 01:16:59.333000,0 days 01:17:42.350000,0 days 01:18:00.703000,269.0,300.0,258.0,297.0,False,MEDIUM,8.0,False,Toro Rosso,0 days 01:16:24.520000,2019-10-11 06:04:13.003,1,,False,,False,True,96.183,96.18300000000002
360,0 days 01:19:36.886000,KVY,26,0 days 00:01:36.183000,20.0,6.0,,,34.68,43.119,18.384,0 days 01:18:35.383000,0 days 01:19:18.502000,0 days 01:19:36.886000,271.0,300.0,262.0,298.0,False,MEDIUM,9.0,False,Toro Rosso,0 days 01:18:00.703000,2019-10-11 06:05:49.186,1,,False,,False,True,96.183,96.183
361,0 days 01:21:13.498000,KVY,26,0 days 00:01:36.612000,21.0,6.0,,,34.731,43.362,18.519,0 days 01:20:11.617000,0 days 01:20:54.979000,0 days 01:21:13.498000,270.0,297.0,256.0,294.0,False,MEDIUM,10.0,False,Toro Rosso,0 days 01:19:36.886000,2019-10-11 06:07:25.369,1,,False,,False,True,96.612,96.612
362,0 days 01:22:49.726000,KVY,26,0 days 00:01:36.228000,22.0,6.0,,,34.774,42.82,18.634,0 days 01:21:48.272000,0 days 01:22:31.092000,0 days 01:22:49.726000,268.0,298.0,256.0,296.0,False,MEDIUM,11.0,False,Toro Rosso,0 days 01:21:13.498000,2019-10-11 06:09:01.981,1,,False,,False,True,96.228,96.228
363,0 days 01:24:26.465000,KVY,26,0 days 00:01:36.739000,23.0,6.0,,,34.763,42.748,19.228,0 days 01:23:24.489000,0 days 01:24:07.237000,0 days 01:24:26.465000,270.0,300.0,260.0,298.0,False,MEDIUM,12.0,False,Toro Rosso,0 days 01:22:49.726000,2019-10-11 06:10:38.209,1,,False,,False,True,96.739,96.739
364,0 days 01:26:02.773000,KVY,26,0 days 00:01:36.308000,24.0,6.0,,,34.829,42.982,18.497,0 days 01:25:01.294000,0 days 01:25:44.276000,0 days 01:26:02.773000,270.0,299.0,258.0,298.0,False,MEDIUM,13.0,False,Toro Rosso,0 days 01:24:26.465000,2019-10-11 06:12:14.948,1,,False,,False,True,96.308,96.308
365,0 days 01:27:40.062000,KVY,26,0 days 00:01:37.289000,25.0,6.0,,,34.551,43.299,19.439,0 days 01:26:37.324000,0 days 01:27:20.623000,0 days 01:27:40.062000,273.0,303.0,257.0,304.0,False,MEDIUM,14.0,False,Toro Rosso,0 days 01:26:02.773000,2019-10-11 06:13:51.256,1,,False,,False,True,97.289,97.28899999999999
366,0 days 01:29:16.110000,KVY,26,0 days 00:01:36.048000,26.0,6.0,,,34.552,42.919,18.577,0 days 01:28:14.614000,0 days 01:28:57.533000,0 days 01:29:16.110000,272.0,298.0,257.0,297.0,False,MEDIUM,15.0,False,Toro Rosso,0 days 01:27:40.062000,2019-10-11 06:15:28.545,1,,False,,False,True,96.048,96.048
367,0 days 01:30:52.205000,KVY,26,0 days 00:01:36.095000,27.0,6.0,,,34.697,42.926,18.472,0 days 01:29:50.807000,0 days 01:30:33.733000,0 days 01:30:52.205000,270.0,299.0,257.0,297.0,False,MEDIUM,16.0,False,Toro Rosso,0 days 01:29:16.110000,2019-10-11 06:17:04.593,1,,False,,False,True,96.095,96.095
368,0 days 01:32:27.998000,KVY,26,0 days 00:01:35.793000,28.0,6.0,,,34.519,42.868,18.406,0 days 01:31:26.724000,0 days 01:32:09.592000,0 days 01:32:27.998000,272.0,298.0,258.0,297.0,False,MEDIUM,17.0,False,Toro Rosso,0 days 01:30:52.205000,2019-10-11 06:18:40.688,1,,False,,False,True,95.793,95.793
369,0 days 01:34:04.314000,KVY,26,0 days 00:01:36.316000,29.0,6.0,,,34.797,42.934,18.585,0 days 01:33:02.795000,0 days 01:33:45.729000,0 days 01:34:04.314000,270.0,298.0,258.0,297.0,False,MEDIUM,18.0,False,Toro Rosso,0 days 01:32:27.998000,2019-10-11 06:20:16.481,1,,False,,False,True,96.316,96.316
370,0 days 01:35:40.746000,KVY,26,0 days 00:01:36.432000,30.0,6.0,,,34.653,43.277,18.502,0 days 01:34:38.967000,0 days 01:35:22.244000,0 days 01:35:40.746000,278.0,299.0,259.0,298.0,False,MEDIUM,19.0,False,Toro Rosso,0 days 01:34:04.314000,2019-10-11 06:21:52.797,1,,False,,False,True,96.432,96.432
371,0 days 01:37:16.961000,KVY,26,0 days 00:01:36.215000,31.0,6.0,,,34.81,42.934,18.471,0 days 01:36:15.556000,0 days 01:36:58.490000,0 days 01:37:16.961000,277.0,299.0,259.0,297.0,False,MEDIUM,20.0,False,Toro Rosso,0 days 01:35:40.746000,2019-10-11 06:23:29.229,1,,False,,False,True,96.215,96.215
372,0 days 01:38:56.441000,KVY,26,0 days 00:01:39.480000,32.0,6.0,,,35.386,45.414,18.68,0 days 01:37:52.347000,0 days 01:38:37.761000,0 days 01:38:56.441000,279.0,298.0,259.0,297.0,False,MEDIUM,21.0,False,Toro Rosso,0 days 01:37:16.961000,2019-10-11 06:25:05.444,1,,False,,False,True,99.48,99.48000000000002
373,0 days 01:40:34.665000,KVY,26,0 days 00:01:38.224000,33.0,6.0,,0 days 01:40:33.381000,34.569,43.383,20.272,0 days 01:39:31.010000,0 days 01:40:14.393000,0 days 01:40:34.665000,277.0,300.0,,298.0,False,MEDIUM,22.0,False,Toro Rosso,0 days 01:38:56.441000,2019-10-11 06:26:44.924,1,,False,,False,False,98.224,98.22399999999999
374,0 days 01:42:34.975000,KVY,26,0 days 00:02:00.310000,34.0,7.0,0 days 01:40:57.929000,,57.371,43.064,19.875,0 days 01:41:32.036000,0 days 01:42:15.100000,0 days 01:42:34.975000,277.0,300.0,258.0,296.0,False,SOFT,6.0,False,Toro Rosso,0 days 01:40:34.665000,2019-10-11 06:28:23.148,1,,False,,False,False,120.31,120.31
375,0 days 01:44:16.598000,KVY,26,0 days 00:01:41.623000,35.0,7.0,,0 days 01:44:16.640000,34.138,42.3,25.185,0 days 01:43:09.113000,0 days 01:43:51.413000,0 days 01:44:16.598000,273.0,298.0,,178.0,False,SOFT,7.0,False,Toro Rosso,0 days 01:42:34.975000,2019-10-11 06:30:23.458,1,,False,,False,False,101.623,101.62299999999999
376,0 days 00:27:21.341000,HUL,27,,1.0,1.0,0 days 00:25:23.148000,,,50.292,21.884,,0 days 00:26:59.481000,0 days 00:27:22.141000,232.0,273.0,269.0,272.0,False,SOFT,1.0,True,Renault,0 days 00:25:23.148000,2019-10-11 05:13:11.631,1,,False,,False,False,,
377,0 days 00:28:51.754000,HUL,27,0 days 00:01:30.413000,2.0,1.0,,,31.964,40.755,17.694,0 days 00:27:53.305000,0 days 00:28:34.060000,0 days 00:28:51.754000,285.0,303.0,268.0,300.0,True,SOFT,2.0,True,Renault,0 days 00:27:21.341000,2019-10-11 05:15:09.824,1,,False,,False,True,90.413,90.413
378,0 days 00:30:42.579000,HUL,27,0 days 00:01:50.825000,3.0,1.0,,0 days 00:30:41.241000,41.092,47.048,22.685,0 days 00:29:32.846000,0 days 00:30:19.894000,0 days 00:30:42.579000,207.0,272.0,,272.0,False,SOFT,3.0,True,Renault,0 days 00:28:51.754000,2019-10-11 05:16:40.237,1,,False,,False,False,110.825,110.825
379,0 days 00:40:35.633000,HUL,27,,4.0,2.0,0 days 00:38:45.835000,,,44.972,19.256,,0 days 00:40:16.416000,0 days 00:40:35.847000,262.0,298.0,257.0,295.0,False,SOFT,4.0,False,Renault,0 days 00:30:42.579000,2019-10-11 05:18:31.062,12,,False,,False,False,,
380,0 days 00:42:11.557000,HUL,27,0 days 00:01:35.924000,5.0,2.0,,,34.951,42.739,18.234,0 days 00:41:10.584000,0 days 00:41:53.323000,0 days 00:42:11.557000,267.0,298.0,260.0,297.0,False,SOFT,5.0,False,Renault,0 days 00:40:35.633000,2019-10-11 05:28:24.116,1,,False,,False,True,95.924,95.924
381,0 days 00:43:47.078000,HUL,27,0 days 00:01:35.521000,6.0,2.0,,,34.629,42.75,18.142,0 days 00:42:46.186000,0 days 00:43:28.936000,0 days 00:43:47.078000,270.0,299.0,259.0,299.0,False,SOFT,6.0,False,Renault,0 days 00:42:11.557000,2019-10-11 05:30:00.040,1,,False,,False,True,95.521,95.52099999999999
382,0 days 00:45:23.497000,HUL,27,0 days 00:01:36.419000,7.0,2.0,,,34.973,43.13,18.316,0 days 00:44:22.051000,0 days 00:45:05.181000,0 days 00:45:23.497000,267.0,300.0,258.0,295.0,False,SOFT,7.0,False,Renault,0 days 00:43:47.078000,2019-10-11 05:31:35.561,1,,False,,False,True,96.419,96.41900000000001
383,0 days 00:46:59.725000,HUL,27,0 days 00:01:36.228000,8.0,2.0,,,34.808,42.98,18.44,0 days 00:45:58.305000,0 days 00:46:41.285000,0 days 00:46:59.725000,266.0,298.0,258.0,293.0,False,SOFT,8.0,False,Renault,0 days 00:45:23.497000,2019-10-11 05:33:11.980,1,,False,,False,True,96.228,96.228
384,0 days 00:48:35.778000,HUL,27,0 days 00:01:36.053000,9.0,2.0,,,34.768,42.924,18.361,0 days 00:47:34.493000,0 days 00:48:17.417000,0 days 00:48:35.778000,266.0,300.0,260.0,297.0,False,SOFT,9.0,False,Renault,0 days 00:46:59.725000,2019-10-11 05:34:48.208,1,,False,,False,True,96.053,96.05300000000001
385,0 days 00:50:12.037000,HUL,27,0 days 00:01:36.259000,10.0,2.0,,,34.849,43.048,18.362,0 days 00:49:10.627000,0 days 00:49:53.675000,0 days 00:50:12.037000,268.0,300.0,258.0,297.0,False,SOFT,10.0,False,Renault,0 days 00:48:35.778000,2019-10-11 05:36:24.261,1,,False,,False,True,96.259,96.25899999999999
386,0 days 00:51:51.432000,HUL,27,0 days 00:01:39.395000,11.0,2.0,,0 days 00:51:50.122000,34.965,43.073,21.357,0 days 00:50:47.002000,0 days 00:51:30.075000,0 days 00:51:51.432000,267.0,301.0,,296.0,False,SOFT,11.0,False,Renault,0 days 00:50:12.037000,2019-10-11 05:38:00.520,1,,False,,False,False,99.395,99.39500000000001
387,0 days 00:53:47.432000,HUL,27,0 days 00:01:56,12.0,3.0,0 days 00:52:13.232000,,54.696,42.993,18.311,0 days 00:52:46.128000,0 days 00:53:29.121000,0 days 00:53:47.432000,279.0,299.0,259.0,296.0,False,HARD,1.0,True,Renault,0 days 00:51:51.432000,2019-10-11 05:39:39.915,1,,False,,False,False,116.0,116.0
388,0 days 00:55:23.312000,HUL,27,0 days 00:01:35.880000,13.0,3.0,,,34.782,42.921,18.177,0 days 00:54:22.214000,0 days 00:55:05.135000,0 days 00:55:23.312000,265.0,300.0,260.0,292.0,False,HARD,2.0,True,Renault,0 days 00:53:47.432000,2019-10-11 05:41:35.915,1,,False,,False,True,95.88,95.88
389,0 days 00:56:58.669000,HUL,27,0 days 00:01:35.357000,14.0,3.0,,,34.435,42.695,18.227,0 days 00:55:57.747000,0 days 00:56:40.442000,0 days 00:56:58.669000,267.0,299.0,260.0,295.0,False,HARD,3.0,True,Renault,0 days 00:55:23.312000,2019-10-11 05:43:11.795,1,,False,,False,True,95.357,95.357
390,0 days 00:58:34.406000,HUL,27,0 days 00:01:35.737000,15.0,3.0,,,34.659,42.671,18.407,0 days 00:57:33.328000,0 days 00:58:15.999000,0 days 00:58:34.406000,267.0,299.0,260.0,296.0,False,HARD,4.0,True,Renault,0 days 00:56:58.669000,2019-10-11 05:44:47.152,1,,False,,False,True,95.737,95.737
391,0 days 01:00:10.260000,HUL,27,0 days 00:01:35.854000,16.0,3.0,,,34.724,42.783,18.347,0 days 00:59:09.130000,0 days 00:59:51.913000,0 days 01:00:10.260000,267.0,299.0,259.0,294.0,False,HARD,5.0,True,Renault,0 days 00:58:34.406000,2019-10-11 05:46:22.889,1,,False,,False,True,95.854,95.85400000000001
392,0 days 01:01:46.256000,HUL,27,0 days 00:01:35.996000,17.0,3.0,,,34.807,42.807,18.382,0 days 01:00:45.067000,0 days 01:01:27.874000,0 days 01:01:46.256000,267.0,299.0,260.0,295.0,False,HARD,6.0,True,Renault,0 days 01:00:10.260000,2019-10-11 05:47:58.743,1,,False,,False,True,95.996,95.99600000000001
393,0 days 01:03:22.730000,HUL,27,0 days 00:01:36.474000,18.0,3.0,,,34.904,43.13,18.44,0 days 01:02:21.160000,0 days 01:03:04.290000,0 days 01:03:22.730000,267.0,298.0,259.0,293.0,False,HARD,7.0,True,Renault,0 days 01:01:46.256000,2019-10-11 05:49:34.739,1,,False,,False,True,96.474,96.474
394,0 days 01:04:58.883000,HUL,27,0 days 00:01:36.153000,19.0,3.0,,,34.762,42.945,18.446,0 days 01:03:57.492000,0 days 01:04:40.437000,0 days 01:04:58.883000,267.0,300.0,260.0,294.0,False,HARD,8.0,True,Renault,0 days 01:03:22.730000,2019-10-11 05:51:11.213,1,,False,,False,True,96.153,96.15299999999999
395,0 days 01:06:34.751000,HUL,27,0 days 00:01:35.868000,20.0,3.0,,,34.596,42.864,18.408,0 days 01:05:33.479000,0 days 01:06:16.343000,0 days 01:06:34.751000,268.0,299.0,258.0,295.0,False,HARD,9.0,True,Renault,0 days 01:04:58.883000,2019-10-11 05:52:47.366,1,,False,,False,True,95.868,95.868
396,0 days 01:08:10.793000,HUL,27,0 days 00:01:36.042000,21.0,3.0,,,34.676,42.887,18.479,0 days 01:07:09.427000,0 days 01:07:52.314000,0 days 01:08:10.793000,271.0,301.0,258.0,296.0,False,HARD,10.0,True,Renault,0 days 01:06:34.751000,2019-10-11 05:54:23.234,1,,False,,False,True,96.042,96.042
397,0 days 01:09:47.226000,HUL,27,0 days 00:01:36.433000,22.0,3.0,,,34.866,43.042,18.525,0 days 01:08:45.659000,0 days 01:09:28.701000,0 days 01:09:47.226000,274.0,297.0,257.0,292.0,False,HARD,11.0,True,Renault,0 days 01:08:10.793000,2019-10-11 05:55:59.276,1,,False,,False,True,96.433,96.43299999999999
398,0 days 01:11:37.890000,HUL,27,0 days 00:01:50.664000,23.0,3.0,,0 days 01:11:36.596000,37.097,49.397,24.17,0 days 01:10:24.323000,0 days 01:11:13.720000,0 days 01:11:37.890000,247.0,230.0,,242.0,False,HARD,12.0,True,Renault,0 days 01:09:47.226000,2019-10-11 05:57:35.709,1,,False,,False,False,110.664,110.664
399,0 days 01:24:25.506000,HUL,27,,24.0,4.0,0 days 01:22:32.488000,,,50.037,22.287,,0 days 01:24:03.282000,0 days 01:24:26.266000,228.0,202.0,268.0,208.0,False,SOFT,1.0,True,Renault,0 days 01:11:37.890000,2019-10-11 05:59:26.373,1,,False,,False,False,,
400,0 days 01:25:55.964000,HUL,27,0 days 00:01:30.458000,25.0,4.0,,,31.71,41.12,17.628,0 days 01:24:57.216000,0 days 01:25:38.336000,0 days 01:25:55.964000,289.0,302.0,266.0,300.0,False,SOFT,2.0,True,Renault,0 days 01:24:25.506000,2019-10-11 06:12:13.989,1,,False,,False,True,90.458,90.458
401,0 days 01:27:40.599000,HUL,27,0 days 00:01:44.635000,26.0,4.0,,0 days 01:27:39.200000,38.458,44.628,21.549,0 days 01:26:34.422000,0 days 01:27:19.050000,0 days 01:27:40.599000,251.0,274.0,,272.0,False,SOFT,3.0,True,Renault,0 days 01:25:55.964000,2019-10-11 06:13:44.447,1,,False,,False,False,104.635,104.63499999999999
402,0 days 01:41:14.446000,HUL,27,,27.0,5.0,0 days 01:39:12.185000,,,51.411,27.366,,0 days 01:40:47.091000,0 days 01:41:14.734000,214.0,113.0,270.0,165.0,False,SOFT,1.0,True,Renault,0 days 01:27:40.599000,2019-10-11 06:15:29.082,1,,False,,False,False,,
403,0 days 01:42:44.780000,HUL,27,0 days 00:01:30.334000,28.0,5.0,,,31.928,40.596,17.81,0 days 01:41:46.374000,0 days 01:42:26.970000,0 days 01:42:44.780000,290.0,308.0,265.0,305.0,True,SOFT,2.0,True,Renault,0 days 01:41:14.446000,2019-10-11 06:29:02.929,1,,False,,False,True,90.334,90.334
404,0 days 01:44:45.913000,HUL,27,0 days 00:02:01.133000,29.0,5.0,,0 days 01:44:45.938000,44.004,52.357,24.772,0 days 01:43:28.784000,0 days 01:44:21.141000,0 days 01:44:45.913000,250.0,231.0,,265.0,False,SOFT,3.0,True,Renault,0 days 01:42:44.780000,2019-10-11 06:30:33.263,1,,False,,False,False,121.133,121.13299999999998
405,0 days 00:34:26.443000,VER,33,,1.0,1.0,0 days 00:32:34.733000,,,56.07,20.525,,0 days 00:34:05.918000,0 days 00:34:26.617000,268.0,233.0,270.0,223.0,False,SOFT,1.0,True,Red Bull Racing,0 days 00:32:34.733000,2019-10-11 05:20:23.216,1,,False,,False,False,,
406,0 days 00:35:54.900000,VER,33,0 days 00:01:28.457000,2.0,1.0,,,30.849,39.991,17.617,0 days 00:34:57.292000,0 days 00:35:37.283000,0 days 00:35:54.900000,283.0,300.0,261.0,296.0,True,SOFT,2.0,True,Red Bull Racing,0 days 00:34:26.443000,2019-10-11 05:22:14.926,1,,False,,False,True,88.457,88.45700000000001
407,0 days 00:38:14.738000,VER,33,0 days 00:02:19.838000,3.0,1.0,,,52.103,65.238,22.497,0 days 00:36:47.003000,0 days 00:37:52.241000,0 days 00:38:14.738000,140.0,181.0,271.0,213.0,False,SOFT,3.0,True,Red Bull Racing,0 days 00:35:54.900000,2019-10-11 05:23:43.383,1,,False,,False,True,139.838,139.83800000000002
408,0 days 00:39:54.770000,VER,33,0 days 00:01:40.032000,4.0,1.0,,0 days 00:39:52.737000,31.039,43.554,25.439,0 days 00:38:45.777000,0 days 00:39:29.331000,0 days 00:39:54.770000,288.0,280.0,,276.0,False,SOFT,4.0,True,Red Bull Racing,0 days 00:38:14.738000,2019-10-11 05:26:03.221,12,,False,,False,False,100.032,100.03200000000001
409,0 days 00:54:56.852000,VER,33,,5.0,2.0,0 days 00:53:07.273000,,,50.251,20.579,,0 days 00:54:36.884000,0 days 00:54:57.718000,258.0,249.0,272.0,225.0,False,SOFT,1.0,True,Red Bull Racing,0 days 00:39:54.770000,2019-10-11 05:27:43.253,21,,False,,False,False,,
410,0 days 00:56:24.918000,VER,33,0 days 00:01:28.066000,6.0,2.0,,,30.76,39.822,17.484,0 days 00:55:27.612000,0 days 00:56:07.434000,0 days 00:56:24.918000,287.0,305.0,270.0,299.0,True,SOFT,2.0,True,Red Bull Racing,0 days 00:54:56.852000,2019-10-11 05:42:45.335,1,,False,,False,True,88.066,88.066
411,0 days 00:58:11.347000,VER,33,0 days 00:01:46.429000,7.0,2.0,,0 days 00:58:11.345000,38.966,44.992,22.471,0 days 00:57:03.884000,0 days 00:57:48.876000,0 days 00:58:11.347000,253.0,278.0,,276.0,False,SOFT,3.0,True,Red Bull Racing,0 days 00:56:24.918000,2019-10-11 05:44:13.401,1,,False,,False,False,106.429,106.429
412,0 days 01:13:04.055000,VER,33,,8.0,3.0,0 days 01:11:04.983000,0 days 01:13:02.739000,,45.969,21.703,,0 days 01:12:42.363000,0 days 01:13:04.177000,257.0,287.0,,280.0,False,SOFT,4.0,False,Red Bull Racing,0 days 00:58:11.347000,2019-10-11 05:45:59.830,1,,False,,False,False,,
413,0 days 01:15:25.565000,VER,33,0 days 00:02:21.510000,9.0,4.0,0 days 01:13:24.570000,,76.279,43.723,21.508,0 days 01:14:20.334000,0 days 01:15:04.057000,0 days 01:15:25.565000,271.0,294.0,254.0,254.0,False,SOFT,5.0,False,Red Bull Racing,0 days 01:13:04.055000,2019-10-11 06:00:52.538,1,,False,,False,False,141.51,141.51
414,0 days 01:17:00.763000,VER,33,0 days 00:01:35.198000,10.0,4.0,,,34.222,42.628,18.348,0 days 01:15:59.787000,0 days 01:16:42.415000,0 days 01:17:00.763000,273.0,293.0,255.0,287.0,False,SOFT,6.0,False,Red Bull Racing,0 days 01:15:25.565000,2019-10-11 06:03:14.048,1,,False,,False,True,95.198,95.198
415,0 days 01:18:36.158000,VER,33,0 days 00:01:35.395000,11.0,4.0,,,34.235,42.851,18.309,0 days 01:17:34.998000,0 days 01:18:17.849000,0 days 01:18:36.158000,277.0,294.0,255.0,289.0,False,SOFT,7.0,False,Red Bull Racing,0 days 01:17:00.763000,2019-10-11 06:04:49.246,1,,False,,False,True,95.395,95.395
416,0 days 01:20:16.216000,VER,33,0 days 00:01:40.058000,12.0,4.0,,,34.124,43.14,22.794,0 days 01:19:10.282000,0 days 01:19:53.422000,0 days 01:20:16.216000,280.0,296.0,255.0,286.0,False,SOFT,8.0,False,Red Bull Racing,0 days 01:18:36.158000,2019-10-11 06:06:24.641,1,,False,,False,True,100.058,100.058
417,0 days 01:21:51.564000,VER,33,0 days 00:01:35.348000,13.0,4.0,,,34.059,42.96,18.329,0 days 01:20:50.275000,0 days 01:21:33.235000,0 days 01:21:51.564000,277.0,295.0,256.0,290.0,False,SOFT,9.0,False,Red Bull Racing,0 days 01:20:16.216000,2019-10-11 06:08:04.699,1,,False,,False,True,95.348,95.34800000000001
418,0 days 01:23:27.086000,VER,33,0 days 00:01:35.522000,14.0,4.0,,,34.202,42.904,18.416,0 days 01:22:25.766000,0 days 01:23:08.670000,0 days 01:23:27.086000,277.0,296.0,255.0,292.0,False,SOFT,10.0,False,Red Bull Racing,0 days 01:21:51.564000,2019-10-11 06:09:40.047,1,,False,,False,True,95.522,95.52199999999999
419,0 days 01:25:03.395000,VER,33,0 days 00:01:36.309000,15.0,4.0,,,34.407,43.17,18.732,0 days 01:24:01.493000,0 days 01:24:44.663000,0 days 01:25:03.395000,277.0,293.0,254.0,291.0,False,SOFT,11.0,False,Red Bull Racing,0 days 01:23:27.086000,2019-10-11 06:11:15.569,1,,False,,False,True,96.309,96.309
420,0 days 01:26:42.146000,VER,33,0 days 00:01:38.751000,16.0,4.0,,0 days 01:26:40.835000,34.316,43.097,21.338,0 days 01:25:37.711000,0 days 01:26:20.808000,0 days 01:26:42.146000,278.0,295.0,,291.0,False,SOFT,12.0,False,Red Bull Racing,0 days 01:25:03.395000,2019-10-11 06:12:51.878,1,,False,,False,False,98.751,98.751
421,0 days 01:31:01.133000,VER,33,,17.0,5.0,0 days 01:29:14.288000,,,42.252,18.592,,0 days 01:30:42.541000,0 days 01:31:01.297000,274.0,293.0,256.0,289.0,False,MEDIUM,1.0,True,Red Bull Racing,0 days 01:26:42.146000,2019-10-11 06:14:30.629,1,,False,,False,False,,
422,0 days 01:32:35.162000,VER,33,0 days 00:01:34.029000,18.0,5.0,,,33.656,42.263,18.11,0 days 01:31:34.789000,0 days 01:32:17.052000,0 days 01:32:35.162000,273.0,294.0,256.0,292.0,False,MEDIUM,2.0,True,Red Bull Racing,0 days 01:31:01.133000,2019-10-11 06:18:49.616,1,,False,,False,True,94.029,94.029
423,0 days 01:34:09.550000,VER,33,0 days 00:01:34.388000,19.0,5.0,,,33.78,42.346,18.262,0 days 01:33:08.942000,0 days 01:33:51.288000,0 days 01:34:09.550000,274.0,294.0,256.0,293.0,False,MEDIUM,3.0,True,Red Bull Racing,0 days 01:32:35.162000,2019-10-11 06:20:23.645,1,,False,,False,True,94.388,94.388
424,0 days 01:35:44.271000,VER,33,0 days 00:01:34.721000,20.0,5.0,,,33.869,42.545,18.307,0 days 01:34:43.419000,0 days 01:35:25.964000,0 days 01:35:44.271000,276.0,295.0,257.0,294.0,False,MEDIUM,4.0,True,Red Bull Racing,0 days 01:34:09.550000,2019-10-11 06:21:58.033,1,,False,,False,True,94.721,94.721
425,0 days 01:37:23.100000,VER,33,0 days 00:01:38.829000,21.0,5.0,,,34.418,43.643,20.768,0 days 01:36:18.689000,0 days 01:37:02.332000,0 days 01:37:23.100000,270.0,295.0,258.0,232.0,False,MEDIUM,5.0,True,Red Bull Racing,0 days 01:35:44.271000,2019-10-11 06:23:32.754,1,,False,,False,True,98.829,98.82900000000001
426,0 days 01:38:57.751000,VER,33,0 days 00:01:34.651000,22.0,5.0,,,33.92,42.398,18.333,0 days 01:37:57.020000,0 days 01:38:39.418000,0 days 01:38:57.751000,273.0,298.0,258.0,294.0,False,MEDIUM,6.0,True,Red Bull Racing,0 days 01:37:23.100000,2019-10-11 06:25:11.583,1,,False,,False,True,94.651,94.65100000000001
427,0 days 01:40:35.971000,VER,33,0 days 00:01:38.220000,23.0,5.0,,0 days 01:40:34.652000,34.489,42.966,20.765,0 days 01:39:32.240000,0 days 01:40:15.206000,0 days 01:40:35.971000,268.0,300.0,,298.0,False,MEDIUM,7.0,True,Red Bull Racing,0 days 01:38:57.751000,2019-10-11 06:26:46.234,1,,False,,False,False,98.22,98.22
428,0 days 01:42:53.137000,VER,33,0 days 00:02:17.166000,24.0,6.0,0 days 01:40:54.672000,0 days 01:42:52.200000,71.105,45.35,20.711,0 days 01:41:47.076000,0 days 01:42:32.426000,0 days 01:42:53.137000,258.0,292.0,,291.0,False,MEDIUM,8.0,False,Red Bull Racing,0 days 01:40:35.971000,2019-10-11 06:28:24.454,1,,False,,False,False,137.166,137.166
429,0 days 00:19:39.351000,HAM,44,,1.0,1.0,0 days 00:17:26.917000,,,53.778,23.046,,0 days 00:19:16.480000,0 days 00:19:39.501000,248.0,237.0,264.0,191.0,False,MEDIUM,1.0,True,Mercedes,0 days 00:17:26.917000,2019-10-11 05:05:15.400,1,,False,,False,False,,
430,0 days 00:21:09.111000,HAM,44,0 days 00:01:29.760000,2.0,1.0,,,31.397,40.588,17.775,0 days 00:20:10.748000,0 days 00:20:51.336000,0 days 00:21:09.111000,281.0,296.0,264.0,292.0,True,MEDIUM,2.0,True,Mercedes,0 days 00:19:39.351000,2019-10-11 05:07:27.834,1,,False,,False,True,89.76,89.75999999999999
431,0 days 00:23:37.038000,HAM,44,0 days 00:02:27.927000,3.0,1.0,,,57.77,66.723,23.434,0 days 00:22:06.881000,0 days 00:23:13.604000,0 days 00:23:37.038000,146.0,235.0,264.0,226.0,False,MEDIUM,3.0,True,Mercedes,0 days 00:21:09.111000,2019-10-11 05:08:57.594,1,,False,,False,True,147.927,147.927
432,0 days 00:25:06.730000,HAM,44,0 days 00:01:29.692000,4.0,1.0,,,31.403,40.553,17.736,0 days 00:24:08.441000,0 days 00:24:48.994000,0 days 00:25:06.730000,281.0,298.0,265.0,294.0,True,MEDIUM,4.0,True,Mercedes,0 days 00:23:37.038000,2019-10-11 05:11:25.521,1,,False,,False,True,89.692,89.692
433,0 days 00:27:58.749000,HAM,44,,5.0,1.0,,,53.861,93.366,24.788,0 days 00:26:00.610000,0 days 00:27:33.961000,0 days 00:27:58.886000,156.0,227.0,264.0,250.0,False,MEDIUM,5.0,True,Mercedes,0 days 00:25:06.730000,2019-10-11 05:12:55.213,1,,False,,False,False,,172.01500000000001
434,0 days 00:29:34.270000,HAM,44,0 days 00:01:35.521000,6.0,1.0,,0 days 00:29:34.288000,31.578,42.19,21.753,0 days 00:28:30.327000,0 days 00:29:12.517000,0 days 00:29:34.270000,280.0,284.0,,271.0,False,MEDIUM,6.0,True,Mercedes,0 days 00:27:58.749000,2019-10-11 05:15:47.232,1,,False,,False,False,95.521,95.521
435,0 days 00:39:55.591000,HAM,44,,7.0,2.0,0 days 00:37:50.663000,,,51.179,32.42,,0 days 00:39:23.171000,0 days 00:39:56.206000,258.0,188.0,203.0,186.0,False,SOFT,1.0,True,Mercedes,0 days 00:29:34.270000,2019-10-11 05:17:22.753,12,,False,,False,False,,
436,0 days 00:42:10.450000,HAM,44,0 days 00:02:14.859000,8.0,2.0,,,51.966,56.314,26.579,0 days 00:40:47.557000,0 days 00:41:43.871000,0 days 00:42:10.450000,193.0,266.0,268.0,196.0,False,SOFT,2.0,True,Mercedes,0 days 00:39:55.591000,2019-10-11 05:27:44.074,21,,False,,False,True,134.859,134.859
437,0 days 00:43:38.346000,HAM,44,0 days 00:01:27.896000,9.0,2.0,,,30.605,39.851,17.44,0 days 00:42:41.055000,0 days 00:43:20.906000,0 days 00:43:38.346000,285.0,300.0,269.0,295.0,True,SOFT,3.0,True,Mercedes,0 days 00:42:10.450000,2019-10-11 05:29:58.933,1,,False,,False,True,87.896,87.896
438,0 days 00:45:33.781000,HAM,44,0 days 00:01:55.435000,10.0,2.0,,0 days 00:45:33.873000,44.199,46.623,24.613,0 days 00:44:22.545000,0 days 00:45:09.168000,0 days 00:45:33.781000,226.0,282.0,,247.0,False,SOFT,4.0,True,Mercedes,0 days 00:43:38.346000,2019-10-11 05:31:26.829,1,,False,,False,False,115.435,115.435
439,0 days 00:56:06.145000,HAM,44,,11.0,3.0,0 days 00:54:03.594000,,,52.508,21.957,,0 days 00:55:44.188000,0 days 00:56:06.318000,233.0,268.0,270.0,223.0,False,SOFT,1.0,True,Mercedes,0 days 00:45:33.781000,2019-10-11 05:33:22.264,1,,False,,False,False,,
440,0 days 00:57:34.030000,HAM,44,0 days 00:01:27.885000,12.0,3.0,,,30.537,39.841,17.507,0 days 00:56:36.682000,0 days 00:57:16.523000,0 days 00:57:34.030000,285.0,300.0,268.0,296.0,True,SOFT,2.0,True,Mercedes,0 days 00:56:06.145000,2019-10-11 05:43:54.628,1,,False,,False,True,87.885,87.885
441,0 days 00:59:27.741000,HAM,44,0 days 00:01:53.711000,13.0,3.0,,0 days 00:59:26.530000,40.202,49.981,23.528,0 days 00:58:14.232000,0 days 00:59:04.213000,0 days 00:59:27.741000,240.0,225.0,,244.0,False,SOFT,3.0,True,Mercedes,0 days 00:57:34.030000,2019-10-11 05:45:22.513,1,,False,,False,False,113.711,113.71099999999998
442,0 days 01:11:41.844000,HAM,44,,14.0,4.0,0 days 01:09:33.457000,0 days 01:11:40.527000,,48.801,23.131,,0 days 01:11:18.715000,0 days 01:11:45.631000,256.0,278.0,,251.0,False,SOFT,5.0,False,Mercedes,0 days 00:59:27.741000,2019-10-11 05:47:16.224,1,,False,,False,False,,
443,0 days 01:14:00.181000,HAM,44,0 days 00:02:18.337000,15.0,5.0,0 days 01:12:02.373000,,74.374,43.116,20.847,0 days 01:12:56.218000,0 days 01:13:39.334000,0 days 01:14:00.181000,275.0,291.0,255.0,266.0,False,SOFT,6.0,False,Mercedes,0 days 01:11:41.844000,2019-10-11 05:59:30.327,1,,False,,False,False,138.337,138.337
444,0 days 01:15:34.913000,HAM,44,0 days 00:01:34.732000,16.0,5.0,,,33.772,42.576,18.384,0 days 01:14:33.953000,0 days 01:15:16.529000,0 days 01:15:34.913000,276.0,293.0,255.0,286.0,False,SOFT,7.0,False,Mercedes,0 days 01:14:00.181000,2019-10-11 06:01:48.664,1,,False,,False,True,94.732,94.732
445,0 days 01:17:09.613000,HAM,44,0 days 00:01:34.700000,17.0,5.0,,,33.938,42.42,18.342,0 days 01:16:08.851000,0 days 01:16:51.271000,0 days 01:17:09.613000,277.0,293.0,256.0,287.0,False,SOFT,8.0,False,Mercedes,0 days 01:15:34.913000,2019-10-11 06:03:23.396,1,,False,,False,True,94.7,94.7
446,0 days 01:18:44.719000,HAM,44,0 days 00:01:35.106000,18.0,5.0,,,33.881,42.803,18.422,0 days 01:17:43.494000,0 days 01:18:26.297000,0 days 01:18:44.719000,276.0,293.0,256.0,288.0,False,SOFT,9.0,False,Mercedes,0 days 01:17:09.613000,2019-10-11 06:04:58.096,1,,False,,False,True,95.106,95.106
447,0 days 01:20:19.634000,HAM,44,0 days 00:01:34.915000,19.0,5.0,,,33.797,42.616,18.502,0 days 01:19:18.516000,0 days 01:20:01.132000,0 days 01:20:19.634000,276.0,297.0,259.0,294.0,False,SOFT,10.0,False,Mercedes,0 days 01:18:44.719000,2019-10-11 06:06:33.202,1,,False,,False,True,94.915,94.91499999999999
448,0 days 01:21:57.254000,HAM,44,0 days 00:01:37.620000,20.0,5.0,,,35.128,43.641,18.851,0 days 01:20:54.762000,0 days 01:21:38.403000,0 days 01:21:57.254000,279.0,303.0,262.0,292.0,False,SOFT,11.0,False,Mercedes,0 days 01:20:19.634000,2019-10-11 06:08:08.117,1,,False,,False,True,97.62,97.62
449,0 days 01:23:31.896000,HAM,44,0 days 00:01:34.642000,21.0,5.0,,,33.545,42.758,18.339,0 days 01:22:30.799000,0 days 01:23:13.557000,0 days 01:23:31.896000,277.0,296.0,256.0,292.0,False,SOFT,12.0,False,Mercedes,0 days 01:21:57.254000,2019-10-11 06:09:45.737,1,,False,,False,True,94.642,94.642
450,0 days 01:25:07.133000,HAM,44,0 days 00:01:35.237000,22.0,5.0,,,34.045,42.755,18.437,0 days 01:24:05.941000,0 days 01:24:48.696000,0 days 01:25:07.133000,278.0,296.0,256.0,294.0,False,SOFT,13.0,False,Mercedes,0 days 01:23:31.896000,2019-10-11 06:11:20.379,1,,False,,False,True,95.237,95.23700000000001
451,0 days 01:26:46.082000,HAM,44,0 days 00:01:38.949000,23.0,5.0,,,34.094,45.742,19.113,0 days 01:25:41.227000,0 days 01:26:26.969000,0 days 01:26:46.082000,276.0,291.0,257.0,269.0,False,SOFT,14.0,False,Mercedes,0 days 01:25:07.133000,2019-10-11 06:12:55.616,1,,False,,False,True,98.949,98.949
452,0 days 01:28:21.084000,HAM,44,0 days 00:01:35.002000,24.0,5.0,,,34.033,42.702,18.267,0 days 01:27:20.115000,0 days 01:28:02.817000,0 days 01:28:21.084000,274.0,294.0,256.0,290.0,False,SOFT,15.0,False,Mercedes,0 days 01:26:46.082000,2019-10-11 06:14:34.565,1,,False,,False,True,95.002,95.002
453,0 days 01:29:55.902000,HAM,44,0 days 00:01:34.818000,25.0,5.0,,,33.918,42.599,18.301,0 days 01:28:55.002000,0 days 01:29:37.601000,0 days 01:29:55.902000,273.0,295.0,256.0,292.0,False,SOFT,16.0,False,Mercedes,0 days 01:28:21.084000,2019-10-11 06:16:09.567,1,,False,,False,True,94.818,94.818
454,0 days 01:31:30.850000,HAM,44,0 days 00:01:34.948000,26.0,5.0,,,33.924,42.666,18.358,0 days 01:30:29.826000,0 days 01:31:12.492000,0 days 01:31:30.850000,272.0,296.0,256.0,293.0,False,SOFT,17.0,False,Mercedes,0 days 01:29:55.902000,2019-10-11 06:17:44.385,1,,False,,False,True,94.948,94.94800000000001
455,0 days 01:33:06.383000,HAM,44,0 days 00:01:35.533000,27.0,5.0,,,34.028,42.994,18.511,0 days 01:32:04.878000,0 days 01:32:47.872000,0 days 01:33:06.383000,274.0,291.0,254.0,291.0,False,SOFT,18.0,False,Mercedes,0 days 01:31:30.850000,2019-10-11 06:19:19.333,1,,False,,False,True,95.533,95.53299999999999
456,0 days 01:34:45.553000,HAM,44,0 days 00:01:39.170000,28.0,5.0,,0 days 01:34:44.201000,34.288,43.468,21.414,0 days 01:33:40.671000,0 days 01:34:24.139000,0 days 01:34:45.553000,277.0,294.0,,288.0,False,SOFT,19.0,False,Mercedes,0 days 01:33:06.383000,2019-10-11 06:20:54.866,1,,False,,False,False,99.17,99.17
457,0 days 01:36:51.057000,HAM,44,0 days 00:02:05.504000,29.0,6.0,0 days 01:35:18.066000,,64.934,42.101,18.469,0 days 01:35:50.487000,0 days 01:36:32.588000,0 days 01:36:51.057000,279.0,307.0,263.0,295.0,False,MEDIUM,7.0,False,Mercedes,0 days 01:34:45.553000,2019-10-11 06:22:34.036,1,,False,,False,False,125.504,125.50399999999999
458,0 days 01:38:24.930000,HAM,44,0 days 00:01:33.873000,30.0,6.0,,,32.905,42.237,18.731,0 days 01:37:23.962000,0 days 01:38:06.199000,0 days 01:38:24.930000,275.0,292.0,257.0,289.0,False,MEDIUM,8.0,False,Mercedes,0 days 01:36:51.057000,2019-10-11 06:24:39.540,1,,False,,False,True,93.873,93.87299999999999
459,0 days 01:40:02.772000,HAM,44,0 days 00:01:37.842000,31.0,6.0,,,33.585,42.344,21.913,0 days 01:38:58.515000,0 days 01:39:40.859000,0 days 01:40:02.772000,275.0,295.0,257.0,277.0,False,MEDIUM,9.0,False,Mercedes,0 days 01:38:24.930000,2019-10-11 06:26:13.413,1,,False,,False,True,97.842,97.842
460,0 days 01:41:36.955000,HAM,44,0 days 00:01:34.183000,32.0,6.0,,,33.51,42.474,18.199,0 days 01:40:36.282000,0 days 01:41:18.756000,0 days 01:41:36.955000,274.0,294.0,256.0,293.0,False,MEDIUM,10.0,False,Mercedes,0 days 01:40:02.772000,2019-10-11 06:27:51.255,1,,False,,False,True,94.183,94.18299999999999
461,0 days 01:43:11.699000,HAM,44,0 days 00:01:34.744000,33.0,6.0,,,33.846,42.591,18.307,0 days 01:42:10.801000,0 days 01:42:53.392000,0 days 01:43:11.699000,274.0,291.0,255.0,290.0,False,MEDIUM,11.0,False,Mercedes,0 days 01:41:36.955000,2019-10-11 06:29:25.438,1,,False,,False,True,94.744,94.744
462,0 days 01:45:16.601000,HAM,44,0 days 00:02:04.902000,34.0,6.0,,0 days 01:45:15.221000,44.464,55.142,25.296,0 days 01:43:56.163000,0 days 01:44:51.305000,0 days 01:45:16.601000,201.0,226.0,,229.0,False,MEDIUM,12.0,False,Mercedes,0 days 01:43:11.699000,2019-10-11 06:31:00.182,1,,False,,False,False,124.902,124.90199999999999
463,0 days 00:18:51.312000,SAI,55,,1.0,1.0,0 days 00:16:37.936000,,,48.19,31.178,,0 days 00:18:20.413000,0 days 00:18:51.475000,244.0,277.0,271.0,240.0,False,SOFT,1.0,True,McLaren,0 days 00:16:37.936000,2019-10-11 05:04:26.419,1,,False,,False,False,,
464,0 days 00:20:21.281000,SAI,55,0 days 00:01:29.969000,2.0,1.0,,,31.25,40.52,18.199,0 days 00:19:22.562000,0 days 00:20:03.082000,0 days 00:20:21.281000,286.0,301.0,264.0,287.0,True,SOFT,2.0,True,McLaren,0 days 00:18:51.312000,2019-10-11 05:06:39.795,1,,False,,False,True,89.969,89.96900000000001
465,0 days 00:22:21.808000,SAI,55,0 days 00:02:00.527000,3.0,1.0,,,41.84,57.522,21.165,0 days 00:21:03.121000,0 days 00:22:00.643000,0 days 00:22:21.808000,220.0,272.0,266.0,258.0,False,SOFT,3.0,True,McLaren,0 days 00:20:21.281000,2019-10-11 05:08:09.764,1,,False,,False,True,120.527,120.52699999999999
466,0 days 00:23:52.479000,SAI,55,0 days 00:01:30.671000,4.0,1.0,,,31.654,41.026,17.991,0 days 00:22:53.462000,0 days 00:23:34.488000,0 days 00:23:52.479000,281.0,301.0,268.0,296.0,False,SOFT,4.0,True,McLaren,0 days 00:22:21.808000,2019-10-11 05:10:10.291,1,,False,,False,True,90.671,90.671
467,0 days 00:25:41.032000,SAI,55,0 days 00:01:48.553000,5.0,1.0,,0 days 00:25:39.668000,39.786,46.634,22.133,0 days 00:24:32.265000,0 days 00:25:18.899000,0 days 00:25:41.032000,249.0,276.0,,261.0,False,SOFT,5.0,True,McLaren,0 days 00:23:52.479000,2019-10-11 05:11:40.962,1,,False,,False,False,108.553,108.553
468,0 days 00:40:59.718000,SAI,55,,6.0,2.0,0 days 00:38:56.450000,,,52.457,29.883,,0 days 00:40:30.872000,0 days 00:40:59.988000,255.0,282.0,272.0,236.0,False,SOFT,1.0,True,McLaren,0 days 00:25:41.032000,2019-10-11 05:13:29.515,12,,False,,False,False,,
469,0 days 00:42:29.407000,SAI,55,0 days 00:01:29.689000,7.0,2.0,,,31.129,40.627,17.933,0 days 00:41:30.847000,0 days 00:42:11.474000,0 days 00:42:29.407000,284.0,305.0,270.0,301.0,True,SOFT,2.0,True,McLaren,0 days 00:40:59.718000,2019-10-11 05:28:48.201,1,,False,,False,True,89.689,89.689
470,0 days 00:44:31.564000,SAI,55,0 days 00:02:02.157000,8.0,2.0,,0 days 00:44:30.409000,42.912,53.177,26.068,0 days 00:43:12.319000,0 days 00:44:05.496000,0 days 00:44:31.564000,216.0,269.0,,236.0,False,SOFT,3.0,True,McLaren,0 days 00:42:29.407000,2019-10-11 05:30:17.890,1,,False,,False,False,122.157,122.157
471,0 days 01:02:53.495000,SAI,55,,9.0,3.0,0 days 01:00:59.766000,,,51.023,20.76,,0 days 01:02:32.924000,0 days 01:02:53.935000,259.0,275.0,272.0,228.0,False,SOFT,1.0,True,McLaren,0 days 00:44:31.564000,2019-10-11 05:32:20.047,1,,False,,False,False,,
472,0 days 01:04:22.546000,SAI,55,0 days 00:01:29.051000,10.0,3.0,,,30.996,40.163,17.892,0 days 01:03:24.491000,0 days 01:04:04.654000,0 days 01:04:22.546000,285.0,300.0,268.0,291.0,True,SOFT,2.0,True,McLaren,0 days 01:02:53.495000,2019-10-11 05:50:41.978,1,,False,,False,True,89.051,89.05099999999999
473,0 days 01:06:21.575000,SAI,55,0 days 00:01:59.029000,11.0,3.0,,0 days 01:06:20.424000,41.931,52.195,24.903,0 days 01:05:04.477000,0 days 01:05:56.672000,0 days 01:06:21.575000,243.0,263.0,,241.0,False,SOFT,3.0,True,McLaren,0 days 01:04:22.546000,2019-10-11 05:52:11.029,1,,False,,False,False,119.029,119.029
474,0 days 01:17:16.220000,SAI,55,,12.0,4.0,0 days 01:15:08.295000,,,50.52,18.976,,0 days 01:16:57.330000,0 days 01:17:16.462000,259.0,295.0,259.0,270.0,False,SOFT,4.0,False,McLaren,0 days 01:06:21.575000,2019-10-11 05:54:10.058,1,,False,,False,False,,
475,0 days 01:18:51.507000,SAI,55,0 days 00:01:35.287000,13.0,4.0,,,34.367,42.603,18.317,0 days 01:17:50.587000,0 days 01:18:33.190000,0 days 01:18:51.507000,271.0,297.0,258.0,286.0,False,SOFT,5.0,False,McLaren,0 days 01:17:16.220000,2019-10-11 06:05:04.703,1,,False,,False,True,95.287,95.287
476,0 days 01:20:27.194000,SAI,55,0 days 00:01:35.687000,14.0,4.0,,,34.397,42.807,18.483,0 days 01:19:25.904000,0 days 01:20:08.711000,0 days 01:20:27.194000,272.0,297.0,258.0,286.0,False,SOFT,6.0,False,McLaren,0 days 01:18:51.507000,2019-10-11 06:06:39.990,1,,False,,False,True,95.687,95.68700000000001
477,0 days 01:22:02.807000,SAI,55,0 days 00:01:35.613000,15.0,4.0,,,34.403,42.843,18.367,0 days 01:21:01.597000,0 days 01:21:44.440000,0 days 01:22:02.807000,272.0,300.0,258.0,288.0,False,SOFT,7.0,False,McLaren,0 days 01:20:27.194000,2019-10-11 06:08:15.677,1,,False,,False,True,95.613,95.61300000000001
478,0 days 01:23:38.540000,SAI,55,0 days 00:01:35.733000,16.0,4.0,,,34.453,42.834,18.446,0 days 01:22:37.260000,0 days 01:23:20.094000,0 days 01:23:38.540000,274.0,301.0,260.0,291.0,False,SOFT,8.0,False,McLaren,0 days 01:22:02.807000,2019-10-11 06:09:51.290,1,,False,,False,True,95.733,95.733
479,0 days 01:25:15.399000,SAI,55,0 days 00:01:36.859000,17.0,4.0,,,34.749,43.233,18.877,0 days 01:24:13.289000,0 days 01:24:56.522000,0 days 01:25:15.399000,272.0,303.0,261.0,291.0,False,SOFT,9.0,False,McLaren,0 days 01:23:38.540000,2019-10-11 06:11:27.023,1,,False,,False,True,96.859,96.859
480,0 days 01:26:51.605000,SAI,55,0 days 00:01:36.206000,18.0,4.0,,,34.413,43.183,18.61,0 days 01:25:49.812000,0 days 01:26:32.995000,0 days 01:26:51.605000,270.0,298.0,258.0,286.0,False,SOFT,10.0,False,McLaren,0 days 01:25:15.399000,2019-10-11 06:13:03.882,1,,False,,False,True,96.206,96.206
481,0 days 01:28:27.612000,SAI,55,0 days 00:01:36.007000,19.0,4.0,,,34.435,43.026,18.546,0 days 01:27:26.040000,0 days 01:28:09.066000,0 days 01:28:27.612000,269.0,297.0,258.0,285.0,False,SOFT,11.0,False,McLaren,0 days 01:26:51.605000,2019-10-11 06:14:40.088,1,,False,,False,True,96.007,96.007
482,0 days 01:30:03.644000,SAI,55,0 days 00:01:36.032000,20.0,4.0,,,34.456,42.971,18.605,0 days 01:29:02.068000,0 days 01:29:45.039000,0 days 01:30:03.644000,270.0,297.0,259.0,285.0,False,SOFT,12.0,False,McLaren,0 days 01:28:27.612000,2019-10-11 06:16:16.095,1,,False,,False,True,96.032,96.032
483,0 days 01:31:39.536000,SAI,55,0 days 00:01:35.892000,21.0,4.0,,,34.396,43.037,18.459,0 days 01:30:38.040000,0 days 01:31:21.077000,0 days 01:31:39.536000,270.0,297.0,258.0,288.0,False,SOFT,13.0,False,McLaren,0 days 01:30:03.644000,2019-10-11 06:17:52.127,1,,False,,False,True,95.892,95.892
484,0 days 01:33:15.582000,SAI,55,0 days 00:01:36.046000,22.0,4.0,,,34.543,43.011,18.492,0 days 01:32:14.079000,0 days 01:32:57.090000,0 days 01:33:15.582000,270.0,296.0,258.0,286.0,False,SOFT,14.0,False,McLaren,0 days 01:31:39.536000,2019-10-11 06:19:28.019,1,,False,,False,True,96.046,96.046
485,0 days 01:34:52.060000,SAI,55,0 days 00:01:36.478000,23.0,4.0,,,34.586,43.227,18.665,0 days 01:33:50.168000,0 days 01:34:33.395000,0 days 01:34:52.060000,270.0,296.0,257.0,288.0,False,SOFT,15.0,False,McLaren,0 days 01:33:15.582000,2019-10-11 06:21:04.065,1,,False,,False,True,96.478,96.47799999999998
486,0 days 01:36:30.402000,SAI,55,0 days 00:01:38.342000,24.0,4.0,,0 days 01:36:29.945000,34.499,42.937,20.906,0 days 01:35:26.559000,0 days 01:36:09.496000,0 days 01:36:30.402000,270.0,296.0,,286.0,False,SOFT,16.0,False,McLaren,0 days 01:34:52.060000,2019-10-11 06:22:40.543,1,,False,,False,False,98.342,98.34200000000001
487,0 days 01:38:52.214000,SAI,55,0 days 00:02:21.812000,25.0,5.0,0 days 01:36:58.959000,,80.755,42.865,18.192,0 days 01:37:51.157000,0 days 01:38:34.022000,0 days 01:38:52.214000,272.0,299.0,265.0,288.0,False,MEDIUM,6.0,False,McLaren,0 days 01:36:30.402000,2019-10-11 06:24:18.885,1,,False,,False,False,141.812,141.812
488,0 days 01:40:28.564000,SAI,55,0 days 00:01:36.350000,26.0,5.0,,,34.376,43.025,18.949,0 days 01:39:26.590000,0 days 01:40:09.615000,0 days 01:40:28.564000,273.0,313.0,260.0,285.0,False,MEDIUM,7.0,False,McLaren,0 days 01:38:52.214000,2019-10-11 06:26:40.697,1,,False,,False,True,96.35,96.35
489,0 days 01:42:03.240000,SAI,55,0 days 00:01:34.676000,27.0,5.0,,,33.954,42.405,18.317,0 days 01:41:02.518000,0 days 01:41:44.923000,0 days 01:42:03.240000,270.0,297.0,259.0,285.0,False,MEDIUM,8.0,False,McLaren,0 days 01:40:28.564000,2019-10-11 06:28:17.047,1,,False,,False,True,94.676,94.67600000000002
490,0 days 01:43:38.074000,SAI,55,0 days 00:01:34.834000,28.0,5.0,,,34.003,42.596,18.235,0 days 01:42:37.243000,0 days 01:43:19.839000,0 days 01:43:38.074000,270.0,296.0,260.0,286.0,False,MEDIUM,9.0,False,McLaren,0 days 01:42:03.240000,2019-10-11 06:29:51.723,1,,False,,False,True,94.834,94.83399999999999
491,0 days 01:45:22.930000,SAI,55,0 days 00:01:44.856000,29.0,5.0,,0 days 01:45:22.029000,33.999,48.613,22.244,0 days 01:44:12.073000,0 days 01:45:00.686000,0 days 01:45:22.930000,272.0,244.0,,259.0,False,MEDIUM,10.0,False,McLaren,0 days 01:43:38.074000,2019-10-11 06:31:26.557,1,,False,,False,False,104.856,104.856
492,0 days 00:14:26.932000,RUS,63,,1.0,1.0,0 days 00:12:40.423000,0 days 00:14:26.944000,,46.197,22.638,,0 days 00:14:04.294000,0 days 00:14:27.039000,265.0,290.0,,287.0,False,HARD,3.0,False,Williams,0 days 00:12:40.423000,2019-10-11 05:00:28.906,1,,False,,False,False,,
493,0 days 00:21:32.107000,RUS,63,,2.0,2.0,0 days 00:19:47.407000,,,47.076,20.107,,0 days 00:21:12.168000,0 days 00:21:32.275000,269.0,273.0,265.0,274.0,False,SOFT,1.0,True,Williams,0 days 00:14:26.932000,2019-10-11 05:02:15.415,1,,False,,False,False,,
494,0 days 00:23:04.726000,RUS,63,0 days 00:01:32.619000,3.0,2.0,,,32.596,41.727,18.296,0 days 00:22:04.703000,0 days 00:22:46.430000,0 days 00:23:04.726000,279.0,295.0,264.0,293.0,True,SOFT,2.0,True,Williams,0 days 00:21:32.107000,2019-10-11 05:09:20.590,1,,False,,False,True,92.619,92.619
495,0 days 00:25:04.140000,RUS,63,0 days 00:01:59.414000,4.0,2.0,,,45.481,53.235,20.698,0 days 00:23:50.207000,0 days 00:24:43.442000,0 days 00:25:04.140000,190.0,278.0,263.0,240.0,False,SOFT,3.0,True,Williams,0 days 00:23:04.726000,2019-10-11 05:10:53.209,1,,False,,False,True,119.414,119.41400000000002
496,0 days 00:26:36.529000,RUS,63,0 days 00:01:32.389000,5.0,2.0,,,32.505,41.599,18.285,0 days 00:25:36.645000,0 days 00:26:18.244000,0 days 00:26:36.529000,279.0,294.0,263.0,291.0,True,SOFT,4.0,True,Williams,0 days 00:25:04.140000,2019-10-11 05:12:52.623,1,,False,,False,True,92.389,92.389
497,0 days 00:28:36.945000,RUS,63,0 days 00:02:00.416000,6.0,2.0,,,46.689,51.104,22.623,0 days 00:27:23.218000,0 days 00:28:14.322000,0 days 00:28:36.945000,192.0,278.0,264.0,200.0,False,SOFT,5.0,True,Williams,0 days 00:26:36.529000,2019-10-11 05:14:25.012,1,,False,,False,True,120.416,120.41600000000001
498,0 days 00:30:09.940000,RUS,63,0 days 00:01:32.995000,7.0,2.0,,,32.653,41.725,18.617,0 days 00:29:09.598000,0 days 00:29:51.323000,0 days 00:30:09.940000,279.0,294.0,261.0,291.0,False,SOFT,6.0,True,Williams,0 days 00:28:36.945000,2019-10-11 05:16:25.428,1,,False,,False,True,92.995,92.995
499,0 days 00:32:10.606000,RUS,63,0 days 00:02:00.666000,8.0,2.0,,0 days 00:32:10.622000,39.626,57.805,23.235,0 days 00:30:49.566000,0 days 00:31:47.371000,0 days 00:32:10.606000,261.0,234.0,,238.0,False,SOFT,7.0,True,Williams,0 days 00:30:09.940000,2019-10-11 05:17:58.423,1,,False,,False,False,120.666,120.666
500,0 days 00:42:33.387000,RUS,63,,9.0,3.0,0 days 00:40:40.749000,,,50.57,24.125,,0 days 00:42:09.287000,0 days 00:42:34.321000,183.0,282.0,267.0,228.0,False,SOFT,1.0,True,Williams,0 days 00:32:10.606000,2019-10-11 05:19:59.089,12,,False,,False,False,,
501,0 days 00:44:23.487000,RUS,63,0 days 00:01:50.100000,10.0,3.0,,,38.656,50.379,21.065,0 days 00:43:12.043000,0 days 00:44:02.422000,0 days 00:44:23.487000,211.0,278.0,267.0,233.0,False,SOFT,2.0,True,Williams,0 days 00:42:33.387000,2019-10-11 05:30:21.870,1,,False,,False,True,110.1,110.1
502,0 days 00:45:55.108000,RUS,63,0 days 00:01:31.621000,11.0,3.0,,,32.19,41.251,18.18,0 days 00:44:55.677000,0 days 00:45:36.928000,0 days 00:45:55.108000,280.0,295.0,266.0,291.0,True,SOFT,3.0,True,Williams,0 days 00:44:23.487000,2019-10-11 05:32:11.970,1,,False,,False,True,91.621,91.62100000000001
503,0 days 00:48:00.309000,RUS,63,0 days 00:02:05.201000,12.0,3.0,,,45.418,57.358,22.425,0 days 00:46:40.526000,0 days 00:47:37.884000,0 days 00:48:00.309000,203.0,266.0,268.0,206.0,False,SOFT,4.0,True,Williams,0 days 00:45:55.108000,2019-10-11 05:33:43.591,1,,False,,False,True,125.201,125.201
504,0 days 00:49:38.508000,RUS,63,0 days 00:01:38.199000,13.0,3.0,,0 days 00:49:37.189000,32.369,42.672,23.158,0 days 00:48:32.678000,0 days 00:49:15.350000,0 days 00:49:38.508000,280.0,281.0,,269.0,False,SOFT,5.0,True,Williams,0 days 00:48:00.309000,2019-10-11 05:35:48.792,1,,False,,False,False,98.199,98.199
505,0 days 00:58:28.503000,RUS,63,,14.0,4.0,0 days 00:56:36.364000,,,48.461,26.327,,0 days 00:58:02.234000,0 days 00:58:28.669000,268.0,126.0,267.0,163.0,False,SOFT,1.0,True,Williams,0 days 00:49:38.508000,2019-10-11 05:37:26.991,1,,False,,False,False,,
506,0 days 00:59:59.574000,RUS,63,0 days 00:01:31.071000,15.0,4.0,,,32.036,40.96,18.075,0 days 00:59:00.539000,0 days 00:59:41.499000,0 days 00:59:59.574000,282.0,296.0,266.0,291.0,True,SOFT,2.0,True,Williams,0 days 00:58:28.503000,2019-10-11 05:46:16.986,1,,False,,False,True,91.071,91.07100000000001
507,0 days 01:02:13.922000,RUS,63,0 days 00:02:14.348000,16.0,4.0,,,49.44,55.532,29.376,0 days 01:00:49.014000,0 days 01:01:44.546000,0 days 01:02:13.922000,182.0,191.0,267.0,145.0,False,SOFT,3.0,True,Williams,0 days 00:59:59.574000,2019-10-11 05:47:48.057,1,,False,,False,True,134.348,134.34799999999998
508,0 days 01:03:54.174000,RUS,63,0 days 00:01:40.252000,17.0,4.0,,0 days 01:03:52.589000,33.251,44.474,22.527,0 days 01:02:47.173000,0 days 01:03:31.647000,0 days 01:03:54.174000,259.0,279.0,,276.0,False,SOFT,4.0,True,Williams,0 days 01:02:13.922000,2019-10-11 05:50:02.405,1,,False,,False,False,100.252,100.252
509,0 days 01:14:30.880000,RUS,63,,18.0,5.0,0 days 01:12:43.925000,,,44.26,19.336,,0 days 01:14:11.733000,0 days 01:14:31.096000,263.0,286.0,251.0,280.0,False,SOFT,8.0,False,Williams,0 days 01:03:54.174000,2019-10-11 05:51:42.657,1,,False,,False,False,,
510,0 days 01:16:08.924000,RUS,63,0 days 00:01:38.044000,19.0,5.0,,,35.412,43.579,19.053,0 days 01:15:06.292000,0 days 01:15:49.871000,0 days 01:16:08.924000,268.0,289.0,252.0,282.0,False,SOFT,9.0,False,Williams,0 days 01:14:30.880000,2019-10-11 06:02:19.363,1,,False,,False,True,98.044,98.044
511,0 days 01:17:46.803000,RUS,63,0 days 00:01:37.879000,20.0,5.0,,,35.294,43.663,18.922,0 days 01:16:44.218000,0 days 01:17:27.881000,0 days 01:17:46.803000,269.0,291.0,254.0,284.0,False,SOFT,10.0,False,Williams,0 days 01:16:08.924000,2019-10-11 06:03:57.407,1,,False,,False,True,97.879,97.87899999999999
512,0 days 01:19:24.808000,RUS,63,0 days 00:01:38.005000,21.0,5.0,,,35.415,43.63,18.96,0 days 01:18:22.218000,0 days 01:19:05.848000,0 days 01:19:24.808000,273.0,291.0,254.0,287.0,False,SOFT,11.0,False,Williams,0 days 01:17:46.803000,2019-10-11 06:05:35.286,1,,False,,False,True,98.005,98.005
513,0 days 01:21:02.990000,RUS,63,0 days 00:01:38.182000,22.0,5.0,,,35.304,43.781,19.097,0 days 01:20:00.112000,0 days 01:20:43.893000,0 days 01:21:02.990000,271.0,290.0,253.0,287.0,False,SOFT,12.0,False,Williams,0 days 01:19:24.808000,2019-10-11 06:07:13.291,1,,False,,False,True,98.182,98.18200000000002
514,0 days 01:22:41.629000,RUS,63,0 days 00:01:38.639000,23.0,5.0,,,35.668,43.784,19.187,0 days 01:21:38.658000,0 days 01:22:22.442000,0 days 01:22:41.629000,271.0,290.0,252.0,288.0,False,SOFT,13.0,False,Williams,0 days 01:21:02.990000,2019-10-11 06:08:51.473,1,,False,,False,True,98.639,98.639
515,0 days 01:24:20.428000,RUS,63,0 days 00:01:38.799000,24.0,5.0,,,35.365,44.428,19.006,0 days 01:23:16.994000,0 days 01:24:01.422000,0 days 01:24:20.428000,273.0,289.0,253.0,288.0,False,SOFT,14.0,False,Williams,0 days 01:22:41.629000,2019-10-11 06:10:30.112,1,,False,,False,True,98.799,98.799
516,0 days 01:25:59.440000,RUS,63,0 days 00:01:39.012000,25.0,5.0,,,35.261,44.76,18.991,0 days 01:24:55.689000,0 days 01:25:40.449000,0 days 01:25:59.440000,270.0,293.0,253.0,291.0,False,SOFT,15.0,False,Williams,0 days 01:24:20.428000,2019-10-11 06:12:08.911,1,,False,,False,True,99.012,99.012
517,0 days 01:27:42.116000,RUS,63,0 days 00:01:42.676000,26.0,5.0,,0 days 01:27:40.896000,35.874,44.644,22.158,0 days 01:26:35.314000,0 days 01:27:19.958000,0 days 01:27:42.116000,270.0,294.0,,291.0,False,SOFT,16.0,False,Williams,0 days 01:25:59.440000,2019-10-11 06:13:47.923,1,,False,,False,False,102.676,102.676
518,0 days 01:29:42.751000,RUS,63,0 days 00:02:00.635000,27.0,6.0,0 days 01:28:04.942000,,57.178,44.264,19.193,0 days 01:28:39.294000,0 days 01:29:23.558000,0 days 01:29:42.751000,274.0,295.0,253.0,291.0,False,HARD,4.0,False,Williams,0 days 01:27:42.116000,2019-10-11 06:15:30.599,1,,False,,False,False,120.635,120.635
519,0 days 01:31:19.533000,RUS,63,0 days 00:01:36.782000,28.0,6.0,,,34.679,43.131,18.972,0 days 01:30:17.430000,0 days 01:31:00.561000,0 days 01:31:19.533000,269.0,290.0,253.0,283.0,False,HARD,5.0,False,Williams,0 days 01:29:42.751000,2019-10-11 06:17:31.234,1,,False,,False,True,96.782,96.78200000000001
520,0 days 01:32:56.372000,RUS,63,0 days 00:01:36.839000,29.0,6.0,,,34.657,43.326,18.856,0 days 01:31:54.190000,0 days 01:32:37.516000,0 days 01:32:56.372000,272.0,290.0,254.0,288.0,False,HARD,6.0,False,Williams,0 days 01:31:19.533000,2019-10-11 06:19:08.016,1,,False,,False,True,96.839,96.839
521,0 days 01:34:33.122000,RUS,63,0 days 00:01:36.750000,30.0,6.0,,,34.757,43.163,18.83,0 days 01:33:31.129000,0 days 01:34:14.292000,0 days 01:34:33.122000,272.0,293.0,257.0,287.0,False,HARD,7.0,False,Williams,0 days 01:32:56.372000,2019-10-11 06:20:44.855,1,,False,,False,True,96.75,96.74999999999999
522,0 days 01:36:12.951000,RUS,63,0 days 00:01:39.829000,31.0,6.0,,,35.239,44.535,20.055,0 days 01:35:08.361000,0 days 01:35:52.896000,0 days 01:36:12.951000,272.0,296.0,259.0,285.0,False,HARD,8.0,False,Williams,0 days 01:34:33.122000,2019-10-11 06:22:21.605,1,,False,,False,True,99.829,99.82900000000001
523,0 days 01:37:50.391000,RUS,63,0 days 00:01:37.440000,32.0,6.0,,,35.06,43.391,18.989,0 days 01:36:48.011000,0 days 01:37:31.402000,0 days 01:37:50.391000,269.0,294.0,258.0,282.0,False,HARD,9.0,False,Williams,0 days 01:36:12.951000,2019-10-11 06:24:01.434,1,,False,,False,True,97.44,97.44
524,0 days 01:39:28.524000,RUS,63,0 days 00:01:38.133000,33.0,6.0,,,34.96,43.827,19.346,0 days 01:38:25.351000,0 days 01:39:09.178000,0 days 01:39:28.524000,268.0,291.0,255.0,284.0,False,HARD,10.0,False,Williams,0 days 01:37:50.391000,2019-10-11 06:25:38.874,1,,False,,False,True,98.133,98.13300000000001
525,0 days 01:41:06.266000,RUS,63,0 days 00:01:37.742000,34.0,6.0,,,35.21,43.538,18.994,0 days 01:40:03.734000,0 days 01:40:47.272000,0 days 01:41:06.266000,274.0,293.0,255.0,289.0,False,HARD,11.0,False,Williams,0 days 01:39:28.524000,2019-10-11 06:27:17.007,1,,False,,False,True,97.742,97.74199999999999
526,0 days 01:42:44.339000,RUS,63,0 days 00:01:38.073000,35.0,6.0,,,35.419,43.466,19.188,0 days 01:41:41.685000,0 days 01:42:25.151000,0 days 01:42:44.339000,272.0,294.0,255.0,289.0,False,HARD,12.0,False,Williams,0 days 01:41:06.266000,2019-10-11 06:28:54.749,1,,False,,False,True,98.073,98.073
527,0 days 01:44:40.049000,RUS,63,0 days 00:01:55.710000,36.0,6.0,,0 days 01:44:39.907000,39.325,53.089,23.296,0 days 01:43:23.664000,0 days 01:44:16.753000,0 days 01:44:40.049000,212.0,231.0,,238.0,False,HARD,13.0,False,Williams,0 days 01:42:44.339000,2019-10-11 06:30:32.822,1,,False,,False,False,115.71,115.71000000000001
528,0 days 00:19:12.760000,BOT,77,,1.0,1.0,0 days 00:17:19.642000,,,49.541,22.658,,0 days 00:18:50.127000,0 days 00:19:12.921000,262.0,282.0,269.0,275.0,False,MEDIUM,1.0,True,Mercedes,0 days 00:17:19.642000,2019-10-11 05:05:08.125,1,,False,,False,False,,
529,0 days 00:20:42.229000,BOT,77,0 days 00:01:29.469000,2.0,1.0,,,31.349,40.31,17.81,0 days 00:19:44.109000,0 days 00:20:24.419000,0 days 00:20:42.229000,284.0,300.0,266.0,295.0,True,MEDIUM,2.0,True,Mercedes,0 days 00:19:12.760000,2019-10-11 05:07:01.243,1,,False,,False,True,89.469,89.46900000000001
530,0 days 00:22:53.706000,BOT,77,0 days 00:02:11.477000,3.0,1.0,,,45.831,59.97,25.676,0 days 00:21:28.060000,0 days 00:22:28.030000,0 days 00:22:53.706000,143.0,196.0,265.0,184.0,False,MEDIUM,3.0,True,Mercedes,0 days 00:20:42.229000,2019-10-11 05:08:30.712,1,,False,,False,True,131.477,131.477
531,0 days 00:24:23.408000,BOT,77,0 days 00:01:29.702000,4.0,1.0,,,31.389,40.624,17.689,0 days 00:23:25.095000,0 days 00:24:05.719000,0 days 00:24:23.408000,285.0,299.0,266.0,296.0,False,MEDIUM,4.0,True,Mercedes,0 days 00:22:53.706000,2019-10-11 05:10:42.189,1,,False,,False,True,89.702,89.702
532,0 days 00:26:11.342000,BOT,77,0 days 00:01:47.934000,5.0,1.0,,0 days 00:26:10.016000,41.533,44.726,21.675,0 days 00:25:04.941000,0 days 00:25:49.667000,0 days 00:26:11.342000,256.0,286.0,,284.0,False,MEDIUM,5.0,True,Mercedes,0 days 00:24:23.408000,2019-10-11 05:12:11.891,1,,False,,False,False,107.934,107.934
533,0 days 00:40:25.040000,BOT,77,,6.0,2.0,0 days 00:37:43.836000,,,54.462,64.584,,0 days 00:39:20.607000,0 days 00:40:25.149000,246.0,165.0,131.0,199.0,False,SOFT,1.0,True,Mercedes,0 days 00:26:11.342000,2019-10-11 05:13:59.825,12,,False,,False,False,,
534,0 days 00:42:38.033000,BOT,77,0 days 00:02:12.993000,7.0,2.0,,,51.136,55.789,26.068,0 days 00:41:16.176000,0 days 00:42:11.965000,0 days 00:42:38.033000,259.0,222.0,270.0,206.0,False,SOFT,2.0,True,Mercedes,0 days 00:40:25.040000,2019-10-11 05:28:13.523,21,,False,,False,True,132.993,132.99300000000002
535,0 days 00:44:43.071000,BOT,77,0 days 00:02:05.038000,8.0,2.0,,,40.213,57.235,27.59,0 days 00:43:18.246000,0 days 00:44:15.481000,0 days 00:44:43.071000,243.0,134.0,267.0,209.0,False,SOFT,3.0,True,Mercedes,0 days 00:42:38.033000,2019-10-11 05:30:26.516,1,,False,,False,True,125.038,125.03800000000001
536,0 days 00:46:11.445000,BOT,77,0 days 00:01:28.374000,9.0,2.0,,,31.101,39.731,17.542,0 days 00:45:14.172000,0 days 00:45:53.903000,0 days 00:46:11.445000,287.0,307.0,272.0,302.0,True,SOFT,4.0,True,Mercedes,0 days 00:44:43.071000,2019-10-11 05:32:31.554,1,,False,,False,True,88.374,88.374
537,0 days 00:48:13.155000,BOT,77,0 days 00:02:01.710000,10.0,2.0,,0 days 00:48:13.168000,39.745,54.22,27.745,0 days 00:46:51.190000,0 days 00:47:45.410000,0 days 00:48:13.155000,212.0,210.0,,212.0,False,SOFT,5.0,True,Mercedes,0 days 00:46:11.445000,2019-10-11 05:33:59.928,1,,False,,False,False,121.71,121.71000000000001
538,0 days 00:56:20.677000,BOT,77,,11.0,3.0,0 days 00:54:08.931000,,,61.095,25.774,,0 days 00:55:57.604000,0 days 00:56:22.685000,139.0,282.0,269.0,188.0,False,SOFT,1.0,True,Mercedes,0 days 00:48:13.155000,2019-10-11 05:36:01.638,1,,False,,False,False,,
539,0 days 00:57:48.462000,BOT,77,0 days 00:01:27.785000,12.0,3.0,,,30.89,39.524,17.371,0 days 00:56:51.567000,0 days 00:57:31.091000,0 days 00:57:48.462000,288.0,309.0,272.0,305.0,True,SOFT,2.0,True,Mercedes,0 days 00:56:20.677000,2019-10-11 05:44:09.160,1,,False,,False,True,87.785,87.785
540,0 days 00:59:40.690000,BOT,77,0 days 00:01:52.228000,13.0,3.0,,0 days 00:59:40.784000,39.628,49.035,23.565,0 days 00:58:28.090000,0 days 00:59:17.125000,0 days 00:59:40.690000,239.0,279.0,,260.0,False,SOFT,3.0,True,Mercedes,0 days 00:57:48.462000,2019-10-11 05:45:36.945,1,,False,,False,False,112.228,112.228
541,0 days 01:13:36.644000,BOT,77,,14.0,4.0,0 days 01:11:13.152000,0 days 01:13:35.286000,,51.364,29.201,,0 days 01:13:07.584000,0 days 01:13:36.924000,143.0,284.0,,232.0,False,SOFT,4.0,False,Mercedes,0 days 00:59:40.690000,2019-10-11 05:47:29.173,1,,False,,False,False,,
542,0 days 01:16:00.750000,BOT,77,0 days 00:02:24.106000,15.0,5.0,0 days 01:13:55.322000,,78.235,45.559,20.312,0 days 01:14:54.879000,0 days 01:15:40.438000,0 days 01:16:00.750000,264.0,282.0,257.0,264.0,False,SOFT,5.0,False,Mercedes,0 days 01:13:36.644000,2019-10-11 06:01:25.127,1,,False,,False,False,144.106,144.106
543,0 days 01:17:35.027000,BOT,77,0 days 00:01:34.277000,16.0,5.0,,,33.809,42.176,18.292,0 days 01:16:34.559000,0 days 01:17:16.735000,0 days 01:17:35.027000,277.0,296.0,257.0,288.0,False,SOFT,6.0,False,Mercedes,0 days 01:16:00.750000,2019-10-11 06:03:49.233,1,,False,,False,True,94.277,94.277
544,0 days 01:19:09.592000,BOT,77,0 days 00:01:34.565000,17.0,5.0,,,33.957,42.333,18.275,0 days 01:18:08.984000,0 days 01:18:51.317000,0 days 01:19:09.592000,278.0,298.0,257.0,290.0,False,SOFT,7.0,False,Mercedes,0 days 01:17:35.027000,2019-10-11 06:05:23.510,1,,False,,False,True,94.565,94.565
545,0 days 01:20:44.427000,BOT,77,0 days 00:01:34.835000,18.0,5.0,,,34.044,42.436,18.355,0 days 01:19:43.636000,0 days 01:20:26.072000,0 days 01:20:44.427000,277.0,298.0,257.0,293.0,False,SOFT,8.0,False,Mercedes,0 days 01:19:09.592000,2019-10-11 06:06:58.075,1,,False,,False,True,94.835,94.835
546,0 days 01:22:19.351000,BOT,77,0 days 00:01:34.924000,19.0,5.0,,,34.152,42.499,18.273,0 days 01:21:18.579000,0 days 01:22:01.078000,0 days 01:22:19.351000,277.0,299.0,257.0,295.0,False,SOFT,9.0,False,Mercedes,0 days 01:20:44.427000,2019-10-11 06:08:32.910,1,,False,,False,True,94.924,94.924
547,0 days 01:23:54.357000,BOT,77,0 days 00:01:35.006000,20.0,5.0,,,34.193,42.516,18.297,0 days 01:22:53.544000,0 days 01:23:36.060000,0 days 01:23:54.357000,278.0,301.0,258.0,300.0,False,SOFT,10.0,False,Mercedes,0 days 01:22:19.351000,2019-10-11 06:10:07.834,1,,False,,False,True,95.006,95.006
548,0 days 01:25:32.013000,BOT,77,0 days 00:01:37.656000,21.0,5.0,,0 days 01:25:30.610000,34.147,42.64,20.869,0 days 01:24:28.504000,0 days 01:25:11.144000,0 days 01:25:32.013000,276.0,301.0,,299.0,False,SOFT,11.0,False,Mercedes,0 days 01:23:54.357000,2019-10-11 06:11:42.840,1,,False,,False,False,97.656,97.656
549,0 days 01:27:26.171000,BOT,77,0 days 00:01:54.158000,22.0,6.0,0 days 01:25:54.785000,,54.135,41.835,18.188,0 days 01:26:26.148000,0 days 01:27:07.983000,0 days 01:27:26.171000,277.0,300.0,261.0,298.0,False,MEDIUM,6.0,False,Mercedes,0 days 01:25:32.013000,2019-10-11 06:13:20.496,1,,False,,False,False,114.158,114.158
550,0 days 01:29:00.193000,BOT,77,0 days 00:01:34.022000,23.0,6.0,,,33.668,42.165,18.189,0 days 01:27:59.839000,0 days 01:28:42.004000,0 days 01:29:00.193000,276.0,300.0,256.0,298.0,False,MEDIUM,7.0,False,Mercedes,0 days 01:27:26.171000,2019-10-11 06:15:14.654,1,,False,,False,True,94.022,94.02199999999999
551,0 days 01:30:35.644000,BOT,77,0 days 00:01:35.451000,24.0,6.0,,,34.089,42.764,18.598,0 days 01:29:34.282000,0 days 01:30:17.046000,0 days 01:30:35.644000,267.0,297.0,257.0,290.0,False,MEDIUM,8.0,False,Mercedes,0 days 01:29:00.193000,2019-10-11 06:16:48.676,1,,False,,False,True,95.451,95.45100000000001
552,0 days 01:32:10.249000,BOT,77,0 days 00:01:34.605000,25.0,6.0,,,33.934,42.469,18.202,0 days 01:31:09.578000,0 days 01:31:52.047000,0 days 01:32:10.249000,275.0,298.0,258.0,299.0,False,MEDIUM,9.0,False,Mercedes,0 days 01:30:35.644000,2019-10-11 06:18:24.127,1,,False,,False,True,94.605,94.60499999999999
553,0 days 01:33:54.658000,BOT,77,0 days 00:01:44.409000,26.0,6.0,,,34.295,46.42,23.694,0 days 01:32:44.544000,0 days 01:33:30.964000,0 days 01:33:54.658000,278.0,271.0,256.0,197.0,False,MEDIUM,10.0,False,Mercedes,0 days 01:32:10.249000,2019-10-11 06:19:58.732,1,,False,,False,True,104.409,104.409
554,0 days 01:35:29.023000,BOT,77,0 days 00:01:34.365000,27.0,6.0,,,33.757,42.316,18.292,0 days 01:34:28.415000,0 days 01:35:10.731000,0 days 01:35:29.023000,278.0,295.0,256.0,293.0,False,MEDIUM,11.0,False,Mercedes,0 days 01:33:54.658000,2019-10-11 06:21:43.141,1,,False,,False,True,94.365,94.36500000000001
555,0 days 01:37:03.853000,BOT,77,0 days 00:01:34.830000,28.0,6.0,,,33.953,42.621,18.256,0 days 01:36:02.976000,0 days 01:36:45.597000,0 days 01:37:03.853000,274.0,295.0,258.0,292.0,False,MEDIUM,12.0,False,Mercedes,0 days 01:35:29.023000,2019-10-11 06:23:17.506,1,,False,,False,True,94.83,94.83000000000001
556,0 days 01:38:38.570000,BOT,77,0 days 00:01:34.717000,29.0,6.0,,,34.002,42.46,18.255,0 days 01:37:37.855000,0 days 01:38:20.315000,0 days 01:38:38.570000,277.0,295.0,258.0,295.0,False,MEDIUM,13.0,False,Mercedes,0 days 01:37:03.853000,2019-10-11 06:24:52.336,1,,False,,False,True,94.717,94.717
557,0 days 01:40:13.191000,BOT,77,0 days 00:01:34.621000,30.0,6.0,,,33.812,42.51,18.299,0 days 01:39:12.382000,0 days 01:39:54.892000,0 days 01:40:13.191000,274.0,296.0,257.0,296.0,False,MEDIUM,14.0,False,Mercedes,0 days 01:38:38.570000,2019-10-11 06:26:27.053,1,,False,,False,True,94.621,94.62100000000001
558,0 days 01:41:47.886000,BOT,77,0 days 00:01:34.695000,31.0,6.0,,,33.937,42.492,18.266,0 days 01:40:47.128000,0 days 01:41:29.620000,0 days 01:41:47.886000,277.0,296.0,257.0,296.0,False,MEDIUM,15.0,False,Mercedes,0 days 01:40:13.191000,2019-10-11 06:28:01.674,1,,False,,False,True,94.695,94.695
559,0 days 01:43:22.421000,BOT,77,0 days 00:01:34.535000,32.0,6.0,,,33.891,42.458,18.186,0 days 01:42:21.777000,0 days 01:43:04.235000,0 days 01:43:22.421000,278.0,297.0,257.0,298.0,False,MEDIUM,16.0,False,Mercedes,0 days 01:41:47.886000,2019-10-11 06:29:36.369,1,,False,,False,True,94.535,94.535
560,0 days 01:45:38.599000,BOT,77,0 days 00:02:16.178000,33.0,6.0,,0 days 01:45:37.350000,41.598,61.726,32.854,0 days 01:44:04.019000,0 days 01:45:05.745000,0 days 01:45:38.599000,235.0,135.0,,167.0,False,MEDIUM,17.0,False,Mercedes,0 days 01:43:22.421000,2019-10-11 06:31:10.904,1,,False,,False,False,136.178,136.178
561,0 days 00:28:17.949000,KUB,88,,1.0,1.0,0 days 00:26:31.003000,,,48.081,21.909,,0 days 00:27:56.066000,0 days 00:28:19.183000,268.0,272.0,264.0,223.0,False,SOFT,1.0,True,Williams,0 days 00:26:31.003000,2019-10-11 05:14:19.486,1,,False,,False,False,,
562,0 days 00:29:50.831000,KUB,88,0 days 00:01:32.882000,2.0,1.0,,,32.727,41.659,18.496,0 days 00:28:50.676000,0 days 00:29:32.335000,0 days 00:29:50.831000,278.0,293.0,262.0,291.0,True,SOFT,2.0,True,Williams,0 days 00:28:17.949000,2019-10-11 05:16:06.432,1,,False,,False,True,92.882,92.88199999999999
563,0 days 00:31:59.381000,KUB,88,0 days 00:02:08.550000,3.0,1.0,,,48.102,57.677,22.771,0 days 00:30:38.933000,0 days 00:31:36.610000,0 days 00:31:59.381000,144.0,167.0,265.0,223.0,False,SOFT,3.0,True,Williams,0 days 00:29:50.831000,2019-10-11 05:17:39.314,1,,False,,False,True,128.55,128.55
564,0 days 00:33:31.988000,KUB,88,0 days 00:01:32.607000,4.0,1.0,,,32.622,41.681,18.304,0 days 00:32:32.003000,0 days 00:33:13.684000,0 days 00:33:31.988000,279.0,293.0,262.0,291.0,True,SOFT,4.0,True,Williams,0 days 00:31:59.381000,2019-10-11 05:19:47.864,1,,False,,False,True,92.607,92.607
565,0 days 00:35:39.814000,KUB,88,0 days 00:02:07.826000,5.0,1.0,,,46.88,57.925,23.021,0 days 00:34:18.868000,0 days 00:35:16.793000,0 days 00:35:39.814000,167.0,184.0,264.0,203.0,False,SOFT,5.0,True,Williams,0 days 00:33:31.988000,2019-10-11 05:21:20.471,1,,False,,False,True,127.826,127.82600000000001
566,0 days 00:37:12.971000,KUB,88,0 days 00:01:33.157000,6.0,1.0,,,32.731,41.933,18.493,0 days 00:36:12.545000,0 days 00:36:54.478000,0 days 00:37:12.971000,279.0,294.0,266.0,293.0,False,SOFT,6.0,True,Williams,0 days 00:35:39.814000,2019-10-11 05:23:28.297,1,,False,,False,True,93.157,93.157
567,0 days 00:39:03.536000,KUB,88,0 days 00:01:50.565000,7.0,1.0,,0 days 00:39:02.044000,41.417,46.059,23.089,0 days 00:37:54.388000,0 days 00:38:40.447000,0 days 00:39:03.536000,255.0,278.0,,233.0,False,SOFT,7.0,True,Williams,0 days 00:37:12.971000,2019-10-11 05:25:01.454,1,,False,,False,False,110.565,110.565
568,0 days 00:47:43.908000,KUB,88,,8.0,2.0,0 days 00:45:55.934000,,,48.826,22.19,,0 days 00:47:21.806000,0 days 00:47:44.148000,261.0,265.0,267.0,198.0,False,SOFT,1.0,True,Williams,0 days 00:39:03.536000,2019-10-11 05:26:52.019,12,,False,,False,False,,
569,0 days 00:49:15.423000,KUB,88,0 days 00:01:31.515000,9.0,2.0,,,31.987,41.35,18.178,0 days 00:48:15.895000,0 days 00:48:57.245000,0 days 00:49:15.423000,280.0,295.0,267.0,293.0,True,SOFT,2.0,True,Williams,0 days 00:47:43.908000,2019-10-11 05:35:32.391,1,,False,,False,True,91.515,91.515
570,0 days 00:51:23.688000,KUB,88,0 days 00:02:08.265000,10.0,2.0,,,46.622,56.221,25.422,0 days 00:50:02.045000,0 days 00:50:58.266000,0 days 00:51:23.688000,231.0,171.0,267.0,189.0,False,SOFT,3.0,True,Williams,0 days 00:49:15.423000,2019-10-11 05:37:03.906,1,,False,,False,True,128.265,128.265
571,0 days 00:52:55.636000,KUB,88,0 days 00:01:31.948000,11.0,2.0,,,32.298,41.455,18.195,0 days 00:51:55.986000,0 days 00:52:37.441000,0 days 00:52:55.636000,280.0,296.0,267.0,293.0,False,SOFT,4.0,True,Williams,0 days 00:51:23.688000,2019-10-11 05:39:12.171,1,,False,,False,True,91.948,91.94800000000001
572,0 days 00:54:40.015000,KUB,88,0 days 00:01:44.379000,12.0,2.0,,0 days 00:54:38.774000,37.213,45.036,22.13,0 days 00:53:32.849000,0 days 00:54:17.885000,0 days 00:54:40.015000,257.0,282.0,,276.0,False,SOFT,5.0,True,Williams,0 days 00:52:55.636000,2019-10-11 05:40:44.119,1,,False,,False,False,104.379,104.37899999999999
573,0 days 01:01:39.417000,KUB,88,,13.0,3.0,0 days 00:59:51.195000,,,48.913,22.345,,0 days 01:01:17.072000,0 days 01:01:41.938000,267.0,274.0,267.0,211.0,False,SOFT,1.0,True,Williams,0 days 00:54:40.015000,2019-10-11 05:42:28.498,1,,False,,False,False,,
574,0 days 01:03:10.333000,KUB,88,0 days 00:01:30.916000,14.0,3.0,,,31.895,40.98,18.041,0 days 01:02:11.312000,0 days 01:02:52.292000,0 days 01:03:10.333000,283.0,296.0,266.0,293.0,True,SOFT,2.0,True,Williams,0 days 01:01:39.417000,2019-10-11 05:49:27.900,1,,False,,False,True,90.916,90.916
575,0 days 01:04:59.826000,KUB,88,0 days 00:01:49.493000,15.0,3.0,,0 days 01:04:58.905000,38.965,46.076,24.452,0 days 01:03:49.298000,0 days 01:04:35.374000,0 days 01:04:59.826000,257.0,281.0,,242.0,False,SOFT,3.0,True,Williams,0 days 01:03:10.333000,2019-10-11 05:50:58.816,1,,False,,False,False,109.493,109.493
576,0 days 01:13:36.704000,KUB,88,,16.0,4.0,0 days 01:11:40.916000,,,45.714,24.466,,0 days 01:13:12.238000,0 days 01:13:36.924000,269.0,271.0,252.0,244.0,False,SOFT,8.0,False,Williams,0 days 01:04:59.826000,2019-10-11 05:52:48.309,1,,False,,False,False,,
577,0 days 01:15:14.368000,KUB,88,0 days 00:01:37.664000,17.0,4.0,,,35.083,43.691,18.89,0 days 01:14:11.787000,0 days 01:14:55.478000,0 days 01:15:14.368000,273.0,288.0,252.0,286.0,False,SOFT,9.0,False,Williams,0 days 01:13:36.704000,2019-10-11 06:01:25.187,1,,False,,False,True,97.664,97.664
578,0 days 01:16:52.678000,KUB,88,0 days 00:01:38.310000,18.0,4.0,,,35.596,43.748,18.966,0 days 01:15:49.964000,0 days 01:16:33.712000,0 days 01:16:52.678000,263.0,289.0,252.0,283.0,False,SOFT,10.0,False,Williams,0 days 01:15:14.368000,2019-10-11 06:03:02.851,1,,False,,False,True,98.31,98.31
579,0 days 01:18:31.137000,KUB,88,0 days 00:01:38.459000,19.0,4.0,,,35.298,44.052,19.109,0 days 01:17:27.976000,0 days 01:18:12.028000,0 days 01:18:31.137000,267.0,289.0,252.0,279.0,False,SOFT,11.0,False,Williams,0 days 01:16:52.678000,2019-10-11 06:04:41.161,1,,False,,False,True,98.459,98.459
580,0 days 01:20:18.824000,KUB,88,0 days 00:01:47.687000,20.0,4.0,,,36.946,51.225,19.516,0 days 01:19:08.083000,0 days 01:19:59.308000,0 days 01:20:18.824000,196.0,291.0,254.0,289.0,False,SOFT,12.0,False,Williams,0 days 01:18:31.137000,2019-10-11 06:06:19.620,1,,False,,False,True,107.687,107.68699999999998
581,0 days 01:21:56.913000,KUB,88,0 days 00:01:38.089000,21.0,4.0,,,35.289,43.913,18.887,0 days 01:20:54.113000,0 days 01:21:38.026000,0 days 01:21:56.913000,266.0,293.0,254.0,288.0,False,SOFT,13.0,False,Williams,0 days 01:20:18.824000,2019-10-11 06:08:07.307,1,,False,,False,True,98.089,98.089
582,0 days 01:23:36.172000,KUB,88,0 days 00:01:39.259000,22.0,4.0,,,36.235,44.071,18.953,0 days 01:22:33.148000,0 days 01:23:17.219000,0 days 01:23:36.172000,269.0,294.0,254.0,286.0,False,SOFT,14.0,False,Williams,0 days 01:21:56.913000,2019-10-11 06:09:45.396,1,,False,,False,True,99.259,99.259
583,0 days 01:25:17.087000,KUB,88,0 days 00:01:40.915000,23.0,4.0,,0 days 01:25:17.174000,35.463,44.179,21.273,0 days 01:24:11.635000,0 days 01:24:55.814000,0 days 01:25:17.087000,269.0,291.0,,286.0,False,SOFT,15.0,False,Williams,0 days 01:23:36.172000,2019-10-11 06:11:24.655,1,,False,,False,False,100.915,100.91499999999999
584,0 days 01:27:30.703000,KUB,88,0 days 00:02:13.616000,24.0,5.0,0 days 01:25:39.475000,,61.031,46.756,25.829,0 days 01:26:18.118000,0 days 01:27:04.874000,0 days 01:27:30.703000,273.0,274.0,256.0,104.0,False,MEDIUM,4.0,False,Williams,0 days 01:25:17.087000,2019-10-11 06:13:05.570,1,,False,,False,False,133.616,133.616
585,0 days 01:29:06.677000,KUB,88,0 days 00:01:35.974000,25.0,5.0,,,34.387,42.929,18.658,0 days 01:28:05.090000,0 days 01:28:48.019000,0 days 01:29:06.677000,271.0,292.0,255.0,288.0,False,MEDIUM,5.0,False,Williams,0 days 01:27:30.703000,2019-10-11 06:15:19.186,1,,False,,False,True,95.974,95.974
586,0 days 01:30:43.457000,KUB,88,0 days 00:01:36.780000,26.0,5.0,,,34.643,43.404,18.733,0 days 01:29:41.320000,0 days 01:30:24.724000,0 days 01:30:43.457000,272.0,293.0,254.0,292.0,False,MEDIUM,6.0,False,Williams,0 days 01:29:06.677000,2019-10-11 06:16:55.160,1,,False,,False,True,96.78,96.78
587,0 days 01:32:20.416000,KUB,88,0 days 00:01:36.959000,27.0,5.0,,,34.709,43.416,18.834,0 days 01:31:18.166000,0 days 01:32:01.582000,0 days 01:32:20.416000,270.0,292.0,254.0,287.0,False,MEDIUM,7.0,False,Williams,0 days 01:30:43.457000,2019-10-11 06:18:31.940,1,,False,,False,True,96.959,96.959
588,0 days 01:33:57.732000,KUB,88,0 days 00:01:37.316000,28.0,5.0,,,35.002,43.421,18.893,0 days 01:32:55.418000,0 days 01:33:38.839000,0 days 01:33:57.732000,273.0,291.0,255.0,290.0,False,MEDIUM,8.0,False,Williams,0 days 01:32:20.416000,2019-10-11 06:20:08.899,1,,False,,False,True,97.316,97.316
589,0 days 01:35:35.177000,KUB,88,0 days 00:01:37.445000,29.0,5.0,,,34.973,43.622,18.85,0 days 01:34:32.705000,0 days 01:35:16.327000,0 days 01:35:35.177000,271.0,291.0,254.0,288.0,False,MEDIUM,9.0,False,Williams,0 days 01:33:57.732000,2019-10-11 06:21:46.215,1,,False,,False,True,97.445,97.445
590,0 days 01:37:12.775000,KUB,88,0 days 00:01:37.598000,30.0,5.0,,,35.114,43.663,18.821,0 days 01:36:10.291000,0 days 01:36:53.954000,0 days 01:37:12.775000,272.0,292.0,255.0,288.0,False,MEDIUM,10.0,False,Williams,0 days 01:35:35.177000,2019-10-11 06:23:23.660,1,,False,,False,True,97.598,97.59799999999998
591,0 days 01:38:50.692000,KUB,88,0 days 00:01:37.917000,31.0,5.0,,,35.271,43.776,18.87,0 days 01:37:48.046000,0 days 01:38:31.822000,0 days 01:38:50.692000,276.0,292.0,254.0,291.0,False,MEDIUM,11.0,False,Williams,0 days 01:37:12.775000,2019-10-11 06:25:01.258,1,,False,,False,True,97.917,97.917
592,0 days 01:40:31.046000,KUB,88,0 days 00:01:40.354000,32.0,5.0,,,35.079,43.661,21.614,0 days 01:39:25.771000,0 days 01:40:09.432000,0 days 01:40:31.046000,271.0,292.0,257.0,217.0,False,MEDIUM,12.0,False,Williams,0 days 01:38:50.692000,2019-10-11 06:26:39.175,1,,False,,False,True,100.354,100.35400000000001
593,0 days 01:42:08.833000,KUB,88,0 days 00:01:37.787000,33.0,5.0,,,35.107,43.768,18.912,0 days 01:41:06.153000,0 days 01:41:49.921000,0 days 01:42:08.833000,270.0,293.0,256.0,285.0,False,MEDIUM,13.0,False,Williams,0 days 01:40:31.046000,2019-10-11 06:28:19.529,1,,False,,False,True,97.787,97.787
594,0 days 01:43:46.601000,KUB,88,0 days 00:01:37.768000,34.0,5.0,,,35.135,43.771,18.862,0 days 01:42:43.968000,0 days 01:43:27.739000,0 days 01:43:46.601000,276.0,292.0,255.0,291.0,False,MEDIUM,14.0,False,Williams,0 days 01:42:08.833000,2019-10-11 06:29:57.316,1,,False,,False,True,97.768,97.768
595,0 days 01:45:41.213000,KUB,88,0 days 00:01:54.612000,35.0,5.0,,0 days 01:45:41.304000,39.246,49.135,26.231,0 days 01:44:25.847000,0 days 01:45:14.982000,0 days 01:45:41.213000,243.0,278.0,,250.0,False,MEDIUM,15.0,False,Williams,0 days 01:43:46.601000,2019-10-11 06:31:35.084,1,,False,,False,False,114.612,114.612
596,0 days 00:14:31.999000,GIO,99,,1.0,1.0,0 days 00:12:30.784000,,,47.14,23.896,,0 days 00:14:08.112000,0 days 00:14:32.117000,255.0,268.0,264.0,233.0,False,MEDIUM,1.0,True,Alfa Romeo Racing,0 days 00:12:30.784000,2019-10-11 05:00:19.267,1,,False,,False,False,,
597,0 days 00:16:05.018000,GIO,99,0 days 00:01:33.019000,2.0,1.0,,,33.056,41.852,18.111,0 days 00:15:05.055000,0 days 00:15:46.907000,0 days 00:16:05.018000,281.0,298.0,264.0,297.0,True,MEDIUM,2.0,True,Alfa Romeo Racing,0 days 00:14:31.999000,2019-10-11 05:02:20.482,1,,False,,False,True,93.019,93.01899999999999
598,0 days 00:18:16.241000,GIO,99,0 days 00:02:11.223000,3.0,1.0,,,45.349,61.603,24.271,0 days 00:16:50.367000,0 days 00:17:51.970000,0 days 00:18:16.241000,245.0,150.0,265.0,193.0,False,MEDIUM,3.0,True,Alfa Romeo Racing,0 days 00:16:05.018000,2019-10-11 05:03:53.501,1,,False,,False,True,131.223,131.223
599,0 days 00:19:48.757000,GIO,99,0 days 00:01:32.516000,4.0,1.0,,,32.718,41.615,18.183,0 days 00:18:48.959000,0 days 00:19:30.574000,0 days 00:19:48.757000,281.0,299.0,265.0,297.0,True,MEDIUM,4.0,True,Alfa Romeo Racing,0 days 00:18:16.241000,2019-10-11 05:06:04.724,1,,False,,False,True,92.516,92.51599999999999
600,0 days 00:22:09.105000,GIO,99,0 days 00:02:20.348000,5.0,1.0,,,53.641,61.012,25.695,0 days 00:20:42.398000,0 days 00:21:43.410000,0 days 00:22:09.105000,174.0,135.0,266.0,206.0,False,MEDIUM,5.0,True,Alfa Romeo Racing,0 days 00:19:48.757000,2019-10-11 05:07:37.240,1,,False,,False,True,140.348,140.34799999999998
601,0 days 00:23:40.908000,GIO,99,0 days 00:01:31.803000,6.0,1.0,,,32.509,41.201,18.093,0 days 00:22:41.614000,0 days 00:23:22.815000,0 days 00:23:40.908000,283.0,301.0,267.0,299.0,True,MEDIUM,6.0,True,Alfa Romeo Racing,0 days 00:22:09.105000,2019-10-11 05:09:57.588,1,,False,,False,True,91.803,91.80300000000001
602,0 days 00:26:07.151000,GIO,99,0 days 00:02:26.243000,7.0,1.0,,,52.509,66.613,27.121,0 days 00:24:33.417000,0 days 00:25:40.030000,0 days 00:26:07.151000,216.0,135.0,268.0,190.0,False,MEDIUM,7.0,True,Alfa Romeo Racing,0 days 00:23:40.908000,2019-10-11 05:11:29.391,1,,False,,False,True,146.243,146.243
603,0 days 00:27:39.013000,GIO,99,0 days 00:01:31.862000,8.0,1.0,,,32.531,41.339,17.992,0 days 00:26:39.682000,0 days 00:27:21.021000,0 days 00:27:39.013000,283.0,303.0,267.0,299.0,False,MEDIUM,8.0,True,Alfa Romeo Racing,0 days 00:26:07.151000,2019-10-11 05:13:55.634,1,,False,,False,True,91.862,91.86200000000001
604,0 days 00:29:32.400000,GIO,99,0 days 00:01:53.387000,9.0,1.0,,0 days 00:29:31.061000,41.253,47.229,24.905,0 days 00:28:20.266000,0 days 00:29:07.495000,0 days 00:29:32.400000,237.0,269.0,,270.0,False,MEDIUM,9.0,True,Alfa Romeo Racing,0 days 00:27:39.013000,2019-10-11 05:15:27.496,1,,False,,False,False,113.387,113.387
605,0 days 00:38:06.816000,GIO,99,,10.0,2.0,0 days 00:36:20.568000,,,46.702,23.644,,0 days 00:37:43.182000,0 days 00:38:08.153000,258.0,267.0,269.0,224.0,False,SOFT,1.0,True,Alfa Romeo Racing,0 days 00:29:32.400000,2019-10-11 05:17:20.883,1,,False,,False,False,,
606,0 days 00:39:37.630000,GIO,99,0 days 00:01:30.814000,11.0,2.0,,,31.99,40.9,17.924,0 days 00:38:38.806000,0 days 00:39:19.706000,0 days 00:39:37.630000,287.0,304.0,267.0,300.0,True,SOFT,2.0,True,Alfa Romeo Racing,0 days 00:38:06.816000,2019-10-11 05:25:55.299,1,,False,,False,True,90.814,90.814
607,0 days 00:42:02.665000,GIO,99,0 days 00:02:25.035000,12.0,2.0,,,53.605,65.229,26.201,0 days 00:40:31.235000,0 days 00:41:36.464000,0 days 00:42:02.665000,142.0,219.0,268.0,186.0,False,SOFT,3.0,True,Alfa Romeo Racing,0 days 00:39:37.630000,2019-10-11 05:27:26.113,12,,False,,False,True,145.035,145.035
608,0 days 00:43:33.388000,GIO,99,0 days 00:01:30.723000,13.0,2.0,,,32.044,40.884,17.795,0 days 00:42:34.709000,0 days 00:43:15.593000,0 days 00:43:33.388000,285.0,300.0,267.0,299.0,True,SOFT,4.0,True,Alfa Romeo Racing,0 days 00:42:02.665000,2019-10-11 05:29:51.148,1,,False,,False,True,90.723,90.723
609,0 days 00:45:29.481000,GIO,99,0 days 00:01:56.093000,14.0,2.0,,0 days 00:45:28.498000,43.402,48.123,24.568,0 days 00:44:16.790000,0 days 00:45:04.913000,0 days 00:45:29.481000,242.0,220.0,,232.0,False,SOFT,5.0,True,Alfa Romeo Racing,0 days 00:43:33.388000,2019-10-11 05:31:21.871,1,,False,,False,False,116.093,116.093
610,0 days 00:54:23.663000,GIO,99,,15.0,3.0,0 days 00:52:33.139000,,,49.639,23.302,,0 days 00:54:00.361000,0 days 00:54:27.618000,237.0,154.0,271.0,202.0,False,SOFT,1.0,True,Alfa Romeo Racing,0 days 00:45:29.481000,2019-10-11 05:33:17.964,1,,False,,False,False,,
611,0 days 00:55:53.452000,GIO,99,0 days 00:01:29.789000,16.0,3.0,,,31.51,40.6,17.679,0 days 00:54:55.173000,0 days 00:55:35.773000,0 days 00:55:53.452000,289.0,303.0,269.0,300.0,True,SOFT,2.0,True,Alfa Romeo Racing,0 days 00:54:23.663000,2019-10-11 05:42:12.146,1,,False,,False,True,89.789,89.789
612,0 days 00:57:45.141000,GIO,99,0 days 00:01:51.689000,17.0,3.0,,0 days 00:57:43.868000,40.128,48.171,23.39,0 days 00:56:33.580000,0 days 00:57:21.751000,0 days 00:57:45.141000,250.0,268.0,,266.0,False,SOFT,3.0,True,Alfa Romeo Racing,0 days 00:55:53.452000,2019-10-11 05:43:41.935,1,,False,,False,False,111.689,111.68900000000001
613,0 days 01:05:32.896000,GIO,99,,18.0,4.0,0 days 01:03:31.037000,,,51.991,30.958,,0 days 01:05:02.842000,0 days 01:05:33.502000,261.0,146.0,270.0,116.0,False,SOFT,1.0,True,Alfa Romeo Racing,0 days 00:57:45.141000,2019-10-11 05:45:33.624,1,,False,,False,False,,
614,0 days 01:07:02.547000,GIO,99,0 days 00:01:29.651000,19.0,4.0,,,31.509,40.443,17.699,0 days 01:06:04.405000,0 days 01:06:44.848000,0 days 01:07:02.547000,287.0,303.0,267.0,297.0,True,SOFT,2.0,True,Alfa Romeo Racing,0 days 01:05:32.896000,2019-10-11 05:53:21.379,1,,False,,False,True,89.651,89.651
615,0 days 01:09:02.699000,GIO,99,0 days 00:02:00.152000,20.0,4.0,,0 days 01:09:02.734000,39.573,49.024,31.555,0 days 01:07:42.120000,0 days 01:08:31.144000,0 days 01:09:02.699000,251.0,173.0,,183.0,False,SOFT,3.0,True,Alfa Romeo Racing,0 days 01:07:02.547000,2019-10-11 05:54:51.030,1,,False,,False,False,120.152,120.15200000000002
616,0 days 01:24:05.936000,GIO,99,,21.0,5.0,0 days 01:22:14.710000,0 days 01:24:04.603000,,43.045,22.51,,0 days 01:23:43.434000,0 days 01:24:06.338000,269.0,295.0,,293.0,False,SOFT,6.0,False,Alfa Romeo Racing,0 days 01:09:02.699000,2019-10-11 05:56:51.182,1,,False,,False,False,,
617,0 days 01:26:17.977000,GIO,99,0 days 00:02:12.041000,22.0,6.0,0 days 01:24:25.419000,,67.709,43.953,20.379,0 days 01:25:13.645000,0 days 01:25:57.598000,0 days 01:26:17.977000,272.0,293.0,256.0,265.0,False,SOFT,7.0,False,Alfa Romeo Racing,0 days 01:24:05.936000,2019-10-11 06:11:54.419,1,,False,,False,False,132.041,132.041
618,0 days 01:27:54.643000,GIO,99,0 days 00:01:36.666000,23.0,6.0,,,34.833,43.223,18.61,0 days 01:26:52.810000,0 days 01:27:36.033000,0 days 01:27:54.643000,271.0,294.0,255.0,292.0,False,SOFT,8.0,False,Alfa Romeo Racing,0 days 01:26:17.977000,2019-10-11 06:14:06.460,1,,False,,False,True,96.666,96.666
619,0 days 01:29:31.733000,GIO,99,0 days 00:01:37.090000,24.0,6.0,,,34.867,43.526,18.697,0 days 01:28:29.510000,0 days 01:29:13.036000,0 days 01:29:31.733000,272.0,295.0,256.0,293.0,False,SOFT,9.0,False,Alfa Romeo Racing,0 days 01:27:54.643000,2019-10-11 06:15:43.126,1,,False,,False,True,97.09,97.09
620,0 days 01:31:09.241000,GIO,99,0 days 00:01:37.508000,25.0,6.0,,,35.32,43.489,18.699,0 days 01:30:07.053000,0 days 01:30:50.542000,0 days 01:31:09.241000,273.0,295.0,255.0,293.0,False,SOFT,10.0,False,Alfa Romeo Racing,0 days 01:29:31.733000,2019-10-11 06:17:20.216,1,,False,,False,True,97.508,97.508
621,0 days 01:32:46.960000,GIO,99,0 days 00:01:37.719000,26.0,6.0,,,35.331,43.664,18.724,0 days 01:31:44.572000,0 days 01:32:28.236000,0 days 01:32:46.960000,272.0,295.0,256.0,294.0,False,SOFT,11.0,False,Alfa Romeo Racing,0 days 01:31:09.241000,2019-10-11 06:18:57.724,1,,False,,False,True,97.719,97.71900000000001
622,0 days 01:34:24.532000,GIO,99,0 days 00:01:37.572000,27.0,6.0,,,35.429,43.521,18.622,0 days 01:33:22.389000,0 days 01:34:05.910000,0 days 01:34:24.532000,271.0,295.0,255.0,294.0,False,SOFT,12.0,False,Alfa Romeo Racing,0 days 01:32:46.960000,2019-10-11 06:20:35.443,1,,False,,False,True,97.572,97.572
623,0 days 01:36:04.776000,GIO,99,0 days 00:01:40.244000,28.0,6.0,,0 days 01:36:03.539000,35.379,43.477,21.388,0 days 01:34:59.911000,0 days 01:35:43.388000,0 days 01:36:04.776000,272.0,293.0,,293.0,False,SOFT,13.0,False,Alfa Romeo Racing,0 days 01:34:24.532000,2019-10-11 06:22:13.015,1,,False,,False,False,100.244,100.244
624,0 days 01:38:04.115000,GIO,99,0 days 00:01:59.339000,29.0,7.0,0 days 01:36:28.195000,,57.306,43.269,18.764,0 days 01:37:02.082000,0 days 01:37:45.351000,0 days 01:38:04.115000,272.0,293.0,256.0,288.0,False,MEDIUM,10.0,False,Alfa Romeo Racing,0 days 01:36:04.776000,2019-10-11 06:23:53.259,1,,False,,False,False,119.339,119.33899999999998
625,0 days 01:39:40.800000,GIO,99,0 days 00:01:36.685000,30.0,7.0,,,34.908,43.192,18.585,0 days 01:38:39.023000,0 days 01:39:22.215000,0 days 01:39:40.800000,273.0,294.0,257.0,295.0,False,MEDIUM,11.0,False,Alfa Romeo Racing,0 days 01:38:04.115000,2019-10-11 06:25:52.598,1,,False,,False,True,96.685,96.685
626,0 days 01:41:17.644000,GIO,99,0 days 00:01:36.844000,31.0,7.0,,,35.031,43.179,18.634,0 days 01:40:15.831000,0 days 01:40:59.010000,0 days 01:41:17.644000,273.0,300.0,256.0,300.0,False,MEDIUM,12.0,False,Alfa Romeo Racing,0 days 01:39:40.800000,2019-10-11 06:27:29.283,1,,False,,False,True,96.844,96.84400000000001
627,0 days 01:42:54.632000,GIO,99,0 days 00:01:36.988000,32.0,7.0,,,35.049,43.288,18.651,0 days 01:41:52.693000,0 days 01:42:35.981000,0 days 01:42:54.632000,273.0,300.0,256.0,298.0,False,MEDIUM,13.0,False,Alfa Romeo Racing,0 days 01:41:17.644000,2019-10-11 06:29:06.127,1,,False,,False,True,96.988,96.98799999999999
628,0 days 01:45:05.233000,GIO,99,0 days 00:02:10.601000,33.0,7.0,,0 days 01:45:04.239000,43.874,55.593,31.134,0 days 01:43:38.506000,0 days 01:44:34.099000,0 days 01:45:05.233000,258.0,226.0,,200.0,False,MEDIUM,14.0,False,Alfa Romeo Racing,0 days 01:42:54.632000,2019-10-11 06:30:43.115,1,,False,,False,False,130.601,130.601
