,Time,Driver,DriverNumber,LapTime,LapNumber,Stint,PitOutTime,PitInTime,Sector1Time,Sector2Time,Sector3Time,Sector1SessionTime,Sector2SessionTime,Sector3SessionTime,SpeedI1,SpeedI2,SpeedFL,SpeedST,IsPersonalBest,Compound,TyreLife,FreshTyre,Team,LapStartTime,LapStartDate,TrackStatus,Position,Deleted,DeletedReason,FastF1Generated,IsAccurate,LapTime_in_seconds,laptime_sum_sectortimes
0,0 days 00:17:53.965000,RIC,3,,1.0,1.0,0 days 00:15:44.383000,,,39.156,51.591,,0 days 00:17:02.565000,0 days 00:17:54.044000,276.0,122.0,247.0,264.0,False,HARD,1.0,True,McLaren,0 days 00:15:44.383000,2021-11-05 21:00:44.831,1,,False,,False,False,,
1,0 days 00:19:14.395000,RIC,3,0 days 00:01:20.430000,2.0,1.0,,,28.402,31.051,20.977,0 days 00:18:22.367000,0 days 00:18:53.418000,0 days 00:19:14.395000,309.0,287.0,249.0,341.0,True,HARD,2.0,True,McLaren,0 days 00:17:53.965000,2021-11-05 21:02:54.413,1,,False,,False,True,80.43,80.43
2,0 days 00:21:11.585000,RIC,3,0 days 00:01:57.190000,3.0,1.0,,,39.815,45.005,32.37,0 days 00:19:54.210000,0 days 00:20:39.215000,0 days 00:21:11.585000,217.0,257.0,247.0,269.0,False,HARD,3.0,True,McLaren,0 days 00:19:14.395000,2021-11-05 21:04:14.843,1,,False,,False,True,117.19,117.19
3,0 days 00:22:31.614000,RIC,3,0 days 00:01:20.029000,4.0,1.0,,,28.33,31.03,20.669,0 days 00:21:39.915000,0 days 00:22:10.945000,0 days 00:22:31.614000,309.0,290.0,249.0,346.0,True,HARD,4.0,True,McLaren,0 days 00:21:11.585000,2021-11-05 21:06:12.033,1,,False,,False,True,80.029,80.029
4,0 days 00:24:32.024000,RIC,3,0 days 00:02:00.410000,5.0,1.0,,,43.142,44.459,32.809,0 days 00:23:14.756000,0 days 00:23:59.215000,0 days 00:24:32.024000,270.0,130.0,246.0,175.0,False,HARD,5.0,True,McLaren,0 days 00:22:31.614000,2021-11-05 21:07:32.062,12,,False,,False,True,120.41,120.41
5,0 days 00:25:51.545000,RIC,3,0 days 00:01:19.521000,6.0,1.0,,,28.019,30.89,20.612,0 days 00:25:00.043000,0 days 00:25:30.933000,0 days 00:25:51.545000,312.0,291.0,248.0,350.0,True,HARD,6.0,True,McLaren,0 days 00:24:32.024000,2021-11-05 21:09:32.472,1,,False,,False,True,79.521,79.521
6,0 days 00:27:48.175000,RIC,3,0 days 00:01:56.630000,7.0,1.0,,0 days 00:27:45.677000,38.993,45.448,32.189,0 days 00:26:30.538000,0 days 00:27:15.986000,0 days 00:27:48.175000,93.0,172.0,,133.0,False,HARD,7.0,True,McLaren,0 days 00:25:51.545000,2021-11-05 21:10:51.993,1,,False,,False,False,116.63,116.63
7,0 days 00:17:29.652000,NOR,4,,1.0,1.0,0 days 00:15:32.909000,,,45.887,30.905,,0 days 00:16:58.860000,0 days 00:17:29.861000,230.0,265.0,250.0,262.0,False,SOFT,1.0,True,McLaren,0 days 00:15:32.909000,2021-11-05 21:00:33.357,1,,False,,False,False,,
8,0 days 00:19:04.277000,NOR,4,0 days 00:01:34.625000,2.0,1.0,,,29.257,40.955,24.413,0 days 00:17:58.909000,0 days 00:18:39.864000,0 days 00:19:04.277000,257.0,252.0,249.0,339.0,True,SOFT,2.0,True,McLaren,0 days 00:17:29.652000,2021-11-05 21:02:30.100,1,,False,,False,True,94.625,94.625
9,0 days 00:20:23.852000,NOR,4,0 days 00:01:19.575000,3.0,1.0,,,28.053,30.836,20.686,0 days 00:19:32.330000,0 days 00:20:03.166000,0 days 00:20:23.852000,308.0,285.0,247.0,341.0,True,SOFT,3.0,True,McLaren,0 days 00:19:04.277000,2021-11-05 21:04:04.725,1,,False,,False,True,79.575,79.57499999999999
10,0 days 00:22:15.883000,NOR,4,0 days 00:01:52.031000,4.0,1.0,,,37.124,48.077,26.83,0 days 00:21:00.976000,0 days 00:21:49.053000,0 days 00:22:15.883000,214.0,157.0,208.0,264.0,False,SOFT,4.0,True,McLaren,0 days 00:20:23.852000,2021-11-05 21:05:24.300,1,,False,,False,True,112.031,112.03099999999999
11,0 days 00:24:30.978000,NOR,4,0 days 00:02:15.095000,5.0,1.0,,,39.076,47.96,48.059,0 days 00:22:54.959000,0 days 00:23:42.919000,0 days 00:24:30.978000,206.0,148.0,235.0,268.0,False,SOFT,5.0,True,McLaren,0 days 00:22:15.883000,2021-11-05 21:07:16.331,12,,False,,False,True,135.095,135.095
12,0 days 00:26:32.233000,NOR,4,0 days 00:02:01.255000,6.0,1.0,,,34.125,45.328,41.802,0 days 00:25:05.103000,0 days 00:25:50.431000,0 days 00:26:32.233000,212.0,265.0,242.0,289.0,False,SOFT,6.0,True,McLaren,0 days 00:24:30.978000,2021-11-05 21:09:31.426,1,,False,,False,True,121.255,121.255
13,0 days 00:27:51.212000,NOR,4,0 days 00:01:18.979000,7.0,1.0,,,28.169,30.343,20.467,0 days 00:27:00.402000,0 days 00:27:30.745000,0 days 00:27:51.212000,309.0,291.0,247.0,338.0,True,SOFT,7.0,True,McLaren,0 days 00:26:32.233000,2021-11-05 21:11:32.681,1,,False,,False,True,78.979,78.979
14,0 days 00:29:21.627000,NOR,4,0 days 00:01:30.415000,8.0,1.0,,0 days 00:29:19.523000,32.576,33.34,24.499,0 days 00:28:23.788000,0 days 00:28:57.128000,0 days 00:29:21.627000,194.0,276.0,,296.0,False,SOFT,8.0,True,McLaren,0 days 00:27:51.212000,2021-11-05 21:12:51.660,1,,False,,False,False,90.415,90.41499999999999
15,0 days 00:41:24.800000,NOR,4,,9.0,2.0,0 days 00:39:38.096000,0 days 00:41:23.369000,,33.547,25.539,,0 days 00:40:59.362000,0 days 00:41:24.926000,272.0,268.0,,227.0,False,MEDIUM,1.0,True,McLaren,0 days 00:29:21.627000,2021-11-05 21:14:22.075,1,,False,,False,False,,
16,0 days 00:43:17.737000,NOR,4,0 days 00:01:52.937000,10.0,3.0,0 days 00:41:41.431000,,59.04,32.477,21.42,0 days 00:42:23.840000,0 days 00:42:56.317000,0 days 00:43:17.737000,287.0,274.0,244.0,297.0,False,MEDIUM,2.0,False,McLaren,0 days 00:41:24.800000,2021-11-05 21:26:25.248,1,,False,,False,False,112.937,112.937
17,0 days 00:44:40.416000,NOR,4,0 days 00:01:22.679000,11.0,3.0,,,29.075,32.199,21.405,0 days 00:43:46.812000,0 days 00:44:19.011000,0 days 00:44:40.416000,289.0,278.0,248.0,322.0,False,MEDIUM,3.0,False,McLaren,0 days 00:43:17.737000,2021-11-05 21:28:18.185,1,,False,,False,True,82.679,82.679
18,0 days 00:46:03.402000,NOR,4,0 days 00:01:22.986000,12.0,3.0,,,28.776,32.577,21.633,0 days 00:45:09.192000,0 days 00:45:41.769000,0 days 00:46:03.402000,288.0,271.0,243.0,340.0,False,MEDIUM,4.0,False,McLaren,0 days 00:44:40.416000,2021-11-05 21:29:40.864,1,,False,,False,True,82.986,82.98599999999999
19,0 days 00:47:26.413000,NOR,4,0 days 00:01:23.011000,13.0,3.0,,,29.211,32.257,21.543,0 days 00:46:32.613000,0 days 00:47:04.870000,0 days 00:47:26.413000,293.0,277.0,244.0,320.0,False,MEDIUM,5.0,False,McLaren,0 days 00:46:03.402000,2021-11-05 21:31:03.850,1,,False,,False,True,83.011,83.011
20,0 days 00:48:49.160000,NOR,4,0 days 00:01:22.747000,14.0,3.0,,,29.15,32.112,21.485,0 days 00:47:55.563000,0 days 00:48:27.675000,0 days 00:48:49.160000,292.0,277.0,245.0,321.0,False,MEDIUM,6.0,False,McLaren,0 days 00:47:26.413000,2021-11-05 21:32:26.861,1,,False,,False,True,82.747,82.747
21,0 days 00:50:11.891000,NOR,4,0 days 00:01:22.731000,15.0,3.0,,,29.347,32.043,21.341,0 days 00:49:18.507000,0 days 00:49:50.550000,0 days 00:50:11.891000,292.0,276.0,246.0,318.0,False,MEDIUM,7.0,False,McLaren,0 days 00:48:49.160000,2021-11-05 21:33:49.608,1,,False,,False,True,82.731,82.731
22,0 days 00:51:34.372000,NOR,4,0 days 00:01:22.481000,16.0,3.0,,,29.161,32.001,21.319,0 days 00:50:41.052000,0 days 00:51:13.053000,0 days 00:51:34.372000,291.0,277.0,245.0,320.0,False,MEDIUM,8.0,False,McLaren,0 days 00:50:11.891000,2021-11-05 21:35:12.339,1,,False,,False,True,82.481,82.481
23,0 days 00:53:00.677000,NOR,4,0 days 00:01:26.305000,17.0,3.0,,0 days 00:52:58.058000,29.156,31.776,25.373,0 days 00:52:03.528000,0 days 00:52:35.304000,0 days 00:53:00.677000,293.0,278.0,,319.0,False,MEDIUM,9.0,False,McLaren,0 days 00:51:34.372000,2021-11-05 21:36:34.820,1,,False,,False,False,86.305,86.305
24,0 days 01:03:17.570000,NOR,4,,18.0,4.0,0 days 01:01:33.084000,0 days 01:03:17.542000,,33.422,25.433,,0 days 01:02:52.185000,0 days 01:03:17.688000,275.0,263.0,,299.0,False,MEDIUM,10.0,False,McLaren,0 days 00:53:00.677000,2021-11-05 21:38:01.125,1,,False,,False,False,,
25,0 days 01:05:10.705000,NOR,4,0 days 00:01:53.135000,19.0,5.0,0 days 01:03:34.073000,,59.304,32.463,21.368,0 days 01:04:16.874000,0 days 01:04:49.337000,0 days 01:05:10.705000,291.0,278.0,242.0,300.0,False,MEDIUM,11.0,False,McLaren,0 days 01:03:17.570000,2021-11-05 21:48:18.018,12,,False,,False,False,113.135,113.13499999999999
26,0 days 01:06:33.017000,NOR,4,0 days 00:01:22.312000,20.0,5.0,,,29.216,31.796,21.3,0 days 01:05:39.921000,0 days 01:06:11.717000,0 days 01:06:33.017000,294.0,280.0,243.0,320.0,False,MEDIUM,12.0,False,McLaren,0 days 01:05:10.705000,2021-11-05 21:50:11.153,1,,False,,False,True,82.312,82.312
27,0 days 01:07:55.463000,NOR,4,0 days 00:01:22.446000,21.0,5.0,,,29.167,31.899,21.38,0 days 01:07:02.184000,0 days 01:07:34.083000,0 days 01:07:55.463000,296.0,279.0,244.0,320.0,False,MEDIUM,13.0,False,McLaren,0 days 01:06:33.017000,2021-11-05 21:51:33.465,1,,False,,False,True,82.446,82.446
28,0 days 01:09:17.992000,NOR,4,0 days 00:01:22.529000,22.0,5.0,,,29.203,31.95,21.376,0 days 01:08:24.666000,0 days 01:08:56.616000,0 days 01:09:17.992000,293.0,279.0,244.0,320.0,False,MEDIUM,14.0,False,McLaren,0 days 01:07:55.463000,2021-11-05 21:52:55.911,1,,False,,False,True,82.529,82.529
29,0 days 01:10:41.139000,NOR,4,0 days 00:01:23.147000,23.0,5.0,,,29.097,32.453,21.597,0 days 01:09:47.089000,0 days 01:10:19.542000,0 days 01:10:41.139000,296.0,280.0,243.0,323.0,False,MEDIUM,15.0,False,McLaren,0 days 01:09:17.992000,2021-11-05 21:54:18.440,1,,False,,False,True,83.147,83.147
30,0 days 01:12:03.936000,NOR,4,0 days 00:01:22.797000,24.0,5.0,,,29.163,32.279,21.355,0 days 01:11:10.302000,0 days 01:11:42.581000,0 days 01:12:03.936000,294.0,278.0,244.0,325.0,False,MEDIUM,16.0,False,McLaren,0 days 01:10:41.139000,2021-11-05 21:55:41.587,1,,False,,False,True,82.797,82.79700000000001
31,0 days 01:13:30.698000,NOR,4,0 days 00:01:26.762000,25.0,5.0,,0 days 01:13:28.125000,29.155,32.941,24.666,0 days 01:12:33.091000,0 days 01:13:06.032000,0 days 01:13:30.698000,292.0,275.0,,327.0,False,MEDIUM,17.0,False,McLaren,0 days 01:12:03.936000,2021-11-05 21:57:04.384,1,,False,,False,False,86.762,86.762
32,0 days 01:15:11.617000,NOR,4,0 days 00:01:40.919000,26.0,6.0,0 days 01:13:50.283000,,47.872,31.952,21.095,0 days 01:14:18.570000,0 days 01:14:50.522000,0 days 01:15:11.617000,287.0,279.0,245.0,301.0,False,SOFT,9.0,False,McLaren,0 days 01:13:30.698000,2021-11-05 21:58:31.146,1,,False,,False,False,100.919,100.919
33,0 days 01:16:40,NOR,4,0 days 00:01:28.383000,27.0,6.0,,0 days 01:16:38.681000,29.102,31.614,27.667,0 days 01:15:40.719000,0 days 01:16:12.333000,0 days 01:16:40,289.0,251.0,,315.0,False,SOFT,10.0,False,McLaren,0 days 01:15:11.617000,2021-11-05 22:00:12.065,1,,False,,False,False,88.383,88.38300000000001
34,0 days 00:20:12.248000,VET,5,,1.0,1.0,0 days 00:18:38.414000,,,36.824,24.694,,0 days 00:19:47.583000,0 days 00:20:12.360000,268.0,273.0,249.0,244.0,False,MEDIUM,1.0,True,Aston Martin,0 days 00:18:38.414000,2021-11-05 21:03:38.862,1,,False,,False,False,,
35,0 days 00:21:33.184000,VET,5,0 days 00:01:20.936000,2.0,1.0,,,28.379,31.294,21.263,0 days 00:20:40.627000,0 days 00:21:11.921000,0 days 00:21:33.184000,306.0,287.0,249.0,343.0,True,MEDIUM,2.0,True,Aston Martin,0 days 00:20:12.248000,2021-11-05 21:05:12.696,1,,False,,False,True,80.936,80.936
36,0 days 00:23:18.690000,VET,5,0 days 00:01:45.506000,3.0,1.0,,,35.062,42.638,27.806,0 days 00:22:08.246000,0 days 00:22:50.884000,0 days 00:23:18.690000,128.0,176.0,250.0,317.0,False,MEDIUM,3.0,True,Aston Martin,0 days 00:21:33.184000,2021-11-05 21:06:33.632,1,,False,,False,True,105.506,105.50599999999999
37,0 days 00:24:38.528000,VET,5,0 days 00:01:19.838000,4.0,1.0,,,27.988,31.078,20.772,0 days 00:23:46.678000,0 days 00:24:17.756000,0 days 00:24:38.528000,311.0,289.0,251.0,347.0,True,MEDIUM,4.0,True,Aston Martin,0 days 00:23:18.690000,2021-11-05 21:08:19.138,12,,False,,False,True,79.838,79.838
38,0 days 00:26:30.192000,VET,5,0 days 00:01:51.664000,5.0,1.0,,0 days 00:26:28.080000,31.739,47.616,32.309,0 days 00:25:10.267000,0 days 00:25:57.883000,0 days 00:26:30.192000,199.0,265.0,,288.0,False,MEDIUM,5.0,True,Aston Martin,0 days 00:24:38.528000,2021-11-05 21:09:38.976,1,,False,,False,False,111.664,111.664
39,0 days 00:34:41.883000,VET,5,,6.0,2.0,0 days 00:33:13.836000,,,34.336,23.054,,0 days 00:34:18.957000,0 days 00:34:42.029000,265.0,266.0,254.0,286.0,False,SOFT,1.0,True,Aston Martin,0 days 00:26:30.192000,2021-11-05 21:11:30.640,1,,False,,False,False,,
40,0 days 00:36:00.564000,VET,5,0 days 00:01:18.681000,7.0,2.0,,,27.739,30.607,20.335,0 days 00:35:09.622000,0 days 00:35:40.229000,0 days 00:36:00.564000,313.0,293.0,252.0,342.0,True,SOFT,2.0,True,Aston Martin,0 days 00:34:41.883000,2021-11-05 21:19:42.331,1,,False,,False,True,78.681,78.68100000000001
41,0 days 00:37:36.766000,VET,5,0 days 00:01:36.202000,8.0,2.0,,0 days 00:37:35.260000,35.023,35.482,25.697,0 days 00:36:35.587000,0 days 00:37:11.069000,0 days 00:37:36.766000,182.0,262.0,,263.0,False,SOFT,3.0,True,Aston Martin,0 days 00:36:00.564000,2021-11-05 21:21:01.012,1,,False,,False,False,96.202,96.202
42,0 days 00:44:54.495000,VET,5,,9.0,3.0,0 days 00:43:03.213000,,,34.556,27.826,,0 days 00:44:26.684000,0 days 00:44:54.553000,252.0,264.0,241.0,281.0,False,SOFT,4.0,False,Aston Martin,0 days 00:37:36.766000,2021-11-05 21:22:37.214,1,,False,,False,False,,
43,0 days 00:46:17.900000,VET,5,0 days 00:01:23.405000,10.0,3.0,,,29.38,32.364,21.661,0 days 00:45:23.875000,0 days 00:45:56.239000,0 days 00:46:17.900000,292.0,276.0,243.0,321.0,False,SOFT,5.0,False,Aston Martin,0 days 00:44:54.495000,2021-11-05 21:29:54.943,1,,False,,False,True,83.405,83.405
44,0 days 00:47:41.386000,VET,5,0 days 00:01:23.486000,11.0,3.0,,,29.389,32.57,21.527,0 days 00:46:47.289000,0 days 00:47:19.859000,0 days 00:47:41.386000,288.0,274.0,243.0,328.0,False,SOFT,6.0,False,Aston Martin,0 days 00:46:17.900000,2021-11-05 21:31:18.348,1,,False,,False,True,83.486,83.486
45,0 days 00:49:04.640000,VET,5,0 days 00:01:23.254000,12.0,3.0,,,29.358,32.406,21.49,0 days 00:48:10.744000,0 days 00:48:43.150000,0 days 00:49:04.640000,285.0,276.0,243.0,321.0,False,SOFT,7.0,False,Aston Martin,0 days 00:47:41.386000,2021-11-05 21:32:41.834,1,,False,,False,True,83.254,83.25399999999999
46,0 days 00:50:27.873000,VET,5,0 days 00:01:23.233000,13.0,3.0,,,29.625,32.164,21.444,0 days 00:49:34.265000,0 days 00:50:06.429000,0 days 00:50:27.873000,284.0,275.0,243.0,317.0,False,SOFT,8.0,False,Aston Martin,0 days 00:49:04.640000,2021-11-05 21:34:05.088,1,,False,,False,True,83.233,83.233
47,0 days 00:51:51.194000,VET,5,0 days 00:01:23.321000,14.0,3.0,,,29.516,32.385,21.42,0 days 00:50:57.389000,0 days 00:51:29.774000,0 days 00:51:51.194000,290.0,277.0,242.0,318.0,False,SOFT,9.0,False,Aston Martin,0 days 00:50:27.873000,2021-11-05 21:35:28.321,1,,False,,False,True,83.321,83.321
48,0 days 00:53:14.486000,VET,5,0 days 00:01:23.292000,15.0,3.0,,,29.504,32.239,21.549,0 days 00:52:20.698000,0 days 00:52:52.937000,0 days 00:53:14.486000,286.0,276.0,243.0,321.0,False,SOFT,10.0,False,Aston Martin,0 days 00:51:51.194000,2021-11-05 21:36:51.642,1,,False,,False,True,83.292,83.292
49,0 days 00:54:37.906000,VET,5,0 days 00:01:23.420000,16.0,3.0,,,29.657,32.195,21.568,0 days 00:53:44.143000,0 days 00:54:16.338000,0 days 00:54:37.906000,284.0,278.0,242.0,319.0,False,SOFT,11.0,False,Aston Martin,0 days 00:53:14.486000,2021-11-05 21:38:14.934,1,,False,,False,True,83.42,83.42
50,0 days 00:56:01.540000,VET,5,0 days 00:01:23.634000,17.0,3.0,,,29.631,32.325,21.678,0 days 00:55:07.537000,0 days 00:55:39.862000,0 days 00:56:01.540000,286.0,278.0,244.0,318.0,False,SOFT,12.0,False,Aston Martin,0 days 00:54:37.906000,2021-11-05 21:39:38.354,1,,False,,False,True,83.634,83.634
51,0 days 00:57:24.993000,VET,5,0 days 00:01:23.453000,18.0,3.0,,,29.423,32.419,21.611,0 days 00:56:30.963000,0 days 00:57:03.382000,0 days 00:57:24.993000,291.0,278.0,242.0,328.0,False,SOFT,13.0,False,Aston Martin,0 days 00:56:01.540000,2021-11-05 21:41:01.988,1,,False,,False,True,83.453,83.453
52,0 days 00:58:48.295000,VET,5,0 days 00:01:23.302000,19.0,3.0,,,29.593,32.177,21.532,0 days 00:57:54.586000,0 days 00:58:26.763000,0 days 00:58:48.295000,288.0,279.0,244.0,323.0,False,SOFT,14.0,False,Aston Martin,0 days 00:57:24.993000,2021-11-05 21:42:25.441,1,,False,,False,True,83.302,83.30199999999999
53,0 days 01:00:11.191000,VET,5,0 days 00:01:22.896000,20.0,3.0,,,29.461,32.09,21.345,0 days 00:59:17.756000,0 days 00:59:49.846000,0 days 01:00:11.191000,289.0,278.0,243.0,323.0,False,SOFT,15.0,False,Aston Martin,0 days 00:58:48.295000,2021-11-05 21:43:48.743,1,,False,,False,True,82.896,82.896
54,0 days 01:01:36.975000,VET,5,0 days 00:01:25.784000,21.0,3.0,,0 days 01:01:34.389000,29.42,32.066,24.298,0 days 01:00:40.611000,0 days 01:01:12.677000,0 days 01:01:36.975000,291.0,277.0,,322.0,False,SOFT,16.0,False,Aston Martin,0 days 01:00:11.191000,2021-11-05 21:45:11.639,1,,False,,False,False,85.784,85.784
55,0 days 01:03:20.336000,VET,5,0 days 00:01:43.361000,22.0,4.0,0 days 01:01:57.345000,,49.136,32.682,21.543,0 days 01:02:26.111000,0 days 01:02:58.793000,0 days 01:03:20.336000,286.0,277.0,243.0,296.0,False,MEDIUM,6.0,False,Aston Martin,0 days 01:01:36.975000,2021-11-05 21:46:37.423,1,,False,,False,False,103.361,103.36100000000002
56,0 days 01:04:46.416000,VET,5,0 days 00:01:26.080000,23.0,4.0,,,29.591,32.142,24.347,0 days 01:03:49.927000,0 days 01:04:22.069000,0 days 01:04:46.416000,293.0,279.0,243.0,320.0,False,MEDIUM,7.0,False,Aston Martin,0 days 01:03:20.336000,2021-11-05 21:48:20.784,12,,False,,False,True,86.08,86.08000000000001
57,0 days 01:06:08.767000,VET,5,0 days 00:01:22.351000,24.0,4.0,,,29.307,31.828,21.216,0 days 01:05:15.723000,0 days 01:05:47.551000,0 days 01:06:08.767000,287.0,278.0,244.0,324.0,False,MEDIUM,8.0,False,Aston Martin,0 days 01:04:46.416000,2021-11-05 21:49:46.864,1,,False,,False,True,82.351,82.351
58,0 days 01:07:30.527000,VET,5,0 days 00:01:21.760000,25.0,4.0,,,29.291,31.389,21.08,0 days 01:06:38.058000,0 days 01:07:09.447000,0 days 01:07:30.527000,290.0,279.0,245.0,319.0,False,MEDIUM,9.0,False,Aston Martin,0 days 01:06:08.767000,2021-11-05 21:51:09.215,1,,False,,False,True,81.76,81.75999999999999
59,0 days 01:08:52.380000,VET,5,0 days 00:01:21.853000,26.0,4.0,,,29.37,31.446,21.037,0 days 01:07:59.897000,0 days 01:08:31.343000,0 days 01:08:52.380000,291.0,280.0,245.0,315.0,False,MEDIUM,10.0,False,Aston Martin,0 days 01:07:30.527000,2021-11-05 21:52:30.975,1,,False,,False,True,81.853,81.85300000000001
60,0 days 01:10:14.482000,VET,5,0 days 00:01:22.102000,27.0,4.0,,,29.282,31.653,21.167,0 days 01:09:21.662000,0 days 01:09:53.315000,0 days 01:10:14.482000,289.0,279.0,247.0,320.0,False,MEDIUM,11.0,False,Aston Martin,0 days 01:08:52.380000,2021-11-05 21:53:52.828,1,,False,,False,True,82.102,82.102
61,0 days 01:11:36.967000,VET,5,0 days 00:01:22.485000,28.0,4.0,,,28.937,32.117,21.431,0 days 01:10:43.419000,0 days 01:11:15.536000,0 days 01:11:36.967000,290.0,279.0,246.0,344.0,False,MEDIUM,12.0,False,Aston Martin,0 days 01:10:14.482000,2021-11-05 21:55:14.930,1,,False,,False,True,82.485,82.485
62,0 days 01:13:03.422000,VET,5,0 days 00:01:26.455000,29.0,4.0,,,31.227,34.066,21.162,0 days 01:12:08.194000,0 days 01:12:42.260000,0 days 01:13:03.422000,232.0,279.0,246.0,328.0,False,MEDIUM,13.0,False,Aston Martin,0 days 01:11:36.967000,2021-11-05 21:56:37.415,1,,False,,False,True,86.455,86.45500000000001
63,0 days 01:14:25.048000,VET,5,0 days 00:01:21.626000,30.0,4.0,,,29.131,31.482,21.013,0 days 01:13:32.553000,0 days 01:14:04.035000,0 days 01:14:25.048000,285.0,276.0,245.0,320.0,False,MEDIUM,14.0,False,Aston Martin,0 days 01:13:03.422000,2021-11-05 21:58:03.870,1,,False,,False,True,81.626,81.626
64,0 days 01:15:46.787000,VET,5,0 days 00:01:21.739000,31.0,4.0,,,29.124,31.427,21.188,0 days 01:14:54.172000,0 days 01:15:25.599000,0 days 01:15:46.787000,295.0,279.0,244.0,320.0,False,MEDIUM,15.0,False,Aston Martin,0 days 01:14:25.048000,2021-11-05 21:59:25.496,1,,False,,False,True,81.739,81.739
65,0 days 01:17:20.095000,VET,5,0 days 00:01:33.308000,32.0,4.0,,0 days 01:17:18.345000,29.444,35.944,27.92,0 days 01:16:16.231000,0 days 01:16:52.175000,0 days 01:17:20.095000,292.0,225.0,,321.0,False,MEDIUM,16.0,False,Aston Martin,0 days 01:15:46.787000,2021-11-05 22:00:47.235,1,,False,,False,False,93.308,93.308
66,0 days 00:23:49.539000,LAT,6,,1.0,1.0,0 days 00:22:03.183000,,,36.748,29.415,,0 days 00:23:20.128000,0 days 00:23:54.066000,255.0,255.0,246.0,295.0,False,MEDIUM,1.0,True,Williams,0 days 00:22:03.183000,2021-11-05 21:07:03.631,1,,False,,False,False,,
67,0 days 00:25:10.772000,LAT,6,0 days 00:01:21.233000,2.0,1.0,,,28.639,31.402,21.192,0 days 00:24:18.178000,0 days 00:24:49.580000,0 days 00:25:10.772000,305.0,283.0,247.0,339.0,False,MEDIUM,2.0,True,Williams,0 days 00:23:49.539000,2021-11-05 21:08:49.987,12,,True,TRACK LIMITS AT TURN 11,False,True,81.233,81.233
68,0 days 00:27:01.283000,LAT,6,0 days 00:01:50.511000,3.0,1.0,,,37.174,39.066,34.271,0 days 00:25:47.946000,0 days 00:26:27.012000,0 days 00:27:01.283000,134.0,258.0,249.0,297.0,True,MEDIUM,3.0,True,Williams,0 days 00:25:10.772000,2021-11-05 21:10:11.220,1,,False,,False,True,110.511,110.51100000000001
69,0 days 00:28:22.103000,LAT,6,0 days 00:01:20.820000,4.0,1.0,,,28.423,31.373,21.024,0 days 00:27:29.706000,0 days 00:28:01.079000,0 days 00:28:22.103000,308.0,285.0,248.0,344.0,True,MEDIUM,4.0,True,Williams,0 days 00:27:01.283000,2021-11-05 21:12:01.731,1,,False,,False,True,80.82,80.82
70,0 days 00:30:05.223000,LAT,6,0 days 00:01:43.120000,5.0,1.0,,0 days 00:30:04.576000,34.5,38.521,30.099,0 days 00:28:56.603000,0 days 00:29:35.124000,0 days 00:30:05.223000,219.0,179.0,,300.0,False,MEDIUM,5.0,True,Williams,0 days 00:28:22.103000,2021-11-05 21:13:22.551,1,,False,,False,False,103.12,103.12
71,0 days 00:58:07.588000,LAT,6,,6.0,2.0,0 days 00:56:41.969000,,,33.671,22.322,,0 days 00:57:45.292000,0 days 00:58:07.727000,276.0,274.0,245.0,300.0,False,MEDIUM,6.0,False,Williams,0 days 00:30:05.223000,2021-11-05 21:15:05.671,1,,False,,False,False,,
72,0 days 00:59:31.107000,LAT,6,0 days 00:01:23.519000,7.0,2.0,,,29.254,32.65,21.615,0 days 00:58:36.842000,0 days 00:59:09.492000,0 days 00:59:31.107000,279.0,280.0,247.0,339.0,False,MEDIUM,7.0,False,Williams,0 days 00:58:07.588000,2021-11-05 21:43:08.036,1,,False,,False,True,83.519,83.51899999999999
73,0 days 01:00:55.123000,LAT,6,0 days 00:01:24.016000,8.0,2.0,,,29.837,32.638,21.541,0 days 01:00:00.944000,0 days 01:00:33.582000,0 days 01:00:55.123000,269.0,275.0,244.0,317.0,False,MEDIUM,8.0,False,Williams,0 days 00:59:31.107000,2021-11-05 21:44:31.555,1,,False,,False,True,84.016,84.01599999999999
74,0 days 01:02:18.974000,LAT,6,0 days 00:01:23.851000,9.0,2.0,,,29.579,32.724,21.548,0 days 01:01:24.702000,0 days 01:01:57.426000,0 days 01:02:18.974000,278.0,274.0,242.0,317.0,False,MEDIUM,9.0,False,Williams,0 days 01:00:55.123000,2021-11-05 21:45:55.571,1,,False,,False,True,83.851,83.851
75,0 days 01:04:09.343000,LAT,6,0 days 00:01:50.369000,10.0,2.0,,,29.602,32.598,48.169,0 days 01:02:48.576000,0 days 01:03:21.174000,0 days 01:04:09.343000,282.0,276.0,222.0,318.0,False,MEDIUM,10.0,False,Williams,0 days 01:02:18.974000,2021-11-05 21:47:19.422,12,,False,,False,True,110.369,110.369
76,0 days 01:05:34.671000,LAT,6,0 days 00:01:25.328000,11.0,2.0,,,30.711,32.857,21.76,0 days 01:04:40.054000,0 days 01:05:12.911000,0 days 01:05:34.671000,272.0,276.0,241.0,317.0,False,MEDIUM,11.0,False,Williams,0 days 01:04:09.343000,2021-11-05 21:49:09.791,1,,False,,False,True,85.328,85.328
77,0 days 01:06:58.069000,LAT,6,0 days 00:01:23.398000,12.0,2.0,,,29.629,32.233,21.536,0 days 01:06:04.300000,0 days 01:06:36.533000,0 days 01:06:58.069000,282.0,276.0,243.0,319.0,False,MEDIUM,12.0,False,Williams,0 days 01:05:34.671000,2021-11-05 21:50:35.119,1,,False,,False,True,83.398,83.398
78,0 days 01:08:21.423000,LAT,6,0 days 00:01:23.354000,13.0,2.0,,,29.569,32.277,21.508,0 days 01:07:27.638000,0 days 01:07:59.915000,0 days 01:08:21.423000,271.0,275.0,244.0,318.0,False,MEDIUM,13.0,False,Williams,0 days 01:06:58.069000,2021-11-05 21:51:58.517,1,,False,,False,True,83.354,83.354
79,0 days 01:09:44.782000,LAT,6,0 days 00:01:23.359000,14.0,2.0,,,29.673,32.321,21.365,0 days 01:08:51.096000,0 days 01:09:23.417000,0 days 01:09:44.782000,278.0,276.0,245.0,308.0,False,MEDIUM,14.0,False,Williams,0 days 01:08:21.423000,2021-11-05 21:53:21.871,1,,False,,False,True,83.359,83.359
80,0 days 01:11:08.305000,LAT,6,0 days 00:01:23.523000,15.0,2.0,,,29.554,32.463,21.506,0 days 01:10:14.336000,0 days 01:10:46.799000,0 days 01:11:08.305000,276.0,275.0,245.0,315.0,False,MEDIUM,15.0,False,Williams,0 days 01:09:44.782000,2021-11-05 21:54:45.230,1,,False,,False,True,83.523,83.523
81,0 days 01:12:31.933000,LAT,6,0 days 00:01:23.628000,16.0,2.0,,,29.612,32.486,21.53,0 days 01:11:37.917000,0 days 01:12:10.403000,0 days 01:12:31.933000,278.0,275.0,244.0,319.0,False,MEDIUM,16.0,False,Williams,0 days 01:11:08.305000,2021-11-05 21:56:08.753,1,,False,,False,True,83.628,83.628
82,0 days 01:14:10.193000,LAT,6,0 days 00:01:38.260000,17.0,2.0,,0 days 01:14:07.596000,32.157,39.4,26.703,0 days 01:13:04.090000,0 days 01:13:43.490000,0 days 01:14:10.193000,183.0,179.0,,297.0,False,MEDIUM,17.0,False,Williams,0 days 01:12:31.933000,2021-11-05 21:57:32.381,1,,False,,False,False,98.26,98.25999999999999
83,0 days 00:16:47.156000,RAI,7,,1.0,1.0,0 days 00:15:06.668000,,,40.457,23.293,,0 days 00:16:23.900000,0 days 00:16:47.302000,247.0,264.0,252.0,260.0,False,MEDIUM,1.0,True,Alfa Romeo Racing,0 days 00:15:06.668000,2021-11-05 21:00:07.116,1,,False,,False,False,,
84,0 days 00:18:14.614000,RAI,7,0 days 00:01:27.458000,2.0,1.0,,,28.565,31.393,27.5,0 days 00:17:15.721000,0 days 00:17:47.114000,0 days 00:18:14.614000,314.0,293.0,186.0,343.0,True,MEDIUM,2.0,True,Alfa Romeo Racing,0 days 00:16:47.156000,2021-11-05 21:01:47.604,1,,False,,False,True,87.458,87.458
85,0 days 00:20:00.644000,RAI,7,0 days 00:01:46.030000,3.0,1.0,,,40.447,38.663,26.92,0 days 00:18:55.061000,0 days 00:19:33.724000,0 days 00:20:00.644000,143.0,242.0,253.0,198.0,False,MEDIUM,3.0,True,Alfa Romeo Racing,0 days 00:18:14.614000,2021-11-05 21:03:15.062,1,,False,,False,True,106.03,106.03
86,0 days 00:21:21.283000,RAI,7,0 days 00:01:20.639000,4.0,1.0,,,28.091,31.363,21.185,0 days 00:20:28.735000,0 days 00:21:00.098000,0 days 00:21:21.283000,315.0,291.0,240.0,355.0,True,MEDIUM,4.0,True,Alfa Romeo Racing,0 days 00:20:00.644000,2021-11-05 21:05:01.092,1,,False,,False,True,80.639,80.639
87,0 days 00:23:04.578000,RAI,7,0 days 00:01:43.295000,5.0,1.0,,,33.446,42.979,26.87,0 days 00:21:54.729000,0 days 00:22:37.708000,0 days 00:23:04.578000,212.0,190.0,253.0,271.0,False,MEDIUM,5.0,True,Alfa Romeo Racing,0 days 00:21:21.283000,2021-11-05 21:06:21.731,1,,False,,False,True,103.295,103.295
88,0 days 00:24:24.594000,RAI,7,0 days 00:01:20.016000,6.0,1.0,,,27.992,31.276,20.748,0 days 00:23:32.570000,0 days 00:24:03.846000,0 days 00:24:24.594000,318.0,293.0,253.0,349.0,True,MEDIUM,6.0,True,Alfa Romeo Racing,0 days 00:23:04.578000,2021-11-05 21:08:05.026,12,,False,,False,True,80.016,80.016
89,0 days 00:26:14.524000,RAI,7,0 days 00:01:49.930000,7.0,1.0,,,36.659,40.32,32.951,0 days 00:25:01.253000,0 days 00:25:41.573000,0 days 00:26:14.524000,109.0,240.0,252.0,319.0,False,MEDIUM,7.0,True,Alfa Romeo Racing,0 days 00:24:24.594000,2021-11-05 21:09:25.042,1,,False,,False,True,109.93,109.93
90,0 days 00:27:34.902000,RAI,7,0 days 00:01:20.378000,8.0,1.0,,,28.03,31.453,20.895,0 days 00:26:42.554000,0 days 00:27:14.007000,0 days 00:27:34.902000,307.0,292.0,252.0,349.0,False,MEDIUM,8.0,True,Alfa Romeo Racing,0 days 00:26:14.524000,2021-11-05 21:11:14.972,1,,False,,False,True,80.378,80.378
91,0 days 00:29:09.376000,RAI,7,0 days 00:01:34.474000,9.0,1.0,,0 days 00:29:09.386000,32.123,37.281,25.07,0 days 00:28:07.025000,0 days 00:28:44.306000,0 days 00:29:09.376000,237.0,259.0,,317.0,False,MEDIUM,9.0,True,Alfa Romeo Racing,0 days 00:27:34.902000,2021-11-05 21:12:35.350,1,,False,,False,False,94.474,94.47399999999999
92,0 days 00:31:22.276000,RAI,7,0 days 00:02:12.900000,10.0,2.0,0 days 00:29:27.888000,0 days 00:31:19.738000,68.711,35.98,28.209,0 days 00:30:18.087000,0 days 00:30:54.067000,0 days 00:31:22.276000,231.0,264.0,,248.0,False,MEDIUM,10.0,False,Alfa Romeo Racing,0 days 00:29:09.376000,2021-11-05 21:14:09.824,1,,False,,False,False,132.9,132.9
93,0 days 00:52:54.872000,RAI,7,,11.0,3.0,0 days 00:51:22.894000,,,35.709,23.199,,0 days 00:52:31.714000,0 days 00:52:55.057000,266.0,283.0,255.0,233.0,False,SOFT,1.0,True,Alfa Romeo Racing,0 days 00:31:22.276000,2021-11-05 21:16:22.724,1,,False,,False,False,,
94,0 days 00:54:13.713000,RAI,7,0 days 00:01:18.841000,12.0,3.0,,,27.707,30.604,20.53,0 days 00:53:22.579000,0 days 00:53:53.183000,0 days 00:54:13.713000,316.0,295.0,252.0,345.0,True,SOFT,2.0,True,Alfa Romeo Racing,0 days 00:52:54.872000,2021-11-05 21:37:55.320,1,,False,,False,True,78.841,78.84100000000001
95,0 days 00:55:55.228000,RAI,7,0 days 00:01:41.515000,13.0,3.0,,,33.837,41.279,26.399,0 days 00:54:47.550000,0 days 00:55:28.829000,0 days 00:55:55.228000,206.0,240.0,253.0,295.0,False,SOFT,3.0,True,Alfa Romeo Racing,0 days 00:54:13.713000,2021-11-05 21:39:14.161,1,,False,,False,True,101.515,101.51500000000001
96,0 days 00:57:14.599000,RAI,7,0 days 00:01:19.371000,14.0,3.0,,,27.899,30.684,20.788,0 days 00:56:23.127000,0 days 00:56:53.811000,0 days 00:57:14.599000,316.0,295.0,250.0,344.0,False,SOFT,4.0,True,Alfa Romeo Racing,0 days 00:55:55.228000,2021-11-05 21:40:55.676,1,,False,,False,True,79.371,79.371
97,0 days 00:58:44.322000,RAI,7,0 days 00:01:29.723000,15.0,3.0,,0 days 00:58:42.043000,31.383,33.579,24.761,0 days 00:57:45.982000,0 days 00:58:19.561000,0 days 00:58:44.322000,241.0,266.0,,296.0,False,SOFT,5.0,True,Alfa Romeo Racing,0 days 00:57:14.599000,2021-11-05 21:42:15.047,1,,False,,False,False,89.723,89.723
98,0 days 01:04:42.049000,RAI,7,,16.0,4.0,0 days 01:03:11.988000,,,33.012,21.308,,0 days 01:04:21.493000,0 days 01:04:42.208000,297.0,280.0,246.0,303.0,False,MEDIUM,11.0,False,Alfa Romeo Racing,0 days 00:58:44.322000,2021-11-05 21:43:44.770,12,,False,,False,False,,
99,0 days 01:06:04.062000,RAI,7,0 days 00:01:22.013000,17.0,4.0,,,28.953,31.936,21.124,0 days 01:05:11.002000,0 days 01:05:42.938000,0 days 01:06:04.062000,306.0,279.0,247.0,324.0,False,MEDIUM,12.0,False,Alfa Romeo Racing,0 days 01:04:42.049000,2021-11-05 21:49:42.497,1,,False,,False,True,82.013,82.01299999999999
100,0 days 01:07:26.004000,RAI,7,0 days 00:01:21.942000,18.0,4.0,,,29.013,31.864,21.065,0 days 01:06:33.075000,0 days 01:07:04.939000,0 days 01:07:26.004000,294.0,281.0,248.0,325.0,False,MEDIUM,13.0,False,Alfa Romeo Racing,0 days 01:06:04.062000,2021-11-05 21:51:04.510,1,,False,,False,True,81.942,81.94200000000001
101,0 days 01:08:47.987000,RAI,7,0 days 00:01:21.983000,19.0,4.0,,,28.949,32.049,20.985,0 days 01:07:54.953000,0 days 01:08:27.002000,0 days 01:08:47.987000,295.0,280.0,247.0,324.0,False,MEDIUM,14.0,False,Alfa Romeo Racing,0 days 01:07:26.004000,2021-11-05 21:52:26.452,1,,False,,False,True,81.983,81.983
102,0 days 01:10:13.457000,RAI,7,0 days 00:01:25.470000,20.0,4.0,,,28.869,32.36,24.241,0 days 01:09:16.856000,0 days 01:09:49.216000,0 days 01:10:13.457000,292.0,286.0,246.0,325.0,False,MEDIUM,15.0,False,Alfa Romeo Racing,0 days 01:08:47.987000,2021-11-05 21:53:48.435,1,,False,,False,True,85.47,85.47
103,0 days 01:11:35.740000,RAI,7,0 days 00:01:22.283000,21.0,4.0,,,29.055,32.042,21.186,0 days 01:10:42.512000,0 days 01:11:14.554000,0 days 01:11:35.740000,292.0,279.0,247.0,326.0,False,MEDIUM,16.0,False,Alfa Romeo Racing,0 days 01:10:13.457000,2021-11-05 21:55:13.905,1,,False,,False,True,82.283,82.283
104,0 days 01:12:57.880000,RAI,7,0 days 00:01:22.140000,22.0,4.0,,,29.018,31.93,21.192,0 days 01:12:04.758000,0 days 01:12:36.688000,0 days 01:12:57.880000,294.0,279.0,247.0,328.0,False,MEDIUM,17.0,False,Alfa Romeo Racing,0 days 01:11:35.740000,2021-11-05 21:56:36.188,1,,False,,False,True,82.14,82.14
105,0 days 01:14:19.992000,RAI,7,0 days 00:01:22.112000,23.0,4.0,,,29.045,31.998,21.069,0 days 01:13:26.925000,0 days 01:13:58.923000,0 days 01:14:19.992000,282.0,280.0,247.0,326.0,False,MEDIUM,18.0,False,Alfa Romeo Racing,0 days 01:12:57.880000,2021-11-05 21:57:58.328,1,,False,,False,True,82.112,82.11200000000001
106,0 days 01:15:42.179000,RAI,7,0 days 00:01:22.187000,24.0,4.0,,,29.091,31.814,21.282,0 days 01:14:49.083000,0 days 01:15:20.897000,0 days 01:15:42.179000,296.0,280.0,247.0,325.0,False,MEDIUM,19.0,False,Alfa Romeo Racing,0 days 01:14:19.992000,2021-11-05 21:59:20.440,1,,False,,False,True,82.187,82.187
107,0 days 01:17:10.224000,RAI,7,0 days 00:01:28.045000,25.0,4.0,,0 days 01:17:08.097000,29.477,33.791,24.777,0 days 01:16:11.656000,0 days 01:16:45.447000,0 days 01:17:10.224000,265.0,262.0,,341.0,False,MEDIUM,20.0,False,Alfa Romeo Racing,0 days 01:15:42.179000,2021-11-05 22:00:42.627,1,,False,,False,False,88.045,88.045
108,0 days 00:18:10.851000,MAZ,9,,1.0,1.0,0 days 00:15:51.998000,,,42.495,44.57,,0 days 00:17:26.337000,0 days 00:18:10.993000,227.0,227.0,244.0,232.0,False,MEDIUM,1.0,True,Haas F1 Team,0 days 00:15:51.998000,2021-11-05 21:00:52.446,1,,False,,False,False,,
109,0 days 00:19:33.118000,MAZ,9,0 days 00:01:22.267000,2.0,1.0,,,28.568,32.313,21.386,0 days 00:18:39.419000,0 days 00:19:11.732000,0 days 00:19:33.118000,308.0,286.0,250.0,343.0,True,MEDIUM,2.0,True,Haas F1 Team,0 days 00:18:10.851000,2021-11-05 21:03:11.299,1,,False,,False,True,82.267,82.267
110,0 days 00:21:44.304000,MAZ,9,0 days 00:02:11.186000,3.0,1.0,,,39.22,57.318,34.648,0 days 00:20:12.338000,0 days 00:21:09.656000,0 days 00:21:44.304000,175.0,221.0,247.0,242.0,False,MEDIUM,3.0,True,Haas F1 Team,0 days 00:19:33.118000,2021-11-05 21:04:33.566,1,,False,,False,True,131.186,131.186
111,0 days 00:23:25.962000,MAZ,9,0 days 00:01:41.658000,4.0,1.0,,,31.822,44.244,25.592,0 days 00:22:16.126000,0 days 00:23:00.370000,0 days 00:23:25.962000,244.0,243.0,247.0,344.0,False,MEDIUM,4.0,True,Haas F1 Team,0 days 00:21:44.304000,2021-11-05 21:06:44.752,1,,False,,False,True,101.658,101.658
112,0 days 00:24:48.009000,MAZ,9,0 days 00:01:22.047000,5.0,1.0,,,28.642,32.149,21.256,0 days 00:23:54.604000,0 days 00:24:26.753000,0 days 00:24:48.009000,309.0,290.0,250.0,342.0,True,MEDIUM,5.0,True,Haas F1 Team,0 days 00:23:25.962000,2021-11-05 21:08:26.410,12,,False,,False,True,82.047,82.047
113,0 days 00:26:47,MAZ,9,0 days 00:01:58.991000,6.0,1.0,,,37.364,47.533,34.094,0 days 00:25:25.373000,0 days 00:26:12.906000,0 days 00:26:47,185.0,239.0,249.0,245.0,False,MEDIUM,6.0,True,Haas F1 Team,0 days 00:24:48.009000,2021-11-05 21:09:48.457,1,,False,,False,True,118.991,118.99099999999999
114,0 days 00:28:08.581000,MAZ,9,0 days 00:01:21.581000,7.0,1.0,,,28.356,32.072,21.153,0 days 00:27:15.356000,0 days 00:27:47.428000,0 days 00:28:08.581000,309.0,288.0,251.0,345.0,True,MEDIUM,7.0,True,Haas F1 Team,0 days 00:26:47,2021-11-05 21:11:47.448,1,,False,,False,True,81.581,81.581
115,0 days 00:29:44.607000,MAZ,9,0 days 00:01:36.026000,8.0,1.0,,0 days 00:29:42.013000,34.195,36.135,25.696,0 days 00:28:42.776000,0 days 00:29:18.911000,0 days 00:29:44.607000,197.0,248.0,,298.0,False,MEDIUM,8.0,True,Haas F1 Team,0 days 00:28:08.581000,2021-11-05 21:13:09.029,1,,False,,False,False,96.026,96.026
116,0 days 00:39:02.723000,MAZ,9,,9.0,2.0,0 days 00:37:04.622000,,,50.715,27.065,,0 days 00:38:35.658000,0 days 00:39:02.851000,161.0,170.0,250.0,183.0,False,SOFT,1.0,True,Haas F1 Team,0 days 00:29:44.607000,2021-11-05 21:14:45.055,1,,False,,False,False,,
117,0 days 00:40:35.474000,MAZ,9,0 days 00:01:32.751000,10.0,2.0,,,28.127,36.585,28.039,0 days 00:39:30.850000,0 days 00:40:07.435000,0 days 00:40:35.474000,314.0,193.0,208.0,341.0,False,SOFT,2.0,True,Haas F1 Team,0 days 00:39:02.723000,2021-11-05 21:24:03.171,1,,False,,False,True,92.751,92.751
118,0 days 00:42:24.636000,MAZ,9,0 days 00:01:49.162000,11.0,2.0,,,37.743,42.017,29.402,0 days 00:41:13.217000,0 days 00:41:55.234000,0 days 00:42:24.636000,188.0,239.0,251.0,232.0,False,SOFT,3.0,True,Haas F1 Team,0 days 00:40:35.474000,2021-11-05 21:25:35.922,1,,False,,False,True,109.162,109.162
119,0 days 00:43:46.360000,MAZ,9,0 days 00:01:21.724000,12.0,2.0,,,28.148,31.889,21.687,0 days 00:42:52.784000,0 days 00:43:24.673000,0 days 00:43:46.360000,314.0,286.0,246.0,343.0,False,SOFT,4.0,True,Haas F1 Team,0 days 00:42:24.636000,2021-11-05 21:27:25.084,1,,False,,False,True,81.724,81.724
120,0 days 00:45:58.799000,MAZ,9,0 days 00:02:12.439000,13.0,2.0,,,47.277,53.925,31.237,0 days 00:44:33.637000,0 days 00:45:27.562000,0 days 00:45:58.799000,114.0,149.0,248.0,159.0,False,SOFT,5.0,True,Haas F1 Team,0 days 00:43:46.360000,2021-11-05 21:28:46.808,1,,False,,False,True,132.439,132.439
121,0 days 00:47:21.202000,MAZ,9,0 days 00:01:22.403000,14.0,2.0,,,28.308,31.829,22.266,0 days 00:46:27.107000,0 days 00:46:58.936000,0 days 00:47:21.202000,311.0,285.0,241.0,342.0,False,SOFT,6.0,True,Haas F1 Team,0 days 00:45:58.799000,2021-11-05 21:30:59.247,1,,False,,False,True,82.403,82.40299999999999
122,0 days 00:49:03.297000,MAZ,9,0 days 00:01:42.095000,15.0,2.0,,0 days 00:49:00.677000,34.333,40.787,26.975,0 days 00:47:55.535000,0 days 00:48:36.322000,0 days 00:49:03.297000,175.0,255.0,,292.0,False,SOFT,7.0,True,Haas F1 Team,0 days 00:47:21.202000,2021-11-05 21:32:21.650,1,,False,,False,False,102.095,102.095
123,0 days 00:59:15.726000,MAZ,9,,16.0,3.0,0 days 00:57:32.414000,,,35.083,22.905,,0 days 00:58:52.840000,0 days 00:59:16.128000,272.0,268.0,240.0,301.0,False,MEDIUM,9.0,False,Haas F1 Team,0 days 00:49:03.297000,2021-11-05 21:34:03.745,1,,False,,False,False,,
124,0 days 01:00:40.675000,MAZ,9,0 days 00:01:24.949000,17.0,3.0,,,29.682,32.923,22.344,0 days 00:59:45.408000,0 days 01:00:18.331000,0 days 01:00:40.675000,282.0,276.0,244.0,319.0,False,MEDIUM,10.0,False,Haas F1 Team,0 days 00:59:15.726000,2021-11-05 21:44:16.174,1,,False,,False,True,84.949,84.94900000000001
125,0 days 01:02:04.867000,MAZ,9,0 days 00:01:24.192000,18.0,3.0,,,29.622,32.798,21.772,0 days 01:01:10.297000,0 days 01:01:43.095000,0 days 01:02:04.867000,281.0,276.0,244.0,322.0,False,MEDIUM,11.0,False,Haas F1 Team,0 days 01:00:40.675000,2021-11-05 21:45:41.123,1,,False,,False,True,84.192,84.19200000000001
126,0 days 01:03:29.035000,MAZ,9,0 days 00:01:24.168000,19.0,3.0,,,29.479,32.931,21.758,0 days 01:02:34.346000,0 days 01:03:07.277000,0 days 01:03:29.035000,287.0,275.0,242.0,322.0,False,MEDIUM,12.0,False,Haas F1 Team,0 days 01:02:04.867000,2021-11-05 21:47:05.315,1,,False,,False,True,84.168,84.16799999999999
127,0 days 01:04:59.858000,MAZ,9,0 days 00:01:30.823000,20.0,3.0,,,30.643,34.887,25.293,0 days 01:03:59.678000,0 days 01:04:34.565000,0 days 01:04:59.858000,261.0,271.0,241.0,326.0,False,MEDIUM,13.0,False,Haas F1 Team,0 days 01:03:29.035000,2021-11-05 21:48:29.483,12,,False,,False,True,90.823,90.82300000000001
128,0 days 01:06:25.110000,MAZ,9,0 days 00:01:25.252000,21.0,3.0,,,29.752,33.321,22.179,0 days 01:05:29.610000,0 days 01:06:02.931000,0 days 01:06:25.110000,288.0,272.0,243.0,328.0,False,MEDIUM,14.0,False,Haas F1 Team,0 days 01:04:59.858000,2021-11-05 21:50:00.306,1,,False,,False,True,85.252,85.252
129,0 days 01:07:49.575000,MAZ,9,0 days 00:01:24.465000,22.0,3.0,,,29.622,32.946,21.897,0 days 01:06:54.732000,0 days 01:07:27.678000,0 days 01:07:49.575000,285.0,274.0,243.0,321.0,False,MEDIUM,15.0,False,Haas F1 Team,0 days 01:06:25.110000,2021-11-05 21:51:25.558,1,,False,,False,True,84.465,84.465
130,0 days 01:09:14.609000,MAZ,9,0 days 00:01:25.034000,23.0,3.0,,,29.644,33.457,21.933,0 days 01:08:19.219000,0 days 01:08:52.676000,0 days 01:09:14.609000,284.0,272.0,242.0,321.0,False,MEDIUM,16.0,False,Haas F1 Team,0 days 01:07:49.575000,2021-11-05 21:52:50.023,1,,True,TRACK LIMITS AT TURN 11,False,True,85.034,85.03399999999999
131,0 days 01:10:42.884000,MAZ,9,0 days 00:01:28.275000,24.0,3.0,,0 days 01:10:40.275000,29.677,33.149,25.449,0 days 01:09:44.286000,0 days 01:10:17.435000,0 days 01:10:42.884000,283.0,274.0,,323.0,False,MEDIUM,17.0,False,Haas F1 Team,0 days 01:09:14.609000,2021-11-05 21:54:15.057,1,,False,,False,False,88.275,88.275
132,0 days 01:12:27.093000,MAZ,9,0 days 00:01:44.209000,25.0,4.0,0 days 01:11:03.309000,,48.967,33.439,21.803,0 days 01:11:31.851000,0 days 01:12:05.290000,0 days 01:12:27.093000,283.0,273.0,243.0,307.0,False,SOFT,8.0,False,Haas F1 Team,0 days 01:10:42.884000,2021-11-05 21:55:43.332,1,,False,,False,False,104.209,104.209
133,0 days 01:13:50.987000,MAZ,9,0 days 00:01:23.894000,26.0,4.0,,,29.504,32.772,21.618,0 days 01:12:56.597000,0 days 01:13:29.369000,0 days 01:13:50.987000,288.0,276.0,243.0,321.0,False,SOFT,9.0,False,Haas F1 Team,0 days 01:12:27.093000,2021-11-05 21:57:27.541,1,,True,TRACK LIMITS AT TURN 11,False,True,83.894,83.89399999999999
134,0 days 01:15:15.608000,MAZ,9,0 days 00:01:24.621000,27.0,4.0,,,29.619,33.28,21.722,0 days 01:14:20.606000,0 days 01:14:53.886000,0 days 01:15:15.608000,284.0,273.0,244.0,323.0,False,SOFT,10.0,False,Haas F1 Team,0 days 01:13:50.987000,2021-11-05 21:58:51.435,1,,False,,False,True,84.621,84.62100000000001
135,0 days 01:16:54.737000,MAZ,9,0 days 00:01:39.129000,28.0,4.0,,0 days 01:16:52.200000,32.972,38.735,27.422,0 days 01:15:48.580000,0 days 01:16:27.315000,0 days 01:16:54.737000,198.0,241.0,,295.0,False,SOFT,11.0,False,Haas F1 Team,0 days 01:15:15.608000,2021-11-05 22:00:16.056,1,,False,,False,False,99.129,99.12899999999999
136,0 days 00:20:49.355000,GAS,10,,1.0,1.0,0 days 00:19:11.964000,,,36.552,30.272,,0 days 00:20:19.127000,0 days 00:20:49.522000,277.0,274.0,250.0,281.0,False,HARD,1.0,True,AlphaTauri,0 days 00:19:11.964000,2021-11-05 21:04:12.412,1,,False,,False,False,,
137,0 days 00:22:09.082000,GAS,10,0 days 00:01:19.727000,2.0,1.0,,,28.147,30.986,20.594,0 days 00:21:17.502000,0 days 00:21:48.488000,0 days 00:22:09.082000,309.0,292.0,252.0,340.0,True,HARD,2.0,True,AlphaTauri,0 days 00:20:49.355000,2021-11-05 21:05:49.803,1,,False,,False,True,79.727,79.727
138,0 days 00:23:55.737000,GAS,10,0 days 00:01:46.655000,3.0,1.0,,,36.137,45.054,25.464,0 days 00:22:45.219000,0 days 00:23:30.273000,0 days 00:23:55.737000,207.0,266.0,251.0,297.0,False,HARD,3.0,True,AlphaTauri,0 days 00:22:09.082000,2021-11-05 21:07:09.530,12,,False,,False,True,106.655,106.655
139,0 days 00:25:14.719000,GAS,10,0 days 00:01:18.982000,4.0,1.0,,,27.882,30.676,20.424,0 days 00:24:23.619000,0 days 00:24:54.295000,0 days 00:25:14.719000,313.0,292.0,252.0,341.0,True,HARD,4.0,True,AlphaTauri,0 days 00:23:55.737000,2021-11-05 21:08:56.185,1,,False,,False,True,78.982,78.982
140,0 days 00:26:56.389000,GAS,10,0 days 00:01:41.670000,5.0,1.0,,,34.339,37.964,29.367,0 days 00:25:49.058000,0 days 00:26:27.022000,0 days 00:26:56.389000,202.0,267.0,252.0,301.0,False,HARD,5.0,True,AlphaTauri,0 days 00:25:14.719000,2021-11-05 21:10:15.167,1,,False,,False,True,101.67,101.67
141,0 days 00:28:15.390000,GAS,10,0 days 00:01:19.001000,6.0,1.0,,,27.82,30.63,20.551,0 days 00:27:24.209000,0 days 00:27:54.839000,0 days 00:28:15.390000,315.0,294.0,252.0,342.0,False,HARD,6.0,True,AlphaTauri,0 days 00:26:56.389000,2021-11-05 21:11:56.837,1,,False,,False,True,79.001,79.001
142,0 days 00:29:53.171000,GAS,10,0 days 00:01:37.781000,7.0,1.0,,0 days 00:29:52.835000,32.971,36.137,28.673,0 days 00:28:48.361000,0 days 00:29:24.498000,0 days 00:29:53.171000,260.0,237.0,,300.0,False,HARD,7.0,True,AlphaTauri,0 days 00:28:15.390000,2021-11-05 21:13:15.838,1,,False,,False,False,97.781,97.781
143,0 days 00:39:54.573000,GAS,10,,8.0,2.0,0 days 00:38:19.016000,,,39.039,23.394,,0 days 00:39:31.219000,0 days 00:39:54.796000,246.0,272.0,254.0,292.0,False,SOFT,1.0,True,AlphaTauri,0 days 00:29:53.171000,2021-11-05 21:14:53.619,1,,False,,False,False,,
144,0 days 00:41:13.002000,GAS,10,0 days 00:01:18.429000,9.0,2.0,,,27.47,30.342,20.617,0 days 00:40:22.043000,0 days 00:40:52.385000,0 days 00:41:13.002000,312.0,290.0,251.0,346.0,True,SOFT,2.0,True,AlphaTauri,0 days 00:39:54.573000,2021-11-05 21:24:55.021,1,,False,,False,True,78.429,78.429
145,0 days 00:43:13.062000,GAS,10,0 days 00:02:00.060000,10.0,2.0,,,39.495,50.825,29.74,0 days 00:41:52.497000,0 days 00:42:43.322000,0 days 00:43:13.062000,166.0,168.0,187.0,297.0,False,SOFT,3.0,True,AlphaTauri,0 days 00:41:13.002000,2021-11-05 21:26:13.450,1,,False,,False,True,120.06,120.05999999999999
146,0 days 00:45:00.266000,GAS,10,0 days 00:01:47.204000,11.0,2.0,,,40.822,41.568,24.814,0 days 00:43:53.884000,0 days 00:44:35.452000,0 days 00:45:00.266000,203.0,265.0,251.0,249.0,False,SOFT,4.0,True,AlphaTauri,0 days 00:43:13.062000,2021-11-05 21:28:13.510,1,,False,,False,True,107.204,107.20400000000001
147,0 days 00:46:19.057000,GAS,10,0 days 00:01:18.791000,12.0,2.0,,,27.627,30.482,20.682,0 days 00:45:27.893000,0 days 00:45:58.375000,0 days 00:46:19.057000,315.0,293.0,251.0,344.0,False,SOFT,5.0,True,AlphaTauri,0 days 00:45:00.266000,2021-11-05 21:30:00.714,1,,False,,False,True,78.791,78.791
148,0 days 00:48:00.764000,GAS,10,0 days 00:01:41.707000,13.0,2.0,,0 days 00:47:59.534000,36.695,38.048,26.964,0 days 00:46:55.752000,0 days 00:47:33.800000,0 days 00:48:00.764000,112.0,261.0,,253.0,False,SOFT,6.0,True,AlphaTauri,0 days 00:46:19.057000,2021-11-05 21:31:19.505,1,,False,,False,False,101.707,101.707
149,0 days 00:56:00.363000,GAS,10,,14.0,3.0,0 days 00:54:24.089000,,,33.68,23.544,,0 days 00:55:36.859000,0 days 00:56:01.550000,285.0,277.0,246.0,300.0,False,HARD,8.0,False,AlphaTauri,0 days 00:48:00.764000,2021-11-05 21:33:01.212,1,,False,,False,False,,
150,0 days 00:57:22.375000,GAS,10,0 days 00:01:22.012000,15.0,3.0,,,29.003,31.833,21.176,0 days 00:56:29.366000,0 days 00:57:01.199000,0 days 00:57:22.375000,292.0,281.0,247.0,327.0,False,HARD,9.0,False,AlphaTauri,0 days 00:56:00.363000,2021-11-05 21:41:00.811,1,,False,,False,True,82.012,82.012
151,0 days 00:58:45.085000,GAS,10,0 days 00:01:22.710000,16.0,3.0,,,29.205,32.049,21.456,0 days 00:57:51.580000,0 days 00:58:23.629000,0 days 00:58:45.085000,295.0,290.0,246.0,321.0,False,HARD,10.0,False,AlphaTauri,0 days 00:57:22.375000,2021-11-05 21:42:22.823,1,,False,,False,True,82.71,82.71
152,0 days 01:00:06.975000,GAS,10,0 days 00:01:21.890000,17.0,3.0,,,28.581,31.996,21.313,0 days 00:59:13.666000,0 days 00:59:45.662000,0 days 01:00:06.975000,300.0,290.0,248.0,347.0,False,HARD,11.0,False,AlphaTauri,0 days 00:58:45.085000,2021-11-05 21:43:45.533,1,,False,,False,True,81.89,81.89
153,0 days 01:01:29.946000,GAS,10,0 days 00:01:22.971000,18.0,3.0,,,28.503,32.721,21.747,0 days 01:00:35.478000,0 days 01:01:08.199000,0 days 01:01:29.946000,291.0,291.0,248.0,349.0,False,HARD,12.0,False,AlphaTauri,0 days 01:00:06.975000,2021-11-05 21:45:07.423,1,,False,,False,True,82.971,82.971
154,0 days 01:02:59.353000,GAS,10,0 days 00:01:29.407000,19.0,3.0,,,31.286,36.018,22.103,0 days 01:02:01.232000,0 days 01:02:37.250000,0 days 01:02:59.353000,249.0,279.0,247.0,335.0,False,HARD,13.0,False,AlphaTauri,0 days 01:01:29.946000,2021-11-05 21:46:30.394,1,,False,,False,True,89.407,89.40700000000001
155,0 days 01:04:43.494000,GAS,10,0 days 00:01:44.141000,20.0,3.0,,0 days 01:04:42.099000,34.52,39.565,30.056,0 days 01:03:33.873000,0 days 01:04:13.438000,0 days 01:04:43.494000,203.0,194.0,,270.0,False,HARD,14.0,False,AlphaTauri,0 days 01:02:59.353000,2021-11-05 21:47:59.801,12,,False,,False,False,104.141,104.141
156,0 days 01:06:40.578000,GAS,10,0 days 00:01:57.084000,21.0,4.0,0 days 01:05:10.477000,,59.397,35.794,21.893,0 days 01:05:42.891000,0 days 01:06:18.685000,0 days 01:06:40.578000,258.0,264.0,249.0,205.0,False,HARD,15.0,False,AlphaTauri,0 days 01:04:43.494000,2021-11-05 21:49:43.942,1,,False,,False,False,117.084,117.084
157,0 days 01:08:01.636000,GAS,10,0 days 00:01:21.058000,22.0,4.0,,,28.917,31.272,20.869,0 days 01:07:09.495000,0 days 01:07:40.767000,0 days 01:08:01.636000,293.0,284.0,249.0,314.0,False,HARD,16.0,False,AlphaTauri,0 days 01:06:40.578000,2021-11-05 21:51:41.026,1,,False,,False,True,81.058,81.05799999999999
158,0 days 01:09:23.664000,GAS,10,0 days 00:01:22.028000,23.0,4.0,,,29.17,31.817,21.041,0 days 01:08:30.806000,0 days 01:09:02.623000,0 days 01:09:23.664000,291.0,281.0,247.0,317.0,False,HARD,17.0,False,AlphaTauri,0 days 01:08:01.636000,2021-11-05 21:53:02.084,1,,False,,False,True,82.028,82.028
159,0 days 01:10:45.462000,GAS,10,0 days 00:01:21.798000,24.0,4.0,,,28.995,31.768,21.035,0 days 01:09:52.659000,0 days 01:10:24.427000,0 days 01:10:45.462000,295.0,283.0,248.0,319.0,False,HARD,18.0,False,AlphaTauri,0 days 01:09:23.664000,2021-11-05 21:54:24.112,1,,False,,False,True,81.798,81.798
160,0 days 01:12:07.096000,GAS,10,0 days 00:01:21.634000,25.0,4.0,,,29.017,31.488,21.129,0 days 01:11:14.479000,0 days 01:11:45.967000,0 days 01:12:07.096000,293.0,284.0,249.0,321.0,False,HARD,19.0,False,AlphaTauri,0 days 01:10:45.462000,2021-11-05 21:55:45.910,1,,False,,False,True,81.634,81.634
161,0 days 01:13:29.255000,GAS,10,0 days 00:01:22.159000,26.0,4.0,,,28.956,31.871,21.332,0 days 01:12:36.052000,0 days 01:13:07.923000,0 days 01:13:29.255000,294.0,283.0,247.0,323.0,False,HARD,20.0,False,AlphaTauri,0 days 01:12:07.096000,2021-11-05 21:57:07.544,1,,False,,False,True,82.159,82.15899999999999
162,0 days 01:14:50.621000,GAS,10,0 days 00:01:21.366000,27.0,4.0,,,28.795,31.577,20.994,0 days 01:13:58.050000,0 days 01:14:29.627000,0 days 01:14:50.621000,295.0,286.0,248.0,324.0,False,HARD,21.0,False,AlphaTauri,0 days 01:13:29.255000,2021-11-05 21:58:29.703,1,,False,,False,True,81.366,81.366
163,0 days 01:16:13.006000,GAS,10,0 days 00:01:22.385000,28.0,4.0,,,29.14,31.966,21.279,0 days 01:15:19.761000,0 days 01:15:51.727000,0 days 01:16:13.006000,299.0,283.0,248.0,326.0,False,HARD,22.0,False,AlphaTauri,0 days 01:14:50.621000,2021-11-05 21:59:51.069,1,,False,,False,True,82.385,82.385
164,0 days 01:17:44.702000,GAS,10,0 days 00:01:31.696000,29.0,4.0,,0 days 01:17:43.778000,30.167,35.127,26.402,0 days 01:16:43.173000,0 days 01:17:18.300000,0 days 01:17:44.702000,268.0,249.0,,305.0,False,HARD,23.0,False,AlphaTauri,0 days 01:16:13.006000,2021-11-05 22:01:13.454,1,,False,,False,False,91.696,91.69600000000001
165,0 days 00:18:33.909000,PER,11,,1.0,1.0,0 days 00:16:32.594000,,,34.905,56.543,,0 days 00:17:37.429000,0 days 00:18:34.088000,267.0,218.0,246.0,285.0,False,MEDIUM,1.0,True,Red Bull Racing,0 days 00:16:32.594000,2021-11-05 21:01:33.042,1,,False,,False,False,,
166,0 days 00:19:53.409000,PER,11,0 days 00:01:19.500000,2.0,1.0,,,28.027,30.982,20.491,0 days 00:19:01.936000,0 days 00:19:32.918000,0 days 00:19:53.409000,310.0,290.0,253.0,340.0,True,MEDIUM,2.0,True,Red Bull Racing,0 days 00:18:33.909000,2021-11-05 21:03:34.357,1,,False,,False,True,79.5,79.5
167,0 days 00:21:31.058000,PER,11,0 days 00:01:37.649000,3.0,1.0,,,32.642,41.111,23.896,0 days 00:20:26.051000,0 days 00:21:07.162000,0 days 00:21:31.058000,181.0,254.0,251.0,296.0,False,MEDIUM,3.0,True,Red Bull Racing,0 days 00:19:53.409000,2021-11-05 21:04:53.857,1,,False,,False,True,97.649,97.649
168,0 days 00:23:01.208000,PER,11,0 days 00:01:30.150000,4.0,1.0,,,27.808,36.327,26.015,0 days 00:21:58.866000,0 days 00:22:35.193000,0 days 00:23:01.208000,313.0,259.0,251.0,342.0,False,MEDIUM,4.0,True,Red Bull Racing,0 days 00:21:31.058000,2021-11-05 21:06:31.506,1,,False,,False,True,90.15,90.14999999999999
169,0 days 00:24:19.892000,PER,11,0 days 00:01:18.684000,5.0,1.0,,,27.725,30.528,20.431,0 days 00:23:28.933000,0 days 00:23:59.461000,0 days 00:24:19.892000,313.0,293.0,253.0,341.0,True,MEDIUM,5.0,True,Red Bull Racing,0 days 00:23:01.208000,2021-11-05 21:08:01.656,12,,False,,False,True,78.684,78.684
170,0 days 00:26:26.016000,PER,11,0 days 00:02:06.124000,6.0,1.0,,,40.183,50.097,35.844,0 days 00:25:00.075000,0 days 00:25:50.172000,0 days 00:26:26.016000,124.0,254.0,248.0,188.0,False,MEDIUM,6.0,True,Red Bull Racing,0 days 00:24:19.892000,2021-11-05 21:09:20.340,1,,False,,False,True,126.124,126.124
171,0 days 00:27:44.746000,PER,11,0 days 00:01:18.730000,7.0,1.0,,,27.753,30.332,20.645,0 days 00:26:53.769000,0 days 00:27:24.101000,0 days 00:27:44.746000,312.0,293.0,252.0,342.0,False,MEDIUM,7.0,True,Red Bull Racing,0 days 00:26:26.016000,2021-11-05 21:11:26.464,1,,False,,False,True,78.73,78.73
172,0 days 00:29:15.231000,PER,11,0 days 00:01:30.485000,8.0,1.0,,0 days 00:29:14.520000,32.027,33.283,25.175,0 days 00:28:16.773000,0 days 00:28:50.056000,0 days 00:29:15.231000,255.0,269.0,,282.0,False,MEDIUM,8.0,True,Red Bull Racing,0 days 00:27:44.746000,2021-11-05 21:12:45.194,1,,False,,False,False,90.485,90.485
173,0 days 00:41:51.102000,PER,11,,9.0,2.0,0 days 00:40:23.809000,,,34.32,23.52,,0 days 00:41:27.593000,0 days 00:41:52.607000,232.0,257.0,252.0,279.0,False,SOFT,1.0,True,Red Bull Racing,0 days 00:29:15.231000,2021-11-05 21:14:15.679,1,,False,,False,False,,
174,0 days 00:43:09.336000,PER,11,0 days 00:01:18.234000,10.0,2.0,,,27.704,30.03,20.5,0 days 00:42:18.806000,0 days 00:42:48.836000,0 days 00:43:09.336000,309.0,292.0,252.0,338.0,True,SOFT,2.0,True,Red Bull Racing,0 days 00:41:51.102000,2021-11-05 21:26:51.550,1,,False,,False,True,78.234,78.23400000000001
175,0 days 00:44:57.218000,PER,11,0 days 00:01:47.882000,11.0,2.0,,,40.51,41.151,26.221,0 days 00:43:49.846000,0 days 00:44:30.997000,0 days 00:44:57.218000,203.0,240.0,212.0,159.0,False,SOFT,3.0,True,Red Bull Racing,0 days 00:43:09.336000,2021-11-05 21:28:09.784,1,,False,,False,True,107.882,107.882
176,0 days 00:46:41.636000,PER,11,0 days 00:01:44.418000,12.0,2.0,,,38.898,39.805,25.715,0 days 00:45:36.116000,0 days 00:46:15.921000,0 days 00:46:41.636000,238.0,253.0,252.0,261.0,False,SOFT,4.0,True,Red Bull Racing,0 days 00:44:57.218000,2021-11-05 21:29:57.666,1,,False,,False,True,104.418,104.418
177,0 days 00:47:59.507000,PER,11,0 days 00:01:17.871000,13.0,2.0,,,27.505,29.995,20.371,0 days 00:47:09.141000,0 days 00:47:39.136000,0 days 00:47:59.507000,311.0,292.0,253.0,338.0,True,SOFT,5.0,True,Red Bull Racing,0 days 00:46:41.636000,2021-11-05 21:31:42.084,1,,False,,False,True,77.871,77.871
178,0 days 00:49:31.409000,PER,11,0 days 00:01:31.902000,14.0,2.0,,0 days 00:49:28.795000,31.107,33.234,27.561,0 days 00:48:30.614000,0 days 00:49:03.848000,0 days 00:49:31.409000,273.0,257.0,,299.0,False,SOFT,6.0,True,Red Bull Racing,0 days 00:47:59.507000,2021-11-05 21:32:59.955,1,,False,,False,False,91.902,91.90200000000002
179,0 days 00:59:29.771000,PER,11,,15.0,3.0,0 days 00:57:45.036000,0 days 00:59:27.194000,,35.331,25.045,,0 days 00:59:04.747000,0 days 00:59:29.895000,134.0,261.0,,296.0,False,MEDIUM,9.0,False,Red Bull Racing,0 days 00:49:31.409000,2021-11-05 21:34:31.857,1,,False,,False,False,,
180,0 days 01:01:21.136000,PER,11,0 days 00:01:51.365000,16.0,4.0,0 days 00:59:47.169000,,57.863,32.273,21.229,0 days 01:00:27.634000,0 days 01:00:59.907000,0 days 01:01:21.136000,264.0,276.0,246.0,271.0,False,MEDIUM,10.0,False,Red Bull Racing,0 days 00:59:29.771000,2021-11-05 21:44:30.219,1,,False,,False,False,111.365,111.365
181,0 days 01:02:42.741000,PER,11,0 days 00:01:21.605000,17.0,4.0,,,29.135,31.446,21.024,0 days 01:01:50.271000,0 days 01:02:21.717000,0 days 01:02:42.741000,277.0,279.0,246.0,315.0,False,MEDIUM,11.0,False,Red Bull Racing,0 days 01:01:21.136000,2021-11-05 21:46:21.584,1,,False,,False,True,81.605,81.605
182,0 days 01:04:04.899000,PER,11,0 days 00:01:22.158000,18.0,4.0,,,28.96,31.493,21.705,0 days 01:03:11.701000,0 days 01:03:43.194000,0 days 01:04:04.899000,281.0,279.0,243.0,320.0,False,MEDIUM,12.0,False,Red Bull Racing,0 days 01:02:42.741000,2021-11-05 21:47:43.189,12,,True,DOUBLE YELLOW AT TURN 15,False,True,82.158,82.158
183,0 days 01:05:31.359000,PER,11,0 days 00:01:26.460000,19.0,4.0,,,29.014,34.809,22.637,0 days 01:04:33.913000,0 days 01:05:08.722000,0 days 01:05:31.359000,266.0,280.0,245.0,323.0,False,MEDIUM,13.0,False,Red Bull Racing,0 days 01:04:04.899000,2021-11-05 21:49:05.347,1,,False,,False,True,86.46,86.46
184,0 days 01:06:52.121000,PER,11,0 days 00:01:20.762000,20.0,4.0,,,28.844,31.069,20.849,0 days 01:06:00.203000,0 days 01:06:31.272000,0 days 01:06:52.121000,284.0,281.0,247.0,319.0,False,MEDIUM,14.0,False,Red Bull Racing,0 days 01:05:31.359000,2021-11-05 21:50:31.807,1,,False,,False,True,80.762,80.762
185,0 days 01:08:13.481000,PER,11,0 days 00:01:21.360000,21.0,4.0,,,28.935,31.491,20.934,0 days 01:07:21.056000,0 days 01:07:52.547000,0 days 01:08:13.481000,289.0,279.0,247.0,319.0,False,MEDIUM,15.0,False,Red Bull Racing,0 days 01:06:52.121000,2021-11-05 21:51:52.569,1,,False,,False,True,81.36,81.36
186,0 days 01:09:34.901000,PER,11,0 days 00:01:21.420000,22.0,4.0,,,28.963,31.55,20.907,0 days 01:08:42.444000,0 days 01:09:13.994000,0 days 01:09:34.901000,285.0,279.0,246.0,319.0,False,MEDIUM,16.0,False,Red Bull Racing,0 days 01:08:13.481000,2021-11-05 21:53:13.929,1,,False,,False,True,81.42,81.42
187,0 days 01:10:57.341000,PER,11,0 days 00:01:22.440000,23.0,4.0,,,28.918,31.666,21.856,0 days 01:10:03.819000,0 days 01:10:35.485000,0 days 01:10:57.341000,285.0,281.0,247.0,319.0,False,MEDIUM,17.0,False,Red Bull Racing,0 days 01:09:34.901000,2021-11-05 21:54:35.349,1,,False,,False,True,82.44,82.44
188,0 days 01:12:18.470000,PER,11,0 days 00:01:21.129000,24.0,4.0,,,28.919,31.364,20.846,0 days 01:11:26.260000,0 days 01:11:57.624000,0 days 01:12:18.470000,272.0,283.0,249.0,317.0,False,MEDIUM,18.0,False,Red Bull Racing,0 days 01:10:57.341000,2021-11-05 21:55:57.789,1,,False,,False,True,81.129,81.129
189,0 days 01:13:42.908000,PER,11,0 days 00:01:24.438000,25.0,4.0,,,28.847,31.671,23.92,0 days 01:12:47.317000,0 days 01:13:18.988000,0 days 01:13:42.908000,277.0,283.0,247.0,318.0,False,MEDIUM,19.0,False,Red Bull Racing,0 days 01:12:18.470000,2021-11-05 21:57:18.918,1,,False,,False,True,84.438,84.438
190,0 days 01:15:12.749000,PER,11,0 days 00:01:29.841000,26.0,4.0,,0 days 01:15:10.161000,28.921,33.114,27.806,0 days 01:14:11.829000,0 days 01:14:44.943000,0 days 01:15:12.749000,280.0,246.0,,319.0,False,MEDIUM,20.0,False,Red Bull Racing,0 days 01:13:42.908000,2021-11-05 21:58:43.356,1,,False,,False,False,89.841,89.841
191,0 days 00:18:44.948000,ALO,14,,1.0,1.0,0 days 00:16:49.934000,,,36.923,31.821,,0 days 00:18:13.144000,0 days 00:18:45.055000,270.0,265.0,227.0,267.0,False,HARD,1.0,True,Alpine,0 days 00:16:49.934000,2021-11-05 21:01:50.382,1,,False,,False,False,,
192,0 days 00:20:06.158000,ALO,14,0 days 00:01:21.210000,2.0,1.0,,,28.648,31.461,21.101,0 days 00:19:13.596000,0 days 00:19:45.057000,0 days 00:20:06.158000,310.0,288.0,248.0,343.0,True,HARD,2.0,True,Alpine,0 days 00:18:44.948000,2021-11-05 21:03:45.396,1,,False,,False,True,81.21,81.21
193,0 days 00:21:51.570000,ALO,14,0 days 00:01:45.412000,3.0,1.0,,,34.427,37.849,33.136,0 days 00:20:40.585000,0 days 00:21:18.434000,0 days 00:21:51.570000,159.0,270.0,246.0,262.0,False,HARD,3.0,True,Alpine,0 days 00:20:06.158000,2021-11-05 21:05:06.606,1,,False,,False,True,105.412,105.412
194,0 days 00:23:11.629000,ALO,14,0 days 00:01:20.059000,4.0,1.0,,,28.31,31.12,20.629,0 days 00:22:19.880000,0 days 00:22:51,0 days 00:23:11.629000,309.0,288.0,247.0,344.0,True,HARD,4.0,True,Alpine,0 days 00:21:51.570000,2021-11-05 21:06:52.018,1,,False,,False,True,80.059,80.059
195,0 days 00:24:52.558000,ALO,14,0 days 00:01:40.929000,5.0,1.0,,,35.966,36.883,28.08,0 days 00:23:47.595000,0 days 00:24:24.478000,0 days 00:24:52.558000,194.0,262.0,247.0,266.0,False,HARD,5.0,True,Alpine,0 days 00:23:11.629000,2021-11-05 21:08:12.077,12,,False,,False,True,100.929,100.929
196,0 days 00:26:44.015000,ALO,14,0 days 00:01:51.457000,6.0,1.0,,,28.225,36.276,46.956,0 days 00:25:20.783000,0 days 00:25:57.059000,0 days 00:26:44.015000,312.0,262.0,245.0,345.0,False,HARD,6.0,True,Alpine,0 days 00:24:52.558000,2021-11-05 21:09:53.006,1,,False,,False,True,111.457,111.45700000000001
197,0 days 00:28:18.012000,ALO,14,0 days 00:01:33.997000,7.0,1.0,,0 days 00:28:15.391000,29.409,36.713,27.875,0 days 00:27:13.424000,0 days 00:27:50.137000,0 days 00:28:18.012000,289.0,209.0,,343.0,False,HARD,7.0,True,Alpine,0 days 00:26:44.015000,2021-11-05 21:11:44.463,1,,False,,False,False,93.997,93.997
198,0 days 00:41:37.624000,ALO,14,,8.0,2.0,0 days 00:40:06.273000,,,36.065,23.424,,0 days 00:41:15.576000,0 days 00:41:37.730000,277.0,273.0,253.0,288.0,False,SOFT,1.0,True,Alpine,0 days 00:28:18.012000,2021-11-05 21:13:18.460,1,,False,,False,False,,
199,0 days 00:42:56.359000,ALO,14,0 days 00:01:18.735000,9.0,2.0,,,27.823,30.439,20.473,0 days 00:42:05.447000,0 days 00:42:35.886000,0 days 00:42:56.359000,312.0,290.0,250.0,340.0,True,SOFT,2.0,True,Alpine,0 days 00:41:37.624000,2021-11-05 21:26:38.072,1,,False,,False,True,78.735,78.735
200,0 days 00:44:49.648000,ALO,14,0 days 00:01:53.289000,10.0,2.0,,,44.076,44.17,25.043,0 days 00:43:40.435000,0 days 00:44:24.605000,0 days 00:44:49.648000,164.0,248.0,251.0,184.0,False,SOFT,3.0,True,Alpine,0 days 00:42:56.359000,2021-11-05 21:27:56.807,1,,False,,False,True,113.289,113.28900000000002
201,0 days 00:46:08.380000,ALO,14,0 days 00:01:18.732000,11.0,2.0,,,27.801,30.322,20.609,0 days 00:45:17.449000,0 days 00:45:47.771000,0 days 00:46:08.380000,311.0,291.0,249.0,342.0,True,SOFT,4.0,True,Alpine,0 days 00:44:49.648000,2021-11-05 21:29:50.096,1,,False,,False,True,78.732,78.732
202,0 days 00:47:43.058000,ALO,14,0 days 00:01:34.678000,12.0,2.0,,0 days 00:47:40.443000,31.657,36.148,26.873,0 days 00:46:40.037000,0 days 00:47:16.185000,0 days 00:47:43.058000,190.0,236.0,,298.0,False,SOFT,5.0,True,Alpine,0 days 00:46:08.380000,2021-11-05 21:31:08.828,1,,False,,False,False,94.678,94.67800000000001
203,0 days 00:57:31.407000,ALO,14,,13.0,3.0,0 days 00:55:53.732000,,,32.729,21.522,,0 days 00:57:09.935000,0 days 00:57:31.714000,291.0,275.0,244.0,302.0,False,HARD,8.0,False,Alpine,0 days 00:47:43.058000,2021-11-05 21:32:43.506,1,,False,,False,False,,
204,0 days 00:58:54.576000,ALO,14,0 days 00:01:23.169000,14.0,3.0,,,29.688,32.408,21.073,0 days 00:58:01.095000,0 days 00:58:33.503000,0 days 00:58:54.576000,292.0,278.0,244.0,323.0,False,HARD,9.0,False,Alpine,0 days 00:57:31.407000,2021-11-05 21:42:31.855,1,,False,,False,True,83.169,83.16900000000001
205,0 days 01:00:16.163000,ALO,14,0 days 00:01:21.587000,15.0,3.0,,,29.194,31.47,20.923,0 days 00:59:23.770000,0 days 00:59:55.240000,0 days 01:00:16.163000,293.0,280.0,244.0,321.0,False,HARD,10.0,False,Alpine,0 days 00:58:54.576000,2021-11-05 21:43:55.024,1,,False,,False,True,81.587,81.587
206,0 days 01:01:38.395000,ALO,14,0 days 00:01:22.232000,16.0,3.0,,,29.111,32.029,21.092,0 days 01:00:45.274000,0 days 01:01:17.303000,0 days 01:01:38.395000,295.0,278.0,244.0,322.0,False,HARD,11.0,False,Alpine,0 days 01:00:16.163000,2021-11-05 21:45:16.611,1,,False,,False,True,82.232,82.232
207,0 days 01:03:00.808000,ALO,14,0 days 00:01:22.413000,17.0,3.0,,,29.169,31.948,21.296,0 days 01:02:07.564000,0 days 01:02:39.512000,0 days 01:03:00.808000,295.0,278.0,243.0,322.0,False,HARD,12.0,False,Alpine,0 days 01:01:38.395000,2021-11-05 21:46:38.843,1,,False,,False,True,82.413,82.41300000000001
208,0 days 01:04:23.169000,ALO,14,0 days 00:01:22.361000,18.0,3.0,,,29.414,31.709,21.238,0 days 01:03:30.222000,0 days 01:04:01.931000,0 days 01:04:23.169000,295.0,280.0,243.0,326.0,False,HARD,13.0,False,Alpine,0 days 01:03:00.808000,2021-11-05 21:48:01.256,12,,False,,False,True,82.361,82.361
209,0 days 01:05:45.819000,ALO,14,0 days 00:01:22.650000,19.0,3.0,,,29.449,31.872,21.329,0 days 01:04:52.618000,0 days 01:05:24.490000,0 days 01:05:45.819000,293.0,280.0,243.0,322.0,False,HARD,14.0,False,Alpine,0 days 01:04:23.169000,2021-11-05 21:49:23.617,1,,False,,False,True,82.65,82.65
210,0 days 01:07:08.238000,ALO,14,0 days 00:01:22.419000,20.0,3.0,,,29.239,31.876,21.304,0 days 01:06:15.058000,0 days 01:06:46.934000,0 days 01:07:08.238000,297.0,287.0,244.0,326.0,False,HARD,15.0,False,Alpine,0 days 01:05:45.819000,2021-11-05 21:50:46.267,1,,False,,False,True,82.419,82.419
211,0 days 01:08:30.312000,ALO,14,0 days 00:01:22.074000,21.0,3.0,,,29.148,31.805,21.121,0 days 01:07:37.386000,0 days 01:08:09.191000,0 days 01:08:30.312000,294.0,279.0,242.0,323.0,False,HARD,16.0,False,Alpine,0 days 01:07:08.238000,2021-11-05 21:52:08.686,1,,False,,False,True,82.074,82.074
212,0 days 01:09:52.951000,ALO,14,0 days 00:01:22.639000,22.0,3.0,,,29.306,32.172,21.161,0 days 01:08:59.618000,0 days 01:09:31.790000,0 days 01:09:52.951000,295.0,278.0,243.0,323.0,False,HARD,17.0,False,Alpine,0 days 01:08:30.312000,2021-11-05 21:53:30.760,1,,False,,False,True,82.639,82.639
213,0 days 01:11:15.424000,ALO,14,0 days 00:01:22.473000,23.0,3.0,,,29.332,32.007,21.134,0 days 01:10:22.283000,0 days 01:10:54.290000,0 days 01:11:15.424000,292.0,277.0,243.0,322.0,False,HARD,18.0,False,Alpine,0 days 01:09:52.951000,2021-11-05 21:54:53.399,1,,False,,False,True,82.473,82.473
214,0 days 01:12:37.696000,ALO,14,0 days 00:01:22.272000,24.0,3.0,,,29.339,31.843,21.09,0 days 01:11:44.763000,0 days 01:12:16.606000,0 days 01:12:37.696000,290.0,279.0,243.0,324.0,False,HARD,19.0,False,Alpine,0 days 01:11:15.424000,2021-11-05 21:56:15.872,1,,False,,False,True,82.272,82.272
215,0 days 01:13:59.714000,ALO,14,0 days 00:01:22.018000,25.0,3.0,,,29.173,31.785,21.06,0 days 01:13:06.869000,0 days 01:13:38.654000,0 days 01:13:59.714000,297.0,279.0,244.0,323.0,False,HARD,20.0,False,Alpine,0 days 01:12:37.696000,2021-11-05 21:57:38.144,1,,False,,False,True,82.018,82.018
216,0 days 01:15:21.765000,ALO,14,0 days 00:01:22.051000,26.0,3.0,,,29.152,31.755,21.144,0 days 01:14:28.866000,0 days 01:15:00.621000,0 days 01:15:21.765000,297.0,279.0,244.0,324.0,False,HARD,21.0,False,Alpine,0 days 01:13:59.714000,2021-11-05 21:59:00.162,1,,False,,False,True,82.051,82.05099999999999
217,0 days 01:17:02.939000,ALO,14,0 days 00:01:41.174000,27.0,3.0,,0 days 01:17:00.321000,37.5,35.511,28.163,0 days 01:15:59.265000,0 days 01:16:34.776000,0 days 01:17:02.939000,156.0,258.0,,296.0,False,HARD,22.0,False,Alpine,0 days 01:15:21.765000,2021-11-05 22:00:22.213,1,,False,,False,False,101.174,101.17399999999999
218,0 days 00:17:47.076000,LEC,16,,1.0,1.0,0 days 00:15:45.592000,,,42.223,46.353,,0 days 00:17:00.807000,0 days 00:17:47.257000,262.0,163.0,249.0,224.0,False,MEDIUM,1.0,True,Ferrari,0 days 00:15:45.592000,2021-11-05 21:00:46.040,1,,False,,False,False,,
219,0 days 00:19:06.697000,LEC,16,0 days 00:01:19.621000,2.0,1.0,,,28.064,30.691,20.866,0 days 00:18:15.140000,0 days 00:18:45.831000,0 days 00:19:06.697000,312.0,290.0,252.0,341.0,True,MEDIUM,2.0,True,Ferrari,0 days 00:17:47.076000,2021-11-05 21:02:47.524,1,,False,,False,True,79.621,79.621
220,0 days 00:21:05.127000,LEC,16,0 days 00:01:58.430000,3.0,1.0,,,37.081,49.673,31.676,0 days 00:19:43.778000,0 days 00:20:33.451000,0 days 00:21:05.127000,184.0,128.0,250.0,259.0,False,MEDIUM,3.0,True,Ferrari,0 days 00:19:06.697000,2021-11-05 21:04:07.145,1,,False,,False,True,118.43,118.43
221,0 days 00:22:34.194000,LEC,16,0 days 00:01:29.067000,4.0,1.0,,,28.792,37.206,23.069,0 days 00:21:33.919000,0 days 00:22:11.125000,0 days 00:22:34.194000,283.0,209.0,252.0,342.0,False,MEDIUM,4.0,True,Ferrari,0 days 00:21:05.127000,2021-11-05 21:06:05.575,1,,False,,False,True,89.067,89.06700000000001
222,0 days 00:23:55.387000,LEC,16,0 days 00:01:21.193000,5.0,1.0,,,27.907,30.735,22.551,0 days 00:23:02.101000,0 days 00:23:32.836000,0 days 00:23:55.387000,314.0,292.0,192.0,343.0,False,MEDIUM,5.0,True,Ferrari,0 days 00:22:34.194000,2021-11-05 21:07:34.642,12,,False,,False,True,81.193,81.193
223,0 days 00:25:47.419000,LEC,16,0 days 00:01:52.032000,6.0,1.0,,,41.881,45.108,25.043,0 days 00:24:37.268000,0 days 00:25:22.376000,0 days 00:25:47.419000,134.0,252.0,252.0,309.0,False,MEDIUM,6.0,True,Ferrari,0 days 00:23:55.387000,2021-11-05 21:08:55.835,1,,False,,False,True,112.032,112.03200000000001
224,0 days 00:27:06.617000,LEC,16,0 days 00:01:19.198000,7.0,1.0,,,27.909,30.588,20.701,0 days 00:26:15.328000,0 days 00:26:45.916000,0 days 00:27:06.617000,314.0,293.0,252.0,343.0,True,MEDIUM,7.0,True,Ferrari,0 days 00:25:47.419000,2021-11-05 21:10:47.867,1,,False,,False,True,79.198,79.19800000000001
225,0 days 00:28:49.160000,LEC,16,0 days 00:01:42.543000,8.0,1.0,,0 days 00:28:48.386000,34.444,39.68,28.419,0 days 00:27:41.061000,0 days 00:28:20.741000,0 days 00:28:49.160000,236.0,222.0,,259.0,False,MEDIUM,8.0,True,Ferrari,0 days 00:27:06.617000,2021-11-05 21:12:07.065,1,,False,,False,False,102.543,102.54299999999999
226,0 days 00:31:04.800000,LEC,16,0 days 00:02:15.640000,9.0,2.0,0 days 00:29:06.543000,0 days 00:31:04.668000,71.751,37.02,26.869,0 days 00:30:00.911000,0 days 00:30:37.931000,0 days 00:31:04.800000,199.0,239.0,,272.0,False,MEDIUM,9.0,False,Ferrari,0 days 00:28:49.160000,2021-11-05 21:13:49.608,1,,False,,False,False,135.64,135.64000000000001
227,0 days 00:42:47.666000,LEC,16,,10.0,3.0,0 days 00:40:47.176000,,,46.488,37.434,,0 days 00:42:10.232000,0 days 00:42:48.347000,90.0,125.0,253.0,264.0,False,SOFT,1.0,True,Ferrari,0 days 00:31:04.800000,2021-11-05 21:16:05.248,1,,False,,False,False,,
228,0 days 00:44:26.521000,LEC,16,0 days 00:01:38.855000,11.0,3.0,,,32.763,39.839,26.253,0 days 00:43:20.429000,0 days 00:44:00.268000,0 days 00:44:26.521000,171.0,249.0,253.0,342.0,False,SOFT,2.0,True,Ferrari,0 days 00:42:47.666000,2021-11-05 21:27:48.114,1,,False,,False,True,98.855,98.855
229,0 days 00:45:45.126000,LEC,16,0 days 00:01:18.605000,12.0,3.0,,,27.802,30.42,20.383,0 days 00:44:54.323000,0 days 00:45:24.743000,0 days 00:45:45.126000,315.0,291.0,253.0,341.0,True,SOFT,3.0,True,Ferrari,0 days 00:44:26.521000,2021-11-05 21:29:26.969,1,,False,,False,True,78.605,78.605
230,0 days 00:47:48.538000,LEC,16,0 days 00:02:03.412000,13.0,3.0,,,47.329,48.548,27.535,0 days 00:46:32.455000,0 days 00:47:21.003000,0 days 00:47:48.538000,53.0,127.0,253.0,168.0,False,SOFT,4.0,True,Ferrari,0 days 00:45:45.126000,2021-11-05 21:30:45.574,1,,False,,False,True,123.412,123.412
231,0 days 00:49:27.540000,LEC,16,0 days 00:01:39.002000,14.0,3.0,,,27.891,44.874,26.237,0 days 00:48:16.429000,0 days 00:49:01.303000,0 days 00:49:27.540000,316.0,203.0,255.0,344.0,False,SOFT,5.0,True,Ferrari,0 days 00:47:48.538000,2021-11-05 21:32:48.986,1,,False,,False,True,99.002,99.002
232,0 days 00:50:50.251000,LEC,16,0 days 00:01:22.711000,15.0,3.0,,,27.741,30.48,24.49,0 days 00:49:55.281000,0 days 00:50:25.761000,0 days 00:50:50.251000,315.0,291.0,218.0,343.0,False,SOFT,6.0,True,Ferrari,0 days 00:49:27.540000,2021-11-05 21:34:27.988,1,,False,,False,True,82.711,82.711
233,0 days 00:52:43.145000,LEC,16,0 days 00:01:52.894000,16.0,3.0,,,39.393,48.637,24.864,0 days 00:51:29.644000,0 days 00:52:18.281000,0 days 00:52:43.145000,147.0,205.0,253.0,207.0,False,SOFT,7.0,True,Ferrari,0 days 00:50:50.251000,2021-11-05 21:35:50.699,1,,False,,False,True,112.894,112.894
234,0 days 00:54:09.321000,LEC,16,0 days 00:01:26.176000,17.0,3.0,,0 days 00:54:06.625000,27.857,31.752,26.567,0 days 00:53:11.002000,0 days 00:53:42.754000,0 days 00:54:09.321000,316.0,233.0,,342.0,False,SOFT,8.0,True,Ferrari,0 days 00:52:43.145000,2021-11-05 21:37:43.593,1,,False,,False,False,86.176,86.17599999999999
235,0 days 01:02:39.936000,LEC,16,,18.0,4.0,0 days 01:00:56.028000,,,34.739,23.357,,0 days 01:02:17.465000,0 days 01:02:42.500000,257.0,272.0,244.0,298.0,False,MEDIUM,10.0,False,Ferrari,0 days 00:54:09.321000,2021-11-05 21:39:09.769,1,,False,,False,False,,
236,0 days 01:04:03.044000,LEC,16,0 days 00:01:23.108000,19.0,4.0,,,29.316,31.846,21.946,0 days 01:03:09.252000,0 days 01:03:41.098000,0 days 01:04:03.044000,291.0,277.0,238.0,319.0,False,MEDIUM,11.0,False,Ferrari,0 days 01:02:39.936000,2021-11-05 21:47:40.384,12,,True,DOUBLE YELLOW AT TURN 15,False,True,83.108,83.108
237,0 days 01:05:24.890000,LEC,16,0 days 00:01:21.846000,20.0,4.0,,,29.159,31.585,21.102,0 days 01:04:32.203000,0 days 01:05:03.788000,0 days 01:05:24.890000,293.0,277.0,245.0,322.0,False,MEDIUM,12.0,False,Ferrari,0 days 01:04:03.044000,2021-11-05 21:49:03.492,21,,False,,False,True,81.846,81.846
238,0 days 01:06:46.980000,LEC,16,0 days 00:01:22.090000,21.0,4.0,,,29.072,31.611,21.407,0 days 01:05:53.962000,0 days 01:06:25.573000,0 days 01:06:46.980000,294.0,278.0,246.0,321.0,False,MEDIUM,13.0,False,Ferrari,0 days 01:05:24.890000,2021-11-05 21:50:25.338,1,,False,,False,True,82.09,82.09
239,0 days 01:08:09.177000,LEC,16,0 days 00:01:22.197000,22.0,4.0,,,29.096,31.821,21.28,0 days 01:07:16.076000,0 days 01:07:47.897000,0 days 01:08:09.177000,294.0,280.0,246.0,321.0,False,MEDIUM,14.0,False,Ferrari,0 days 01:06:46.980000,2021-11-05 21:51:47.428,1,,False,,False,True,82.197,82.197
240,0 days 01:09:31.164000,LEC,16,0 days 00:01:21.987000,23.0,4.0,,,29.051,31.679,21.257,0 days 01:08:38.228000,0 days 01:09:09.907000,0 days 01:09:31.164000,295.0,279.0,246.0,322.0,False,MEDIUM,15.0,False,Ferrari,0 days 01:08:09.177000,2021-11-05 21:53:09.625,1,,False,,False,True,81.987,81.987
241,0 days 01:10:53.372000,LEC,16,0 days 00:01:22.208000,24.0,4.0,,,29.216,31.823,21.169,0 days 01:10:00.380000,0 days 01:10:32.203000,0 days 01:10:53.372000,295.0,279.0,243.0,322.0,False,MEDIUM,16.0,False,Ferrari,0 days 01:09:31.164000,2021-11-05 21:54:31.612,1,,False,,False,True,82.208,82.208
242,0 days 01:12:15.672000,LEC,16,0 days 00:01:22.300000,25.0,4.0,,,29.273,31.863,21.164,0 days 01:11:22.645000,0 days 01:11:54.508000,0 days 01:12:15.672000,294.0,279.0,247.0,323.0,False,MEDIUM,17.0,False,Ferrari,0 days 01:10:53.372000,2021-11-05 21:55:53.820,1,,False,,False,True,82.3,82.3
243,0 days 01:13:42.397000,LEC,16,0 days 00:01:26.725000,26.0,4.0,,0 days 01:13:39.809000,29.039,32.318,25.368,0 days 01:12:44.711000,0 days 01:13:17.029000,0 days 01:13:42.397000,293.0,279.0,,324.0,False,MEDIUM,18.0,False,Ferrari,0 days 01:12:15.672000,2021-11-05 21:57:16.120,1,,False,,False,False,86.725,86.725
244,0 days 01:15:27.750000,LEC,16,0 days 00:01:45.353000,27.0,5.0,0 days 01:14:02.390000,,48.125,32.944,24.284,0 days 01:14:30.522000,0 days 01:15:03.466000,0 days 01:15:27.750000,290.0,264.0,246.0,308.0,False,SOFT,9.0,False,Ferrari,0 days 01:13:42.397000,2021-11-05 21:58:42.845,1,,False,,False,False,105.353,105.35300000000001
245,0 days 01:17:04.524000,LEC,16,0 days 00:01:36.774000,28.0,5.0,,0 days 01:17:01.922000,29.055,33.858,33.861,0 days 01:15:56.805000,0 days 01:16:30.663000,0 days 01:17:04.524000,297.0,184.0,,322.0,False,SOFT,10.0,False,Ferrari,0 days 01:15:27.750000,2021-11-05 22:00:28.198,1,,False,,False,False,96.774,96.774
246,0 days 00:18:17.199000,STR,18,,1.0,1.0,0 days 00:16:26.235000,,,35.78,45.339,,0 days 00:17:31.943000,0 days 00:18:17.332000,290.0,271.0,244.0,286.0,False,MEDIUM,1.0,True,Aston Martin,0 days 00:16:26.235000,2021-11-05 21:01:26.683,1,,False,,False,False,,
247,0 days 00:19:38.147000,STR,18,0 days 00:01:20.948000,2.0,1.0,,,28.13,30.803,22.015,0 days 00:18:45.329000,0 days 00:19:16.132000,0 days 00:19:38.147000,314.0,294.0,230.0,349.0,True,MEDIUM,2.0,True,Aston Martin,0 days 00:18:17.199000,2021-11-05 21:03:17.647,1,,False,,False,True,80.948,80.94800000000001
248,0 days 00:21:40.028000,STR,18,0 days 00:02:01.881000,3.0,1.0,,,33.109,56.399,32.373,0 days 00:20:11.256000,0 days 00:21:07.655000,0 days 00:21:40.028000,182.0,234.0,250.0,318.0,False,MEDIUM,3.0,True,Aston Martin,0 days 00:19:38.147000,2021-11-05 21:04:38.595,1,,False,,False,True,121.881,121.881
249,0 days 00:23:09.134000,STR,18,0 days 00:01:29.106000,4.0,1.0,,,28.126,31.164,29.816,0 days 00:22:08.154000,0 days 00:22:39.318000,0 days 00:23:09.134000,312.0,293.0,151.0,346.0,False,MEDIUM,4.0,True,Aston Martin,0 days 00:21:40.028000,2021-11-05 21:06:40.476,1,,False,,False,True,89.106,89.10600000000001
250,0 days 00:25:19.067000,STR,18,0 days 00:02:09.933000,5.0,1.0,,,50.633,50.044,29.256,0 days 00:23:59.767000,0 days 00:24:49.811000,0 days 00:25:19.067000,195.0,166.0,218.0,155.0,False,MEDIUM,5.0,True,Aston Martin,0 days 00:23:09.134000,2021-11-05 21:08:09.582,12,,False,,False,True,129.933,129.933
251,0 days 00:27:08.196000,STR,18,0 days 00:01:49.129000,6.0,1.0,,,31.304,37.662,40.163,0 days 00:25:50.371000,0 days 00:26:28.033000,0 days 00:27:08.196000,227.0,263.0,249.0,326.0,False,MEDIUM,6.0,True,Aston Martin,0 days 00:25:19.067000,2021-11-05 21:10:19.515,1,,False,,False,True,109.129,109.12899999999999
252,0 days 00:28:27.926000,STR,18,0 days 00:01:19.730000,7.0,1.0,,,28.106,30.809,20.815,0 days 00:27:36.302000,0 days 00:28:07.111000,0 days 00:28:27.926000,314.0,291.0,251.0,346.0,True,MEDIUM,7.0,True,Aston Martin,0 days 00:27:08.196000,2021-11-05 21:12:08.644,1,,False,,False,True,79.73,79.73
253,0 days 00:30:01.433000,STR,18,0 days 00:01:33.507000,8.0,1.0,,0 days 00:29:59.337000,31.767,35.603,26.137,0 days 00:28:59.693000,0 days 00:29:35.296000,0 days 00:30:01.433000,238.0,264.0,,306.0,False,MEDIUM,8.0,True,Aston Martin,0 days 00:28:27.926000,2021-11-05 21:13:28.374,1,,False,,False,False,93.507,93.507
254,0 days 00:38:56.157000,STR,18,,9.0,2.0,0 days 00:37:09.485000,,,35.351,22.884,,0 days 00:38:33.297000,0 days 00:38:56.289000,246.0,258.0,242.0,279.0,False,HARD,1.0,True,Aston Martin,0 days 00:30:01.433000,2021-11-05 21:15:01.881,1,,False,,False,False,,
255,0 days 00:40:18.775000,STR,18,0 days 00:01:22.618000,10.0,2.0,,,29.274,32.115,21.229,0 days 00:39:25.431000,0 days 00:39:57.546000,0 days 00:40:18.775000,280.0,277.0,247.0,321.0,False,HARD,2.0,True,Aston Martin,0 days 00:38:56.157000,2021-11-05 21:23:56.605,1,,False,,False,True,82.618,82.618
256,0 days 00:41:41.274000,STR,18,0 days 00:01:22.499000,11.0,2.0,,,29.175,32.15,21.174,0 days 00:40:47.950000,0 days 00:41:20.100000,0 days 00:41:41.274000,277.0,278.0,246.0,321.0,False,HARD,3.0,True,Aston Martin,0 days 00:40:18.775000,2021-11-05 21:25:19.223,1,,False,,False,True,82.499,82.499
257,0 days 00:43:03.932000,STR,18,0 days 00:01:22.658000,12.0,2.0,,,29.101,31.997,21.56,0 days 00:42:10.375000,0 days 00:42:42.372000,0 days 00:43:03.932000,283.0,277.0,245.0,322.0,False,HARD,4.0,True,Aston Martin,0 days 00:41:41.274000,2021-11-05 21:26:41.722,1,,False,,False,True,82.658,82.658
258,0 days 00:44:27.139000,STR,18,0 days 00:01:23.207000,13.0,2.0,,,29.208,32.046,21.953,0 days 00:43:33.140000,0 days 00:44:05.186000,0 days 00:44:27.139000,284.0,276.0,246.0,320.0,False,HARD,5.0,True,Aston Martin,0 days 00:43:03.932000,2021-11-05 21:28:04.380,1,,False,,False,True,83.207,83.207
259,0 days 00:45:51.552000,STR,18,0 days 00:01:24.413000,14.0,2.0,,,29.257,32.794,22.362,0 days 00:44:56.396000,0 days 00:45:29.190000,0 days 00:45:51.552000,284.0,277.0,243.0,331.0,False,HARD,6.0,True,Aston Martin,0 days 00:44:27.139000,2021-11-05 21:29:27.587,1,,False,,False,True,84.413,84.413
260,0 days 00:47:14.942000,STR,18,0 days 00:01:23.390000,15.0,2.0,,,29.544,32.376,21.47,0 days 00:46:21.096000,0 days 00:46:53.472000,0 days 00:47:14.942000,278.0,273.0,245.0,321.0,False,HARD,7.0,True,Aston Martin,0 days 00:45:51.552000,2021-11-05 21:30:52.000,1,,False,,False,True,83.39,83.39
261,0 days 00:48:37.989000,STR,18,0 days 00:01:23.047000,16.0,2.0,,,29.227,32.299,21.521,0 days 00:47:44.169000,0 days 00:48:16.468000,0 days 00:48:37.989000,283.0,276.0,245.0,321.0,False,HARD,8.0,True,Aston Martin,0 days 00:47:14.942000,2021-11-05 21:32:15.390,1,,False,,False,True,83.047,83.047
262,0 days 00:50:01.395000,STR,18,0 days 00:01:23.406000,17.0,2.0,,,29.35,32.076,21.98,0 days 00:49:07.339000,0 days 00:49:39.415000,0 days 00:50:01.395000,291.0,275.0,245.0,324.0,False,HARD,9.0,True,Aston Martin,0 days 00:48:37.989000,2021-11-05 21:33:38.437,1,,False,,False,True,83.406,83.406
263,0 days 00:51:24.332000,STR,18,0 days 00:01:22.937000,18.0,2.0,,,29.31,32.132,21.495,0 days 00:50:30.705000,0 days 00:51:02.837000,0 days 00:51:24.332000,288.0,279.0,245.0,323.0,False,HARD,10.0,True,Aston Martin,0 days 00:50:01.395000,2021-11-05 21:35:01.843,1,,False,,False,True,82.937,82.937
264,0 days 00:52:47.170000,STR,18,0 days 00:01:22.838000,19.0,2.0,,,29.293,32.14,21.405,0 days 00:51:53.625000,0 days 00:52:25.765000,0 days 00:52:47.170000,287.0,275.0,246.0,321.0,False,HARD,11.0,True,Aston Martin,0 days 00:51:24.332000,2021-11-05 21:36:24.780,1,,False,,False,True,82.838,82.838
265,0 days 00:54:09.864000,STR,18,0 days 00:01:22.694000,20.0,2.0,,,29.321,31.947,21.426,0 days 00:53:16.491000,0 days 00:53:48.438000,0 days 00:54:09.864000,290.0,274.0,245.0,325.0,False,HARD,12.0,True,Aston Martin,0 days 00:52:47.170000,2021-11-05 21:37:47.618,1,,False,,False,True,82.694,82.694
266,0 days 00:55:33.283000,STR,18,0 days 00:01:23.419000,21.0,2.0,,,29.242,32.57,21.607,0 days 00:54:39.106000,0 days 00:55:11.676000,0 days 00:55:33.283000,290.0,280.0,243.0,321.0,False,HARD,13.0,True,Aston Martin,0 days 00:54:09.864000,2021-11-05 21:39:10.312,1,,False,,False,True,83.419,83.419
267,0 days 00:57:01.309000,STR,18,0 days 00:01:28.026000,22.0,2.0,,0 days 00:56:58.655000,29.395,33.589,25.042,0 days 00:56:02.678000,0 days 00:56:36.267000,0 days 00:57:01.309000,289.0,273.0,,321.0,False,HARD,14.0,True,Aston Martin,0 days 00:55:33.283000,2021-11-05 21:40:33.731,1,,False,,False,False,88.026,88.026
268,0 days 00:58:43.844000,STR,18,0 days 00:01:42.535000,23.0,3.0,0 days 00:57:21.109000,,48.413,32.581,21.541,0 days 00:57:49.722000,0 days 00:58:22.303000,0 days 00:58:43.844000,287.0,280.0,244.0,301.0,False,MEDIUM,9.0,False,Aston Martin,0 days 00:57:01.309000,2021-11-05 21:42:01.757,1,,False,,False,False,102.535,102.535
269,0 days 01:00:05.842000,STR,18,0 days 00:01:21.998000,24.0,3.0,,,28.792,31.868,21.338,0 days 00:59:12.636000,0 days 00:59:44.504000,0 days 01:00:05.842000,295.0,287.0,245.0,342.0,False,MEDIUM,10.0,False,Aston Martin,0 days 00:58:43.844000,2021-11-05 21:43:44.292,1,,False,,False,True,81.998,81.99799999999999
270,0 days 01:01:29.200000,STR,18,0 days 00:01:23.358000,25.0,3.0,,,28.934,32.74,21.684,0 days 01:00:34.776000,0 days 01:01:07.516000,0 days 01:01:29.200000,284.0,287.0,247.0,346.0,False,MEDIUM,11.0,False,Aston Martin,0 days 01:00:05.842000,2021-11-05 21:45:06.290,1,,False,,False,True,83.358,83.358
271,0 days 01:02:51.119000,STR,18,0 days 00:01:21.919000,26.0,3.0,,,28.748,31.929,21.242,0 days 01:01:57.948000,0 days 01:02:29.877000,0 days 01:02:51.119000,300.0,287.0,244.0,348.0,False,MEDIUM,12.0,False,Aston Martin,0 days 01:01:29.200000,2021-11-05 21:46:29.648,1,,False,,False,True,81.919,81.919
272,0 days 01:04:15.736000,STR,18,0 days 00:01:24.617000,27.0,3.0,,,29.085,31.767,23.765,0 days 01:03:20.204000,0 days 01:03:51.971000,0 days 01:04:15.736000,288.0,280.0,244.0,325.0,False,MEDIUM,13.0,False,Aston Martin,0 days 01:02:51.119000,2021-11-05 21:47:51.567,12,,False,,False,True,84.617,84.617
273,0 days 01:05:38.404000,STR,18,0 days 00:01:22.668000,28.0,3.0,,,29.237,32.016,21.415,0 days 01:04:44.973000,0 days 01:05:16.989000,0 days 01:05:38.404000,286.0,282.0,245.0,330.0,False,MEDIUM,14.0,False,Aston Martin,0 days 01:04:15.736000,2021-11-05 21:49:16.184,1,,False,,False,True,82.668,82.668
274,0 days 01:07:05.100000,STR,18,0 days 00:01:26.696000,29.0,3.0,,,29.109,32.089,25.498,0 days 01:06:07.513000,0 days 01:06:39.602000,0 days 01:07:05.100000,291.0,281.0,241.0,327.0,False,MEDIUM,15.0,False,Aston Martin,0 days 01:05:38.404000,2021-11-05 21:50:38.852,1,,False,,False,True,86.696,86.696
275,0 days 01:08:27.490000,STR,18,0 days 00:01:22.390000,30.0,3.0,,,29.449,31.805,21.136,0 days 01:07:34.549000,0 days 01:08:06.354000,0 days 01:08:27.490000,292.0,281.0,245.0,322.0,False,MEDIUM,16.0,False,Aston Martin,0 days 01:07:05.100000,2021-11-05 21:52:05.548,1,,False,,False,True,82.39,82.39
276,0 days 01:09:49.650000,STR,18,0 days 00:01:22.160000,31.0,3.0,,,29.22,31.774,21.166,0 days 01:08:56.710000,0 days 01:09:28.484000,0 days 01:09:49.650000,287.0,279.0,246.0,320.0,False,MEDIUM,17.0,False,Aston Martin,0 days 01:08:27.490000,2021-11-05 21:53:27.938,1,,False,,False,True,82.16,82.16
277,0 days 01:11:11.886000,STR,18,0 days 00:01:22.236000,32.0,3.0,,,29.236,31.872,21.128,0 days 01:10:18.886000,0 days 01:10:50.758000,0 days 01:11:11.886000,287.0,278.0,246.0,316.0,False,MEDIUM,18.0,False,Aston Martin,0 days 01:09:49.650000,2021-11-05 21:54:50.098,1,,False,,False,True,82.236,82.236
278,0 days 01:12:34.435000,STR,18,0 days 00:01:22.549000,33.0,3.0,,,29.16,32.08,21.309,0 days 01:11:41.046000,0 days 01:12:13.126000,0 days 01:12:34.435000,289.0,278.0,246.0,322.0,False,MEDIUM,19.0,False,Aston Martin,0 days 01:11:11.886000,2021-11-05 21:56:12.334,1,,False,,False,True,82.549,82.54899999999999
279,0 days 01:13:56.695000,STR,18,0 days 00:01:22.260000,34.0,3.0,,,29.336,31.857,21.067,0 days 01:13:03.771000,0 days 01:13:35.628000,0 days 01:13:56.695000,292.0,286.0,246.0,323.0,False,MEDIUM,20.0,False,Aston Martin,0 days 01:12:34.435000,2021-11-05 21:57:34.883,1,,False,,False,True,82.26,82.25999999999999
280,0 days 01:15:19.981000,STR,18,0 days 00:01:23.286000,35.0,3.0,,,29.326,32.013,21.947,0 days 01:14:26.021000,0 days 01:14:58.034000,0 days 01:15:19.981000,291.0,266.0,242.0,319.0,False,MEDIUM,21.0,False,Aston Martin,0 days 01:13:56.695000,2021-11-05 21:58:57.143,1,,False,,False,True,83.286,83.286
281,0 days 01:17:00.700000,STR,18,0 days 00:01:40.719000,36.0,3.0,,0 days 01:16:58.094000,32.278,37.2,31.241,0 days 01:15:52.259000,0 days 01:16:29.459000,0 days 01:17:00.700000,251.0,223.0,,266.0,False,MEDIUM,22.0,False,Aston Martin,0 days 01:15:19.981000,2021-11-05 22:00:20.429,1,,False,,False,False,100.719,100.71900000000001
282,0 days 00:18:00.976000,TSU,22,,1.0,1.0,0 days 00:15:59.914000,,,41.596,42.773,,0 days 00:17:18.257000,0 days 00:18:01.111000,276.0,253.0,250.0,270.0,False,MEDIUM,1.0,True,AlphaTauri,0 days 00:15:59.914000,2021-11-05 21:01:00.362,1,,False,,False,False,,
283,0 days 00:19:20.445000,TSU,22,0 days 00:01:19.469000,2.0,1.0,,,28.015,30.795,20.659,0 days 00:18:28.991000,0 days 00:18:59.786000,0 days 00:19:20.445000,313.0,293.0,253.0,341.0,True,MEDIUM,2.0,True,AlphaTauri,0 days 00:18:00.976000,2021-11-05 21:03:01.424,1,,False,,False,True,79.469,79.469
284,0 days 00:21:16.290000,TSU,22,0 days 00:01:55.845000,3.0,1.0,,,39.854,49.549,26.442,0 days 00:20:00.299000,0 days 00:20:49.848000,0 days 00:21:16.290000,169.0,180.0,252.0,286.0,False,MEDIUM,3.0,True,AlphaTauri,0 days 00:19:20.445000,2021-11-05 21:04:20.893,1,,False,,False,True,115.845,115.845
285,0 days 00:22:35.614000,TSU,22,0 days 00:01:19.324000,4.0,1.0,,,27.955,30.846,20.523,0 days 00:21:44.245000,0 days 00:22:15.091000,0 days 00:22:35.614000,310.0,295.0,254.0,344.0,True,MEDIUM,4.0,True,AlphaTauri,0 days 00:21:16.290000,2021-11-05 21:06:16.738,1,,False,,False,True,79.324,79.324
286,0 days 00:24:26.882000,TSU,22,0 days 00:01:51.268000,5.0,1.0,,,34.757,45.844,30.667,0 days 00:23:10.371000,0 days 00:23:56.215000,0 days 00:24:26.882000,226.0,218.0,253.0,264.0,False,MEDIUM,5.0,True,AlphaTauri,0 days 00:22:35.614000,2021-11-05 21:07:36.062,12,,True,DOUBLE YELLOW AT TURN 11,False,True,111.268,111.268
287,0 days 00:26:05.370000,TSU,22,0 days 00:01:38.488000,6.0,1.0,,0 days 00:26:02.792000,28.85,41.566,28.072,0 days 00:24:55.732000,0 days 00:25:37.298000,0 days 00:26:05.370000,300.0,247.0,,347.0,False,MEDIUM,6.0,True,AlphaTauri,0 days 00:24:26.882000,2021-11-05 21:09:27.330,1,,False,,False,False,98.488,98.488
288,0 days 00:32:00.466000,TSU,22,,7.0,2.0,0 days 00:30:15.953000,,,43.949,23.609,,0 days 00:31:36.899000,0 days 00:32:00.615000,277.0,247.0,253.0,243.0,False,SOFT,1.0,True,AlphaTauri,0 days 00:26:05.370000,2021-11-05 21:11:05.818,1,,False,,False,False,,
289,0 days 00:33:19.110000,TSU,22,0 days 00:01:18.644000,8.0,2.0,,,27.815,30.437,20.392,0 days 00:32:28.281000,0 days 00:32:58.718000,0 days 00:33:19.110000,313.0,292.0,247.0,338.0,True,SOFT,2.0,True,AlphaTauri,0 days 00:32:00.466000,2021-11-05 21:17:00.914,1,,False,,False,True,78.644,78.644
290,0 days 00:34:59.811000,TSU,22,0 days 00:01:40.701000,9.0,2.0,,0 days 00:34:59.881000,35.519,38.301,26.881,0 days 00:33:54.629000,0 days 00:34:32.930000,0 days 00:34:59.811000,221.0,259.0,,229.0,False,SOFT,3.0,True,AlphaTauri,0 days 00:33:19.110000,2021-11-05 21:18:19.558,1,,False,,False,False,100.701,100.701
291,0 days 00:39:53.159000,TSU,22,,10.0,3.0,0 days 00:38:17.909000,,,39.547,23.41,,0 days 00:39:29.781000,0 days 00:39:53.286000,231.0,253.0,252.0,270.0,False,MEDIUM,7.0,False,AlphaTauri,0 days 00:34:59.811000,2021-11-05 21:20:00.259,1,,False,,False,False,,
292,0 days 00:41:31.030000,TSU,22,0 days 00:01:37.871000,11.0,3.0,,0 days 00:41:28.619000,34.207,36.975,26.689,0 days 00:40:27.366000,0 days 00:41:04.341000,0 days 00:41:31.030000,232.0,256.0,,308.0,False,MEDIUM,8.0,False,AlphaTauri,0 days 00:39:53.159000,2021-11-05 21:24:53.607,1,,False,,False,False,97.871,97.87100000000001
293,0 days 00:49:47.051000,TSU,22,,12.0,4.0,0 days 00:48:13.505000,,,32.46,21.539,,0 days 00:49:25.551000,0 days 00:49:47.223000,292.0,274.0,249.0,298.0,False,MEDIUM,1.0,True,AlphaTauri,0 days 00:41:31.030000,2021-11-05 21:26:31.478,1,,False,,False,False,,
294,0 days 00:51:09.088000,TSU,22,0 days 00:01:22.037000,13.0,4.0,,,28.838,31.965,21.234,0 days 00:50:15.889000,0 days 00:50:47.854000,0 days 00:51:09.088000,295.0,277.0,247.0,324.0,False,MEDIUM,2.0,True,AlphaTauri,0 days 00:49:47.051000,2021-11-05 21:34:47.499,1,,False,,False,True,82.037,82.037
295,0 days 00:52:31.765000,TSU,22,0 days 00:01:22.677000,14.0,4.0,,,29.028,32.407,21.242,0 days 00:51:38.116000,0 days 00:52:10.523000,0 days 00:52:31.765000,292.0,277.0,246.0,321.0,False,MEDIUM,3.0,True,AlphaTauri,0 days 00:51:09.088000,2021-11-05 21:36:09.536,1,,False,,False,True,82.677,82.67699999999999
296,0 days 00:53:53.824000,TSU,22,0 days 00:01:22.059000,15.0,4.0,,,29.127,31.747,21.185,0 days 00:53:00.892000,0 days 00:53:32.639000,0 days 00:53:53.824000,289.0,277.0,247.0,315.0,False,MEDIUM,4.0,True,AlphaTauri,0 days 00:52:31.765000,2021-11-05 21:37:32.213,1,,False,,False,True,82.059,82.059
297,0 days 00:55:15.820000,TSU,22,0 days 00:01:21.996000,16.0,4.0,,,29.076,31.785,21.135,0 days 00:54:22.900000,0 days 00:54:54.685000,0 days 00:55:15.820000,290.0,280.0,246.0,315.0,False,MEDIUM,5.0,True,AlphaTauri,0 days 00:53:53.824000,2021-11-05 21:38:54.272,1,,False,,False,True,81.996,81.99600000000001
298,0 days 00:56:38.198000,TSU,22,0 days 00:01:22.378000,17.0,4.0,,,29.179,31.916,21.283,0 days 00:55:44.999000,0 days 00:56:16.915000,0 days 00:56:38.198000,289.0,281.0,247.0,316.0,False,MEDIUM,6.0,True,AlphaTauri,0 days 00:55:15.820000,2021-11-05 21:40:16.268,1,,False,,False,True,82.378,82.378
299,0 days 00:58:00.232000,TSU,22,0 days 00:01:22.034000,18.0,4.0,,,29.049,31.826,21.159,0 days 00:57:07.247000,0 days 00:57:39.073000,0 days 00:58:00.232000,291.0,280.0,247.0,318.0,False,MEDIUM,7.0,True,AlphaTauri,0 days 00:56:38.198000,2021-11-05 21:41:38.646,1,,False,,False,True,82.034,82.03399999999999
300,0 days 00:59:22.413000,TSU,22,0 days 00:01:22.181000,19.0,4.0,,,29.104,31.721,21.356,0 days 00:58:29.336000,0 days 00:59:01.057000,0 days 00:59:22.413000,293.0,281.0,246.0,320.0,False,MEDIUM,8.0,True,AlphaTauri,0 days 00:58:00.232000,2021-11-05 21:43:00.680,1,,False,,False,True,82.181,82.18100000000001
301,0 days 01:00:44.635000,TSU,22,0 days 00:01:22.222000,20.0,4.0,,,29.058,31.85,21.314,0 days 00:59:51.471000,0 days 01:00:23.321000,0 days 01:00:44.635000,290.0,282.0,247.0,320.0,False,MEDIUM,9.0,True,AlphaTauri,0 days 00:59:22.413000,2021-11-05 21:44:22.861,1,,False,,False,True,82.222,82.22200000000001
302,0 days 01:02:07.001000,TSU,22,0 days 00:01:22.366000,21.0,4.0,,,28.971,32.134,21.261,0 days 01:01:13.606000,0 days 01:01:45.740000,0 days 01:02:07.001000,292.0,282.0,248.0,322.0,False,MEDIUM,10.0,True,AlphaTauri,0 days 01:00:44.635000,2021-11-05 21:45:45.083,1,,False,,False,True,82.366,82.366
303,0 days 01:03:29.663000,TSU,22,0 days 00:01:22.662000,22.0,4.0,,,28.963,32.093,21.606,0 days 01:02:35.964000,0 days 01:03:08.057000,0 days 01:03:29.663000,288.0,292.0,249.0,326.0,False,MEDIUM,11.0,True,AlphaTauri,0 days 01:02:07.001000,2021-11-05 21:47:07.449,1,,False,,False,True,82.662,82.662
304,0 days 01:04:53.069000,TSU,22,0 days 00:01:23.406000,23.0,4.0,,,29.224,32.593,21.589,0 days 01:03:58.887000,0 days 01:04:31.480000,0 days 01:04:53.069000,288.0,289.0,248.0,346.0,False,MEDIUM,12.0,True,AlphaTauri,0 days 01:03:29.663000,2021-11-05 21:48:30.111,12,,False,,False,True,83.406,83.406
305,0 days 01:06:15.632000,TSU,22,0 days 00:01:22.563000,24.0,4.0,,,29.04,32.087,21.436,0 days 01:05:22.109000,0 days 01:05:54.196000,0 days 01:06:15.632000,291.0,282.0,247.0,327.0,False,MEDIUM,13.0,True,AlphaTauri,0 days 01:04:53.069000,2021-11-05 21:49:53.517,1,,False,,False,True,82.563,82.563
306,0 days 01:07:38.150000,TSU,22,0 days 00:01:22.518000,25.0,4.0,,,29.062,32.121,21.335,0 days 01:06:44.694000,0 days 01:07:16.815000,0 days 01:07:38.150000,293.0,284.0,249.0,325.0,False,MEDIUM,14.0,True,AlphaTauri,0 days 01:06:15.632000,2021-11-05 21:51:16.080,1,,False,,False,True,82.518,82.518
307,0 days 01:09:00.612000,TSU,22,0 days 00:01:22.462000,26.0,4.0,,,28.939,32.026,21.497,0 days 01:08:07.089000,0 days 01:08:39.115000,0 days 01:09:00.612000,293.0,285.0,247.0,326.0,False,MEDIUM,15.0,True,AlphaTauri,0 days 01:07:38.150000,2021-11-05 21:52:38.598,1,,False,,False,True,82.462,82.462
308,0 days 01:10:23.686000,TSU,22,0 days 00:01:23.074000,27.0,4.0,,,29.194,32.364,21.516,0 days 01:09:29.806000,0 days 01:10:02.170000,0 days 01:10:23.686000,287.0,284.0,249.0,326.0,False,MEDIUM,16.0,True,AlphaTauri,0 days 01:09:00.612000,2021-11-05 21:54:01.060,1,,False,,False,True,83.074,83.07399999999998
309,0 days 01:11:46.616000,TSU,22,0 days 00:01:22.930000,28.0,4.0,,,28.611,32.63,21.689,0 days 01:10:52.297000,0 days 01:11:24.927000,0 days 01:11:46.616000,280.0,292.0,250.0,345.0,False,MEDIUM,17.0,True,AlphaTauri,0 days 01:10:23.686000,2021-11-05 21:55:24.134,1,,False,,False,True,82.93,82.93
310,0 days 01:13:21.856000,TSU,22,0 days 00:01:35.240000,29.0,4.0,,0 days 01:13:19.223000,28.835,41.676,24.729,0 days 01:12:15.451000,0 days 01:12:57.127000,0 days 01:13:21.856000,244.0,274.0,,350.0,False,MEDIUM,18.0,True,AlphaTauri,0 days 01:11:46.616000,2021-11-05 21:56:47.064,1,,False,,False,False,95.24,95.24
311,0 days 01:15:17.996000,TSU,22,0 days 00:01:56.140000,30.0,5.0,0 days 01:13:47.159000,,59.183,35.157,21.8,0 days 01:14:21.039000,0 days 01:14:56.196000,0 days 01:15:17.996000,227.0,280.0,248.0,287.0,False,MEDIUM,9.0,False,AlphaTauri,0 days 01:13:21.856000,2021-11-05 21:58:22.304,1,,False,,False,False,116.14,116.14
312,0 days 01:16:57.544000,TSU,22,0 days 00:01:39.548000,31.0,5.0,,0 days 01:16:54.993000,30.905,39.626,29.017,0 days 01:15:48.901000,0 days 01:16:28.527000,0 days 01:16:57.544000,220.0,216.0,,309.0,False,MEDIUM,10.0,False,AlphaTauri,0 days 01:15:17.996000,2021-11-05 22:00:18.444,1,,False,,False,False,99.548,99.548
313,0 days 00:17:37.648000,OCO,31,,1.0,1.0,0 days 00:15:44.383000,,,41.141,37.947,,0 days 00:17:00.064000,0 days 00:17:37.758000,273.0,207.0,242.0,266.0,False,MEDIUM,1.0,True,Alpine,0 days 00:15:44.383000,2021-11-05 21:00:44.831,1,,False,,False,False,,
314,0 days 00:18:58.522000,OCO,31,0 days 00:01:20.874000,2.0,1.0,,,28.611,31.215,21.048,0 days 00:18:06.259000,0 days 00:18:37.474000,0 days 00:18:58.522000,306.0,286.0,246.0,340.0,True,MEDIUM,2.0,True,Alpine,0 days 00:17:37.648000,2021-11-05 21:02:38.096,1,,False,,False,True,80.874,80.874
315,0 days 00:20:57.107000,OCO,31,0 days 00:01:58.585000,3.0,1.0,,,38.573,42.076,37.936,0 days 00:19:37.095000,0 days 00:20:19.171000,0 days 00:20:57.107000,195.0,263.0,247.0,299.0,False,MEDIUM,3.0,True,Alpine,0 days 00:18:58.522000,2021-11-05 21:03:58.970,1,,False,,False,True,118.585,118.58500000000001
316,0 days 00:22:17.267000,OCO,31,0 days 00:01:20.160000,4.0,1.0,,,28.432,30.98,20.748,0 days 00:21:25.539000,0 days 00:21:56.519000,0 days 00:22:17.267000,307.0,288.0,249.0,341.0,True,MEDIUM,4.0,True,Alpine,0 days 00:20:57.107000,2021-11-05 21:05:57.555,1,,False,,False,True,80.16,80.16
317,0 days 00:24:05.933000,OCO,31,0 days 00:01:48.666000,5.0,1.0,,0 days 00:24:03.892000,41.118,40.255,27.293,0 days 00:22:58.385000,0 days 00:23:38.640000,0 days 00:24:05.933000,216.0,274.0,,196.0,False,MEDIUM,5.0,True,Alpine,0 days 00:22:17.267000,2021-11-05 21:07:17.715,12,,False,,False,False,108.666,108.666
318,0 days 00:26:11.957000,OCO,31,0 days 00:02:06.024000,6.0,2.0,0 days 00:24:29.619000,,57.388,39.236,29.4,0 days 00:25:03.321000,0 days 00:25:42.557000,0 days 00:26:11.957000,232.0,268.0,248.0,273.0,False,SOFT,1.0,True,Alpine,0 days 00:24:05.933000,2021-11-05 21:09:06.381,1,,False,,False,False,126.024,126.024
319,0 days 00:27:31.449000,OCO,31,0 days 00:01:19.492000,7.0,2.0,,,28.056,30.493,20.943,0 days 00:26:40.013000,0 days 00:27:10.506000,0 days 00:27:31.449000,312.0,290.0,249.0,344.0,True,SOFT,2.0,True,Alpine,0 days 00:26:11.957000,2021-11-05 21:11:12.405,1,,False,,False,True,79.492,79.492
320,0 days 00:29:24.651000,OCO,31,0 days 00:01:53.202000,8.0,2.0,,,40.163,45.568,27.471,0 days 00:28:11.612000,0 days 00:28:57.180000,0 days 00:29:24.651000,226.0,251.0,250.0,128.0,False,SOFT,3.0,True,Alpine,0 days 00:27:31.449000,2021-11-05 21:12:31.897,1,,False,,False,True,113.202,113.202
321,0 days 00:30:44.082000,OCO,31,0 days 00:01:19.431000,9.0,2.0,,,28.153,30.487,20.791,0 days 00:29:52.804000,0 days 00:30:23.291000,0 days 00:30:44.082000,309.0,289.0,249.0,338.0,True,SOFT,4.0,True,Alpine,0 days 00:29:24.651000,2021-11-05 21:14:25.099,1,,False,,False,True,79.431,79.431
322,0 days 00:32:17.999000,OCO,31,0 days 00:01:33.917000,10.0,2.0,,0 days 00:32:15.361000,32.805,35.46,25.652,0 days 00:31:16.887000,0 days 00:31:52.347000,0 days 00:32:17.999000,246.0,268.0,,294.0,False,SOFT,5.0,True,Alpine,0 days 00:30:44.082000,2021-11-05 21:15:44.530,1,,False,,False,False,93.917,93.917
323,0 days 00:40:53.743000,OCO,31,,11.0,3.0,0 days 00:39:16.439000,,,34.844,22.078,,0 days 00:40:31.686000,0 days 00:40:53.855000,290.0,272.0,241.0,298.0,False,SOFT,6.0,False,Alpine,0 days 00:32:17.999000,2021-11-05 21:17:18.447,1,,False,,False,False,,
324,0 days 00:42:18.998000,OCO,31,0 days 00:01:25.255000,12.0,3.0,,,29.612,33.245,22.398,0 days 00:41:23.355000,0 days 00:41:56.600000,0 days 00:42:18.998000,295.0,276.0,242.0,320.0,False,SOFT,7.0,False,Alpine,0 days 00:40:53.743000,2021-11-05 21:25:54.191,1,,False,,False,True,85.255,85.255
325,0 days 00:43:42.430000,OCO,31,0 days 00:01:23.432000,13.0,3.0,,,29.321,32.467,21.644,0 days 00:42:48.319000,0 days 00:43:20.786000,0 days 00:43:42.430000,296.0,275.0,242.0,322.0,False,SOFT,8.0,False,Alpine,0 days 00:42:18.998000,2021-11-05 21:27:19.446,1,,False,,False,True,83.432,83.43199999999999
326,0 days 00:45:05.623000,OCO,31,0 days 00:01:23.193000,14.0,3.0,,,29.276,32.408,21.509,0 days 00:44:11.706000,0 days 00:44:44.114000,0 days 00:45:05.623000,294.0,275.0,243.0,321.0,False,SOFT,9.0,False,Alpine,0 days 00:43:42.430000,2021-11-05 21:28:42.878,1,,False,,False,True,83.193,83.193
327,0 days 00:46:28.725000,OCO,31,0 days 00:01:23.102000,15.0,3.0,,,29.237,32.365,21.5,0 days 00:45:34.860000,0 days 00:46:07.225000,0 days 00:46:28.725000,294.0,277.0,242.0,325.0,False,SOFT,10.0,False,Alpine,0 days 00:45:05.623000,2021-11-05 21:30:06.071,1,,False,,False,True,83.102,83.102
328,0 days 00:47:52.024000,OCO,31,0 days 00:01:23.299000,16.0,3.0,,,29.33,32.281,21.688,0 days 00:46:58.055000,0 days 00:47:30.336000,0 days 00:47:52.024000,295.0,275.0,242.0,324.0,False,SOFT,11.0,False,Alpine,0 days 00:46:28.725000,2021-11-05 21:31:29.173,1,,False,,False,True,83.299,83.29899999999999
329,0 days 00:49:15.852000,OCO,31,0 days 00:01:23.828000,17.0,3.0,,,29.345,32.795,21.688,0 days 00:48:21.369000,0 days 00:48:54.164000,0 days 00:49:15.852000,297.0,273.0,244.0,324.0,False,SOFT,12.0,False,Alpine,0 days 00:47:52.024000,2021-11-05 21:32:52.472,1,,False,,False,True,83.828,83.828
330,0 days 00:50:39.337000,OCO,31,0 days 00:01:23.485000,18.0,3.0,,,29.492,32.419,21.574,0 days 00:49:45.344000,0 days 00:50:17.763000,0 days 00:50:39.337000,294.0,274.0,244.0,320.0,False,SOFT,13.0,False,Alpine,0 days 00:49:15.852000,2021-11-05 21:34:16.300,1,,False,,False,True,83.485,83.485
331,0 days 00:52:06.537000,OCO,31,0 days 00:01:27.200000,19.0,3.0,,0 days 00:52:06.514000,29.741,32.582,24.877,0 days 00:51:09.078000,0 days 00:51:41.660000,0 days 00:52:06.537000,271.0,272.0,,296.0,False,SOFT,14.0,False,Alpine,0 days 00:50:39.337000,2021-11-05 21:35:39.785,1,,False,,False,False,87.2,87.2
332,0 days 00:54:00.517000,OCO,31,0 days 00:01:53.980000,20.0,4.0,0 days 00:52:36.889000,,59.267,33.218,21.495,0 days 00:53:05.804000,0 days 00:53:39.022000,0 days 00:54:00.517000,294.0,276.0,244.0,300.0,False,MEDIUM,6.0,False,Alpine,0 days 00:52:06.537000,2021-11-05 21:37:06.985,1,,False,,False,False,113.98,113.98000000000002
333,0 days 00:55:23.116000,OCO,31,0 days 00:01:22.599000,21.0,4.0,,,29.263,32.169,21.167,0 days 00:54:29.780000,0 days 00:55:01.949000,0 days 00:55:23.116000,295.0,278.0,244.0,320.0,False,MEDIUM,7.0,False,Alpine,0 days 00:54:00.517000,2021-11-05 21:39:00.965,1,,False,,False,True,82.599,82.599
334,0 days 00:56:45.364000,OCO,31,0 days 00:01:22.248000,22.0,4.0,,,29.213,31.793,21.242,0 days 00:55:52.329000,0 days 00:56:24.122000,0 days 00:56:45.364000,295.0,278.0,244.0,320.0,False,MEDIUM,8.0,False,Alpine,0 days 00:55:23.116000,2021-11-05 21:40:23.564,1,,False,,False,True,82.248,82.248
335,0 days 00:58:08.347000,OCO,31,0 days 00:01:22.983000,23.0,4.0,,,29.219,31.879,21.885,0 days 00:57:14.583000,0 days 00:57:46.462000,0 days 00:58:08.347000,297.0,279.0,246.0,321.0,False,MEDIUM,9.0,False,Alpine,0 days 00:56:45.364000,2021-11-05 21:41:45.812,1,,False,,False,True,82.983,82.983
336,0 days 00:59:37.908000,OCO,31,0 days 00:01:29.561000,24.0,4.0,,,28.962,37.623,22.976,0 days 00:58:37.309000,0 days 00:59:14.932000,0 days 00:59:37.908000,281.0,277.0,245.0,352.0,False,MEDIUM,10.0,False,Alpine,0 days 00:58:08.347000,2021-11-05 21:43:08.795,1,,False,,False,True,89.561,89.56099999999999
337,0 days 01:01:00.045000,OCO,31,0 days 00:01:22.137000,25.0,4.0,,,29.204,31.691,21.242,0 days 01:00:07.112000,0 days 01:00:38.803000,0 days 01:01:00.045000,294.0,278.0,244.0,319.0,False,MEDIUM,11.0,False,Alpine,0 days 00:59:37.908000,2021-11-05 21:44:38.356,1,,False,,False,True,82.137,82.137
338,0 days 01:02:22.516000,OCO,31,0 days 00:01:22.471000,26.0,4.0,,,29.279,31.826,21.366,0 days 01:01:29.324000,0 days 01:02:01.150000,0 days 01:02:22.516000,294.0,277.0,244.0,321.0,False,MEDIUM,12.0,False,Alpine,0 days 01:01:00.045000,2021-11-05 21:46:00.493,1,,False,,False,True,82.471,82.471
339,0 days 01:03:45.147000,OCO,31,0 days 00:01:22.631000,27.0,4.0,,,29.341,31.803,21.487,0 days 01:02:51.857000,0 days 01:03:23.660000,0 days 01:03:45.147000,295.0,280.0,243.0,323.0,False,MEDIUM,13.0,False,Alpine,0 days 01:02:22.516000,2021-11-05 21:47:22.964,12,,False,,False,True,82.631,82.631
340,0 days 01:05:07.621000,OCO,31,0 days 00:01:22.474000,28.0,4.0,,,29.323,31.93,21.221,0 days 01:04:14.470000,0 days 01:04:46.400000,0 days 01:05:07.621000,292.0,279.0,244.0,322.0,False,MEDIUM,14.0,False,Alpine,0 days 01:03:45.147000,2021-11-05 21:48:45.595,21,,False,,False,True,82.474,82.474
341,0 days 01:06:29.925000,OCO,31,0 days 00:01:22.304000,29.0,4.0,,,29.202,31.816,21.286,0 days 01:05:36.823000,0 days 01:06:08.639000,0 days 01:06:29.925000,294.0,279.0,244.0,322.0,False,MEDIUM,15.0,False,Alpine,0 days 01:05:07.621000,2021-11-05 21:50:08.069,1,,False,,False,True,82.304,82.304
342,0 days 01:07:52.507000,OCO,31,0 days 00:01:22.582000,30.0,4.0,,,29.319,31.83,21.433,0 days 01:06:59.244000,0 days 01:07:31.074000,0 days 01:07:52.507000,293.0,281.0,245.0,321.0,False,MEDIUM,16.0,False,Alpine,0 days 01:06:29.925000,2021-11-05 21:51:30.373,1,,False,,False,True,82.582,82.582
343,0 days 01:09:15.557000,OCO,31,0 days 00:01:23.050000,31.0,4.0,,,29.284,32.135,21.631,0 days 01:08:21.791000,0 days 01:08:53.926000,0 days 01:09:15.557000,297.0,277.0,245.0,322.0,False,MEDIUM,17.0,False,Alpine,0 days 01:07:52.507000,2021-11-05 21:52:52.955,1,,False,,False,True,83.05,83.05
344,0 days 01:10:39.885000,OCO,31,0 days 00:01:24.328000,32.0,4.0,,,29.065,33.085,22.178,0 days 01:09:44.622000,0 days 01:10:17.707000,0 days 01:10:39.885000,280.0,285.0,244.0,346.0,False,MEDIUM,18.0,False,Alpine,0 days 01:09:15.557000,2021-11-05 21:54:16.005,1,,False,,False,True,84.328,84.328
345,0 days 01:12:02.541000,OCO,31,0 days 00:01:22.656000,33.0,4.0,,,29.26,31.907,21.489,0 days 01:11:09.145000,0 days 01:11:41.052000,0 days 01:12:02.541000,292.0,280.0,245.0,320.0,False,MEDIUM,19.0,False,Alpine,0 days 01:10:39.885000,2021-11-05 21:55:40.333,1,,False,,False,True,82.656,82.656
346,0 days 01:13:25.953000,OCO,31,0 days 00:01:23.412000,34.0,4.0,,,29.063,33.055,21.294,0 days 01:12:31.604000,0 days 01:13:04.659000,0 days 01:13:25.953000,293.0,280.0,245.0,321.0,False,MEDIUM,20.0,False,Alpine,0 days 01:12:02.541000,2021-11-05 21:57:02.989,1,,False,,False,True,83.412,83.41199999999999
347,0 days 01:14:48.575000,OCO,31,0 days 00:01:22.622000,35.0,4.0,,,29.216,32.091,21.315,0 days 01:13:55.169000,0 days 01:14:27.260000,0 days 01:14:48.575000,295.0,280.0,245.0,322.0,False,MEDIUM,21.0,False,Alpine,0 days 01:13:25.953000,2021-11-05 21:58:26.401,1,,False,,False,True,82.622,82.622
348,0 days 01:16:10.904000,OCO,31,0 days 00:01:22.329000,36.0,4.0,,,29.105,31.813,21.411,0 days 01:15:17.680000,0 days 01:15:49.493000,0 days 01:16:10.904000,296.0,279.0,245.0,321.0,False,MEDIUM,22.0,False,Alpine,0 days 01:14:48.575000,2021-11-05 21:59:49.023,1,,False,,False,True,82.329,82.32900000000001
349,0 days 01:17:48.672000,OCO,31,0 days 00:01:37.768000,37.0,4.0,,0 days 01:17:48.670000,32.775,36.272,28.721,0 days 01:16:43.679000,0 days 01:17:19.951000,0 days 01:17:48.672000,207.0,236.0,,229.0,False,MEDIUM,23.0,False,Alpine,0 days 01:16:10.904000,2021-11-05 22:01:11.352,1,,False,,False,False,97.768,97.768
350,0 days 00:18:06.745000,VER,33,,1.0,1.0,0 days 00:16:20.487000,,,35.543,40.812,,0 days 00:17:26.008000,0 days 00:18:06.891000,258.0,280.0,249.0,295.0,False,MEDIUM,1.0,True,Red Bull Racing,0 days 00:16:20.487000,2021-11-05 21:01:20.935,1,,False,,False,False,,
351,0 days 00:19:25.563000,VER,33,0 days 00:01:18.818000,2.0,1.0,,,28.199,30.371,20.248,0 days 00:18:34.944000,0 days 00:19:05.315000,0 days 00:19:25.563000,310.0,292.0,248.0,338.0,True,MEDIUM,2.0,True,Red Bull Racing,0 days 00:18:06.745000,2021-11-05 21:03:07.193,1,,False,,False,True,78.818,78.818
352,0 days 00:21:19.796000,VER,33,0 days 00:01:54.233000,3.0,1.0,,,36.622,49.262,28.349,0 days 00:20:02.185000,0 days 00:20:51.447000,0 days 00:21:19.796000,163.0,214.0,253.0,275.0,False,MEDIUM,3.0,True,Red Bull Racing,0 days 00:19:25.563000,2021-11-05 21:04:26.011,1,,False,,False,True,114.233,114.233
353,0 days 00:22:38.002000,VER,33,0 days 00:01:18.206000,4.0,1.0,,,27.737,30.227,20.242,0 days 00:21:47.533000,0 days 00:22:17.760000,0 days 00:22:38.002000,313.0,295.0,252.0,345.0,True,MEDIUM,4.0,True,Red Bull Racing,0 days 00:21:19.796000,2021-11-05 21:06:20.244,1,,False,,False,True,78.206,78.206
354,0 days 00:24:10.870000,VER,33,0 days 00:01:32.868000,5.0,1.0,,0 days 00:24:08.268000,31.806,34.97,26.092,0 days 00:23:09.808000,0 days 00:23:44.778000,0 days 00:24:10.870000,248.0,241.0,,285.0,False,MEDIUM,5.0,True,Red Bull Racing,0 days 00:22:38.002000,2021-11-05 21:07:38.450,12,,False,,False,False,92.868,92.868
355,0 days 00:26:36.963000,VER,33,0 days 00:02:26.093000,6.0,2.0,0 days 00:24:47.589000,,67.085,39.288,39.72,0 days 00:25:17.955000,0 days 00:25:57.243000,0 days 00:26:36.963000,167.0,283.0,250.0,269.0,False,MEDIUM,6.0,False,Red Bull Racing,0 days 00:24:10.870000,2021-11-05 21:09:11.318,1,,False,,False,False,146.093,146.093
356,0 days 00:27:54.883000,VER,33,0 days 00:01:17.920000,7.0,2.0,,,27.826,29.849,20.245,0 days 00:27:04.789000,0 days 00:27:34.638000,0 days 00:27:54.883000,314.0,294.0,253.0,341.0,True,MEDIUM,7.0,False,Red Bull Racing,0 days 00:26:36.963000,2021-11-05 21:11:37.411,1,,False,,False,True,77.92,77.92
357,0 days 00:29:30.351000,VER,33,0 days 00:01:35.468000,8.0,2.0,,0 days 00:29:27.731000,31.048,36.135,28.285,0 days 00:28:25.931000,0 days 00:29:02.066000,0 days 00:29:30.351000,228.0,238.0,,285.0,False,MEDIUM,8.0,False,Red Bull Racing,0 days 00:27:54.883000,2021-11-05 21:12:55.331,1,,False,,False,False,95.468,95.46799999999999
358,0 days 00:42:37.800000,VER,33,,9.0,3.0,0 days 00:40:50.042000,,,43.018,33.877,,0 days 00:42:04.012000,0 days 00:42:37.948000,199.0,89.0,253.0,279.0,False,SOFT,1.0,True,Red Bull Racing,0 days 00:29:30.351000,2021-11-05 21:14:30.799,1,,False,,False,False,,
359,0 days 00:43:55.101000,VER,33,0 days 00:01:17.301000,10.0,3.0,,,27.585,29.725,19.991,0 days 00:43:05.385000,0 days 00:43:35.110000,0 days 00:43:55.101000,314.0,290.0,249.0,338.0,True,SOFT,2.0,True,Red Bull Racing,0 days 00:42:37.800000,2021-11-05 21:27:38.248,1,,False,,False,True,77.301,77.301
360,0 days 00:45:49.267000,VER,33,0 days 00:01:54.166000,11.0,3.0,,,35.92,47.27,30.976,0 days 00:44:31.021000,0 days 00:45:18.291000,0 days 00:45:49.267000,210.0,140.0,187.0,219.0,False,SOFT,3.0,True,Red Bull Racing,0 days 00:43:55.101000,2021-11-05 21:28:55.549,1,,False,,False,True,114.166,114.166
361,0 days 00:47:32.722000,VER,33,0 days 00:01:43.455000,12.0,3.0,,,38.113,43.22,22.122,0 days 00:46:27.380000,0 days 00:47:10.600000,0 days 00:47:32.722000,183.0,216.0,253.0,209.0,False,SOFT,4.0,True,Red Bull Racing,0 days 00:45:49.267000,2021-11-05 21:30:49.715,1,,False,,False,True,103.455,103.455
362,0 days 00:48:50.341000,VER,33,0 days 00:01:17.619000,13.0,3.0,,,27.6,29.725,20.294,0 days 00:48:00.322000,0 days 00:48:30.047000,0 days 00:48:50.341000,311.0,292.0,247.0,338.0,False,SOFT,5.0,True,Red Bull Racing,0 days 00:47:32.722000,2021-11-05 21:32:33.170,1,,False,,False,True,77.619,77.619
363,0 days 00:50:19.262000,VER,33,0 days 00:01:28.921000,14.0,3.0,,0 days 00:50:16.669000,31.182,32.559,25.18,0 days 00:49:21.523000,0 days 00:49:54.082000,0 days 00:50:19.262000,247.0,263.0,,296.0,False,SOFT,6.0,True,Red Bull Racing,0 days 00:48:50.341000,2021-11-05 21:33:50.789,1,,False,,False,False,88.921,88.92099999999999
364,0 days 00:59:01.216000,VER,33,,15.0,4.0,0 days 00:57:28.499000,0 days 00:59:00.004000,,35.459,24.883,,0 days 00:58:36.394000,0 days 00:59:01.362000,148.0,262.0,,291.0,False,MEDIUM,9.0,False,Red Bull Racing,0 days 00:50:19.262000,2021-11-05 21:35:19.710,1,,False,,False,False,,
365,0 days 01:00:53.057000,VER,33,0 days 00:01:51.841000,16.0,5.0,0 days 00:59:27.303000,,55.887,32.087,23.867,0 days 00:59:57.103000,0 days 01:00:29.190000,0 days 01:00:53.057000,278.0,276.0,246.0,299.0,False,MEDIUM,10.0,False,Red Bull Racing,0 days 00:59:01.216000,2021-11-05 21:44:01.664,1,,False,,False,False,111.841,111.84100000000001
366,0 days 01:02:14.169000,VER,33,0 days 00:01:21.112000,17.0,5.0,,,29.212,31.148,20.752,0 days 01:01:22.269000,0 days 01:01:53.417000,0 days 01:02:14.169000,275.0,277.0,245.0,313.0,False,MEDIUM,11.0,False,Red Bull Racing,0 days 01:00:53.057000,2021-11-05 21:45:53.505,1,,False,,False,True,81.112,81.112
367,0 days 01:03:35.138000,VER,33,0 days 00:01:20.969000,18.0,5.0,,,29.206,31.077,20.686,0 days 01:02:43.375000,0 days 01:03:14.452000,0 days 01:03:35.138000,274.0,279.0,246.0,313.0,False,MEDIUM,12.0,False,Red Bull Racing,0 days 01:02:14.169000,2021-11-05 21:47:14.617,1,,False,,False,True,80.969,80.969
368,0 days 01:04:58.510000,VER,33,0 days 00:01:23.372000,19.0,5.0,,,29.175,31.211,22.986,0 days 01:04:04.313000,0 days 01:04:35.524000,0 days 01:04:58.510000,277.0,283.0,243.0,319.0,False,MEDIUM,13.0,False,Red Bull Racing,0 days 01:03:35.138000,2021-11-05 21:48:35.586,12,,False,,False,True,83.372,83.372
369,0 days 01:06:19.576000,VER,33,0 days 00:01:21.066000,20.0,5.0,,,29.182,31.09,20.794,0 days 01:05:27.692000,0 days 01:05:58.782000,0 days 01:06:19.576000,278.0,280.0,246.0,317.0,False,MEDIUM,14.0,False,Red Bull Racing,0 days 01:04:58.510000,2021-11-05 21:49:58.958,1,,False,,False,True,81.066,81.066
370,0 days 01:07:40.582000,VER,33,0 days 00:01:21.006000,21.0,5.0,,,29.139,31.048,20.819,0 days 01:06:48.715000,0 days 01:07:19.763000,0 days 01:07:40.582000,283.0,280.0,248.0,317.0,False,MEDIUM,15.0,False,Red Bull Racing,0 days 01:06:19.576000,2021-11-05 21:51:20.024,1,,False,,False,True,81.006,81.006
371,0 days 01:09:11.492000,VER,33,0 days 00:01:30.910000,22.0,5.0,,,29.213,31.922,29.775,0 days 01:08:09.795000,0 days 01:08:41.717000,0 days 01:09:11.492000,278.0,278.0,246.0,313.0,False,MEDIUM,16.0,False,Red Bull Racing,0 days 01:07:40.582000,2021-11-05 21:52:41.030,1,,False,,False,True,90.91,90.91
372,0 days 01:10:32.817000,VER,33,0 days 00:01:21.325000,23.0,5.0,,,29.204,31.317,20.804,0 days 01:09:40.696000,0 days 01:10:12.013000,0 days 01:10:32.817000,279.0,280.0,247.0,309.0,False,MEDIUM,17.0,False,Red Bull Racing,0 days 01:09:11.492000,2021-11-05 21:54:11.940,1,,False,,False,True,81.325,81.325
373,0 days 01:11:58.791000,VER,33,0 days 00:01:25.974000,24.0,5.0,,,29.253,31.561,25.16,0 days 01:11:02.070000,0 days 01:11:33.631000,0 days 01:11:58.791000,275.0,276.0,247.0,313.0,False,MEDIUM,18.0,False,Red Bull Racing,0 days 01:10:32.817000,2021-11-05 21:55:33.265,1,,False,,False,True,85.974,85.974
374,0 days 01:13:19.943000,VER,33,0 days 00:01:21.152000,25.0,5.0,,,29.015,31.17,20.967,0 days 01:12:27.806000,0 days 01:12:58.976000,0 days 01:13:19.943000,276.0,278.0,248.0,311.0,False,MEDIUM,19.0,False,Red Bull Racing,0 days 01:11:58.791000,2021-11-05 21:56:59.239,1,,False,,False,True,81.152,81.152
375,0 days 01:14:40.863000,VER,33,0 days 00:01:20.920000,26.0,5.0,,,29.004,31.202,20.714,0 days 01:13:48.947000,0 days 01:14:20.149000,0 days 01:14:40.863000,280.0,282.0,248.0,316.0,False,MEDIUM,20.0,False,Red Bull Racing,0 days 01:13:19.943000,2021-11-05 21:58:20.391,1,,False,,False,True,80.92,80.92
376,0 days 01:16:02.051000,VER,33,0 days 00:01:21.188000,27.0,5.0,,,28.765,31.387,21.036,0 days 01:15:09.628000,0 days 01:15:41.015000,0 days 01:16:02.051000,291.0,283.0,249.0,321.0,False,MEDIUM,21.0,False,Red Bull Racing,0 days 01:14:40.863000,2021-11-05 21:59:41.311,1,,False,,False,True,81.188,81.188
377,0 days 01:17:36.003000,VER,33,0 days 00:01:33.952000,28.0,5.0,,0 days 01:17:33.774000,33.283,34.911,25.758,0 days 01:16:35.334000,0 days 01:17:10.245000,0 days 01:17:36.003000,230.0,254.0,,270.0,False,MEDIUM,22.0,False,Red Bull Racing,0 days 01:16:02.051000,2021-11-05 22:01:02.499,1,,False,,False,False,93.952,93.952
378,0 days 00:18:23.694000,HAM,44,,1.0,1.0,0 days 00:16:08.843000,,,35.434,47.887,,0 days 00:17:35.831000,0 days 00:18:23.880000,230.0,271.0,189.0,272.0,False,HARD,1.0,True,Mercedes,0 days 00:16:08.843000,2021-11-05 21:01:09.291,1,,False,,False,False,,
379,0 days 00:20:03.974000,HAM,44,0 days 00:01:40.280000,2.0,1.0,,,31.936,38.904,29.44,0 days 00:18:55.630000,0 days 00:19:34.534000,0 days 00:20:03.974000,185.0,276.0,246.0,315.0,True,HARD,2.0,True,Mercedes,0 days 00:18:23.694000,2021-11-05 21:03:24.142,1,,False,,False,True,100.28,100.28
380,0 days 00:21:26.929000,HAM,44,0 days 00:01:22.955000,3.0,1.0,,,28.239,31.129,23.587,0 days 00:20:32.213000,0 days 00:21:03.342000,0 days 00:21:26.929000,308.0,290.0,250.0,348.0,True,HARD,3.0,True,Mercedes,0 days 00:20:03.974000,2021-11-05 21:05:04.422,1,,False,,False,True,82.955,82.955
381,0 days 00:22:56.432000,HAM,44,0 days 00:01:29.503000,4.0,1.0,,,28.161,36.764,24.578,0 days 00:21:55.090000,0 days 00:22:31.854000,0 days 00:22:56.432000,277.0,261.0,249.0,347.0,False,HARD,4.0,True,Mercedes,0 days 00:21:26.929000,2021-11-05 21:06:27.377,1,,False,,False,True,89.503,89.50300000000001
382,0 days 00:24:15.211000,HAM,44,0 days 00:01:18.779000,5.0,1.0,,,27.815,30.432,20.532,0 days 00:23:24.247000,0 days 00:23:54.679000,0 days 00:24:15.211000,310.0,290.0,250.0,346.0,False,HARD,5.0,True,Mercedes,0 days 00:22:56.432000,2021-11-05 21:07:56.880,12,,True,DOUBLE YELLOW AT TURN 11,False,True,78.779,78.779
383,0 days 00:26:07.256000,HAM,44,0 days 00:01:52.045000,6.0,1.0,,,41.38,43.955,26.71,0 days 00:24:56.591000,0 days 00:25:40.546000,0 days 00:26:07.256000,117.0,273.0,249.0,228.0,False,HARD,6.0,True,Mercedes,0 days 00:24:15.211000,2021-11-05 21:09:15.659,1,,False,,False,True,112.045,112.04500000000002
384,0 days 00:27:50.028000,HAM,44,0 days 00:01:42.772000,7.0,1.0,,0 days 00:27:47.462000,34.178,38.6,29.994,0 days 00:26:41.434000,0 days 00:27:20.034000,0 days 00:27:50.028000,167.0,271.0,,345.0,False,HARD,7.0,True,Mercedes,0 days 00:26:07.256000,2021-11-05 21:11:07.704,1,,False,,False,False,102.772,102.77199999999999
385,0 days 00:42:32.506000,HAM,44,,8.0,2.0,0 days 00:40:43.906000,,,40.227,35.205,,0 days 00:41:57.301000,0 days 00:42:35.700000,211.0,133.0,250.0,195.0,False,SOFT,1.0,True,Mercedes,0 days 00:27:50.028000,2021-11-05 21:12:50.476,1,,False,,False,False,,
386,0 days 00:43:50.316000,HAM,44,0 days 00:01:17.810000,9.0,2.0,,,27.551,29.994,20.265,0 days 00:43:00.057000,0 days 00:43:30.051000,0 days 00:43:50.316000,311.0,289.0,253.0,344.0,True,SOFT,2.0,True,Mercedes,0 days 00:42:32.506000,2021-11-05 21:27:32.954,1,,False,,False,True,77.81,77.81
387,0 days 00:45:59.969000,HAM,44,0 days 00:02:09.653000,10.0,2.0,,0 days 00:45:57.318000,48.013,47.254,34.386,0 days 00:44:38.329000,0 days 00:45:25.583000,0 days 00:45:59.969000,121.0,172.0,,138.0,False,SOFT,3.0,True,Mercedes,0 days 00:43:50.316000,2021-11-05 21:28:50.764,1,,False,,False,False,129.653,129.653
388,0 days 00:48:34.018000,HAM,44,,11.0,3.0,0 days 00:46:26.831000,,80.555,45.354,28.164,0 days 00:47:20.502000,0 days 00:48:05.854000,0 days 00:48:34.170000,210.0,259.0,252.0,232.0,False,SOFT,4.0,False,Mercedes,0 days 00:45:59.969000,2021-11-05 21:31:00.417,1,,False,,False,False,,154.073
389,0 days 00:49:51.990000,HAM,44,0 days 00:01:17.972000,12.0,3.0,,,27.62,30.22,20.132,0 days 00:49:01.638000,0 days 00:49:31.858000,0 days 00:49:51.990000,312.0,288.0,255.0,343.0,False,SOFT,5.0,False,Mercedes,0 days 00:48:34.018000,2021-11-05 21:33:34.466,1,,False,,False,True,77.972,77.97200000000001
390,0 days 00:51:21.343000,HAM,44,0 days 00:01:29.353000,13.0,3.0,,0 days 00:51:20.241000,30.198,32.353,26.802,0 days 00:50:22.188000,0 days 00:50:54.541000,0 days 00:51:21.343000,274.0,228.0,,314.0,False,SOFT,6.0,False,Mercedes,0 days 00:49:51.990000,2021-11-05 21:34:52.438,1,,False,,False,False,89.353,89.35300000000001
391,0 days 01:00:23.601000,HAM,44,,14.0,4.0,0 days 00:58:44.505000,,,32.618,21.533,,0 days 01:00:02.098000,0 days 01:00:23.798000,260.0,277.0,245.0,281.0,False,SOFT,7.0,False,Mercedes,0 days 00:51:21.343000,2021-11-05 21:36:21.791,1,,False,,False,False,,
392,0 days 01:01:44.885000,HAM,44,0 days 00:01:21.284000,15.0,4.0,,,29.04,31.392,20.852,0 days 01:00:52.641000,0 days 01:01:24.033000,0 days 01:01:44.885000,291.0,278.0,245.0,322.0,False,SOFT,8.0,False,Mercedes,0 days 01:00:23.601000,2021-11-05 21:45:24.049,1,,False,,False,True,81.284,81.284
393,0 days 01:03:12.209000,HAM,44,0 days 00:01:27.324000,16.0,4.0,,,28.966,31.841,26.517,0 days 01:02:13.851000,0 days 01:02:45.692000,0 days 01:03:12.209000,290.0,278.0,242.0,323.0,False,SOFT,9.0,False,Mercedes,0 days 01:01:44.885000,2021-11-05 21:46:45.333,1,,False,,False,True,87.324,87.324
394,0 days 01:04:33.953000,HAM,44,0 days 00:01:21.744000,17.0,4.0,,,29.193,31.481,21.07,0 days 01:03:41.402000,0 days 01:04:12.883000,0 days 01:04:33.953000,291.0,278.0,243.0,319.0,False,SOFT,10.0,False,Mercedes,0 days 01:03:12.209000,2021-11-05 21:48:12.657,12,,False,,False,True,81.744,81.744
395,0 days 01:05:55.962000,HAM,44,0 days 00:01:22.009000,18.0,4.0,,,29.314,31.564,21.131,0 days 01:05:03.267000,0 days 01:05:34.831000,0 days 01:05:55.962000,291.0,277.0,242.0,322.0,False,SOFT,11.0,False,Mercedes,0 days 01:04:33.953000,2021-11-05 21:49:34.401,1,,False,,False,True,82.009,82.009
396,0 days 01:07:17.641000,HAM,44,0 days 00:01:21.679000,19.0,4.0,,,29.163,31.446,21.07,0 days 01:06:25.125000,0 days 01:06:56.571000,0 days 01:07:17.641000,291.0,278.0,243.0,322.0,False,SOFT,12.0,False,Mercedes,0 days 01:05:55.962000,2021-11-05 21:50:56.410,1,,False,,False,True,81.679,81.679
397,0 days 01:08:39.636000,HAM,44,0 days 00:01:21.995000,20.0,4.0,,,29.218,31.642,21.135,0 days 01:07:46.859000,0 days 01:08:18.501000,0 days 01:08:39.636000,290.0,278.0,244.0,323.0,False,SOFT,13.0,False,Mercedes,0 days 01:07:17.641000,2021-11-05 21:52:18.089,1,,False,,False,True,81.995,81.995
398,0 days 01:10:06.513000,HAM,44,0 days 00:01:26.877000,21.0,4.0,,0 days 01:10:04.626000,29.239,31.767,25.871,0 days 01:09:08.875000,0 days 01:09:40.642000,0 days 01:10:06.513000,290.0,268.0,,322.0,False,SOFT,14.0,False,Mercedes,0 days 01:08:39.636000,2021-11-05 21:53:40.084,1,,False,,False,False,86.877,86.877
399,0 days 01:11:48.905000,HAM,44,0 days 00:01:42.392000,22.0,5.0,0 days 01:10:26.610000,,48.931,32.346,21.115,0 days 01:10:55.444000,0 days 01:11:27.790000,0 days 01:11:48.905000,285.0,276.0,246.0,302.0,False,HARD,8.0,False,Mercedes,0 days 01:10:06.513000,2021-11-05 21:55:06.961,1,,False,,False,False,102.392,102.39199999999998
400,0 days 01:13:10.334000,HAM,44,0 days 00:01:21.429000,23.0,5.0,,,28.87,31.43,21.129,0 days 01:12:17.775000,0 days 01:12:49.205000,0 days 01:13:10.334000,290.0,279.0,245.0,327.0,False,HARD,9.0,False,Mercedes,0 days 01:11:48.905000,2021-11-05 21:56:49.353,1,,False,,False,True,81.429,81.429
401,0 days 01:14:33.340000,HAM,44,0 days 00:01:23.006000,24.0,5.0,,,28.986,32.362,21.658,0 days 01:13:39.320000,0 days 01:14:11.682000,0 days 01:14:33.340000,294.0,279.0,245.0,324.0,False,HARD,10.0,False,Mercedes,0 days 01:13:10.334000,2021-11-05 21:58:10.782,1,,False,,False,True,83.006,83.006
402,0 days 01:15:56.646000,HAM,44,0 days 00:01:23.306000,25.0,5.0,,,28.822,32.711,21.773,0 days 01:15:02.162000,0 days 01:15:34.873000,0 days 01:15:56.646000,288.0,288.0,243.0,348.0,False,HARD,11.0,False,Mercedes,0 days 01:14:33.340000,2021-11-05 21:59:33.788,1,,False,,False,True,83.306,83.306
403,0 days 01:17:38.797000,HAM,44,0 days 00:01:42.151000,26.0,5.0,,0 days 01:17:36.129000,31.856,45.007,25.288,0 days 01:16:28.502000,0 days 01:17:13.509000,0 days 01:17:38.797000,156.0,259.0,,335.0,False,HARD,12.0,False,Mercedes,0 days 01:15:56.646000,2021-11-05 22:00:57.094,1,,False,,False,False,102.151,102.151
404,0 days 00:17:23.217000,MSC,47,,1.0,1.0,0 days 00:15:19.949000,,,46.327,26.34,,0 days 00:16:56.954000,0 days 00:17:23.357000,129.0,242.0,241.0,208.0,False,HARD,1.0,True,Haas F1 Team,0 days 00:15:19.949000,2021-11-05 21:00:20.397,1,,False,,False,False,,
405,0 days 00:18:45.943000,MSC,47,0 days 00:01:22.726000,2.0,1.0,,,29.039,32.034,21.653,0 days 00:17:52.256000,0 days 00:18:24.290000,0 days 00:18:45.943000,308.0,288.0,248.0,338.0,True,HARD,2.0,True,Haas F1 Team,0 days 00:17:23.217000,2021-11-05 21:02:23.665,1,,False,,False,True,82.726,82.726
406,0 days 00:20:42.105000,MSC,47,0 days 00:01:56.162000,3.0,1.0,,,36.929,54.584,24.649,0 days 00:19:22.872000,0 days 00:20:17.456000,0 days 00:20:42.105000,141.0,186.0,247.0,303.0,False,HARD,3.0,True,Haas F1 Team,0 days 00:18:45.943000,2021-11-05 21:03:46.391,1,,False,,False,True,116.162,116.162
407,0 days 00:22:25.254000,MSC,47,0 days 00:01:43.149000,4.0,1.0,,,35.814,42.955,24.38,0 days 00:21:17.919000,0 days 00:22:00.874000,0 days 00:22:25.254000,132.0,258.0,247.0,340.0,False,HARD,4.0,True,Haas F1 Team,0 days 00:20:42.105000,2021-11-05 21:05:42.553,1,,False,,False,True,103.149,103.149
408,0 days 00:23:47.019000,MSC,47,0 days 00:01:21.765000,5.0,1.0,,,28.527,31.922,21.316,0 days 00:22:53.781000,0 days 00:23:25.703000,0 days 00:23:47.019000,301.0,289.0,250.0,341.0,True,HARD,5.0,True,Haas F1 Team,0 days 00:22:25.254000,2021-11-05 21:07:25.702,1,,False,,False,True,81.765,81.765
409,0 days 00:25:37.343000,MSC,47,0 days 00:01:50.324000,6.0,1.0,,,40.248,45.376,24.7,0 days 00:24:27.267000,0 days 00:25:12.643000,0 days 00:25:37.343000,175.0,208.0,248.0,151.0,False,HARD,6.0,True,Haas F1 Team,0 days 00:23:47.019000,2021-11-05 21:08:47.467,12,,False,,False,True,110.324,110.324
410,0 days 00:26:58.724000,MSC,47,0 days 00:01:21.381000,7.0,1.0,,,28.524,31.563,21.294,0 days 00:26:05.867000,0 days 00:26:37.430000,0 days 00:26:58.724000,304.0,290.0,249.0,340.0,True,HARD,7.0,True,Haas F1 Team,0 days 00:25:37.343000,2021-11-05 21:10:37.791,1,,False,,False,True,81.381,81.381
411,0 days 00:28:38.035000,MSC,47,0 days 00:01:39.311000,8.0,1.0,,0 days 00:28:35.441000,36.247,37.268,25.796,0 days 00:27:34.971000,0 days 00:28:12.239000,0 days 00:28:38.035000,194.0,253.0,,182.0,False,HARD,8.0,True,Haas F1 Team,0 days 00:26:58.724000,2021-11-05 21:11:59.172,1,,False,,False,False,99.311,99.311
412,0 days 00:38:52.681000,MSC,47,,9.0,2.0,0 days 00:36:59.980000,,,48.92,24.447,,0 days 00:38:28.280000,0 days 00:38:55.369000,205.0,235.0,252.0,233.0,False,SOFT,1.0,True,Haas F1 Team,0 days 00:28:38.035000,2021-11-05 21:13:38.483,1,,False,,False,False,,
413,0 days 00:40:12.301000,MSC,47,0 days 00:01:19.620000,10.0,2.0,,,28.058,30.899,20.663,0 days 00:39:20.739000,0 days 00:39:51.638000,0 days 00:40:12.301000,313.0,290.0,252.0,339.0,True,SOFT,2.0,True,Haas F1 Team,0 days 00:38:52.681000,2021-11-05 21:23:53.129,1,,False,,False,True,79.62,79.62
414,0 days 00:42:13.220000,MSC,47,0 days 00:02:00.919000,11.0,2.0,,,39.886,53.813,27.22,0 days 00:40:52.187000,0 days 00:41:46,0 days 00:42:13.220000,144.0,169.0,251.0,254.0,False,SOFT,3.0,True,Haas F1 Team,0 days 00:40:12.301000,2021-11-05 21:25:12.749,1,,False,,False,True,120.919,120.91900000000001
415,0 days 00:43:33.865000,MSC,47,0 days 00:01:20.645000,12.0,2.0,,,27.948,31.201,21.496,0 days 00:42:41.168000,0 days 00:43:12.369000,0 days 00:43:33.865000,313.0,285.0,250.0,341.0,False,SOFT,4.0,True,Haas F1 Team,0 days 00:42:13.220000,2021-11-05 21:27:13.668,1,,False,,False,True,80.645,80.645
416,0 days 00:45:37.773000,MSC,47,0 days 00:02:03.908000,13.0,2.0,,,40.458,55.296,28.154,0 days 00:44:14.323000,0 days 00:45:09.619000,0 days 00:45:37.773000,134.0,194.0,250.0,271.0,False,SOFT,5.0,True,Haas F1 Team,0 days 00:43:33.865000,2021-11-05 21:28:34.313,1,,False,,False,True,123.908,123.90799999999999
417,0 days 00:46:57.927000,MSC,47,0 days 00:01:20.154000,14.0,2.0,,,28.125,31.081,20.948,0 days 00:46:05.898000,0 days 00:46:36.979000,0 days 00:46:57.927000,310.0,290.0,251.0,340.0,False,SOFT,6.0,True,Haas F1 Team,0 days 00:45:37.773000,2021-11-05 21:30:38.221,1,,False,,False,True,80.154,80.154
418,0 days 00:48:30.908000,MSC,47,0 days 00:01:32.981000,15.0,2.0,,0 days 00:48:30.086000,31.495,35.741,25.745,0 days 00:47:29.422000,0 days 00:48:05.163000,0 days 00:48:30.908000,198.0,256.0,,320.0,False,SOFT,7.0,True,Haas F1 Team,0 days 00:46:57.927000,2021-11-05 21:31:58.375,1,,False,,False,False,92.981,92.98100000000001
419,0 days 00:57:12.406000,MSC,47,,16.0,3.0,0 days 00:55:33.418000,,,34.554,22.623,,0 days 00:56:49.832000,0 days 00:57:12.561000,278.0,274.0,238.0,303.0,False,HARD,9.0,False,Haas F1 Team,0 days 00:48:30.908000,2021-11-05 21:33:31.356,1,,False,,False,False,,
420,0 days 00:58:39.041000,MSC,47,0 days 00:01:26.635000,17.0,3.0,,,30.099,33.21,23.326,0 days 00:57:42.505000,0 days 00:58:15.715000,0 days 00:58:39.041000,278.0,274.0,239.0,318.0,False,HARD,10.0,False,Haas F1 Team,0 days 00:57:12.406000,2021-11-05 21:42:12.854,1,,False,,False,True,86.635,86.63499999999999
421,0 days 01:00:04.545000,MSC,47,0 days 00:01:25.504000,18.0,3.0,,,29.922,33.42,22.162,0 days 00:59:08.963000,0 days 00:59:42.383000,0 days 01:00:04.545000,273.0,274.0,243.0,318.0,False,HARD,11.0,False,Haas F1 Team,0 days 00:58:39.041000,2021-11-05 21:43:39.489,1,,False,,False,True,85.504,85.50399999999999
422,0 days 01:01:28.702000,MSC,47,0 days 00:01:24.157000,19.0,3.0,,,29.628,32.757,21.772,0 days 01:00:34.173000,0 days 01:01:06.930000,0 days 01:01:28.702000,288.0,276.0,242.0,323.0,False,HARD,12.0,False,Haas F1 Team,0 days 01:00:04.545000,2021-11-05 21:45:04.993,1,,False,,False,True,84.157,84.157
423,0 days 01:02:54.119000,MSC,47,0 days 00:01:25.417000,20.0,3.0,,,30.03,33.38,22.007,0 days 01:01:58.732000,0 days 01:02:32.112000,0 days 01:02:54.119000,282.0,276.0,240.0,321.0,False,HARD,13.0,False,Haas F1 Team,0 days 01:01:28.702000,2021-11-05 21:46:29.150,1,,False,,False,True,85.417,85.417
424,0 days 01:04:19.796000,MSC,47,0 days 00:01:25.677000,21.0,3.0,,,29.994,33.594,22.089,0 days 01:03:24.113000,0 days 01:03:57.707000,0 days 01:04:19.796000,283.0,276.0,241.0,324.0,False,HARD,14.0,False,Haas F1 Team,0 days 01:02:54.119000,2021-11-05 21:47:54.567,12,,False,,False,True,85.677,85.67699999999999
425,0 days 01:05:44.407000,MSC,47,0 days 00:01:24.611000,22.0,3.0,,,29.747,33.007,21.857,0 days 01:04:49.543000,0 days 01:05:22.550000,0 days 01:05:44.407000,283.0,275.0,242.0,323.0,False,HARD,15.0,False,Haas F1 Team,0 days 01:04:19.796000,2021-11-05 21:49:20.244,1,,False,,False,True,84.611,84.61099999999999
426,0 days 01:07:10.109000,MSC,47,0 days 00:01:25.702000,23.0,3.0,,,29.489,32.483,23.73,0 days 01:06:13.896000,0 days 01:06:46.379000,0 days 01:07:10.109000,285.0,277.0,242.0,321.0,False,HARD,16.0,False,Haas F1 Team,0 days 01:05:44.407000,2021-11-05 21:50:44.855,1,,False,,False,True,85.702,85.702
427,0 days 01:08:34.607000,MSC,47,0 days 00:01:24.498000,24.0,3.0,,,29.738,32.905,21.855,0 days 01:07:39.847000,0 days 01:08:12.752000,0 days 01:08:34.607000,283.0,278.0,243.0,326.0,False,HARD,17.0,False,Haas F1 Team,0 days 01:07:10.109000,2021-11-05 21:52:10.557,1,,False,,False,True,84.498,84.498
428,0 days 01:10:01.313000,MSC,47,0 days 00:01:26.706000,25.0,3.0,,0 days 01:09:58.722000,29.536,32.616,24.554,0 days 01:09:04.143000,0 days 01:09:36.759000,0 days 01:10:01.313000,283.0,274.0,,322.0,False,HARD,18.0,False,Haas F1 Team,0 days 01:08:34.607000,2021-11-05 21:53:35.055,1,,False,,False,False,86.706,86.706
429,0 days 01:11:51.644000,MSC,47,0 days 00:01:50.331000,26.0,4.0,0 days 01:10:28.146000,,54.995,33.205,22.131,0 days 01:10:56.308000,0 days 01:11:29.513000,0 days 01:11:51.644000,276.0,277.0,242.0,307.0,False,SOFT,8.0,False,Haas F1 Team,0 days 01:10:01.313000,2021-11-05 21:55:01.761,1,,False,,False,False,110.331,110.33099999999999
430,0 days 01:13:14.790000,MSC,47,0 days 00:01:23.146000,27.0,4.0,,,29.331,32.493,21.322,0 days 01:12:20.975000,0 days 01:12:53.468000,0 days 01:13:14.790000,283.0,278.0,244.0,326.0,False,SOFT,9.0,False,Haas F1 Team,0 days 01:11:51.644000,2021-11-05 21:56:52.092,1,,False,,False,True,83.146,83.146
431,0 days 01:14:38.037000,MSC,47,0 days 00:01:23.247000,28.0,4.0,,,29.366,32.49,21.391,0 days 01:13:44.156000,0 days 01:14:16.646000,0 days 01:14:38.037000,286.0,274.0,244.0,324.0,False,SOFT,10.0,False,Haas F1 Team,0 days 01:13:14.790000,2021-11-05 21:58:15.238,1,,False,,False,True,83.247,83.247
432,0 days 01:16:01.477000,MSC,47,0 days 00:01:23.440000,29.0,4.0,,,29.25,32.58,21.61,0 days 01:15:07.287000,0 days 01:15:39.867000,0 days 01:16:01.477000,295.0,276.0,243.0,324.0,False,SOFT,11.0,False,Haas F1 Team,0 days 01:14:38.037000,2021-11-05 21:59:38.485,1,,False,,False,True,83.44,83.44
433,0 days 01:17:32.342000,MSC,47,0 days 00:01:30.865000,30.0,4.0,,0 days 01:17:29.746000,29.502,35.59,25.773,0 days 01:16:30.979000,0 days 01:17:06.569000,0 days 01:17:32.342000,289.0,252.0,,324.0,False,SOFT,12.0,False,Haas F1 Team,0 days 01:16:01.477000,2021-11-05 22:01:01.925,1,,False,,False,False,90.865,90.865
434,0 days 00:18:28.148000,SAI,55,,1.0,1.0,0 days 00:16:28.870000,,,35.503,51.514,,0 days 00:17:36.744000,0 days 00:18:28.292000,251.0,266.0,248.0,282.0,False,MEDIUM,1.0,True,Ferrari,0 days 00:16:28.870000,2021-11-05 21:01:29.318,1,,False,,False,False,,
435,0 days 00:19:57.374000,SAI,55,0 days 00:01:29.226000,2.0,1.0,,,28.225,33.407,27.594,0 days 00:18:56.373000,0 days 00:19:29.780000,0 days 00:19:57.374000,311.0,249.0,252.0,344.0,True,MEDIUM,2.0,True,Ferrari,0 days 00:18:28.148000,2021-11-05 21:03:28.596,1,,False,,False,True,89.226,89.226
436,0 days 00:21:17.706000,SAI,55,0 days 00:01:20.332000,3.0,1.0,,,27.97,31.101,21.261,0 days 00:20:25.344000,0 days 00:20:56.445000,0 days 00:21:17.706000,311.0,284.0,252.0,343.0,True,MEDIUM,3.0,True,Ferrari,0 days 00:19:57.374000,2021-11-05 21:04:57.822,1,,False,,False,True,80.332,80.332
437,0 days 00:23:13.891000,SAI,55,0 days 00:01:56.185000,4.0,1.0,,,38.3,44.726,33.159,0 days 00:21:56.006000,0 days 00:22:40.732000,0 days 00:23:13.891000,179.0,235.0,248.0,209.0,False,MEDIUM,4.0,True,Ferrari,0 days 00:21:17.706000,2021-11-05 21:06:18.154,1,,False,,False,True,116.185,116.185
438,0 days 00:24:45.614000,SAI,55,0 days 00:01:31.723000,5.0,1.0,,,28.022,40.093,23.608,0 days 00:23:41.913000,0 days 00:24:22.006000,0 days 00:24:45.614000,313.0,253.0,251.0,345.0,False,MEDIUM,5.0,True,Ferrari,0 days 00:23:13.891000,2021-11-05 21:08:14.339,12,,False,,False,True,91.723,91.72300000000001
439,0 days 00:26:21.763000,SAI,55,0 days 00:01:36.149000,6.0,1.0,,,27.976,33.945,34.228,0 days 00:25:13.590000,0 days 00:25:47.535000,0 days 00:26:21.763000,316.0,246.0,250.0,343.0,False,MEDIUM,6.0,True,Ferrari,0 days 00:24:45.614000,2021-11-05 21:09:46.062,1,,False,,False,True,96.149,96.149
440,0 days 00:27:41.459000,SAI,55,0 days 00:01:19.696000,7.0,1.0,,,27.898,31.021,20.777,0 days 00:26:49.661000,0 days 00:27:20.682000,0 days 00:27:41.459000,314.0,291.0,251.0,344.0,True,MEDIUM,7.0,True,Ferrari,0 days 00:26:21.763000,2021-11-05 21:11:22.211,1,,False,,False,True,79.696,79.696
441,0 days 00:29:28.994000,SAI,55,0 days 00:01:47.535000,8.0,1.0,,0 days 00:29:26.395000,42.062,38.187,27.286,0 days 00:28:23.521000,0 days 00:29:01.708000,0 days 00:29:28.994000,135.0,256.0,,230.0,False,MEDIUM,8.0,True,Ferrari,0 days 00:27:41.459000,2021-11-05 21:12:41.907,1,,False,,False,False,107.535,107.535
442,0 days 00:31:26.636000,SAI,55,0 days 00:01:57.642000,9.0,2.0,0 days 00:29:49.586000,,54.909,36.738,25.995,0 days 00:30:23.903000,0 days 00:31:00.641000,0 days 00:31:26.636000,239.0,262.0,251.0,267.0,False,MEDIUM,9.0,False,Ferrari,0 days 00:29:28.994000,2021-11-05 21:14:29.442,1,,False,,False,False,117.642,117.642
443,0 days 00:32:45.970000,SAI,55,0 days 00:01:19.334000,10.0,2.0,,,28.046,30.811,20.477,0 days 00:31:54.682000,0 days 00:32:25.493000,0 days 00:32:45.970000,314.0,291.0,252.0,338.0,True,MEDIUM,10.0,False,Ferrari,0 days 00:31:26.636000,2021-11-05 21:16:27.084,1,,False,,False,True,79.334,79.334
444,0 days 00:34:18.894000,SAI,55,0 days 00:01:32.924000,11.0,2.0,,0 days 00:34:18.806000,34.063,33.671,25.19,0 days 00:33:20.033000,0 days 00:33:53.704000,0 days 00:34:18.894000,244.0,257.0,,282.0,False,MEDIUM,11.0,False,Ferrari,0 days 00:32:45.970000,2021-11-05 21:17:46.418,1,,False,,False,False,92.924,92.924
445,0 days 00:46:11.992000,SAI,55,,12.0,3.0,0 days 00:44:14.587000,,,45.306,40.393,,0 days 00:45:31.623000,0 days 00:46:12.115000,233.0,269.0,252.0,293.0,False,SOFT,1.0,True,Ferrari,0 days 00:34:18.894000,2021-11-05 21:19:19.342,1,,False,,False,False,,
446,0 days 00:47:30.592000,SAI,55,0 days 00:01:18.600000,13.0,3.0,,,27.809,30.45,20.341,0 days 00:46:39.801000,0 days 00:47:10.251000,0 days 00:47:30.592000,315.0,292.0,253.0,344.0,True,SOFT,2.0,True,Ferrari,0 days 00:46:11.992000,2021-11-05 21:31:12.440,1,,False,,False,True,78.6,78.6
447,0 days 00:49:33.442000,SAI,55,0 days 00:02:02.850000,14.0,3.0,,0 days 00:49:31.315000,43.383,49.011,30.456,0 days 00:48:13.975000,0 days 00:49:02.986000,0 days 00:49:33.442000,148.0,235.0,,174.0,False,SOFT,3.0,True,Ferrari,0 days 00:47:30.592000,2021-11-05 21:32:31.040,1,,False,,False,False,122.85,122.85000000000001
448,0 days 00:51:46.078000,SAI,55,0 days 00:02:12.636000,15.0,4.0,0 days 00:49:49.431000,,68.508,38.258,25.87,0 days 00:50:41.950000,0 days 00:51:20.208000,0 days 00:51:46.078000,226.0,255.0,252.0,281.0,False,SOFT,4.0,False,Ferrari,0 days 00:49:33.442000,2021-11-05 21:34:33.890,1,,False,,False,False,132.636,132.636
449,0 days 00:53:04.396000,SAI,55,0 days 00:01:18.318000,16.0,4.0,,,27.741,30.252,20.325,0 days 00:52:13.819000,0 days 00:52:44.071000,0 days 00:53:04.396000,315.0,291.0,252.0,342.0,True,SOFT,5.0,False,Ferrari,0 days 00:51:46.078000,2021-11-05 21:36:46.526,1,,False,,False,True,78.318,78.318
450,0 days 00:54:36.202000,SAI,55,0 days 00:01:31.806000,17.0,4.0,,0 days 00:54:33.572000,32.377,34.032,25.397,0 days 00:53:36.773000,0 days 00:54:10.805000,0 days 00:54:36.202000,229.0,260.0,,286.0,False,SOFT,6.0,False,Ferrari,0 days 00:53:04.396000,2021-11-05 21:38:04.844,1,,False,,False,False,91.806,91.80599999999998
451,0 days 01:01:09.529000,SAI,55,,18.0,5.0,0 days 00:59:40.338000,0 days 01:01:06.979000,,33.685,25.717,,0 days 01:00:43.863000,0 days 01:01:09.664000,269.0,254.0,,299.0,False,SOFT,7.0,False,Ferrari,0 days 00:54:36.202000,2021-11-05 21:39:36.650,1,,False,,False,False,,
452,0 days 01:03:08.904000,SAI,55,0 days 00:01:59.375000,19.0,6.0,0 days 01:01:24.604000,0 days 01:03:06.308000,61.813,32.735,24.827,0 days 01:02:11.342000,0 days 01:02:44.077000,0 days 01:03:08.904000,291.0,274.0,,301.0,False,SOFT,8.0,False,Ferrari,0 days 01:01:09.529000,2021-11-05 21:46:09.977,1,,False,,False,False,119.375,119.375
453,0 days 01:04:51.433000,SAI,55,0 days 00:01:42.529000,20.0,7.0,0 days 01:03:28.687000,,48.54,32.686,21.303,0 days 01:03:57.444000,0 days 01:04:30.130000,0 days 01:04:51.433000,289.0,277.0,245.0,307.0,False,MEDIUM,12.0,False,Ferrari,0 days 01:03:08.904000,2021-11-05 21:48:09.352,12,,False,,False,False,102.529,102.529
454,0 days 01:06:13.718000,SAI,55,0 days 00:01:22.285000,21.0,7.0,,,29.035,32.074,21.176,0 days 01:05:20.468000,0 days 01:05:52.542000,0 days 01:06:13.718000,290.0,278.0,245.0,324.0,False,MEDIUM,13.0,False,Ferrari,0 days 01:04:51.433000,2021-11-05 21:49:51.881,1,,False,,False,True,82.285,82.285
455,0 days 01:07:36.094000,SAI,55,0 days 00:01:22.376000,22.0,7.0,,,29.007,32.025,21.344,0 days 01:06:42.725000,0 days 01:07:14.750000,0 days 01:07:36.094000,292.0,279.0,245.0,325.0,False,MEDIUM,14.0,False,Ferrari,0 days 01:06:13.718000,2021-11-05 21:51:14.166,1,,False,,False,True,82.376,82.376
456,0 days 01:08:58.987000,SAI,55,0 days 00:01:22.893000,23.0,7.0,,,28.74,32.686,21.467,0 days 01:08:04.834000,0 days 01:08:37.520000,0 days 01:08:58.987000,289.0,286.0,246.0,343.0,False,MEDIUM,15.0,False,Ferrari,0 days 01:07:36.094000,2021-11-05 21:52:36.542,1,,False,,False,True,82.893,82.893
457,0 days 01:10:30.748000,SAI,55,0 days 00:01:31.761000,24.0,7.0,,,35.977,34.709,21.075,0 days 01:09:34.964000,0 days 01:10:09.673000,0 days 01:10:30.748000,273.0,276.0,246.0,237.0,False,MEDIUM,16.0,False,Ferrari,0 days 01:08:58.987000,2021-11-05 21:53:59.435,1,,False,,False,True,91.761,91.76100000000001
458,0 days 01:12:11.435000,SAI,55,0 days 00:01:40.687000,25.0,7.0,,,29.721,35.135,35.831,0 days 01:11:00.469000,0 days 01:11:35.604000,0 days 01:12:11.435000,288.0,211.0,228.0,322.0,False,MEDIUM,17.0,False,Ferrari,0 days 01:10:30.748000,2021-11-05 21:55:31.196,1,,False,,False,True,100.687,100.687
459,0 days 01:13:33.721000,SAI,55,0 days 00:01:22.286000,26.0,7.0,,,29.06,32.182,21.044,0 days 01:12:40.495000,0 days 01:13:12.677000,0 days 01:13:33.721000,289.0,278.0,246.0,327.0,False,MEDIUM,18.0,False,Ferrari,0 days 01:12:11.435000,2021-11-05 21:57:11.883,1,,False,,False,True,82.286,82.286
460,0 days 01:14:55.514000,SAI,55,0 days 00:01:21.793000,27.0,7.0,,,28.95,31.815,21.028,0 days 01:14:02.671000,0 days 01:14:34.486000,0 days 01:14:55.514000,291.0,279.0,246.0,324.0,False,MEDIUM,19.0,False,Ferrari,0 days 01:13:33.721000,2021-11-05 21:58:34.169,1,,False,,False,True,81.793,81.793
461,0 days 01:16:17.796000,SAI,55,0 days 00:01:22.282000,28.0,7.0,,,28.959,32.113,21.21,0 days 01:15:24.473000,0 days 01:15:56.586000,0 days 01:16:17.796000,292.0,278.0,246.0,324.0,False,MEDIUM,20.0,False,Ferrari,0 days 01:14:55.514000,2021-11-05 21:59:55.962,1,,False,,False,True,82.282,82.28200000000001
462,0 days 01:17:51.422000,SAI,55,0 days 00:01:33.626000,29.0,7.0,,0 days 01:17:48.824000,29.024,34.633,29.969,0 days 01:16:46.820000,0 days 01:17:21.453000,0 days 01:17:51.422000,283.0,246.0,,324.0,False,MEDIUM,21.0,False,Ferrari,0 days 01:16:17.796000,2021-11-05 22:01:18.244,1,,False,,False,False,93.626,93.626
463,0 days 00:28:39.927000,RUS,63,,1.0,1.0,0 days 00:27:11.101000,,,34.946,22.728,,0 days 00:28:17.199000,0 days 00:28:40.042000,252.0,263.0,215.0,296.0,False,HARD,1.0,True,Williams,0 days 00:27:11.101000,2021-11-05 21:12:11.549,1,,False,,False,False,,
464,0 days 00:30:47.147000,RUS,63,0 days 00:02:07.220000,2.0,1.0,,0 days 00:30:43.970000,51.326,45.811,30.083,0 days 00:29:31.253000,0 days 00:30:17.064000,0 days 00:30:47.147000,136.0,146.0,,165.0,False,HARD,2.0,True,Williams,0 days 00:28:39.927000,2021-11-05 21:13:40.375,1,,False,,False,False,127.22,127.22
465,0 days 00:18:39.424000,BOT,77,,1.0,1.0,0 days 00:16:27.631000,,,33.939,45.626,,0 days 00:17:53.897000,0 days 00:18:39.582000,245.0,226.0,244.0,197.0,False,HARD,1.0,True,Mercedes,0 days 00:16:27.631000,2021-11-05 21:01:28.079,1,,False,,False,False,,
466,0 days 00:19:59.288000,BOT,77,0 days 00:01:19.864000,2.0,1.0,,,28.298,30.752,20.814,0 days 00:19:07.722000,0 days 00:19:38.474000,0 days 00:19:59.288000,307.0,289.0,250.0,345.0,True,HARD,2.0,True,Mercedes,0 days 00:18:39.424000,2021-11-05 21:03:39.872,1,,False,,False,True,79.864,79.864
467,0 days 00:21:57.535000,BOT,77,0 days 00:01:58.247000,3.0,1.0,,,42.256,39.3,36.691,0 days 00:20:41.544000,0 days 00:21:20.844000,0 days 00:21:57.535000,122.0,271.0,249.0,253.0,False,HARD,3.0,True,Mercedes,0 days 00:19:59.288000,2021-11-05 21:04:59.736,1,,False,,False,True,118.247,118.247
468,0 days 00:23:16.880000,BOT,77,0 days 00:01:19.345000,4.0,1.0,,,28.005,30.813,20.527,0 days 00:22:25.540000,0 days 00:22:56.353000,0 days 00:23:16.880000,309.0,290.0,251.0,346.0,True,HARD,4.0,True,Mercedes,0 days 00:21:57.535000,2021-11-05 21:06:57.983,1,,False,,False,True,79.345,79.345
469,0 days 00:24:59.740000,BOT,77,0 days 00:01:42.860000,5.0,1.0,,,41.172,37.815,23.873,0 days 00:23:58.052000,0 days 00:24:35.867000,0 days 00:24:59.740000,224.0,263.0,250.0,124.0,False,HARD,5.0,True,Mercedes,0 days 00:23:16.880000,2021-11-05 21:08:17.328,12,,False,,False,True,102.86,102.86
470,0 days 00:26:52.404000,BOT,77,0 days 00:01:52.664000,6.0,1.0,,0 days 00:26:49.834000,36.483,37.192,38.989,0 days 00:25:36.223000,0 days 00:26:13.415000,0 days 00:26:52.404000,223.0,245.0,,347.0,False,HARD,6.0,True,Mercedes,0 days 00:24:59.740000,2021-11-05 21:10:00.188,1,,False,,False,False,112.664,112.66399999999999
471,0 days 00:34:30.607000,BOT,77,,7.0,2.0,0 days 00:32:55.850000,,,38.424,22.773,,0 days 00:34:07.851000,0 days 00:34:32.982000,239.0,273.0,252.0,284.0,False,SOFT,1.0,True,Mercedes,0 days 00:26:52.404000,2021-11-05 21:11:52.852,1,,False,,False,False,,
472,0 days 00:36:07.429000,BOT,77,0 days 00:01:36.822000,8.0,2.0,,,30.737,42.92,23.165,0 days 00:35:01.344000,0 days 00:35:44.264000,0 days 00:36:07.429000,217.0,265.0,252.0,340.0,False,SOFT,2.0,True,Mercedes,0 days 00:34:30.607000,2021-11-05 21:19:31.055,1,,False,,False,True,96.822,96.822
473,0 days 00:37:25.461000,BOT,77,0 days 00:01:18.032000,9.0,2.0,,,27.792,30.045,20.195,0 days 00:36:35.221000,0 days 00:37:05.266000,0 days 00:37:25.461000,312.0,292.0,252.0,342.0,True,SOFT,3.0,True,Mercedes,0 days 00:36:07.429000,2021-11-05 21:21:07.877,1,,False,,False,True,78.032,78.03200000000001
474,0 days 00:39:11.997000,BOT,77,0 days 00:01:46.536000,10.0,2.0,,,37.924,41.75,26.862,0 days 00:38:03.385000,0 days 00:38:45.135000,0 days 00:39:11.997000,208.0,216.0,186.0,192.0,False,SOFT,4.0,True,Mercedes,0 days 00:37:25.461000,2021-11-05 21:22:25.909,1,,False,,False,True,106.536,106.536
475,0 days 00:40:59.220000,BOT,77,0 days 00:01:47.223000,11.0,2.0,,,38.952,42.512,25.759,0 days 00:39:50.949000,0 days 00:40:33.461000,0 days 00:40:59.220000,177.0,264.0,253.0,240.0,False,SOFT,5.0,True,Mercedes,0 days 00:39:11.997000,2021-11-05 21:24:12.445,1,,False,,False,True,107.223,107.223
476,0 days 00:42:21.217000,BOT,77,0 days 00:01:21.997000,12.0,2.0,,,27.653,30.265,24.079,0 days 00:41:26.873000,0 days 00:41:57.138000,0 days 00:42:21.217000,312.0,297.0,199.0,345.0,False,SOFT,6.0,True,Mercedes,0 days 00:40:59.220000,2021-11-05 21:25:59.668,1,,False,,False,True,81.997,81.997
477,0 days 00:44:07.529000,BOT,77,0 days 00:01:46.312000,13.0,2.0,,,39.084,40.23,26.998,0 days 00:43:00.301000,0 days 00:43:40.531000,0 days 00:44:07.529000,154.0,258.0,197.0,215.0,False,SOFT,7.0,True,Mercedes,0 days 00:42:21.217000,2021-11-05 21:27:21.665,1,,False,,False,True,106.312,106.312
478,0 days 00:46:15.873000,BOT,77,0 days 00:02:08.344000,14.0,2.0,,,41.289,46.065,40.99,0 days 00:44:48.818000,0 days 00:45:34.883000,0 days 00:46:15.873000,186.0,266.0,251.0,233.0,False,SOFT,8.0,True,Mercedes,0 days 00:44:07.529000,2021-11-05 21:29:07.977,1,,False,,False,True,128.344,128.344
479,0 days 00:47:38.501000,BOT,77,0 days 00:01:22.628000,15.0,2.0,,,27.731,31.759,23.138,0 days 00:46:43.604000,0 days 00:47:15.363000,0 days 00:47:38.501000,311.0,248.0,233.0,347.0,False,SOFT,9.0,True,Mercedes,0 days 00:46:15.873000,2021-11-05 21:31:16.321,1,,False,,False,True,82.628,82.628
480,0 days 00:49:35.318000,BOT,77,0 days 00:01:56.817000,16.0,2.0,,,39.291,46.758,30.768,0 days 00:48:17.792000,0 days 00:49:04.550000,0 days 00:49:35.318000,173.0,219.0,253.0,181.0,False,SOFT,10.0,True,Mercedes,0 days 00:47:38.501000,2021-11-05 21:32:38.949,1,,False,,False,True,116.817,116.81700000000001
481,0 days 00:50:53.043000,BOT,77,0 days 00:01:17.725000,17.0,2.0,,,27.618,29.877,20.23,0 days 00:50:02.936000,0 days 00:50:32.813000,0 days 00:50:53.043000,311.0,293.0,252.0,346.0,True,SOFT,11.0,True,Mercedes,0 days 00:49:35.318000,2021-11-05 21:34:35.766,1,,False,,False,True,77.725,77.725
482,0 days 00:52:30.440000,BOT,77,0 days 00:01:37.397000,18.0,2.0,,0 days 00:52:27.846000,34.793,33.818,28.786,0 days 00:51:27.836000,0 days 00:52:01.654000,0 days 00:52:30.440000,203.0,217.0,,219.0,False,SOFT,12.0,True,Mercedes,0 days 00:50:53.043000,2021-11-05 21:35:53.491,1,,False,,False,False,97.397,97.39699999999999
483,0 days 01:00:01.688000,BOT,77,,19.0,3.0,0 days 00:58:17.526000,,,36.334,23.931,,0 days 00:59:37.775000,0 days 01:00:01.824000,250.0,174.0,244.0,280.0,False,SOFT,13.0,False,Mercedes,0 days 00:52:30.440000,2021-11-05 21:37:30.888,1,,False,,False,False,,
484,0 days 01:01:23.435000,BOT,77,0 days 00:01:21.747000,20.0,3.0,,,29.008,31.573,21.166,0 days 01:00:30.696000,0 days 01:01:02.269000,0 days 01:01:23.435000,296.0,280.0,246.0,320.0,False,SOFT,14.0,False,Mercedes,0 days 01:00:01.688000,2021-11-05 21:45:02.136,1,,False,,False,True,81.747,81.747
485,0 days 01:02:44.950000,BOT,77,0 days 00:01:21.515000,21.0,3.0,,,28.886,31.567,21.062,0 days 01:01:52.321000,0 days 01:02:23.888000,0 days 01:02:44.950000,286.0,277.0,244.0,326.0,False,SOFT,15.0,False,Mercedes,0 days 01:01:23.435000,2021-11-05 21:46:23.883,1,,False,,False,True,81.515,81.515
486,0 days 01:04:14.607000,BOT,77,0 days 00:01:29.657000,22.0,3.0,,,29.021,31.445,29.191,0 days 01:03:13.971000,0 days 01:03:45.416000,0 days 01:04:14.607000,287.0,280.0,243.0,327.0,False,SOFT,16.0,False,Mercedes,0 days 01:02:44.950000,2021-11-05 21:47:45.398,12,,False,,False,True,89.657,89.657
487,0 days 01:05:36.354000,BOT,77,0 days 00:01:21.747000,23.0,3.0,,,29.112,31.463,21.172,0 days 01:04:43.719000,0 days 01:05:15.182000,0 days 01:05:36.354000,290.0,280.0,243.0,324.0,False,SOFT,17.0,False,Mercedes,0 days 01:04:14.607000,2021-11-05 21:49:15.055,1,,False,,False,True,81.747,81.747
488,0 days 01:06:59.037000,BOT,77,0 days 00:01:22.683000,24.0,3.0,,,29.094,31.953,21.636,0 days 01:06:05.448000,0 days 01:06:37.401000,0 days 01:06:59.037000,297.0,281.0,243.0,328.0,False,SOFT,18.0,False,Mercedes,0 days 01:05:36.354000,2021-11-05 21:50:36.802,1,,False,,False,True,82.683,82.68299999999999
489,0 days 01:08:25.313000,BOT,77,0 days 00:01:26.276000,25.0,3.0,,0 days 01:08:22.967000,29.098,32.619,24.559,0 days 01:07:28.135000,0 days 01:08:00.754000,0 days 01:08:25.313000,284.0,285.0,,340.0,False,SOFT,19.0,False,Mercedes,0 days 01:06:59.037000,2021-11-05 21:51:59.485,1,,False,,False,False,86.276,86.276
490,0 days 01:10:09.137000,BOT,77,0 days 00:01:43.824000,26.0,4.0,0 days 01:08:46.375000,,50.299,32.428,21.097,0 days 01:09:15.612000,0 days 01:09:48.040000,0 days 01:10:09.137000,286.0,277.0,245.0,296.0,False,HARD,7.0,False,Mercedes,0 days 01:08:25.313000,2021-11-05 21:53:25.761,1,,False,,False,False,103.824,103.82400000000001
491,0 days 01:11:30.477000,BOT,77,0 days 00:01:21.340000,27.0,4.0,,,29.109,31.327,20.904,0 days 01:10:38.246000,0 days 01:11:09.573000,0 days 01:11:30.477000,289.0,278.0,246.0,317.0,False,HARD,8.0,False,Mercedes,0 days 01:10:09.137000,2021-11-05 21:55:09.585,1,,False,,False,True,81.34,81.34
492,0 days 01:12:51.313000,BOT,77,0 days 00:01:20.836000,28.0,4.0,,,28.866,31.087,20.883,0 days 01:11:59.343000,0 days 01:12:30.430000,0 days 01:12:51.313000,294.0,279.0,245.0,321.0,False,HARD,9.0,False,Mercedes,0 days 01:11:30.477000,2021-11-05 21:56:30.925,1,,False,,False,True,80.836,80.836
493,0 days 01:14:12.203000,BOT,77,0 days 00:01:20.890000,29.0,4.0,,,28.855,31.134,20.901,0 days 01:13:20.168000,0 days 01:13:51.302000,0 days 01:14:12.203000,293.0,279.0,245.0,321.0,False,HARD,10.0,False,Mercedes,0 days 01:12:51.313000,2021-11-05 21:57:51.761,1,,False,,False,True,80.89,80.89
494,0 days 01:15:33.472000,BOT,77,0 days 00:01:21.269000,30.0,4.0,,,28.994,31.205,21.07,0 days 01:14:41.197000,0 days 01:15:12.402000,0 days 01:15:33.472000,295.0,275.0,244.0,321.0,False,HARD,11.0,False,Mercedes,0 days 01:14:12.203000,2021-11-05 21:59:12.651,1,,False,,False,True,81.269,81.269
495,0 days 01:17:08.103000,BOT,77,0 days 00:01:34.631000,31.0,4.0,,0 days 01:17:05.863000,34.679,34.457,25.495,0 days 01:16:08.151000,0 days 01:16:42.608000,0 days 01:17:08.103000,270.0,214.0,,214.0,False,HARD,12.0,False,Mercedes,0 days 01:15:33.472000,2021-11-05 22:00:33.920,1,,False,,False,False,94.631,94.631
496,0 days 00:18:12.647000,GIO,99,,1.0,1.0,0 days 00:16:16.276000,,,40.962,42.153,,0 days 00:17:30.606000,0 days 00:18:12.845000,191.0,172.0,243.0,234.0,False,MEDIUM,1.0,True,Alfa Romeo Racing,0 days 00:16:16.276000,2021-11-05 21:01:16.724,1,,False,,False,False,,
497,0 days 00:19:49.022000,GIO,99,0 days 00:01:36.375000,2.0,1.0,,,33.775,38.231,24.369,0 days 00:18:46.422000,0 days 00:19:24.653000,0 days 00:19:49.022000,180.0,239.0,252.0,276.0,True,MEDIUM,2.0,True,Alfa Romeo Racing,0 days 00:18:12.647000,2021-11-05 21:03:13.095,1,,False,,False,True,96.375,96.375
498,0 days 00:21:09.689000,GIO,99,0 days 00:01:20.667000,3.0,1.0,,,28.038,31.691,20.938,0 days 00:20:17.060000,0 days 00:20:48.751000,0 days 00:21:09.689000,313.0,291.0,253.0,345.0,True,MEDIUM,3.0,True,Alfa Romeo Racing,0 days 00:19:49.022000,2021-11-05 21:04:49.470,1,,False,,False,True,80.667,80.667
499,0 days 00:22:49.825000,GIO,99,0 days 00:01:40.136000,4.0,1.0,,,35.441,40.554,24.141,0 days 00:21:45.130000,0 days 00:22:25.684000,0 days 00:22:49.825000,182.0,231.0,253.0,251.0,False,MEDIUM,4.0,True,Alfa Romeo Racing,0 days 00:21:09.689000,2021-11-05 21:06:10.137,1,,False,,False,True,100.136,100.136
500,0 days 00:24:10.287000,GIO,99,0 days 00:01:20.462000,5.0,1.0,,,27.859,31.449,21.154,0 days 00:23:17.684000,0 days 00:23:49.133000,0 days 00:24:10.287000,317.0,293.0,252.0,349.0,True,MEDIUM,5.0,True,Alfa Romeo Racing,0 days 00:22:49.825000,2021-11-05 21:07:50.273,12,,False,,False,True,80.462,80.462
501,0 days 00:25:54.828000,GIO,99,0 days 00:01:44.541000,6.0,1.0,,,38.433,40.755,25.353,0 days 00:24:48.720000,0 days 00:25:29.475000,0 days 00:25:54.828000,202.0,178.0,252.0,160.0,False,MEDIUM,6.0,True,Alfa Romeo Racing,0 days 00:24:10.287000,2021-11-05 21:09:10.735,1,,False,,False,True,104.541,104.541
502,0 days 00:27:14.818000,GIO,99,0 days 00:01:19.990000,7.0,1.0,,,27.904,31.096,20.99,0 days 00:26:22.732000,0 days 00:26:53.828000,0 days 00:27:14.818000,316.0,294.0,252.0,351.0,True,MEDIUM,7.0,True,Alfa Romeo Racing,0 days 00:25:54.828000,2021-11-05 21:10:55.276,1,,False,,False,True,79.99,79.99
503,0 days 00:29:00.296000,GIO,99,0 days 00:01:45.478000,8.0,1.0,,,36.102,42.91,26.466,0 days 00:27:50.920000,0 days 00:28:33.830000,0 days 00:29:00.296000,167.0,180.0,251.0,214.0,False,MEDIUM,8.0,True,Alfa Romeo Racing,0 days 00:27:14.818000,2021-11-05 21:12:15.266,1,,False,,False,True,105.478,105.47800000000001
504,0 days 00:30:20.120000,GIO,99,0 days 00:01:19.824000,9.0,1.0,,,28.048,30.952,20.824,0 days 00:29:28.344000,0 days 00:29:59.296000,0 days 00:30:20.120000,314.0,292.0,253.0,345.0,True,MEDIUM,9.0,True,Alfa Romeo Racing,0 days 00:29:00.296000,2021-11-05 21:14:00.744,1,,False,,False,True,79.824,79.824
505,0 days 00:31:53.223000,GIO,99,0 days 00:01:33.103000,10.0,1.0,,0 days 00:31:50.629000,32.902,34.8,25.401,0 days 00:30:53.022000,0 days 00:31:27.822000,0 days 00:31:53.223000,238.0,261.0,,281.0,False,MEDIUM,10.0,True,Alfa Romeo Racing,0 days 00:30:20.120000,2021-11-05 21:15:20.568,1,,False,,False,False,93.103,93.103
506,0 days 00:33:59.997000,GIO,99,0 days 00:02:06.774000,11.0,2.0,0 days 00:32:12.345000,0 days 00:33:57.428000,62.758,36.171,27.845,0 days 00:32:55.981000,0 days 00:33:32.152000,0 days 00:33:59.997000,222.0,259.0,,273.0,False,MEDIUM,11.0,False,Alfa Romeo Racing,0 days 00:31:53.223000,2021-11-05 21:16:53.671,1,,False,,False,False,126.774,126.774
507,0 days 00:42:51.931000,GIO,99,,12.0,3.0,0 days 00:40:51.186000,,,45.403,38.159,,0 days 00:42:13.822000,0 days 00:42:52.805000,186.0,172.0,251.0,188.0,False,SOFT,1.0,True,Alfa Romeo Racing,0 days 00:33:59.997000,2021-11-05 21:19:00.445,1,,False,,False,False,,
508,0 days 00:44:22.575000,GIO,99,0 days 00:01:30.644000,13.0,3.0,,,27.86,34.871,27.913,0 days 00:43:19.791000,0 days 00:43:54.662000,0 days 00:44:22.575000,314.0,203.0,216.0,347.0,False,SOFT,2.0,True,Alfa Romeo Racing,0 days 00:42:51.931000,2021-11-05 21:27:52.379,1,,False,,False,True,90.644,90.644
509,0 days 00:46:20.935000,GIO,99,0 days 00:01:58.360000,14.0,3.0,,,40.593,42.625,35.142,0 days 00:45:03.168000,0 days 00:45:45.793000,0 days 00:46:20.935000,201.0,168.0,250.0,176.0,False,SOFT,3.0,True,Alfa Romeo Racing,0 days 00:44:22.575000,2021-11-05 21:29:23.023,1,,False,,False,True,118.36,118.36000000000001
510,0 days 00:47:56.988000,GIO,99,0 days 00:01:36.053000,15.0,3.0,,,27.743,40.819,27.491,0 days 00:46:48.678000,0 days 00:47:29.497000,0 days 00:47:56.988000,317.0,164.0,216.0,352.0,False,SOFT,4.0,True,Alfa Romeo Racing,0 days 00:46:20.935000,2021-11-05 21:31:21.383,1,,False,,False,True,96.053,96.053
511,0 days 00:49:43.881000,GIO,99,0 days 00:01:46.893000,16.0,3.0,,,37.675,43.708,25.51,0 days 00:48:34.663000,0 days 00:49:18.371000,0 days 00:49:43.881000,216.0,243.0,253.0,225.0,False,SOFT,5.0,True,Alfa Romeo Racing,0 days 00:47:56.988000,2021-11-05 21:32:57.436,1,,False,,False,True,106.893,106.893
512,0 days 00:51:03.108000,GIO,99,0 days 00:01:19.227000,17.0,3.0,,,27.837,30.73,20.66,0 days 00:50:11.718000,0 days 00:50:42.448000,0 days 00:51:03.108000,315.0,291.0,252.0,346.0,True,SOFT,6.0,True,Alfa Romeo Racing,0 days 00:49:43.881000,2021-11-05 21:34:44.329,1,,False,,False,True,79.227,79.227
513,0 days 00:52:55.314000,GIO,99,0 days 00:01:52.206000,18.0,3.0,,0 days 00:52:52.762000,37.509,45.9,28.797,0 days 00:51:40.617000,0 days 00:52:26.517000,0 days 00:52:55.314000,152.0,214.0,,301.0,False,SOFT,7.0,True,Alfa Romeo Racing,0 days 00:51:03.108000,2021-11-05 21:36:03.556,1,,False,,False,False,112.206,112.20599999999999
514,0 days 01:00:37.685000,GIO,99,,19.0,4.0,0 days 00:58:56.311000,,,37.741,23.155,,0 days 01:00:14.557000,0 days 01:00:37.849000,200.0,258.0,247.0,283.0,False,SOFT,8.0,False,Alfa Romeo Racing,0 days 00:52:55.314000,2021-11-05 21:37:55.762,1,,False,,False,False,,
515,0 days 01:02:00.901000,GIO,99,0 days 00:01:23.216000,20.0,4.0,,,29.297,32.505,21.414,0 days 01:01:06.982000,0 days 01:01:39.487000,0 days 01:02:00.901000,298.0,277.0,246.0,324.0,False,SOFT,9.0,False,Alfa Romeo Racing,0 days 01:00:37.685000,2021-11-05 21:45:38.133,1,,False,,False,True,83.216,83.21600000000001
516,0 days 01:03:24.171000,GIO,99,0 days 00:01:23.270000,21.0,4.0,,,29.258,32.567,21.445,0 days 01:02:30.159000,0 days 01:03:02.726000,0 days 01:03:24.171000,295.0,279.0,245.0,325.0,False,SOFT,10.0,False,Alfa Romeo Racing,0 days 01:02:00.901000,2021-11-05 21:47:01.349,1,,False,,False,True,83.27,83.27000000000001
517,0 days 01:04:47.505000,GIO,99,0 days 00:01:23.334000,22.0,4.0,,,29.027,32.557,21.75,0 days 01:03:53.198000,0 days 01:04:25.755000,0 days 01:04:47.505000,296.0,279.0,245.0,329.0,False,SOFT,11.0,False,Alfa Romeo Racing,0 days 01:03:24.171000,2021-11-05 21:48:24.619,12,,False,,False,True,83.334,83.334
518,0 days 01:06:11.189000,GIO,99,0 days 00:01:23.684000,23.0,4.0,,,29.188,32.775,21.721,0 days 01:05:16.693000,0 days 01:05:49.468000,0 days 01:06:11.189000,292.0,280.0,245.0,334.0,False,SOFT,12.0,False,Alfa Romeo Racing,0 days 01:04:47.505000,2021-11-05 21:49:47.953,1,,False,,False,True,83.684,83.684
519,0 days 01:07:34.924000,GIO,99,0 days 00:01:23.735000,24.0,4.0,,,29.31,32.746,21.679,0 days 01:06:40.499000,0 days 01:07:13.245000,0 days 01:07:34.924000,296.0,278.0,245.0,329.0,False,SOFT,13.0,False,Alfa Romeo Racing,0 days 01:06:11.189000,2021-11-05 21:51:11.637,1,,False,,False,True,83.735,83.735
520,0 days 01:08:58.332000,GIO,99,0 days 00:01:23.408000,25.0,4.0,,,29.145,32.583,21.68,0 days 01:08:04.069000,0 days 01:08:36.652000,0 days 01:08:58.332000,297.0,279.0,246.0,327.0,False,SOFT,14.0,False,Alfa Romeo Racing,0 days 01:07:34.924000,2021-11-05 21:52:35.372,1,,False,,False,True,83.408,83.40799999999999
521,0 days 01:10:22.408000,GIO,99,0 days 00:01:24.076000,26.0,4.0,,,28.957,33.243,21.876,0 days 01:09:27.289000,0 days 01:10:00.532000,0 days 01:10:22.408000,295.0,270.0,246.0,340.0,False,SOFT,15.0,False,Alfa Romeo Racing,0 days 01:08:58.332000,2021-11-05 21:53:58.780,1,,False,,False,True,84.076,84.07600000000001
522,0 days 01:11:46.023000,GIO,99,0 days 00:01:23.615000,27.0,4.0,,,29.288,32.771,21.556,0 days 01:10:51.696000,0 days 01:11:24.467000,0 days 01:11:46.023000,295.0,277.0,246.0,327.0,False,SOFT,16.0,False,Alfa Romeo Racing,0 days 01:10:22.408000,2021-11-05 21:55:22.856,1,,False,,False,True,83.615,83.615
523,0 days 01:13:09.226000,GIO,99,0 days 00:01:23.203000,28.0,4.0,,,28.864,32.729,21.61,0 days 01:12:14.887000,0 days 01:12:47.616000,0 days 01:13:09.226000,302.0,279.0,246.0,344.0,False,SOFT,17.0,False,Alfa Romeo Racing,0 days 01:11:46.023000,2021-11-05 21:56:46.471,1,,False,,False,True,83.203,83.203
524,0 days 01:14:32.824000,GIO,99,0 days 00:01:23.598000,29.0,4.0,,,29.176,32.8,21.622,0 days 01:13:38.402000,0 days 01:14:11.202000,0 days 01:14:32.824000,295.0,280.0,246.0,326.0,False,SOFT,18.0,False,Alfa Romeo Racing,0 days 01:13:09.226000,2021-11-05 21:58:09.674,1,,False,,False,True,83.598,83.598
525,0 days 01:15:56.115000,GIO,99,0 days 00:01:23.291000,30.0,4.0,,,28.91,32.722,21.659,0 days 01:15:01.734000,0 days 01:15:34.456000,0 days 01:15:56.115000,307.0,285.0,246.0,343.0,False,SOFT,19.0,False,Alfa Romeo Racing,0 days 01:14:32.824000,2021-11-05 21:59:33.272,1,,False,,False,True,83.291,83.291
526,0 days 01:17:23.589000,GIO,99,0 days 00:01:27.474000,31.0,4.0,,0 days 01:17:20.988000,29.368,32.852,25.254,0 days 01:16:25.483000,0 days 01:16:58.335000,0 days 01:17:23.589000,296.0,278.0,,326.0,False,SOFT,20.0,False,Alfa Romeo Racing,0 days 01:15:56.115000,2021-11-05 22:00:56.563,1,,False,,False,False,87.474,87.474
