,Time,Driver,DriverNumber,LapTime,LapNumber,Stint,PitOutTime,PitInTime,Sector1Time,Sector2Time,Sector3Time,Sector1SessionTime,Sector2SessionTime,Sector3SessionTime,SpeedI1,SpeedI2,SpeedFL,SpeedST,IsPersonalBest,Compound,TyreLife,FreshTyre,Team,LapStartTime,LapStartDate,TrackStatus,Position,Deleted,DeletedReason,FastF1Generated,IsAccurate,LapTime_in_seconds,laptime_sum_sectortimes
0,0 days 00:18:47.764000,RIC,3,,1.0,1.0,0 days 00:16:53.186000,0 days 00:18:45.973000,,40.538,36.5,,0 days 00:18:11.264000,0 days 00:18:47.783000,241.0,193.0,,,False,SOFT,1.0,True,Renault,0 days 00:16:53.186000,2019-08-02 09:01:53.215,1,,False,,False,False,,
1,0 days 00:28:16.213000,RIC,3,,2.0,2.0,0 days 00:26:27.404000,,,35.944,30.739,,0 days 00:27:45.607000,0 days 00:28:16.323000,243.0,220.0,254.0,,False,SOFT,2.0,False,Renault,0 days 00:18:47.764000,2019-08-02 09:03:47.793,1,,False,,False,False,,
2,0 days 00:29:36.740000,RIC,3,0 days 00:01:20.527000,3.0,2.0,,,28.815,29.043,22.669,0 days 00:28:45.028000,0 days 00:29:14.071000,0 days 00:29:36.740000,278.0,237.0,255.0,302.0,True,SOFT,3.0,False,Renault,0 days 00:28:16.213000,2019-08-02 09:13:16.242,1,,False,,False,True,80.527,80.527
3,0 days 00:31:18.085000,RIC,3,0 days 00:01:41.345000,4.0,2.0,,,36.791,38.047,26.507,0 days 00:30:13.531000,0 days 00:30:51.578000,0 days 00:31:18.085000,160.0,217.0,252.0,289.0,False,SOFT,4.0,False,Renault,0 days 00:29:36.740000,2019-08-02 09:14:36.769,1,,False,,False,True,101.345,101.345
4,0 days 00:32:37.697000,RIC,3,0 days 00:01:19.612000,5.0,2.0,,,28.577,28.484,22.551,0 days 00:31:46.662000,0 days 00:32:15.146000,0 days 00:32:37.697000,279.0,244.0,255.0,298.0,True,SOFT,5.0,False,Renault,0 days 00:31:18.085000,2019-08-02 09:16:18.114,1,,False,,False,True,79.612,79.61200000000001
5,0 days 00:34:17.995000,RIC,3,0 days 00:01:40.298000,6.0,2.0,,,32.497,38.528,29.273,0 days 00:33:10.194000,0 days 00:33:48.722000,0 days 00:34:17.995000,253.0,172.0,250.0,291.0,False,SOFT,6.0,False,Renault,0 days 00:32:37.697000,2019-08-02 09:17:37.726,1,,False,,False,True,100.298,100.298
6,0 days 00:35:37.687000,RIC,3,0 days 00:01:19.692000,7.0,2.0,,,28.524,28.714,22.454,0 days 00:34:46.519000,0 days 00:35:15.233000,0 days 00:35:37.687000,280.0,246.0,253.0,297.0,False,SOFT,7.0,False,Renault,0 days 00:34:17.995000,2019-08-02 09:19:18.024,1,,False,,False,True,79.692,79.69200000000001
7,0 days 00:37:19.322000,RIC,3,0 days 00:01:41.635000,8.0,2.0,,,34.701,38.749,28.185,0 days 00:36:12.388000,0 days 00:36:51.137000,0 days 00:37:19.322000,235.0,178.0,253.0,288.0,False,SOFT,8.0,False,Renault,0 days 00:35:37.687000,2019-08-02 09:20:37.716,1,,False,,False,True,101.635,101.635
8,0 days 00:38:45.546000,RIC,3,0 days 00:01:26.224000,9.0,2.0,,0 days 00:38:45.548000,28.501,29.668,28.055,0 days 00:37:47.823000,0 days 00:38:17.491000,0 days 00:38:45.546000,281.0,213.0,,298.0,False,SOFT,9.0,False,Renault,0 days 00:37:19.322000,2019-08-02 09:22:19.351,12,,False,,False,False,86.224,86.22399999999999
9,0 days 00:54:59.623000,RIC,3,,10.0,3.0,0 days 00:52:51.128000,0 days 00:54:57.752000,,48.58,38.874,,0 days 00:54:20.749000,0 days 00:55:04.242000,182.0,147.0,,298.0,False,INTERMEDIATE,1.0,True,Renault,0 days 00:38:45.546000,2019-08-02 09:23:45.575,12,,False,,False,False,,
10,0 days 01:11:03.743000,RIC,3,,11.0,4.0,0 days 01:09:15.079000,,,45.439,28.471,,0 days 01:10:35.309000,0 days 01:11:04.013000,258.0,174.0,254.0,298.0,False,SOFT,1.0,True,Renault,0 days 00:54:59.623000,2019-08-02 09:39:59.652,1,,False,,False,False,,
11,0 days 01:12:22.637000,RIC,3,0 days 00:01:18.894000,12.0,4.0,,,28.232,28.165,22.497,0 days 01:11:31.975000,0 days 01:12:00.140000,0 days 01:12:22.637000,281.0,247.0,253.0,301.0,True,SOFT,2.0,True,Renault,0 days 01:11:03.743000,2019-08-02 09:56:03.772,12,,False,,False,True,78.894,78.894
12,0 days 01:14:19.849000,RIC,3,0 days 00:01:57.212000,13.0,4.0,,,40.404,45.131,31.677,0 days 01:13:03.041000,0 days 01:13:48.172000,0 days 01:14:19.849000,202.0,109.0,256.0,288.0,False,SOFT,3.0,True,Renault,0 days 01:12:22.637000,2019-08-02 09:57:22.666,1,,False,,False,True,117.212,117.21199999999999
13,0 days 01:15:39.242000,RIC,3,0 days 00:01:19.393000,14.0,4.0,,,28.416,28.096,22.881,0 days 01:14:48.265000,0 days 01:15:16.361000,0 days 01:15:39.242000,282.0,248.0,258.0,305.0,False,SOFT,4.0,True,Renault,0 days 01:14:19.849000,2019-08-02 09:59:19.878,1,,False,,False,True,79.393,79.393
14,0 days 01:17:39.218000,RIC,3,0 days 00:01:59.976000,15.0,4.0,,,45.832,41.898,32.246,0 days 01:16:25.074000,0 days 01:17:06.972000,0 days 01:17:39.218000,177.0,188.0,256.0,286.0,False,SOFT,5.0,True,Renault,0 days 01:15:39.242000,2019-08-02 10:00:39.271,1,,False,,False,True,119.976,119.976
15,0 days 01:18:58.507000,RIC,3,0 days 00:01:19.289000,16.0,4.0,,,28.29,28.33,22.669,0 days 01:18:07.508000,0 days 01:18:35.838000,0 days 01:18:58.507000,282.0,248.0,258.0,304.0,False,SOFT,6.0,True,Renault,0 days 01:17:39.218000,2019-08-02 10:02:39.247,1,,False,,False,True,79.289,79.289
16,0 days 01:20:30.087000,RIC,3,0 days 00:01:31.580000,17.0,4.0,,0 days 01:20:28.326000,30.716,33.092,27.772,0 days 01:19:29.223000,0 days 01:20:02.315000,0 days 01:20:30.087000,258.0,212.0,,291.0,False,SOFT,7.0,True,Renault,0 days 01:18:58.507000,2019-08-02 10:03:58.536,1,,False,,False,False,91.58,91.58
17,0 days 01:29:07.882000,RIC,3,,18.0,5.0,0 days 01:27:37.106000,,,31.548,25.62,,0 days 01:28:42.360000,0 days 01:29:10.752000,276.0,231.0,243.0,291.0,False,SOFT,8.0,False,Renault,0 days 01:20:30.087000,2019-08-02 10:05:30.116,1,,False,,False,False,,
18,0 days 01:30:31.346000,RIC,3,0 days 00:01:23.464000,19.0,5.0,,,29.669,30.204,23.591,0 days 01:29:37.551000,0 days 01:30:07.755000,0 days 01:30:31.346000,277.0,233.0,246.0,283.0,False,SOFT,9.0,False,Renault,0 days 01:29:07.882000,2019-08-02 10:14:07.911,1,,False,,False,True,83.464,83.464
19,0 days 01:31:55.009000,RIC,3,0 days 00:01:23.663000,20.0,5.0,,,29.841,30.211,23.611,0 days 01:31:01.187000,0 days 01:31:31.398000,0 days 01:31:55.009000,276.0,233.0,247.0,286.0,False,SOFT,10.0,False,Renault,0 days 01:30:31.346000,2019-08-02 10:15:31.375,1,,False,,False,True,83.663,83.663
20,0 days 01:33:18.377000,RIC,3,0 days 00:01:23.368000,21.0,5.0,,,29.595,30.162,23.611,0 days 01:32:24.604000,0 days 01:32:54.766000,0 days 01:33:18.377000,278.0,236.0,247.0,287.0,False,SOFT,11.0,False,Renault,0 days 01:31:55.009000,2019-08-02 10:16:55.038,1,,False,,False,True,83.368,83.368
21,0 days 01:34:41.939000,RIC,3,0 days 00:01:23.562000,22.0,5.0,,,29.684,30.22,23.658,0 days 01:33:48.061000,0 days 01:34:18.281000,0 days 01:34:41.939000,277.0,235.0,246.0,288.0,False,SOFT,12.0,False,Renault,0 days 01:33:18.377000,2019-08-02 10:18:18.406,1,,False,,False,True,83.562,83.562
22,0 days 01:36:05.377000,RIC,3,0 days 00:01:23.438000,23.0,5.0,,,29.714,30.119,23.605,0 days 01:35:11.653000,0 days 01:35:41.772000,0 days 01:36:05.377000,280.0,236.0,246.0,287.0,False,SOFT,13.0,False,Renault,0 days 01:34:41.939000,2019-08-02 10:19:41.968,1,,False,,False,True,83.438,83.438
23,0 days 01:37:29.329000,RIC,3,0 days 00:01:23.952000,24.0,5.0,,,29.809,30.288,23.855,0 days 01:36:35.186000,0 days 01:37:05.474000,0 days 01:37:29.329000,276.0,231.0,243.0,287.0,False,SOFT,14.0,False,Renault,0 days 01:36:05.377000,2019-08-02 10:21:05.406,1,,False,,False,True,83.952,83.952
24,0 days 01:38:53.113000,RIC,3,0 days 00:01:23.784000,25.0,5.0,,,29.823,30.102,23.859,0 days 01:37:59.152000,0 days 01:38:29.254000,0 days 01:38:53.113000,278.0,233.0,243.0,284.0,False,SOFT,15.0,False,Renault,0 days 01:37:29.329000,2019-08-02 10:22:29.358,1,,False,,False,True,83.784,83.78399999999999
25,0 days 01:40:19.765000,RIC,3,0 days 00:01:26.652000,26.0,5.0,,,30.047,30.944,25.661,0 days 01:39:23.160000,0 days 01:39:54.104000,0 days 01:40:19.765000,274.0,230.0,241.0,284.0,False,SOFT,16.0,False,Renault,0 days 01:38:53.113000,2019-08-02 10:23:53.142,1,,False,,False,True,86.652,86.652
26,0 days 01:41:45.053000,RIC,3,0 days 00:01:25.288000,27.0,5.0,,,30.239,30.805,24.244,0 days 01:40:50.004000,0 days 01:41:20.809000,0 days 01:41:45.053000,276.0,230.0,244.0,285.0,False,SOFT,17.0,False,Renault,0 days 01:40:19.765000,2019-08-02 10:25:19.794,1,,False,,False,True,85.288,85.288
27,0 days 01:43:10.169000,RIC,3,0 days 00:01:25.116000,28.0,5.0,,,30.285,30.816,24.015,0 days 01:42:15.338000,0 days 01:42:46.154000,0 days 01:43:10.169000,275.0,229.0,244.0,286.0,False,SOFT,18.0,False,Renault,0 days 01:41:45.053000,2019-08-02 10:26:45.082,1,,False,,False,True,85.116,85.116
28,0 days 01:44:34.537000,RIC,3,0 days 00:01:24.368000,29.0,5.0,,,30.025,30.453,23.89,0 days 01:43:40.194000,0 days 01:44:10.647000,0 days 01:44:34.537000,278.0,232.0,245.0,285.0,False,SOFT,19.0,False,Renault,0 days 01:43:10.169000,2019-08-02 10:28:10.198,1,,False,,False,True,84.368,84.368
29,0 days 01:46:08.216000,RIC,3,0 days 00:01:33.679000,30.0,5.0,,0 days 01:46:06.450000,31.884,34.159,27.636,0 days 01:45:06.421000,0 days 01:45:40.580000,0 days 01:46:08.216000,216.0,224.0,,287.0,False,SOFT,20.0,False,Renault,0 days 01:44:34.537000,2019-08-02 10:29:34.566,1,,False,,False,False,93.679,93.679
30,0 days 00:16:52.592000,NOR,4,,1.0,1.0,0 days 00:15:17.199000,,,33.321,26.676,,0 days 00:16:25.948000,0 days 00:16:52.765000,250.0,213.0,231.0,,False,MEDIUM,1.0,True,McLaren,0 days 00:15:17.199000,2019-08-02 09:00:17.228,1,,False,,False,False,,
31,0 days 00:18:30.468000,NOR,4,0 days 00:01:37.876000,2.0,1.0,,0 days 00:18:28.845000,30.307,33.654,33.915,0 days 00:17:22.899000,0 days 00:17:56.553000,0 days 00:18:30.468000,276.0,194.0,,292.0,False,MEDIUM,2.0,True,McLaren,0 days 00:16:52.592000,2019-08-02 09:01:52.621,1,,False,,False,False,97.876,97.876
32,0 days 00:34:32.635000,NOR,4,,3.0,2.0,0 days 00:32:54.408000,,,36.505,29.62,,0 days 00:34:04.499000,0 days 00:34:32.907000,240.0,215.0,252.0,292.0,False,MEDIUM,3.0,False,McLaren,0 days 00:18:30.468000,2019-08-02 09:03:30.497,1,,False,,False,False,,
33,0 days 00:35:53.285000,NOR,4,0 days 00:01:20.650000,4.0,2.0,,,28.982,29.147,22.521,0 days 00:35:01.617000,0 days 00:35:30.764000,0 days 00:35:53.285000,278.0,239.0,257.0,299.0,True,MEDIUM,4.0,False,McLaren,0 days 00:34:32.635000,2019-08-02 09:19:32.664,1,,False,,False,True,80.65,80.65
34,0 days 00:37:34.462000,NOR,4,0 days 00:01:41.177000,5.0,2.0,,,33.033,38.327,29.817,0 days 00:36:26.318000,0 days 00:37:04.645000,0 days 00:37:34.462000,245.0,199.0,253.0,306.0,False,MEDIUM,5.0,False,McLaren,0 days 00:35:53.285000,2019-08-02 09:20:53.314,1,,False,,False,True,101.177,101.17699999999999
35,0 days 00:38:54.845000,NOR,4,0 days 00:01:20.383000,6.0,2.0,,,28.684,28.496,23.203,0 days 00:38:03.146000,0 days 00:38:31.642000,0 days 00:38:54.845000,278.0,246.0,254.0,298.0,True,MEDIUM,6.0,False,McLaren,0 days 00:37:34.462000,2019-08-02 09:22:34.491,12,,False,,False,True,80.383,80.383
36,0 days 00:40:36.871000,NOR,4,0 days 00:01:42.026000,7.0,2.0,,,35.62,39.05,27.356,0 days 00:39:30.465000,0 days 00:40:09.515000,0 days 00:40:36.871000,175.0,186.0,253.0,276.0,False,MEDIUM,7.0,False,McLaren,0 days 00:38:54.845000,2019-08-02 09:23:54.874,1,,False,,False,True,102.026,102.02599999999998
37,0 days 00:41:56.333000,NOR,4,0 days 00:01:19.462000,8.0,2.0,,,28.503,28.235,22.724,0 days 00:41:05.374000,0 days 00:41:33.609000,0 days 00:41:56.333000,278.0,246.0,251.0,299.0,True,MEDIUM,8.0,False,McLaren,0 days 00:40:36.871000,2019-08-02 09:25:36.900,1,,False,,False,True,79.462,79.462
38,0 days 00:43:45.343000,NOR,4,0 days 00:01:49.010000,9.0,2.0,,,40.39,40.448,28.172,0 days 00:42:36.723000,0 days 00:43:17.171000,0 days 00:43:45.343000,179.0,156.0,254.0,278.0,False,MEDIUM,9.0,False,McLaren,0 days 00:41:56.333000,2019-08-02 09:26:56.362,1,,False,,False,True,109.01,109.00999999999999
39,0 days 00:45:15.905000,NOR,4,0 days 00:01:30.562000,10.0,2.0,,0 days 00:45:15.890000,28.36,28.277,33.925,0 days 00:44:13.703000,0 days 00:44:41.980000,0 days 00:45:15.905000,278.0,246.0,,301.0,False,MEDIUM,10.0,False,McLaren,0 days 00:43:45.343000,2019-08-02 09:28:45.372,12,,False,,False,False,90.562,90.562
40,0 days 01:05:45.972000,NOR,4,,11.0,3.0,0 days 01:04:09.585000,,,36.637,25.372,,0 days 01:05:20.627000,0 days 01:05:46.133000,252.0,208.0,255.0,301.0,False,SOFT,1.0,True,McLaren,0 days 00:45:15.905000,2019-08-02 09:30:15.934,1,,False,,False,False,,
41,0 days 01:07:09.698000,NOR,4,0 days 00:01:23.726000,12.0,3.0,,,28.361,27.935,27.43,0 days 01:06:14.333000,0 days 01:06:42.268000,0 days 01:07:09.698000,276.0,248.0,217.0,299.0,False,SOFT,2.0,True,McLaren,0 days 01:05:45.972000,2019-08-02 09:50:46.001,1,,False,,False,True,83.726,83.726
42,0 days 01:08:50.405000,NOR,4,0 days 00:01:40.707000,13.0,3.0,,,36.758,37.544,26.405,0 days 01:07:46.456000,0 days 01:08:24,0 days 01:08:50.405000,238.0,182.0,256.0,259.0,False,SOFT,3.0,True,McLaren,0 days 01:07:09.698000,2019-08-02 09:52:09.727,1,,False,,False,True,100.707,100.707
43,0 days 01:10:08.936000,NOR,4,0 days 00:01:18.531000,14.0,3.0,,,28.1,27.835,22.596,0 days 01:09:18.505000,0 days 01:09:46.340000,0 days 01:10:08.936000,279.0,251.0,254.0,302.0,True,SOFT,4.0,True,McLaren,0 days 01:08:50.405000,2019-08-02 09:53:50.434,1,,False,,False,True,78.531,78.531
44,0 days 01:12:00.116000,NOR,4,0 days 00:01:51.180000,15.0,3.0,,,39.024,42.667,29.489,0 days 01:10:47.960000,0 days 01:11:30.627000,0 days 01:12:00.116000,201.0,198.0,251.0,282.0,False,SOFT,5.0,True,McLaren,0 days 01:10:08.936000,2019-08-02 09:55:08.965,12,,False,,False,True,111.18,111.18
45,0 days 01:13:18.949000,NOR,4,0 days 00:01:18.833000,16.0,3.0,,,28.21,27.938,22.685,0 days 01:12:28.326000,0 days 01:12:56.264000,0 days 01:13:18.949000,277.0,249.0,253.0,300.0,False,SOFT,6.0,True,McLaren,0 days 01:12:00.116000,2019-08-02 09:57:00.145,1,,False,,False,True,78.833,78.833
46,0 days 01:15:06.590000,NOR,4,0 days 00:01:47.641000,17.0,3.0,,,34.998,44.768,27.875,0 days 01:13:53.947000,0 days 01:14:38.715000,0 days 01:15:06.590000,172.0,164.0,255.0,287.0,False,SOFT,7.0,True,McLaren,0 days 01:13:18.949000,2019-08-02 09:58:18.978,1,,False,,False,True,107.641,107.64099999999999
47,0 days 01:16:25.210000,NOR,4,0 days 00:01:18.620000,18.0,3.0,,,28.203,27.882,22.535,0 days 01:15:34.793000,0 days 01:16:02.675000,0 days 01:16:25.210000,278.0,248.0,257.0,300.0,False,SOFT,8.0,True,McLaren,0 days 01:15:06.590000,2019-08-02 10:00:06.619,1,,False,,False,True,78.62,78.62
48,0 days 01:17:57.041000,NOR,4,0 days 00:01:31.831000,19.0,3.0,,0 days 01:17:57.069000,32.251,32.467,27.113,0 days 01:16:57.461000,0 days 01:17:29.928000,0 days 01:17:57.041000,221.0,222.0,,285.0,False,SOFT,9.0,True,McLaren,0 days 01:16:25.210000,2019-08-02 10:01:25.239,1,,False,,False,False,91.831,91.83099999999999
49,0 days 01:26:41.454000,NOR,4,,20.0,4.0,0 days 01:25:06.941000,0 days 01:26:39.745000,,34.561,27.79,,0 days 01:26:13.693000,0 days 01:26:42.412000,254.0,228.0,,285.0,False,SOFT,10.0,False,McLaren,0 days 01:17:57.041000,2019-08-02 10:02:57.070,1,,False,,False,False,,
50,0 days 01:28:44.526000,NOR,4,0 days 00:02:03.072000,21.0,5.0,0 days 01:27:23.128000,,70.086,29.53,23.456,0 days 01:27:51.540000,0 days 01:28:21.070000,0 days 01:28:44.526000,275.0,237.0,246.0,285.0,False,SOFT,11.0,False,McLaren,0 days 01:26:41.454000,2019-08-02 10:11:41.483,1,,False,,False,False,123.072,123.072
51,0 days 01:30:08.344000,NOR,4,0 days 00:01:23.818000,22.0,5.0,,,29.559,30.826,23.433,0 days 01:29:14.085000,0 days 01:29:44.911000,0 days 01:30:08.344000,272.0,237.0,248.0,282.0,False,SOFT,12.0,False,McLaren,0 days 01:28:44.526000,2019-08-02 10:13:44.555,1,,False,,False,True,83.818,83.81800000000001
52,0 days 01:31:30.860000,NOR,4,0 days 00:01:22.516000,23.0,5.0,,,29.483,29.574,23.459,0 days 01:30:37.827000,0 days 01:31:07.401000,0 days 01:31:30.860000,272.0,236.0,247.0,285.0,False,SOFT,13.0,False,McLaren,0 days 01:30:08.344000,2019-08-02 10:15:08.373,1,,False,,False,True,82.516,82.516
53,0 days 01:32:53.569000,NOR,4,0 days 00:01:22.709000,24.0,5.0,,,29.581,29.668,23.46,0 days 01:32:00.441000,0 days 01:32:30.109000,0 days 01:32:53.569000,272.0,238.0,249.0,286.0,False,SOFT,14.0,False,McLaren,0 days 01:31:30.860000,2019-08-02 10:16:30.889,1,,False,,False,True,82.709,82.709
54,0 days 01:34:16.719000,NOR,4,0 days 00:01:23.150000,25.0,5.0,,,29.571,29.889,23.69,0 days 01:33:23.140000,0 days 01:33:53.029000,0 days 01:34:16.719000,274.0,234.0,246.0,287.0,False,SOFT,15.0,False,McLaren,0 days 01:32:53.569000,2019-08-02 10:17:53.598,1,,False,,False,True,83.15,83.15
55,0 days 01:35:39.930000,NOR,4,0 days 00:01:23.211000,26.0,5.0,,,29.81,29.718,23.683,0 days 01:34:46.529000,0 days 01:35:16.247000,0 days 01:35:39.930000,275.0,237.0,246.0,284.0,False,SOFT,16.0,False,McLaren,0 days 01:34:16.719000,2019-08-02 10:19:16.748,1,,False,,False,True,83.211,83.211
56,0 days 01:37:03.252000,NOR,4,0 days 00:01:23.322000,27.0,5.0,,,29.693,29.954,23.675,0 days 01:36:09.623000,0 days 01:36:39.577000,0 days 01:37:03.252000,278.0,236.0,247.0,285.0,False,SOFT,17.0,False,McLaren,0 days 01:35:39.930000,2019-08-02 10:20:39.959,1,,False,,False,True,83.322,83.322
57,0 days 01:38:26.574000,NOR,4,0 days 00:01:23.322000,28.0,5.0,,,29.823,29.735,23.764,0 days 01:37:33.075000,0 days 01:38:02.810000,0 days 01:38:26.574000,277.0,234.0,247.0,285.0,False,SOFT,18.0,False,McLaren,0 days 01:37:03.252000,2019-08-02 10:22:03.281,1,,False,,False,True,83.322,83.322
58,0 days 01:39:50.554000,NOR,4,0 days 00:01:23.980000,29.0,5.0,,,29.765,30.211,24.004,0 days 01:38:56.339000,0 days 01:39:26.550000,0 days 01:39:50.554000,278.0,231.0,246.0,286.0,False,SOFT,19.0,False,McLaren,0 days 01:38:26.574000,2019-08-02 10:23:26.603,1,,False,,False,True,83.98,83.98
59,0 days 01:41:14.704000,NOR,4,0 days 00:01:24.150000,30.0,5.0,,,30.123,30.045,23.982,0 days 01:40:20.677000,0 days 01:40:50.722000,0 days 01:41:14.704000,277.0,236.0,246.0,289.0,False,SOFT,20.0,False,McLaren,0 days 01:39:50.554000,2019-08-02 10:24:50.583,1,,False,,False,True,84.15,84.15
60,0 days 01:42:38.506000,NOR,4,0 days 00:01:23.802000,31.0,5.0,,,29.85,30.154,23.798,0 days 01:41:44.554000,0 days 01:42:14.708000,0 days 01:42:38.506000,278.0,236.0,246.0,285.0,False,SOFT,21.0,False,McLaren,0 days 01:41:14.704000,2019-08-02 10:26:14.733,1,,False,,False,True,83.802,83.802
61,0 days 01:44:02.123000,NOR,4,0 days 00:01:23.617000,32.0,5.0,,,29.773,29.962,23.882,0 days 01:43:08.279000,0 days 01:43:38.241000,0 days 01:44:02.123000,277.0,235.0,247.0,287.0,False,SOFT,22.0,False,McLaren,0 days 01:42:38.506000,2019-08-02 10:27:38.535,1,,False,,False,True,83.617,83.617
62,0 days 01:45:26.818000,NOR,4,0 days 00:01:24.695000,33.0,5.0,,,30.237,30.233,24.225,0 days 01:44:32.360000,0 days 01:45:02.593000,0 days 01:45:26.818000,278.0,231.0,245.0,286.0,False,SOFT,23.0,False,McLaren,0 days 01:44:02.123000,2019-08-02 10:29:02.152,1,,False,,False,True,84.695,84.695
63,0 days 01:47:00.144000,NOR,4,0 days 00:01:33.326000,34.0,5.0,,0 days 01:46:59.085000,30.039,34.132,29.155,0 days 01:45:56.857000,0 days 01:46:30.989000,0 days 01:47:00.144000,274.0,205.0,,283.0,False,SOFT,24.0,False,McLaren,0 days 01:45:26.818000,2019-08-02 10:30:26.847,1,,False,,False,False,93.326,93.326
64,0 days 00:17:28.288000,VET,5,,1.0,1.0,0 days 00:15:50.224000,,,38.384,26.368,,0 days 00:17:02.093000,0 days 00:17:30.704000,221.0,197.0,244.0,,False,SOFT,1.0,True,Ferrari,0 days 00:15:50.224000,2019-08-02 09:00:50.253,1,,False,,False,False,,
65,0 days 00:18:49.778000,VET,5,0 days 00:01:21.490000,2.0,1.0,,,29.27,29.699,22.521,0 days 00:17:57.558000,0 days 00:18:27.257000,0 days 00:18:49.778000,274.0,240.0,254.0,294.0,True,SOFT,2.0,True,Ferrari,0 days 00:17:28.288000,2019-08-02 09:02:28.317,1,,False,,False,True,81.49,81.49000000000001
66,0 days 00:20:09.773000,VET,5,0 days 00:01:19.995000,3.0,1.0,,,28.753,28.761,22.481,0 days 00:19:18.531000,0 days 00:19:47.292000,0 days 00:20:09.773000,274.0,246.0,255.0,300.0,True,SOFT,3.0,True,Ferrari,0 days 00:18:49.778000,2019-08-02 09:03:49.807,1,,False,,False,True,79.995,79.995
67,0 days 00:22:02.412000,VET,5,0 days 00:01:52.639000,4.0,1.0,,,38.099,43.216,31.324,0 days 00:20:47.872000,0 days 00:21:31.088000,0 days 00:22:02.412000,184.0,176.0,218.0,260.0,False,SOFT,4.0,True,Ferrari,0 days 00:20:09.773000,2019-08-02 09:05:09.802,1,,False,,False,True,112.639,112.639
68,0 days 00:23:50.981000,VET,5,0 days 00:01:48.569000,5.0,1.0,,,41.258,38.068,29.243,0 days 00:22:43.670000,0 days 00:23:21.738000,0 days 00:23:50.981000,177.0,221.0,258.0,272.0,False,SOFT,5.0,True,Ferrari,0 days 00:22:02.412000,2019-08-02 09:07:02.441,1,,False,,False,True,108.569,108.56899999999999
69,0 days 00:25:23.279000,VET,5,0 days 00:01:32.298000,6.0,1.0,,,28.172,36.423,27.703,0 days 00:24:19.153000,0 days 00:24:55.576000,0 days 00:25:23.279000,278.0,188.0,260.0,308.0,False,SOFT,6.0,True,Ferrari,0 days 00:23:50.981000,2019-08-02 09:08:51.010,1,,False,,False,True,92.298,92.298
70,0 days 00:26:42.023000,VET,5,0 days 00:01:18.744000,7.0,1.0,,,28.294,28.254,22.196,0 days 00:25:51.573000,0 days 00:26:19.827000,0 days 00:26:42.023000,278.0,250.0,259.0,307.0,True,SOFT,7.0,True,Ferrari,0 days 00:25:23.279000,2019-08-02 09:10:23.308,1,,False,,False,True,78.744,78.744
71,0 days 00:28:35.413000,VET,5,0 days 00:01:53.390000,8.0,1.0,,,41.629,43.569,28.192,0 days 00:27:23.652000,0 days 00:28:07.221000,0 days 00:28:35.413000,118.0,179.0,254.0,256.0,False,SOFT,8.0,True,Ferrari,0 days 00:26:42.023000,2019-08-02 09:11:42.052,1,,False,,False,True,113.39,113.39000000000001
72,0 days 00:29:54.529000,VET,5,0 days 00:01:19.116000,9.0,1.0,,,28.515,28.143,22.458,0 days 00:29:03.928000,0 days 00:29:32.071000,0 days 00:29:54.529000,274.0,247.0,253.0,301.0,False,SOFT,9.0,True,Ferrari,0 days 00:28:35.413000,2019-08-02 09:13:35.442,1,,False,,False,True,79.116,79.116
73,0 days 00:31:40.244000,VET,5,0 days 00:01:45.715000,10.0,1.0,,0 days 00:31:39.715000,37.831,37.726,30.158,0 days 00:30:32.360000,0 days 00:31:10.086000,0 days 00:31:40.244000,157.0,199.0,,270.0,False,SOFT,10.0,True,Ferrari,0 days 00:29:54.529000,2019-08-02 09:14:54.558,1,,False,,False,False,105.715,105.715
74,0 days 00:33:59.150000,VET,5,0 days 00:02:18.906000,11.0,2.0,0 days 00:31:58.326000,0 days 00:33:57.510000,70.594,36.055,32.257,0 days 00:32:50.838000,0 days 00:33:26.893000,0 days 00:33:59.150000,195.0,158.0,,270.0,False,SOFT,11.0,False,Ferrari,0 days 00:31:40.244000,2019-08-02 09:16:40.273,1,,False,,False,False,138.906,138.906
75,0 days 01:12:52.555000,VET,5,,12.0,3.0,0 days 01:11:12.999000,,,37.964,29.516,,0 days 01:12:23.136000,0 days 01:12:56.286000,256.0,207.0,260.0,270.0,False,SOFT,1.0,True,Ferrari,0 days 00:33:59.150000,2019-08-02 09:18:59.179,12,,False,,False,False,,
76,0 days 01:14:09.954000,VET,5,0 days 00:01:17.399000,13.0,3.0,,,27.579,27.59,22.23,0 days 01:13:20.134000,0 days 01:13:47.724000,0 days 01:14:09.954000,280.0,253.0,261.0,309.0,True,SOFT,2.0,True,Ferrari,0 days 01:12:52.555000,2019-08-02 09:57:52.584,1,,False,,False,True,77.399,77.399
77,0 days 01:15:58.429000,VET,5,0 days 00:01:48.475000,14.0,3.0,,,41.735,39.239,27.501,0 days 01:14:51.689000,0 days 01:15:30.928000,0 days 01:15:58.429000,205.0,175.0,221.0,235.0,False,SOFT,3.0,True,Ferrari,0 days 01:14:09.954000,2019-08-02 09:59:09.983,1,,False,,False,True,108.475,108.475
78,0 days 01:17:44.100000,VET,5,0 days 00:01:45.671000,15.0,3.0,,,34.867,39.551,31.253,0 days 01:16:33.296000,0 days 01:17:12.847000,0 days 01:17:44.100000,224.0,207.0,252.0,257.0,False,SOFT,4.0,True,Ferrari,0 days 01:15:58.429000,2019-08-02 10:00:58.458,1,,False,,False,True,105.671,105.671
79,0 days 01:19:02.214000,VET,5,0 days 00:01:18.114000,16.0,3.0,,,28.114,27.701,22.299,0 days 01:18:12.214000,0 days 01:18:39.915000,0 days 01:19:02.214000,278.0,251.0,257.0,302.0,False,SOFT,5.0,True,Ferrari,0 days 01:17:44.100000,2019-08-02 10:02:44.129,1,,False,,False,True,78.114,78.114
80,0 days 01:20:36.604000,VET,5,0 days 00:01:34.390000,17.0,3.0,,,34.522,33.419,26.449,0 days 01:19:36.736000,0 days 01:20:10.155000,0 days 01:20:36.604000,197.0,199.0,158.0,287.0,False,SOFT,6.0,True,Ferrari,0 days 01:19:02.214000,2019-08-02 10:04:02.243,1,,False,,False,True,94.39,94.39
81,0 days 01:22:18.218000,VET,5,0 days 00:01:41.614000,18.0,3.0,,0 days 01:22:16.558000,37.214,34.038,30.362,0 days 01:21:13.818000,0 days 01:21:47.856000,0 days 01:22:18.218000,189.0,167.0,,197.0,False,SOFT,7.0,True,Ferrari,0 days 01:20:36.604000,2019-08-02 10:05:36.633,1,,False,,False,False,101.614,101.61399999999999
82,0 days 01:32:40.281000,VET,5,,19.0,4.0,0 days 01:30:38.175000,0 days 01:32:39.839000,,45.107,36.728,,0 days 01:32:03.553000,0 days 01:32:40.416000,192.0,177.0,,197.0,False,INTERMEDIATE,1.0,True,Ferrari,0 days 01:22:18.218000,2019-08-02 10:07:18.247,1,,False,,False,False,,
83,0 days 01:40:02.573000,VET,5,,20.0,5.0,0 days 01:38:24.395000,0 days 01:40:00.912000,,30.551,26.28,,0 days 01:39:37.699000,0 days 01:40:02.706000,258.0,233.0,,197.0,False,SOFT,8.0,False,Ferrari,0 days 01:32:40.281000,2019-08-02 10:17:40.310,1,,False,,False,False,,
84,0 days 01:41:57.543000,VET,5,0 days 00:01:54.970000,21.0,6.0,0 days 01:40:20.069000,,58.245,29.928,26.797,0 days 01:41:00.818000,0 days 01:41:30.746000,0 days 01:41:57.543000,273.0,233.0,244.0,197.0,False,SOFT,9.0,False,Ferrari,0 days 01:40:02.573000,2019-08-02 10:25:02.602,1,,False,,False,False,114.97,114.97
85,0 days 01:43:19.533000,VET,5,0 days 00:01:21.990000,22.0,6.0,,,29.541,29.401,23.048,0 days 01:42:27.084000,0 days 01:42:56.485000,0 days 01:43:19.533000,273.0,240.0,246.0,282.0,False,SOFT,10.0,False,Ferrari,0 days 01:41:57.543000,2019-08-02 10:26:57.572,1,,False,,False,True,81.99,81.99
86,0 days 01:44:43.314000,VET,5,0 days 00:01:23.781000,23.0,6.0,,,29.604,30.133,24.044,0 days 01:43:49.137000,0 days 01:44:19.270000,0 days 01:44:43.314000,276.0,234.0,250.0,287.0,False,SOFT,11.0,False,Ferrari,0 days 01:43:19.533000,2019-08-02 10:28:19.562,1,,False,,False,True,83.781,83.78099999999999
87,0 days 01:46:06.054000,VET,5,0 days 00:01:22.740000,24.0,6.0,,,29.625,29.667,23.448,0 days 01:45:12.939000,0 days 01:45:42.606000,0 days 01:46:06.054000,271.0,238.0,243.0,303.0,False,SOFT,12.0,False,Ferrari,0 days 01:44:43.314000,2019-08-02 10:29:43.343,1,,False,,False,True,82.74,82.74000000000001
88,0 days 01:47:35.525000,VET,5,0 days 00:01:29.471000,25.0,6.0,,0 days 01:47:34.216000,29.832,30.234,29.405,0 days 01:46:35.886000,0 days 01:47:06.120000,0 days 01:47:35.525000,271.0,177.0,,282.0,False,SOFT,13.0,False,Ferrari,0 days 01:46:06.054000,2019-08-02 10:31:06.083,1,,False,,False,False,89.471,89.471
89,0 days 00:17:23.635000,RAI,7,,1.0,1.0,0 days 00:15:40.771000,0 days 00:17:21.890000,,36.358,31.51,,0 days 00:16:52.125000,0 days 00:17:23.699000,189.0,198.0,,,False,SOFT,1.0,True,Alfa Romeo Racing,0 days 00:15:40.771000,2019-08-02 09:00:40.800,1,,False,,False,False,,
90,0 days 00:19:24.283000,RAI,7,0 days 00:02:00.648000,2.0,2.0,0 days 00:17:40.485000,0 days 00:19:22.680000,59.028,33.429,28.191,0 days 00:18:22.663000,0 days 00:18:56.092000,0 days 00:19:24.283000,197.0,199.0,,,False,SOFT,2.0,False,Alfa Romeo Racing,0 days 00:17:23.635000,2019-08-02 09:02:23.664,1,,False,,False,False,120.648,120.648
91,0 days 00:32:07.814000,RAI,7,,3.0,3.0,0 days 00:30:40.045000,,,31.977,25.154,,0 days 00:31:42.742000,0 days 00:32:09.839000,245.0,226.0,253.0,,False,SOFT,3.0,False,Alfa Romeo Racing,0 days 00:19:24.283000,2019-08-02 09:04:24.312,1,,False,,False,False,,
92,0 days 00:33:27.807000,RAI,7,0 days 00:01:19.993000,4.0,3.0,,,28.808,28.727,22.458,0 days 00:32:36.622000,0 days 00:33:05.349000,0 days 00:33:27.807000,275.0,242.0,253.0,296.0,True,SOFT,4.0,False,Alfa Romeo Racing,0 days 00:32:07.814000,2019-08-02 09:17:07.843,1,,False,,False,True,79.993,79.993
93,0 days 00:34:57.326000,RAI,7,0 days 00:01:29.519000,5.0,3.0,,,31.685,33.3,24.534,0 days 00:33:59.492000,0 days 00:34:32.792000,0 days 00:34:57.326000,219.0,226.0,253.0,297.0,False,SOFT,5.0,False,Alfa Romeo Racing,0 days 00:33:27.807000,2019-08-02 09:18:27.836,1,,False,,False,True,89.519,89.519
94,0 days 00:36:17.940000,RAI,7,0 days 00:01:20.614000,6.0,3.0,,,28.779,28.945,22.89,0 days 00:35:26.105000,0 days 00:35:55.050000,0 days 00:36:17.940000,275.0,244.0,247.0,296.0,False,SOFT,6.0,False,Alfa Romeo Racing,0 days 00:34:57.326000,2019-08-02 09:19:57.355,1,,False,,False,True,80.614,80.614
95,0 days 00:38:05.205000,RAI,7,0 days 00:01:47.265000,7.0,3.0,,,38.604,41.614,27.047,0 days 00:36:56.544000,0 days 00:37:38.158000,0 days 00:38:05.205000,207.0,199.0,251.0,236.0,False,SOFT,7.0,False,Alfa Romeo Racing,0 days 00:36:17.940000,2019-08-02 09:21:17.969,1,,False,,False,True,107.265,107.26499999999999
96,0 days 00:39:39.301000,RAI,7,0 days 00:01:34.096000,8.0,3.0,,,28.598,35.798,29.7,0 days 00:38:33.803000,0 days 00:39:09.601000,0 days 00:39:39.301000,276.0,210.0,251.0,295.0,False,SOFT,8.0,False,Alfa Romeo Racing,0 days 00:38:05.205000,2019-08-02 09:23:05.234,12,,False,,False,True,94.096,94.096
97,0 days 00:41:00.615000,RAI,7,0 days 00:01:21.314000,9.0,3.0,,,28.557,28.97,23.787,0 days 00:40:07.858000,0 days 00:40:36.828000,0 days 00:41:00.615000,277.0,239.0,221.0,294.0,False,SOFT,9.0,False,Alfa Romeo Racing,0 days 00:39:39.301000,2019-08-02 09:24:39.330,1,,False,,False,True,81.314,81.314
98,0 days 00:42:47.444000,RAI,7,0 days 00:01:46.829000,10.0,3.0,,,40.502,37.193,29.134,0 days 00:41:41.117000,0 days 00:42:18.310000,0 days 00:42:47.444000,224.0,203.0,253.0,228.0,False,SOFT,10.0,False,Alfa Romeo Racing,0 days 00:41:00.615000,2019-08-02 09:26:00.644,1,,False,,False,True,106.829,106.829
99,0 days 00:44:07.471000,RAI,7,0 days 00:01:20.027000,11.0,3.0,,,28.539,28.627,22.861,0 days 00:43:15.983000,0 days 00:43:44.610000,0 days 00:44:07.471000,276.0,238.0,253.0,298.0,False,SOFT,11.0,False,Alfa Romeo Racing,0 days 00:42:47.444000,2019-08-02 09:27:47.473,1,,False,,False,True,80.027,80.027
100,0 days 00:45:52.169000,RAI,7,0 days 00:01:44.698000,12.0,3.0,,,33.787,38.552,32.359,0 days 00:44:41.258000,0 days 00:45:19.810000,0 days 00:45:52.169000,180.0,117.0,251.0,300.0,False,SOFT,12.0,False,Alfa Romeo Racing,0 days 00:44:07.471000,2019-08-02 09:29:07.500,12,,False,,False,True,104.698,104.69800000000001
101,0 days 00:47:33.188000,RAI,7,0 days 00:01:41.019000,13.0,3.0,,0 days 00:47:31.516000,32.446,36.147,32.426,0 days 00:46:24.615000,0 days 00:47:00.762000,0 days 00:47:33.188000,197.0,207.0,,296.0,False,SOFT,13.0,False,Alfa Romeo Racing,0 days 00:45:52.169000,2019-08-02 09:30:52.198,1,,False,,False,False,101.019,101.01899999999999
102,0 days 01:04:10.293000,RAI,7,,14.0,4.0,0 days 01:02:08.514000,0 days 01:04:08.867000,,38.403,33.905,,0 days 01:03:36.388000,0 days 01:04:10.989000,177.0,183.0,,296.0,False,INTERMEDIATE,1.0,True,Alfa Romeo Racing,0 days 00:47:33.188000,2019-08-02 09:32:33.217,1,,False,,False,False,,
103,0 days 01:10:50.813000,RAI,7,,15.0,5.0,0 days 01:09:11.226000,,,34.849,32.362,,0 days 01:10:18.508000,0 days 01:10:50.956000,204.0,236.0,254.0,296.0,False,SOFT,1.0,True,Alfa Romeo Racing,0 days 01:04:10.293000,2019-08-02 09:49:10.322,1,,False,,False,False,,
104,0 days 01:12:09.708000,RAI,7,0 days 00:01:18.895000,16.0,5.0,,,28.412,28.002,22.481,0 days 01:11:19.225000,0 days 01:11:47.227000,0 days 01:12:09.708000,274.0,244.0,252.0,298.0,True,SOFT,2.0,True,Alfa Romeo Racing,0 days 01:10:50.813000,2019-08-02 09:55:50.842,12,,False,,False,True,78.895,78.89500000000001
105,0 days 01:14:02.137000,RAI,7,0 days 00:01:52.429000,17.0,5.0,,,40.9,43.003,28.526,0 days 01:12:50.608000,0 days 01:13:33.611000,0 days 01:14:02.137000,180.0,175.0,252.0,275.0,False,SOFT,3.0,True,Alfa Romeo Racing,0 days 01:12:09.708000,2019-08-02 09:57:09.737,1,,False,,False,True,112.429,112.42899999999999
106,0 days 01:15:21.282000,RAI,7,0 days 00:01:19.145000,18.0,5.0,,,28.461,28.132,22.552,0 days 01:14:30.598000,0 days 01:14:58.730000,0 days 01:15:21.282000,273.0,243.0,253.0,295.0,False,SOFT,4.0,True,Alfa Romeo Racing,0 days 01:14:02.137000,2019-08-02 09:59:02.166,1,,False,,False,True,79.145,79.14500000000001
107,0 days 01:17:20.701000,RAI,7,0 days 00:01:59.419000,19.0,5.0,,,41.251,44.553,33.615,0 days 01:16:02.533000,0 days 01:16:47.086000,0 days 01:17:20.701000,161.0,194.0,252.0,274.0,False,SOFT,5.0,True,Alfa Romeo Racing,0 days 01:15:21.282000,2019-08-02 10:00:21.311,1,,False,,False,True,119.419,119.41900000000001
108,0 days 01:18:39.737000,RAI,7,0 days 00:01:19.036000,20.0,5.0,,,28.472,28.07,22.494,0 days 01:17:49.173000,0 days 01:18:17.243000,0 days 01:18:39.737000,273.0,244.0,252.0,297.0,False,SOFT,6.0,True,Alfa Romeo Racing,0 days 01:17:20.701000,2019-08-02 10:02:20.730,1,,False,,False,True,79.036,79.036
109,0 days 01:20:33.567000,RAI,7,0 days 00:01:53.830000,21.0,5.0,,,43.013,42.333,28.484,0 days 01:19:22.750000,0 days 01:20:05.083000,0 days 01:20:33.567000,138.0,178.0,252.0,175.0,False,SOFT,7.0,True,Alfa Romeo Racing,0 days 01:18:39.737000,2019-08-02 10:03:39.766,1,,False,,False,True,113.83,113.83000000000001
110,0 days 01:21:52.623000,RAI,7,0 days 00:01:19.056000,22.0,5.0,,,28.547,27.91,22.599,0 days 01:21:02.114000,0 days 01:21:30.024000,0 days 01:21:52.623000,270.0,243.0,252.0,294.0,False,SOFT,8.0,True,Alfa Romeo Racing,0 days 01:20:33.567000,2019-08-02 10:05:33.596,1,,False,,False,True,79.056,79.056
111,0 days 01:23:26.799000,RAI,7,0 days 00:01:34.176000,23.0,5.0,,0 days 01:23:25.120000,32.228,32.533,29.415,0 days 01:22:24.851000,0 days 01:22:57.384000,0 days 01:23:26.799000,197.0,199.0,,296.0,False,SOFT,9.0,True,Alfa Romeo Racing,0 days 01:21:52.623000,2019-08-02 10:06:52.652,1,,False,,False,False,94.176,94.17599999999999
112,0 days 01:25:53.293000,RAI,7,0 days 00:02:26.494000,24.0,6.0,0 days 01:23:46.117000,,81.862,37.802,26.83,0 days 01:24:48.661000,0 days 01:25:26.463000,0 days 01:25:53.293000,189.0,198.0,254.0,296.0,False,SOFT,10.0,False,Alfa Romeo Racing,0 days 01:23:26.799000,2019-08-02 10:08:26.828,1,,False,,False,False,146.494,146.49399999999997
113,0 days 01:27:12.080000,RAI,7,0 days 00:01:18.787000,25.0,6.0,,,28.49,27.885,22.412,0 days 01:26:21.783000,0 days 01:26:49.668000,0 days 01:27:12.080000,273.0,247.0,253.0,296.0,True,SOFT,11.0,False,Alfa Romeo Racing,0 days 01:25:53.293000,2019-08-02 10:10:53.322,1,,False,,False,True,78.787,78.787
114,0 days 01:28:43.263000,RAI,7,0 days 00:01:31.183000,26.0,6.0,,0 days 01:28:41.580000,32.717,31.913,26.553,0 days 01:27:44.797000,0 days 01:28:16.710000,0 days 01:28:43.263000,197.0,199.0,,296.0,False,SOFT,12.0,False,Alfa Romeo Racing,0 days 01:27:12.080000,2019-08-02 10:12:12.109,1,,False,,False,False,91.183,91.18299999999999
115,0 days 01:40:12.783000,RAI,7,,27.0,7.0,0 days 01:38:36.220000,,,31.036,23.652,,0 days 01:39:49.181000,0 days 01:40:13.049000,270.0,231.0,241.0,296.0,False,SOFT,13.0,False,Alfa Romeo Racing,0 days 01:28:43.263000,2019-08-02 10:13:43.292,1,,False,,False,False,,
116,0 days 01:41:37.255000,RAI,7,0 days 00:01:24.472000,28.0,7.0,,,29.984,30.373,24.115,0 days 01:40:42.767000,0 days 01:41:13.140000,0 days 01:41:37.255000,272.0,231.0,242.0,280.0,False,SOFT,14.0,False,Alfa Romeo Racing,0 days 01:40:12.783000,2019-08-02 10:25:12.812,1,,False,,False,True,84.472,84.472
117,0 days 01:43:04.294000,RAI,7,0 days 00:01:27.039000,29.0,7.0,,0 days 01:43:02.621000,29.976,30.484,26.579,0 days 01:42:07.231000,0 days 01:42:37.715000,0 days 01:43:04.294000,273.0,228.0,,281.0,False,SOFT,15.0,False,Alfa Romeo Racing,0 days 01:41:37.255000,2019-08-02 10:26:37.284,1,,False,,False,False,87.039,87.039
118,0 days 01:44:56.726000,RAI,7,0 days 00:01:52.432000,30.0,8.0,0 days 01:43:20.951000,,57.166,31.192,24.074,0 days 01:44:01.460000,0 days 01:44:32.652000,0 days 01:44:56.726000,274.0,230.0,245.0,281.0,False,SOFT,16.0,False,Alfa Romeo Racing,0 days 01:43:04.294000,2019-08-02 10:28:04.323,1,,False,,False,False,112.432,112.432
119,0 days 01:46:22.564000,RAI,7,0 days 00:01:25.838000,31.0,8.0,,,30.507,31.076,24.255,0 days 01:45:27.233000,0 days 01:45:58.309000,0 days 01:46:22.564000,271.0,226.0,241.0,285.0,False,SOFT,17.0,False,Alfa Romeo Racing,0 days 01:44:56.726000,2019-08-02 10:29:56.755,1,,False,,False,True,85.838,85.838
120,0 days 01:48:15.160000,RAI,7,0 days 00:01:52.596000,32.0,8.0,,0 days 01:48:14.370000,31.145,33.859,47.592,0 days 01:46:53.709000,0 days 01:47:27.568000,0 days 01:48:15.160000,249.0,156.0,,281.0,False,SOFT,18.0,False,Alfa Romeo Racing,0 days 01:46:22.564000,2019-08-02 10:31:22.593,1,,False,,False,False,112.596,112.596
121,0 days 00:16:58.214000,GRO,8,,1.0,1.0,0 days 00:15:22.425000,,,33.749,28.773,,0 days 00:16:29.536000,0 days 00:16:58.490000,245.0,226.0,250.0,,False,MEDIUM,1.0,True,Haas F1 Team,0 days 00:15:22.425000,2019-08-02 09:00:22.454,1,,False,,False,False,,
122,0 days 00:18:21.720000,GRO,8,0 days 00:01:23.506000,2.0,1.0,,,29.882,30.117,23.507,0 days 00:17:28.096000,0 days 00:17:58.213000,0 days 00:18:21.720000,275.0,239.0,256.0,300.0,True,MEDIUM,2.0,True,Haas F1 Team,0 days 00:16:58.214000,2019-08-02 09:01:58.243,1,,False,,False,True,83.506,83.506
123,0 days 00:19:42.621000,GRO,8,0 days 00:01:20.901000,3.0,1.0,,,29.113,29.252,22.536,0 days 00:18:50.833000,0 days 00:19:20.085000,0 days 00:19:42.621000,278.0,243.0,256.0,303.0,True,MEDIUM,3.0,True,Haas F1 Team,0 days 00:18:21.720000,2019-08-02 09:03:21.749,1,,False,,False,True,80.901,80.901
124,0 days 00:21:02.833000,GRO,8,0 days 00:01:20.212000,4.0,1.0,,,28.801,28.93,22.481,0 days 00:20:11.422000,0 days 00:20:40.352000,0 days 00:21:02.833000,275.0,245.0,255.0,301.0,True,MEDIUM,4.0,True,Haas F1 Team,0 days 00:19:42.621000,2019-08-02 09:04:42.650,1,,False,,False,True,80.212,80.21199999999999
125,0 days 00:22:39.665000,GRO,8,0 days 00:01:36.832000,5.0,1.0,,,33.128,32.847,30.857,0 days 00:21:35.961000,0 days 00:22:08.808000,0 days 00:22:39.665000,232.0,219.0,257.0,293.0,False,MEDIUM,5.0,True,Haas F1 Team,0 days 00:21:02.833000,2019-08-02 09:06:02.862,1,,False,,False,True,96.832,96.832
126,0 days 00:23:59.618000,GRO,8,0 days 00:01:19.953000,6.0,1.0,,,28.644,28.781,22.528,0 days 00:23:08.309000,0 days 00:23:37.090000,0 days 00:23:59.618000,275.0,243.0,257.0,301.0,True,MEDIUM,6.0,True,Haas F1 Team,0 days 00:22:39.665000,2019-08-02 09:07:39.694,1,,False,,False,True,79.953,79.953
127,0 days 00:25:36.178000,GRO,8,0 days 00:01:36.560000,7.0,1.0,,,31.237,37.485,27.838,0 days 00:24:30.855000,0 days 00:25:08.340000,0 days 00:25:36.178000,201.0,184.0,256.0,304.0,False,MEDIUM,7.0,True,Haas F1 Team,0 days 00:23:59.618000,2019-08-02 09:08:59.647,1,,False,,False,True,96.56,96.56
128,0 days 00:26:55.963000,GRO,8,0 days 00:01:19.785000,8.0,1.0,,,28.669,28.576,22.54,0 days 00:26:04.847000,0 days 00:26:33.423000,0 days 00:26:55.963000,275.0,246.0,255.0,299.0,True,MEDIUM,8.0,True,Haas F1 Team,0 days 00:25:36.178000,2019-08-02 09:10:36.207,1,,False,,False,True,79.785,79.785
129,0 days 00:28:27.870000,GRO,8,0 days 00:01:31.907000,9.0,1.0,,,30.466,31.185,30.256,0 days 00:27:26.429000,0 days 00:27:57.614000,0 days 00:28:27.870000,270.0,190.0,257.0,308.0,False,MEDIUM,9.0,True,Haas F1 Team,0 days 00:26:55.963000,2019-08-02 09:11:55.992,1,,False,,False,True,91.907,91.907
130,0 days 00:29:47.777000,GRO,8,0 days 00:01:19.907000,10.0,1.0,,,28.652,28.407,22.848,0 days 00:28:56.522000,0 days 00:29:24.929000,0 days 00:29:47.777000,276.0,248.0,256.0,301.0,False,MEDIUM,10.0,True,Haas F1 Team,0 days 00:28:27.870000,2019-08-02 09:13:27.899,1,,False,,False,True,79.907,79.907
131,0 days 00:31:24.030000,GRO,8,0 days 00:01:36.253000,11.0,1.0,,0 days 00:31:22.259000,32.303,34.281,29.669,0 days 00:30:20.080000,0 days 00:30:54.361000,0 days 00:31:24.030000,187.0,148.0,,291.0,False,MEDIUM,11.0,True,Haas F1 Team,0 days 00:29:47.777000,2019-08-02 09:14:47.806,1,,False,,False,False,96.253,96.253
132,0 days 00:47:58.994000,GRO,8,,12.0,2.0,0 days 00:46:11.504000,0 days 00:47:57.817000,,40.237,32.72,,0 days 00:47:26.274000,0 days 00:47:59.206000,199.0,190.0,,291.0,False,SOFT,1.0,True,Haas F1 Team,0 days 00:31:24.030000,2019-08-02 09:16:24.059,12,,False,,False,False,,
133,0 days 00:57:13.511000,GRO,8,,13.0,3.0,0 days 00:54:51.996000,0 days 00:57:11.709000,,56.028,42.705,,0 days 00:56:30.806000,0 days 00:57:14.657000,146.0,116.0,,291.0,False,INTERMEDIATE,1.0,True,Haas F1 Team,0 days 00:47:58.994000,2019-08-02 09:32:59.023,1,,False,,False,False,,
134,0 days 01:03:57.775000,GRO,8,,14.0,4.0,0 days 01:02:28.965000,,,33.764,23.753,,0 days 01:03:34.033000,0 days 01:04:00.350000,245.0,233.0,254.0,291.0,False,SOFT,2.0,False,Haas F1 Team,0 days 00:57:13.511000,2019-08-02 09:42:13.540,1,,False,,False,False,,
135,0 days 01:05:29.401000,GRO,8,0 days 00:01:31.626000,15.0,4.0,,,28.218,33.366,30.042,0 days 01:04:25.993000,0 days 01:04:59.359000,0 days 01:05:29.401000,271.0,173.0,256.0,296.0,False,SOFT,3.0,False,Haas F1 Team,0 days 01:03:57.775000,2019-08-02 09:48:57.804,1,,False,,False,True,91.626,91.626
136,0 days 01:06:52.175000,GRO,8,0 days 00:01:22.774000,16.0,4.0,,,28.115,27.811,26.848,0 days 01:05:57.516000,0 days 01:06:25.327000,0 days 01:06:52.175000,275.0,251.0,229.0,297.0,False,SOFT,4.0,False,Haas F1 Team,0 days 01:05:29.401000,2019-08-02 09:50:29.430,1,,False,,False,True,82.774,82.774
137,0 days 01:08:37.772000,GRO,8,0 days 00:01:45.597000,17.0,4.0,,,37.663,42.131,25.803,0 days 01:07:29.838000,0 days 01:08:11.969000,0 days 01:08:37.772000,183.0,203.0,256.0,270.0,False,SOFT,5.0,False,Haas F1 Team,0 days 01:06:52.175000,2019-08-02 09:51:52.204,1,,False,,False,True,105.597,105.597
138,0 days 01:09:57.477000,GRO,8,0 days 00:01:19.705000,18.0,4.0,,,28.223,28.455,23.027,0 days 01:09:05.995000,0 days 01:09:34.450000,0 days 01:09:57.477000,274.0,245.0,257.0,300.0,True,SOFT,6.0,False,Haas F1 Team,0 days 01:08:37.772000,2019-08-02 09:53:37.801,1,,False,,False,True,79.705,79.705
139,0 days 01:11:45.908000,GRO,8,0 days 00:01:48.431000,19.0,4.0,,,36.163,42.925,29.343,0 days 01:10:33.640000,0 days 01:11:16.565000,0 days 01:11:45.908000,180.0,156.0,255.0,245.0,False,SOFT,7.0,False,Haas F1 Team,0 days 01:09:57.477000,2019-08-02 09:54:57.506,12,,False,,False,True,108.431,108.431
140,0 days 01:13:04.881000,GRO,8,0 days 00:01:18.973000,20.0,4.0,,,28.27,28.025,22.678,0 days 01:12:14.178000,0 days 01:12:42.203000,0 days 01:13:04.881000,273.0,249.0,255.0,298.0,True,SOFT,8.0,False,Haas F1 Team,0 days 01:11:45.908000,2019-08-02 09:56:45.937,1,,False,,False,True,78.973,78.973
141,0 days 01:14:42.738000,GRO,8,0 days 00:01:37.857000,21.0,4.0,,,33.382,35.099,29.376,0 days 01:13:38.263000,0 days 01:14:13.362000,0 days 01:14:42.738000,188.0,158.0,255.0,291.0,False,SOFT,9.0,False,Haas F1 Team,0 days 01:13:04.881000,2019-08-02 09:58:04.910,1,,False,,False,True,97.857,97.857
142,0 days 01:16:01.763000,GRO,8,0 days 00:01:19.025000,22.0,4.0,,,28.248,28.105,22.672,0 days 01:15:10.986000,0 days 01:15:39.091000,0 days 01:16:01.763000,273.0,246.0,257.0,298.0,False,SOFT,10.0,False,Haas F1 Team,0 days 01:14:42.738000,2019-08-02 09:59:42.767,1,,False,,False,True,79.025,79.025
143,0 days 01:17:45.929000,GRO,8,0 days 00:01:44.166000,23.0,4.0,,0 days 01:17:44.167000,32.754,41.116,30.296,0 days 01:16:34.517000,0 days 01:17:15.633000,0 days 01:17:45.929000,192.0,149.0,,292.0,False,SOFT,11.0,False,Haas F1 Team,0 days 01:16:01.763000,2019-08-02 10:01:01.792,1,,False,,False,False,104.166,104.166
144,0 days 01:31:40.763000,GRO,8,,24.0,5.0,0 days 01:30:12.169000,,,30.078,23.501,,0 days 01:31:18.438000,0 days 01:31:41.230000,273.0,235.0,245.0,292.0,False,SOFT,12.0,False,Haas F1 Team,0 days 01:17:45.929000,2019-08-02 10:02:45.958,1,,False,,False,False,,
145,0 days 01:33:03.537000,GRO,8,0 days 00:01:22.774000,25.0,5.0,,,29.64,29.42,23.714,0 days 01:32:10.403000,0 days 01:32:39.823000,0 days 01:33:03.537000,269.0,236.0,244.0,282.0,False,SOFT,13.0,False,Haas F1 Team,0 days 01:31:40.763000,2019-08-02 10:16:40.792,1,,False,,False,True,82.774,82.774
146,0 days 01:34:26.938000,GRO,8,0 days 00:01:23.401000,26.0,5.0,,,29.742,29.899,23.76,0 days 01:33:33.279000,0 days 01:34:03.178000,0 days 01:34:26.938000,272.0,234.0,243.0,287.0,False,SOFT,14.0,False,Haas F1 Team,0 days 01:33:03.537000,2019-08-02 10:18:03.566,1,,False,,False,True,83.401,83.40100000000001
147,0 days 01:35:50.957000,GRO,8,0 days 00:01:24.019000,27.0,5.0,,,29.817,30.294,23.908,0 days 01:34:56.755000,0 days 01:35:27.049000,0 days 01:35:50.957000,271.0,228.0,242.0,282.0,False,SOFT,15.0,False,Haas F1 Team,0 days 01:34:26.938000,2019-08-02 10:19:26.967,1,,False,,False,True,84.019,84.019
148,0 days 01:37:14.909000,GRO,8,0 days 00:01:23.952000,28.0,5.0,,,29.996,30.068,23.888,0 days 01:36:20.953000,0 days 01:36:51.021000,0 days 01:37:14.909000,271.0,224.0,242.0,282.0,False,SOFT,16.0,False,Haas F1 Team,0 days 01:35:50.957000,2019-08-02 10:20:50.986,1,,False,,False,True,83.952,83.952
149,0 days 01:38:39.381000,GRO,8,0 days 00:01:24.472000,29.0,5.0,,,30.113,30.261,24.098,0 days 01:37:45.022000,0 days 01:38:15.283000,0 days 01:38:39.381000,271.0,231.0,244.0,282.0,False,SOFT,17.0,False,Haas F1 Team,0 days 01:37:14.909000,2019-08-02 10:22:14.938,1,,False,,False,True,84.472,84.472
150,0 days 01:40:04.186000,GRO,8,0 days 00:01:24.805000,30.0,5.0,,,30.183,30.491,24.131,0 days 01:39:09.564000,0 days 01:39:40.055000,0 days 01:40:04.186000,271.0,229.0,242.0,282.0,False,SOFT,18.0,False,Haas F1 Team,0 days 01:38:39.381000,2019-08-02 10:23:39.410,1,,False,,False,True,84.805,84.805
151,0 days 01:41:29.503000,GRO,8,0 days 00:01:25.317000,31.0,5.0,,,30.233,30.531,24.553,0 days 01:40:34.419000,0 days 01:41:04.950000,0 days 01:41:29.503000,272.0,232.0,242.0,283.0,False,SOFT,19.0,False,Haas F1 Team,0 days 01:40:04.186000,2019-08-02 10:25:04.215,1,,False,,False,True,85.317,85.317
152,0 days 01:43:06.994000,GRO,8,0 days 00:01:37.491000,32.0,5.0,,0 days 01:43:06.021000,32.525,34.859,30.107,0 days 01:42:02.028000,0 days 01:42:36.887000,0 days 01:43:06.994000,196.0,148.0,,282.0,False,SOFT,20.0,False,Haas F1 Team,0 days 01:41:29.503000,2019-08-02 10:26:29.532,1,,False,,False,False,97.491,97.491
153,0 days 00:17:42.275000,GAS,10,,1.0,1.0,0 days 00:15:49.304000,0 days 00:17:40.485000,,38.093,37.0,,0 days 00:17:05.291000,0 days 00:17:42.326000,212.0,145.0,,,False,SOFT,1.0,True,Red Bull Racing,0 days 00:15:49.304000,2019-08-02 09:00:49.333,1,,False,,False,False,,
154,0 days 00:20:02.998000,GAS,10,0 days 00:02:20.723000,2.0,2.0,0 days 00:18:22.371000,0 days 00:20:02.491000,73.23,36.999,30.494,0 days 00:18:55.505000,0 days 00:19:32.504000,0 days 00:20:02.998000,246.0,223.0,,,False,SOFT,2.0,False,Red Bull Racing,0 days 00:17:42.275000,2019-08-02 09:02:42.304,1,,False,,False,False,140.723,140.723
155,0 days 00:37:57.503000,GAS,10,,3.0,3.0,0 days 00:36:05.399000,,,45.131,30.898,,0 days 00:37:26.627000,0 days 00:38:00.979000,214.0,199.0,249.0,,False,SOFT,3.0,False,Red Bull Racing,0 days 00:20:02.998000,2019-08-02 09:05:03.027,1,,False,,False,False,,
156,0 days 00:39:31.936000,GAS,10,0 days 00:01:34.433000,4.0,3.0,,,28.576,37.113,28.744,0 days 00:38:26.079000,0 days 00:39:03.192000,0 days 00:39:31.936000,271.0,181.0,250.0,291.0,True,SOFT,4.0,False,Red Bull Racing,0 days 00:37:57.503000,2019-08-02 09:22:57.532,12,,False,,False,True,94.433,94.43299999999999
157,0 days 00:40:50.833000,GAS,10,0 days 00:01:18.897000,5.0,3.0,,,28.362,28.387,22.148,0 days 00:40:00.298000,0 days 00:40:28.685000,0 days 00:40:50.833000,272.0,241.0,252.0,292.0,True,SOFT,5.0,False,Red Bull Racing,0 days 00:39:31.936000,2019-08-02 09:24:31.965,1,,False,,False,True,78.897,78.89699999999999
158,0 days 00:42:42.800000,GAS,10,0 days 00:01:51.967000,6.0,3.0,,,39.016,44.986,27.965,0 days 00:41:29.849000,0 days 00:42:14.835000,0 days 00:42:42.800000,186.0,179.0,255.0,284.0,False,SOFT,6.0,False,Red Bull Racing,0 days 00:40:50.833000,2019-08-02 09:25:50.862,1,,False,,False,True,111.967,111.967
159,0 days 00:44:01.274000,GAS,10,0 days 00:01:18.474000,7.0,3.0,,,28.072,28.343,22.059,0 days 00:43:10.872000,0 days 00:43:39.215000,0 days 00:44:01.274000,274.0,235.0,253.0,299.0,True,SOFT,7.0,False,Red Bull Racing,0 days 00:42:42.800000,2019-08-02 09:27:42.829,1,,False,,False,True,78.474,78.474
160,0 days 00:46:00.978000,GAS,10,0 days 00:01:59.704000,8.0,3.0,,,44.416,47.854,27.434,0 days 00:44:45.690000,0 days 00:45:33.544000,0 days 00:46:00.978000,171.0,176.0,252.0,285.0,False,SOFT,8.0,False,Red Bull Racing,0 days 00:44:01.274000,2019-08-02 09:29:01.303,12,,False,,False,True,119.704,119.704
161,0 days 00:47:47.837000,GAS,10,0 days 00:01:46.859000,9.0,3.0,,0 days 00:47:46.211000,34.284,39.835,32.74,0 days 00:46:35.262000,0 days 00:47:15.097000,0 days 00:47:47.837000,217.0,197.0,,296.0,False,SOFT,9.0,False,Red Bull Racing,0 days 00:46:00.978000,2019-08-02 09:31:01.007,1,,False,,False,False,106.859,106.85900000000001
162,0 days 01:07:03.149000,GAS,10,,10.0,4.0,0 days 01:04:31.799000,0 days 01:07:01.715000,,59.018,44.755,,0 days 01:06:18.394000,0 days 01:07:03.228000,148.0,107.0,,296.0,False,INTERMEDIATE,1.0,True,Red Bull Racing,0 days 00:47:47.837000,2019-08-02 09:32:47.866,1,,False,,False,False,,
163,0 days 01:14:59.196000,GAS,10,,11.0,5.0,0 days 01:13:08.470000,,,46.559,26.536,,0 days 01:14:32.694000,0 days 01:15:00.602000,238.0,183.0,252.0,296.0,False,SOFT,1.0,True,Red Bull Racing,0 days 01:07:03.149000,2019-08-02 09:52:03.178,12,,False,,False,False,,
164,0 days 01:16:16.878000,GAS,10,0 days 00:01:17.682000,12.0,5.0,,,27.975,27.767,21.94,0 days 01:15:27.171000,0 days 01:15:54.938000,0 days 01:16:16.878000,272.0,248.0,257.0,294.0,True,SOFT,2.0,True,Red Bull Racing,0 days 01:14:59.196000,2019-08-02 09:59:59.225,1,,False,,False,True,77.682,77.682
165,0 days 01:18:34.321000,GAS,10,0 days 00:02:17.443000,13.0,5.0,,,49.934,55.514,31.995,0 days 01:17:06.812000,0 days 01:18:02.326000,0 days 01:18:34.321000,160.0,159.0,252.0,283.0,False,SOFT,3.0,True,Red Bull Racing,0 days 01:16:16.878000,2019-08-02 10:01:16.907,1,,False,,False,True,137.443,137.443
166,0 days 01:19:52.160000,GAS,10,0 days 00:01:17.839000,14.0,5.0,,,27.99,27.662,22.187,0 days 01:19:02.311000,0 days 01:19:29.973000,0 days 01:19:52.160000,275.0,245.0,256.0,295.0,False,SOFT,4.0,True,Red Bull Racing,0 days 01:18:34.321000,2019-08-02 10:03:34.350,1,,False,,False,True,77.839,77.839
167,0 days 01:21:57.212000,GAS,10,0 days 00:02:05.052000,15.0,5.0,,,42.553,48.724,33.775,0 days 01:20:34.713000,0 days 01:21:23.437000,0 days 01:21:57.212000,151.0,167.0,191.0,271.0,False,SOFT,5.0,True,Red Bull Racing,0 days 01:19:52.160000,2019-08-02 10:04:52.189,1,,False,,False,True,125.052,125.05199999999999
168,0 days 01:23:50.868000,GAS,10,0 days 00:01:53.656000,16.0,5.0,,,40.887,44.474,28.295,0 days 01:22:38.099000,0 days 01:23:22.573000,0 days 01:23:50.868000,179.0,193.0,254.0,249.0,False,SOFT,6.0,True,Red Bull Racing,0 days 01:21:57.212000,2019-08-02 10:06:57.241,1,,False,,False,True,113.656,113.65599999999999
169,0 days 01:25:08.631000,GAS,10,0 days 00:01:17.763000,17.0,5.0,,,27.974,27.767,22.022,0 days 01:24:18.842000,0 days 01:24:46.609000,0 days 01:25:08.631000,271.0,248.0,254.0,295.0,False,SOFT,7.0,True,Red Bull Racing,0 days 01:23:50.868000,2019-08-02 10:08:50.897,1,,False,,False,True,77.763,77.763
170,0 days 01:26:44.160000,GAS,10,0 days 00:01:35.529000,18.0,5.0,,0 days 01:26:44.222000,34.251,33.862,27.416,0 days 01:25:42.882000,0 days 01:26:16.744000,0 days 01:26:44.160000,241.0,211.0,,284.0,False,SOFT,8.0,True,Red Bull Racing,0 days 01:25:08.631000,2019-08-02 10:10:08.660,1,,False,,False,False,95.529,95.529
171,0 days 01:38:45.200000,GAS,10,,19.0,6.0,0 days 01:37:05.834000,,,32.103,23.853,,0 days 01:38:22.492000,0 days 01:38:47.452000,263.0,227.0,242.0,284.0,False,SOFT,9.0,False,Red Bull Racing,0 days 01:26:44.160000,2019-08-02 10:11:44.189,1,,False,,False,False,,
172,0 days 01:40:08.198000,GAS,10,0 days 00:01:22.998000,20.0,6.0,,,29.64,29.74,23.618,0 days 01:39:14.840000,0 days 01:39:44.580000,0 days 01:40:08.198000,271.0,229.0,242.0,279.0,False,SOFT,10.0,False,Red Bull Racing,0 days 01:38:45.200000,2019-08-02 10:23:45.229,1,,False,,False,True,82.998,82.99799999999999
173,0 days 01:41:31.177000,GAS,10,0 days 00:01:22.979000,21.0,6.0,,,29.752,29.691,23.536,0 days 01:40:37.950000,0 days 01:41:07.641000,0 days 01:41:31.177000,271.0,234.0,244.0,281.0,False,SOFT,11.0,False,Red Bull Racing,0 days 01:40:08.198000,2019-08-02 10:25:08.227,1,,False,,False,True,82.979,82.979
174,0 days 01:42:54.173000,GAS,10,0 days 00:01:22.996000,22.0,6.0,,,29.828,29.75,23.418,0 days 01:42:01.005000,0 days 01:42:30.755000,0 days 01:42:54.173000,271.0,231.0,242.0,284.0,False,SOFT,12.0,False,Red Bull Racing,0 days 01:41:31.177000,2019-08-02 10:26:31.206,1,,False,,False,True,82.996,82.99600000000001
175,0 days 01:44:17.065000,GAS,10,0 days 00:01:22.892000,23.0,6.0,,,29.772,29.749,23.371,0 days 01:43:23.945000,0 days 01:43:53.694000,0 days 01:44:17.065000,272.0,232.0,243.0,280.0,False,SOFT,13.0,False,Red Bull Racing,0 days 01:42:54.173000,2019-08-02 10:27:54.202,1,,False,,False,True,82.892,82.892
176,0 days 01:45:39.936000,GAS,10,0 days 00:01:22.871000,24.0,6.0,,,29.86,29.554,23.457,0 days 01:44:46.925000,0 days 01:45:16.479000,0 days 01:45:39.936000,271.0,234.0,241.0,279.0,False,SOFT,14.0,False,Red Bull Racing,0 days 01:44:17.065000,2019-08-02 10:29:17.094,1,,False,,False,True,82.871,82.87100000000001
177,0 days 01:47:08.693000,GAS,10,0 days 00:01:28.757000,25.0,6.0,,0 days 01:47:07.056000,30.33,31.846,26.581,0 days 01:46:10.266000,0 days 01:46:42.112000,0 days 01:47:08.693000,270.0,223.0,,278.0,False,SOFT,15.0,False,Red Bull Racing,0 days 01:45:39.936000,2019-08-02 10:30:39.965,1,,False,,False,False,88.757,88.757
178,0 days 00:16:53.887000,PER,11,,1.0,1.0,0 days 00:15:17.371000,0 days 00:16:52.765000,,32.46,31.339,,0 days 00:16:22.548000,0 days 00:16:54.839000,254.0,223.0,,,False,SOFT,1.0,True,Racing Point,0 days 00:15:17.371000,2019-08-02 09:00:17.400,1,,False,,False,False,,
179,0 days 00:23:41.665000,PER,11,,2.0,2.0,0 days 00:22:10.629000,,,33.322,26.431,,0 days 00:23:15.291000,0 days 00:23:41.858000,149.0,236.0,252.0,,False,SOFT,2.0,False,Racing Point,0 days 00:16:53.887000,2019-08-02 09:01:53.916,1,,False,,False,False,,
180,0 days 00:25:01.571000,PER,11,0 days 00:01:19.906000,3.0,2.0,,,28.874,28.684,22.348,0 days 00:24:10.539000,0 days 00:24:39.223000,0 days 00:25:01.571000,277.0,242.0,254.0,296.0,True,SOFT,3.0,False,Racing Point,0 days 00:23:41.665000,2019-08-02 09:08:41.694,1,,False,,False,True,79.906,79.906
181,0 days 00:26:51.415000,PER,11,0 days 00:01:49.844000,4.0,2.0,,,36.235,37.64,35.969,0 days 00:25:37.806000,0 days 00:26:15.446000,0 days 00:26:51.415000,224.0,120.0,253.0,291.0,False,SOFT,4.0,False,Racing Point,0 days 00:25:01.571000,2019-08-02 09:10:01.600,1,,False,,False,True,109.844,109.844
182,0 days 00:28:11.328000,PER,11,0 days 00:01:19.913000,5.0,2.0,,,28.637,28.556,22.72,0 days 00:27:20.052000,0 days 00:27:48.608000,0 days 00:28:11.328000,278.0,242.0,254.0,297.0,False,SOFT,5.0,False,Racing Point,0 days 00:26:51.415000,2019-08-02 09:11:51.444,1,,False,,False,True,79.913,79.913
183,0 days 00:30:03.794000,PER,11,0 days 00:01:52.466000,6.0,2.0,,,35.503,50.659,26.304,0 days 00:28:46.831000,0 days 00:29:37.490000,0 days 00:30:03.794000,180.0,170.0,224.0,296.0,False,SOFT,6.0,False,Racing Point,0 days 00:28:11.328000,2019-08-02 09:13:11.357,1,,False,,False,True,112.466,112.46600000000001
184,0 days 00:31:54.430000,PER,11,0 days 00:01:50.636000,7.0,2.0,,,38.378,44.434,27.824,0 days 00:30:42.172000,0 days 00:31:26.606000,0 days 00:31:54.430000,169.0,184.0,253.0,271.0,False,SOFT,7.0,False,Racing Point,0 days 00:30:03.794000,2019-08-02 09:15:03.823,1,,False,,False,True,110.636,110.636
185,0 days 00:33:14.145000,PER,11,0 days 00:01:19.715000,8.0,2.0,,,28.579,28.676,22.46,0 days 00:32:23.009000,0 days 00:32:51.685000,0 days 00:33:14.145000,277.0,243.0,253.0,297.0,True,SOFT,8.0,False,Racing Point,0 days 00:31:54.430000,2019-08-02 09:16:54.459,1,,False,,False,True,79.715,79.715
186,0 days 00:35:04.471000,PER,11,0 days 00:01:50.326000,9.0,2.0,,,36.509,44.276,29.541,0 days 00:33:50.654000,0 days 00:34:34.930000,0 days 00:35:04.471000,160.0,154.0,253.0,290.0,False,SOFT,9.0,False,Racing Point,0 days 00:33:14.145000,2019-08-02 09:18:14.174,1,,False,,False,True,110.326,110.326
187,0 days 00:36:24.122000,PER,11,0 days 00:01:19.651000,10.0,2.0,,,28.471,28.787,22.393,0 days 00:35:32.942000,0 days 00:36:01.729000,0 days 00:36:24.122000,278.0,241.0,253.0,297.0,True,SOFT,10.0,False,Racing Point,0 days 00:35:04.471000,2019-08-02 09:20:04.500,1,,False,,False,True,79.651,79.651
188,0 days 00:38:20.088000,PER,11,0 days 00:01:55.966000,11.0,2.0,,,35.982,46.052,33.932,0 days 00:37:00.104000,0 days 00:37:46.156000,0 days 00:38:20.088000,138.0,137.0,171.0,291.0,False,SOFT,11.0,False,Racing Point,0 days 00:36:24.122000,2019-08-02 09:21:24.151,1,,False,,False,True,115.966,115.966
189,0 days 00:40:20.106000,PER,11,0 days 00:02:00.018000,12.0,2.0,,,36.687,52.468,30.863,0 days 00:38:56.775000,0 days 00:39:49.243000,0 days 00:40:20.106000,192.0,84.0,252.0,252.0,False,SOFT,12.0,False,Racing Point,0 days 00:38:20.088000,2019-08-02 09:23:20.117,12,,False,,False,True,120.018,120.018
190,0 days 00:41:39.431000,PER,11,0 days 00:01:19.325000,13.0,2.0,,,28.43,28.416,22.479,0 days 00:40:48.536000,0 days 00:41:16.952000,0 days 00:41:39.431000,276.0,243.0,253.0,295.0,True,SOFT,13.0,False,Racing Point,0 days 00:40:20.106000,2019-08-02 09:25:20.135,1,,False,,False,True,79.325,79.325
191,0 days 00:43:12.130000,PER,11,0 days 00:01:32.699000,14.0,2.0,,0 days 00:43:10.482000,32.712,31.769,28.218,0 days 00:42:12.143000,0 days 00:42:43.912000,0 days 00:43:12.130000,227.0,200.0,,297.0,False,SOFT,14.0,False,Racing Point,0 days 00:41:39.431000,2019-08-02 09:26:39.460,1,,False,,False,False,92.699,92.699
192,0 days 00:54:55.324000,PER,11,,15.0,3.0,0 days 00:52:25.731000,0 days 00:54:53.603000,,52.319,44.309,,0 days 00:54:11.015000,0 days 00:54:57.628000,134.0,119.0,,297.0,False,INTERMEDIATE,1.0,True,Racing Point,0 days 00:43:12.130000,2019-08-02 09:28:12.159,12,,False,,False,False,,
193,0 days 01:12:05.648000,PER,11,,16.0,4.0,0 days 01:09:56.138000,,,50.067,36.985,,0 days 01:11:28.739000,0 days 01:12:06.928000,153.0,144.0,226.0,297.0,False,MEDIUM,1.0,True,Racing Point,0 days 00:54:55.324000,2019-08-02 09:39:55.353,12,,False,,False,False,,
194,0 days 01:13:45.929000,PER,11,0 days 00:01:40.281000,17.0,4.0,,,34.242,40.328,25.711,0 days 01:12:39.890000,0 days 01:13:20.218000,0 days 01:13:45.929000,190.0,199.0,252.0,282.0,False,MEDIUM,2.0,True,Racing Point,0 days 01:12:05.648000,2019-08-02 09:57:05.677,1,,False,,False,True,100.281,100.28099999999999
195,0 days 01:15:13.478000,PER,11,0 days 00:01:27.549000,18.0,4.0,,,28.501,28.358,30.69,0 days 01:14:14.430000,0 days 01:14:42.788000,0 days 01:15:13.478000,277.0,245.0,216.0,295.0,False,MEDIUM,3.0,True,Racing Point,0 days 01:13:45.929000,2019-08-02 09:58:45.958,1,,False,,False,True,87.549,87.549
196,0 days 01:17:04.907000,PER,11,0 days 00:01:51.429000,19.0,4.0,,,37.688,46.467,27.274,0 days 01:15:51.166000,0 days 01:16:37.633000,0 days 01:17:04.907000,172.0,171.0,252.0,262.0,False,MEDIUM,4.0,True,Racing Point,0 days 01:15:13.478000,2019-08-02 10:00:13.507,1,,False,,False,True,111.429,111.429
197,0 days 01:19:02.698000,PER,11,0 days 00:01:57.791000,20.0,4.0,,0 days 01:19:01.060000,38.387,47.101,32.303,0 days 01:17:43.294000,0 days 01:18:30.395000,0 days 01:19:02.698000,211.0,195.0,,297.0,False,MEDIUM,5.0,True,Racing Point,0 days 01:17:04.907000,2019-08-02 10:02:04.936,1,,False,,False,False,117.791,117.791
198,0 days 00:17:35.486000,LEC,16,,1.0,1.0,0 days 00:15:56.964000,,,35.107,31.378,,0 days 00:17:04.137000,0 days 00:17:35.633000,228.0,204.0,250.0,,False,SOFT,1.0,True,Ferrari,0 days 00:15:56.964000,2019-08-02 09:00:56.993,1,,False,,False,False,,
199,0 days 00:18:56.357000,LEC,16,0 days 00:01:20.871000,2.0,1.0,,,29.291,29.052,22.528,0 days 00:18:04.777000,0 days 00:18:33.829000,0 days 00:18:56.357000,275.0,243.0,256.0,301.0,True,SOFT,2.0,True,Ferrari,0 days 00:17:35.486000,2019-08-02 09:02:35.515,1,,False,,False,True,80.871,80.87100000000001
200,0 days 00:20:15.995000,LEC,16,0 days 00:01:19.638000,3.0,1.0,,,28.65,28.38,22.608,0 days 00:19:25.007000,0 days 00:19:53.387000,0 days 00:20:15.995000,274.0,246.0,255.0,301.0,True,SOFT,3.0,True,Ferrari,0 days 00:18:56.357000,2019-08-02 09:03:56.386,1,,False,,False,True,79.638,79.638
201,0 days 00:22:12.503000,LEC,16,0 days 00:01:56.508000,4.0,1.0,,,38.834,44.455,33.219,0 days 00:20:54.829000,0 days 00:21:39.284000,0 days 00:22:12.503000,222.0,156.0,257.0,301.0,False,SOFT,4.0,True,Ferrari,0 days 00:20:15.995000,2019-08-02 09:05:16.024,1,,False,,False,True,116.508,116.50800000000001
202,0 days 00:23:55.016000,LEC,16,0 days 00:01:42.513000,5.0,1.0,,,29.538,38.697,34.278,0 days 00:22:42.041000,0 days 00:23:20.738000,0 days 00:23:55.016000,178.0,159.0,258.0,303.0,False,SOFT,5.0,True,Ferrari,0 days 00:22:12.503000,2019-08-02 09:07:12.532,1,,False,,False,True,102.513,102.513
203,0 days 00:25:13.977000,LEC,16,0 days 00:01:18.961000,6.0,1.0,,,28.268,28.363,22.33,0 days 00:24:23.284000,0 days 00:24:51.647000,0 days 00:25:13.977000,282.0,249.0,260.0,304.0,True,SOFT,6.0,True,Ferrari,0 days 00:23:55.016000,2019-08-02 09:08:55.045,1,,False,,False,True,78.961,78.961
204,0 days 00:27:02.311000,LEC,16,0 days 00:01:48.334000,7.0,1.0,,,35.33,39.922,33.082,0 days 00:25:49.307000,0 days 00:26:29.229000,0 days 00:27:02.311000,228.0,197.0,254.0,279.0,False,SOFT,7.0,True,Ferrari,0 days 00:25:13.977000,2019-08-02 09:10:14.006,1,,False,,False,True,108.334,108.334
205,0 days 00:28:21.565000,LEC,16,0 days 00:01:19.254000,8.0,1.0,,,28.597,28.339,22.318,0 days 00:27:30.908000,0 days 00:27:59.247000,0 days 00:28:21.565000,276.0,245.0,256.0,298.0,False,SOFT,8.0,True,Ferrari,0 days 00:27:02.311000,2019-08-02 09:12:02.340,1,,False,,False,True,79.254,79.254
206,0 days 00:29:59.605000,LEC,16,0 days 00:01:38.040000,9.0,1.0,,,28.515,39.709,29.816,0 days 00:28:50.080000,0 days 00:29:29.789000,0 days 00:29:59.605000,276.0,170.0,213.0,304.0,False,SOFT,9.0,True,Ferrari,0 days 00:28:21.565000,2019-08-02 09:13:21.594,1,,False,,False,True,98.04,98.04
207,0 days 00:31:46.970000,LEC,16,0 days 00:01:47.365000,10.0,1.0,,,40.269,39.172,27.924,0 days 00:30:39.874000,0 days 00:31:19.046000,0 days 00:31:46.970000,222.0,182.0,254.0,254.0,False,SOFT,10.0,True,Ferrari,0 days 00:29:59.605000,2019-08-02 09:14:59.634,1,,False,,False,True,107.365,107.36500000000001
208,0 days 00:33:11.519000,LEC,16,0 days 00:01:24.549000,11.0,1.0,,0 days 00:33:09.852000,28.587,29.577,26.385,0 days 00:32:15.557000,0 days 00:32:45.134000,0 days 00:33:11.519000,272.0,238.0,,297.0,False,SOFT,11.0,True,Ferrari,0 days 00:31:46.970000,2019-08-02 09:16:46.999,1,,False,,False,False,84.549,84.549
209,0 days 00:35:37.031000,LEC,16,0 days 00:02:25.512000,12.0,2.0,0 days 00:33:29.087000,0 days 00:35:35.353000,82.824,34.654,28.034,0 days 00:34:34.343000,0 days 00:35:08.997000,0 days 00:35:37.031000,197.0,158.0,,297.0,False,SOFT,12.0,False,Ferrari,0 days 00:33:11.519000,2019-08-02 09:18:11.548,1,,False,,False,False,145.512,145.512
210,0 days 00:52:21.326000,LEC,16,,13.0,3.0,0 days 00:50:22.523000,0 days 00:52:19.741000,,44.558,33.69,,0 days 00:51:47.636000,0 days 00:52:23.703000,207.0,183.0,,297.0,False,INTERMEDIATE,1.0,True,Ferrari,0 days 00:35:37.031000,2019-08-02 09:20:37.060,12,,False,,False,False,,
211,0 days 01:10:44.698000,LEC,16,,14.0,4.0,0 days 01:09:07.123000,,,36.432,28.987,,0 days 01:10:15.747000,0 days 01:10:44.966000,222.0,210.0,261.0,297.0,False,SOFT,1.0,True,Ferrari,0 days 00:52:21.326000,2019-08-02 09:37:21.355,1,,False,,False,False,,
212,0 days 01:12:03.110000,LEC,16,0 days 00:01:18.412000,15.0,4.0,,,27.831,27.497,23.084,0 days 01:11:12.529000,0 days 01:11:40.026000,0 days 01:12:03.110000,278.0,252.0,258.0,307.0,True,SOFT,2.0,True,Ferrari,0 days 01:10:44.698000,2019-08-02 09:55:44.727,12,,False,,False,True,78.412,78.412
213,0 days 01:13:54.377000,LEC,16,0 days 00:01:51.267000,16.0,4.0,,,39.121,42.551,29.595,0 days 01:12:42.231000,0 days 01:13:24.782000,0 days 01:13:54.377000,192.0,200.0,221.0,295.0,False,SOFT,3.0,True,Ferrari,0 days 01:12:03.110000,2019-08-02 09:57:03.139,1,,False,,False,True,111.267,111.267
214,0 days 01:15:46.432000,LEC,16,0 days 00:01:52.055000,17.0,4.0,,,36.897,41.636,33.522,0 days 01:14:31.274000,0 days 01:15:12.910000,0 days 01:15:46.432000,174.0,129.0,255.0,271.0,False,SOFT,4.0,True,Ferrari,0 days 01:13:54.377000,2019-08-02 09:58:54.406,1,,False,,False,True,112.055,112.055
215,0 days 01:17:26.033000,LEC,16,0 days 00:01:39.601000,18.0,4.0,,,32.008,35.503,32.09,0 days 01:16:18.440000,0 days 01:16:53.943000,0 days 01:17:26.033000,209.0,207.0,256.0,300.0,False,SOFT,5.0,True,Ferrari,0 days 01:15:46.432000,2019-08-02 10:00:46.461,1,,False,,False,True,99.601,99.601
216,0 days 01:18:44.801000,LEC,16,0 days 00:01:18.768000,19.0,4.0,,,28.26,28.038,22.47,0 days 01:17:54.293000,0 days 01:18:22.331000,0 days 01:18:44.801000,275.0,247.0,256.0,298.0,False,SOFT,6.0,True,Ferrari,0 days 01:17:26.033000,2019-08-02 10:02:26.062,1,,False,,False,True,78.768,78.768
217,0 days 01:20:18.169000,LEC,16,0 days 00:01:33.368000,20.0,4.0,,0 days 01:20:16.579000,31.855,34.109,27.404,0 days 01:19:16.656000,0 days 01:19:50.765000,0 days 01:20:18.169000,239.0,219.0,,300.0,False,SOFT,7.0,True,Ferrari,0 days 01:18:44.801000,2019-08-02 10:03:44.830,1,,False,,False,False,93.368,93.368
218,0 days 01:29:51.049000,LEC,16,,21.0,5.0,0 days 01:28:25.138000,,,31.8,24.07,,0 days 01:29:27.117000,0 days 01:29:54.931000,260.0,236.0,258.0,300.0,False,SOFT,8.0,False,Ferrari,0 days 01:20:18.169000,2019-08-02 10:05:18.198,1,,False,,False,False,,
219,0 days 01:31:09.237000,LEC,16,0 days 00:01:18.188000,22.0,5.0,,,28.125,27.643,22.42,0 days 01:30:19.174000,0 days 01:30:46.817000,0 days 01:31:09.237000,276.0,249.0,256.0,300.0,True,SOFT,9.0,False,Ferrari,0 days 01:29:51.049000,2019-08-02 10:14:51.078,1,,False,,False,True,78.188,78.188
220,0 days 01:33:02.271000,LEC,16,0 days 00:01:53.034000,23.0,5.0,,,42.953,43.158,26.923,0 days 01:31:52.190000,0 days 01:32:35.348000,0 days 01:33:02.271000,50.0,191.0,256.0,298.0,False,SOFT,10.0,False,Ferrari,0 days 01:31:09.237000,2019-08-02 10:16:09.266,1,,False,,False,True,113.034,113.034
221,0 days 01:34:20.870000,LEC,16,0 days 00:01:18.599000,24.0,5.0,,,28.174,27.793,22.632,0 days 01:33:30.445000,0 days 01:33:58.238000,0 days 01:34:20.870000,277.0,248.0,256.0,298.0,False,SOFT,11.0,False,Ferrari,0 days 01:33:02.271000,2019-08-02 10:18:02.300,1,,False,,False,True,78.599,78.599
222,0 days 01:35:45.274000,LEC,16,0 days 00:01:24.404000,25.0,5.0,,0 days 01:35:43.997000,30.231,28.936,25.237,0 days 01:34:51.101000,0 days 01:35:20.037000,0 days 01:35:45.274000,277.0,244.0,,257.0,False,SOFT,12.0,False,Ferrari,0 days 01:34:20.870000,2019-08-02 10:19:20.899,1,,False,,False,False,84.404,84.404
223,0 days 01:41:38.189000,LEC,16,,26.0,6.0,0 days 01:39:55.748000,0 days 01:41:36.462000,,31.915,26.904,,0 days 01:41:12.984000,0 days 01:41:38.381000,260.0,228.0,,257.0,False,SOFT,13.0,False,Ferrari,0 days 01:35:45.274000,2019-08-02 10:20:45.303,1,,False,,False,False,,
224,0 days 01:43:32.287000,LEC,16,0 days 00:01:54.098000,27.0,7.0,0 days 01:41:53.513000,,59.749,30.473,23.876,0 days 01:42:37.938000,0 days 01:43:08.411000,0 days 01:43:32.287000,274.0,229.0,244.0,257.0,False,SOFT,14.0,False,Ferrari,0 days 01:41:38.189000,2019-08-02 10:26:38.218,1,,False,,False,False,114.098,114.09800000000001
225,0 days 01:45:00.728000,LEC,16,0 days 00:01:28.441000,28.0,7.0,,,30.047,30.931,27.463,0 days 01:44:02.334000,0 days 01:44:33.265000,0 days 01:45:00.728000,275.0,229.0,250.0,283.0,False,SOFT,15.0,False,Ferrari,0 days 01:43:32.287000,2019-08-02 10:28:32.316,1,,False,,False,True,88.441,88.441
226,0 days 01:46:29.982000,LEC,16,0 days 00:01:29.254000,29.0,7.0,,0 days 01:46:28.228000,30.043,31.92,27.291,0 days 01:45:30.771000,0 days 01:46:02.691000,0 days 01:46:29.982000,273.0,227.0,,296.0,False,SOFT,16.0,False,Ferrari,0 days 01:45:00.728000,2019-08-02 10:30:00.757,1,,False,,False,False,89.254,89.254
227,0 days 00:21:37.605000,STR,18,,1.0,1.0,0 days 00:19:56.688000,0 days 00:21:35.841000,,33.915,30.156,,0 days 00:21:07.449000,0 days 00:21:37.978000,259.0,221.0,,,False,SOFT,1.0,True,Racing Point,0 days 00:19:56.688000,2019-08-02 09:04:56.717,1,,False,,False,False,,
228,0 days 00:27:17.833000,STR,18,,2.0,2.0,0 days 00:25:26.237000,,,42.076,34.528,,0 days 00:26:43.379000,0 days 00:27:18.915000,186.0,150.0,250.0,,False,SOFT,2.0,False,Racing Point,0 days 00:21:37.605000,2019-08-02 09:06:37.634,1,,False,,False,False,,
229,0 days 00:28:38.241000,STR,18,0 days 00:01:20.408000,3.0,2.0,,,28.97,28.997,22.441,0 days 00:27:46.803000,0 days 00:28:15.800000,0 days 00:28:38.241000,281.0,243.0,254.0,293.0,True,SOFT,3.0,False,Racing Point,0 days 00:27:17.833000,2019-08-02 09:12:17.862,1,,False,,False,True,80.408,80.408
230,0 days 00:30:38.880000,STR,18,0 days 00:02:00.639000,4.0,2.0,,,42.233,47.15,31.256,0 days 00:29:20.474000,0 days 00:30:07.624000,0 days 00:30:38.880000,100.0,176.0,203.0,291.0,False,SOFT,4.0,False,Racing Point,0 days 00:28:38.241000,2019-08-02 09:13:38.270,1,,False,,False,True,120.639,120.639
231,0 days 00:32:33.937000,STR,18,0 days 00:01:55.057000,5.0,2.0,,,41.566,47.366,26.125,0 days 00:31:20.446000,0 days 00:32:07.812000,0 days 00:32:33.937000,145.0,196.0,249.0,263.0,False,SOFT,5.0,False,Racing Point,0 days 00:30:38.880000,2019-08-02 09:15:38.909,1,,False,,False,True,115.057,115.057
232,0 days 00:33:53.659000,STR,18,0 days 00:01:19.722000,6.0,2.0,,,28.674,28.468,22.58,0 days 00:33:02.611000,0 days 00:33:31.079000,0 days 00:33:53.659000,280.0,244.0,253.0,294.0,True,SOFT,6.0,False,Racing Point,0 days 00:32:33.937000,2019-08-02 09:17:33.966,1,,False,,False,True,79.722,79.722
233,0 days 00:35:52.464000,STR,18,0 days 00:01:58.805000,7.0,2.0,,,42.332,45.884,30.589,0 days 00:34:35.991000,0 days 00:35:21.875000,0 days 00:35:52.464000,162.0,164.0,227.0,297.0,False,SOFT,7.0,False,Racing Point,0 days 00:33:53.659000,2019-08-02 09:18:53.688,1,,False,,False,True,118.805,118.805
234,0 days 00:37:50.945000,STR,18,0 days 00:01:58.481000,8.0,2.0,,,41.146,49.247,28.088,0 days 00:36:33.610000,0 days 00:37:22.857000,0 days 00:37:50.945000,114.0,176.0,246.0,269.0,False,SOFT,8.0,False,Racing Point,0 days 00:35:52.464000,2019-08-02 09:20:52.493,1,,False,,False,True,118.481,118.481
235,0 days 00:39:37.881000,STR,18,0 days 00:01:46.936000,9.0,2.0,,0 days 00:39:36.388000,28.675,44.148,34.113,0 days 00:38:19.620000,0 days 00:39:03.768000,0 days 00:39:37.881000,278.0,179.0,,292.0,False,SOFT,9.0,False,Racing Point,0 days 00:37:50.945000,2019-08-02 09:22:50.974,12,,False,,False,False,106.936,106.936
236,0 days 00:48:42.967000,STR,18,,10.0,3.0,0 days 00:46:36.557000,0 days 00:48:43.026000,,46.5,38.41,,0 days 00:48:04.557000,0 days 00:48:48.034000,189.0,160.0,,292.0,False,SOFT,10.0,False,Racing Point,0 days 00:39:37.881000,2019-08-02 09:24:37.910,12,,False,,False,False,,
237,0 days 00:55:56.842000,STR,18,,11.0,4.0,0 days 00:53:31.641000,0 days 00:55:56.798000,,58.113,48.56,,0 days 00:55:08.282000,0 days 00:55:56.907000,162.0,112.0,,292.0,False,INTERMEDIATE,1.0,True,Racing Point,0 days 00:48:42.967000,2019-08-02 09:33:42.996,1,,False,,False,False,,
238,0 days 01:07:04.283000,STR,18,,12.0,5.0,0 days 01:05:14.933000,,,40.742,25.219,,0 days 01:06:39.095000,0 days 01:07:06.551000,148.0,203.0,248.0,292.0,False,MEDIUM,1.0,True,Racing Point,0 days 00:55:56.842000,2019-08-02 09:40:56.871,1,,False,,False,False,,
239,0 days 01:08:24.055000,STR,18,0 days 00:01:19.772000,13.0,5.0,,,28.495,28.315,22.962,0 days 01:07:32.778000,0 days 01:08:01.093000,0 days 01:08:24.055000,279.0,243.0,252.0,294.0,False,MEDIUM,2.0,True,Racing Point,0 days 01:07:04.283000,2019-08-02 09:52:04.312,1,,False,,False,True,79.772,79.772
240,0 days 01:10:31.771000,STR,18,0 days 00:02:07.716000,14.0,5.0,,,45.589,46.761,35.366,0 days 01:09:09.644000,0 days 01:09:56.405000,0 days 01:10:31.771000,179.0,165.0,162.0,294.0,False,MEDIUM,3.0,True,Racing Point,0 days 01:08:24.055000,2019-08-02 09:53:24.084,1,,False,,False,True,127.716,127.716
241,0 days 01:12:31.453000,STR,18,0 days 00:01:59.682000,15.0,5.0,,,44.548,48.344,26.79,0 days 01:11:16.319000,0 days 01:12:04.663000,0 days 01:12:31.453000,209.0,188.0,247.0,236.0,False,MEDIUM,4.0,True,Racing Point,0 days 01:10:31.771000,2019-08-02 09:55:31.800,12,,False,,False,True,119.682,119.68199999999999
242,0 days 01:14:12.673000,STR,18,0 days 00:01:41.220000,16.0,5.0,,,28.802,38.634,33.784,0 days 01:13:00.255000,0 days 01:13:38.889000,0 days 01:14:12.673000,280.0,165.0,247.0,295.0,False,MEDIUM,5.0,True,Racing Point,0 days 01:12:31.453000,2019-08-02 09:57:31.482,1,,False,,False,True,101.22,101.22
243,0 days 01:15:32.971000,STR,18,0 days 00:01:20.298000,17.0,5.0,,,28.544,28.776,22.978,0 days 01:14:41.217000,0 days 01:15:09.993000,0 days 01:15:32.971000,281.0,244.0,250.0,298.0,False,MEDIUM,6.0,True,Racing Point,0 days 01:14:12.673000,2019-08-02 09:59:12.702,1,,False,,False,True,80.298,80.298
244,0 days 01:17:47.669000,STR,18,0 days 00:02:14.698000,18.0,5.0,,,52.736,47.01,34.952,0 days 01:16:25.707000,0 days 01:17:12.717000,0 days 01:17:47.669000,113.0,198.0,246.0,294.0,False,MEDIUM,7.0,True,Racing Point,0 days 01:15:32.971000,2019-08-02 10:00:33.000,1,,False,,False,True,134.698,134.69799999999998
245,0 days 01:19:20.007000,STR,18,0 days 00:01:32.338000,19.0,5.0,,0 days 01:19:18.344000,28.677,33.033,30.628,0 days 01:18:16.346000,0 days 01:18:49.379000,0 days 01:19:20.007000,281.0,201.0,,298.0,False,MEDIUM,8.0,True,Racing Point,0 days 01:17:47.669000,2019-08-02 10:02:47.698,1,,False,,False,False,92.338,92.338
246,0 days 01:27:37.884000,STR,18,,20.0,6.0,0 days 01:25:53.741000,,,34.874,25.962,,0 days 01:27:12.037000,0 days 01:27:38.057000,206.0,212.0,228.0,298.0,False,MEDIUM,9.0,False,Racing Point,0 days 01:19:20.007000,2019-08-02 10:04:20.036,1,,False,,False,False,,
247,0 days 01:29:02.983000,STR,18,0 days 00:01:25.099000,21.0,6.0,,,30.629,30.503,23.967,0 days 01:28:08.513000,0 days 01:28:39.016000,0 days 01:29:02.983000,272.0,230.0,239.0,266.0,False,MEDIUM,10.0,False,Racing Point,0 days 01:27:37.884000,2019-08-02 10:12:37.913,1,,False,,False,True,85.099,85.099
248,0 days 01:30:27.468000,STR,18,0 days 00:01:24.485000,22.0,6.0,,,30.278,30.443,23.764,0 days 01:29:33.261000,0 days 01:30:03.704000,0 days 01:30:27.468000,271.0,232.0,240.0,281.0,False,MEDIUM,11.0,False,Racing Point,0 days 01:29:02.983000,2019-08-02 10:14:03.012,1,,False,,False,True,84.485,84.485
249,0 days 01:31:51.391000,STR,18,0 days 00:01:23.923000,23.0,6.0,,,30.108,30.139,23.676,0 days 01:30:57.576000,0 days 01:31:27.715000,0 days 01:31:51.391000,272.0,233.0,241.0,282.0,False,MEDIUM,12.0,False,Racing Point,0 days 01:30:27.468000,2019-08-02 10:15:27.497,1,,False,,False,True,83.923,83.923
250,0 days 01:33:15.271000,STR,18,0 days 00:01:23.880000,24.0,6.0,,,30.028,30.275,23.577,0 days 01:32:21.419000,0 days 01:32:51.694000,0 days 01:33:15.271000,273.0,232.0,242.0,284.0,False,MEDIUM,13.0,False,Racing Point,0 days 01:31:51.391000,2019-08-02 10:16:51.420,1,,False,,False,True,83.88,83.88
251,0 days 01:34:38.740000,STR,18,0 days 00:01:23.469000,25.0,6.0,,,29.915,30.022,23.532,0 days 01:33:45.186000,0 days 01:34:15.208000,0 days 01:34:38.740000,272.0,233.0,242.0,284.0,False,MEDIUM,14.0,False,Racing Point,0 days 01:33:15.271000,2019-08-02 10:18:15.300,1,,False,,False,True,83.469,83.469
252,0 days 01:36:01.888000,STR,18,0 days 00:01:23.148000,26.0,6.0,,,29.783,29.756,23.609,0 days 01:35:08.523000,0 days 01:35:38.279000,0 days 01:36:01.888000,276.0,235.0,240.0,285.0,False,MEDIUM,15.0,False,Racing Point,0 days 01:34:38.740000,2019-08-02 10:19:38.769,1,,False,,False,True,83.148,83.148
253,0 days 01:37:25.437000,STR,18,0 days 00:01:23.549000,27.0,6.0,,,29.967,29.985,23.597,0 days 01:36:31.855000,0 days 01:37:01.840000,0 days 01:37:25.437000,271.0,233.0,240.0,284.0,False,MEDIUM,16.0,False,Racing Point,0 days 01:36:01.888000,2019-08-02 10:21:01.917,1,,False,,False,True,83.549,83.549
254,0 days 01:38:49.156000,STR,18,0 days 00:01:23.719000,28.0,6.0,,,30.12,29.984,23.615,0 days 01:37:55.557000,0 days 01:38:25.541000,0 days 01:38:49.156000,274.0,231.0,241.0,282.0,False,MEDIUM,17.0,False,Racing Point,0 days 01:37:25.437000,2019-08-02 10:22:25.466,1,,False,,False,True,83.719,83.719
255,0 days 01:40:17.530000,STR,18,0 days 00:01:28.374000,29.0,6.0,,,30.127,33.732,24.515,0 days 01:39:19.283000,0 days 01:39:53.015000,0 days 01:40:17.530000,273.0,219.0,239.0,284.0,False,MEDIUM,18.0,False,Racing Point,0 days 01:38:49.156000,2019-08-02 10:23:49.185,1,,False,,False,True,88.374,88.374
256,0 days 01:41:41.796000,STR,18,0 days 00:01:24.266000,30.0,6.0,,,30.145,30.198,23.923,0 days 01:40:47.675000,0 days 01:41:17.873000,0 days 01:41:41.796000,270.0,232.0,240.0,283.0,False,MEDIUM,19.0,False,Racing Point,0 days 01:40:17.530000,2019-08-02 10:25:17.559,1,,False,,False,True,84.266,84.266
257,0 days 01:43:05.961000,STR,18,0 days 00:01:24.165000,31.0,6.0,,,30.025,30.296,23.844,0 days 01:42:11.821000,0 days 01:42:42.117000,0 days 01:43:05.961000,275.0,233.0,240.0,284.0,False,MEDIUM,20.0,False,Racing Point,0 days 01:41:41.796000,2019-08-02 10:26:41.825,1,,False,,False,True,84.165,84.16499999999999
258,0 days 01:44:29.494000,STR,18,0 days 00:01:23.533000,32.0,6.0,,,30.089,29.975,23.469,0 days 01:43:36.050000,0 days 01:44:06.025000,0 days 01:44:29.494000,273.0,235.0,242.0,283.0,False,MEDIUM,21.0,False,Racing Point,0 days 01:43:05.961000,2019-08-02 10:28:05.990,1,,False,,False,True,83.533,83.533
259,0 days 01:45:52.770000,STR,18,0 days 00:01:23.276000,33.0,6.0,,,29.979,29.762,23.535,0 days 01:44:59.473000,0 days 01:45:29.235000,0 days 01:45:52.770000,274.0,234.0,241.0,283.0,False,MEDIUM,22.0,False,Racing Point,0 days 01:44:29.494000,2019-08-02 10:29:29.523,1,,False,,False,True,83.276,83.276
260,0 days 01:47:26.135000,STR,18,0 days 00:01:33.365000,34.0,6.0,,0 days 01:47:26.166000,33.183,32.403,27.779,0 days 01:46:25.953000,0 days 01:46:58.356000,0 days 01:47:26.135000,234.0,229.0,,275.0,False,MEDIUM,23.0,False,Racing Point,0 days 01:45:52.770000,2019-08-02 10:30:52.799,1,,False,,False,False,93.365,93.365
261,0 days 00:17:02.524000,MAG,20,,1.0,1.0,0 days 00:15:23.361000,,,34.152,31.436,,0 days 00:16:31.299000,0 days 00:17:02.811000,209.0,225.0,251.0,,False,MEDIUM,1.0,True,Haas F1 Team,0 days 00:15:23.361000,2019-08-02 09:00:23.390,1,,False,,False,False,,
262,0 days 00:18:28.779000,MAG,20,0 days 00:01:26.255000,2.0,1.0,,,30.911,31.788,23.556,0 days 00:17:33.435000,0 days 00:18:05.223000,0 days 00:18:28.779000,262.0,233.0,254.0,299.0,True,MEDIUM,2.0,True,Haas F1 Team,0 days 00:17:02.524000,2019-08-02 09:02:02.553,1,,False,,False,True,86.255,86.255
263,0 days 00:19:50.759000,MAG,20,0 days 00:01:21.980000,3.0,1.0,,,29.302,29.783,22.895,0 days 00:18:58.081000,0 days 00:19:27.864000,0 days 00:19:50.759000,274.0,240.0,254.0,299.0,True,MEDIUM,3.0,True,Haas F1 Team,0 days 00:18:28.779000,2019-08-02 09:03:28.808,1,,False,,False,True,81.98,81.98
264,0 days 00:21:10.851000,MAG,20,0 days 00:01:20.092000,4.0,1.0,,,29.051,28.724,22.317,0 days 00:20:19.810000,0 days 00:20:48.534000,0 days 00:21:10.851000,274.0,246.0,254.0,297.0,True,MEDIUM,4.0,True,Haas F1 Team,0 days 00:19:50.759000,2019-08-02 09:04:50.788,1,,False,,False,True,80.092,80.092
265,0 days 00:23:12.275000,MAG,20,0 days 00:02:01.424000,5.0,1.0,,,42.214,50.487,28.723,0 days 00:21:53.065000,0 days 00:22:43.552000,0 days 00:23:12.275000,142.0,133.0,252.0,298.0,False,MEDIUM,5.0,True,Haas F1 Team,0 days 00:21:10.851000,2019-08-02 09:06:10.880,1,,False,,False,True,121.424,121.42399999999999
266,0 days 00:24:32.051000,MAG,20,0 days 00:01:19.776000,6.0,1.0,,,29.121,28.37,22.285,0 days 00:23:41.396000,0 days 00:24:09.766000,0 days 00:24:32.051000,269.0,247.0,254.0,294.0,True,MEDIUM,6.0,True,Haas F1 Team,0 days 00:23:12.275000,2019-08-02 09:08:12.304,1,,False,,False,True,79.776,79.776
267,0 days 00:26:25.433000,MAG,20,0 days 00:01:53.382000,7.0,1.0,,,41.706,46.106,25.57,0 days 00:25:13.757000,0 days 00:25:59.863000,0 days 00:26:25.433000,144.0,215.0,253.0,296.0,False,MEDIUM,7.0,True,Haas F1 Team,0 days 00:24:32.051000,2019-08-02 09:09:32.080,1,,False,,False,True,113.382,113.382
268,0 days 00:27:45.213000,MAG,20,0 days 00:01:19.780000,8.0,1.0,,,28.832,28.155,22.793,0 days 00:26:54.265000,0 days 00:27:22.420000,0 days 00:27:45.213000,271.0,248.0,248.0,295.0,False,MEDIUM,8.0,True,Haas F1 Team,0 days 00:26:25.433000,2019-08-02 09:11:25.462,1,,False,,False,True,79.78,79.78
269,0 days 00:29:43.860000,MAG,20,0 days 00:01:58.647000,9.0,1.0,,,47.115,46.113,25.419,0 days 00:28:32.328000,0 days 00:29:18.441000,0 days 00:29:43.860000,133.0,215.0,254.0,243.0,False,MEDIUM,9.0,True,Haas F1 Team,0 days 00:27:45.213000,2019-08-02 09:12:45.242,1,,False,,False,True,118.647,118.647
270,0 days 00:31:03.146000,MAG,20,0 days 00:01:19.286000,10.0,1.0,,,28.701,28.167,22.418,0 days 00:30:12.561000,0 days 00:30:40.728000,0 days 00:31:03.146000,272.0,247.0,256.0,296.0,True,MEDIUM,10.0,True,Haas F1 Team,0 days 00:29:43.860000,2019-08-02 09:14:43.889,1,,False,,False,True,79.286,79.286
271,0 days 00:33:01.137000,MAG,20,0 days 00:01:57.991000,11.0,1.0,,0 days 00:32:59.431000,36.468,43.967,37.556,0 days 00:31:39.614000,0 days 00:32:23.581000,0 days 00:33:01.137000,197.0,148.0,,300.0,False,MEDIUM,11.0,True,Haas F1 Team,0 days 00:31:03.146000,2019-08-02 09:16:03.175,1,,False,,False,False,117.991,117.991
272,0 days 00:57:03.861000,MAG,20,,12.0,2.0,0 days 00:54:48.408000,0 days 00:57:02.162000,,52.861,40.418,,0 days 00:56:23.443000,0 days 00:57:04.018000,171.0,139.0,,300.0,False,INTERMEDIATE,1.0,True,Haas F1 Team,0 days 00:33:01.137000,2019-08-02 09:18:01.166,12,,False,,False,False,,
273,0 days 01:04:56.549000,MAG,20,,13.0,3.0,0 days 01:03:12.645000,,,40.951,29.436,,0 days 01:04:27.135000,0 days 01:04:56.759000,253.0,130.0,254.0,300.0,False,SOFT,1.0,True,Haas F1 Team,0 days 00:57:03.861000,2019-08-02 09:42:03.890,1,,False,,False,False,,
274,0 days 01:06:14.918000,MAG,20,0 days 00:01:18.369000,14.0,3.0,,,28.302,27.719,22.348,0 days 01:05:24.851000,0 days 01:05:52.570000,0 days 01:06:14.918000,270.0,250.0,256.0,296.0,True,SOFT,2.0,True,Haas F1 Team,0 days 01:04:56.549000,2019-08-02 09:49:56.578,1,,False,,False,True,78.369,78.369
275,0 days 01:08:22.341000,MAG,20,0 days 00:02:07.423000,15.0,3.0,,,44.722,55.16,27.541,0 days 01:06:59.640000,0 days 01:07:54.800000,0 days 01:08:22.341000,138.0,123.0,253.0,296.0,False,SOFT,3.0,True,Haas F1 Team,0 days 01:06:14.918000,2019-08-02 09:51:14.947,1,,False,,False,True,127.423,127.423
276,0 days 01:09:40.417000,MAG,20,0 days 00:01:18.076000,16.0,3.0,,,28.322,27.451,22.303,0 days 01:08:50.663000,0 days 01:09:18.114000,0 days 01:09:40.417000,270.0,252.0,254.0,294.0,True,SOFT,4.0,True,Haas F1 Team,0 days 01:08:22.341000,2019-08-02 09:53:22.370,1,,False,,False,True,78.076,78.076
277,0 days 01:11:54.303000,MAG,20,0 days 00:02:13.886000,17.0,3.0,,,45.837,57.272,30.777,0 days 01:10:26.254000,0 days 01:11:23.526000,0 days 01:11:54.303000,153.0,104.0,253.0,297.0,False,SOFT,5.0,True,Haas F1 Team,0 days 01:09:40.417000,2019-08-02 09:54:40.446,12,,False,,False,True,133.886,133.88600000000002
278,0 days 01:13:12.431000,MAG,20,0 days 00:01:18.128000,18.0,3.0,,,28.219,27.52,22.389,0 days 01:12:22.522000,0 days 01:12:50.042000,0 days 01:13:12.431000,270.0,254.0,253.0,295.0,False,SOFT,6.0,True,Haas F1 Team,0 days 01:11:54.303000,2019-08-02 09:56:54.332,1,,False,,False,True,78.128,78.128
279,0 days 01:15:28.880000,MAG,20,0 days 00:02:16.449000,19.0,3.0,,,46.669,57.259,32.521,0 days 01:13:59.100000,0 days 01:14:56.359000,0 days 01:15:28.880000,109.0,115.0,252.0,293.0,False,SOFT,7.0,True,Haas F1 Team,0 days 01:13:12.431000,2019-08-02 09:58:12.460,1,,False,,False,True,136.449,136.449
280,0 days 01:16:46.822000,MAG,20,0 days 00:01:17.942000,20.0,3.0,,,28.178,27.57,22.194,0 days 01:15:57.058000,0 days 01:16:24.628000,0 days 01:16:46.822000,271.0,252.0,255.0,295.0,True,SOFT,8.0,True,Haas F1 Team,0 days 01:15:28.880000,2019-08-02 10:00:28.909,1,,False,,False,True,77.942,77.94200000000001
281,0 days 01:18:39.580000,MAG,20,0 days 00:01:52.758000,21.0,3.0,,0 days 01:18:37.909000,36.984,41.572,34.202,0 days 01:17:23.806000,0 days 01:18:05.378000,0 days 01:18:39.580000,195.0,148.0,,297.0,False,SOFT,9.0,True,Haas F1 Team,0 days 01:16:46.822000,2019-08-02 10:01:46.851,1,,False,,False,False,112.758,112.75800000000001
282,0 days 01:32:46.809000,MAG,20,,22.0,4.0,0 days 01:31:22.947000,,,30.7,23.93,,0 days 01:32:23.069000,0 days 01:32:50.993000,274.0,229.0,241.0,297.0,False,SOFT,10.0,False,Haas F1 Team,0 days 01:18:39.580000,2019-08-02 10:03:39.609,1,,False,,False,False,,
283,0 days 01:34:09.905000,MAG,20,0 days 00:01:23.096000,23.0,4.0,,,29.794,29.648,23.654,0 days 01:33:16.603000,0 days 01:33:46.251000,0 days 01:34:09.905000,267.0,230.0,240.0,279.0,False,SOFT,11.0,False,Haas F1 Team,0 days 01:32:46.809000,2019-08-02 10:17:46.838,1,,False,,False,True,83.096,83.096
284,0 days 01:35:33.227000,MAG,20,0 days 00:01:23.322000,24.0,4.0,,,29.892,29.958,23.472,0 days 01:34:39.797000,0 days 01:35:09.755000,0 days 01:35:33.227000,267.0,234.0,241.0,278.0,False,SOFT,12.0,False,Haas F1 Team,0 days 01:34:09.905000,2019-08-02 10:19:09.934,1,,False,,False,True,83.322,83.322
285,0 days 01:36:56.794000,MAG,20,0 days 00:01:23.567000,25.0,4.0,,,29.93,30.223,23.414,0 days 01:36:03.157000,0 days 01:36:33.380000,0 days 01:36:56.794000,269.0,233.0,241.0,279.0,False,SOFT,13.0,False,Haas F1 Team,0 days 01:35:33.227000,2019-08-02 10:20:33.256,1,,False,,False,True,83.567,83.56700000000001
286,0 days 01:38:20.694000,MAG,20,0 days 00:01:23.900000,26.0,4.0,,,30.056,30.02,23.824,0 days 01:37:26.850000,0 days 01:37:56.870000,0 days 01:38:20.694000,267.0,234.0,243.0,278.0,False,SOFT,14.0,False,Haas F1 Team,0 days 01:36:56.794000,2019-08-02 10:21:56.823,1,,False,,False,True,83.9,83.9
287,0 days 01:39:45.298000,MAG,20,0 days 00:01:24.604000,27.0,4.0,,,30.071,30.363,24.17,0 days 01:38:50.765000,0 days 01:39:21.128000,0 days 01:39:45.298000,266.0,231.0,241.0,287.0,False,SOFT,15.0,False,Haas F1 Team,0 days 01:38:20.694000,2019-08-02 10:23:20.723,1,,False,,False,True,84.604,84.604
288,0 days 01:41:09.642000,MAG,20,0 days 00:01:24.344000,28.0,4.0,,,30.145,30.233,23.966,0 days 01:40:15.443000,0 days 01:40:45.676000,0 days 01:41:09.642000,262.0,231.0,242.0,279.0,False,SOFT,16.0,False,Haas F1 Team,0 days 01:39:45.298000,2019-08-02 10:24:45.327,1,,False,,False,True,84.344,84.344
289,0 days 01:42:33.517000,MAG,20,0 days 00:01:23.875000,29.0,4.0,,,30.137,29.987,23.751,0 days 01:41:39.779000,0 days 01:42:09.766000,0 days 01:42:33.517000,268.0,232.0,242.0,280.0,False,SOFT,17.0,False,Haas F1 Team,0 days 01:41:09.642000,2019-08-02 10:26:09.671,1,,False,,False,True,83.875,83.875
290,0 days 01:43:57.565000,MAG,20,0 days 00:01:24.048000,30.0,4.0,,,30.211,30.094,23.743,0 days 01:43:03.728000,0 days 01:43:33.822000,0 days 01:43:57.565000,268.0,228.0,243.0,280.0,False,SOFT,18.0,False,Haas F1 Team,0 days 01:42:33.517000,2019-08-02 10:27:33.546,1,,False,,False,True,84.048,84.048
291,0 days 01:45:39.585000,MAG,20,0 days 00:01:42.020000,31.0,4.0,,0 days 01:45:38.870000,32.23,39.711,30.079,0 days 01:44:29.795000,0 days 01:45:09.506000,0 days 01:45:39.585000,207.0,149.0,,280.0,False,SOFT,19.0,False,Haas F1 Team,0 days 01:43:57.565000,2019-08-02 10:28:57.594,1,,False,,False,False,102.02,102.02000000000001
292,0 days 00:17:35.761000,ALB,23,,1.0,1.0,0 days 00:15:38.275000,0 days 00:17:33.964000,,41.534,35.134,,0 days 00:17:00.627000,0 days 00:17:36.413000,184.0,151.0,,,False,HARD,1.0,True,Toro Rosso,0 days 00:15:38.275000,2019-08-02 09:00:38.304,1,,False,,False,False,,
293,0 days 00:30:50.644000,ALB,23,,2.0,2.0,0 days 00:29:08.645000,,,40.425,26.17,,0 days 00:30:24.742000,0 days 00:30:51.589000,215.0,213.0,251.0,,False,SOFT,1.0,True,Toro Rosso,0 days 00:17:35.761000,2019-08-02 09:02:35.790,1,,False,,False,False,,
294,0 days 00:32:10.986000,ALB,23,0 days 00:01:20.342000,3.0,2.0,,,28.816,28.803,22.723,0 days 00:31:19.460000,0 days 00:31:48.263000,0 days 00:32:10.986000,276.0,235.0,251.0,295.0,True,SOFT,2.0,True,Toro Rosso,0 days 00:30:50.644000,2019-08-02 09:15:50.673,1,,False,,False,True,80.342,80.342
295,0 days 00:34:01.869000,ALB,23,0 days 00:01:50.883000,4.0,2.0,,,38.581,39.177,33.125,0 days 00:32:49.567000,0 days 00:33:28.744000,0 days 00:34:01.869000,251.0,186.0,251.0,270.0,False,SOFT,3.0,True,Toro Rosso,0 days 00:32:10.986000,2019-08-02 09:17:11.015,1,,False,,False,True,110.883,110.88300000000001
296,0 days 00:35:22.024000,ALB,23,0 days 00:01:20.155000,5.0,2.0,,,28.681,28.453,23.021,0 days 00:34:30.550000,0 days 00:34:59.003000,0 days 00:35:22.024000,273.0,244.0,246.0,297.0,True,SOFT,4.0,True,Toro Rosso,0 days 00:34:01.869000,2019-08-02 09:19:01.898,1,,False,,False,True,80.155,80.155
297,0 days 00:37:14.467000,ALB,23,0 days 00:01:52.443000,6.0,2.0,,,38.87,42.359,31.214,0 days 00:36:00.894000,0 days 00:36:43.253000,0 days 00:37:14.467000,213.0,152.0,249.0,264.0,False,SOFT,5.0,True,Toro Rosso,0 days 00:35:22.024000,2019-08-02 09:20:22.053,1,,False,,False,True,112.443,112.443
298,0 days 00:38:48.446000,ALB,23,0 days 00:01:33.979000,7.0,2.0,,0 days 00:38:46.811000,28.747,32.55,32.682,0 days 00:37:43.214000,0 days 00:38:15.764000,0 days 00:38:48.446000,273.0,154.0,,294.0,False,SOFT,6.0,True,Toro Rosso,0 days 00:37:14.467000,2019-08-02 09:22:14.496,12,,False,,False,False,93.979,93.979
299,0 days 00:40:58.019000,ALB,23,0 days 00:02:09.573000,8.0,3.0,0 days 00:39:17.840000,,63.592,40.218,25.763,0 days 00:39:52.038000,0 days 00:40:32.256000,0 days 00:40:58.019000,215.0,209.0,252.0,294.0,False,SOFT,7.0,False,Toro Rosso,0 days 00:38:48.446000,2019-08-02 09:23:48.475,1,,False,,False,False,129.573,129.573
300,0 days 00:42:19.927000,ALB,23,0 days 00:01:21.908000,9.0,3.0,,,28.753,28.177,24.978,0 days 00:41:26.772000,0 days 00:41:54.949000,0 days 00:42:19.927000,271.0,229.0,224.0,295.0,False,SOFT,8.0,False,Toro Rosso,0 days 00:40:58.019000,2019-08-02 09:25:58.048,1,,False,,False,True,81.908,81.908
301,0 days 00:44:05.620000,ALB,23,0 days 00:01:45.693000,10.0,3.0,,,40.289,40.864,24.54,0 days 00:43:00.216000,0 days 00:43:41.080000,0 days 00:44:05.620000,218.0,221.0,253.0,244.0,False,SOFT,9.0,False,Toro Rosso,0 days 00:42:19.927000,2019-08-02 09:27:19.956,1,,False,,False,True,105.693,105.69299999999998
302,0 days 00:45:41.041000,ALB,23,0 days 00:01:35.421000,11.0,3.0,,,28.685,36.849,29.887,0 days 00:44:34.305000,0 days 00:45:11.154000,0 days 00:45:41.041000,273.0,176.0,253.0,298.0,False,SOFT,10.0,False,Toro Rosso,0 days 00:44:05.620000,2019-08-02 09:29:05.649,12,,False,,False,True,95.421,95.42099999999999
303,0 days 00:47:09.589000,ALB,23,0 days 00:01:28.548000,12.0,3.0,,0 days 00:47:09.629000,28.822,30.271,29.455,0 days 00:46:09.863000,0 days 00:46:40.134000,0 days 00:47:09.589000,275.0,219.0,,298.0,False,SOFT,11.0,False,Toro Rosso,0 days 00:45:41.041000,2019-08-02 09:30:41.070,1,,False,,False,False,88.548,88.548
304,0 days 01:09:02.669000,ALB,23,,13.0,4.0,0 days 01:07:15.505000,,,41.908,29.202,,0 days 01:08:33.520000,0 days 01:09:02.864000,242.0,208.0,252.0,298.0,False,SOFT,1.0,True,Toro Rosso,0 days 00:47:09.589000,2019-08-02 09:32:09.618,1,,False,,False,False,,
305,0 days 01:10:21.892000,ALB,23,0 days 00:01:19.223000,14.0,4.0,,,28.496,28.157,22.57,0 days 01:09:31.165000,0 days 01:09:59.322000,0 days 01:10:21.892000,272.0,244.0,252.0,296.0,True,SOFT,2.0,True,Toro Rosso,0 days 01:09:02.669000,2019-08-02 09:54:02.698,1,,False,,False,True,79.223,79.223
306,0 days 01:12:15.422000,ALB,23,0 days 00:01:53.530000,15.0,4.0,,,40.961,42.669,29.9,0 days 01:11:02.853000,0 days 01:11:45.522000,0 days 01:12:15.422000,239.0,171.0,218.0,284.0,False,SOFT,3.0,True,Toro Rosso,0 days 01:10:21.892000,2019-08-02 09:55:21.921,12,,False,,False,True,113.53,113.53
307,0 days 01:14:06.469000,ALB,23,0 days 00:01:51.047000,16.0,4.0,,,36.789,43.276,30.982,0 days 01:12:52.211000,0 days 01:13:35.487000,0 days 01:14:06.469000,227.0,209.0,252.0,269.0,False,SOFT,4.0,True,Toro Rosso,0 days 01:12:15.422000,2019-08-02 09:57:15.451,1,,False,,False,True,111.047,111.047
308,0 days 01:15:41.394000,ALB,23,0 days 00:01:34.925000,17.0,4.0,,,28.436,33.062,33.427,0 days 01:14:34.905000,0 days 01:15:07.967000,0 days 01:15:41.394000,273.0,188.0,224.0,300.0,False,SOFT,5.0,True,Toro Rosso,0 days 01:14:06.469000,2019-08-02 09:59:06.498,1,,False,,False,True,94.925,94.925
309,0 days 01:17:29.569000,ALB,23,0 days 00:01:48.175000,18.0,4.0,,,37.738,39.991,30.446,0 days 01:16:19.132000,0 days 01:16:59.123000,0 days 01:17:29.569000,176.0,197.0,254.0,276.0,False,SOFT,6.0,True,Toro Rosso,0 days 01:15:41.394000,2019-08-02 10:00:41.423,1,,False,,False,True,108.175,108.175
310,0 days 01:18:51.006000,ALB,23,0 days 00:01:21.437000,19.0,4.0,,,28.339,28.204,24.894,0 days 01:17:57.908000,0 days 01:18:26.112000,0 days 01:18:51.006000,273.0,243.0,241.0,300.0,False,SOFT,7.0,True,Toro Rosso,0 days 01:17:29.569000,2019-08-02 10:02:29.598,1,,False,,False,True,81.437,81.437
311,0 days 01:20:39.905000,ALB,23,0 days 00:01:48.899000,20.0,4.0,,0 days 01:20:39.121000,38.3,42.372,28.227,0 days 01:19:29.306000,0 days 01:20:11.678000,0 days 01:20:39.905000,105.0,176.0,,283.0,False,SOFT,8.0,True,Toro Rosso,0 days 01:18:51.006000,2019-08-02 10:03:51.035,1,,False,,False,False,108.899,108.899
312,0 days 01:37:09.922000,ALB,23,,21.0,5.0,0 days 01:35:17.321000,,,40.747,27.458,,0 days 01:36:42.481000,0 days 01:37:12.277000,234.0,202.0,250.0,283.0,False,SOFT,9.0,False,Toro Rosso,0 days 01:20:39.905000,2019-08-02 10:05:39.934,1,,False,,False,False,,
313,0 days 01:38:29.676000,ALB,23,0 days 00:01:19.754000,22.0,5.0,,,28.658,28.414,22.682,0 days 01:37:38.580000,0 days 01:38:06.994000,0 days 01:38:29.676000,273.0,243.0,251.0,296.0,False,SOFT,10.0,False,Toro Rosso,0 days 01:37:09.922000,2019-08-02 10:22:09.951,1,,False,,False,True,79.754,79.754
314,0 days 01:40:25.318000,ALB,23,0 days 00:01:55.642000,23.0,5.0,,,40.739,41.726,33.177,0 days 01:39:10.415000,0 days 01:39:52.141000,0 days 01:40:25.318000,208.0,121.0,251.0,270.0,False,SOFT,11.0,False,Toro Rosso,0 days 01:38:29.676000,2019-08-02 10:23:29.705,1,,False,,False,True,115.642,115.642
315,0 days 01:41:45.660000,ALB,23,0 days 00:01:20.342000,24.0,5.0,,,28.555,28.39,23.397,0 days 01:40:53.873000,0 days 01:41:22.263000,0 days 01:41:45.660000,274.0,247.0,247.0,297.0,False,SOFT,12.0,False,Toro Rosso,0 days 01:40:25.318000,2019-08-02 10:25:25.347,1,,False,,False,True,80.342,80.342
316,0 days 01:43:13.850000,ALB,23,0 days 00:01:28.190000,25.0,5.0,,,34.717,29.826,23.647,0 days 01:42:20.377000,0 days 01:42:50.203000,0 days 01:43:13.850000,273.0,237.0,249.0,289.0,False,SOFT,13.0,False,Toro Rosso,0 days 01:41:45.660000,2019-08-02 10:26:45.689,1,,False,,False,True,88.19,88.19
317,0 days 01:44:36.210000,ALB,23,0 days 00:01:22.360000,26.0,5.0,,,29.077,29.722,23.561,0 days 01:43:42.927000,0 days 01:44:12.649000,0 days 01:44:36.210000,278.0,236.0,247.0,292.0,False,SOFT,14.0,False,Toro Rosso,0 days 01:43:13.850000,2019-08-02 10:28:13.879,1,,False,,False,True,82.36,82.36000000000001
318,0 days 01:45:58.585000,ALB,23,0 days 00:01:22.375000,27.0,5.0,,,29.857,29.376,23.142,0 days 01:45:06.067000,0 days 01:45:35.443000,0 days 01:45:58.585000,274.0,238.0,247.0,288.0,False,SOFT,15.0,False,Toro Rosso,0 days 01:44:36.210000,2019-08-02 10:29:36.239,1,,False,,False,True,82.375,82.375
319,0 days 01:47:28.683000,ALB,23,0 days 00:01:30.098000,28.0,5.0,,0 days 01:47:27.679000,29.712,32.321,28.065,0 days 01:46:28.297000,0 days 01:47:00.618000,0 days 01:47:28.683000,277.0,224.0,,285.0,False,SOFT,16.0,False,Toro Rosso,0 days 01:45:58.585000,2019-08-02 10:30:58.614,1,,False,,False,False,90.098,90.098
320,0 days 00:17:38.263000,KVY,26,,1.0,1.0,0 days 00:15:45.248000,0 days 00:17:37.053000,,40.654,35.0,,0 days 00:17:03.263000,0 days 00:17:39.440000,212.0,139.0,,,False,SOFT,1.0,True,Toro Rosso,0 days 00:15:45.248000,2019-08-02 09:00:45.277,1,,False,,False,False,,
321,0 days 00:28:51.269000,KVY,26,,2.0,2.0,0 days 00:27:10.523000,,,32.715,30.774,,0 days 00:28:20.551000,0 days 00:28:51.439000,167.0,224.0,237.0,,False,SOFT,1.0,True,Toro Rosso,0 days 00:17:38.263000,2019-08-02 09:02:38.292,1,,False,,False,False,,
322,0 days 00:30:12.345000,KVY,26,0 days 00:01:21.076000,3.0,2.0,,,29.161,29.221,22.694,0 days 00:29:20.430000,0 days 00:29:49.651000,0 days 00:30:12.345000,274.0,238.0,251.0,290.0,True,SOFT,2.0,True,Toro Rosso,0 days 00:28:51.269000,2019-08-02 09:13:51.298,1,,False,,False,True,81.076,81.07600000000001
323,0 days 00:32:02.061000,KVY,26,0 days 00:01:49.716000,4.0,2.0,,,37.993,41.935,29.788,0 days 00:30:50.338000,0 days 00:31:32.273000,0 days 00:32:02.061000,220.0,166.0,250.0,285.0,False,SOFT,3.0,True,Toro Rosso,0 days 00:30:12.345000,2019-08-02 09:15:12.374,1,,False,,False,True,109.716,109.716
324,0 days 00:33:22.141000,KVY,26,0 days 00:01:20.080000,5.0,2.0,,,28.859,28.737,22.484,0 days 00:32:30.920000,0 days 00:32:59.657000,0 days 00:33:22.141000,275.0,243.0,251.0,296.0,True,SOFT,4.0,True,Toro Rosso,0 days 00:32:02.061000,2019-08-02 09:17:02.090,1,,False,,False,True,80.08,80.08000000000001
325,0 days 00:35:11.717000,KVY,26,0 days 00:01:49.576000,6.0,2.0,,0 days 00:35:10.378000,40.084,39.869,29.623,0 days 00:34:02.225000,0 days 00:34:42.094000,0 days 00:35:11.717000,126.0,197.0,,285.0,False,SOFT,5.0,True,Toro Rosso,0 days 00:33:22.141000,2019-08-02 09:18:22.170,1,,False,,False,False,109.576,109.57600000000001
326,0 days 00:37:39.223000,KVY,26,0 days 00:02:27.506000,7.0,3.0,0 days 00:36:02.373000,,81.598,33.688,32.22,0 days 00:36:33.315000,0 days 00:37:07.003000,0 days 00:37:39.223000,251.0,215.0,249.0,285.0,False,SOFT,6.0,False,Toro Rosso,0 days 00:35:11.717000,2019-08-02 09:20:11.746,1,,False,,False,False,147.506,147.506
327,0 days 00:39:07.581000,KVY,26,0 days 00:01:28.358000,8.0,3.0,,0 days 00:39:05.921000,29.032,30.943,28.383,0 days 00:38:08.255000,0 days 00:38:39.198000,0 days 00:39:07.581000,275.0,217.0,,295.0,False,SOFT,7.0,False,Toro Rosso,0 days 00:37:39.223000,2019-08-02 09:22:39.252,12,,False,,False,False,88.358,88.358
328,0 days 00:41:06.108000,KVY,26,0 days 00:01:58.527000,9.0,4.0,0 days 00:39:33.783000,,57.36,35.137,26.03,0 days 00:40:04.941000,0 days 00:40:40.078000,0 days 00:41:06.108000,263.0,231.0,252.0,295.0,False,SOFT,8.0,False,Toro Rosso,0 days 00:39:07.581000,2019-08-02 09:24:07.610,1,,False,,False,False,118.527,118.527
329,0 days 00:42:27.110000,KVY,26,0 days 00:01:21.002000,10.0,4.0,,,28.648,28.521,23.833,0 days 00:41:34.756000,0 days 00:42:03.277000,0 days 00:42:27.110000,274.0,243.0,251.0,298.0,False,SOFT,9.0,False,Toro Rosso,0 days 00:41:06.108000,2019-08-02 09:26:06.137,1,,False,,False,True,81.002,81.002
330,0 days 00:44:22.462000,KVY,26,0 days 00:01:55.352000,11.0,4.0,,,40.594,44.822,29.936,0 days 00:43:07.704000,0 days 00:43:52.526000,0 days 00:44:22.462000,159.0,143.0,252.0,297.0,False,SOFT,10.0,False,Toro Rosso,0 days 00:42:27.110000,2019-08-02 09:27:27.139,1,,False,,False,True,115.352,115.352
331,0 days 00:45:42.543000,KVY,26,0 days 00:01:20.081000,12.0,4.0,,,28.567,28.749,22.765,0 days 00:44:51.029000,0 days 00:45:19.778000,0 days 00:45:42.543000,273.0,240.0,254.0,296.0,False,SOFT,11.0,False,Toro Rosso,0 days 00:44:22.462000,2019-08-02 09:29:22.491,12,,False,,False,True,80.081,80.081
332,0 days 00:47:31.488000,KVY,26,0 days 00:01:48.945000,13.0,4.0,,0 days 00:47:29.831000,36.717,40.384,31.844,0 days 00:46:19.260000,0 days 00:46:59.644000,0 days 00:47:31.488000,207.0,201.0,,282.0,False,SOFT,12.0,False,Toro Rosso,0 days 00:45:42.543000,2019-08-02 09:30:42.572,1,,False,,False,False,108.945,108.945
333,0 days 01:06:39.496000,KVY,26,,14.0,5.0,0 days 01:04:56.494000,,,40.06,26.984,,0 days 01:06:12.512000,0 days 01:06:41.466000,236.0,188.0,252.0,282.0,False,SOFT,2.0,False,Toro Rosso,0 days 00:47:31.488000,2019-08-02 09:32:31.517,1,,False,,False,False,,
334,0 days 01:07:58.962000,KVY,26,0 days 00:01:19.466000,15.0,5.0,,,28.515,28.366,22.585,0 days 01:07:08.011000,0 days 01:07:36.377000,0 days 01:07:58.962000,273.0,240.0,252.0,296.0,True,SOFT,3.0,False,Toro Rosso,0 days 01:06:39.496000,2019-08-02 09:51:39.525,1,,False,,False,True,79.466,79.46600000000001
335,0 days 01:09:56.013000,KVY,26,0 days 00:01:57.051000,16.0,5.0,,,41.594,46.437,29.02,0 days 01:08:40.556000,0 days 01:09:26.993000,0 days 01:09:56.013000,197.0,111.0,252.0,288.0,False,SOFT,4.0,False,Toro Rosso,0 days 01:07:58.962000,2019-08-02 09:52:58.991,1,,False,,False,True,117.051,117.051
336,0 days 01:11:15.177000,KVY,26,0 days 00:01:19.164000,17.0,5.0,,,28.397,28.205,22.562,0 days 01:10:24.410000,0 days 01:10:52.615000,0 days 01:11:15.177000,273.0,245.0,251.0,299.0,True,SOFT,5.0,False,Toro Rosso,0 days 01:09:56.013000,2019-08-02 09:54:56.042,1,,False,,False,True,79.164,79.164
337,0 days 01:13:04.817000,KVY,26,0 days 00:01:49.640000,18.0,5.0,,0 days 01:13:03.181000,38.846,40.839,29.955,0 days 01:11:54.023000,0 days 01:12:34.862000,0 days 01:13:04.817000,142.0,208.0,,286.0,False,SOFT,6.0,False,Toro Rosso,0 days 01:11:15.177000,2019-08-02 09:56:15.206,12,,False,,False,False,109.64,109.64
338,0 days 01:15:10.804000,KVY,26,0 days 00:02:05.987000,19.0,5.0,0 days 01:13:31.386000,,59.0,37.196,29.791,0 days 01:14:03.817000,0 days 01:14:41.013000,0 days 01:15:10.804000,248.0,200.0,251.0,286.0,False,SOFT,7.0,False,Toro Rosso,0 days 01:13:04.817000,2019-08-02 09:58:04.846,1,,False,,False,False,125.987,125.987
339,0 days 01:16:29.968000,KVY,26,0 days 00:01:19.164000,20.0,5.0,,,28.441,28.14,22.583,0 days 01:15:39.245000,0 days 01:16:07.385000,0 days 01:16:29.968000,275.0,246.0,253.0,299.0,False,SOFT,8.0,False,Toro Rosso,0 days 01:15:10.804000,2019-08-02 10:00:10.833,1,,False,,False,True,79.164,79.164
340,0 days 01:18:24.341000,KVY,26,0 days 00:01:54.373000,21.0,6.0,,,41.28,43.073,30.02,0 days 01:17:11.248000,0 days 01:17:54.321000,0 days 01:18:24.341000,172.0,169.0,252.0,288.0,False,SOFT,7.0,False,Toro Rosso,0 days 01:16:29.968000,2019-08-02 10:01:29.997,1,,False,,False,True,114.373,114.373
341,0 days 01:19:43.323000,KVY,26,0 days 00:01:18.982000,22.0,6.0,,,28.4,28.071,22.511,0 days 01:18:52.741000,0 days 01:19:20.812000,0 days 01:19:43.323000,274.0,246.0,253.0,298.0,True,SOFT,8.0,False,Toro Rosso,0 days 01:18:24.341000,2019-08-02 10:03:24.370,1,,False,,False,True,78.982,78.982
342,0 days 01:21:38.131000,KVY,26,0 days 00:01:54.808000,23.0,6.0,,,39.377,46.002,29.429,0 days 01:20:22.700000,0 days 01:21:08.702000,0 days 01:21:38.131000,218.0,137.0,253.0,285.0,False,SOFT,9.0,False,Toro Rosso,0 days 01:19:43.323000,2019-08-02 10:04:43.352,1,,False,,False,True,114.808,114.808
343,0 days 01:22:57.288000,KVY,26,0 days 00:01:19.157000,24.0,6.0,,,28.478,28.087,22.592,0 days 01:22:06.609000,0 days 01:22:34.696000,0 days 01:22:57.288000,273.0,246.0,252.0,297.0,False,SOFT,10.0,False,Toro Rosso,0 days 01:21:38.131000,2019-08-02 10:06:38.160,1,,False,,False,True,79.157,79.157
344,0 days 01:24:26.793000,KVY,26,0 days 00:01:29.505000,25.0,6.0,,0 days 01:24:25.148000,32.189,30.154,27.162,0 days 01:23:29.477000,0 days 01:23:59.631000,0 days 01:24:26.793000,256.0,233.0,,285.0,False,SOFT,11.0,False,Toro Rosso,0 days 01:22:57.288000,2019-08-02 10:07:57.317,1,,False,,False,False,89.505,89.505
345,0 days 01:36:46.191000,KVY,26,,26.0,7.0,0 days 01:34:48.976000,,,38.798,24.617,,0 days 01:36:21.608000,0 days 01:36:46.381000,113.0,219.0,251.0,285.0,False,SOFT,14.0,False,Toro Rosso,0 days 01:24:26.793000,2019-08-02 10:09:26.822,1,,False,,False,False,,
346,0 days 01:38:05.891000,KVY,26,0 days 00:01:19.700000,27.0,7.0,,,28.637,28.508,22.555,0 days 01:37:14.828000,0 days 01:37:43.336000,0 days 01:38:05.891000,273.0,240.0,252.0,297.0,False,SOFT,15.0,False,Toro Rosso,0 days 01:36:46.191000,2019-08-02 10:21:46.220,1,,False,,False,True,79.7,79.69999999999999
347,0 days 01:39:58.876000,KVY,26,0 days 00:01:52.985000,28.0,7.0,,,38.63,44.3,30.055,0 days 01:38:44.521000,0 days 01:39:28.821000,0 days 01:39:58.876000,215.0,154.0,250.0,285.0,False,SOFT,16.0,False,Toro Rosso,0 days 01:38:05.891000,2019-08-02 10:23:05.920,1,,False,,False,True,112.985,112.98500000000001
348,0 days 01:41:21.582000,KVY,26,0 days 00:01:22.706000,29.0,7.0,,,30.934,28.449,23.323,0 days 01:40:29.810000,0 days 01:40:58.259000,0 days 01:41:21.582000,272.0,243.0,253.0,298.0,False,SOFT,17.0,False,Toro Rosso,0 days 01:39:58.876000,2019-08-02 10:24:58.905,1,,False,,False,True,82.706,82.706
349,0 days 01:43:12.995000,KVY,26,0 days 00:01:51.413000,30.0,7.0,,,40.124,44.756,26.533,0 days 01:42:01.706000,0 days 01:42:46.462000,0 days 01:43:12.995000,125.0,127.0,252.0,285.0,False,SOFT,18.0,False,Toro Rosso,0 days 01:41:21.582000,2019-08-02 10:26:21.611,1,,False,,False,True,111.413,111.413
350,0 days 01:44:34.868000,KVY,26,0 days 00:01:21.873000,31.0,7.0,,,28.764,29.141,23.968,0 days 01:43:41.759000,0 days 01:44:10.900000,0 days 01:44:34.868000,278.0,239.0,251.0,300.0,False,SOFT,19.0,False,Toro Rosso,0 days 01:43:12.995000,2019-08-02 10:28:13.024,1,,False,,False,True,81.873,81.873
351,0 days 01:45:55.363000,KVY,26,0 days 00:01:20.495000,32.0,7.0,,,28.931,28.676,22.888,0 days 01:45:03.799000,0 days 01:45:32.475000,0 days 01:45:55.363000,274.0,243.0,253.0,307.0,False,SOFT,20.0,False,Toro Rosso,0 days 01:44:34.868000,2019-08-02 10:29:34.897,1,,False,,False,True,80.495,80.495
352,0 days 01:47:32.882000,KVY,26,0 days 00:01:37.519000,33.0,7.0,,0 days 01:47:32.952000,33.344,34.058,30.117,0 days 01:46:28.707000,0 days 01:47:02.765000,0 days 01:47:32.882000,161.0,181.0,,289.0,False,SOFT,21.0,False,Toro Rosso,0 days 01:45:55.363000,2019-08-02 10:30:55.392,1,,False,,False,False,97.519,97.519
353,0 days 00:16:50.149000,HUL,27,,1.0,1.0,0 days 00:15:10.320000,0 days 00:16:48.350000,,36.686,30.643,,0 days 00:16:19.506000,0 days 00:16:50.315000,244.0,198.0,,,False,SOFT,1.0,True,Renault,0 days 00:15:10.320000,2019-08-02 09:00:10.349,1,,False,,False,False,,
354,0 days 00:18:52.793000,HUL,27,0 days 00:02:02.644000,2.0,2.0,0 days 00:17:13.575000,0 days 00:18:52.245000,55.547,35.693,31.404,0 days 00:17:45.696000,0 days 00:18:21.389000,0 days 00:18:52.793000,156.0,198.0,,,False,SOFT,2.0,False,Renault,0 days 00:16:50.149000,2019-08-02 09:01:50.178,1,,False,,False,False,122.644,122.64399999999999
355,0 days 00:27:53.651000,HUL,27,,3.0,3.0,0 days 00:26:13.240000,,,40.25,28.132,,0 days 00:27:25.608000,0 days 00:27:53.765000,233.0,174.0,251.0,,False,SOFT,3.0,False,Renault,0 days 00:18:52.793000,2019-08-02 09:03:52.822,1,,False,,False,False,,
356,0 days 00:29:13.976000,HUL,27,0 days 00:01:20.325000,4.0,3.0,,,28.666,29.088,22.571,0 days 00:28:22.317000,0 days 00:28:51.405000,0 days 00:29:13.976000,278.0,237.0,255.0,298.0,True,SOFT,4.0,False,Renault,0 days 00:27:53.651000,2019-08-02 09:12:53.680,1,,False,,False,True,80.325,80.325
357,0 days 00:31:00.194000,HUL,27,0 days 00:01:46.218000,5.0,3.0,,,38.599,41.365,26.254,0 days 00:29:52.575000,0 days 00:30:33.940000,0 days 00:31:00.194000,198.0,173.0,253.0,242.0,False,SOFT,5.0,False,Renault,0 days 00:29:13.976000,2019-08-02 09:14:14.005,1,,False,,False,True,106.218,106.218
358,0 days 00:32:19.639000,HUL,27,0 days 00:01:19.445000,6.0,3.0,,,28.459,28.488,22.498,0 days 00:31:28.653000,0 days 00:31:57.141000,0 days 00:32:19.639000,281.0,242.0,258.0,299.0,True,SOFT,6.0,False,Renault,0 days 00:31:00.194000,2019-08-02 09:16:00.223,1,,False,,False,True,79.445,79.44500000000001
359,0 days 00:34:01.370000,HUL,27,0 days 00:01:41.731000,7.0,3.0,,0 days 00:34:00.209000,35.766,34.937,31.028,0 days 00:32:55.405000,0 days 00:33:30.342000,0 days 00:34:01.370000,228.0,194.0,,290.0,False,SOFT,7.0,False,Renault,0 days 00:32:19.639000,2019-08-02 09:17:19.668,1,,False,,False,False,101.731,101.731
360,0 days 00:38:42.502000,HUL,27,,8.0,4.0,0 days 00:36:59.936000,,,41.597,28.014,,0 days 00:38:14.535000,0 days 00:38:43.676000,246.0,215.0,254.0,290.0,False,SOFT,8.0,False,Renault,0 days 00:34:01.370000,2019-08-02 09:19:01.399,12,,False,,False,False,,
361,0 days 00:40:02.660000,HUL,27,0 days 00:01:20.158000,9.0,4.0,,,28.404,29.225,22.529,0 days 00:39:10.906000,0 days 00:39:40.131000,0 days 00:40:02.660000,282.0,236.0,257.0,299.0,False,SOFT,9.0,False,Renault,0 days 00:38:42.502000,2019-08-02 09:23:42.531,21,,False,,False,True,80.158,80.158
362,0 days 00:41:30.458000,HUL,27,0 days 00:01:27.798000,10.0,4.0,,,31.261,31.347,25.19,0 days 00:40:33.921000,0 days 00:41:05.268000,0 days 00:41:30.458000,263.0,223.0,253.0,288.0,False,SOFT,10.0,False,Renault,0 days 00:40:02.660000,2019-08-02 09:25:02.689,1,,False,,False,True,87.798,87.798
363,0 days 00:42:50.590000,HUL,27,0 days 00:01:20.132000,11.0,4.0,,,28.3,28.967,22.865,0 days 00:41:58.758000,0 days 00:42:27.725000,0 days 00:42:50.590000,279.0,243.0,254.0,298.0,False,SOFT,11.0,False,Renault,0 days 00:41:30.458000,2019-08-02 09:26:30.487,1,,False,,False,True,80.132,80.13199999999999
364,0 days 00:44:25.867000,HUL,27,0 days 00:01:35.277000,12.0,4.0,,0 days 00:44:25.877000,35.127,32.554,27.596,0 days 00:43:25.717000,0 days 00:43:58.271000,0 days 00:44:25.867000,236.0,224.0,,291.0,False,SOFT,12.0,False,Renault,0 days 00:42:50.590000,2019-08-02 09:27:50.619,1,,False,,False,False,95.277,95.27700000000002
365,0 days 00:54:36.587000,HUL,27,,13.0,5.0,0 days 00:52:35.918000,0 days 00:54:36.490000,,46.316,36.258,,0 days 00:54:00.329000,0 days 00:54:36.599000,177.0,157.0,,291.0,False,INTERMEDIATE,1.0,True,Renault,0 days 00:44:25.867000,2019-08-02 09:29:25.896,12,,False,,False,False,,
366,0 days 01:03:32.222000,HUL,27,,14.0,6.0,0 days 01:01:55.878000,,,37.955,25.435,,0 days 01:03:06.826000,0 days 01:03:32.395000,238.0,205.0,260.0,291.0,False,SOFT,1.0,True,Renault,0 days 00:54:36.587000,2019-08-02 09:39:36.616,1,,False,,False,False,,
367,0 days 01:04:50.691000,HUL,27,0 days 00:01:18.469000,15.0,6.0,,,27.864,28.201,22.404,0 days 01:04:00.086000,0 days 01:04:28.287000,0 days 01:04:50.691000,283.0,247.0,260.0,303.0,True,SOFT,2.0,True,Renault,0 days 01:03:32.222000,2019-08-02 09:48:32.251,1,,False,,False,True,78.469,78.469
368,0 days 01:06:29.986000,HUL,27,0 days 00:01:39.295000,16.0,6.0,,,35.91,36.065,27.32,0 days 01:05:26.601000,0 days 01:06:02.666000,0 days 01:06:29.986000,244.0,189.0,258.0,288.0,False,SOFT,3.0,True,Renault,0 days 01:04:50.691000,2019-08-02 09:49:50.720,1,,False,,False,True,99.295,99.29499999999999
369,0 days 01:07:48.403000,HUL,27,0 days 00:01:18.417000,17.0,6.0,,,27.866,28.019,22.532,0 days 01:06:57.852000,0 days 01:07:25.871000,0 days 01:07:48.403000,283.0,249.0,259.0,304.0,True,SOFT,4.0,True,Renault,0 days 01:06:29.986000,2019-08-02 09:51:30.015,1,,False,,False,True,78.417,78.417
370,0 days 01:09:35.373000,HUL,27,0 days 00:01:46.970000,18.0,6.0,,,38.987,40.948,27.035,0 days 01:08:27.390000,0 days 01:09:08.338000,0 days 01:09:35.373000,213.0,192.0,258.0,262.0,False,SOFT,5.0,True,Renault,0 days 01:07:48.403000,2019-08-02 09:52:48.432,1,,False,,False,True,106.97,106.97
371,0 days 01:10:54.704000,HUL,27,0 days 00:01:19.331000,19.0,6.0,,,27.943,28.38,23.008,0 days 01:10:03.316000,0 days 01:10:31.696000,0 days 01:10:54.704000,281.0,245.0,259.0,302.0,False,SOFT,6.0,True,Renault,0 days 01:09:35.373000,2019-08-02 09:54:35.402,1,,False,,False,True,79.331,79.331
372,0 days 01:12:34.177000,HUL,27,0 days 00:01:39.473000,20.0,6.0,,0 days 01:12:32.590000,36.931,35.265,27.277,0 days 01:11:31.635000,0 days 01:12:06.900000,0 days 01:12:34.177000,90.0,226.0,,287.0,False,SOFT,7.0,True,Renault,0 days 01:10:54.704000,2019-08-02 09:55:54.733,12,,False,,False,False,99.473,99.473
373,0 days 01:32:24.679000,HUL,27,,21.0,7.0,0 days 01:30:57.519000,,,32.613,24.584,,0 days 01:32:00.121000,0 days 01:32:24.832000,258.0,225.0,247.0,287.0,False,SOFT,8.0,False,Renault,0 days 01:12:34.177000,2019-08-02 09:57:34.206,1,,False,,False,False,,
374,0 days 01:33:49.246000,HUL,27,0 days 00:01:24.567000,22.0,7.0,,,29.659,31.023,23.885,0 days 01:32:54.338000,0 days 01:33:25.361000,0 days 01:33:49.246000,277.0,228.0,247.0,285.0,False,SOFT,9.0,False,Renault,0 days 01:32:24.679000,2019-08-02 10:17:24.708,1,,False,,False,True,84.567,84.56700000000001
375,0 days 01:35:12.661000,HUL,27,0 days 00:01:23.415000,23.0,7.0,,,29.553,30.316,23.546,0 days 01:34:18.799000,0 days 01:34:49.115000,0 days 01:35:12.661000,278.0,231.0,247.0,285.0,False,SOFT,10.0,False,Renault,0 days 01:33:49.246000,2019-08-02 10:18:49.275,1,,False,,False,True,83.415,83.41499999999999
376,0 days 01:36:35.483000,HUL,27,0 days 00:01:22.822000,24.0,7.0,,,29.413,29.952,23.457,0 days 01:35:42.074000,0 days 01:36:12.026000,0 days 01:36:35.483000,280.0,235.0,249.0,287.0,False,SOFT,11.0,False,Renault,0 days 01:35:12.661000,2019-08-02 10:20:12.690,1,,False,,False,True,82.822,82.822
377,0 days 01:37:58.568000,HUL,27,0 days 00:01:23.085000,25.0,7.0,,,29.571,30.028,23.486,0 days 01:37:05.054000,0 days 01:37:35.082000,0 days 01:37:58.568000,276.0,236.0,248.0,288.0,False,SOFT,12.0,False,Renault,0 days 01:36:35.483000,2019-08-02 10:21:35.512,1,,False,,False,True,83.085,83.08500000000001
378,0 days 01:39:21.515000,HUL,27,0 days 00:01:22.947000,26.0,7.0,,,29.449,29.91,23.588,0 days 01:38:28.017000,0 days 01:38:57.927000,0 days 01:39:21.515000,281.0,234.0,247.0,288.0,False,SOFT,13.0,False,Renault,0 days 01:37:58.568000,2019-08-02 10:22:58.597,1,,False,,False,True,82.947,82.947
379,0 days 01:40:45.135000,HUL,27,0 days 00:01:23.620000,27.0,7.0,,,29.62,30.136,23.864,0 days 01:39:51.135000,0 days 01:40:21.271000,0 days 01:40:45.135000,276.0,233.0,245.0,288.0,False,SOFT,14.0,False,Renault,0 days 01:39:21.515000,2019-08-02 10:24:21.544,1,,False,,False,True,83.62,83.62
380,0 days 01:42:09.263000,HUL,27,0 days 00:01:24.128000,28.0,7.0,,,29.776,30.377,23.975,0 days 01:41:14.911000,0 days 01:41:45.288000,0 days 01:42:09.263000,278.0,232.0,246.0,287.0,False,SOFT,15.0,False,Renault,0 days 01:40:45.135000,2019-08-02 10:25:45.164,1,,False,,False,True,84.128,84.128
381,0 days 01:43:37.507000,HUL,27,0 days 00:01:28.244000,29.0,7.0,,,30.019,31.414,26.811,0 days 01:42:39.282000,0 days 01:43:10.696000,0 days 01:43:37.507000,280.0,196.0,246.0,288.0,False,SOFT,16.0,False,Renault,0 days 01:42:09.263000,2019-08-02 10:27:09.292,1,,False,,False,True,88.244,88.244
382,0 days 01:45:02.002000,HUL,27,0 days 00:01:24.495000,30.0,7.0,,,29.914,30.397,24.184,0 days 01:44:07.421000,0 days 01:44:37.818000,0 days 01:45:02.002000,280.0,232.0,248.0,287.0,False,SOFT,17.0,False,Renault,0 days 01:43:37.507000,2019-08-02 10:28:37.536,1,,False,,False,True,84.495,84.495
383,0 days 01:46:38.239000,HUL,27,0 days 00:01:36.237000,31.0,7.0,,0 days 01:46:36.511000,32.201,34.569,29.467,0 days 01:45:34.203000,0 days 01:46:08.772000,0 days 01:46:38.239000,224.0,198.0,,295.0,False,SOFT,18.0,False,Renault,0 days 01:45:02.002000,2019-08-02 10:30:02.031,1,,False,,False,False,96.237,96.23700000000001
384,0 days 00:24:54.143000,VER,33,,1.0,1.0,0 days 00:23:11.282000,,,41.708,26.162,,0 days 00:24:28.049000,0 days 00:24:54.319000,258.0,202.0,253.0,,False,SOFT,1.0,True,Red Bull Racing,0 days 00:23:11.282000,2019-08-02 09:08:11.311,1,,False,,False,False,,
385,0 days 00:26:12.772000,VER,33,0 days 00:01:18.629000,2.0,1.0,,,28.52,28.115,21.994,0 days 00:25:22.663000,0 days 00:25:50.778000,0 days 00:26:12.772000,270.0,241.0,252.0,293.0,True,SOFT,2.0,True,Red Bull Racing,0 days 00:24:54.143000,2019-08-02 09:09:54.172,1,,False,,False,True,78.629,78.62899999999999
386,0 days 00:28:08.679000,VER,33,0 days 00:01:55.907000,3.0,1.0,,,46.989,44.665,24.253,0 days 00:26:59.761000,0 days 00:27:44.426000,0 days 00:28:08.679000,110.0,200.0,254.0,277.0,False,SOFT,3.0,True,Red Bull Racing,0 days 00:26:12.772000,2019-08-02 09:11:12.801,1,,False,,False,True,115.907,115.907
387,0 days 00:29:26.836000,VER,33,0 days 00:01:18.157000,4.0,1.0,,,28.231,27.888,22.038,0 days 00:28:36.910000,0 days 00:29:04.798000,0 days 00:29:26.836000,272.0,245.0,254.0,296.0,True,SOFT,4.0,True,Red Bull Racing,0 days 00:28:08.679000,2019-08-02 09:13:08.708,1,,False,,False,True,78.157,78.157
388,0 days 00:30:58.832000,VER,33,0 days 00:01:31.996000,5.0,1.0,,0 days 00:30:57.190000,31.045,33.803,27.148,0 days 00:29:57.881000,0 days 00:30:31.684000,0 days 00:30:58.832000,247.0,213.0,,280.0,False,SOFT,5.0,True,Red Bull Racing,0 days 00:29:26.836000,2019-08-02 09:14:26.865,1,,False,,False,False,91.996,91.996
389,0 days 00:33:33.312000,VER,33,,6.0,2.0,0 days 00:31:52.757000,,87.561,41.353,25.545,0 days 00:32:26.547000,0 days 00:33:07.777000,0 days 00:33:33.486000,215.0,225.0,256.0,280.0,False,SOFT,6.0,False,Red Bull Racing,0 days 00:30:58.832000,2019-08-02 09:15:58.861,1,,False,,False,False,,154.459
390,0 days 00:34:51.187000,VER,33,0 days 00:01:17.875000,7.0,2.0,,,28.055,27.922,21.898,0 days 00:34:01.367000,0 days 00:34:29.289000,0 days 00:34:51.187000,276.0,246.0,254.0,300.0,True,SOFT,7.0,False,Red Bull Racing,0 days 00:33:33.312000,2019-08-02 09:18:33.341,1,,False,,False,True,77.875,77.875
391,0 days 00:36:49.176000,VER,33,0 days 00:01:57.989000,8.0,2.0,,,45.736,42.933,29.32,0 days 00:35:36.923000,0 days 00:36:19.856000,0 days 00:36:49.176000,175.0,157.0,199.0,280.0,False,SOFT,8.0,False,Red Bull Racing,0 days 00:34:51.187000,2019-08-02 09:19:51.216,1,,False,,False,True,117.989,117.989
392,0 days 00:38:47.017000,VER,33,0 days 00:01:57.841000,9.0,2.0,,,40.961,,,0 days 00:37:30.137000,,,180.0,157.0,255.0,224.0,False,SOFT,9.0,False,Red Bull Racing,0 days 00:36:49.176000,2019-08-02 09:21:49.205,12,,False,,False,False,117.841,
393,0 days 00:40:09.174000,VER,33,0 days 00:01:22.157000,10.0,2.0,,,28.212,27.779,26.166,0 days 00:39:15.229000,0 days 00:39:43.008000,0 days 00:40:09.174000,274.0,245.0,196.0,298.0,False,SOFT,10.0,False,Red Bull Racing,0 days 00:38:47.017000,2019-08-02 09:23:47.046,1,,False,,False,True,82.157,82.157
394,0 days 00:42:00.189000,VER,33,0 days 00:01:51.015000,11.0,2.0,,,40.317,43.011,27.687,0 days 00:40:49.491000,0 days 00:41:32.502000,0 days 00:42:00.189000,178.0,120.0,256.0,250.0,False,SOFT,11.0,False,Red Bull Racing,0 days 00:40:09.174000,2019-08-02 09:25:09.203,1,,False,,False,True,111.015,111.015
395,0 days 00:43:38.089000,VER,33,0 days 00:01:37.900000,12.0,2.0,,,35.092,36.127,26.681,0 days 00:42:35.281000,0 days 00:43:11.408000,0 days 00:43:38.089000,214.0,194.0,256.0,300.0,False,SOFT,12.0,False,Red Bull Racing,0 days 00:42:00.189000,2019-08-02 09:27:00.218,1,,False,,False,True,97.9,97.89999999999999
396,0 days 00:45:11.831000,VER,33,0 days 00:01:33.742000,13.0,2.0,,,27.913,27.628,38.201,0 days 00:44:06.002000,0 days 00:44:33.630000,0 days 00:45:11.831000,273.0,248.0,197.0,300.0,False,SOFT,13.0,False,Red Bull Racing,0 days 00:43:38.089000,2019-08-02 09:28:38.118,12,,False,,False,True,93.742,93.74199999999999
397,0 days 00:46:46.085000,VER,33,0 days 00:01:34.254000,14.0,2.0,,0 days 00:46:44.420000,35.006,31.817,27.431,0 days 00:45:46.837000,0 days 00:46:18.654000,0 days 00:46:46.085000,227.0,225.0,,234.0,False,SOFT,14.0,False,Red Bull Racing,0 days 00:45:11.831000,2019-08-02 09:30:11.860,1,,False,,False,False,94.254,94.254
398,0 days 01:05:58.269000,VER,33,,15.0,3.0,0 days 01:03:26.435000,0 days 01:05:56.600000,,58.718,43.539,,0 days 01:05:14.730000,0 days 01:05:58.394000,118.0,100.0,,234.0,False,INTERMEDIATE,1.0,True,Red Bull Racing,0 days 00:46:46.085000,2019-08-02 09:31:46.114,1,,False,,False,False,,
399,0 days 01:13:09.317000,VER,33,,16.0,4.0,0 days 01:11:18.506000,,,39.754,35.701,,0 days 01:12:33.650000,0 days 01:13:09.484000,243.0,198.0,254.0,234.0,False,SOFT,1.0,True,Red Bull Racing,0 days 01:05:58.269000,2019-08-02 09:50:58.298,12,,False,,False,False,,
400,0 days 01:14:26.829000,VER,33,0 days 00:01:17.512000,17.0,4.0,,,27.884,27.538,22.09,0 days 01:13:37.201000,0 days 01:14:04.739000,0 days 01:14:26.829000,274.0,242.0,254.0,299.0,True,SOFT,2.0,True,Red Bull Racing,0 days 01:13:09.317000,2019-08-02 09:58:09.346,1,,False,,False,True,77.512,77.512
401,0 days 01:16:08.058000,VER,33,0 days 00:01:41.229000,18.0,4.0,,0 days 01:16:06.371000,33.725,36.355,31.149,0 days 01:15:00.554000,0 days 01:15:36.909000,0 days 01:16:08.058000,185.0,164.0,,285.0,False,SOFT,3.0,True,Red Bull Racing,0 days 01:14:26.829000,2019-08-02 09:59:26.858,1,,False,,False,False,101.229,101.229
402,0 days 01:18:30.128000,VER,33,0 days 00:02:22.070000,19.0,5.0,0 days 01:16:45.402000,,72.857,39.459,29.754,0 days 01:17:20.915000,0 days 01:18:00.374000,0 days 01:18:30.128000,225.0,182.0,255.0,285.0,False,SOFT,4.0,False,Red Bull Racing,0 days 01:16:08.058000,2019-08-02 10:01:08.087,1,,False,,False,False,142.07,142.07
403,0 days 01:19:47.599000,VER,33,0 days 00:01:17.471000,20.0,5.0,,,27.94,27.518,22.013,0 days 01:18:58.068000,0 days 01:19:25.586000,0 days 01:19:47.599000,274.0,248.0,257.0,299.0,True,SOFT,5.0,False,Red Bull Racing,0 days 01:18:30.128000,2019-08-02 10:03:30.157,1,,False,,False,True,77.471,77.471
404,0 days 01:21:20.203000,VER,33,0 days 00:01:32.604000,21.0,5.0,,0 days 01:21:18.542000,32.863,32.668,27.073,0 days 01:20:20.462000,0 days 01:20:53.130000,0 days 01:21:20.203000,228.0,213.0,,235.0,False,SOFT,6.0,False,Red Bull Racing,0 days 01:19:47.599000,2019-08-02 10:04:47.628,1,,False,,False,False,92.604,92.60400000000001
405,0 days 01:31:16.528000,VER,33,,22.0,6.0,0 days 01:29:35.509000,,,41.521,25.811,,0 days 01:30:50.717000,0 days 01:31:17.315000,249.0,206.0,256.0,235.0,False,SOFT,7.0,False,Red Bull Racing,0 days 01:21:20.203000,2019-08-02 10:06:20.232,1,,False,,False,False,,
406,0 days 01:32:33.926000,VER,33,0 days 00:01:17.398000,23.0,6.0,,,27.923,27.53,21.945,0 days 01:31:44.451000,0 days 01:32:11.981000,0 days 01:32:33.926000,271.0,249.0,254.0,298.0,True,SOFT,8.0,False,Red Bull Racing,0 days 01:31:16.528000,2019-08-02 10:16:16.557,1,,False,,False,True,77.398,77.398
407,0 days 01:34:32.680000,VER,33,0 days 00:01:58.754000,24.0,6.0,,,45.857,43.622,29.275,0 days 01:33:19.783000,0 days 01:34:03.405000,0 days 01:34:32.680000,134.0,83.0,256.0,283.0,False,SOFT,9.0,False,Red Bull Racing,0 days 01:32:33.926000,2019-08-02 10:17:33.955,1,,False,,False,True,118.754,118.75399999999999
408,0 days 01:36:02.531000,VER,33,0 days 00:01:29.851000,25.0,6.0,,,27.892,27.723,34.236,0 days 01:35:00.572000,0 days 01:35:28.295000,0 days 01:36:02.531000,276.0,248.0,91.0,298.0,False,SOFT,10.0,False,Red Bull Racing,0 days 01:34:32.680000,2019-08-02 10:19:32.709,1,,False,,False,True,89.851,89.851
409,0 days 01:38:19.499000,VER,33,0 days 00:02:16.968000,26.0,6.0,,,55.384,46.103,35.481,0 days 01:36:57.915000,0 days 01:37:44.018000,0 days 01:38:19.499000,116.0,93.0,255.0,191.0,False,SOFT,11.0,False,Red Bull Racing,0 days 01:36:02.531000,2019-08-02 10:21:02.560,1,,False,,False,True,136.968,136.968
410,0 days 01:39:49.171000,VER,33,0 days 00:01:29.672000,27.0,6.0,,,27.95,27.517,34.205,0 days 01:38:47.449000,0 days 01:39:14.966000,0 days 01:39:49.171000,275.0,248.0,240.0,297.0,False,SOFT,12.0,False,Red Bull Racing,0 days 01:38:19.499000,2019-08-02 10:23:19.528,1,,False,,False,True,89.672,89.672
411,0 days 01:41:21.110000,VER,33,0 days 00:01:31.939000,28.0,6.0,,0 days 01:41:20.815000,28.609,29.466,33.864,0 days 01:40:17.780000,0 days 01:40:47.246000,0 days 01:41:21.110000,276.0,134.0,,292.0,False,SOFT,13.0,False,Red Bull Racing,0 days 01:39:49.171000,2019-08-02 10:24:49.200,1,,False,,False,False,91.939,91.939
412,0 days 00:17:16.234000,HAM,44,,1.0,1.0,0 days 00:15:41.910000,,,34.908,26.134,,0 days 00:16:50.191000,0 days 00:17:16.398000,224.0,223.0,254.0,,False,SOFT,1.0,True,Mercedes,0 days 00:15:41.910000,2019-08-02 09:00:41.939,1,,False,,False,False,,
413,0 days 00:18:36.997000,HAM,44,0 days 00:01:20.763000,2.0,1.0,,,29.314,29.128,22.321,0 days 00:17:45.548000,0 days 00:18:14.676000,0 days 00:18:36.997000,281.0,245.0,257.0,302.0,True,SOFT,2.0,True,Mercedes,0 days 00:17:16.234000,2019-08-02 09:02:16.263,1,,False,,False,True,80.763,80.763
414,0 days 00:19:56.958000,HAM,44,0 days 00:01:19.961000,3.0,1.0,,,28.834,28.715,22.412,0 days 00:19:05.831000,0 days 00:19:34.546000,0 days 00:19:56.958000,281.0,243.0,254.0,303.0,True,SOFT,3.0,True,Mercedes,0 days 00:18:36.997000,2019-08-02 09:03:37.026,1,,False,,False,True,79.961,79.961
415,0 days 00:22:06.724000,HAM,44,0 days 00:02:09.766000,4.0,1.0,,,51.058,49.36,29.348,0 days 00:20:48.016000,0 days 00:21:37.376000,0 days 00:22:06.724000,117.0,178.0,253.0,249.0,False,SOFT,4.0,True,Mercedes,0 days 00:19:56.958000,2019-08-02 09:04:56.987,1,,False,,False,True,129.766,129.76600000000002
416,0 days 00:23:46.794000,HAM,44,0 days 00:01:40.070000,5.0,1.0,,,35.554,38.391,26.125,0 days 00:22:42.278000,0 days 00:23:20.669000,0 days 00:23:46.794000,159.0,217.0,256.0,299.0,False,SOFT,5.0,True,Mercedes,0 days 00:22:06.724000,2019-08-02 09:07:06.753,1,,False,,False,True,100.07,100.07
417,0 days 00:25:05.454000,HAM,44,0 days 00:01:18.660000,6.0,1.0,,,28.384,28.245,22.031,0 days 00:24:15.178000,0 days 00:24:43.423000,0 days 00:25:05.454000,281.0,245.0,256.0,300.0,True,SOFT,6.0,True,Mercedes,0 days 00:23:46.794000,2019-08-02 09:08:46.823,1,,False,,False,True,78.66,78.66
418,0 days 00:26:55.138000,HAM,44,0 days 00:01:49.684000,7.0,1.0,,,35.771,45.228,28.685,0 days 00:25:41.225000,0 days 00:26:26.453000,0 days 00:26:55.138000,217.0,151.0,256.0,287.0,False,SOFT,7.0,True,Mercedes,0 days 00:25:05.454000,2019-08-02 09:10:05.483,1,,False,,False,True,109.684,109.684
419,0 days 00:28:13.215000,HAM,44,0 days 00:01:18.077000,8.0,1.0,,,28.145,27.827,22.105,0 days 00:27:23.283000,0 days 00:27:51.110000,0 days 00:28:13.215000,282.0,248.0,256.0,301.0,True,SOFT,8.0,True,Mercedes,0 days 00:26:55.138000,2019-08-02 09:11:55.167,1,,False,,False,True,78.077,78.077
420,0 days 00:30:23.338000,HAM,44,0 days 00:02:10.123000,9.0,1.0,,,46.209,49.841,34.073,0 days 00:28:59.424000,0 days 00:29:49.265000,0 days 00:30:23.338000,205.0,137.0,191.0,282.0,False,SOFT,9.0,True,Mercedes,0 days 00:28:13.215000,2019-08-02 09:13:13.244,1,,False,,False,True,130.123,130.12300000000002
421,0 days 00:32:15.942000,HAM,44,0 days 00:01:52.604000,10.0,1.0,,,37.947,41.115,33.542,0 days 00:31:01.285000,0 days 00:31:42.400000,0 days 00:32:15.942000,225.0,215.0,256.0,274.0,False,SOFT,10.0,True,Mercedes,0 days 00:30:23.338000,2019-08-02 09:15:23.367,1,,False,,False,True,112.604,112.60400000000001
422,0 days 00:33:51.116000,HAM,44,0 days 00:01:35.174000,11.0,1.0,,,28.238,40.086,26.85,0 days 00:32:44.180000,0 days 00:33:24.266000,0 days 00:33:51.116000,280.0,186.0,254.0,300.0,False,SOFT,11.0,True,Mercedes,0 days 00:32:15.942000,2019-08-02 09:17:15.971,1,,False,,False,True,95.174,95.174
423,0 days 00:35:08.681000,HAM,44,0 days 00:01:17.565000,12.0,1.0,,,28.171,27.62,21.774,0 days 00:34:19.287000,0 days 00:34:46.907000,0 days 00:35:08.681000,279.0,251.0,256.0,297.0,True,SOFT,12.0,True,Mercedes,0 days 00:33:51.116000,2019-08-02 09:18:51.145,1,,False,,False,True,77.565,77.565
424,0 days 00:37:09.679000,HAM,44,0 days 00:02:00.998000,13.0,1.0,,,40.759,51.262,28.977,0 days 00:35:49.440000,0 days 00:36:40.702000,0 days 00:37:09.679000,143.0,189.0,252.0,286.0,False,SOFT,13.0,True,Mercedes,0 days 00:35:08.681000,2019-08-02 09:20:08.710,1,,False,,False,True,120.998,120.998
425,0 days 00:38:38.601000,HAM,44,0 days 00:01:28.922000,14.0,1.0,,,28.272,33.362,27.288,0 days 00:37:37.951000,0 days 00:38:11.313000,0 days 00:38:38.601000,280.0,177.0,254.0,293.0,False,SOFT,14.0,True,Mercedes,0 days 00:37:09.679000,2019-08-02 09:22:09.708,1,,False,,False,True,88.922,88.922
426,0 days 00:39:56.266000,HAM,44,0 days 00:01:17.665000,15.0,1.0,,,28.052,27.598,22.015,0 days 00:39:06.653000,0 days 00:39:34.251000,0 days 00:39:56.266000,280.0,251.0,255.0,296.0,False,SOFT,15.0,True,Mercedes,0 days 00:38:38.601000,2019-08-02 09:23:38.630,12,,False,,False,True,77.665,77.66499999999999
427,0 days 00:41:49.158000,HAM,44,0 days 00:01:52.892000,16.0,1.0,,,34.004,43.842,35.046,0 days 00:40:30.270000,0 days 00:41:14.112000,0 days 00:41:49.158000,237.0,159.0,195.0,281.0,False,SOFT,16.0,True,Mercedes,0 days 00:39:56.266000,2019-08-02 09:24:56.295,1,,False,,False,True,112.892,112.892
428,0 days 00:43:34.038000,HAM,44,0 days 00:01:44.880000,17.0,1.0,,,36.173,41.79,26.917,0 days 00:42:25.331000,0 days 00:43:07.121000,0 days 00:43:34.038000,227.0,197.0,255.0,273.0,False,SOFT,17.0,True,Mercedes,0 days 00:41:49.158000,2019-08-02 09:26:49.187,1,,False,,False,True,104.88,104.88
429,0 days 00:44:51.271000,HAM,44,0 days 00:01:17.233000,18.0,1.0,,,27.975,27.442,21.816,0 days 00:44:02.013000,0 days 00:44:29.455000,0 days 00:44:51.271000,277.0,252.0,254.0,296.0,True,SOFT,18.0,True,Mercedes,0 days 00:43:34.038000,2019-08-02 09:28:34.067,1,,False,,False,True,77.233,77.233
430,0 days 00:46:19.754000,HAM,44,0 days 00:01:28.483000,19.0,1.0,,0 days 00:46:18.711000,34.311,28.932,25.24,0 days 00:45:25.582000,0 days 00:45:54.514000,0 days 00:46:19.754000,255.0,239.0,,285.0,False,SOFT,19.0,True,Mercedes,0 days 00:44:51.271000,2019-08-02 09:29:51.300,12,,False,,False,False,88.483,88.48299999999999
431,0 days 00:59:49.480000,HAM,44,,20.0,2.0,0 days 00:57:50.069000,0 days 00:59:47.724000,,45.507,37.261,,0 days 00:59:12.219000,0 days 00:59:49.580000,193.0,157.0,,285.0,False,INTERMEDIATE,1.0,True,Mercedes,0 days 00:46:19.754000,2019-08-02 09:31:19.783,1,,False,,False,False,,
432,0 days 01:07:35.248000,HAM,44,,21.0,3.0,0 days 01:05:54.713000,,,40.055,25.701,,0 days 01:07:09.593000,0 days 01:07:36.409000,221.0,195.0,253.0,285.0,False,MEDIUM,1.0,True,Mercedes,0 days 00:59:49.480000,2019-08-02 09:44:49.509,1,,False,,False,False,,
433,0 days 01:08:52.834000,HAM,44,0 days 00:01:17.586000,22.0,3.0,,,28.148,27.475,21.963,0 days 01:08:03.396000,0 days 01:08:30.871000,0 days 01:08:52.834000,278.0,241.0,256.0,296.0,False,MEDIUM,2.0,True,Mercedes,0 days 01:07:35.248000,2019-08-02 09:52:35.277,1,,False,,False,True,77.586,77.58600000000001
434,0 days 01:10:42.858000,HAM,44,0 days 00:01:50.024000,23.0,3.0,,0 days 01:10:41.144000,39.4,40.217,30.407,0 days 01:09:32.234000,0 days 01:10:12.451000,0 days 01:10:42.858000,201.0,184.0,,253.0,False,MEDIUM,3.0,True,Mercedes,0 days 01:08:52.834000,2019-08-02 09:53:52.863,1,,False,,False,False,110.024,110.02399999999999
435,0 days 01:12:47.272000,HAM,44,0 days 00:02:04.414000,24.0,4.0,0 days 01:11:03.623000,,55.725,40.881,27.808,0 days 01:11:38.583000,0 days 01:12:19.464000,0 days 01:12:47.272000,220.0,206.0,253.0,253.0,False,MEDIUM,4.0,False,Mercedes,0 days 01:10:42.858000,2019-08-02 09:55:42.887,12,,False,,False,False,124.414,124.41399999999999
436,0 days 01:14:04.731000,HAM,44,0 days 00:01:17.459000,25.0,4.0,,,28.049,27.426,21.984,0 days 01:13:15.321000,0 days 01:13:42.747000,0 days 01:14:04.731000,279.0,251.0,255.0,297.0,False,MEDIUM,5.0,False,Mercedes,0 days 01:12:47.272000,2019-08-02 09:57:47.301,1,,False,,False,True,77.459,77.459
437,0 days 01:15:55.672000,HAM,44,0 days 00:01:50.941000,26.0,4.0,,,38.442,44.016,28.483,0 days 01:14:43.173000,0 days 01:15:27.189000,0 days 01:15:55.672000,231.0,163.0,257.0,290.0,False,MEDIUM,6.0,False,Mercedes,0 days 01:14:04.731000,2019-08-02 09:59:04.760,1,,False,,False,True,110.941,110.941
438,0 days 01:17:14.052000,HAM,44,0 days 00:01:18.380000,27.0,4.0,,,28.03,27.858,22.492,0 days 01:16:23.702000,0 days 01:16:51.560000,0 days 01:17:14.052000,271.0,253.0,253.0,302.0,False,MEDIUM,7.0,False,Mercedes,0 days 01:15:55.672000,2019-08-02 10:00:55.701,1,,False,,False,True,78.38,78.38000000000001
439,0 days 01:18:55.423000,HAM,44,0 days 00:01:41.371000,28.0,4.0,,0 days 01:18:55.038000,33.011,37.536,30.824,0 days 01:17:47.063000,0 days 01:18:24.599000,0 days 01:18:55.423000,212.0,214.0,,288.0,False,MEDIUM,8.0,False,Mercedes,0 days 01:17:14.052000,2019-08-02 10:02:14.081,1,,False,,False,False,101.371,101.371
440,0 days 01:28:01.813000,HAM,44,,29.0,5.0,0 days 01:26:27.655000,0 days 01:28:00.521000,,34.014,28.859,,0 days 01:27:32.987000,0 days 01:28:05.529000,257.0,210.0,,288.0,False,MEDIUM,9.0,False,Mercedes,0 days 01:18:55.423000,2019-08-02 10:03:55.452,1,,False,,False,False,,
441,0 days 01:29:58.341000,HAM,44,0 days 00:01:56.528000,30.0,6.0,0 days 01:28:34.872000,,61.977,30.675,23.876,0 days 01:29:03.790000,0 days 01:29:34.465000,0 days 01:29:58.341000,274.0,226.0,245.0,288.0,False,MEDIUM,10.0,False,Mercedes,0 days 01:28:01.813000,2019-08-02 10:13:01.842,1,,False,,False,False,116.528,116.528
442,0 days 01:31:20.517000,HAM,44,0 days 00:01:22.176000,31.0,6.0,,,29.564,29.451,23.161,0 days 01:30:27.905000,0 days 01:30:57.356000,0 days 01:31:20.517000,272.0,238.0,246.0,283.0,False,MEDIUM,11.0,False,Mercedes,0 days 01:29:58.341000,2019-08-02 10:14:58.370,1,,False,,False,True,82.176,82.176
443,0 days 01:32:42.529000,HAM,44,0 days 00:01:22.012000,32.0,6.0,,,29.527,29.413,23.072,0 days 01:31:50.044000,0 days 01:32:19.457000,0 days 01:32:42.529000,270.0,238.0,245.0,286.0,False,MEDIUM,12.0,False,Mercedes,0 days 01:31:20.517000,2019-08-02 10:16:20.546,1,,False,,False,True,82.012,82.012
444,0 days 01:34:04.112000,HAM,44,0 days 00:01:21.583000,33.0,6.0,,,29.534,29.091,22.958,0 days 01:33:12.063000,0 days 01:33:41.154000,0 days 01:34:04.112000,272.0,241.0,245.0,285.0,False,MEDIUM,13.0,False,Mercedes,0 days 01:32:42.529000,2019-08-02 10:17:42.558,1,,False,,False,True,81.583,81.583
445,0 days 01:35:25.711000,HAM,44,0 days 00:01:21.599000,34.0,6.0,,,29.504,29.126,22.969,0 days 01:34:33.616000,0 days 01:35:02.742000,0 days 01:35:25.711000,273.0,241.0,245.0,283.0,False,MEDIUM,14.0,False,Mercedes,0 days 01:34:04.112000,2019-08-02 10:19:04.141,1,,False,,False,True,81.599,81.599
446,0 days 01:36:47.229000,HAM,44,0 days 00:01:21.518000,35.0,6.0,,,29.379,28.947,23.192,0 days 01:35:55.090000,0 days 01:36:24.037000,0 days 01:36:47.229000,273.0,242.0,248.0,285.0,False,MEDIUM,15.0,False,Mercedes,0 days 01:35:25.711000,2019-08-02 10:20:25.740,1,,False,,False,True,81.518,81.518
447,0 days 01:38:13.684000,HAM,44,0 days 00:01:26.455000,36.0,6.0,,,29.905,29.749,26.801,0 days 01:37:17.134000,0 days 01:37:46.883000,0 days 01:38:13.684000,274.0,236.0,246.0,292.0,False,MEDIUM,16.0,False,Mercedes,0 days 01:36:47.229000,2019-08-02 10:21:47.258,1,,False,,False,True,86.455,86.455
448,0 days 01:39:35.395000,HAM,44,0 days 00:01:21.711000,37.0,6.0,,,29.503,28.941,23.267,0 days 01:38:43.187000,0 days 01:39:12.128000,0 days 01:39:35.395000,272.0,241.0,246.0,285.0,False,MEDIUM,17.0,False,Mercedes,0 days 01:38:13.684000,2019-08-02 10:23:13.713,1,,False,,False,True,81.711,81.711
449,0 days 01:40:57.177000,HAM,44,0 days 00:01:21.782000,38.0,6.0,,,29.507,29.004,23.271,0 days 01:40:04.902000,0 days 01:40:33.906000,0 days 01:40:57.177000,272.0,241.0,245.0,284.0,False,MEDIUM,18.0,False,Mercedes,0 days 01:39:35.395000,2019-08-02 10:24:35.424,1,,False,,False,True,81.782,81.78200000000001
450,0 days 01:42:18.725000,HAM,44,0 days 00:01:21.548000,39.0,6.0,,,29.482,29.048,23.018,0 days 01:41:26.659000,0 days 01:41:55.707000,0 days 01:42:18.725000,273.0,242.0,245.0,286.0,False,MEDIUM,19.0,False,Mercedes,0 days 01:40:57.177000,2019-08-02 10:25:57.206,1,,False,,False,True,81.548,81.548
451,0 days 01:43:40.542000,HAM,44,0 days 00:01:21.817000,40.0,6.0,,,29.542,29.125,23.15,0 days 01:42:48.267000,0 days 01:43:17.392000,0 days 01:43:40.542000,274.0,242.0,247.0,287.0,False,MEDIUM,20.0,False,Mercedes,0 days 01:42:18.725000,2019-08-02 10:27:18.754,1,,False,,False,True,81.817,81.81700000000001
452,0 days 01:45:09.072000,HAM,44,0 days 00:01:28.530000,41.0,6.0,,0 days 01:45:07.436000,30.498,31.227,26.805,0 days 01:44:11.040000,0 days 01:44:42.267000,0 days 01:45:09.072000,276.0,211.0,,287.0,False,MEDIUM,21.0,False,Mercedes,0 days 01:43:40.542000,2019-08-02 10:28:40.571,1,,False,,False,False,88.53,88.53
453,0 days 00:16:54.729000,SAI,55,,1.0,1.0,0 days 00:15:21.052000,,,33.241,28.304,,0 days 00:16:26.432000,0 days 00:16:54.839000,247.0,218.0,250.0,,False,MEDIUM,1.0,True,McLaren,0 days 00:15:21.052000,2019-08-02 09:00:21.081,1,,False,,False,False,,
454,0 days 00:18:17.933000,SAI,55,0 days 00:01:23.204000,2.0,1.0,,,29.577,30.578,23.049,0 days 00:17:24.306000,0 days 00:17:54.884000,0 days 00:18:17.933000,279.0,238.0,256.0,302.0,True,MEDIUM,2.0,True,McLaren,0 days 00:16:54.729000,2019-08-02 09:01:54.758,1,,False,,False,True,83.204,83.20400000000001
455,0 days 00:19:53.423000,SAI,55,0 days 00:01:35.490000,3.0,1.0,,0 days 00:19:52.445000,32.089,34.927,28.474,0 days 00:18:50.022000,0 days 00:19:24.949000,0 days 00:19:53.423000,233.0,224.0,,303.0,False,MEDIUM,3.0,True,McLaren,0 days 00:18:17.933000,2019-08-02 09:03:17.962,1,,False,,False,False,95.49,95.49
456,0 days 00:28:43.432000,SAI,55,,4.0,2.0,0 days 00:27:06.420000,,,33.147,25.51,,0 days 00:28:17.945000,0 days 00:28:43.576000,266.0,224.0,257.0,303.0,False,MEDIUM,4.0,False,McLaren,0 days 00:19:53.423000,2019-08-02 09:04:53.452,1,,False,,False,False,,
457,0 days 00:30:08.987000,SAI,55,0 days 00:01:25.555000,5.0,2.0,,,29.027,31.605,24.923,0 days 00:29:12.459000,0 days 00:29:44.064000,0 days 00:30:08.987000,278.0,217.0,256.0,301.0,False,MEDIUM,5.0,False,McLaren,0 days 00:28:43.432000,2019-08-02 09:13:43.461,1,,False,,False,True,85.555,85.555
458,0 days 00:31:28.850000,SAI,55,0 days 00:01:19.863000,6.0,2.0,,,28.611,28.764,22.488,0 days 00:30:37.598000,0 days 00:31:06.362000,0 days 00:31:28.850000,279.0,246.0,255.0,301.0,True,MEDIUM,6.0,False,McLaren,0 days 00:30:08.987000,2019-08-02 09:15:09.016,1,,False,,False,True,79.863,79.863
459,0 days 00:33:00.937000,SAI,55,0 days 00:01:32.087000,7.0,2.0,,,33.086,32.897,26.104,0 days 00:32:01.936000,0 days 00:32:34.833000,0 days 00:33:00.937000,240.0,221.0,255.0,285.0,False,MEDIUM,7.0,False,McLaren,0 days 00:31:28.850000,2019-08-02 09:16:28.879,1,,False,,False,True,92.087,92.087
460,0 days 00:34:28.030000,SAI,55,0 days 00:01:27.093000,8.0,2.0,,,28.663,32.891,25.539,0 days 00:33:29.600000,0 days 00:34:02.491000,0 days 00:34:28.030000,279.0,212.0,256.0,299.0,False,MEDIUM,8.0,False,McLaren,0 days 00:33:00.937000,2019-08-02 09:18:00.966,1,,False,,False,True,87.093,87.093
461,0 days 00:35:47.740000,SAI,55,0 days 00:01:19.710000,9.0,2.0,,,28.466,28.641,22.603,0 days 00:34:56.496000,0 days 00:35:25.137000,0 days 00:35:47.740000,279.0,248.0,256.0,300.0,True,MEDIUM,9.0,False,McLaren,0 days 00:34:28.030000,2019-08-02 09:19:28.059,1,,False,,False,True,79.71,79.71000000000001
462,0 days 00:37:28.752000,SAI,55,0 days 00:01:41.012000,10.0,2.0,,,35.187,38.92,26.905,0 days 00:36:22.927000,0 days 00:37:01.847000,0 days 00:37:28.752000,209.0,202.0,255.0,285.0,False,MEDIUM,10.0,False,McLaren,0 days 00:35:47.740000,2019-08-02 09:20:47.769,1,,False,,False,True,101.012,101.012
463,0 days 00:38:48.684000,SAI,55,0 days 00:01:19.932000,11.0,2.0,,,28.574,28.585,22.773,0 days 00:37:57.326000,0 days 00:38:25.911000,0 days 00:38:48.684000,279.0,247.0,255.0,298.0,False,MEDIUM,11.0,False,McLaren,0 days 00:37:28.752000,2019-08-02 09:22:28.781,12,,False,,False,True,79.932,79.932
464,0 days 00:40:29.138000,SAI,55,0 days 00:01:40.454000,12.0,2.0,,0 days 00:40:27.431000,33.638,37.173,29.643,0 days 00:39:22.322000,0 days 00:39:59.495000,0 days 00:40:29.138000,217.0,171.0,,290.0,False,MEDIUM,12.0,False,McLaren,0 days 00:38:48.684000,2019-08-02 09:23:48.713,1,,False,,False,False,100.454,100.45400000000001
465,0 days 00:42:36.975000,SAI,55,0 days 00:02:07.837000,13.0,3.0,0 days 00:41:08.022000,,69.189,33.138,25.51,0 days 00:41:38.327000,0 days 00:42:11.465000,0 days 00:42:36.975000,266.0,208.0,256.0,290.0,False,MEDIUM,13.0,False,McLaren,0 days 00:40:29.138000,2019-08-02 09:25:29.167,1,,False,,False,False,127.837,127.837
466,0 days 00:43:56.434000,SAI,55,0 days 00:01:19.459000,14.0,3.0,,,28.465,28.381,22.613,0 days 00:43:05.440000,0 days 00:43:33.821000,0 days 00:43:56.434000,277.0,248.0,255.0,300.0,True,MEDIUM,14.0,False,McLaren,0 days 00:42:36.975000,2019-08-02 09:27:37.004,1,,False,,False,True,79.459,79.459
467,0 days 00:45:37.770000,SAI,55,0 days 00:01:41.336000,15.0,3.0,,,35.234,39.479,26.623,0 days 00:44:31.668000,0 days 00:45:11.147000,0 days 00:45:37.770000,178.0,205.0,255.0,286.0,False,MEDIUM,15.0,False,McLaren,0 days 00:43:56.434000,2019-08-02 09:28:56.463,12,,False,,False,True,101.336,101.336
468,0 days 00:47:19.477000,SAI,55,0 days 00:01:41.707000,16.0,3.0,,0 days 00:47:18.053000,32.578,36.332,32.797,0 days 00:46:10.348000,0 days 00:46:46.680000,0 days 00:47:19.477000,170.0,188.0,,296.0,False,MEDIUM,16.0,False,McLaren,0 days 00:45:37.770000,2019-08-02 09:30:37.799,1,,False,,False,False,101.707,101.707
469,0 days 01:03:22.572000,SAI,55,,17.0,4.0,0 days 01:01:48.515000,,,36.467,25.529,,0 days 01:02:57.934000,0 days 01:03:25.515000,210.0,217.0,256.0,296.0,False,SOFT,1.0,True,McLaren,0 days 00:47:19.477000,2019-08-02 09:32:19.506,1,,False,,False,False,,
470,0 days 01:04:41.274000,SAI,55,0 days 00:01:18.702000,18.0,4.0,,,28.264,27.884,22.554,0 days 01:03:50.836000,0 days 01:04:18.720000,0 days 01:04:41.274000,277.0,248.0,255.0,298.0,True,SOFT,2.0,True,McLaren,0 days 01:03:22.572000,2019-08-02 09:48:22.601,1,,False,,False,True,78.702,78.702
471,0 days 01:06:28.990000,SAI,55,0 days 00:01:47.716000,19.0,4.0,,0 days 01:06:27.286000,35.851,38.879,32.986,0 days 01:05:17.125000,0 days 01:05:56.004000,0 days 01:06:28.990000,208.0,203.0,,276.0,False,SOFT,3.0,True,McLaren,0 days 01:04:41.274000,2019-08-02 09:49:41.303,1,,False,,False,False,107.716,107.71599999999998
472,0 days 01:08:30.648000,SAI,55,0 days 00:02:01.658000,20.0,5.0,0 days 01:06:49.781000,,53.52,41.557,26.581,0 days 01:07:22.510000,0 days 01:08:04.067000,0 days 01:08:30.648000,208.0,189.0,256.0,276.0,False,SOFT,4.0,False,McLaren,0 days 01:06:28.990000,2019-08-02 09:51:29.019,1,,False,,False,False,121.658,121.658
473,0 days 01:09:52.828000,SAI,55,0 days 00:01:22.180000,21.0,5.0,,,28.152,27.976,26.052,0 days 01:08:58.800000,0 days 01:09:26.776000,0 days 01:09:52.828000,278.0,249.0,218.0,300.0,False,SOFT,5.0,False,McLaren,0 days 01:08:30.648000,2019-08-02 09:53:30.677,1,,False,,False,True,82.18,82.18
474,0 days 01:11:36.682000,SAI,55,0 days 00:01:43.854000,22.0,5.0,,,36.161,40.54,27.153,0 days 01:10:28.989000,0 days 01:11:09.529000,0 days 01:11:36.682000,222.0,190.0,256.0,256.0,False,SOFT,6.0,False,McLaren,0 days 01:09:52.828000,2019-08-02 09:54:52.857,12,,False,,False,True,103.854,103.85399999999998
475,0 days 01:13:41.131000,SAI,55,0 days 00:02:04.449000,23.0,5.0,,0 days 01:13:39.529000,42.679,46.032,35.738,0 days 01:12:19.361000,0 days 01:13:05.393000,0 days 01:13:41.131000,130.0,135.0,,299.0,False,SOFT,7.0,False,McLaren,0 days 01:11:36.682000,2019-08-02 09:56:36.711,1,,False,,False,False,124.449,124.449
476,0 days 00:17:22.674000,RUS,63,,1.0,1.0,0 days 00:15:36.528000,0 days 00:17:20.969000,,36.959,31.074,,0 days 00:16:51.673000,0 days 00:17:22.779000,234.0,213.0,,,False,SOFT,1.0,True,Williams,0 days 00:15:36.528000,2019-08-02 09:00:36.557,1,,False,,False,False,,
477,0 days 00:19:33.520000,RUS,63,0 days 00:02:10.846000,2.0,2.0,0 days 00:17:51.748000,0 days 00:19:32.414000,67.793,34.793,28.26,0 days 00:18:30.467000,0 days 00:19:05.260000,0 days 00:19:33.520000,230.0,223.0,,,False,SOFT,2.0,False,Williams,0 days 00:17:22.674000,2019-08-02 09:02:22.703,1,,False,,False,False,130.846,130.846
478,0 days 00:25:50.072000,RUS,63,,3.0,3.0,0 days 00:24:17.972000,0 days 00:25:48.607000,,32.788,27.719,,0 days 00:25:22.384000,0 days 00:25:50.698000,264.0,230.0,,,False,SOFT,3.0,False,Williams,0 days 00:19:33.520000,2019-08-02 09:04:33.549,1,,False,,False,False,,
479,0 days 00:28:00.279000,RUS,63,0 days 00:02:10.207000,4.0,4.0,0 days 00:26:18.403000,0 days 00:27:58.601000,71.949,31.619,26.639,0 days 00:27:02.021000,0 days 00:27:33.640000,0 days 00:28:00.279000,266.0,231.0,,,False,SOFT,4.0,False,Williams,0 days 00:25:50.072000,2019-08-02 09:10:50.101,1,,False,,False,False,130.207,130.207
480,0 days 00:34:06.297000,RUS,63,,5.0,5.0,0 days 00:32:34.893000,0 days 00:34:05.217000,,31.613,27.063,,0 days 00:33:39.243000,0 days 00:34:10.240000,268.0,230.0,,,False,SOFT,5.0,False,Williams,0 days 00:28:00.279000,2019-08-02 09:13:00.308,1,,False,,False,False,,
481,0 days 00:36:12.309000,RUS,63,0 days 00:02:06.012000,6.0,6.0,0 days 00:34:32.829000,0 days 00:36:10.843000,66.514,32.699,26.799,0 days 00:35:12.811000,0 days 00:35:45.510000,0 days 00:36:12.309000,264.0,227.0,,,False,SOFT,6.0,False,Williams,0 days 00:34:06.297000,2019-08-02 09:19:06.326,1,,False,,False,False,126.012,126.012
482,0 days 00:41:12.999000,RUS,63,,7.0,7.0,0 days 00:39:45.187000,0 days 00:41:11.579000,,31.522,26.585,,0 days 00:40:46.728000,0 days 00:41:13.232000,260.0,233.0,,,False,SOFT,7.0,False,Williams,0 days 00:36:12.309000,2019-08-02 09:21:12.338,12,,False,,False,False,,
483,0 days 00:43:22.162000,RUS,63,0 days 00:02:09.163000,8.0,8.0,0 days 00:41:43.403000,0 days 00:43:20.497000,71.314,31.676,26.173,0 days 00:42:24.313000,0 days 00:42:55.989000,0 days 00:43:22.162000,258.0,228.0,,,False,SOFT,8.0,False,Williams,0 days 00:41:12.999000,2019-08-02 09:26:13.028,1,,False,,False,False,129.163,129.16299999999998
484,0 days 00:57:25.832000,RUS,63,,9.0,9.0,0 days 00:54:59.234000,0 days 00:57:24.688000,,54.413,46.633,,0 days 00:56:39.199000,0 days 00:57:26.045000,136.0,123.0,,,False,INTERMEDIATE,1.0,True,Williams,0 days 00:43:22.162000,2019-08-02 09:28:22.191,12,,False,,False,False,,
485,0 days 01:02:56.407000,RUS,63,,10.0,10.0,0 days 01:01:23.757000,,,34.142,26.303,,0 days 01:02:30.182000,0 days 01:02:57.061000,259.0,225.0,250.0,,False,SOFT,1.0,True,Williams,0 days 00:57:25.832000,2019-08-02 09:42:25.861,1,,False,,False,False,,
486,0 days 01:04:36.127000,RUS,63,0 days 00:01:39.720000,11.0,10.0,,,29.058,36.462,34.2,0 days 01:03:25.465000,0 days 01:04:01.927000,0 days 01:04:36.127000,271.0,140.0,249.0,291.0,True,SOFT,2.0,True,Williams,0 days 01:02:56.407000,2019-08-02 09:47:56.436,1,,False,,False,True,99.72,99.72000000000001
487,0 days 01:05:56.861000,RUS,63,0 days 00:01:20.734000,12.0,10.0,,,28.862,28.867,23.005,0 days 01:05:04.989000,0 days 01:05:33.856000,0 days 01:05:56.861000,270.0,241.0,250.0,292.0,True,SOFT,3.0,True,Williams,0 days 01:04:36.127000,2019-08-02 09:49:36.156,1,,False,,False,True,80.734,80.734
488,0 days 01:07:56.170000,RUS,63,0 days 00:01:59.309000,13.0,10.0,,,46.686,45.577,27.046,0 days 01:06:43.547000,0 days 01:07:29.124000,0 days 01:07:56.170000,146.0,182.0,250.0,283.0,False,SOFT,4.0,True,Williams,0 days 01:05:56.861000,2019-08-02 09:50:56.890,1,,False,,False,True,119.309,119.309
489,0 days 01:09:16.492000,RUS,63,0 days 00:01:20.322000,14.0,10.0,,,28.803,28.651,22.868,0 days 01:08:24.973000,0 days 01:08:53.624000,0 days 01:09:16.492000,271.0,234.0,250.0,294.0,True,SOFT,5.0,True,Williams,0 days 01:07:56.170000,2019-08-02 09:52:56.199,1,,False,,False,True,80.322,80.322
490,0 days 01:11:06.538000,RUS,63,0 days 00:01:50.046000,15.0,10.0,,,40.223,41.043,28.78,0 days 01:09:56.715000,0 days 01:10:37.758000,0 days 01:11:06.538000,174.0,202.0,225.0,283.0,False,SOFT,6.0,True,Williams,0 days 01:09:16.492000,2019-08-02 09:54:16.521,1,,False,,False,True,110.046,110.04599999999999
491,0 days 01:13:01.362000,RUS,63,0 days 00:01:54.824000,16.0,10.0,,,41.246,40.435,33.143,0 days 01:11:47.784000,0 days 01:12:28.219000,0 days 01:13:01.362000,189.0,193.0,250.0,223.0,False,SOFT,7.0,True,Williams,0 days 01:11:06.538000,2019-08-02 09:56:06.567,12,,False,,False,True,114.824,114.82400000000001
492,0 days 01:14:21.598000,RUS,63,0 days 00:01:20.236000,17.0,10.0,,,28.649,28.638,22.949,0 days 01:13:30.011000,0 days 01:13:58.649000,0 days 01:14:21.598000,274.0,241.0,254.0,294.0,True,SOFT,8.0,True,Williams,0 days 01:13:01.362000,2019-08-02 09:58:01.391,1,,False,,False,True,80.236,80.236
493,0 days 01:16:15.152000,RUS,63,0 days 00:01:53.554000,18.0,10.0,,,38.855,44.645,30.054,0 days 01:15:00.453000,0 days 01:15:45.098000,0 days 01:16:15.152000,133.0,180.0,216.0,288.0,False,SOFT,9.0,True,Williams,0 days 01:14:21.598000,2019-08-02 09:59:21.627,1,,False,,False,True,113.554,113.554
494,0 days 01:18:08.469000,RUS,63,0 days 00:01:53.317000,19.0,10.0,,,40.95,43.073,29.294,0 days 01:16:56.102000,0 days 01:17:39.175000,0 days 01:18:08.469000,166.0,174.0,249.0,261.0,False,SOFT,10.0,True,Williams,0 days 01:16:15.152000,2019-08-02 10:01:15.181,1,,False,,False,True,113.317,113.317
495,0 days 01:19:28.454000,RUS,63,0 days 00:01:19.985000,20.0,10.0,,,28.746,28.5,22.739,0 days 01:18:37.215000,0 days 01:19:05.715000,0 days 01:19:28.454000,271.0,242.0,254.0,293.0,True,SOFT,11.0,True,Williams,0 days 01:18:08.469000,2019-08-02 10:03:08.498,1,,False,,False,True,79.985,79.985
496,0 days 01:21:28.275000,RUS,63,0 days 00:01:59.821000,21.0,10.0,,,37.288,49.385,33.148,0 days 01:20:05.742000,0 days 01:20:55.127000,0 days 01:21:28.275000,224.0,135.0,251.0,287.0,False,SOFT,12.0,True,Williams,0 days 01:19:28.454000,2019-08-02 10:04:28.483,1,,False,,False,True,119.821,119.821
497,0 days 01:22:47.924000,RUS,63,0 days 00:01:19.649000,22.0,10.0,,,28.607,28.319,22.723,0 days 01:21:56.882000,0 days 01:22:25.201000,0 days 01:22:47.924000,270.0,247.0,252.0,292.0,True,SOFT,13.0,True,Williams,0 days 01:21:28.275000,2019-08-02 10:06:28.304,1,,False,,False,True,79.649,79.649
498,0 days 01:24:17.123000,RUS,63,0 days 00:01:29.199000,23.0,10.0,,0 days 01:24:15.492000,31.57,31.474,26.155,0 days 01:23:19.494000,0 days 01:23:50.968000,0 days 01:24:17.123000,252.0,234.0,,284.0,False,SOFT,14.0,True,Williams,0 days 01:22:47.924000,2019-08-02 10:07:47.953,1,,False,,False,False,89.199,89.199
499,0 days 01:35:02.713000,RUS,63,,24.0,11.0,0 days 01:33:28.137000,,,30.937,24.063,,0 days 01:34:38.664000,0 days 01:35:02.907000,263.0,231.0,240.0,284.0,False,SOFT,15.0,False,Williams,0 days 01:24:17.123000,2019-08-02 10:09:17.152,1,,False,,False,False,,
500,0 days 01:36:26.820000,RUS,63,0 days 00:01:24.107000,25.0,11.0,,,30.036,30.308,23.763,0 days 01:35:32.749000,0 days 01:36:03.057000,0 days 01:36:26.820000,267.0,233.0,242.0,277.0,False,SOFT,16.0,False,Williams,0 days 01:35:02.713000,2019-08-02 10:20:02.742,1,,False,,False,True,84.107,84.107
501,0 days 01:37:51.010000,RUS,63,0 days 00:01:24.190000,26.0,11.0,,,30.159,30.281,23.75,0 days 01:36:56.979000,0 days 01:37:27.260000,0 days 01:37:51.010000,267.0,234.0,241.0,278.0,False,SOFT,17.0,False,Williams,0 days 01:36:26.820000,2019-08-02 10:21:26.849,1,,False,,False,True,84.19,84.19
502,0 days 01:39:15.246000,RUS,63,0 days 00:01:24.236000,27.0,11.0,,,30.083,30.286,23.867,0 days 01:38:21.093000,0 days 01:38:51.379000,0 days 01:39:15.246000,271.0,231.0,242.0,278.0,False,SOFT,18.0,False,Williams,0 days 01:37:51.010000,2019-08-02 10:22:51.039,1,,False,,False,True,84.236,84.236
503,0 days 01:40:39.708000,RUS,63,0 days 00:01:24.462000,28.0,11.0,,,29.979,30.379,24.104,0 days 01:39:45.225000,0 days 01:40:15.604000,0 days 01:40:39.708000,271.0,235.0,241.0,280.0,False,SOFT,19.0,False,Williams,0 days 01:39:15.246000,2019-08-02 10:24:15.275,1,,False,,False,True,84.462,84.462
504,0 days 01:42:04.277000,RUS,63,0 days 00:01:24.569000,29.0,11.0,,,30.092,30.464,24.013,0 days 01:41:09.800000,0 days 01:41:40.264000,0 days 01:42:04.277000,270.0,236.0,243.0,281.0,False,SOFT,20.0,False,Williams,0 days 01:40:39.708000,2019-08-02 10:25:39.737,1,,False,,False,True,84.569,84.569
505,0 days 01:43:28.964000,RUS,63,0 days 00:01:24.687000,30.0,11.0,,,30.183,30.423,24.081,0 days 01:42:34.460000,0 days 01:43:04.883000,0 days 01:43:28.964000,272.0,234.0,242.0,281.0,False,SOFT,21.0,False,Williams,0 days 01:42:04.277000,2019-08-02 10:27:04.306,1,,False,,False,True,84.687,84.687
506,0 days 01:44:53.961000,RUS,63,0 days 00:01:24.997000,31.0,11.0,,,30.281,30.463,24.253,0 days 01:43:59.245000,0 days 01:44:29.708000,0 days 01:44:53.961000,271.0,232.0,241.0,281.0,False,SOFT,22.0,False,Williams,0 days 01:43:28.964000,2019-08-02 10:28:28.993,1,,False,,False,True,84.997,84.997
507,0 days 01:46:19.397000,RUS,63,0 days 00:01:25.436000,32.0,11.0,,,30.402,30.716,24.318,0 days 01:45:24.363000,0 days 01:45:55.079000,0 days 01:46:19.397000,271.0,229.0,242.0,281.0,False,SOFT,23.0,False,Williams,0 days 01:44:53.961000,2019-08-02 10:29:53.990,1,,False,,False,True,85.436,85.436
508,0 days 01:48:08.147000,RUS,63,0 days 00:01:48.750000,33.0,11.0,,0 days 01:48:08.192000,33.597,35.89,39.263,0 days 01:46:52.994000,0 days 01:47:28.884000,0 days 01:48:08.147000,234.0,140.0,,280.0,False,SOFT,24.0,False,Williams,0 days 01:46:19.397000,2019-08-02 10:31:19.426,1,,False,,False,False,108.75,108.75
509,0 days 00:17:11.007000,BOT,77,,1.0,1.0,0 days 00:15:39.398000,,,33.471,24.141,,0 days 00:16:47.071000,0 days 00:17:11.204000,240.0,219.0,258.0,,False,SOFT,1.0,True,Mercedes,0 days 00:15:39.398000,2019-08-02 09:00:39.427,1,,False,,False,False,,
510,0 days 00:18:50.462000,BOT,77,0 days 00:01:39.455000,2.0,1.0,,0 days 00:18:47.845000,28.526,28.725,42.204,0 days 00:17:39.533000,0 days 00:18:08.258000,0 days 00:18:50.462000,280.0,238.0,,303.0,False,SOFT,2.0,True,Mercedes,0 days 00:17:11.007000,2019-08-02 09:02:11.036,1,,False,,False,False,99.455,99.45500000000001
511,0 days 00:16:40.781000,KUB,88,,1.0,1.0,0 days 00:15:07.995000,,,34.321,26.824,,0 days 00:16:14.030000,0 days 00:16:41.189000,246.0,220.0,241.0,,False,SOFT,1.0,True,Williams,0 days 00:15:07.995000,2019-08-02 09:00:08.024,1,,False,,False,False,,
512,0 days 00:18:11.723000,KUB,88,0 days 00:01:30.942000,2.0,1.0,,,31.537,34.477,24.928,0 days 00:17:12.318000,0 days 00:17:46.795000,0 days 00:18:11.723000,267.0,211.0,249.0,292.0,True,SOFT,2.0,True,Williams,0 days 00:16:40.781000,2019-08-02 09:01:40.810,1,,False,,False,True,90.942,90.942
513,0 days 00:19:36.488000,KUB,88,0 days 00:01:24.765000,3.0,1.0,,,30.265,31.046,23.454,0 days 00:18:41.988000,0 days 00:19:13.034000,0 days 00:19:36.488000,270.0,238.0,252.0,296.0,True,SOFT,3.0,True,Williams,0 days 00:18:11.723000,2019-08-02 09:03:11.752,1,,False,,False,True,84.765,84.765
514,0 days 00:20:58.935000,KUB,88,0 days 00:01:22.447000,4.0,1.0,,,29.365,29.71,23.372,0 days 00:20:05.853000,0 days 00:20:35.563000,0 days 00:20:58.935000,270.0,241.0,252.0,295.0,True,SOFT,4.0,True,Williams,0 days 00:19:36.488000,2019-08-02 09:04:36.517,1,,False,,False,True,82.447,82.447
515,0 days 00:22:33.272000,KUB,88,0 days 00:01:34.337000,5.0,1.0,,,34.577,34.274,25.486,0 days 00:21:33.512000,0 days 00:22:07.786000,0 days 00:22:33.272000,236.0,222.0,251.0,269.0,False,SOFT,5.0,True,Williams,0 days 00:20:58.935000,2019-08-02 09:05:58.964,1,,False,,False,True,94.337,94.337
516,0 days 00:23:55.857000,KUB,88,0 days 00:01:22.585000,6.0,1.0,,,29.387,29.658,23.54,0 days 00:23:02.659000,0 days 00:23:32.317000,0 days 00:23:55.857000,275.0,239.0,253.0,296.0,False,SOFT,6.0,True,Williams,0 days 00:22:33.272000,2019-08-02 09:07:33.301,1,,False,,False,True,82.585,82.58500000000001
517,0 days 00:25:46.530000,KUB,88,0 days 00:01:50.673000,7.0,1.0,,,38.35,43.527,28.796,0 days 00:24:34.207000,0 days 00:25:17.734000,0 days 00:25:46.530000,160.0,128.0,246.0,304.0,False,SOFT,7.0,True,Williams,0 days 00:23:55.857000,2019-08-02 09:08:55.886,1,,False,,False,True,110.673,110.673
518,0 days 00:27:08.678000,KUB,88,0 days 00:01:22.148000,8.0,1.0,,,29.741,29.321,23.086,0 days 00:26:16.271000,0 days 00:26:45.592000,0 days 00:27:08.678000,276.0,241.0,247.0,281.0,True,SOFT,8.0,True,Williams,0 days 00:25:46.530000,2019-08-02 09:10:46.559,1,,False,,False,True,82.148,82.148
519,0 days 00:28:49.268000,KUB,88,0 days 00:01:40.590000,9.0,1.0,,0 days 00:28:47.601000,32.338,38.817,29.435,0 days 00:27:41.016000,0 days 00:28:19.833000,0 days 00:28:49.268000,237.0,197.0,,284.0,False,SOFT,9.0,True,Williams,0 days 00:27:08.678000,2019-08-02 09:12:08.707,1,,False,,False,False,100.59,100.59
520,0 days 01:05:17.109000,KUB,88,,10.0,2.0,0 days 01:02:01.166000,0 days 01:05:14.933000,,72.76,59.709,,0 days 01:04:17.400000,0 days 01:05:17.258000,101.0,75.0,,284.0,False,INTERMEDIATE,1.0,True,Williams,0 days 00:28:49.268000,2019-08-02 09:13:49.297,12,,False,,False,False,,
521,0 days 01:12:56.800000,KUB,88,,11.0,3.0,0 days 01:11:17.039000,,,35.081,30.276,,0 days 01:12:26.537000,0 days 01:12:57.004000,253.0,229.0,250.0,284.0,False,SOFT,1.0,True,Williams,0 days 01:05:17.109000,2019-08-02 09:50:17.138,12,,False,,False,False,,
522,0 days 01:14:17.579000,KUB,88,0 days 00:01:20.779000,12.0,3.0,,,28.823,28.706,23.25,0 days 01:13:25.623000,0 days 01:13:54.329000,0 days 01:14:17.579000,274.0,243.0,253.0,294.0,True,SOFT,2.0,True,Williams,0 days 01:12:56.800000,2019-08-02 09:57:56.829,1,,False,,False,True,80.779,80.779
523,0 days 01:16:11.792000,KUB,88,0 days 00:01:54.213000,13.0,3.0,,,40.791,43.895,29.527,0 days 01:14:58.370000,0 days 01:15:42.265000,0 days 01:16:11.792000,221.0,219.0,251.0,270.0,False,SOFT,3.0,True,Williams,0 days 01:14:17.579000,2019-08-02 09:59:17.608,1,,False,,False,True,114.213,114.21300000000001
524,0 days 01:17:32.276000,KUB,88,0 days 00:01:20.484000,14.0,3.0,,,28.818,28.683,22.983,0 days 01:16:40.610000,0 days 01:17:09.293000,0 days 01:17:32.276000,274.0,247.0,253.0,295.0,True,SOFT,4.0,True,Williams,0 days 01:16:11.792000,2019-08-02 10:01:11.821,1,,False,,False,True,80.484,80.48400000000001
525,0 days 01:19:26.327000,KUB,88,0 days 00:01:54.051000,15.0,3.0,,,40.401,46.504,27.146,0 days 01:18:12.677000,0 days 01:18:59.181000,0 days 01:19:26.327000,171.0,223.0,252.0,273.0,False,SOFT,5.0,True,Williams,0 days 01:17:32.276000,2019-08-02 10:02:32.305,1,,False,,False,True,114.051,114.051
526,0 days 01:20:46.649000,KUB,88,0 days 00:01:20.322000,16.0,3.0,,,28.711,28.494,23.117,0 days 01:19:55.038000,0 days 01:20:23.532000,0 days 01:20:46.649000,273.0,242.0,251.0,293.0,True,SOFT,6.0,True,Williams,0 days 01:19:26.327000,2019-08-02 10:04:26.356,1,,False,,False,True,80.322,80.322
527,0 days 01:22:37.831000,KUB,88,0 days 00:01:51.182000,17.0,3.0,,,40.406,42.751,28.025,0 days 01:21:27.055000,0 days 01:22:09.806000,0 days 01:22:37.831000,235.0,222.0,245.0,265.0,False,SOFT,7.0,True,Williams,0 days 01:20:46.649000,2019-08-02 10:05:46.678,1,,False,,False,True,111.182,111.18199999999999
528,0 days 01:23:58.936000,KUB,88,0 days 00:01:21.105000,18.0,3.0,,,29.41,28.655,23.04,0 days 01:23:07.241000,0 days 01:23:35.896000,0 days 01:23:58.936000,271.0,245.0,247.0,278.0,False,SOFT,8.0,True,Williams,0 days 01:22:37.831000,2019-08-02 10:07:37.860,1,,False,,False,True,81.105,81.10499999999999
529,0 days 01:25:42.166000,KUB,88,0 days 00:01:43.230000,19.0,3.0,,0 days 01:25:40.512000,33.096,41.18,28.954,0 days 01:24:32.032000,0 days 01:25:13.212000,0 days 01:25:42.166000,237.0,227.0,,281.0,False,SOFT,9.0,True,Williams,0 days 01:23:58.936000,2019-08-02 10:08:58.965,1,,False,,False,False,103.23,103.22999999999999
530,0 days 01:33:25.197000,KUB,88,,20.0,4.0,0 days 01:31:36.675000,,,40.896,25.474,,0 days 01:32:59.745000,0 days 01:33:25.422000,256.0,212.0,240.0,281.0,False,SOFT,10.0,False,Williams,0 days 01:25:42.166000,2019-08-02 10:10:42.195,1,,False,,False,False,,
531,0 days 01:34:49.758000,KUB,88,0 days 00:01:24.561000,21.0,4.0,,,30.129,30.355,24.077,0 days 01:33:55.326000,0 days 01:34:25.681000,0 days 01:34:49.758000,263.0,231.0,239.0,276.0,False,SOFT,11.0,False,Williams,0 days 01:33:25.197000,2019-08-02 10:18:25.226,1,,False,,False,True,84.561,84.561
532,0 days 01:36:13.650000,KUB,88,0 days 00:01:23.892000,22.0,4.0,,,30.073,29.984,23.835,0 days 01:35:19.831000,0 days 01:35:49.815000,0 days 01:36:13.650000,264.0,235.0,241.0,277.0,False,SOFT,12.0,False,Williams,0 days 01:34:49.758000,2019-08-02 10:19:49.787,1,,False,,False,True,83.892,83.892
533,0 days 01:37:37.765000,KUB,88,0 days 00:01:24.115000,23.0,4.0,,,30.137,30.021,23.957,0 days 01:36:43.787000,0 days 01:37:13.808000,0 days 01:37:37.765000,268.0,235.0,240.0,279.0,False,SOFT,13.0,False,Williams,0 days 01:36:13.650000,2019-08-02 10:21:13.679,1,,False,,False,True,84.115,84.11500000000001
534,0 days 01:39:02.060000,KUB,88,0 days 00:01:24.295000,24.0,4.0,,,30.245,30.095,23.955,0 days 01:38:08.010000,0 days 01:38:38.105000,0 days 01:39:02.060000,268.0,231.0,240.0,278.0,False,SOFT,14.0,False,Williams,0 days 01:37:37.765000,2019-08-02 10:22:37.794,1,,False,,False,True,84.295,84.295
535,0 days 01:40:26.675000,KUB,88,0 days 00:01:24.615000,25.0,4.0,,,30.199,30.075,24.341,0 days 01:39:32.259000,0 days 01:40:02.334000,0 days 01:40:26.675000,268.0,235.0,243.0,278.0,False,SOFT,15.0,False,Williams,0 days 01:39:02.060000,2019-08-02 10:24:02.089,1,,False,,False,True,84.615,84.61500000000001
536,0 days 01:41:52.018000,KUB,88,0 days 00:01:25.343000,26.0,4.0,,,30.162,30.668,24.513,0 days 01:40:56.837000,0 days 01:41:27.505000,0 days 01:41:52.018000,269.0,232.0,241.0,285.0,False,SOFT,16.0,False,Williams,0 days 01:40:26.675000,2019-08-02 10:25:26.704,1,,False,,False,True,85.343,85.343
537,0 days 01:43:17.580000,KUB,88,0 days 00:01:25.562000,27.0,4.0,,,30.462,30.826,24.274,0 days 01:42:22.480000,0 days 01:42:53.306000,0 days 01:43:17.580000,270.0,229.0,240.0,280.0,False,SOFT,17.0,False,Williams,0 days 01:41:52.018000,2019-08-02 10:26:52.047,1,,False,,False,True,85.562,85.562
538,0 days 01:44:42.873000,KUB,88,0 days 00:01:25.293000,28.0,4.0,,,30.335,30.681,24.277,0 days 01:43:47.915000,0 days 01:44:18.596000,0 days 01:44:42.873000,268.0,232.0,242.0,282.0,False,SOFT,18.0,False,Williams,0 days 01:43:17.580000,2019-08-02 10:28:17.609,1,,False,,False,True,85.293,85.293
539,0 days 01:46:09.415000,KUB,88,0 days 00:01:26.542000,29.0,4.0,,,30.917,31.151,24.474,0 days 01:45:13.790000,0 days 01:45:44.941000,0 days 01:46:09.415000,274.0,226.0,241.0,280.0,False,SOFT,19.0,False,Williams,0 days 01:44:42.873000,2019-08-02 10:29:42.902,1,,False,,False,True,86.542,86.542
540,0 days 01:47:44.573000,KUB,88,0 days 00:01:35.158000,30.0,4.0,,0 days 01:47:42.998000,32.425,34.362,28.371,0 days 01:46:41.840000,0 days 01:47:16.202000,0 days 01:47:44.573000,249.0,219.0,,281.0,False,SOFT,20.0,False,Williams,0 days 01:46:09.415000,2019-08-02 10:31:09.444,1,,False,,False,False,95.158,95.158
541,0 days 00:17:59.041000,GIO,99,,1.0,1.0,0 days 00:16:16.464000,0 days 00:17:57.380000,,37.649,31.667,,0 days 00:17:27.396000,0 days 00:17:59.174000,248.0,208.0,,,False,SOFT,1.0,True,Alfa Romeo Racing,0 days 00:16:16.464000,2019-08-02 09:01:16.493,1,,False,,False,False,,
542,0 days 00:20:07.178000,GIO,99,0 days 00:02:08.137000,2.0,2.0,0 days 00:18:17.675000,,64.67,36.244,27.223,0 days 00:19:03.711000,0 days 00:19:39.955000,0 days 00:20:07.178000,196.0,198.0,248.0,,False,SOFT,2.0,False,Alfa Romeo Racing,0 days 00:17:59.041000,2019-08-02 09:02:59.070,1,,False,,False,False,128.137,128.137
543,0 days 00:21:45.450000,GIO,99,0 days 00:01:38.272000,3.0,2.0,,0 days 00:21:43.782000,33.71,33.713,30.849,0 days 00:20:40.888000,0 days 00:21:14.601000,0 days 00:21:45.450000,197.0,198.0,,297.0,False,SOFT,3.0,False,Alfa Romeo Racing,0 days 00:20:07.178000,2019-08-02 09:05:07.207,1,,False,,False,False,98.272,98.272
544,0 days 00:46:05.923000,GIO,99,,4.0,3.0,0 days 00:44:20.495000,,,33.01,28.721,,0 days 00:45:37.215000,0 days 00:46:07.526000,254.0,227.0,251.0,297.0,False,SOFT,4.0,False,Alfa Romeo Racing,0 days 00:21:45.450000,2019-08-02 09:06:45.479,12,,False,,False,False,,
545,0 days 00:47:55.924000,GIO,99,0 days 00:01:50.001000,5.0,3.0,,0 days 00:47:55.914000,34.628,37.358,38.015,0 days 00:46:40.551000,0 days 00:47:17.909000,0 days 00:47:55.924000,180.0,209.0,,296.0,False,SOFT,5.0,False,Alfa Romeo Racing,0 days 00:46:05.923000,2019-08-02 09:31:05.952,1,,False,,False,False,110.001,110.00099999999999
546,0 days 01:03:01.415000,GIO,99,,6.0,4.0,0 days 01:01:18.781000,0 days 01:02:59.760000,,36.476,31.639,,0 days 01:02:29.776000,0 days 01:03:01.554000,183.0,220.0,,296.0,False,INTERMEDIATE,1.0,True,Alfa Romeo Racing,0 days 00:47:55.924000,2019-08-02 09:32:55.953,1,,False,,False,False,,
547,0 days 01:10:56.850000,GIO,99,,7.0,5.0,0 days 01:09:21.054000,,,34.648,30.724,,0 days 01:10:26.168000,0 days 01:10:57.071000,266.0,220.0,254.0,296.0,False,SOFT,1.0,True,Alfa Romeo Racing,0 days 01:03:01.415000,2019-08-02 09:48:01.444,1,,False,,False,False,,
548,0 days 01:12:19.460000,GIO,99,0 days 00:01:22.610000,8.0,5.0,,,28.549,28.639,25.422,0 days 01:11:25.399000,0 days 01:11:54.038000,0 days 01:12:19.460000,273.0,241.0,241.0,300.0,True,SOFT,2.0,True,Alfa Romeo Racing,0 days 01:10:56.850000,2019-08-02 09:55:56.879,12,,False,,False,True,82.61,82.61
549,0 days 01:14:16.047000,GIO,99,0 days 00:01:56.587000,9.0,5.0,,,40.748,42.299,33.54,0 days 01:13:00.208000,0 days 01:13:42.507000,0 days 01:14:16.047000,132.0,168.0,254.0,228.0,False,SOFT,3.0,True,Alfa Romeo Racing,0 days 01:12:19.460000,2019-08-02 09:57:19.489,1,,False,,False,True,116.587,116.58699999999999
550,0 days 01:15:36.420000,GIO,99,0 days 00:01:20.373000,10.0,5.0,,,28.687,28.594,23.092,0 days 01:14:44.734000,0 days 01:15:13.328000,0 days 01:15:36.420000,274.0,242.0,253.0,298.0,True,SOFT,4.0,True,Alfa Romeo Racing,0 days 01:14:16.047000,2019-08-02 09:59:16.076,1,,False,,False,True,80.373,80.373
551,0 days 01:17:34.875000,GIO,99,0 days 00:01:58.455000,11.0,5.0,,,43.851,44.125,30.479,0 days 01:16:20.271000,0 days 01:17:04.396000,0 days 01:17:34.875000,161.0,178.0,255.0,242.0,False,SOFT,5.0,True,Alfa Romeo Racing,0 days 01:15:36.420000,2019-08-02 10:00:36.449,1,,False,,False,True,118.455,118.455
552,0 days 01:18:54.947000,GIO,99,0 days 00:01:20.072000,12.0,5.0,,,28.583,28.545,22.944,0 days 01:18:03.458000,0 days 01:18:32.003000,0 days 01:18:54.947000,273.0,239.0,255.0,301.0,True,SOFT,6.0,True,Alfa Romeo Racing,0 days 01:17:34.875000,2019-08-02 10:02:34.904,1,,False,,False,True,80.072,80.072
553,0 days 01:20:52.583000,GIO,99,0 days 00:01:57.636000,13.0,5.0,,,43.89,43.626,30.12,0 days 01:19:38.837000,0 days 01:20:22.463000,0 days 01:20:52.583000,145.0,123.0,254.0,240.0,False,SOFT,7.0,True,Alfa Romeo Racing,0 days 01:18:54.947000,2019-08-02 10:03:54.976,1,,False,,False,True,117.636,117.636
554,0 days 01:22:12.296000,GIO,99,0 days 00:01:19.713000,14.0,5.0,,,28.602,28.391,22.72,0 days 01:21:21.185000,0 days 01:21:49.576000,0 days 01:22:12.296000,271.0,243.0,254.0,297.0,True,SOFT,8.0,True,Alfa Romeo Racing,0 days 01:20:52.583000,2019-08-02 10:05:52.612,1,,False,,False,True,79.713,79.713
555,0 days 01:24:07.829000,GIO,99,0 days 00:01:55.533000,15.0,5.0,,,43.601,44.543,27.389,0 days 01:22:55.897000,0 days 01:23:40.440000,0 days 01:24:07.829000,137.0,202.0,254.0,270.0,False,SOFT,9.0,True,Alfa Romeo Racing,0 days 01:22:12.296000,2019-08-02 10:07:12.325,1,,False,,False,True,115.533,115.533
556,0 days 01:25:27.317000,GIO,99,0 days 00:01:19.488000,16.0,5.0,,,28.385,28.401,22.702,0 days 01:24:36.214000,0 days 01:25:04.615000,0 days 01:25:27.317000,273.0,241.0,255.0,297.0,True,SOFT,10.0,True,Alfa Romeo Racing,0 days 01:24:07.829000,2019-08-02 10:09:07.858,1,,False,,False,True,79.488,79.488
557,0 days 01:27:02.882000,GIO,99,0 days 00:01:35.565000,17.0,5.0,,0 days 01:27:01.257000,34.254,32.083,29.228,0 days 01:26:01.571000,0 days 01:26:33.654000,0 days 01:27:02.882000,243.0,222.0,,253.0,False,SOFT,11.0,True,Alfa Romeo Racing,0 days 01:25:27.317000,2019-08-02 10:10:27.346,1,,False,,False,False,95.565,95.565
558,0 days 01:39:10.380000,GIO,99,,18.0,6.0,0 days 01:37:25.802000,,,31.726,28.095,,0 days 01:38:42.289000,0 days 01:39:10.571000,268.0,217.0,241.0,253.0,False,SOFT,12.0,False,Alfa Romeo Racing,0 days 01:27:02.882000,2019-08-02 10:12:02.911,1,,False,,False,False,,
559,0 days 01:40:34.241000,GIO,99,0 days 00:01:23.861000,19.0,6.0,,,29.959,30.172,23.73,0 days 01:39:40.339000,0 days 01:40:10.511000,0 days 01:40:34.241000,268.0,229.0,243.0,279.0,False,SOFT,13.0,False,Alfa Romeo Racing,0 days 01:39:10.380000,2019-08-02 10:24:10.409,1,,False,,False,True,83.861,83.861
560,0 days 01:41:58.626000,GIO,99,0 days 00:01:24.385000,20.0,6.0,,,29.95,30.257,24.178,0 days 01:41:04.191000,0 days 01:41:34.448000,0 days 01:41:58.626000,269.0,232.0,244.0,282.0,False,SOFT,14.0,False,Alfa Romeo Racing,0 days 01:40:34.241000,2019-08-02 10:25:34.270,1,,False,,False,True,84.385,84.385
561,0 days 01:43:23.539000,GIO,99,0 days 00:01:24.913000,21.0,6.0,,,30.131,30.571,24.211,0 days 01:42:28.757000,0 days 01:42:59.328000,0 days 01:43:23.539000,272.0,232.0,239.0,285.0,False,SOFT,15.0,False,Alfa Romeo Racing,0 days 01:41:58.626000,2019-08-02 10:26:58.655,1,,False,,False,True,84.913,84.913
562,0 days 01:44:48.681000,GIO,99,0 days 00:01:25.142000,22.0,6.0,,,30.23,30.58,24.332,0 days 01:43:53.769000,0 days 01:44:24.349000,0 days 01:44:48.681000,272.0,227.0,241.0,282.0,False,SOFT,16.0,False,Alfa Romeo Racing,0 days 01:43:23.539000,2019-08-02 10:28:23.568,1,,False,,False,True,85.142,85.142
563,0 days 01:46:14.418000,GIO,99,0 days 00:01:25.737000,23.0,6.0,,,30.415,30.933,24.389,0 days 01:45:19.096000,0 days 01:45:50.029000,0 days 01:46:14.418000,269.0,228.0,240.0,282.0,False,SOFT,17.0,False,Alfa Romeo Racing,0 days 01:44:48.681000,2019-08-02 10:29:48.710,1,,False,,False,True,85.737,85.737
564,0 days 01:47:53.640000,GIO,99,0 days 00:01:39.222000,24.0,6.0,,0 days 01:47:53.700000,34.055,34.971,30.196,0 days 01:46:48.473000,0 days 01:47:23.444000,0 days 01:47:53.640000,196.0,198.0,,281.0,False,SOFT,18.0,False,Alfa Romeo Racing,0 days 01:46:14.418000,2019-08-02 10:31:14.447,1,,False,,False,False,99.222,99.222
