,Time,Driver,DriverNumber,LapTime,LapNumber,Stint,PitOutTime,PitInTime,Sector1Time,Sector2Time,Sector3Time,Sector1SessionTime,Sector2SessionTime,Sector3SessionTime,SpeedI1,SpeedI2,SpeedFL,SpeedST,IsPersonalBest,Compound,TyreLife,FreshTyre,Team,LapStartTime,LapStartDate,TrackStatus,Position,Deleted,DeletedReason,FastF1Generated,IsAccurate,LapTime_in_seconds,laptime_sum_sectortimes
0,0 days 00:47:41.381000,VER,1,,1.0,1.0,0 days 00:43:07.984000,0 days 00:45:20.751000,,,,,,,260.0,,,,False,SOFT,4.0,False,Red Bull Racing,0 days 00:43:07.984000,2022-11-19 10:58:09.564,15,,False,,False,False,,
1,0 days 00:49:34.443000,VER,1,,2.0,2.0,0 days 00:47:41.381000,,,49.778,40.183,,0 days 00:48:54.409000,0 days 00:49:34.523000,199.0,199.0,221.0,199.0,False,SOFT,4.0,False,Red Bull Racing,0 days 00:47:41.381000,2022-11-19 11:02:42.961,1,,False,,False,False,,
2,0 days 00:51:00.487000,VER,1,0 days 00:01:26.044000,3.0,2.0,,,17.698,36.933,31.413,0 days 00:49:52.141000,0 days 00:50:29.074000,0 days 00:51:00.487000,287.0,320.0,216.0,325.0,True,SOFT,5.0,False,Red Bull Racing,0 days 00:49:34.443000,2022-11-19 11:04:36.023,1,,False,,False,True,86.044,86.044
3,0 days 00:53:48.381000,VER,1,,4.0,2.0,,,34.348,73.951,59.571,0 days 00:51:35.091000,0 days 00:52:48.995000,0 days 00:53:48.508000,121.0,116.0,124.0,126.0,False,SOFT,6.0,False,Red Bull Racing,0 days 00:51:00.487000,2022-11-19 11:06:02.067,1,,False,,False,False,,167.87
4,0 days 00:56:06.807000,VER,1,0 days 00:02:18.426000,5.0,2.0,,,35.769,57.562,45.095,0 days 00:54:24.150000,0 days 00:55:21.712000,0 days 00:56:06.807000,124.0,198.0,221.0,188.0,False,SOFT,7.0,False,Red Bull Racing,0 days 00:53:48.381000,2022-11-19 11:08:49.961,1,,False,,False,True,138.426,138.426
5,0 days 00:57:32.425000,VER,1,0 days 00:01:25.618000,6.0,2.0,,,17.571,36.774,31.273,0 days 00:56:24.378000,0 days 00:57:01.152000,0 days 00:57:32.425000,287.0,322.0,212.0,326.0,True,SOFT,8.0,False,Red Bull Racing,0 days 00:56:06.807000,2022-11-19 11:11:08.387,1,,False,,False,True,85.618,85.618
6,0 days 00:59:08.582000,VER,1,0 days 00:01:36.157000,7.0,2.0,,0 days 00:59:07.431000,18.767,40.048,37.342,0 days 00:57:51.192000,0 days 00:58:31.240000,0 days 00:59:08.582000,265.0,262.0,,276.0,False,SOFT,9.0,False,Red Bull Racing,0 days 00:57:32.425000,2022-11-19 11:12:34.005,1,,False,,False,False,96.157,96.157
7,0 days 01:04:51.010000,VER,1,,8.0,3.0,0 days 01:02:45.897000,,,51.689,47.237,,0 days 01:04:03.949000,0 days 01:04:51.099000,161.0,189.0,222.0,199.0,False,SOFT,1.0,True,Red Bull Racing,0 days 00:59:08.582000,2022-11-19 11:14:10.162,1,,False,,False,False,,
8,0 days 01:06:16.144000,VER,1,0 days 00:01:25.134000,9.0,3.0,,,17.447,36.585,31.102,0 days 01:05:08.457000,0 days 01:05:45.042000,0 days 01:06:16.144000,287.0,324.0,214.0,326.0,True,SOFT,2.0,True,Red Bull Racing,0 days 01:04:51.010000,2022-11-19 11:19:52.590,1,,False,,False,True,85.134,85.134
9,0 days 01:09:29.294000,VER,1,,10.0,3.0,,,36.588,88.423,68.054,0 days 01:06:52.940000,0 days 01:08:21.407000,0 days 01:09:29.294000,78.0,113.0,104.0,107.0,False,SOFT,3.0,True,Red Bull Racing,0 days 01:06:16.144000,2022-11-19 11:21:17.724,1,,False,,False,False,,193.065
10,0 days 01:12:10.165000,VER,1,,11.0,3.0,,,40.702,64.508,55.693,0 days 01:10:10.183000,0 days 01:11:14.589000,0 days 01:12:10.179000,112.0,189.0,221.0,192.0,False,SOFT,4.0,True,Red Bull Racing,0 days 01:09:29.294000,2022-11-19 11:24:30.874,1,,False,,False,False,,160.903
11,0 days 01:13:35.481000,VER,1,0 days 00:01:25.316000,12.0,3.0,,,17.604,36.683,31.029,0 days 01:12:27.769000,0 days 01:13:04.452000,0 days 01:13:35.481000,287.0,322.0,215.0,326.0,False,SOFT,5.0,True,Red Bull Racing,0 days 01:12:10.165000,2022-11-19 11:27:11.745,1,,False,,False,True,85.316,85.316
12,0 days 01:15:30.593000,VER,1,0 days 00:01:55.112000,13.0,3.0,,,23.291,49.349,42.472,0 days 01:13:58.772000,0 days 01:14:48.121000,0 days 01:15:30.593000,224.0,185.0,167.0,208.0,False,SOFT,6.0,True,Red Bull Racing,0 days 01:13:35.481000,2022-11-19 11:28:37.061,1,,False,,False,True,115.112,115.112
13,0 days 01:17:45.737000,VER,1,0 days 00:02:15.144000,14.0,3.0,,,24.985,57.674,52.485,0 days 01:15:55.578000,0 days 01:16:53.252000,0 days 01:17:45.737000,169.0,186.0,49.0,171.0,False,SOFT,7.0,True,Red Bull Racing,0 days 01:15:30.593000,2022-11-19 11:30:32.173,1,,False,,False,True,135.144,135.144
14,0 days 01:19:41.430000,VER,1,0 days 00:01:55.693000,15.0,3.0,,0 days 01:19:40.277000,38.55,40.288,36.855,0 days 01:18:24.287000,0 days 01:19:04.575000,0 days 01:19:41.430000,264.0,255.0,,255.0,False,SOFT,8.0,True,Red Bull Racing,0 days 01:17:45.737000,2022-11-19 11:32:47.317,1,,False,,False,False,115.693,115.69299999999998
15,0 days 00:27:05.412000,RIC,3,,1.0,1.0,0 days 00:25:10.505000,,,46.83,42.721,,0 days 00:26:22.892000,0 days 00:27:05.506000,242.0,262.0,218.0,292.0,False,SOFT,1.0,True,McLaren,0 days 00:25:10.505000,2022-11-19 10:40:12.085,1,,False,,False,False,,
16,0 days 00:28:32.654000,RIC,3,0 days 00:01:27.242000,2.0,1.0,,,17.943,37.415,31.884,0 days 00:27:23.355000,0 days 00:28:00.770000,0 days 00:28:32.654000,280.0,314.0,215.0,313.0,True,SOFT,2.0,True,McLaren,0 days 00:27:05.412000,2022-11-19 10:42:06.992,1,,False,,False,True,87.242,87.242
17,0 days 00:30:53.548000,RIC,3,0 days 00:02:20.894000,3.0,1.0,,,23.649,62.789,54.456,0 days 00:28:56.303000,0 days 00:29:59.092000,0 days 00:30:53.548000,220.0,224.0,217.0,218.0,False,SOFT,3.0,True,McLaren,0 days 00:28:32.654000,2022-11-19 10:43:34.234,1,,False,,False,True,140.894,140.894
18,0 days 00:32:21.058000,RIC,3,0 days 00:01:27.510000,4.0,1.0,,,17.914,37.665,31.931,0 days 00:31:11.462000,0 days 00:31:49.127000,0 days 00:32:21.058000,280.0,306.0,212.0,311.0,False,SOFT,4.0,True,McLaren,0 days 00:30:53.548000,2022-11-19 10:45:55.128,1,,False,,False,True,87.51,87.51
19,0 days 00:34:05.699000,RIC,3,0 days 00:01:44.641000,5.0,1.0,,,21.325,45.073,38.243,0 days 00:32:42.383000,0 days 00:33:27.456000,0 days 00:34:05.699000,248.0,295.0,208.0,187.0,False,SOFT,5.0,True,McLaren,0 days 00:32:21.058000,2022-11-19 10:47:22.638,1,,False,,False,True,104.641,104.64099999999999
20,0 days 00:35:35.266000,RIC,3,0 days 00:01:29.567000,6.0,1.0,,,18.082,38.7,32.785,0 days 00:34:23.781000,0 days 00:35:02.481000,0 days 00:35:35.266000,280.0,285.0,211.0,287.0,False,SOFT,6.0,True,McLaren,0 days 00:34:05.699000,2022-11-19 10:49:07.279,1,,False,,False,True,89.567,89.56700000000001
21,0 days 00:37:05.388000,RIC,3,0 days 00:01:30.122000,7.0,1.0,,,18.452,38.849,32.821,0 days 00:35:53.718000,0 days 00:36:32.567000,0 days 00:37:05.388000,272.0,289.0,210.0,293.0,False,SOFT,7.0,True,McLaren,0 days 00:35:35.266000,2022-11-19 10:50:36.846,1,,False,,False,True,90.122,90.122
22,0 days 00:38:41.544000,RIC,3,0 days 00:01:36.156000,8.0,1.0,,,18.269,38.744,39.143,0 days 00:37:23.657000,0 days 00:38:02.401000,0 days 00:38:41.544000,277.0,295.0,211.0,297.0,False,SOFT,8.0,True,McLaren,0 days 00:37:05.388000,2022-11-19 10:52:06.968,12,,False,,False,True,96.156,96.156
23,0 days 00:40:11.897000,RIC,3,0 days 00:01:30.353000,9.0,1.0,,,18.459,38.918,32.976,0 days 00:39:00.003000,0 days 00:39:38.921000,0 days 00:40:11.897000,271.0,289.0,211.0,292.0,False,SOFT,9.0,True,McLaren,0 days 00:38:41.544000,2022-11-19 10:53:43.124,1,,False,,False,True,90.353,90.353
24,0 days 00:41:49.579000,RIC,3,0 days 00:01:37.682000,10.0,1.0,,0 days 00:41:48.544000,18.256,39.118,40.308,0 days 00:40:30.153000,0 days 00:41:09.271000,0 days 00:41:49.579000,275.0,251.0,,293.0,False,SOFT,10.0,True,McLaren,0 days 00:40:11.897000,2022-11-19 10:55:13.477,1,,False,,False,False,97.682,97.682
25,0 days 00:58:31.487000,RIC,3,,11.0,2.0,0 days 00:56:34.758000,,,49.029,40.39,,0 days 00:57:51.276000,0 days 00:58:31.573000,217.0,246.0,223.0,246.0,False,SOFT,1.0,True,McLaren,0 days 00:56:34.758000,2022-11-19 11:11:36.338,1,,False,,False,False,,
26,0 days 00:59:57.437000,RIC,3,0 days 00:01:25.950000,12.0,2.0,,,17.624,36.807,31.519,0 days 00:58:49.111000,0 days 00:59:25.918000,0 days 00:59:57.437000,285.0,318.0,216.0,318.0,True,SOFT,2.0,True,McLaren,0 days 00:58:31.487000,2022-11-19 11:13:33.067,1,,False,,False,True,85.95,85.94999999999999
27,0 days 01:01:54.520000,RIC,3,0 days 00:01:57.083000,13.0,2.0,,0 days 01:01:53.420000,22.756,49.712,44.615,0 days 01:00:20.193000,0 days 01:01:09.905000,0 days 01:01:54.520000,251.0,130.0,,286.0,False,SOFT,3.0,True,McLaren,0 days 00:59:57.437000,2022-11-19 11:14:59.017,1,,False,,False,False,117.083,117.083
28,0 days 01:04:03.160000,RIC,3,0 days 00:02:08.640000,14.0,3.0,0 days 01:02:16.109000,0 days 01:04:02.049000,44.665,43.633,40.342,0 days 01:02:39.185000,0 days 01:03:22.818000,0 days 01:04:03.160000,239.0,231.0,,253.0,False,SOFT,4.0,False,McLaren,0 days 01:01:54.520000,2022-11-19 11:16:56.100,1,,False,,False,False,128.64,128.64
29,0 days 01:14:00.592000,RIC,3,,15.0,4.0,0 days 01:12:22.903000,0 days 01:13:59.393000,,40.064,38.279,,0 days 01:13:22.413000,0 days 01:14:00.592000,255.0,298.0,,267.0,False,SOFT,5.0,False,McLaren,0 days 01:04:03.160000,2022-11-19 11:19:04.740,1,,False,,False,False,,
30,0 days 01:15:56.585000,RIC,3,0 days 00:01:55.993000,16.0,5.0,0 days 01:14:21.348000,,40.337,40.83,34.826,0 days 01:14:40.929000,0 days 01:15:21.759000,0 days 01:15:56.585000,253.0,303.0,189.0,278.0,False,SOFT,6.0,False,McLaren,0 days 01:14:00.592000,2022-11-19 11:29:02.172,1,,False,,False,False,115.993,115.993
31,0 days 01:17:50.674000,RIC,3,0 days 00:01:54.089000,17.0,5.0,,,20.037,43.327,50.725,0 days 01:16:16.622000,0 days 01:16:59.949000,0 days 01:17:50.674000,247.0,243.0,22.0,269.0,False,SOFT,7.0,False,McLaren,0 days 01:15:56.585000,2022-11-19 11:30:58.165,1,,False,,False,True,114.089,114.089
32,0 days 01:19:50.491000,RIC,3,0 days 00:01:59.817000,18.0,5.0,,0 days 01:19:49.291000,40.345,42.055,37.417,0 days 01:18:31.019000,0 days 01:19:13.074000,0 days 01:19:50.491000,260.0,251.0,,302.0,False,SOFT,8.0,False,McLaren,0 days 01:17:50.674000,2022-11-19 11:32:52.254,1,,False,,False,False,119.817,119.81700000000001
33,0 days 00:30:41.532000,NOR,4,,1.0,1.0,0 days 00:28:48.471000,,,46.515,42.833,,0 days 00:29:58.898000,0 days 00:30:41.532000,248.0,272.0,218.0,250.0,False,SOFT,1.0,True,McLaren,0 days 00:28:48.471000,2022-11-19 10:43:50.051,1,,False,,False,False,,
34,0 days 00:32:13.809000,NOR,4,0 days 00:01:32.277000,2.0,1.0,,0 days 00:32:12.645000,17.798,37.818,36.661,0 days 00:30:59.330000,0 days 00:31:37.148000,0 days 00:32:13.809000,281.0,313.0,,314.0,False,SOFT,2.0,True,McLaren,0 days 00:30:41.532000,2022-11-19 10:45:43.112,1,,False,,False,False,92.277,92.277
35,0 days 00:38:00.181000,NOR,4,,3.0,2.0,0 days 00:36:05.147000,,,45.374,47.552,,0 days 00:37:12.844000,0 days 00:38:00.278000,223.0,225.0,220.0,254.0,False,SOFT,3.0,False,McLaren,0 days 00:32:13.809000,2022-11-19 10:47:15.389,1,,False,,False,False,,
36,0 days 00:39:26.900000,NOR,4,0 days 00:01:26.719000,4.0,2.0,,,17.744,37.33,31.645,0 days 00:38:17.925000,0 days 00:38:55.255000,0 days 00:39:26.900000,283.0,317.0,214.0,316.0,True,SOFT,4.0,False,McLaren,0 days 00:38:00.181000,2022-11-19 10:53:01.761,12,,False,,False,True,86.719,86.719
37,0 days 00:41:51.194000,NOR,4,0 days 00:02:24.294000,5.0,2.0,,,26.366,63.019,54.909,0 days 00:39:53.266000,0 days 00:40:56.285000,0 days 00:41:51.194000,146.0,176.0,218.0,160.0,False,SOFT,5.0,False,McLaren,0 days 00:39:26.900000,2022-11-19 10:54:28.480,1,,False,,False,True,144.294,144.29399999999998
38,0 days 00:43:18.232000,NOR,4,0 days 00:01:27.038000,6.0,2.0,,,17.782,37.448,31.808,0 days 00:42:08.976000,0 days 00:42:46.424000,0 days 00:43:18.232000,283.0,315.0,210.0,320.0,False,SOFT,6.0,False,McLaren,0 days 00:41:51.194000,2022-11-19 10:56:52.774,1,,False,,False,True,87.038,87.03800000000001
39,0 days 00:55:57.815000,NOR,4,,7.0,2.0,,0 days 00:45:32.733000,,,,,,,,,,,False,SOFT,7.0,False,McLaren,0 days 00:43:18.232000,2022-11-19 10:58:19.812,15,,False,,False,False,,
40,0 days 00:57:57.804000,NOR,4,,8.0,3.0,0 days 00:55:57.815000,,,51.281,43.974,,0 days 00:57:14.173000,0 days 00:57:57.923000,226.0,261.0,220.0,282.0,False,SOFT,1.0,True,McLaren,0 days 00:55:57.815000,2022-11-19 11:10:59.395,1,,False,,False,False,,
41,0 days 00:59:58.711000,NOR,4,0 days 00:02:00.907000,9.0,3.0,,,17.613,54.671,48.623,0 days 00:58:15.417000,0 days 00:59:10.088000,0 days 00:59:58.711000,286.0,192.0,220.0,166.0,False,SOFT,2.0,True,McLaren,0 days 00:57:57.804000,2022-11-19 11:12:59.384,1,,False,,False,True,120.907,120.90699999999998
42,0 days 01:01:24.229000,NOR,4,0 days 00:01:25.518000,10.0,3.0,,,17.564,36.783,31.171,0 days 01:00:16.275000,0 days 01:00:53.058000,0 days 01:01:24.229000,286.0,319.0,215.0,320.0,True,SOFT,3.0,True,McLaren,0 days 00:59:58.711000,2022-11-19 11:15:00.291,1,,False,,False,True,85.518,85.518
43,0 days 01:03:09.640000,NOR,4,0 days 00:01:45.411000,11.0,3.0,,0 days 01:03:08.543000,21.585,44.494,39.332,0 days 01:01:45.814000,0 days 01:02:30.308000,0 days 01:03:09.640000,252.0,220.0,,190.0,False,SOFT,4.0,True,McLaren,0 days 01:01:24.229000,2022-11-19 11:16:25.809,1,,False,,False,False,105.411,105.411
44,0 days 01:05:17.825000,NOR,4,0 days 00:02:08.185000,12.0,4.0,0 days 01:03:35.532000,0 days 01:05:16.809000,44.018,46.194,37.973,0 days 01:03:53.658000,0 days 01:04:39.852000,0 days 01:05:17.825000,254.0,251.0,,205.0,False,SOFT,5.0,False,McLaren,0 days 01:03:09.640000,2022-11-19 11:18:11.220,1,,False,,False,False,128.185,128.185
45,0 days 01:07:33.182000,NOR,4,0 days 00:02:15.357000,13.0,5.0,0 days 01:05:43.538000,0 days 01:07:32.107000,48.358,43.428,43.571,0 days 01:06:06.183000,0 days 01:06:49.611000,0 days 01:07:33.182000,244.0,118.0,,289.0,False,SOFT,6.0,False,McLaren,0 days 01:05:17.825000,2022-11-19 11:20:19.405,1,,False,,False,False,135.357,135.357
46,0 days 01:15:22.293000,NOR,4,,14.0,6.0,0 days 01:13:49.344000,,,39.931,34.695,,0 days 01:14:47.740000,0 days 01:15:22.296000,262.0,285.0,209.0,287.0,False,SOFT,7.0,False,McLaren,0 days 01:07:33.182000,2022-11-19 11:22:34.762,1,,False,,False,False,,
47,0 days 01:17:13.827000,NOR,4,0 days 00:01:51.534000,15.0,6.0,,,18.462,42.715,50.357,0 days 01:15:40.755000,0 days 01:16:23.470000,0 days 01:17:13.827000,271.0,183.0,59.0,238.0,False,SOFT,8.0,False,McLaren,0 days 01:15:22.293000,2022-11-19 11:30:23.873,1,,False,,False,True,111.534,111.534
48,0 days 01:19:16.751000,NOR,4,0 days 00:02:02.924000,16.0,6.0,,0 days 01:19:15.579000,42.814,40.368,39.742,0 days 01:17:56.641000,0 days 01:18:37.009000,0 days 01:19:16.751000,274.0,230.0,,284.0,False,SOFT,9.0,False,McLaren,0 days 01:17:13.827000,2022-11-19 11:32:15.407,1,,False,,False,False,122.924,122.924
49,0 days 00:16:59.285000,VET,5,,1.0,1.0,0 days 00:15:09.969000,0 days 00:16:58.124000,,40.511,46.66,,0 days 00:16:12.785000,0 days 00:16:59.285000,256.0,272.0,,288.0,False,HARD,1.0,True,Aston Martin,0 days 00:15:09.969000,2022-11-19 10:30:11.549,1,,False,,False,False,,
50,0 days 00:19:09.287000,VET,5,0 days 00:02:10.002000,2.0,2.0,0 days 00:17:20.554000,0 days 00:19:08.133000,40.083,40.638,49.281,0 days 00:17:39.368000,0 days 00:18:20.006000,0 days 00:19:09.287000,264.0,218.0,,293.0,False,MEDIUM,1.0,True,Aston Martin,0 days 00:16:59.285000,2022-11-19 10:32:00.865,1,,False,,False,False,130.002,130.002
51,0 days 00:31:20.167000,VET,5,,3.0,3.0,0 days 00:29:15.141000,,,48.603,55.298,,0 days 00:30:25.047000,0 days 00:31:20.294000,216.0,188.0,221.0,223.0,False,SOFT,1.0,True,Aston Martin,0 days 00:19:09.287000,2022-11-19 10:34:10.867,1,,False,,False,False,,
52,0 days 00:32:46.709000,VET,5,0 days 00:01:26.542000,4.0,3.0,,,17.737,36.978,31.827,0 days 00:31:37.904000,0 days 00:32:14.882000,0 days 00:32:46.709000,287.0,315.0,216.0,317.0,True,SOFT,2.0,True,Aston Martin,0 days 00:31:20.167000,2022-11-19 10:46:21.747,1,,False,,False,True,86.542,86.542
53,0 days 00:35:18.332000,VET,5,,5.0,3.0,,,24.195,72.05,55.381,0 days 00:33:11.064000,0 days 00:34:23.119000,0 days 00:35:18.419000,172.0,115.0,152.0,120.0,False,SOFT,3.0,True,Aston Martin,0 days 00:32:46.709000,2022-11-19 10:47:48.289,1,,False,,False,False,,151.626
54,0 days 00:37:25.815000,VET,5,0 days 00:02:07.483000,6.0,3.0,,,28.475,54.999,44.009,0 days 00:35:46.807000,0 days 00:36:41.806000,0 days 00:37:25.815000,207.0,208.0,222.0,144.0,False,SOFT,4.0,True,Aston Martin,0 days 00:35:18.332000,2022-11-19 10:50:19.912,1,,False,,False,True,127.483,127.483
55,0 days 00:38:52.296000,VET,5,0 days 00:01:26.481000,7.0,3.0,,,17.644,37.205,31.632,0 days 00:37:43.459000,0 days 00:38:20.664000,0 days 00:38:52.296000,287.0,316.0,213.0,315.0,True,SOFT,5.0,True,Aston Martin,0 days 00:37:25.815000,2022-11-19 10:52:27.395,12,,False,,False,True,86.481,86.481
56,0 days 00:41:09.120000,VET,5,0 days 00:02:16.824000,8.0,3.0,,,26.093,60.005,50.726,0 days 00:39:18.389000,0 days 00:40:18.394000,0 days 00:41:09.120000,139.0,131.0,217.0,199.0,False,SOFT,6.0,True,Aston Martin,0 days 00:38:52.296000,2022-11-19 10:53:53.876,1,,False,,False,True,136.824,136.824
57,0 days 00:42:38.581000,VET,5,0 days 00:01:29.461000,9.0,3.0,,,17.885,38.275,33.301,0 days 00:41:27.005000,0 days 00:42:05.280000,0 days 00:42:38.581000,282.0,286.0,214.0,291.0,False,SOFT,7.0,True,Aston Martin,0 days 00:41:09.120000,2022-11-19 10:56:10.700,1,,False,,False,True,89.461,89.461
58,0 days 00:59:25.240000,VET,5,,10.0,3.0,,0 days 00:44:24.845000,17.796,38.518,,0 days 00:42:56.576000,0 days 00:43:35.149000,,285.0,290.0,,292.0,False,SOFT,8.0,True,Aston Martin,0 days 00:42:38.581000,2022-11-19 10:57:40.161,15,,False,,False,False,,
59,0 days 01:01:30.439000,VET,5,,11.0,4.0,0 days 00:59:25.240000,,,57.325,46.99,,0 days 01:00:43.640000,0 days 01:01:30.460000,244.0,70.0,221.0,133.0,False,SOFT,1.0,True,Aston Martin,0 days 00:59:25.240000,2022-11-19 11:14:26.820,1,,False,,False,False,,
60,0 days 01:02:56.451000,VET,5,0 days 00:01:26.012000,12.0,4.0,,,17.593,36.985,31.434,0 days 01:01:48.032000,0 days 01:02:25.017000,0 days 01:02:56.451000,285.0,313.0,216.0,319.0,True,SOFT,2.0,True,Aston Martin,0 days 01:01:30.439000,2022-11-19 11:16:32.019,1,,False,,False,True,86.012,86.012
61,0 days 01:05:10.945000,VET,5,0 days 00:02:14.494000,13.0,4.0,,0 days 01:05:09.774000,24.891,59.892,49.711,0 days 01:03:21.342000,0 days 01:04:21.234000,0 days 01:05:10.945000,145.0,163.0,,124.0,False,SOFT,3.0,True,Aston Martin,0 days 01:02:56.451000,2022-11-19 11:17:58.031,1,,False,,False,False,134.494,134.494
62,0 days 00:37:46.125000,LAT,6,,1.0,1.0,0 days 00:35:50.894000,,,40.087,52.223,,0 days 00:36:54.098000,0 days 00:37:46.189000,267.0,281.0,216.0,307.0,False,SOFT,1.0,True,Williams,0 days 00:35:50.894000,2022-11-19 10:50:52.474,1,,False,,False,False,,
63,0 days 00:39:13.193000,LAT,6,0 days 00:01:27.068000,2.0,1.0,,,17.74,36.818,32.51,0 days 00:38:03.865000,0 days 00:38:40.683000,0 days 00:39:13.193000,293.0,325.0,218.0,328.0,True,SOFT,2.0,True,Williams,0 days 00:37:46.125000,2022-11-19 10:52:47.705,12,,False,,False,True,87.068,87.06799999999998
64,0 days 00:41:27.592000,LAT,6,0 days 00:02:14.399000,3.0,1.0,,,27.515,52.145,54.739,0 days 00:39:40.708000,0 days 00:40:32.853000,0 days 00:41:27.592000,230.0,215.0,168.0,262.0,False,SOFT,3.0,True,Williams,0 days 00:39:13.193000,2022-11-19 10:54:14.773,1,,False,,False,True,134.399,134.399
65,0 days 00:55:28.898000,LAT,6,,4.0,1.0,,0 days 00:43:56.256000,29.797,55.48,,0 days 00:41:57.609000,0 days 00:42:53.037000,,,203.0,,122.0,False,SOFT,4.0,True,Williams,0 days 00:41:27.592000,2022-11-19 10:56:29.172,15,,False,,False,False,,
66,0 days 00:57:25.952000,LAT,6,,5.0,2.0,0 days 00:55:28.898000,,,41.282,50.362,,0 days 00:56:35.827000,0 days 00:57:26.031000,274.0,289.0,223.0,316.0,False,SOFT,1.0,True,Williams,0 days 00:55:28.898000,2022-11-19 11:10:30.478,1,,False,,False,False,,
67,0 days 00:58:52.598000,LAT,6,0 days 00:01:26.646000,6.0,2.0,,,17.871,36.717,32.058,0 days 00:57:43.823000,0 days 00:58:20.540000,0 days 00:58:52.598000,293.0,325.0,217.0,329.0,True,SOFT,2.0,True,Williams,0 days 00:57:25.952000,2022-11-19 11:12:27.532,1,,False,,False,True,86.646,86.64599999999999
68,0 days 01:01:11.603000,LAT,6,0 days 00:02:19.005000,7.0,2.0,,,30.047,55.196,53.762,0 days 00:59:22.645000,0 days 01:00:17.841000,0 days 01:01:11.603000,166.0,167.0,171.0,281.0,False,SOFT,3.0,True,Williams,0 days 00:58:52.598000,2022-11-19 11:13:54.178,1,,False,,False,True,139.005,139.005
69,0 days 01:03:16.283000,LAT,6,0 days 00:02:04.680000,8.0,2.0,,,26.068,49.22,49.392,0 days 01:01:37.671000,0 days 01:02:26.891000,0 days 01:03:16.283000,245.0,257.0,223.0,306.0,False,SOFT,4.0,True,Williams,0 days 01:01:11.603000,2022-11-19 11:16:13.183,1,,False,,False,True,124.68,124.68
70,0 days 01:04:43.711000,LAT,6,0 days 00:01:27.428000,9.0,2.0,,,17.703,37.175,32.55,0 days 01:03:33.986000,0 days 01:04:11.161000,0 days 01:04:43.711000,294.0,326.0,214.0,330.0,False,SOFT,5.0,True,Williams,0 days 01:03:16.283000,2022-11-19 11:18:17.863,1,,False,,False,True,87.428,87.428
71,0 days 01:06:41.539000,LAT,6,0 days 00:01:57.828000,10.0,2.0,,0 days 01:06:40.463000,27.419,48.207,42.202,0 days 01:05:11.130000,0 days 01:05:59.337000,0 days 01:06:41.539000,235.0,274.0,,152.0,False,SOFT,6.0,True,Williams,0 days 01:04:43.711000,2022-11-19 11:19:45.291,1,,False,,False,False,117.828,117.828
72,0 days 01:14:39.654000,LAT,6,,11.0,3.0,0 days 01:12:42.871000,,,41.886,46.191,,0 days 01:13:53.598000,0 days 01:14:39.679000,284.0,286.0,224.0,323.0,False,SOFT,5.0,False,Williams,0 days 01:06:41.539000,2022-11-19 11:21:43.119,1,,False,,False,False,,
73,0 days 01:16:06.667000,LAT,6,0 days 00:01:27.013000,12.0,3.0,,,17.751,36.924,32.338,0 days 01:14:57.405000,0 days 01:15:34.329000,0 days 01:16:06.667000,289.0,327.0,215.0,331.0,False,SOFT,6.0,False,Williams,0 days 01:14:39.654000,2022-11-19 11:29:41.234,1,,False,,False,True,87.013,87.013
74,0 days 01:18:15.790000,LAT,6,0 days 00:02:09.123000,13.0,3.0,,,26.562,49.421,53.14,0 days 01:16:33.229000,0 days 01:17:22.650000,0 days 01:18:15.790000,233.0,215.0,56.0,294.0,False,SOFT,7.0,False,Williams,0 days 01:16:06.667000,2022-11-19 11:31:08.247,1,,False,,False,True,129.123,129.123
75,0 days 01:20:13.690000,LAT,6,0 days 00:01:57.900000,14.0,3.0,,0 days 01:20:12.540000,37.473,42.556,37.871,0 days 01:18:53.263000,0 days 01:19:35.819000,0 days 01:20:13.690000,255.0,293.0,,306.0,False,SOFT,8.0,False,Williams,0 days 01:18:15.790000,2022-11-19 11:33:17.370,1,,False,,False,False,117.9,117.9
76,0 days 00:35:23.787000,GAS,10,,1.0,1.0,0 days 00:33:27.071000,,,49.812,43.309,,0 days 00:34:40.677000,0 days 00:35:23.925000,251.0,268.0,214.0,282.0,False,MEDIUM,1.0,True,AlphaTauri,0 days 00:33:27.071000,2022-11-19 10:48:28.651,1,,False,,False,False,,
77,0 days 00:36:51.473000,GAS,10,0 days 00:01:27.686000,2.0,1.0,,,17.999,37.534,32.153,0 days 00:35:41.786000,0 days 00:36:19.320000,0 days 00:36:51.473000,283.0,314.0,216.0,322.0,True,MEDIUM,2.0,True,AlphaTauri,0 days 00:35:23.787000,2022-11-19 10:50:25.367,1,,False,,False,True,87.686,87.686
78,0 days 00:39:04.053000,GAS,10,0 days 00:02:12.580000,3.0,1.0,,,26.472,56.372,49.736,0 days 00:37:17.945000,0 days 00:38:14.317000,0 days 00:39:04.053000,200.0,199.0,178.0,214.0,False,MEDIUM,3.0,True,AlphaTauri,0 days 00:36:51.473000,2022-11-19 10:51:53.053,12,,False,,False,True,132.58,132.57999999999998
79,0 days 00:40:58.251000,GAS,10,0 days 00:01:54.198000,4.0,1.0,,,24.938,47.77,41.49,0 days 00:39:28.991000,0 days 00:40:16.761000,0 days 00:40:58.251000,227.0,273.0,217.0,289.0,False,MEDIUM,4.0,True,AlphaTauri,0 days 00:39:04.053000,2022-11-19 10:54:05.633,1,,False,,False,True,114.198,114.19800000000001
80,0 days 00:42:53.874000,GAS,10,0 days 00:01:55.623000,5.0,1.0,,0 days 00:42:52.530000,18.15,37.662,59.811,0 days 00:41:16.401000,0 days 00:41:54.063000,0 days 00:42:53.874000,282.0,314.0,,322.0,False,MEDIUM,5.0,True,AlphaTauri,0 days 00:40:58.251000,2022-11-19 10:55:59.831,1,,False,,False,False,115.623,115.62299999999999
81,0 days 01:08:09.977000,GAS,10,,6.0,2.0,0 days 01:06:03.221000,,,51.626,47.648,,0 days 01:07:22.525000,0 days 01:08:10.073000,174.0,240.0,220.0,193.0,False,SOFT,1.0,True,AlphaTauri,0 days 01:06:03.221000,2022-11-19 11:21:04.801,1,,False,,False,False,,
82,0 days 01:09:36.216000,GAS,10,0 days 00:01:26.239000,7.0,2.0,,,17.665,36.858,31.716,0 days 01:08:27.642000,0 days 01:09:04.500000,0 days 01:09:36.216000,285.0,321.0,216.0,324.0,True,SOFT,2.0,True,AlphaTauri,0 days 01:08:09.977000,2022-11-19 11:23:11.557,1,,False,,False,True,86.239,86.239
83,0 days 01:12:05.280000,GAS,10,0 days 00:02:29.064000,8.0,2.0,,,28.559,64.011,56.494,0 days 01:10:04.775000,0 days 01:11:08.786000,0 days 01:12:05.280000,134.0,150.0,131.0,245.0,False,SOFT,3.0,True,AlphaTauri,0 days 01:09:36.216000,2022-11-19 11:24:37.796,1,,False,,False,True,149.064,149.064
84,0 days 01:14:10.367000,GAS,10,0 days 00:02:05.087000,9.0,2.0,,,27.878,51.151,46.058,0 days 01:12:33.158000,0 days 01:13:24.309000,0 days 01:14:10.367000,214.0,267.0,221.0,255.0,False,SOFT,4.0,True,AlphaTauri,0 days 01:12:05.280000,2022-11-19 11:27:06.860,1,,False,,False,True,125.087,125.08699999999999
85,0 days 01:15:37.494000,GAS,10,0 days 00:01:27.127000,10.0,2.0,,,17.635,37.256,32.236,0 days 01:14:28.002000,0 days 01:15:05.258000,0 days 01:15:37.494000,285.0,319.0,216.0,324.0,False,SOFT,5.0,True,AlphaTauri,0 days 01:14:10.367000,2022-11-19 11:29:11.947,1,,False,,False,True,87.127,87.12700000000001
86,0 days 01:17:25.463000,GAS,10,0 days 00:01:47.969000,11.0,2.0,,,24.656,44.149,39.164,0 days 01:16:02.150000,0 days 01:16:46.299000,0 days 01:17:25.463000,178.0,278.0,74.0,276.0,False,SOFT,6.0,True,AlphaTauri,0 days 01:15:37.494000,2022-11-19 11:30:39.074,1,,False,,False,True,107.969,107.96900000000001
87,0 days 01:19:44.313000,GAS,10,0 days 00:02:18.850000,12.0,2.0,,0 days 01:19:43.266000,35.068,59.539,44.243,0 days 01:18:00.531000,0 days 01:19:00.070000,0 days 01:19:44.313000,184.0,303.0,,154.0,False,SOFT,7.0,True,AlphaTauri,0 days 01:17:25.463000,2022-11-19 11:32:27.043,1,,False,,False,False,138.85,138.85
88,0 days 00:34:03.370000,PER,11,,1.0,1.0,0 days 00:32:07.498000,,,47.485,44.322,,0 days 00:33:19.239000,0 days 00:34:03.467000,220.0,175.0,215.0,289.0,False,MEDIUM,1.0,True,Red Bull Racing,0 days 00:32:07.498000,2022-11-19 10:47:09.078,1,,False,,False,False,,
89,0 days 00:35:29.904000,PER,11,0 days 00:01:26.534000,2.0,1.0,,,17.825,36.988,31.721,0 days 00:34:21.195000,0 days 00:34:58.183000,0 days 00:35:29.904000,286.0,321.0,216.0,327.0,True,MEDIUM,2.0,True,Red Bull Racing,0 days 00:34:03.370000,2022-11-19 10:49:04.950,1,,False,,False,True,86.534,86.534
90,0 days 00:37:57.132000,PER,11,0 days 00:02:27.228000,3.0,1.0,,,28.914,57.82,60.494,0 days 00:35:58.818000,0 days 00:36:56.638000,0 days 00:37:57.132000,117.0,166.0,148.0,182.0,False,MEDIUM,3.0,True,Red Bull Racing,0 days 00:35:29.904000,2022-11-19 10:50:31.484,1,,False,,False,True,147.228,147.228
91,0 days 00:40:08.449000,PER,11,0 days 00:02:11.317000,4.0,1.0,,,28.028,54.554,48.735,0 days 00:38:25.160000,0 days 00:39:19.714000,0 days 00:40:08.449000,178.0,183.0,219.0,247.0,False,MEDIUM,4.0,True,Red Bull Racing,0 days 00:37:57.132000,2022-11-19 10:52:58.712,12,,False,,False,True,131.317,131.317
92,0 days 00:41:34.310000,PER,11,0 days 00:01:25.861000,5.0,1.0,,,17.63,36.768,31.463,0 days 00:40:26.079000,0 days 00:41:02.847000,0 days 00:41:34.310000,289.0,324.0,216.0,331.0,True,MEDIUM,5.0,True,Red Bull Racing,0 days 00:40:08.449000,2022-11-19 10:55:10.029,1,,False,,False,True,85.861,85.86099999999999
93,0 days 00:57:35.936000,PER,11,,6.0,1.0,,0 days 00:43:58.826000,26.474,63.955,,0 days 00:42:01.001000,0 days 00:43:05.005000,,169.0,120.0,,152.0,False,MEDIUM,6.0,True,Red Bull Racing,0 days 00:41:34.310000,2022-11-19 10:56:35.890,15,,False,,False,False,,
94,0 days 00:59:40.954000,PER,11,,7.0,2.0,0 days 00:57:35.936000,,,54.19,44.615,,0 days 00:58:56.471000,0 days 00:59:40.985000,180.0,162.0,221.0,200.0,False,SOFT,1.0,True,Red Bull Racing,0 days 00:57:35.936000,2022-11-19 11:12:37.516,1,,False,,False,False,,
95,0 days 01:01:05.936000,PER,11,0 days 00:01:24.982000,8.0,2.0,,,17.464,36.385,31.133,0 days 00:59:58.418000,0 days 01:00:34.803000,0 days 01:01:05.936000,288.0,324.0,216.0,329.0,True,SOFT,2.0,True,Red Bull Racing,0 days 00:59:40.954000,2022-11-19 11:14:42.534,1,,False,,False,True,84.982,84.982
96,0 days 01:03:23.058000,PER,11,0 days 00:02:17.122000,9.0,2.0,,,26.023,62.172,48.927,0 days 01:01:31.959000,0 days 01:02:34.131000,0 days 01:03:23.058000,140.0,172.0,142.0,161.0,False,SOFT,3.0,True,Red Bull Racing,0 days 01:01:05.936000,2022-11-19 11:16:07.516,1,,False,,False,True,137.122,137.12199999999999
97,0 days 01:05:46.992000,PER,11,0 days 00:02:23.934000,10.0,2.0,,,28.521,62.06,53.353,0 days 01:03:51.579000,0 days 01:04:53.639000,0 days 01:05:46.992000,157.0,219.0,221.0,159.0,False,SOFT,4.0,True,Red Bull Racing,0 days 01:03:23.058000,2022-11-19 11:18:24.638,1,,False,,False,True,143.934,143.934
98,0 days 01:07:12.026000,PER,11,0 days 00:01:25.034000,11.0,2.0,,,17.474,36.366,31.194,0 days 01:06:04.466000,0 days 01:06:40.832000,0 days 01:07:12.026000,288.0,324.0,211.0,328.0,False,SOFT,5.0,True,Red Bull Racing,0 days 01:05:46.992000,2022-11-19 11:20:48.572,1,,False,,False,True,85.034,85.034
99,0 days 01:09:07.356000,PER,11,0 days 00:01:55.330000,12.0,2.0,,0 days 01:09:06.227000,25.657,46.786,42.887,0 days 01:07:37.683000,0 days 01:08:24.469000,0 days 01:09:07.356000,208.0,183.0,,245.0,False,SOFT,6.0,True,Red Bull Racing,0 days 01:07:12.026000,2022-11-19 11:22:13.606,1,,False,,False,False,115.33,115.33
100,0 days 01:16:20.051000,PER,11,,13.0,3.0,0 days 01:14:34.380000,,,42.525,38.595,,0 days 01:15:41.544000,0 days 01:16:20.057000,214.0,238.0,198.0,250.0,False,MEDIUM,7.0,False,Red Bull Racing,0 days 01:09:07.356000,2022-11-19 11:24:08.936,1,,False,,False,False,,
101,0 days 01:18:18.702000,PER,11,0 days 00:01:58.651000,14.0,3.0,,,20.735,43.345,54.571,0 days 01:16:40.786000,0 days 01:17:24.131000,0 days 01:18:18.702000,250.0,207.0,66.0,230.0,False,MEDIUM,8.0,False,Red Bull Racing,0 days 01:16:20.051000,2022-11-19 11:31:21.631,1,,False,,False,True,118.651,118.651
102,0 days 01:20:28.905000,PER,11,0 days 00:02:10.203000,15.0,3.0,,0 days 01:20:27.719000,44.362,43.548,42.293,0 days 01:19:03.064000,0 days 01:19:46.612000,0 days 01:20:28.905000,264.0,211.0,,230.0,False,MEDIUM,9.0,False,Red Bull Racing,0 days 01:18:18.702000,2022-11-19 11:33:20.282,1,,False,,False,False,130.203,130.203
103,0 days 00:30:58.622000,ALO,14,,1.0,1.0,0 days 00:29:07.471000,,,44.931,44.399,,0 days 00:30:14.410000,0 days 00:30:58.791000,238.0,249.0,219.0,297.0,False,MEDIUM,1.0,True,Alpine,0 days 00:29:07.471000,2022-11-19 10:44:09.051,1,,False,,False,False,,
104,0 days 00:32:24.914000,ALO,14,0 days 00:01:26.292000,2.0,1.0,,,17.784,37.048,31.46,0 days 00:31:16.406000,0 days 00:31:53.454000,0 days 00:32:24.914000,287.0,315.0,213.0,325.0,True,MEDIUM,2.0,True,Alpine,0 days 00:30:58.622000,2022-11-19 10:46:00.202,1,,False,,False,True,86.292,86.292
105,0 days 00:34:38.648000,ALO,14,0 days 00:02:13.734000,3.0,1.0,,,25.667,56.691,51.376,0 days 00:32:50.581000,0 days 00:33:47.272000,0 days 00:34:38.648000,162.0,214.0,222.0,204.0,False,MEDIUM,3.0,True,Alpine,0 days 00:32:24.914000,2022-11-19 10:47:26.494,1,,False,,False,True,133.734,133.734
106,0 days 00:36:25.984000,ALO,14,0 days 00:01:47.336000,4.0,1.0,,,17.698,43.267,46.371,0 days 00:34:56.346000,0 days 00:35:39.613000,0 days 00:36:25.984000,287.0,283.0,223.0,280.0,False,MEDIUM,4.0,True,Alpine,0 days 00:34:38.648000,2022-11-19 10:49:40.228,1,,False,,False,True,107.336,107.33600000000001
107,0 days 00:37:53.251000,ALO,14,0 days 00:01:27.267000,5.0,1.0,,,17.604,37.546,32.117,0 days 00:36:43.588000,0 days 00:37:21.134000,0 days 00:37:53.251000,287.0,316.0,216.0,322.0,False,MEDIUM,5.0,True,Alpine,0 days 00:36:25.984000,2022-11-19 10:51:27.564,1,,False,,False,True,87.267,87.267
108,0 days 00:40:03.735000,ALO,14,0 days 00:02:10.484000,6.0,1.0,,,24.472,57.455,48.557,0 days 00:38:17.723000,0 days 00:39:15.178000,0 days 00:40:03.735000,159.0,238.0,221.0,146.0,False,MEDIUM,6.0,True,Alpine,0 days 00:37:53.251000,2022-11-19 10:52:54.831,12,,False,,False,True,130.484,130.48399999999998
109,0 days 00:41:42.923000,ALO,14,0 days 00:01:39.188000,7.0,1.0,,0 days 00:41:41.788000,18.112,38.559,42.517,0 days 00:40:21.847000,0 days 00:41:00.406000,0 days 00:41:42.923000,285.0,265.0,,321.0,False,MEDIUM,7.0,True,Alpine,0 days 00:40:03.735000,2022-11-19 10:55:05.315,1,,False,,False,False,99.188,99.18799999999999
110,0 days 00:54:27.013000,ALO,14,,8.0,2.0,0 days 00:42:14.257000,0 days 00:44:09.921000,51.701,45.938,,0 days 00:42:34.817000,0 days 00:43:20.766000,,237.0,224.0,,218.0,False,MEDIUM,8.0,False,Alpine,0 days 00:41:42.923000,2022-11-19 10:56:44.503,15,,False,,False,False,,
111,0 days 00:56:27.668000,ALO,14,,9.0,3.0,0 days 00:54:27.013000,,,50.249,45.543,,0 days 00:55:42.339000,0 days 00:56:27.768000,159.0,267.0,219.0,289.0,False,SOFT,1.0,True,Alpine,0 days 00:54:27.013000,2022-11-19 11:09:28.593,1,,False,,False,False,,
112,0 days 00:57:53.744000,ALO,14,0 days 00:01:26.076000,10.0,3.0,,,17.591,36.986,31.499,0 days 00:56:45.259000,0 days 00:57:22.245000,0 days 00:57:53.744000,287.0,320.0,215.0,323.0,True,SOFT,2.0,True,Alpine,0 days 00:56:27.668000,2022-11-19 11:11:29.248,1,,False,,False,True,86.076,86.076
113,0 days 01:00:10.690000,ALO,14,0 days 00:02:16.946000,11.0,3.0,,,26.576,60.441,49.929,0 days 00:58:20.320000,0 days 00:59:20.761000,0 days 01:00:10.690000,202.0,160.0,148.0,142.0,False,SOFT,3.0,True,Alpine,0 days 00:57:53.744000,2022-11-19 11:12:55.324,1,,False,,False,True,136.946,136.946
114,0 days 01:02:11.671000,ALO,14,0 days 00:02:00.981000,12.0,3.0,,,27.727,50.854,42.4,0 days 01:00:38.417000,0 days 01:01:29.271000,0 days 01:02:11.671000,145.0,258.0,222.0,260.0,False,SOFT,4.0,True,Alpine,0 days 01:00:10.690000,2022-11-19 11:15:12.270,1,,False,,False,True,120.981,120.981
115,0 days 01:03:38.253000,ALO,14,0 days 00:01:26.582000,13.0,3.0,,,17.619,37.306,31.657,0 days 01:02:29.290000,0 days 01:03:06.596000,0 days 01:03:38.253000,287.0,315.0,216.0,321.0,False,SOFT,5.0,True,Alpine,0 days 01:02:11.671000,2022-11-19 11:17:13.251,1,,False,,False,True,86.582,86.582
116,0 days 01:05:16.436000,ALO,14,0 days 00:01:38.183000,14.0,3.0,,0 days 01:05:15.352000,19.2,40.467,38.516,0 days 01:03:57.453000,0 days 01:04:37.920000,0 days 01:05:16.436000,234.0,293.0,,296.0,False,SOFT,6.0,True,Alpine,0 days 01:03:38.253000,2022-11-19 11:18:39.833,1,,False,,False,False,98.183,98.18299999999999
117,0 days 01:07:31.598000,ALO,14,0 days 00:02:15.162000,15.0,4.0,0 days 01:05:52.792000,0 days 01:07:30.518000,54.103,42.421,38.638,0 days 01:06:10.539000,0 days 01:06:52.960000,0 days 01:07:31.598000,260.0,238.0,,306.0,False,SOFT,7.0,False,Alpine,0 days 01:05:16.436000,2022-11-19 11:20:18.016,1,,False,,False,False,135.162,135.162
118,0 days 01:15:06.708000,ALO,14,,16.0,5.0,0 days 01:13:26.442000,,,43.168,38.591,,0 days 01:14:28.256000,0 days 01:15:06.708000,258.0,245.0,194.0,206.0,False,MEDIUM,9.0,False,Alpine,0 days 01:07:31.598000,2022-11-19 11:22:33.178,1,,False,,False,False,,
119,0 days 01:16:56.703000,ALO,14,0 days 00:01:49.995000,17.0,5.0,,,19.509,42.546,47.94,0 days 01:15:26.217000,0 days 01:16:08.763000,0 days 01:16:56.703000,215.0,228.0,68.0,207.0,False,MEDIUM,10.0,False,Alpine,0 days 01:15:06.708000,2022-11-19 11:30:08.288,1,,False,,False,True,109.995,109.995
120,0 days 01:19:07.336000,ALO,14,0 days 00:02:10.633000,18.0,5.0,,0 days 01:19:06.202000,52.939,39.909,37.785,0 days 01:17:49.642000,0 days 01:18:29.551000,0 days 01:19:07.336000,275.0,252.0,,267.0,False,MEDIUM,11.0,False,Alpine,0 days 01:16:56.703000,2022-11-19 11:31:58.283,1,,False,,False,False,130.633,130.63299999999998
121,0 days 00:20:42.059000,LEC,16,,1.0,1.0,0 days 00:18:50.479000,,,45.709,43.234,,0 days 00:19:59.019000,0 days 00:20:42.151000,250.0,254.0,218.0,270.0,False,MEDIUM,1.0,True,Ferrari,0 days 00:18:50.479000,2022-11-19 10:33:52.059,1,,False,,False,False,,
122,0 days 00:22:53.187000,LEC,16,0 days 00:02:11.128000,2.0,1.0,,,18.487,64.912,47.729,0 days 00:21:00.546000,0 days 00:22:05.458000,0 days 00:22:53.187000,238.0,161.0,218.0,132.0,True,MEDIUM,2.0,True,Ferrari,0 days 00:20:42.059000,2022-11-19 10:35:43.639,1,,False,,False,True,131.128,131.128
123,0 days 00:24:20.501000,LEC,16,0 days 00:01:27.314000,3.0,1.0,,,17.802,37.811,31.701,0 days 00:23:10.989000,0 days 00:23:48.800000,0 days 00:24:20.501000,287.0,316.0,218.0,320.0,True,MEDIUM,3.0,True,Ferrari,0 days 00:22:53.187000,2022-11-19 10:37:54.767,1,,False,,False,True,87.314,87.314
124,0 days 00:26:58.876000,LEC,16,,4.0,1.0,,,29.9,72.96,55.493,0 days 00:24:50.590000,0 days 00:26:03.577000,0 days 00:26:58.941000,102.0,114.0,218.0,139.0,False,MEDIUM,4.0,True,Ferrari,0 days 00:24:20.501000,2022-11-19 10:39:22.081,1,,False,,False,False,,158.35299999999998
125,0 days 00:28:25.640000,LEC,16,0 days 00:01:26.764000,5.0,1.0,,,17.727,37.447,31.59,0 days 00:27:16.603000,0 days 00:27:54.050000,0 days 00:28:25.640000,287.0,318.0,219.0,322.0,True,MEDIUM,5.0,True,Ferrari,0 days 00:26:58.876000,2022-11-19 10:42:00.456,1,,False,,False,True,86.764,86.76400000000001
126,0 days 00:31:06.937000,LEC,16,,6.0,1.0,,,24.439,81.307,55.546,0 days 00:28:50.572000,0 days 00:30:11.574000,0 days 00:31:07.021000,125.0,131.0,218.0,117.0,False,MEDIUM,6.0,True,Ferrari,0 days 00:28:25.640000,2022-11-19 10:43:27.220,1,,False,,False,False,,161.292
127,0 days 00:32:33.032000,LEC,16,0 days 00:01:26.095000,7.0,1.0,,,17.718,37.133,31.244,0 days 00:31:24.655000,0 days 00:32:01.788000,0 days 00:32:33.032000,286.0,317.0,217.0,324.0,True,MEDIUM,7.0,True,Ferrari,0 days 00:31:06.937000,2022-11-19 10:46:08.517,1,,False,,False,True,86.095,86.095
128,0 days 00:34:24.359000,LEC,16,0 days 00:01:51.327000,8.0,1.0,,0 days 00:34:23.244000,22.493,46.626,42.208,0 days 00:32:55.525000,0 days 00:33:42.151000,0 days 00:34:24.359000,197.0,211.0,,267.0,False,MEDIUM,8.0,True,Ferrari,0 days 00:32:33.032000,2022-11-19 10:47:34.612,1,,False,,False,False,111.327,111.327
129,0 days 00:43:31.401000,LEC,16,,9.0,2.0,0 days 00:41:51.463000,,,40.813,36.08,,0 days 00:42:55.450000,0 days 00:43:31.401000,251.0,285.0,210.0,297.0,False,MEDIUM,9.0,False,Ferrari,0 days 00:34:24.359000,2022-11-19 10:49:25.939,12,,False,,False,False,,
130,0 days 00:47:15.226000,LEC,16,,10.0,2.0,,0 days 00:45:34.611000,,,,,,,,,,,False,MEDIUM,10.0,False,Ferrari,0 days 00:43:31.401000,2022-11-19 10:58:32.981,15,,False,,False,False,,
131,0 days 00:48:54.087000,LEC,16,,11.0,3.0,0 days 00:47:15.226000,,,40.294,33.703,,0 days 00:48:20.511000,0 days 00:48:54.094000,263.0,275.0,213.0,285.0,False,MEDIUM,11.0,False,Ferrari,0 days 00:47:15.226000,2022-11-19 11:02:16.806,1,,False,,False,False,,
132,0 days 00:50:23.544000,LEC,16,0 days 00:01:29.457000,12.0,3.0,,,18.381,38.374,32.702,0 days 00:49:12.468000,0 days 00:49:50.842000,0 days 00:50:23.544000,280.0,293.0,214.0,297.0,False,MEDIUM,12.0,False,Ferrari,0 days 00:48:54.087000,2022-11-19 11:03:55.667,1,,False,,False,True,89.457,89.457
133,0 days 00:51:53.138000,LEC,16,0 days 00:01:29.594000,13.0,3.0,,,18.383,38.446,32.765,0 days 00:50:41.927000,0 days 00:51:20.373000,0 days 00:51:53.138000,279.0,291.0,214.0,295.0,False,MEDIUM,13.0,False,Ferrari,0 days 00:50:23.544000,2022-11-19 11:05:25.124,1,,False,,False,True,89.594,89.594
134,0 days 00:53:22.397000,LEC,16,0 days 00:01:29.259000,14.0,3.0,,,18.247,38.464,32.548,0 days 00:52:11.385000,0 days 00:52:49.849000,0 days 00:53:22.397000,278.0,296.0,214.0,299.0,False,MEDIUM,14.0,False,Ferrari,0 days 00:51:53.138000,2022-11-19 11:06:54.718,1,,False,,False,True,89.259,89.259
135,0 days 00:54:51.564000,LEC,16,0 days 00:01:29.167000,15.0,3.0,,,18.169,38.462,32.536,0 days 00:53:40.566000,0 days 00:54:19.028000,0 days 00:54:51.564000,280.0,296.0,214.0,300.0,False,MEDIUM,15.0,False,Ferrari,0 days 00:53:22.397000,2022-11-19 11:08:23.977,1,,False,,False,True,89.167,89.167
136,0 days 00:56:20.369000,LEC,16,0 days 00:01:28.805000,16.0,3.0,,,18.05,38.341,32.414,0 days 00:55:09.614000,0 days 00:55:47.955000,0 days 00:56:20.369000,287.0,298.0,211.0,300.0,False,MEDIUM,16.0,False,Ferrari,0 days 00:54:51.564000,2022-11-19 11:09:53.144,1,,False,,False,True,88.805,88.805
137,0 days 00:57:53.296000,LEC,16,0 days 00:01:32.927000,17.0,3.0,,0 days 00:57:52.108000,18.046,38.638,36.243,0 days 00:56:38.415000,0 days 00:57:17.053000,0 days 00:57:53.296000,283.0,300.0,,299.0,False,MEDIUM,17.0,False,Ferrari,0 days 00:56:20.369000,2022-11-19 11:11:21.949,1,,False,,False,False,92.927,92.92699999999999
138,0 days 01:07:45.358000,LEC,16,,18.0,4.0,0 days 01:05:36.318000,,,56.721,45.952,,0 days 01:06:59.601000,0 days 01:07:45.415000,134.0,236.0,221.0,79.0,False,SOFT,1.0,True,Ferrari,0 days 00:57:53.296000,2022-11-19 11:12:54.876,1,,False,,False,False,,
139,0 days 01:09:10.989000,LEC,16,0 days 00:01:25.631000,19.0,4.0,,,17.503,36.807,31.321,0 days 01:08:02.861000,0 days 01:08:39.668000,0 days 01:09:10.989000,287.0,319.0,217.0,321.0,True,SOFT,2.0,True,Ferrari,0 days 01:07:45.358000,2022-11-19 11:22:46.938,1,,False,,False,True,85.631,85.631
140,0 days 01:11:42.954000,LEC,16,,20.0,4.0,,0 days 01:11:41.772000,26.745,68.986,56.2,0 days 01:09:37.876000,0 days 01:10:46.881000,0 days 01:11:42.954000,152.0,135.0,,136.0,False,SOFT,3.0,True,Ferrari,0 days 01:09:10.989000,2022-11-19 11:24:12.569,1,,False,,False,False,,151.931
141,0 days 01:14:19.265000,LEC,16,,21.0,5.0,0 days 01:12:16.061000,,59.935,50.976,45.442,0 days 01:12:43.061000,0 days 01:13:33.999000,0 days 01:14:19.392000,194.0,164.0,220.0,197.0,False,SOFT,4.0,False,Ferrari,0 days 01:11:42.954000,2022-11-19 11:26:44.534,1,,False,,False,False,,156.353
142,0 days 01:15:44.836000,LEC,16,0 days 00:01:25.571000,22.0,5.0,,,17.578,36.837,31.156,0 days 01:14:36.843000,0 days 01:15:13.680000,0 days 01:15:44.836000,287.0,320.0,218.0,322.0,True,SOFT,5.0,False,Ferrari,0 days 01:14:19.265000,2022-11-19 11:29:20.845,1,,False,,False,True,85.571,85.571
143,0 days 01:17:54.609000,LEC,16,0 days 00:02:09.773000,23.0,5.0,,,21.573,55.97,52.23,0 days 01:16:06.409000,0 days 01:17:02.379000,0 days 01:17:54.609000,199.0,150.0,59.0,155.0,False,SOFT,6.0,False,Ferrari,0 days 01:15:44.836000,2022-11-19 11:30:46.416,1,,False,,False,True,129.773,129.773
144,0 days 01:20:04.852000,LEC,16,0 days 00:02:10.243000,24.0,5.0,,0 days 01:20:03.715000,49.749,41.854,38.64,0 days 01:18:44.358000,0 days 01:19:26.212000,0 days 01:20:04.852000,285.0,230.0,,229.0,False,SOFT,7.0,False,Ferrari,0 days 01:17:54.609000,2022-11-19 11:32:56.189,1,,False,,False,False,130.243,130.243
145,0 days 00:16:45.742000,STR,18,,1.0,1.0,0 days 00:15:01.893000,0 days 00:16:44.597000,,39.401,41.341,,0 days 00:16:04.560000,0 days 00:16:45.762000,261.0,294.0,,302.0,False,HARD,1.0,True,Aston Martin,0 days 00:15:01.893000,2022-11-19 10:30:03.473,1,,False,,False,False,,
146,0 days 00:18:46.160000,STR,18,0 days 00:02:00.418000,2.0,2.0,0 days 00:17:07.156000,0 days 00:18:45.011000,40.674,38.701,41.043,0 days 00:17:26.416000,0 days 00:18:05.117000,0 days 00:18:46.160000,263.0,296.0,,303.0,False,MEDIUM,1.0,True,Aston Martin,0 days 00:16:45.742000,2022-11-19 10:31:47.322,1,,False,,False,False,120.418,120.418
147,0 days 00:31:26.536000,STR,18,,3.0,3.0,0 days 00:29:32.901000,,,43.532,47.539,,0 days 00:30:39.213000,0 days 00:31:26.630000,245.0,236.0,216.0,257.0,False,SOFT,1.0,True,Aston Martin,0 days 00:18:46.160000,2022-11-19 10:33:47.740,1,,False,,False,False,,
148,0 days 00:32:53.966000,STR,18,0 days 00:01:27.430000,4.0,3.0,,,17.855,37.359,32.216,0 days 00:31:44.391000,0 days 00:32:21.750000,0 days 00:32:53.966000,284.0,314.0,213.0,316.0,True,SOFT,2.0,True,Aston Martin,0 days 00:31:26.536000,2022-11-19 10:46:28.116,1,,False,,False,True,87.43,87.43
149,0 days 00:35:23.850000,STR,18,0 days 00:02:29.884000,5.0,3.0,,,29.193,66.126,54.565,0 days 00:33:23.159000,0 days 00:34:29.285000,0 days 00:35:23.850000,168.0,131.0,163.0,157.0,False,SOFT,3.0,True,Aston Martin,0 days 00:32:53.966000,2022-11-19 10:47:55.546,1,,False,,False,True,149.884,149.88400000000001
150,0 days 00:37:39.341000,STR,18,0 days 00:02:15.491000,6.0,3.0,,,31.418,51.172,52.901,0 days 00:35:55.268000,0 days 00:36:46.440000,0 days 00:37:39.341000,208.0,197.0,216.0,227.0,False,SOFT,4.0,True,Aston Martin,0 days 00:35:23.850000,2022-11-19 10:50:25.430,1,,False,,False,True,135.491,135.491
151,0 days 00:39:06.227000,STR,18,0 days 00:01:26.886000,7.0,3.0,,,17.845,37.233,31.808,0 days 00:37:57.186000,0 days 00:38:34.419000,0 days 00:39:06.227000,283.0,316.0,215.0,315.0,True,SOFT,5.0,True,Aston Martin,0 days 00:37:39.341000,2022-11-19 10:52:40.921,12,,False,,False,True,86.886,86.886
152,0 days 00:41:19.829000,STR,18,0 days 00:02:13.602000,8.0,3.0,,,29.085,45.16,59.357,0 days 00:39:35.312000,0 days 00:40:20.472000,0 days 00:41:19.829000,178.0,215.0,208.0,249.0,False,SOFT,6.0,True,Aston Martin,0 days 00:39:06.227000,2022-11-19 10:54:07.807,1,,False,,False,True,133.602,133.602
153,0 days 00:42:48.943000,STR,18,0 days 00:01:29.114000,9.0,3.0,,,17.99,38.69,32.434,0 days 00:41:37.819000,0 days 00:42:16.509000,0 days 00:42:48.943000,281.0,285.0,213.0,288.0,False,SOFT,7.0,True,Aston Martin,0 days 00:41:19.829000,2022-11-19 10:56:21.409,1,,False,,False,True,89.114,89.11399999999999
154,0 days 00:58:55.654000,STR,18,,10.0,3.0,,0 days 00:44:38.216000,17.884,,,0 days 00:43:07.024000,,,280.0,,,286.0,False,SOFT,8.0,True,Aston Martin,0 days 00:42:48.943000,2022-11-19 10:57:50.523,15,,False,,False,False,,
155,0 days 01:00:52.261000,STR,18,,11.0,4.0,0 days 00:58:55.654000,,,43.95,45.619,,0 days 01:00:06.812000,0 days 01:00:52.328000,241.0,226.0,220.0,265.0,False,SOFT,1.0,True,Aston Martin,0 days 00:58:55.654000,2022-11-19 11:13:57.234,1,,False,,False,False,,
156,0 days 01:02:18.658000,STR,18,0 days 00:01:26.397000,12.0,4.0,,,17.761,37.034,31.602,0 days 01:01:10.022000,0 days 01:01:47.056000,0 days 01:02:18.658000,284.0,314.0,215.0,317.0,True,SOFT,2.0,True,Aston Martin,0 days 01:00:52.261000,2022-11-19 11:15:53.841,1,,False,,False,True,86.397,86.397
157,0 days 01:04:43.825000,STR,18,0 days 00:02:25.167000,13.0,4.0,,,30.607,65.928,48.632,0 days 01:02:49.265000,0 days 01:03:55.193000,0 days 01:04:43.825000,146.0,164.0,101.0,163.0,False,SOFT,3.0,True,Aston Martin,0 days 01:02:18.658000,2022-11-19 11:17:20.238,1,,False,,False,True,145.167,145.167
158,0 days 01:07:16.280000,STR,18,,14.0,4.0,,,34.512,55.302,62.576,0 days 01:05:18.548000,0 days 01:06:13.800000,0 days 01:07:16.291000,85.0,112.0,221.0,216.0,False,SOFT,4.0,True,Aston Martin,0 days 01:04:43.825000,2022-11-19 11:19:45.405,1,,False,,False,False,,152.39
159,0 days 01:08:42.751000,STR,18,0 days 00:01:26.471000,15.0,4.0,,,17.823,37.1,31.548,0 days 01:07:34.103000,0 days 01:08:11.203000,0 days 01:08:42.751000,282.0,315.0,217.0,315.0,False,SOFT,5.0,True,Aston Martin,0 days 01:07:16.280000,2022-11-19 11:22:17.860,1,,False,,False,True,86.471,86.471
160,0 days 01:11:28.861000,STR,18,,16.0,4.0,,,32.575,79.327,54.29,0 days 01:09:15.411000,0 days 01:10:34.750000,0 days 01:11:28.955000,143.0,143.0,153.0,138.0,False,SOFT,6.0,True,Aston Martin,0 days 01:08:42.751000,2022-11-19 11:23:44.331,1,,False,,False,False,,166.192
161,0 days 01:13:32.951000,STR,18,0 days 00:02:04.090000,17.0,4.0,,,27.567,54.759,41.764,0 days 01:11:56.428000,0 days 01:12:51.187000,0 days 01:13:32.951000,222.0,211.0,220.0,246.0,False,SOFT,7.0,True,Aston Martin,0 days 01:11:28.861000,2022-11-19 11:26:30.441,1,,False,,False,True,124.09,124.09
162,0 days 01:14:59.249000,STR,18,0 days 00:01:26.298000,18.0,4.0,,,17.696,37.057,31.545,0 days 01:13:50.647000,0 days 01:14:27.704000,0 days 01:14:59.249000,284.0,315.0,216.0,316.0,True,SOFT,8.0,True,Aston Martin,0 days 01:13:32.951000,2022-11-19 11:28:34.531,1,,False,,False,True,86.298,86.298
163,0 days 01:16:52.457000,STR,18,0 days 00:01:53.208000,19.0,4.0,,,21.504,43.25,48.454,0 days 01:15:20.753000,0 days 01:16:04.003000,0 days 01:16:52.457000,249.0,198.0,54.0,256.0,False,SOFT,9.0,True,Aston Martin,0 days 01:14:59.249000,2022-11-19 11:30:00.829,1,,False,,False,True,113.208,113.208
164,0 days 01:19:00.416000,STR,18,0 days 00:02:07.959000,20.0,4.0,,0 days 01:18:58.812000,47.101,41.143,39.715,0 days 01:17:39.558000,0 days 01:18:20.701000,0 days 01:19:00.416000,249.0,218.0,,269.0,False,SOFT,10.0,True,Aston Martin,0 days 01:16:52.457000,2022-11-19 11:31:54.037,1,,False,,False,False,127.959,127.959
165,0 days 00:26:06.087000,MAG,20,,1.0,1.0,0 days 00:24:07.741000,,,47.91,49.548,,0 days 00:25:16.730000,0 days 00:26:06.152000,248.0,210.0,216.0,219.0,False,SOFT,1.0,True,Haas F1 Team,0 days 00:24:07.741000,2022-11-19 10:39:09.321,1,,False,,False,False,,
166,0 days 00:27:33.610000,MAG,20,0 days 00:01:27.523000,2.0,1.0,,,18.099,37.415,32.009,0 days 00:26:24.186000,0 days 00:27:01.601000,0 days 00:27:33.610000,282.0,315.0,214.0,318.0,True,SOFT,2.0,True,Haas F1 Team,0 days 00:26:06.087000,2022-11-19 10:41:07.667,1,,False,,False,True,87.523,87.523
167,0 days 00:29:42.281000,MAG,20,0 days 00:02:08.671000,3.0,1.0,,0 days 00:29:41.167000,28.465,50.502,49.704,0 days 00:28:02.075000,0 days 00:28:52.577000,0 days 00:29:42.281000,202.0,194.0,,204.0,False,SOFT,3.0,True,Haas F1 Team,0 days 00:27:33.610000,2022-11-19 10:42:35.190,1,,False,,False,False,128.671,128.671
168,0 days 00:32:29.620000,MAG,20,,4.0,2.0,0 days 00:30:16.737000,,56.928,51.98,58.461,0 days 00:30:39.370000,0 days 00:31:31.353000,0 days 00:32:29.752000,243.0,201.0,216.0,180.0,False,SOFT,4.0,False,Haas F1 Team,0 days 00:29:42.281000,2022-11-19 10:44:43.861,1,,False,,False,False,,167.36899999999997
169,0 days 00:33:57.037000,MAG,20,0 days 00:01:27.417000,5.0,2.0,,,18.024,37.365,32.028,0 days 00:32:47.644000,0 days 00:33:25.009000,0 days 00:33:57.037000,281.0,315.0,205.0,322.0,True,SOFT,5.0,False,Haas F1 Team,0 days 00:32:29.620000,2022-11-19 10:47:31.200,1,,False,,False,True,87.417,87.417
170,0 days 00:36:02.591000,MAG,20,0 days 00:02:05.554000,6.0,2.0,,,26.24,49.505,49.809,0 days 00:34:23.277000,0 days 00:35:12.782000,0 days 00:36:02.591000,225.0,197.0,152.0,241.0,False,SOFT,6.0,False,Haas F1 Team,0 days 00:33:57.037000,2022-11-19 10:48:58.617,1,,False,,False,True,125.554,125.554
171,0 days 00:38:16.807000,MAG,20,0 days 00:02:14.216000,7.0,2.0,,,29.158,55.581,49.477,0 days 00:36:31.749000,0 days 00:37:27.330000,0 days 00:38:16.807000,188.0,188.0,217.0,162.0,False,SOFT,7.0,False,Haas F1 Team,0 days 00:36:02.591000,2022-11-19 10:51:04.171,12,,False,,False,True,134.216,134.216
172,0 days 00:39:44.311000,MAG,20,0 days 00:01:27.504000,8.0,2.0,,,18.026,37.545,31.933,0 days 00:38:34.833000,0 days 00:39:12.378000,0 days 00:39:44.311000,282.0,313.0,214.0,320.0,False,SOFT,8.0,False,Haas F1 Team,0 days 00:38:16.807000,2022-11-19 10:53:18.387,12,,False,,False,True,87.504,87.50399999999999
173,0 days 00:41:13.143000,MAG,20,0 days 00:01:28.832000,9.0,2.0,,,18.057,38.392,32.383,0 days 00:40:02.368000,0 days 00:40:40.760000,0 days 00:41:13.143000,283.0,310.0,213.0,319.0,False,SOFT,9.0,False,Haas F1 Team,0 days 00:39:44.311000,2022-11-19 10:54:45.891,1,,False,,False,True,88.832,88.832
174,0 days 00:42:59.151000,MAG,20,0 days 00:01:46.008000,10.0,2.0,,0 days 00:42:58.078000,19.079,46.62,40.309,0 days 00:41:32.222000,0 days 00:42:18.842000,0 days 00:42:59.151000,260.0,263.0,,199.0,False,SOFT,10.0,False,Haas F1 Team,0 days 00:41:13.143000,2022-11-19 10:56:14.723,1,,False,,False,False,106.008,106.008
175,0 days 00:58:01.016000,MAG,20,,11.0,3.0,0 days 00:43:22.137000,0 days 00:45:31.316000,41.177,,,0 days 00:43:40.522000,,,203.0,,,,False,SOFT,11.0,False,Haas F1 Team,0 days 00:42:59.151000,2022-11-19 10:58:00.731,15,,False,,False,False,,
176,0 days 00:59:49.944000,MAG,20,,12.0,4.0,0 days 00:58:01.016000,,,47.444,39.932,,0 days 00:59:10.137000,0 days 00:59:49.996000,244.0,221.0,220.0,216.0,False,SOFT,1.0,True,Haas F1 Team,0 days 00:58:01.016000,2022-11-19 11:13:02.596,1,,False,,False,False,,
177,0 days 01:01:16.300000,MAG,20,0 days 00:01:26.356000,13.0,4.0,,,17.742,37.039,31.575,0 days 01:00:07.686000,0 days 01:00:44.725000,0 days 01:01:16.300000,285.0,319.0,213.0,324.0,True,SOFT,2.0,True,Haas F1 Team,0 days 00:59:49.944000,2022-11-19 11:14:51.524,1,,False,,False,True,86.356,86.35600000000001
178,0 days 01:03:35.581000,MAG,20,0 days 00:02:19.281000,14.0,4.0,,,24.551,56.117,58.613,0 days 01:01:40.851000,0 days 01:02:36.968000,0 days 01:03:35.581000,189.0,191.0,139.0,188.0,False,SOFT,3.0,True,Haas F1 Team,0 days 01:01:16.300000,2022-11-19 11:16:17.880,1,,False,,False,True,139.281,139.281
179,0 days 01:06:08.116000,MAG,20,,15.0,4.0,,,33.03,61.998,57.523,0 days 01:04:08.705000,0 days 01:05:10.714000,0 days 01:06:08.170000,152.0,132.0,220.0,157.0,False,SOFT,4.0,True,Haas F1 Team,0 days 01:03:35.581000,2022-11-19 11:18:37.161,1,,False,,False,False,,152.551
180,0 days 01:08:27.723000,MAG,20,0 days 00:02:19.607000,16.0,4.0,,,19.224,60.657,59.726,0 days 01:06:27.340000,0 days 01:07:27.997000,0 days 01:08:27.723000,276.0,152.0,220.0,155.0,False,SOFT,5.0,True,Haas F1 Team,0 days 01:06:08.116000,2022-11-19 11:21:09.696,1,,False,,False,True,139.607,139.607
181,0 days 01:09:54.233000,MAG,20,0 days 00:01:26.510000,17.0,4.0,,,17.839,36.981,31.69,0 days 01:08:45.562000,0 days 01:09:22.543000,0 days 01:09:54.233000,285.0,321.0,217.0,324.0,False,SOFT,6.0,True,Haas F1 Team,0 days 01:08:27.723000,2022-11-19 11:23:29.303,1,,False,,False,True,86.51,86.51
182,0 days 01:11:36.574000,MAG,20,0 days 00:01:42.341000,18.0,4.0,,0 days 01:11:35.389000,19.507,43.716,39.118,0 days 01:10:13.740000,0 days 01:10:57.456000,0 days 01:11:36.574000,260.0,279.0,,267.0,False,SOFT,7.0,True,Haas F1 Team,0 days 01:09:54.233000,2022-11-19 11:24:55.813,1,,False,,False,False,102.341,102.34100000000001
183,0 days 01:16:21.586000,MAG,20,,19.0,5.0,0 days 01:14:36.899000,,,43.227,38.202,,0 days 01:15:43.549000,0 days 01:16:21.639000,214.0,228.0,206.0,269.0,False,SOFT,12.0,False,Haas F1 Team,0 days 01:11:36.574000,2022-11-19 11:26:38.154,1,,False,,False,False,,
184,0 days 01:18:22.123000,MAG,20,0 days 00:02:00.537000,20.0,5.0,,,21.733,50.541,48.263,0 days 01:16:43.319000,0 days 01:17:33.860000,0 days 01:18:22.123000,229.0,256.0,45.0,199.0,False,SOFT,13.0,False,Haas F1 Team,0 days 01:16:21.586000,2022-11-19 11:31:23.166,1,,False,,False,True,120.537,120.537
185,0 days 01:20:22.801000,MAG,20,0 days 00:02:00.678000,21.0,5.0,,0 days 01:20:21.607000,44.535,39.41,36.733,0 days 01:19:06.658000,0 days 01:19:46.068000,0 days 01:20:22.801000,282.0,284.0,,302.0,False,SOFT,14.0,False,Haas F1 Team,0 days 01:18:22.123000,2022-11-19 11:33:23.703,1,,False,,False,False,120.678,120.678
186,0 days 00:37:51.609000,TSU,22,,1.0,1.0,0 days 00:35:46.165000,,,44.49,55.638,,0 days 00:36:56.177000,0 days 00:37:51.722000,238.0,281.0,214.0,273.0,False,MEDIUM,1.0,True,AlphaTauri,0 days 00:35:46.165000,2022-11-19 10:50:47.745,1,,False,,False,False,,
187,0 days 00:39:19.689000,TSU,22,0 days 00:01:28.080000,2.0,1.0,,,18.071,37.626,32.383,0 days 00:38:09.680000,0 days 00:38:47.306000,0 days 00:39:19.689000,285.0,319.0,212.0,324.0,True,MEDIUM,2.0,True,AlphaTauri,0 days 00:37:51.609000,2022-11-19 10:52:53.189,12,,False,,False,True,88.08,88.08000000000001
188,0 days 00:41:33.579000,TSU,22,0 days 00:02:13.890000,3.0,1.0,,,26.355,56.415,51.12,0 days 00:39:46.044000,0 days 00:40:42.459000,0 days 00:41:33.579000,180.0,210.0,131.0,243.0,False,MEDIUM,3.0,True,AlphaTauri,0 days 00:39:19.689000,2022-11-19 10:54:21.269,1,,False,,False,True,133.89,133.89
189,0 days 00:43:34.861000,TSU,22,0 days 00:02:01.282000,4.0,1.0,,,27.755,50.847,42.68,0 days 00:42:01.334000,0 days 00:42:52.181000,0 days 00:43:34.861000,212.0,247.0,215.0,271.0,False,MEDIUM,4.0,True,AlphaTauri,0 days 00:41:33.579000,2022-11-19 10:56:35.159,1,,False,,False,True,121.282,121.28200000000001
190,0 days 00:47:52.184000,TSU,22,,5.0,1.0,,0 days 00:45:45.530000,,,,,,,,,,,False,MEDIUM,5.0,True,AlphaTauri,0 days 00:43:34.861000,2022-11-19 10:58:36.441,15,,False,,False,False,,
191,0 days 00:49:39.852000,TSU,22,,6.0,2.0,0 days 00:47:52.184000,,,42.614,42.155,,0 days 00:48:57.884000,0 days 00:49:39.943000,256.0,244.0,219.0,286.0,False,MEDIUM,6.0,False,AlphaTauri,0 days 00:47:52.184000,2022-11-19 11:02:53.764,1,,False,,False,False,,
192,0 days 00:51:07.147000,TSU,22,0 days 00:01:27.295000,7.0,2.0,,,17.867,37.33,32.098,0 days 00:49:57.719000,0 days 00:50:35.049000,0 days 00:51:07.147000,285.0,318.0,214.0,324.0,True,MEDIUM,7.0,False,AlphaTauri,0 days 00:49:39.852000,2022-11-19 11:04:41.432,1,,False,,False,True,87.295,87.295
193,0 days 00:53:27.567000,TSU,22,0 days 00:02:20.420000,8.0,2.0,,,26.551,61.352,52.517,0 days 00:51:33.698000,0 days 00:52:35.050000,0 days 00:53:27.567000,161.0,118.0,149.0,192.0,False,MEDIUM,8.0,False,AlphaTauri,0 days 00:51:07.147000,2022-11-19 11:06:08.727,1,,False,,False,True,140.42,140.42
194,0 days 00:55:27.260000,TSU,22,0 days 00:01:59.693000,9.0,2.0,,,27.385,48.756,43.552,0 days 00:53:54.952000,0 days 00:54:43.708000,0 days 00:55:27.260000,183.0,282.0,220.0,289.0,False,MEDIUM,9.0,False,AlphaTauri,0 days 00:53:27.567000,2022-11-19 11:08:29.147,1,,False,,False,True,119.693,119.69300000000001
195,0 days 00:56:54.036000,TSU,22,0 days 00:01:26.776000,10.0,2.0,,,17.724,37.024,32.028,0 days 00:55:44.984000,0 days 00:56:22.008000,0 days 00:56:54.036000,287.0,319.0,216.0,325.0,True,MEDIUM,10.0,False,AlphaTauri,0 days 00:55:27.260000,2022-11-19 11:10:28.840,1,,False,,False,True,86.776,86.77600000000001
196,0 days 00:58:35.044000,TSU,22,0 days 00:01:41.008000,11.0,2.0,,0 days 00:58:33.934000,20.313,42.077,38.618,0 days 00:57:14.349000,0 days 00:57:56.426000,0 days 00:58:35.044000,252.0,274.0,,270.0,False,MEDIUM,11.0,False,AlphaTauri,0 days 00:56:54.036000,2022-11-19 11:11:55.616,1,,False,,False,False,101.008,101.00800000000001
197,0 days 01:05:57.833000,TSU,22,,12.0,3.0,0 days 01:03:54.648000,,,51.044,45.611,,0 days 01:05:12.431000,0 days 01:05:57.970000,214.0,232.0,220.0,274.0,False,SOFT,1.0,True,AlphaTauri,0 days 00:58:35.044000,2022-11-19 11:13:36.624,1,,False,,False,False,,
198,0 days 01:07:24.295000,TSU,22,0 days 00:01:26.462000,13.0,3.0,,,17.74,37.04,31.682,0 days 01:06:15.573000,0 days 01:06:52.613000,0 days 01:07:24.295000,285.0,321.0,214.0,325.0,True,SOFT,2.0,True,AlphaTauri,0 days 01:05:57.833000,2022-11-19 11:20:59.413,1,,False,,False,True,86.462,86.462
199,0 days 01:09:46.339000,TSU,22,0 days 00:02:22.044000,14.0,3.0,,,27.466,62.309,52.269,0 days 01:07:51.761000,0 days 01:08:54.070000,0 days 01:09:46.339000,159.0,147.0,137.0,158.0,False,SOFT,3.0,True,AlphaTauri,0 days 01:07:24.295000,2022-11-19 11:22:25.875,1,,False,,False,True,142.044,142.044
200,0 days 01:11:55.889000,TSU,22,0 days 00:02:09.550000,15.0,3.0,,,29.533,55.279,44.738,0 days 01:10:15.872000,0 days 01:11:11.151000,0 days 01:11:55.889000,149.0,216.0,222.0,267.0,False,SOFT,4.0,True,AlphaTauri,0 days 01:09:46.339000,2022-11-19 11:24:47.919,1,,False,,False,True,129.55,129.55
201,0 days 01:13:22.059000,TSU,22,0 days 00:01:26.170000,16.0,3.0,,,17.645,36.923,31.602,0 days 01:12:13.534000,0 days 01:12:50.457000,0 days 01:13:22.059000,286.0,318.0,217.0,324.0,True,SOFT,5.0,True,AlphaTauri,0 days 01:11:55.889000,2022-11-19 11:26:57.469,1,,False,,False,True,86.17,86.17
202,0 days 01:15:23.268000,TSU,22,0 days 00:02:01.209000,17.0,3.0,,,25.8,51.521,43.888,0 days 01:13:47.859000,0 days 01:14:39.380000,0 days 01:15:23.268000,145.0,265.0,193.0,287.0,False,SOFT,6.0,True,AlphaTauri,0 days 01:13:22.059000,2022-11-19 11:28:23.639,1,,False,,False,True,121.209,121.209
203,0 days 01:17:20.030000,TSU,22,0 days 00:01:56.762000,18.0,3.0,,,21.467,42.061,53.234,0 days 01:15:44.735000,0 days 01:16:26.796000,0 days 01:17:20.030000,272.0,282.0,66.0,291.0,False,SOFT,7.0,True,AlphaTauri,0 days 01:15:23.268000,2022-11-19 11:30:24.848,1,,False,,False,True,116.762,116.762
204,0 days 01:19:21.164000,TSU,22,0 days 00:02:01.134000,19.0,3.0,,0 days 01:19:20.074000,41.211,38.994,40.929,0 days 01:18:01.241000,0 days 01:18:40.235000,0 days 01:19:21.164000,279.0,273.0,,307.0,False,SOFT,8.0,True,AlphaTauri,0 days 01:17:20.030000,2022-11-19 11:32:21.610,1,,False,,False,False,121.134,121.134
205,0 days 00:31:53.387000,ALB,23,,1.0,1.0,0 days 00:30:04.603000,,,41.873,45.232,,0 days 00:31:08.382000,0 days 00:31:53.511000,270.0,236.0,224.0,308.0,False,SOFT,1.0,True,Williams,0 days 00:30:04.603000,2022-11-19 10:45:06.183,1,,False,,False,False,,
206,0 days 00:33:20.446000,ALB,23,0 days 00:01:27.059000,2.0,1.0,,,17.68,37.101,32.278,0 days 00:32:11.067000,0 days 00:32:48.168000,0 days 00:33:20.446000,292.0,324.0,217.0,331.0,True,SOFT,2.0,True,Williams,0 days 00:31:53.387000,2022-11-19 10:46:54.967,1,,False,,False,True,87.059,87.059
207,0 days 00:35:27.733000,ALB,23,0 days 00:02:07.287000,3.0,1.0,,,25.066,51.297,50.924,0 days 00:33:45.512000,0 days 00:34:36.809000,0 days 00:35:27.733000,242.0,228.0,166.0,230.0,False,SOFT,3.0,True,Williams,0 days 00:33:20.446000,2022-11-19 10:48:22.026,1,,False,,False,True,127.287,127.287
208,0 days 00:37:32.998000,ALB,23,0 days 00:02:05.265000,4.0,1.0,,,24.981,49.975,50.309,0 days 00:35:52.714000,0 days 00:36:42.689000,0 days 00:37:32.998000,249.0,206.0,223.0,256.0,False,SOFT,4.0,True,Williams,0 days 00:35:27.733000,2022-11-19 10:50:29.313,1,,False,,False,True,125.265,125.265
209,0 days 00:38:59.919000,ALB,23,0 days 00:01:26.921000,5.0,1.0,,,17.621,36.954,32.346,0 days 00:37:50.619000,0 days 00:38:27.573000,0 days 00:38:59.919000,293.0,327.0,216.0,332.0,True,SOFT,5.0,True,Williams,0 days 00:37:32.998000,2022-11-19 10:52:34.578,12,,False,,False,True,86.921,86.92099999999999
210,0 days 00:41:03.792000,ALB,23,0 days 00:02:03.873000,6.0,1.0,,0 days 00:41:02.731000,22.072,54.344,47.457,0 days 00:39:21.991000,0 days 00:40:16.335000,0 days 00:41:03.792000,144.0,206.0,,179.0,False,SOFT,6.0,True,Williams,0 days 00:38:59.919000,2022-11-19 10:54:01.499,1,,False,,False,False,123.873,123.87299999999999
211,0 days 00:56:16.735000,ALB,23,,7.0,2.0,0 days 00:54:14.493000,,,42.385,47.397,,0 days 00:55:29.538000,0 days 00:56:16.841000,276.0,249.0,226.0,292.0,False,SOFT,1.0,True,Williams,0 days 00:54:14.493000,2022-11-19 11:09:16.073,1,,False,,False,False,,
212,0 days 00:57:42.786000,ALB,23,0 days 00:01:26.051000,8.0,2.0,,,17.577,36.567,31.907,0 days 00:56:34.312000,0 days 00:57:10.879000,0 days 00:57:42.786000,292.0,328.0,217.0,333.0,True,SOFT,2.0,True,Williams,0 days 00:56:16.735000,2022-11-19 11:11:18.315,1,,False,,False,True,86.051,86.051
213,0 days 00:59:53.736000,ALB,23,0 days 00:02:10.950000,9.0,2.0,,,25.23,59.045,46.675,0 days 00:58:08.016000,0 days 00:59:07.061000,0 days 00:59:53.736000,223.0,235.0,179.0,99.0,False,SOFT,3.0,True,Williams,0 days 00:57:42.786000,2022-11-19 11:12:44.366,1,,False,,False,True,130.95,130.95
214,0 days 01:01:58.364000,ALB,23,0 days 00:02:04.628000,10.0,2.0,,,29.393,46.583,48.652,0 days 01:00:23.129000,0 days 01:01:09.712000,0 days 01:01:58.364000,252.0,249.0,226.0,296.0,False,SOFT,4.0,True,Williams,0 days 00:59:53.736000,2022-11-19 11:14:55.316,1,,False,,False,True,124.628,124.628
215,0 days 01:03:24.807000,ALB,23,0 days 00:01:26.443000,11.0,2.0,,,17.516,36.857,32.07,0 days 01:02:15.880000,0 days 01:02:52.737000,0 days 01:03:24.807000,294.0,325.0,216.0,332.0,False,SOFT,5.0,True,Williams,0 days 01:01:58.364000,2022-11-19 11:16:59.944,1,,False,,False,True,86.443,86.443
216,0 days 01:05:13.111000,ALB,23,0 days 00:01:48.304000,12.0,2.0,,0 days 01:05:12.011000,24.863,41.778,41.663,0 days 01:03:49.670000,0 days 01:04:31.448000,0 days 01:05:13.111000,245.0,261.0,,234.0,False,SOFT,6.0,True,Williams,0 days 01:03:24.807000,2022-11-19 11:18:26.387,1,,False,,False,False,108.304,108.30399999999999
217,0 days 01:14:01.757000,ALB,23,,13.0,3.0,0 days 01:12:06.076000,,,42.167,49.428,,0 days 01:13:12.413000,0 days 01:14:01.765000,264.0,252.0,223.0,314.0,False,SOFT,7.0,False,Williams,0 days 01:05:13.111000,2022-11-19 11:20:14.691,1,,False,,False,False,,
218,0 days 01:15:28.887000,ALB,23,0 days 00:01:27.130000,14.0,3.0,,,17.572,37.193,32.365,0 days 01:14:19.329000,0 days 01:14:56.522000,0 days 01:15:28.887000,293.0,327.0,215.0,331.0,False,SOFT,8.0,False,Williams,0 days 01:14:01.757000,2022-11-19 11:29:03.337,1,,False,,False,True,87.13,87.13
219,0 days 01:17:25.648000,ALB,23,0 days 00:01:56.761000,15.0,3.0,,,21.861,46.898,48.002,0 days 01:15:50.748000,0 days 01:16:37.646000,0 days 01:17:25.648000,202.0,196.0,58.0,292.0,False,SOFT,9.0,False,Williams,0 days 01:15:28.887000,2022-11-19 11:30:30.467,1,,False,,False,True,116.761,116.761
220,0 days 01:19:28.039000,ALB,23,0 days 00:02:02.391000,16.0,3.0,,0 days 01:19:26.899000,42.497,42.33,37.564,0 days 01:18:08.145000,0 days 01:18:50.475000,0 days 01:19:28.039000,287.0,288.0,,265.0,False,SOFT,10.0,False,Williams,0 days 01:17:25.648000,2022-11-19 11:32:27.228,1,,False,,False,False,122.391,122.39099999999999
221,0 days 00:33:16.637000,ZHO,24,,1.0,1.0,0 days 00:31:14.201000,,,49.138,45.049,,0 days 00:32:31.815000,0 days 00:33:16.724000,218.0,221.0,213.0,249.0,False,SOFT,1.0,True,Alfa Romeo,0 days 00:31:14.201000,2022-11-19 10:46:15.781,1,,False,,False,False,,
222,0 days 00:34:44.730000,ZHO,24,0 days 00:01:28.093000,2.0,1.0,,,18.172,37.673,32.248,0 days 00:33:34.809000,0 days 00:34:12.482000,0 days 00:34:44.730000,280.0,309.0,214.0,317.0,True,SOFT,2.0,True,Alfa Romeo,0 days 00:33:16.637000,2022-11-19 10:48:18.217,1,,False,,False,True,88.093,88.09299999999999
223,0 days 00:36:58.465000,ZHO,24,0 days 00:02:13.735000,3.0,1.0,,,25.725,56.884,51.126,0 days 00:35:10.455000,0 days 00:36:07.339000,0 days 00:36:58.465000,154.0,232.0,216.0,201.0,False,SOFT,3.0,True,Alfa Romeo,0 days 00:34:44.730000,2022-11-19 10:49:46.310,1,,False,,False,True,133.735,133.735
224,0 days 00:38:25.755000,ZHO,24,0 days 00:01:27.290000,4.0,1.0,,,18.017,37.504,31.769,0 days 00:37:16.482000,0 days 00:37:53.986000,0 days 00:38:25.755000,280.0,312.0,213.0,314.0,True,SOFT,4.0,True,Alfa Romeo,0 days 00:36:58.465000,2022-11-19 10:52:00.045,12,,False,,False,True,87.29,87.28999999999999
225,0 days 00:40:36.934000,ZHO,24,0 days 00:02:11.179000,5.0,1.0,,,24.279,59.868,47.032,0 days 00:38:50.034000,0 days 00:39:49.902000,0 days 00:40:36.934000,184.0,212.0,214.0,239.0,False,SOFT,5.0,True,Alfa Romeo,0 days 00:38:25.755000,2022-11-19 10:53:27.335,21,,False,,False,True,131.179,131.179
226,0 days 00:42:06.329000,ZHO,24,0 days 00:01:29.395000,6.0,1.0,,,18.179,38.779,32.437,0 days 00:40:55.113000,0 days 00:41:33.892000,0 days 00:42:06.329000,274.0,282.0,211.0,287.0,False,SOFT,6.0,True,Alfa Romeo,0 days 00:40:36.934000,2022-11-19 10:55:38.514,1,,False,,False,True,89.395,89.395
227,0 days 00:43:36.373000,ZHO,24,0 days 00:01:30.044000,7.0,1.0,,,18.22,39.004,32.82,0 days 00:42:24.549000,0 days 00:43:03.553000,0 days 00:43:36.373000,272.0,283.0,212.0,286.0,False,SOFT,7.0,True,Alfa Romeo,0 days 00:42:06.329000,2022-11-19 10:57:07.909,1,,False,,False,True,90.044,90.044
228,0 days 00:56:45.618000,ZHO,24,,8.0,1.0,,0 days 00:45:47.242000,,,,,,,,,,,False,SOFT,8.0,True,Alfa Romeo,0 days 00:43:36.373000,2022-11-19 10:58:37.953,15,,False,,False,False,,
229,0 days 00:58:45.568000,ZHO,24,,9.0,2.0,0 days 00:56:45.618000,,,49.998,46.361,,0 days 00:57:59.387000,0 days 00:58:45.695000,228.0,231.0,219.0,262.0,False,SOFT,1.0,True,Alfa Romeo,0 days 00:56:45.618000,2022-11-19 11:11:47.198,1,,False,,False,False,,
230,0 days 01:00:12.364000,ZHO,24,0 days 00:01:26.796000,10.0,2.0,,,17.71,37.079,32.007,0 days 00:59:03.278000,0 days 00:59:40.357000,0 days 01:00:12.364000,283.0,315.0,208.0,319.0,True,SOFT,2.0,True,Alfa Romeo,0 days 00:58:45.568000,2022-11-19 11:13:47.148,1,,False,,False,True,86.796,86.79599999999999
231,0 days 01:02:33.133000,ZHO,24,0 days 00:02:20.769000,11.0,2.0,,,29.508,58.127,53.134,0 days 01:00:41.872000,0 days 01:01:39.999000,0 days 01:02:33.133000,145.0,212.0,156.0,165.0,False,SOFT,3.0,True,Alfa Romeo,0 days 01:00:12.364000,2022-11-19 11:15:13.944,1,,False,,False,True,140.769,140.769
232,0 days 01:04:37.038000,ZHO,24,0 days 00:02:03.905000,12.0,2.0,,,25.818,54.836,43.251,0 days 01:02:58.951000,0 days 01:03:53.787000,0 days 01:04:37.038000,210.0,264.0,221.0,190.0,False,SOFT,4.0,True,Alfa Romeo,0 days 01:02:33.133000,2022-11-19 11:17:34.713,1,,False,,False,True,123.905,123.905
233,0 days 01:06:03.520000,ZHO,24,0 days 00:01:26.482000,13.0,2.0,,,17.717,37.109,31.656,0 days 01:04:54.755000,0 days 01:05:31.864000,0 days 01:06:03.520000,282.0,316.0,213.0,319.0,True,SOFT,5.0,True,Alfa Romeo,0 days 01:04:37.038000,2022-11-19 11:19:38.618,1,,False,,False,True,86.482,86.482
234,0 days 01:07:57.978000,ZHO,24,0 days 00:01:54.458000,14.0,2.0,,0 days 01:07:56.876000,25.262,49.485,39.711,0 days 01:06:28.782000,0 days 01:07:18.267000,0 days 01:07:57.978000,173.0,242.0,,232.0,False,SOFT,6.0,True,Alfa Romeo,0 days 01:06:03.520000,2022-11-19 11:21:05.100,1,,False,,False,False,114.458,114.458
235,0 days 01:15:11.237000,ZHO,24,,15.0,3.0,0 days 01:13:31.173000,,,40.793,33.405,,0 days 01:14:37.958000,0 days 01:15:11.304000,251.0,280.0,209.0,284.0,False,SOFT,7.0,False,Alfa Romeo,0 days 01:07:57.978000,2022-11-19 11:22:59.558,1,,False,,False,False,,
236,0 days 01:17:09.054000,ZHO,24,0 days 00:01:57.817000,16.0,3.0,,,18.367,42.232,57.218,0 days 01:15:29.604000,0 days 01:16:11.836000,0 days 01:17:09.054000,277.0,223.0,46.0,266.0,False,SOFT,8.0,False,Alfa Romeo,0 days 01:15:11.237000,2022-11-19 11:30:12.817,1,,False,,False,True,117.817,117.81700000000001
237,0 days 01:19:19.584000,ZHO,24,0 days 00:02:10.530000,17.0,3.0,,0 days 01:19:18.410000,46.331,44.082,40.117,0 days 01:17:55.385000,0 days 01:18:39.467000,0 days 01:19:19.584000,278.0,245.0,,202.0,False,SOFT,9.0,False,Alfa Romeo,0 days 01:17:09.054000,2022-11-19 11:32:10.634,1,,False,,False,False,130.53,130.53
238,0 days 00:31:12.783000,OCO,31,,1.0,1.0,0 days 00:29:16.197000,,,43.323,50.157,,0 days 00:30:22.794000,0 days 00:31:12.834000,220.0,243.0,219.0,298.0,False,MEDIUM,1.0,True,Alpine,0 days 00:29:16.197000,2022-11-19 10:44:17.777,1,,False,,False,False,,
239,0 days 00:32:39.085000,OCO,31,0 days 00:01:26.302000,2.0,1.0,,,17.719,36.866,31.717,0 days 00:31:30.502000,0 days 00:32:07.368000,0 days 00:32:39.085000,287.0,317.0,217.0,324.0,True,MEDIUM,2.0,True,Alpine,0 days 00:31:12.783000,2022-11-19 10:46:14.363,1,,False,,False,True,86.302,86.30199999999999
240,0 days 00:34:54.356000,OCO,31,0 days 00:02:15.271000,3.0,1.0,,,25.021,61.876,48.374,0 days 00:33:04.106000,0 days 00:34:05.982000,0 days 00:34:54.356000,163.0,158.0,219.0,153.0,False,MEDIUM,3.0,True,Alpine,0 days 00:32:39.085000,2022-11-19 10:47:40.665,1,,False,,False,True,135.271,135.271
241,0 days 00:36:21.285000,OCO,31,0 days 00:01:26.929000,4.0,1.0,,,17.795,37.268,31.866,0 days 00:35:12.151000,0 days 00:35:49.419000,0 days 00:36:21.285000,288.0,315.0,217.0,322.0,False,MEDIUM,4.0,True,Alpine,0 days 00:34:54.356000,2022-11-19 10:49:55.936,1,,False,,False,True,86.929,86.929
242,0 days 00:38:45.196000,OCO,31,0 days 00:02:23.911000,5.0,1.0,,,24.062,58.77,61.079,0 days 00:36:45.347000,0 days 00:37:44.117000,0 days 00:38:45.196000,164.0,175.0,179.0,168.0,False,MEDIUM,5.0,True,Alpine,0 days 00:36:21.285000,2022-11-19 10:51:22.865,12,,False,,False,True,143.911,143.911
243,0 days 00:40:45.087000,OCO,31,0 days 00:01:59.891000,6.0,1.0,,,23.867,50.411,45.613,0 days 00:39:09.063000,0 days 00:39:59.474000,0 days 00:40:45.087000,193.0,199.0,219.0,202.0,False,MEDIUM,6.0,True,Alpine,0 days 00:38:45.196000,2022-11-19 10:53:46.776,1,,False,,False,True,119.891,119.891
244,0 days 00:42:12.353000,OCO,31,0 days 00:01:27.266000,7.0,1.0,,,17.835,37.514,31.917,0 days 00:41:02.922000,0 days 00:41:40.436000,0 days 00:42:12.353000,287.0,315.0,215.0,322.0,False,MEDIUM,7.0,True,Alpine,0 days 00:40:45.087000,2022-11-19 10:55:46.667,1,,False,,False,True,87.266,87.266
245,0 days 00:59:11.264000,OCO,31,,8.0,1.0,,0 days 00:44:03.256000,20.754,46.106,,0 days 00:42:33.262000,0 days 00:43:19.375000,,213.0,288.0,,197.0,False,MEDIUM,8.0,True,Alpine,0 days 00:42:12.353000,2022-11-19 10:57:13.933,15,,False,,False,False,,
246,0 days 01:00:58.983000,OCO,31,,9.0,2.0,0 days 00:59:11.264000,,,42.372,41.485,,0 days 01:00:17.702000,0 days 01:00:59.060000,215.0,281.0,221.0,302.0,False,SOFT,1.0,True,Alpine,0 days 00:59:11.264000,2022-11-19 11:14:12.844,1,,False,,False,False,,
247,0 days 01:02:25.056000,OCO,31,0 days 00:01:26.073000,10.0,2.0,,,17.673,36.808,31.592,0 days 01:01:16.656000,0 days 01:01:53.464000,0 days 01:02:25.056000,289.0,319.0,214.0,325.0,True,SOFT,2.0,True,Alpine,0 days 01:00:58.983000,2022-11-19 11:16:00.563,1,,False,,False,True,86.073,86.073
248,0 days 01:04:40.054000,OCO,31,0 days 00:02:14.998000,11.0,2.0,,,23.512,58.721,52.765,0 days 01:02:48.568000,0 days 01:03:47.289000,0 days 01:04:40.054000,165.0,133.0,168.0,164.0,False,SOFT,3.0,True,Alpine,0 days 01:02:25.056000,2022-11-19 11:17:26.636,1,,False,,False,True,134.998,134.998
249,0 days 01:06:50.382000,OCO,31,0 days 00:02:10.328000,12.0,2.0,,,28.703,58.809,42.816,0 days 01:05:08.757000,0 days 01:06:07.566000,0 days 01:06:50.382000,146.0,162.0,220.0,165.0,False,SOFT,4.0,True,Alpine,0 days 01:04:40.054000,2022-11-19 11:19:41.634,1,,False,,False,True,130.328,130.328
250,0 days 01:08:16.919000,OCO,31,0 days 00:01:26.537000,13.0,2.0,,,17.732,36.984,31.821,0 days 01:07:08.114000,0 days 01:07:45.098000,0 days 01:08:16.919000,286.0,320.0,215.0,323.0,False,SOFT,5.0,True,Alpine,0 days 01:06:50.382000,2022-11-19 11:21:51.962,1,,False,,False,True,86.537,86.537
251,0 days 01:10:00.456000,OCO,31,0 days 00:01:43.537000,14.0,2.0,,0 days 01:09:59.343000,19.2,47.266,37.071,0 days 01:08:36.119000,0 days 01:09:23.385000,0 days 01:10:00.456000,261.0,235.0,,211.0,False,SOFT,6.0,True,Alpine,0 days 01:08:16.919000,2022-11-19 11:23:18.499,1,,False,,False,False,103.537,103.53699999999999
252,0 days 01:15:59.434000,OCO,31,,15.0,3.0,0 days 01:14:25.691000,,,39.967,34.07,,0 days 01:15:25.519000,0 days 01:15:59.454000,263.0,286.0,208.0,304.0,False,MEDIUM,9.0,False,Alpine,0 days 01:10:00.456000,2022-11-19 11:25:02.036,1,,False,,False,False,,
253,0 days 01:17:50.507000,OCO,31,0 days 00:01:51.073000,16.0,3.0,,,19.381,41.54,50.152,0 days 01:16:18.815000,0 days 01:17:00.355000,0 days 01:17:50.507000,270.0,256.0,51.0,291.0,False,MEDIUM,10.0,False,Alpine,0 days 01:15:59.434000,2022-11-19 11:31:01.014,1,,False,,False,True,111.073,111.07300000000001
254,0 days 01:19:55.360000,OCO,31,0 days 00:02:04.853000,17.0,3.0,,0 days 01:19:54.197000,45.199,41.313,38.341,0 days 01:18:35.706000,0 days 01:19:17.019000,0 days 01:19:55.360000,265.0,228.0,,305.0,False,MEDIUM,11.0,False,Alpine,0 days 01:17:50.507000,2022-11-19 11:32:52.087,1,,False,,False,False,124.853,124.85300000000001
255,0 days 00:24:58.551000,HAM,44,,1.0,1.0,0 days 00:22:54.758000,,,49.943,45.705,,0 days 00:24:13.074000,0 days 00:24:58.644000,197.0,221.0,222.0,248.0,False,SOFT,1.0,True,Mercedes,0 days 00:22:54.758000,2022-11-19 10:37:56.338,1,,False,,False,False,,
256,0 days 00:26:24.591000,HAM,44,0 days 00:01:26.040000,2.0,1.0,,,17.672,37.148,31.22,0 days 00:25:16.223000,0 days 00:25:53.371000,0 days 00:26:24.591000,283.0,317.0,216.0,319.0,True,SOFT,2.0,True,Mercedes,0 days 00:24:58.551000,2022-11-19 10:40:00.131,1,,False,,False,True,86.04,86.04
257,0 days 00:28:39.550000,HAM,44,0 days 00:02:14.959000,3.0,1.0,,0 days 00:28:38.421000,28.947,52.117,53.895,0 days 00:26:53.538000,0 days 00:27:45.655000,0 days 00:28:39.550000,153.0,201.0,,253.0,False,SOFT,3.0,True,Mercedes,0 days 00:26:24.591000,2022-11-19 10:41:26.171,1,,False,,False,False,134.959,134.959
258,0 days 00:36:31.789000,HAM,44,,4.0,2.0,0 days 00:34:13.037000,,,51.369,59.107,,0 days 00:35:32.933000,0 days 00:36:31.913000,209.0,229.0,220.0,229.0,False,SOFT,4.0,False,Mercedes,0 days 00:28:39.550000,2022-11-19 10:43:41.130,1,,False,,False,False,,
259,0 days 00:38:07.045000,HAM,44,0 days 00:01:35.256000,5.0,2.0,,,17.736,37.1,40.42,0 days 00:36:49.525000,0 days 00:37:26.625000,0 days 00:38:07.045000,283.0,317.0,132.0,319.0,False,SOFT,5.0,False,Mercedes,0 days 00:36:31.789000,2022-11-19 10:51:33.369,1,,False,,False,True,95.256,95.256
260,0 days 00:40:39.664000,HAM,44,,6.0,2.0,,0 days 00:40:38.415000,36.761,59.627,56.111,0 days 00:38:44.025000,0 days 00:39:43.649000,0 days 00:40:39.664000,154.0,192.0,,176.0,False,SOFT,6.0,False,Mercedes,0 days 00:38:07.045000,2022-11-19 10:53:08.625,12,,False,,False,False,,152.499
261,0 days 00:43:24.486000,HAM,44,,7.0,3.0,0 days 00:41:05.567000,,59.128,55.35,50.342,0 days 00:41:38.918000,0 days 00:42:34.302000,0 days 00:43:24.486000,151.0,227.0,222.0,206.0,False,SOFT,7.0,False,Mercedes,0 days 00:40:39.664000,2022-11-19 10:55:41.244,1,,False,,False,False,,164.82
262,0 days 00:48:08.591000,HAM,44,,8.0,3.0,,0 days 00:45:30.243000,,,,,,,,,,,False,SOFT,8.0,False,Mercedes,0 days 00:43:24.486000,2022-11-19 10:58:26.066,15,,False,,False,False,,
263,0 days 00:50:09.564000,HAM,44,,9.0,4.0,0 days 00:48:08.591000,,,48.367,45.968,,0 days 00:49:23.765000,0 days 00:50:09.646000,211.0,235.0,222.0,246.0,False,SOFT,9.0,False,Mercedes,0 days 00:48:08.591000,2022-11-19 11:03:10.171,1,,False,,False,False,,
264,0 days 00:51:35.388000,HAM,44,0 days 00:01:25.824000,10.0,4.0,,,17.648,37.159,31.017,0 days 00:50:27.212000,0 days 00:51:04.371000,0 days 00:51:35.388000,283.0,316.0,217.0,319.0,True,SOFT,10.0,False,Mercedes,0 days 00:50:09.564000,2022-11-19 11:05:11.144,1,,False,,False,True,85.824,85.824
265,0 days 00:53:07.986000,HAM,44,0 days 00:01:32.598000,11.0,4.0,,0 days 00:53:06.870000,18.525,39.286,34.787,0 days 00:51:53.913000,0 days 00:52:33.199000,0 days 00:53:07.986000,262.0,291.0,,297.0,False,SOFT,11.0,False,Mercedes,0 days 00:51:35.388000,2022-11-19 11:06:36.968,1,,False,,False,False,92.598,92.598
266,0 days 00:59:02.077000,HAM,44,,12.0,5.0,0 days 00:56:54.077000,,,51.384,46.963,,0 days 00:58:15.288000,0 days 00:59:02.123000,194.0,229.0,222.0,242.0,False,SOFT,1.0,True,Mercedes,0 days 00:53:07.986000,2022-11-19 11:08:09.566,1,,False,,False,False,,
267,0 days 01:00:27.299000,HAM,44,0 days 00:01:25.222000,13.0,5.0,,,17.508,36.723,30.991,0 days 00:59:19.585000,0 days 00:59:56.308000,0 days 01:00:27.299000,286.0,317.0,214.0,320.0,True,SOFT,2.0,True,Mercedes,0 days 00:59:02.077000,2022-11-19 11:14:03.657,1,,False,,False,True,85.222,85.222
268,0 days 01:02:45.036000,HAM,44,0 days 00:02:17.737000,14.0,5.0,,0 days 01:02:43.884000,26.689,55.218,55.83,0 days 01:00:53.988000,0 days 01:01:49.206000,0 days 01:02:45.036000,183.0,167.0,,210.0,False,SOFT,3.0,True,Mercedes,0 days 01:00:27.299000,2022-11-19 11:15:28.879,1,,False,,False,False,137.737,137.73700000000002
269,0 days 01:07:05.041000,HAM,44,,15.0,6.0,0 days 01:04:56.166000,,,51.486,47.901,,0 days 01:06:17.280000,0 days 01:07:05.068000,180.0,232.0,222.0,220.0,False,SOFT,4.0,False,Mercedes,0 days 01:02:45.036000,2022-11-19 11:17:46.616,1,,False,,False,False,,
270,0 days 01:08:30.534000,HAM,44,0 days 00:01:25.493000,16.0,6.0,,,17.527,36.757,31.209,0 days 01:07:22.568000,0 days 01:07:59.325000,0 days 01:08:30.534000,283.0,318.0,217.0,320.0,False,SOFT,5.0,False,Mercedes,0 days 01:07:05.041000,2022-11-19 11:22:06.621,1,,False,,False,True,85.493,85.493
271,0 days 01:10:13.420000,HAM,44,0 days 00:01:42.886000,17.0,6.0,,0 days 01:10:12.255000,19.905,42.531,40.45,0 days 01:08:50.439000,0 days 01:09:32.970000,0 days 01:10:13.420000,263.0,133.0,,298.0,False,SOFT,6.0,False,Mercedes,0 days 01:08:30.534000,2022-11-19 11:23:32.114,1,,False,,False,False,102.886,102.886
272,0 days 01:16:23.705000,HAM,44,,18.0,7.0,0 days 01:14:46.236000,,,39.37,36.951,,0 days 01:15:46.871000,0 days 01:16:23.713000,261.0,268.0,162.0,281.0,False,SOFT,12.0,False,Mercedes,0 days 01:10:13.420000,2022-11-19 11:25:15.000,1,,False,,False,False,,
273,0 days 01:18:26.912000,HAM,44,0 days 00:02:03.207000,19.0,7.0,,,23.729,52.021,47.457,0 days 01:16:47.434000,0 days 01:17:39.455000,0 days 01:18:26.912000,192.0,171.0,61.0,204.0,False,SOFT,13.0,False,Mercedes,0 days 01:16:23.705000,2022-11-19 11:31:25.285,1,,False,,False,True,123.207,123.207
274,0 days 01:20:29.787000,HAM,44,0 days 00:02:02.875000,20.0,7.0,,0 days 01:20:28.616000,44.762,39.727,38.386,0 days 01:19:11.674000,0 days 01:19:51.401000,0 days 01:20:29.787000,274.0,274.0,,291.0,False,SOFT,14.0,False,Mercedes,0 days 01:18:26.912000,2022-11-19 11:33:28.492,1,,False,,False,False,122.875,122.875
275,0 days 00:22:19.964000,MSC,47,,1.0,1.0,0 days 00:20:21.509000,,,46.137,47.307,,0 days 00:21:32.885000,0 days 00:22:20.056000,240.0,239.0,212.0,276.0,False,SOFT,1.0,True,Haas F1 Team,0 days 00:20:21.509000,2022-11-19 10:35:23.089,1,,False,,False,False,,
276,0 days 00:23:47.931000,MSC,47,0 days 00:01:27.967000,2.0,1.0,,,18.285,37.613,32.069,0 days 00:22:38.249000,0 days 00:23:15.862000,0 days 00:23:47.931000,280.0,313.0,213.0,318.0,True,SOFT,2.0,True,Haas F1 Team,0 days 00:22:19.964000,2022-11-19 10:37:21.544,1,,False,,False,True,87.967,87.967
277,0 days 00:26:20.693000,MSC,47,,3.0,1.0,,,34.66,71.699,46.312,0 days 00:24:22.795000,0 days 00:25:34.503000,0 days 00:26:20.703000,126.0,168.0,170.0,154.0,False,SOFT,3.0,True,Haas F1 Team,0 days 00:23:47.931000,2022-11-19 10:38:49.511,1,,False,,False,False,,152.671
278,0 days 00:28:15.171000,MSC,47,0 days 00:01:54.478000,4.0,1.0,,,25.239,45.996,43.243,0 days 00:26:45.932000,0 days 00:27:31.928000,0 days 00:28:15.171000,206.0,245.0,215.0,246.0,False,SOFT,4.0,True,Haas F1 Team,0 days 00:26:20.693000,2022-11-19 10:41:22.273,1,,False,,False,True,114.478,114.47800000000001
279,0 days 00:29:42.909000,MSC,47,0 days 00:01:27.738000,5.0,1.0,,,18.201,37.489,32.048,0 days 00:28:33.372000,0 days 00:29:10.861000,0 days 00:29:42.909000,277.0,315.0,215.0,320.0,True,SOFT,5.0,True,Haas F1 Team,0 days 00:28:15.171000,2022-11-19 10:43:16.751,1,,False,,False,True,87.738,87.738
280,0 days 00:32:00.231000,MSC,47,0 days 00:02:17.322000,6.0,1.0,,,28.315,59.391,49.616,0 days 00:30:11.224000,0 days 00:31:10.615000,0 days 00:32:00.231000,151.0,155.0,209.0,192.0,False,SOFT,6.0,True,Haas F1 Team,0 days 00:29:42.909000,2022-11-19 10:44:44.489,1,,False,,False,True,137.322,137.322
281,0 days 00:33:30.362000,MSC,47,0 days 00:01:30.131000,7.0,1.0,,,18.442,38.849,32.84,0 days 00:32:18.673000,0 days 00:32:57.522000,0 days 00:33:30.362000,277.0,289.0,211.0,294.0,False,SOFT,7.0,True,Haas F1 Team,0 days 00:32:00.231000,2022-11-19 10:47:01.811,1,,False,,False,True,90.131,90.131
282,0 days 00:35:00.731000,MSC,47,0 days 00:01:30.369000,8.0,1.0,,,18.724,38.778,32.867,0 days 00:33:49.086000,0 days 00:34:27.864000,0 days 00:35:00.731000,279.0,292.0,214.0,297.0,False,SOFT,8.0,True,Haas F1 Team,0 days 00:33:30.362000,2022-11-19 10:48:31.942,1,,False,,False,True,90.369,90.369
283,0 days 00:36:30.510000,MSC,47,0 days 00:01:29.779000,9.0,1.0,,,18.189,38.702,32.888,0 days 00:35:18.920000,0 days 00:35:57.622000,0 days 00:36:30.510000,282.0,294.0,214.0,300.0,False,SOFT,9.0,True,Haas F1 Team,0 days 00:35:00.731000,2022-11-19 10:50:02.311,1,,False,,False,True,89.779,89.779
284,0 days 00:38:13.232000,MSC,47,0 days 00:01:42.722000,10.0,1.0,,0 days 00:38:12.051000,22.094,41.975,38.653,0 days 00:36:52.604000,0 days 00:37:34.579000,0 days 00:38:13.232000,253.0,280.0,,282.0,False,SOFT,10.0,True,Haas F1 Team,0 days 00:36:30.510000,2022-11-19 10:51:32.090,12,,False,,False,False,102.722,102.72200000000001
285,0 days 00:40:25.874000,MSC,47,0 days 00:02:12.642000,11.0,2.0,0 days 00:38:40.851000,0 days 00:40:24.718000,48.082,45.603,38.957,0 days 00:39:01.314000,0 days 00:39:46.917000,0 days 00:40:25.874000,256.0,267.0,,199.0,False,SOFT,11.0,False,Haas F1 Team,0 days 00:38:13.232000,2022-11-19 10:53:14.812,12,,False,,False,False,132.642,132.642
286,0 days 00:57:09.299000,MSC,47,,12.0,3.0,0 days 00:55:06.980000,,,52.42,43.647,,0 days 00:56:25.831000,0 days 00:57:09.384000,185.0,253.0,219.0,295.0,False,SOFT,1.0,True,Haas F1 Team,0 days 00:55:06.980000,2022-11-19 11:10:08.560,1,,False,,False,False,,
287,0 days 00:58:35.772000,MSC,47,0 days 00:01:26.473000,13.0,3.0,,,17.784,36.931,31.758,0 days 00:57:27.083000,0 days 00:58:04.014000,0 days 00:58:35.772000,284.0,319.0,217.0,324.0,True,SOFT,2.0,True,Haas F1 Team,0 days 00:57:09.299000,2022-11-19 11:12:10.879,1,,False,,False,True,86.473,86.473
288,0 days 01:00:48.744000,MSC,47,0 days 00:02:12.972000,14.0,3.0,,,27.111,58.662,47.199,0 days 00:59:02.883000,0 days 01:00:01.545000,0 days 01:00:48.744000,136.0,218.0,149.0,211.0,False,SOFT,3.0,True,Haas F1 Team,0 days 00:58:35.772000,2022-11-19 11:13:37.352,1,,False,,False,True,132.972,132.97199999999998
289,0 days 01:02:52.525000,MSC,47,0 days 00:02:03.781000,15.0,3.0,,,27.015,51.992,44.774,0 days 01:01:15.759000,0 days 01:02:07.751000,0 days 01:02:52.525000,141.0,190.0,218.0,232.0,False,SOFT,4.0,True,Haas F1 Team,0 days 01:00:48.744000,2022-11-19 11:15:50.324,1,,False,,False,True,123.781,123.781
290,0 days 01:04:25.809000,MSC,47,0 days 00:01:33.284000,16.0,3.0,,0 days 01:04:24.684000,17.886,39.484,35.914,0 days 01:03:10.411000,0 days 01:03:49.895000,0 days 01:04:25.809000,284.0,299.0,,323.0,False,SOFT,5.0,True,Haas F1 Team,0 days 01:02:52.525000,2022-11-19 11:17:54.105,1,,False,,False,False,93.284,93.284
291,0 days 01:15:41.669000,MSC,47,,17.0,4.0,0 days 01:14:01.475000,,,43.99,33.922,,0 days 01:15:07.918000,0 days 01:15:41.754000,249.0,294.0,208.0,305.0,False,SOFT,6.0,False,Haas F1 Team,0 days 01:04:25.809000,2022-11-19 11:19:27.389,1,,False,,False,False,,
292,0 days 01:17:28.914000,MSC,47,0 days 00:01:47.245000,18.0,4.0,,,19.58,39.29,48.375,0 days 01:16:01.249000,0 days 01:16:40.539000,0 days 01:17:28.914000,266.0,302.0,69.0,312.0,False,SOFT,7.0,False,Haas F1 Team,0 days 01:15:41.669000,2022-11-19 11:30:43.249,1,,False,,False,True,107.245,107.245
293,0 days 01:19:25.253000,MSC,47,0 days 00:01:56.339000,19.0,4.0,,0 days 01:19:24.116000,38.016,40.079,38.244,0 days 01:18:06.930000,0 days 01:18:47.009000,0 days 01:19:25.253000,276.0,284.0,,297.0,False,SOFT,8.0,False,Haas F1 Team,0 days 01:17:28.914000,2022-11-19 11:32:30.494,1,,False,,False,False,116.339,116.339
294,0 days 00:20:07.264000,SAI,55,,1.0,1.0,0 days 00:18:12.921000,,,50.18,40.725,,0 days 00:19:26.722000,0 days 00:20:07.380000,253.0,248.0,218.0,271.0,False,MEDIUM,1.0,True,Ferrari,0 days 00:18:12.921000,2022-11-19 10:33:14.501,1,,False,,False,False,,
295,0 days 00:21:35.085000,SAI,55,0 days 00:01:27.821000,2.0,1.0,,,17.843,37.428,32.55,0 days 00:20:25.107000,0 days 00:21:02.535000,0 days 00:21:35.085000,287.0,315.0,216.0,321.0,True,MEDIUM,2.0,True,Ferrari,0 days 00:20:07.264000,2022-11-19 10:35:08.844,1,,False,,False,True,87.821,87.821
296,0 days 00:24:35.338000,SAI,55,,3.0,1.0,,,36.208,85.404,58.582,0 days 00:22:11.510000,0 days 00:23:36.871000,0 days 00:24:35.367000,195.0,95.0,219.0,76.0,False,MEDIUM,3.0,True,Ferrari,0 days 00:21:35.085000,2022-11-19 10:36:36.665,1,,False,,False,False,,180.194
297,0 days 00:26:02.269000,SAI,55,0 days 00:01:26.931000,4.0,1.0,,,17.909,37.28,31.742,0 days 00:24:53.247000,0 days 00:25:30.527000,0 days 00:26:02.269000,287.0,317.0,216.0,321.0,True,MEDIUM,4.0,True,Ferrari,0 days 00:24:35.338000,2022-11-19 10:39:36.918,1,,False,,False,True,86.931,86.931
298,0 days 00:28:08.486000,SAI,55,0 days 00:02:06.217000,5.0,1.0,,0 days 00:28:07.331000,25.145,50.934,50.138,0 days 00:26:27.414000,0 days 00:27:18.348000,0 days 00:28:08.486000,225.0,156.0,,198.0,False,MEDIUM,5.0,True,Ferrari,0 days 00:26:02.269000,2022-11-19 10:41:03.849,1,,False,,False,False,126.217,126.21699999999998
299,0 days 00:30:48.096000,SAI,55,,6.0,2.0,0 days 00:28:33.198000,,54.672,54.704,50.305,0 days 00:29:03.276000,0 days 00:29:58.014000,0 days 00:30:48.213000,156.0,256.0,216.0,186.0,False,MEDIUM,6.0,False,Ferrari,0 days 00:28:08.486000,2022-11-19 10:43:10.066,1,,False,,False,False,,159.681
300,0 days 00:32:14.482000,SAI,55,0 days 00:01:26.386000,7.0,2.0,,,17.722,37.128,31.536,0 days 00:31:05.818000,0 days 00:31:42.946000,0 days 00:32:14.482000,286.0,318.0,216.0,323.0,True,MEDIUM,7.0,False,Ferrari,0 days 00:30:48.096000,2022-11-19 10:45:49.676,1,,False,,False,True,86.386,86.386
301,0 days 00:34:10.161000,SAI,55,0 days 00:01:55.679000,8.0,2.0,,0 days 00:34:09.070000,21.441,49.794,44.444,0 days 00:32:35.923000,0 days 00:33:25.717000,0 days 00:34:10.161000,240.0,188.0,,215.0,False,MEDIUM,8.0,False,Ferrari,0 days 00:32:14.482000,2022-11-19 10:47:16.062,1,,False,,False,False,115.679,115.679
302,0 days 00:47:09.737000,SAI,55,,9.0,3.0,0 days 00:41:54.057000,0 days 00:45:54.253000,,43.656,,,0 days 00:42:59.903000,,232.0,257.0,,257.0,False,MEDIUM,9.0,False,Ferrari,0 days 00:34:10.161000,2022-11-19 10:49:11.741,125,,False,,False,False,,
303,0 days 00:48:42.571000,SAI,55,,10.0,4.0,0 days 00:47:09.737000,,,39.671,33.666,,0 days 00:48:09.051000,0 days 00:48:42.587000,268.0,288.0,213.0,290.0,False,MEDIUM,10.0,False,Ferrari,0 days 00:47:09.737000,2022-11-19 11:02:11.317,1,,False,,False,False,,
304,0 days 00:50:11.729000,SAI,55,0 days 00:01:29.158000,11.0,4.0,,,18.114,38.432,32.612,0 days 00:49:00.685000,0 days 00:49:39.117000,0 days 00:50:11.729000,283.0,297.0,213.0,301.0,False,MEDIUM,11.0,False,Ferrari,0 days 00:48:42.571000,2022-11-19 11:03:44.151,1,,False,,False,True,89.158,89.15800000000002
305,0 days 00:51:40.701000,SAI,55,0 days 00:01:28.972000,12.0,4.0,,,18.155,38.35,32.467,0 days 00:50:29.884000,0 days 00:51:08.234000,0 days 00:51:40.701000,283.0,295.0,212.0,302.0,False,MEDIUM,12.0,False,Ferrari,0 days 00:50:11.729000,2022-11-19 11:05:13.309,1,,False,,False,True,88.972,88.97200000000001
306,0 days 00:53:09.940000,SAI,55,0 days 00:01:29.239000,13.0,4.0,,,18.129,38.458,32.652,0 days 00:51:58.830000,0 days 00:52:37.288000,0 days 00:53:09.940000,279.0,295.0,213.0,296.0,False,MEDIUM,13.0,False,Ferrari,0 days 00:51:40.701000,2022-11-19 11:06:42.281,1,,False,,False,True,89.239,89.239
307,0 days 00:54:39.144000,SAI,55,0 days 00:01:29.204000,14.0,4.0,,,18.175,38.55,32.479,0 days 00:53:28.115000,0 days 00:54:06.665000,0 days 00:54:39.144000,279.0,295.0,212.0,298.0,False,MEDIUM,14.0,False,Ferrari,0 days 00:53:09.940000,2022-11-19 11:08:11.520,1,,False,,False,True,89.204,89.204
308,0 days 00:56:08.613000,SAI,55,0 days 00:01:29.469000,15.0,4.0,,,18.075,38.654,32.74,0 days 00:54:57.219000,0 days 00:55:35.873000,0 days 00:56:08.613000,283.0,296.0,212.0,299.0,False,MEDIUM,15.0,False,Ferrari,0 days 00:54:39.144000,2022-11-19 11:09:40.724,1,,False,,False,True,89.469,89.469
309,0 days 00:57:40.397000,SAI,55,0 days 00:01:31.784000,16.0,4.0,,0 days 00:57:39.225000,18.11,38.652,35.022,0 days 00:56:26.723000,0 days 00:57:05.375000,0 days 00:57:40.397000,281.0,297.0,,299.0,False,MEDIUM,16.0,False,Ferrari,0 days 00:56:08.613000,2022-11-19 11:11:10.193,1,,False,,False,False,91.784,91.78399999999999
310,0 days 01:08:03.895000,SAI,55,,17.0,5.0,0 days 01:06:08.373000,,,48.824,42.732,,0 days 01:07:21.326000,0 days 01:08:04.020000,214.0,179.0,221.0,235.0,False,SOFT,1.0,True,Ferrari,0 days 00:57:40.397000,2022-11-19 11:12:41.977,1,,False,,False,False,,
311,0 days 01:09:29.525000,SAI,55,0 days 00:01:25.630000,18.0,5.0,,,17.57,36.817,31.243,0 days 01:08:21.465000,0 days 01:08:58.282000,0 days 01:09:29.525000,287.0,319.0,216.0,321.0,True,SOFT,2.0,True,Ferrari,0 days 01:08:03.895000,2022-11-19 11:23:05.475,1,,False,,False,True,85.63,85.63
312,0 days 01:12:04.436000,SAI,55,,19.0,5.0,,,25.713,70.087,59.057,0 days 01:09:55.435000,0 days 01:11:05.496000,0 days 01:12:04.436000,170.0,133.0,122.0,130.0,False,SOFT,3.0,True,Ferrari,0 days 01:09:29.525000,2022-11-19 11:24:31.105,1,,False,,False,False,,154.85700000000003
313,0 days 01:14:25.777000,SAI,55,0 days 00:02:21.341000,20.0,5.0,,,32.366,59.289,49.686,0 days 01:12:36.802000,0 days 01:13:36.091000,0 days 01:14:25.777000,139.0,178.0,220.0,150.0,False,SOFT,4.0,True,Ferrari,0 days 01:12:04.436000,2022-11-19 11:27:06.016,1,,False,,False,True,141.341,141.341
314,0 days 01:15:51.382000,SAI,55,0 days 00:01:25.605000,21.0,5.0,,,17.565,36.821,31.219,0 days 01:14:43.342000,0 days 01:15:20.163000,0 days 01:15:51.382000,287.0,320.0,215.0,322.0,True,SOFT,5.0,True,Ferrari,0 days 01:14:25.777000,2022-11-19 11:29:27.357,1,,False,,False,True,85.605,85.60499999999999
315,0 days 01:18:11.260000,SAI,55,0 days 00:02:19.878000,22.0,5.0,,,22.709,63.74,53.429,0 days 01:16:14.091000,0 days 01:17:17.831000,0 days 01:18:11.260000,187.0,152.0,84.0,154.0,False,SOFT,6.0,True,Ferrari,0 days 01:15:51.382000,2022-11-19 11:30:52.962,1,,False,,False,True,139.878,139.878
316,0 days 01:20:18.468000,SAI,55,0 days 00:02:07.208000,23.0,5.0,,0 days 01:20:17.297000,45.711,39.871,41.626,0 days 01:18:56.971000,0 days 01:19:36.842000,0 days 01:20:18.468000,287.0,239.0,,248.0,False,SOFT,7.0,True,Ferrari,0 days 01:18:11.260000,2022-11-19 11:33:12.840,1,,False,,False,False,127.208,127.208
317,0 days 00:24:43.363000,RUS,63,,1.0,1.0,0 days 00:22:35.989000,,,51.719,52.804,,0 days 00:23:50.722000,0 days 00:24:43.433000,245.0,155.0,222.0,227.0,False,SOFT,1.0,True,Mercedes,0 days 00:22:35.989000,2022-11-19 10:37:37.569,1,,False,,False,False,,
318,0 days 00:26:09.893000,RUS,63,0 days 00:01:26.530000,2.0,1.0,,,17.773,37.134,31.623,0 days 00:25:01.136000,0 days 00:25:38.270000,0 days 00:26:09.893000,284.0,318.0,218.0,322.0,True,SOFT,2.0,True,Mercedes,0 days 00:24:43.363000,2022-11-19 10:39:44.943,1,,False,,False,True,86.53,86.53
319,0 days 00:28:10.037000,RUS,63,0 days 00:02:00.144000,3.0,1.0,,0 days 00:28:08.925000,23.117,46.539,50.488,0 days 00:26:33.010000,0 days 00:27:19.549000,0 days 00:28:10.037000,247.0,173.0,,228.0,False,SOFT,3.0,True,Mercedes,0 days 00:26:09.893000,2022-11-19 10:41:11.473,1,,False,,False,False,120.144,120.144
320,0 days 00:35:40.668000,RUS,63,,4.0,2.0,0 days 00:33:31.298000,,,49.272,56.597,,0 days 00:34:44.181000,0 days 00:35:40.685000,242.0,202.0,222.0,209.0,False,SOFT,4.0,False,Mercedes,0 days 00:28:10.037000,2022-11-19 10:43:11.617,1,,False,,False,False,,
321,0 days 00:37:07.186000,RUS,63,0 days 00:01:26.518000,5.0,2.0,,,17.65,37.16,31.708,0 days 00:35:58.318000,0 days 00:36:35.478000,0 days 00:37:07.186000,286.0,317.0,216.0,323.0,True,SOFT,5.0,False,Mercedes,0 days 00:35:40.668000,2022-11-19 10:50:42.248,1,,False,,False,True,86.518,86.518
322,0 days 00:38:51.047000,RUS,63,0 days 00:01:43.861000,6.0,2.0,,0 days 00:38:49.868000,20.752,43.143,39.966,0 days 00:37:27.938000,0 days 00:38:11.081000,0 days 00:38:51.047000,255.0,246.0,,232.0,False,SOFT,6.0,False,Mercedes,0 days 00:37:07.186000,2022-11-19 10:52:08.766,12,,False,,False,False,103.861,103.86099999999999
323,0 days 00:56:36.059000,RUS,63,,7.0,3.0,0 days 00:54:35.809000,,,43.817,51.916,,0 days 00:55:44.334000,0 days 00:56:36.112000,256.0,253.0,224.0,261.0,False,SOFT,1.0,True,Mercedes,0 days 00:54:35.809000,2022-11-19 11:09:37.389,1,,False,,False,False,,
324,0 days 00:58:01.454000,RUS,63,0 days 00:01:25.395000,8.0,3.0,,,17.468,36.605,31.322,0 days 00:56:53.527000,0 days 00:57:30.132000,0 days 00:58:01.454000,288.0,321.0,210.0,323.0,True,SOFT,2.0,True,Mercedes,0 days 00:56:36.059000,2022-11-19 11:11:37.639,1,,False,,False,True,85.395,85.395
325,0 days 01:00:16.591000,RUS,63,0 days 00:02:15.137000,9.0,3.0,,0 days 01:00:15.492000,25.483,54.518,55.136,0 days 00:58:26.937000,0 days 00:59:21.455000,0 days 01:00:16.591000,229.0,179.0,,141.0,False,SOFT,3.0,True,Mercedes,0 days 00:58:01.454000,2022-11-19 11:13:03.034,1,,False,,False,False,135.137,135.137
326,0 days 01:06:58.129000,RUS,63,,10.0,4.0,0 days 01:04:48.576000,,,55.912,47.073,,0 days 01:06:11.148000,0 days 01:06:58.141000,201.0,204.0,223.0,208.0,False,SOFT,4.0,False,Mercedes,0 days 01:00:16.591000,2022-11-19 11:15:18.171,1,,False,,False,False,,
327,0 days 01:08:23.795000,RUS,63,0 days 00:01:25.666000,11.0,4.0,,,17.606,36.767,31.293,0 days 01:07:15.735000,0 days 01:07:52.502000,0 days 01:08:23.795000,287.0,321.0,217.0,322.0,False,SOFT,5.0,False,Mercedes,0 days 01:06:58.129000,2022-11-19 11:21:59.709,1,,False,,False,True,85.666,85.666
328,0 days 01:10:04.791000,RUS,63,0 days 00:01:40.996000,12.0,4.0,,0 days 01:10:03.594000,20.238,43.273,37.485,0 days 01:08:44.033000,0 days 01:09:27.306000,0 days 01:10:04.791000,222.0,242.0,,264.0,False,SOFT,6.0,False,Mercedes,0 days 01:08:23.795000,2022-11-19 11:23:25.375,1,,False,,False,False,100.996,100.99600000000001
329,0 days 01:16:44.096000,RUS,63,,13.0,5.0,0 days 01:14:50.308000,,,47.519,46.618,,0 days 01:15:57.598000,0 days 01:16:44.096000,247.0,181.0,168.0,246.0,False,SOFT,7.0,False,Mercedes,0 days 01:10:04.791000,2022-11-19 11:25:06.371,1,,False,,False,False,,
330,0 days 01:18:54.397000,RUS,63,0 days 00:02:10.301000,14.0,5.0,,,27.547,48.528,54.226,0 days 01:17:11.643000,0 days 01:18:00.171000,0 days 01:18:54.397000,223.0,200.0,59.0,237.0,False,SOFT,8.0,False,Mercedes,0 days 01:16:44.096000,2022-11-19 11:31:45.676,1,,False,,False,True,130.301,130.301
331,0 days 01:20:57.763000,RUS,63,0 days 00:02:03.366000,15.0,5.0,,0 days 01:20:56.608000,45.007,40.27,38.089,0 days 01:19:39.404000,0 days 01:20:19.674000,0 days 01:20:57.763000,269.0,241.0,,298.0,False,SOFT,9.0,False,Mercedes,0 days 01:18:54.397000,2022-11-19 11:33:55.977,1,,False,,False,False,123.366,123.366
332,0 days 00:33:19.090000,BOT,77,,1.0,1.0,0 days 00:31:17.013000,,,52.033,43.561,,0 days 00:32:35.716000,0 days 00:33:19.166000,125.0,236.0,214.0,235.0,False,SOFT,1.0,True,Alfa Romeo,0 days 00:31:17.013000,2022-11-19 10:46:18.593,1,,False,,False,False,,
333,0 days 00:34:46.424000,BOT,77,0 days 00:01:27.334000,2.0,1.0,,,17.99,37.471,31.873,0 days 00:33:37.080000,0 days 00:34:14.551000,0 days 00:34:46.424000,281.0,313.0,215.0,320.0,True,SOFT,2.0,True,Alfa Romeo,0 days 00:33:19.090000,2022-11-19 10:48:20.670,1,,False,,False,True,87.334,87.334
334,0 days 00:37:02.962000,BOT,77,0 days 00:02:16.538000,3.0,1.0,,,25.573,64.54,46.425,0 days 00:35:11.997000,0 days 00:36:16.537000,0 days 00:37:02.962000,153.0,108.0,218.0,155.0,False,SOFT,3.0,True,Alfa Romeo,0 days 00:34:46.424000,2022-11-19 10:49:48.004,1,,False,,False,True,136.538,136.538
335,0 days 00:38:33.298000,BOT,77,0 days 00:01:30.336000,4.0,1.0,,,17.945,37.449,34.942,0 days 00:37:20.907000,0 days 00:37:58.356000,0 days 00:38:33.298000,281.0,315.0,188.0,318.0,False,SOFT,4.0,True,Alfa Romeo,0 days 00:37:02.962000,2022-11-19 10:52:04.542,12,,False,,False,True,90.336,90.336
336,0 days 00:40:40.482000,BOT,77,0 days 00:02:07.184000,5.0,1.0,,,24.462,54.148,48.574,0 days 00:38:57.760000,0 days 00:39:51.908000,0 days 00:40:40.482000,201.0,223.0,215.0,202.0,False,SOFT,5.0,True,Alfa Romeo,0 days 00:38:33.298000,2022-11-19 10:53:34.878,21,,False,,False,True,127.184,127.184
337,0 days 00:42:09.071000,BOT,77,0 days 00:01:28.589000,6.0,1.0,,,18.09,38.391,32.108,0 days 00:40:58.572000,0 days 00:41:36.963000,0 days 00:42:09.071000,280.0,289.0,213.0,295.0,False,SOFT,6.0,True,Alfa Romeo,0 days 00:40:40.482000,2022-11-19 10:55:42.062,1,,False,,False,True,88.589,88.589
338,0 days 00:43:38.623000,BOT,77,0 days 00:01:29.552000,7.0,1.0,,,18.125,38.713,32.714,0 days 00:42:27.196000,0 days 00:43:05.909000,0 days 00:43:38.623000,274.0,285.0,212.0,287.0,False,SOFT,7.0,True,Alfa Romeo,0 days 00:42:09.071000,2022-11-19 10:57:10.651,1,,False,,False,True,89.552,89.55199999999999
339,0 days 00:56:48.215000,BOT,77,,8.0,1.0,,0 days 00:45:53.168000,,,,,,,,,,,False,SOFT,8.0,True,Alfa Romeo,0 days 00:43:38.623000,2022-11-19 10:58:40.203,15,,False,,False,False,,
340,0 days 00:58:51.080000,BOT,77,,9.0,2.0,0 days 00:56:48.215000,,,49.931,46.024,,0 days 00:58:05.236000,0 days 00:58:51.171000,202.0,237.0,220.0,272.0,False,SOFT,1.0,True,Alfa Romeo,0 days 00:56:48.215000,2022-11-19 11:11:49.795,1,,False,,False,False,,
341,0 days 01:00:17.269000,BOT,77,0 days 00:01:26.189000,10.0,2.0,,,17.803,36.852,31.534,0 days 00:59:08.883000,0 days 00:59:45.735000,0 days 01:00:17.269000,284.0,316.0,219.0,321.0,True,SOFT,2.0,True,Alfa Romeo,0 days 00:58:51.080000,2022-11-19 11:13:52.660,1,,False,,False,True,86.189,86.189
342,0 days 01:02:45.653000,BOT,77,0 days 00:02:28.384000,11.0,2.0,,,26.04,66.252,56.092,0 days 01:00:43.309000,0 days 01:01:49.561000,0 days 01:02:45.653000,165.0,71.0,133.0,165.0,False,SOFT,3.0,True,Alfa Romeo,0 days 01:00:17.269000,2022-11-19 11:15:18.849,1,,False,,False,True,148.384,148.38400000000001
343,0 days 01:05:00.378000,BOT,77,0 days 00:02:14.725000,12.0,2.0,,,30.384,57.101,47.24,0 days 01:03:16.037000,0 days 01:04:13.138000,0 days 01:05:00.378000,194.0,253.0,221.0,223.0,False,SOFT,4.0,True,Alfa Romeo,0 days 01:02:45.653000,2022-11-19 11:17:47.233,1,,False,,False,True,134.725,134.725
344,0 days 01:06:26.592000,BOT,77,0 days 00:01:26.214000,13.0,2.0,,,17.745,36.935,31.534,0 days 01:05:18.123000,0 days 01:05:55.058000,0 days 01:06:26.592000,283.0,317.0,216.0,320.0,False,SOFT,5.0,True,Alfa Romeo,0 days 01:05:00.378000,2022-11-19 11:20:01.958,1,,False,,False,True,86.214,86.214
345,0 days 01:08:26.274000,BOT,77,0 days 00:01:59.682000,14.0,2.0,,0 days 01:08:25.127000,25.253,47.202,47.227,0 days 01:06:51.845000,0 days 01:07:39.047000,0 days 01:08:26.274000,191.0,208.0,,207.0,False,SOFT,6.0,True,Alfa Romeo,0 days 01:06:26.592000,2022-11-19 11:21:28.172,1,,False,,False,False,119.682,119.68199999999999
346,0 days 01:16:02.052000,BOT,77,,15.0,3.0,0 days 01:14:28.855000,,,39.408,32.916,,0 days 01:15:29.315000,0 days 01:16:02.064000,262.0,284.0,213.0,286.0,False,SOFT,7.0,False,Alfa Romeo,0 days 01:08:26.274000,2022-11-19 11:23:27.854,1,,False,,False,False,,
347,0 days 01:17:56.784000,BOT,77,0 days 00:01:54.732000,16.0,3.0,,,18.26,47.821,48.651,0 days 01:16:20.312000,0 days 01:17:08.133000,0 days 01:17:56.784000,269.0,211.0,54.0,231.0,False,SOFT,8.0,False,Alfa Romeo,0 days 01:16:02.052000,2022-11-19 11:31:03.632,1,,False,,False,True,114.732,114.732
348,0 days 01:20:02.542000,BOT,77,0 days 00:02:05.758000,17.0,3.0,,0 days 01:20:01.340000,43.112,43.028,39.618,0 days 01:18:39.896000,0 days 01:19:22.924000,0 days 01:20:02.542000,282.0,237.0,,235.0,False,SOFT,9.0,False,Alfa Romeo,0 days 01:17:56.784000,2022-11-19 11:32:58.364,1,,False,,False,False,125.758,125.75800000000001
