,Time,Driver,DriverNumber,LapTime,LapNumber,Stint,PitOutTime,PitInTime,Sector1Time,Sector2Time,Sector3Time,Sector1SessionTime,Sector2SessionTime,Sector3SessionTime,SpeedI1,SpeedI2,SpeedFL,SpeedST,IsPersonalBest,Compound,TyreLife,FreshTyre,Team,LapStartTime,LapStartDate,TrackStatus,Position,Deleted,DeletedReason,FastF1Generated,IsAccurate,LapTime_in_seconds,laptime_sum_sectortimes
0,0 days 00:33:48.173000,VER,1,,1.0,1.0,0 days 00:32:05.317000,,,42.579,25.99,,0 days 00:33:22.391000,0 days 00:33:48.280000,263.0,161.0,261.0,,False,SOFT,1.0,True,Red Bull Racing,0 days 00:32:05.317000,2025-08-02 10:47:05.785,1,,False,,False,False,,
1,0 days 00:35:04.720000,VER,1,0 days 00:01:16.547000,2.0,1.0,,,27.972,27.036,21.539,0 days 00:34:16.145000,0 days 00:34:43.181000,0 days 00:35:04.720000,280.0,254.0,260.0,308.0,True,SOFT,2.0,True,Red Bull Racing,0 days 00:33:48.173000,2025-08-02 10:48:48.641,1,,False,,False,True,76.547,76.547
2,0 days 00:37:31.370000,VER,1,0 days 00:02:26.650000,3.0,1.0,,,55.701,52.588,38.361,0 days 00:36:00.421000,0 days 00:36:53.009000,0 days 00:37:31.370000,113.0,131.0,139.0,184.0,False,SOFT,3.0,True,Red Bull Racing,0 days 00:35:04.720000,2025-08-02 10:50:05.188,1,,False,,False,True,146.65,146.65
3,0 days 00:39:39.464000,VER,1,0 days 00:02:08.094000,4.0,1.0,,,52.839,48.008,27.247,0 days 00:38:24.209000,0 days 00:39:12.217000,0 days 00:39:39.464000,150.0,167.0,259.0,154.0,False,SOFT,4.0,True,Red Bull Racing,0 days 00:37:31.370000,2025-08-02 10:52:31.838,1,,False,,False,True,128.094,128.094
4,0 days 00:40:55.666000,VER,1,0 days 00:01:16.202000,5.0,1.0,,,27.832,26.89,21.48,0 days 00:40:07.296000,0 days 00:40:34.186000,0 days 00:40:55.666000,282.0,255.0,258.0,306.0,True,SOFT,5.0,True,Red Bull Racing,0 days 00:39:39.464000,2025-08-02 10:54:39.932,1,,False,,False,True,76.202,76.202
5,0 days 00:42:16.992000,VER,1,0 days 00:01:21.326000,6.0,1.0,,,29.341,29.161,22.824,0 days 00:41:25.007000,0 days 00:41:54.168000,0 days 00:42:16.992000,264.0,246.0,249.0,286.0,False,SOFT,6.0,True,Red Bull Racing,0 days 00:40:55.666000,2025-08-02 10:55:56.134,1,,False,,False,True,81.326,81.32600000000001
6,0 days 00:43:37.306000,VER,1,0 days 00:01:20.314000,7.0,1.0,,,29.075,28.73,22.509,0 days 00:42:46.067000,0 days 00:43:14.797000,0 days 00:43:37.306000,279.0,246.0,249.0,294.0,False,SOFT,7.0,True,Red Bull Racing,0 days 00:42:16.992000,2025-08-02 10:57:17.460,1,,False,,False,True,80.314,80.314
7,0 days 00:44:57.395000,VER,1,0 days 00:01:20.089000,8.0,1.0,,,29.002,28.572,22.515,0 days 00:44:06.308000,0 days 00:44:34.880000,0 days 00:44:57.395000,276.0,248.0,250.0,293.0,False,SOFT,8.0,True,Red Bull Racing,0 days 00:43:37.306000,2025-08-02 10:58:37.774,1,,False,,False,True,80.089,80.089
8,0 days 00:46:17.413000,VER,1,0 days 00:01:20.018000,9.0,1.0,,,28.921,28.344,22.753,0 days 00:45:26.316000,0 days 00:45:54.660000,0 days 00:46:17.413000,280.0,250.0,250.0,290.0,False,SOFT,9.0,True,Red Bull Racing,0 days 00:44:57.395000,2025-08-02 10:59:57.863,1,,False,,False,True,80.018,80.018
9,0 days 00:47:36.993000,VER,1,0 days 00:01:19.580000,10.0,1.0,,,28.74,28.348,22.492,0 days 00:46:46.153000,0 days 00:47:14.501000,0 days 00:47:36.993000,283.0,253.0,251.0,299.0,False,SOFT,10.0,True,Red Bull Racing,0 days 00:46:17.413000,2025-08-02 11:01:17.881,1,,False,,False,True,79.58,79.58
10,0 days 00:49:03.910000,VER,1,0 days 00:01:26.917000,11.0,1.0,,0 days 00:49:02.205000,30.334,29.901,26.682,0 days 00:48:07.327000,0 days 00:48:37.228000,0 days 00:49:03.910000,263.0,235.0,,287.0,False,SOFT,11.0,True,Red Bull Racing,0 days 00:47:36.993000,2025-08-02 11:02:37.461,1,,False,,False,False,86.917,86.917
11,0 days 01:01:05.187000,VER,1,,12.0,2.0,0 days 00:59:26.948000,,,39.459,24.76,,0 days 01:00:40.633000,0 days 01:01:05.248000,230.0,187.0,261.0,287.0,False,SOFT,1.0,True,Red Bull Racing,0 days 00:49:03.910000,2025-08-02 11:04:04.378,1,,False,,False,False,,
12,0 days 01:02:21.349000,VER,1,0 days 00:01:16.162000,13.0,2.0,,,27.788,26.648,21.726,0 days 01:01:32.975000,0 days 01:01:59.623000,0 days 01:02:21.349000,282.0,256.0,257.0,307.0,True,SOFT,2.0,True,Red Bull Racing,0 days 01:01:05.187000,2025-08-02 11:16:05.655,1,,False,,False,True,76.162,76.162
13,0 days 01:04:15.836000,VER,1,0 days 00:01:54.487000,14.0,2.0,,0 days 01:04:14.018000,42.464,40.095,31.928,0 days 01:03:03.813000,0 days 01:03:43.908000,0 days 01:04:15.836000,182.0,183.0,,169.0,False,SOFT,3.0,True,Red Bull Racing,0 days 01:02:21.349000,2025-08-02 11:17:21.817,12,,False,,False,False,114.487,114.487
14,0 days 01:13:42.112000,VER,1,,15.0,3.0,0 days 01:11:47.894000,,,46.539,26.084,,0 days 01:13:16.295000,0 days 01:13:42.136000,166.0,167.0,258.0,169.0,False,SOFT,4.0,False,Red Bull Racing,0 days 01:04:15.836000,2025-08-02 11:19:16.304,1,,False,,False,False,,
15,0 days 01:14:58.527000,VER,1,0 days 00:01:16.415000,16.0,3.0,,,27.873,26.908,21.634,0 days 01:14:09.985000,0 days 01:14:36.893000,0 days 01:14:58.527000,282.0,256.0,256.0,307.0,False,SOFT,5.0,False,Red Bull Racing,0 days 01:13:42.112000,2025-08-02 11:28:42.580,1,,False,,False,True,76.415,76.415
16,0 days 01:16:53.689000,VER,1,0 days 00:01:55.162000,17.0,3.0,,,40.961,40.477,33.724,0 days 01:15:39.488000,0 days 01:16:19.965000,0 days 01:16:53.689000,182.0,151.0,156.0,194.0,False,SOFT,6.0,False,Red Bull Racing,0 days 01:14:58.527000,2025-08-02 11:29:58.995,1,,False,,False,True,115.162,115.16199999999998
17,0 days 01:19:17.439000,VER,1,0 days 00:02:23.750000,18.0,3.0,,,37.126,33.141,73.483,0 days 01:17:30.815000,0 days 01:18:03.956000,0 days 01:19:17.439000,236.0,196.0,4.0,180.0,False,SOFT,7.0,False,Red Bull Racing,0 days 01:16:53.689000,2025-08-02 11:31:54.157,1,,False,,False,True,143.75,143.75
18,0 days 01:20:49.047000,VER,1,0 days 00:01:31.608000,19.0,3.0,,0 days 01:20:47.240000,33.966,31.379,26.263,0 days 01:19:51.405000,0 days 01:20:22.784000,0 days 01:20:49.047000,231.0,234.0,,253.0,False,SOFT,8.0,False,Red Bull Racing,0 days 01:19:17.439000,2025-08-02 11:34:17.907,1,,False,,False,False,91.608,91.608
19,0 days 00:18:13.290000,NOR,4,,1.0,1.0,0 days 00:16:25.514000,0 days 00:18:11.461000,,37.802,30.793,,0 days 00:17:42.612000,0 days 00:18:13.290000,210.0,193.0,,,False,HARD,1.0,True,McLaren,0 days 00:16:25.514000,2025-08-02 10:31:25.982,1,,False,,False,False,,
20,0 days 00:35:19.696000,NOR,4,,2.0,2.0,0 days 00:33:18.937000,,,43.059,26.809,,0 days 00:34:53.145000,0 days 00:35:19.861000,231.0,176.0,257.0,,False,SOFT,1.0,True,McLaren,0 days 00:18:13.290000,2025-08-02 10:33:13.758,1,,False,,False,False,,
21,0 days 00:37:16.790000,NOR,4,0 days 00:01:57.094000,3.0,2.0,,,35.016,51.612,30.466,0 days 00:35:54.712000,0 days 00:36:46.324000,0 days 00:37:16.790000,123.0,168.0,255.0,301.0,True,SOFT,2.0,True,McLaren,0 days 00:35:19.696000,2025-08-02 10:50:20.164,1,,False,,False,True,117.094,117.094
22,0 days 00:38:33.459000,NOR,4,0 days 00:01:16.669000,4.0,2.0,,,28.063,27.188,21.418,0 days 00:37:44.853000,0 days 00:38:12.041000,0 days 00:38:33.459000,273.0,253.0,254.0,301.0,True,SOFT,3.0,True,McLaren,0 days 00:37:16.790000,2025-08-02 10:52:17.258,1,,False,,False,True,76.669,76.669
23,0 days 00:40:41.564000,NOR,4,0 days 00:02:08.105000,5.0,2.0,,0 days 00:40:39.324000,43.315,48.398,36.392,0 days 00:39:16.774000,0 days 00:40:05.172000,0 days 00:40:41.564000,163.0,162.0,,214.0,False,SOFT,4.0,True,McLaren,0 days 00:38:33.459000,2025-08-02 10:53:33.927,1,,False,,False,False,128.105,128.105
24,0 days 00:43:07.895000,NOR,4,0 days 00:02:26.331000,6.0,3.0,0 days 00:41:02.262000,,66.133,46.644,33.554,0 days 00:41:47.697000,0 days 00:42:34.341000,0 days 00:43:07.895000,138.0,148.0,254.0,214.0,False,SOFT,5.0,False,McLaren,0 days 00:40:41.564000,2025-08-02 10:55:42.032,1,,False,,False,False,146.331,146.331
25,0 days 00:44:24.111000,NOR,4,0 days 00:01:16.216000,7.0,3.0,,,27.944,26.809,21.463,0 days 00:43:35.839000,0 days 00:44:02.648000,0 days 00:44:24.111000,275.0,251.0,258.0,301.0,True,SOFT,6.0,False,McLaren,0 days 00:43:07.895000,2025-08-02 10:58:08.363,1,,False,,False,True,76.216,76.21600000000001
26,0 days 00:46:30.222000,NOR,4,0 days 00:02:06.111000,8.0,3.0,,0 days 00:46:29.241000,39.169,49.685,37.257,0 days 00:45:03.280000,0 days 00:45:52.965000,0 days 00:46:30.222000,160.0,143.0,,305.0,False,SOFT,7.0,False,McLaren,0 days 00:44:24.111000,2025-08-02 10:59:24.579,1,,False,,False,False,126.111,126.11099999999999
27,0 days 00:49:03.118000,NOR,4,,9.0,4.0,0 days 00:46:58.474000,,72.258,43.539,37.088,0 days 00:47:42.805000,0 days 00:48:26.349000,0 days 00:49:03.203000,150.0,180.0,256.0,305.0,False,SOFT,8.0,False,McLaren,0 days 00:46:30.222000,2025-08-02 11:01:30.690,1,,False,,False,False,,152.885
28,0 days 00:50:19.233000,NOR,4,0 days 00:01:16.115000,10.0,4.0,,,27.944,26.75,21.421,0 days 00:49:31.062000,0 days 00:49:57.812000,0 days 00:50:19.233000,274.0,256.0,254.0,302.0,True,SOFT,9.0,False,McLaren,0 days 00:49:03.118000,2025-08-02 11:04:03.586,1,,False,,False,True,76.115,76.11500000000001
29,0 days 00:51:58.175000,NOR,4,0 days 00:01:38.942000,11.0,4.0,,0 days 00:51:56.451000,33.882,38.24,26.82,0 days 00:50:53.115000,0 days 00:51:31.355000,0 days 00:51:58.175000,243.0,204.0,,301.0,False,SOFT,10.0,False,McLaren,0 days 00:50:19.233000,2025-08-02 11:05:19.701,1,,False,,False,False,98.942,98.94200000000001
30,0 days 01:00:04.045000,NOR,4,,12.0,5.0,0 days 00:58:20.474000,,,40.512,25.271,,0 days 00:59:38.939000,0 days 01:00:04.104000,202.0,184.0,262.0,301.0,False,SOFT,1.0,True,McLaren,0 days 00:51:58.175000,2025-08-02 11:06:58.643,1,,False,,False,False,,
31,0 days 01:01:18.993000,NOR,4,0 days 00:01:14.948000,13.0,5.0,,,27.577,26.302,21.069,0 days 01:00:31.622000,0 days 01:00:57.924000,0 days 01:01:18.993000,279.0,258.0,260.0,307.0,True,SOFT,2.0,True,McLaren,0 days 01:00:04.045000,2025-08-02 11:15:04.513,1,,False,,False,True,74.948,74.94800000000001
32,0 days 01:03:16.849000,NOR,4,0 days 00:01:57.856000,14.0,5.0,,0 days 01:03:14.989000,40.923,42.425,34.508,0 days 01:01:59.916000,0 days 01:02:42.341000,0 days 01:03:16.849000,161.0,159.0,,250.0,False,SOFT,3.0,True,McLaren,0 days 01:01:18.993000,2025-08-02 11:16:19.461,1,,False,,False,False,117.856,117.856
33,0 days 01:07:29.274000,NOR,4,,15.0,6.0,0 days 01:05:37.878000,,,42.401,27.562,,0 days 01:07:01.861000,0 days 01:07:29.294000,176.0,166.0,260.0,250.0,False,SOFT,4.0,False,McLaren,0 days 01:03:16.849000,2025-08-02 11:18:17.317,12,,False,,False,False,,
34,0 days 01:08:44.611000,NOR,4,0 days 00:01:15.337000,16.0,6.0,,,27.645,26.45,21.242,0 days 01:07:56.919000,0 days 01:08:23.369000,0 days 01:08:44.611000,278.0,257.0,261.0,308.0,False,SOFT,5.0,False,McLaren,0 days 01:07:29.274000,2025-08-02 11:22:29.742,1,,False,,False,True,75.337,75.337
35,0 days 01:10:22.856000,NOR,4,0 days 00:01:38.245000,17.0,6.0,,0 days 01:10:20.908000,32.381,35.781,30.083,0 days 01:09:16.992000,0 days 01:09:52.773000,0 days 01:10:22.856000,254.0,225.0,,254.0,False,SOFT,6.0,False,McLaren,0 days 01:08:44.611000,2025-08-02 11:23:45.079,1,,False,,False,False,98.245,98.245
36,0 days 01:16:21.018000,NOR,4,,18.0,7.0,0 days 01:14:45.550000,,,33.647,24.909,,0 days 01:15:56.332000,0 days 01:16:21.037000,218.0,212.0,233.0,254.0,False,SOFT,11.0,False,McLaren,0 days 01:10:22.856000,2025-08-02 11:25:23.324,1,,False,,False,False,,
37,0 days 01:18:37.381000,NOR,4,0 days 00:02:16.363000,19.0,7.0,,,34.294,39.594,62.475,0 days 01:16:55.312000,0 days 01:17:34.906000,0 days 01:18:37.381000,185.0,179.0,4.0,270.0,False,SOFT,12.0,False,McLaren,0 days 01:16:21.018000,2025-08-02 11:31:21.486,1,,False,,False,True,136.363,136.363
38,0 days 01:20:29.897000,NOR,4,0 days 00:01:52.516000,20.0,7.0,,0 days 01:20:28.699000,34.559,36.246,41.711,0 days 01:19:11.940000,0 days 01:19:48.186000,0 days 01:20:29.897000,237.0,159.0,,256.0,False,SOFT,13.0,False,McLaren,0 days 01:18:37.381000,2025-08-02 11:33:37.849,1,,False,,False,False,112.516,112.516
39,0 days 00:34:59.303000,BOR,5,,1.0,1.0,0 days 00:33:12.718000,,,36.899,32.44,,0 days 00:34:27.014000,0 days 00:34:59.322000,240.0,224.0,257.0,,False,SOFT,1.0,True,Kick Sauber,0 days 00:33:12.718000,2025-08-02 10:48:13.186,1,,False,,False,False,,
40,0 days 00:36:16.402000,BOR,5,0 days 00:01:17.099000,2.0,1.0,,,28.247,27.276,21.576,0 days 00:35:27.550000,0 days 00:35:54.826000,0 days 00:36:16.402000,278.0,252.0,256.0,304.0,True,SOFT,2.0,True,Kick Sauber,0 days 00:34:59.303000,2025-08-02 10:49:59.771,1,,False,,False,True,77.099,77.09899999999999
41,0 days 00:38:30.874000,BOR,5,0 days 00:02:14.472000,3.0,1.0,,0 days 00:38:29.263000,49.732,48.79,35.95,0 days 00:37:06.134000,0 days 00:37:54.924000,0 days 00:38:30.874000,125.0,151.0,,222.0,False,SOFT,3.0,True,Kick Sauber,0 days 00:36:16.402000,2025-08-02 10:51:16.870,1,,False,,False,False,134.472,134.47199999999998
42,0 days 00:42:15.032000,BOR,5,,4.0,2.0,0 days 00:40:31.716000,,,39.449,25.848,,0 days 00:41:49.432000,0 days 00:42:15.127000,195.0,213.0,260.0,222.0,False,SOFT,4.0,False,Kick Sauber,0 days 00:38:30.874000,2025-08-02 10:53:31.342,1,,False,,False,False,,
43,0 days 00:43:31.290000,BOR,5,0 days 00:01:16.258000,5.0,2.0,,,27.833,26.948,21.477,0 days 00:42:42.865000,0 days 00:43:09.813000,0 days 00:43:31.290000,279.0,253.0,260.0,310.0,True,SOFT,5.0,False,Kick Sauber,0 days 00:42:15.032000,2025-08-02 10:57:15.500,1,,False,,False,True,76.258,76.258
44,0 days 00:45:12.833000,BOR,5,0 days 00:01:41.543000,6.0,2.0,,,41.338,37.114,23.091,0 days 00:44:12.628000,0 days 00:44:49.742000,0 days 00:45:12.833000,156.0,238.0,254.0,272.0,False,SOFT,6.0,False,Kick Sauber,0 days 00:43:31.290000,2025-08-02 10:58:31.758,1,,False,,False,True,101.543,101.543
45,0 days 00:46:32.357000,BOR,5,0 days 00:01:19.524000,7.0,2.0,,,29.044,28.601,21.879,0 days 00:45:41.877000,0 days 00:46:10.478000,0 days 00:46:32.357000,275.0,248.0,252.0,306.0,False,SOFT,7.0,False,Kick Sauber,0 days 00:45:12.833000,2025-08-02 11:00:13.301,1,,False,,False,True,79.524,79.524
46,0 days 00:47:51.300000,BOR,5,0 days 00:01:18.943000,8.0,2.0,,,28.869,28.028,22.046,0 days 00:47:01.226000,0 days 00:47:29.254000,0 days 00:47:51.300000,272.0,246.0,250.0,292.0,False,SOFT,8.0,False,Kick Sauber,0 days 00:46:32.357000,2025-08-02 11:01:32.825,1,,False,,False,True,78.943,78.943
47,0 days 00:49:10.682000,BOR,5,0 days 00:01:19.382000,9.0,2.0,,,28.895,28.171,22.316,0 days 00:48:20.195000,0 days 00:48:48.366000,0 days 00:49:10.682000,274.0,246.0,250.0,289.0,False,SOFT,9.0,False,Kick Sauber,0 days 00:47:51.300000,2025-08-02 11:02:51.768,1,,False,,False,True,79.382,79.382
48,0 days 00:50:35.677000,BOR,5,0 days 00:01:24.995000,10.0,2.0,,0 days 00:50:33.921000,29.107,28.579,27.309,0 days 00:49:39.789000,0 days 00:50:08.368000,0 days 00:50:35.677000,276.0,242.0,,290.0,False,SOFT,10.0,False,Kick Sauber,0 days 00:49:10.682000,2025-08-02 11:04:11.150,1,,False,,False,False,84.995,84.995
49,0 days 01:01:55.826000,BOR,5,,11.0,3.0,0 days 01:00:08.248000,,,40.89,26.492,,0 days 01:01:29.694000,0 days 01:01:56.039000,94.0,219.0,260.0,290.0,False,SOFT,1.0,True,Kick Sauber,0 days 00:50:35.677000,2025-08-02 11:05:36.145,1,,False,,False,False,,
50,0 days 01:03:11.804000,BOR,5,0 days 00:01:15.978000,12.0,3.0,,,27.811,26.76,21.407,0 days 01:02:23.637000,0 days 01:02:50.397000,0 days 01:03:11.804000,282.0,254.0,260.0,307.0,True,SOFT,2.0,True,Kick Sauber,0 days 01:01:55.826000,2025-08-02 11:16:56.294,1,,False,,False,True,75.978,75.978
51,0 days 01:05:23.420000,BOR,5,0 days 00:02:11.616000,13.0,3.0,,0 days 01:05:21.675000,50.455,45.542,35.619,0 days 01:04:02.259000,0 days 01:04:47.801000,0 days 01:05:23.420000,65.0,163.0,,244.0,False,SOFT,3.0,True,Kick Sauber,0 days 01:03:11.804000,2025-08-02 11:18:12.272,12,,False,,False,False,131.616,131.61599999999999
52,0 days 01:08:26.551000,BOR,5,,14.0,4.0,0 days 01:06:15.097000,,,45.665,30.935,,0 days 01:07:55.838000,0 days 01:08:26.551000,108.0,214.0,258.0,244.0,False,SOFT,4.0,False,Kick Sauber,0 days 01:05:23.420000,2025-08-02 11:20:23.888,1,,False,,False,False,,
53,0 days 01:09:43.131000,BOR,5,0 days 00:01:16.580000,15.0,4.0,,,27.826,27.405,21.349,0 days 01:08:54.377000,0 days 01:09:21.782000,0 days 01:09:43.131000,278.0,249.0,261.0,308.0,False,SOFT,5.0,False,Kick Sauber,0 days 01:08:26.551000,2025-08-02 11:23:27.019,1,,False,,False,True,76.58,76.58
54,0 days 01:11:30.834000,BOR,5,0 days 00:01:47.703000,16.0,4.0,,0 days 01:11:29.107000,36.491,40.214,30.998,0 days 01:10:19.622000,0 days 01:10:59.836000,0 days 01:11:30.834000,163.0,207.0,,223.0,False,SOFT,6.0,False,Kick Sauber,0 days 01:09:43.131000,2025-08-02 11:24:43.599,1,,False,,False,False,107.703,107.703
55,0 days 01:16:30.713000,BOR,5,,17.0,5.0,0 days 01:14:50.950000,,,32.715,27.106,,0 days 01:16:03.797000,0 days 01:16:30.726000,245.0,214.0,220.0,223.0,False,SOFT,7.0,False,Kick Sauber,0 days 01:11:30.834000,2025-08-02 11:26:31.302,1,,False,,False,False,,
56,0 days 01:18:26.589000,BOR,5,0 days 00:01:55.876000,18.0,5.0,,,34.534,37.982,43.36,0 days 01:17:05.247000,0 days 01:17:43.229000,0 days 01:18:26.589000,216.0,201.0,55.0,247.0,False,SOFT,8.0,False,Kick Sauber,0 days 01:16:30.713000,2025-08-02 11:31:31.181,1,,False,,False,True,115.876,115.87599999999999
57,0 days 01:20:25.493000,BOR,5,0 days 00:01:58.904000,19.0,5.0,,0 days 01:20:23.743000,50.241,35.968,32.695,0 days 01:19:16.830000,0 days 01:19:52.798000,0 days 01:20:25.493000,243.0,176.0,,250.0,False,SOFT,9.0,False,Kick Sauber,0 days 01:18:26.589000,2025-08-02 11:33:27.057,1,,False,,False,False,118.904,118.904
58,0 days 00:35:28.704000,HAD,6,,1.0,1.0,0 days 00:33:41.100000,,,40.79,28.003,,0 days 00:35:00.868000,0 days 00:35:28.862000,264.0,151.0,257.0,,False,MEDIUM,1.0,True,Racing Bulls,0 days 00:33:41.100000,2025-08-02 10:48:41.568,1,,False,,False,False,,
59,0 days 00:36:46.044000,HAD,6,0 days 00:01:17.340000,2.0,1.0,,,28.114,27.531,21.695,0 days 00:35:56.818000,0 days 00:36:24.349000,0 days 00:36:46.044000,281.0,253.0,254.0,305.0,True,MEDIUM,2.0,True,Racing Bulls,0 days 00:35:28.704000,2025-08-02 10:50:29.172,1,,False,,False,True,77.34,77.34
60,0 days 00:39:14.915000,HAD,6,0 days 00:02:28.871000,3.0,1.0,,,52.998,54.126,41.747,0 days 00:37:39.042000,0 days 00:38:33.168000,0 days 00:39:14.915000,136.0,120.0,149.0,203.0,False,MEDIUM,3.0,True,Racing Bulls,0 days 00:36:46.044000,2025-08-02 10:51:46.512,1,,False,,False,True,148.871,148.87099999999998
61,0 days 00:41:17.532000,HAD,6,0 days 00:02:02.617000,4.0,1.0,,,46.381,46.098,30.138,0 days 00:40:01.296000,0 days 00:40:47.394000,0 days 00:41:17.532000,175.0,156.0,257.0,201.0,False,MEDIUM,4.0,True,Racing Bulls,0 days 00:39:14.915000,2025-08-02 10:54:15.383,1,,False,,False,True,122.617,122.617
62,0 days 00:42:34.498000,HAD,6,0 days 00:01:16.966000,5.0,1.0,,,28.094,27.272,21.6,0 days 00:41:45.626000,0 days 00:42:12.898000,0 days 00:42:34.498000,278.0,254.0,256.0,303.0,True,MEDIUM,5.0,True,Racing Bulls,0 days 00:41:17.532000,2025-08-02 10:56:18.000,1,,False,,False,True,76.966,76.96600000000001
63,0 days 00:44:41.572000,HAD,6,0 days 00:02:07.074000,6.0,1.0,,0 days 00:44:39.790000,42.834,49.646,34.594,0 days 00:43:17.332000,0 days 00:44:06.978000,0 days 00:44:41.572000,153.0,186.0,,214.0,False,MEDIUM,6.0,True,Racing Bulls,0 days 00:42:34.498000,2025-08-02 10:57:34.966,1,,False,,False,False,127.074,127.07400000000001
64,0 days 00:50:22.930000,HAD,6,,7.0,2.0,0 days 00:48:29.347000,,,44.144,29.663,,0 days 00:49:53.921000,0 days 00:50:23.436000,205.0,171.0,256.0,214.0,False,MEDIUM,7.0,False,Racing Bulls,0 days 00:44:41.572000,2025-08-02 10:59:42.040,1,,False,,False,False,,
65,0 days 00:52:15.757000,HAD,6,0 days 00:01:52.827000,8.0,2.0,,,28.251,50.085,34.491,0 days 00:50:51.181000,0 days 00:51:41.266000,0 days 00:52:15.757000,278.0,132.0,256.0,306.0,False,MEDIUM,8.0,False,Racing Bulls,0 days 00:50:22.930000,2025-08-02 11:05:23.398,1,,False,,False,True,112.827,112.827
66,0 days 00:53:32.713000,HAD,6,0 days 00:01:16.956000,9.0,2.0,,,28.029,27.275,21.652,0 days 00:52:43.786000,0 days 00:53:11.061000,0 days 00:53:32.713000,280.0,254.0,254.0,305.0,True,MEDIUM,9.0,False,Racing Bulls,0 days 00:52:15.757000,2025-08-02 11:07:16.225,1,,False,,False,True,76.956,76.956
67,0 days 00:55:02.797000,HAD,6,0 days 00:01:30.084000,10.0,2.0,,0 days 00:55:00.983000,30.779,31.669,27.636,0 days 00:54:03.492000,0 days 00:54:35.161000,0 days 00:55:02.797000,246.0,200.0,,289.0,False,MEDIUM,10.0,False,Racing Bulls,0 days 00:53:32.713000,2025-08-02 11:08:33.181,1,,False,,False,False,90.084,90.084
68,0 days 01:02:24.236000,HAD,6,,11.0,3.0,0 days 01:00:29.018000,,,38.626,34.235,,0 days 01:01:50.035000,0 days 01:02:24.684000,203.0,166.0,259.0,289.0,False,SOFT,1.0,True,Racing Bulls,0 days 00:55:02.797000,2025-08-02 11:10:03.265,1,,False,,False,False,,
69,0 days 01:03:59.424000,HAD,6,0 days 00:01:35.188000,12.0,3.0,,,27.874,26.747,40.567,0 days 01:02:52.110000,0 days 01:03:18.857000,0 days 01:03:59.424000,279.0,254.0,150.0,306.0,False,SOFT,2.0,True,Racing Bulls,0 days 01:02:24.236000,2025-08-02 11:17:24.704,12,,False,,False,True,95.188,95.18799999999999
70,0 days 01:05:52.503000,HAD,6,0 days 00:01:53.079000,13.0,3.0,,0 days 01:05:50.331000,38.285,39.919,34.875,0 days 01:04:37.709000,0 days 01:05:17.628000,0 days 01:05:52.503000,202.0,208.0,,235.0,False,SOFT,3.0,True,Racing Bulls,0 days 01:03:59.424000,2025-08-02 11:18:59.892,1,,False,,False,False,113.079,113.079
71,0 days 01:11:26.153000,HAD,6,,14.0,4.0,0 days 01:09:34.843000,0 days 01:11:24.607000,,30.279,27.001,,0 days 01:10:59.365000,0 days 01:11:26.186000,241.0,209.0,,235.0,False,MEDIUM,11.0,False,Racing Bulls,0 days 01:05:52.503000,2025-08-02 11:20:52.971,1,,False,,False,False,,
72,0 days 01:13:25.620000,HAD,6,0 days 00:01:59.467000,15.0,5.0,0 days 01:11:43.186000,0 days 01:13:23.746000,65.129,28.412,25.926,0 days 01:12:31.282000,0 days 01:12:59.694000,0 days 01:13:25.620000,275.0,248.0,,235.0,False,MEDIUM,12.0,False,Racing Bulls,0 days 01:11:26.153000,2025-08-02 11:26:26.621,1,,False,,False,False,119.467,119.467
73,0 days 01:15:51.624000,HAD,6,0 days 00:02:26.004000,16.0,6.0,0 days 01:13:41.606000,,70.795,44.479,30.73,0 days 01:14:36.415000,0 days 01:15:20.894000,0 days 01:15:51.624000,177.0,199.0,192.0,235.0,False,MEDIUM,13.0,False,Racing Bulls,0 days 01:13:25.620000,2025-08-02 11:28:26.088,1,,False,,False,False,146.004,146.004
74,0 days 01:17:55.319000,HAD,6,0 days 00:02:03.695000,17.0,6.0,,,39.666,44.228,39.801,0 days 01:16:31.290000,0 days 01:17:15.518000,0 days 01:17:55.319000,204.0,221.0,53.0,233.0,False,MEDIUM,14.0,False,Racing Bulls,0 days 01:15:51.624000,2025-08-02 11:30:52.092,1,,False,,False,True,123.695,123.69500000000001
75,0 days 01:19:42.149000,HAD,6,0 days 00:01:46.830000,18.0,6.0,,0 days 01:19:40.368000,51.239,29.898,25.693,0 days 01:18:46.558000,0 days 01:19:16.456000,0 days 01:19:42.149000,277.0,214.0,,248.0,False,MEDIUM,15.0,False,Racing Bulls,0 days 01:17:55.319000,2025-08-02 11:32:55.787,1,,False,,False,False,106.83,106.83
76,0 days 00:27:16.398000,GAS,10,,1.0,1.0,0 days 00:25:34.155000,,,39.054,26.377,,0 days 00:26:50.179000,0 days 00:27:16.558000,236.0,195.0,254.0,,False,SOFT,1.0,True,Alpine,0 days 00:25:34.155000,2025-08-02 10:40:34.623,1,,False,,False,False,,
77,0 days 00:28:34.502000,GAS,10,0 days 00:01:18.104000,2.0,1.0,,,28.334,27.844,21.926,0 days 00:27:44.732000,0 days 00:28:12.576000,0 days 00:28:34.502000,277.0,246.0,255.0,301.0,True,SOFT,2.0,True,Alpine,0 days 00:27:16.398000,2025-08-02 10:42:16.866,1,,False,,False,True,78.104,78.104
78,0 days 00:30:53.577000,GAS,10,0 days 00:02:19.075000,3.0,1.0,,0 days 00:30:51.859000,47.217,50.869,40.989,0 days 00:29:21.719000,0 days 00:30:12.588000,0 days 00:30:53.577000,122.0,129.0,,269.0,False,SOFT,3.0,True,Alpine,0 days 00:28:34.502000,2025-08-02 10:43:34.970,1,,False,,False,False,139.075,139.075
79,0 days 00:33:03.700000,GAS,10,0 days 00:02:10.123000,4.0,2.0,0 days 00:31:08.285000,,57.503,44.607,28.013,0 days 00:31:51.080000,0 days 00:32:35.687000,0 days 00:33:03.700000,168.0,169.0,256.0,269.0,False,SOFT,4.0,False,Alpine,0 days 00:30:53.577000,2025-08-02 10:45:54.045,1,,False,,False,False,130.123,130.123
80,0 days 00:34:20.782000,GAS,10,0 days 00:01:17.082000,5.0,2.0,,,28.119,27.45,21.513,0 days 00:33:31.819000,0 days 00:33:59.269000,0 days 00:34:20.782000,277.0,251.0,258.0,305.0,True,SOFT,5.0,False,Alpine,0 days 00:33:03.700000,2025-08-02 10:48:04.168,1,,False,,False,True,77.082,77.08200000000001
81,0 days 00:36:17.724000,GAS,10,0 days 00:01:56.942000,6.0,2.0,,0 days 00:36:16.050000,40.851,41.566,34.525,0 days 00:35:01.633000,0 days 00:35:43.199000,0 days 00:36:17.724000,181.0,129.0,,277.0,False,SOFT,6.0,False,Alpine,0 days 00:34:20.782000,2025-08-02 10:49:21.250,1,,False,,False,False,116.942,116.94200000000001
82,0 days 00:47:47.263000,GAS,10,,7.0,3.0,0 days 00:45:59.191000,,,43.007,25.878,,0 days 00:47:21.581000,0 days 00:47:47.497000,231.0,183.0,254.0,277.0,False,SOFT,7.0,False,Alpine,0 days 00:36:17.724000,2025-08-02 10:51:18.192,1,,False,,False,False,,
83,0 days 00:49:04.061000,GAS,10,0 days 00:01:16.798000,8.0,3.0,,,28.04,27.106,21.652,0 days 00:48:15.303000,0 days 00:48:42.409000,0 days 00:49:04.061000,277.0,247.0,256.0,302.0,True,SOFT,8.0,False,Alpine,0 days 00:47:47.263000,2025-08-02 11:02:47.731,1,,False,,False,True,76.798,76.798
84,0 days 00:50:29.847000,GAS,10,0 days 00:01:25.786000,9.0,3.0,,,33.873,29.365,22.548,0 days 00:49:37.934000,0 days 00:50:07.299000,0 days 00:50:29.847000,258.0,241.0,250.0,290.0,False,SOFT,9.0,False,Alpine,0 days 00:49:04.061000,2025-08-02 11:04:04.529,1,,False,,False,True,85.786,85.786
85,0 days 00:51:49.332000,GAS,10,0 days 00:01:19.485000,10.0,3.0,,,28.847,28.4,22.238,0 days 00:50:58.694000,0 days 00:51:27.094000,0 days 00:51:49.332000,276.0,242.0,251.0,292.0,False,SOFT,10.0,False,Alpine,0 days 00:50:29.847000,2025-08-02 11:05:30.315,1,,False,,False,True,79.485,79.485
86,0 days 00:53:08.629000,GAS,10,0 days 00:01:19.297000,11.0,3.0,,,28.727,28.219,22.351,0 days 00:52:18.059000,0 days 00:52:46.278000,0 days 00:53:08.629000,279.0,242.0,250.0,293.0,False,SOFT,11.0,False,Alpine,0 days 00:51:49.332000,2025-08-02 11:06:49.800,1,,False,,False,True,79.297,79.297
87,0 days 00:54:28.103000,GAS,10,0 days 00:01:19.474000,12.0,3.0,,,28.904,28.235,22.335,0 days 00:53:37.533000,0 days 00:54:05.768000,0 days 00:54:28.103000,279.0,246.0,251.0,291.0,False,SOFT,12.0,False,Alpine,0 days 00:53:08.629000,2025-08-02 11:08:09.097,1,,False,,False,True,79.474,79.47399999999999
88,0 days 00:55:47.782000,GAS,10,0 days 00:01:19.679000,13.0,3.0,,,28.819,28.375,22.485,0 days 00:54:56.922000,0 days 00:55:25.297000,0 days 00:55:47.782000,279.0,243.0,251.0,293.0,False,SOFT,13.0,False,Alpine,0 days 00:54:28.103000,2025-08-02 11:09:28.571,1,,False,,False,True,79.679,79.679
89,0 days 00:57:29.977000,GAS,10,0 days 00:01:42.195000,14.0,3.0,,0 days 00:57:28.817000,34.748,35.809,31.638,0 days 00:56:22.530000,0 days 00:56:58.339000,0 days 00:57:29.977000,198.0,200.0,,291.0,False,SOFT,14.0,False,Alpine,0 days 00:55:47.782000,2025-08-02 11:10:48.250,1,,False,,False,False,102.195,102.195
90,0 days 01:07:02.530000,GAS,10,,15.0,4.0,0 days 01:05:17.885000,,,37.425,26.034,,0 days 01:06:36.767000,0 days 01:07:02.752000,79.0,197.0,260.0,291.0,False,SOFT,1.0,True,Alpine,0 days 00:57:29.977000,2025-08-02 11:12:30.445,12,,False,,False,False,,
91,0 days 01:08:52.695000,GAS,10,0 days 00:01:50.165000,16.0,4.0,,,33.527,46.396,30.242,0 days 01:07:36.057000,0 days 01:08:22.453000,0 days 01:08:52.695000,158.0,129.0,259.0,308.0,False,SOFT,2.0,True,Alpine,0 days 01:07:02.530000,2025-08-02 11:22:02.998,1,,False,,False,True,110.165,110.165
92,0 days 01:10:09.265000,GAS,10,0 days 00:01:16.570000,17.0,4.0,,,27.967,27.149,21.454,0 days 01:09:20.662000,0 days 01:09:47.811000,0 days 01:10:09.265000,280.0,252.0,259.0,307.0,True,SOFT,3.0,True,Alpine,0 days 01:08:52.695000,2025-08-02 11:23:53.163,1,,False,,False,True,76.57,76.57
93,0 days 01:12:11.567000,GAS,10,0 days 00:02:02.302000,18.0,4.0,,0 days 01:12:09.860000,44.951,45.871,31.48,0 days 01:10:54.216000,0 days 01:11:40.087000,0 days 01:12:11.567000,142.0,157.0,,261.0,False,SOFT,4.0,True,Alpine,0 days 01:10:09.265000,2025-08-02 11:25:09.733,1,,False,,False,False,122.302,122.302
94,0 days 01:14:22.618000,GAS,10,0 days 00:02:11.051000,19.0,5.0,0 days 01:12:34.632000,,60.826,42.93,27.295,0 days 01:13:12.393000,0 days 01:13:55.323000,0 days 01:14:22.618000,161.0,159.0,260.0,261.0,False,SOFT,5.0,False,Alpine,0 days 01:12:11.567000,2025-08-02 11:27:12.035,1,,False,,False,False,131.051,131.051
95,0 days 01:15:39.564000,GAS,10,0 days 00:01:16.946000,20.0,5.0,,,27.875,27.312,21.759,0 days 01:14:50.493000,0 days 01:15:17.805000,0 days 01:15:39.564000,282.0,250.0,252.0,306.0,False,SOFT,6.0,False,Alpine,0 days 01:14:22.618000,2025-08-02 11:29:23.086,1,,False,,False,True,76.946,76.946
96,0 days 01:17:15.357000,GAS,10,0 days 00:01:35.793000,21.0,5.0,,,32.708,33.554,29.531,0 days 01:16:12.272000,0 days 01:16:45.826000,0 days 01:17:15.357000,234.0,208.0,56.0,273.0,False,SOFT,7.0,False,Alpine,0 days 01:15:39.564000,2025-08-02 11:30:40.032,1,,False,,False,True,95.793,95.793
97,0 days 01:18:54.486000,GAS,10,0 days 00:01:39.129000,22.0,5.0,,0 days 01:18:52.786000,43.049,29.397,26.683,0 days 01:17:58.406000,0 days 01:18:27.803000,0 days 01:18:54.486000,277.0,241.0,,253.0,False,SOFT,8.0,False,Alpine,0 days 01:17:15.357000,2025-08-02 11:32:15.825,1,,False,,False,False,99.129,99.12899999999999
98,0 days 00:35:41.240000,ANT,12,,1.0,1.0,0 days 00:33:46.928000,,,43.68,26.593,,0 days 00:35:14.844000,0 days 00:35:41.271000,195.0,166.0,260.0,,False,SOFT,1.0,True,Mercedes,0 days 00:33:46.928000,2025-08-02 10:48:47.396,1,,False,,False,False,,
99,0 days 00:36:58.290000,ANT,12,0 days 00:01:17.050000,2.0,1.0,,,28.188,27.306,21.556,0 days 00:36:09.428000,0 days 00:36:36.734000,0 days 00:36:58.290000,282.0,254.0,260.0,309.0,True,SOFT,2.0,True,Mercedes,0 days 00:35:41.240000,2025-08-02 10:50:41.708,1,,False,,False,True,77.05,77.05
100,0 days 00:39:19.345000,ANT,12,0 days 00:02:21.055000,3.0,1.0,,0 days 00:39:17.402000,48.12,52.328,40.607,0 days 00:37:46.410000,0 days 00:38:38.738000,0 days 00:39:19.345000,139.0,124.0,,219.0,False,SOFT,3.0,True,Mercedes,0 days 00:36:58.290000,2025-08-02 10:51:58.758,1,,False,,False,False,141.055,141.055
101,0 days 00:42:56.346000,ANT,12,,4.0,2.0,0 days 00:40:44.916000,,,48.804,27.255,,0 days 00:42:29.233000,0 days 00:42:56.375000,135.0,141.0,257.0,219.0,False,SOFT,4.0,False,Mercedes,0 days 00:39:19.345000,2025-08-02 10:54:19.813,1,,False,,False,False,,
102,0 days 00:44:12.870000,ANT,12,0 days 00:01:16.524000,5.0,2.0,,,27.965,27.107,21.452,0 days 00:43:24.311000,0 days 00:43:51.418000,0 days 00:44:12.870000,281.0,254.0,260.0,309.0,True,SOFT,5.0,False,Mercedes,0 days 00:42:56.346000,2025-08-02 10:57:56.814,1,,False,,False,True,76.524,76.524
103,0 days 00:46:05.301000,ANT,12,0 days 00:01:52.431000,6.0,2.0,,0 days 00:46:03.393000,38.575,41.205,32.651,0 days 00:44:51.445000,0 days 00:45:32.650000,0 days 00:46:05.301000,96.0,173.0,,296.0,False,SOFT,6.0,False,Mercedes,0 days 00:44:12.870000,2025-08-02 10:59:13.338,1,,False,,False,False,112.431,112.43100000000001
104,0 days 00:56:47.693000,ANT,12,,7.0,3.0,0 days 00:55:27.326000,,,28.421,22.346,,0 days 00:56:25.555000,0 days 00:56:47.806000,276.0,244.0,249.0,296.0,False,SOFT,7.0,False,Mercedes,0 days 00:46:05.301000,2025-08-02 11:01:05.769,1,,False,,False,False,,
105,0 days 00:58:10.103000,ANT,12,0 days 00:01:22.410000,8.0,3.0,,0 days 00:58:08.219000,28.729,27.942,25.739,0 days 00:57:16.422000,0 days 00:57:44.364000,0 days 00:58:10.103000,278.0,245.0,,293.0,False,SOFT,8.0,False,Mercedes,0 days 00:56:47.693000,2025-08-02 11:11:48.161,1,,False,,False,False,82.41,82.41
106,0 days 01:02:09.473000,ANT,12,,9.0,4.0,0 days 01:00:20.488000,,,40.888,26.177,,0 days 01:01:43.603000,0 days 01:02:09.615000,204.0,161.0,259.0,293.0,False,SOFT,1.0,True,Mercedes,0 days 00:58:10.103000,2025-08-02 11:13:10.571,1,,False,,False,False,,
107,0 days 01:03:25.218000,ANT,12,0 days 00:01:15.745000,10.0,4.0,,,27.707,26.712,21.326,0 days 01:02:37.180000,0 days 01:03:03.892000,0 days 01:03:25.218000,282.0,256.0,260.0,308.0,True,SOFT,2.0,True,Mercedes,0 days 01:02:09.473000,2025-08-02 11:17:09.941,1,,False,,False,True,75.745,75.745
108,0 days 01:05:29.477000,ANT,12,0 days 00:02:04.259000,11.0,4.0,,0 days 01:05:28.315000,41.198,44.791,38.27,0 days 01:04:06.416000,0 days 01:04:51.207000,0 days 01:05:29.477000,146.0,135.0,,288.0,False,SOFT,3.0,True,Mercedes,0 days 01:03:25.218000,2025-08-02 11:18:25.686,12,,False,,False,False,124.259,124.25900000000001
109,0 days 01:10:00.173000,ANT,12,,12.0,5.0,0 days 01:07:38.722000,,,51.946,31.697,,0 days 01:09:29.335000,0 days 01:10:00.276000,105.0,73.0,259.0,288.0,False,SOFT,4.0,False,Mercedes,0 days 01:05:29.477000,2025-08-02 11:20:29.945,1,,False,,False,False,,
110,0 days 01:11:17.709000,ANT,12,0 days 00:01:17.536000,13.0,5.0,,,27.615,26.957,22.964,0 days 01:10:27.788000,0 days 01:10:54.745000,0 days 01:11:17.709000,284.0,253.0,230.0,311.0,False,SOFT,5.0,False,Mercedes,0 days 01:10:00.173000,2025-08-02 11:25:00.641,1,,False,,False,True,77.536,77.536
111,0 days 01:13:23.519000,ANT,12,0 days 00:02:05.810000,14.0,5.0,,,41.898,45.697,38.215,0 days 01:11:59.607000,0 days 01:12:45.304000,0 days 01:13:23.519000,117.0,139.0,247.0,273.0,False,SOFT,6.0,False,Mercedes,0 days 01:11:17.709000,2025-08-02 11:26:18.177,1,,False,,False,True,125.81,125.81
112,0 days 01:14:42.565000,ANT,12,0 days 00:01:19.046000,15.0,5.0,,,28.893,27.854,22.299,0 days 01:13:52.412000,0 days 01:14:20.266000,0 days 01:14:42.565000,281.0,246.0,250.0,290.0,False,SOFT,7.0,False,Mercedes,0 days 01:13:23.519000,2025-08-02 11:28:23.987,1,,False,,False,True,79.046,79.04599999999999
113,0 days 01:16:01.902000,ANT,12,0 days 00:01:19.337000,16.0,5.0,,,28.978,27.947,22.412,0 days 01:15:11.543000,0 days 01:15:39.490000,0 days 01:16:01.902000,280.0,246.0,250.0,290.0,False,SOFT,8.0,False,Mercedes,0 days 01:14:42.565000,2025-08-02 11:29:43.033,1,,False,,False,True,79.337,79.33699999999999
114,0 days 01:18:40.609000,ANT,12,,17.0,5.0,,,35.474,70.885,52.401,0 days 01:16:37.549000,0 days 01:17:48.380000,0 days 01:18:40.731000,166.0,84.0,65.0,290.0,False,SOFT,9.0,False,Mercedes,0 days 01:16:01.902000,2025-08-02 11:31:02.370,1,,False,,False,False,,158.76000000000002
115,0 days 01:20:36.067000,ANT,12,0 days 00:01:55.458000,18.0,5.0,,0 days 01:20:34.215000,55.103,34.406,25.949,0 days 01:19:35.712000,0 days 01:20:10.118000,0 days 01:20:36.067000,255.0,226.0,,245.0,False,SOFT,10.0,False,Mercedes,0 days 01:18:40.609000,2025-08-02 11:33:41.077,1,,False,,False,False,115.458,115.458
116,0 days 00:19:12.988000,ALO,14,,1.0,1.0,0 days 00:16:56.223000,0 days 00:19:10.742000,,51.636,42.198,,0 days 00:18:30.790000,0 days 00:19:12.988000,209.0,160.0,,,False,MEDIUM,1.0,True,Aston Martin,0 days 00:16:56.223000,2025-08-02 10:31:56.691,1,,False,,False,False,,
117,0 days 00:21:52.242000,ALO,14,,2.0,2.0,0 days 00:19:44.001000,0 days 00:21:50.032000,69.342,50.545,39.432,0 days 00:20:22.312000,0 days 00:21:12.973000,0 days 00:21:52.242000,221.0,165.0,,,False,HARD,1.0,True,Aston Martin,0 days 00:19:12.988000,2025-08-02 10:34:13.456,1,,False,,False,False,,159.31900000000002
118,0 days 00:34:54.975000,ALO,14,,3.0,3.0,0 days 00:32:54.889000,,,38.849,36.612,,0 days 00:34:18.540000,0 days 00:34:55.071000,253.0,214.0,261.0,,False,MEDIUM,1.0,True,Aston Martin,0 days 00:21:52.242000,2025-08-02 10:36:52.710,1,,False,,False,False,,
119,0 days 00:36:12.129000,ALO,14,0 days 00:01:17.154000,4.0,3.0,,,27.961,27.191,22.002,0 days 00:35:22.936000,0 days 00:35:50.127000,0 days 00:36:12.129000,279.0,253.0,257.0,309.0,True,MEDIUM,2.0,True,Aston Martin,0 days 00:34:54.975000,2025-08-02 10:49:55.443,1,,False,,False,True,77.154,77.154
120,0 days 00:38:23.760000,ALO,14,0 days 00:02:11.631000,5.0,3.0,,,52.308,48.743,30.58,0 days 00:37:04.437000,0 days 00:37:53.180000,0 days 00:38:23.760000,241.0,167.0,259.0,104.0,False,MEDIUM,3.0,True,Aston Martin,0 days 00:36:12.129000,2025-08-02 10:51:12.597,1,,False,,False,True,131.631,131.631
121,0 days 00:40:18.302000,ALO,14,0 days 00:01:54.542000,6.0,3.0,,,28.329,51.66,34.553,0 days 00:38:52.089000,0 days 00:39:43.749000,0 days 00:40:18.302000,197.0,163.0,260.0,308.0,False,MEDIUM,4.0,True,Aston Martin,0 days 00:38:23.760000,2025-08-02 10:53:24.228,1,,False,,False,True,114.542,114.542
122,0 days 00:41:49.754000,ALO,14,0 days 00:01:31.452000,7.0,3.0,,0 days 00:41:48.015000,27.838,27.362,36.252,0 days 00:40:46.140000,0 days 00:41:13.502000,0 days 00:41:49.754000,278.0,249.0,,309.0,False,MEDIUM,5.0,True,Aston Martin,0 days 00:40:18.302000,2025-08-02 10:55:18.770,1,,False,,False,False,91.452,91.452
123,0 days 00:52:03.506000,ALO,14,,8.0,4.0,0 days 00:50:10.952000,,,46.189,29.856,,0 days 00:51:33.892000,0 days 00:52:03.562000,217.0,186.0,259.0,309.0,False,MEDIUM,6.0,False,Aston Martin,0 days 00:41:49.754000,2025-08-02 10:56:50.222,1,,False,,False,False,,
124,0 days 00:53:20.063000,ALO,14,0 days 00:01:16.557000,9.0,4.0,,,27.81,27.071,21.676,0 days 00:52:31.316000,0 days 00:52:58.387000,0 days 00:53:20.063000,277.0,254.0,257.0,307.0,True,MEDIUM,7.0,False,Aston Martin,0 days 00:52:03.506000,2025-08-02 11:07:03.974,1,,False,,False,True,76.557,76.557
125,0 days 00:55:40.855000,ALO,14,0 days 00:02:20.792000,10.0,4.0,,,49.994,59.693,31.105,0 days 00:54:10.057000,0 days 00:55:09.750000,0 days 00:55:40.855000,232.0,165.0,260.0,115.0,False,MEDIUM,8.0,False,Aston Martin,0 days 00:53:20.063000,2025-08-02 11:08:20.531,1,,False,,False,True,140.792,140.792
126,0 days 00:57:16.190000,ALO,14,0 days 00:01:35.335000,11.0,4.0,,0 days 00:57:14.395000,29.705,35.659,29.971,0 days 00:56:10.560000,0 days 00:56:46.219000,0 days 00:57:16.190000,233.0,229.0,,309.0,False,MEDIUM,9.0,False,Aston Martin,0 days 00:55:40.855000,2025-08-02 11:10:41.323,1,,False,,False,False,95.335,95.33500000000001
127,0 days 01:02:52.655000,ALO,14,,12.0,5.0,0 days 01:00:58.939000,,,48.138,28.762,,0 days 01:02:24.663000,0 days 01:02:52.793000,224.0,180.0,260.0,309.0,False,SOFT,1.0,True,Aston Martin,0 days 00:57:16.190000,2025-08-02 11:12:16.658,1,,False,,False,False,,
128,0 days 01:04:08.449000,ALO,14,0 days 00:01:15.794000,13.0,5.0,,,27.636,26.778,21.38,0 days 01:03:20.291000,0 days 01:03:47.069000,0 days 01:04:08.449000,279.0,255.0,258.0,308.0,True,SOFT,2.0,True,Aston Martin,0 days 01:02:52.655000,2025-08-02 11:17:53.123,12,,False,,False,True,75.794,75.794
129,0 days 01:06:10.973000,ALO,14,0 days 00:02:02.524000,14.0,5.0,,0 days 01:06:09.144000,40.946,44.879,36.699,0 days 01:04:49.395000,0 days 01:05:34.274000,0 days 01:06:10.973000,204.0,167.0,,119.0,False,SOFT,3.0,True,Aston Martin,0 days 01:04:08.449000,2025-08-02 11:19:08.917,1,,False,,False,False,122.524,122.52399999999999
130,0 days 01:14:15.061000,ALO,14,,15.0,6.0,0 days 01:12:19.028000,,,48.936,28.949,,0 days 01:13:46.265000,0 days 01:14:15.109000,181.0,196.0,260.0,119.0,False,SOFT,4.0,False,Aston Martin,0 days 01:06:10.973000,2025-08-02 11:21:11.441,1,,False,,False,False,,
131,0 days 01:15:31.034000,ALO,14,0 days 00:01:15.973000,16.0,6.0,,,27.709,26.855,21.409,0 days 01:14:42.770000,0 days 01:15:09.625000,0 days 01:15:31.034000,282.0,253.0,259.0,309.0,False,SOFT,5.0,False,Aston Martin,0 days 01:14:15.061000,2025-08-02 11:29:15.529,1,,False,,False,True,75.973,75.973
132,0 days 01:17:17.069000,ALO,14,0 days 00:01:46.035000,17.0,6.0,,,32.199,33.458,40.378,0 days 01:16:03.233000,0 days 01:16:36.691000,0 days 01:17:17.069000,236.0,206.0,46.0,292.0,False,SOFT,6.0,False,Aston Martin,0 days 01:15:31.034000,2025-08-02 11:30:31.502,1,,False,,False,True,106.035,106.035
133,0 days 01:19:21.289000,ALO,14,,18.0,6.0,,0 days 01:19:21.289000,56.791,34.544,,0 days 01:18:13.990000,0 days 01:18:48.466000,,182.0,211.0,,257.0,False,SOFT,7.0,False,Aston Martin,0 days 01:17:17.069000,2025-08-02 11:32:17.537,1,,False,,False,False,,
134,0 days 00:35:53.683000,LEC,16,,1.0,1.0,0 days 00:33:59.340000,,,43.516,29.383,,0 days 00:35:24.476000,0 days 00:35:54.618000,218.0,125.0,255.0,,False,SOFT,1.0,True,Ferrari,0 days 00:33:59.340000,2025-08-02 10:48:59.808,1,,False,,False,False,,
135,0 days 00:37:10.089000,LEC,16,0 days 00:01:16.406000,2.0,1.0,,,27.914,26.97,21.522,0 days 00:36:21.597000,0 days 00:36:48.567000,0 days 00:37:10.089000,284.0,253.0,258.0,306.0,True,SOFT,2.0,True,Ferrari,0 days 00:35:53.683000,2025-08-02 10:50:54.151,1,,False,,False,True,76.406,76.406
136,0 days 00:39:27.181000,LEC,16,0 days 00:02:17.092000,3.0,1.0,,0 days 00:39:25.330000,47.641,49.145,40.306,0 days 00:37:57.730000,0 days 00:38:46.875000,0 days 00:39:27.181000,132.0,144.0,,278.0,False,SOFT,3.0,True,Ferrari,0 days 00:37:10.089000,2025-08-02 10:52:10.557,1,,False,,False,False,137.092,137.09199999999998
137,0 days 00:41:53.243000,LEC,16,0 days 00:02:26.062000,4.0,2.0,0 days 00:39:47.721000,,72.642,45.065,28.355,0 days 00:40:39.823000,0 days 00:41:24.888000,0 days 00:41:53.243000,126.0,130.0,260.0,278.0,False,SOFT,4.0,False,Ferrari,0 days 00:39:27.181000,2025-08-02 10:54:27.649,1,,False,,False,False,146.062,146.06199999999998
138,0 days 00:43:09.380000,LEC,16,0 days 00:01:16.137000,5.0,2.0,,,27.579,26.784,21.774,0 days 00:42:20.822000,0 days 00:42:47.606000,0 days 00:43:09.380000,286.0,251.0,263.0,311.0,True,SOFT,5.0,False,Ferrari,0 days 00:41:53.243000,2025-08-02 10:56:53.711,1,,False,,False,True,76.137,76.137
139,0 days 00:45:04.102000,LEC,16,0 days 00:01:54.722000,6.0,2.0,,0 days 00:45:02.346000,37.519,39.877,37.326,0 days 00:43:46.899000,0 days 00:44:26.776000,0 days 00:45:04.102000,197.0,178.0,,302.0,False,SOFT,6.0,False,Ferrari,0 days 00:43:09.380000,2025-08-02 10:58:09.848,1,,False,,False,False,114.722,114.72200000000001
140,0 days 00:51:36.928000,LEC,16,,7.0,3.0,0 days 00:49:33.423000,,,37.855,31.081,,0 days 00:51:05.961000,0 days 00:51:36.973000,190.0,197.0,260.0,302.0,False,SOFT,7.0,False,Ferrari,0 days 00:45:04.102000,2025-08-02 11:00:04.570,1,,False,,False,False,,
141,0 days 00:52:53.105000,LEC,16,0 days 00:01:16.177000,8.0,3.0,,,27.68,26.904,21.593,0 days 00:52:04.608000,0 days 00:52:31.512000,0 days 00:52:53.105000,284.0,257.0,260.0,310.0,False,SOFT,8.0,False,Ferrari,0 days 00:51:36.928000,2025-08-02 11:06:37.396,1,,False,,False,True,76.177,76.177
142,0 days 00:54:25.257000,LEC,16,0 days 00:01:32.152000,9.0,3.0,,0 days 00:54:23.663000,33.441,31.845,26.866,0 days 00:53:26.546000,0 days 00:53:58.391000,0 days 00:54:25.257000,213.0,234.0,,259.0,False,SOFT,9.0,False,Ferrari,0 days 00:52:53.105000,2025-08-02 11:07:53.573,1,,False,,False,False,92.152,92.152
143,0 days 01:03:03.968000,LEC,16,,10.0,4.0,0 days 01:01:12.918000,,,38.302,34.001,,0 days 01:02:30.164000,0 days 01:03:04.094000,231.0,197.0,261.0,259.0,False,SOFT,1.0,True,Ferrari,0 days 00:54:25.257000,2025-08-02 11:09:25.725,1,,False,,False,False,,
144,0 days 01:04:19.283000,LEC,16,0 days 00:01:15.315000,11.0,4.0,,,27.479,26.523,21.313,0 days 01:03:31.447000,0 days 01:03:57.970000,0 days 01:04:19.283000,284.0,256.0,261.0,310.0,True,SOFT,2.0,True,Ferrari,0 days 01:03:03.968000,2025-08-02 11:18:04.436,12,,False,,False,True,75.315,75.315
145,0 days 01:06:20.316000,LEC,16,0 days 00:02:01.033000,12.0,4.0,,0 days 01:06:18.566000,41.365,42.188,37.48,0 days 01:05:00.648000,0 days 01:05:42.836000,0 days 01:06:20.316000,172.0,134.0,,296.0,False,SOFT,3.0,True,Ferrari,0 days 01:04:19.283000,2025-08-02 11:19:19.751,1,,False,,False,False,121.033,121.03299999999999
146,0 days 01:13:10.924000,LEC,16,,13.0,5.0,0 days 01:11:25.717000,,,38.718,26.574,,0 days 01:12:44.593000,0 days 01:13:10.938000,209.0,164.0,259.0,296.0,False,SOFT,4.0,False,Ferrari,0 days 01:06:20.316000,2025-08-02 11:21:20.784,1,,False,,False,False,,
147,0 days 01:14:27.007000,LEC,16,0 days 00:01:16.083000,14.0,5.0,,,27.718,26.83,21.535,0 days 01:13:38.642000,0 days 01:14:05.472000,0 days 01:14:27.007000,287.0,256.0,259.0,309.0,False,SOFT,5.0,False,Ferrari,0 days 01:13:10.924000,2025-08-02 11:28:11.392,1,,False,,False,True,76.083,76.083
148,0 days 01:16:16.392000,LEC,16,0 days 00:01:49.385000,15.0,5.0,,,42.508,40.24,26.637,0 days 01:15:09.515000,0 days 01:15:49.755000,0 days 01:16:16.392000,166.0,195.0,207.0,203.0,False,SOFT,6.0,False,Ferrari,0 days 01:14:27.007000,2025-08-02 11:29:27.475,1,,False,,False,True,109.385,109.385
149,0 days 01:18:31.504000,LEC,16,0 days 00:02:15.112000,16.0,5.0,,,38.033,38.776,58.303,0 days 01:16:54.425000,0 days 01:17:33.201000,0 days 01:18:31.504000,183.0,178.0,5.0,244.0,False,SOFT,7.0,False,Ferrari,0 days 01:16:16.392000,2025-08-02 11:31:16.860,1,,False,,False,True,135.112,135.112
150,0 days 01:20:08.821000,LEC,16,,17.0,5.0,,0 days 01:20:08.821000,31.688,35.232,,0 days 01:19:03.387000,0 days 01:19:38.555000,,238.0,171.0,,263.0,False,SOFT,8.0,False,Ferrari,0 days 01:18:31.504000,2025-08-02 11:33:31.972,1,,False,,False,False,,
151,0 days 00:19:01.712000,STR,18,,1.0,1.0,0 days 00:16:54.038000,0 days 00:18:59.936000,,48.864,38.237,,0 days 00:18:23.618000,0 days 00:19:01.712000,169.0,145.0,,,False,MEDIUM,1.0,True,Aston Martin,0 days 00:16:54.038000,2025-08-02 10:31:54.506,1,,False,,False,False,,
152,0 days 00:21:42.596000,STR,18,,2.0,2.0,0 days 00:19:31.654000,0 days 00:21:40.830000,69.796,51.919,39.281,0 days 00:20:11.544000,0 days 00:21:03.530000,0 days 00:21:42.596000,180.0,143.0,,,False,HARD,1.0,True,Aston Martin,0 days 00:19:01.712000,2025-08-02 10:34:02.180,1,,False,,False,False,,160.996
153,0 days 00:27:57.488000,STR,18,,3.0,3.0,0 days 00:26:16.436000,,,37.788,24.533,,0 days 00:27:33.113000,0 days 00:27:58.159000,203.0,207.0,259.0,,False,MEDIUM,1.0,True,Aston Martin,0 days 00:21:42.596000,2025-08-02 10:36:43.064,1,,False,,False,False,,
154,0 days 00:29:15.028000,STR,18,0 days 00:01:17.540000,4.0,3.0,,,28.019,27.426,22.095,0 days 00:28:25.507000,0 days 00:28:52.933000,0 days 00:29:15.028000,282.0,254.0,258.0,310.0,True,MEDIUM,2.0,True,Aston Martin,0 days 00:27:57.488000,2025-08-02 10:42:57.956,1,,False,,False,True,77.54,77.53999999999999
155,0 days 00:31:32.291000,STR,18,0 days 00:02:17.263000,5.0,3.0,,,47.188,54.019,36.056,0 days 00:30:02.216000,0 days 00:30:56.235000,0 days 00:31:32.291000,122.0,125.0,207.0,251.0,False,MEDIUM,3.0,True,Aston Martin,0 days 00:29:15.028000,2025-08-02 10:44:15.496,1,,False,,False,True,137.263,137.26299999999998
156,0 days 00:33:28.643000,STR,18,0 days 00:01:56.352000,6.0,3.0,,,44.328,45.843,26.181,0 days 00:32:16.619000,0 days 00:33:02.462000,0 days 00:33:28.643000,195.0,180.0,259.0,276.0,False,MEDIUM,4.0,True,Aston Martin,0 days 00:31:32.291000,2025-08-02 10:46:32.759,1,,False,,False,True,116.352,116.352
157,0 days 00:34:45.460000,STR,18,0 days 00:01:16.817000,7.0,3.0,,,27.856,27.202,21.759,0 days 00:33:56.499000,0 days 00:34:23.701000,0 days 00:34:45.460000,283.0,256.0,261.0,311.0,True,MEDIUM,5.0,True,Aston Martin,0 days 00:33:28.643000,2025-08-02 10:48:29.111,1,,False,,False,True,76.817,76.81700000000001
158,0 days 00:36:53.226000,STR,18,0 days 00:02:07.766000,8.0,3.0,,0 days 00:36:51.426000,47.165,44.951,35.65,0 days 00:35:32.625000,0 days 00:36:17.576000,0 days 00:36:53.226000,163.0,157.0,,296.0,False,MEDIUM,6.0,True,Aston Martin,0 days 00:34:45.460000,2025-08-02 10:49:45.928,1,,False,,False,False,127.766,127.76599999999999
159,0 days 00:42:10.662000,STR,18,,9.0,4.0,0 days 00:40:25.325000,,,40.392,25.764,,0 days 00:41:44.971000,0 days 00:42:10.732000,210.0,218.0,258.0,296.0,False,MEDIUM,7.0,False,Aston Martin,0 days 00:36:53.226000,2025-08-02 10:51:53.694,1,,False,,False,False,,
160,0 days 00:43:27.544000,STR,18,0 days 00:01:16.882000,10.0,4.0,,,27.811,27.194,21.877,0 days 00:42:38.473000,0 days 00:43:05.667000,0 days 00:43:27.544000,282.0,251.0,260.0,312.0,False,MEDIUM,8.0,False,Aston Martin,0 days 00:42:10.662000,2025-08-02 10:57:11.130,1,,False,,False,True,76.882,76.88199999999999
161,0 days 00:45:20.887000,STR,18,0 days 00:01:53.343000,11.0,4.0,,0 days 00:45:18.939000,42.748,42.251,28.344,0 days 00:44:10.292000,0 days 00:44:52.543000,0 days 00:45:20.887000,166.0,206.0,,296.0,False,MEDIUM,9.0,False,Aston Martin,0 days 00:43:27.544000,2025-08-02 10:58:28.012,1,,False,,False,False,113.343,113.34299999999999
162,0 days 01:00:20.947000,STR,18,,12.0,5.0,0 days 00:58:36.647000,,,42.2,25.055,,0 days 00:59:56.118000,0 days 01:00:21.144000,213.0,169.0,260.0,296.0,False,SOFT,1.0,True,Aston Martin,0 days 00:45:20.887000,2025-08-02 11:00:21.355,1,,False,,False,False,,
163,0 days 01:01:36.775000,STR,18,0 days 00:01:15.828000,13.0,5.0,,,27.808,26.617,21.403,0 days 01:00:48.755000,0 days 01:01:15.372000,0 days 01:01:36.775000,284.0,257.0,259.0,311.0,True,SOFT,2.0,True,Aston Martin,0 days 01:00:20.947000,2025-08-02 11:15:21.415,1,,False,,False,True,75.828,75.828
164,0 days 01:03:43.073000,STR,18,0 days 00:02:06.298000,14.0,5.0,,0 days 01:03:41.413000,43.204,49.379,33.715,0 days 01:02:19.979000,0 days 01:03:09.358000,0 days 01:03:43.073000,141.0,145.0,,285.0,False,SOFT,3.0,True,Aston Martin,0 days 01:01:36.775000,2025-08-02 11:16:37.243,12,,False,,False,False,126.298,126.298
165,0 days 01:08:06.627000,STR,18,,15.0,6.0,0 days 01:06:12.315000,,,46.952,24.92,,0 days 01:07:41.919000,0 days 01:08:06.694000,180.0,184.0,260.0,285.0,False,SOFT,4.0,False,Aston Martin,0 days 01:03:43.073000,2025-08-02 11:18:43.541,21,,False,,False,False,,
166,0 days 01:09:22.715000,STR,18,0 days 00:01:16.088000,16.0,6.0,,,27.684,26.83,21.574,0 days 01:08:34.311000,0 days 01:09:01.141000,0 days 01:09:22.715000,282.0,252.0,259.0,310.0,False,SOFT,5.0,False,Aston Martin,0 days 01:08:06.627000,2025-08-02 11:23:07.095,1,,False,,False,True,76.088,76.088
167,0 days 01:11:37.233000,STR,18,0 days 00:02:14.518000,17.0,6.0,,0 days 01:11:35.311000,48.053,48.868,37.597,0 days 01:10:10.768000,0 days 01:10:59.636000,0 days 01:11:37.233000,169.0,141.0,,239.0,False,SOFT,6.0,False,Aston Martin,0 days 01:09:22.715000,2025-08-02 11:24:23.183,1,,False,,False,False,134.518,134.518
168,0 days 01:13:59.857000,STR,18,0 days 00:02:22.624000,18.0,7.0,0 days 01:12:03.935000,,68.26,48.609,25.755,0 days 01:12:45.493000,0 days 01:13:34.102000,0 days 01:13:59.857000,157.0,193.0,259.0,239.0,False,SOFT,7.0,False,Aston Martin,0 days 01:11:37.233000,2025-08-02 11:26:37.701,1,,False,,False,False,142.624,142.624
169,0 days 01:15:16.182000,STR,18,0 days 00:01:16.325000,19.0,7.0,,,27.872,26.956,21.497,0 days 01:14:27.729000,0 days 01:14:54.685000,0 days 01:15:16.182000,285.0,255.0,261.0,311.0,False,SOFT,8.0,False,Aston Martin,0 days 01:13:59.857000,2025-08-02 11:29:00.325,1,,False,,False,True,76.325,76.325
170,0 days 01:17:10.370000,STR,18,0 days 00:01:54.188000,20.0,7.0,,,36.007,43.473,34.708,0 days 01:15:52.189000,0 days 01:16:35.662000,0 days 01:17:10.370000,196.0,141.0,83.0,294.0,False,SOFT,9.0,False,Aston Martin,0 days 01:15:16.182000,2025-08-02 11:30:16.650,1,,False,,False,True,114.188,114.18799999999999
171,0 days 01:19:04.494000,STR,18,,21.0,7.0,,0 days 01:19:04.494000,53.604,33.323,,0 days 01:18:04.130000,0 days 01:18:37.486000,,221.0,220.0,,245.0,False,SOFT,10.0,False,Aston Martin,0 days 01:17:10.370000,2025-08-02 11:32:10.838,1,,False,,False,False,,
172,0 days 00:30:29.369000,TSU,22,,1.0,1.0,0 days 00:28:47.688000,,,35.068,27.465,,0 days 00:30:02.066000,0 days 00:30:29.431000,232.0,222.0,260.0,,False,MEDIUM,1.0,True,Red Bull Racing,0 days 00:28:47.688000,2025-08-02 10:43:48.156,1,,False,,False,False,,
173,0 days 00:31:46.391000,TSU,22,0 days 00:01:17.022000,2.0,1.0,,,27.774,27.218,22.03,0 days 00:30:57.143000,0 days 00:31:24.361000,0 days 00:31:46.391000,281.0,258.0,259.0,306.0,True,MEDIUM,2.0,True,Red Bull Racing,0 days 00:30:29.369000,2025-08-02 10:45:29.837,1,,False,,False,True,77.022,77.022
174,0 days 00:34:15.764000,TSU,22,0 days 00:02:29.373000,3.0,1.0,,,49.695,55.82,43.858,0 days 00:32:36.086000,0 days 00:33:31.906000,0 days 00:34:15.764000,121.0,109.0,112.0,254.0,False,MEDIUM,3.0,True,Red Bull Racing,0 days 00:31:46.391000,2025-08-02 10:46:46.859,1,,False,,False,True,149.373,149.373
175,0 days 00:36:26.797000,TSU,22,0 days 00:02:11.033000,4.0,1.0,,,58.452,46.85,25.731,0 days 00:35:14.216000,0 days 00:36:01.066000,0 days 00:36:26.797000,134.0,195.0,260.0,134.0,False,MEDIUM,4.0,True,Red Bull Racing,0 days 00:34:15.764000,2025-08-02 10:49:16.232,1,,False,,False,True,131.033,131.033
176,0 days 00:37:43.675000,TSU,22,0 days 00:01:16.878000,5.0,1.0,,,27.857,27.074,21.947,0 days 00:36:54.654000,0 days 00:37:21.728000,0 days 00:37:43.675000,284.0,251.0,258.0,309.0,True,MEDIUM,5.0,True,Red Bull Racing,0 days 00:36:26.797000,2025-08-02 10:51:27.265,1,,False,,False,True,76.878,76.878
177,0 days 00:39:23.073000,TSU,22,0 days 00:01:39.398000,6.0,1.0,,,41.641,34.339,23.418,0 days 00:38:25.316000,0 days 00:38:59.655000,0 days 00:39:23.073000,201.0,229.0,247.0,128.0,False,MEDIUM,6.0,True,Red Bull Racing,0 days 00:37:43.675000,2025-08-02 10:52:44.143,1,,False,,False,True,99.398,99.398
178,0 days 00:40:43.072000,TSU,22,0 days 00:01:19.999000,7.0,1.0,,,29.229,28.251,22.519,0 days 00:39:52.302000,0 days 00:40:20.553000,0 days 00:40:43.072000,279.0,246.0,249.0,290.0,False,MEDIUM,7.0,True,Red Bull Racing,0 days 00:39:23.073000,2025-08-02 10:54:23.541,1,,False,,False,True,79.999,79.999
179,0 days 00:42:02.976000,TSU,22,0 days 00:01:19.904000,8.0,1.0,,,28.848,28.55,22.506,0 days 00:41:11.920000,0 days 00:41:40.470000,0 days 00:42:02.976000,280.0,247.0,249.0,290.0,False,MEDIUM,8.0,True,Red Bull Racing,0 days 00:40:43.072000,2025-08-02 10:55:43.540,1,,False,,False,True,79.904,79.904
180,0 days 00:43:23.065000,TSU,22,0 days 00:01:20.089000,9.0,1.0,,,29.147,28.255,22.687,0 days 00:42:32.123000,0 days 00:43:00.378000,0 days 00:43:23.065000,280.0,248.0,248.0,292.0,False,MEDIUM,9.0,True,Red Bull Racing,0 days 00:42:02.976000,2025-08-02 10:57:03.444,1,,False,,False,True,80.089,80.089
181,0 days 00:44:42.656000,TSU,22,0 days 00:01:19.591000,10.0,1.0,,,28.923,28.214,22.454,0 days 00:43:51.988000,0 days 00:44:20.202000,0 days 00:44:42.656000,281.0,248.0,250.0,291.0,False,MEDIUM,10.0,True,Red Bull Racing,0 days 00:43:23.065000,2025-08-02 10:58:23.533,1,,False,,False,True,79.591,79.59100000000001
182,0 days 00:46:02.903000,TSU,22,0 days 00:01:20.247000,11.0,1.0,,,29.037,28.585,22.625,0 days 00:45:11.693000,0 days 00:45:40.278000,0 days 00:46:02.903000,281.0,246.0,250.0,290.0,False,MEDIUM,11.0,True,Red Bull Racing,0 days 00:44:42.656000,2025-08-02 10:59:43.124,1,,False,,False,True,80.247,80.247
183,0 days 00:47:25.774000,TSU,22,0 days 00:01:22.871000,12.0,1.0,,0 days 00:47:24.063000,29.091,28.411,25.369,0 days 00:46:31.994000,0 days 00:47:00.405000,0 days 00:47:25.774000,282.0,247.0,,293.0,False,MEDIUM,12.0,True,Red Bull Racing,0 days 00:46:02.903000,2025-08-02 11:01:03.371,1,,False,,False,False,82.871,82.87100000000001
184,0 days 01:00:11.055000,TSU,22,,13.0,2.0,0 days 00:58:25.907000,,,35.966,25.881,,0 days 00:59:45.378000,0 days 01:00:11.113000,216.0,212.0,262.0,293.0,False,SOFT,1.0,True,Red Bull Racing,0 days 00:47:25.774000,2025-08-02 11:02:26.242,1,,False,,False,False,,
185,0 days 01:02:17.708000,TSU,22,0 days 00:02:06.653000,14.0,2.0,,,42.934,50.51,33.209,0 days 01:00:53.989000,0 days 01:01:44.499000,0 days 01:02:17.708000,149.0,168.0,260.0,309.0,False,SOFT,2.0,True,Red Bull Racing,0 days 01:00:11.055000,2025-08-02 11:15:11.523,1,,False,,False,True,126.653,126.65299999999999
186,0 days 01:04:13.174000,TSU,22,0 days 00:01:55.466000,15.0,2.0,,0 days 01:04:11.330000,35.321,44.966,35.179,0 days 01:02:53.029000,0 days 01:03:37.995000,0 days 01:04:13.174000,137.0,177.0,,306.0,False,SOFT,3.0,True,Red Bull Racing,0 days 01:02:17.708000,2025-08-02 11:17:18.176,12,,False,,False,False,115.466,115.46600000000001
187,0 days 01:13:48.834000,TSU,22,,16.0,3.0,0 days 01:11:50.967000,,,38.512,31.257,,0 days 01:13:17.773000,0 days 01:13:48.947000,193.0,213.0,258.0,306.0,False,SOFT,4.0,False,Red Bull Racing,0 days 01:04:13.174000,2025-08-02 11:19:13.642,1,,False,,False,False,,
188,0 days 01:15:07.903000,TSU,22,0 days 00:01:19.069000,17.0,3.0,,,30.373,27.177,21.519,0 days 01:14:19.207000,0 days 01:14:46.384000,0 days 01:15:07.903000,280.0,254.0,258.0,308.0,False,SOFT,5.0,False,Red Bull Racing,0 days 01:13:48.834000,2025-08-02 11:28:49.302,1,,False,,False,True,79.069,79.06899999999999
189,0 days 01:17:07.831000,TSU,22,0 days 00:01:59.928000,18.0,3.0,,,40.507,43.677,35.744,0 days 01:15:48.410000,0 days 01:16:32.087000,0 days 01:17:07.831000,152.0,159.0,94.0,308.0,False,SOFT,6.0,False,Red Bull Racing,0 days 01:15:07.903000,2025-08-02 11:30:08.371,1,,False,,False,True,119.928,119.928
190,0 days 01:18:52.238000,TSU,22,0 days 00:01:44.407000,19.0,3.0,,0 days 01:18:50.306000,47.028,30.343,27.036,0 days 01:17:54.859000,0 days 01:18:25.202000,0 days 01:18:52.238000,248.0,227.0,,246.0,False,SOFT,7.0,False,Red Bull Racing,0 days 01:17:07.831000,2025-08-02 11:32:08.299,1,,False,,False,False,104.407,104.407
191,0 days 00:38:55.361000,ALB,23,,1.0,1.0,0 days 00:37:16.445000,,,35.84,25.5,,0 days 00:38:30.046000,0 days 00:38:55.595000,252.0,198.0,256.0,,False,MEDIUM,1.0,True,Williams,0 days 00:37:16.445000,2025-08-02 10:52:16.913,1,,False,,False,False,,
192,0 days 00:40:13.019000,ALB,23,0 days 00:01:17.658000,2.0,1.0,,,28.409,27.454,21.795,0 days 00:39:23.770000,0 days 00:39:51.224000,0 days 00:40:13.019000,276.0,249.0,257.0,301.0,True,MEDIUM,2.0,True,Williams,0 days 00:38:55.361000,2025-08-02 10:53:55.829,1,,False,,False,True,77.658,77.658
193,0 days 00:42:28.426000,ALB,23,0 days 00:02:15.407000,3.0,1.0,,0 days 00:42:26.717000,48.87,51.284,35.253,0 days 00:41:01.889000,0 days 00:41:53.173000,0 days 00:42:28.426000,168.0,132.0,,188.0,False,MEDIUM,3.0,True,Williams,0 days 00:40:13.019000,2025-08-02 10:55:13.487,1,,False,,False,False,135.407,135.40699999999998
194,0 days 00:44:58.595000,ALB,23,,4.0,2.0,0 days 00:42:43.264000,,62.544,48.423,39.103,0 days 00:43:31.226000,0 days 00:44:19.594000,0 days 00:44:59.346000,220.0,75.0,260.0,188.0,False,MEDIUM,4.0,False,Williams,0 days 00:42:28.426000,2025-08-02 10:57:28.894,1,,False,,False,False,,150.07
195,0 days 00:46:45.693000,ALB,23,0 days 00:01:47.098000,5.0,2.0,,,36.932,42.571,27.595,0 days 00:45:35.527000,0 days 00:46:18.098000,0 days 00:46:45.693000,241.0,190.0,259.0,309.0,False,MEDIUM,5.0,False,Williams,0 days 00:44:58.595000,2025-08-02 10:59:59.063,1,,False,,False,True,107.098,107.098
196,0 days 00:48:36.296000,ALB,23,0 days 00:01:50.603000,6.0,2.0,,,27.934,48.062,34.607,0 days 00:47:13.627000,0 days 00:48:01.689000,0 days 00:48:36.296000,279.0,101.0,260.0,307.0,False,MEDIUM,6.0,False,Williams,0 days 00:46:45.693000,2025-08-02 11:01:46.161,1,,False,,False,True,110.603,110.603
197,0 days 00:49:53.355000,ALB,23,0 days 00:01:17.059000,7.0,2.0,,,27.993,27.368,21.698,0 days 00:49:04.289000,0 days 00:49:31.657000,0 days 00:49:53.355000,277.0,246.0,259.0,307.0,True,MEDIUM,7.0,False,Williams,0 days 00:48:36.296000,2025-08-02 11:03:36.764,1,,False,,False,True,77.059,77.059
198,0 days 00:52:12.613000,ALB,23,0 days 00:02:19.258000,8.0,2.0,,,52.213,47.149,39.896,0 days 00:50:45.568000,0 days 00:51:32.717000,0 days 00:52:12.613000,124.0,116.0,211.0,212.0,False,MEDIUM,8.0,False,Williams,0 days 00:49:53.355000,2025-08-02 11:04:53.823,1,,False,,False,True,139.258,139.25799999999998
199,0 days 00:54:18.728000,ALB,23,0 days 00:02:06.115000,9.0,2.0,,,56.422,44.253,25.44,0 days 00:53:09.035000,0 days 00:53:53.288000,0 days 00:54:18.728000,149.0,185.0,261.0,100.0,False,MEDIUM,9.0,False,Williams,0 days 00:52:12.613000,2025-08-02 11:07:13.081,1,,False,,False,True,126.115,126.115
200,0 days 00:55:35.747000,ALB,23,0 days 00:01:17.019000,10.0,2.0,,,27.873,27.365,21.781,0 days 00:54:46.601000,0 days 00:55:13.966000,0 days 00:55:35.747000,279.0,249.0,259.0,308.0,True,MEDIUM,10.0,False,Williams,0 days 00:54:18.728000,2025-08-02 11:09:19.196,1,,False,,False,True,77.019,77.019
201,0 days 00:57:18.321000,ALB,23,0 days 00:01:42.574000,11.0,2.0,,0 days 00:57:16.493000,37.171,35.19,30.213,0 days 00:56:12.918000,0 days 00:56:48.108000,0 days 00:57:18.321000,191.0,217.0,,284.0,False,MEDIUM,11.0,False,Williams,0 days 00:55:35.747000,2025-08-02 11:10:36.215,1,,False,,False,False,102.574,102.57399999999998
202,0 days 01:03:35.640000,ALB,23,,12.0,3.0,0 days 01:01:42.395000,,,40.728,26.712,,0 days 01:03:09.272000,0 days 01:03:35.819000,237.0,201.0,259.0,284.0,False,SOFT,1.0,True,Williams,0 days 00:57:18.321000,2025-08-02 11:12:18.789,12,,False,,False,False,,
203,0 days 01:04:52.423000,ALB,23,0 days 00:01:16.783000,13.0,3.0,,,28.013,27.162,21.608,0 days 01:04:03.653000,0 days 01:04:30.815000,0 days 01:04:52.423000,279.0,252.0,258.0,306.0,True,SOFT,2.0,True,Williams,0 days 01:03:35.640000,2025-08-02 11:18:36.108,21,,False,,False,True,76.783,76.783
204,0 days 01:07:17.432000,ALB,23,0 days 00:02:25.009000,14.0,3.0,,0 days 01:07:15.729000,49.304,56.639,39.066,0 days 01:05:41.727000,0 days 01:06:38.366000,0 days 01:07:17.432000,155.0,132.0,,217.0,False,SOFT,3.0,True,Williams,0 days 01:04:52.423000,2025-08-02 11:19:52.891,1,,False,,False,False,145.009,145.00900000000001
205,0 days 01:09:36.410000,ALB,23,0 days 00:02:18.978000,15.0,4.0,0 days 01:07:32.084000,,56.853,53.091,29.034,0 days 01:08:14.285000,0 days 01:09:07.376000,0 days 01:09:36.410000,196.0,154.0,260.0,217.0,False,SOFT,4.0,False,Williams,0 days 01:07:17.432000,2025-08-02 11:22:17.900,1,,False,,False,False,138.978,138.978
206,0 days 01:10:52.940000,ALB,23,0 days 00:01:16.530000,16.0,4.0,,,27.867,27.045,21.618,0 days 01:10:04.277000,0 days 01:10:31.322000,0 days 01:10:52.940000,280.0,247.0,259.0,308.0,True,SOFT,5.0,False,Williams,0 days 01:09:36.410000,2025-08-02 11:24:36.878,1,,False,,False,True,76.53,76.53
207,0 days 01:12:50.448000,ALB,23,0 days 00:01:57.508000,17.0,4.0,,0 days 01:12:48.685000,46.918,43.16,27.43,0 days 01:11:39.858000,0 days 01:12:23.018000,0 days 01:12:50.448000,130.0,195.0,,252.0,False,SOFT,6.0,False,Williams,0 days 01:10:52.940000,2025-08-02 11:25:53.408,1,,False,,False,False,117.508,117.50800000000001
208,0 days 01:16:14.091000,ALB,23,,18.0,5.0,0 days 01:14:29.306000,,,38.123,23.93,,0 days 01:15:50.321000,0 days 01:16:14.207000,180.0,224.0,245.0,252.0,False,MEDIUM,12.0,False,Williams,0 days 01:12:50.448000,2025-08-02 11:27:50.916,1,,False,,False,False,,
209,0 days 01:18:16.102000,ALB,23,0 days 00:02:02.011000,19.0,5.0,,,30.115,33.305,58.591,0 days 01:16:44.206000,0 days 01:17:17.511000,0 days 01:18:16.102000,213.0,216.0,5.0,286.0,False,MEDIUM,13.0,False,Williams,0 days 01:16:14.091000,2025-08-02 11:31:14.559,1,,False,,False,True,122.011,122.011
210,0 days 01:20:02.383000,ALB,23,0 days 00:01:46.281000,20.0,5.0,,0 days 01:20:00.586000,40.96,30.305,35.016,0 days 01:18:57.062000,0 days 01:19:27.367000,0 days 01:20:02.383000,194.0,210.0,,251.0,False,MEDIUM,14.0,False,Williams,0 days 01:18:16.102000,2025-08-02 11:33:16.570,1,,False,,False,False,106.281,106.281
211,0 days 00:27:23.331000,HUL,27,,1.0,1.0,0 days 00:25:37.513000,,,37.713,28.1,,0 days 00:26:55.344000,0 days 00:27:23.630000,189.0,213.0,255.0,,False,SOFT,1.0,True,Kick Sauber,0 days 00:25:37.513000,2025-08-02 10:40:37.981,1,,False,,False,False,,
212,0 days 00:28:41.425000,HUL,27,0 days 00:01:18.094000,2.0,1.0,,,28.545,27.749,21.8,0 days 00:27:51.876000,0 days 00:28:19.625000,0 days 00:28:41.425000,278.0,247.0,256.0,302.0,True,SOFT,2.0,True,Kick Sauber,0 days 00:27:23.331000,2025-08-02 10:42:23.799,1,,False,,False,True,78.094,78.094
213,0 days 00:30:33.716000,HUL,27,0 days 00:01:52.291000,3.0,1.0,,0 days 00:30:31.870000,40.479,39.027,32.785,0 days 00:29:21.904000,0 days 00:30:00.931000,0 days 00:30:33.716000,173.0,195.0,,193.0,False,SOFT,3.0,True,Kick Sauber,0 days 00:28:41.425000,2025-08-02 10:43:41.893,1,,False,,False,False,112.291,112.291
214,0 days 00:34:38.697000,HUL,27,,4.0,2.0,0 days 00:32:57.255000,,,39.27,24.722,,0 days 00:34:14.243000,0 days 00:34:38.727000,234.0,203.0,259.0,193.0,False,SOFT,4.0,False,Kick Sauber,0 days 00:30:33.716000,2025-08-02 10:45:34.184,1,,False,,False,False,,
215,0 days 00:35:55.527000,HUL,27,0 days 00:01:16.830000,5.0,2.0,,,27.902,27.321,21.607,0 days 00:35:06.599000,0 days 00:35:33.920000,0 days 00:35:55.527000,282.0,251.0,261.0,308.0,True,SOFT,5.0,False,Kick Sauber,0 days 00:34:38.697000,2025-08-02 10:49:39.165,1,,False,,False,True,76.83,76.83
216,0 days 00:37:45.362000,HUL,27,0 days 00:01:49.835000,6.0,2.0,,,42.687,40.102,27.046,0 days 00:36:38.214000,0 days 00:37:18.316000,0 days 00:37:45.362000,197.0,186.0,251.0,208.0,False,SOFT,6.0,False,Kick Sauber,0 days 00:35:55.527000,2025-08-02 10:50:55.995,1,,False,,False,True,109.835,109.83499999999998
217,0 days 00:39:04.470000,HUL,27,0 days 00:01:19.108000,7.0,2.0,,,28.727,28.23,22.151,0 days 00:38:14.089000,0 days 00:38:42.319000,0 days 00:39:04.470000,273.0,242.0,250.0,289.0,False,SOFT,7.0,False,Kick Sauber,0 days 00:37:45.362000,2025-08-02 10:52:45.830,1,,False,,False,True,79.108,79.108
218,0 days 00:40:22.995000,HUL,27,0 days 00:01:18.525000,8.0,2.0,,,28.731,27.776,22.018,0 days 00:39:33.201000,0 days 00:40:00.977000,0 days 00:40:22.995000,276.0,244.0,252.0,288.0,False,SOFT,8.0,False,Kick Sauber,0 days 00:39:04.470000,2025-08-02 10:54:04.938,1,,False,,False,True,78.525,78.525
219,0 days 00:41:41.994000,HUL,27,0 days 00:01:18.999000,9.0,2.0,,,28.639,28.187,22.173,0 days 00:40:51.634000,0 days 00:41:19.821000,0 days 00:41:41.994000,274.0,243.0,250.0,291.0,False,SOFT,9.0,False,Kick Sauber,0 days 00:40:22.995000,2025-08-02 10:55:23.463,1,,False,,False,True,78.999,78.999
220,0 days 00:43:00.839000,HUL,27,0 days 00:01:18.845000,10.0,2.0,,,28.605,28.033,22.207,0 days 00:42:10.599000,0 days 00:42:38.632000,0 days 00:43:00.839000,278.0,244.0,251.0,291.0,False,SOFT,10.0,False,Kick Sauber,0 days 00:41:41.994000,2025-08-02 10:56:42.462,1,,False,,False,True,78.845,78.845
221,0 days 00:44:20.983000,HUL,27,0 days 00:01:20.144000,11.0,2.0,,,28.898,28.213,23.033,0 days 00:43:29.737000,0 days 00:43:57.950000,0 days 00:44:20.983000,271.0,244.0,252.0,292.0,False,SOFT,11.0,False,Kick Sauber,0 days 00:43:00.839000,2025-08-02 10:58:01.307,1,,False,,False,True,80.144,80.144
222,0 days 00:45:50.355000,HUL,27,0 days 00:01:29.372000,12.0,2.0,,0 days 00:45:48.513000,30.534,32.155,26.683,0 days 00:44:51.517000,0 days 00:45:23.672000,0 days 00:45:50.355000,247.0,217.0,,305.0,False,SOFT,12.0,False,Kick Sauber,0 days 00:44:20.983000,2025-08-02 10:59:21.451,1,,False,,False,False,89.372,89.372
223,0 days 01:00:30.769000,HUL,27,,13.0,3.0,0 days 00:58:47.506000,,,37.726,24.33,,0 days 01:00:06.646000,0 days 01:00:30.939000,231.0,214.0,261.0,305.0,False,SOFT,1.0,True,Kick Sauber,0 days 00:45:50.355000,2025-08-02 11:00:50.823,1,,False,,False,False,,
224,0 days 01:01:46.794000,HUL,27,0 days 00:01:16.025000,14.0,3.0,,,27.699,26.708,21.618,0 days 01:00:58.468000,0 days 01:01:25.176000,0 days 01:01:46.794000,283.0,253.0,259.0,308.0,True,SOFT,2.0,True,Kick Sauber,0 days 01:00:30.769000,2025-08-02 11:15:31.237,1,,False,,False,True,76.025,76.02499999999999
225,0 days 01:03:45.107000,HUL,27,0 days 00:01:58.313000,15.0,3.0,,0 days 01:03:43.377000,44.406,40.306,33.601,0 days 01:02:31.200000,0 days 01:03:11.506000,0 days 01:03:45.107000,192.0,194.0,,195.0,False,SOFT,3.0,True,Kick Sauber,0 days 01:01:46.794000,2025-08-02 11:16:47.262,12,,False,,False,False,118.313,118.31299999999999
226,0 days 01:08:32.524000,HUL,27,,16.0,4.0,0 days 01:06:23.665000,,,46.797,30.218,,0 days 01:08:02.494000,0 days 01:08:32.548000,159.0,174.0,260.0,195.0,False,SOFT,4.0,False,Kick Sauber,0 days 01:03:45.107000,2025-08-02 11:18:45.575,21,,False,,False,False,,
227,0 days 01:09:49.066000,HUL,27,0 days 00:01:16.542000,17.0,4.0,,,27.806,27.318,21.418,0 days 01:09:00.330000,0 days 01:09:27.648000,0 days 01:09:49.066000,280.0,250.0,261.0,309.0,False,SOFT,5.0,False,Kick Sauber,0 days 01:08:32.524000,2025-08-02 11:23:32.992,1,,False,,False,True,76.542,76.542
228,0 days 01:11:16.786000,HUL,27,0 days 00:01:27.720000,18.0,4.0,,0 days 01:11:15.039000,32.045,30.554,25.121,0 days 01:10:21.111000,0 days 01:10:51.665000,0 days 01:11:16.786000,258.0,235.0,,288.0,False,SOFT,6.0,False,Kick Sauber,0 days 01:09:49.066000,2025-08-02 11:24:49.534,1,,False,,False,False,87.72,87.72
229,0 days 01:16:01.568000,HUL,27,,19.0,5.0,0 days 01:14:15.406000,,,34.256,24.744,,0 days 01:15:36.972000,0 days 01:16:01.568000,234.0,213.0,234.0,288.0,False,SOFT,7.0,False,Kick Sauber,0 days 01:11:16.786000,2025-08-02 11:26:17.254,1,,False,,False,False,,
230,0 days 01:18:01.982000,HUL,27,0 days 00:02:00.414000,20.0,5.0,,,37.207,40.609,42.598,0 days 01:16:38.775000,0 days 01:17:19.384000,0 days 01:18:01.982000,212.0,163.0,78.0,256.0,False,SOFT,8.0,False,Kick Sauber,0 days 01:16:01.568000,2025-08-02 11:31:02.036,1,,False,,False,True,120.414,120.414
231,0 days 01:19:53.026000,HUL,27,0 days 00:01:51.044000,21.0,5.0,,0 days 01:19:51.289000,53.326,31.614,26.104,0 days 01:18:55.308000,0 days 01:19:26.922000,0 days 01:19:53.026000,242.0,221.0,,250.0,False,SOFT,9.0,False,Kick Sauber,0 days 01:18:01.982000,2025-08-02 11:33:02.450,1,,False,,False,False,111.044,111.044
232,0 days 00:34:28.569000,LAW,30,,1.0,1.0,0 days 00:32:43.237000,,,41.599,25.919,,0 days 00:34:02.886000,0 days 00:34:28.677000,264.0,193.0,256.0,,False,MEDIUM,1.0,True,Racing Bulls,0 days 00:32:43.237000,2025-08-02 10:47:43.705,1,,False,,False,False,,
233,0 days 00:35:46.220000,LAW,30,0 days 00:01:17.651000,2.0,1.0,,,28.314,27.504,21.833,0 days 00:34:56.883000,0 days 00:35:24.387000,0 days 00:35:46.220000,279.0,248.0,256.0,305.0,True,MEDIUM,2.0,True,Racing Bulls,0 days 00:34:28.569000,2025-08-02 10:49:29.037,1,,False,,False,True,77.651,77.651
234,0 days 00:37:54.428000,LAW,30,0 days 00:02:08.208000,3.0,1.0,,0 days 00:37:52.691000,45.084,45.359,37.765,0 days 00:36:31.304000,0 days 00:37:16.663000,0 days 00:37:54.428000,181.0,126.0,,292.0,False,MEDIUM,3.0,True,Racing Bulls,0 days 00:35:46.220000,2025-08-02 10:50:46.688,1,,False,,False,False,128.208,128.20800000000003
235,0 days 00:40:11.029000,LAW,30,0 days 00:02:16.601000,4.0,2.0,0 days 00:38:10.769000,,63.047,46.508,27.046,0 days 00:38:57.475000,0 days 00:39:43.983000,0 days 00:40:11.029000,163.0,204.0,256.0,292.0,False,MEDIUM,4.0,False,Racing Bulls,0 days 00:37:54.428000,2025-08-02 10:52:54.896,1,,False,,False,False,136.601,136.601
236,0 days 00:41:28.187000,LAW,30,0 days 00:01:17.158000,5.0,2.0,,,28.208,27.362,21.588,0 days 00:40:39.237000,0 days 00:41:06.599000,0 days 00:41:28.187000,279.0,253.0,256.0,302.0,True,MEDIUM,5.0,False,Racing Bulls,0 days 00:40:11.029000,2025-08-02 10:55:11.497,1,,False,,False,True,77.158,77.15799999999999
237,0 days 00:43:35.750000,LAW,30,0 days 00:02:07.563000,6.0,2.0,,0 days 00:43:34.046000,44.782,45.448,37.333,0 days 00:42:12.969000,0 days 00:42:58.417000,0 days 00:43:35.750000,172.0,133.0,,293.0,False,MEDIUM,6.0,False,Racing Bulls,0 days 00:41:28.187000,2025-08-02 10:56:28.655,1,,False,,False,False,127.563,127.56299999999999
238,0 days 00:45:59.868000,LAW,30,0 days 00:02:24.118000,7.0,3.0,0 days 00:44:04.139000,,70.192,45.953,27.973,0 days 00:44:45.942000,0 days 00:45:31.895000,0 days 00:45:59.868000,189.0,184.0,255.0,293.0,False,MEDIUM,7.0,False,Racing Bulls,0 days 00:43:35.750000,2025-08-02 10:58:36.218,1,,False,,False,False,144.118,144.118
239,0 days 00:47:17.002000,LAW,30,0 days 00:01:17.134000,8.0,3.0,,,28.139,27.397,21.598,0 days 00:46:28.007000,0 days 00:46:55.404000,0 days 00:47:17.002000,278.0,251.0,256.0,302.0,True,MEDIUM,8.0,False,Racing Bulls,0 days 00:45:59.868000,2025-08-02 11:01:00.336,1,,False,,False,True,77.134,77.134
240,0 days 00:49:26.931000,LAW,30,0 days 00:02:09.929000,9.0,3.0,,0 days 00:49:25.877000,44.804,50.574,34.551,0 days 00:48:01.806000,0 days 00:48:52.380000,0 days 00:49:26.931000,117.0,199.0,,291.0,False,MEDIUM,9.0,False,Racing Bulls,0 days 00:47:17.002000,2025-08-02 11:02:17.470,1,,False,,False,False,129.929,129.929
241,0 days 00:51:46.009000,LAW,30,0 days 00:02:19.078000,10.0,4.0,0 days 00:49:43.731000,,65.772,46.475,26.831,0 days 00:50:32.703000,0 days 00:51:19.178000,0 days 00:51:46.009000,137.0,183.0,256.0,291.0,False,MEDIUM,10.0,False,Racing Bulls,0 days 00:49:26.931000,2025-08-02 11:04:27.399,1,,False,,False,False,139.078,139.078
242,0 days 00:53:02.994000,LAW,30,0 days 00:01:16.985000,11.0,4.0,,,28.077,27.272,21.636,0 days 00:52:14.086000,0 days 00:52:41.358000,0 days 00:53:02.994000,279.0,252.0,257.0,303.0,True,MEDIUM,11.0,False,Racing Bulls,0 days 00:51:46.009000,2025-08-02 11:06:46.477,1,,False,,False,True,76.985,76.985
243,0 days 00:54:45.792000,LAW,30,0 days 00:01:42.798000,12.0,4.0,,0 days 00:54:44.138000,35.718,36.441,30.639,0 days 00:53:38.712000,0 days 00:54:15.153000,0 days 00:54:45.792000,176.0,213.0,,291.0,False,MEDIUM,12.0,False,Racing Bulls,0 days 00:53:02.994000,2025-08-02 11:08:03.462,1,,False,,False,False,102.798,102.798
244,0 days 01:02:31.255000,LAW,30,,13.0,5.0,0 days 01:00:36.786000,,,40.134,29.141,,0 days 01:02:02.330000,0 days 01:02:31.328000,202.0,193.0,259.0,291.0,False,SOFT,1.0,True,Racing Bulls,0 days 00:54:45.792000,2025-08-02 11:09:46.260,1,,False,,False,False,,
245,0 days 01:03:48.995000,LAW,30,0 days 00:01:17.740000,14.0,5.0,,,27.973,26.949,22.818,0 days 01:02:59.228000,0 days 01:03:26.177000,0 days 01:03:48.995000,279.0,254.0,220.0,305.0,False,SOFT,2.0,True,Racing Bulls,0 days 01:02:31.255000,2025-08-02 11:17:31.723,12,,False,,False,True,77.74,77.74
246,0 days 01:05:47.690000,LAW,30,0 days 00:01:58.695000,15.0,5.0,,0 days 01:05:45.956000,44.613,43.687,30.395,0 days 01:04:33.608000,0 days 01:05:17.295000,0 days 01:05:47.690000,162.0,201.0,,257.0,False,SOFT,3.0,True,Racing Bulls,0 days 01:03:48.995000,2025-08-02 11:18:49.463,1,,False,,False,False,118.695,118.695
247,0 days 01:08:40.668000,LAW,30,,16.0,6.0,0 days 01:06:19.284000,,92.64,48.845,31.514,0 days 01:07:20.611000,0 days 01:08:09.405000,0 days 01:08:40.783000,154.0,138.0,259.0,257.0,False,SOFT,4.0,False,Racing Bulls,0 days 01:05:47.690000,2025-08-02 11:20:48.158,1,,False,,False,False,,172.99900000000002
248,0 days 01:09:57.039000,LAW,30,0 days 00:01:16.371000,17.0,6.0,,,27.806,27.079,21.486,0 days 01:09:08.474000,0 days 01:09:35.553000,0 days 01:09:57.039000,279.0,252.0,259.0,306.0,True,SOFT,5.0,False,Racing Bulls,0 days 01:08:40.668000,2025-08-02 11:23:41.136,1,,False,,False,True,76.371,76.37100000000001
249,0 days 01:11:39.358000,LAW,30,0 days 00:01:42.319000,18.0,6.0,,0 days 01:11:37.654000,39.438,35.525,27.356,0 days 01:10:36.477000,0 days 01:11:12.002000,0 days 01:11:39.358000,197.0,197.0,,297.0,False,SOFT,6.0,False,Racing Bulls,0 days 01:09:57.039000,2025-08-02 11:24:57.507,1,,False,,False,False,102.319,102.31899999999999
250,0 days 01:15:55.952000,LAW,30,,19.0,7.0,0 days 01:13:52.195000,,,40.804,31.351,,0 days 01:15:24.862000,0 days 01:15:56.021000,184.0,191.0,166.0,297.0,False,MEDIUM,13.0,False,Racing Bulls,0 days 01:11:39.358000,2025-08-02 11:26:39.826,1,,False,,False,False,,
251,0 days 01:18:06.998000,LAW,30,0 days 00:02:11.046000,20.0,7.0,,,43.461,42.711,44.874,0 days 01:16:39.413000,0 days 01:17:22.124000,0 days 01:18:06.998000,180.0,159.0,47.0,191.0,False,MEDIUM,14.0,False,Racing Bulls,0 days 01:15:55.952000,2025-08-02 11:30:56.420,1,,False,,False,True,131.046,131.046
252,0 days 01:20:07.602000,LAW,30,0 days 00:02:00.604000,21.0,7.0,,0 days 01:20:05.602000,52.731,37.324,30.549,0 days 01:18:59.729000,0 days 01:19:37.053000,0 days 01:20:07.602000,186.0,163.0,,250.0,False,MEDIUM,15.0,False,Racing Bulls,0 days 01:18:06.998000,2025-08-02 11:33:07.466,1,,False,,False,False,120.604,120.60400000000001
253,0 days 00:38:01.664000,OCO,31,,1.0,1.0,0 days 00:36:08.386000,,,41.821,27.908,,0 days 00:37:34.003000,0 days 00:38:01.800000,218.0,189.0,253.0,,False,MEDIUM,1.0,True,Haas F1 Team,0 days 00:36:08.386000,2025-08-02 10:51:08.854,1,,False,,False,False,,
254,0 days 00:39:19.954000,OCO,31,0 days 00:01:18.290000,2.0,1.0,,,28.469,27.921,21.9,0 days 00:38:30.133000,0 days 00:38:58.054000,0 days 00:39:19.954000,279.0,248.0,256.0,302.0,True,MEDIUM,2.0,True,Haas F1 Team,0 days 00:38:01.664000,2025-08-02 10:53:02.132,1,,False,,False,True,78.29,78.28999999999999
255,0 days 00:41:32.656000,OCO,31,0 days 00:02:12.702000,3.0,1.0,,,47.631,48.612,36.459,0 days 00:40:07.585000,0 days 00:40:56.197000,0 days 00:41:32.656000,122.0,132.0,149.0,231.0,False,MEDIUM,3.0,True,Haas F1 Team,0 days 00:39:19.954000,2025-08-02 10:54:20.422,1,,False,,False,True,132.702,132.702
256,0 days 00:43:36.188000,OCO,31,0 days 00:02:03.532000,4.0,1.0,,,48.322,44.716,30.494,0 days 00:42:20.978000,0 days 00:43:05.694000,0 days 00:43:36.188000,113.0,123.0,257.0,181.0,False,MEDIUM,4.0,True,Haas F1 Team,0 days 00:41:32.656000,2025-08-02 10:56:33.124,1,,False,,False,True,123.532,123.53200000000001
257,0 days 00:44:53.352000,OCO,31,0 days 00:01:17.164000,5.0,1.0,,,27.988,27.341,21.835,0 days 00:44:04.176000,0 days 00:44:31.517000,0 days 00:44:53.352000,279.0,249.0,260.0,308.0,True,MEDIUM,5.0,True,Haas F1 Team,0 days 00:43:36.188000,2025-08-02 10:58:36.656,1,,False,,False,True,77.164,77.164
258,0 days 00:46:52.912000,OCO,31,0 days 00:01:59.560000,6.0,1.0,,0 days 00:46:51.234000,45.058,41.783,32.719,0 days 00:45:38.410000,0 days 00:46:20.193000,0 days 00:46:52.912000,89.0,183.0,,255.0,False,MEDIUM,6.0,True,Haas F1 Team,0 days 00:44:53.352000,2025-08-02 10:59:53.820,1,,False,,False,False,119.56,119.56
259,0 days 00:52:20.905000,OCO,31,,7.0,2.0,0 days 00:50:25.889000,,,40.437,33.366,,0 days 00:51:47.788000,0 days 00:52:21.092000,213.0,177.0,256.0,255.0,False,MEDIUM,7.0,False,Haas F1 Team,0 days 00:46:52.912000,2025-08-02 11:01:53.380,1,,False,,False,False,,
260,0 days 00:53:37.918000,OCO,31,0 days 00:01:17.013000,8.0,2.0,,,27.864,27.428,21.721,0 days 00:52:48.769000,0 days 00:53:16.197000,0 days 00:53:37.918000,282.0,253.0,259.0,309.0,True,MEDIUM,8.0,False,Haas F1 Team,0 days 00:52:20.905000,2025-08-02 11:07:21.373,1,,False,,False,True,77.013,77.013
261,0 days 00:55:19.114000,OCO,31,0 days 00:01:41.196000,9.0,2.0,,0 days 00:55:17.347000,33.745,38.404,29.047,0 days 00:54:11.663000,0 days 00:54:50.067000,0 days 00:55:19.114000,213.0,192.0,,302.0,False,MEDIUM,9.0,False,Haas F1 Team,0 days 00:53:37.918000,2025-08-02 11:08:38.386,1,,False,,False,False,101.196,101.196
262,0 days 01:02:39.464000,OCO,31,,10.0,3.0,0 days 01:00:46.974000,,,42.308,26.683,,0 days 01:02:12.990000,0 days 01:02:39.514000,204.0,200.0,258.0,302.0,False,SOFT,1.0,True,Haas F1 Team,0 days 00:55:19.114000,2025-08-02 11:10:19.582,1,,False,,False,False,,
263,0 days 01:04:07.684000,OCO,31,0 days 00:01:28.220000,11.0,3.0,,0 days 01:04:05.819000,27.726,27.027,33.467,0 days 01:03:07.190000,0 days 01:03:34.217000,0 days 01:04:07.684000,281.0,255.0,,307.0,False,SOFT,2.0,True,Haas F1 Team,0 days 01:02:39.464000,2025-08-02 11:17:39.932,12,,False,,False,False,88.22,88.22
264,0 days 01:06:49.157000,OCO,31,,12.0,4.0,0 days 01:04:40.349000,,74.924,48.512,38.113,0 days 01:05:22.815000,0 days 01:06:11.190000,0 days 01:06:49.314000,141.0,122.0,158.0,307.0,False,SOFT,3.0,False,Haas F1 Team,0 days 01:04:07.684000,2025-08-02 11:19:08.152,1,,False,,False,False,,161.549
265,0 days 01:08:59.560000,OCO,31,0 days 00:02:10.403000,13.0,4.0,,,49.539,50.195,30.669,0 days 01:07:38.696000,0 days 01:08:28.891000,0 days 01:08:59.560000,142.0,159.0,257.0,171.0,False,SOFT,4.0,False,Haas F1 Team,0 days 01:06:49.157000,2025-08-02 11:21:49.625,1,,False,,False,True,130.403,130.40300000000002
266,0 days 01:10:16.091000,OCO,31,0 days 00:01:16.531000,14.0,4.0,,,27.809,27.112,21.61,0 days 01:09:27.369000,0 days 01:09:54.481000,0 days 01:10:16.091000,282.0,254.0,258.0,309.0,True,SOFT,5.0,False,Haas F1 Team,0 days 01:08:59.560000,2025-08-02 11:24:00.028,1,,False,,False,True,76.531,76.531
267,0 days 01:11:56.066000,OCO,31,0 days 00:01:39.975000,15.0,4.0,,0 days 01:11:55.130000,36.235,35.342,28.398,0 days 01:10:52.326000,0 days 01:11:27.668000,0 days 01:11:56.066000,186.0,213.0,,302.0,False,SOFT,6.0,False,Haas F1 Team,0 days 01:10:16.091000,2025-08-02 11:25:16.559,1,,False,,False,False,99.975,99.975
268,0 days 01:16:27.903000,OCO,31,,16.0,5.0,0 days 01:14:48.127000,,,34.478,28.675,,0 days 01:15:59.398000,0 days 01:16:28.397000,254.0,199.0,205.0,302.0,False,MEDIUM,10.0,False,Haas F1 Team,0 days 01:11:56.066000,2025-08-02 11:26:56.534,1,,False,,False,False,,
269,0 days 01:18:22.677000,OCO,31,0 days 00:01:54.774000,17.0,5.0,,,34.105,36.067,44.602,0 days 01:17:02.008000,0 days 01:17:38.075000,0 days 01:18:22.677000,250.0,172.0,60.0,223.0,False,MEDIUM,11.0,False,Haas F1 Team,0 days 01:16:27.903000,2025-08-02 11:31:28.371,1,,False,,False,True,114.774,114.774
270,0 days 01:20:13.513000,OCO,31,0 days 00:01:50.836000,18.0,5.0,,0 days 01:20:11.727000,46.094,34.506,30.236,0 days 01:19:08.771000,0 days 01:19:43.277000,0 days 01:20:13.513000,274.0,190.0,,252.0,False,MEDIUM,12.0,False,Haas F1 Team,0 days 01:18:22.677000,2025-08-02 11:33:23.145,1,,False,,False,False,110.836,110.836
271,0 days 00:22:58.858000,COL,43,,1.0,1.0,0 days 00:21:18.598000,,,36.549,25.087,,0 days 00:22:34.011000,0 days 00:22:59.011000,243.0,205.0,257.0,,False,SOFT,1.0,True,Alpine,0 days 00:21:18.598000,2025-08-02 10:36:19.066,1,,False,,False,False,,
272,0 days 00:24:16.864000,COL,43,0 days 00:01:18.006000,2.0,1.0,,,28.324,27.756,21.926,0 days 00:23:27.182000,0 days 00:23:54.938000,0 days 00:24:16.864000,277.0,247.0,256.0,302.0,True,SOFT,2.0,True,Alpine,0 days 00:22:58.858000,2025-08-02 10:37:59.326,1,,False,,False,True,78.006,78.006
273,0 days 00:27:04.742000,COL,43,,3.0,1.0,,0 days 00:27:03.036000,53.201,66.1,48.593,0 days 00:25:10.388000,0 days 00:26:16.436000,0 days 00:27:04.843000,114.0,98.0,,214.0,False,SOFT,3.0,True,Alpine,0 days 00:24:16.864000,2025-08-02 10:39:17.332,1,,False,,False,False,,167.894
274,0 days 00:29:22.571000,COL,43,0 days 00:02:17.829000,4.0,2.0,0 days 00:27:29.345000,,70.41,41.746,25.673,0 days 00:28:15.152000,0 days 00:28:56.898000,0 days 00:29:22.571000,249.0,214.0,257.0,214.0,False,SOFT,4.0,False,Alpine,0 days 00:27:04.742000,2025-08-02 10:42:05.210,1,,False,,False,False,137.829,137.829
275,0 days 00:31:44.029000,COL,43,0 days 00:02:21.458000,5.0,2.0,,,31.072,68.046,42.34,0 days 00:29:53.643000,0 days 00:31:01.689000,0 days 00:31:44.029000,113.0,78.0,252.0,303.0,False,SOFT,5.0,False,Alpine,0 days 00:29:22.571000,2025-08-02 10:44:23.039,1,,False,,False,True,141.458,141.45800000000003
276,0 days 00:33:01.339000,COL,43,0 days 00:01:17.310000,6.0,2.0,,,28.286,27.383,21.641,0 days 00:32:12.315000,0 days 00:32:39.698000,0 days 00:33:01.339000,277.0,251.0,258.0,302.0,True,SOFT,6.0,False,Alpine,0 days 00:31:44.029000,2025-08-02 10:46:44.497,1,,False,,False,True,77.31,77.31
277,0 days 00:35:30.436000,COL,43,0 days 00:02:29.097000,7.0,2.0,,0 days 00:35:28.763000,51.719,57.199,40.179,0 days 00:33:53.058000,0 days 00:34:50.257000,0 days 00:35:30.436000,146.0,126.0,,135.0,False,SOFT,7.0,False,Alpine,0 days 00:33:01.339000,2025-08-02 10:48:01.807,1,,False,,False,False,149.097,149.097
278,0 days 00:47:32.598000,COL,43,,8.0,3.0,0 days 00:45:37.764000,,,38.483,34.705,,0 days 00:46:58.046000,0 days 00:47:32.726000,246.0,211.0,256.0,135.0,False,SOFT,8.0,False,Alpine,0 days 00:35:30.436000,2025-08-02 10:50:30.904,1,,False,,False,False,,
279,0 days 00:48:49.588000,COL,43,0 days 00:01:16.990000,9.0,3.0,,,28.25,27.154,21.586,0 days 00:48:00.848000,0 days 00:48:28.002000,0 days 00:48:49.588000,277.0,254.0,257.0,303.0,True,SOFT,9.0,False,Alpine,0 days 00:47:32.598000,2025-08-02 11:02:33.066,1,,False,,False,True,76.99,76.99
280,0 days 00:51:40.241000,COL,43,,10.0,3.0,,0 days 00:51:38.517000,55.268,65.704,49.686,0 days 00:49:44.937000,0 days 00:50:50.723000,0 days 00:51:40.249000,113.0,92.0,,162.0,False,SOFT,10.0,False,Alpine,0 days 00:48:49.588000,2025-08-02 11:03:50.056,1,,False,,False,False,,170.658
281,0 days 00:53:50.383000,COL,43,0 days 00:02:10.142000,11.0,4.0,0 days 00:51:57.630000,,62.831,41.79,25.521,0 days 00:52:43.072000,0 days 00:53:24.862000,0 days 00:53:50.383000,105.0,207.0,257.0,162.0,False,SOFT,11.0,False,Alpine,0 days 00:51:40.241000,2025-08-02 11:06:40.709,1,,False,,False,False,130.142,130.142
282,0 days 00:55:07.671000,COL,43,0 days 00:01:17.288000,12.0,4.0,,,28.055,27.134,22.099,0 days 00:54:18.438000,0 days 00:54:45.572000,0 days 00:55:07.671000,277.0,251.0,255.0,304.0,False,SOFT,12.0,False,Alpine,0 days 00:53:50.383000,2025-08-02 11:08:50.851,1,,False,,False,True,77.288,77.288
283,0 days 00:57:17.008000,COL,43,0 days 00:02:09.337000,13.0,4.0,,0 days 00:57:15.218000,50.929,46.854,31.554,0 days 00:55:58.600000,0 days 00:56:45.454000,0 days 00:57:17.008000,149.0,198.0,,193.0,False,SOFT,13.0,False,Alpine,0 days 00:55:07.671000,2025-08-02 11:10:08.139,1,,False,,False,False,129.337,129.337
284,0 days 01:06:55.229000,COL,43,,14.0,5.0,0 days 01:05:08.377000,,,41.209,24.642,,0 days 01:06:30.721000,0 days 01:06:55.377000,250.0,207.0,260.0,193.0,False,SOFT,1.0,True,Alpine,0 days 00:57:17.008000,2025-08-02 11:12:17.476,12,,False,,False,False,,
285,0 days 01:08:11.709000,COL,43,0 days 00:01:16.480000,15.0,5.0,,,27.905,27.062,21.513,0 days 01:07:23.134000,0 days 01:07:50.196000,0 days 01:08:11.709000,279.0,249.0,260.0,308.0,True,SOFT,2.0,True,Alpine,0 days 01:06:55.229000,2025-08-02 11:21:55.697,1,,False,,False,True,76.48,76.48
286,0 days 01:10:49.761000,COL,43,,16.0,5.0,,0 days 01:10:48.099000,51.942,59.304,46.806,0 days 01:09:03.830000,0 days 01:10:03.110000,0 days 01:10:49.881000,144.0,119.0,,222.0,False,SOFT,3.0,True,Alpine,0 days 01:08:11.709000,2025-08-02 11:23:12.177,1,,False,,False,False,,158.05200000000002
287,0 days 01:13:18.281000,COL,43,0 days 00:02:28.520000,17.0,6.0,0 days 01:11:17.250000,,73.311,43.788,31.421,0 days 01:12:03.072000,0 days 01:12:46.860000,0 days 01:13:18.281000,235.0,183.0,259.0,222.0,False,SOFT,4.0,False,Alpine,0 days 01:10:49.761000,2025-08-02 11:25:50.229,1,,False,,False,False,148.52,148.52
288,0 days 01:14:34.528000,COL,43,0 days 00:01:16.247000,18.0,6.0,,,27.887,26.821,21.539,0 days 01:13:46.168000,0 days 01:14:12.989000,0 days 01:14:34.528000,282.0,254.0,257.0,306.0,True,SOFT,5.0,False,Alpine,0 days 01:13:18.281000,2025-08-02 11:28:18.749,1,,False,,False,True,76.247,76.247
289,0 days 01:16:34.872000,COL,43,0 days 00:02:00.344000,19.0,6.0,,,40.136,47.365,32.843,0 days 01:15:14.664000,0 days 01:16:02.029000,0 days 01:16:34.872000,151.0,151.0,174.0,254.0,False,SOFT,6.0,False,Alpine,0 days 01:14:34.528000,2025-08-02 11:29:34.996,1,,False,,False,True,120.344,120.34400000000001
290,0 days 01:18:51.373000,COL,43,0 days 00:02:16.501000,20.0,6.0,,,40.906,40.345,55.25,0 days 01:17:15.778000,0 days 01:17:56.123000,0 days 01:18:51.373000,187.0,170.0,34.0,193.0,False,SOFT,7.0,False,Alpine,0 days 01:16:34.872000,2025-08-02 11:31:35.340,1,,False,,False,True,136.501,136.501
291,0 days 01:20:47.280000,COL,43,0 days 00:01:55.907000,21.0,6.0,,0 days 01:20:45.559000,53.681,33.479,28.747,0 days 01:19:45.054000,0 days 01:20:18.533000,0 days 01:20:47.280000,244.0,185.0,,258.0,False,SOFT,8.0,False,Alpine,0 days 01:18:51.373000,2025-08-02 11:33:51.841,1,,False,,False,False,115.907,115.907
292,0 days 00:34:49.986000,HAM,44,,1.0,1.0,0 days 00:32:48.968000,,,42.169,32.813,,0 days 00:34:17.337000,0 days 00:34:50.050000,165.0,201.0,255.0,,False,SOFT,1.0,True,Ferrari,0 days 00:32:48.968000,2025-08-02 10:47:49.436,1,,False,,False,False,,
293,0 days 00:36:06.745000,HAM,44,0 days 00:01:16.759000,2.0,1.0,,,28.18,27.0,21.579,0 days 00:35:18.166000,0 days 00:35:45.166000,0 days 00:36:06.745000,283.0,254.0,257.0,305.0,True,SOFT,2.0,True,Ferrari,0 days 00:34:49.986000,2025-08-02 10:49:50.454,1,,False,,False,True,76.759,76.759
294,0 days 00:39:08.857000,HAM,44,,3.0,1.0,,0 days 00:39:07.110000,67.003,70.49,44.58,0 days 00:37:13.972000,0 days 00:38:24.782000,0 days 00:39:08.860000,84.0,100.0,,197.0,False,SOFT,3.0,True,Ferrari,0 days 00:36:06.745000,2025-08-02 10:51:07.213,1,,False,,False,False,,182.07299999999998
295,0 days 00:41:34.500000,HAM,44,0 days 00:02:25.643000,4.0,2.0,0 days 00:39:35.323000,,75.832,36.686,33.125,0 days 00:40:24.689000,0 days 00:41:01.375000,0 days 00:41:34.500000,219.0,216.0,260.0,197.0,False,SOFT,4.0,False,Ferrari,0 days 00:39:08.857000,2025-08-02 10:54:09.325,1,,False,,False,False,145.643,145.643
296,0 days 00:43:23.692000,HAM,44,0 days 00:01:49.192000,5.0,2.0,,,37.03,44.65,27.512,0 days 00:42:11.530000,0 days 00:42:56.180000,0 days 00:43:23.692000,136.0,173.0,258.0,309.0,False,SOFT,5.0,False,Ferrari,0 days 00:41:34.500000,2025-08-02 10:56:34.968,1,,False,,False,True,109.192,109.19200000000001
297,0 days 00:45:12.360000,HAM,44,0 days 00:01:48.668000,6.0,2.0,,,33.55,47.562,27.556,0 days 00:43:57.242000,0 days 00:44:44.804000,0 days 00:45:12.360000,202.0,149.0,257.0,312.0,False,SOFT,6.0,False,Ferrari,0 days 00:43:23.692000,2025-08-02 10:58:24.160,1,,False,,False,True,108.668,108.66799999999999
298,0 days 00:46:28.375000,HAM,44,0 days 00:01:16.015000,7.0,2.0,,,27.836,26.817,21.362,0 days 00:45:40.196000,0 days 00:46:07.013000,0 days 00:46:28.375000,285.0,254.0,261.0,306.0,True,SOFT,7.0,False,Ferrari,0 days 00:45:12.360000,2025-08-02 11:00:12.828,1,,False,,False,True,76.015,76.015
299,0 days 00:48:02.682000,HAM,44,0 days 00:01:34.307000,8.0,2.0,,0 days 00:48:00.719000,33.532,29.93,30.845,0 days 00:47:01.907000,0 days 00:47:31.837000,0 days 00:48:02.682000,217.0,236.0,,294.0,False,SOFT,8.0,False,Ferrari,0 days 00:46:28.375000,2025-08-02 11:01:28.843,1,,False,,False,False,94.307,94.30699999999999
300,0 days 00:59:22.809000,HAM,44,,9.0,3.0,0 days 00:57:37.604000,,,39.182,25.563,,0 days 00:58:57.371000,0 days 00:59:23.432000,237.0,209.0,259.0,294.0,False,SOFT,1.0,True,Ferrari,0 days 00:48:02.682000,2025-08-02 11:03:03.150,1,,False,,False,False,,
301,0 days 01:00:38.493000,HAM,44,0 days 00:01:15.684000,10.0,3.0,,,27.607,26.55,21.527,0 days 00:59:50.416000,0 days 01:00:16.966000,0 days 01:00:38.493000,283.0,257.0,258.0,306.0,True,SOFT,2.0,True,Ferrari,0 days 00:59:22.809000,2025-08-02 11:14:23.277,1,,False,,False,True,75.684,75.684
302,0 days 01:03:09.094000,HAM,44,,11.0,3.0,,0 days 01:03:07.168000,50.328,58.11,42.025,0 days 01:01:29.115000,0 days 01:02:27.077000,0 days 01:03:09.094000,128.0,119.0,,201.0,False,SOFT,3.0,True,Ferrari,0 days 01:00:38.493000,2025-08-02 11:15:38.961,1,,False,,False,False,,150.463
303,0 days 01:09:51.644000,HAM,44,,12.0,4.0,0 days 01:08:01.459000,,,42.637,26.612,,0 days 01:09:25.250000,0 days 01:09:51.709000,227.0,208.0,261.0,201.0,False,SOFT,4.0,False,Ferrari,0 days 01:03:09.094000,2025-08-02 11:18:09.562,12,,False,,False,False,,
304,0 days 01:11:07.660000,HAM,44,0 days 00:01:16.016000,13.0,4.0,,,27.628,26.839,21.549,0 days 01:10:19.272000,0 days 01:10:46.111000,0 days 01:11:07.660000,286.0,254.0,258.0,310.0,False,SOFT,5.0,False,Ferrari,0 days 01:09:51.644000,2025-08-02 11:24:52.112,1,,False,,False,True,76.016,76.01599999999999
305,0 days 01:13:36.662000,HAM,44,0 days 00:02:29.002000,14.0,4.0,,,58.834,60.413,29.755,0 days 01:12:06.494000,0 days 01:13:06.907000,0 days 01:13:36.662000,105.0,156.0,256.0,184.0,False,SOFT,6.0,False,Ferrari,0 days 01:11:07.660000,2025-08-02 11:26:08.128,1,,False,,False,True,149.002,149.002
306,0 days 01:14:55.247000,HAM,44,0 days 00:01:18.585000,15.0,4.0,,,27.721,27.45,23.414,0 days 01:14:04.383000,0 days 01:14:31.833000,0 days 01:14:55.247000,285.0,244.0,207.0,306.0,False,SOFT,7.0,False,Ferrari,0 days 01:13:36.662000,2025-08-02 11:28:37.130,1,,False,,False,True,78.585,78.58500000000001
307,0 days 01:16:52.653000,HAM,44,0 days 00:01:57.406000,16.0,4.0,,,51.675,34.843,30.888,0 days 01:15:46.922000,0 days 01:16:21.765000,0 days 01:16:52.653000,210.0,167.0,167.0,144.0,False,SOFT,8.0,False,Ferrari,0 days 01:14:55.247000,2025-08-02 11:29:55.715,1,,False,,False,True,117.406,117.406
308,0 days 01:18:56.928000,HAM,44,0 days 00:02:04.275000,17.0,4.0,,,45.375,41.508,37.392,0 days 01:17:38.028000,0 days 01:18:19.536000,0 days 01:18:56.928000,167.0,210.0,55.0,194.0,False,SOFT,9.0,False,Ferrari,0 days 01:16:52.653000,2025-08-02 11:31:53.121,1,,False,,False,True,124.275,124.275
309,0 days 01:21:22.132000,HAM,44,,18.0,4.0,,0 days 01:21:22.132000,78.74,35.924,,0 days 01:20:15.790000,0 days 01:20:51.724000,,209.0,178.0,,251.0,False,SOFT,10.0,False,Ferrari,0 days 01:18:56.928000,2025-08-02 11:33:57.396,1,,False,,False,False,,
310,0 days 00:37:54.492000,SAI,55,,1.0,1.0,0 days 00:36:05.531000,,,38.582,35.185,,0 days 00:37:19.644000,0 days 00:37:54.753000,253.0,183.0,255.0,,False,MEDIUM,1.0,True,Williams,0 days 00:36:05.531000,2025-08-02 10:51:05.999,1,,False,,False,False,,
311,0 days 00:39:13.006000,SAI,55,0 days 00:01:18.514000,2.0,1.0,,,28.6,27.804,22.11,0 days 00:38:23.092000,0 days 00:38:50.896000,0 days 00:39:13.006000,274.0,248.0,255.0,302.0,True,MEDIUM,2.0,True,Williams,0 days 00:37:54.492000,2025-08-02 10:52:54.960,1,,False,,False,True,78.514,78.514
312,0 days 00:41:22.543000,SAI,55,0 days 00:02:09.537000,3.0,1.0,,,52.466,44.45,32.621,0 days 00:40:05.472000,0 days 00:40:49.922000,0 days 00:41:22.543000,120.0,152.0,220.0,167.0,False,MEDIUM,3.0,True,Williams,0 days 00:39:13.006000,2025-08-02 10:54:13.474,1,,False,,False,True,129.537,129.537
313,0 days 00:43:15.283000,SAI,55,0 days 00:01:52.740000,4.0,1.0,,,46.463,36.671,29.606,0 days 00:42:09.006000,0 days 00:42:45.677000,0 days 00:43:15.283000,250.0,211.0,260.0,221.0,False,MEDIUM,4.0,True,Williams,0 days 00:41:22.543000,2025-08-02 10:56:23.011,1,,False,,False,True,112.74,112.74000000000001
314,0 days 00:44:32.421000,SAI,55,0 days 00:01:17.138000,5.0,1.0,,,27.904,27.44,21.794,0 days 00:43:43.187000,0 days 00:44:10.627000,0 days 00:44:32.421000,279.0,249.0,259.0,309.0,True,MEDIUM,5.0,True,Williams,0 days 00:43:15.283000,2025-08-02 10:58:15.751,1,,False,,False,True,77.138,77.138
315,0 days 00:46:34.598000,SAI,55,0 days 00:02:02.177000,6.0,1.0,,0 days 00:46:32.911000,45.232,41.72,35.225,0 days 00:45:17.653000,0 days 00:45:59.373000,0 days 00:46:34.598000,186.0,191.0,,176.0,False,MEDIUM,6.0,True,Williams,0 days 00:44:32.421000,2025-08-02 10:59:32.889,1,,False,,False,False,122.177,122.17699999999999
316,0 days 00:48:55.138000,SAI,55,0 days 00:02:20.540000,7.0,2.0,0 days 00:47:00.324000,,72.597,38.835,29.108,0 days 00:47:47.195000,0 days 00:48:26.030000,0 days 00:48:55.138000,169.0,210.0,262.0,176.0,False,MEDIUM,7.0,False,Williams,0 days 00:46:34.598000,2025-08-02 11:01:35.066,1,,False,,False,False,140.54,140.54
317,0 days 00:50:37.222000,SAI,55,0 days 00:01:42.084000,8.0,2.0,,,27.873,39.134,35.077,0 days 00:49:23.011000,0 days 00:50:02.145000,0 days 00:50:37.222000,278.0,168.0,175.0,309.0,False,MEDIUM,8.0,False,Williams,0 days 00:48:55.138000,2025-08-02 11:03:55.606,1,,False,,False,True,102.084,102.084
318,0 days 00:52:40.167000,SAI,55,0 days 00:02:02.945000,9.0,2.0,,,42.415,48.879,31.651,0 days 00:51:19.637000,0 days 00:52:08.516000,0 days 00:52:40.167000,169.0,194.0,262.0,182.0,False,MEDIUM,9.0,False,Williams,0 days 00:50:37.222000,2025-08-02 11:05:37.690,1,,False,,False,True,122.945,122.945
319,0 days 00:53:56.847000,SAI,55,0 days 00:01:16.680000,10.0,2.0,,,27.786,27.182,21.712,0 days 00:53:07.953000,0 days 00:53:35.135000,0 days 00:53:56.847000,283.0,246.0,261.0,309.0,True,MEDIUM,10.0,False,Williams,0 days 00:52:40.167000,2025-08-02 11:07:40.635,1,,False,,False,True,76.68,76.68
320,0 days 00:55:50.274000,SAI,55,0 days 00:01:53.427000,11.0,2.0,,0 days 00:55:48.428000,41.389,41.124,30.914,0 days 00:54:38.236000,0 days 00:55:19.360000,0 days 00:55:50.274000,191.0,192.0,,204.0,False,MEDIUM,11.0,False,Williams,0 days 00:53:56.847000,2025-08-02 11:08:57.315,1,,False,,False,False,113.427,113.427
321,0 days 01:03:21.693000,SAI,55,,12.0,3.0,0 days 01:01:23.448000,,,40.935,27.68,,0 days 01:02:54.264000,0 days 01:03:21.884000,244.0,213.0,259.0,204.0,False,SOFT,1.0,True,Williams,0 days 00:55:50.274000,2025-08-02 11:10:50.742,1,,False,,False,False,,
322,0 days 01:04:38.135000,SAI,55,0 days 00:01:16.442000,13.0,3.0,,,27.9,27.099,21.443,0 days 01:03:49.593000,0 days 01:04:16.692000,0 days 01:04:38.135000,278.0,252.0,259.0,307.0,True,SOFT,2.0,True,Williams,0 days 01:03:21.693000,2025-08-02 11:18:22.161,12,,False,,False,True,76.442,76.442
323,0 days 01:06:29.467000,SAI,55,0 days 00:01:51.332000,14.0,3.0,,0 days 01:06:27.749000,42.847,37.709,30.776,0 days 01:05:20.982000,0 days 01:05:58.691000,0 days 01:06:29.467000,194.0,208.0,,170.0,False,SOFT,3.0,True,Williams,0 days 01:04:38.135000,2025-08-02 11:19:38.603,1,,False,,False,False,111.332,111.33200000000001
324,0 days 01:12:33.351000,SAI,55,,15.0,4.0,0 days 01:11:01.154000,,,34.577,25.13,,0 days 01:12:08.478000,0 days 01:12:33.537000,234.0,204.0,260.0,170.0,False,SOFT,4.0,False,Williams,0 days 01:06:29.467000,2025-08-02 11:21:29.935,1,,False,,False,False,,
325,0 days 01:13:50.192000,SAI,55,0 days 00:01:16.841000,16.0,4.0,,,27.914,27.227,21.7,0 days 01:13:01.265000,0 days 01:13:28.492000,0 days 01:13:50.192000,281.0,251.0,257.0,307.0,False,SOFT,5.0,False,Williams,0 days 01:12:33.351000,2025-08-02 11:27:33.819,1,,False,,False,True,76.841,76.84100000000001
326,0 days 01:15:47.792000,SAI,55,0 days 00:01:57.600000,17.0,4.0,,,43.592,42.809,31.199,0 days 01:14:33.784000,0 days 01:15:16.593000,0 days 01:15:47.792000,197.0,154.0,174.0,221.0,False,SOFT,6.0,False,Williams,0 days 01:13:50.192000,2025-08-02 11:28:50.660,1,,False,,False,True,117.6,117.6
327,0 days 01:17:47.523000,SAI,55,0 days 00:01:59.731000,18.0,4.0,,,40.724,41.576,37.431,0 days 01:16:28.516000,0 days 01:17:10.092000,0 days 01:17:47.523000,151.0,158.0,57.0,189.0,False,SOFT,7.0,False,Williams,0 days 01:15:47.792000,2025-08-02 11:30:48.260,1,,False,,False,True,119.731,119.731
328,0 days 01:19:47.196000,SAI,55,0 days 00:01:59.673000,19.0,4.0,,0 days 01:19:45.477000,61.408,31.596,26.669,0 days 01:18:48.931000,0 days 01:19:20.527000,0 days 01:19:47.196000,239.0,227.0,,244.0,False,SOFT,8.0,False,Williams,0 days 01:17:47.523000,2025-08-02 11:32:47.991,1,,False,,False,False,119.673,119.673
329,0 days 00:36:02.011000,RUS,63,,1.0,1.0,0 days 00:34:13.131000,,,40.827,28.83,,0 days 00:35:33.544000,0 days 00:36:02.180000,231.0,169.0,262.0,,False,SOFT,1.0,True,Mercedes,0 days 00:34:13.131000,2025-08-02 10:49:13.599,1,,False,,False,False,,
330,0 days 00:37:18.323000,RUS,63,0 days 00:01:16.312000,2.0,1.0,,,27.805,27.015,21.492,0 days 00:36:29.816000,0 days 00:36:56.831000,0 days 00:37:18.323000,285.0,253.0,262.0,311.0,True,SOFT,2.0,True,Mercedes,0 days 00:36:02.011000,2025-08-02 10:51:02.479,1,,False,,False,True,76.312,76.312
331,0 days 00:39:51.348000,RUS,63,,3.0,1.0,,0 days 00:39:49.590000,50.699,62.646,39.6,0 days 00:38:09.269000,0 days 00:39:11.876000,0 days 00:39:51.348000,115.0,118.0,,290.0,False,SOFT,3.0,True,Mercedes,0 days 00:37:18.323000,2025-08-02 10:52:18.791,1,,False,,False,False,,152.945
332,0 days 00:44:52.478000,RUS,63,,4.0,2.0,0 days 00:42:39.655000,,,49.549,38.173,,0 days 00:44:14.520000,0 days 00:44:52.603000,113.0,160.0,261.0,290.0,False,SOFT,4.0,False,Mercedes,0 days 00:39:51.348000,2025-08-02 10:54:51.816,1,,False,,False,False,,
333,0 days 00:46:08.824000,RUS,63,0 days 00:01:16.346000,5.0,2.0,,,27.87,27.102,21.374,0 days 00:45:20.348000,0 days 00:45:47.450000,0 days 00:46:08.824000,284.0,252.0,262.0,309.0,False,SOFT,5.0,False,Mercedes,0 days 00:44:52.478000,2025-08-02 10:59:52.946,1,,False,,False,True,76.346,76.346
334,0 days 00:47:51.012000,RUS,63,0 days 00:01:42.188000,6.0,2.0,,0 days 00:47:49.231000,38.511,34.921,28.756,0 days 00:46:47.335000,0 days 00:47:22.256000,0 days 00:47:51.012000,125.0,227.0,,287.0,False,SOFT,6.0,False,Mercedes,0 days 00:46:08.824000,2025-08-02 11:01:09.292,1,,False,,False,False,102.188,102.188
335,0 days 00:56:29.742000,RUS,63,,7.0,3.0,0 days 00:55:06.804000,,,27.748,22.02,,0 days 00:56:07.850000,0 days 00:56:29.763000,277.0,249.0,254.0,287.0,False,SOFT,7.0,False,Mercedes,0 days 00:47:51.012000,2025-08-02 11:02:51.480,1,,False,,False,False,,
336,0 days 00:57:57.089000,RUS,63,0 days 00:01:27.347000,8.0,3.0,,0 days 00:57:55.093000,28.833,30.834,27.68,0 days 00:56:58.575000,0 days 00:57:29.409000,0 days 00:57:57.089000,276.0,213.0,,295.0,False,SOFT,8.0,False,Mercedes,0 days 00:56:29.742000,2025-08-02 11:11:30.210,1,,False,,False,False,87.347,87.34700000000001
337,0 days 01:01:51.035000,RUS,63,,9.0,4.0,0 days 01:00:05.048000,,,40.913,27.455,,0 days 01:01:23.751000,0 days 01:01:51.048000,217.0,198.0,263.0,295.0,False,SOFT,1.0,True,Mercedes,0 days 00:57:57.089000,2025-08-02 11:12:57.557,1,,False,,False,False,,
338,0 days 01:03:06.875000,RUS,63,0 days 00:01:15.840000,10.0,4.0,,,27.522,26.702,21.616,0 days 01:02:18.557000,0 days 01:02:45.259000,0 days 01:03:06.875000,284.0,255.0,261.0,311.0,True,SOFT,2.0,True,Mercedes,0 days 01:01:51.035000,2025-08-02 11:16:51.503,1,,False,,False,True,75.84,75.84
339,0 days 01:05:27.705000,RUS,63,0 days 00:02:20.830000,11.0,4.0,,0 days 01:05:25.347000,47.026,48.911,44.893,0 days 01:03:53.901000,0 days 01:04:42.812000,0 days 01:05:27.705000,170.0,124.0,,199.0,False,SOFT,3.0,True,Mercedes,0 days 01:03:06.875000,2025-08-02 11:18:07.343,12,,False,,False,False,140.83,140.83
340,0 days 01:09:25.031000,RUS,63,,12.0,5.0,0 days 01:07:13.707000,,,53.63,27.28,,0 days 01:08:57.814000,0 days 01:09:25.076000,126.0,146.0,261.0,199.0,False,SOFT,4.0,False,Mercedes,0 days 01:05:27.705000,2025-08-02 11:20:28.173,1,,False,,False,False,,
341,0 days 01:10:40.982000,RUS,63,0 days 00:01:15.951000,13.0,5.0,,,27.777,26.825,21.349,0 days 01:09:52.808000,0 days 01:10:19.633000,0 days 01:10:40.982000,283.0,257.0,259.0,313.0,False,SOFT,5.0,False,Mercedes,0 days 01:09:25.031000,2025-08-02 11:24:25.499,1,,False,,False,True,75.951,75.95100000000001
342,0 days 01:12:17.249000,RUS,63,0 days 00:01:36.267000,14.0,5.0,,0 days 01:12:15.566000,33.858,34.54,27.869,0 days 01:11:14.840000,0 days 01:11:49.380000,0 days 01:12:17.249000,231.0,213.0,,286.0,False,SOFT,6.0,False,Mercedes,0 days 01:10:40.982000,2025-08-02 11:25:41.450,1,,False,,False,False,96.267,96.267
343,0 days 01:16:40.921000,RUS,63,,15.0,6.0,0 days 01:14:34.650000,,,38.374,29.979,,0 days 01:16:11.009000,0 days 01:16:40.921000,243.0,154.0,251.0,286.0,False,SOFT,7.0,False,Mercedes,0 days 01:12:17.249000,2025-08-02 11:27:17.717,1,,False,,False,False,,
344,0 days 01:18:50.881000,RUS,63,0 days 00:02:09.960000,16.0,6.0,,,37.354,45.236,47.37,0 days 01:17:18.275000,0 days 01:18:03.511000,0 days 01:18:50.881000,164.0,147.0,70.0,292.0,False,SOFT,8.0,False,Mercedes,0 days 01:16:40.921000,2025-08-02 11:31:41.389,1,,False,,False,True,129.96,129.96
345,0 days 01:20:59.173000,RUS,63,0 days 00:02:08.292000,17.0,6.0,,0 days 01:20:57.288000,52.122,46.8,29.37,0 days 01:19:43.003000,0 days 01:20:29.803000,0 days 01:20:59.173000,227.0,116.0,,247.0,False,SOFT,9.0,False,Mercedes,0 days 01:18:50.881000,2025-08-02 11:33:51.349,1,,False,,False,False,128.292,128.292
346,0 days 00:18:49.723000,PIA,81,,1.0,1.0,0 days 00:16:45.976000,0 days 00:18:47.922000,,45.588,37.128,,0 days 00:18:12.711000,0 days 00:18:49.723000,165.0,143.0,,,False,HARD,1.0,True,McLaren,0 days 00:16:45.976000,2025-08-02 10:31:46.444,1,,False,,False,False,,
347,0 days 00:37:08.451000,PIA,81,,2.0,2.0,0 days 00:35:21.115000,,,41.868,25.115,,0 days 00:36:43.462000,0 days 00:37:08.500000,193.0,208.0,257.0,,False,SOFT,1.0,True,McLaren,0 days 00:18:49.723000,2025-08-02 10:33:50.191,1,,False,,False,False,,
348,0 days 00:38:24.691000,PIA,81,0 days 00:01:16.240000,3.0,2.0,,,27.916,26.923,21.401,0 days 00:37:36.367000,0 days 00:38:03.290000,0 days 00:38:24.691000,273.0,255.0,258.0,303.0,True,SOFT,2.0,True,McLaren,0 days 00:37:08.451000,2025-08-02 10:52:08.919,1,,False,,False,True,76.24,76.24
349,0 days 00:40:23.350000,PIA,81,0 days 00:01:58.659000,4.0,2.0,,0 days 00:40:21.548000,42.568,40.189,35.902,0 days 00:39:07.259000,0 days 00:39:47.448000,0 days 00:40:23.350000,173.0,155.0,,186.0,False,SOFT,3.0,True,McLaren,0 days 00:38:24.691000,2025-08-02 10:53:25.159,1,,False,,False,False,118.659,118.659
350,0 days 00:42:31.173000,PIA,81,0 days 00:02:07.823000,5.0,3.0,0 days 00:40:38.110000,,64.091,37.911,25.821,0 days 00:41:27.441000,0 days 00:42:05.352000,0 days 00:42:31.173000,179.0,194.0,258.0,186.0,False,SOFT,4.0,False,McLaren,0 days 00:40:23.350000,2025-08-02 10:55:23.818,1,,False,,False,False,127.823,127.823
351,0 days 00:44:15.865000,PIA,81,0 days 00:01:44.692000,6.0,3.0,,,31.083,44.049,29.56,0 days 00:43:02.256000,0 days 00:43:46.305000,0 days 00:44:15.865000,161.0,154.0,258.0,304.0,False,SOFT,5.0,False,McLaren,0 days 00:42:31.173000,2025-08-02 10:57:31.641,1,,False,,False,True,104.692,104.69200000000001
352,0 days 00:45:31.736000,PIA,81,0 days 00:01:15.871000,7.0,3.0,,,27.817,26.702,21.352,0 days 00:44:43.682000,0 days 00:45:10.384000,0 days 00:45:31.736000,273.0,251.0,258.0,304.0,True,SOFT,6.0,False,McLaren,0 days 00:44:15.865000,2025-08-02 10:59:16.333,1,,False,,False,True,75.871,75.87100000000001
353,0 days 00:47:08.976000,PIA,81,0 days 00:01:37.240000,8.0,3.0,,0 days 00:47:07.172000,36.705,33.523,27.012,0 days 00:46:08.441000,0 days 00:46:41.964000,0 days 00:47:08.976000,218.0,213.0,,197.0,False,SOFT,7.0,False,McLaren,0 days 00:45:31.736000,2025-08-02 11:00:32.204,1,,False,,False,False,97.24,97.24000000000001
354,0 days 00:58:10.484000,PIA,81,,9.0,4.0,0 days 00:56:22.692000,,,38.669,28.255,,0 days 00:57:42.331000,0 days 00:58:10.484000,225.0,98.0,262.0,197.0,False,SOFT,1.0,True,McLaren,0 days 00:47:08.976000,2025-08-02 11:02:09.444,1,,False,,False,False,,
355,0 days 00:59:25.400000,PIA,81,0 days 00:01:14.916000,10.0,4.0,,,27.479,26.263,21.174,0 days 00:58:37.963000,0 days 00:59:04.226000,0 days 00:59:25.400000,279.0,257.0,260.0,307.0,True,SOFT,2.0,True,McLaren,0 days 00:58:10.484000,2025-08-02 11:13:10.952,1,,False,,False,True,74.916,74.916
356,0 days 01:01:14.418000,PIA,81,0 days 00:01:49.018000,11.0,4.0,,0 days 01:01:12.618000,39.248,38.119,31.651,0 days 01:00:04.648000,0 days 01:00:42.767000,0 days 01:01:14.418000,212.0,176.0,,198.0,False,SOFT,3.0,True,McLaren,0 days 00:59:25.400000,2025-08-02 11:14:25.868,1,,False,,False,False,109.018,109.01799999999999
357,0 days 01:05:31.768000,PIA,81,,12.0,5.0,0 days 01:03:42.521000,,,37.599,25.435,,0 days 01:05:06.577000,0 days 01:05:31.768000,233.0,208.0,261.0,198.0,False,SOFT,4.0,False,McLaren,0 days 01:01:14.418000,2025-08-02 11:16:14.886,12,,False,,False,False,,
358,0 days 01:06:47.215000,PIA,81,0 days 00:01:15.447000,13.0,5.0,,,27.511,26.646,21.29,0 days 01:05:59.279000,0 days 01:06:25.925000,0 days 01:06:47.215000,281.0,256.0,260.0,306.0,False,SOFT,5.0,False,McLaren,0 days 01:05:31.768000,2025-08-02 11:20:32.236,1,,False,,False,True,75.447,75.447
359,0 days 01:08:35.910000,PIA,81,0 days 00:01:48.695000,14.0,5.0,,0 days 01:08:34.173000,45.578,36.023,27.094,0 days 01:07:32.793000,0 days 01:08:08.816000,0 days 01:08:35.910000,172.0,185.0,,201.0,False,SOFT,6.0,False,McLaren,0 days 01:06:47.215000,2025-08-02 11:21:47.683,1,,False,,False,False,108.695,108.695
360,0 days 01:15:34.673000,PIA,81,,15.0,6.0,0 days 01:13:20.750000,,,42.343,31.093,,0 days 01:15:03.708000,0 days 01:15:34.691000,161.0,170.0,202.0,201.0,False,SOFT,8.0,False,McLaren,0 days 01:08:35.910000,2025-08-02 11:23:36.378,1,,False,,False,False,,
361,0 days 01:17:38.491000,PIA,81,0 days 00:02:03.818000,16.0,6.0,,,38.56,39.768,45.49,0 days 01:16:13.233000,0 days 01:16:53.001000,0 days 01:17:38.491000,189.0,176.0,56.0,227.0,False,SOFT,9.0,False,McLaren,0 days 01:15:34.673000,2025-08-02 11:30:35.141,1,,False,,False,True,123.818,123.81800000000001
362,0 days 01:19:45.555000,PIA,81,0 days 00:02:07.064000,17.0,6.0,,0 days 01:19:43.758000,60.86,37.232,28.972,0 days 01:18:39.351000,0 days 01:19:16.583000,0 days 01:19:45.555000,236.0,155.0,,241.0,False,SOFT,10.0,False,McLaren,0 days 01:17:38.491000,2025-08-02 11:32:38.959,1,,False,,False,False,127.064,127.064
363,0 days 00:38:08.130000,BEA,87,,1.0,1.0,0 days 00:36:17.645000,,,38.085,24.888,,0 days 00:37:43.535000,0 days 00:38:08.238000,207.0,196.0,254.0,,False,MEDIUM,1.0,True,Haas F1 Team,0 days 00:36:17.645000,2025-08-02 10:51:18.113,1,,False,,False,False,,
364,0 days 00:39:26.115000,BEA,87,0 days 00:01:17.985000,2.0,1.0,,,28.126,27.626,22.233,0 days 00:38:36.256000,0 days 00:39:03.882000,0 days 00:39:26.115000,278.0,248.0,256.0,303.0,True,MEDIUM,2.0,True,Haas F1 Team,0 days 00:38:08.130000,2025-08-02 10:53:08.598,1,,False,,False,True,77.985,77.985
365,0 days 00:42:09.830000,BEA,87,,3.0,1.0,,0 days 00:42:08.154000,60.101,64.049,39.499,0 days 00:40:26.546000,0 days 00:41:30.515000,0 days 00:42:09.845000,108.0,130.0,,190.0,False,MEDIUM,3.0,True,Haas F1 Team,0 days 00:39:26.115000,2025-08-02 10:54:26.583,1,,False,,False,False,,163.649
366,0 days 00:44:20.567000,BEA,87,0 days 00:02:10.737000,4.0,2.0,0 days 00:42:24.983000,,60.172,44.892,25.673,0 days 00:43:10.002000,0 days 00:43:54.894000,0 days 00:44:20.567000,160.0,200.0,256.0,190.0,False,MEDIUM,4.0,False,Haas F1 Team,0 days 00:42:09.830000,2025-08-02 10:57:10.298,1,,False,,False,False,130.737,130.737
367,0 days 00:46:16.606000,BEA,87,0 days 00:01:56.039000,5.0,2.0,,,41.402,48.209,26.428,0 days 00:45:01.969000,0 days 00:45:50.178000,0 days 00:46:16.606000,166.0,164.0,255.0,307.0,False,MEDIUM,5.0,False,Haas F1 Team,0 days 00:44:20.567000,2025-08-02 10:59:21.035,1,,False,,False,True,116.039,116.039
368,0 days 00:47:33.772000,BEA,87,0 days 00:01:17.166000,6.0,2.0,,,27.912,27.616,21.638,0 days 00:46:44.518000,0 days 00:47:12.134000,0 days 00:47:33.772000,282.0,250.0,260.0,307.0,True,MEDIUM,6.0,False,Haas F1 Team,0 days 00:46:16.606000,2025-08-02 11:01:17.074,1,,False,,False,True,77.166,77.166
369,0 days 00:49:38.245000,BEA,87,0 days 00:02:04.473000,7.0,2.0,,0 days 00:49:36.488000,47.157,44.518,32.798,0 days 00:48:20.929000,0 days 00:49:05.447000,0 days 00:49:38.245000,154.0,163.0,,221.0,False,MEDIUM,7.0,False,Haas F1 Team,0 days 00:47:33.772000,2025-08-02 11:02:34.240,1,,False,,False,False,124.473,124.473
370,0 days 00:55:44.350000,BEA,87,,8.0,3.0,0 days 00:54:00.364000,,,35.423,33.853,,0 days 00:55:10.644000,0 days 00:55:44.350000,233.0,204.0,256.0,221.0,False,MEDIUM,8.0,False,Haas F1 Team,0 days 00:49:38.245000,2025-08-02 11:04:38.713,1,,False,,False,False,,
371,0 days 00:57:06.810000,BEA,87,0 days 00:01:22.460000,9.0,3.0,,0 days 00:57:04.916000,27.947,27.777,26.736,0 days 00:56:12.297000,0 days 00:56:40.074000,0 days 00:57:06.810000,285.0,245.0,,309.0,False,MEDIUM,9.0,False,Haas F1 Team,0 days 00:55:44.350000,2025-08-02 11:10:44.818,1,,False,,False,False,82.46,82.46000000000001
372,0 days 01:03:09.484000,BEA,87,,10.0,4.0,0 days 01:01:17.618000,,,37.429,29.443,,0 days 01:02:40.275000,0 days 01:03:09.639000,228.0,208.0,259.0,309.0,False,SOFT,1.0,True,Haas F1 Team,0 days 00:57:06.810000,2025-08-02 11:12:07.278,1,,False,,False,False,,
373,0 days 01:04:25.611000,BEA,87,0 days 00:01:16.127000,11.0,4.0,,,27.645,27.023,21.459,0 days 01:03:37.129000,0 days 01:04:04.152000,0 days 01:04:25.611000,281.0,252.0,258.0,309.0,True,SOFT,2.0,True,Haas F1 Team,0 days 01:03:09.484000,2025-08-02 11:18:09.952,12,,False,,False,True,76.127,76.127
374,0 days 01:06:48.708000,BEA,87,0 days 00:02:23.097000,12.0,4.0,,0 days 01:06:47.033000,50.045,53.15,39.902,0 days 01:05:15.656000,0 days 01:06:08.806000,0 days 01:06:48.708000,134.0,134.0,,201.0,False,SOFT,3.0,True,Haas F1 Team,0 days 01:04:25.611000,2025-08-02 11:19:26.079,1,,False,,False,False,143.097,143.09699999999998
375,0 days 01:10:57.385000,BEA,87,,13.0,5.0,0 days 01:09:03.720000,,,43.166,29.076,,0 days 01:10:29.107000,0 days 01:10:57.407000,164.0,188.0,257.0,201.0,False,SOFT,4.0,False,Haas F1 Team,0 days 01:06:48.708000,2025-08-02 11:21:49.176,1,,False,,False,False,,
376,0 days 01:12:44.593000,BEA,87,0 days 00:01:47.208000,14.0,5.0,,0 days 01:12:42.686000,38.369,41.379,27.46,0 days 01:11:35.754000,0 days 01:12:17.133000,0 days 01:12:44.593000,152.0,228.0,,308.0,False,SOFT,5.0,False,Haas F1 Team,0 days 01:10:57.385000,2025-08-02 11:25:57.853,1,,False,,False,False,107.208,107.208
377,0 days 01:16:53.870000,BEA,87,,15.0,6.0,0 days 01:14:43.196000,,,36.126,31.742,,0 days 01:16:22.206000,0 days 01:16:53.950000,191.0,208.0,184.0,308.0,False,MEDIUM,10.0,False,Haas F1 Team,0 days 01:12:44.593000,2025-08-02 11:27:45.061,1,,False,,False,False,,
378,0 days 01:18:46.494000,BEA,87,0 days 00:01:52.624000,16.0,6.0,,,35.847,33.767,43.01,0 days 01:17:29.717000,0 days 01:18:03.484000,0 days 01:18:46.494000,220.0,196.0,31.0,210.0,False,MEDIUM,11.0,False,Haas F1 Team,0 days 01:16:53.870000,2025-08-02 11:31:54.338,1,,False,,False,True,112.624,112.624
379,0 days 01:20:37.115000,BEA,87,0 days 00:01:50.621000,17.0,6.0,,0 days 01:20:35.322000,55.309,29.333,25.979,0 days 01:19:41.803000,0 days 01:20:11.136000,0 days 01:20:37.115000,277.0,241.0,,251.0,False,MEDIUM,12.0,False,Haas F1 Team,0 days 01:18:46.494000,2025-08-02 11:33:46.962,1,,False,,False,False,110.621,110.621
