,Time,Driver,DriverNumber,LapTime,LapNumber,Stint,PitOutTime,PitInTime,Sector1Time,Sector2Time,Sector3Time,Sector1SessionTime,Sector2SessionTime,Sector3SessionTime,SpeedI1,SpeedI2,SpeedFL,SpeedST,IsPersonalBest,Compound,TyreLife,FreshTyre,Team,LapStartTime,LapStartDate,TrackStatus,Position,Deleted,DeletedReason,FastF1Generated,IsAccurate,LapTime_in_seconds,laptime_sum_sectortimes
0,0 days 00:16:47.645000,NOR,1,,1.0,1.0,0 days 00:14:07.880000,,,34.065,39.23,,0 days 00:16:08.734000,0 days 00:16:47.750000,252.0,164.0,260.0,,False,MEDIUM,1.0,True,McLaren,0 days 00:14:07.880000,2026-07-24 11:31:03.473,1,,False,,False,False,,
1,0 days 00:18:18.109000,NOR,1,0 days 00:01:30.464000,2.0,1.0,,,29.252,35.391,25.821,0 days 00:17:16.897000,0 days 00:17:52.288000,0 days 00:18:18.109000,200.0,229.0,260.0,324.0,True,MEDIUM,2.0,True,McLaren,0 days 00:16:47.645000,2026-07-24 11:33:43.238,1,,False,,False,True,90.464,90.464
2,0 days 00:19:40.513000,NOR,1,0 days 00:01:22.404000,3.0,1.0,,,28.523,30.282,23.599,0 days 00:18:46.632000,0 days 00:19:16.914000,0 days 00:19:40.513000,302.0,236.0,255.0,318.0,False,MEDIUM,3.0,True,McLaren,0 days 00:18:18.109000,2026-07-24 11:35:13.702,1,,True,TRACK LIMITS AT TURN 9 LAP 4 ,False,True,82.404,82.404
3,0 days 00:21:42.358000,NOR,1,0 days 00:02:01.845000,4.0,1.0,,,46.193,44.495,31.157,0 days 00:20:26.706000,0 days 00:21:11.201000,0 days 00:21:42.358000,179.0,155.0,209.0,265.0,False,MEDIUM,4.0,True,McLaren,0 days 00:19:40.513000,2026-07-24 11:36:36.106,1,,False,,False,True,121.845,121.84499999999998
4,0 days 00:23:33.170000,NOR,1,0 days 00:01:50.812000,5.0,1.0,,,37.577,38.523,34.712,0 days 00:22:19.935000,0 days 00:22:58.458000,0 days 00:23:33.170000,184.0,117.0,261.0,263.0,False,MEDIUM,5.0,True,McLaren,0 days 00:21:42.358000,2026-07-24 11:38:37.951,1,,False,,False,True,110.812,110.812
5,0 days 00:24:54.957000,NOR,1,0 days 00:01:21.787000,6.0,1.0,,,28.625,29.754,23.408,0 days 00:24:01.795000,0 days 00:24:31.549000,0 days 00:24:54.957000,301.0,245.0,245.0,317.0,True,MEDIUM,6.0,True,McLaren,0 days 00:23:33.170000,2026-07-24 11:40:28.763,1,,False,,False,True,81.787,81.787
6,0 days 00:27:02.762000,NOR,1,0 days 00:02:07.805000,7.0,1.0,,,47.423,49.59,30.792,0 days 00:25:42.380000,0 days 00:26:31.970000,0 days 00:27:02.762000,139.0,153.0,260.0,237.0,False,MEDIUM,7.0,True,McLaren,0 days 00:24:54.957000,2026-07-24 11:41:50.550,1,,False,,False,True,127.805,127.805
7,0 days 00:28:45.956000,NOR,1,0 days 00:01:43.194000,8.0,1.0,,,28.244,38.121,36.829,0 days 00:27:31.006000,0 days 00:28:09.127000,0 days 00:28:45.956000,296.0,96.0,263.0,319.0,False,MEDIUM,8.0,True,McLaren,0 days 00:27:02.762000,2026-07-24 11:43:58.355,1,,False,,False,True,103.194,103.19400000000002
8,0 days 00:30:28.301000,NOR,1,0 days 00:01:42.345000,9.0,1.0,,0 days 00:30:26.546000,34.696,37.595,30.054,0 days 00:29:20.652000,0 days 00:29:58.247000,0 days 00:30:28.301000,243.0,234.0,,321.0,False,MEDIUM,9.0,True,McLaren,0 days 00:28:45.956000,2026-07-24 11:45:41.549,1,,False,,False,False,102.345,102.345
9,0 days 00:40:17.274000,NOR,1,,10.0,2.0,0 days 00:38:41.386000,,,32.196,28.184,,0 days 00:39:49.143000,0 days 00:40:17.274000,238.0,226.0,263.0,321.0,False,SOFT,1.0,True,McLaren,0 days 00:30:28.301000,2026-07-24 11:47:23.894,1,,False,,False,False,,
10,0 days 00:41:50.314000,NOR,1,0 days 00:01:33.040000,11.0,2.0,,0 days 00:41:47.890000,28.03,29.141,35.869,0 days 00:40:45.304000,0 days 00:41:14.445000,0 days 00:41:50.314000,297.0,204.0,,319.0,False,SOFT,2.0,True,McLaren,0 days 00:40:17.274000,2026-07-24 11:57:12.867,1,,False,,False,False,93.04,93.03999999999999
11,0 days 00:44:25.759000,NOR,1,,12.0,3.0,0 days 00:42:20.329000,,78.328,49.631,27.609,0 days 00:43:08.806000,0 days 00:43:58.390000,0 days 00:44:25.816000,134.0,161.0,260.0,319.0,False,SOFT,3.0,False,McLaren,0 days 00:41:50.314000,2026-07-24 11:58:45.907,1,,False,,False,False,,155.568
12,0 days 00:45:46.783000,NOR,1,0 days 00:01:21.024000,13.0,3.0,,,28.234,28.988,23.802,0 days 00:44:53.993000,0 days 00:45:22.981000,0 days 00:45:46.783000,296.0,248.0,209.0,319.0,True,SOFT,4.0,False,McLaren,0 days 00:44:25.759000,2026-07-24 12:01:21.352,1,,False,,False,True,81.024,81.024
13,0 days 00:47:31.723000,NOR,1,0 days 00:01:44.940000,14.0,3.0,,0 days 00:47:29.915000,38.314,36.409,30.217,0 days 00:46:25.097000,0 days 00:47:01.506000,0 days 00:47:31.723000,234.0,159.0,,180.0,False,SOFT,5.0,False,McLaren,0 days 00:45:46.783000,2026-07-24 12:02:42.376,1,,False,,False,False,104.94,104.94
14,0 days 01:00:53.828000,NOR,1,,15.0,4.0,0 days 00:59:07.688000,,,31.248,23.929,,0 days 01:00:30.159000,0 days 01:00:53.917000,257.0,242.0,259.0,180.0,False,MEDIUM,10.0,False,McLaren,0 days 00:59:07.688000,2026-07-24 12:16:03.281,1,,False,,False,False,,
15,0 days 01:02:18.205000,NOR,1,0 days 00:01:24.377000,16.0,4.0,,,29.211,30.745,24.421,0 days 01:01:23.039000,0 days 01:01:53.784000,0 days 01:02:18.205000,284.0,235.0,261.0,312.0,False,MEDIUM,11.0,False,McLaren,0 days 01:00:53.828000,2026-07-24 12:17:49.421,12,,False,,False,True,84.377,84.37700000000001
16,0 days 01:03:44.766000,NOR,1,0 days 00:01:26.561000,17.0,4.0,,,30.422,31.279,24.86,0 days 01:02:48.627000,0 days 01:03:19.906000,0 days 01:03:44.766000,289.0,229.0,257.0,305.0,False,MEDIUM,12.0,False,McLaren,0 days 01:02:18.205000,2026-07-24 12:19:13.798,21,,False,,False,True,86.561,86.561
17,0 days 01:05:13.643000,NOR,1,0 days 00:01:28.877000,18.0,4.0,,0 days 01:05:11.913000,29.411,31.293,28.173,0 days 01:04:14.177000,0 days 01:04:45.470000,0 days 01:05:13.643000,287.0,226.0,,299.0,False,MEDIUM,13.0,False,McLaren,0 days 01:03:44.766000,2026-07-24 12:20:40.359,1,,False,,False,False,88.877,88.877
18,0 days 01:07:03.707000,NOR,1,0 days 00:01:50.064000,19.0,5.0,0 days 01:05:35.415000,,54.071,31.873,24.12,0 days 01:06:07.714000,0 days 01:06:39.587000,0 days 01:07:03.707000,257.0,238.0,258.0,299.0,False,SOFT,6.0,False,McLaren,0 days 01:05:13.643000,2026-07-24 12:22:09.236,1,,False,,False,False,110.064,110.06400000000001
19,0 days 01:08:27.542000,NOR,1,0 days 00:01:23.835000,20.0,5.0,,,28.992,30.782,24.061,0 days 01:07:32.699000,0 days 01:08:03.481000,0 days 01:08:27.542000,288.0,233.0,260.0,309.0,False,SOFT,7.0,False,McLaren,0 days 01:07:03.707000,2026-07-24 12:23:59.300,1,,False,,False,True,83.835,83.83500000000001
20,0 days 01:09:53.546000,NOR,1,0 days 00:01:26.004000,21.0,5.0,,,29.394,31.528,25.082,0 days 01:08:56.936000,0 days 01:09:28.464000,0 days 01:09:53.546000,288.0,238.0,263.0,308.0,False,SOFT,8.0,False,McLaren,0 days 01:08:27.542000,2026-07-24 12:25:23.135,1,,False,,False,True,86.004,86.00399999999999
21,0 days 01:11:17.629000,NOR,1,0 days 00:01:24.083000,22.0,5.0,,,29.146,30.665,24.272,0 days 01:10:22.692000,0 days 01:10:53.357000,0 days 01:11:17.629000,291.0,237.0,261.0,320.0,False,SOFT,9.0,False,McLaren,0 days 01:09:53.546000,2026-07-24 12:26:49.139,1,,False,,False,True,84.083,84.083
22,0 days 01:12:43.564000,NOR,1,0 days 00:01:25.935000,23.0,5.0,,,29.487,31.833,24.615,0 days 01:11:47.116000,0 days 01:12:18.949000,0 days 01:12:43.564000,271.0,238.0,263.0,322.0,False,SOFT,10.0,False,McLaren,0 days 01:11:17.629000,2026-07-24 12:28:13.222,1,,False,,False,True,85.935,85.93499999999999
23,0 days 01:14:07.271000,NOR,1,0 days 00:01:23.707000,24.0,5.0,,,29.198,30.468,24.041,0 days 01:13:12.762000,0 days 01:13:43.230000,0 days 01:14:07.271000,285.0,232.0,259.0,327.0,False,SOFT,11.0,False,McLaren,0 days 01:12:43.564000,2026-07-24 12:29:39.157,1,,False,,False,True,83.707,83.707
24,0 days 01:16:42.971000,NOR,1,,25.0,5.0,,,36.729,43.521,75.438,0 days 01:14:44.266000,0 days 01:15:27.732000,0 days 01:16:43.137000,151.0,170.0,111.0,253.0,False,SOFT,12.0,False,McLaren,0 days 01:14:07.271000,2026-07-24 12:31:02.864,1,,False,,False,False,,155.688
25,0 days 01:18:17.279000,NOR,1,0 days 00:01:34.308000,26.0,5.0,,0 days 01:18:15.415000,31.145,32.939,30.224,0 days 01:17:14.116000,0 days 01:17:47.055000,0 days 01:18:17.279000,271.0,213.0,,275.0,False,SOFT,13.0,False,McLaren,0 days 01:16:42.971000,2026-07-24 12:33:38.564,1,,False,,False,False,94.308,94.308
26,0 days 00:17:36.756000,VER,3,,1.0,1.0,0 days 00:16:03.032000,,,32.594,26.834,,0 days 00:17:10.164000,0 days 00:17:36.919000,237.0,228.0,262.0,,False,MEDIUM,1.0,True,Red Bull Racing,0 days 00:16:03.032000,2026-07-24 11:32:58.625,1,,False,,False,False,,
27,0 days 00:19:07.260000,VER,3,0 days 00:01:30.504000,2.0,1.0,,,28.562,29.556,32.386,0 days 00:18:05.318000,0 days 00:18:34.874000,0 days 00:19:07.260000,289.0,250.0,202.0,323.0,True,MEDIUM,2.0,True,Red Bull Racing,0 days 00:17:36.756000,2026-07-24 11:34:32.349,1,,False,,False,True,90.504,90.504
28,0 days 00:20:55.541000,VER,3,0 days 00:01:48.281000,3.0,1.0,,,40.753,42.546,24.982,0 days 00:19:48.013000,0 days 00:20:30.559000,0 days 00:20:55.541000,125.0,212.0,265.0,254.0,False,MEDIUM,3.0,True,Red Bull Racing,0 days 00:19:07.260000,2026-07-24 11:36:02.853,1,,False,,False,True,108.281,108.281
29,0 days 00:22:16.329000,VER,3,0 days 00:01:20.788000,4.0,1.0,,,28.38,29.238,23.17,0 days 00:21:23.921000,0 days 00:21:53.159000,0 days 00:22:16.329000,290.0,251.0,244.0,318.0,True,MEDIUM,4.0,True,Red Bull Racing,0 days 00:20:55.541000,2026-07-24 11:37:51.134,1,,False,,False,True,80.788,80.788
30,0 days 00:24:28.684000,VER,3,0 days 00:02:12.355000,5.0,1.0,,,49.795,48.237,34.323,0 days 00:23:06.124000,0 days 00:23:54.361000,0 days 00:24:28.684000,149.0,110.0,204.0,193.0,False,MEDIUM,5.0,True,Red Bull Racing,0 days 00:22:16.329000,2026-07-24 11:39:11.922,1,,False,,False,True,132.355,132.35500000000002
31,0 days 00:26:12.458000,VER,3,0 days 00:01:43.774000,6.0,1.0,,,38.356,35.003,30.415,0 days 00:25:07.040000,0 days 00:25:42.043000,0 days 00:26:12.458000,243.0,225.0,262.0,243.0,False,MEDIUM,6.0,True,Red Bull Racing,0 days 00:24:28.684000,2026-07-24 11:41:24.277,1,,False,,False,True,103.774,103.774
32,0 days 00:27:33.265000,VER,3,0 days 00:01:20.807000,7.0,1.0,,,28.211,29.169,23.427,0 days 00:26:40.669000,0 days 00:27:09.838000,0 days 00:27:33.265000,288.0,250.0,237.0,319.0,False,MEDIUM,7.0,True,Red Bull Racing,0 days 00:26:12.458000,2026-07-24 11:43:08.051,1,,False,,False,True,80.807,80.80699999999999
33,0 days 00:29:13.007000,VER,3,0 days 00:01:39.742000,8.0,1.0,,0 days 00:29:11.245000,35.464,35.082,29.196,0 days 00:28:08.729000,0 days 00:28:43.811000,0 days 00:29:13.007000,222.0,210.0,,207.0,False,MEDIUM,8.0,True,Red Bull Racing,0 days 00:27:33.265000,2026-07-24 11:44:28.858,1,,False,,False,False,99.742,99.74199999999999
34,0 days 00:41:10.407000,VER,3,,9.0,2.0,0 days 00:39:39.080000,,,34.046,24.533,,0 days 00:40:46.062000,0 days 00:41:10.514000,249.0,226.0,263.0,207.0,False,SOFT,1.0,True,Red Bull Racing,0 days 00:29:13.007000,2026-07-24 11:46:08.600,1,,False,,False,False,,
35,0 days 00:42:29.966000,VER,3,0 days 00:01:19.559000,10.0,2.0,,,28.031,28.879,22.649,0 days 00:41:38.438000,0 days 00:42:07.317000,0 days 00:42:29.966000,286.0,252.0,256.0,318.0,True,SOFT,2.0,True,Red Bull Racing,0 days 00:41:10.407000,2026-07-24 11:58:06.000,1,,False,,False,True,79.559,79.559
36,0 days 00:44:31.550000,VER,3,0 days 00:02:01.584000,11.0,2.0,,0 days 00:44:29.754000,45.329,45.325,30.93,0 days 00:43:15.295000,0 days 00:44:00.620000,0 days 00:44:31.550000,147.0,170.0,,219.0,False,SOFT,3.0,True,Red Bull Racing,0 days 00:42:29.966000,2026-07-24 11:59:25.559,1,,False,,False,False,121.584,121.584
37,0 days 00:58:45.165000,VER,3,,12.0,3.0,0 days 00:56:39.711000,,,33.347,32.355,,0 days 00:58:12.940000,0 days 00:58:45.217000,266.0,234.0,257.0,219.0,False,MEDIUM,9.0,False,Red Bull Racing,0 days 00:56:39.711000,2026-07-24 12:13:35.304,1,,False,,False,False,,
38,0 days 01:00:09.896000,VER,3,0 days 00:01:24.731000,13.0,3.0,,,29.466,31.23,24.035,0 days 00:59:14.631000,0 days 00:59:45.861000,0 days 01:00:09.896000,289.0,238.0,259.0,296.0,False,MEDIUM,10.0,False,Red Bull Racing,0 days 00:58:45.165000,2026-07-24 12:15:40.758,1,,False,,False,True,84.731,84.731
39,0 days 01:01:34.609000,VER,3,0 days 00:01:24.713000,14.0,3.0,,,29.428,30.991,24.294,0 days 01:00:39.324000,0 days 01:01:10.315000,0 days 01:01:34.609000,283.0,234.0,258.0,315.0,False,MEDIUM,11.0,False,Red Bull Racing,0 days 01:00:09.896000,2026-07-24 12:17:05.489,1,,False,,False,True,84.713,84.713
40,0 days 01:02:59.691000,VER,3,0 days 00:01:25.082000,15.0,3.0,,,29.361,31.276,24.445,0 days 01:02:03.970000,0 days 01:02:35.246000,0 days 01:02:59.691000,278.0,235.0,259.0,307.0,False,MEDIUM,12.0,False,Red Bull Racing,0 days 01:01:34.609000,2026-07-24 12:18:30.202,12,,False,,False,True,85.082,85.082
41,0 days 01:04:26.316000,VER,3,0 days 00:01:26.625000,16.0,3.0,,,30.377,31.508,24.74,0 days 01:03:30.068000,0 days 01:04:01.576000,0 days 01:04:26.316000,285.0,230.0,256.0,307.0,False,MEDIUM,13.0,False,Red Bull Racing,0 days 01:02:59.691000,2026-07-24 12:19:55.284,21,,False,,False,True,86.625,86.625
42,0 days 01:05:51.935000,VER,3,0 days 00:01:25.619000,17.0,3.0,,,29.691,31.263,24.665,0 days 01:04:56.007000,0 days 01:05:27.270000,0 days 01:05:51.935000,280.0,233.0,256.0,304.0,False,MEDIUM,14.0,False,Red Bull Racing,0 days 01:04:26.316000,2026-07-24 12:21:21.909,1,,False,,False,True,85.619,85.619
43,0 days 01:07:18.327000,VER,3,0 days 00:01:26.392000,18.0,3.0,,,29.616,31.41,25.366,0 days 01:06:21.551000,0 days 01:06:52.961000,0 days 01:07:18.327000,280.0,231.0,254.0,302.0,False,MEDIUM,15.0,False,Red Bull Racing,0 days 01:05:51.935000,2026-07-24 12:22:47.528,1,,False,,False,True,86.392,86.392
44,0 days 01:08:44.442000,VER,3,0 days 00:01:26.115000,19.0,3.0,,,29.589,31.595,24.931,0 days 01:07:47.916000,0 days 01:08:19.511000,0 days 01:08:44.442000,284.0,232.0,258.0,308.0,False,MEDIUM,16.0,False,Red Bull Racing,0 days 01:07:18.327000,2026-07-24 12:24:13.920,1,,False,,False,True,86.115,86.115
45,0 days 01:10:10.238000,VER,3,0 days 00:01:25.796000,20.0,3.0,,,29.798,31.335,24.663,0 days 01:09:14.240000,0 days 01:09:45.575000,0 days 01:10:10.238000,281.0,236.0,256.0,326.0,False,MEDIUM,17.0,False,Red Bull Racing,0 days 01:08:44.442000,2026-07-24 12:25:40.035,1,,False,,False,True,85.796,85.79599999999999
46,0 days 01:11:35.696000,VER,3,0 days 00:01:25.458000,21.0,3.0,,,29.662,31.251,24.545,0 days 01:10:39.900000,0 days 01:11:11.151000,0 days 01:11:35.696000,279.0,234.0,258.0,302.0,False,MEDIUM,18.0,False,Red Bull Racing,0 days 01:10:10.238000,2026-07-24 12:27:05.831,1,,False,,False,True,85.458,85.458
47,0 days 01:13:00.802000,VER,3,0 days 00:01:25.106000,22.0,3.0,,,29.623,31.054,24.429,0 days 01:12:05.319000,0 days 01:12:36.373000,0 days 01:13:00.802000,285.0,235.0,258.0,300.0,False,MEDIUM,19.0,False,Red Bull Racing,0 days 01:11:35.696000,2026-07-24 12:28:31.289,1,,False,,False,True,85.106,85.106
48,0 days 01:14:26.441000,VER,3,0 days 00:01:25.639000,23.0,3.0,,,29.661,31.328,24.65,0 days 01:13:30.463000,0 days 01:14:01.791000,0 days 01:14:26.441000,283.0,234.0,258.0,310.0,False,MEDIUM,20.0,False,Red Bull Racing,0 days 01:13:00.802000,2026-07-24 12:29:56.395,1,,False,,False,True,85.639,85.63900000000001
49,0 days 01:16:35.860000,VER,3,0 days 00:02:09.419000,24.0,3.0,,,43.943,42.528,42.948,0 days 01:15:10.384000,0 days 01:15:52.912000,0 days 01:16:35.860000,153.0,204.0,35.0,252.0,False,MEDIUM,21.0,False,Red Bull Racing,0 days 01:14:26.441000,2026-07-24 12:31:22.034,1,,False,,False,True,129.419,129.419
50,0 days 01:18:44.712000,VER,3,0 days 00:02:08.852000,25.0,3.0,,0 days 01:18:42.887000,65.433,34.401,29.018,0 days 01:17:41.293000,0 days 01:18:15.694000,0 days 01:18:44.712000,239.0,218.0,,261.0,False,MEDIUM,22.0,False,Red Bull Racing,0 days 01:16:35.860000,2026-07-24 12:33:31.453,1,,False,,False,False,128.852,128.852
51,0 days 00:16:39.522000,BOR,5,,1.0,1.0,0 days 00:13:33.338000,0 days 00:16:37.640000,,39.417,34.217,,0 days 00:16:05.390000,0 days 00:16:39.522000,128.0,205.0,,,False,MEDIUM,1.0,True,Audi,0 days 00:13:33.338000,2026-07-24 11:30:28.931,1,,False,,False,False,,
52,0 days 00:19:11.300000,BOR,5,,2.0,2.0,0 days 00:17:07.708000,0 days 00:19:09.471000,79.34,39.165,33.422,0 days 00:17:58.890000,0 days 00:18:38.159000,0 days 00:19:11.300000,183.0,214.0,,,False,MEDIUM,2.0,False,Audi,0 days 00:16:39.522000,2026-07-24 11:33:35.115,1,,False,,False,False,,151.927
53,0 days 00:21:20.399000,BOR,5,0 days 00:02:09.099000,3.0,3.0,0 days 00:19:42.835000,,67.574,34.67,26.855,0 days 00:20:18.874000,0 days 00:20:53.544000,0 days 00:21:20.399000,227.0,215.0,224.0,,False,MEDIUM,2.0,False,Audi,0 days 00:19:11.300000,2026-07-24 11:36:06.893,1,,False,,False,False,129.099,129.099
54,0 days 00:22:53.985000,BOR,5,0 days 00:01:33.586000,4.0,3.0,,,33.207,33.672,26.707,0 days 00:21:53.606000,0 days 00:22:27.278000,0 days 00:22:53.985000,237.0,224.0,261.0,248.0,True,MEDIUM,3.0,False,Audi,0 days 00:21:20.399000,2026-07-24 11:38:15.992,1,,False,,False,True,93.586,93.58599999999998
55,0 days 00:24:17.911000,BOR,5,0 days 00:01:23.926000,5.0,3.0,,,29.202,31.01,23.714,0 days 00:23:23.187000,0 days 00:23:54.197000,0 days 00:24:17.911000,284.0,237.0,255.0,319.0,True,MEDIUM,4.0,False,Audi,0 days 00:22:53.985000,2026-07-24 11:39:49.578,1,,False,,False,True,83.926,83.926
56,0 days 00:26:07.161000,BOR,5,0 days 00:01:49.250000,6.0,3.0,,,37.679,43.334,28.237,0 days 00:24:55.590000,0 days 00:25:38.924000,0 days 00:26:07.161000,169.0,146.0,261.0,286.0,False,MEDIUM,5.0,False,Audi,0 days 00:24:17.911000,2026-07-24 11:41:13.504,1,,False,,False,True,109.25,109.25
57,0 days 00:27:29.341000,BOR,5,0 days 00:01:22.180000,7.0,3.0,,,28.699,29.954,23.527,0 days 00:26:35.860000,0 days 00:27:05.814000,0 days 00:27:29.341000,292.0,242.0,253.0,320.0,True,MEDIUM,6.0,False,Audi,0 days 00:26:07.161000,2026-07-24 11:43:02.754,1,,False,,False,True,82.18,82.18
58,0 days 00:29:20.214000,BOR,5,0 days 00:01:50.873000,8.0,3.0,,0 days 00:29:18.421000,36.874,43.223,30.776,0 days 00:28:06.215000,0 days 00:28:49.438000,0 days 00:29:20.214000,178.0,177.0,,279.0,False,MEDIUM,7.0,False,Audi,0 days 00:27:29.341000,2026-07-24 11:44:24.934,1,,False,,False,False,110.873,110.873
59,0 days 00:31:10.526000,BOR,5,0 days 00:01:50.312000,9.0,4.0,0 days 00:29:35.093000,,49.143,35.576,25.593,0 days 00:30:09.357000,0 days 00:30:44.933000,0 days 00:31:10.526000,228.0,215.0,262.0,279.0,False,MEDIUM,9.0,False,Audi,0 days 00:29:20.214000,2026-07-24 11:46:15.807,1,,False,,False,False,110.312,110.312
60,0 days 00:32:32.655000,BOR,5,0 days 00:01:22.129000,10.0,4.0,,,28.639,29.944,23.546,0 days 00:31:39.165000,0 days 00:32:09.109000,0 days 00:32:32.655000,289.0,244.0,253.0,319.0,False,MEDIUM,10.0,False,Audi,0 days 00:31:10.526000,2026-07-24 11:48:06.119,1,,True,TRACK LIMITS AT TURN 3 LAP 11 ,False,True,82.129,82.12899999999999
61,0 days 00:34:15.947000,BOR,5,0 days 00:01:43.292000,11.0,4.0,,0 days 00:34:14.210000,34.923,38.135,30.234,0 days 00:33:07.578000,0 days 00:33:45.713000,0 days 00:34:15.947000,175.0,200.0,,275.0,False,MEDIUM,11.0,False,Audi,0 days 00:32:32.655000,2026-07-24 11:49:28.248,1,,False,,False,False,103.292,103.292
62,0 days 00:36:16.072000,BOR,5,0 days 00:02:00.125000,12.0,5.0,0 days 00:34:40.044000,,58.449,35.964,25.712,0 days 00:35:14.396000,0 days 00:35:50.360000,0 days 00:36:16.072000,228.0,206.0,261.0,275.0,False,MEDIUM,12.0,False,Audi,0 days 00:34:15.947000,2026-07-24 11:51:11.540,1,,False,,False,False,120.125,120.125
63,0 days 00:37:37.497000,BOR,5,0 days 00:01:21.425000,13.0,5.0,,,28.493,29.59,23.342,0 days 00:36:44.565000,0 days 00:37:14.155000,0 days 00:37:37.497000,294.0,246.0,254.0,318.0,True,MEDIUM,13.0,False,Audi,0 days 00:36:16.072000,2026-07-24 11:53:11.665,1,,False,,False,True,81.425,81.425
64,0 days 00:39:25.584000,BOR,5,0 days 00:01:48.087000,14.0,5.0,,0 days 00:39:23.647000,35.521,40.094,32.472,0 days 00:38:13.018000,0 days 00:38:53.112000,0 days 00:39:25.584000,192.0,179.0,,277.0,False,MEDIUM,14.0,False,Audi,0 days 00:37:37.497000,2026-07-24 11:54:33.090,1,,False,,False,False,108.087,108.08700000000002
65,0 days 00:48:11.388000,BOR,5,,15.0,6.0,0 days 00:46:34.217000,,,35.841,27.764,,0 days 00:47:43.841000,0 days 00:48:11.400000,242.0,156.0,264.0,277.0,False,SOFT,1.0,True,Audi,0 days 00:39:25.584000,2026-07-24 11:56:21.177,1,,False,,False,False,,
66,0 days 00:49:31.748000,BOR,5,0 days 00:01:20.360000,16.0,6.0,,,28.104,29.15,23.106,0 days 00:48:39.492000,0 days 00:49:08.642000,0 days 00:49:31.748000,290.0,248.0,256.0,321.0,True,SOFT,2.0,True,Audi,0 days 00:48:11.388000,2026-07-24 12:05:06.981,12,,False,,False,True,80.36,80.36
67,0 days 00:56:35.466000,BOR,5,,17.0,6.0,,0 days 00:51:43.044000,,,,,,,,,,281.0,False,SOFT,3.0,True,Audi,0 days 00:49:31.748000,2026-07-24 12:06:27.341,215,,False,,False,False,,
68,0 days 00:58:40.221000,BOR,5,,18.0,7.0,0 days 00:56:35.466000,0 days 00:58:38.365000,,35.808,30.321,,0 days 00:58:10.095000,0 days 00:58:40.318000,202.0,223.0,,281.0,False,SOFT,4.0,False,Audi,0 days 00:56:35.466000,2026-07-24 12:13:31.059,1,,False,,False,False,,
69,0 days 01:00:44.637000,BOR,5,0 days 00:02:04.416000,19.0,8.0,0 days 00:58:56.047000,,67.989,32.247,24.18,0 days 00:59:48.210000,0 days 01:00:20.457000,0 days 01:00:44.637000,260.0,235.0,257.0,281.0,False,SOFT,5.0,False,Audi,0 days 00:58:40.221000,2026-07-24 12:15:35.814,1,,False,,False,False,124.416,124.416
70,0 days 01:02:09.401000,BOR,5,0 days 00:01:24.764000,20.0,8.0,,,29.44,31.25,24.074,0 days 01:01:14.077000,0 days 01:01:45.327000,0 days 01:02:09.401000,285.0,233.0,258.0,313.0,False,SOFT,6.0,False,Audi,0 days 01:00:44.637000,2026-07-24 12:17:40.230,12,,False,,False,True,84.764,84.764
71,0 days 01:03:35.219000,BOR,5,0 days 00:01:25.818000,21.0,8.0,,,30.425,31.192,24.201,0 days 01:02:39.826000,0 days 01:03:11.018000,0 days 01:03:35.219000,282.0,233.0,257.0,309.0,False,SOFT,7.0,False,Audi,0 days 01:02:09.401000,2026-07-24 12:19:04.994,21,,False,,False,True,85.818,85.81800000000001
72,0 days 01:04:59.307000,BOR,5,0 days 00:01:24.088000,22.0,8.0,,,29.309,30.887,23.892,0 days 01:04:04.528000,0 days 01:04:35.415000,0 days 01:04:59.307000,279.0,236.0,259.0,305.0,False,SOFT,8.0,False,Audi,0 days 01:03:35.219000,2026-07-24 12:20:30.812,1,,False,,False,True,84.088,84.088
73,0 days 01:06:23.627000,BOR,5,0 days 00:01:24.320000,23.0,8.0,,,29.383,30.864,24.073,0 days 01:05:28.690000,0 days 01:05:59.554000,0 days 01:06:23.627000,280.0,238.0,258.0,306.0,False,SOFT,9.0,False,Audi,0 days 01:04:59.307000,2026-07-24 12:21:54.900,1,,False,,False,True,84.32,84.32
74,0 days 01:07:48.183000,BOR,5,0 days 00:01:24.556000,24.0,8.0,,,29.402,30.902,24.252,0 days 01:06:53.029000,0 days 01:07:23.931000,0 days 01:07:48.183000,285.0,236.0,257.0,307.0,False,SOFT,10.0,False,Audi,0 days 01:06:23.627000,2026-07-24 12:23:19.220,1,,False,,False,True,84.556,84.556
75,0 days 01:09:12.527000,BOR,5,0 days 00:01:24.344000,25.0,8.0,,,29.394,30.708,24.242,0 days 01:08:17.577000,0 days 01:08:48.285000,0 days 01:09:12.527000,282.0,232.0,256.0,307.0,False,SOFT,11.0,False,Audi,0 days 01:07:48.183000,2026-07-24 12:24:43.776,1,,False,,False,True,84.344,84.344
76,0 days 01:10:37.330000,BOR,5,0 days 00:01:24.803000,26.0,8.0,,,29.472,30.849,24.482,0 days 01:09:41.999000,0 days 01:10:12.848000,0 days 01:10:37.330000,280.0,233.0,255.0,308.0,False,SOFT,12.0,False,Audi,0 days 01:09:12.527000,2026-07-24 12:26:08.120,1,,False,,False,True,84.803,84.803
77,0 days 01:12:02.455000,BOR,5,0 days 00:01:25.125000,27.0,8.0,,,29.455,31.175,24.495,0 days 01:11:06.785000,0 days 01:11:37.960000,0 days 01:12:02.455000,286.0,236.0,257.0,308.0,False,SOFT,13.0,False,Audi,0 days 01:10:37.330000,2026-07-24 12:27:32.923,1,,False,,False,True,85.125,85.125
78,0 days 01:13:27.157000,BOR,5,0 days 00:01:24.702000,28.0,8.0,,,29.363,30.842,24.497,0 days 01:12:31.818000,0 days 01:13:02.660000,0 days 01:13:27.157000,289.0,234.0,254.0,303.0,False,SOFT,14.0,False,Audi,0 days 01:12:02.455000,2026-07-24 12:28:58.048,1,,False,,False,True,84.702,84.702
79,0 days 01:15:26.297000,BOR,5,0 days 00:01:59.140000,29.0,8.0,,,33.462,48.048,37.63,0 days 01:14:00.619000,0 days 01:14:48.667000,0 days 01:15:26.297000,121.0,149.0,37.0,297.0,False,SOFT,15.0,False,Audi,0 days 01:13:27.157000,2026-07-24 12:30:22.750,1,,False,,False,True,119.14,119.14000000000001
80,0 days 01:17:25.156000,BOR,5,0 days 00:01:58.859000,30.0,8.0,,0 days 01:17:23.292000,50.592,38.033,30.234,0 days 01:16:16.889000,0 days 01:16:54.922000,0 days 01:17:25.156000,258.0,187.0,,262.0,False,SOFT,16.0,False,Audi,0 days 01:15:26.297000,2026-07-24 12:32:21.890,1,,False,,False,False,118.859,118.85900000000001
81,0 days 00:15:06.598000,HAD,6,,1.0,1.0,0 days 00:13:15.003000,,,41.665,31.453,,0 days 00:14:35.359000,0 days 00:15:06.749000,246.0,160.0,223.0,,False,MEDIUM,1.0,True,Red Bull Racing,0 days 00:13:15.003000,2026-07-24 11:30:10.596,1,,False,,False,False,,
82,0 days 00:16:41.549000,HAD,6,0 days 00:01:34.951000,2.0,1.0,,,34.9,34.342,25.709,0 days 00:15:41.498000,0 days 00:16:15.840000,0 days 00:16:41.549000,271.0,218.0,253.0,263.0,True,MEDIUM,2.0,True,Red Bull Racing,0 days 00:15:06.598000,2026-07-24 11:32:02.191,1,,False,,False,True,94.951,94.951
83,0 days 00:18:09.938000,HAD,6,0 days 00:01:28.389000,3.0,1.0,,,30.685,32.837,24.867,0 days 00:17:12.234000,0 days 00:17:45.071000,0 days 00:18:09.938000,275.0,231.0,255.0,300.0,True,MEDIUM,3.0,True,Red Bull Racing,0 days 00:16:41.549000,2026-07-24 11:33:37.142,1,,False,,False,True,88.389,88.38900000000001
84,0 days 00:19:48.271000,HAD,6,0 days 00:01:38.333000,4.0,1.0,,0 days 00:19:46.546000,31.036,35.773,31.524,0 days 00:18:40.974000,0 days 00:19:16.747000,0 days 00:19:48.271000,262.0,217.0,,300.0,False,MEDIUM,4.0,True,Red Bull Racing,0 days 00:18:09.938000,2026-07-24 11:35:05.531,1,,False,,False,False,98.333,98.333
85,0 days 00:32:36.188000,HAD,6,,5.0,2.0,0 days 00:30:57.877000,,,36.918,25.079,,0 days 00:32:11.377000,0 days 00:32:36.346000,238.0,230.0,263.0,300.0,False,MEDIUM,5.0,False,Red Bull Racing,0 days 00:19:48.271000,2026-07-24 11:36:43.864,1,,False,,False,False,,
86,0 days 00:33:58.971000,HAD,6,0 days 00:01:22.783000,6.0,2.0,,,28.956,30.107,23.72,0 days 00:33:05.144000,0 days 00:33:35.251000,0 days 00:33:58.971000,299.0,243.0,229.0,321.0,True,MEDIUM,6.0,False,Red Bull Racing,0 days 00:32:36.188000,2026-07-24 11:49:31.781,1,,False,,False,True,82.783,82.783
87,0 days 00:35:55.173000,HAD,6,0 days 00:01:56.202000,7.0,2.0,,,38.228,47.099,30.875,0 days 00:34:37.199000,0 days 00:35:24.298000,0 days 00:35:55.173000,216.0,104.0,260.0,211.0,False,MEDIUM,7.0,False,Red Bull Racing,0 days 00:33:58.971000,2026-07-24 11:50:54.564,1,,False,,False,True,116.202,116.202
88,0 days 00:37:16.789000,HAD,6,0 days 00:01:21.616000,8.0,2.0,,,28.683,29.444,23.489,0 days 00:36:23.856000,0 days 00:36:53.300000,0 days 00:37:16.789000,298.0,246.0,235.0,316.0,True,MEDIUM,8.0,False,Red Bull Racing,0 days 00:35:55.173000,2026-07-24 11:52:50.766,1,,False,,False,True,81.616,81.616
89,0 days 00:39:09.475000,HAD,6,0 days 00:01:52.686000,9.0,2.0,,0 days 00:39:07.815000,43.533,38.013,31.14,0 days 00:38:00.322000,0 days 00:38:38.335000,0 days 00:39:09.475000,213.0,189.0,,237.0,False,MEDIUM,9.0,False,Red Bull Racing,0 days 00:37:16.789000,2026-07-24 11:54:12.382,1,,False,,False,False,112.686,112.68599999999999
90,0 days 00:46:24.791000,HAD,6,,10.0,3.0,0 days 00:44:55.392000,,,32.038,24.583,,0 days 00:46:00.517000,0 days 00:46:24.946000,218.0,233.0,264.0,237.0,False,SOFT,1.0,True,Red Bull Racing,0 days 00:39:09.475000,2026-07-24 11:56:05.068,1,,False,,False,False,,
91,0 days 00:47:44.788000,HAD,6,0 days 00:01:19.997000,11.0,3.0,,,27.866,29.016,23.115,0 days 00:46:52.657000,0 days 00:47:21.673000,0 days 00:47:44.788000,287.0,248.0,264.0,320.0,True,SOFT,2.0,True,Red Bull Racing,0 days 00:46:24.791000,2026-07-24 12:03:20.384,1,,False,,False,True,79.997,79.997
92,0 days 00:49:47.325000,HAD,6,0 days 00:02:02.537000,12.0,3.0,,,48.782,43.566,30.189,0 days 00:48:33.570000,0 days 00:49:17.136000,0 days 00:49:47.325000,130.0,164.0,183.0,226.0,False,SOFT,3.0,True,Red Bull Racing,0 days 00:47:44.788000,2026-07-24 12:04:40.381,12,,False,,False,True,122.537,122.537
93,0 days 00:58:21.158000,HAD,6,,13.0,3.0,,0 days 00:51:59.576000,,,,,,,,,,237.0,False,SOFT,4.0,True,Red Bull Racing,0 days 00:49:47.325000,2026-07-24 12:06:42.918,251,,False,,False,False,,
94,0 days 01:00:21.577000,HAD,6,,14.0,4.0,0 days 00:58:21.158000,,,31.955,24.284,,0 days 00:59:57.543000,0 days 01:00:21.577000,276.0,237.0,255.0,237.0,False,MEDIUM,10.0,False,Red Bull Racing,0 days 00:58:21.158000,2026-07-24 12:15:16.751,1,,False,,False,False,,
95,0 days 01:01:46.895000,HAD,6,0 days 00:01:25.318000,15.0,4.0,,,29.478,31.238,24.602,0 days 01:00:51.055000,0 days 01:01:22.293000,0 days 01:01:46.895000,288.0,234.0,257.0,315.0,False,MEDIUM,11.0,False,Red Bull Racing,0 days 01:00:21.577000,2026-07-24 12:17:17.170,1,,False,,False,True,85.318,85.318
96,0 days 01:03:12.119000,HAD,6,0 days 00:01:25.224000,16.0,4.0,,,29.403,31.299,24.522,0 days 01:02:16.298000,0 days 01:02:47.597000,0 days 01:03:12.119000,285.0,235.0,259.0,309.0,False,MEDIUM,12.0,False,Red Bull Racing,0 days 01:01:46.895000,2026-07-24 12:18:42.488,12,,False,,False,True,85.224,85.22399999999999
97,0 days 01:04:37.475000,HAD,6,0 days 00:01:25.356000,17.0,4.0,,,29.502,31.283,24.571,0 days 01:03:41.621000,0 days 01:04:12.904000,0 days 01:04:37.475000,284.0,234.0,258.0,306.0,False,MEDIUM,13.0,False,Red Bull Racing,0 days 01:03:12.119000,2026-07-24 12:20:07.712,1,,False,,False,True,85.356,85.356
98,0 days 01:06:03.039000,HAD,6,0 days 00:01:25.564000,18.0,4.0,,,29.409,31.256,24.899,0 days 01:05:06.884000,0 days 01:05:38.140000,0 days 01:06:03.039000,285.0,236.0,256.0,312.0,False,MEDIUM,14.0,False,Red Bull Racing,0 days 01:04:37.475000,2026-07-24 12:21:33.068,1,,False,,False,True,85.564,85.564
99,0 days 01:07:31.569000,HAD,6,0 days 00:01:28.530000,19.0,4.0,,,29.557,31.267,27.706,0 days 01:06:32.596000,0 days 01:07:03.863000,0 days 01:07:31.569000,288.0,235.0,251.0,306.0,False,MEDIUM,15.0,False,Red Bull Racing,0 days 01:06:03.039000,2026-07-24 12:22:58.632,1,,False,,False,True,88.53,88.53
100,0 days 01:08:57.226000,HAD,6,0 days 00:01:25.657000,20.0,4.0,,,29.69,31.277,24.69,0 days 01:08:01.259000,0 days 01:08:32.536000,0 days 01:08:57.226000,281.0,233.0,257.0,308.0,False,MEDIUM,16.0,False,Red Bull Racing,0 days 01:07:31.569000,2026-07-24 12:24:27.162,1,,False,,False,True,85.657,85.657
101,0 days 01:10:22.433000,HAD,6,0 days 00:01:25.207000,21.0,4.0,,,29.581,31.034,24.592,0 days 01:09:26.807000,0 days 01:09:57.841000,0 days 01:10:22.433000,285.0,236.0,258.0,303.0,False,MEDIUM,17.0,False,Red Bull Racing,0 days 01:08:57.226000,2026-07-24 12:25:52.819,1,,False,,False,True,85.207,85.207
102,0 days 01:11:47.623000,HAD,6,0 days 00:01:25.190000,22.0,4.0,,,29.503,31.154,24.533,0 days 01:10:51.936000,0 days 01:11:23.090000,0 days 01:11:47.623000,281.0,236.0,259.0,305.0,False,MEDIUM,18.0,False,Red Bull Racing,0 days 01:10:22.433000,2026-07-24 12:27:18.026,1,,False,,False,True,85.19,85.19
103,0 days 01:13:12.829000,HAD,6,0 days 00:01:25.206000,23.0,4.0,,,29.586,31.135,24.485,0 days 01:12:17.209000,0 days 01:12:48.344000,0 days 01:13:12.829000,283.0,237.0,259.0,314.0,False,MEDIUM,19.0,False,Red Bull Racing,0 days 01:11:47.623000,2026-07-24 12:28:43.216,1,,False,,False,True,85.206,85.206
104,0 days 01:15:41.802000,HAD,6,0 days 00:02:28.973000,24.0,4.0,,,43.258,52.214,53.501,0 days 01:13:56.087000,0 days 01:14:48.301000,0 days 01:15:41.802000,106.0,104.0,42.0,295.0,False,MEDIUM,20.0,False,Red Bull Racing,0 days 01:13:12.829000,2026-07-24 12:30:08.422,1,,False,,False,True,148.973,148.973
105,0 days 01:17:46.489000,HAD,6,0 days 00:02:04.687000,25.0,4.0,,0 days 01:17:44.696000,63.764,32.329,28.594,0 days 01:16:45.566000,0 days 01:17:17.895000,0 days 01:17:46.489000,277.0,218.0,,261.0,False,MEDIUM,21.0,False,Red Bull Racing,0 days 01:15:41.802000,2026-07-24 12:32:37.395,1,,False,,False,False,124.687,124.68700000000001
106,0 days 00:17:09.221000,GAS,10,,1.0,1.0,0 days 00:15:27.840000,,,38.796,25.594,,0 days 00:16:43.833000,0 days 00:17:09.319000,257.0,205.0,219.0,,False,MEDIUM,1.0,True,Alpine,0 days 00:15:27.840000,2026-07-24 11:32:23.433,1,,False,,False,False,,
107,0 days 00:18:51.529000,GAS,10,0 days 00:01:42.308000,2.0,1.0,,,37.074,35.588,29.646,0 days 00:17:46.295000,0 days 00:18:21.883000,0 days 00:18:51.529000,234.0,215.0,260.0,263.0,True,MEDIUM,2.0,True,Alpine,0 days 00:17:09.221000,2026-07-24 11:34:04.814,1,,False,,False,True,102.308,102.308
108,0 days 00:20:16.078000,GAS,10,0 days 00:01:24.549000,3.0,1.0,,,28.987,31.495,24.067,0 days 00:19:20.516000,0 days 00:19:52.011000,0 days 00:20:16.078000,291.0,232.0,251.0,323.0,False,MEDIUM,3.0,True,Alpine,0 days 00:18:51.529000,2026-07-24 11:35:47.122,1,,True,TRACK LIMITS AT TURN 7 LAP 4 ,False,True,84.549,84.549
109,0 days 00:22:06.605000,GAS,10,0 days 00:01:50.527000,4.0,1.0,,,42.127,42.185,26.215,0 days 00:20:58.205000,0 days 00:21:40.390000,0 days 00:22:06.605000,211.0,167.0,263.0,283.0,False,MEDIUM,4.0,True,Alpine,0 days 00:20:16.078000,2026-07-24 11:37:11.671,1,,False,,False,True,110.527,110.52700000000002
110,0 days 00:23:29.299000,GAS,10,0 days 00:01:22.694000,5.0,1.0,,,28.584,30.439,23.671,0 days 00:22:35.189000,0 days 00:23:05.628000,0 days 00:23:29.299000,288.0,239.0,249.0,323.0,True,MEDIUM,5.0,True,Alpine,0 days 00:22:06.605000,2026-07-24 11:39:02.198,1,,False,,False,True,82.694,82.69399999999999
111,0 days 00:25:19.789000,GAS,10,0 days 00:01:50.490000,6.0,1.0,,0 days 00:25:17.984000,41.858,36.77,31.862,0 days 00:24:11.157000,0 days 00:24:47.927000,0 days 00:25:19.789000,237.0,199.0,,267.0,False,MEDIUM,6.0,True,Alpine,0 days 00:23:29.299000,2026-07-24 11:40:24.892,1,,False,,False,False,110.49,110.49
112,0 days 00:27:42.961000,GAS,10,0 days 00:02:23.172000,7.0,2.0,0 days 00:26:08.118000,,81.613,35.671,25.888,0 days 00:26:41.402000,0 days 00:27:17.073000,0 days 00:27:42.961000,237.0,208.0,265.0,267.0,False,MEDIUM,7.0,False,Alpine,0 days 00:25:19.789000,2026-07-24 11:42:15.382,1,,False,,False,False,143.172,143.172
113,0 days 00:29:06.498000,GAS,10,0 days 00:01:23.537000,8.0,2.0,,,28.87,30.777,23.89,0 days 00:28:11.831000,0 days 00:28:42.608000,0 days 00:29:06.498000,288.0,241.0,253.0,321.0,False,MEDIUM,8.0,False,Alpine,0 days 00:27:42.961000,2026-07-24 11:44:38.554,1,,False,,False,True,83.537,83.537
114,0 days 00:30:59.446000,GAS,10,0 days 00:01:52.948000,9.0,2.0,,,44.067,43.207,25.674,0 days 00:29:50.565000,0 days 00:30:33.772000,0 days 00:30:59.446000,158.0,201.0,264.0,280.0,False,MEDIUM,9.0,False,Alpine,0 days 00:29:06.498000,2026-07-24 11:46:02.091,1,,False,,False,True,112.948,112.94800000000001
115,0 days 00:32:23.735000,GAS,10,0 days 00:01:24.289000,10.0,2.0,,,29.027,31.161,24.101,0 days 00:31:28.473000,0 days 00:31:59.634000,0 days 00:32:23.735000,289.0,240.0,248.0,322.0,False,MEDIUM,10.0,False,Alpine,0 days 00:30:59.446000,2026-07-24 11:47:55.039,1,,False,,False,True,84.289,84.289
116,0 days 00:34:10.136000,GAS,10,0 days 00:01:46.401000,11.0,2.0,,0 days 00:34:08.315000,35.637,39.243,31.521,0 days 00:32:59.372000,0 days 00:33:38.615000,0 days 00:34:10.136000,198.0,226.0,,265.0,False,MEDIUM,11.0,False,Alpine,0 days 00:32:23.735000,2026-07-24 11:49:19.328,1,,False,,False,False,106.401,106.401
117,0 days 00:36:37.986000,GAS,10,0 days 00:02:27.850000,12.0,3.0,0 days 00:34:57.924000,,83.67,38.487,25.693,0 days 00:35:33.806000,0 days 00:36:12.293000,0 days 00:36:37.986000,238.0,206.0,263.0,265.0,False,MEDIUM,12.0,False,Alpine,0 days 00:34:10.136000,2026-07-24 11:51:05.729,1,,False,,False,False,147.85,147.85000000000002
118,0 days 00:38:01.136000,GAS,10,0 days 00:01:23.150000,13.0,3.0,,,28.857,30.534,23.759,0 days 00:37:06.843000,0 days 00:37:37.377000,0 days 00:38:01.136000,290.0,242.0,250.0,322.0,False,MEDIUM,13.0,False,Alpine,0 days 00:36:37.986000,2026-07-24 11:53:33.579,1,,False,,False,True,83.15,83.15
119,0 days 00:39:50.340000,GAS,10,0 days 00:01:49.204000,14.0,3.0,,,43.824,39.29,26.09,0 days 00:38:44.960000,0 days 00:39:24.250000,0 days 00:39:50.340000,197.0,207.0,258.0,215.0,False,MEDIUM,14.0,False,Alpine,0 days 00:38:01.136000,2026-07-24 11:54:56.729,1,,False,,False,True,109.204,109.20400000000001
120,0 days 00:41:23.809000,GAS,10,0 days 00:01:33.469000,15.0,3.0,,0 days 00:41:22.015000,28.805,32.226,32.438,0 days 00:40:19.145000,0 days 00:40:51.371000,0 days 00:41:23.809000,293.0,181.0,,319.0,False,MEDIUM,15.0,False,Alpine,0 days 00:39:50.340000,2026-07-24 11:56:45.933,1,,False,,False,False,93.469,93.469
121,0 days 00:56:15.297000,GAS,10,,16.0,4.0,0 days 00:48:35.081000,0 days 00:52:06.357000,,35.144,,,0 days 00:49:44.389000,,233.0,205.0,,,False,SOFT,1.0,True,Alpine,0 days 00:41:23.809000,2026-07-24 11:58:19.402,125,,False,,False,False,,
122,0 days 00:57:51.155000,GAS,10,,17.0,5.0,0 days 00:56:15.297000,,,34.626,25.271,,0 days 00:57:26.032000,0 days 00:57:51.311000,242.0,215.0,266.0,319.0,False,SOFT,2.0,False,Alpine,0 days 00:56:15.297000,2026-07-24 12:13:10.890,1,,False,,False,False,,
123,0 days 00:59:12.859000,GAS,10,0 days 00:01:21.704000,18.0,5.0,,,28.558,29.88,23.266,0 days 00:58:19.713000,0 days 00:58:49.593000,0 days 00:59:12.859000,291.0,240.0,245.0,319.0,True,SOFT,3.0,False,Alpine,0 days 00:57:51.155000,2026-07-24 12:14:46.748,1,,False,,False,True,81.704,81.70400000000001
124,0 days 01:01:19.424000,GAS,10,0 days 00:02:06.565000,19.0,5.0,,,48.021,44.128,34.416,0 days 01:00:00.880000,0 days 01:00:45.008000,0 days 01:01:19.424000,151.0,141.0,170.0,259.0,False,SOFT,4.0,False,Alpine,0 days 00:59:12.859000,2026-07-24 12:16:08.452,1,,False,,False,True,126.565,126.565
125,0 days 01:03:04.946000,GAS,10,0 days 00:01:45.522000,20.0,5.0,,,36.369,43.193,25.96,0 days 01:01:55.793000,0 days 01:02:38.986000,0 days 01:03:04.946000,232.0,177.0,264.0,235.0,False,SOFT,5.0,False,Alpine,0 days 01:01:19.424000,2026-07-24 12:18:15.017,12,,False,,False,True,105.522,105.52199999999999
126,0 days 01:04:27.534000,GAS,10,0 days 00:01:22.588000,21.0,5.0,,,28.498,30.228,23.862,0 days 01:03:33.444000,0 days 01:04:03.672000,0 days 01:04:27.534000,290.0,240.0,249.0,321.0,False,SOFT,6.0,False,Alpine,0 days 01:03:04.946000,2026-07-24 12:20:00.539,1,,False,,False,True,82.588,82.588
127,0 days 01:06:06.403000,GAS,10,0 days 00:01:38.869000,22.0,5.0,,,32.338,36.003,30.528,0 days 01:04:59.872000,0 days 01:05:35.875000,0 days 01:06:06.403000,247.0,143.0,258.0,282.0,False,SOFT,7.0,False,Alpine,0 days 01:04:27.534000,2026-07-24 12:21:23.127,1,,False,,False,True,98.869,98.869
128,0 days 01:07:32.121000,GAS,10,0 days 00:01:25.718000,23.0,5.0,,,29.415,31.977,24.326,0 days 01:06:35.818000,0 days 01:07:07.795000,0 days 01:07:32.121000,283.0,232.0,266.0,313.0,False,SOFT,8.0,False,Alpine,0 days 01:06:06.403000,2026-07-24 12:23:01.996,1,,False,,False,True,85.718,85.71799999999999
129,0 days 01:09:00.529000,GAS,10,0 days 00:01:28.408000,24.0,5.0,,,29.473,31.89,27.045,0 days 01:08:01.594000,0 days 01:08:33.484000,0 days 01:09:00.529000,270.0,234.0,263.0,322.0,False,SOFT,9.0,False,Alpine,0 days 01:07:32.121000,2026-07-24 12:24:27.714,1,,False,,False,True,88.408,88.408
130,0 days 01:10:25.447000,GAS,10,0 days 00:01:24.918000,25.0,5.0,,,29.273,31.357,24.288,0 days 01:09:29.802000,0 days 01:10:01.159000,0 days 01:10:25.447000,287.0,234.0,262.0,315.0,False,SOFT,10.0,False,Alpine,0 days 01:09:00.529000,2026-07-24 12:25:56.122,1,,False,,False,True,84.918,84.91799999999999
131,0 days 01:11:50.024000,GAS,10,0 days 00:01:24.577000,26.0,5.0,,,29.105,31.275,24.197,0 days 01:10:54.552000,0 days 01:11:25.827000,0 days 01:11:50.024000,293.0,235.0,264.0,319.0,False,SOFT,11.0,False,Alpine,0 days 01:10:25.447000,2026-07-24 12:27:21.040,1,,False,,False,True,84.577,84.577
132,0 days 01:13:14.945000,GAS,10,0 days 00:01:24.921000,27.0,5.0,,,29.042,31.529,24.35,0 days 01:12:19.066000,0 days 01:12:50.595000,0 days 01:13:14.945000,288.0,234.0,263.0,321.0,False,SOFT,12.0,False,Alpine,0 days 01:11:50.024000,2026-07-24 12:28:45.617,1,,False,,False,True,84.921,84.92099999999999
133,0 days 01:15:08.461000,GAS,10,0 days 00:01:53.516000,28.0,5.0,,,36.81,40.3,36.406,0 days 01:13:51.755000,0 days 01:14:32.055000,0 days 01:15:08.461000,135.0,200.0,68.0,321.0,False,SOFT,13.0,False,Alpine,0 days 01:13:14.945000,2026-07-24 12:30:10.538,1,,False,,False,True,113.516,113.51599999999999
134,0 days 01:17:10.534000,GAS,10,0 days 00:02:02.073000,29.0,5.0,,0 days 01:17:08.729000,60.017,33.376,28.68,0 days 01:16:08.478000,0 days 01:16:41.854000,0 days 01:17:10.534000,270.0,221.0,,262.0,False,SOFT,14.0,False,Alpine,0 days 01:15:08.461000,2026-07-24 12:32:04.054,1,,False,,False,False,122.073,122.07300000000001
135,0 days 00:15:08.030000,PER,11,,1.0,1.0,0 days 00:13:29.186000,,,36.79,27.268,,0 days 00:14:40.989000,0 days 00:15:08.161000,212.0,223.0,256.0,,False,HARD,1.0,True,Cadillac,0 days 00:13:29.186000,2026-07-24 11:30:24.779,1,,False,,False,False,,
136,0 days 00:16:34.527000,PER,11,0 days 00:01:26.497000,2.0,1.0,,,30.201,31.913,24.383,0 days 00:15:38.231000,0 days 00:16:10.144000,0 days 00:16:34.527000,267.0,229.0,258.0,314.0,True,HARD,2.0,True,Cadillac,0 days 00:15:08.030000,2026-07-24 11:32:03.623,1,,False,,False,True,86.497,86.497
137,0 days 00:18:27.815000,PER,11,0 days 00:01:53.288000,3.0,1.0,,,41.437,43.895,27.956,0 days 00:17:15.964000,0 days 00:17:59.859000,0 days 00:18:27.815000,108.0,220.0,259.0,214.0,False,HARD,3.0,True,Cadillac,0 days 00:16:34.527000,2026-07-24 11:33:30.120,1,,False,,False,True,113.288,113.288
138,0 days 00:19:51.519000,PER,11,0 days 00:01:23.704000,4.0,1.0,,,29.153,30.865,23.686,0 days 00:18:56.968000,0 days 00:19:27.833000,0 days 00:19:51.519000,291.0,240.0,253.0,315.0,True,HARD,4.0,True,Cadillac,0 days 00:18:27.815000,2026-07-24 11:35:23.408,1,,False,,False,True,83.704,83.70400000000001
139,0 days 00:21:35.315000,PER,11,0 days 00:01:43.796000,5.0,1.0,,,37.063,39.085,27.648,0 days 00:20:28.582000,0 days 00:21:07.667000,0 days 00:21:35.315000,201.0,211.0,259.0,226.0,False,HARD,5.0,True,Cadillac,0 days 00:19:51.519000,2026-07-24 11:36:47.112,1,,False,,False,True,103.796,103.79599999999999
140,0 days 00:22:58.963000,PER,11,0 days 00:01:23.648000,6.0,1.0,,,29.016,30.831,23.801,0 days 00:22:04.331000,0 days 00:22:35.162000,0 days 00:22:58.963000,291.0,239.0,258.0,315.0,True,HARD,6.0,True,Cadillac,0 days 00:21:35.315000,2026-07-24 11:38:30.908,1,,False,,False,True,83.648,83.648
141,0 days 00:24:57.793000,PER,11,0 days 00:01:58.830000,7.0,1.0,,,43.792,41.765,33.273,0 days 00:23:42.755000,0 days 00:24:24.520000,0 days 00:24:57.793000,187.0,192.0,260.0,194.0,False,HARD,7.0,True,Cadillac,0 days 00:22:58.963000,2026-07-24 11:39:54.556,1,,False,,False,True,118.83,118.83000000000001
142,0 days 00:26:22.736000,PER,11,0 days 00:01:24.943000,8.0,1.0,,,29.151,30.896,24.896,0 days 00:25:26.944000,0 days 00:25:57.840000,0 days 00:26:22.736000,291.0,241.0,253.0,317.0,False,HARD,8.0,True,Cadillac,0 days 00:24:57.793000,2026-07-24 11:41:53.386,1,,False,,False,True,84.943,84.943
143,0 days 00:28:05.903000,PER,11,0 days 00:01:43.167000,9.0,1.0,,0 days 00:28:04.049000,35.73,35.987,31.45,0 days 00:26:58.466000,0 days 00:27:34.453000,0 days 00:28:05.903000,194.0,215.0,,308.0,False,HARD,9.0,True,Cadillac,0 days 00:26:22.736000,2026-07-24 11:43:18.329,1,,False,,False,False,103.167,103.167
144,0 days 00:47:57.006000,PER,11,,10.0,2.0,0 days 00:46:11.410000,,,41.463,27.625,,0 days 00:47:29.649000,0 days 00:47:57.020000,209.0,175.0,264.0,308.0,False,SOFT,1.0,True,Cadillac,0 days 00:28:05.903000,2026-07-24 11:45:01.496,1,,False,,False,False,,
145,0 days 00:49:19.095000,PER,11,0 days 00:01:22.089000,11.0,2.0,,,28.609,30.251,23.229,0 days 00:48:25.615000,0 days 00:48:55.866000,0 days 00:49:19.095000,294.0,246.0,254.0,319.0,True,SOFT,2.0,True,Cadillac,0 days 00:47:57.006000,2026-07-24 12:04:52.599,1,,False,,False,True,82.089,82.089
146,0 days 01:02:12.243000,PER,11,,12.0,2.0,,0 days 00:51:39.131000,,,,,,,,,,181.0,False,SOFT,3.0,True,Cadillac,0 days 00:49:19.095000,2026-07-24 12:06:14.688,125,,False,,False,False,,
147,0 days 01:04:05.507000,PER,11,,13.0,3.0,0 days 01:02:12.243000,,,34.047,24.648,,0 days 01:03:41.140000,0 days 01:04:05.571000,260.0,224.0,255.0,181.0,False,SOFT,4.0,False,Cadillac,0 days 01:02:12.243000,2026-07-24 12:19:07.836,21,,False,,False,False,,
148,0 days 01:05:31.451000,PER,11,0 days 00:01:25.944000,14.0,3.0,,,29.605,31.9,24.439,0 days 01:04:35.112000,0 days 01:05:07.012000,0 days 01:05:31.451000,272.0,231.0,254.0,308.0,False,SOFT,5.0,False,Cadillac,0 days 01:04:05.507000,2026-07-24 12:21:01.100,1,,False,,False,True,85.944,85.94399999999999
149,0 days 01:06:57.573000,PER,11,0 days 00:01:26.122000,15.0,3.0,,,29.558,32.009,24.555,0 days 01:06:01.009000,0 days 01:06:33.018000,0 days 01:06:57.573000,271.0,236.0,253.0,309.0,False,SOFT,6.0,False,Cadillac,0 days 01:05:31.451000,2026-07-24 12:22:27.044,1,,False,,False,True,86.122,86.122
150,0 days 01:08:23.789000,PER,11,0 days 00:01:26.216000,16.0,3.0,,,29.866,31.817,24.533,0 days 01:07:27.439000,0 days 01:07:59.256000,0 days 01:08:23.789000,274.0,231.0,254.0,306.0,False,SOFT,7.0,False,Cadillac,0 days 01:06:57.573000,2026-07-24 12:23:53.166,1,,False,,False,True,86.216,86.21600000000001
151,0 days 01:09:50.523000,PER,11,0 days 00:01:26.734000,17.0,3.0,,,29.99,31.986,24.758,0 days 01:08:53.779000,0 days 01:09:25.765000,0 days 01:09:50.523000,273.0,227.0,253.0,309.0,False,SOFT,8.0,False,Cadillac,0 days 01:08:23.789000,2026-07-24 12:25:19.382,1,,False,,False,True,86.734,86.734
152,0 days 01:11:17.156000,PER,11,0 days 00:01:26.633000,18.0,3.0,,,30.01,32.09,24.533,0 days 01:10:20.533000,0 days 01:10:52.623000,0 days 01:11:17.156000,275.0,235.0,255.0,303.0,False,SOFT,9.0,False,Cadillac,0 days 01:09:50.523000,2026-07-24 12:26:46.116,1,,False,,False,True,86.633,86.63300000000001
153,0 days 01:12:43.318000,PER,11,0 days 00:01:26.162000,19.0,3.0,,,29.782,31.741,24.639,0 days 01:11:46.938000,0 days 01:12:18.679000,0 days 01:12:43.318000,277.0,233.0,252.0,314.0,False,SOFT,10.0,False,Cadillac,0 days 01:11:17.156000,2026-07-24 12:28:12.749,1,,False,,False,True,86.162,86.16199999999999
154,0 days 01:14:10.652000,PER,11,0 days 00:01:27.334000,20.0,3.0,,,30.421,32.229,24.684,0 days 01:13:13.739000,0 days 01:13:45.968000,0 days 01:14:10.652000,275.0,231.0,254.0,309.0,False,SOFT,11.0,False,Cadillac,0 days 01:12:43.318000,2026-07-24 12:29:38.911,1,,False,,False,True,87.334,87.334
155,0 days 01:16:56.269000,PER,11,,21.0,3.0,,,38.48,41.498,85.53,0 days 01:14:49.408000,0 days 01:15:30.826000,0 days 01:16:56.293000,198.0,162.0,134.0,253.0,False,SOFT,12.0,False,Cadillac,0 days 01:14:10.652000,2026-07-24 12:31:06.245,1,,False,,False,False,,165.50799999999998
156,0 days 01:18:36.439000,PER,11,0 days 00:01:40.170000,22.0,3.0,,0 days 01:18:34.542000,34.831,36.303,29.036,0 days 01:17:31.100000,0 days 01:18:07.403000,0 days 01:18:36.439000,230.0,224.0,,276.0,False,SOFT,13.0,False,Cadillac,0 days 01:16:56.269000,2026-07-24 12:33:51.862,1,,False,,False,False,100.17,100.17
157,0 days 00:15:50.722000,ALO,14,,1.0,1.0,0 days 00:13:47.347000,,,35.706,27.663,,0 days 00:15:23.275000,0 days 00:15:50.911000,242.0,215.0,248.0,,False,HARD,1.0,True,Aston Martin,0 days 00:13:47.347000,2026-07-24 11:30:42.940,1,,False,,False,False,,
158,0 days 00:17:15.249000,ALO,14,0 days 00:01:24.527000,2.0,1.0,,,29.941,31.068,23.518,0 days 00:16:20.663000,0 days 00:16:51.731000,0 days 00:17:15.249000,270.0,237.0,257.0,301.0,True,HARD,2.0,True,Aston Martin,0 days 00:15:50.722000,2026-07-24 11:32:46.315,1,,False,,False,True,84.527,84.527
159,0 days 00:19:02.044000,ALO,14,0 days 00:01:46.795000,3.0,1.0,,,39.646,37.682,29.467,0 days 00:17:54.895000,0 days 00:18:32.577000,0 days 00:19:02.044000,246.0,199.0,250.0,214.0,False,HARD,3.0,True,Aston Martin,0 days 00:17:15.249000,2026-07-24 11:34:10.842,1,,False,,False,True,106.795,106.795
160,0 days 00:20:25.263000,ALO,14,0 days 00:01:23.219000,4.0,1.0,,,29.45,30.192,23.577,0 days 00:19:31.494000,0 days 00:20:01.686000,0 days 00:20:25.263000,272.0,240.0,254.0,302.0,True,HARD,4.0,True,Aston Martin,0 days 00:19:02.044000,2026-07-24 11:35:57.637,1,,False,,False,True,83.219,83.219
161,0 days 00:22:24.124000,ALO,14,0 days 00:01:58.861000,5.0,1.0,,,42.542,44.34,31.979,0 days 00:21:07.805000,0 days 00:21:52.145000,0 days 00:22:24.124000,229.0,82.0,254.0,214.0,False,HARD,5.0,True,Aston Martin,0 days 00:20:25.263000,2026-07-24 11:37:20.856,1,,False,,False,True,118.861,118.861
162,0 days 00:23:49.719000,ALO,14,0 days 00:01:25.595000,6.0,1.0,,,29.805,31.552,24.238,0 days 00:22:53.929000,0 days 00:23:25.481000,0 days 00:23:49.719000,264.0,231.0,254.0,293.0,False,HARD,6.0,True,Aston Martin,0 days 00:22:24.124000,2026-07-24 11:39:19.717,1,,False,,False,True,85.595,85.595
163,0 days 00:25:15.640000,ALO,14,0 days 00:01:25.921000,7.0,1.0,,,29.95,31.602,24.369,0 days 00:24:19.669000,0 days 00:24:51.271000,0 days 00:25:15.640000,265.0,232.0,255.0,294.0,False,HARD,7.0,True,Aston Martin,0 days 00:23:49.719000,2026-07-24 11:40:45.312,1,,False,,False,True,85.921,85.92099999999999
164,0 days 00:27:03.354000,ALO,14,0 days 00:01:47.714000,8.0,1.0,,0 days 00:27:01.656000,31.899,41.931,33.884,0 days 00:25:47.539000,0 days 00:26:29.470000,0 days 00:27:03.354000,245.0,150.0,,294.0,False,HARD,8.0,True,Aston Martin,0 days 00:25:15.640000,2026-07-24 11:42:11.233,1,,False,,False,False,107.714,107.714
165,0 days 00:43:16.013000,ALO,14,,9.0,2.0,0 days 00:41:44.421000,,,32.672,28.019,,0 days 00:42:48.107000,0 days 00:43:16.088000,253.0,226.0,254.0,294.0,False,HARD,9.0,False,Aston Martin,0 days 00:27:03.354000,2026-07-24 11:43:58.947,1,,False,,False,False,,
166,0 days 00:44:41.715000,ALO,14,0 days 00:01:25.702000,10.0,2.0,,,29.89,31.614,24.198,0 days 00:43:45.903000,0 days 00:44:17.517000,0 days 00:44:41.715000,265.0,232.0,257.0,297.0,False,HARD,10.0,False,Aston Martin,0 days 00:43:16.013000,2026-07-24 12:00:11.606,1,,False,,False,True,85.702,85.702
167,0 days 00:46:07.275000,ALO,14,0 days 00:01:25.560000,11.0,2.0,,,29.607,31.558,24.395,0 days 00:45:11.322000,0 days 00:45:42.880000,0 days 00:46:07.275000,264.0,233.0,252.0,291.0,False,HARD,11.0,False,Aston Martin,0 days 00:44:41.715000,2026-07-24 12:01:37.308,1,,False,,False,True,85.56,85.56
168,0 days 00:47:46.856000,ALO,14,0 days 00:01:39.581000,12.0,2.0,,0 days 00:47:45.017000,31.971,35.822,31.788,0 days 00:46:39.246000,0 days 00:47:15.068000,0 days 00:47:46.856000,244.0,149.0,,293.0,False,HARD,12.0,False,Aston Martin,0 days 00:46:07.275000,2026-07-24 12:03:02.868,1,,False,,False,False,99.581,99.581
169,0 days 00:58:26.380000,ALO,14,,13.0,3.0,0 days 00:56:42.847000,,,33.476,25.936,,0 days 00:58:00.729000,0 days 00:58:26.463000,235.0,217.0,250.0,293.0,False,SOFT,1.0,True,Aston Martin,0 days 00:56:42.847000,2026-07-24 12:13:38.440,1,,False,,False,False,,
170,0 days 00:59:47.930000,ALO,14,0 days 00:01:21.550000,14.0,3.0,,,28.899,29.471,23.18,0 days 00:58:55.279000,0 days 00:59:24.750000,0 days 00:59:47.930000,273.0,245.0,248.0,302.0,True,SOFT,2.0,True,Aston Martin,0 days 00:58:26.380000,2026-07-24 12:15:21.973,1,,False,,False,True,81.55,81.55000000000001
171,0 days 01:01:52.922000,ALO,14,0 days 00:02:04.992000,15.0,3.0,,0 days 01:01:51.230000,52.508,39.339,33.145,0 days 01:00:40.438000,0 days 01:01:19.777000,0 days 01:01:52.922000,195.0,204.0,,139.0,False,SOFT,3.0,True,Aston Martin,0 days 00:59:47.930000,2026-07-24 12:16:43.523,1,,False,,False,False,124.992,124.99200000000002
172,0 days 01:04:01.082000,ALO,14,0 days 00:02:08.160000,16.0,4.0,0 days 01:02:21.092000,,62.532,37.546,28.082,0 days 01:02:55.454000,0 days 01:03:33,0 days 01:04:01.082000,248.0,192.0,248.0,139.0,False,SOFT,4.0,False,Aston Martin,0 days 01:01:52.922000,2026-07-24 12:18:48.515,12,,False,,False,False,128.16,128.16
173,0 days 01:05:29.334000,ALO,14,0 days 00:01:28.252000,17.0,4.0,,,28.966,29.739,29.547,0 days 01:04:30.048000,0 days 01:04:59.787000,0 days 01:05:29.334000,272.0,242.0,188.0,301.0,False,SOFT,5.0,False,Aston Martin,0 days 01:04:01.082000,2026-07-24 12:20:56.675,1,,False,,False,True,88.252,88.252
174,0 days 01:07:24.776000,ALO,14,0 days 00:01:55.442000,18.0,4.0,,,39.433,49.882,26.127,0 days 01:06:08.767000,0 days 01:06:58.649000,0 days 01:07:24.776000,216.0,199.0,249.0,233.0,False,SOFT,6.0,False,Aston Martin,0 days 01:05:29.334000,2026-07-24 12:22:24.927,1,,False,,False,True,115.442,115.442
175,0 days 01:08:46.680000,ALO,14,0 days 00:01:21.904000,19.0,4.0,,,28.866,29.57,23.468,0 days 01:07:53.642000,0 days 01:08:23.212000,0 days 01:08:46.680000,274.0,245.0,243.0,301.0,False,SOFT,7.0,False,Aston Martin,0 days 01:07:24.776000,2026-07-24 12:24:20.369,1,,False,,False,True,81.904,81.904
176,0 days 01:10:19.193000,ALO,14,0 days 00:01:32.513000,20.0,4.0,,0 days 01:10:17.454000,31.321,31.927,29.265,0 days 01:09:18.001000,0 days 01:09:49.928000,0 days 01:10:19.193000,262.0,221.0,,261.0,False,SOFT,8.0,False,Aston Martin,0 days 01:08:46.680000,2026-07-24 12:25:42.273,1,,False,,False,False,92.513,92.513
177,0 days 00:15:31.064000,LEC,16,,1.0,1.0,0 days 00:13:38.278000,,,35.145,30.142,,0 days 00:15:01.278000,0 days 00:15:31.231000,245.0,213.0,257.0,,False,MEDIUM,1.0,True,Ferrari,0 days 00:13:38.278000,2026-07-24 11:30:33.871,1,,False,,False,False,,
178,0 days 00:16:53.769000,LEC,16,0 days 00:01:22.705000,2.0,1.0,,,29.163,30.244,23.298,0 days 00:16:00.227000,0 days 00:16:30.471000,0 days 00:16:53.769000,291.0,239.0,242.0,314.0,True,MEDIUM,2.0,True,Ferrari,0 days 00:15:31.064000,2026-07-24 11:32:26.657,1,,False,,False,True,82.705,82.705
179,0 days 00:18:46.015000,LEC,16,0 days 00:01:52.246000,3.0,1.0,,,44.9,41.369,25.977,0 days 00:17:38.669000,0 days 00:18:20.038000,0 days 00:18:46.015000,178.0,175.0,259.0,208.0,False,MEDIUM,3.0,True,Ferrari,0 days 00:16:53.769000,2026-07-24 11:33:49.362,1,,False,,False,True,112.246,112.24600000000001
180,0 days 00:20:06.899000,LEC,16,0 days 00:01:20.884000,4.0,1.0,,,28.554,29.452,22.878,0 days 00:19:14.569000,0 days 00:19:44.021000,0 days 00:20:06.899000,294.0,245.0,243.0,315.0,True,MEDIUM,4.0,True,Ferrari,0 days 00:18:46.015000,2026-07-24 11:35:41.608,1,,False,,False,True,80.884,80.884
181,0 days 00:21:59.493000,LEC,16,0 days 00:01:52.594000,5.0,1.0,,,42.753,42.791,27.05,0 days 00:20:49.652000,0 days 00:21:32.443000,0 days 00:21:59.493000,162.0,160.0,260.0,199.0,False,MEDIUM,5.0,True,Ferrari,0 days 00:20:06.899000,2026-07-24 11:37:02.492,1,,False,,False,True,112.594,112.594
182,0 days 00:23:26.148000,LEC,16,0 days 00:01:26.655000,6.0,1.0,,,28.475,29.43,28.75,0 days 00:22:27.968000,0 days 00:22:57.398000,0 days 00:23:26.148000,293.0,246.0,202.0,315.0,False,MEDIUM,6.0,True,Ferrari,0 days 00:21:59.493000,2026-07-24 11:38:55.086,1,,False,,False,True,86.655,86.655
183,0 days 00:25:22.432000,LEC,16,0 days 00:01:56.284000,7.0,1.0,,,46.559,44.451,25.274,0 days 00:24:12.707000,0 days 00:24:57.158000,0 days 00:25:22.432000,121.0,211.0,260.0,181.0,False,MEDIUM,7.0,True,Ferrari,0 days 00:23:26.148000,2026-07-24 11:40:21.741,1,,False,,False,True,116.284,116.28399999999999
184,0 days 00:26:42.719000,LEC,16,0 days 00:01:20.287000,8.0,1.0,,,28.233,29.137,22.917,0 days 00:25:50.665000,0 days 00:26:19.802000,0 days 00:26:42.719000,297.0,249.0,246.0,317.0,True,MEDIUM,8.0,True,Ferrari,0 days 00:25:22.432000,2026-07-24 11:42:18.025,1,,False,,False,True,80.287,80.287
185,0 days 00:28:34.082000,LEC,16,0 days 00:01:51.363000,9.0,1.0,,0 days 00:28:32.358000,41.26,36.606,33.497,0 days 00:27:23.979000,0 days 00:28:00.585000,0 days 00:28:34.082000,188.0,199.0,,210.0,False,MEDIUM,9.0,True,Ferrari,0 days 00:26:42.719000,2026-07-24 11:43:38.312,1,,False,,False,False,111.363,111.363
186,0 days 00:30:48.774000,LEC,16,0 days 00:02:14.692000,10.0,2.0,0 days 00:28:52.061000,,71.623,34.422,28.647,0 days 00:29:45.705000,0 days 00:30:20.127000,0 days 00:30:48.774000,241.0,217.0,260.0,210.0,False,MEDIUM,10.0,False,Ferrari,0 days 00:28:34.082000,2026-07-24 11:45:29.675,1,,False,,False,False,134.692,134.692
187,0 days 00:32:17.295000,LEC,16,0 days 00:01:28.521000,11.0,2.0,,,28.279,32.003,28.239,0 days 00:31:17.053000,0 days 00:31:49.056000,0 days 00:32:17.295000,295.0,179.0,261.0,316.0,False,MEDIUM,11.0,False,Ferrari,0 days 00:30:48.774000,2026-07-24 11:47:44.367,1,,False,,False,True,88.521,88.521
188,0 days 00:33:44.801000,LEC,16,0 days 00:01:27.506000,12.0,2.0,,0 days 00:33:43.174000,28.255,29.183,30.068,0 days 00:32:45.550000,0 days 00:33:14.733000,0 days 00:33:44.801000,296.0,252.0,,315.0,False,MEDIUM,12.0,False,Ferrari,0 days 00:32:17.295000,2026-07-24 11:49:12.888,1,,False,,False,False,87.506,87.506
189,0 days 00:45:48.258000,LEC,16,,13.0,3.0,0 days 00:44:16.722000,,,33.551,26.216,,0 days 00:45:22.283000,0 days 00:45:48.330000,258.0,148.0,263.0,315.0,False,SOFT,1.0,True,Ferrari,0 days 00:33:44.801000,2026-07-24 11:50:40.394,1,,False,,False,False,,
190,0 days 00:47:07.333000,LEC,16,0 days 00:01:19.075000,14.0,3.0,,,27.846,28.625,22.604,0 days 00:46:16.104000,0 days 00:46:44.729000,0 days 00:47:07.333000,297.0,252.0,256.0,318.0,True,SOFT,2.0,True,Ferrari,0 days 00:45:48.258000,2026-07-24 12:02:43.851,1,,False,,False,True,79.075,79.075
191,0 days 00:48:57.994000,LEC,16,0 days 00:01:50.661000,15.0,3.0,,0 days 00:48:56.267000,38.546,39.188,32.927,0 days 00:47:45.879000,0 days 00:48:25.067000,0 days 00:48:57.994000,186.0,180.0,,222.0,False,SOFT,3.0,True,Ferrari,0 days 00:47:07.333000,2026-07-24 12:04:02.926,1,,False,,False,False,110.661,110.661
192,0 days 01:00:11.545000,LEC,16,,16.0,4.0,0 days 00:49:14.314000,0 days 00:51:44.348000,,,,,,,,,,,False,SOFT,4.0,False,Ferrari,0 days 00:48:57.994000,2026-07-24 12:05:53.587,125,,False,,False,False,,
193,0 days 01:02:01.842000,LEC,16,,17.0,5.0,0 days 01:00:11.545000,,,31.556,23.948,,0 days 01:01:38.151000,0 days 01:02:01.842000,282.0,232.0,257.0,222.0,False,SOFT,5.0,False,Ferrari,0 days 01:00:11.545000,2026-07-24 12:17:07.138,1,,False,,False,False,,
194,0 days 01:03:27.508000,LEC,16,0 days 00:01:25.666000,18.0,5.0,,,30.831,30.93,23.905,0 days 01:02:32.673000,0 days 01:03:03.603000,0 days 01:03:27.508000,280.0,236.0,256.0,312.0,False,SOFT,6.0,False,Ferrari,0 days 01:02:01.842000,2026-07-24 12:18:57.435,12,,False,,False,True,85.666,85.666
195,0 days 01:05:18.743000,LEC,16,,19.0,5.0,,0 days 01:05:18.743000,28.905,30.547,,0 days 01:03:56.542000,0 days 01:04:27.190000,,279.0,238.0,,310.0,False,SOFT,7.0,False,Ferrari,0 days 01:03:27.508000,2026-07-24 12:20:23.101,1,,False,,False,False,,
196,0 days 00:15:54.504000,STR,18,,1.0,1.0,0 days 00:13:50.675000,,,34.034,28.954,,0 days 00:15:25.789000,0 days 00:15:54.690000,241.0,216.0,249.0,,False,HARD,1.0,True,Aston Martin,0 days 00:13:50.675000,2026-07-24 11:30:46.268,1,,False,,False,False,,
197,0 days 00:17:18.899000,STR,18,0 days 00:01:24.395000,2.0,1.0,,,29.963,30.879,23.553,0 days 00:16:24.467000,0 days 00:16:55.346000,0 days 00:17:18.899000,283.0,236.0,258.0,302.0,True,HARD,2.0,True,Aston Martin,0 days 00:15:54.504000,2026-07-24 11:32:50.097,1,,False,,False,True,84.395,84.395
198,0 days 00:19:12.293000,STR,18,0 days 00:01:53.394000,3.0,1.0,,,39.123,41.322,32.949,0 days 00:17:58.022000,0 days 00:18:39.344000,0 days 00:19:12.293000,228.0,210.0,248.0,243.0,False,HARD,3.0,True,Aston Martin,0 days 00:17:18.899000,2026-07-24 11:34:14.492,1,,False,,False,True,113.394,113.39399999999999
199,0 days 00:20:35.764000,STR,18,0 days 00:01:23.471000,4.0,1.0,,,29.636,30.353,23.482,0 days 00:19:41.929000,0 days 00:20:12.282000,0 days 00:20:35.764000,275.0,236.0,256.0,301.0,True,HARD,4.0,True,Aston Martin,0 days 00:19:12.293000,2026-07-24 11:36:07.886,1,,False,,False,True,83.471,83.471
200,0 days 00:22:35.588000,STR,18,0 days 00:01:59.824000,5.0,1.0,,0 days 00:22:33.764000,39.626,46.884,33.314,0 days 00:21:15.390000,0 days 00:22:02.274000,0 days 00:22:35.588000,177.0,188.0,,268.0,False,HARD,5.0,True,Aston Martin,0 days 00:20:35.764000,2026-07-24 11:37:31.357,1,,False,,False,False,119.824,119.82399999999998
201,0 days 00:25:25.168000,STR,18,,6.0,2.0,0 days 00:23:43.845000,,,35.463,27.367,,0 days 00:24:58.140000,0 days 00:25:25.232000,217.0,218.0,246.0,268.0,False,HARD,6.0,False,Aston Martin,0 days 00:22:35.588000,2026-07-24 11:39:31.181,1,,False,,False,False,,
202,0 days 00:26:51.028000,STR,18,0 days 00:01:25.860000,7.0,2.0,,,30.241,31.498,24.121,0 days 00:25:55.409000,0 days 00:26:26.907000,0 days 00:26:51.028000,265.0,231.0,253.0,301.0,False,HARD,7.0,False,Aston Martin,0 days 00:25:25.168000,2026-07-24 11:42:20.761,1,,False,,False,True,85.86,85.86
203,0 days 00:28:16.026000,STR,18,0 days 00:01:24.998000,8.0,2.0,,,29.739,31.214,24.045,0 days 00:27:20.767000,0 days 00:27:51.981000,0 days 00:28:16.026000,266.0,233.0,256.0,298.0,False,HARD,8.0,False,Aston Martin,0 days 00:26:51.028000,2026-07-24 11:43:46.621,1,,False,,False,True,84.998,84.998
204,0 days 00:30:06.407000,STR,18,0 days 00:01:50.381000,9.0,2.0,,0 days 00:30:04.607000,36.137,39.896,34.348,0 days 00:28:52.163000,0 days 00:29:32.059000,0 days 00:30:06.407000,226.0,149.0,,303.0,False,HARD,9.0,False,Aston Martin,0 days 00:28:16.026000,2026-07-24 11:45:11.619,1,,False,,False,False,110.381,110.381
205,0 days 00:49:02.844000,STR,18,,10.0,3.0,0 days 00:47:31.447000,,,32.583,26.693,,0 days 00:48:36.168000,0 days 00:49:02.844000,261.0,227.0,250.0,303.0,False,HARD,10.0,False,Aston Martin,0 days 00:30:06.407000,2026-07-24 11:47:02.000,1,,False,,False,False,,
206,0 days 00:54:43.751000,STR,18,,11.0,3.0,,0 days 00:54:43.751000,,,,,,,,,,302.0,False,HARD,11.0,False,Aston Martin,0 days 00:49:02.844000,2026-07-24 12:05:58.437,125,,False,,False,False,,
207,0 days 00:15:38.451000,ALB,23,,1.0,1.0,0 days 00:13:42.431000,,,37.466,28.917,,0 days 00:15:09.802000,0 days 00:15:38.675000,258.0,218.0,262.0,,False,MEDIUM,1.0,True,Williams,0 days 00:13:42.431000,2026-07-24 11:30:38.024,1,,False,,False,False,,
208,0 days 00:17:04.423000,ALB,23,0 days 00:01:25.972000,2.0,1.0,,,30.263,31.562,24.147,0 days 00:16:08.714000,0 days 00:16:40.276000,0 days 00:17:04.423000,291.0,237.0,256.0,321.0,True,MEDIUM,2.0,True,Williams,0 days 00:15:38.451000,2026-07-24 11:32:34.044,1,,False,,False,True,85.972,85.97200000000001
209,0 days 00:18:57.274000,ALB,23,0 days 00:01:52.851000,3.0,1.0,,,46.175,40.293,26.383,0 days 00:17:50.598000,0 days 00:18:30.891000,0 days 00:18:57.274000,187.0,220.0,260.0,235.0,False,MEDIUM,3.0,True,Williams,0 days 00:17:04.423000,2026-07-24 11:34:00.016,1,,False,,False,True,112.851,112.85099999999998
210,0 days 00:20:21.875000,ALB,23,0 days 00:01:24.601000,4.0,1.0,,,29.686,30.885,24.03,0 days 00:19:26.960000,0 days 00:19:57.845000,0 days 00:20:21.875000,290.0,238.0,257.0,321.0,True,MEDIUM,4.0,True,Williams,0 days 00:18:57.274000,2026-07-24 11:35:52.867,1,,False,,False,True,84.601,84.601
211,0 days 00:22:14.075000,ALB,23,0 days 00:01:52.200000,5.0,1.0,,,44.192,41.286,26.722,0 days 00:21:06.067000,0 days 00:21:47.353000,0 days 00:22:14.075000,169.0,194.0,262.0,240.0,False,MEDIUM,5.0,True,Williams,0 days 00:20:21.875000,2026-07-24 11:37:17.468,1,,False,,False,True,112.2,112.20000000000002
212,0 days 00:23:37.753000,ALB,23,0 days 00:01:23.678000,6.0,1.0,,,29.125,30.647,23.906,0 days 00:22:43.200000,0 days 00:23:13.847000,0 days 00:23:37.753000,287.0,239.0,259.0,321.0,True,MEDIUM,6.0,True,Williams,0 days 00:22:14.075000,2026-07-24 11:39:09.668,1,,False,,False,True,83.678,83.678
213,0 days 00:25:35.505000,ALB,23,0 days 00:01:57.752000,7.0,1.0,,0 days 00:25:33.731000,41.34,45.817,30.595,0 days 00:24:19.093000,0 days 00:25:04.910000,0 days 00:25:35.505000,115.0,200.0,,293.0,False,MEDIUM,7.0,True,Williams,0 days 00:23:37.753000,2026-07-24 11:40:33.346,1,,False,,False,False,117.752,117.75200000000001
214,0 days 00:34:23.870000,ALB,23,,8.0,2.0,0 days 00:32:44.518000,,,40.528,27.311,,0 days 00:33:56.815000,0 days 00:34:23.945000,272.0,217.0,262.0,293.0,False,MEDIUM,8.0,False,Williams,0 days 00:25:35.505000,2026-07-24 11:42:31.098,1,,False,,False,False,,
215,0 days 00:35:46.876000,ALB,23,0 days 00:01:23.006000,9.0,2.0,,,28.823,30.22,23.963,0 days 00:34:52.693000,0 days 00:35:22.913000,0 days 00:35:46.876000,291.0,240.0,254.0,319.0,True,MEDIUM,9.0,False,Williams,0 days 00:34:23.870000,2026-07-24 11:51:19.463,1,,False,,False,True,83.006,83.006
216,0 days 00:37:45.006000,ALB,23,0 days 00:01:58.130000,10.0,2.0,,,45.634,44.555,27.941,0 days 00:36:32.510000,0 days 00:37:17.065000,0 days 00:37:45.006000,160.0,174.0,260.0,250.0,False,MEDIUM,10.0,False,Williams,0 days 00:35:46.876000,2026-07-24 11:52:42.469,1,,False,,False,True,118.13,118.13
217,0 days 00:39:30.453000,ALB,23,0 days 00:01:45.447000,11.0,2.0,,0 days 00:39:28.493000,35.914,36.849,32.684,0 days 00:38:20.920000,0 days 00:38:57.769000,0 days 00:39:30.453000,202.0,199.0,,318.0,False,MEDIUM,11.0,False,Williams,0 days 00:37:45.006000,2026-07-24 11:54:40.599,1,,False,,False,False,105.447,105.447
218,0 days 00:45:32.357000,ALB,23,,12.0,3.0,0 days 00:44:00.517000,,,34.164,25.756,,0 days 00:45:06.881000,0 days 00:45:32.533000,266.0,213.0,264.0,318.0,False,SOFT,1.0,True,Williams,0 days 00:39:30.453000,2026-07-24 11:56:26.046,1,,False,,False,False,,
219,0 days 00:46:54.176000,ALB,23,0 days 00:01:21.819000,13.0,3.0,,,28.505,29.742,23.572,0 days 00:46:00.862000,0 days 00:46:30.604000,0 days 00:46:54.176000,291.0,244.0,256.0,320.0,True,SOFT,2.0,True,Williams,0 days 00:45:32.357000,2026-07-24 12:02:27.950,1,,False,,False,True,81.819,81.819
220,0 days 00:48:59.887000,ALB,23,0 days 00:02:05.711000,14.0,3.0,,,47.833,46.427,31.451,0 days 00:47:42.009000,0 days 00:48:28.436000,0 days 00:48:59.887000,140.0,168.0,197.0,222.0,False,SOFT,3.0,True,Williams,0 days 00:46:54.176000,2026-07-24 12:03:49.769,1,,False,,False,True,125.711,125.71099999999998
221,0 days 00:57:16.521000,ALB,23,,15.0,3.0,,0 days 00:50:55.936000,39.976,,,0 days 00:49:40.153000,,,230.0,,,252.0,False,SOFT,4.0,True,Williams,0 days 00:48:59.887000,2026-07-24 12:05:55.480,125,,False,,False,False,,
222,0 days 00:58:50.925000,ALB,23,,16.0,4.0,0 days 00:57:16.521000,,,33.491,29.979,,0 days 00:58:21.158000,0 days 00:58:51.031000,285.0,224.0,265.0,252.0,False,SOFT,5.0,False,Williams,0 days 00:57:16.521000,2026-07-24 12:14:12.114,1,,False,,False,False,,
223,0 days 01:00:22.561000,ALB,23,0 days 00:01:31.636000,17.0,4.0,,0 days 01:00:20.765000,28.577,31.627,31.432,0 days 00:59:19.502000,0 days 00:59:51.129000,0 days 01:00:22.561000,288.0,186.0,,322.0,False,SOFT,6.0,False,Williams,0 days 00:58:50.925000,2026-07-24 12:15:46.518,1,,False,,False,False,91.636,91.636
224,0 days 01:02:15.877000,ALB,23,0 days 00:01:53.316000,18.0,5.0,0 days 01:00:45.482000,,53.676,35.38,24.26,0 days 01:01:16.237000,0 days 01:01:51.617000,0 days 01:02:15.877000,260.0,233.0,262.0,322.0,False,SOFT,7.0,False,Williams,0 days 01:00:22.561000,2026-07-24 12:17:18.154,12,,False,,False,False,113.316,113.31600000000002
225,0 days 01:03:41.502000,ALB,23,0 days 00:01:25.625000,19.0,5.0,,,29.938,31.465,24.222,0 days 01:02:45.815000,0 days 01:03:17.280000,0 days 01:03:41.502000,284.0,233.0,260.0,317.0,False,SOFT,8.0,False,Williams,0 days 01:02:15.877000,2026-07-24 12:19:11.470,21,,False,,False,True,85.625,85.625
226,0 days 01:05:05.458000,ALB,23,0 days 00:01:23.956000,20.0,5.0,,,28.964,30.943,24.049,0 days 01:04:10.466000,0 days 01:04:41.409000,0 days 01:05:05.458000,282.0,232.0,262.0,316.0,False,SOFT,9.0,False,Williams,0 days 01:03:41.502000,2026-07-24 12:20:37.095,1,,False,,False,True,83.956,83.95599999999999
227,0 days 01:06:30.091000,ALB,23,0 days 00:01:24.633000,21.0,5.0,,,29.145,31.27,24.218,0 days 01:05:34.603000,0 days 01:06:05.873000,0 days 01:06:30.091000,280.0,237.0,260.0,317.0,False,SOFT,10.0,False,Williams,0 days 01:05:05.458000,2026-07-24 12:22:01.051,1,,False,,False,True,84.633,84.633
228,0 days 01:07:54.477000,ALB,23,0 days 00:01:24.386000,22.0,5.0,,,29.104,30.921,24.361,0 days 01:06:59.195000,0 days 01:07:30.116000,0 days 01:07:54.477000,282.0,234.0,260.0,318.0,False,SOFT,11.0,False,Williams,0 days 01:06:30.091000,2026-07-24 12:23:25.684,1,,False,,False,True,84.386,84.386
229,0 days 01:09:23.748000,ALB,23,0 days 00:01:29.271000,23.0,5.0,,,32.411,32.295,24.565,0 days 01:08:26.888000,0 days 01:08:59.183000,0 days 01:09:23.748000,265.0,232.0,259.0,316.0,False,SOFT,12.0,False,Williams,0 days 01:07:54.477000,2026-07-24 12:24:50.070,1,,True,TRACK LIMITS AT TURN 2 LAP 24 ,False,True,89.271,89.271
230,0 days 01:10:48.301000,ALB,23,0 days 00:01:24.553000,24.0,5.0,,,29.273,30.995,24.285,0 days 01:09:53.021000,0 days 01:10:24.016000,0 days 01:10:48.301000,286.0,235.0,260.0,314.0,False,SOFT,13.0,False,Williams,0 days 01:09:23.748000,2026-07-24 12:26:19.341,1,,False,,False,True,84.553,84.553
231,0 days 01:12:17.524000,ALB,23,0 days 00:01:29.223000,25.0,5.0,,,29.24,31.321,28.662,0 days 01:11:17.541000,0 days 01:11:48.862000,0 days 01:12:17.524000,286.0,234.0,260.0,315.0,False,SOFT,14.0,False,Williams,0 days 01:10:48.301000,2026-07-24 12:27:43.894,1,,False,,False,True,89.223,89.223
232,0 days 01:13:42.092000,ALB,23,0 days 00:01:24.568000,26.0,5.0,,,29.2,31.08,24.288,0 days 01:12:46.724000,0 days 01:13:17.804000,0 days 01:13:42.092000,286.0,233.0,260.0,317.0,False,SOFT,15.0,False,Williams,0 days 01:12:17.524000,2026-07-24 12:29:13.117,1,,False,,False,True,84.568,84.568
233,0 days 01:16:13.672000,ALB,23,,27.0,5.0,,,35.457,41.284,74.762,0 days 01:14:17.679000,0 days 01:14:58.961000,0 days 01:16:13.672000,196.0,143.0,3.0,316.0,False,SOFT,16.0,False,Williams,0 days 01:13:42.092000,2026-07-24 12:30:37.685,1,,False,,False,False,,151.503
234,0 days 01:17:53.691000,ALB,23,0 days 00:01:40.019000,28.0,5.0,,0 days 01:17:51.649000,35.406,32.045,32.568,0 days 01:16:49.078000,0 days 01:17:21.123000,0 days 01:17:53.691000,277.0,233.0,,269.0,False,SOFT,17.0,False,Williams,0 days 01:16:13.672000,2026-07-24 12:33:09.265,1,,False,,False,False,100.019,100.01899999999999
235,0 days 00:15:13.778000,HER,25,,1.0,1.0,0 days 00:13:18.484000,,,42.682,30.499,,0 days 00:14:43.535000,0 days 00:15:13.911000,180.0,197.0,242.0,,False,HARD,1.0,True,Cadillac,0 days 00:13:18.484000,2026-07-24 11:30:14.077,1,,False,,False,False,,
236,0 days 00:16:45.212000,HER,25,0 days 00:01:31.434000,2.0,1.0,,,30.728,33.377,27.329,0 days 00:15:44.506000,0 days 00:16:17.883000,0 days 00:16:45.212000,267.0,232.0,247.0,291.0,True,HARD,2.0,True,Cadillac,0 days 00:15:13.778000,2026-07-24 11:32:09.371,1,,False,,False,True,91.434,91.434
237,0 days 00:18:11.652000,HER,25,0 days 00:01:26.440000,3.0,1.0,,,30.256,32.152,24.032,0 days 00:17:15.468000,0 days 00:17:47.620000,0 days 00:18:11.652000,273.0,234.0,258.0,288.0,True,HARD,3.0,True,Cadillac,0 days 00:16:45.212000,2026-07-24 11:33:40.805,1,,False,,False,True,86.44,86.44
238,0 days 00:19:38.809000,HER,25,0 days 00:01:27.157000,4.0,1.0,,,29.782,33.089,24.286,0 days 00:18:41.434000,0 days 00:19:14.523000,0 days 00:19:38.809000,266.0,231.0,260.0,313.0,False,HARD,4.0,True,Cadillac,0 days 00:18:11.652000,2026-07-24 11:35:07.245,1,,True,TRACK LIMITS AT TURN 7 LAP 5 ,False,True,87.157,87.157
239,0 days 00:21:38.268000,HER,25,0 days 00:01:59.459000,5.0,1.0,,,40.323,46.997,32.139,0 days 00:20:19.132000,0 days 00:21:06.129000,0 days 00:21:38.268000,160.0,148.0,249.0,298.0,False,HARD,5.0,True,Cadillac,0 days 00:19:38.809000,2026-07-24 11:36:34.402,1,,False,,False,True,119.459,119.459
240,0 days 00:23:36.815000,HER,25,0 days 00:01:58.547000,6.0,1.0,,,38.405,43.922,36.22,0 days 00:22:16.673000,0 days 00:23:00.595000,0 days 00:23:36.815000,173.0,182.0,255.0,313.0,False,HARD,6.0,True,Cadillac,0 days 00:21:38.268000,2026-07-24 11:38:33.861,1,,True,TRACK LIMITS AT TURN 1 LAP 7 ,False,True,118.547,118.547
241,0 days 00:25:02.431000,HER,25,0 days 00:01:25.616000,7.0,1.0,,,29.708,31.913,23.995,0 days 00:24:06.523000,0 days 00:24:38.436000,0 days 00:25:02.431000,283.0,234.0,253.0,315.0,True,HARD,7.0,True,Cadillac,0 days 00:23:36.815000,2026-07-24 11:40:32.408,1,,False,,False,True,85.616,85.616
242,0 days 00:27:07.278000,HER,25,0 days 00:02:04.847000,8.0,1.0,,,45.152,47.08,32.615,0 days 00:25:47.583000,0 days 00:26:34.663000,0 days 00:27:07.278000,129.0,145.0,255.0,206.0,False,HARD,8.0,True,Cadillac,0 days 00:25:02.431000,2026-07-24 11:41:58.024,1,,False,,False,True,124.847,124.84700000000001
243,0 days 00:28:32.121000,HER,25,0 days 00:01:24.843000,9.0,1.0,,,29.246,31.537,24.06,0 days 00:27:36.524000,0 days 00:28:08.061000,0 days 00:28:32.121000,288.0,238.0,257.0,315.0,True,HARD,9.0,True,Cadillac,0 days 00:27:07.278000,2026-07-24 11:44:02.871,1,,False,,False,True,84.843,84.843
244,0 days 00:30:35.528000,HER,25,0 days 00:02:03.407000,10.0,1.0,,,46.439,46.302,30.666,0 days 00:29:18.560000,0 days 00:30:04.862000,0 days 00:30:35.528000,140.0,155.0,257.0,204.0,False,HARD,10.0,True,Cadillac,0 days 00:28:32.121000,2026-07-24 11:45:27.714,1,,False,,False,True,123.407,123.407
245,0 days 00:32:01.302000,HER,25,0 days 00:01:25.774000,11.0,1.0,,,30.091,31.717,23.966,0 days 00:31:05.619000,0 days 00:31:37.336000,0 days 00:32:01.302000,284.0,231.0,260.0,315.0,False,HARD,11.0,True,Cadillac,0 days 00:30:35.528000,2026-07-24 11:47:31.121,1,,False,,False,True,85.774,85.774
246,0 days 00:33:54.708000,HER,25,0 days 00:01:53.406000,12.0,1.0,,0 days 00:33:52.924000,36.278,43.044,34.084,0 days 00:32:37.580000,0 days 00:33:20.624000,0 days 00:33:54.708000,231.0,208.0,,286.0,False,HARD,12.0,True,Cadillac,0 days 00:32:01.302000,2026-07-24 11:48:56.895,1,,False,,False,False,113.406,113.406
247,0 days 00:43:54.649000,HER,25,,13.0,2.0,0 days 00:41:58.661000,,,42.88,30.621,,0 days 00:43:24.264000,0 days 00:43:54.790000,181.0,181.0,259.0,286.0,False,SOFT,1.0,True,Cadillac,0 days 00:33:54.708000,2026-07-24 11:50:50.301,1,,False,,False,False,,
248,0 days 00:45:17.767000,HER,25,0 days 00:01:23.118000,14.0,2.0,,,28.944,30.707,23.467,0 days 00:44:23.593000,0 days 00:44:54.300000,0 days 00:45:17.767000,287.0,241.0,260.0,318.0,True,SOFT,2.0,True,Cadillac,0 days 00:43:54.649000,2026-07-24 12:00:50.242,1,,False,,False,True,83.118,83.118
249,0 days 00:47:24.666000,HER,25,0 days 00:02:06.899000,15.0,2.0,,,44.882,48.393,33.624,0 days 00:46:02.649000,0 days 00:46:51.042000,0 days 00:47:24.666000,138.0,169.0,162.0,221.0,False,SOFT,3.0,True,Cadillac,0 days 00:45:17.767000,2026-07-24 12:02:13.360,1,,False,,False,True,126.899,126.899
250,0 days 00:49:29.402000,HER,25,0 days 00:02:04.736000,16.0,2.0,,,43.779,50.273,30.684,0 days 00:48:08.445000,0 days 00:48:58.718000,0 days 00:49:29.402000,173.0,191.0,259.0,187.0,False,SOFT,4.0,True,Cadillac,0 days 00:47:24.666000,2026-07-24 12:04:20.259,1,,False,,False,True,124.736,124.736
251,0 days 00:56:17.746000,HER,25,,17.0,2.0,,0 days 00:51:36.279000,35.373,,,0 days 00:50:05.076000,,,149.0,,,316.0,False,SOFT,5.0,True,Cadillac,0 days 00:49:29.402000,2026-07-24 12:06:24.995,125,,False,,False,False,,
252,0 days 00:58:02.615000,HER,25,,18.0,3.0,0 days 00:56:17.746000,,,36.401,27.242,,0 days 00:57:35.545000,0 days 00:58:02.615000,215.0,210.0,255.0,316.0,False,SOFT,6.0,False,Cadillac,0 days 00:56:17.746000,2026-07-24 12:13:13.339,1,,False,,False,False,,
253,0 days 00:59:26.154000,HER,25,0 days 00:01:23.539000,19.0,3.0,,,29.267,30.743,23.529,0 days 00:58:31.882000,0 days 00:59:02.625000,0 days 00:59:26.154000,288.0,233.0,262.0,315.0,False,SOFT,7.0,False,Cadillac,0 days 00:58:02.615000,2026-07-24 12:14:58.208,1,,False,,False,True,83.539,83.539
254,0 days 01:01:04.445000,HER,25,0 days 00:01:38.291000,20.0,3.0,,0 days 01:01:02.639000,32.559,34.665,31.067,0 days 00:59:58.713000,0 days 01:00:33.378000,0 days 01:01:04.445000,199.0,217.0,,259.0,False,SOFT,8.0,False,Cadillac,0 days 00:59:26.154000,2026-07-24 12:16:21.747,1,,False,,False,False,98.291,98.291
255,0 days 01:06:34.874000,HER,25,,21.0,4.0,0 days 01:04:32.930000,,,40.913,25.021,,0 days 01:06:10.143000,0 days 01:06:34.946000,218.0,223.0,254.0,259.0,False,SOFT,9.0,False,Cadillac,0 days 01:01:04.445000,2026-07-24 12:18:00.038,12,,False,,False,False,,
256,0 days 01:08:01.843000,HER,25,0 days 00:01:26.969000,22.0,4.0,,,30.164,32.209,24.596,0 days 01:07:05.038000,0 days 01:07:37.247000,0 days 01:08:01.843000,271.0,228.0,255.0,309.0,False,SOFT,10.0,False,Cadillac,0 days 01:06:34.874000,2026-07-24 12:23:30.467,1,,False,,False,True,86.969,86.96900000000001
257,0 days 01:09:28.361000,HER,25,0 days 00:01:26.518000,23.0,4.0,,,29.825,32.037,24.656,0 days 01:08:31.668000,0 days 01:09:03.705000,0 days 01:09:28.361000,272.0,229.0,254.0,308.0,False,SOFT,11.0,False,Cadillac,0 days 01:08:01.843000,2026-07-24 12:24:57.436,1,,False,,False,True,86.518,86.518
258,0 days 01:10:55.497000,HER,25,0 days 00:01:27.136000,24.0,4.0,,,30.19,32.047,24.899,0 days 01:09:58.551000,0 days 01:10:30.598000,0 days 01:10:55.497000,271.0,230.0,253.0,307.0,False,SOFT,12.0,False,Cadillac,0 days 01:09:28.361000,2026-07-24 12:26:23.954,1,,False,,False,True,87.136,87.136
259,0 days 01:12:22.845000,HER,25,0 days 00:01:27.348000,25.0,4.0,,,30.299,32.171,24.878,0 days 01:11:25.796000,0 days 01:11:57.967000,0 days 01:12:22.845000,270.0,230.0,252.0,307.0,False,SOFT,13.0,False,Cadillac,0 days 01:10:55.497000,2026-07-24 12:27:51.090,1,,False,,False,True,87.348,87.348
260,0 days 01:13:50.189000,HER,25,0 days 00:01:27.344000,26.0,4.0,,,30.428,32.14,24.776,0 days 01:12:53.273000,0 days 01:13:25.413000,0 days 01:13:50.189000,273.0,229.0,252.0,307.0,False,SOFT,14.0,False,Cadillac,0 days 01:12:22.845000,2026-07-24 12:29:18.438,1,,False,,False,True,87.344,87.344
261,0 days 01:16:01.253000,HER,25,0 days 00:02:11.064000,27.0,4.0,,,38.285,43.819,48.96,0 days 01:14:28.474000,0 days 01:15:12.293000,0 days 01:16:01.253000,172.0,164.0,29.0,285.0,False,SOFT,15.0,False,Cadillac,0 days 01:13:50.189000,2026-07-24 12:30:45.782,1,,False,,False,True,131.064,131.064
262,0 days 01:17:58.728000,HER,25,0 days 00:01:57.475000,28.0,4.0,,0 days 01:17:56.774000,49.279,33.88,34.316,0 days 01:16:50.532000,0 days 01:17:24.412000,0 days 01:17:58.728000,273.0,216.0,,258.0,False,SOFT,16.0,False,Cadillac,0 days 01:16:01.253000,2026-07-24 12:32:56.846,1,,False,,False,False,117.475,117.47500000000001
263,0 days 00:15:13.146000,HUL,27,,1.0,1.0,0 days 00:13:27.553000,0 days 00:15:11.373000,,36.746,32.784,,0 days 00:14:40.611000,0 days 00:15:13.210000,233.0,179.0,,,False,MEDIUM,1.0,True,Audi,0 days 00:13:27.553000,2026-07-24 11:30:23.146,1,,False,,False,False,,
264,0 days 00:17:32.849000,HUL,27,0 days 00:02:19.703000,2.0,2.0,0 days 00:15:48.246000,0 days 00:17:31.104000,71.593,37.184,30.926,0 days 00:16:24.739000,0 days 00:17:01.923000,0 days 00:17:32.849000,151.0,179.0,,,False,MEDIUM,2.0,False,Audi,0 days 00:15:13.146000,2026-07-24 11:32:08.739,1,,False,,False,False,139.703,139.703
265,0 days 00:24:53.168000,HUL,27,,3.0,3.0,0 days 00:23:00.631000,,,35.005,28.513,,0 days 00:24:24.846000,0 days 00:24:53.343000,241.0,215.0,262.0,,False,MEDIUM,3.0,False,Audi,0 days 00:17:32.849000,2026-07-24 11:34:28.442,1,,False,,False,False,,
266,0 days 00:26:15.610000,HUL,27,0 days 00:01:22.442000,4.0,3.0,,,28.727,30.318,23.397,0 days 00:25:21.895000,0 days 00:25:52.213000,0 days 00:26:15.610000,292.0,245.0,259.0,321.0,True,MEDIUM,4.0,False,Audi,0 days 00:24:53.168000,2026-07-24 11:41:48.761,1,,False,,False,True,82.442,82.44200000000001
267,0 days 00:28:07.130000,HUL,27,0 days 00:01:51.520000,5.0,3.0,,,42.153,43.131,26.236,0 days 00:26:57.763000,0 days 00:27:40.894000,0 days 00:28:07.130000,159.0,218.0,264.0,228.0,False,MEDIUM,5.0,False,Audi,0 days 00:26:15.610000,2026-07-24 11:43:11.203,1,,False,,False,True,111.52,111.52
268,0 days 00:29:28.634000,HUL,27,0 days 00:01:21.504000,6.0,3.0,,,28.477,29.823,23.204,0 days 00:28:35.607000,0 days 00:29:05.430000,0 days 00:29:28.634000,294.0,249.0,255.0,321.0,True,MEDIUM,6.0,False,Audi,0 days 00:28:07.130000,2026-07-24 11:45:02.723,1,,False,,False,True,81.504,81.50399999999999
269,0 days 00:31:22.014000,HUL,27,0 days 00:01:53.380000,7.0,3.0,,0 days 00:31:20.289000,35.339,44.143,33.898,0 days 00:30:03.973000,0 days 00:30:48.116000,0 days 00:31:22.014000,164.0,158.0,,278.0,False,MEDIUM,7.0,False,Audi,0 days 00:29:28.634000,2026-07-24 11:46:24.227,1,,False,,False,False,113.38,113.38
270,0 days 00:33:21.685000,HUL,27,0 days 00:01:59.671000,8.0,4.0,0 days 00:31:46.171000,,57.306,36.965,25.4,0 days 00:32:19.320000,0 days 00:32:56.285000,0 days 00:33:21.685000,203.0,220.0,264.0,278.0,False,MEDIUM,8.0,False,Audi,0 days 00:31:22.014000,2026-07-24 11:48:17.607,1,,False,,False,False,119.671,119.67099999999999
271,0 days 00:34:43.393000,HUL,27,0 days 00:01:21.708000,9.0,4.0,,,28.447,29.667,23.594,0 days 00:33:50.132000,0 days 00:34:19.799000,0 days 00:34:43.393000,298.0,249.0,256.0,319.0,False,MEDIUM,9.0,False,Audi,0 days 00:33:21.685000,2026-07-24 11:50:17.278,1,,False,,False,True,81.708,81.708
272,0 days 00:36:34.128000,HUL,27,0 days 00:01:50.735000,10.0,4.0,,0 days 00:36:32.418000,37.941,42.169,30.625,0 days 00:35:21.334000,0 days 00:36:03.503000,0 days 00:36:34.128000,167.0,179.0,,258.0,False,MEDIUM,10.0,False,Audi,0 days 00:34:43.393000,2026-07-24 11:51:38.986,1,,False,,False,False,110.735,110.735
273,0 days 00:43:26.368000,HUL,27,,11.0,5.0,0 days 00:41:52.815000,,,34.659,24.728,,0 days 00:43:02.012000,0 days 00:43:26.608000,243.0,221.0,266.0,258.0,False,SOFT,1.0,True,Audi,0 days 00:36:34.128000,2026-07-24 11:53:29.721,1,,False,,False,False,,
274,0 days 00:44:47.157000,HUL,27,0 days 00:01:20.789000,12.0,5.0,,,28.165,29.344,23.28,0 days 00:43:54.533000,0 days 00:44:23.877000,0 days 00:44:47.157000,300.0,250.0,256.0,323.0,True,SOFT,2.0,True,Audi,0 days 00:43:26.368000,2026-07-24 12:00:21.961,1,,False,,False,True,80.789,80.789
275,0 days 00:46:44.225000,HUL,27,0 days 00:01:57.068000,13.0,5.0,,,41.357,44.335,31.376,0 days 00:45:28.514000,0 days 00:46:12.849000,0 days 00:46:44.225000,144.0,158.0,224.0,218.0,False,SOFT,3.0,True,Audi,0 days 00:44:47.157000,2026-07-24 12:01:42.750,1,,False,,False,True,117.068,117.06800000000001
276,0 days 00:48:27.531000,HUL,27,0 days 00:01:43.306000,14.0,5.0,,,33.029,41.393,28.884,0 days 00:47:17.254000,0 days 00:47:58.647000,0 days 00:48:27.531000,171.0,166.0,265.0,307.0,False,SOFT,4.0,True,Audi,0 days 00:46:44.225000,2026-07-24 12:03:39.818,1,,False,,False,True,103.306,103.306
277,0 days 00:49:48.154000,HUL,27,0 days 00:01:20.623000,15.0,5.0,,,28.13,29.377,23.116,0 days 00:48:55.661000,0 days 00:49:25.038000,0 days 00:49:48.154000,296.0,250.0,256.0,319.0,True,SOFT,5.0,True,Audi,0 days 00:48:27.531000,2026-07-24 12:05:23.124,12,,False,,False,True,80.623,80.62299999999999
278,0 days 00:57:19.606000,HUL,27,,16.0,5.0,,0 days 00:52:00.889000,,,,,,,,,,208.0,False,SOFT,6.0,True,Audi,0 days 00:49:48.154000,2026-07-24 12:06:43.747,251,,False,,False,False,,
279,0 days 00:59:02.002000,HUL,27,,17.0,6.0,0 days 00:57:19.606000,,,32.274,24.182,,0 days 00:58:37.974000,0 days 00:59:02.109000,275.0,234.0,260.0,208.0,False,MEDIUM,11.0,False,Audi,0 days 00:57:19.606000,2026-07-24 12:14:15.199,1,,False,,False,False,,
280,0 days 01:00:26.334000,HUL,27,0 days 00:01:24.332000,18.0,6.0,,,29.316,30.929,24.087,0 days 00:59:31.318000,0 days 01:00:02.247000,0 days 01:00:26.334000,293.0,236.0,259.0,312.0,False,MEDIUM,12.0,False,Audi,0 days 00:59:02.002000,2026-07-24 12:15:57.595,1,,False,,False,True,84.332,84.332
281,0 days 01:01:50.951000,HUL,27,0 days 00:01:24.617000,19.0,6.0,,,29.29,31.119,24.208,0 days 01:00:55.624000,0 days 01:01:26.743000,0 days 01:01:50.951000,287.0,235.0,257.0,312.0,False,MEDIUM,13.0,False,Audi,0 days 01:00:26.334000,2026-07-24 12:17:21.927,1,,False,,False,True,84.617,84.61699999999999
282,0 days 01:03:16.103000,HUL,27,0 days 00:01:25.152000,20.0,6.0,,,29.394,31.248,24.51,0 days 01:02:20.345000,0 days 01:02:51.593000,0 days 01:03:16.103000,289.0,237.0,259.0,312.0,False,MEDIUM,14.0,False,Audi,0 days 01:01:50.951000,2026-07-24 12:18:46.544,12,,False,,False,True,85.152,85.152
283,0 days 01:04:42.352000,HUL,27,0 days 00:01:26.249000,21.0,6.0,,,29.671,31.481,25.097,0 days 01:03:45.774000,0 days 01:04:17.255000,0 days 01:04:42.352000,286.0,229.0,253.0,307.0,False,MEDIUM,15.0,False,Audi,0 days 01:03:16.103000,2026-07-24 12:20:11.696,1,,False,,False,True,86.249,86.249
284,0 days 01:06:08.878000,HUL,27,0 days 00:01:26.526000,22.0,6.0,,,30.176,31.509,24.841,0 days 01:05:12.528000,0 days 01:05:44.037000,0 days 01:06:08.878000,291.0,227.0,257.0,319.0,False,MEDIUM,16.0,False,Audi,0 days 01:04:42.352000,2026-07-24 12:21:37.945,1,,False,,False,True,86.526,86.52600000000001
285,0 days 01:07:34.884000,HUL,27,0 days 00:01:26.006000,23.0,6.0,,,29.707,31.443,24.856,0 days 01:06:38.585000,0 days 01:07:10.028000,0 days 01:07:34.884000,282.0,230.0,257.0,309.0,False,MEDIUM,17.0,False,Audi,0 days 01:06:08.878000,2026-07-24 12:23:04.471,1,,False,,False,True,86.006,86.006
286,0 days 01:09:01.508000,HUL,27,0 days 00:01:26.624000,24.0,6.0,,,29.812,31.743,25.069,0 days 01:08:04.696000,0 days 01:08:36.439000,0 days 01:09:01.508000,287.0,231.0,256.0,308.0,False,MEDIUM,18.0,False,Audi,0 days 01:07:34.884000,2026-07-24 12:24:30.477,1,,False,,False,True,86.624,86.624
287,0 days 01:10:27.668000,HUL,27,0 days 00:01:26.160000,25.0,6.0,,,29.679,31.598,24.883,0 days 01:09:31.187000,0 days 01:10:02.785000,0 days 01:10:27.668000,291.0,232.0,257.0,323.0,False,MEDIUM,19.0,False,Audi,0 days 01:09:01.508000,2026-07-24 12:25:57.101,1,,False,,False,True,86.16,86.16
288,0 days 01:11:57.090000,HUL,27,0 days 00:01:29.422000,26.0,6.0,,0 days 01:11:55.321000,30.085,31.617,27.72,0 days 01:10:57.753000,0 days 01:11:29.370000,0 days 01:11:57.090000,288.0,234.0,,305.0,False,MEDIUM,20.0,False,Audi,0 days 01:10:27.668000,2026-07-24 12:27:23.261,1,,False,,False,False,89.422,89.422
289,0 days 01:14:25.095000,HUL,27,0 days 00:02:28.005000,27.0,7.0,0 days 01:12:21.576000,,89.611,34.135,24.259,0 days 01:13:26.701000,0 days 01:14:00.836000,0 days 01:14:25.095000,214.0,232.0,258.0,305.0,False,SOFT,7.0,False,Audi,0 days 01:11:57.090000,2026-07-24 12:28:52.683,1,,False,,False,False,148.005,148.005
290,0 days 01:17:08.769000,HUL,27,,28.0,7.0,,,33.593,37.259,92.875,0 days 01:14:58.814000,0 days 01:15:36.216000,0 days 01:17:08.852000,193.0,211.0,164.0,309.0,False,SOFT,8.0,False,Audi,0 days 01:14:25.095000,2026-07-24 12:31:20.688,1,,False,,False,False,,163.727
291,0 days 01:18:52.357000,HUL,27,0 days 00:01:43.588000,29.0,7.0,,0 days 01:18:50.587000,33.122,39.169,31.297,0 days 01:17:41.891000,0 days 01:18:21.060000,0 days 01:18:52.357000,217.0,191.0,,280.0,False,SOFT,9.0,False,Audi,0 days 01:17:08.769000,2026-07-24 12:34:04.362,1,,False,,False,False,103.588,103.588
292,0 days 00:16:02.590000,LAW,30,,1.0,1.0,0 days 00:13:54.957000,,,34.972,25.792,,0 days 00:15:37.090000,0 days 00:16:02.814000,233.0,211.0,261.0,,False,MEDIUM,1.0,True,Racing Bulls,0 days 00:13:54.957000,2026-07-24 11:30:50.550,1,,False,,False,False,,
293,0 days 00:17:26.096000,LAW,30,0 days 00:01:23.506000,2.0,1.0,,,28.888,30.932,23.686,0 days 00:16:31.478000,0 days 00:17:02.410000,0 days 00:17:26.096000,298.0,249.0,236.0,320.0,False,MEDIUM,2.0,True,Racing Bulls,0 days 00:16:02.590000,2026-07-24 11:32:58.183,1,,True,TRACK LIMITS AT TURN 7 LAP 3 ,False,True,83.506,83.506
294,0 days 00:19:35.495000,LAW,30,0 days 00:02:09.399000,3.0,1.0,,,47.906,52.688,28.805,0 days 00:18:14.002000,0 days 00:19:06.690000,0 days 00:19:35.495000,147.0,194.0,262.0,194.0,True,MEDIUM,3.0,True,Racing Bulls,0 days 00:17:26.096000,2026-07-24 11:34:21.689,1,,False,,False,True,129.399,129.399
295,0 days 00:20:58.918000,LAW,30,0 days 00:01:23.423000,4.0,1.0,,,28.675,29.935,24.813,0 days 00:20:04.170000,0 days 00:20:34.105000,0 days 00:20:58.918000,299.0,251.0,211.0,323.0,True,MEDIUM,4.0,True,Racing Bulls,0 days 00:19:35.495000,2026-07-24 11:36:31.088,1,,False,,False,True,83.423,83.423
296,0 days 00:22:59.992000,LAW,30,0 days 00:02:01.074000,5.0,1.0,,0 days 00:22:58.304000,48.95,40.731,31.393,0 days 00:21:47.868000,0 days 00:22:28.599000,0 days 00:22:59.992000,152.0,189.0,,205.0,False,MEDIUM,5.0,True,Racing Bulls,0 days 00:20:58.918000,2026-07-24 11:37:54.511,1,,False,,False,False,121.074,121.07400000000001
297,0 days 00:25:08.062000,LAW,30,0 days 00:02:08.070000,6.0,2.0,0 days 00:23:27.703000,,67.078,35.171,25.821,0 days 00:24:07.070000,0 days 00:24:42.241000,0 days 00:25:08.062000,235.0,222.0,264.0,205.0,False,MEDIUM,6.0,False,Racing Bulls,0 days 00:22:59.992000,2026-07-24 11:39:55.585,1,,False,,False,False,128.07,128.07
298,0 days 00:26:30.071000,LAW,30,0 days 00:01:22.009000,7.0,2.0,,,28.563,29.975,23.471,0 days 00:25:36.625000,0 days 00:26:06.600000,0 days 00:26:30.071000,298.0,249.0,253.0,322.0,True,MEDIUM,7.0,False,Racing Bulls,0 days 00:25:08.062000,2026-07-24 11:42:03.655,1,,False,,False,True,82.009,82.009
299,0 days 00:28:37.284000,LAW,30,0 days 00:02:07.213000,8.0,2.0,,,51.49,43.434,32.289,0 days 00:27:21.561000,0 days 00:28:04.995000,0 days 00:28:37.284000,151.0,180.0,196.0,187.0,False,MEDIUM,8.0,False,Racing Bulls,0 days 00:26:30.071000,2026-07-24 11:43:25.664,1,,False,,False,True,127.213,127.21300000000001
300,0 days 00:30:16.862000,LAW,30,0 days 00:01:39.578000,9.0,2.0,,,36.458,36.709,26.411,0 days 00:29:13.742000,0 days 00:29:50.451000,0 days 00:30:16.862000,219.0,211.0,261.0,241.0,False,MEDIUM,9.0,False,Racing Bulls,0 days 00:28:37.284000,2026-07-24 11:45:32.877,1,,False,,False,True,99.578,99.578
301,0 days 00:31:38.319000,LAW,30,0 days 00:01:21.457000,10.0,2.0,,,28.483,29.591,23.383,0 days 00:30:45.345000,0 days 00:31:14.936000,0 days 00:31:38.319000,294.0,250.0,260.0,322.0,True,MEDIUM,10.0,False,Racing Bulls,0 days 00:30:16.862000,2026-07-24 11:47:12.455,1,,False,,False,True,81.457,81.457
302,0 days 00:33:20.540000,LAW,30,0 days 00:01:42.221000,11.0,2.0,,0 days 00:33:18.830000,35.149,35.745,31.327,0 days 00:32:13.468000,0 days 00:32:49.213000,0 days 00:33:20.540000,209.0,218.0,,243.0,False,MEDIUM,11.0,False,Racing Bulls,0 days 00:31:38.319000,2026-07-24 11:48:33.912,1,,False,,False,False,102.221,102.221
303,0 days 00:42:53.403000,LAW,30,,12.0,3.0,0 days 00:41:15.546000,,,36.077,25.09,,0 days 00:42:28.357000,0 days 00:42:53.478000,232.0,211.0,265.0,243.0,False,SOFT,1.0,True,Racing Bulls,0 days 00:33:20.540000,2026-07-24 11:50:16.133,1,,False,,False,False,,
304,0 days 00:44:14.269000,LAW,30,0 days 00:01:20.866000,13.0,3.0,,,28.201,29.385,23.28,0 days 00:43:21.604000,0 days 00:43:50.989000,0 days 00:44:14.269000,295.0,250.0,252.0,323.0,True,SOFT,2.0,True,Racing Bulls,0 days 00:42:53.403000,2026-07-24 11:59:48.996,1,,False,,False,True,80.866,80.866
305,0 days 00:46:02.902000,LAW,30,0 days 00:01:48.633000,14.0,3.0,,0 days 00:46:01.111000,36.624,38.526,33.483,0 days 00:44:50.893000,0 days 00:45:29.419000,0 days 00:46:02.902000,204.0,196.0,,204.0,False,SOFT,3.0,True,Racing Bulls,0 days 00:44:14.269000,2026-07-24 12:01:09.862,1,,False,,False,False,108.633,108.63300000000001
306,0 days 00:56:54.064000,LAW,30,,15.0,4.0,0 days 00:48:40.590000,0 days 00:50:28.732000,,38.071,,,0 days 00:49:56.574000,,220.0,205.0,,,False,SOFT,4.0,False,Racing Bulls,0 days 00:46:02.902000,2026-07-24 12:02:58.495,125,,False,,False,False,,
307,0 days 00:58:46.552000,LAW,30,,16.0,5.0,0 days 00:56:54.064000,,,32.964,25.236,,0 days 00:58:21.487000,0 days 00:58:46.664000,287.0,235.0,259.0,204.0,False,MEDIUM,12.0,False,Racing Bulls,0 days 00:56:54.064000,2026-07-24 12:13:49.657,1,,False,,False,False,,
308,0 days 01:00:13.896000,LAW,30,0 days 00:01:27.344000,17.0,5.0,,,30.194,32.276,24.874,0 days 00:59:16.746000,0 days 00:59:49.022000,0 days 01:00:13.896000,282.0,238.0,257.0,314.0,False,MEDIUM,13.0,False,Racing Bulls,0 days 00:58:46.552000,2026-07-24 12:15:42.145,1,,False,,False,True,87.344,87.344
309,0 days 01:01:40.854000,LAW,30,0 days 00:01:26.958000,18.0,5.0,,,29.964,32.089,24.905,0 days 01:00:43.860000,0 days 01:01:15.949000,0 days 01:01:40.854000,280.0,237.0,257.0,308.0,False,MEDIUM,14.0,False,Racing Bulls,0 days 01:00:13.896000,2026-07-24 12:17:09.489,1,,False,,False,True,86.958,86.958
310,0 days 01:03:07.127000,LAW,30,0 days 00:01:26.273000,19.0,5.0,,,29.77,31.708,24.795,0 days 01:02:10.624000,0 days 01:02:42.332000,0 days 01:03:07.127000,293.0,237.0,257.0,316.0,False,MEDIUM,15.0,False,Racing Bulls,0 days 01:01:40.854000,2026-07-24 12:18:36.447,12,,False,,False,True,86.273,86.273
311,0 days 01:04:33.997000,LAW,30,0 days 00:01:26.870000,20.0,5.0,,,29.979,31.891,25.0,0 days 01:03:37.106000,0 days 01:04:08.997000,0 days 01:04:33.997000,288.0,232.0,256.0,313.0,False,MEDIUM,16.0,False,Racing Bulls,0 days 01:03:07.127000,2026-07-24 12:20:02.720,1,,False,,False,True,86.87,86.87
312,0 days 01:06:00.642000,LAW,30,0 days 00:01:26.645000,21.0,5.0,,,29.827,31.803,25.015,0 days 01:05:03.824000,0 days 01:05:35.627000,0 days 01:06:00.642000,289.0,230.0,257.0,304.0,False,MEDIUM,17.0,False,Racing Bulls,0 days 01:04:33.997000,2026-07-24 12:21:29.590,1,,False,,False,True,86.645,86.64500000000001
313,0 days 01:07:27.199000,LAW,30,0 days 00:01:26.557000,22.0,5.0,,,29.906,31.832,24.819,0 days 01:06:30.548000,0 days 01:07:02.380000,0 days 01:07:27.199000,281.0,235.0,257.0,303.0,False,MEDIUM,18.0,False,Racing Bulls,0 days 01:06:00.642000,2026-07-24 12:22:56.235,1,,False,,False,True,86.557,86.557
314,0 days 01:08:53.477000,LAW,30,0 days 00:01:26.278000,23.0,5.0,,,29.762,31.646,24.87,0 days 01:07:56.961000,0 days 01:08:28.607000,0 days 01:08:53.477000,288.0,234.0,256.0,313.0,False,MEDIUM,19.0,False,Racing Bulls,0 days 01:07:27.199000,2026-07-24 12:24:22.792,1,,False,,False,True,86.278,86.278
315,0 days 01:10:19.705000,LAW,30,0 days 00:01:26.228000,24.0,5.0,,,29.667,31.648,24.913,0 days 01:09:23.144000,0 days 01:09:54.792000,0 days 01:10:19.705000,291.0,235.0,255.0,313.0,False,MEDIUM,20.0,False,Racing Bulls,0 days 01:08:53.477000,2026-07-24 12:25:49.070,1,,False,,False,True,86.228,86.228
316,0 days 01:11:46.049000,LAW,30,0 days 00:01:26.344000,25.0,5.0,,,29.957,31.512,24.875,0 days 01:10:49.662000,0 days 01:11:21.174000,0 days 01:11:46.049000,287.0,237.0,256.0,309.0,False,MEDIUM,21.0,False,Racing Bulls,0 days 01:10:19.705000,2026-07-24 12:27:15.298,1,,False,,False,True,86.344,86.344
317,0 days 01:13:12.084000,LAW,30,0 days 00:01:26.035000,26.0,5.0,,,29.699,31.365,24.971,0 days 01:12:15.748000,0 days 01:12:47.113000,0 days 01:13:12.084000,281.0,228.0,255.0,317.0,False,MEDIUM,22.0,False,Racing Bulls,0 days 01:11:46.049000,2026-07-24 12:28:41.642,1,,False,,False,True,86.035,86.035
318,0 days 01:15:19.744000,LAW,30,0 days 00:02:07.660000,27.0,5.0,,,38.941,46.406,42.313,0 days 01:13:51.025000,0 days 01:14:37.431000,0 days 01:15:19.744000,134.0,224.0,63.0,306.0,False,MEDIUM,23.0,False,Racing Bulls,0 days 01:13:12.084000,2026-07-24 12:30:07.677,1,,False,,False,True,127.66,127.66000000000001
319,0 days 01:17:20.312000,LAW,30,0 days 00:02:00.568000,28.0,5.0,,0 days 01:17:18.508000,55.885,35.944,28.739,0 days 01:16:15.629000,0 days 01:16:51.573000,0 days 01:17:20.312000,276.0,211.0,,253.0,False,MEDIUM,24.0,False,Racing Bulls,0 days 01:15:19.744000,2026-07-24 12:32:15.337,1,,False,,False,False,120.568,120.56800000000001
320,0 days 00:14:59.706000,OCO,31,,1.0,1.0,0 days 00:13:13.411000,,,39.436,29.073,,0 days 00:14:30.863000,0 days 00:14:59.903000,231.0,207.0,254.0,,False,MEDIUM,1.0,True,Haas F1 Team,0 days 00:13:13.411000,2026-07-24 11:30:09.004,1,,False,,False,False,,
321,0 days 00:16:33.859000,OCO,31,0 days 00:01:34.153000,2.0,1.0,,,29.746,31.686,32.721,0 days 00:15:29.452000,0 days 00:16:01.138000,0 days 00:16:33.859000,286.0,234.0,252.0,312.0,True,MEDIUM,2.0,True,Haas F1 Team,0 days 00:14:59.706000,2026-07-24 11:31:55.299,1,,False,,False,True,94.153,94.15299999999999
322,0 days 00:18:03.424000,OCO,31,0 days 00:01:29.565000,3.0,1.0,,0 days 00:18:01.672000,29.496,30.83,29.239,0 days 00:17:03.355000,0 days 00:17:34.185000,0 days 00:18:03.424000,290.0,237.0,,312.0,False,MEDIUM,3.0,True,Haas F1 Team,0 days 00:16:33.859000,2026-07-24 11:33:29.452,1,,False,,False,False,89.565,89.565
323,0 days 00:30:29.565000,OCO,31,,4.0,2.0,0 days 00:28:53.358000,,,34.904,28.007,,0 days 00:30:01.779000,0 days 00:30:29.624000,246.0,219.0,260.0,312.0,False,MEDIUM,4.0,False,Haas F1 Team,0 days 00:18:03.424000,2026-07-24 11:34:59.017,1,,False,,False,False,,
324,0 days 00:31:52.139000,OCO,31,0 days 00:01:22.574000,5.0,2.0,,,28.845,30.228,23.501,0 days 00:30:58.410000,0 days 00:31:28.638000,0 days 00:31:52.139000,289.0,241.0,262.0,316.0,True,MEDIUM,5.0,False,Haas F1 Team,0 days 00:30:29.565000,2026-07-24 11:47:25.158,1,,False,,False,True,82.574,82.574
325,0 days 00:34:05.026000,OCO,31,0 days 00:02:12.887000,6.0,2.0,,,48.133,54.163,30.591,0 days 00:32:40.272000,0 days 00:33:34.435000,0 days 00:34:05.026000,123.0,216.0,261.0,265.0,False,MEDIUM,6.0,False,Haas F1 Team,0 days 00:31:52.139000,2026-07-24 11:48:47.732,1,,False,,False,True,132.887,132.887
326,0 days 00:35:27.274000,OCO,31,0 days 00:01:22.248000,7.0,2.0,,,28.588,29.867,23.793,0 days 00:34:33.614000,0 days 00:35:03.481000,0 days 00:35:27.274000,288.0,243.0,240.0,317.0,True,MEDIUM,7.0,False,Haas F1 Team,0 days 00:34:05.026000,2026-07-24 11:51:00.619,1,,False,,False,True,82.248,82.24799999999999
327,0 days 00:37:37.499000,OCO,31,0 days 00:02:10.225000,8.0,2.0,,0 days 00:37:35.639000,46.16,49.823,34.242,0 days 00:36:13.434000,0 days 00:37:03.257000,0 days 00:37:37.499000,130.0,148.0,,193.0,False,MEDIUM,8.0,False,Haas F1 Team,0 days 00:35:27.274000,2026-07-24 11:52:22.867,1,,False,,False,False,130.225,130.225
328,0 days 00:39:56.572000,OCO,31,0 days 00:02:19.073000,9.0,3.0,0 days 00:37:53.712000,,74.595,38.564,25.914,0 days 00:38:52.094000,0 days 00:39:30.658000,0 days 00:39:56.572000,200.0,212.0,259.0,193.0,False,MEDIUM,9.0,False,Haas F1 Team,0 days 00:37:37.499000,2026-07-24 11:54:33.092,1,,False,,False,False,139.073,139.07299999999998
329,0 days 00:41:21.393000,OCO,31,0 days 00:01:24.821000,10.0,3.0,,,30.149,31.006,23.666,0 days 00:40:26.721000,0 days 00:40:57.727000,0 days 00:41:21.393000,290.0,239.0,260.0,314.0,False,MEDIUM,10.0,False,Haas F1 Team,0 days 00:39:56.572000,2026-07-24 11:56:52.165,1,,False,,False,True,84.821,84.821
330,0 days 00:43:07.124000,OCO,31,0 days 00:01:45.731000,11.0,3.0,,0 days 00:43:05.252000,38.047,39.48,28.204,0 days 00:41:59.440000,0 days 00:42:38.920000,0 days 00:43:07.124000,237.0,224.0,,245.0,False,MEDIUM,11.0,False,Haas F1 Team,0 days 00:41:21.393000,2026-07-24 11:58:16.986,1,,False,,False,False,105.731,105.731
331,0 days 00:49:34.030000,OCO,31,,12.0,4.0,0 days 00:47:53.130000,,,35.856,29.515,,0 days 00:49:04.661000,0 days 00:49:34.030000,240.0,229.0,264.0,245.0,False,SOFT,1.0,True,Haas F1 Team,0 days 00:43:07.124000,2026-07-24 12:00:02.717,12,,False,,False,False,,
332,0 days 00:56:07.346000,OCO,31,,13.0,4.0,,0 days 00:51:41.002000,,,,,,,,,,324.0,False,SOFT,2.0,True,Haas F1 Team,0 days 00:49:34.030000,2026-07-24 12:06:29.623,125,,False,,False,False,,
333,0 days 00:57:39.540000,OCO,31,,14.0,5.0,0 days 00:56:07.346000,,,32.559,26.559,,0 days 00:57:13.264000,0 days 00:57:39.715000,263.0,223.0,249.0,324.0,False,SOFT,3.0,False,Haas F1 Team,0 days 00:56:07.346000,2026-07-24 12:13:02.939,1,,False,,False,False,,
334,0 days 00:59:15.181000,OCO,31,0 days 00:01:35.641000,15.0,5.0,,,31.723,36.187,27.731,0 days 00:58:11.263000,0 days 00:58:47.450000,0 days 00:59:15.181000,242.0,208.0,265.0,307.0,False,SOFT,4.0,False,Haas F1 Team,0 days 00:57:39.540000,2026-07-24 12:14:35.133,1,,False,,False,True,95.641,95.64099999999999
335,0 days 01:00:36.232000,OCO,31,0 days 00:01:21.051000,16.0,5.0,,,28.408,29.482,23.161,0 days 00:59:43.589000,0 days 01:00:13.071000,0 days 01:00:36.232000,287.0,245.0,258.0,325.0,True,SOFT,5.0,False,Haas F1 Team,0 days 00:59:15.181000,2026-07-24 12:16:10.774,1,,False,,False,True,81.051,81.051
336,0 days 01:02:35.372000,OCO,31,0 days 00:01:59.140000,17.0,5.0,,,40.791,44.342,34.007,0 days 01:01:17.023000,0 days 01:02:01.365000,0 days 01:02:35.372000,154.0,159.0,192.0,185.0,False,SOFT,6.0,False,Haas F1 Team,0 days 01:00:36.232000,2026-07-24 12:17:31.825,12,,False,,False,True,119.14,119.13999999999999
337,0 days 01:04:41.632000,OCO,31,0 days 00:02:06.260000,18.0,5.0,,,45.495,46.533,34.232,0 days 01:03:20.867000,0 days 01:04:07.400000,0 days 01:04:41.632000,165.0,172.0,259.0,184.0,False,SOFT,7.0,False,Haas F1 Team,0 days 01:02:35.372000,2026-07-24 12:19:30.965,21,,False,,False,True,126.26,126.25999999999999
338,0 days 01:06:03.514000,OCO,31,0 days 00:01:21.882000,19.0,5.0,,,28.554,29.801,23.527,0 days 01:05:10.186000,0 days 01:05:39.987000,0 days 01:06:03.514000,285.0,247.0,255.0,317.0,False,SOFT,8.0,False,Haas F1 Team,0 days 01:04:41.632000,2026-07-24 12:21:37.225,1,,False,,False,True,81.882,81.882
339,0 days 01:07:47.217000,OCO,31,0 days 00:01:43.703000,20.0,5.0,,0 days 01:07:45.560000,39.936,34.905,28.862,0 days 01:06:43.450000,0 days 01:07:18.355000,0 days 01:07:47.217000,143.0,222.0,,210.0,False,SOFT,9.0,False,Haas F1 Team,0 days 01:06:03.514000,2026-07-24 12:22:59.107,1,,False,,False,False,103.703,103.703
340,0 days 01:12:12.383000,OCO,31,,21.0,6.0,0 days 01:10:40.727000,,,32.216,24.214,,0 days 01:11:48.331000,0 days 01:12:12.430000,254.0,240.0,256.0,210.0,False,MEDIUM,12.0,False,Haas F1 Team,0 days 01:07:47.217000,2026-07-24 12:24:42.810,1,,False,,False,False,,
341,0 days 01:13:37.077000,OCO,31,0 days 00:01:24.694000,22.0,6.0,,,29.367,31.212,24.115,0 days 01:12:41.750000,0 days 01:13:12.962000,0 days 01:13:37.077000,281.0,237.0,257.0,312.0,False,MEDIUM,13.0,False,Haas F1 Team,0 days 01:12:12.383000,2026-07-24 12:29:07.976,1,,False,,False,True,84.694,84.694
342,0 days 01:15:27.372000,OCO,31,0 days 00:01:50.295000,23.0,6.0,,,35.839,36.234,38.222,0 days 01:14:12.916000,0 days 01:14:49.150000,0 days 01:15:27.372000,253.0,124.0,53.0,188.0,False,MEDIUM,14.0,False,Haas F1 Team,0 days 01:13:37.077000,2026-07-24 12:30:32.670,1,,False,,False,True,110.295,110.29500000000002
343,0 days 01:17:28.640000,OCO,31,0 days 00:02:01.268000,24.0,6.0,,0 days 01:17:26.809000,57.049,31.927,32.292,0 days 01:16:24.421000,0 days 01:16:56.348000,0 days 01:17:28.640000,272.0,223.0,,258.0,False,MEDIUM,15.0,False,Haas F1 Team,0 days 01:15:27.372000,2026-07-24 12:32:22.965,1,,False,,False,False,121.268,121.268
344,0 days 00:16:38.348000,LIN,41,,1.0,1.0,0 days 00:14:12.309000,,,41.442,33.994,,0 days 00:16:04.747000,0 days 00:16:38.531000,204.0,212.0,256.0,,False,MEDIUM,1.0,True,Racing Bulls,0 days 00:14:12.309000,2026-07-24 11:31:07.902,1,,False,,False,False,,
345,0 days 00:18:04.140000,LIN,41,0 days 00:01:25.792000,2.0,1.0,,,29.948,31.076,24.768,0 days 00:17:08.296000,0 days 00:17:39.372000,0 days 00:18:04.140000,284.0,246.0,241.0,317.0,True,MEDIUM,2.0,True,Racing Bulls,0 days 00:16:38.348000,2026-07-24 11:33:33.941,1,,False,,False,True,85.792,85.792
346,0 days 00:19:55.760000,LIN,41,0 days 00:01:51.620000,3.0,1.0,,,43.382,41.895,26.343,0 days 00:18:47.522000,0 days 00:19:29.417000,0 days 00:19:55.760000,159.0,220.0,264.0,260.0,False,MEDIUM,3.0,True,Racing Bulls,0 days 00:18:04.140000,2026-07-24 11:34:59.733,1,,False,,False,True,111.62,111.62
347,0 days 00:21:18.208000,LIN,41,0 days 00:01:22.448000,4.0,1.0,,,28.924,30.113,23.411,0 days 00:20:24.684000,0 days 00:20:54.797000,0 days 00:21:18.208000,294.0,249.0,260.0,321.0,True,MEDIUM,4.0,True,Racing Bulls,0 days 00:19:55.760000,2026-07-24 11:36:51.353,1,,False,,False,True,82.448,82.44800000000001
348,0 days 00:23:13.005000,LIN,41,0 days 00:01:54.797000,5.0,1.0,,,40.547,45.22,29.03,0 days 00:21:58.755000,0 days 00:22:43.975000,0 days 00:23:13.005000,186.0,177.0,210.0,207.0,False,MEDIUM,5.0,True,Racing Bulls,0 days 00:21:18.208000,2026-07-24 11:38:13.801,1,,False,,False,True,114.797,114.797
349,0 days 00:25:03.293000,LIN,41,0 days 00:01:50.288000,6.0,1.0,,,37.588,42.612,30.088,0 days 00:23:50.593000,0 days 00:24:33.205000,0 days 00:25:03.293000,179.0,219.0,262.0,259.0,False,MEDIUM,6.0,True,Racing Bulls,0 days 00:23:13.005000,2026-07-24 11:40:08.598,1,,False,,False,True,110.288,110.28800000000001
350,0 days 00:26:25.118000,LIN,41,0 days 00:01:21.825000,7.0,1.0,,,28.647,29.654,23.524,0 days 00:25:31.940000,0 days 00:26:01.594000,0 days 00:26:25.118000,300.0,249.0,252.0,321.0,True,MEDIUM,7.0,True,Racing Bulls,0 days 00:25:03.293000,2026-07-24 11:41:58.886,1,,False,,False,True,81.825,81.825
351,0 days 00:28:29.380000,LIN,41,0 days 00:02:04.262000,8.0,1.0,,,47.198,42.708,34.356,0 days 00:27:12.316000,0 days 00:27:55.024000,0 days 00:28:29.380000,166.0,161.0,162.0,187.0,False,MEDIUM,8.0,True,Racing Bulls,0 days 00:26:25.118000,2026-07-24 11:43:20.711,1,,False,,False,True,124.262,124.262
352,0 days 00:30:11.711000,LIN,41,0 days 00:01:42.331000,9.0,1.0,,,40.085,36.885,25.361,0 days 00:29:09.465000,0 days 00:29:46.350000,0 days 00:30:11.711000,191.0,217.0,261.0,202.0,False,MEDIUM,9.0,True,Racing Bulls,0 days 00:28:29.380000,2026-07-24 11:45:24.973,1,,False,,False,True,102.331,102.331
353,0 days 00:31:33.330000,LIN,41,0 days 00:01:21.619000,10.0,1.0,,,28.634,29.557,23.428,0 days 00:30:40.345000,0 days 00:31:09.902000,0 days 00:31:33.330000,296.0,246.0,264.0,319.0,True,MEDIUM,10.0,True,Racing Bulls,0 days 00:30:11.711000,2026-07-24 11:47:07.304,1,,False,,False,True,81.619,81.619
354,0 days 00:33:10.077000,LIN,41,0 days 00:01:36.747000,11.0,1.0,,0 days 00:33:08.330000,36.812,33.551,26.384,0 days 00:32:10.142000,0 days 00:32:43.693000,0 days 00:33:10.077000,197.0,238.0,,223.0,False,MEDIUM,11.0,True,Racing Bulls,0 days 00:31:33.330000,2026-07-24 11:48:28.923,1,,False,,False,False,96.747,96.747
355,0 days 00:42:42.755000,LIN,41,,12.0,2.0,0 days 00:41:00.358000,,,37.965,25.458,,0 days 00:42:17.601000,0 days 00:42:42.815000,171.0,212.0,263.0,223.0,False,SOFT,1.0,True,Racing Bulls,0 days 00:33:10.077000,2026-07-24 11:50:05.670,1,,False,,False,False,,
356,0 days 00:44:03.515000,LIN,41,0 days 00:01:20.760000,13.0,2.0,,,28.485,29.119,23.156,0 days 00:43:11.240000,0 days 00:43:40.359000,0 days 00:44:03.515000,295.0,246.0,265.0,319.0,True,SOFT,2.0,True,Racing Bulls,0 days 00:42:42.755000,2026-07-24 11:59:38.348,1,,False,,False,True,80.76,80.75999999999999
357,0 days 00:46:00.298000,LIN,41,0 days 00:01:56.783000,14.0,2.0,,0 days 00:45:58.426000,38.596,44.643,33.544,0 days 00:44:42.111000,0 days 00:45:26.754000,0 days 00:46:00.298000,197.0,172.0,,217.0,False,SOFT,3.0,True,Racing Bulls,0 days 00:44:03.515000,2026-07-24 12:00:59.108,1,,False,,False,False,116.783,116.783
358,0 days 00:57:07.266000,LIN,41,,15.0,3.0,0 days 00:48:46.777000,0 days 00:50:35.843000,,37.72,,,0 days 00:50:04.644000,,217.0,208.0,,,False,SOFT,4.0,False,Racing Bulls,0 days 00:46:00.298000,2026-07-24 12:02:55.891,125,,False,,False,False,,
359,0 days 00:58:37.607000,LIN,41,,16.0,4.0,0 days 00:57:07.266000,,,33.298,25.623,,0 days 00:58:12.189000,0 days 00:58:37.724000,266.0,229.0,255.0,217.0,False,MEDIUM,12.0,False,Racing Bulls,0 days 00:57:07.266000,2026-07-24 12:14:02.859,1,,False,,False,False,,
360,0 days 01:00:04.841000,LIN,41,0 days 00:01:27.234000,17.0,4.0,,,30.417,32.134,24.683,0 days 00:59:08.024000,0 days 00:59:40.158000,0 days 01:00:04.841000,272.0,234.0,258.0,319.0,False,MEDIUM,13.0,False,Racing Bulls,0 days 00:58:37.607000,2026-07-24 12:15:33.200,1,,False,,False,True,87.234,87.23400000000001
361,0 days 01:01:31.056000,LIN,41,0 days 00:01:26.215000,18.0,4.0,,,30.281,31.471,24.463,0 days 01:00:35.122000,0 days 01:01:06.593000,0 days 01:01:31.056000,277.0,235.0,258.0,307.0,False,MEDIUM,14.0,False,Racing Bulls,0 days 01:00:04.841000,2026-07-24 12:17:00.434,1,,False,,False,True,86.215,86.215
362,0 days 01:02:57.244000,LIN,41,0 days 00:01:26.188000,19.0,4.0,,,29.958,31.515,24.715,0 days 01:02:01.014000,0 days 01:02:32.529000,0 days 01:02:57.244000,282.0,237.0,258.0,309.0,False,MEDIUM,15.0,False,Racing Bulls,0 days 01:01:31.056000,2026-07-24 12:18:26.649,12,,False,,False,True,86.188,86.188
363,0 days 01:04:24.053000,LIN,41,0 days 00:01:26.809000,20.0,4.0,,,30.298,31.753,24.758,0 days 01:03:27.542000,0 days 01:03:59.295000,0 days 01:04:24.053000,281.0,233.0,257.0,310.0,False,MEDIUM,16.0,False,Racing Bulls,0 days 01:02:57.244000,2026-07-24 12:19:52.837,21,,False,,False,True,86.809,86.809
364,0 days 01:05:50.209000,LIN,41,0 days 00:01:26.156000,21.0,4.0,,,29.795,31.639,24.722,0 days 01:04:53.848000,0 days 01:05:25.487000,0 days 01:05:50.209000,286.0,233.0,258.0,313.0,False,MEDIUM,17.0,False,Racing Bulls,0 days 01:04:24.053000,2026-07-24 12:21:19.646,1,,False,,False,True,86.156,86.156
365,0 days 01:07:17.065000,LIN,41,0 days 00:01:26.856000,22.0,4.0,,,29.957,31.998,24.901,0 days 01:06:20.166000,0 days 01:06:52.164000,0 days 01:07:17.065000,281.0,235.0,255.0,314.0,False,MEDIUM,18.0,False,Racing Bulls,0 days 01:05:50.209000,2026-07-24 12:22:45.802,1,,False,,False,True,86.856,86.856
366,0 days 01:08:44.054000,LIN,41,0 days 00:01:26.989000,23.0,4.0,,,29.936,31.872,25.181,0 days 01:07:47.001000,0 days 01:08:18.873000,0 days 01:08:44.054000,279.0,234.0,255.0,311.0,False,MEDIUM,19.0,False,Racing Bulls,0 days 01:07:17.065000,2026-07-24 12:24:12.658,1,,False,,False,True,86.989,86.989
367,0 days 01:10:12.318000,LIN,41,0 days 00:01:28.264000,24.0,4.0,,,30.895,32.343,25.026,0 days 01:09:14.949000,0 days 01:09:47.292000,0 days 01:10:12.318000,284.0,234.0,256.0,299.0,False,MEDIUM,20.0,False,Racing Bulls,0 days 01:08:44.054000,2026-07-24 12:25:39.647,1,,False,,False,True,88.264,88.264
368,0 days 01:11:39.453000,LIN,41,0 days 00:01:27.135000,25.0,4.0,,,30.102,31.949,25.084,0 days 01:10:42.420000,0 days 01:11:14.369000,0 days 01:11:39.453000,287.0,234.0,256.0,308.0,False,MEDIUM,21.0,False,Racing Bulls,0 days 01:10:12.318000,2026-07-24 12:27:07.911,1,,False,,False,True,87.135,87.135
369,0 days 01:13:06.126000,LIN,41,0 days 00:01:26.673000,26.0,4.0,,,30.017,31.705,24.951,0 days 01:12:09.470000,0 days 01:12:41.175000,0 days 01:13:06.126000,285.0,230.0,255.0,311.0,False,MEDIUM,22.0,False,Racing Bulls,0 days 01:11:39.453000,2026-07-24 12:28:35.046,1,,False,,False,True,86.673,86.673
370,0 days 01:14:52.686000,LIN,41,0 days 00:01:46.560000,27.0,4.0,,,34.988,37.073,34.499,0 days 01:13:41.114000,0 days 01:14:18.187000,0 days 01:14:52.686000,230.0,184.0,80.0,309.0,False,MEDIUM,23.0,False,Racing Bulls,0 days 01:13:06.126000,2026-07-24 12:30:01.719,1,,False,,False,True,106.56,106.56
371,0 days 01:16:59.248000,LIN,41,0 days 00:02:06.562000,28.0,4.0,,0 days 01:16:56.887000,66.12,32.945,27.497,0 days 01:15:58.806000,0 days 01:16:31.751000,0 days 01:16:59.248000,268.0,234.0,,251.0,False,MEDIUM,24.0,False,Racing Bulls,0 days 01:14:52.686000,2026-07-24 12:31:48.279,1,,False,,False,False,126.562,126.562
372,0 days 00:16:23.146000,HAM,44,,1.0,1.0,0 days 00:13:57.992000,,,37.281,31.746,,0 days 00:15:51.604000,0 days 00:16:23.297000,196.0,204.0,118.0,,False,MEDIUM,1.0,True,Ferrari,0 days 00:13:57.992000,2026-07-24 11:30:53.585,1,,False,,False,False,,
373,0 days 00:18:01.453000,HAM,44,0 days 00:01:38.307000,2.0,1.0,,,38.164,35.026,25.117,0 days 00:17:01.310000,0 days 00:17:36.336000,0 days 00:18:01.453000,252.0,226.0,258.0,231.0,True,MEDIUM,2.0,True,Ferrari,0 days 00:16:23.146000,2026-07-24 11:33:18.739,1,,False,,False,True,98.307,98.307
374,0 days 00:19:31.131000,HAM,44,0 days 00:01:29.678000,3.0,1.0,,,29.043,35.172,25.463,0 days 00:18:30.496000,0 days 00:19:05.668000,0 days 00:19:31.131000,281.0,211.0,261.0,314.0,True,MEDIUM,3.0,True,Ferrari,0 days 00:18:01.453000,2026-07-24 11:34:57.046,1,,False,,False,True,89.678,89.678
375,0 days 00:20:53.613000,HAM,44,0 days 00:01:22.482000,4.0,1.0,,,28.263,29.45,24.769,0 days 00:19:59.394000,0 days 00:20:28.844000,0 days 00:20:53.613000,294.0,242.0,240.0,316.0,True,MEDIUM,4.0,True,Ferrari,0 days 00:19:31.131000,2026-07-24 11:36:26.724,1,,False,,False,True,82.482,82.482
376,0 days 00:23:30.492000,HAM,44,,5.0,1.0,,,56.999,65.269,34.581,0 days 00:21:50.803000,0 days 00:22:56.202000,0 days 00:23:30.518000,92.0,197.0,258.0,263.0,False,MEDIUM,5.0,True,Ferrari,0 days 00:20:53.613000,2026-07-24 11:37:49.206,1,,False,,False,False,,156.849
377,0 days 00:24:51.557000,HAM,44,0 days 00:01:21.065000,6.0,1.0,,,28.586,29.431,23.048,0 days 00:23:59.078000,0 days 00:24:28.509000,0 days 00:24:51.557000,291.0,246.0,257.0,319.0,True,MEDIUM,6.0,True,Ferrari,0 days 00:23:30.492000,2026-07-24 11:40:26.085,1,,False,,False,True,81.065,81.065
378,0 days 00:27:13.288000,HAM,44,0 days 00:02:21.731000,7.0,1.0,,,60.339,53.841,27.551,0 days 00:25:51.896000,0 days 00:26:45.737000,0 days 00:27:13.288000,74.0,207.0,262.0,192.0,False,MEDIUM,7.0,True,Ferrari,0 days 00:24:51.557000,2026-07-24 11:41:47.150,1,,False,,False,True,141.731,141.731
379,0 days 00:28:33.901000,HAM,44,0 days 00:01:20.613000,8.0,1.0,,,28.19,29.302,23.121,0 days 00:27:41.478000,0 days 00:28:10.780000,0 days 00:28:33.901000,299.0,245.0,259.0,319.0,True,MEDIUM,8.0,True,Ferrari,0 days 00:27:13.288000,2026-07-24 11:44:08.881,1,,False,,False,True,80.613,80.613
380,0 days 00:31:27.015000,HAM,44,,9.0,1.0,,,82.558,64.634,25.897,0 days 00:29:56.678000,0 days 00:31:01.389000,0 days 00:31:27.048000,55.0,214.0,259.0,223.0,False,MEDIUM,9.0,True,Ferrari,0 days 00:28:33.901000,2026-07-24 11:45:29.494,1,,False,,False,False,,173.089
381,0 days 00:33:04.296000,HAM,44,0 days 00:01:37.281000,10.0,1.0,,0 days 00:33:02.515000,28.411,38.073,30.797,0 days 00:31:55.426000,0 days 00:32:33.499000,0 days 00:33:04.296000,297.0,139.0,,315.0,False,MEDIUM,10.0,True,Ferrari,0 days 00:31:27.015000,2026-07-24 11:48:22.608,1,,False,,False,False,97.281,97.281
382,0 days 00:48:04.771000,HAM,44,,11.0,2.0,0 days 00:46:27.010000,,,35.547,25.9,,0 days 00:47:39.002000,0 days 00:48:04.895000,246.0,223.0,262.0,315.0,False,SOFT,1.0,True,Ferrari,0 days 00:33:04.296000,2026-07-24 11:49:59.889,1,,False,,False,False,,
383,0 days 00:49:24.389000,HAM,44,0 days 00:01:19.618000,12.0,2.0,,,27.931,28.907,22.78,0 days 00:48:32.702000,0 days 00:49:01.609000,0 days 00:49:24.389000,298.0,243.0,262.0,316.0,True,SOFT,2.0,True,Ferrari,0 days 00:48:04.771000,2026-07-24 12:05:00.364,1,,False,,False,True,79.618,79.618
384,0 days 01:01:47.343000,HAM,44,,13.0,2.0,,0 days 00:51:58.332000,,,,,,,,,,211.0,False,SOFT,3.0,True,Ferrari,0 days 00:49:24.389000,2026-07-24 12:06:19.982,125,,False,,False,False,,
385,0 days 01:03:39.053000,HAM,44,,14.0,3.0,0 days 01:01:47.343000,,,32.704,24.819,,0 days 01:03:14.501000,0 days 01:03:39.107000,269.0,232.0,256.0,211.0,False,MEDIUM,11.0,False,Ferrari,0 days 01:01:47.343000,2026-07-24 12:18:42.936,12,,False,,False,False,,
386,0 days 01:05:03.117000,HAM,44,0 days 00:01:24.064000,15.0,3.0,,,29.182,30.826,24.056,0 days 01:04:08.235000,0 days 01:04:39.061000,0 days 01:05:03.117000,280.0,238.0,256.0,312.0,False,MEDIUM,12.0,False,Ferrari,0 days 01:03:39.053000,2026-07-24 12:20:34.646,1,,False,,False,True,84.064,84.064
387,0 days 01:06:27.674000,HAM,44,0 days 00:01:24.557000,16.0,3.0,,,29.273,31.111,24.173,0 days 01:05:32.390000,0 days 01:06:03.501000,0 days 01:06:27.674000,276.0,239.0,255.0,311.0,False,MEDIUM,13.0,False,Ferrari,0 days 01:05:03.117000,2026-07-24 12:21:58.710,1,,False,,False,True,84.557,84.557
388,0 days 01:07:51.814000,HAM,44,0 days 00:01:24.140000,17.0,3.0,,,29.186,30.872,24.082,0 days 01:06:56.860000,0 days 01:07:27.732000,0 days 01:07:51.814000,279.0,241.0,255.0,309.0,False,MEDIUM,14.0,False,Ferrari,0 days 01:06:27.674000,2026-07-24 12:23:23.267,1,,False,,False,True,84.14,84.14
389,0 days 01:09:15.943000,HAM,44,0 days 00:01:24.129000,18.0,3.0,,,29.412,30.651,24.066,0 days 01:08:21.226000,0 days 01:08:51.877000,0 days 01:09:15.943000,281.0,240.0,255.0,304.0,False,MEDIUM,15.0,False,Ferrari,0 days 01:07:51.814000,2026-07-24 12:24:47.407,1,,False,,False,True,84.129,84.129
390,0 days 01:10:40.532000,HAM,44,0 days 00:01:24.589000,19.0,3.0,,,29.568,30.859,24.162,0 days 01:09:45.511000,0 days 01:10:16.370000,0 days 01:10:40.532000,280.0,236.0,256.0,303.0,False,MEDIUM,16.0,False,Ferrari,0 days 01:09:15.943000,2026-07-24 12:26:11.536,1,,False,,False,True,84.589,84.589
391,0 days 01:12:10.456000,HAM,44,0 days 00:01:29.924000,20.0,3.0,,,29.403,30.982,29.539,0 days 01:11:09.935000,0 days 01:11:40.917000,0 days 01:12:10.456000,282.0,240.0,256.0,306.0,False,MEDIUM,17.0,False,Ferrari,0 days 01:10:40.532000,2026-07-24 12:27:36.125,1,,False,,False,True,89.924,89.924
392,0 days 01:13:34.829000,HAM,44,0 days 00:01:24.373000,21.0,3.0,,,29.413,30.785,24.175,0 days 01:12:39.869000,0 days 01:13:10.654000,0 days 01:13:34.829000,280.0,240.0,243.0,308.0,False,MEDIUM,18.0,False,Ferrari,0 days 01:12:10.456000,2026-07-24 12:29:06.049,1,,False,,False,True,84.373,84.373
393,0 days 01:16:21.662000,HAM,44,,22.0,3.0,,,43.898,44.596,78.34,0 days 01:14:18.888000,0 days 01:15:03.498000,0 days 01:16:21.713000,156.0,211.0,3.0,173.0,False,MEDIUM,19.0,False,Ferrari,0 days 01:13:34.829000,2026-07-24 12:30:30.422,1,,False,,False,False,,166.834
394,0 days 01:18:01.184000,HAM,44,0 days 00:01:39.522000,23.0,3.0,,0 days 01:17:59.415000,32.459,33.583,33.48,0 days 01:16:54.121000,0 days 01:17:27.704000,0 days 01:18:01.184000,237.0,203.0,,268.0,False,MEDIUM,20.0,False,Ferrari,0 days 01:16:21.662000,2026-07-24 12:33:17.255,1,,False,,False,False,99.522,99.52199999999999
395,0 days 00:14:53.984000,HIR,50,,1.0,1.0,0 days 00:13:07.531000,,,39.494,28.076,,0 days 00:14:26.145000,0 days 00:14:54.109000,210.0,205.0,250.0,,False,MEDIUM,1.0,True,Haas F1 Team,0 days 00:13:07.531000,2026-07-24 11:30:03.124,1,,False,,False,False,,
396,0 days 00:16:28.390000,HIR,50,0 days 00:01:34.406000,2.0,1.0,,,31.312,35.453,27.641,0 days 00:15:25.296000,0 days 00:16:00.749000,0 days 00:16:28.390000,259.0,214.0,234.0,311.0,True,MEDIUM,2.0,True,Haas F1 Team,0 days 00:14:53.984000,2026-07-24 11:31:49.577,1,,False,,False,True,94.406,94.406
397,0 days 00:18:30.380000,HIR,50,0 days 00:02:01.990000,3.0,1.0,,0 days 00:18:28.625000,41.26,47.095,33.635,0 days 00:17:09.650000,0 days 00:17:56.745000,0 days 00:18:30.380000,196.0,195.0,,223.0,False,MEDIUM,3.0,True,Haas F1 Team,0 days 00:16:28.390000,2026-07-24 11:33:23.983,1,,False,,False,False,121.99,121.98999999999998
398,0 days 00:27:18.060000,HIR,50,,4.0,2.0,0 days 00:25:39.510000,,,34.531,30.997,,0 days 00:26:47.267000,0 days 00:27:18.187000,245.0,217.0,257.0,223.0,False,MEDIUM,4.0,False,Haas F1 Team,0 days 00:18:30.380000,2026-07-24 11:35:25.973,1,,False,,False,False,,
399,0 days 00:28:42.790000,HIR,50,0 days 00:01:24.730000,5.0,2.0,,,29.423,31.293,24.014,0 days 00:27:47.483000,0 days 00:28:18.776000,0 days 00:28:42.790000,290.0,241.0,238.0,318.0,True,MEDIUM,5.0,False,Haas F1 Team,0 days 00:27:18.060000,2026-07-24 11:44:13.653,1,,False,,False,True,84.73,84.72999999999999
400,0 days 00:30:41.813000,HIR,50,0 days 00:01:59.023000,6.0,2.0,,,45.646,46.399,26.978,0 days 00:29:28.436000,0 days 00:30:14.835000,0 days 00:30:41.813000,146.0,172.0,260.0,172.0,False,MEDIUM,6.0,False,Haas F1 Team,0 days 00:28:42.790000,2026-07-24 11:45:38.383,1,,False,,False,True,119.023,119.023
401,0 days 00:32:06.032000,HIR,50,0 days 00:01:24.219000,7.0,2.0,,,29.655,30.869,23.695,0 days 00:31:11.468000,0 days 00:31:42.337000,0 days 00:32:06.032000,287.0,241.0,257.0,317.0,True,MEDIUM,7.0,False,Haas F1 Team,0 days 00:30:41.813000,2026-07-24 11:47:37.406,1,,False,,False,True,84.219,84.219
402,0 days 00:34:22.094000,HIR,50,0 days 00:02:16.062000,8.0,2.0,,0 days 00:34:20.320000,53.32,49.314,33.428,0 days 00:32:59.352000,0 days 00:33:48.666000,0 days 00:34:22.094000,69.0,138.0,,185.0,False,MEDIUM,8.0,False,Haas F1 Team,0 days 00:32:06.032000,2026-07-24 11:49:01.625,1,,False,,False,False,136.062,136.062
403,0 days 00:36:49.328000,HIR,50,0 days 00:02:27.234000,9.0,3.0,0 days 00:35:14.529000,,86.384,34.883,25.967,0 days 00:35:48.478000,0 days 00:36:23.361000,0 days 00:36:49.328000,226.0,215.0,258.0,185.0,False,MEDIUM,9.0,False,Haas F1 Team,0 days 00:34:22.094000,2026-07-24 11:51:17.687,1,,False,,False,False,147.234,147.23399999999998
404,0 days 00:38:12.968000,HIR,50,0 days 00:01:23.640000,10.0,3.0,,,29.268,30.726,23.646,0 days 00:37:18.596000,0 days 00:37:49.322000,0 days 00:38:12.968000,288.0,242.0,250.0,315.0,True,MEDIUM,10.0,False,Haas F1 Team,0 days 00:36:49.328000,2026-07-24 11:53:44.921,1,,False,,False,True,83.64,83.64
405,0 days 00:40:06.224000,HIR,50,0 days 00:01:53.256000,11.0,3.0,,0 days 00:40:04.486000,43.208,38.028,32.02,0 days 00:38:56.176000,0 days 00:39:34.204000,0 days 00:40:06.224000,196.0,146.0,,190.0,False,MEDIUM,11.0,False,Haas F1 Team,0 days 00:38:12.968000,2026-07-24 11:55:08.561,1,,False,,False,False,113.256,113.256
406,0 days 00:47:48.598000,HIR,50,,12.0,4.0,0 days 00:46:05.411000,,,35.061,28.975,,0 days 00:47:19.776000,0 days 00:47:48.755000,234.0,161.0,258.0,190.0,False,MEDIUM,12.0,False,Haas F1 Team,0 days 00:40:06.224000,2026-07-24 11:57:01.817,1,,False,,False,False,,
407,0 days 00:49:12.986000,HIR,50,0 days 00:01:24.388000,13.0,4.0,,,29.417,31.188,23.783,0 days 00:48:18.015000,0 days 00:48:49.203000,0 days 00:49:12.986000,292.0,242.0,254.0,315.0,False,MEDIUM,13.0,False,Haas F1 Team,0 days 00:47:48.598000,2026-07-24 12:04:44.191,1,,False,,False,True,84.388,84.388
408,0 days 00:56:23.532000,HIR,50,,14.0,4.0,,0 days 00:50:57.936000,34.907,,,0 days 00:49:48.129000,,,206.0,,,220.0,False,MEDIUM,14.0,False,Haas F1 Team,0 days 00:49:12.986000,2026-07-24 12:06:08.579,125,,False,,False,False,,
409,0 days 00:58:07.961000,HIR,50,,15.0,5.0,0 days 00:56:23.532000,,,37.925,26.651,,0 days 00:57:41.609000,0 days 00:58:08.167000,225.0,198.0,261.0,220.0,False,SOFT,1.0,True,Haas F1 Team,0 days 00:56:23.532000,2026-07-24 12:13:19.125,1,,False,,False,False,,
410,0 days 00:59:51.217000,HIR,50,0 days 00:01:43.256000,16.0,5.0,,,36.306,37.422,29.528,0 days 00:58:44.267000,0 days 00:59:21.689000,0 days 00:59:51.217000,138.0,182.0,263.0,319.0,False,SOFT,2.0,True,Haas F1 Team,0 days 00:58:07.961000,2026-07-24 12:15:03.554,1,,False,,False,True,103.256,103.256
411,0 days 01:01:39.852000,HIR,50,0 days 00:01:48.635000,17.0,5.0,,,36.843,45.727,26.065,0 days 01:00:28.060000,0 days 01:01:13.787000,0 days 01:01:39.852000,148.0,172.0,260.0,325.0,False,SOFT,3.0,True,Haas F1 Team,0 days 00:59:51.217000,2026-07-24 12:16:46.810,1,,False,,False,True,108.635,108.63499999999999
412,0 days 01:03:02.660000,HIR,50,0 days 00:01:22.808000,18.0,5.0,,,28.919,30.345,23.544,0 days 01:02:08.771000,0 days 01:02:39.116000,0 days 01:03:02.660000,293.0,245.0,257.0,319.0,True,SOFT,4.0,True,Haas F1 Team,0 days 01:01:39.852000,2026-07-24 12:18:35.445,12,,False,,False,True,82.808,82.80799999999999
413,0 days 01:05:10.023000,HIR,50,0 days 00:02:07.363000,19.0,5.0,,,47.595,43.098,36.67,0 days 01:03:50.255000,0 days 01:04:33.353000,0 days 01:05:10.023000,156.0,139.0,134.0,183.0,False,SOFT,5.0,True,Haas F1 Team,0 days 01:03:02.660000,2026-07-24 12:19:58.253,21,,False,,False,True,127.363,127.363
414,0 days 01:06:52.847000,HIR,50,0 days 00:01:42.824000,20.0,5.0,,,41.304,35.81,25.71,0 days 01:05:51.327000,0 days 01:06:27.137000,0 days 01:06:52.847000,207.0,211.0,263.0,168.0,False,SOFT,6.0,True,Haas F1 Team,0 days 01:05:10.023000,2026-07-24 12:22:05.616,1,,False,,False,True,102.824,102.82400000000001
415,0 days 01:08:14.848000,HIR,50,0 days 00:01:22.001000,21.0,5.0,,,28.653,29.86,23.488,0 days 01:07:21.500000,0 days 01:07:51.360000,0 days 01:08:14.848000,296.0,246.0,257.0,319.0,True,SOFT,7.0,True,Haas F1 Team,0 days 01:06:52.847000,2026-07-24 12:23:48.440,1,,False,,False,True,82.001,82.001
416,0 days 01:09:48.502000,HIR,50,0 days 00:01:33.654000,22.0,5.0,,0 days 01:09:46.808000,32.177,32.621,28.856,0 days 01:08:47.025000,0 days 01:09:19.646000,0 days 01:09:48.502000,273.0,224.0,,224.0,False,SOFT,8.0,True,Haas F1 Team,0 days 01:08:14.848000,2026-07-24 12:25:10.441,1,,False,,False,False,93.654,93.654
417,0 days 01:14:33.297000,HIR,50,,23.0,6.0,0 days 01:12:45.935000,,,34.806,26.925,,0 days 01:14:06.609000,0 days 01:14:33.297000,226.0,227.0,244.0,224.0,False,MEDIUM,15.0,False,Haas F1 Team,0 days 01:09:48.502000,2026-07-24 12:26:44.095,1,,False,,False,False,,
418,0 days 01:16:32.141000,HIR,50,0 days 00:01:58.844000,24.0,6.0,,,37.683,38.446,42.715,0 days 01:15:10.980000,0 days 01:15:49.426000,0 days 01:16:32.141000,151.0,197.0,30.0,295.0,False,MEDIUM,16.0,False,Haas F1 Team,0 days 01:14:33.297000,2026-07-24 12:31:28.890,1,,False,,False,True,118.844,118.844
419,0 days 01:18:57.834000,HIR,50,0 days 00:02:25.693000,25.0,6.0,,0 days 01:18:55.895000,72.36,41.392,31.941,0 days 01:17:44.501000,0 days 01:18:25.893000,0 days 01:18:57.834000,127.0,199.0,,257.0,False,MEDIUM,17.0,False,Haas F1 Team,0 days 01:16:32.141000,2026-07-24 12:33:27.734,1,,False,,False,False,145.693,145.693
420,0 days 00:15:44.604000,SAI,55,,1.0,1.0,0 days 00:13:44.347000,,,36.207,27.551,,0 days 00:15:17.241000,0 days 00:15:44.816000,257.0,218.0,259.0,,False,MEDIUM,1.0,True,Williams,0 days 00:13:44.347000,2026-07-24 11:30:39.940,1,,False,,False,False,,
421,0 days 00:17:09.491000,SAI,55,0 days 00:01:24.887000,2.0,1.0,,,29.642,31.015,24.23,0 days 00:16:14.246000,0 days 00:16:45.261000,0 days 00:17:09.491000,280.0,239.0,255.0,320.0,True,MEDIUM,2.0,True,Williams,0 days 00:15:44.604000,2026-07-24 11:32:40.197,1,,False,,False,True,84.887,84.887
422,0 days 00:19:09.634000,SAI,55,0 days 00:02:00.143000,3.0,1.0,,0 days 00:19:07.779000,45.128,39.646,35.369,0 days 00:17:54.619000,0 days 00:18:34.265000,0 days 00:19:09.634000,144.0,218.0,,279.0,False,MEDIUM,3.0,True,Williams,0 days 00:17:09.491000,2026-07-24 11:34:05.084,1,,False,,False,False,120.143,120.143
423,0 days 00:21:40.998000,SAI,55,,4.0,2.0,0 days 00:20:05.210000,,85.302,33.562,32.494,0 days 00:20:35.056000,0 days 00:21:08.596000,0 days 00:21:41.047000,265.0,217.0,247.0,279.0,False,MEDIUM,4.0,False,Williams,0 days 00:19:09.634000,2026-07-24 11:36:05.227,1,,False,,False,False,,151.358
424,0 days 00:23:05.092000,SAI,55,0 days 00:01:24.094000,5.0,2.0,,,29.448,30.776,23.87,0 days 00:22:10.446000,0 days 00:22:41.222000,0 days 00:23:05.092000,299.0,240.0,259.0,299.0,True,MEDIUM,5.0,False,Williams,0 days 00:21:40.998000,2026-07-24 11:38:36.591,1,,False,,False,True,84.094,84.09400000000001
425,0 days 00:24:49.799000,SAI,55,0 days 00:01:44.707000,6.0,2.0,,,40.451,37.494,26.762,0 days 00:23:45.543000,0 days 00:24:23.037000,0 days 00:24:49.799000,202.0,189.0,263.0,164.0,False,MEDIUM,6.0,False,Williams,0 days 00:23:05.092000,2026-07-24 11:40:00.685,1,,False,,False,True,104.707,104.707
426,0 days 00:26:13.533000,SAI,55,0 days 00:01:23.734000,7.0,2.0,,,29.046,30.657,24.031,0 days 00:25:18.845000,0 days 00:25:49.502000,0 days 00:26:13.533000,287.0,244.0,258.0,319.0,True,MEDIUM,7.0,False,Williams,0 days 00:24:49.799000,2026-07-24 11:41:45.392,1,,False,,False,True,83.734,83.73400000000001
427,0 days 00:28:20.404000,SAI,55,0 days 00:02:06.871000,8.0,2.0,,,48.072,46.987,31.812,0 days 00:27:01.605000,0 days 00:27:48.592000,0 days 00:28:20.404000,137.0,125.0,264.0,218.0,False,MEDIUM,8.0,False,Williams,0 days 00:26:13.533000,2026-07-24 11:43:09.126,1,,False,,False,True,126.871,126.871
428,0 days 00:29:44.171000,SAI,55,0 days 00:01:23.767000,9.0,2.0,,,29.209,30.651,23.907,0 days 00:28:49.613000,0 days 00:29:20.264000,0 days 00:29:44.171000,291.0,242.0,256.0,322.0,False,MEDIUM,9.0,False,Williams,0 days 00:28:20.404000,2026-07-24 11:45:15.997,1,,False,,False,True,83.767,83.767
429,0 days 00:31:22.871000,SAI,55,0 days 00:01:38.700000,10.0,2.0,,0 days 00:31:21.136000,35.566,32.839,30.295,0 days 00:30:19.737000,0 days 00:30:52.576000,0 days 00:31:22.871000,244.0,222.0,,234.0,False,MEDIUM,10.0,False,Williams,0 days 00:29:44.171000,2026-07-24 11:46:39.764,1,,False,,False,False,98.7,98.7
430,0 days 00:56:29.223000,SAI,55,,11.0,3.0,0 days 00:48:49.027000,0 days 00:50:51.295000,,,,,,,261.0,,,,False,SOFT,1.0,True,Williams,0 days 00:31:22.871000,2026-07-24 11:48:18.464,125,,False,,False,False,,
431,0 days 00:58:15.313000,SAI,55,,12.0,4.0,0 days 00:56:29.223000,,,36.758,26.58,,0 days 00:57:48.889000,0 days 00:58:15.329000,273.0,217.0,265.0,234.0,False,SOFT,2.0,False,Williams,0 days 00:56:29.223000,2026-07-24 12:13:24.816,1,,False,,False,False,,
432,0 days 00:59:59.860000,SAI,55,0 days 00:01:44.547000,13.0,4.0,,,28.632,37.262,38.653,0 days 00:58:43.945000,0 days 00:59:21.207000,0 days 00:59:59.860000,294.0,110.0,133.0,320.0,False,SOFT,3.0,False,Williams,0 days 00:58:15.313000,2026-07-24 12:15:10.906,1,,False,,False,True,104.547,104.547
433,0 days 01:01:56.932000,SAI,55,0 days 00:01:57.072000,14.0,4.0,,,45.626,40.235,31.211,0 days 01:00:45.486000,0 days 01:01:25.721000,0 days 01:01:56.932000,215.0,205.0,265.0,163.0,False,SOFT,4.0,False,Williams,0 days 00:59:59.860000,2026-07-24 12:16:55.453,1,,False,,False,True,117.072,117.07199999999999
434,0 days 01:04:48.840000,SAI,55,,15.0,4.0,,0 days 01:04:47.017000,98.261,42.106,31.618,0 days 01:03:35.156000,0 days 01:04:17.404000,0 days 01:04:48.879000,176.0,174.0,,323.0,False,SOFT,5.0,False,Williams,0 days 01:01:56.932000,2026-07-24 12:18:52.525,12,,False,,False,False,,171.98499999999999
435,0 days 01:07:11.413000,SAI,55,0 days 00:02:22.573000,16.0,5.0,0 days 01:05:27.267000,,84.866,32.694,25.013,0 days 01:06:13.706000,0 days 01:06:46.400000,0 days 01:07:11.413000,268.0,226.0,259.0,323.0,False,MEDIUM,11.0,False,Williams,0 days 01:04:48.840000,2026-07-24 12:21:44.433,1,,False,,False,False,142.573,142.573
436,0 days 01:08:36.760000,SAI,55,0 days 00:01:25.347000,17.0,5.0,,,29.574,31.361,24.412,0 days 01:07:40.987000,0 days 01:08:12.348000,0 days 01:08:36.760000,285.0,232.0,259.0,314.0,False,MEDIUM,12.0,False,Williams,0 days 01:07:11.413000,2026-07-24 12:24:07.006,1,,False,,False,True,85.347,85.34700000000001
437,0 days 01:10:02.084000,SAI,55,0 days 00:01:25.324000,18.0,5.0,,,29.653,31.169,24.502,0 days 01:09:06.413000,0 days 01:09:37.582000,0 days 01:10:02.084000,286.0,231.0,257.0,304.0,False,MEDIUM,13.0,False,Williams,0 days 01:08:36.760000,2026-07-24 12:25:32.353,1,,False,,False,True,85.324,85.324
438,0 days 01:11:30.563000,SAI,55,0 days 00:01:28.479000,19.0,5.0,,,29.741,31.338,27.4,0 days 01:10:31.825000,0 days 01:11:03.163000,0 days 01:11:30.563000,287.0,231.0,261.0,302.0,False,MEDIUM,14.0,False,Williams,0 days 01:10:02.084000,2026-07-24 12:26:57.677,1,,False,,False,True,88.479,88.479
439,0 days 01:12:56.245000,SAI,55,0 days 00:01:25.682000,20.0,5.0,,,29.862,31.244,24.576,0 days 01:12:00.425000,0 days 01:12:31.669000,0 days 01:12:56.245000,286.0,228.0,259.0,305.0,False,MEDIUM,15.0,False,Williams,0 days 01:11:30.563000,2026-07-24 12:28:26.156,1,,False,,False,True,85.682,85.68199999999999
440,0 days 01:14:22.259000,SAI,55,0 days 00:01:26.014000,21.0,5.0,,,29.805,31.499,24.71,0 days 01:13:26.050000,0 days 01:13:57.549000,0 days 01:14:22.259000,289.0,231.0,260.0,315.0,False,MEDIUM,16.0,False,Williams,0 days 01:12:56.245000,2026-07-24 12:29:51.838,1,,False,,False,True,86.014,86.01400000000001
441,0 days 01:16:24.838000,SAI,55,0 days 00:02:02.579000,22.0,5.0,,,40.492,43.037,39.05,0 days 01:15:02.751000,0 days 01:15:45.788000,0 days 01:16:24.838000,172.0,160.0,62.0,303.0,False,MEDIUM,17.0,False,Williams,0 days 01:14:22.259000,2026-07-24 12:31:17.852,1,,False,,False,True,122.579,122.579
442,0 days 01:18:27.920000,SAI,55,0 days 00:02:03.082000,23.0,5.0,,0 days 01:18:26.060000,59.891,33.127,30.064,0 days 01:17:24.729000,0 days 01:17:57.856000,0 days 01:18:27.920000,259.0,223.0,,257.0,False,MEDIUM,18.0,False,Williams,0 days 01:16:24.838000,2026-07-24 12:33:20.431,1,,False,,False,False,123.082,123.082
443,0 days 00:15:24.432000,ARO,61,,1.0,1.0,0 days 00:13:35.217000,,,37.164,29.131,,0 days 00:14:55.617000,0 days 00:15:24.685000,225.0,208.0,250.0,,False,MEDIUM,1.0,True,Alpine,0 days 00:13:35.217000,2026-07-24 11:30:30.810,1,,False,,False,False,,
444,0 days 00:16:48.673000,ARO,61,0 days 00:01:24.241000,2.0,1.0,,,29.637,30.594,24.01,0 days 00:15:54.069000,0 days 00:16:24.663000,0 days 00:16:48.673000,296.0,242.0,240.0,304.0,True,MEDIUM,2.0,True,Alpine,0 days 00:15:24.432000,2026-07-24 11:32:20.025,1,,False,,False,True,84.241,84.241
445,0 days 00:18:47.611000,ARO,61,0 days 00:01:58.938000,3.0,1.0,,0 days 00:18:45.937000,42.786,42.291,33.861,0 days 00:17:31.459000,0 days 00:18:13.750000,0 days 00:18:47.611000,174.0,166.0,,203.0,False,MEDIUM,3.0,True,Alpine,0 days 00:16:48.673000,2026-07-24 11:33:44.266,1,,False,,False,False,118.938,118.93799999999999
446,0 days 00:21:16.974000,ARO,61,0 days 00:02:29.363000,4.0,2.0,0 days 00:19:33.645000,,84.294,39.119,25.95,0 days 00:20:11.905000,0 days 00:20:51.024000,0 days 00:21:16.974000,230.0,217.0,266.0,203.0,False,MEDIUM,4.0,False,Alpine,0 days 00:18:47.611000,2026-07-24 11:35:43.204,1,,False,,False,False,149.363,149.363
447,0 days 00:23:08.542000,ARO,61,0 days 00:01:51.568000,5.0,2.0,,,38.498,42.577,30.493,0 days 00:21:55.472000,0 days 00:22:38.049000,0 days 00:23:08.542000,220.0,195.0,266.0,324.0,False,MEDIUM,5.0,False,Alpine,0 days 00:21:16.974000,2026-07-24 11:38:12.567,1,,True,TRACK LIMITS AT TURN 1 LAP 6 ,False,True,111.568,111.56799999999998
448,0 days 00:24:33.097000,ARO,61,0 days 00:01:24.555000,6.0,2.0,,,29.121,31.188,24.246,0 days 00:23:37.663000,0 days 00:24:08.851000,0 days 00:24:33.097000,286.0,240.0,239.0,323.0,False,MEDIUM,6.0,False,Alpine,0 days 00:23:08.542000,2026-07-24 11:40:04.135,1,,False,,False,True,84.555,84.55499999999999
449,0 days 00:26:36.574000,ARO,61,0 days 00:02:03.477000,7.0,2.0,,,46.184,49.462,27.831,0 days 00:25:19.281000,0 days 00:26:08.743000,0 days 00:26:36.574000,94.0,159.0,263.0,207.0,False,MEDIUM,7.0,False,Alpine,0 days 00:24:33.097000,2026-07-24 11:41:28.690,1,,False,,False,True,123.477,123.477
450,0 days 00:28:00.161000,ARO,61,0 days 00:01:23.587000,8.0,2.0,,,29.198,30.364,24.025,0 days 00:27:05.772000,0 days 00:27:36.136000,0 days 00:28:00.161000,290.0,245.0,237.0,324.0,True,MEDIUM,8.0,False,Alpine,0 days 00:26:36.574000,2026-07-24 11:43:32.167,1,,False,,False,True,83.587,83.58699999999999
451,0 days 00:29:54.613000,ARO,61,0 days 00:01:54.452000,9.0,2.0,,0 days 00:29:52.893000,40.75,42.09,31.612,0 days 00:28:40.911000,0 days 00:29:23.001000,0 days 00:29:54.613000,116.0,199.0,,214.0,False,MEDIUM,9.0,False,Alpine,0 days 00:28:00.161000,2026-07-24 11:44:55.754,1,,False,,False,False,114.452,114.452
452,0 days 00:43:08.763000,ARO,61,,10.0,3.0,0 days 00:41:22.299000,,,34.536,25.898,,0 days 00:42:43.131000,0 days 00:43:08.869000,245.0,213.0,265.0,214.0,False,SOFT,1.0,False,Alpine,0 days 00:29:54.613000,2026-07-24 11:46:50.206,1,,False,,False,False,,
453,0 days 00:44:33.092000,ARO,61,0 days 00:01:24.329000,11.0,3.0,,,28.815,29.642,25.872,0 days 00:43:37.578000,0 days 00:44:07.220000,0 days 00:44:33.092000,292.0,247.0,211.0,322.0,False,SOFT,2.0,False,Alpine,0 days 00:43:08.763000,2026-07-24 12:00:04.356,1,,False,,False,True,84.329,84.32900000000001
454,0 days 00:46:42.193000,ARO,61,0 days 00:02:09.101000,12.0,3.0,,,47.413,50.763,30.925,0 days 00:45:20.505000,0 days 00:46:11.268000,0 days 00:46:42.193000,137.0,166.0,193.0,164.0,False,SOFT,3.0,False,Alpine,0 days 00:44:33.092000,2026-07-24 12:01:28.685,1,,False,,False,True,129.101,129.101
455,0 days 00:48:31.806000,ARO,61,0 days 00:01:49.613000,13.0,3.0,,,35.896,46.057,27.66,0 days 00:47:18.089000,0 days 00:48:04.146000,0 days 00:48:31.806000,210.0,211.0,264.0,238.0,False,SOFT,4.0,False,Alpine,0 days 00:46:42.193000,2026-07-24 12:03:37.786,1,,False,,False,True,109.613,109.613
456,0 days 00:49:53.974000,ARO,61,0 days 00:01:22.168000,14.0,3.0,,,28.618,29.851,23.699,0 days 00:49:00.424000,0 days 00:49:30.275000,0 days 00:49:53.974000,293.0,249.0,246.0,322.0,True,SOFT,5.0,False,Alpine,0 days 00:48:31.806000,2026-07-24 12:05:27.399,12,,False,,False,True,82.168,82.16799999999999
457,0 days 00:57:35.108000,ARO,61,,15.0,3.0,,0 days 00:52:03.787000,,,,,,,,,,220.0,False,SOFT,6.0,False,Alpine,0 days 00:49:53.974000,2026-07-24 12:06:49.567,251,,False,,False,False,,
458,0 days 00:59:43.678000,ARO,61,,16.0,4.0,0 days 00:57:35.108000,,,36.608,25.326,,0 days 00:59:18.516000,0 days 00:59:43.766000,249.0,221.0,256.0,220.0,False,SOFT,7.0,False,Alpine,0 days 00:57:35.108000,2026-07-24 12:14:30.701,1,,False,,False,False,,
459,0 days 01:01:10.874000,ARO,61,0 days 00:01:27.196000,17.0,4.0,,,30.086,32.115,24.995,0 days 01:00:13.764000,0 days 01:00:45.879000,0 days 01:01:10.874000,281.0,226.0,256.0,296.0,False,SOFT,8.0,False,Alpine,0 days 00:59:43.678000,2026-07-24 12:16:39.271,1,,False,,False,True,87.196,87.196
460,0 days 01:02:37.844000,ARO,61,0 days 00:01:26.970000,18.0,4.0,,,29.873,32.06,25.037,0 days 01:01:40.747000,0 days 01:02:12.807000,0 days 01:02:37.844000,275.0,229.0,257.0,298.0,False,SOFT,9.0,False,Alpine,0 days 01:01:10.874000,2026-07-24 12:18:06.467,12,,False,,False,True,86.97,86.97
461,0 days 01:04:06.323000,ARO,61,0 days 00:01:28.479000,19.0,4.0,,,30.597,32.628,25.254,0 days 01:03:08.441000,0 days 01:03:41.069000,0 days 01:04:06.323000,274.0,224.0,258.0,294.0,False,SOFT,10.0,False,Alpine,0 days 01:02:37.844000,2026-07-24 12:19:33.437,21,,False,,False,True,88.479,88.479
462,0 days 01:05:33.013000,ARO,61,0 days 00:01:26.690000,20.0,4.0,,,30.021,31.8,24.869,0 days 01:04:36.344000,0 days 01:05:08.144000,0 days 01:05:33.013000,279.0,228.0,256.0,300.0,False,SOFT,11.0,False,Alpine,0 days 01:04:06.323000,2026-07-24 12:21:01.916,1,,False,,False,True,86.69,86.69
463,0 days 01:06:59.467000,ARO,61,0 days 00:01:26.454000,21.0,4.0,,,29.772,31.826,24.856,0 days 01:06:02.785000,0 days 01:06:34.611000,0 days 01:06:59.467000,286.0,228.0,256.0,315.0,False,SOFT,12.0,False,Alpine,0 days 01:05:33.013000,2026-07-24 12:22:28.606,1,,False,,False,True,86.454,86.45400000000001
464,0 days 01:08:26.116000,ARO,61,0 days 00:01:26.649000,22.0,4.0,,,29.845,31.953,24.851,0 days 01:07:29.312000,0 days 01:08:01.265000,0 days 01:08:26.116000,275.0,228.0,254.0,315.0,False,SOFT,13.0,False,Alpine,0 days 01:06:59.467000,2026-07-24 12:23:55.060,1,,False,,False,True,86.649,86.649
465,0 days 01:09:53.388000,ARO,61,0 days 00:01:27.272000,23.0,4.0,,,30.156,31.98,25.136,0 days 01:08:56.272000,0 days 01:09:28.252000,0 days 01:09:53.388000,278.0,227.0,254.0,314.0,False,SOFT,14.0,False,Alpine,0 days 01:08:26.116000,2026-07-24 12:25:21.709,1,,False,,False,True,87.272,87.27199999999999
466,0 days 01:11:26.480000,ARO,61,0 days 00:01:33.092000,24.0,4.0,,,34.594,33.226,25.272,0 days 01:10:27.982000,0 days 01:11:01.208000,0 days 01:11:26.480000,245.0,225.0,257.0,314.0,False,SOFT,15.0,False,Alpine,0 days 01:09:53.388000,2026-07-24 12:26:48.981,1,,False,,False,True,93.092,93.09199999999998
467,0 days 01:12:53.368000,ARO,61,0 days 00:01:26.888000,25.0,4.0,,,29.913,31.967,25.008,0 days 01:11:56.393000,0 days 01:12:28.360000,0 days 01:12:53.368000,280.0,225.0,256.0,317.0,False,SOFT,16.0,False,Alpine,0 days 01:11:26.480000,2026-07-24 12:28:22.073,1,,False,,False,True,86.888,86.88799999999999
468,0 days 01:14:21.523000,ARO,61,0 days 00:01:28.155000,26.0,4.0,,,30.749,32.339,25.067,0 days 01:13:24.117000,0 days 01:13:56.456000,0 days 01:14:21.523000,262.0,229.0,257.0,319.0,False,SOFT,17.0,False,Alpine,0 days 01:12:53.368000,2026-07-24 12:29:48.961,1,,False,,False,True,88.155,88.155
469,0 days 01:17:24.690000,ARO,61,,27.0,4.0,,,36.316,41.605,,0 days 01:14:58.046000,0 days 01:15:39.544000,,198.0,200.0,167.0,317.0,False,SOFT,18.0,False,Alpine,0 days 01:14:21.523000,2026-07-24 12:31:17.116,1,,False,,False,False,,
470,0 days 01:18:59.493000,ARO,61,0 days 00:01:34.803000,28.0,4.0,,0 days 01:18:57.654000,32.332,32.479,29.992,0 days 01:17:57.022000,0 days 01:18:29.501000,0 days 01:18:59.493000,277.0,226.0,,265.0,False,SOFT,19.0,False,Alpine,0 days 01:17:24.690000,2026-07-24 12:34:20.283,1,,False,,False,False,94.803,94.80300000000001
471,0 days 00:16:58.959000,RUS,63,,1.0,1.0,0 days 00:15:23.275000,,,33.959,24.878,,0 days 00:16:34.375000,0 days 00:16:59.145000,131.0,223.0,266.0,,False,MEDIUM,1.0,True,Mercedes,0 days 00:15:23.275000,2026-07-24 11:32:18.868,1,,False,,False,False,,
472,0 days 00:18:21.015000,RUS,63,0 days 00:01:22.056000,2.0,1.0,,,28.714,30.081,23.261,0 days 00:17:27.673000,0 days 00:17:57.754000,0 days 00:18:21.015000,294.0,246.0,255.0,320.0,True,MEDIUM,2.0,True,Mercedes,0 days 00:16:58.959000,2026-07-24 11:33:54.552,1,,False,,False,True,82.056,82.056
473,0 days 00:20:32.299000,RUS,63,0 days 00:02:11.284000,3.0,1.0,,0 days 00:20:30.610000,50.251,49.554,31.479,0 days 00:19:11.266000,0 days 00:20:00.820000,0 days 00:20:32.299000,147.0,215.0,,190.0,False,MEDIUM,3.0,True,Mercedes,0 days 00:18:21.015000,2026-07-24 11:35:16.608,1,,False,,False,False,131.284,131.284
474,0 days 00:22:59.363000,RUS,63,0 days 00:02:27.064000,4.0,2.0,0 days 00:21:21.349000,,83.785,34.719,28.56,0 days 00:21:56.084000,0 days 00:22:30.803000,0 days 00:22:59.363000,238.0,210.0,267.0,190.0,False,MEDIUM,4.0,False,Mercedes,0 days 00:20:32.299000,2026-07-24 11:37:27.892,1,,False,,False,False,147.064,147.064
475,0 days 00:24:20.554000,RUS,63,0 days 00:01:21.191000,5.0,2.0,,,28.326,29.623,23.242,0 days 00:23:27.689000,0 days 00:23:57.312000,0 days 00:24:20.554000,292.0,250.0,247.0,319.0,True,MEDIUM,5.0,False,Mercedes,0 days 00:22:59.363000,2026-07-24 11:39:54.956,1,,False,,False,True,81.191,81.191
476,0 days 00:26:34.651000,RUS,63,0 days 00:02:14.097000,6.0,2.0,,,52.757,48.299,33.041,0 days 00:25:13.311000,0 days 00:26:01.610000,0 days 00:26:34.651000,158.0,124.0,203.0,135.0,False,MEDIUM,6.0,False,Mercedes,0 days 00:24:20.554000,2026-07-24 11:41:16.147,1,,False,,False,True,134.097,134.09699999999998
477,0 days 00:28:13.263000,RUS,63,0 days 00:01:38.612000,7.0,2.0,,,36.304,35.401,26.907,0 days 00:27:10.955000,0 days 00:27:46.356000,0 days 00:28:13.263000,253.0,198.0,264.0,256.0,False,MEDIUM,7.0,False,Mercedes,0 days 00:26:34.651000,2026-07-24 11:43:30.244,1,,False,,False,True,98.612,98.61200000000001
478,0 days 00:29:34.106000,RUS,63,0 days 00:01:20.843000,8.0,2.0,,,28.453,29.38,23.01,0 days 00:28:41.716000,0 days 00:29:11.096000,0 days 00:29:34.106000,293.0,248.0,247.0,322.0,True,MEDIUM,8.0,False,Mercedes,0 days 00:28:13.263000,2026-07-24 11:45:08.856,1,,False,,False,True,80.843,80.843
479,0 days 00:31:16.286000,RUS,63,0 days 00:01:42.180000,9.0,2.0,,0 days 00:31:14.515000,34.775,38.163,29.242,0 days 00:30:08.881000,0 days 00:30:47.044000,0 days 00:31:16.286000,235.0,208.0,,273.0,False,MEDIUM,9.0,False,Mercedes,0 days 00:29:34.106000,2026-07-24 11:46:29.699,1,,False,,False,False,102.18,102.17999999999999
480,0 days 00:40:09.373000,RUS,63,,10.0,3.0,0 days 00:38:31.616000,,,35.412,24.89,,0 days 00:39:44.627000,0 days 00:40:09.564000,236.0,219.0,265.0,273.0,False,SOFT,1.0,False,Mercedes,0 days 00:31:16.286000,2026-07-24 11:48:11.879,1,,False,,False,False,,
481,0 days 00:41:29.439000,RUS,63,0 days 00:01:20.066000,11.0,3.0,,,28.191,29.064,22.811,0 days 00:40:37.564000,0 days 00:41:06.628000,0 days 00:41:29.439000,294.0,250.0,253.0,319.0,True,SOFT,2.0,False,Mercedes,0 days 00:40:09.373000,2026-07-24 11:57:04.966,1,,False,,False,True,80.066,80.066
482,0 days 00:43:51.349000,RUS,63,0 days 00:02:21.910000,12.0,3.0,,,54.331,51.007,36.572,0 days 00:42:23.770000,0 days 00:43:14.777000,0 days 00:43:51.349000,148.0,125.0,192.0,142.0,False,SOFT,3.0,False,Mercedes,0 days 00:41:29.439000,2026-07-24 11:58:25.032,1,,False,,False,True,141.91,141.91
483,0 days 00:45:39.894000,RUS,63,0 days 00:01:48.545000,13.0,3.0,,,41.5,41.413,25.632,0 days 00:44:32.849000,0 days 00:45:14.262000,0 days 00:45:39.894000,182.0,152.0,264.0,249.0,False,SOFT,4.0,False,Mercedes,0 days 00:43:51.349000,2026-07-24 12:00:46.942,1,,False,,False,True,108.545,108.545
484,0 days 00:47:23.760000,RUS,63,0 days 00:01:43.866000,14.0,3.0,,0 days 00:47:21.965000,36.951,36.717,30.198,0 days 00:46:16.845000,0 days 00:46:53.562000,0 days 00:47:23.760000,198.0,209.0,,320.0,False,SOFT,5.0,False,Mercedes,0 days 00:45:39.894000,2026-07-24 12:02:35.487,1,,False,,False,False,103.866,103.86600000000001
485,0 days 01:08:06.195000,RUS,63,,15.0,4.0,0 days 01:06:09.005000,,,32.567,24.791,,0 days 01:07:41.500000,0 days 01:08:06.329000,274.0,229.0,259.0,320.0,False,MEDIUM,10.0,False,Mercedes,0 days 01:06:09.005000,2026-07-24 12:23:04.598,1,,False,,False,False,,
486,0 days 01:09:31.119000,RUS,63,0 days 00:01:24.924000,16.0,4.0,,,29.559,31.059,24.306,0 days 01:08:35.754000,0 days 01:09:06.813000,0 days 01:09:31.119000,287.0,237.0,257.0,299.0,False,MEDIUM,11.0,False,Mercedes,0 days 01:08:06.195000,2026-07-24 12:25:01.788,1,,False,,False,True,84.924,84.924
487,0 days 01:11:03.267000,RUS,63,0 days 00:01:32.148000,17.0,4.0,,,36.59,31.525,24.033,0 days 01:10:07.709000,0 days 01:10:39.234000,0 days 01:11:03.267000,269.0,233.0,257.0,303.0,False,MEDIUM,12.0,False,Mercedes,0 days 01:09:31.119000,2026-07-24 12:26:26.712,1,,False,,False,True,92.148,92.14800000000001
488,0 days 01:12:27.639000,RUS,63,0 days 00:01:24.372000,18.0,4.0,,,29.36,30.853,24.159,0 days 01:11:32.627000,0 days 01:12:03.480000,0 days 01:12:27.639000,291.0,234.0,257.0,304.0,False,MEDIUM,13.0,False,Mercedes,0 days 01:11:03.267000,2026-07-24 12:27:58.860,1,,False,,False,True,84.372,84.372
489,0 days 01:13:52.162000,RUS,63,0 days 00:01:24.523000,19.0,4.0,,,29.525,30.677,24.321,0 days 01:12:57.164000,0 days 01:13:27.841000,0 days 01:13:52.162000,291.0,234.0,259.0,301.0,False,MEDIUM,14.0,False,Mercedes,0 days 01:12:27.639000,2026-07-24 12:29:23.232,1,,False,,False,True,84.523,84.523
490,0 days 01:16:35.950000,RUS,63,,20.0,4.0,,,43.366,48.534,71.906,0 days 01:14:35.714000,0 days 01:15:24.263000,0 days 01:16:35.996000,141.0,132.0,79.0,283.0,False,MEDIUM,15.0,False,Mercedes,0 days 01:13:52.162000,2026-07-24 12:30:47.755,1,,False,,False,False,,163.806
491,0 days 01:18:08.775000,RUS,63,0 days 00:01:32.825000,21.0,4.0,,0 days 01:18:06.988000,32.002,32.329,28.494,0 days 01:17:07.952000,0 days 01:17:40.281000,0 days 01:18:08.775000,265.0,227.0,,270.0,False,MEDIUM,16.0,False,Mercedes,0 days 01:16:35.950000,2026-07-24 12:33:31.543,1,,False,,False,False,92.825,92.825
492,0 days 00:16:27.539000,FOR,67,,1.0,1.0,0 days 00:13:59.872000,,,41.148,27.072,,0 days 00:16:00.618000,0 days 00:16:27.703000,189.0,201.0,256.0,,False,MEDIUM,1.0,True,McLaren,0 days 00:13:59.872000,2026-07-24 11:30:55.465,1,,False,,False,False,,
493,0 days 00:17:52.258000,FOR,67,0 days 00:01:24.719000,2.0,1.0,,,30.063,30.75,23.906,0 days 00:16:57.602000,0 days 00:17:28.352000,0 days 00:17:52.258000,281.0,240.0,256.0,317.0,True,MEDIUM,2.0,True,McLaren,0 days 00:16:27.539000,2026-07-24 11:33:23.132,1,,False,,False,True,84.719,84.719
494,0 days 00:19:47.591000,FOR,67,0 days 00:01:55.333000,3.0,1.0,,,38.814,43.716,32.803,0 days 00:18:31.072000,0 days 00:19:14.788000,0 days 00:19:47.591000,147.0,146.0,261.0,282.0,False,MEDIUM,3.0,True,McLaren,0 days 00:17:52.258000,2026-07-24 11:34:47.851,1,,False,,False,True,115.333,115.333
495,0 days 00:21:09.675000,FOR,67,0 days 00:01:22.084000,4.0,1.0,,,28.799,29.989,23.296,0 days 00:20:16.390000,0 days 00:20:46.379000,0 days 00:21:09.675000,294.0,243.0,251.0,319.0,True,MEDIUM,4.0,True,McLaren,0 days 00:19:47.591000,2026-07-24 11:36:43.184,1,,False,,False,True,82.084,82.084
496,0 days 00:23:02.378000,FOR,67,0 days 00:01:52.703000,5.0,1.0,,,39.025,43.005,30.673,0 days 00:21:48.700000,0 days 00:22:31.705000,0 days 00:23:02.378000,158.0,174.0,265.0,275.0,False,MEDIUM,5.0,True,McLaren,0 days 00:21:09.675000,2026-07-24 11:38:05.268,1,,False,,False,True,112.703,112.703
497,0 days 00:24:24.268000,FOR,67,0 days 00:01:21.890000,6.0,1.0,,,28.519,29.806,23.565,0 days 00:23:30.897000,0 days 00:24:00.703000,0 days 00:24:24.268000,298.0,244.0,252.0,322.0,True,MEDIUM,6.0,True,McLaren,0 days 00:23:02.378000,2026-07-24 11:39:57.971,1,,False,,False,True,81.89,81.89
498,0 days 00:26:17.843000,FOR,67,0 days 00:01:53.575000,7.0,1.0,,0 days 00:26:15.730000,38.656,39.161,35.758,0 days 00:25:02.924000,0 days 00:25:42.085000,0 days 00:26:17.843000,180.0,188.0,,267.0,False,MEDIUM,7.0,True,McLaren,0 days 00:24:24.268000,2026-07-24 11:41:19.861,1,,False,,False,False,113.575,113.57500000000002
499,0 days 00:35:10.245000,FOR,67,,8.0,2.0,0 days 00:33:05.071000,,,38.986,26.394,,0 days 00:34:44.002000,0 days 00:35:10.245000,204.0,191.0,261.0,267.0,False,MEDIUM,8.0,False,McLaren,0 days 00:26:17.843000,2026-07-24 11:43:13.436,1,,False,,False,False,,
500,0 days 00:36:32.245000,FOR,67,0 days 00:01:22,9.0,2.0,,,28.544,29.817,23.639,0 days 00:35:38.789000,0 days 00:36:08.606000,0 days 00:36:32.245000,296.0,246.0,250.0,318.0,False,MEDIUM,9.0,False,McLaren,0 days 00:35:10.245000,2026-07-24 11:52:05.838,1,,False,,False,True,82.0,82.0
501,0 days 00:38:18.586000,FOR,67,0 days 00:01:46.341000,10.0,2.0,,,38.642,41.505,26.194,0 days 00:37:10.887000,0 days 00:37:52.392000,0 days 00:38:18.586000,217.0,197.0,262.0,237.0,False,MEDIUM,10.0,False,McLaren,0 days 00:36:32.245000,2026-07-24 11:53:27.838,1,,False,,False,True,106.341,106.34100000000001
502,0 days 00:39:41.295000,FOR,67,0 days 00:01:22.709000,11.0,2.0,,,28.811,30.12,23.778,0 days 00:38:47.397000,0 days 00:39:17.517000,0 days 00:39:41.295000,294.0,243.0,250.0,316.0,False,MEDIUM,11.0,False,McLaren,0 days 00:38:18.586000,2026-07-24 11:55:14.179,1,,False,,False,True,82.709,82.709
503,0 days 00:41:33.989000,FOR,67,0 days 00:01:52.694000,12.0,2.0,,,39.086,44.239,29.369,0 days 00:40:20.381000,0 days 00:41:04.620000,0 days 00:41:33.989000,213.0,161.0,261.0,245.0,False,MEDIUM,12.0,False,McLaren,0 days 00:39:41.295000,2026-07-24 11:56:36.888,1,,False,,False,True,112.694,112.69399999999999
504,0 days 00:42:56.710000,FOR,67,0 days 00:01:22.721000,13.0,2.0,,,28.682,30.388,23.651,0 days 00:42:02.671000,0 days 00:42:33.059000,0 days 00:42:56.710000,296.0,236.0,253.0,319.0,False,MEDIUM,13.0,False,McLaren,0 days 00:41:33.989000,2026-07-24 11:58:29.582,1,,False,,False,True,82.721,82.721
505,0 days 00:44:49.798000,FOR,67,0 days 00:01:53.088000,14.0,2.0,,0 days 00:44:47.861000,38.222,41.511,33.355,0 days 00:43:34.932000,0 days 00:44:16.443000,0 days 00:44:49.798000,211.0,215.0,,234.0,False,MEDIUM,14.0,False,McLaren,0 days 00:42:56.710000,2026-07-24 11:59:52.303,1,,False,,False,False,113.088,113.088
506,0 days 00:46:54.810000,FOR,67,0 days 00:02:05.012000,15.0,3.0,0 days 00:45:13.752000,0 days 00:46:52.788000,56.888,37.393,30.731,0 days 00:45:46.686000,0 days 00:46:24.079000,0 days 00:46:54.810000,212.0,199.0,,234.0,False,MEDIUM,15.0,False,McLaren,0 days 00:44:49.798000,2026-07-24 12:01:45.391,1,,False,,False,False,125.012,125.012
507,0 days 00:49:02.334000,FOR,67,0 days 00:02:07.524000,16.0,4.0,0 days 00:47:18.062000,0 days 00:49:00.492000,55.053,40.079,32.392,0 days 00:47:49.863000,0 days 00:48:29.942000,0 days 00:49:02.334000,221.0,200.0,,234.0,False,MEDIUM,1.0,False,McLaren,0 days 00:46:54.810000,2026-07-24 12:03:50.403,1,,False,,False,False,127.524,127.524
508,0 days 00:56:45.420000,FOR,67,,17.0,5.0,0 days 00:49:24.795000,0 days 00:51:30.576000,60.09,,,0 days 00:50:02.615000,,,194.0,,,,False,MEDIUM,17.0,False,McLaren,0 days 00:49:02.334000,2026-07-24 12:05:57.927,125,,False,,False,False,,
509,0 days 00:58:35.267000,FOR,67,,18.0,6.0,0 days 00:56:45.420000,,,35.543,26.849,,0 days 00:58:08.515000,0 days 00:58:35.318000,218.0,200.0,267.0,234.0,False,SOFT,1.0,True,McLaren,0 days 00:56:45.420000,2026-07-24 12:13:41.013,1,,False,,False,False,,
510,0 days 01:00:32.334000,FOR,67,0 days 00:01:57.067000,19.0,6.0,,,36.351,43.271,37.445,0 days 00:59:11.618000,0 days 00:59:54.889000,0 days 01:00:32.334000,229.0,192.0,244.0,322.0,False,SOFT,2.0,True,McLaren,0 days 00:58:35.267000,2026-07-24 12:15:30.860,1,,True,TRACK LIMITS AT TURN 7 LAP 20 ,False,True,117.067,117.06700000000001
511,0 days 01:01:54.756000,FOR,67,0 days 00:01:22.422000,20.0,6.0,,,29.126,29.795,23.501,0 days 01:01:01.460000,0 days 01:01:31.255000,0 days 01:01:54.756000,293.0,245.0,254.0,291.0,False,SOFT,3.0,True,McLaren,0 days 01:00:32.334000,2026-07-24 12:17:27.927,1,,True,TRACK LIMITS AT TURN 3 LAP 21 ,False,True,82.422,82.42200000000001
512,0 days 01:03:54.043000,FOR,67,0 days 00:01:59.287000,21.0,6.0,,0 days 01:03:51.773000,40.653,46.511,32.123,0 days 01:02:35.409000,0 days 01:03:21.920000,0 days 01:03:54.043000,202.0,180.0,,231.0,False,SOFT,4.0,True,McLaren,0 days 01:01:54.756000,2026-07-24 12:18:50.349,12,,False,,False,False,119.287,119.287
513,0 days 01:06:13.674000,FOR,67,0 days 00:02:19.631000,22.0,7.0,0 days 01:04:16.829000,,61.907,47.848,29.876,0 days 01:04:55.950000,0 days 01:05:43.798000,0 days 01:06:13.674000,112.0,145.0,245.0,231.0,False,MEDIUM,18.0,False,McLaren,0 days 01:03:54.043000,2026-07-24 12:20:49.636,1,,True,TRACK LIMITS AT TURN 7 LAP 23 ,False,False,139.631,139.631
514,0 days 01:07:38.753000,FOR,67,0 days 00:01:25.079000,23.0,7.0,,,29.599,31.398,24.082,0 days 01:06:43.273000,0 days 01:07:14.671000,0 days 01:07:38.753000,275.0,234.0,261.0,299.0,False,MEDIUM,19.0,False,McLaren,0 days 01:06:13.674000,2026-07-24 12:23:09.267,1,,False,,False,True,85.079,85.07900000000001
515,0 days 01:09:02.754000,FOR,67,0 days 00:01:24.001000,24.0,7.0,,,28.919,30.982,24.1,0 days 01:08:07.672000,0 days 01:08:38.654000,0 days 01:09:02.754000,286.0,233.0,260.0,305.0,False,MEDIUM,20.0,False,McLaren,0 days 01:07:38.753000,2026-07-24 12:24:34.346,1,,False,,False,True,84.001,84.001
516,0 days 01:10:28.235000,FOR,67,0 days 00:01:25.481000,25.0,7.0,,,29.234,31.617,24.63,0 days 01:09:31.988000,0 days 01:10:03.605000,0 days 01:10:28.235000,285.0,230.0,261.0,312.0,False,MEDIUM,21.0,False,McLaren,0 days 01:09:02.754000,2026-07-24 12:25:58.347,1,,False,,False,True,85.481,85.481
517,0 days 01:11:58.008000,FOR,67,0 days 00:01:29.773000,26.0,7.0,,,29.793,31.95,28.03,0 days 01:10:58.028000,0 days 01:11:29.978000,0 days 01:11:58.008000,259.0,234.0,260.0,320.0,False,MEDIUM,22.0,False,McLaren,0 days 01:10:28.235000,2026-07-24 12:27:23.828,1,,False,,False,True,89.773,89.773
518,0 days 01:13:22.409000,FOR,67,0 days 00:01:24.401000,27.0,7.0,,,29.3,30.845,24.256,0 days 01:12:27.308000,0 days 01:12:58.153000,0 days 01:13:22.409000,285.0,237.0,258.0,294.0,False,MEDIUM,23.0,False,McLaren,0 days 01:11:58.008000,2026-07-24 12:28:53.601,1,,False,,False,True,84.401,84.401
519,0 days 01:15:55.497000,FOR,67,,28.0,7.0,,,38.205,48.24,66.514,0 days 01:14:00.915000,0 days 01:14:49.087000,0 days 01:15:55.500000,109.0,100.0,4.0,249.0,False,MEDIUM,24.0,False,McLaren,0 days 01:13:22.409000,2026-07-24 12:30:18.002,1,,False,,False,False,,152.959
520,0 days 01:17:51.727000,FOR,67,0 days 00:01:56.230000,29.0,7.0,,0 days 01:17:49.805000,40.014,42.398,33.818,0 days 01:16:35.511000,0 days 01:17:17.909000,0 days 01:17:51.727000,171.0,171.0,,267.0,False,MEDIUM,25.0,False,McLaren,0 days 01:15:55.497000,2026-07-24 12:32:51.090,1,,False,,False,False,116.23,116.23
521,0 days 00:16:22.789000,VES,72,,1.0,1.0,0 days 00:13:30.706000,,,36.72,25.876,,0 days 00:15:57.145000,0 days 00:16:22.984000,216.0,215.0,249.0,,False,MEDIUM,1.0,True,Mercedes,0 days 00:13:30.706000,2026-07-24 11:30:26.299,1,,False,,False,False,,
522,0 days 00:17:51.572000,VES,72,0 days 00:01:28.783000,2.0,1.0,,,31.257,32.983,24.543,0 days 00:16:54.046000,0 days 00:17:27.029000,0 days 00:17:51.572000,262.0,226.0,263.0,288.0,True,MEDIUM,2.0,True,Mercedes,0 days 00:16:22.789000,2026-07-24 11:33:18.382,1,,False,,False,True,88.783,88.78299999999999
523,0 days 00:19:18.041000,VES,72,0 days 00:01:26.469000,3.0,1.0,,,29.995,32.203,24.271,0 days 00:18:21.567000,0 days 00:18:53.770000,0 days 00:19:18.041000,271.0,234.0,264.0,304.0,True,MEDIUM,3.0,True,Mercedes,0 days 00:17:51.572000,2026-07-24 11:34:47.165,1,,False,,False,True,86.469,86.46900000000001
524,0 days 00:20:43.418000,VES,72,0 days 00:01:25.377000,4.0,1.0,,,29.65,31.736,23.991,0 days 00:19:47.691000,0 days 00:20:19.427000,0 days 00:20:43.418000,282.0,234.0,243.0,302.0,True,MEDIUM,4.0,True,Mercedes,0 days 00:19:18.041000,2026-07-24 11:36:13.634,1,,False,,False,True,85.377,85.377
525,0 days 00:22:30.753000,VES,72,0 days 00:01:47.335000,5.0,1.0,,0 days 00:22:29.014000,36.961,40.079,30.295,0 days 00:21:20.379000,0 days 00:22:00.458000,0 days 00:22:30.753000,204.0,187.0,,239.0,False,MEDIUM,5.0,True,Mercedes,0 days 00:20:43.418000,2026-07-24 11:37:39.011,1,,False,,False,False,107.335,107.335
526,0 days 00:33:30.912000,VES,72,,6.0,2.0,0 days 00:31:50.749000,,,34.869,25.452,,0 days 00:33:05.632000,0 days 00:33:30.955000,236.0,214.0,260.0,239.0,False,MEDIUM,6.0,False,Mercedes,0 days 00:22:30.753000,2026-07-24 11:39:26.346,1,,False,,False,False,,
527,0 days 00:34:53.743000,VES,72,0 days 00:01:22.831000,7.0,2.0,,,29.079,30.308,23.444,0 days 00:33:59.991000,0 days 00:34:30.299000,0 days 00:34:53.743000,284.0,247.0,250.0,319.0,True,MEDIUM,7.0,False,Mercedes,0 days 00:33:30.912000,2026-07-24 11:50:26.505,1,,False,,False,True,82.831,82.831
528,0 days 00:36:59.031000,VES,72,0 days 00:02:05.288000,8.0,2.0,,,40.682,57.365,27.241,0 days 00:35:34.425000,0 days 00:36:31.790000,0 days 00:36:59.031000,148.0,129.0,264.0,274.0,False,MEDIUM,8.0,False,Mercedes,0 days 00:34:53.743000,2026-07-24 11:51:49.336,1,,False,,False,True,125.288,125.288
529,0 days 00:38:21.045000,VES,72,0 days 00:01:22.014000,9.0,2.0,,,28.844,30.054,23.116,0 days 00:37:27.875000,0 days 00:37:57.929000,0 days 00:38:21.045000,288.0,248.0,252.0,320.0,True,MEDIUM,9.0,False,Mercedes,0 days 00:36:59.031000,2026-07-24 11:53:54.624,1,,False,,False,True,82.014,82.014
530,0 days 00:40:30.261000,VES,72,0 days 00:02:09.216000,10.0,2.0,,,50.336,53.678,25.202,0 days 00:39:11.381000,0 days 00:40:05.059000,0 days 00:40:30.261000,128.0,209.0,262.0,276.0,False,MEDIUM,10.0,False,Mercedes,0 days 00:38:21.045000,2026-07-24 11:55:16.638,1,,False,,False,True,129.216,129.216
531,0 days 00:41:52.360000,VES,72,0 days 00:01:22.099000,11.0,2.0,,,28.584,30.241,23.274,0 days 00:40:58.845000,0 days 00:41:29.086000,0 days 00:41:52.360000,291.0,247.0,253.0,316.0,False,MEDIUM,11.0,False,Mercedes,0 days 00:40:30.261000,2026-07-24 11:57:25.854,1,,False,,False,True,82.099,82.099
532,0 days 00:43:18.430000,VES,72,0 days 00:01:26.070000,12.0,2.0,,,30.613,31.426,24.031,0 days 00:42:22.973000,0 days 00:42:54.399000,0 days 00:43:18.430000,281.0,235.0,267.0,276.0,False,MEDIUM,12.0,False,Mercedes,0 days 00:41:52.360000,2026-07-24 11:58:47.953,1,,False,,False,True,86.07,86.07
533,0 days 00:44:42.415000,VES,72,0 days 00:01:23.985000,13.0,2.0,,,29.166,31.022,23.797,0 days 00:43:47.596000,0 days 00:44:18.618000,0 days 00:44:42.415000,276.0,236.0,266.0,321.0,False,MEDIUM,13.0,False,Mercedes,0 days 00:43:18.430000,2026-07-24 12:00:14.023,1,,False,,False,True,83.985,83.985
534,0 days 00:46:07.696000,VES,72,0 days 00:01:25.281000,14.0,2.0,,,29.427,31.617,24.237,0 days 00:45:11.842000,0 days 00:45:43.459000,0 days 00:46:07.696000,276.0,235.0,265.0,323.0,False,MEDIUM,14.0,False,Mercedes,0 days 00:44:42.415000,2026-07-24 12:01:38.008,1,,False,,False,True,85.281,85.28099999999999
535,0 days 00:47:54.534000,VES,72,0 days 00:01:46.838000,15.0,2.0,,0 days 00:47:52.708000,38.396,38.98,29.462,0 days 00:46:46.092000,0 days 00:47:25.072000,0 days 00:47:54.534000,211.0,198.0,,260.0,False,MEDIUM,15.0,False,Mercedes,0 days 00:46:07.696000,2026-07-24 12:03:03.289,1,,False,,False,False,106.838,106.83800000000001
536,0 days 00:58:29.402000,VES,72,,16.0,3.0,0 days 00:56:34.743000,,,40.729,28.595,,0 days 00:58:00.915000,0 days 00:58:29.539000,240.0,204.0,267.0,260.0,False,SOFT,1.0,True,Mercedes,0 days 00:56:34.743000,2026-07-24 12:13:30.336,1,,False,,False,False,,
537,0 days 00:59:49.869000,VES,72,0 days 00:01:20.467000,17.0,3.0,,,28.3,29.29,22.877,0 days 00:58:57.702000,0 days 00:59:26.992000,0 days 00:59:49.869000,288.0,253.0,253.0,325.0,True,SOFT,2.0,True,Mercedes,0 days 00:58:29.402000,2026-07-24 12:15:24.995,1,,False,,False,True,80.467,80.467
538,0 days 01:02:10.693000,VES,72,0 days 00:02:20.824000,18.0,3.0,,0 days 01:02:09.015000,51.678,53.522,35.624,0 days 01:00:41.547000,0 days 01:01:35.069000,0 days 01:02:10.693000,108.0,201.0,,278.0,False,SOFT,3.0,True,Mercedes,0 days 00:59:49.869000,2026-07-24 12:16:45.462,12,,False,,False,False,140.824,140.82399999999998
539,0 days 01:04:13.463000,VES,72,0 days 00:02:02.770000,19.0,4.0,0 days 01:02:25.449000,,53.985,43.434,25.351,0 days 01:03:04.678000,0 days 01:03:48.112000,0 days 01:04:13.463000,172.0,212.0,265.0,278.0,False,SOFT,4.0,False,Mercedes,0 days 01:02:10.693000,2026-07-24 12:19:06.286,21,,False,,False,False,122.77,122.77
540,0 days 01:05:35.500000,VES,72,0 days 00:01:22.037000,20.0,4.0,,,28.511,30.407,23.119,0 days 01:04:41.974000,0 days 01:05:12.381000,0 days 01:05:35.500000,282.0,246.0,255.0,321.0,False,SOFT,5.0,False,Mercedes,0 days 01:04:13.463000,2026-07-24 12:21:09.056,1,,False,,False,True,82.037,82.037
541,0 days 01:07:10.580000,VES,72,0 days 00:01:35.080000,21.0,4.0,,0 days 01:07:08.734000,31.823,34.22,29.037,0 days 01:06:07.323000,0 days 01:06:41.543000,0 days 01:07:10.580000,250.0,220.0,,280.0,False,SOFT,6.0,False,Mercedes,0 days 01:05:35.500000,2026-07-24 12:22:31.093,1,,False,,False,False,95.08,95.08000000000001
542,0 days 01:14:13.013000,VES,72,,22.0,5.0,0 days 01:12:17.859000,,,33.853,24.398,,0 days 01:13:48.700000,0 days 01:14:13.013000,231.0,227.0,256.0,280.0,False,MEDIUM,16.0,False,Mercedes,0 days 01:07:10.580000,2026-07-24 12:24:06.173,1,,False,,False,False,,
543,0 days 01:16:58.309000,VES,72,,23.0,5.0,,,37.236,42.612,85.479,0 days 01:14:50.388000,0 days 01:15:32.951000,0 days 01:16:58.309000,233.0,202.0,148.0,306.0,False,MEDIUM,17.0,False,Mercedes,0 days 01:14:13.013000,2026-07-24 12:31:08.606,1,,False,,False,False,,165.327
544,0 days 01:18:46.696000,VES,72,0 days 00:01:48.387000,24.0,5.0,,0 days 01:18:44.816000,37.485,41.637,29.265,0 days 01:17:35.794000,0 days 01:18:17.431000,0 days 01:18:46.696000,120.0,216.0,,270.0,False,MEDIUM,18.0,False,Mercedes,0 days 01:16:58.309000,2026-07-24 12:33:53.902,1,,False,,False,False,108.387,108.387
