,Time,Driver,DriverNumber,LapTime,LapNumber,Stint,PitOutTime,PitInTime,Sector1Time,Sector2Time,Sector3Time,Sector1SessionTime,Sector2SessionTime,Sector3SessionTime,SpeedI1,SpeedI2,SpeedFL,SpeedST,IsPersonalBest,Compound,TyreLife,FreshTyre,Team,LapStartTime,LapStartDate,TrackStatus,Position,Deleted,DeletedReason,FastF1Generated,IsAccurate,LapTime_in_seconds,laptime_sum_sectortimes
0,0 days 00:20:19.908000,VER,1,,1.0,1.0,0 days 00:18:33.392000,,,46.433,27.011,,0 days 00:19:53.059000,0 days 00:20:20.023000,209.0,244.0,276.0,193.0,False,HARD,1.0,True,Red Bull Racing,0 days 00:18:33.392000,2022-03-18 12:03:33.405,1,,False,,False,False,,
1,0 days 00:21:57.674000,VER,1,0 days 00:01:37.766000,2.0,1.0,,,30.695,41.58,25.491,0 days 00:20:50.603000,0 days 00:21:32.183000,0 days 00:21:57.674000,228.0,263.0,176.0,306.0,True,HARD,2.0,True,Red Bull Racing,0 days 00:20:19.908000,2022-03-18 12:05:19.921,12,,False,,False,True,97.766,97.766
2,0 days 00:36:10.140000,VER,1,,3.0,1.0,,0 days 00:24:20.357000,47.032,,,0 days 00:22:44.832000,,,163.0,,,180.0,False,HARD,3.0,True,Red Bull Racing,0 days 00:21:57.674000,2022-03-18 12:06:57.687,251,,False,,False,False,,
3,0 days 00:38:04.834000,VER,1,,4.0,2.0,0 days 00:36:10.140000,,,45.882,35.73,,0 days 00:37:29.212000,0 days 00:38:04.888000,206.0,236.0,276.0,190.0,False,MEDIUM,1.0,True,Red Bull Racing,0 days 00:36:10.140000,2022-03-18 12:21:10.153,1,,False,,False,False,,
4,0 days 00:39:39.617000,VER,1,0 days 00:01:34.783000,5.0,2.0,,,30.119,40.789,23.875,0 days 00:38:34.953000,0 days 00:39:15.742000,0 days 00:39:39.617000,232.0,263.0,278.0,309.0,True,MEDIUM,2.0,True,Red Bull Racing,0 days 00:38:04.834000,2022-03-18 12:23:04.847,1,,False,,False,True,94.783,94.783
5,0 days 00:41:48.377000,VER,1,0 days 00:02:08.760000,6.0,2.0,,,42.765,60.164,25.831,0 days 00:40:22.382000,0 days 00:41:22.546000,0 days 00:41:48.377000,146.0,181.0,278.0,288.0,False,MEDIUM,3.0,True,Red Bull Racing,0 days 00:39:39.617000,2022-03-18 12:24:39.630,1,,False,,False,True,128.76,128.76
6,0 days 00:43:23.119000,VER,1,0 days 00:01:34.742000,7.0,2.0,,,30.224,40.815,23.703,0 days 00:42:18.601000,0 days 00:42:59.416000,0 days 00:43:23.119000,231.0,263.0,279.0,310.0,True,MEDIUM,4.0,True,Red Bull Racing,0 days 00:41:48.377000,2022-03-18 12:26:48.390,1,,False,,False,True,94.742,94.742
7,0 days 00:45:16.337000,VER,1,0 days 00:01:53.218000,8.0,2.0,,0 days 00:45:14.568000,34.951,49.152,29.115,0 days 00:43:58.070000,0 days 00:44:47.222000,0 days 00:45:16.337000,179.0,200.0,,258.0,False,MEDIUM,5.0,True,Red Bull Racing,0 days 00:43:23.119000,2022-03-18 12:28:23.132,1,,False,,False,False,113.218,113.218
8,0 days 00:56:26.499000,VER,1,,9.0,3.0,0 days 00:54:27.597000,0 days 00:56:24.693000,,44.702,28.84,,0 days 00:55:57.772000,0 days 00:56:26.499000,204.0,243.0,,192.0,False,MEDIUM,6.0,False,Red Bull Racing,0 days 00:45:16.337000,2022-03-18 12:30:16.350,12,,False,,False,False,,
9,0 days 00:58:37.303000,VER,1,0 days 00:02:10.804000,10.0,4.0,0 days 00:56:46.437000,,63.657,42.7,24.447,0 days 00:57:30.156000,0 days 00:58:12.856000,0 days 00:58:37.303000,227.0,254.0,270.0,199.0,False,MEDIUM,7.0,False,Red Bull Racing,0 days 00:56:26.499000,2022-03-18 12:41:26.512,12,,False,,False,False,130.804,130.804
10,0 days 01:00:16.005000,VER,1,0 days 00:01:38.702000,11.0,4.0,,,31.52,42.499,24.683,0 days 00:59:08.823000,0 days 00:59:51.322000,0 days 01:00:16.005000,227.0,255.0,264.0,291.0,False,MEDIUM,8.0,False,Red Bull Racing,0 days 00:58:37.303000,2022-03-18 12:43:37.316,1,,False,,False,True,98.702,98.702
11,0 days 01:01:55.195000,VER,1,0 days 00:01:39.190000,12.0,4.0,,,31.789,42.89,24.511,0 days 01:00:47.794000,0 days 01:01:30.684000,0 days 01:01:55.195000,224.0,255.0,265.0,285.0,False,MEDIUM,9.0,False,Red Bull Racing,0 days 01:00:16.005000,2022-03-18 12:45:16.018,1,,False,,False,True,99.19,99.19
12,0 days 01:03:34.067000,VER,1,0 days 00:01:38.872000,13.0,4.0,,,31.787,42.524,24.561,0 days 01:02:26.982000,0 days 01:03:09.506000,0 days 01:03:34.067000,223.0,255.0,265.0,282.0,False,MEDIUM,10.0,False,Red Bull Racing,0 days 01:01:55.195000,2022-03-18 12:46:55.208,1,,False,,False,True,98.872,98.87200000000001
13,0 days 01:05:12.957000,VER,1,0 days 00:01:38.890000,14.0,4.0,,,31.824,42.433,24.633,0 days 01:04:05.891000,0 days 01:04:48.324000,0 days 01:05:12.957000,224.0,253.0,268.0,284.0,False,MEDIUM,11.0,False,Red Bull Racing,0 days 01:03:34.067000,2022-03-18 12:48:34.080,1,,False,,False,True,98.89,98.89
14,0 days 01:06:52.017000,VER,1,0 days 00:01:39.060000,15.0,4.0,,,31.644,42.611,24.805,0 days 01:05:44.601000,0 days 01:06:27.212000,0 days 01:06:52.017000,224.0,254.0,266.0,289.0,False,MEDIUM,12.0,False,Red Bull Racing,0 days 01:05:12.957000,2022-03-18 12:50:12.970,1,,False,,False,True,99.06,99.06
15,0 days 01:08:31.879000,VER,1,0 days 00:01:39.862000,16.0,4.0,,,31.83,42.657,25.375,0 days 01:07:23.847000,0 days 01:08:06.504000,0 days 01:08:31.879000,226.0,253.0,264.0,284.0,False,MEDIUM,13.0,False,Red Bull Racing,0 days 01:06:52.017000,2022-03-18 12:51:52.030,1,,False,,False,True,99.862,99.862
16,0 days 01:10:11.244000,VER,1,0 days 00:01:39.365000,17.0,4.0,,,32.009,42.772,24.584,0 days 01:09:03.888000,0 days 01:09:46.660000,0 days 01:10:11.244000,223.0,254.0,268.0,282.0,False,MEDIUM,14.0,False,Red Bull Racing,0 days 01:08:31.879000,2022-03-18 12:53:31.892,1,,False,,False,True,99.365,99.36500000000001
17,0 days 01:11:50.003000,VER,1,0 days 00:01:38.759000,18.0,4.0,,,31.695,42.627,24.437,0 days 01:10:42.939000,0 days 01:11:25.566000,0 days 01:11:50.003000,227.0,255.0,269.0,283.0,False,MEDIUM,15.0,False,Red Bull Racing,0 days 01:10:11.244000,2022-03-18 12:55:11.257,1,,False,,False,True,98.759,98.759
18,0 days 01:13:29.253000,VER,1,0 days 00:01:39.250000,19.0,4.0,,,31.819,42.776,24.655,0 days 01:12:21.822000,0 days 01:13:04.598000,0 days 01:13:29.253000,226.0,256.0,266.0,282.0,False,MEDIUM,16.0,False,Red Bull Racing,0 days 01:11:50.003000,2022-03-18 12:56:50.016,1,,False,,False,True,99.25,99.25
19,0 days 01:15:08.851000,VER,1,0 days 00:01:39.598000,20.0,4.0,,,31.794,43.095,24.709,0 days 01:14:01.047000,0 days 01:14:44.142000,0 days 01:15:08.851000,223.0,256.0,266.0,287.0,False,MEDIUM,17.0,False,Red Bull Racing,0 days 01:13:29.253000,2022-03-18 12:58:29.266,1,,False,,False,True,99.598,99.598
20,0 days 01:17:20.051000,VER,1,0 days 00:02:11.200000,21.0,4.0,,,39.459,52.633,39.108,0 days 01:15:48.310000,0 days 01:16:40.943000,0 days 01:17:20.051000,175.0,176.0,60.0,233.0,False,MEDIUM,18.0,False,Red Bull Racing,0 days 01:15:08.851000,2022-03-18 13:00:08.864,1,,False,,False,True,131.2,131.20000000000002
21,0 days 01:19:44.307000,VER,1,0 days 00:02:24.256000,22.0,4.0,,0 days 01:19:42.516000,65.784,49.425,29.047,0 days 01:18:25.835000,0 days 01:19:15.260000,0 days 01:19:44.307000,170.0,206.0,,249.0,False,MEDIUM,19.0,False,Red Bull Racing,0 days 01:17:20.051000,2022-03-18 13:02:20.064,1,,False,,False,False,144.256,144.256
22,0 days 00:17:43.897000,RIC,3,,1.0,1.0,0 days 00:15:49.732000,,,49.462,30.905,,0 days 00:17:13.407000,0 days 00:17:43.946000,212.0,241.0,274.0,199.0,False,SOFT,1.0,True,McLaren,0 days 00:15:49.732000,2022-03-18 12:00:49.745,1,,False,,False,False,,
23,0 days 00:19:20.815000,RIC,3,0 days 00:01:36.918000,2.0,1.0,,,30.868,41.695,24.355,0 days 00:18:14.765000,0 days 00:18:56.460000,0 days 00:19:20.815000,233.0,262.0,267.0,300.0,True,SOFT,2.0,True,McLaren,0 days 00:17:43.897000,2022-03-18 12:02:43.910,1,,False,,False,True,96.918,96.918
24,0 days 00:21:10.307000,RIC,3,0 days 00:01:49.492000,3.0,1.0,,0 days 00:21:08.557000,31.754,46.567,31.171,0 days 00:19:52.569000,0 days 00:20:39.136000,0 days 00:21:10.307000,231.0,207.0,,282.0,False,SOFT,3.0,True,McLaren,0 days 00:19:20.815000,2022-03-18 12:04:20.828,1,,False,,False,False,109.492,109.49199999999999
25,0 days 00:37:46.777000,RIC,3,,4.0,2.0,0 days 00:35:35.298000,,,48.791,47.65,,0 days 00:36:59.219000,0 days 00:37:46.802000,203.0,213.0,274.0,208.0,False,SOFT,4.0,False,McLaren,0 days 00:35:35.298000,2022-03-18 12:20:35.311,1,,False,,False,False,,
26,0 days 00:39:23.522000,RIC,3,0 days 00:01:36.745000,5.0,2.0,,,30.683,41.603,24.459,0 days 00:38:17.460000,0 days 00:38:59.063000,0 days 00:39:23.522000,235.0,261.0,277.0,304.0,True,SOFT,5.0,False,McLaren,0 days 00:37:46.777000,2022-03-18 12:22:46.790,1,,False,,False,True,96.745,96.745
27,0 days 00:41:36.584000,RIC,3,0 days 00:02:13.062000,6.0,2.0,,,41.888,61.308,29.866,0 days 00:40:05.410000,0 days 00:41:06.718000,0 days 00:41:36.584000,172.0,180.0,275.0,242.0,False,SOFT,6.0,False,McLaren,0 days 00:39:23.522000,2022-03-18 12:24:23.535,1,,False,,False,True,133.062,133.062
28,0 days 00:43:13.462000,RIC,3,0 days 00:01:36.878000,7.0,2.0,,,30.692,41.828,24.358,0 days 00:42:07.276000,0 days 00:42:49.104000,0 days 00:43:13.462000,234.0,257.0,277.0,305.0,False,SOFT,7.0,False,McLaren,0 days 00:41:36.584000,2022-03-18 12:26:36.597,1,,False,,False,True,96.878,96.87800000000001
29,0 days 00:45:33.808000,RIC,3,0 days 00:02:20.346000,8.0,2.0,,,44.742,64.498,31.106,0 days 00:43:58.204000,0 days 00:45:02.702000,0 days 00:45:33.808000,87.0,186.0,276.0,246.0,False,SOFT,8.0,False,McLaren,0 days 00:43:13.462000,2022-03-18 12:28:13.475,1,,False,,False,True,140.346,140.346
30,0 days 00:47:10.210000,RIC,3,0 days 00:01:36.402000,9.0,2.0,,,30.592,41.658,24.152,0 days 00:46:04.400000,0 days 00:46:46.058000,0 days 00:47:10.210000,234.0,262.0,278.0,306.0,True,SOFT,9.0,False,McLaren,0 days 00:45:33.808000,2022-03-18 12:30:33.821,1,,False,,False,True,96.402,96.402
31,0 days 00:49:04.191000,RIC,3,0 days 00:01:53.981000,10.0,2.0,,0 days 00:49:02.402000,35.469,47.693,30.819,0 days 00:47:45.679000,0 days 00:48:33.372000,0 days 00:49:04.191000,204.0,231.0,,256.0,False,SOFT,10.0,False,McLaren,0 days 00:47:10.210000,2022-03-18 12:32:10.223,1,,False,,False,False,113.981,113.98100000000001
32,0 days 01:03:14.489000,RIC,3,,11.0,3.0,0 days 01:01:11.961000,,,50.818,34.586,,0 days 01:02:40.006000,0 days 01:03:14.489000,212.0,223.0,276.0,200.0,False,MEDIUM,1.0,True,McLaren,0 days 00:49:04.191000,2022-03-18 12:34:04.204,12,,False,,False,False,,
33,0 days 01:05:04.153000,RIC,3,0 days 00:01:49.664000,12.0,3.0,,,30.732,44.729,34.203,0 days 01:03:45.221000,0 days 01:04:29.950000,0 days 01:05:04.153000,234.0,192.0,278.0,304.0,False,MEDIUM,2.0,True,McLaren,0 days 01:03:14.489000,2022-03-18 12:48:14.502,1,,False,,False,True,109.664,109.664
34,0 days 01:07:10.179000,RIC,3,0 days 00:02:06.026000,13.0,3.0,,,35.804,61.11,29.112,0 days 01:05:39.957000,0 days 01:06:41.067000,0 days 01:07:10.179000,99.0,95.0,274.0,308.0,False,MEDIUM,3.0,True,McLaren,0 days 01:05:04.153000,2022-03-18 12:50:04.166,1,,False,,False,True,126.026,126.026
35,0 days 01:08:47.535000,RIC,3,0 days 00:01:37.356000,14.0,3.0,,,31.046,41.863,24.447,0 days 01:07:41.225000,0 days 01:08:23.088000,0 days 01:08:47.535000,227.0,263.0,270.0,303.0,False,MEDIUM,4.0,True,McLaren,0 days 01:07:10.179000,2022-03-18 12:52:10.192,1,,False,,False,True,97.356,97.356
36,0 days 01:10:26.154000,RIC,3,0 days 00:01:38.619000,15.0,3.0,,,31.843,42.48,24.296,0 days 01:09:19.378000,0 days 01:10:01.858000,0 days 01:10:26.154000,231.0,255.0,271.0,285.0,False,MEDIUM,5.0,True,McLaren,0 days 01:08:47.535000,2022-03-18 12:53:47.548,1,,False,,False,True,98.619,98.619
37,0 days 01:12:04.684000,RIC,3,0 days 00:01:38.530000,16.0,3.0,,,31.795,42.421,24.314,0 days 01:10:57.949000,0 days 01:11:40.370000,0 days 01:12:04.684000,230.0,250.0,269.0,277.0,False,MEDIUM,6.0,True,McLaren,0 days 01:10:26.154000,2022-03-18 12:55:26.167,1,,False,,False,True,98.53,98.53
38,0 days 01:13:43.548000,RIC,3,0 days 00:01:38.864000,17.0,3.0,,,31.849,42.68,24.335,0 days 01:12:36.533000,0 days 01:13:19.213000,0 days 01:13:43.548000,229.0,250.0,271.0,275.0,False,MEDIUM,7.0,True,McLaren,0 days 01:12:04.684000,2022-03-18 12:57:04.697,1,,False,,False,True,98.864,98.864
39,0 days 01:15:21.935000,RIC,3,0 days 00:01:38.387000,18.0,3.0,,,31.599,42.485,24.303,0 days 01:14:15.147000,0 days 01:14:57.632000,0 days 01:15:21.935000,231.0,250.0,272.0,280.0,False,MEDIUM,8.0,True,McLaren,0 days 01:13:43.548000,2022-03-18 12:58:43.561,1,,False,,False,True,98.387,98.387
40,0 days 01:17:34.263000,RIC,3,0 days 00:02:12.328000,19.0,3.0,,,36.925,51.141,44.262,0 days 01:15:58.860000,0 days 01:16:50.001000,0 days 01:17:34.263000,171.0,204.0,77.0,211.0,False,MEDIUM,9.0,True,McLaren,0 days 01:15:21.935000,2022-03-18 13:00:21.948,1,,False,,False,True,132.328,132.328
41,0 days 01:20:00.559000,RIC,3,0 days 00:02:26.296000,20.0,3.0,,0 days 01:19:58.746000,72.974,45.547,27.775,0 days 01:18:47.237000,0 days 01:19:32.784000,0 days 01:20:00.559000,198.0,234.0,,257.0,False,MEDIUM,10.0,True,McLaren,0 days 01:17:34.263000,2022-03-18 13:02:34.276,1,,False,,False,False,146.296,146.296
42,0 days 00:18:50.616000,NOR,4,,1.0,1.0,0 days 00:16:50.517000,,,49.387,26.395,,0 days 00:18:24.375000,0 days 00:18:50.677000,211.0,230.0,270.0,191.0,False,SOFT,1.0,True,McLaren,0 days 00:16:50.517000,2022-03-18 12:01:50.530,1,,False,,False,False,,
43,0 days 00:20:27.200000,NOR,4,0 days 00:01:36.584000,2.0,1.0,,,31.02,41.501,24.063,0 days 00:19:21.636000,0 days 00:20:03.137000,0 days 00:20:27.200000,230.0,260.0,275.0,297.0,True,SOFT,2.0,True,McLaren,0 days 00:18:50.616000,2022-03-18 12:03:50.629,1,,False,,False,True,96.584,96.584
44,0 days 00:22:24.613000,NOR,4,0 days 00:01:57.413000,3.0,1.0,,0 days 00:22:22.879000,36.062,50.924,30.427,0 days 00:21:03.262000,0 days 00:21:54.186000,0 days 00:22:24.613000,198.0,201.0,,283.0,False,SOFT,3.0,True,McLaren,0 days 00:20:27.200000,2022-03-18 12:05:27.213,125,,False,,False,False,117.413,117.41299999999998
45,0 days 00:37:34.669000,NOR,4,,4.0,2.0,0 days 00:35:04.696000,,,48.994,42.211,,0 days 00:36:52.568000,0 days 00:37:34.736000,179.0,216.0,270.0,158.0,False,SOFT,4.0,False,McLaren,0 days 00:35:04.696000,2022-03-18 12:20:04.709,1,,False,,False,False,,
46,0 days 00:39:11.318000,NOR,4,0 days 00:01:36.649000,5.0,2.0,,,31.019,41.284,24.346,0 days 00:38:05.688000,0 days 00:38:46.972000,0 days 00:39:11.318000,232.0,261.0,275.0,300.0,False,SOFT,5.0,False,McLaren,0 days 00:37:34.669000,2022-03-18 12:22:34.682,1,,False,,False,True,96.649,96.649
47,0 days 00:41:23.033000,NOR,4,0 days 00:02:11.715000,6.0,2.0,,,41.923,60.075,29.717,0 days 00:39:53.241000,0 days 00:40:53.316000,0 days 00:41:23.033000,160.0,174.0,274.0,264.0,False,SOFT,6.0,False,McLaren,0 days 00:39:11.318000,2022-03-18 12:24:11.331,1,,False,,False,True,131.715,131.715
48,0 days 00:42:59.431000,NOR,4,0 days 00:01:36.398000,7.0,2.0,,,30.86,41.351,24.187,0 days 00:41:53.893000,0 days 00:42:35.244000,0 days 00:42:59.431000,230.0,261.0,276.0,303.0,True,SOFT,7.0,False,McLaren,0 days 00:41:23.033000,2022-03-18 12:26:23.046,1,,False,,False,True,96.398,96.398
49,0 days 00:45:16.250000,NOR,4,0 days 00:02:16.819000,8.0,2.0,,,44.17,63.1,29.549,0 days 00:43:43.601000,0 days 00:44:46.701000,0 days 00:45:16.250000,147.0,205.0,275.0,268.0,False,SOFT,8.0,False,McLaren,0 days 00:42:59.431000,2022-03-18 12:27:59.444,1,,False,,False,True,136.819,136.81900000000002
50,0 days 00:46:52.554000,NOR,4,0 days 00:01:36.304000,9.0,2.0,,,30.711,41.365,24.228,0 days 00:45:46.961000,0 days 00:46:28.326000,0 days 00:46:52.554000,232.0,261.0,275.0,304.0,True,SOFT,9.0,False,McLaren,0 days 00:45:16.250000,2022-03-18 12:30:16.263,1,,False,,False,True,96.304,96.304
51,0 days 00:48:40.884000,NOR,4,0 days 00:01:48.330000,10.0,2.0,,0 days 00:48:39.115000,33.874,45.35,29.106,0 days 00:47:26.428000,0 days 00:48:11.778000,0 days 00:48:40.884000,186.0,226.0,,263.0,False,SOFT,10.0,False,McLaren,0 days 00:46:52.554000,2022-03-18 12:31:52.567,1,,False,,False,False,108.33,108.33000000000001
52,0 days 00:59:49.198000,NOR,4,,11.0,3.0,0 days 00:57:49.272000,,,48.168,26.471,,0 days 00:59:22.810000,0 days 00:59:49.203000,212.0,225.0,276.0,198.0,False,MEDIUM,1.0,True,McLaren,0 days 00:48:40.884000,2022-03-18 12:33:40.897,12,,False,,False,False,,
53,0 days 01:01:49.906000,NOR,4,0 days 00:02:00.708000,12.0,3.0,,,37.571,53.45,29.687,0 days 01:00:26.769000,0 days 01:01:20.219000,0 days 01:01:49.906000,173.0,186.0,276.0,300.0,False,MEDIUM,2.0,True,McLaren,0 days 00:59:49.198000,2022-03-18 12:44:49.211,1,,False,,False,True,120.708,120.708
54,0 days 01:03:37.976000,NOR,4,0 days 00:01:48.070000,13.0,3.0,,,30.659,43.964,33.447,0 days 01:02:20.565000,0 days 01:03:04.529000,0 days 01:03:37.976000,232.0,185.0,244.0,304.0,False,MEDIUM,3.0,True,McLaren,0 days 01:01:49.906000,2022-03-18 12:46:49.919,1,,False,,False,True,108.07,108.07
55,0 days 01:05:44.355000,NOR,4,0 days 00:02:06.379000,14.0,3.0,,,44.534,53.147,28.698,0 days 01:04:22.510000,0 days 01:05:15.657000,0 days 01:05:44.355000,168.0,119.0,276.0,219.0,False,MEDIUM,4.0,True,McLaren,0 days 01:03:37.976000,2022-03-18 12:48:37.989,1,,False,,False,True,126.379,126.37899999999999
56,0 days 01:07:20.743000,NOR,4,0 days 00:01:36.388000,15.0,3.0,,,30.791,41.188,24.409,0 days 01:06:15.146000,0 days 01:06:56.334000,0 days 01:07:20.743000,233.0,260.0,270.0,303.0,False,MEDIUM,5.0,True,McLaren,0 days 01:05:44.355000,2022-03-18 12:50:44.368,1,,False,,False,True,96.388,96.388
57,0 days 01:08:59.332000,NOR,4,0 days 00:01:38.589000,16.0,3.0,,,31.564,42.313,24.712,0 days 01:07:52.307000,0 days 01:08:34.620000,0 days 01:08:59.332000,229.0,255.0,272.0,290.0,False,MEDIUM,6.0,True,McLaren,0 days 01:07:20.743000,2022-03-18 12:52:20.756,1,,False,,False,True,98.589,98.58900000000001
58,0 days 01:10:38.524000,NOR,4,0 days 00:01:39.192000,17.0,3.0,,,31.831,42.943,24.418,0 days 01:09:31.163000,0 days 01:10:14.106000,0 days 01:10:38.524000,231.0,256.0,270.0,281.0,False,MEDIUM,7.0,True,McLaren,0 days 01:08:59.332000,2022-03-18 12:53:59.345,1,,False,,False,True,99.192,99.19200000000001
59,0 days 01:12:16.884000,NOR,4,0 days 00:01:38.360000,18.0,3.0,,,31.902,42.115,24.343,0 days 01:11:10.426000,0 days 01:11:52.541000,0 days 01:12:16.884000,228.0,253.0,269.0,276.0,False,MEDIUM,8.0,True,McLaren,0 days 01:10:38.524000,2022-03-18 12:55:38.537,1,,False,,False,True,98.36,98.36
60,0 days 01:13:55.223000,NOR,4,0 days 00:01:38.339000,19.0,3.0,,,31.728,42.312,24.299,0 days 01:12:48.612000,0 days 01:13:30.924000,0 days 01:13:55.223000,230.0,255.0,270.0,274.0,False,MEDIUM,9.0,True,McLaren,0 days 01:12:16.884000,2022-03-18 12:57:16.897,1,,False,,False,True,98.339,98.339
61,0 days 01:15:33.552000,NOR,4,0 days 00:01:38.329000,20.0,3.0,,,31.824,42.249,24.256,0 days 01:14:27.047000,0 days 01:15:09.296000,0 days 01:15:33.552000,231.0,254.0,271.0,273.0,False,MEDIUM,10.0,True,McLaren,0 days 01:13:55.223000,2022-03-18 12:58:55.236,1,,False,,False,True,98.329,98.32900000000001
62,0 days 01:17:39.259000,NOR,4,0 days 00:02:05.707000,21.0,3.0,,,33.573,47.803,44.331,0 days 01:16:07.125000,0 days 01:16:54.928000,0 days 01:17:39.259000,197.0,195.0,70.0,251.0,False,MEDIUM,11.0,True,McLaren,0 days 01:15:33.552000,2022-03-18 13:00:33.565,1,,False,,False,True,125.707,125.70700000000001
63,0 days 01:20:22.562000,NOR,4,,22.0,3.0,,0 days 01:20:20.761000,74.612,57.765,30.94,0 days 01:18:53.952000,0 days 01:19:51.697000,0 days 01:20:22.562000,148.0,166.0,,252.0,False,MEDIUM,12.0,True,McLaren,0 days 01:17:39.259000,2022-03-18 13:02:39.272,1,,False,,False,False,,163.317
64,0 days 00:17:52.634000,LAT,6,,1.0,1.0,0 days 00:15:34.774000,0 days 00:17:50.856000,,55.753,34.439,,0 days 00:17:18.376000,0 days 00:17:52.634000,200.0,181.0,,168.0,False,HARD,1.0,True,Williams,0 days 00:15:34.774000,2022-03-18 12:00:34.787,1,,False,,False,False,,
65,0 days 00:37:03.816000,LAT,6,,2.0,2.0,0 days 00:35:10.965000,,,47.766,29.189,,0 days 00:36:34.787000,0 days 00:37:03.899000,214.0,237.0,277.0,167.0,False,HARD,2.0,False,Williams,0 days 00:35:10.965000,2022-03-18 12:20:10.978,1,,False,,False,False,,
66,0 days 00:38:42.277000,LAT,6,0 days 00:01:38.461000,3.0,2.0,,,31.424,42.747,24.29,0 days 00:37:35.240000,0 days 00:38:17.987000,0 days 00:38:42.277000,233.0,253.0,278.0,306.0,True,HARD,3.0,False,Williams,0 days 00:37:03.816000,2022-03-18 12:22:03.829,1,,False,,False,True,98.461,98.46099999999998
67,0 days 00:40:20.060000,LAT,6,0 days 00:01:37.783000,4.0,2.0,,,30.927,42.776,24.08,0 days 00:39:13.204000,0 days 00:39:55.980000,0 days 00:40:20.060000,227.0,251.0,280.0,310.0,True,HARD,4.0,False,Williams,0 days 00:38:42.277000,2022-03-18 12:23:42.290,1,,False,,False,True,97.783,97.783
68,0 days 00:41:58.057000,LAT,6,0 days 00:01:37.997000,5.0,2.0,,,31.113,42.757,24.127,0 days 00:40:51.173000,0 days 00:41:33.930000,0 days 00:41:58.057000,230.0,256.0,280.0,302.0,False,HARD,5.0,False,Williams,0 days 00:40:20.060000,2022-03-18 12:25:20.073,1,,False,,False,True,97.997,97.997
69,0 days 00:44:01.617000,LAT,6,0 days 00:02:03.560000,6.0,2.0,,0 days 00:43:59.889000,38.22,54.199,31.141,0 days 00:42:36.277000,0 days 00:43:30.476000,0 days 00:44:01.617000,174.0,234.0,,199.0,False,HARD,6.0,False,Williams,0 days 00:41:58.057000,2022-03-18 12:26:58.070,1,,False,,False,False,123.56,123.56
70,0 days 00:56:37.120000,LAT,6,,7.0,3.0,0 days 00:54:43.234000,,,47.44,29.556,,0 days 00:56:07.620000,0 days 00:56:37.120000,226.0,224.0,282.0,182.0,False,SOFT,1.0,True,Williams,0 days 00:44:01.617000,2022-03-18 12:29:01.630,12,,False,,False,False,,
71,0 days 00:58:12.764000,LAT,6,0 days 00:01:35.644000,8.0,3.0,,,30.217,41.716,23.711,0 days 00:57:07.337000,0 days 00:57:49.053000,0 days 00:58:12.764000,237.0,264.0,284.0,309.0,True,SOFT,2.0,True,Williams,0 days 00:56:37.120000,2022-03-18 12:41:37.133,1,,False,,False,True,95.644,95.64399999999999
72,0 days 01:00:22.773000,LAT,6,0 days 00:02:10.009000,9.0,3.0,,0 days 01:00:20.953000,36.92,55.15,37.939,0 days 00:58:49.684000,0 days 00:59:44.834000,0 days 01:00:22.773000,200.0,184.0,,292.0,False,SOFT,3.0,True,Williams,0 days 00:58:12.764000,2022-03-18 12:43:12.777,12,,False,,False,False,130.009,130.009
73,0 days 01:03:03.791000,LAT,6,,10.0,4.0,0 days 01:00:45.909000,,77.385,57.94,25.704,0 days 01:01:40.307000,0 days 01:02:38.155000,0 days 01:03:03.798000,183.0,215.0,281.0,207.0,False,SOFT,4.0,False,Williams,0 days 01:00:22.773000,2022-03-18 12:45:22.786,1,,False,,False,False,,161.029
74,0 days 01:04:40.355000,LAT,6,0 days 00:01:36.564000,11.0,4.0,,,30.54,41.89,24.134,0 days 01:03:34.331000,0 days 01:04:16.221000,0 days 01:04:40.355000,234.0,265.0,278.0,306.0,False,SOFT,5.0,False,Williams,0 days 01:03:03.791000,2022-03-18 12:48:03.804,1,,False,,False,True,96.564,96.56400000000001
75,0 days 01:06:43.253000,LAT,6,0 days 00:02:02.898000,12.0,4.0,,0 days 01:06:41.462000,36.91,56.889,29.099,0 days 01:05:17.265000,0 days 01:06:14.154000,0 days 01:06:43.253000,218.0,236.0,,200.0,False,SOFT,6.0,False,Williams,0 days 01:04:40.355000,2022-03-18 12:49:40.368,1,,False,,False,False,122.898,122.89800000000001
76,0 days 01:15:44.401000,LAT,6,,13.0,5.0,0 days 01:13:26.816000,,,44.587,24.898,,0 days 01:15:19.638000,0 days 01:15:44.448000,216.0,250.0,266.0,190.0,False,SOFT,7.0,False,Williams,0 days 01:06:43.253000,2022-03-18 12:51:43.266,1,,False,,False,False,,
77,0 days 01:18:07.578000,LAT,6,0 days 00:02:23.177000,14.0,5.0,,,35.114,55.366,52.697,0 days 01:16:19.515000,0 days 01:17:14.881000,0 days 01:18:07.578000,200.0,171.0,58.0,298.0,False,SOFT,8.0,False,Williams,0 days 01:15:44.401000,2022-03-18 13:00:44.414,1,,False,,False,True,143.177,143.177
78,0 days 01:20:34.343000,LAT,6,0 days 00:02:26.765000,15.0,5.0,,0 days 01:20:32.532000,63.888,49.652,33.225,0 days 01:19:11.466000,0 days 01:20:01.118000,0 days 01:20:34.343000,219.0,230.0,,215.0,False,SOFT,9.0,False,Williams,0 days 01:18:07.578000,2022-03-18 13:03:07.591,1,,False,,False,False,146.765,146.765
79,0 days 00:20:46.708000,GAS,10,,1.0,1.0,0 days 00:18:57.021000,,,46.816,26.924,,0 days 00:20:19.917000,0 days 00:20:46.766000,206.0,234.0,280.0,184.0,False,HARD,1.0,True,AlphaTauri,0 days 00:18:57.021000,2022-03-18 12:03:57.034,1,,False,,False,False,,
80,0 days 00:22:24.729000,GAS,10,0 days 00:01:38.021000,2.0,1.0,,,31.008,42.047,24.966,0 days 00:21:17.716000,0 days 00:21:59.763000,0 days 00:22:24.729000,231.0,263.0,206.0,308.0,True,HARD,2.0,True,AlphaTauri,0 days 00:20:46.708000,2022-03-18 12:05:46.721,125,,False,,False,False,98.021,98.02099999999999
81,0 days 00:35:16.747000,GAS,10,,3.0,1.0,,0 days 00:24:38.100000,42.078,,,0 days 00:23:06.943000,,,186.0,,,137.0,False,HARD,3.0,True,AlphaTauri,0 days 00:22:24.729000,2022-03-18 12:07:24.742,51,,False,,False,False,,
82,0 days 00:37:16.299000,GAS,10,,4.0,2.0,0 days 00:35:16.747000,,,45.281,39.65,,0 days 00:36:36.836000,0 days 00:37:16.369000,223.0,229.0,278.0,160.0,False,HARD,4.0,False,AlphaTauri,0 days 00:35:16.747000,2022-03-18 12:20:16.760,1,,False,,False,False,,
83,0 days 00:38:53.230000,GAS,10,0 days 00:01:36.931000,5.0,2.0,,,30.921,41.773,24.237,0 days 00:37:47.220000,0 days 00:38:28.993000,0 days 00:38:53.230000,229.0,264.0,279.0,310.0,True,HARD,5.0,False,AlphaTauri,0 days 00:37:16.299000,2022-03-18 12:22:16.312,1,,False,,False,True,96.931,96.931
84,0 days 00:40:48.033000,GAS,10,0 days 00:01:54.803000,6.0,2.0,,,36.917,47.559,30.327,0 days 00:39:30.147000,0 days 00:40:17.706000,0 days 00:40:48.033000,175.0,234.0,284.0,295.0,False,HARD,6.0,False,AlphaTauri,0 days 00:38:53.230000,2022-03-18 12:23:53.243,1,,False,,False,True,114.803,114.803
85,0 days 00:42:45.520000,GAS,10,0 days 00:01:57.487000,7.0,2.0,,,37.586,53.04,26.861,0 days 00:41:25.619000,0 days 00:42:18.659000,0 days 00:42:45.520000,104.0,220.0,282.0,316.0,False,HARD,7.0,False,AlphaTauri,0 days 00:40:48.033000,2022-03-18 12:25:48.046,1,,False,,False,True,117.487,117.48700000000001
86,0 days 00:44:22.448000,GAS,10,0 days 00:01:36.928000,8.0,2.0,,,30.948,41.832,24.148,0 days 00:43:16.468000,0 days 00:43:58.300000,0 days 00:44:22.448000,232.0,263.0,280.0,310.0,True,HARD,8.0,False,AlphaTauri,0 days 00:42:45.520000,2022-03-18 12:27:45.533,1,,False,,False,True,96.928,96.928
87,0 days 00:46:18.015000,GAS,10,0 days 00:01:55.567000,9.0,2.0,,,34.463,54.956,26.148,0 days 00:44:56.911000,0 days 00:45:51.867000,0 days 00:46:18.015000,174.0,186.0,283.0,293.0,False,HARD,9.0,False,AlphaTauri,0 days 00:44:22.448000,2022-03-18 12:29:22.461,1,,False,,False,True,115.567,115.56700000000001
88,0 days 00:47:54.636000,GAS,10,0 days 00:01:36.621000,10.0,2.0,,,30.627,41.925,24.069,0 days 00:46:48.642000,0 days 00:47:30.567000,0 days 00:47:54.636000,234.0,264.0,281.0,311.0,True,HARD,10.0,False,AlphaTauri,0 days 00:46:18.015000,2022-03-18 12:31:18.028,1,,False,,False,True,96.621,96.621
89,0 days 00:49:47.065000,GAS,10,0 days 00:01:52.429000,11.0,2.0,,0 days 00:49:45.325000,32.422,48.549,31.458,0 days 00:48:27.058000,0 days 00:49:15.607000,0 days 00:49:47.065000,215.0,140.0,,294.0,False,HARD,11.0,False,AlphaTauri,0 days 00:47:54.636000,2022-03-18 12:32:54.649,12,,False,,False,False,112.429,112.429
90,0 days 01:00:02.582000,GAS,10,,12.0,3.0,0 days 00:58:11.540000,,,50.122,25.43,,0 days 00:59:37.254000,0 days 01:00:02.642000,200.0,208.0,281.0,178.0,False,SOFT,1.0,True,AlphaTauri,0 days 00:49:47.065000,2022-03-18 12:34:47.078,12,,False,,False,False,,
91,0 days 01:01:36.775000,GAS,10,0 days 00:01:34.193000,13.0,3.0,,,30.076,40.492,23.625,0 days 01:00:32.658000,0 days 01:01:13.150000,0 days 01:01:36.775000,234.0,264.0,281.0,309.0,True,SOFT,2.0,True,AlphaTauri,0 days 01:00:02.582000,2022-03-18 12:45:02.595,1,,False,,False,True,94.193,94.193
92,0 days 01:03:45.794000,GAS,10,0 days 00:02:09.019000,14.0,3.0,,,40.347,61.925,26.747,0 days 01:02:17.122000,0 days 01:03:19.047000,0 days 01:03:45.794000,62.0,173.0,282.0,285.0,False,SOFT,3.0,True,AlphaTauri,0 days 01:01:36.775000,2022-03-18 12:46:36.788,1,,False,,False,True,129.019,129.019
93,0 days 01:05:21.263000,GAS,10,0 days 00:01:35.469000,15.0,3.0,,,30.344,41.205,23.92,0 days 01:04:16.138000,0 days 01:04:57.343000,0 days 01:05:21.263000,232.0,263.0,282.0,309.0,False,SOFT,4.0,True,AlphaTauri,0 days 01:03:45.794000,2022-03-18 12:48:45.807,1,,False,,False,True,95.469,95.46900000000001
94,0 days 01:07:03.912000,GAS,10,0 days 00:01:42.649000,16.0,3.0,,,32.7,42.879,27.07,0 days 01:05:53.963000,0 days 01:06:36.842000,0 days 01:07:03.912000,231.0,238.0,273.0,296.0,False,SOFT,5.0,True,AlphaTauri,0 days 01:05:21.263000,2022-03-18 12:50:21.276,1,,False,,False,True,102.649,102.649
95,0 days 01:08:41.544000,GAS,10,0 days 00:01:37.632000,17.0,3.0,,,31.429,42.121,24.082,0 days 01:07:35.341000,0 days 01:08:17.462000,0 days 01:08:41.544000,232.0,253.0,273.0,289.0,False,SOFT,6.0,True,AlphaTauri,0 days 01:07:03.912000,2022-03-18 12:52:03.925,1,,False,,False,True,97.632,97.632
96,0 days 01:10:19.136000,GAS,10,0 days 00:01:37.592000,18.0,3.0,,,31.405,42.051,24.136,0 days 01:09:12.949000,0 days 01:09:55,0 days 01:10:19.136000,227.0,256.0,274.0,286.0,False,SOFT,7.0,True,AlphaTauri,0 days 01:08:41.544000,2022-03-18 12:53:41.557,1,,False,,False,True,97.592,97.592
97,0 days 01:11:57.171000,GAS,10,0 days 00:01:38.035000,19.0,3.0,,,31.367,42.31,24.358,0 days 01:10:50.503000,0 days 01:11:32.813000,0 days 01:11:57.171000,224.0,255.0,271.0,285.0,False,SOFT,8.0,True,AlphaTauri,0 days 01:10:19.136000,2022-03-18 12:55:19.149,1,,False,,False,True,98.035,98.03500000000001
98,0 days 01:13:35.290000,GAS,10,0 days 00:01:38.119000,20.0,3.0,,,31.424,42.37,24.325,0 days 01:12:28.595000,0 days 01:13:10.965000,0 days 01:13:35.290000,229.0,253.0,272.0,289.0,False,SOFT,9.0,True,AlphaTauri,0 days 01:11:57.171000,2022-03-18 12:56:57.184,1,,False,,False,True,98.119,98.119
99,0 days 01:15:12.983000,GAS,10,0 days 00:01:37.693000,21.0,3.0,,,31.336,42.104,24.253,0 days 01:14:06.626000,0 days 01:14:48.730000,0 days 01:15:12.983000,229.0,259.0,274.0,290.0,False,SOFT,10.0,True,AlphaTauri,0 days 01:13:35.290000,2022-03-18 12:58:35.303,1,,False,,False,True,97.693,97.693
100,0 days 01:17:04.707000,GAS,10,0 days 00:01:51.724000,22.0,3.0,,,31.881,44.555,35.288,0 days 01:15:44.864000,0 days 01:16:29.419000,0 days 01:17:04.707000,228.0,181.0,74.0,289.0,False,SOFT,11.0,True,AlphaTauri,0 days 01:15:12.983000,2022-03-18 13:00:12.996,1,,False,,False,True,111.724,111.724
101,0 days 01:19:26.464000,GAS,10,0 days 00:02:21.757000,23.0,3.0,,0 days 01:19:24.705000,73.101,41.982,26.674,0 days 01:18:17.808000,0 days 01:18:59.790000,0 days 01:19:26.464000,233.0,261.0,,250.0,False,SOFT,12.0,True,AlphaTauri,0 days 01:17:04.707000,2022-03-18 13:02:04.720,1,,False,,False,False,141.757,141.757
102,0 days 00:18:19.562000,PER,11,,1.0,1.0,0 days 00:16:34.560000,,,44.82,27.028,,0 days 00:17:52.654000,0 days 00:18:19.614000,223.0,247.0,275.0,191.0,False,HARD,1.0,True,Red Bull Racing,0 days 00:16:34.560000,2022-03-18 12:01:34.573,1,,False,,False,False,,
103,0 days 00:19:57.021000,PER,11,0 days 00:01:37.459000,2.0,1.0,,,31.506,41.913,24.04,0 days 00:18:51.068000,0 days 00:19:32.981000,0 days 00:19:57.021000,227.0,262.0,277.0,304.0,True,HARD,2.0,True,Red Bull Racing,0 days 00:18:19.562000,2022-03-18 12:03:19.575,1,,False,,False,True,97.459,97.459
104,0 days 00:21:58.233000,PER,11,0 days 00:02:01.212000,3.0,1.0,,,40.163,52.412,28.637,0 days 00:20:37.184000,0 days 00:21:29.596000,0 days 00:21:58.233000,168.0,217.0,267.0,227.0,False,HARD,3.0,True,Red Bull Racing,0 days 00:19:57.021000,2022-03-18 12:04:57.034,12,,False,,False,True,121.212,121.21199999999999
105,0 days 00:36:38.404000,PER,11,,4.0,1.0,,0 days 00:24:08.413000,38.398,,,0 days 00:22:36.826000,,,160.0,,,283.0,False,HARD,4.0,True,Red Bull Racing,0 days 00:21:58.233000,2022-03-18 12:06:58.246,251,,False,,False,False,,
106,0 days 00:38:25.686000,PER,11,,5.0,2.0,0 days 00:36:38.404000,,,46.712,28.23,,0 days 00:37:57.584000,0 days 00:38:25.760000,203.0,220.0,278.0,190.0,False,MEDIUM,1.0,True,Red Bull Racing,0 days 00:36:38.404000,2022-03-18 12:21:38.417,1,,False,,False,False,,
107,0 days 00:40:01.692000,PER,11,0 days 00:01:36.006000,6.0,2.0,,,30.704,41.241,24.061,0 days 00:38:56.390000,0 days 00:39:37.631000,0 days 00:40:01.692000,232.0,264.0,281.0,311.0,True,MEDIUM,2.0,True,Red Bull Racing,0 days 00:38:25.686000,2022-03-18 12:23:25.699,1,,False,,False,True,96.006,96.006
108,0 days 00:42:09.756000,PER,11,0 days 00:02:08.064000,7.0,2.0,,,39.156,60.061,28.847,0 days 00:40:40.848000,0 days 00:41:40.909000,0 days 00:42:09.756000,180.0,175.0,281.0,233.0,False,MEDIUM,3.0,True,Red Bull Racing,0 days 00:40:01.692000,2022-03-18 12:25:01.705,1,,False,,False,True,128.064,128.064
109,0 days 00:43:44.997000,PER,11,0 days 00:01:35.241000,8.0,2.0,,,30.458,41.097,23.686,0 days 00:42:40.214000,0 days 00:43:21.311000,0 days 00:43:44.997000,232.0,263.0,280.0,313.0,True,MEDIUM,4.0,True,Red Bull Racing,0 days 00:42:09.756000,2022-03-18 12:27:09.769,1,,False,,False,True,95.241,95.24100000000001
110,0 days 00:45:46.114000,PER,11,0 days 00:02:01.117000,9.0,2.0,,0 days 00:45:44.352000,40.832,50.716,29.569,0 days 00:44:25.829000,0 days 00:45:16.545000,0 days 00:45:46.114000,181.0,194.0,,208.0,False,MEDIUM,5.0,True,Red Bull Racing,0 days 00:43:44.997000,2022-03-18 12:28:45.010,1,,False,,False,False,121.117,121.117
111,0 days 00:48:15.332000,PER,11,0 days 00:02:29.218000,10.0,3.0,0 days 00:46:13.624000,,65.747,55.417,28.054,0 days 00:46:51.861000,0 days 00:47:47.278000,0 days 00:48:15.332000,184.0,167.0,278.0,163.0,False,MEDIUM,6.0,False,Red Bull Racing,0 days 00:45:46.114000,2022-03-18 12:30:46.127,1,,False,,False,False,149.218,149.218
112,0 days 00:49:50.382000,PER,11,0 days 00:01:35.050000,11.0,3.0,,,30.366,41.024,23.66,0 days 00:48:45.698000,0 days 00:49:26.722000,0 days 00:49:50.382000,233.0,262.0,279.0,307.0,True,MEDIUM,7.0,False,Red Bull Racing,0 days 00:48:15.332000,2022-03-18 12:33:15.345,12,,False,,False,True,95.05,95.05
113,0 days 00:51:39.550000,PER,11,0 days 00:01:49.168000,12.0,3.0,,0 days 00:51:37.796000,33.199,47.376,28.593,0 days 00:50:23.581000,0 days 00:51:10.957000,0 days 00:51:39.550000,233.0,223.0,,241.0,False,MEDIUM,8.0,False,Red Bull Racing,0 days 00:49:50.382000,2022-03-18 12:34:50.395,1,,False,,False,False,109.168,109.16799999999999
114,0 days 01:02:21.728000,PER,11,,13.0,4.0,0 days 01:00:22.564000,,,43.759,24.949,,0 days 01:01:56.855000,0 days 01:02:21.767000,218.0,251.0,264.0,171.0,False,MEDIUM,9.0,False,Red Bull Racing,0 days 00:51:39.550000,2022-03-18 12:36:39.563,12,,False,,False,False,,
115,0 days 01:04:00.917000,PER,11,0 days 00:01:39.189000,14.0,4.0,,,31.907,42.679,24.603,0 days 01:02:53.635000,0 days 01:03:36.314000,0 days 01:04:00.917000,226.0,255.0,266.0,287.0,False,MEDIUM,10.0,False,Red Bull Racing,0 days 01:02:21.728000,2022-03-18 12:47:21.741,1,,False,,False,True,99.189,99.189
116,0 days 01:05:40.111000,PER,11,0 days 00:01:39.194000,15.0,4.0,,,31.725,42.769,24.7,0 days 01:04:32.642000,0 days 01:05:15.411000,0 days 01:05:40.111000,226.0,254.0,269.0,285.0,False,MEDIUM,11.0,False,Red Bull Racing,0 days 01:04:00.917000,2022-03-18 12:49:00.930,1,,False,,False,True,99.194,99.194
117,0 days 01:07:19.442000,PER,11,0 days 00:01:39.331000,16.0,4.0,,,31.538,43.016,24.777,0 days 01:06:11.649000,0 days 01:06:54.665000,0 days 01:07:19.442000,228.0,251.0,265.0,290.0,False,MEDIUM,12.0,False,Red Bull Racing,0 days 01:05:40.111000,2022-03-18 12:50:40.124,1,,False,,False,True,99.331,99.331
118,0 days 01:08:58.820000,PER,11,0 days 00:01:39.378000,17.0,4.0,,,31.686,42.938,24.754,0 days 01:07:51.128000,0 days 01:08:34.066000,0 days 01:08:58.820000,227.0,257.0,266.0,289.0,False,MEDIUM,13.0,False,Red Bull Racing,0 days 01:07:19.442000,2022-03-18 12:52:19.455,1,,False,,False,True,99.378,99.378
119,0 days 01:10:39.652000,PER,11,0 days 00:01:40.832000,18.0,4.0,,,31.975,43.801,25.056,0 days 01:09:30.795000,0 days 01:10:14.596000,0 days 01:10:39.652000,228.0,249.0,268.0,286.0,False,MEDIUM,14.0,False,Red Bull Racing,0 days 01:08:58.820000,2022-03-18 12:53:58.833,1,,False,,False,True,100.832,100.83200000000001
120,0 days 01:12:21.685000,PER,11,0 days 00:01:42.033000,19.0,4.0,,,31.987,44.761,25.285,0 days 01:11:11.639000,0 days 01:11:56.400000,0 days 01:12:21.685000,227.0,210.0,267.0,292.0,False,MEDIUM,15.0,False,Red Bull Racing,0 days 01:10:39.652000,2022-03-18 12:55:39.665,1,,False,,False,True,102.033,102.033
121,0 days 01:14:01.347000,PER,11,0 days 00:01:39.662000,20.0,4.0,,,31.77,43.2,24.692,0 days 01:12:53.455000,0 days 01:13:36.655000,0 days 01:14:01.347000,226.0,253.0,267.0,287.0,False,MEDIUM,16.0,False,Red Bull Racing,0 days 01:12:21.685000,2022-03-18 12:57:21.698,1,,False,,False,True,99.662,99.662
122,0 days 01:15:41.445000,PER,11,0 days 00:01:40.098000,21.0,4.0,,,31.797,43.78,24.521,0 days 01:14:33.144000,0 days 01:15:16.924000,0 days 01:15:41.445000,229.0,250.0,270.0,288.0,False,MEDIUM,17.0,False,Red Bull Racing,0 days 01:14:01.347000,2022-03-18 12:59:01.360,1,,False,,False,True,100.098,100.098
123,0 days 01:17:55.029000,PER,11,0 days 00:02:13.584000,22.0,4.0,,,35.857,57.249,40.478,0 days 01:16:17.302000,0 days 01:17:14.551000,0 days 01:17:55.029000,165.0,151.0,94.0,235.0,False,MEDIUM,18.0,False,Red Bull Racing,0 days 01:15:41.445000,2022-03-18 13:00:41.458,1,,False,,False,True,133.584,133.584
124,0 days 01:20:30.440000,PER,11,,23.0,4.0,,0 days 01:20:28.509000,72.364,51.143,31.905,0 days 01:19:07.473000,0 days 01:19:58.712000,0 days 01:20:30.440000,211.0,183.0,,254.0,False,MEDIUM,19.0,False,Red Bull Racing,0 days 01:17:55.029000,2022-03-18 13:02:55.042,1,,False,,False,False,,155.412
125,0 days 00:37:09.485000,ALO,14,,1.0,1.0,0 days 00:35:04.637000,,,48.657,33.442,,0 days 00:36:36.157000,0 days 00:37:09.559000,158.0,234.0,279.0,166.0,False,SOFT,1.0,True,Alpine,0 days 00:35:04.637000,2022-03-18 12:20:04.650,1,,False,,False,False,,
126,0 days 00:38:44.732000,ALO,14,0 days 00:01:35.247000,2.0,1.0,,,30.292,40.999,23.956,0 days 00:37:39.777000,0 days 00:38:20.776000,0 days 00:38:44.732000,233.0,259.0,280.0,309.0,True,SOFT,2.0,True,Alpine,0 days 00:37:09.485000,2022-03-18 12:22:09.498,1,,False,,False,True,95.247,95.247
127,0 days 00:40:39.898000,ALO,14,0 days 00:01:55.166000,3.0,1.0,,,36.51,50.668,27.988,0 days 00:39:21.242000,0 days 00:40:11.910000,0 days 00:40:39.898000,200.0,180.0,280.0,245.0,False,SOFT,3.0,True,Alpine,0 days 00:38:44.732000,2022-03-18 12:23:44.745,1,,False,,False,True,115.166,115.166
128,0 days 00:42:15.077000,ALO,14,0 days 00:01:35.179000,4.0,1.0,,,30.373,40.984,23.822,0 days 00:41:10.271000,0 days 00:41:51.255000,0 days 00:42:15.077000,231.0,260.0,280.0,309.0,True,SOFT,4.0,True,Alpine,0 days 00:40:39.898000,2022-03-18 12:25:39.911,1,,False,,False,True,95.179,95.179
129,0 days 00:44:07.337000,ALO,14,0 days 00:01:52.260000,5.0,1.0,,0 days 00:44:05.581000,33.876,49.666,28.718,0 days 00:42:48.953000,0 days 00:43:38.619000,0 days 00:44:07.337000,211.0,203.0,,287.0,False,SOFT,5.0,True,Alpine,0 days 00:42:15.077000,2022-03-18 12:27:15.090,1,,False,,False,False,112.26,112.26
130,0 days 01:00:50.427000,ALO,14,,6.0,2.0,0 days 00:59:04.668000,,,46.013,26.727,,0 days 01:00:23.794000,0 days 01:00:50.439000,217.0,234.0,279.0,204.0,False,SOFT,6.0,False,Alpine,0 days 00:44:07.337000,2022-03-18 12:29:07.350,12,,False,,False,False,,
131,0 days 01:02:26.279000,ALO,14,0 days 00:01:35.852000,7.0,2.0,,,30.54,41.33,23.982,0 days 01:01:20.967000,0 days 01:02:02.297000,0 days 01:02:26.279000,233.0,258.0,268.0,307.0,False,SOFT,7.0,False,Alpine,0 days 01:00:50.427000,2022-03-18 12:45:50.440,1,,False,,False,True,95.852,95.852
132,0 days 01:04:09.712000,ALO,14,0 days 00:01:43.433000,8.0,2.0,,0 days 01:04:07.909000,32.227,42.508,28.698,0 days 01:02:58.506000,0 days 01:03:41.014000,0 days 01:04:09.712000,220.0,252.0,,283.0,False,SOFT,8.0,False,Alpine,0 days 01:02:26.279000,2022-03-18 12:47:26.292,1,,False,,False,False,103.433,103.43299999999999
133,0 days 01:11:28.182000,ALO,14,,9.0,3.0,0 days 01:09:22.617000,,,46.718,26.387,,0 days 01:11:01.901000,0 days 01:11:28.239000,220.0,197.0,279.0,186.0,False,SOFT,1.0,True,Alpine,0 days 01:04:09.712000,2022-03-18 12:49:09.725,1,,False,,False,False,,
134,0 days 01:13:03.182000,ALO,14,0 days 00:01:35,10.0,3.0,,,30.297,40.826,23.877,0 days 01:11:58.479000,0 days 01:12:39.305000,0 days 01:13:03.182000,232.0,260.0,280.0,308.0,True,SOFT,2.0,True,Alpine,0 days 01:11:28.182000,2022-03-18 12:56:28.195,1,,False,,False,True,95.0,95.0
135,0 days 01:14:54.595000,ALO,14,0 days 00:01:51.413000,11.0,3.0,,,35.09,50.096,26.227,0 days 01:13:38.272000,0 days 01:14:28.368000,0 days 01:14:54.595000,202.0,193.0,280.0,285.0,False,SOFT,3.0,True,Alpine,0 days 01:13:03.182000,2022-03-18 12:58:03.195,1,,False,,False,True,111.413,111.41300000000001
136,0 days 01:16:29.866000,ALO,14,0 days 00:01:35.271000,12.0,3.0,,,30.324,41.115,23.832,0 days 01:15:24.919000,0 days 01:16:06.034000,0 days 01:16:29.866000,232.0,260.0,279.0,310.0,False,SOFT,4.0,True,Alpine,0 days 01:14:54.595000,2022-03-18 12:59:54.608,1,,False,,False,True,95.271,95.27100000000002
137,0 days 01:18:34.765000,ALO,14,0 days 00:02:04.899000,13.0,3.0,,,35.651,48.642,40.606,0 days 01:17:05.517000,0 days 01:17:54.159000,0 days 01:18:34.765000,193.0,176.0,75.0,199.0,False,SOFT,5.0,True,Alpine,0 days 01:16:29.866000,2022-03-18 13:01:29.879,1,,False,,False,True,124.899,124.899
138,0 days 01:21:08.153000,ALO,14,,14.0,3.0,,0 days 01:21:06.312000,72.717,50.298,30.318,0 days 01:19:47.609000,0 days 01:20:37.909000,0 days 01:21:08.153000,223.0,235.0,,226.0,False,SOFT,6.0,True,Alpine,0 days 01:18:34.765000,2022-03-18 13:03:34.778,1,,False,,False,False,,153.333
139,0 days 00:16:54.225000,LEC,16,,1.0,1.0,0 days 00:15:04.472000,,,48.562,25.875,,0 days 00:16:28.498000,0 days 00:16:54.290000,211.0,219.0,249.0,184.0,False,HARD,1.0,True,Ferrari,0 days 00:15:04.472000,2022-03-18 12:00:04.485,1,,False,,False,False,,
140,0 days 00:18:39.826000,LEC,16,0 days 00:01:45.601000,2.0,1.0,,,34.408,46.129,25.064,0 days 00:17:28.633000,0 days 00:18:14.762000,0 days 00:18:39.826000,221.0,234.0,261.0,249.0,True,HARD,2.0,True,Ferrari,0 days 00:16:54.225000,2022-03-18 12:01:54.238,1,,False,,False,True,105.601,105.601
141,0 days 00:20:39.790000,LEC,16,0 days 00:01:59.964000,3.0,1.0,,0 days 00:20:38.019000,42.392,49.025,28.547,0 days 00:19:22.218000,0 days 00:20:11.243000,0 days 00:20:39.790000,186.0,245.0,,265.0,False,HARD,3.0,True,Ferrari,0 days 00:18:39.826000,2022-03-18 12:03:39.839,1,,False,,False,False,119.964,119.964
142,0 days 00:38:12.970000,LEC,16,,4.0,2.0,0 days 00:36:14.447000,,,48.505,35.672,,0 days 00:37:37.474000,0 days 00:38:13.040000,211.0,236.0,273.0,201.0,False,HARD,4.0,False,Ferrari,0 days 00:36:14.447000,2022-03-18 12:21:14.460,1,,False,,False,False,,
143,0 days 00:39:50.056000,LEC,16,0 days 00:01:37.086000,5.0,2.0,,,31.287,41.74,24.059,0 days 00:38:44.257000,0 days 00:39:25.997000,0 days 00:39:50.056000,231.0,259.0,276.0,300.0,True,HARD,5.0,False,Ferrari,0 days 00:38:12.970000,2022-03-18 12:23:12.983,1,,False,,False,True,97.086,97.086
144,0 days 00:41:26.395000,LEC,16,0 days 00:01:36.339000,6.0,2.0,,,30.919,41.396,24.024,0 days 00:40:20.975000,0 days 00:41:02.371000,0 days 00:41:26.395000,225.0,255.0,277.0,297.0,True,HARD,6.0,False,Ferrari,0 days 00:39:50.056000,2022-03-18 12:24:50.069,1,,False,,False,True,96.339,96.339
145,0 days 00:43:03.043000,LEC,16,0 days 00:01:36.648000,7.0,2.0,,,30.812,41.726,24.11,0 days 00:41:57.207000,0 days 00:42:38.933000,0 days 00:43:03.043000,225.0,255.0,279.0,299.0,False,HARD,7.0,False,Ferrari,0 days 00:41:26.395000,2022-03-18 12:26:26.408,1,,False,,False,True,96.648,96.648
146,0 days 00:45:11.192000,LEC,16,0 days 00:02:08.149000,8.0,2.0,,,44.444,56.085,27.62,0 days 00:43:47.487000,0 days 00:44:43.572000,0 days 00:45:11.192000,147.0,192.0,278.0,302.0,False,HARD,8.0,False,Ferrari,0 days 00:43:03.043000,2022-03-18 12:28:03.056,1,,False,,False,True,128.149,128.149
147,0 days 00:46:47.349000,LEC,16,0 days 00:01:36.157000,9.0,2.0,,,30.876,41.408,23.873,0 days 00:45:42.068000,0 days 00:46:23.476000,0 days 00:46:47.349000,229.0,257.0,276.0,305.0,True,HARD,9.0,False,Ferrari,0 days 00:45:11.192000,2022-03-18 12:30:11.205,1,,False,,False,True,96.157,96.15700000000001
148,0 days 00:48:33.023000,LEC,16,0 days 00:01:45.674000,10.0,2.0,,0 days 00:48:31.259000,32.199,46.003,27.472,0 days 00:47:19.548000,0 days 00:48:05.551000,0 days 00:48:33.023000,219.0,247.0,,288.0,False,HARD,10.0,False,Ferrari,0 days 00:46:47.349000,2022-03-18 12:31:47.362,1,,False,,False,False,105.674,105.674
149,0 days 00:57:07.668000,LEC,16,,11.0,3.0,0 days 00:55:22.290000,,,45.819,24.537,,0 days 00:56:43.283000,0 days 00:57:07.753000,209.0,239.0,282.0,161.0,False,MEDIUM,1.0,True,Ferrari,0 days 00:48:33.023000,2022-03-18 12:33:33.036,12,,False,,False,False,,
150,0 days 00:58:52.174000,LEC,16,0 days 00:01:44.506000,12.0,3.0,,,30.077,47.431,26.998,0 days 00:57:37.745000,0 days 00:58:25.176000,0 days 00:58:52.174000,235.0,206.0,251.0,307.0,False,MEDIUM,2.0,True,Ferrari,0 days 00:57:07.668000,2022-03-18 12:42:07.681,12,,False,,False,True,104.506,104.506
151,0 days 01:01:05.674000,LEC,16,0 days 00:02:13.500000,13.0,3.0,,,40.59,51.996,40.914,0 days 00:59:32.764000,0 days 01:00:24.760000,0 days 01:01:05.674000,175.0,193.0,281.0,247.0,False,MEDIUM,3.0,True,Ferrari,0 days 00:58:52.174000,2022-03-18 12:43:52.187,1,,False,,False,True,133.5,133.5
152,0 days 01:02:40.231000,LEC,16,0 days 00:01:34.557000,14.0,3.0,,,30.258,40.632,23.667,0 days 01:01:35.932000,0 days 01:02:16.564000,0 days 01:02:40.231000,235.0,263.0,283.0,305.0,True,MEDIUM,4.0,True,Ferrari,0 days 01:01:05.674000,2022-03-18 12:46:05.687,1,,False,,False,True,94.557,94.557
153,0 days 01:04:55.160000,LEC,16,0 days 00:02:14.929000,15.0,3.0,,,41.951,60.67,32.308,0 days 01:03:22.182000,0 days 01:04:22.852000,0 days 01:04:55.160000,142.0,202.0,281.0,283.0,False,MEDIUM,5.0,True,Ferrari,0 days 01:02:40.231000,2022-03-18 12:47:40.244,1,,False,,False,True,134.929,134.929
154,0 days 01:06:33.897000,LEC,16,0 days 00:01:38.737000,16.0,3.0,,0 days 01:06:32.115000,30.397,40.909,27.431,0 days 01:05:25.557000,0 days 01:06:06.466000,0 days 01:06:33.897000,235.0,264.0,,309.0,False,MEDIUM,6.0,True,Ferrari,0 days 01:04:55.160000,2022-03-18 12:49:55.173,1,,False,,False,False,98.737,98.737
155,0 days 01:09:13.691000,LEC,16,,17.0,4.0,0 days 01:06:55.940000,,83.181,51.236,25.341,0 days 01:07:57.291000,0 days 01:08:48.463000,0 days 01:09:13.718000,171.0,215.0,282.0,211.0,False,MEDIUM,7.0,False,Ferrari,0 days 01:06:33.897000,2022-03-18 12:51:33.910,1,,False,,False,False,,159.758
156,0 days 01:10:51.895000,LEC,16,0 days 00:01:38.204000,18.0,4.0,,0 days 01:10:50.103000,30.343,40.99,26.871,0 days 01:09:44.034000,0 days 01:10:25.024000,0 days 01:10:51.895000,235.0,264.0,,304.0,False,MEDIUM,8.0,False,Ferrari,0 days 01:09:13.691000,2022-03-18 12:54:13.704,1,,False,,False,False,98.204,98.204
157,0 days 01:13:25.996000,LEC,16,,19.0,5.0,0 days 01:11:19.387000,,73.892,52.253,27.955,0 days 01:12:05.901000,0 days 01:12:58.204000,0 days 01:13:26.024000,198.0,192.0,269.0,204.0,False,MEDIUM,9.0,False,Ferrari,0 days 01:10:51.895000,2022-03-18 12:55:51.908,1,,False,,False,False,,154.1
158,0 days 01:15:02.427000,LEC,16,0 days 00:01:36.431000,20.0,5.0,,,31.225,41.328,23.878,0 days 01:13:57.221000,0 days 01:14:38.549000,0 days 01:15:02.427000,232.0,260.0,272.0,281.0,False,MEDIUM,10.0,False,Ferrari,0 days 01:13:25.996000,2022-03-18 12:58:26.009,1,,False,,False,True,96.431,96.431
159,0 days 01:16:59.552000,LEC,16,0 days 00:01:57.125000,21.0,5.0,,,31.483,41.557,44.085,0 days 01:15:33.910000,0 days 01:16:15.467000,0 days 01:16:59.552000,229.0,257.0,77.0,277.0,False,MEDIUM,11.0,False,Ferrari,0 days 01:15:02.427000,2022-03-18 13:00:02.440,1,,False,,False,True,117.125,117.125
160,0 days 01:19:21.642000,LEC,16,0 days 00:02:22.090000,22.0,5.0,,0 days 01:19:19.832000,73.911,41.83,26.349,0 days 01:18:13.463000,0 days 01:18:55.293000,0 days 01:19:21.642000,230.0,255.0,,253.0,False,MEDIUM,12.0,False,Ferrari,0 days 01:16:59.552000,2022-03-18 13:01:59.565,1,,False,,False,False,142.09,142.09
161,0 days 00:19:37.510000,STR,18,,1.0,1.0,0 days 00:17:52.867000,,,44.764,25.114,,0 days 00:19:12.620000,0 days 00:19:37.510000,220.0,251.0,274.0,190.0,False,HARD,1.0,True,Aston Martin,0 days 00:17:52.867000,2022-03-18 12:02:52.880,1,,False,,False,False,,
162,0 days 00:21:18.860000,STR,18,0 days 00:01:41.350000,2.0,1.0,,,31.589,42.221,27.54,0 days 00:20:09.099000,0 days 00:20:51.320000,0 days 00:21:18.860000,230.0,257.0,247.0,299.0,True,HARD,2.0,True,Aston Martin,0 days 00:19:37.510000,2022-03-18 12:04:37.523,12,,False,,False,True,101.35,101.35
163,0 days 00:23:21.749000,STR,18,0 days 00:02:02.889000,3.0,1.0,,0 days 00:23:19.856000,32.193,50.897,39.799,0 days 00:21:51.053000,0 days 00:22:41.950000,0 days 00:23:21.749000,224.0,157.0,,274.0,False,HARD,3.0,True,Aston Martin,0 days 00:21:18.860000,2022-03-18 12:06:18.873,25,,False,,False,False,122.889,122.88900000000001
164,0 days 00:36:57.581000,STR,18,,4.0,2.0,0 days 00:35:09.238000,,,47.067,28.204,,0 days 00:36:29.462000,0 days 00:36:57.602000,216.0,250.0,265.0,188.0,False,HARD,4.0,False,Aston Martin,0 days 00:35:09.238000,2022-03-18 12:20:09.251,1,,False,,False,False,,
165,0 days 00:38:38.231000,STR,18,0 days 00:01:40.650000,5.0,2.0,,,32.021,42.289,26.34,0 days 00:37:29.602000,0 days 00:38:11.891000,0 days 00:38:38.231000,231.0,256.0,276.0,278.0,True,HARD,5.0,False,Aston Martin,0 days 00:36:57.581000,2022-03-18 12:21:57.594,1,,False,,False,True,100.65,100.65
166,0 days 00:40:15.633000,STR,18,0 days 00:01:37.402000,6.0,2.0,,,31.027,42.029,24.346,0 days 00:39:09.258000,0 days 00:39:51.287000,0 days 00:40:15.633000,232.0,257.0,277.0,306.0,True,HARD,6.0,False,Aston Martin,0 days 00:38:38.231000,2022-03-18 12:23:38.244,1,,False,,False,True,97.402,97.40200000000002
167,0 days 00:42:04.440000,STR,18,0 days 00:01:48.807000,7.0,2.0,,,36.137,44.614,28.056,0 days 00:40:51.770000,0 days 00:41:36.384000,0 days 00:42:04.440000,139.0,250.0,276.0,279.0,False,HARD,7.0,False,Aston Martin,0 days 00:40:15.633000,2022-03-18 12:25:15.646,1,,False,,False,True,108.807,108.807
168,0 days 00:43:44.462000,STR,18,0 days 00:01:40.022000,8.0,2.0,,,30.979,41.94,27.103,0 days 00:42:35.419000,0 days 00:43:17.359000,0 days 00:43:44.462000,235.0,263.0,244.0,306.0,False,HARD,8.0,False,Aston Martin,0 days 00:42:04.440000,2022-03-18 12:27:04.453,1,,False,,False,True,100.022,100.02199999999999
169,0 days 00:45:29.846000,STR,18,0 days 00:01:45.384000,9.0,2.0,,,35.696,44.464,25.224,0 days 00:44:20.158000,0 days 00:45:04.622000,0 days 00:45:29.846000,205.0,237.0,275.0,254.0,False,HARD,9.0,False,Aston Martin,0 days 00:43:44.462000,2022-03-18 12:28:44.475,1,,False,,False,True,105.384,105.384
170,0 days 00:47:07.578000,STR,18,0 days 00:01:37.732000,10.0,2.0,,,31.033,42.217,24.482,0 days 00:46:00.879000,0 days 00:46:43.096000,0 days 00:47:07.578000,234.0,262.0,267.0,304.0,False,HARD,10.0,False,Aston Martin,0 days 00:45:29.846000,2022-03-18 12:30:29.859,1,,False,,False,True,97.732,97.732
171,0 days 00:48:54.462000,STR,18,0 days 00:01:46.884000,11.0,2.0,,0 days 00:48:52.644000,32.815,45.583,28.486,0 days 00:47:40.393000,0 days 00:48:25.976000,0 days 00:48:54.462000,220.0,224.0,,281.0,False,HARD,11.0,False,Aston Martin,0 days 00:47:07.578000,2022-03-18 12:32:07.591,1,,False,,False,False,106.884,106.884
172,0 days 01:00:58.043000,STR,18,,12.0,3.0,0 days 00:59:08.678000,,,44.401,32.432,,0 days 01:00:25.768000,0 days 01:00:58.110000,219.0,218.0,275.0,194.0,False,SOFT,1.0,True,Aston Martin,0 days 00:48:54.462000,2022-03-18 12:33:54.475,12,,False,,False,False,,
173,0 days 01:02:32.857000,STR,18,0 days 00:01:34.814000,13.0,3.0,,,30.324,40.593,23.897,0 days 01:01:28.367000,0 days 01:02:08.960000,0 days 01:02:32.857000,235.0,263.0,273.0,299.0,True,SOFT,2.0,True,Aston Martin,0 days 01:00:58.043000,2022-03-18 12:45:58.056,1,,False,,False,True,94.814,94.814
174,0 days 01:04:52.391000,STR,18,0 days 00:02:19.534000,14.0,3.0,,,43.38,60.028,36.126,0 days 01:03:16.237000,0 days 01:04:16.265000,0 days 01:04:52.391000,151.0,125.0,153.0,192.0,False,SOFT,3.0,True,Aston Martin,0 days 01:02:32.857000,2022-03-18 12:47:32.870,1,,False,,False,True,139.534,139.534
175,0 days 01:07:02.050000,STR,18,0 days 00:02:09.659000,15.0,3.0,,,49.442,51.626,28.591,0 days 01:05:41.833000,0 days 01:06:33.459000,0 days 01:07:02.050000,156.0,214.0,274.0,216.0,False,SOFT,4.0,True,Aston Martin,0 days 01:04:52.391000,2022-03-18 12:49:52.404,1,,False,,False,True,129.659,129.659
176,0 days 01:08:37.419000,STR,18,0 days 00:01:35.369000,16.0,3.0,,,30.655,40.909,23.805,0 days 01:07:32.705000,0 days 01:08:13.614000,0 days 01:08:37.419000,235.0,263.0,276.0,297.0,False,SOFT,5.0,True,Aston Martin,0 days 01:07:02.050000,2022-03-18 12:52:02.063,1,,False,,False,True,95.369,95.369
177,0 days 01:10:57.095000,STR,18,0 days 00:02:19.676000,17.0,3.0,,,43.385,66.828,29.463,0 days 01:09:20.804000,0 days 01:10:27.632000,0 days 01:10:57.095000,145.0,187.0,244.0,188.0,False,SOFT,6.0,True,Aston Martin,0 days 01:08:37.419000,2022-03-18 12:53:37.432,1,,False,,False,True,139.676,139.676
178,0 days 01:13:05.799000,STR,18,0 days 00:02:08.704000,18.0,3.0,,,38.489,57.935,32.28,0 days 01:11:35.584000,0 days 01:12:33.519000,0 days 01:13:05.799000,149.0,165.0,277.0,262.0,False,SOFT,7.0,True,Aston Martin,0 days 01:10:57.095000,2022-03-18 12:55:57.108,1,,False,,False,True,128.704,128.704
179,0 days 01:14:45.788000,STR,18,0 days 00:01:39.989000,19.0,3.0,,,30.473,45.097,24.419,0 days 01:13:36.272000,0 days 01:14:21.369000,0 days 01:14:45.788000,234.0,215.0,267.0,299.0,False,SOFT,8.0,True,Aston Martin,0 days 01:13:05.799000,2022-03-18 12:58:05.812,1,,False,,False,True,99.989,99.98899999999999
180,0 days 01:16:25.653000,STR,18,0 days 00:01:39.865000,20.0,3.0,,,32.043,43.472,24.35,0 days 01:15:17.831000,0 days 01:16:01.303000,0 days 01:16:25.653000,218.0,241.0,267.0,276.0,False,SOFT,9.0,True,Aston Martin,0 days 01:14:45.788000,2022-03-18 12:59:45.801,1,,False,,False,True,99.865,99.86500000000001
181,0 days 01:18:40.380000,STR,18,0 days 00:02:14.727000,21.0,3.0,,,34.028,60.434,40.265,0 days 01:16:59.681000,0 days 01:18:00.115000,0 days 01:18:40.380000,189.0,207.0,45.0,250.0,False,SOFT,10.0,True,Aston Martin,0 days 01:16:25.653000,2022-03-18 13:01:25.666,1,,False,,False,True,134.727,134.72699999999998
182,0 days 01:21:20.823000,STR,18,,22.0,3.0,,0 days 01:21:18.941000,75.176,54.346,30.791,0 days 01:19:55.699000,0 days 01:20:50.074000,0 days 01:21:20.823000,196.0,144.0,,228.0,False,SOFT,11.0,True,Aston Martin,0 days 01:18:40.380000,2022-03-18 13:03:40.393,1,,False,,False,False,,160.313
183,0 days 00:17:06.506000,MAG,20,,1.0,1.0,0 days 00:15:10.212000,0 days 00:17:04.698000,,50.323,29.373,,0 days 00:16:37.248000,0 days 00:17:06.506000,196.0,229.0,,178.0,False,HARD,1.0,True,Haas F1 Team,0 days 00:15:10.212000,2022-03-18 12:00:10.225,1,,False,,False,False,,
184,0 days 00:37:51.890000,MAG,20,,2.0,2.0,0 days 00:35:38.499000,,,44.329,44.624,,0 days 00:37:07.419000,0 days 00:37:51.967000,218.0,250.0,266.0,199.0,False,HARD,2.0,False,Haas F1 Team,0 days 00:35:38.499000,2022-03-18 12:20:38.512,1,,False,,False,False,,
185,0 days 00:39:31.270000,MAG,20,0 days 00:01:39.380000,3.0,2.0,,,32.192,42.672,24.516,0 days 00:38:24.082000,0 days 00:39:06.754000,0 days 00:39:31.270000,230.0,256.0,277.0,282.0,True,HARD,3.0,False,Haas F1 Team,0 days 00:37:51.890000,2022-03-18 12:22:51.903,1,,False,,False,True,99.38,99.38
186,0 days 00:41:09.806000,MAG,20,0 days 00:01:38.536000,4.0,2.0,,,30.981,43.081,24.474,0 days 00:40:02.251000,0 days 00:40:45.332000,0 days 00:41:09.806000,226.0,253.0,276.0,301.0,True,HARD,4.0,False,Haas F1 Team,0 days 00:39:31.270000,2022-03-18 12:24:31.283,1,,False,,False,True,98.536,98.53600000000002
187,0 days 00:43:20.464000,MAG,20,0 days 00:02:10.658000,5.0,2.0,,,36.483,61.073,33.102,0 days 00:41:46.289000,0 days 00:42:47.362000,0 days 00:43:20.464000,180.0,169.0,276.0,302.0,False,HARD,5.0,False,Haas F1 Team,0 days 00:41:09.806000,2022-03-18 12:26:09.819,1,,False,,False,True,130.658,130.658
188,0 days 00:45:07.960000,MAG,20,0 days 00:01:47.496000,6.0,2.0,,0 days 00:45:06.139000,31.682,46.882,28.932,0 days 00:43:52.146000,0 days 00:44:39.028000,0 days 00:45:07.960000,229.0,236.0,,304.0,False,HARD,6.0,False,Haas F1 Team,0 days 00:43:20.464000,2022-03-18 12:28:20.477,1,,False,,False,False,107.496,107.496
189,0 days 00:54:28.654000,MAG,20,,7.0,3.0,0 days 00:52:26.466000,0 days 00:54:26.832000,,45.581,29.067,,0 days 00:53:59.709000,0 days 00:54:28.679000,219.0,236.0,,196.0,False,MEDIUM,1.0,True,Haas F1 Team,0 days 00:45:07.960000,2022-03-18 12:30:07.973,12,,False,,False,False,,
190,0 days 00:56:55.819000,MAG,20,0 days 00:02:27.165000,8.0,4.0,0 days 00:54:55.251000,,58.403,51.827,36.935,0 days 00:55:27.057000,0 days 00:56:18.884000,0 days 00:56:55.819000,217.0,164.0,277.0,214.0,False,MEDIUM,2.0,False,Haas F1 Team,0 days 00:54:28.654000,2022-03-18 12:39:28.667,1,,False,,False,False,147.165,147.165
191,0 days 00:58:32.755000,MAG,20,0 days 00:01:36.936000,9.0,4.0,,,31.12,41.8,24.016,0 days 00:57:26.939000,0 days 00:58:08.739000,0 days 00:58:32.755000,227.0,258.0,278.0,304.0,True,MEDIUM,3.0,False,Haas F1 Team,0 days 00:56:55.819000,2022-03-18 12:41:55.832,12,,False,,False,True,96.936,96.936
192,0 days 01:00:36.007000,MAG,20,0 days 00:02:03.252000,10.0,4.0,,,32.881,58.931,31.44,0 days 00:59:05.636000,0 days 01:00:04.567000,0 days 01:00:36.007000,223.0,150.0,277.0,274.0,False,MEDIUM,4.0,False,Haas F1 Team,0 days 00:58:32.755000,2022-03-18 12:43:32.768,1,,False,,False,True,123.252,123.252
193,0 days 01:02:12.811000,MAG,20,0 days 00:01:36.804000,11.0,4.0,,,30.945,41.586,24.273,0 days 01:01:06.952000,0 days 01:01:48.538000,0 days 01:02:12.811000,230.0,259.0,277.0,305.0,True,MEDIUM,5.0,False,Haas F1 Team,0 days 01:00:36.007000,2022-03-18 12:45:36.020,1,,False,,False,True,96.804,96.804
194,0 days 01:03:50.293000,MAG,20,0 days 00:01:37.482000,12.0,4.0,,,30.95,41.782,24.75,0 days 01:02:43.761000,0 days 01:03:25.543000,0 days 01:03:50.293000,228.0,258.0,282.0,303.0,False,MEDIUM,6.0,False,Haas F1 Team,0 days 01:02:12.811000,2022-03-18 12:47:12.824,1,,False,,False,True,97.482,97.482
195,0 days 01:05:28.115000,MAG,20,0 days 00:01:37.822000,13.0,4.0,,,31.001,41.911,24.91,0 days 01:04:21.294000,0 days 01:05:03.205000,0 days 01:05:28.115000,229.0,262.0,283.0,309.0,False,MEDIUM,7.0,False,Haas F1 Team,0 days 01:03:50.293000,2022-03-18 12:48:50.306,1,,False,,False,True,97.822,97.822
196,0 days 01:07:05.463000,MAG,20,0 days 00:01:37.348000,14.0,4.0,,,30.735,42.248,24.365,0 days 01:05:58.850000,0 days 01:06:41.098000,0 days 01:07:05.463000,232.0,257.0,283.0,308.0,False,MEDIUM,8.0,False,Haas F1 Team,0 days 01:05:28.115000,2022-03-18 12:50:28.128,1,,False,,False,True,97.348,97.348
197,0 days 01:08:44.263000,MAG,20,0 days 00:01:38.800000,15.0,4.0,,,31.415,42.715,24.67,0 days 01:07:36.878000,0 days 01:08:19.593000,0 days 01:08:44.263000,228.0,257.0,278.0,307.0,False,MEDIUM,9.0,False,Haas F1 Team,0 days 01:07:05.463000,2022-03-18 12:52:05.476,1,,False,,False,True,98.8,98.8
198,0 days 01:10:22.399000,MAG,20,0 days 00:01:38.136000,16.0,4.0,,,31.261,42.455,24.42,0 days 01:09:15.524000,0 days 01:09:57.979000,0 days 01:10:22.399000,227.0,254.0,280.0,304.0,False,MEDIUM,10.0,False,Haas F1 Team,0 days 01:08:44.263000,2022-03-18 12:53:44.276,1,,False,,False,True,98.136,98.136
199,0 days 01:12:00.783000,MAG,20,0 days 00:01:38.384000,17.0,4.0,,,31.253,42.597,24.534,0 days 01:10:53.652000,0 days 01:11:36.249000,0 days 01:12:00.783000,228.0,255.0,276.0,305.0,False,MEDIUM,11.0,False,Haas F1 Team,0 days 01:10:22.399000,2022-03-18 12:55:22.412,1,,False,,False,True,98.384,98.38399999999999
200,0 days 01:13:39.638000,MAG,20,0 days 00:01:38.855000,18.0,4.0,,,31.397,42.918,24.54,0 days 01:12:32.180000,0 days 01:13:15.098000,0 days 01:13:39.638000,230.0,256.0,278.0,305.0,False,MEDIUM,12.0,False,Haas F1 Team,0 days 01:12:00.783000,2022-03-18 12:57:00.796,1,,False,,False,True,98.855,98.85499999999999
201,0 days 01:15:18.311000,MAG,20,0 days 00:01:38.673000,19.0,4.0,,,31.37,42.814,24.489,0 days 01:14:11.008000,0 days 01:14:53.822000,0 days 01:15:18.311000,228.0,252.0,279.0,303.0,False,MEDIUM,13.0,False,Haas F1 Team,0 days 01:13:39.638000,2022-03-18 12:58:39.651,1,,False,,False,True,98.673,98.673
202,0 days 01:17:26.657000,MAG,20,0 days 00:02:08.346000,20.0,4.0,,,34.782,51.387,42.177,0 days 01:15:53.093000,0 days 01:16:44.480000,0 days 01:17:26.657000,182.0,206.0,40.0,304.0,False,MEDIUM,14.0,False,Haas F1 Team,0 days 01:15:18.311000,2022-03-18 13:00:18.324,1,,False,,False,True,128.346,128.346
203,0 days 01:19:51.934000,MAG,20,0 days 00:02:25.277000,21.0,4.0,,0 days 01:19:50.179000,72.397,44.255,28.625,0 days 01:18:39.054000,0 days 01:19:23.309000,0 days 01:19:51.934000,230.0,238.0,,258.0,False,MEDIUM,15.0,False,Haas F1 Team,0 days 01:17:26.657000,2022-03-18 13:02:26.670,1,,False,,False,False,145.277,145.27700000000002
204,0 days 00:17:34.627000,TSU,22,,1.0,1.0,0 days 00:15:37.765000,,,52.367,28.41,,0 days 00:17:06.340000,0 days 00:17:34.721000,192.0,198.0,278.0,167.0,False,HARD,1.0,True,AlphaTauri,0 days 00:15:37.765000,2022-03-18 12:00:37.778,1,,False,,False,False,,
205,0 days 00:19:13.882000,TSU,22,0 days 00:01:39.255000,2.0,1.0,,,31.666,43.049,24.54,0 days 00:18:06.293000,0 days 00:18:49.342000,0 days 00:19:13.882000,228.0,259.0,278.0,305.0,True,HARD,2.0,True,AlphaTauri,0 days 00:17:34.627000,2022-03-18 12:02:34.640,1,,False,,False,True,99.255,99.255
206,0 days 00:21:25.538000,TSU,22,0 days 00:02:11.656000,3.0,1.0,,,41.919,60.474,29.263,0 days 00:19:55.801000,0 days 00:20:56.275000,0 days 00:21:25.538000,144.0,186.0,268.0,243.0,False,HARD,3.0,True,AlphaTauri,0 days 00:19:13.882000,2022-03-18 12:04:13.895,12,,False,,False,True,131.656,131.656
207,0 days 00:35:15.153000,TSU,22,,4.0,1.0,,0 days 00:23:26.678000,31.779,53.193,,0 days 00:21:57.481000,0 days 00:22:50.744000,,225.0,171.0,,284.0,False,HARD,4.0,True,AlphaTauri,0 days 00:21:25.538000,2022-03-18 12:06:25.551,251,,False,,False,False,,
208,0 days 00:37:22.493000,TSU,22,,5.0,2.0,0 days 00:35:15.153000,,,46.196,43.803,,0 days 00:36:38.822000,0 days 00:37:22.573000,224.0,222.0,274.0,128.0,False,HARD,5.0,False,AlphaTauri,0 days 00:35:15.153000,2022-03-18 12:20:15.166,1,,False,,False,False,,
209,0 days 00:38:59.971000,TSU,22,0 days 00:01:37.478000,6.0,2.0,,,31.224,42.017,24.237,0 days 00:37:53.717000,0 days 00:38:35.734000,0 days 00:38:59.971000,230.0,260.0,279.0,309.0,True,HARD,6.0,False,AlphaTauri,0 days 00:37:22.493000,2022-03-18 12:22:22.506,1,,False,,False,True,97.478,97.478
210,0 days 00:40:54.447000,TSU,22,0 days 00:01:54.476000,7.0,2.0,,,37.833,49.308,27.335,0 days 00:39:37.804000,0 days 00:40:27.112000,0 days 00:40:54.447000,199.0,219.0,279.0,254.0,False,HARD,7.0,False,AlphaTauri,0 days 00:38:59.971000,2022-03-18 12:23:59.984,1,,False,,False,True,114.476,114.476
211,0 days 00:42:31.230000,TSU,22,0 days 00:01:36.783000,8.0,2.0,,,30.951,41.757,24.075,0 days 00:41:25.398000,0 days 00:42:07.155000,0 days 00:42:31.230000,232.0,263.0,279.0,312.0,True,HARD,8.0,False,AlphaTauri,0 days 00:40:54.447000,2022-03-18 12:25:54.460,1,,False,,False,True,96.783,96.783
212,0 days 00:44:20.625000,TSU,22,0 days 00:01:49.395000,9.0,2.0,,0 days 00:44:18.869000,33.41,47.109,28.876,0 days 00:43:04.640000,0 days 00:43:51.749000,0 days 00:44:20.625000,214.0,232.0,,294.0,False,HARD,9.0,False,AlphaTauri,0 days 00:42:31.230000,2022-03-18 12:27:31.243,1,,False,,False,False,109.395,109.39500000000001
213,0 days 00:57:25.701000,TSU,22,,10.0,3.0,0 days 00:55:20.956000,,,57.156,27.544,,0 days 00:56:58.304000,0 days 00:57:25.777000,134.0,168.0,280.0,148.0,False,SOFT,1.0,True,AlphaTauri,0 days 00:44:20.625000,2022-03-18 12:29:20.638,12,,False,,False,False,,
214,0 days 00:59:00.762000,TSU,22,0 days 00:01:35.061000,11.0,3.0,,,30.433,40.85,23.778,0 days 00:57:56.134000,0 days 00:58:36.984000,0 days 00:59:00.762000,233.0,263.0,281.0,307.0,True,SOFT,2.0,True,AlphaTauri,0 days 00:57:25.701000,2022-03-18 12:42:25.714,12,,False,,False,True,95.061,95.061
215,0 days 01:01:13.540000,TSU,22,0 days 00:02:12.778000,12.0,3.0,,,41.114,57.881,33.783,0 days 00:59:41.876000,0 days 01:00:39.757000,0 days 01:01:13.540000,179.0,148.0,280.0,250.0,False,SOFT,3.0,True,AlphaTauri,0 days 00:59:00.762000,2022-03-18 12:44:00.775,1,,False,,False,True,132.778,132.77800000000002
216,0 days 01:02:48.570000,TSU,22,0 days 00:01:35.030000,13.0,3.0,,,30.217,40.883,23.93,0 days 01:01:43.757000,0 days 01:02:24.640000,0 days 01:02:48.570000,234.0,264.0,280.0,307.0,True,SOFT,4.0,True,AlphaTauri,0 days 01:01:13.540000,2022-03-18 12:46:13.553,1,,False,,False,True,95.03,95.03
217,0 days 01:05:09.788000,TSU,22,0 days 00:02:21.218000,14.0,3.0,,,42.355,64.048,34.815,0 days 01:03:30.925000,0 days 01:04:34.973000,0 days 01:05:09.788000,92.0,147.0,282.0,229.0,False,SOFT,5.0,True,AlphaTauri,0 days 01:02:48.570000,2022-03-18 12:47:48.583,1,,False,,False,True,141.218,141.218
218,0 days 01:06:44.816000,TSU,22,0 days 00:01:35.028000,15.0,3.0,,,30.231,40.952,23.845,0 days 01:05:40.019000,0 days 01:06:20.971000,0 days 01:06:44.816000,234.0,264.0,281.0,310.0,True,SOFT,6.0,True,AlphaTauri,0 days 01:05:09.788000,2022-03-18 12:50:09.801,1,,False,,False,True,95.028,95.02799999999999
219,0 days 01:08:33.592000,TSU,22,0 days 00:01:48.776000,16.0,3.0,,0 days 01:08:31.835000,33.888,46.017,28.871,0 days 01:07:18.704000,0 days 01:08:04.721000,0 days 01:08:33.592000,214.0,227.0,,262.0,False,SOFT,7.0,True,AlphaTauri,0 days 01:06:44.816000,2022-03-18 12:51:44.829,1,,False,,False,False,108.776,108.776
220,0 days 01:13:32.296000,TSU,22,,17.0,4.0,0 days 01:11:46.473000,,,42.896,24.164,,0 days 01:13:08.252000,0 days 01:13:32.315000,230.0,249.0,270.0,196.0,False,SOFT,8.0,False,AlphaTauri,0 days 01:08:33.592000,2022-03-18 12:53:33.605,1,,False,,False,False,,
221,0 days 01:15:11.064000,TSU,22,0 days 00:01:38.768000,18.0,4.0,,,31.671,42.748,24.349,0 days 01:14:03.967000,0 days 01:14:46.715000,0 days 01:15:11.064000,231.0,244.0,271.0,289.0,False,SOFT,9.0,False,AlphaTauri,0 days 01:13:32.296000,2022-03-18 12:58:32.309,1,,False,,False,True,98.768,98.768
222,0 days 01:17:12.882000,TSU,22,0 days 00:02:01.818000,19.0,4.0,,,33.43,51.4,36.988,0 days 01:15:44.494000,0 days 01:16:35.894000,0 days 01:17:12.882000,226.0,139.0,80.0,244.0,False,SOFT,10.0,False,AlphaTauri,0 days 01:15:11.064000,2022-03-18 13:00:11.077,1,,False,,False,True,121.818,121.818
223,0 days 01:19:30.349000,TSU,22,0 days 00:02:17.467000,20.0,4.0,,0 days 01:19:28.545000,66.359,43.17,27.938,0 days 01:18:19.241000,0 days 01:19:02.411000,0 days 01:19:30.349000,218.0,235.0,,251.0,False,SOFT,11.0,False,AlphaTauri,0 days 01:17:12.882000,2022-03-18 13:02:12.895,1,,False,,False,False,137.467,137.46699999999998
224,0 days 00:19:04.929000,ALB,23,,1.0,1.0,0 days 00:17:10.741000,0 days 00:19:03.055000,,50.555,29.257,,0 days 00:18:35.684000,0 days 00:19:04.929000,209.0,234.0,,197.0,False,HARD,1.0,True,Williams,0 days 00:17:10.741000,2022-03-18 12:02:10.754,1,,False,,False,False,,
225,0 days 00:38:21.942000,ALB,23,,2.0,2.0,0 days 00:36:33.878000,,,47.341,25.409,,0 days 00:37:56.693000,0 days 00:38:22.023000,210.0,245.0,278.0,198.0,False,HARD,2.0,False,Williams,0 days 00:36:33.878000,2022-03-18 12:21:33.891,1,,False,,False,False,,
226,0 days 00:40:00.862000,ALB,23,0 days 00:01:38.920000,3.0,2.0,,,31.67,42.741,24.509,0 days 00:38:53.612000,0 days 00:39:36.353000,0 days 00:40:00.862000,230.0,266.0,279.0,308.0,True,HARD,3.0,False,Williams,0 days 00:38:21.942000,2022-03-18 12:23:21.955,1,,False,,False,True,98.92,98.92
227,0 days 00:41:55.766000,ALB,23,0 days 00:01:54.904000,4.0,2.0,,,35.655,52.037,27.212,0 days 00:40:36.517000,0 days 00:41:28.554000,0 days 00:41:55.766000,213.0,183.0,280.0,292.0,False,HARD,4.0,False,Williams,0 days 00:40:00.862000,2022-03-18 12:25:00.875,1,,False,,False,True,114.904,114.90400000000001
228,0 days 00:43:34.346000,ALB,23,0 days 00:01:38.580000,5.0,2.0,,,31.38,42.646,24.554,0 days 00:42:27.146000,0 days 00:43:09.792000,0 days 00:43:34.346000,232.0,265.0,279.0,311.0,True,HARD,5.0,False,Williams,0 days 00:41:55.766000,2022-03-18 12:26:55.779,1,,False,,False,True,98.58,98.58
229,0 days 00:45:39.774000,ALB,23,0 days 00:02:05.428000,6.0,2.0,,0 days 00:45:38.054000,39.81,55.288,30.33,0 days 00:44:14.156000,0 days 00:45:09.444000,0 days 00:45:39.774000,136.0,223.0,,280.0,False,HARD,6.0,False,Williams,0 days 00:43:34.346000,2022-03-18 12:28:34.359,1,,False,,False,False,125.428,125.428
230,0 days 00:57:16.777000,ALB,23,,7.0,3.0,0 days 00:55:27.616000,,,48.652,25.855,,0 days 00:56:51.015000,0 days 00:57:16.782000,214.0,223.0,284.0,163.0,False,SOFT,1.0,True,Williams,0 days 00:45:39.774000,2022-03-18 12:30:39.787,12,,False,,False,False,,
231,0 days 00:58:59.875000,ALB,23,0 days 00:01:43.098000,8.0,3.0,,,30.219,43.803,29.076,0 days 00:57:46.996000,0 days 00:58:30.799000,0 days 00:58:59.875000,236.0,184.0,249.0,312.0,False,SOFT,2.0,True,Williams,0 days 00:57:16.777000,2022-03-18 12:42:16.790,12,,False,,False,True,103.098,103.09799999999998
232,0 days 01:01:16.754000,ALB,23,0 days 00:02:16.879000,9.0,3.0,,0 days 01:01:14.921000,44.547,61.249,31.083,0 days 00:59:44.422000,0 days 01:00:45.671000,0 days 01:01:16.754000,152.0,169.0,,222.0,False,SOFT,3.0,True,Williams,0 days 00:58:59.875000,2022-03-18 12:43:59.888,1,,False,,False,False,136.879,136.879
233,0 days 01:03:53.560000,ALB,23,,10.0,4.0,0 days 01:01:37.024000,,75.993,54.837,26.004,0 days 01:02:32.857000,0 days 01:03:27.688000,0 days 01:03:53.608000,177.0,212.0,284.0,201.0,False,SOFT,4.0,False,Williams,0 days 01:01:16.754000,2022-03-18 12:46:16.767,1,,False,,False,False,,156.83399999999997
234,0 days 01:05:29.610000,ALB,23,0 days 00:01:36.050000,11.0,4.0,,,30.382,41.616,24.052,0 days 01:04:23.942000,0 days 01:05:05.558000,0 days 01:05:29.610000,232.0,264.0,283.0,308.0,True,SOFT,5.0,False,Williams,0 days 01:03:53.560000,2022-03-18 12:48:53.573,1,,False,,False,True,96.05,96.05000000000001
235,0 days 01:07:42.446000,ALB,23,0 days 00:02:12.836000,12.0,4.0,,,46.141,60.035,26.66,0 days 01:06:15.751000,0 days 01:07:15.786000,0 days 01:07:42.446000,83.0,198.0,282.0,214.0,False,SOFT,6.0,False,Williams,0 days 01:05:29.610000,2022-03-18 12:50:29.623,1,,False,,False,True,132.836,132.83599999999998
236,0 days 01:09:18.369000,ALB,23,0 days 00:01:35.923000,13.0,4.0,,,30.433,41.475,24.015,0 days 01:08:12.879000,0 days 01:08:54.354000,0 days 01:09:18.369000,235.0,267.0,281.0,307.0,True,SOFT,7.0,False,Williams,0 days 01:07:42.446000,2022-03-18 12:52:42.459,1,,False,,False,True,95.923,95.923
237,0 days 01:11:23.181000,ALB,23,0 days 00:02:04.812000,14.0,4.0,,0 days 01:11:21.406000,41.225,54.025,29.562,0 days 01:09:59.594000,0 days 01:10:53.619000,0 days 01:11:23.181000,69.0,207.0,,256.0,False,SOFT,8.0,False,Williams,0 days 01:09:18.369000,2022-03-18 12:54:18.382,1,,False,,False,False,124.812,124.812
238,0 days 01:16:28.350000,ALB,23,,15.0,5.0,0 days 01:14:07.734000,,,53.653,29.827,,0 days 01:15:58.722000,0 days 01:16:28.414000,154.0,200.0,246.0,200.0,False,SOFT,9.0,False,Williams,0 days 01:11:23.181000,2022-03-18 12:56:23.194,1,,False,,False,False,,
239,0 days 01:18:27.383000,ALB,23,0 days 00:01:59.033000,16.0,5.0,,,35.232,49.111,34.69,0 days 01:17:03.582000,0 days 01:17:52.693000,0 days 01:18:27.383000,207.0,226.0,74.0,270.0,False,SOFT,10.0,False,Williams,0 days 01:16:28.350000,2022-03-18 13:01:28.363,1,,False,,False,True,119.033,119.03299999999999
240,0 days 01:20:49.423000,ALB,23,0 days 00:02:22.040000,17.0,5.0,,0 days 01:20:47.641000,62.37,51.148,28.522,0 days 01:19:29.753000,0 days 01:20:20.901000,0 days 01:20:49.423000,222.0,182.0,,247.0,False,SOFT,11.0,False,Williams,0 days 01:18:27.383000,2022-03-18 13:03:27.396,1,,False,,False,False,142.04,142.04
241,0 days 00:17:25.617000,ZHO,24,,1.0,1.0,0 days 00:15:16.175000,,,58.97,30.401,,0 days 00:16:55.326000,0 days 00:17:25.658000,165.0,204.0,263.0,137.0,False,HARD,1.0,True,Alfa Romeo,0 days 00:15:16.175000,2022-03-18 12:00:16.188,1,,False,,False,False,,
242,0 days 00:19:09.003000,ZHO,24,0 days 00:01:43.386000,2.0,1.0,,,33.338,45.043,25.005,0 days 00:17:58.955000,0 days 00:18:43.998000,0 days 00:19:09.003000,208.0,239.0,265.0,275.0,True,HARD,2.0,True,Alfa Romeo,0 days 00:17:25.617000,2022-03-18 12:02:25.630,1,,False,,False,True,103.386,103.386
243,0 days 00:21:15.566000,ZHO,24,0 days 00:02:06.563000,3.0,1.0,,0 days 00:21:13.792000,36.746,59.371,30.446,0 days 00:19:45.749000,0 days 00:20:45.120000,0 days 00:21:15.566000,159.0,191.0,,266.0,False,HARD,3.0,True,Alfa Romeo,0 days 00:19:09.003000,2022-03-18 12:04:09.016,12,,False,,False,False,126.563,126.563
244,0 days 00:37:28.988000,ZHO,24,,4.0,2.0,0 days 00:35:21.785000,,,52.4,38.092,,0 days 00:36:51.040000,0 days 00:37:29.054000,178.0,201.0,270.0,170.0,False,HARD,4.0,False,Alfa Romeo,0 days 00:35:21.785000,2022-03-18 12:20:21.798,1,,False,,False,False,,
245,0 days 00:39:08.694000,ZHO,24,0 days 00:01:39.706000,5.0,2.0,,,32.074,42.997,24.635,0 days 00:38:01.062000,0 days 00:38:44.059000,0 days 00:39:08.694000,227.0,253.0,274.0,297.0,True,HARD,5.0,False,Alfa Romeo,0 days 00:37:28.988000,2022-03-18 12:22:29.001,1,,False,,False,True,99.706,99.706
246,0 days 00:40:47.362000,ZHO,24,0 days 00:01:38.668000,6.0,2.0,,,31.365,42.575,24.728,0 days 00:39:40.059000,0 days 00:40:22.634000,0 days 00:40:47.362000,227.0,255.0,275.0,294.0,True,HARD,6.0,False,Alfa Romeo,0 days 00:39:08.694000,2022-03-18 12:24:08.707,1,,False,,False,True,98.668,98.668
247,0 days 00:42:51.281000,ZHO,24,0 days 00:02:03.919000,7.0,2.0,,,40.064,55.883,27.972,0 days 00:41:27.426000,0 days 00:42:23.309000,0 days 00:42:51.281000,63.0,172.0,275.0,299.0,False,HARD,7.0,False,Alfa Romeo,0 days 00:40:47.362000,2022-03-18 12:25:47.375,1,,False,,False,True,123.919,123.91900000000001
248,0 days 00:44:28.937000,ZHO,24,0 days 00:01:37.656000,8.0,2.0,,,30.981,42.384,24.291,0 days 00:43:22.262000,0 days 00:44:04.646000,0 days 00:44:28.937000,232.0,257.0,277.0,301.0,True,HARD,8.0,False,Alfa Romeo,0 days 00:42:51.281000,2022-03-18 12:27:51.294,1,,False,,False,True,97.656,97.656
249,0 days 00:46:07.117000,ZHO,24,0 days 00:01:38.180000,9.0,2.0,,,31.218,42.505,24.457,0 days 00:45:00.155000,0 days 00:45:42.660000,0 days 00:46:07.117000,227.0,258.0,276.0,295.0,False,HARD,9.0,False,Alfa Romeo,0 days 00:44:28.937000,2022-03-18 12:29:28.950,1,,False,,False,True,98.18,98.18
250,0 days 00:48:06.922000,ZHO,24,0 days 00:01:59.805000,10.0,2.0,,,33.004,59.152,27.649,0 days 00:46:40.121000,0 days 00:47:39.273000,0 days 00:48:06.922000,155.0,187.0,274.0,299.0,False,HARD,10.0,False,Alfa Romeo,0 days 00:46:07.117000,2022-03-18 12:31:07.130,1,,False,,False,True,119.805,119.805
251,0 days 00:49:45.187000,ZHO,24,0 days 00:01:38.265000,11.0,2.0,,,31.083,42.735,24.447,0 days 00:48:38.005000,0 days 00:49:20.740000,0 days 00:49:45.187000,232.0,255.0,276.0,298.0,False,HARD,11.0,False,Alfa Romeo,0 days 00:48:06.922000,2022-03-18 12:33:06.935,12,,False,,False,True,98.265,98.265
252,0 days 00:51:36.820000,ZHO,24,0 days 00:01:51.633000,12.0,2.0,,0 days 00:51:35.071000,34.861,47.815,28.957,0 days 00:50:20.048000,0 days 00:51:07.863000,0 days 00:51:36.820000,187.0,209.0,,286.0,False,HARD,12.0,False,Alfa Romeo,0 days 00:49:45.187000,2022-03-18 12:34:45.200,1,,False,,False,False,111.633,111.63299999999998
253,0 days 00:54:00.549000,ZHO,24,0 days 00:02:23.729000,13.0,3.0,0 days 00:51:56.082000,0 days 00:53:58.750000,64.952,49.662,29.115,0 days 00:52:41.772000,0 days 00:53:31.434000,0 days 00:54:00.549000,213.0,209.0,,187.0,False,HARD,13.0,False,Alfa Romeo,0 days 00:51:36.820000,2022-03-18 12:36:36.833,1,,False,,False,False,143.729,143.729
254,0 days 01:07:51.463000,ZHO,24,,14.0,4.0,0 days 01:05:50.096000,,,55.779,28.314,,0 days 01:07:23.317000,0 days 01:07:51.549000,187.0,189.0,275.0,164.0,False,SOFT,1.0,True,Alfa Romeo,0 days 00:54:00.549000,2022-03-18 12:39:00.562,12,,False,,False,False,,
255,0 days 01:09:27.191000,ZHO,24,0 days 00:01:35.728000,15.0,4.0,,,30.533,41.39,23.805,0 days 01:08:21.996000,0 days 01:09:03.386000,0 days 01:09:27.191000,234.0,261.0,277.0,300.0,True,SOFT,2.0,True,Alfa Romeo,0 days 01:07:51.463000,2022-03-18 12:52:51.476,1,,False,,False,True,95.728,95.72800000000001
256,0 days 01:11:33.751000,ZHO,24,0 days 00:02:06.560000,16.0,4.0,,,41.763,55.68,29.117,0 days 01:10:08.954000,0 days 01:11:04.634000,0 days 01:11:33.751000,161.0,174.0,282.0,183.0,False,SOFT,3.0,True,Alfa Romeo,0 days 01:09:27.191000,2022-03-18 12:54:27.204,1,,False,,False,True,126.56,126.56
257,0 days 01:13:08.804000,ZHO,24,0 days 00:01:35.053000,17.0,4.0,,,30.14,41.057,23.856,0 days 01:12:03.891000,0 days 01:12:44.948000,0 days 01:13:08.804000,237.0,266.0,282.0,308.0,True,SOFT,4.0,True,Alfa Romeo,0 days 01:11:33.751000,2022-03-18 12:56:33.764,1,,False,,False,True,95.053,95.053
258,0 days 01:15:15.422000,ZHO,24,0 days 00:02:06.618000,18.0,4.0,,,36.675,58.416,31.527,0 days 01:13:45.479000,0 days 01:14:43.895000,0 days 01:15:15.422000,174.0,84.0,253.0,289.0,False,SOFT,5.0,True,Alfa Romeo,0 days 01:13:08.804000,2022-03-18 12:58:08.817,1,,False,,False,True,126.618,126.618
259,0 days 01:17:23.687000,ZHO,24,0 days 00:02:08.265000,19.0,4.0,,,36.053,52.148,40.064,0 days 01:15:51.475000,0 days 01:16:43.623000,0 days 01:17:23.687000,173.0,196.0,57.0,273.0,False,SOFT,6.0,True,Alfa Romeo,0 days 01:15:15.422000,2022-03-18 13:00:15.435,1,,False,,False,True,128.265,128.265
260,0 days 01:19:50.049000,ZHO,24,0 days 00:02:26.362000,20.0,4.0,,0 days 01:19:48.310000,66.186,50.945,29.231,0 days 01:18:29.873000,0 days 01:19:20.818000,0 days 01:19:50.049000,189.0,192.0,,178.0,False,SOFT,7.0,True,Alfa Romeo,0 days 01:17:23.687000,2022-03-18 13:02:23.700,1,,False,,False,False,146.362,146.362
261,0 days 00:17:16.673000,HUL,27,,1.0,1.0,0 days 00:15:07.677000,,,50.34,25.759,,0 days 00:16:51.090000,0 days 00:17:16.755000,199.0,222.0,273.0,176.0,False,HARD,1.0,True,Aston Martin,0 days 00:15:07.677000,2022-03-18 12:00:07.690,1,,False,,False,False,,
262,0 days 00:18:59.136000,HUL,27,0 days 00:01:42.463000,2.0,1.0,,,32.41,44.523,25.53,0 days 00:17:49.083000,0 days 00:18:33.606000,0 days 00:18:59.136000,227.0,241.0,270.0,298.0,True,HARD,2.0,True,Aston Martin,0 days 00:17:16.673000,2022-03-18 12:02:16.686,1,,False,,False,True,102.463,102.463
263,0 days 00:20:39.086000,HUL,27,0 days 00:01:39.950000,3.0,1.0,,,31.389,43.771,24.79,0 days 00:19:30.525000,0 days 00:20:14.296000,0 days 00:20:39.086000,232.0,257.0,271.0,301.0,True,HARD,3.0,True,Aston Martin,0 days 00:18:59.136000,2022-03-18 12:03:59.149,1,,False,,False,True,99.95,99.94999999999999
264,0 days 00:22:36.771000,HUL,27,0 days 00:01:57.685000,4.0,1.0,,0 days 00:22:35.069000,34.895,49.897,32.893,0 days 00:21:13.981000,0 days 00:22:03.878000,0 days 00:22:36.771000,215.0,230.0,,253.0,False,HARD,4.0,True,Aston Martin,0 days 00:20:39.086000,2022-03-18 12:05:39.099,125,,False,,False,False,117.685,117.685
265,0 days 00:36:51.816000,HUL,27,,5.0,2.0,0 days 00:35:07.635000,,,45.191,25.397,,0 days 00:36:26.567000,0 days 00:36:51.857000,221.0,250.0,265.0,183.0,False,HARD,5.0,False,Aston Martin,0 days 00:35:07.635000,2022-03-18 12:20:07.648,1,,False,,False,False,,
266,0 days 00:38:32.385000,HUL,27,0 days 00:01:40.569000,6.0,2.0,,,32.483,43.24,24.846,0 days 00:37:24.299000,0 days 00:38:07.539000,0 days 00:38:32.385000,230.0,261.0,274.0,282.0,False,HARD,6.0,False,Aston Martin,0 days 00:36:51.816000,2022-03-18 12:21:51.829,1,,False,,False,True,100.569,100.569
267,0 days 00:40:11.563000,HUL,27,0 days 00:01:39.178000,7.0,2.0,,,31.309,43.304,24.565,0 days 00:39:03.694000,0 days 00:39:46.998000,0 days 00:40:11.563000,227.0,253.0,275.0,305.0,True,HARD,7.0,False,Aston Martin,0 days 00:38:32.385000,2022-03-18 12:23:32.398,1,,False,,False,True,99.178,99.178
268,0 days 00:41:50.270000,HUL,27,0 days 00:01:38.707000,8.0,2.0,,,31.451,42.904,24.352,0 days 00:40:43.014000,0 days 00:41:25.918000,0 days 00:41:50.270000,228.0,254.0,277.0,293.0,True,HARD,8.0,False,Aston Martin,0 days 00:40:11.563000,2022-03-18 12:25:11.576,1,,False,,False,True,98.707,98.70700000000001
269,0 days 00:43:29.788000,HUL,27,0 days 00:01:39.518000,9.0,2.0,,,31.445,42.863,25.21,0 days 00:42:21.715000,0 days 00:43:04.578000,0 days 00:43:29.788000,228.0,254.0,276.0,296.0,False,HARD,9.0,False,Aston Martin,0 days 00:41:50.270000,2022-03-18 12:26:50.283,1,,False,,False,True,99.518,99.518
270,0 days 00:45:18.172000,HUL,27,0 days 00:01:48.384000,10.0,2.0,,0 days 00:45:16.404000,33.236,46.098,29.05,0 days 00:44:03.024000,0 days 00:44:49.122000,0 days 00:45:18.172000,205.0,234.0,,291.0,False,HARD,10.0,False,Aston Martin,0 days 00:43:29.788000,2022-03-18 12:28:29.801,1,,False,,False,False,108.384,108.384
271,0 days 00:57:49.100000,HUL,27,,11.0,3.0,0 days 00:55:34.742000,,,53.758,27.114,,0 days 00:57:22.147000,0 days 00:57:49.179000,172.0,190.0,274.0,204.0,False,SOFT,1.0,True,Aston Martin,0 days 00:45:18.172000,2022-03-18 12:30:18.185,12,,False,,False,False,,
272,0 days 00:59:24.915000,HUL,27,0 days 00:01:35.815000,12.0,3.0,,,30.699,41.171,23.945,0 days 00:58:19.799000,0 days 00:59:00.970000,0 days 00:59:24.915000,234.0,258.0,274.0,298.0,True,SOFT,2.0,True,Aston Martin,0 days 00:57:49.100000,2022-03-18 12:42:49.113,12,,False,,False,True,95.815,95.815
273,0 days 01:01:23.268000,HUL,27,0 days 00:01:58.353000,13.0,3.0,,,37.758,53.838,26.757,0 days 01:00:02.673000,0 days 01:00:56.511000,0 days 01:01:23.268000,169.0,192.0,275.0,244.0,False,SOFT,3.0,True,Aston Martin,0 days 00:59:24.915000,2022-03-18 12:44:24.928,1,,False,,False,True,118.353,118.35300000000001
274,0 days 01:02:59.967000,HUL,27,0 days 00:01:36.699000,14.0,3.0,,,30.822,41.444,24.433,0 days 01:01:54.090000,0 days 01:02:35.534000,0 days 01:02:59.967000,235.0,262.0,272.0,298.0,False,SOFT,4.0,True,Aston Martin,0 days 01:01:23.268000,2022-03-18 12:46:23.281,1,,False,,False,True,96.699,96.69900000000001
275,0 days 01:05:07.088000,HUL,27,0 days 00:02:07.121000,15.0,3.0,,,39.809,56.826,30.486,0 days 01:03:39.776000,0 days 01:04:36.602000,0 days 01:05:07.088000,117.0,124.0,245.0,232.0,False,SOFT,5.0,True,Aston Martin,0 days 01:02:59.967000,2022-03-18 12:47:59.980,1,,False,,False,True,127.121,127.121
276,0 days 01:07:11.844000,HUL,27,0 days 00:02:04.756000,16.0,3.0,,,39.615,56.174,28.967,0 days 01:05:46.703000,0 days 01:06:42.877000,0 days 01:07:11.844000,164.0,206.0,274.0,146.0,False,SOFT,6.0,True,Aston Martin,0 days 01:05:07.088000,2022-03-18 12:50:07.101,1,,False,,False,True,124.756,124.756
277,0 days 01:09:05.446000,HUL,27,0 days 00:01:53.602000,17.0,3.0,,,30.781,50.031,32.79,0 days 01:07:42.625000,0 days 01:08:32.656000,0 days 01:09:05.446000,232.0,123.0,276.0,303.0,False,SOFT,7.0,True,Aston Martin,0 days 01:07:11.844000,2022-03-18 12:52:11.857,1,,False,,False,True,113.602,113.602
278,0 days 01:10:41.579000,HUL,27,0 days 00:01:36.133000,18.0,3.0,,,30.693,41.329,24.111,0 days 01:09:36.139000,0 days 01:10:17.468000,0 days 01:10:41.579000,233.0,262.0,276.0,299.0,False,SOFT,8.0,True,Aston Martin,0 days 01:09:05.446000,2022-03-18 12:54:05.459,1,,False,,False,True,96.133,96.13300000000001
279,0 days 01:12:55.076000,HUL,27,0 days 00:02:13.497000,19.0,3.0,,,39.075,61.696,32.726,0 days 01:11:20.654000,0 days 01:12:22.350000,0 days 01:12:55.076000,150.0,148.0,229.0,247.0,False,SOFT,9.0,True,Aston Martin,0 days 01:10:41.579000,2022-03-18 12:55:41.592,1,,False,,False,True,133.497,133.497
280,0 days 01:14:59.326000,HUL,27,0 days 00:02:04.250000,20.0,3.0,,,41.734,53.521,28.995,0 days 01:13:36.810000,0 days 01:14:30.331000,0 days 01:14:59.326000,151.0,115.0,275.0,190.0,False,SOFT,10.0,True,Aston Martin,0 days 01:12:55.076000,2022-03-18 12:57:55.089,1,,False,,False,True,124.25,124.25
281,0 days 01:16:37.570000,HUL,27,0 days 00:01:38.244000,21.0,3.0,,,30.728,41.379,26.137,0 days 01:15:30.054000,0 days 01:16:11.433000,0 days 01:16:37.570000,235.0,256.0,248.0,303.0,False,SOFT,11.0,True,Aston Martin,0 days 01:14:59.326000,2022-03-18 12:59:59.339,1,,False,,False,True,98.244,98.244
282,0 days 01:18:42.434000,HUL,27,0 days 00:02:04.864000,22.0,3.0,,,35.683,47.549,41.632,0 days 01:17:13.253000,0 days 01:18:00.802000,0 days 01:18:42.434000,193.0,178.0,43.0,215.0,False,SOFT,12.0,True,Aston Martin,0 days 01:16:37.570000,2022-03-18 13:01:37.583,1,,False,,False,True,124.864,124.864
283,0 days 01:21:05.610000,HUL,27,0 days 00:02:23.176000,23.0,3.0,,0 days 01:21:03.836000,67.204,47.585,28.387,0 days 01:19:49.638000,0 days 01:20:37.223000,0 days 01:21:05.610000,190.0,204.0,,235.0,False,SOFT,13.0,True,Aston Martin,0 days 01:18:42.434000,2022-03-18 13:03:42.447,1,,False,,False,False,143.176,143.176
284,0 days 00:20:38.207000,OCO,31,,1.0,1.0,0 days 00:18:17.158000,,,56.576,30.777,,0 days 00:20:07.529000,0 days 00:20:38.226000,202.0,212.0,282.0,175.0,False,SOFT,1.0,True,Alpine,0 days 00:18:17.158000,2022-03-18 12:03:17.171,1,,False,,False,False,,
285,0 days 00:22:48.374000,OCO,31,0 days 00:02:10.167000,2.0,1.0,,0 days 00:22:46.567000,31.109,58.809,40.249,0 days 00:21:09.316000,0 days 00:22:08.125000,0 days 00:22:48.374000,232.0,168.0,,308.0,False,SOFT,2.0,True,Alpine,0 days 00:20:38.207000,2022-03-18 12:05:38.220,125,,False,,False,False,130.167,130.167
286,0 days 00:47:20.143000,OCO,31,,3.0,2.0,0 days 00:45:28.950000,,,47.795,26.092,,0 days 00:46:54.139000,0 days 00:47:20.193000,215.0,221.0,280.0,99.0,False,SOFT,3.0,False,Alpine,0 days 00:45:28.950000,2022-03-18 12:30:28.963,1,,False,,False,False,,
287,0 days 00:48:55.919000,OCO,31,0 days 00:01:35.776000,4.0,2.0,,,30.254,41.544,23.978,0 days 00:47:50.397000,0 days 00:48:31.941000,0 days 00:48:55.919000,233.0,259.0,279.0,309.0,True,SOFT,4.0,False,Alpine,0 days 00:47:20.143000,2022-03-18 12:32:20.156,1,,False,,False,True,95.776,95.77600000000001
288,0 days 00:51:13.509000,OCO,31,0 days 00:02:17.590000,5.0,2.0,,,42.964,65.52,29.106,0 days 00:49:38.883000,0 days 00:50:44.403000,0 days 00:51:13.509000,130.0,132.0,278.0,220.0,False,SOFT,5.0,False,Alpine,0 days 00:48:55.919000,2022-03-18 12:33:55.932,12,,False,,False,True,137.59,137.59
289,0 days 00:52:48.926000,OCO,31,0 days 00:01:35.417000,6.0,2.0,,,30.341,41.202,23.874,0 days 00:51:43.850000,0 days 00:52:25.052000,0 days 00:52:48.926000,232.0,259.0,280.0,307.0,True,SOFT,6.0,False,Alpine,0 days 00:51:13.509000,2022-03-18 12:36:13.522,1,,False,,False,True,95.417,95.417
290,0 days 00:54:39.785000,OCO,31,0 days 00:01:50.859000,7.0,2.0,,0 days 00:54:37.995000,34.177,48.484,28.198,0 days 00:53:23.103000,0 days 00:54:11.587000,0 days 00:54:39.785000,216.0,244.0,,284.0,False,SOFT,7.0,False,Alpine,0 days 00:52:48.926000,2022-03-18 12:37:48.939,1,,False,,False,False,110.859,110.85900000000001
291,0 days 01:05:38.537000,OCO,31,,8.0,3.0,0 days 01:03:28.947000,,,48.864,25.171,,0 days 01:05:13.540000,0 days 01:05:38.676000,153.0,214.0,281.0,186.0,False,SOFT,1.0,True,Alpine,0 days 00:54:39.785000,2022-03-18 12:39:39.798,12,,False,,False,False,,
292,0 days 01:07:13.688000,OCO,31,0 days 00:01:35.151000,9.0,3.0,,,30.167,41.13,23.854,0 days 01:06:08.704000,0 days 01:06:49.834000,0 days 01:07:13.688000,232.0,260.0,282.0,307.0,True,SOFT,2.0,True,Alpine,0 days 01:05:38.537000,2022-03-18 12:50:38.550,1,,False,,False,True,95.151,95.151
293,0 days 01:09:27.826000,OCO,31,0 days 00:02:14.138000,10.0,3.0,,,42.626,64.2,27.312,0 days 01:07:56.314000,0 days 01:09:00.514000,0 days 01:09:27.826000,173.0,160.0,283.0,216.0,False,SOFT,3.0,True,Alpine,0 days 01:07:13.688000,2022-03-18 12:52:13.701,1,,False,,False,True,134.138,134.138
294,0 days 01:11:03.022000,OCO,31,0 days 00:01:35.196000,11.0,3.0,,,30.205,41.166,23.825,0 days 01:09:58.031000,0 days 01:10:39.197000,0 days 01:11:03.022000,231.0,261.0,281.0,308.0,False,SOFT,4.0,True,Alpine,0 days 01:09:27.826000,2022-03-18 12:54:27.839,1,,False,,False,True,95.196,95.196
295,0 days 01:12:59.219000,OCO,31,0 days 00:01:56.197000,12.0,3.0,,0 days 01:12:57.486000,35.291,50.973,29.933,0 days 01:11:38.313000,0 days 01:12:29.286000,0 days 01:12:59.219000,188.0,193.0,,265.0,False,SOFT,5.0,True,Alpine,0 days 01:11:03.022000,2022-03-18 12:56:03.035,1,,False,,False,False,116.197,116.197
296,0 days 01:15:28.078000,OCO,31,0 days 00:02:28.859000,13.0,4.0,0 days 01:13:22.883000,,66.012,55.407,27.44,0 days 01:14:05.231000,0 days 01:15:00.638000,0 days 01:15:28.078000,81.0,223.0,262.0,174.0,False,SOFT,8.0,False,Alpine,0 days 01:12:59.219000,2022-03-18 12:57:59.232,1,,False,,False,False,148.859,148.859
297,0 days 01:17:32.814000,OCO,31,0 days 00:02:04.736000,14.0,4.0,,,32.986,44.849,46.901,0 days 01:16:01.064000,0 days 01:16:45.913000,0 days 01:17:32.814000,229.0,212.0,52.0,270.0,False,SOFT,9.0,False,Alpine,0 days 01:15:28.078000,2022-03-18 13:00:28.091,1,,False,,False,True,124.736,124.73599999999999
298,0 days 01:19:54.220000,OCO,31,0 days 00:02:21.406000,15.0,4.0,,0 days 01:19:52.468000,68.18,43.796,29.43,0 days 01:18:40.994000,0 days 01:19:24.790000,0 days 01:19:54.220000,226.0,231.0,,252.0,False,SOFT,10.0,False,Alpine,0 days 01:17:32.814000,2022-03-18 13:02:32.827,1,,False,,False,False,141.406,141.406
299,0 days 00:17:52.622000,HAM,44,,1.0,1.0,0 days 00:15:25.447000,,,58.439,35.276,,0 days 00:17:17.460000,0 days 00:17:52.707000,151.0,194.0,263.0,199.0,False,MEDIUM,1.0,True,Mercedes,0 days 00:15:25.447000,2022-03-18 12:00:25.460,1,,False,,False,False,,
300,0 days 00:19:30.750000,HAM,44,0 days 00:01:38.128000,2.0,1.0,,,31.951,42.129,24.048,0 days 00:18:24.573000,0 days 00:19:06.702000,0 days 00:19:30.750000,229.0,261.0,265.0,277.0,True,MEDIUM,2.0,True,Mercedes,0 days 00:17:52.622000,2022-03-18 12:02:52.635,1,,False,,False,True,98.128,98.128
301,0 days 00:21:48.072000,HAM,44,0 days 00:02:17.322000,3.0,1.0,,,46.82,58.827,31.675,0 days 00:20:17.570000,0 days 00:21:16.397000,0 days 00:21:48.072000,118.0,202.0,257.0,219.0,False,MEDIUM,3.0,True,Mercedes,0 days 00:19:30.750000,2022-03-18 12:04:30.763,12,,False,,False,True,137.322,137.322
302,0 days 00:36:04.968000,HAM,44,,4.0,1.0,,0 days 00:23:55.181000,35.65,57.648,,0 days 00:22:23.858000,0 days 00:23:21.494000,,195.0,186.0,,230.0,False,MEDIUM,4.0,True,Mercedes,0 days 00:21:48.072000,2022-03-18 12:06:48.085,251,,False,,False,False,,
303,0 days 00:37:59.570000,HAM,44,,5.0,2.0,0 days 00:36:04.968000,,,48.868,33.174,,0 days 00:37:26.514000,0 days 00:37:59.616000,204.0,206.0,263.0,198.0,False,MEDIUM,5.0,False,Mercedes,0 days 00:36:04.968000,2022-03-18 12:21:04.981,1,,False,,False,False,,
304,0 days 00:39:42.831000,HAM,44,0 days 00:01:43.261000,6.0,2.0,,,31.666,43.846,27.749,0 days 00:38:31.236000,0 days 00:39:15.082000,0 days 00:39:42.831000,231.0,245.0,267.0,278.0,False,MEDIUM,6.0,False,Mercedes,0 days 00:37:59.570000,2022-03-18 12:22:59.583,1,,False,,False,True,103.261,103.261
305,0 days 00:41:19.198000,HAM,44,0 days 00:01:36.367000,7.0,2.0,,,31.091,41.28,23.996,0 days 00:40:13.922000,0 days 00:40:55.202000,0 days 00:41:19.198000,232.0,260.0,262.0,302.0,True,MEDIUM,7.0,False,Mercedes,0 days 00:39:42.831000,2022-03-18 12:24:42.844,1,,False,,False,True,96.367,96.367
306,0 days 00:43:19.595000,HAM,44,0 days 00:02:00.397000,8.0,2.0,,0 days 00:43:17.810000,36.034,53.593,30.77,0 days 00:41:55.232000,0 days 00:42:48.825000,0 days 00:43:19.595000,148.0,140.0,,264.0,False,MEDIUM,8.0,False,Mercedes,0 days 00:41:19.198000,2022-03-18 12:26:19.211,1,,False,,False,False,120.397,120.397
307,0 days 00:52:38.746000,HAM,44,,9.0,3.0,0 days 00:50:30.537000,,,49.174,26.922,,0 days 00:52:11.905000,0 days 00:52:38.774000,165.0,228.0,264.0,198.0,False,MEDIUM,9.0,False,Mercedes,0 days 00:43:19.595000,2022-03-18 12:28:19.608,12,,False,,False,False,,
308,0 days 00:54:21.226000,HAM,44,0 days 00:01:42.480000,10.0,3.0,,0 days 00:54:19.431000,31.974,43.773,26.733,0 days 00:53:10.720000,0 days 00:53:54.493000,0 days 00:54:21.226000,224.0,245.0,,277.0,False,MEDIUM,10.0,False,Mercedes,0 days 00:52:38.746000,2022-03-18 12:37:38.759,1,,False,,False,False,102.48,102.48
309,0 days 01:02:50.280000,HAM,44,,11.0,4.0,0 days 01:00:38.983000,,,49.566,29.784,,0 days 01:02:20.637000,0 days 01:02:50.320000,201.0,217.0,242.0,198.0,False,SOFT,1.0,True,Mercedes,0 days 00:54:21.226000,2022-03-18 12:39:21.239,12,,False,,False,False,,
310,0 days 01:05:00.796000,HAM,44,0 days 00:02:10.516000,12.0,4.0,,,37.936,55.314,37.266,0 days 01:03:28.216000,0 days 01:04:23.530000,0 days 01:05:00.796000,176.0,219.0,276.0,185.0,False,SOFT,2.0,True,Mercedes,0 days 01:02:50.280000,2022-03-18 12:47:50.293,1,,False,,False,True,130.516,130.516
311,0 days 01:06:35.739000,HAM,44,0 days 00:01:34.943000,13.0,4.0,,,30.512,40.613,23.818,0 days 01:05:31.308000,0 days 01:06:11.921000,0 days 01:06:35.739000,232.0,261.0,266.0,302.0,True,SOFT,3.0,True,Mercedes,0 days 01:05:00.796000,2022-03-18 12:50:00.809,1,,False,,False,True,94.943,94.943
312,0 days 01:08:26.252000,HAM,44,0 days 00:01:50.513000,14.0,4.0,,0 days 01:08:24.511000,34.386,48.468,27.659,0 days 01:07:10.125000,0 days 01:07:58.593000,0 days 01:08:26.252000,191.0,227.0,,246.0,False,SOFT,4.0,True,Mercedes,0 days 01:06:35.739000,2022-03-18 12:51:35.752,1,,False,,False,False,110.513,110.513
313,0 days 01:16:35.042000,HAM,44,,15.0,5.0,0 days 01:14:33.767000,,,46.198,25.829,,0 days 01:16:09.330000,0 days 01:16:35.101000,213.0,237.0,237.0,188.0,False,SOFT,5.0,False,Mercedes,0 days 01:08:26.252000,2022-03-18 12:53:26.265,1,,False,,False,False,,
314,0 days 01:18:47.358000,HAM,44,0 days 00:02:12.316000,16.0,5.0,,,36.122,50.82,45.374,0 days 01:17:11.164000,0 days 01:18:01.984000,0 days 01:18:47.358000,217.0,180.0,35.0,161.0,False,SOFT,6.0,False,Mercedes,0 days 01:16:35.042000,2022-03-18 13:01:35.055,1,,False,,False,True,132.316,132.316
315,0 days 01:21:12.431000,HAM,44,0 days 00:02:25.073000,17.0,5.0,,0 days 01:21:10.595000,69.102,47.23,28.741,0 days 01:19:56.460000,0 days 01:20:43.690000,0 days 01:21:12.431000,176.0,210.0,,236.0,False,SOFT,7.0,False,Mercedes,0 days 01:18:47.358000,2022-03-18 13:03:47.371,1,,False,,False,False,145.073,145.07299999999998
316,0 days 00:18:18.111000,MSC,47,,1.0,1.0,0 days 00:16:23.274000,0 days 00:18:16.239000,,49.944,28.989,,0 days 00:17:49.242000,0 days 00:18:18.111000,187.0,244.0,,170.0,False,HARD,1.0,True,Haas F1 Team,0 days 00:16:23.274000,2022-03-18 12:01:23.287,1,,False,,False,False,,
317,0 days 00:37:38.133000,MSC,47,,2.0,2.0,0 days 00:35:42.289000,,,44.412,25.188,,0 days 00:37:13.120000,0 days 00:37:38.244000,219.0,251.0,266.0,198.0,False,HARD,2.0,False,Haas F1 Team,0 days 00:35:42.289000,2022-03-18 12:20:42.302,1,,False,,False,False,,
318,0 days 00:39:18.043000,MSC,47,0 days 00:01:39.910000,3.0,2.0,,,32.339,42.951,24.62,0 days 00:38:10.472000,0 days 00:38:53.423000,0 days 00:39:18.043000,228.0,258.0,276.0,283.0,True,HARD,3.0,False,Haas F1 Team,0 days 00:37:38.133000,2022-03-18 12:22:38.146,1,,False,,False,True,99.91,99.91
319,0 days 00:40:56.278000,MSC,47,0 days 00:01:38.235000,4.0,2.0,,,31.213,42.507,24.515,0 days 00:39:49.256000,0 days 00:40:31.763000,0 days 00:40:56.278000,227.0,257.0,278.0,304.0,True,HARD,4.0,False,Haas F1 Team,0 days 00:39:18.043000,2022-03-18 12:24:18.056,1,,False,,False,True,98.235,98.235
320,0 days 00:42:35.590000,MSC,47,0 days 00:01:39.312000,5.0,2.0,,,31.955,42.952,24.405,0 days 00:41:28.233000,0 days 00:42:11.185000,0 days 00:42:35.590000,228.0,257.0,276.0,309.0,False,HARD,5.0,False,Haas F1 Team,0 days 00:40:56.278000,2022-03-18 12:25:56.291,1,,False,,False,True,99.312,99.312
321,0 days 00:44:14.614000,MSC,47,0 days 00:01:39.024000,6.0,2.0,,,31.909,42.592,24.523,0 days 00:43:07.499000,0 days 00:43:50.091000,0 days 00:44:14.614000,229.0,258.0,277.0,306.0,False,HARD,6.0,False,Haas F1 Team,0 days 00:42:35.590000,2022-03-18 12:27:35.603,1,,False,,False,True,99.024,99.024
322,0 days 00:45:53.255000,MSC,47,0 days 00:01:38.641000,7.0,2.0,,,31.39,42.789,24.462,0 days 00:44:46.004000,0 days 00:45:28.793000,0 days 00:45:53.255000,226.0,256.0,277.0,308.0,False,HARD,7.0,False,Haas F1 Team,0 days 00:44:14.614000,2022-03-18 12:29:14.627,1,,False,,False,True,98.641,98.641
323,0 days 00:47:40.340000,MSC,47,0 days 00:01:47.085000,8.0,2.0,,0 days 00:47:38.558000,31.202,45.939,29.944,0 days 00:46:24.457000,0 days 00:47:10.396000,0 days 00:47:40.340000,225.0,247.0,,299.0,False,HARD,8.0,False,Haas F1 Team,0 days 00:45:53.255000,2022-03-18 12:30:53.268,1,,False,,False,False,107.085,107.08500000000001
324,0 days 00:56:28.527000,MSC,47,,9.0,3.0,0 days 00:54:17.106000,,,53.257,29.089,,0 days 00:55:59.540000,0 days 00:56:28.596000,188.0,196.0,278.0,201.0,False,MEDIUM,1.0,True,Haas F1 Team,0 days 00:47:40.340000,2022-03-18 12:32:40.353,12,,False,,False,False,,
325,0 days 00:58:05.063000,MSC,47,0 days 00:01:36.536000,10.0,3.0,,,30.852,41.864,23.82,0 days 00:56:59.379000,0 days 00:57:41.243000,0 days 00:58:05.063000,233.0,262.0,280.0,305.0,True,MEDIUM,2.0,True,Haas F1 Team,0 days 00:56:28.527000,2022-03-18 12:41:28.540,1,,False,,False,True,96.536,96.536
326,0 days 01:00:10.168000,MSC,47,0 days 00:02:05.105000,11.0,3.0,,,40.509,56.372,28.224,0 days 00:58:45.572000,0 days 00:59:41.944000,0 days 01:00:10.168000,147.0,190.0,279.0,250.0,False,MEDIUM,3.0,True,Haas F1 Team,0 days 00:58:05.063000,2022-03-18 12:43:05.076,12,,False,,False,True,125.105,125.105
327,0 days 01:01:46.708000,MSC,47,0 days 00:01:36.540000,12.0,3.0,,,30.723,41.832,23.985,0 days 01:00:40.891000,0 days 01:01:22.723000,0 days 01:01:46.708000,232.0,262.0,280.0,307.0,False,MEDIUM,4.0,True,Haas F1 Team,0 days 01:00:10.168000,2022-03-18 12:45:10.181,1,,False,,False,True,96.54,96.54
328,0 days 01:03:24.455000,MSC,47,0 days 00:01:37.747000,13.0,3.0,,,30.888,42.416,24.443,0 days 01:02:17.596000,0 days 01:03:00.012000,0 days 01:03:24.455000,230.0,258.0,276.0,306.0,False,MEDIUM,5.0,True,Haas F1 Team,0 days 01:01:46.708000,2022-03-18 12:46:46.721,1,,False,,False,True,97.747,97.747
329,0 days 01:05:02.869000,MSC,47,0 days 00:01:38.414000,14.0,3.0,,,31.084,42.638,24.692,0 days 01:03:55.539000,0 days 01:04:38.177000,0 days 01:05:02.869000,229.0,257.0,279.0,303.0,False,MEDIUM,6.0,True,Haas F1 Team,0 days 01:03:24.455000,2022-03-18 12:48:24.468,1,,False,,False,True,98.414,98.41399999999999
330,0 days 01:06:41.589000,MSC,47,0 days 00:01:38.720000,15.0,3.0,,,31.223,42.832,24.665,0 days 01:05:34.092000,0 days 01:06:16.924000,0 days 01:06:41.589000,229.0,259.0,277.0,306.0,False,MEDIUM,7.0,True,Haas F1 Team,0 days 01:05:02.869000,2022-03-18 12:50:02.882,1,,False,,False,True,98.72,98.72
331,0 days 01:08:20.306000,MSC,47,0 days 00:01:38.717000,16.0,3.0,,,31.328,42.874,24.515,0 days 01:07:12.917000,0 days 01:07:55.791000,0 days 01:08:20.306000,229.0,249.0,277.0,301.0,False,MEDIUM,8.0,True,Haas F1 Team,0 days 01:06:41.589000,2022-03-18 12:51:41.602,1,,False,,False,True,98.717,98.717
332,0 days 01:09:59.141000,MSC,47,0 days 00:01:38.835000,17.0,3.0,,,31.296,42.97,24.569,0 days 01:08:51.602000,0 days 01:09:34.572000,0 days 01:09:59.141000,228.0,246.0,277.0,300.0,False,MEDIUM,9.0,True,Haas F1 Team,0 days 01:08:20.306000,2022-03-18 12:53:20.319,1,,False,,False,True,98.835,98.835
333,0 days 01:11:37.836000,MSC,47,0 days 00:01:38.695000,18.0,3.0,,,31.101,43.031,24.563,0 days 01:10:30.242000,0 days 01:11:13.273000,0 days 01:11:37.836000,230.0,240.0,278.0,300.0,False,MEDIUM,10.0,True,Haas F1 Team,0 days 01:09:59.141000,2022-03-18 12:54:59.154,1,,False,,False,True,98.695,98.69500000000001
334,0 days 01:13:17.395000,MSC,47,0 days 00:01:39.559000,19.0,3.0,,,31.258,43.838,24.463,0 days 01:12:09.094000,0 days 01:12:52.932000,0 days 01:13:17.395000,230.0,250.0,279.0,304.0,False,MEDIUM,11.0,True,Haas F1 Team,0 days 01:11:37.836000,2022-03-18 12:56:37.849,1,,False,,False,True,99.559,99.559
335,0 days 01:14:56.428000,MSC,47,0 days 00:01:39.033000,20.0,3.0,,,31.11,43.227,24.696,0 days 01:13:48.505000,0 days 01:14:31.732000,0 days 01:14:56.428000,229.0,231.0,279.0,306.0,False,MEDIUM,12.0,True,Haas F1 Team,0 days 01:13:17.395000,2022-03-18 12:58:17.408,1,,False,,False,True,99.033,99.03299999999999
336,0 days 01:16:35.798000,MSC,47,0 days 00:01:39.370000,21.0,3.0,,,31.384,43.188,24.798,0 days 01:15:27.812000,0 days 01:16:11,0 days 01:16:35.798000,230.0,237.0,278.0,308.0,False,MEDIUM,13.0,True,Haas F1 Team,0 days 01:14:56.428000,2022-03-18 12:59:56.441,1,,False,,False,True,99.37,99.37
337,0 days 01:18:32.217000,MSC,47,0 days 00:01:56.419000,22.0,3.0,,,31.222,47.519,37.678,0 days 01:17:07.020000,0 days 01:17:54.539000,0 days 01:18:32.217000,230.0,238.0,58.0,305.0,False,MEDIUM,14.0,True,Haas F1 Team,0 days 01:16:35.798000,2022-03-18 13:01:35.811,1,,False,,False,True,116.419,116.419
338,0 days 01:21:01.360000,MSC,47,0 days 00:02:29.143000,23.0,3.0,,0 days 01:20:59.534000,74.088,47.508,27.547,0 days 01:19:46.305000,0 days 01:20:33.813000,0 days 01:21:01.360000,230.0,238.0,,251.0,False,MEDIUM,15.0,True,Haas F1 Team,0 days 01:18:32.217000,2022-03-18 13:03:32.230,1,,False,,False,False,149.143,149.143
339,0 days 00:20:33.515000,SAI,55,,1.0,1.0,0 days 00:18:39.801000,,,50.087,25.828,,0 days 00:20:07.828000,0 days 00:20:33.558000,203.0,206.0,268.0,195.0,False,HARD,1.0,True,Ferrari,0 days 00:18:39.801000,2022-03-18 12:03:39.814,1,,False,,False,False,,
340,0 days 00:22:12.260000,SAI,55,0 days 00:01:38.745000,2.0,1.0,,,32.149,41.986,24.61,0 days 00:21:05.664000,0 days 00:21:47.650000,0 days 00:22:12.260000,231.0,258.0,264.0,278.0,True,HARD,2.0,True,Ferrari,0 days 00:20:33.515000,2022-03-18 12:05:33.528,12,,False,,False,True,98.745,98.74499999999999
341,0 days 00:35:05.883000,SAI,55,,3.0,1.0,,0 days 00:24:24.245000,42.204,,,0 days 00:22:54.606000,,,178.0,,,275.0,False,HARD,3.0,True,Ferrari,0 days 00:22:12.260000,2022-03-18 12:07:12.273,251,,False,,False,False,,
342,0 days 00:36:49.330000,SAI,55,,4.0,2.0,0 days 00:35:05.883000,,,43.118,27.088,,0 days 00:36:22.392000,0 days 00:36:49.390000,224.0,250.0,274.0,174.0,False,HARD,4.0,False,Ferrari,0 days 00:35:05.883000,2022-03-18 12:20:05.896,1,,False,,False,False,,
343,0 days 00:38:26.759000,SAI,55,0 days 00:01:37.429000,5.0,2.0,,,31.252,41.875,24.302,0 days 00:37:20.582000,0 days 00:38:02.457000,0 days 00:38:26.759000,228.0,257.0,278.0,295.0,True,HARD,5.0,False,Ferrari,0 days 00:36:49.330000,2022-03-18 12:21:49.343,1,,False,,False,True,97.429,97.429
344,0 days 00:40:03.934000,SAI,55,0 days 00:01:37.175000,6.0,2.0,,,31.005,41.795,24.375,0 days 00:38:57.764000,0 days 00:39:39.559000,0 days 00:40:03.934000,227.0,254.0,278.0,302.0,True,HARD,6.0,False,Ferrari,0 days 00:38:26.759000,2022-03-18 12:23:26.772,1,,False,,False,True,97.175,97.175
345,0 days 00:41:40.253000,SAI,55,0 days 00:01:36.319000,7.0,2.0,,,30.913,41.46,23.946,0 days 00:40:34.847000,0 days 00:41:16.307000,0 days 00:41:40.253000,229.0,257.0,277.0,303.0,True,HARD,7.0,False,Ferrari,0 days 00:40:03.934000,2022-03-18 12:25:03.947,1,,False,,False,True,96.319,96.319
346,0 days 00:43:40.530000,SAI,55,0 days 00:02:00.277000,8.0,2.0,,,31.251,54.602,34.424,0 days 00:42:11.504000,0 days 00:43:06.106000,0 days 00:43:40.530000,221.0,214.0,278.0,297.0,False,HARD,8.0,False,Ferrari,0 days 00:41:40.253000,2022-03-18 12:26:40.266,1,,False,,False,True,120.277,120.27699999999999
347,0 days 00:45:16.935000,SAI,55,0 days 00:01:36.405000,9.0,2.0,,,30.814,41.563,24.028,0 days 00:44:11.344000,0 days 00:44:52.907000,0 days 00:45:16.935000,230.0,256.0,281.0,307.0,False,HARD,9.0,False,Ferrari,0 days 00:43:40.530000,2022-03-18 12:28:40.543,1,,False,,False,True,96.405,96.405
348,0 days 00:47:09.433000,SAI,55,0 days 00:01:52.498000,10.0,2.0,,0 days 00:47:07.654000,36.962,48.255,27.281,0 days 00:45:53.897000,0 days 00:46:42.152000,0 days 00:47:09.433000,180.0,240.0,,251.0,False,HARD,10.0,False,Ferrari,0 days 00:45:16.935000,2022-03-18 12:30:16.948,1,,False,,False,False,112.498,112.49800000000002
349,0 days 00:56:44.209000,SAI,55,,11.0,3.0,0 days 00:54:52.296000,,,45.16,35.657,,0 days 00:56:08.693000,0 days 00:56:44.275000,213.0,154.0,280.0,206.0,False,MEDIUM,1.0,True,Ferrari,0 days 00:47:09.433000,2022-03-18 12:32:09.446,12,,False,,False,False,,
350,0 days 00:58:36.343000,SAI,55,0 days 00:01:52.134000,12.0,3.0,,,34.669,50.055,27.41,0 days 00:57:18.878000,0 days 00:58:08.933000,0 days 00:58:36.343000,98.0,142.0,283.0,306.0,False,MEDIUM,2.0,True,Ferrari,0 days 00:56:44.209000,2022-03-18 12:41:44.222,12,,False,,False,True,112.134,112.13399999999999
351,0 days 01:00:31.409000,SAI,55,0 days 00:01:55.066000,13.0,3.0,,,30.071,57.165,27.83,0 days 00:59:06.414000,0 days 01:00:03.579000,0 days 01:00:31.409000,236.0,146.0,281.0,311.0,False,MEDIUM,3.0,True,Ferrari,0 days 00:58:36.343000,2022-03-18 12:43:36.356,1,,False,,False,True,115.066,115.066
352,0 days 01:02:06.020000,SAI,55,0 days 00:01:34.611000,14.0,3.0,,,30.206,40.722,23.683,0 days 01:01:01.615000,0 days 01:01:42.337000,0 days 01:02:06.020000,233.0,261.0,281.0,309.0,True,MEDIUM,4.0,True,Ferrari,0 days 01:00:31.409000,2022-03-18 12:45:31.422,1,,False,,False,True,94.611,94.61099999999999
353,0 days 01:04:21.870000,SAI,55,0 days 00:02:15.850000,15.0,3.0,,,41.742,64.877,29.231,0 days 01:02:47.762000,0 days 01:03:52.639000,0 days 01:04:21.870000,151.0,153.0,280.0,250.0,False,MEDIUM,5.0,True,Ferrari,0 days 01:02:06.020000,2022-03-18 12:47:06.033,1,,False,,False,True,135.85,135.85
354,0 days 01:06:03.039000,SAI,55,0 days 00:01:41.169000,16.0,3.0,,0 days 01:06:01.258000,30.296,41.452,29.421,0 days 01:04:52.166000,0 days 01:05:33.618000,0 days 01:06:03.039000,232.0,205.0,,305.0,False,MEDIUM,6.0,True,Ferrari,0 days 01:04:21.870000,2022-03-18 12:49:21.883,1,,False,,False,False,101.169,101.16899999999998
355,0 days 01:08:35.748000,SAI,55,,17.0,4.0,0 days 01:06:22.947000,,72.623,46.78,33.272,0 days 01:07:15.840000,0 days 01:08:02.589000,0 days 01:08:35.776000,197.0,213.0,279.0,201.0,False,MEDIUM,7.0,False,Ferrari,0 days 01:06:03.039000,2022-03-18 12:51:03.052,1,,False,,False,False,,152.675
356,0 days 01:10:17.363000,SAI,55,0 days 00:01:41.615000,18.0,4.0,,,30.39,46.556,24.669,0 days 01:09:06.138000,0 days 01:09:52.694000,0 days 01:10:17.363000,235.0,183.0,269.0,309.0,False,MEDIUM,8.0,False,Ferrari,0 days 01:08:35.748000,2022-03-18 12:53:35.761,1,,False,,False,True,101.615,101.615
357,0 days 01:11:54.375000,SAI,55,0 days 00:01:37.012000,19.0,4.0,,,31.375,41.552,24.085,0 days 01:10:48.738000,0 days 01:11:30.290000,0 days 01:11:54.375000,230.0,256.0,268.0,277.0,False,MEDIUM,9.0,False,Ferrari,0 days 01:10:17.363000,2022-03-18 12:55:17.376,1,,False,,False,True,97.012,97.012
358,0 days 01:13:35.288000,SAI,55,0 days 00:01:40.913000,20.0,4.0,,0 days 01:13:33.494000,31.494,42.524,26.895,0 days 01:12:25.869000,0 days 01:13:08.393000,0 days 01:13:35.288000,229.0,246.0,,275.0,False,MEDIUM,10.0,False,Ferrari,0 days 01:11:54.375000,2022-03-18 12:56:54.388,1,,False,,False,False,100.913,100.913
359,0 days 01:15:57.075000,SAI,55,0 days 00:02:21.787000,21.0,5.0,0 days 01:13:54.309000,,75.546,42.144,24.097,0 days 01:14:50.834000,0 days 01:15:32.978000,0 days 01:15:57.075000,227.0,253.0,269.0,204.0,False,MEDIUM,11.0,False,Ferrari,0 days 01:13:35.288000,2022-03-18 12:58:35.301,1,,False,,False,False,141.787,141.787
360,0 days 01:17:49.203000,SAI,55,0 days 00:01:52.128000,22.0,5.0,,,31.439,45.835,34.854,0 days 01:16:28.514000,0 days 01:17:14.349000,0 days 01:17:49.203000,230.0,192.0,56.0,276.0,False,MEDIUM,12.0,False,Ferrari,0 days 01:15:57.075000,2022-03-18 13:00:57.088,1,,False,,False,True,112.128,112.128
361,0 days 01:20:17.420000,SAI,55,0 days 00:02:28.217000,23.0,5.0,,0 days 01:20:15.554000,73.011,47.415,27.791,0 days 01:19:02.214000,0 days 01:19:49.629000,0 days 01:20:17.420000,210.0,229.0,,248.0,False,MEDIUM,13.0,False,Ferrari,0 days 01:17:49.203000,2022-03-18 13:02:49.216,1,,False,,False,False,148.217,148.21699999999998
362,0 days 00:18:25.987000,RUS,63,,1.0,1.0,0 days 00:16:18.026000,,,48.413,30.679,,0 days 00:17:55.449000,0 days 00:18:26.021000,219.0,235.0,263.0,194.0,False,MEDIUM,1.0,True,Mercedes,0 days 00:16:18.026000,2022-03-18 12:01:18.039,1,,False,,False,False,,
363,0 days 00:20:04.407000,RUS,63,0 days 00:01:38.420000,2.0,1.0,,,31.919,42.29,24.211,0 days 00:18:57.906000,0 days 00:19:40.196000,0 days 00:20:04.407000,232.0,256.0,264.0,277.0,True,MEDIUM,2.0,True,Mercedes,0 days 00:18:25.987000,2022-03-18 12:03:26.000,1,,False,,False,True,98.42,98.42
364,0 days 00:22:06.370000,RUS,63,0 days 00:02:01.963000,3.0,1.0,,,38.405,53.928,29.63,0 days 00:20:42.812000,0 days 00:21:36.740000,0 days 00:22:06.370000,167.0,208.0,248.0,265.0,False,MEDIUM,3.0,True,Mercedes,0 days 00:20:04.407000,2022-03-18 12:05:04.420,12,,False,,False,True,121.963,121.963
365,0 days 00:35:16.924000,RUS,63,,4.0,1.0,,0 days 00:24:22.298000,40.081,,,0 days 00:22:46.623000,,,153.0,,,277.0,False,MEDIUM,4.0,True,Mercedes,0 days 00:22:06.370000,2022-03-18 12:07:06.383,251,,False,,False,False,,
366,0 days 00:37:43.159000,RUS,63,,5.0,2.0,0 days 00:35:16.924000,,,49.589,47.559,,0 days 00:36:55.717000,0 days 00:37:43.241000,205.0,239.0,274.0,200.0,False,MEDIUM,5.0,False,Mercedes,0 days 00:35:16.924000,2022-03-18 12:20:16.937,1,,False,,False,False,,
367,0 days 00:39:20.412000,RUS,63,0 days 00:01:37.253000,6.0,2.0,,,31.189,42.046,24.018,0 days 00:38:14.348000,0 days 00:38:56.394000,0 days 00:39:20.412000,232.0,258.0,278.0,304.0,True,MEDIUM,6.0,False,Mercedes,0 days 00:37:43.159000,2022-03-18 12:22:43.172,1,,False,,False,True,97.253,97.253
368,0 days 00:41:31.825000,RUS,63,0 days 00:02:11.413000,7.0,2.0,,,37.987,58.681,34.745,0 days 00:39:58.399000,0 days 00:40:57.080000,0 days 00:41:31.825000,150.0,199.0,274.0,285.0,False,MEDIUM,7.0,False,Mercedes,0 days 00:39:20.412000,2022-03-18 12:24:20.425,1,,False,,False,True,131.413,131.413
369,0 days 00:43:08.312000,RUS,63,0 days 00:01:36.487000,8.0,2.0,,,30.626,41.768,24.093,0 days 00:42:02.451000,0 days 00:42:44.219000,0 days 00:43:08.312000,231.0,262.0,266.0,305.0,True,MEDIUM,8.0,False,Mercedes,0 days 00:41:31.825000,2022-03-18 12:26:31.838,1,,False,,False,True,96.487,96.48700000000001
370,0 days 00:44:46.268000,RUS,63,0 days 00:01:37.956000,9.0,2.0,,,31.53,41.964,24.462,0 days 00:43:39.842000,0 days 00:44:21.806000,0 days 00:44:46.268000,227.0,251.0,238.0,280.0,False,MEDIUM,9.0,False,Mercedes,0 days 00:43:08.312000,2022-03-18 12:28:08.325,1,,False,,False,True,97.956,97.956
371,0 days 00:46:45.826000,RUS,63,0 days 00:01:59.558000,10.0,2.0,,0 days 00:46:44.073000,38.689,52.201,28.668,0 days 00:45:24.957000,0 days 00:46:17.158000,0 days 00:46:45.826000,216.0,181.0,,159.0,False,MEDIUM,10.0,False,Mercedes,0 days 00:44:46.268000,2022-03-18 12:29:46.281,1,,False,,False,False,119.558,119.55799999999999
372,0 days 00:56:49.802000,RUS,63,,11.0,3.0,0 days 00:54:53.403000,,,47.738,36.889,,0 days 00:56:13.045000,0 days 00:56:49.861000,223.0,238.0,276.0,197.0,False,SOFT,1.0,True,Mercedes,0 days 00:46:45.826000,2022-03-18 12:31:45.839,12,,False,,False,False,,
373,0 days 00:58:24.431000,RUS,63,0 days 00:01:34.629000,12.0,3.0,,,30.352,40.672,23.605,0 days 00:57:20.154000,0 days 00:58:00.826000,0 days 00:58:24.431000,234.0,261.0,275.0,304.0,True,SOFT,2.0,True,Mercedes,0 days 00:56:49.802000,2022-03-18 12:41:49.815,12,,False,,False,True,94.629,94.629
374,0 days 01:00:28.557000,RUS,63,0 days 00:02:04.126000,13.0,3.0,,0 days 01:00:26.797000,38.001,56.044,30.081,0 days 00:59:02.432000,0 days 00:59:58.476000,0 days 01:00:28.557000,168.0,184.0,,274.0,False,SOFT,3.0,True,Mercedes,0 days 00:58:24.431000,2022-03-18 12:43:24.444,1,,False,,False,False,124.126,124.12599999999999
375,0 days 01:03:09.925000,RUS,63,,14.0,4.0,0 days 01:00:52.576000,,77.298,53.461,30.562,0 days 01:01:45.990000,0 days 01:02:39.443000,0 days 01:03:09.944000,209.0,233.0,276.0,205.0,False,SOFT,4.0,False,Mercedes,0 days 01:00:28.557000,2022-03-18 12:45:28.570,1,,False,,False,False,,161.32100000000003
376,0 days 01:04:45.514000,RUS,63,0 days 00:01:35.589000,15.0,4.0,,,30.369,41.039,24.181,0 days 01:03:40.294000,0 days 01:04:21.333000,0 days 01:04:45.514000,234.0,259.0,267.0,303.0,False,SOFT,5.0,False,Mercedes,0 days 01:03:09.925000,2022-03-18 12:48:09.938,1,,False,,False,True,95.589,95.589
377,0 days 01:06:58.761000,RUS,63,0 days 00:02:13.247000,16.0,4.0,,0 days 01:06:56.963000,39.729,61.304,32.214,0 days 01:05:25.243000,0 days 01:06:26.547000,0 days 01:06:58.761000,125.0,145.0,,278.0,False,SOFT,6.0,False,Mercedes,0 days 01:04:45.514000,2022-03-18 12:49:45.527,1,,False,,False,False,133.247,133.247
378,0 days 01:09:35.009000,RUS,63,,17.0,5.0,0 days 01:07:22.053000,,75.771,52.72,27.761,0 days 01:08:14.617000,0 days 01:09:07.332000,0 days 01:09:35.075000,221.0,212.0,276.0,205.0,False,SOFT,7.0,False,Mercedes,0 days 01:06:58.761000,2022-03-18 12:51:58.774,1,,False,,False,False,,156.25199999999998
379,0 days 01:11:09.973000,RUS,63,0 days 00:01:34.964000,18.0,5.0,,,30.361,40.695,23.908,0 days 01:10:05.370000,0 days 01:10:46.065000,0 days 01:11:09.973000,233.0,262.0,267.0,301.0,False,SOFT,8.0,False,Mercedes,0 days 01:09:35.009000,2022-03-18 12:54:35.022,1,,False,,False,True,94.964,94.964
380,0 days 01:13:14.594000,RUS,63,0 days 00:02:04.621000,19.0,5.0,,,39.428,54.371,30.822,0 days 01:11:49.401000,0 days 01:12:43.772000,0 days 01:13:14.594000,159.0,140.0,278.0,280.0,False,SOFT,9.0,False,Mercedes,0 days 01:11:09.973000,2022-03-18 12:56:09.986,1,,False,,False,True,124.621,124.62100000000001
381,0 days 01:14:49.803000,RUS,63,0 days 00:01:35.209000,20.0,5.0,,,30.269,40.902,24.038,0 days 01:13:44.863000,0 days 01:14:25.765000,0 days 01:14:49.803000,233.0,261.0,267.0,303.0,False,SOFT,10.0,False,Mercedes,0 days 01:13:14.594000,2022-03-18 12:58:14.607,1,,False,,False,True,95.209,95.20899999999999
382,0 days 01:16:44.598000,RUS,63,0 days 00:01:54.795000,21.0,5.0,,,31.586,44.052,39.157,0 days 01:15:21.389000,0 days 01:16:05.441000,0 days 01:16:44.598000,232.0,143.0,233.0,280.0,False,SOFT,11.0,False,Mercedes,0 days 01:14:49.803000,2022-03-18 12:59:49.816,1,,False,,False,True,114.795,114.795
383,0 days 01:18:49.076000,RUS,63,0 days 00:02:04.478000,22.0,5.0,,,38.052,49.497,36.929,0 days 01:17:22.650000,0 days 01:18:12.147000,0 days 01:18:49.076000,217.0,180.0,48.0,160.0,False,SOFT,12.0,False,Mercedes,0 days 01:16:44.598000,2022-03-18 13:01:44.611,1,,False,,False,True,124.478,124.47800000000001
384,0 days 01:21:42.914000,RUS,63,,23.0,5.0,,0 days 01:21:41.117000,72.041,68.469,33.323,0 days 01:20:01.219000,0 days 01:21:09.671000,0 days 01:21:42.914000,224.0,208.0,,256.0,False,SOFT,13.0,False,Mercedes,0 days 01:18:49.076000,2022-03-18 13:03:49.089,1,,False,,False,False,,173.833
385,0 days 00:17:48.619000,BOT,77,,1.0,1.0,0 days 00:15:07.394000,0 days 00:17:46.791000,,71.785,46.651,,0 days 00:17:02.067000,0 days 00:17:48.619000,147.0,115.0,,130.0,False,HARD,1.0,True,Alfa Romeo,0 days 00:15:07.394000,2022-03-18 12:00:07.407,1,,False,,False,False,,
386,0 days 01:08:16.632000,BOT,77,,2.0,2.0,0 days 01:05:22.617000,0 days 01:08:14.830000,,76.456,49.427,,0 days 01:07:27.347000,0 days 01:08:16.632000,65.0,114.0,,177.0,False,SOFT,1.0,True,Alfa Romeo,0 days 01:05:22.617000,2022-03-18 12:50:22.630,1,,False,,False,False,,
