,Time,Driver,DriverNumber,LapTime,LapNumber,Stint,PitOutTime,PitInTime,Sector1Time,Sector2Time,Sector3Time,Sector1SessionTime,Sector2SessionTime,Sector3SessionTime,SpeedI1,SpeedI2,SpeedFL,SpeedST,IsPersonalBest,Compound,TyreLife,FreshTyre,Team,LapStartTime,LapStartDate,TrackStatus,Position,Deleted,DeletedReason,FastF1Generated,IsAccurate,LapTime_in_seconds,laptime_sum_sectortimes
0,0 days 00:20:18.255000,VER,1,0 days 00:01:34.499000,1.0,1.0,0 days 00:18:45.843000,,37.93,19.606,36.963,0 days 00:19:21.918000,0 days 00:19:41.507000,0 days 00:20:18.414000,267.0,291.0,303.0,202.0,False,MEDIUM,1.0,True,Red Bull Racing,0 days 00:18:45.843000,2024-03-23 01:33:47.943,1,,False,,False,False,94.499,94.499
1,0 days 00:21:52.490000,VER,1,0 days 00:01:34.235000,2.0,1.0,,,31.497,23.323,39.415,0 days 00:20:49.752000,0 days 00:21:13.075000,0 days 00:21:52.490000,252.0,270.0,303.0,321.0,True,MEDIUM,2.0,True,Red Bull Racing,0 days 00:20:18.255000,2024-03-23 01:35:20.355,1,,False,,False,True,94.235,94.235
2,0 days 00:23:11.081000,VER,1,0 days 00:01:18.591000,3.0,1.0,,,27.351,17.814,33.426,0 days 00:22:19.841000,0 days 00:22:37.655000,0 days 00:23:11.081000,284.0,317.0,302.0,321.0,True,MEDIUM,3.0,True,Red Bull Racing,0 days 00:21:52.490000,2024-03-23 01:36:54.590,1,,False,,False,True,78.591,78.59100000000001
3,0 days 00:25:05.771000,VER,1,0 days 00:01:54.690000,4.0,1.0,,,44.667,29.892,40.131,0 days 00:23:55.748000,0 days 00:24:25.640000,0 days 00:25:05.771000,219.0,217.0,308.0,195.0,False,MEDIUM,4.0,True,Red Bull Racing,0 days 00:23:11.081000,2024-03-23 01:38:13.181,1,,False,,False,True,114.69,114.69
4,0 days 00:26:23.281000,VER,1,0 days 00:01:17.510000,5.0,1.0,,,26.983,17.524,33.003,0 days 00:25:32.754000,0 days 00:25:50.278000,0 days 00:26:23.281000,284.0,319.0,305.0,324.0,True,MEDIUM,5.0,True,Red Bull Racing,0 days 00:25:05.771000,2024-03-23 01:40:07.871,1,,False,,False,True,77.51,77.51
5,0 days 00:28:18.814000,VER,1,0 days 00:01:55.533000,6.0,1.0,,,46.312,28.243,40.978,0 days 00:27:09.593000,0 days 00:27:37.836000,0 days 00:28:18.814000,189.0,261.0,307.0,207.0,False,MEDIUM,6.0,True,Red Bull Racing,0 days 00:26:23.281000,2024-03-23 01:41:25.381,1,,False,,False,True,115.533,115.53299999999999
6,0 days 00:29:35.914000,VER,1,0 days 00:01:17.100000,7.0,1.0,,,26.678,17.446,32.976,0 days 00:28:45.492000,0 days 00:29:02.938000,0 days 00:29:35.914000,285.0,320.0,307.0,324.0,True,MEDIUM,7.0,True,Red Bull Racing,0 days 00:28:18.814000,2024-03-23 01:43:20.914,1,,False,,False,True,77.1,77.1
7,0 days 00:37:33.521000,VER,1,,8.0,1.0,,0 days 00:31:07.165000,32.443,20.395,,0 days 00:30:08.549000,0 days 00:30:28.968000,,251.0,272.0,,231.0,False,MEDIUM,8.0,True,Red Bull Racing,0 days 00:29:35.914000,2024-03-23 01:44:38.014,12,,False,,False,False,,
8,0 days 00:39:19.048000,VER,1,0 days 00:01:45.527000,9.0,2.0,0 days 00:37:36.567000,,50.288,18.846,36.393,0 days 00:38:23.809000,0 days 00:38:42.655000,0 days 00:39:19.048000,264.0,296.0,285.0,189.0,False,MEDIUM,9.0,False,Red Bull Racing,0 days 00:37:33.521000,2024-03-23 01:52:35.621,1,,False,,False,False,105.527,105.527
9,0 days 00:40:41.921000,VER,1,0 days 00:01:22.873000,10.0,2.0,,,28.815,18.506,35.552,0 days 00:39:47.863000,0 days 00:40:06.369000,0 days 00:40:41.921000,273.0,295.0,287.0,287.0,False,MEDIUM,10.0,False,Red Bull Racing,0 days 00:39:19.048000,2024-03-23 01:54:21.148,1,,False,,False,True,82.873,82.87299999999999
10,0 days 00:42:04.615000,VER,1,0 days 00:01:22.694000,11.0,2.0,,,28.667,18.4,35.627,0 days 00:41:10.588000,0 days 00:41:28.988000,0 days 00:42:04.615000,273.0,294.0,290.0,289.0,False,MEDIUM,11.0,False,Red Bull Racing,0 days 00:40:41.921000,2024-03-23 01:55:44.021,1,,False,,False,True,82.694,82.694
11,0 days 00:43:26.899000,VER,1,0 days 00:01:22.284000,12.0,2.0,,,28.63,18.272,35.382,0 days 00:42:33.245000,0 days 00:42:51.517000,0 days 00:43:26.899000,278.0,301.0,288.0,297.0,False,MEDIUM,12.0,False,Red Bull Racing,0 days 00:42:04.615000,2024-03-23 01:57:06.715,1,,False,,False,True,82.284,82.28399999999999
12,0 days 00:44:49.618000,VER,1,0 days 00:01:22.719000,13.0,2.0,,,28.809,18.415,35.495,0 days 00:43:55.708000,0 days 00:44:14.123000,0 days 00:44:49.618000,272.0,290.0,288.0,293.0,False,MEDIUM,13.0,False,Red Bull Racing,0 days 00:43:26.899000,2024-03-23 01:58:28.999,1,,False,,False,True,82.719,82.719
13,0 days 00:46:12.244000,VER,1,0 days 00:01:22.626000,14.0,2.0,,,28.746,18.319,35.561,0 days 00:45:18.364000,0 days 00:45:36.683000,0 days 00:46:12.244000,274.0,291.0,291.0,290.0,False,MEDIUM,14.0,False,Red Bull Racing,0 days 00:44:49.618000,2024-03-23 01:59:51.718,1,,False,,False,True,82.626,82.626
14,0 days 00:47:34.891000,VER,1,0 days 00:01:22.647000,15.0,2.0,,,28.866,18.218,35.563,0 days 00:46:41.110000,0 days 00:46:59.328000,0 days 00:47:34.891000,276.0,295.0,289.0,296.0,False,MEDIUM,15.0,False,Red Bull Racing,0 days 00:46:12.244000,2024-03-23 02:01:14.344,1,,False,,False,True,82.647,82.647
15,0 days 00:48:58.023000,VER,1,0 days 00:01:23.132000,16.0,2.0,,,29.016,18.463,35.653,0 days 00:48:03.907000,0 days 00:48:22.370000,0 days 00:48:58.023000,271.0,293.0,285.0,292.0,False,MEDIUM,16.0,False,Red Bull Racing,0 days 00:47:34.891000,2024-03-23 02:02:36.991,1,,False,,False,True,83.132,83.132
16,0 days 00:50:22.104000,VER,1,0 days 00:01:24.081000,17.0,2.0,,,29.117,18.576,36.388,0 days 00:49:27.140000,0 days 00:49:45.716000,0 days 00:50:22.104000,273.0,291.0,286.0,290.0,False,MEDIUM,17.0,False,Red Bull Racing,0 days 00:48:58.023000,2024-03-23 02:04:00.123,1,,False,,False,True,84.081,84.08099999999999
17,0 days 01:02:20.688000,VER,1,,18.0,2.0,,0 days 00:51:50.408000,31.29,20.192,,0 days 00:50:53.631000,0 days 00:51:13.694000,,257.0,275.0,,242.0,False,MEDIUM,18.0,False,Red Bull Racing,0 days 00:50:22.104000,2024-03-23 02:05:24.204,1,,False,,False,False,,
18,0 days 01:03:52.950000,VER,1,0 days 00:01:32.262000,19.0,3.0,0 days 01:02:22.884000,,36.878,19.442,35.942,0 days 01:02:57.566000,0 days 01:03:17.008000,0 days 01:03:52.950000,264.0,283.0,310.0,199.0,False,SOFT,1.0,True,Red Bull Racing,0 days 01:02:20.688000,2024-03-23 02:17:22.788,1,,False,,False,False,92.262,92.262
19,0 days 01:05:10.227000,VER,1,0 days 00:01:17.277000,20.0,3.0,,,26.751,17.489,33.037,0 days 01:04:19.701000,0 days 01:04:37.190000,0 days 01:05:10.227000,286.0,320.0,307.0,327.0,False,SOFT,2.0,True,Red Bull Racing,0 days 01:03:52.950000,2024-03-23 02:18:55.050,1,,False,,False,True,77.277,77.277
20,0 days 01:07:19.598000,VER,1,0 days 00:02:09.371000,21.0,3.0,,,47.646,32.486,49.239,0 days 01:05:57.873000,0 days 01:06:30.359000,0 days 01:07:19.598000,155.0,204.0,206.0,183.0,False,SOFT,3.0,True,Red Bull Racing,0 days 01:05:10.227000,2024-03-23 02:20:12.327,1,,False,,False,True,129.371,129.371
21,0 days 01:08:55.693000,VER,1,0 days 00:01:36.095000,22.0,3.0,,,35.891,22.134,38.07,0 days 01:07:55.489000,0 days 01:08:17.623000,0 days 01:08:55.693000,249.0,259.0,308.0,254.0,False,SOFT,4.0,True,Red Bull Racing,0 days 01:07:19.598000,2024-03-23 02:22:21.698,1,,False,,False,True,96.095,96.095
22,0 days 01:10:12.721000,VER,1,0 days 00:01:17.028000,23.0,3.0,,,26.711,17.416,32.901,0 days 01:09:22.404000,0 days 01:09:39.820000,0 days 01:10:12.721000,287.0,319.0,307.0,326.0,True,SOFT,5.0,True,Red Bull Racing,0 days 01:08:55.693000,2024-03-23 02:23:57.793,1,,False,,False,True,77.028,77.02799999999999
23,0 days 01:12:26.850000,VER,1,0 days 00:02:14.129000,24.0,3.0,,,48.644,33.147,52.338,0 days 01:11:01.365000,0 days 01:11:34.512000,0 days 01:12:26.850000,154.0,134.0,212.0,233.0,False,SOFT,6.0,True,Red Bull Racing,0 days 01:10:12.721000,2024-03-23 02:25:14.821,1,,False,,False,True,134.129,134.129
24,0 days 01:14:19.067000,VER,1,0 days 00:01:52.217000,25.0,3.0,,,41.407,26.87,43.94,0 days 01:13:08.257000,0 days 01:13:35.127000,0 days 01:14:19.067000,213.0,239.0,309.0,175.0,False,SOFT,7.0,True,Red Bull Racing,0 days 01:12:26.850000,2024-03-23 02:27:28.950,1,,False,,False,True,112.217,112.217
25,0 days 01:15:35.801000,VER,1,0 days 00:01:16.734000,26.0,3.0,,,26.638,17.364,32.732,0 days 01:14:45.705000,0 days 01:15:03.069000,0 days 01:15:35.801000,287.0,322.0,308.0,327.0,True,SOFT,8.0,True,Red Bull Racing,0 days 01:14:19.067000,2024-03-23 02:29:21.167,1,,False,,False,True,76.734,76.73400000000001
26,0 days 01:17:44.204000,VER,1,0 days 00:02:08.403000,27.0,3.0,,,35.529,24.558,68.316,0 days 01:16:11.330000,0 days 01:16:35.888000,0 days 01:17:44.204000,211.0,228.0,129.0,237.0,False,SOFT,9.0,True,Red Bull Racing,0 days 01:15:35.801000,2024-03-23 02:30:37.901,1,,False,,False,True,128.403,128.40300000000002
27,0 days 01:19:14.796000,VER,1,,28.0,3.0,,0 days 01:19:14.796000,32.501,20.656,,0 days 01:18:16.995000,0 days 01:18:37.624000,,241.0,257.0,,261.0,False,SOFT,10.0,True,Red Bull Racing,0 days 01:17:44.204000,2024-03-23 02:32:46.304,1,,False,,False,False,,
28,0 days 00:36:25.387000,RIC,3,0 days 00:01:39.029000,1.0,1.0,0 days 00:34:49.536000,,40.629,20.414,37.986,0 days 00:35:27.198000,0 days 00:35:47.567000,0 days 00:36:25.539000,265.0,267.0,303.0,180.0,False,SOFT,1.0,True,RB,0 days 00:34:49.536000,2024-03-23 01:49:51.636,1,,False,,False,False,99.029,99.029
29,0 days 00:37:44.187000,RIC,3,0 days 00:01:18.800000,2.0,1.0,,,27.348,17.929,33.523,0 days 00:36:52.735000,0 days 00:37:10.664000,0 days 00:37:44.187000,283.0,316.0,303.0,320.0,True,SOFT,2.0,True,RB,0 days 00:36:25.387000,2024-03-23 01:51:27.487,1,,False,,False,True,78.8,78.80000000000001
30,0 days 00:40:11.325000,RIC,3,0 days 00:02:27.138000,3.0,1.0,,0 days 00:39:47.181000,48.13,31.063,67.945,0 days 00:38:32.317000,0 days 00:39:03.380000,0 days 00:40:11.325000,178.0,172.0,,148.0,False,SOFT,3.0,True,RB,0 days 00:37:44.187000,2024-03-23 01:52:46.287,1,,False,,False,False,147.138,147.13799999999998
31,0 days 00:41:56.277000,RIC,3,0 days 00:01:44.952000,4.0,2.0,0 days 00:40:13.311000,,41.478,23.076,40.398,0 days 00:40:52.803000,0 days 00:41:15.879000,0 days 00:41:56.277000,254.0,273.0,300.0,159.0,False,SOFT,4.0,False,RB,0 days 00:40:11.325000,2024-03-23 01:55:13.425,1,,False,,False,False,104.952,104.952
32,0 days 00:43:14.945000,RIC,3,0 days 00:01:18.668000,5.0,2.0,,,27.323,17.877,33.468,0 days 00:42:23.600000,0 days 00:42:41.477000,0 days 00:43:14.945000,281.0,314.0,300.0,319.0,True,SOFT,5.0,False,RB,0 days 00:41:56.277000,2024-03-23 01:56:58.377,1,,False,,False,True,78.668,78.668
33,0 days 00:45:19.199000,RIC,3,0 days 00:02:04.254000,6.0,2.0,,,44.362,29.518,50.374,0 days 00:43:59.307000,0 days 00:44:28.825000,0 days 00:45:19.199000,196.0,173.0,267.0,262.0,False,SOFT,6.0,False,RB,0 days 00:43:14.945000,2024-03-23 01:58:17.045,1,,False,,False,True,124.254,124.25399999999999
34,0 days 00:46:50.272000,RIC,3,0 days 00:01:31.073000,7.0,2.0,,,32.716,19.874,38.483,0 days 00:45:51.915000,0 days 00:46:11.789000,0 days 00:46:50.272000,260.0,289.0,298.0,285.0,False,SOFT,7.0,False,RB,0 days 00:45:19.199000,2024-03-23 02:00:21.299,1,,False,,False,True,91.073,91.07300000000001
35,0 days 00:48:08.915000,RIC,3,0 days 00:01:18.643000,8.0,2.0,,,27.291,17.921,33.431,0 days 00:47:17.563000,0 days 00:47:35.484000,0 days 00:48:08.915000,281.0,314.0,301.0,317.0,True,SOFT,8.0,False,RB,0 days 00:46:50.272000,2024-03-23 02:01:52.372,1,,False,,False,True,78.643,78.643
36,0 days 00:49:46.525000,RIC,3,0 days 00:01:37.610000,9.0,2.0,,0 days 00:49:34.133000,31.021,18.676,47.913,0 days 00:48:39.936000,0 days 00:48:58.612000,0 days 00:49:46.525000,250.0,303.0,,268.0,False,SOFT,9.0,False,RB,0 days 00:48:08.915000,2024-03-23 02:03:11.015,1,,False,,False,False,97.61,97.61
37,0 days 01:02:39.799000,RIC,3,,10.0,3.0,0 days 00:49:49.198000,0 days 00:51:34.045000,51.29,20.665,,0 days 00:50:38.020000,0 days 00:50:58.641000,,238.0,289.0,,222.0,False,SOFT,10.0,False,RB,0 days 00:49:46.525000,2024-03-23 02:04:48.625,1,,False,,False,False,,
38,0 days 01:04:16.465000,RIC,3,0 days 00:01:36.666000,11.0,4.0,0 days 01:02:41.920000,,37.704,19.781,39.181,0 days 01:03:17.503000,0 days 01:03:37.284000,0 days 01:04:16.465000,263.0,269.0,304.0,194.0,False,SOFT,1.0,True,RB,0 days 01:02:39.799000,2024-03-23 02:17:41.899,1,,False,,False,False,96.666,96.666
39,0 days 01:05:34.428000,RIC,3,0 days 00:01:17.963000,12.0,4.0,,,26.866,17.727,33.37,0 days 01:04:43.331000,0 days 01:05:01.058000,0 days 01:05:34.428000,283.0,317.0,302.0,322.0,True,SOFT,2.0,True,RB,0 days 01:04:16.465000,2024-03-23 02:19:18.565,1,,False,,False,True,77.963,77.963
40,0 days 01:07:43.025000,RIC,3,0 days 00:02:08.597000,13.0,4.0,,,43.268,32.734,52.595,0 days 01:06:17.696000,0 days 01:06:50.430000,0 days 01:07:43.025000,167.0,184.0,259.0,266.0,False,SOFT,3.0,True,RB,0 days 01:05:34.428000,2024-03-23 02:20:36.528,1,,False,,False,True,128.597,128.597
41,0 days 01:09:28.398000,RIC,3,0 days 00:01:45.373000,14.0,4.0,,,39.498,21.716,44.159,0 days 01:08:22.523000,0 days 01:08:44.239000,0 days 01:09:28.398000,214.0,289.0,299.0,281.0,False,SOFT,4.0,True,RB,0 days 01:07:43.025000,2024-03-23 02:22:45.125,1,,False,,False,True,105.373,105.37299999999999
42,0 days 01:10:47.323000,RIC,3,0 days 00:01:18.925000,15.0,4.0,,,27.146,18.038,33.741,0 days 01:09:55.544000,0 days 01:10:13.582000,0 days 01:10:47.323000,281.0,315.0,299.0,318.0,False,SOFT,5.0,True,RB,0 days 01:09:28.398000,2024-03-23 02:24:30.498,1,,False,,False,True,78.925,78.925
43,0 days 01:12:34.177000,RIC,3,0 days 00:01:46.854000,16.0,4.0,,,37.249,26.162,43.443,0 days 01:11:24.572000,0 days 01:11:50.734000,0 days 01:12:34.177000,209.0,207.0,261.0,253.0,False,SOFT,6.0,True,RB,0 days 01:10:47.323000,2024-03-23 02:25:49.423,1,,False,,False,True,106.854,106.854
44,0 days 01:14:12.892000,RIC,3,0 days 00:01:38.715000,17.0,4.0,,,34.679,22.773,41.263,0 days 01:13:08.856000,0 days 01:13:31.629000,0 days 01:14:12.892000,198.0,248.0,300.0,240.0,False,SOFT,7.0,True,RB,0 days 01:12:34.177000,2024-03-23 02:27:36.277,1,,False,,False,True,98.715,98.715
45,0 days 01:15:31.702000,RIC,3,0 days 00:01:18.810000,18.0,4.0,,,27.236,17.991,33.583,0 days 01:14:40.128000,0 days 01:14:58.119000,0 days 01:15:31.702000,281.0,313.0,300.0,319.0,False,SOFT,8.0,True,RB,0 days 01:14:12.892000,2024-03-23 02:29:14.992,1,,False,,False,True,78.81,78.81
46,0 days 01:17:33.521000,RIC,3,0 days 00:02:01.819000,19.0,4.0,,,33.541,19.806,68.472,0 days 01:16:05.243000,0 days 01:16:25.049000,0 days 01:17:33.521000,243.0,285.0,7.0,253.0,False,SOFT,9.0,True,RB,0 days 01:15:31.702000,2024-03-23 02:30:33.802,1,,False,,False,True,121.819,121.81899999999999
47,0 days 01:19:11.839000,RIC,3,,20.0,4.0,,0 days 01:19:11.839000,37.539,24.344,,0 days 01:18:11.360000,0 days 01:18:35.594000,,164.0,269.0,,244.0,False,SOFT,10.0,True,RB,0 days 01:17:33.521000,2024-03-23 02:32:35.621,1,,False,,False,False,,
48,0 days 00:18:15.594000,NOR,4,0 days 00:02:05.949000,1.0,1.0,0 days 00:16:12.204000,0 days 00:17:59.824000,45.153,25.412,55.384,0 days 00:16:54.928000,0 days 00:17:20.309000,0 days 00:18:15.594000,251.0,181.0,,148.0,False,HARD,1.0,True,McLaren,0 days 00:16:12.204000,2024-03-23 01:31:14.304,1,,False,,False,False,125.949,125.949
49,0 days 00:32:05.281000,NOR,4,,2.0,2.0,0 days 00:18:17.424000,0 days 00:20:00.066000,39.355,25.942,,0 days 00:18:55.097000,0 days 00:19:20.953000,,248.0,198.0,,220.0,False,HARD,1.0,True,McLaren,0 days 00:18:15.594000,2024-03-23 01:33:17.694,1,,False,,False,False,,
50,0 days 00:33:59.004000,NOR,4,0 days 00:01:53.723000,3.0,3.0,0 days 00:32:08.744000,,54.999,19.549,39.175,0 days 00:33:00.280000,0 days 00:33:19.829000,0 days 00:33:59.004000,252.0,291.0,299.0,216.0,False,SOFT,1.0,True,McLaren,0 days 00:32:05.281000,2024-03-23 01:47:07.381,12,,False,,False,False,113.723,113.723
51,0 days 00:35:17.222000,NOR,4,0 days 00:01:18.218000,4.0,3.0,,,26.946,18.031,33.241,0 days 00:34:25.950000,0 days 00:34:43.981000,0 days 00:35:17.222000,280.0,306.0,297.0,313.0,True,SOFT,2.0,True,McLaren,0 days 00:33:59.004000,2024-03-23 01:49:01.104,1,,False,,False,True,78.218,78.218
52,0 days 00:37:25.852000,NOR,4,0 days 00:02:08.630000,5.0,3.0,,,42.073,27.431,59.126,0 days 00:35:59.295000,0 days 00:36:26.726000,0 days 00:37:25.852000,166.0,174.0,305.0,237.0,False,SOFT,3.0,True,McLaren,0 days 00:35:17.222000,2024-03-23 01:50:19.322,1,,False,,False,True,128.63,128.63
53,0 days 00:38:43.885000,NOR,4,0 days 00:01:18.033000,6.0,3.0,,,26.979,17.945,33.109,0 days 00:37:52.831000,0 days 00:38:10.776000,0 days 00:38:43.885000,280.0,310.0,298.0,319.0,True,SOFT,4.0,True,McLaren,0 days 00:37:25.852000,2024-03-23 01:52:27.952,1,,False,,False,True,78.033,78.033
54,0 days 00:40:07.768000,NOR,4,0 days 00:01:23.883000,7.0,3.0,,,28.731,19.555,35.597,0 days 00:39:12.616000,0 days 00:39:32.171000,0 days 00:40:07.768000,266.0,282.0,287.0,296.0,False,SOFT,5.0,True,McLaren,0 days 00:38:43.885000,2024-03-23 01:53:45.985,1,,False,,False,True,83.883,83.88300000000001
55,0 days 00:41:29.071000,NOR,4,0 days 00:01:21.303000,8.0,3.0,,,28.026,18.421,34.856,0 days 00:40:35.794000,0 days 00:40:54.215000,0 days 00:41:29.071000,270.0,281.0,278.0,292.0,False,SOFT,6.0,True,McLaren,0 days 00:40:07.768000,2024-03-23 01:55:09.868,1,,False,,False,True,81.303,81.303
56,0 days 00:42:50.542000,NOR,4,0 days 00:01:21.471000,9.0,3.0,,,28.203,18.388,34.88,0 days 00:41:57.274000,0 days 00:42:15.662000,0 days 00:42:50.542000,266.0,283.0,289.0,284.0,False,SOFT,7.0,True,McLaren,0 days 00:41:29.071000,2024-03-23 01:56:31.171,1,,False,,False,True,81.471,81.471
57,0 days 00:44:11.055000,NOR,4,0 days 00:01:20.513000,10.0,3.0,,,27.828,18.223,34.462,0 days 00:43:18.370000,0 days 00:43:36.593000,0 days 00:44:11.055000,274.0,289.0,289.0,299.0,False,SOFT,8.0,True,McLaren,0 days 00:42:50.542000,2024-03-23 01:57:52.642,1,,False,,False,True,80.513,80.513
58,0 days 00:56:31.201000,NOR,4,,11.0,3.0,,0 days 00:45:31.742000,28.372,18.335,,0 days 00:44:39.725000,0 days 00:44:58.021000,,274.0,291.0,,291.0,False,SOFT,9.0,True,McLaren,0 days 00:44:11.055000,2024-03-23 01:59:13.155,1,,False,,False,False,,
59,0 days 00:58:19.069000,NOR,4,0 days 00:01:47.868000,12.0,4.0,0 days 00:56:34.275000,,43.216,20.526,44.126,0 days 00:57:14.417000,0 days 00:57:34.943000,0 days 00:58:19.069000,242.0,279.0,303.0,166.0,False,SOFT,1.0,True,McLaren,0 days 00:56:31.201000,2024-03-23 02:11:33.301,1,,False,,False,False,107.868,107.868
60,0 days 00:59:53.600000,NOR,4,0 days 00:01:34.531000,13.0,4.0,,,26.719,24.841,42.971,0 days 00:58:45.788000,0 days 00:59:10.629000,0 days 00:59:53.600000,282.0,191.0,303.0,317.0,False,SOFT,2.0,True,McLaren,0 days 00:58:19.069000,2024-03-23 02:13:21.169,1,,False,,False,True,94.531,94.531
61,0 days 01:01:11.090000,NOR,4,0 days 00:01:17.490000,14.0,4.0,,,26.582,17.75,33.158,0 days 01:00:20.182000,0 days 01:00:37.932000,0 days 01:01:11.090000,283.0,310.0,292.0,316.0,True,SOFT,3.0,True,McLaren,0 days 00:59:53.600000,2024-03-23 02:14:55.700,1,,False,,False,True,77.49,77.49000000000001
62,0 days 01:03:18.966000,NOR,4,0 days 00:02:07.876000,15.0,4.0,,,46.499,33.062,48.315,0 days 01:01:57.589000,0 days 01:02:30.651000,0 days 01:03:18.966000,153.0,183.0,209.0,248.0,False,SOFT,4.0,True,McLaren,0 days 01:01:11.090000,2024-03-23 02:16:13.190,1,,False,,False,True,127.876,127.876
63,0 days 01:05:04.344000,NOR,4,0 days 00:01:45.378000,16.0,4.0,,,37.666,26.066,41.646,0 days 01:03:56.632000,0 days 01:04:22.698000,0 days 01:05:04.344000,183.0,227.0,299.0,205.0,False,SOFT,5.0,True,McLaren,0 days 01:03:18.966000,2024-03-23 02:18:21.066,1,,False,,False,True,105.378,105.378
64,0 days 01:06:22.280000,NOR,4,0 days 00:01:17.936000,17.0,4.0,,,26.955,17.923,33.058,0 days 01:05:31.299000,0 days 01:05:49.222000,0 days 01:06:22.280000,280.0,307.0,299.0,313.0,False,SOFT,6.0,True,McLaren,0 days 01:05:04.344000,2024-03-23 02:20:06.444,1,,False,,False,True,77.936,77.936
65,0 days 01:12:05.466000,NOR,4,,18.0,4.0,,0 days 01:07:54.236000,34.336,21.884,,0 days 01:06:56.827000,0 days 01:07:18.578000,,166.0,289.0,,278.0,False,SOFT,7.0,True,McLaren,0 days 01:06:22.280000,2024-03-23 02:21:24.380,1,,False,,False,False,,
66,0 days 01:13:45.195000,NOR,4,0 days 00:01:39.729000,19.0,5.0,0 days 01:12:08.375000,,39.306,18.962,41.461,0 days 01:12:44.772000,0 days 01:13:03.734000,0 days 01:13:45.195000,256.0,288.0,301.0,159.0,False,SOFT,8.0,False,McLaren,0 days 01:12:05.466000,2024-03-23 02:27:07.566,1,,False,,False,False,99.729,99.729
67,0 days 01:15:03.958000,NOR,4,0 days 00:01:18.763000,20.0,5.0,,,26.719,17.722,34.322,0 days 01:14:11.914000,0 days 01:14:29.636000,0 days 01:15:03.958000,281.0,309.0,300.0,316.0,False,SOFT,9.0,False,McLaren,0 days 01:13:45.195000,2024-03-23 02:28:47.295,1,,False,,False,True,78.763,78.763
68,0 days 01:16:52.307000,NOR,4,0 days 00:01:48.349000,21.0,5.0,,,32.706,21.642,54.001,0 days 01:15:36.664000,0 days 01:15:58.306000,0 days 01:16:52.307000,230.0,245.0,28.0,269.0,False,SOFT,10.0,False,McLaren,0 days 01:15:03.958000,2024-03-23 02:30:06.058,1,,False,,False,True,108.349,108.34899999999999
69,0 days 01:18:50.362000,NOR,4,,22.0,5.0,,0 days 01:18:50.362000,59.286,21.589,,0 days 01:17:51.601000,0 days 01:18:13.144000,,231.0,257.0,,224.0,False,SOFT,11.0,False,McLaren,0 days 01:16:52.307000,2024-03-23 02:31:54.407,1,,False,,False,False,,
70,0 days 00:37:33.321000,GAS,10,0 days 00:01:44.182000,1.0,1.0,0 days 00:35:51.584000,,40.814,19.916,43.452,0 days 00:36:30.166000,0 days 00:36:50.059000,0 days 00:37:33.462000,248.0,284.0,268.0,175.0,False,SOFT,1.0,True,Alpine,0 days 00:35:51.584000,2024-03-23 01:50:53.684,1,,False,,False,False,104.182,104.182
71,0 days 00:39:05.021000,GAS,10,0 days 00:01:31.700000,2.0,1.0,,,31.854,20.853,38.993,0 days 00:38:05.175000,0 days 00:38:26.028000,0 days 00:39:05.021000,259.0,262.0,303.0,271.0,True,SOFT,2.0,True,Alpine,0 days 00:37:33.321000,2024-03-23 01:52:35.421,1,,False,,False,True,91.7,91.7
72,0 days 00:40:53.968000,GAS,10,0 days 00:01:48.947000,3.0,1.0,,,34.899,20.489,53.559,0 days 00:39:39.920000,0 days 00:40:00.409000,0 days 00:40:53.968000,236.0,295.0,301.0,319.0,False,SOFT,3.0,True,Alpine,0 days 00:39:05.021000,2024-03-23 01:54:07.121,1,,False,,False,True,108.947,108.947
73,0 days 00:42:13.258000,GAS,10,0 days 00:01:19.290000,4.0,1.0,,,27.621,18.022,33.647,0 days 00:41:21.589000,0 days 00:41:39.611000,0 days 00:42:13.258000,277.0,311.0,302.0,317.0,True,SOFT,4.0,True,Alpine,0 days 00:40:53.968000,2024-03-23 01:55:56.068,1,,False,,False,True,79.29,79.28999999999999
74,0 days 00:44:01.419000,GAS,10,0 days 00:01:48.161000,5.0,1.0,,,39.222,21.503,47.436,0 days 00:42:52.480000,0 days 00:43:13.983000,0 days 00:44:01.419000,228.0,289.0,302.0,253.0,False,SOFT,5.0,True,Alpine,0 days 00:42:13.258000,2024-03-23 01:57:15.358,1,,False,,False,True,108.161,108.161
75,0 days 00:45:20.321000,GAS,10,0 days 00:01:18.902000,6.0,1.0,,,27.346,17.984,33.572,0 days 00:44:28.765000,0 days 00:44:46.749000,0 days 00:45:20.321000,278.0,311.0,305.0,318.0,True,SOFT,6.0,True,Alpine,0 days 00:44:01.419000,2024-03-23 01:59:03.519,1,,False,,False,True,78.902,78.902
76,0 days 00:47:26.528000,GAS,10,0 days 00:02:06.207000,7.0,1.0,,,45.669,30.72,49.818,0 days 00:46:05.990000,0 days 00:46:36.710000,0 days 00:47:26.528000,141.0,269.0,260.0,250.0,False,SOFT,7.0,True,Alpine,0 days 00:45:20.321000,2024-03-23 02:00:22.421,1,,False,,False,True,126.207,126.207
77,0 days 00:49:03.922000,GAS,10,0 days 00:01:37.394000,8.0,1.0,,,37.665,20.04,39.689,0 days 00:48:04.193000,0 days 00:48:24.233000,0 days 00:49:03.922000,133.0,297.0,302.0,249.0,False,SOFT,8.0,True,Alpine,0 days 00:47:26.528000,2024-03-23 02:02:28.628,1,,False,,False,True,97.394,97.394
78,0 days 00:50:23.670000,GAS,10,0 days 00:01:19.748000,9.0,1.0,,,27.183,17.912,34.653,0 days 00:49:31.105000,0 days 00:49:49.017000,0 days 00:50:23.670000,281.0,313.0,301.0,318.0,False,SOFT,9.0,True,Alpine,0 days 00:49:03.922000,2024-03-23 02:04:06.022,1,,False,,False,True,79.748,79.74799999999999
79,0 days 01:05:16.390000,GAS,10,,10.0,1.0,,0 days 00:51:59.846000,38.461,20.684,,0 days 00:51:02.346000,0 days 00:51:24.072000,,227.0,282.0,,227.0,False,SOFT,10.0,True,Alpine,0 days 00:50:23.670000,2024-03-23 02:05:25.770,1,,False,,False,False,,
80,0 days 01:06:55.632000,GAS,10,0 days 00:01:39.242000,11.0,2.0,0 days 01:05:18.442000,,41.888,19.422,37.932,0 days 01:05:58.278000,0 days 01:06:17.700000,0 days 01:06:55.632000,268.0,298.0,288.0,144.0,False,SOFT,1.0,True,Alpine,0 days 01:05:16.390000,2024-03-23 02:20:18.490,1,,False,,False,False,99.242,99.242
81,0 days 01:08:21.753000,GAS,10,0 days 00:01:26.121000,12.0,2.0,,,30.72,19.239,36.162,0 days 01:07:26.352000,0 days 01:07:45.591000,0 days 01:08:21.753000,268.0,297.0,303.0,292.0,False,SOFT,2.0,True,Alpine,0 days 01:06:55.632000,2024-03-23 02:21:57.732,1,,False,,False,True,86.121,86.12100000000001
82,0 days 01:09:40.273000,GAS,10,0 days 00:01:18.520000,13.0,2.0,,,27.085,17.873,33.562,0 days 01:08:48.838000,0 days 01:09:06.711000,0 days 01:09:40.273000,281.0,313.0,299.0,319.0,True,SOFT,3.0,True,Alpine,0 days 01:08:21.753000,2024-03-23 02:23:23.853,1,,False,,False,True,78.52,78.52
83,0 days 01:11:38.729000,GAS,10,0 days 00:01:58.456000,14.0,2.0,,,38.549,24.333,55.574,0 days 01:10:18.822000,0 days 01:10:43.155000,0 days 01:11:38.729000,198.0,229.0,303.0,265.0,False,SOFT,4.0,True,Alpine,0 days 01:09:40.273000,2024-03-23 02:24:42.373,1,,False,,False,True,118.456,118.45599999999999
84,0 days 01:12:57.347000,GAS,10,0 days 00:01:18.618000,15.0,2.0,,,27.256,17.88,33.482,0 days 01:12:05.985000,0 days 01:12:23.865000,0 days 01:12:57.347000,279.0,312.0,301.0,319.0,False,SOFT,5.0,True,Alpine,0 days 01:11:38.729000,2024-03-23 02:26:40.829,1,,False,,False,True,78.618,78.618
85,0 days 01:14:41.335000,GAS,10,0 days 00:01:43.988000,16.0,2.0,,,43.46,22.096,38.432,0 days 01:13:40.807000,0 days 01:14:02.903000,0 days 01:14:41.335000,189.0,287.0,303.0,257.0,False,SOFT,6.0,True,Alpine,0 days 01:12:57.347000,2024-03-23 02:27:59.447,1,,False,,False,True,103.988,103.988
86,0 days 01:15:59.725000,GAS,10,0 days 00:01:18.390000,17.0,2.0,,,27.217,17.843,33.33,0 days 01:15:08.552000,0 days 01:15:26.395000,0 days 01:15:59.725000,280.0,313.0,303.0,319.0,True,SOFT,7.0,True,Alpine,0 days 01:14:41.335000,2024-03-23 02:29:43.435,1,,False,,False,True,78.39,78.39
87,0 days 01:18:30.350000,GAS,10,,18.0,2.0,,,40.5,23.317,86.653,0 days 01:16:40.484000,0 days 01:17:03.697000,0 days 01:18:30.368000,196.0,273.0,7.0,266.0,False,SOFT,8.0,True,Alpine,0 days 01:15:59.725000,2024-03-23 02:31:01.825,1,,False,,False,False,,150.47
88,0 days 01:20:05.095000,GAS,10,,19.0,2.0,,0 days 01:20:05.095000,32.487,20.206,,0 days 01:19:02.917000,0 days 01:19:23.896000,,273.0,274.0,,236.0,False,SOFT,9.0,True,Alpine,0 days 01:18:30.350000,2024-03-23 02:33:32.450,1,,False,,False,False,,
89,0 days 00:19:53.659000,PER,11,0 days 00:01:32.397000,1.0,1.0,0 days 00:18:23.242000,,36.574,19.497,36.326,0 days 00:18:57.990000,0 days 00:19:17.532000,0 days 00:19:53.798000,275.0,292.0,302.0,210.0,False,MEDIUM,1.0,True,Red Bull Racing,0 days 00:18:23.242000,2024-03-23 01:33:25.342,1,,False,,False,False,92.397,92.39699999999999
90,0 days 00:21:12.865000,PER,11,0 days 00:01:19.206000,2.0,1.0,,,27.595,17.94,33.671,0 days 00:20:21.254000,0 days 00:20:39.194000,0 days 00:21:12.865000,283.0,317.0,302.0,318.0,True,MEDIUM,2.0,True,Red Bull Racing,0 days 00:19:53.659000,2024-03-23 01:34:55.759,1,,False,,False,True,79.206,79.20599999999999
91,0 days 00:23:23.580000,PER,11,0 days 00:02:10.715000,3.0,1.0,,,47.045,39.981,43.689,0 days 00:21:59.910000,0 days 00:22:39.891000,0 days 00:23:23.580000,137.0,147.0,306.0,247.0,False,MEDIUM,3.0,True,Red Bull Racing,0 days 00:21:12.865000,2024-03-23 01:36:14.965,1,,False,,False,True,130.715,130.715
92,0 days 00:24:41.507000,PER,11,0 days 00:01:17.927000,4.0,1.0,,,27.208,17.607,33.112,0 days 00:23:50.788000,0 days 00:24:08.395000,0 days 00:24:41.507000,284.0,318.0,305.0,321.0,True,MEDIUM,4.0,True,Red Bull Racing,0 days 00:23:23.580000,2024-03-23 01:38:25.680,1,,False,,False,True,77.927,77.92699999999999
93,0 days 00:26:58.267000,PER,11,0 days 00:02:16.760000,5.0,1.0,,0 days 00:26:38.907000,45.467,28.841,62.452,0 days 00:25:26.974000,0 days 00:25:55.815000,0 days 00:26:58.267000,170.0,232.0,,238.0,False,MEDIUM,5.0,True,Red Bull Racing,0 days 00:24:41.507000,2024-03-23 01:39:43.607,1,,False,,False,False,136.76,136.76
94,0 days 00:28:35.402000,PER,11,0 days 00:01:37.135000,6.0,2.0,0 days 00:27:00.766000,,38.614,19.84,38.681,0 days 00:27:36.881000,0 days 00:27:56.721000,0 days 00:28:35.402000,262.0,273.0,306.0,202.0,False,MEDIUM,6.0,False,Red Bull Racing,0 days 00:26:58.267000,2024-03-23 01:42:00.367,1,,False,,False,False,97.135,97.13499999999999
95,0 days 00:29:52.552000,PER,11,0 days 00:01:17.150000,7.0,2.0,,,26.808,17.487,32.855,0 days 00:29:02.210000,0 days 00:29:19.697000,0 days 00:29:52.552000,286.0,319.0,306.0,324.0,True,MEDIUM,7.0,False,Red Bull Racing,0 days 00:28:35.402000,2024-03-23 01:43:37.502,1,,False,,False,True,77.15,77.15
96,0 days 00:38:11.838000,PER,11,,8.0,2.0,,0 days 00:31:23.124000,31.825,20.339,,0 days 00:30:24.521000,0 days 00:30:44.787000,,252.0,262.0,,280.0,False,MEDIUM,8.0,False,Red Bull Racing,0 days 00:29:52.552000,2024-03-23 01:44:54.652,12,,False,,False,False,,
97,0 days 00:40:00.468000,PER,11,0 days 00:01:48.630000,9.0,3.0,0 days 00:38:15.300000,,53.183,18.895,36.552,0 days 00:39:05.021000,0 days 00:39:23.916000,0 days 00:40:00.468000,255.0,293.0,285.0,217.0,False,MEDIUM,9.0,False,Red Bull Racing,0 days 00:38:11.838000,2024-03-23 01:53:13.938,1,,False,,False,False,108.63,108.63
98,0 days 00:41:23.606000,PER,11,0 days 00:01:23.138000,10.0,3.0,,,28.727,18.587,35.824,0 days 00:40:29.195000,0 days 00:40:47.782000,0 days 00:41:23.606000,266.0,292.0,286.0,290.0,False,MEDIUM,10.0,False,Red Bull Racing,0 days 00:40:00.468000,2024-03-23 01:55:02.568,1,,False,,False,True,83.138,83.138
99,0 days 00:42:46.618000,PER,11,0 days 00:01:23.012000,11.0,3.0,,,28.818,18.461,35.733,0 days 00:41:52.424000,0 days 00:42:10.885000,0 days 00:42:46.618000,267.0,295.0,290.0,291.0,False,MEDIUM,11.0,False,Red Bull Racing,0 days 00:41:23.606000,2024-03-23 01:56:25.706,1,,False,,False,True,83.012,83.012
100,0 days 00:44:09.401000,PER,11,0 days 00:01:22.783000,12.0,3.0,,,28.747,18.34,35.696,0 days 00:43:15.365000,0 days 00:43:33.705000,0 days 00:44:09.401000,269.0,298.0,287.0,297.0,False,MEDIUM,12.0,False,Red Bull Racing,0 days 00:42:46.618000,2024-03-23 01:57:48.718,1,,False,,False,True,82.783,82.783
101,0 days 00:45:32.263000,PER,11,0 days 00:01:22.862000,13.0,3.0,,,28.703,18.414,35.745,0 days 00:44:38.104000,0 days 00:44:56.518000,0 days 00:45:32.263000,271.0,298.0,287.0,295.0,False,MEDIUM,13.0,False,Red Bull Racing,0 days 00:44:09.401000,2024-03-23 01:59:11.501,1,,False,,False,True,82.862,82.862
102,0 days 00:46:54.657000,PER,11,0 days 00:01:22.394000,14.0,3.0,,,28.752,18.238,35.404,0 days 00:46:01.015000,0 days 00:46:19.253000,0 days 00:46:54.657000,270.0,302.0,289.0,294.0,False,MEDIUM,14.0,False,Red Bull Racing,0 days 00:45:32.263000,2024-03-23 02:00:34.363,1,,False,,False,True,82.394,82.394
103,0 days 00:48:18.300000,PER,11,0 days 00:01:23.643000,15.0,3.0,,,29.314,18.429,35.9,0 days 00:47:23.971000,0 days 00:47:42.400000,0 days 00:48:18.300000,269.0,301.0,286.0,296.0,False,MEDIUM,15.0,False,Red Bull Racing,0 days 00:46:54.657000,2024-03-23 02:01:56.757,1,,False,,False,True,83.643,83.643
104,0 days 00:49:42.387000,PER,11,0 days 00:01:24.087000,16.0,3.0,,,29.351,18.427,36.309,0 days 00:48:47.651000,0 days 00:49:06.078000,0 days 00:49:42.387000,267.0,302.0,286.0,293.0,False,MEDIUM,16.0,False,Red Bull Racing,0 days 00:48:18.300000,2024-03-23 02:03:20.400,1,,False,,False,True,84.087,84.08699999999999
105,0 days 00:51:05.973000,PER,11,0 days 00:01:23.586000,17.0,3.0,,,29.019,18.529,36.038,0 days 00:50:11.406000,0 days 00:50:29.935000,0 days 00:51:05.973000,269.0,297.0,286.0,294.0,False,MEDIUM,17.0,False,Red Bull Racing,0 days 00:49:42.387000,2024-03-23 02:04:44.487,1,,False,,False,True,83.586,83.586
106,0 days 00:52:29.643000,PER,11,0 days 00:01:23.670000,18.0,3.0,,,28.967,18.443,36.26,0 days 00:51:34.940000,0 days 00:51:53.383000,0 days 00:52:29.643000,270.0,293.0,286.0,293.0,False,MEDIUM,18.0,False,Red Bull Racing,0 days 00:51:05.973000,2024-03-23 02:06:08.073,1,,False,,False,True,83.67,83.66999999999999
107,0 days 00:53:53.138000,PER,11,0 days 00:01:23.495000,19.0,3.0,,,28.981,18.415,36.099,0 days 00:52:58.624000,0 days 00:53:17.039000,0 days 00:53:53.138000,273.0,294.0,286.0,296.0,False,MEDIUM,19.0,False,Red Bull Racing,0 days 00:52:29.643000,2024-03-23 02:07:31.743,1,,False,,False,True,83.495,83.495
108,0 days 01:05:45.257000,PER,11,,20.0,3.0,,0 days 00:55:16.671000,29.283,18.622,,0 days 00:54:22.559000,0 days 00:54:41.250000,,271.0,292.0,,292.0,False,MEDIUM,20.0,False,Red Bull Racing,0 days 00:53:53.138000,2024-03-23 02:08:55.238,1,,False,,False,False,,
109,0 days 01:07:25.778000,PER,11,0 days 00:01:40.521000,21.0,4.0,0 days 01:05:47.468000,,36.857,18.706,44.958,0 days 01:06:22.114000,0 days 01:06:40.820000,0 days 01:07:25.778000,266.0,295.0,307.0,187.0,False,SOFT,1.0,True,Red Bull Racing,0 days 01:05:45.257000,2024-03-23 02:20:47.357,1,,False,,False,False,100.521,100.521
110,0 days 01:08:43.067000,PER,11,0 days 00:01:17.289000,22.0,4.0,,,26.801,17.448,33.04,0 days 01:07:52.579000,0 days 01:08:10.027000,0 days 01:08:43.067000,288.0,322.0,308.0,328.0,False,SOFT,2.0,True,Red Bull Racing,0 days 01:07:25.778000,2024-03-23 02:22:27.878,1,,False,,False,True,77.289,77.28899999999999
111,0 days 01:11:06.696000,PER,11,0 days 00:02:23.629000,23.0,4.0,,0 days 01:10:46.704000,46.377,29.371,67.881,0 days 01:09:29.444000,0 days 01:09:58.815000,0 days 01:11:06.696000,184.0,182.0,,240.0,False,SOFT,3.0,True,Red Bull Racing,0 days 01:08:43.067000,2024-03-23 02:23:45.167,1,,False,,False,False,143.629,143.62900000000002
112,0 days 01:13:05.848000,PER,11,0 days 00:01:59.152000,24.0,5.0,0 days 01:11:09.520000,,47.039,24.845,47.268,0 days 01:11:53.735000,0 days 01:12:18.580000,0 days 01:13:05.848000,132.0,241.0,308.0,161.0,False,SOFT,4.0,False,Red Bull Racing,0 days 01:11:06.696000,2024-03-23 02:26:08.796,1,,False,,False,False,119.152,119.152
113,0 days 01:14:22.862000,PER,11,0 days 00:01:17.014000,25.0,5.0,,,26.783,17.417,32.814,0 days 01:13:32.631000,0 days 01:13:50.048000,0 days 01:14:22.862000,286.0,321.0,308.0,326.0,True,SOFT,5.0,False,Red Bull Racing,0 days 01:13:05.848000,2024-03-23 02:28:07.948,1,,False,,False,True,77.014,77.01400000000001
114,0 days 01:16:24.372000,PER,11,0 days 00:02:01.510000,26.0,5.0,,,41.196,28.184,52.13,0 days 01:15:04.058000,0 days 01:15:32.242000,0 days 01:16:24.372000,151.0,155.0,307.0,261.0,False,SOFT,6.0,False,Red Bull Racing,0 days 01:14:22.862000,2024-03-23 02:29:24.962,1,,False,,False,True,121.51,121.50999999999999
115,0 days 01:18:46.856000,PER,11,0 days 00:02:22.484000,27.0,5.0,,,34.142,25.066,83.276,0 days 01:16:58.514000,0 days 01:17:23.580000,0 days 01:18:46.856000,193.0,259.0,113.0,326.0,False,SOFT,7.0,False,Red Bull Racing,0 days 01:16:24.372000,2024-03-23 02:31:26.472,1,,False,,False,True,142.484,142.48399999999998
116,0 days 01:20:15.375000,PER,11,,28.0,5.0,,0 days 01:20:15.375000,31.515,19.445,,0 days 01:19:18.628000,0 days 01:19:37.981000,,257.0,296.0,,259.0,False,SOFT,8.0,False,Red Bull Racing,0 days 01:18:46.856000,2024-03-23 02:33:48.956,1,,False,,False,False,,
117,0 days 00:21:35.006000,ALO,14,0 days 00:02:12.254000,1.0,1.0,0 days 00:19:24.427000,0 days 00:21:14.541000,42.924,21.536,67.794,0 days 00:20:05.710000,0 days 00:20:27.250000,0 days 00:21:35.067000,238.0,308.0,,196.0,False,HARD,1.0,True,Aston Martin,0 days 00:19:24.427000,2024-03-23 01:34:26.527,1,,False,,False,False,132.254,132.25400000000002
118,0 days 00:23:49.755000,ALO,14,0 days 00:02:14.749000,2.0,2.0,0 days 00:21:36.828000,0 days 00:23:30.437000,45.563,21.686,67.5,0 days 00:22:20.569000,0 days 00:22:42.255000,0 days 00:23:49.755000,176.0,264.0,,189.0,False,HARD,1.0,True,Aston Martin,0 days 00:21:35.006000,2024-03-23 01:36:37.106,1,,False,,False,False,134.749,134.749
119,0 days 00:38:06.500000,ALO,14,,3.0,3.0,0 days 00:23:51.592000,0 days 00:25:50.523000,42.968,22.924,,0 days 00:24:32.686000,0 days 00:24:55.588000,,239.0,211.0,,184.0,False,MEDIUM,1.0,True,Aston Martin,0 days 00:23:49.755000,2024-03-23 01:38:51.855,12,,False,,False,False,,
120,0 days 00:39:46.158000,ALO,14,0 days 00:01:39.658000,4.0,4.0,0 days 00:38:08.519000,,37.919,18.858,42.881,0 days 00:38:44.419000,0 days 00:39:03.277000,0 days 00:39:46.158000,260.0,302.0,301.0,197.0,False,SOFT,1.0,True,Aston Martin,0 days 00:38:06.500000,2024-03-23 01:53:08.600,1,,False,,False,False,99.658,99.658
121,0 days 00:41:04.822000,ALO,14,0 days 00:01:18.664000,5.0,4.0,,,27.427,17.692,33.545,0 days 00:40:13.585000,0 days 00:40:31.277000,0 days 00:41:04.822000,279.0,315.0,288.0,319.0,True,SOFT,2.0,True,Aston Martin,0 days 00:39:46.158000,2024-03-23 01:54:48.258,1,,False,,False,True,78.664,78.664
122,0 days 00:42:58.025000,ALO,14,0 days 00:01:53.203000,6.0,4.0,,,39.836,20.922,52.445,0 days 00:41:44.658000,0 days 00:42:05.580000,0 days 00:42:58.025000,193.0,300.0,303.0,124.0,False,SOFT,3.0,True,Aston Martin,0 days 00:41:04.822000,2024-03-23 01:56:06.922,1,,False,,False,True,113.203,113.203
123,0 days 00:44:15.885000,ALO,14,0 days 00:01:17.860000,7.0,4.0,,,26.993,17.637,33.23,0 days 00:43:25.018000,0 days 00:43:42.655000,0 days 00:44:15.885000,280.0,315.0,303.0,320.0,True,SOFT,4.0,True,Aston Martin,0 days 00:42:58.025000,2024-03-23 01:58:00.125,1,,False,,False,True,77.86,77.85999999999999
124,0 days 00:46:03.642000,ALO,14,0 days 00:01:47.757000,8.0,4.0,,,38.544,21.531,47.682,0 days 00:44:54.429000,0 days 00:45:15.960000,0 days 00:46:03.642000,238.0,274.0,303.0,148.0,False,SOFT,5.0,True,Aston Martin,0 days 00:44:15.885000,2024-03-23 01:59:17.985,1,,False,,False,True,107.757,107.757
125,0 days 00:47:21.473000,ALO,14,0 days 00:01:17.831000,9.0,4.0,,,26.936,17.671,33.224,0 days 00:46:30.578000,0 days 00:46:48.249000,0 days 00:47:21.473000,281.0,313.0,303.0,320.0,True,SOFT,6.0,True,Aston Martin,0 days 00:46:03.642000,2024-03-23 02:01:05.742,1,,False,,False,True,77.831,77.83099999999999
126,0 days 00:49:09.499000,ALO,14,0 days 00:01:48.026000,10.0,4.0,,0 days 00:48:54.038000,29.268,19.38,59.378,0 days 00:47:50.741000,0 days 00:48:10.121000,0 days 00:49:09.499000,261.0,271.0,,310.0,False,SOFT,7.0,True,Aston Martin,0 days 00:47:21.473000,2024-03-23 02:02:23.573,1,,False,,False,False,108.026,108.026
127,0 days 00:57:04.155000,ALO,14,,11.0,5.0,0 days 00:49:11.624000,0 days 00:50:45.348000,37.04,19.148,,0 days 00:49:46.831000,0 days 00:50:05.947000,,262.0,258.0,,212.0,False,SOFT,8.0,False,Aston Martin,0 days 00:49:09.499000,2024-03-23 02:04:11.599,1,,False,,False,False,,
128,0 days 00:58:39.306000,ALO,14,0 days 00:01:35.151000,12.0,6.0,0 days 00:57:06.729000,,37.762,18.64,38.749,0 days 00:57:41.917000,0 days 00:58:00.557000,0 days 00:58:39.306000,267.0,302.0,306.0,200.0,False,SOFT,1.0,True,Aston Martin,0 days 00:57:04.155000,2024-03-23 02:12:06.255,1,,False,,False,False,95.151,95.15100000000001
129,0 days 00:59:57.016000,ALO,14,0 days 00:01:17.710000,13.0,6.0,,,26.854,17.764,33.092,0 days 00:59:06.160000,0 days 00:59:23.924000,0 days 00:59:57.016000,281.0,315.0,307.0,322.0,True,SOFT,2.0,True,Aston Martin,0 days 00:58:39.306000,2024-03-23 02:13:41.406,1,,False,,False,True,77.71,77.71
130,0 days 01:09:53.815000,ALO,14,,14.0,6.0,,0 days 01:01:39.786000,36.599,21.143,,0 days 01:00:33.748000,0 days 01:00:54.980000,,245.0,228.0,,256.0,False,SOFT,3.0,True,Aston Martin,0 days 00:59:57.016000,2024-03-23 02:14:59.116,1,,False,,False,False,,
131,0 days 01:11:32.530000,ALO,14,0 days 00:01:38.715000,15.0,7.0,0 days 01:09:56.606000,,37.8,18.954,41.961,0 days 01:10:31.615000,0 days 01:10:50.569000,0 days 01:11:32.530000,262.0,298.0,306.0,212.0,False,SOFT,4.0,False,Aston Martin,0 days 01:09:53.815000,2024-03-23 02:24:55.915,1,,False,,False,False,98.715,98.715
132,0 days 01:12:49.904000,ALO,14,0 days 00:01:17.374000,16.0,7.0,,,26.97,17.506,32.898,0 days 01:11:59.500000,0 days 01:12:17.006000,0 days 01:12:49.904000,282.0,317.0,306.0,322.0,True,SOFT,5.0,False,Aston Martin,0 days 01:11:32.530000,2024-03-23 02:26:34.630,1,,False,,False,True,77.374,77.374
133,0 days 01:14:37.002000,ALO,14,0 days 00:01:47.098000,17.0,7.0,,,35.36,21.519,50.219,0 days 01:13:25.264000,0 days 01:13:46.783000,0 days 01:14:37.002000,241.0,181.0,306.0,224.0,False,SOFT,6.0,False,Aston Martin,0 days 01:12:49.904000,2024-03-23 02:27:52.004,1,,False,,False,True,107.098,107.098
134,0 days 01:15:53.999000,ALO,14,0 days 00:01:16.997000,18.0,7.0,,,26.652,17.467,32.878,0 days 01:15:03.654000,0 days 01:15:21.121000,0 days 01:15:53.999000,283.0,318.0,305.0,323.0,True,SOFT,7.0,False,Aston Martin,0 days 01:14:37.002000,2024-03-23 02:29:39.102,1,,False,,False,True,76.997,76.997
135,0 days 01:18:17.311000,ALO,14,0 days 00:02:23.312000,19.0,7.0,,,37.026,22.072,84.214,0 days 01:16:31.025000,0 days 01:16:53.097000,0 days 01:18:17.311000,224.0,229.0,99.0,259.0,False,SOFT,8.0,False,Aston Martin,0 days 01:15:53.999000,2024-03-23 02:30:56.099,1,,False,,False,True,143.312,143.312
136,0 days 01:19:45.441000,ALO,14,,20.0,7.0,,0 days 01:19:45.441000,29.903,18.185,,0 days 01:18:47.486000,0 days 01:19:05.530000,,276.0,295.0,,254.0,False,SOFT,9.0,False,Aston Martin,0 days 01:18:17.311000,2024-03-23 02:33:19.411,1,,False,,False,False,,
137,0 days 00:27:32.768000,LEC,16,0 days 00:01:36.742000,1.0,1.0,0 days 00:25:57.921000,,39.062,19.756,37.924,0 days 00:26:35.374000,0 days 00:26:55.002000,0 days 00:27:32.982000,254.0,290.0,297.0,203.0,False,MEDIUM,1.0,True,Ferrari,0 days 00:25:57.921000,2024-03-23 01:41:00.021,1,,False,,False,False,96.742,96.74199999999999
138,0 days 00:29:30.464000,LEC,16,0 days 00:01:57.696000,2.0,1.0,,,29.426,33.564,54.706,0 days 00:28:02.194000,0 days 00:28:35.758000,0 days 00:29:30.464000,169.0,150.0,296.0,315.0,True,MEDIUM,2.0,True,Ferrari,0 days 00:27:32.768000,2024-03-23 01:42:34.868,1,,False,,False,True,117.696,117.696
139,0 days 00:30:48.853000,LEC,16,0 days 00:01:18.389000,3.0,1.0,,,27.358,17.946,33.085,0 days 00:29:57.822000,0 days 00:30:15.768000,0 days 00:30:48.853000,280.0,310.0,300.0,313.0,True,MEDIUM,3.0,True,Ferrari,0 days 00:29:30.464000,2024-03-23 01:44:32.564,1,,False,,False,True,78.389,78.38900000000001
140,0 days 00:33:01.312000,LEC,16,0 days 00:02:12.459000,4.0,1.0,,,52.989,37.416,42.054,0 days 00:31:41.842000,0 days 00:32:19.258000,0 days 00:33:01.312000,116.0,206.0,297.0,237.0,False,MEDIUM,4.0,True,Ferrari,0 days 00:30:48.853000,2024-03-23 01:45:50.953,12,,False,,False,True,132.459,132.459
141,0 days 00:34:19.034000,LEC,16,0 days 00:01:17.722000,5.0,1.0,,,27.031,17.849,32.842,0 days 00:33:28.343000,0 days 00:33:46.192000,0 days 00:34:19.034000,282.0,312.0,296.0,314.0,True,MEDIUM,5.0,True,Ferrari,0 days 00:33:01.312000,2024-03-23 01:48:03.412,1,,False,,False,True,77.722,77.722
142,0 days 00:36:36.489000,LEC,16,0 days 00:02:17.455000,6.0,1.0,,,49.652,34.214,53.589,0 days 00:35:08.686000,0 days 00:35:42.900000,0 days 00:36:36.489000,160.0,155.0,302.0,259.0,False,MEDIUM,6.0,True,Ferrari,0 days 00:34:19.034000,2024-03-23 01:49:21.134,1,,False,,False,True,137.455,137.45499999999998
143,0 days 00:37:55.868000,LEC,16,0 days 00:01:19.379000,7.0,1.0,,,26.847,17.516,35.016,0 days 00:37:03.336000,0 days 00:37:20.852000,0 days 00:37:55.868000,285.0,318.0,257.0,320.0,False,MEDIUM,7.0,True,Ferrari,0 days 00:36:36.489000,2024-03-23 01:51:38.589,1,,False,,False,True,79.379,79.37899999999999
144,0 days 00:40:16.041000,LEC,16,0 days 00:02:20.173000,8.0,1.0,,0 days 00:39:55.398000,39.735,29.141,71.297,0 days 00:38:35.603000,0 days 00:39:04.744000,0 days 00:40:16.041000,194.0,199.0,,214.0,False,MEDIUM,8.0,True,Ferrari,0 days 00:37:55.868000,2024-03-23 01:52:57.968,1,,False,,False,False,140.173,140.173
145,0 days 00:42:03.001000,LEC,16,0 days 00:01:46.960000,9.0,2.0,0 days 00:40:19.157000,,50.272,19.544,37.144,0 days 00:41:06.313000,0 days 00:41:25.857000,0 days 00:42:03.001000,258.0,293.0,305.0,151.0,False,MEDIUM,9.0,False,Ferrari,0 days 00:40:16.041000,2024-03-23 01:55:18.141,1,,False,,False,False,106.96,106.96000000000001
146,0 days 00:43:20.088000,LEC,16,0 days 00:01:17.087000,10.0,2.0,,,26.729,17.482,32.876,0 days 00:42:29.730000,0 days 00:42:47.212000,0 days 00:43:20.088000,286.0,320.0,309.0,323.0,True,MEDIUM,10.0,False,Ferrari,0 days 00:42:03.001000,2024-03-23 01:57:05.101,1,,False,,False,True,77.087,77.08699999999999
147,0 days 00:52:41.304000,LEC,16,,11.0,2.0,,0 days 00:44:54.868000,32.322,23.064,,0 days 00:43:52.677000,0 days 00:44:15.722000,,247.0,276.0,,284.0,False,MEDIUM,11.0,False,Ferrari,0 days 00:43:20.088000,2024-03-23 01:58:22.188,1,,False,,False,False,,
148,0 days 00:54:29.987000,LEC,16,0 days 00:01:48.683000,12.0,3.0,0 days 00:52:44.315000,,48.874,19.257,40.552,0 days 00:53:30.178000,0 days 00:53:49.435000,0 days 00:54:29.987000,258.0,279.0,298.0,178.0,False,MEDIUM,12.0,False,Ferrari,0 days 00:52:41.304000,2024-03-23 02:07:43.404,1,,False,,False,False,108.683,108.68299999999999
149,0 days 00:56:10.869000,LEC,16,0 days 00:01:40.882000,13.0,3.0,,,27.374,19.319,54.189,0 days 00:54:57.361000,0 days 00:55:16.680000,0 days 00:56:10.869000,282.0,197.0,297.0,315.0,False,MEDIUM,13.0,False,Ferrari,0 days 00:54:29.987000,2024-03-23 02:09:32.087,1,,False,,False,True,100.882,100.882
150,0 days 01:06:00.769000,LEC,16,,14.0,3.0,,0 days 00:57:33.746000,27.203,18.122,,0 days 00:56:38.240000,0 days 00:56:56.273000,,282.0,311.0,,315.0,False,MEDIUM,14.0,False,Ferrari,0 days 00:56:10.869000,2024-03-23 02:11:12.969,1,,False,,False,False,,
151,0 days 01:07:47.181000,LEC,16,0 days 00:01:46.412000,15.0,4.0,0 days 01:06:03.921000,,46.095,19.63,40.687,0 days 01:06:46.864000,0 days 01:07:06.494000,0 days 01:07:47.181000,239.0,295.0,305.0,186.0,False,SOFT,1.0,True,Ferrari,0 days 01:06:00.769000,2024-03-23 02:21:02.869,1,,False,,False,False,106.412,106.41199999999999
152,0 days 01:09:38.620000,LEC,16,0 days 00:01:51.439000,16.0,4.0,,,34.772,26.849,49.818,0 days 01:08:21.953000,0 days 01:08:48.802000,0 days 01:09:38.620000,228.0,191.0,303.0,323.0,False,SOFT,2.0,True,Ferrari,0 days 01:07:47.181000,2024-03-23 02:22:49.281,1,,False,,False,True,111.439,111.439
153,0 days 01:10:55.444000,LEC,16,0 days 00:01:16.824000,17.0,4.0,,,26.638,17.633,32.553,0 days 01:10:05.258000,0 days 01:10:22.891000,0 days 01:10:55.444000,285.0,317.0,310.0,320.0,True,SOFT,3.0,True,Ferrari,0 days 01:09:38.620000,2024-03-23 02:24:40.720,1,,False,,False,True,76.824,76.824
154,0 days 01:13:02.185000,LEC,16,0 days 00:02:06.741000,18.0,4.0,,,46.189,30.831,49.721,0 days 01:11:41.633000,0 days 01:12:12.464000,0 days 01:13:02.185000,163.0,211.0,223.0,256.0,False,SOFT,4.0,True,Ferrari,0 days 01:10:55.444000,2024-03-23 02:25:57.544,1,,False,,False,True,126.741,126.74099999999999
155,0 days 01:14:50.567000,LEC,16,0 days 00:01:48.382000,19.0,4.0,,,41.366,25.622,41.394,0 days 01:13:43.551000,0 days 01:14:09.173000,0 days 01:14:50.567000,196.0,145.0,303.0,227.0,False,SOFT,5.0,True,Ferrari,0 days 01:13:02.185000,2024-03-23 02:28:04.285,1,,False,,False,True,108.382,108.382
156,0 days 01:16:07.281000,LEC,16,0 days 00:01:16.714000,20.0,4.0,,,26.715,17.434,32.565,0 days 01:15:17.282000,0 days 01:15:34.716000,0 days 01:16:07.281000,286.0,321.0,299.0,320.0,True,SOFT,6.0,True,Ferrari,0 days 01:14:50.567000,2024-03-23 02:29:52.667,1,,False,,False,True,76.714,76.714
157,0 days 01:18:39.031000,LEC,16,,21.0,4.0,,,39.57,26.484,85.635,0 days 01:16:47.122000,0 days 01:17:13.511000,0 days 01:18:39.031000,184.0,203.0,86.0,248.0,False,SOFT,7.0,True,Ferrari,0 days 01:16:07.281000,2024-03-23 02:31:09.381,1,,False,,False,False,,151.68900000000002
158,0 days 01:20:08.097000,LEC,16,,22.0,4.0,,0 days 01:20:08.097000,29.934,19.658,,0 days 01:19:09.182000,0 days 01:19:28.783000,,251.0,278.0,,256.0,False,SOFT,8.0,True,Ferrari,0 days 01:18:39.031000,2024-03-23 02:33:41.131,1,,False,,False,False,,
159,0 days 00:21:43.695000,STR,18,0 days 00:02:16.689000,1.0,1.0,0 days 00:19:29.449000,0 days 00:21:21.630000,41.652,20.325,74.712,0 days 00:20:08.746000,0 days 00:20:29.087000,0 days 00:21:43.732000,199.0,291.0,,176.0,False,HARD,1.0,True,Aston Martin,0 days 00:19:29.449000,2024-03-23 01:34:31.549,1,,False,,False,False,136.689,136.68900000000002
160,0 days 00:23:59.621000,STR,18,0 days 00:02:15.926000,2.0,2.0,0 days 00:21:45.654000,0 days 00:23:38.572000,43.984,20.613,71.329,0 days 00:22:27.679000,0 days 00:22:48.292000,0 days 00:23:59.621000,241.0,290.0,,97.0,False,HARD,1.0,True,Aston Martin,0 days 00:21:43.695000,2024-03-23 01:36:45.795,1,,False,,False,False,135.926,135.926
161,0 days 00:35:30.928000,STR,18,,3.0,3.0,0 days 00:24:02.617000,0 days 00:25:57.844000,44.127,21.818,,0 days 00:24:43.804000,0 days 00:25:05.542000,,204.0,227.0,,168.0,False,MEDIUM,1.0,True,Aston Martin,0 days 00:23:59.621000,2024-03-23 01:39:01.721,12,,False,,False,False,,
162,0 days 00:37:18.196000,STR,18,0 days 00:01:47.268000,4.0,4.0,0 days 00:35:33.858000,,38.65,18.731,49.887,0 days 00:36:09.578000,0 days 00:36:28.309000,0 days 00:37:18.196000,265.0,299.0,304.0,191.0,False,SOFT,1.0,True,Aston Martin,0 days 00:35:30.928000,2024-03-23 01:50:33.028,1,,False,,False,False,107.268,107.268
163,0 days 00:38:37.116000,STR,18,0 days 00:01:18.920000,5.0,4.0,,,27.222,17.747,33.951,0 days 00:37:45.418000,0 days 00:38:03.165000,0 days 00:38:37.116000,283.0,316.0,305.0,321.0,True,SOFT,2.0,True,Aston Martin,0 days 00:37:18.196000,2024-03-23 01:52:20.296,1,,False,,False,True,78.92,78.92
164,0 days 00:40:14.796000,STR,18,0 days 00:01:37.680000,6.0,4.0,,,34.703,20.982,41.995,0 days 00:39:11.819000,0 days 00:39:32.801000,0 days 00:40:14.796000,220.0,228.0,305.0,232.0,False,SOFT,3.0,True,Aston Martin,0 days 00:38:37.116000,2024-03-23 01:53:39.216,1,,False,,False,True,97.68,97.68
165,0 days 00:41:32.599000,STR,18,0 days 00:01:17.803000,7.0,4.0,,,26.965,17.676,33.162,0 days 00:40:41.761000,0 days 00:40:59.437000,0 days 00:41:32.599000,283.0,317.0,306.0,322.0,True,SOFT,4.0,True,Aston Martin,0 days 00:40:14.796000,2024-03-23 01:55:16.896,1,,False,,False,True,77.803,77.803
166,0 days 00:43:19.566000,STR,18,0 days 00:01:46.967000,8.0,4.0,,,37.491,20.626,48.85,0 days 00:42:10.090000,0 days 00:42:30.716000,0 days 00:43:19.566000,239.0,262.0,304.0,233.0,False,SOFT,5.0,True,Aston Martin,0 days 00:41:32.599000,2024-03-23 01:56:34.699,1,,False,,False,True,106.967,106.96700000000001
167,0 days 00:44:37.742000,STR,18,0 days 00:01:18.176000,9.0,4.0,,,27.129,17.83,33.217,0 days 00:43:46.695000,0 days 00:44:04.525000,0 days 00:44:37.742000,280.0,313.0,302.0,321.0,False,SOFT,6.0,True,Aston Martin,0 days 00:43:19.566000,2024-03-23 01:58:21.666,1,,False,,False,True,78.176,78.176
168,0 days 00:46:42.543000,STR,18,0 days 00:02:04.801000,10.0,4.0,,0 days 00:46:26.339000,33.76,26.526,64.515,0 days 00:45:11.502000,0 days 00:45:38.028000,0 days 00:46:42.543000,226.0,249.0,,249.0,False,SOFT,7.0,True,Aston Martin,0 days 00:44:37.742000,2024-03-23 01:59:39.842,1,,False,,False,False,124.801,124.801
169,0 days 00:56:27.092000,STR,18,,11.0,5.0,0 days 00:46:44.561000,0 days 00:48:35.398000,47.046,23.76,,0 days 00:47:29.853000,0 days 00:47:53.482000,,204.0,248.0,,132.0,False,SOFT,8.0,False,Aston Martin,0 days 00:46:42.543000,2024-03-23 02:01:44.643,1,,False,,False,False,,
170,0 days 00:57:58.195000,STR,18,0 days 00:01:31.103000,12.0,6.0,0 days 00:56:29.009000,,35.232,19.476,36.395,0 days 00:57:02.324000,0 days 00:57:21.800000,0 days 00:57:58.195000,261.0,302.0,306.0,212.0,False,SOFT,1.0,True,Aston Martin,0 days 00:56:27.092000,2024-03-23 02:11:29.192,1,,False,,False,False,91.103,91.10300000000001
171,0 days 00:59:16.036000,STR,18,0 days 00:01:17.841000,13.0,6.0,,,26.695,17.717,33.429,0 days 00:58:24.890000,0 days 00:58:42.607000,0 days 00:59:16.036000,283.0,314.0,301.0,321.0,False,SOFT,2.0,True,Aston Martin,0 days 00:57:58.195000,2024-03-23 02:13:00.295,1,,False,,False,True,77.841,77.84100000000001
172,0 days 01:00:57.382000,STR,18,0 days 00:01:41.346000,14.0,6.0,,,36.258,23.712,41.376,0 days 00:59:52.294000,0 days 01:00:16.006000,0 days 01:00:57.382000,221.0,228.0,303.0,233.0,False,SOFT,3.0,True,Aston Martin,0 days 00:59:16.036000,2024-03-23 02:14:18.136,1,,False,,False,True,101.346,101.346
173,0 days 01:02:15.303000,STR,18,0 days 00:01:17.921000,15.0,6.0,,,26.876,17.816,33.229,0 days 01:01:24.258000,0 days 01:01:42.074000,0 days 01:02:15.303000,275.0,308.0,305.0,320.0,False,SOFT,4.0,True,Aston Martin,0 days 01:00:57.382000,2024-03-23 02:15:59.482,1,,False,,False,True,77.921,77.92099999999999
174,0 days 01:09:46.031000,STR,18,,16.0,6.0,,0 days 01:04:01.739000,35.778,27.714,,0 days 01:02:51.275000,0 days 01:03:18.911000,,192.0,211.0,,248.0,False,SOFT,5.0,True,Aston Martin,0 days 01:02:15.303000,2024-03-23 02:17:17.403,1,,False,,False,False,,
175,0 days 01:11:26.454000,STR,18,0 days 00:01:40.423000,17.0,7.0,0 days 01:09:47.990000,,37.976,19.407,43.04,0 days 01:10:24.007000,0 days 01:10:43.414000,0 days 01:11:26.454000,258.0,300.0,305.0,174.0,False,SOFT,6.0,False,Aston Martin,0 days 01:09:46.031000,2024-03-23 02:24:48.131,1,,False,,False,False,100.423,100.423
176,0 days 01:12:43.795000,STR,18,0 days 00:01:17.341000,18.0,7.0,,,26.748,17.681,32.912,0 days 01:11:53.202000,0 days 01:12:10.883000,0 days 01:12:43.795000,284.0,315.0,305.0,320.0,True,SOFT,7.0,False,Aston Martin,0 days 01:11:26.454000,2024-03-23 02:26:28.554,1,,False,,False,True,77.341,77.34100000000001
177,0 days 01:14:28.028000,STR,18,0 days 00:01:44.233000,19.0,7.0,,,35.34,25.838,43.055,0 days 01:13:19.135000,0 days 01:13:44.973000,0 days 01:14:28.028000,198.0,201.0,303.0,251.0,False,SOFT,8.0,False,Aston Martin,0 days 01:12:43.795000,2024-03-23 02:27:45.895,1,,False,,False,True,104.233,104.233
178,0 days 01:15:45.802000,STR,18,0 days 00:01:17.774000,20.0,7.0,,,26.983,17.668,33.123,0 days 01:14:55.011000,0 days 01:15:12.679000,0 days 01:15:45.802000,282.0,317.0,304.0,322.0,False,SOFT,9.0,False,Aston Martin,0 days 01:14:28.028000,2024-03-23 02:29:30.128,1,,False,,False,True,77.774,77.774
179,0 days 01:17:59.139000,STR,18,0 days 00:02:13.337000,21.0,7.0,,,33.824,23.04,76.473,0 days 01:16:19.626000,0 days 01:16:42.666000,0 days 01:17:59.139000,208.0,214.0,85.0,228.0,False,SOFT,10.0,False,Aston Martin,0 days 01:15:45.802000,2024-03-23 02:30:47.902,1,,False,,False,True,133.337,133.337
180,0 days 01:19:33.965000,STR,18,,22.0,7.0,,0 days 01:19:33.965000,32.864,20.105,,0 days 01:18:32.202000,0 days 01:18:52.252000,,244.0,263.0,,250.0,False,SOFT,11.0,False,Aston Martin,0 days 01:17:59.139000,2024-03-23 02:33:01.239,1,,False,,False,False,,
181,0 days 00:36:04.750000,MAG,20,0 days 00:01:39.407000,1.0,1.0,0 days 00:34:27.229000,,41.736,20.244,37.427,0 days 00:35:07.285000,0 days 00:35:27.527000,0 days 00:36:04.812000,244.0,279.0,307.0,204.0,False,SOFT,1.0,True,Haas F1 Team,0 days 00:34:27.229000,2024-03-23 01:49:29.329,1,,False,,False,False,99.407,99.407
182,0 days 00:37:23.982000,MAG,20,0 days 00:01:19.232000,2.0,1.0,,,27.732,17.828,33.672,0 days 00:36:32.482000,0 days 00:36:50.310000,0 days 00:37:23.982000,285.0,323.0,303.0,324.0,True,SOFT,2.0,True,Haas F1 Team,0 days 00:36:04.750000,2024-03-23 01:51:06.850,1,,False,,False,True,79.232,79.232
183,0 days 00:39:28.941000,MAG,20,0 days 00:02:04.959000,3.0,1.0,,,48.33,25.259,51.37,0 days 00:38:12.312000,0 days 00:38:37.571000,0 days 00:39:28.941000,147.0,267.0,195.0,165.0,False,SOFT,3.0,True,Haas F1 Team,0 days 00:37:23.982000,2024-03-23 01:52:26.082,1,,False,,False,True,124.959,124.959
184,0 days 00:41:16.919000,MAG,20,0 days 00:01:47.978000,4.0,1.0,,,46.331,21.769,39.878,0 days 00:40:15.272000,0 days 00:40:37.041000,0 days 00:41:16.919000,163.0,282.0,306.0,185.0,False,SOFT,4.0,True,Haas F1 Team,0 days 00:39:28.941000,2024-03-23 01:54:31.041,1,,False,,False,True,107.978,107.978
185,0 days 00:42:34.909000,MAG,20,0 days 00:01:17.990000,5.0,1.0,,,27.074,17.688,33.228,0 days 00:41:43.993000,0 days 00:42:01.681000,0 days 00:42:34.909000,288.0,320.0,305.0,323.0,True,SOFT,5.0,True,Haas F1 Team,0 days 00:41:16.919000,2024-03-23 01:56:19.019,1,,False,,False,True,77.99,77.99000000000001
186,0 days 00:44:28.563000,MAG,20,0 days 00:01:53.654000,6.0,1.0,,0 days 00:44:17.012000,31.76,25.666,56.228,0 days 00:43:06.669000,0 days 00:43:32.335000,0 days 00:44:28.563000,259.0,162.0,,310.0,False,SOFT,6.0,True,Haas F1 Team,0 days 00:42:34.909000,2024-03-23 01:57:37.009,1,,False,,False,False,113.654,113.654
187,0 days 00:56:58.193000,MAG,20,,7.0,2.0,0 days 00:44:31.347000,0 days 00:46:33.627000,63.317,23.958,,0 days 00:45:31.977000,0 days 00:45:55.914000,,254.0,284.0,,191.0,False,SOFT,7.0,False,Haas F1 Team,0 days 00:44:28.563000,2024-03-23 01:59:30.663,1,,False,,False,False,,
188,0 days 00:58:35.357000,MAG,20,0 days 00:01:37.164000,8.0,3.0,0 days 00:57:00.555000,,36.718,20.68,39.766,0 days 00:57:34.911000,0 days 00:57:55.591000,0 days 00:58:35.357000,255.0,294.0,292.0,219.0,False,SOFT,1.0,True,Haas F1 Team,0 days 00:56:58.193000,2024-03-23 02:12:00.293,1,,False,,False,False,97.164,97.164
189,0 days 01:00:15.629000,MAG,20,0 days 00:01:40.272000,9.0,3.0,,,40.123,22.172,37.977,0 days 00:59:15.480000,0 days 00:59:37.652000,0 days 01:00:15.629000,76.0,302.0,308.0,105.0,False,SOFT,2.0,True,Haas F1 Team,0 days 00:58:35.357000,2024-03-23 02:13:37.457,1,,False,,False,True,100.272,100.27199999999999
190,0 days 01:01:33.617000,MAG,20,0 days 00:01:17.988000,10.0,3.0,,,26.945,17.593,33.45,0 days 01:00:42.574000,0 days 01:01:00.167000,0 days 01:01:33.617000,288.0,322.0,305.0,326.0,True,SOFT,3.0,True,Haas F1 Team,0 days 01:00:15.629000,2024-03-23 02:15:17.729,1,,False,,False,True,77.988,77.988
191,0 days 01:03:34.639000,MAG,20,0 days 00:02:01.022000,11.0,3.0,,,38.136,31.245,51.641,0 days 01:02:11.753000,0 days 01:02:42.998000,0 days 01:03:34.639000,185.0,101.0,261.0,257.0,False,SOFT,4.0,True,Haas F1 Team,0 days 01:01:33.617000,2024-03-23 02:16:35.717,1,,False,,False,True,121.022,121.02199999999999
192,0 days 01:05:21.775000,MAG,20,0 days 00:01:47.136000,12.0,3.0,,,37.718,27.198,42.22,0 days 01:04:12.357000,0 days 01:04:39.555000,0 days 01:05:21.775000,229.0,269.0,307.0,244.0,False,SOFT,5.0,True,Haas F1 Team,0 days 01:03:34.639000,2024-03-23 02:18:36.739,1,,False,,False,True,107.136,107.136
193,0 days 01:06:39.736000,MAG,20,0 days 00:01:17.961000,13.0,3.0,,,27.085,17.608,33.268,0 days 01:05:48.860000,0 days 01:06:06.468000,0 days 01:06:39.736000,286.0,322.0,308.0,325.0,True,SOFT,6.0,True,Haas F1 Team,0 days 01:05:21.775000,2024-03-23 02:20:23.875,1,,False,,False,True,77.961,77.961
194,0 days 01:12:55.041000,MAG,20,,14.0,3.0,,0 days 01:08:06.604000,32.314,19.714,,0 days 01:07:12.247000,0 days 01:07:32.014000,,257.0,282.0,,295.0,False,SOFT,7.0,True,Haas F1 Team,0 days 01:06:39.736000,2024-03-23 02:21:41.836,1,,False,,False,False,,
195,0 days 01:14:45.049000,MAG,20,0 days 00:01:50.008000,15.0,4.0,0 days 01:12:57.666000,,52.036,19.077,38.895,0 days 01:13:47.077000,0 days 01:14:06.154000,0 days 01:14:45.049000,261.0,289.0,287.0,180.0,False,SOFT,8.0,False,Haas F1 Team,0 days 01:12:55.041000,2024-03-23 02:27:57.141,1,,False,,False,False,110.008,110.00800000000001
196,0 days 01:16:13.151000,MAG,20,0 days 00:01:28.102000,16.0,4.0,,,29.651,19.106,39.345,0 days 01:15:14.700000,0 days 01:15:33.806000,0 days 01:16:13.151000,263.0,226.0,286.0,287.0,False,SOFT,9.0,False,Haas F1 Team,0 days 01:14:45.049000,2024-03-23 02:29:47.149,1,,False,,False,True,88.102,88.102
197,0 days 01:18:18.574000,MAG,20,0 days 00:02:05.423000,17.0,4.0,,,29.47,19.001,76.952,0 days 01:16:42.621000,0 days 01:17:01.622000,0 days 01:18:18.574000,264.0,287.0,128.0,289.0,False,SOFT,10.0,False,Haas F1 Team,0 days 01:16:13.151000,2024-03-23 02:31:15.251,1,,False,,False,True,125.423,125.423
198,0 days 01:19:50.175000,MAG,20,,18.0,4.0,,0 days 01:19:50.175000,30.674,20.399,,0 days 01:18:49.458000,0 days 01:19:09.795000,,272.0,268.0,,260.0,False,SOFT,11.0,False,Haas F1 Team,0 days 01:18:18.574000,2024-03-23 02:33:20.674,1,,False,,False,False,,
199,0 days 00:37:04.458000,TSU,22,0 days 00:01:45.199000,1.0,1.0,0 days 00:35:21.873000,,42.536,20.275,42.388,0 days 00:36:02.017000,0 days 00:36:22.289000,0 days 00:37:04.638000,255.0,284.0,302.0,153.0,False,SOFT,1.0,True,RB,0 days 00:35:21.873000,2024-03-23 01:50:23.973,1,,False,,False,False,105.199,105.199
200,0 days 00:38:23.026000,TSU,22,0 days 00:01:18.568000,2.0,1.0,,,27.198,17.928,33.442,0 days 00:37:31.656000,0 days 00:37:49.584000,0 days 00:38:23.026000,283.0,315.0,303.0,320.0,True,SOFT,2.0,True,RB,0 days 00:37:04.458000,2024-03-23 01:52:06.558,1,,False,,False,True,78.568,78.56800000000001
201,0 days 00:40:40.767000,TSU,22,0 days 00:02:17.741000,3.0,1.0,,,49.761,34.101,53.879,0 days 00:39:12.787000,0 days 00:39:46.888000,0 days 00:40:40.767000,130.0,148.0,195.0,229.0,False,SOFT,3.0,True,RB,0 days 00:38:23.026000,2024-03-23 01:53:25.126,1,,False,,False,True,137.741,137.74099999999999
202,0 days 00:42:32.309000,TSU,22,0 days 00:01:51.542000,4.0,1.0,,,45.654,24.908,40.98,0 days 00:41:26.421000,0 days 00:41:51.329000,0 days 00:42:32.309000,142.0,236.0,300.0,194.0,False,SOFT,4.0,True,RB,0 days 00:40:40.767000,2024-03-23 01:55:42.867,1,,False,,False,True,111.542,111.542
203,0 days 00:43:50.580000,TSU,22,0 days 00:01:18.271000,5.0,1.0,,,27.161,17.863,33.247,0 days 00:42:59.470000,0 days 00:43:17.333000,0 days 00:43:50.580000,280.0,315.0,300.0,317.0,True,SOFT,5.0,True,RB,0 days 00:42:32.309000,2024-03-23 01:57:34.409,1,,False,,False,True,78.271,78.271
204,0 days 00:46:01.629000,TSU,22,0 days 00:02:11.049000,6.0,1.0,,,43.549,32.527,54.973,0 days 00:44:34.129000,0 days 00:45:06.656000,0 days 00:46:01.629000,114.0,164.0,191.0,274.0,False,SOFT,6.0,True,RB,0 days 00:43:50.580000,2024-03-23 01:58:52.680,1,,False,,False,True,131.049,131.04899999999998
205,0 days 00:47:53.873000,TSU,22,0 days 00:01:52.244000,7.0,1.0,,,46.321,25.442,40.481,0 days 00:46:47.950000,0 days 00:47:13.392000,0 days 00:47:53.873000,158.0,237.0,297.0,136.0,False,SOFT,7.0,True,RB,0 days 00:46:01.629000,2024-03-23 02:01:03.729,1,,False,,False,True,112.244,112.244
206,0 days 00:49:12.119000,TSU,22,0 days 00:01:18.246000,8.0,1.0,,,27.127,17.876,33.243,0 days 00:48:21,0 days 00:48:38.876000,0 days 00:49:12.119000,282.0,313.0,301.0,316.0,True,SOFT,8.0,True,RB,0 days 00:47:53.873000,2024-03-23 02:02:55.973,1,,False,,False,True,78.246,78.24600000000001
207,0 days 00:51:02.793000,TSU,22,0 days 00:01:50.674000,9.0,1.0,,0 days 00:50:52.291000,35.186,27.135,48.353,0 days 00:49:47.305000,0 days 00:50:14.440000,0 days 00:51:02.793000,178.0,187.0,,286.0,False,SOFT,9.0,True,RB,0 days 00:49:12.119000,2024-03-23 02:04:14.219,1,,False,,False,False,110.674,110.674
208,0 days 00:52:46.546000,TSU,22,0 days 00:01:43.753000,10.0,2.0,0 days 00:51:04.838000,0 days 00:52:34.622000,35.428,18.801,49.524,0 days 00:51:38.221000,0 days 00:51:57.022000,0 days 00:52:46.546000,268.0,297.0,,229.0,False,SOFT,10.0,False,RB,0 days 00:51:02.793000,2024-03-23 02:06:04.893,1,,False,,False,False,103.753,103.753
209,0 days 01:04:39.306000,TSU,22,,11.0,3.0,0 days 00:52:51.969000,0 days 00:54:37.018000,53.398,20.307,,0 days 00:53:40.103000,0 days 00:54:00.352000,,251.0,271.0,,226.0,False,SOFT,11.0,False,RB,0 days 00:52:46.546000,2024-03-23 02:07:48.646,1,,False,,False,False,,
210,0 days 01:06:16.174000,TSU,22,0 days 00:01:36.868000,12.0,4.0,0 days 01:04:41.298000,,38.233,20.054,38.581,0 days 01:05:17.539000,0 days 01:05:37.593000,0 days 01:06:16.174000,260.0,268.0,304.0,183.0,False,SOFT,1.0,True,RB,0 days 01:04:39.306000,2024-03-23 02:19:41.406,1,,False,,False,False,96.868,96.868
211,0 days 01:07:33.847000,TSU,22,0 days 00:01:17.673000,13.0,4.0,,,26.794,17.696,33.183,0 days 01:06:42.968000,0 days 01:07:00.664000,0 days 01:07:33.847000,283.0,316.0,304.0,321.0,True,SOFT,2.0,True,RB,0 days 01:06:16.174000,2024-03-23 02:21:18.274,1,,False,,False,True,77.673,77.673
212,0 days 01:09:51.844000,TSU,22,0 days 00:02:17.997000,14.0,4.0,,,45.037,32.62,60.34,0 days 01:08:18.884000,0 days 01:08:51.504000,0 days 01:09:51.844000,139.0,150.0,167.0,186.0,False,SOFT,3.0,True,RB,0 days 01:07:33.847000,2024-03-23 02:22:35.947,1,,False,,False,True,137.997,137.997
213,0 days 01:11:51.091000,TSU,22,0 days 00:01:59.247000,15.0,4.0,,,48.439,30.253,40.555,0 days 01:10:40.283000,0 days 01:11:10.536000,0 days 01:11:51.091000,146.0,209.0,300.0,169.0,False,SOFT,4.0,True,RB,0 days 01:09:51.844000,2024-03-23 02:24:53.944,1,,False,,False,True,119.247,119.24700000000001
214,0 days 01:13:09.119000,TSU,22,0 days 00:01:18.028000,16.0,4.0,,,26.945,17.867,33.216,0 days 01:12:18.036000,0 days 01:12:35.903000,0 days 01:13:09.119000,282.0,313.0,302.0,317.0,False,SOFT,5.0,True,RB,0 days 01:11:51.091000,2024-03-23 02:26:53.191,1,,False,,False,True,78.028,78.02799999999999
215,0 days 01:15:10.198000,TSU,22,0 days 00:02:01.079000,17.0,4.0,,,46.19,28.857,46.032,0 days 01:13:55.309000,0 days 01:14:24.166000,0 days 01:15:10.198000,163.0,189.0,260.0,113.0,False,SOFT,6.0,True,RB,0 days 01:13:09.119000,2024-03-23 02:28:11.219,1,,False,,False,True,121.079,121.079
216,0 days 01:17:10.381000,TSU,22,0 days 00:02:00.183000,18.0,4.0,,,31.187,20.279,68.717,0 days 01:15:41.385000,0 days 01:16:01.664000,0 days 01:17:10.381000,247.0,277.0,5.0,272.0,False,SOFT,7.0,True,RB,0 days 01:15:10.198000,2024-03-23 02:30:12.298,1,,False,,False,True,120.183,120.18299999999999
217,0 days 01:18:37.767000,TSU,22,,19.0,4.0,,0 days 01:18:37.767000,32.339,18.659,,0 days 01:17:42.879000,0 days 01:18:01.627000,,276.0,293.0,,245.0,False,SOFT,8.0,True,RB,0 days 01:17:10.381000,2024-03-23 02:32:12.481,1,,False,,False,False,,
218,0 days 00:28:48.053000,ALB,23,0 days 00:01:43.451000,1.0,1.0,0 days 00:27:06.577000,,41.063,20.277,42.111,0 days 00:27:45.944000,0 days 00:28:06.106000,0 days 00:28:48.220000,248.0,299.0,276.0,208.0,False,MEDIUM,1.0,True,Williams,0 days 00:27:06.577000,2024-03-23 01:42:08.677,1,,False,,False,False,103.451,103.451
219,0 days 00:30:20.256000,ALB,23,0 days 00:01:32.203000,2.0,1.0,,,33.379,20.644,38.18,0 days 00:29:21.432000,0 days 00:29:42.076000,0 days 00:30:20.256000,252.0,283.0,302.0,285.0,True,MEDIUM,2.0,True,Williams,0 days 00:28:48.053000,2024-03-23 01:43:50.153,1,,False,,False,True,92.203,92.203
220,0 days 00:31:39.717000,ALB,23,0 days 00:01:19.461000,3.0,1.0,,,27.639,18.02,33.802,0 days 00:30:47.895000,0 days 00:31:05.915000,0 days 00:31:39.717000,281.0,316.0,302.0,319.0,True,MEDIUM,3.0,True,Williams,0 days 00:30:20.256000,2024-03-23 01:45:22.356,1,,False,,False,True,79.461,79.461
221,0 days 00:33:33.748000,ALB,23,0 days 00:01:54.031000,4.0,1.0,,,41.717,29.968,42.346,0 days 00:32:21.434000,0 days 00:32:51.402000,0 days 00:33:33.748000,197.0,157.0,302.0,234.0,False,MEDIUM,4.0,True,Williams,0 days 00:31:39.717000,2024-03-23 01:46:41.817,12,,False,,False,True,114.031,114.031
222,0 days 00:34:52.366000,ALB,23,0 days 00:01:18.618000,5.0,1.0,,,27.149,17.978,33.491,0 days 00:34:00.897000,0 days 00:34:18.875000,0 days 00:34:52.366000,283.0,314.0,303.0,318.0,True,MEDIUM,5.0,True,Williams,0 days 00:33:33.748000,2024-03-23 01:48:35.848,1,,False,,False,True,78.618,78.618
223,0 days 00:36:50.787000,ALB,23,0 days 00:01:58.421000,6.0,1.0,,,40.435,28.068,49.918,0 days 00:35:32.801000,0 days 00:36:00.869000,0 days 00:36:50.787000,201.0,181.0,302.0,249.0,False,MEDIUM,6.0,True,Williams,0 days 00:34:52.366000,2024-03-23 01:49:54.466,1,,False,,False,True,118.421,118.42099999999999
224,0 days 00:38:09.412000,ALB,23,0 days 00:01:18.625000,7.0,1.0,,,27.135,17.906,33.584,0 days 00:37:17.922000,0 days 00:37:35.828000,0 days 00:38:09.412000,283.0,315.0,302.0,320.0,False,MEDIUM,7.0,True,Williams,0 days 00:36:50.787000,2024-03-23 01:51:52.887,1,,False,,False,True,78.625,78.625
225,0 days 00:39:35.160000,ALB,23,0 days 00:01:25.748000,8.0,1.0,,,30.14,20.337,35.271,0 days 00:38:39.552000,0 days 00:38:59.889000,0 days 00:39:35.160000,238.0,293.0,290.0,320.0,False,MEDIUM,8.0,True,Williams,0 days 00:38:09.412000,2024-03-23 01:53:11.512,1,,False,,False,True,85.748,85.748
226,0 days 00:40:58.074000,ALB,23,0 days 00:01:22.914000,9.0,1.0,,,28.809,18.417,35.688,0 days 00:40:03.969000,0 days 00:40:22.386000,0 days 00:40:58.074000,274.0,294.0,286.0,305.0,False,MEDIUM,9.0,True,Williams,0 days 00:39:35.160000,2024-03-23 01:54:37.260,1,,False,,False,True,82.914,82.914
227,0 days 00:51:18.938000,ALB,23,,10.0,1.0,,0 days 00:42:20.046000,28.244,19.057,,0 days 00:41:26.518000,0 days 00:41:45.639000,,277.0,261.0,,303.0,False,MEDIUM,10.0,True,Williams,0 days 00:40:58.074000,2024-03-23 01:56:00.174,1,,False,,False,False,,
228,0 days 00:52:56.197000,ALB,23,0 days 00:01:37.259000,11.0,2.0,0 days 00:51:20.957000,,41.88,19.23,36.149,0 days 00:52:00.818000,0 days 00:52:20.048000,0 days 00:52:56.197000,263.0,300.0,306.0,195.0,False,SOFT,1.0,True,Williams,0 days 00:51:18.938000,2024-03-23 02:06:21.038,1,,False,,False,False,97.259,97.259
229,0 days 00:54:13.956000,ALB,23,0 days 00:01:17.759000,12.0,2.0,,,26.832,17.606,33.321,0 days 00:53:23.029000,0 days 00:53:40.635000,0 days 00:54:13.956000,286.0,318.0,304.0,322.0,True,SOFT,2.0,True,Williams,0 days 00:52:56.197000,2024-03-23 02:07:58.297,1,,False,,False,True,77.759,77.759
230,0 days 00:56:17.757000,ALB,23,0 days 00:02:03.801000,13.0,2.0,,,41.621,29.091,53.089,0 days 00:54:55.577000,0 days 00:55:24.668000,0 days 00:56:17.757000,165.0,179.0,239.0,245.0,False,SOFT,3.0,True,Williams,0 days 00:54:13.956000,2024-03-23 02:09:16.056,1,,False,,False,True,123.801,123.801
231,0 days 00:58:11.821000,ALB,23,0 days 00:01:54.064000,14.0,2.0,,,42.234,26.96,44.87,0 days 00:56:59.991000,0 days 00:57:26.951000,0 days 00:58:11.821000,211.0,238.0,303.0,113.0,False,SOFT,4.0,True,Williams,0 days 00:56:17.757000,2024-03-23 02:11:19.857,1,,False,,False,True,114.064,114.064
232,0 days 00:59:59.363000,ALB,23,0 days 00:01:47.542000,15.0,2.0,,,31.794,31.024,44.724,0 days 00:58:43.615000,0 days 00:59:14.639000,0 days 00:59:59.363000,231.0,256.0,307.0,321.0,False,SOFT,5.0,True,Williams,0 days 00:58:11.821000,2024-03-23 02:13:13.921,1,,False,,False,True,107.542,107.542
233,0 days 01:01:17.194000,ALB,23,0 days 00:01:17.831000,16.0,2.0,,,26.939,17.566,33.326,0 days 01:00:26.302000,0 days 01:00:43.868000,0 days 01:01:17.194000,285.0,320.0,304.0,325.0,False,SOFT,6.0,True,Williams,0 days 00:59:59.363000,2024-03-23 02:15:01.463,1,,False,,False,True,77.831,77.83099999999999
234,0 days 01:09:05.977000,ALB,23,,17.0,2.0,,0 days 01:02:51.275000,34.359,22.588,,0 days 01:01:51.725000,0 days 01:02:14.225000,,237.0,238.0,,312.0,False,SOFT,7.0,True,Williams,0 days 01:01:17.194000,2024-03-23 02:16:19.294,1,,False,,False,False,,
235,0 days 01:10:54.396000,ALB,23,0 days 00:01:48.419000,18.0,3.0,0 days 01:09:07.981000,,43.1,19.574,45.745,0 days 01:09:49.077000,0 days 01:10:08.651000,0 days 01:10:54.396000,202.0,297.0,307.0,172.0,False,SOFT,8.0,False,Williams,0 days 01:09:05.977000,2024-03-23 02:24:08.077,1,,False,,False,False,108.419,108.41900000000001
236,0 days 01:12:12.406000,ALB,23,0 days 00:01:18.010000,19.0,3.0,,,26.917,17.567,33.526,0 days 01:11:21.313000,0 days 01:11:38.880000,0 days 01:12:12.406000,285.0,321.0,306.0,324.0,False,SOFT,9.0,False,Williams,0 days 01:10:54.396000,2024-03-23 02:25:56.496,1,,False,,False,True,78.01,78.01
237,0 days 01:13:57.330000,ALB,23,0 days 00:01:44.924000,20.0,3.0,,0 days 01:13:37.634000,31.03,19.658,54.236,0 days 01:12:43.436000,0 days 01:13:03.094000,0 days 01:13:57.330000,264.0,274.0,,291.0,False,SOFT,10.0,False,Williams,0 days 01:12:12.406000,2024-03-23 02:27:14.506,1,,False,,False,False,104.924,104.924
238,0 days 01:16:03.411000,ALB,23,0 days 00:02:06.081000,21.0,4.0,0 days 01:14:02.098000,,61.171,22.704,42.206,0 days 01:14:58.501000,0 days 01:15:21.205000,0 days 01:16:03.411000,256.0,148.0,277.0,218.0,False,MEDIUM,11.0,False,Williams,0 days 01:13:57.330000,2024-03-23 02:28:59.430,1,,False,,False,False,126.081,126.081
239,0 days 01:18:11.187000,ALB,23,0 days 00:02:07.776000,22.0,4.0,,,31.349,20.022,76.405,0 days 01:16:34.760000,0 days 01:16:54.782000,0 days 01:18:11.187000,261.0,287.0,67.0,281.0,False,MEDIUM,12.0,False,Williams,0 days 01:16:03.411000,2024-03-23 02:31:05.511,1,,False,,False,True,127.776,127.776
240,0 days 01:19:39.416000,ALB,23,,23.0,4.0,,0 days 01:19:39.416000,31.984,19.237,,0 days 01:18:43.397000,0 days 01:19:02.501000,,269.0,254.0,,248.0,False,MEDIUM,13.0,False,Williams,0 days 01:18:11.187000,2024-03-23 02:33:13.287,1,,False,,False,False,,
241,0 days 00:19:24.427000,ZHO,24,0 days 00:02:08.581000,1.0,1.0,0 days 00:17:17.618000,0 days 00:19:03.583000,43.425,21.116,64.04,0 days 00:17:59.343000,0 days 00:18:20.453000,0 days 00:19:24.427000,240.0,249.0,,149.0,False,HARD,1.0,True,Kick Sauber,0 days 00:17:17.618000,2024-03-23 01:32:19.718,1,,False,,False,False,128.581,128.58100000000002
242,0 days 00:35:25.201000,ZHO,24,,2.0,2.0,0 days 00:19:26.982000,0 days 00:21:24.085000,47.392,20.702,,0 days 00:20:11.894000,0 days 00:20:32.527000,,238.0,292.0,,149.0,False,MEDIUM,1.0,True,Kick Sauber,0 days 00:19:24.427000,2024-03-23 01:34:26.527,12,,False,,False,False,,
243,0 days 00:37:10.203000,ZHO,24,0 days 00:01:45.002000,3.0,3.0,0 days 00:35:28.357000,,41.307,19.442,44.253,0 days 00:36:06.508000,0 days 00:36:25.950000,0 days 00:37:10.203000,254.0,296.0,298.0,169.0,False,SOFT,1.0,True,Kick Sauber,0 days 00:35:25.201000,2024-03-23 01:50:27.301,1,,False,,False,False,105.002,105.00200000000001
244,0 days 00:38:29.872000,ZHO,24,0 days 00:01:19.669000,4.0,3.0,,,27.809,18.098,33.762,0 days 00:37:38.012000,0 days 00:37:56.110000,0 days 00:38:29.872000,281.0,312.0,299.0,315.0,True,SOFT,2.0,True,Kick Sauber,0 days 00:37:10.203000,2024-03-23 01:52:12.303,1,,False,,False,True,79.669,79.669
245,0 days 00:40:28.960000,ZHO,24,0 days 00:01:59.088000,5.0,3.0,,,45.177,29.829,44.082,0 days 00:39:15.049000,0 days 00:39:44.878000,0 days 00:40:28.960000,142.0,246.0,297.0,239.0,False,SOFT,3.0,True,Kick Sauber,0 days 00:38:29.872000,2024-03-23 01:53:31.972,1,,False,,False,True,119.088,119.088
246,0 days 00:41:47.860000,ZHO,24,0 days 00:01:18.900000,6.0,3.0,,,27.49,18.065,33.345,0 days 00:40:56.450000,0 days 00:41:14.515000,0 days 00:41:47.860000,280.0,310.0,300.0,314.0,True,SOFT,4.0,True,Kick Sauber,0 days 00:40:28.960000,2024-03-23 01:55:31.060,1,,False,,False,True,78.9,78.9
247,0 days 00:44:01.794000,ZHO,24,0 days 00:02:13.934000,7.0,3.0,,0 days 00:43:51.113000,45.227,29.439,59.268,0 days 00:42:33.087000,0 days 00:43:02.526000,0 days 00:44:01.794000,83.0,251.0,,247.0,False,SOFT,5.0,True,Kick Sauber,0 days 00:41:47.860000,2024-03-23 01:56:49.960,1,,False,,False,False,133.934,133.934
248,0 days 00:46:09.410000,ZHO,24,0 days 00:02:07.616000,8.0,4.0,0 days 00:44:04.908000,,57.378,20.399,49.839,0 days 00:44:59.172000,0 days 00:45:19.571000,0 days 00:46:09.410000,249.0,285.0,297.0,118.0,False,SOFT,6.0,False,Kick Sauber,0 days 00:44:01.794000,2024-03-23 01:59:03.894,1,,False,,False,False,127.616,127.616
249,0 days 00:47:28.196000,ZHO,24,0 days 00:01:18.786000,9.0,4.0,,,27.419,18.121,33.246,0 days 00:46:36.829000,0 days 00:46:54.950000,0 days 00:47:28.196000,281.0,311.0,300.0,315.0,True,SOFT,7.0,False,Kick Sauber,0 days 00:46:09.410000,2024-03-23 02:01:11.510,1,,False,,False,True,78.786,78.786
250,0 days 00:59:21.311000,ZHO,24,,10.0,4.0,,0 days 00:49:06.605000,38.297,20.672,,0 days 00:48:06.688000,0 days 00:48:27.287000,,247.0,276.0,,239.0,False,SOFT,8.0,False,Kick Sauber,0 days 00:47:28.196000,2024-03-23 02:02:30.296,1,,False,,False,False,,
251,0 days 01:01:03.378000,ZHO,24,0 days 00:01:42.067000,11.0,5.0,0 days 00:59:23.327000,,39.401,19.348,43.318,0 days 01:00:00.712000,0 days 01:00:20.060000,0 days 01:01:03.378000,252.0,283.0,298.0,161.0,False,SOFT,1.0,True,Kick Sauber,0 days 00:59:21.311000,2024-03-23 02:14:23.411,1,,False,,False,False,102.067,102.06700000000001
252,0 days 01:02:21.965000,ZHO,24,0 days 00:01:18.587000,12.0,5.0,,,27.361,17.913,33.313,0 days 01:01:30.739000,0 days 01:01:48.652000,0 days 01:02:21.965000,281.0,312.0,300.0,314.0,True,SOFT,2.0,True,Kick Sauber,0 days 01:01:03.378000,2024-03-23 02:16:05.478,1,,False,,False,True,78.587,78.587
253,0 days 01:04:45.997000,ZHO,24,0 days 00:02:24.032000,13.0,5.0,,0 days 01:04:24.862000,41.425,32.217,70.39,0 days 01:03:03.390000,0 days 01:03:35.607000,0 days 01:04:45.997000,235.0,65.0,,225.0,False,SOFT,3.0,True,Kick Sauber,0 days 01:02:21.965000,2024-03-23 02:17:24.065,1,,False,,False,False,144.032,144.03199999999998
254,0 days 01:06:30.403000,ZHO,24,0 days 00:01:44.406000,14.0,6.0,0 days 01:04:48.051000,,42.35,23.156,38.9,0 days 01:05:28.347000,0 days 01:05:51.503000,0 days 01:06:30.403000,234.0,284.0,304.0,141.0,False,SOFT,4.0,False,Kick Sauber,0 days 01:04:45.997000,2024-03-23 02:19:48.097,1,,False,,False,False,104.406,104.406
255,0 days 01:07:48.279000,ZHO,24,0 days 00:01:17.876000,15.0,6.0,,,27.03,17.812,33.034,0 days 01:06:57.433000,0 days 01:07:15.245000,0 days 01:07:48.279000,285.0,316.0,304.0,320.0,True,SOFT,5.0,False,Kick Sauber,0 days 01:06:30.403000,2024-03-23 02:21:32.503,1,,False,,False,True,77.876,77.876
256,0 days 01:14:00.842000,ZHO,24,,16.0,6.0,,0 days 01:09:30.299000,37.546,23.624,,0 days 01:08:26.055000,0 days 01:08:49.593000,,231.0,246.0,,263.0,False,SOFT,6.0,False,Kick Sauber,0 days 01:07:48.279000,2024-03-23 02:22:50.379,1,,False,,False,False,,
257,0 days 01:16:20.623000,ZHO,24,0 days 00:02:19.781000,17.0,7.0,0 days 01:14:16.739000,,70.446,25.338,43.997,0 days 01:15:11.288000,0 days 01:15:36.626000,0 days 01:16:20.623000,250.0,263.0,270.0,138.0,False,SOFT,7.0,False,Kick Sauber,0 days 01:14:00.842000,2024-03-23 02:29:02.942,1,,False,,False,False,139.781,139.781
258,0 days 01:18:34.834000,ZHO,24,0 days 00:02:14.211000,18.0,7.0,,,32.211,21.105,80.895,0 days 01:16:52.834000,0 days 01:17:13.939000,0 days 01:18:34.834000,257.0,234.0,8.0,232.0,False,SOFT,8.0,False,Kick Sauber,0 days 01:16:20.623000,2024-03-23 02:31:22.723,1,,False,,False,True,134.211,134.211
259,0 days 01:20:10.985000,ZHO,24,,19.0,7.0,,0 days 01:20:10.985000,32.134,18.917,,0 days 01:19:07.142000,0 days 01:19:25.986000,,273.0,273.0,,247.0,False,SOFT,9.0,False,Kick Sauber,0 days 01:18:34.834000,2024-03-23 02:33:36.934,1,,False,,False,False,,
260,0 days 00:35:57.996000,HUL,27,0 days 00:01:37.637000,1.0,1.0,0 days 00:34:22.313000,,38.679,21.066,37.892,0 days 00:34:59.271000,0 days 00:35:20.344000,0 days 00:35:58.119000,256.0,135.0,307.0,194.0,False,SOFT,1.0,True,Haas F1 Team,0 days 00:34:22.313000,2024-03-23 01:49:24.413,1,,False,,False,False,97.637,97.637
261,0 days 00:37:40.227000,HUL,27,0 days 00:01:42.231000,2.0,1.0,,,31.74,21.221,49.27,0 days 00:36:29.736000,0 days 00:36:50.957000,0 days 00:37:40.227000,244.0,199.0,308.0,325.0,True,SOFT,2.0,True,Haas F1 Team,0 days 00:35:57.996000,2024-03-23 01:51:00.096,1,,False,,False,True,102.231,102.231
262,0 days 00:38:58.704000,HUL,27,0 days 00:01:18.477000,3.0,1.0,,,27.214,17.666,33.597,0 days 00:38:07.441000,0 days 00:38:25.107000,0 days 00:38:58.704000,286.0,323.0,303.0,325.0,True,SOFT,3.0,True,Haas F1 Team,0 days 00:37:40.227000,2024-03-23 01:52:42.327,1,,False,,False,True,78.477,78.477
263,0 days 00:40:59.324000,HUL,27,0 days 00:02:00.620000,4.0,1.0,,,44.234,27.975,48.411,0 days 00:39:42.938000,0 days 00:40:10.913000,0 days 00:40:59.324000,184.0,203.0,211.0,234.0,False,SOFT,4.0,True,Haas F1 Team,0 days 00:38:58.704000,2024-03-23 01:54:00.804,1,,False,,False,True,120.62,120.62
264,0 days 00:42:45.194000,HUL,27,0 days 00:01:45.870000,5.0,1.0,,,38.815,26.573,40.482,0 days 00:41:38.139000,0 days 00:42:04.712000,0 days 00:42:45.194000,182.0,279.0,306.0,194.0,False,SOFT,5.0,True,Haas F1 Team,0 days 00:40:59.324000,2024-03-23 01:56:01.424,1,,False,,False,True,105.87,105.87
265,0 days 00:44:03.204000,HUL,27,0 days 00:01:18.010000,6.0,1.0,,,27.157,17.58,33.273,0 days 00:43:12.351000,0 days 00:43:29.931000,0 days 00:44:03.204000,287.0,320.0,307.0,324.0,True,SOFT,6.0,True,Haas F1 Team,0 days 00:42:45.194000,2024-03-23 01:57:47.294,1,,False,,False,True,78.01,78.00999999999999
266,0 days 00:45:45.153000,HUL,27,0 days 00:01:41.949000,7.0,1.0,,0 days 00:45:33.517000,33.153,20.544,48.252,0 days 00:44:36.357000,0 days 00:44:56.901000,0 days 00:45:45.153000,255.0,273.0,,237.0,False,SOFT,7.0,True,Haas F1 Team,0 days 00:44:03.204000,2024-03-23 01:59:05.304,1,,False,,False,False,101.949,101.94900000000001
267,0 days 00:58:49.840000,HUL,27,,8.0,2.0,0 days 00:45:48.143000,0 days 00:47:30.555000,49.975,20.916,,0 days 00:46:35.399000,0 days 00:46:56.254000,,250.0,299.0,,226.0,False,SOFT,8.0,False,Haas F1 Team,0 days 00:45:45.153000,2024-03-23 02:00:47.253,1,,False,,False,False,,
268,0 days 01:00:22.887000,HUL,27,0 days 00:01:33.047000,9.0,3.0,0 days 00:58:51.832000,,34.855,19.06,39.132,0 days 00:59:24.695000,0 days 00:59:43.755000,0 days 01:00:22.887000,261.0,291.0,308.0,221.0,False,SOFT,1.0,True,Haas F1 Team,0 days 00:58:49.840000,2024-03-23 02:13:51.940,1,,False,,False,False,93.047,93.047
269,0 days 01:02:07.991000,HUL,27,0 days 00:01:45.104000,10.0,3.0,,,36.667,24.012,44.425,0 days 01:00:59.554000,0 days 01:01:23.566000,0 days 01:02:07.991000,191.0,264.0,307.0,326.0,False,SOFT,2.0,True,Haas F1 Team,0 days 01:00:22.887000,2024-03-23 02:15:24.987,1,,False,,False,True,105.104,105.104
270,0 days 01:03:25.973000,HUL,27,0 days 00:01:17.982000,11.0,3.0,,,26.944,17.545,33.493,0 days 01:02:34.935000,0 days 01:02:52.480000,0 days 01:03:25.973000,286.0,323.0,306.0,324.0,True,SOFT,3.0,True,Haas F1 Team,0 days 01:02:07.991000,2024-03-23 02:17:10.091,1,,False,,False,True,77.982,77.982
271,0 days 01:05:38.890000,HUL,27,0 days 00:02:12.917000,12.0,3.0,,,41.22,33.005,58.692,0 days 01:04:07.193000,0 days 01:04:40.198000,0 days 01:05:38.890000,163.0,152.0,307.0,225.0,False,SOFT,4.0,True,Haas F1 Team,0 days 01:03:25.973000,2024-03-23 02:18:28.073,1,,False,,False,True,132.917,132.917
272,0 days 01:06:56.831000,HUL,27,0 days 00:01:17.941000,13.0,3.0,,,27.015,17.592,33.334,0 days 01:06:05.905000,0 days 01:06:23.497000,0 days 01:06:56.831000,286.0,323.0,304.0,324.0,True,SOFT,5.0,True,Haas F1 Team,0 days 01:05:38.890000,2024-03-23 02:20:40.990,1,,False,,False,True,77.941,77.941
273,0 days 01:13:55.154000,HUL,27,,14.0,3.0,,0 days 01:08:22.784000,31.212,19.138,,0 days 01:07:28.297000,0 days 01:07:47.509000,,260.0,301.0,,252.0,False,SOFT,6.0,True,Haas F1 Team,0 days 01:06:56.831000,2024-03-23 02:21:58.931,1,,False,,False,False,,
274,0 days 01:15:42.867000,HUL,27,0 days 00:01:47.713000,15.0,4.0,0 days 01:13:57.745000,,51.035,20.218,36.46,0 days 01:14:46.189000,0 days 01:15:06.407000,0 days 01:15:42.867000,198.0,296.0,275.0,194.0,False,SOFT,7.0,False,Haas F1 Team,0 days 01:13:55.154000,2024-03-23 02:28:57.254,1,,False,,False,False,107.713,107.713
275,0 days 01:17:50.048000,HUL,27,0 days 00:02:07.181000,16.0,4.0,,,33.74,23.085,70.356,0 days 01:16:16.607000,0 days 01:16:39.692000,0 days 01:17:50.048000,215.0,219.0,7.0,277.0,False,SOFT,8.0,False,Haas F1 Team,0 days 01:15:42.867000,2024-03-23 02:30:44.967,1,,False,,False,True,127.181,127.181
276,0 days 01:19:16.931000,HUL,27,,17.0,4.0,,0 days 01:19:16.931000,32.414,19.49,,0 days 01:18:22.627000,0 days 01:18:42.198000,,254.0,295.0,,243.0,False,SOFT,9.0,False,Haas F1 Team,0 days 01:17:50.048000,2024-03-23 02:32:52.148,1,,False,,False,False,,
277,0 days 00:35:48.895000,OCO,31,0 days 00:01:40.271000,1.0,1.0,0 days 00:34:10.523000,,41.403,19.998,38.87,0 days 00:34:50.204000,0 days 00:35:10.274000,0 days 00:35:48.940000,262.0,296.0,298.0,156.0,False,SOFT,1.0,True,Alpine,0 days 00:34:10.523000,2024-03-23 01:49:12.623,1,,False,,False,False,100.271,100.27099999999999
278,0 days 00:37:31.416000,OCO,31,0 days 00:01:42.521000,2.0,1.0,,,31.085,19.718,51.718,0 days 00:36:19.980000,0 days 00:36:39.698000,0 days 00:37:31.416000,261.0,299.0,303.0,292.0,True,SOFT,2.0,True,Alpine,0 days 00:35:48.895000,2024-03-23 01:50:50.995,1,,False,,False,True,102.521,102.521
279,0 days 00:38:51.183000,OCO,31,0 days 00:01:19.767000,3.0,1.0,,,27.865,18.022,33.88,0 days 00:37:59.281000,0 days 00:38:17.303000,0 days 00:38:51.183000,280.0,315.0,302.0,321.0,True,SOFT,3.0,True,Alpine,0 days 00:37:31.416000,2024-03-23 01:52:33.516,1,,False,,False,True,79.767,79.767
280,0 days 00:40:48.683000,OCO,31,0 days 00:01:57.500000,4.0,1.0,,,37.766,25.003,54.731,0 days 00:39:28.949000,0 days 00:39:53.952000,0 days 00:40:48.683000,193.0,223.0,301.0,262.0,False,SOFT,4.0,True,Alpine,0 days 00:38:51.183000,2024-03-23 01:53:53.283,1,,False,,False,True,117.5,117.5
281,0 days 00:42:07.568000,OCO,31,0 days 00:01:18.885000,5.0,1.0,,,27.425,17.807,33.653,0 days 00:41:16.108000,0 days 00:41:33.915000,0 days 00:42:07.568000,281.0,315.0,305.0,320.0,True,SOFT,5.0,True,Alpine,0 days 00:40:48.683000,2024-03-23 01:55:50.783,1,,False,,False,True,78.885,78.88499999999999
282,0 days 00:43:56.873000,OCO,31,0 days 00:01:49.305000,6.0,1.0,,,38.868,26.389,44.048,0 days 00:42:46.436000,0 days 00:43:12.825000,0 days 00:43:56.873000,168.0,232.0,304.0,274.0,False,SOFT,6.0,True,Alpine,0 days 00:42:07.568000,2024-03-23 01:57:09.668,1,,False,,False,True,109.305,109.305
283,0 days 00:45:15.353000,OCO,31,0 days 00:01:18.480000,7.0,1.0,,,27.235,17.863,33.382,0 days 00:44:24.108000,0 days 00:44:41.971000,0 days 00:45:15.353000,284.0,315.0,305.0,321.0,True,SOFT,7.0,True,Alpine,0 days 00:43:56.873000,2024-03-23 01:58:58.973,1,,False,,False,True,78.48,78.47999999999999
284,0 days 01:02:56.392000,OCO,31,,8.0,1.0,,0 days 00:46:57.185000,37.729,22.479,,0 days 00:45:53.219000,0 days 00:46:15.643000,,228.0,232.0,,293.0,False,SOFT,8.0,True,Alpine,0 days 00:45:15.353000,2024-03-23 02:00:17.453,1,,False,,False,False,,
285,0 days 01:04:35.978000,OCO,31,0 days 00:01:39.586000,9.0,2.0,0 days 01:02:58.469000,,40.359,19.995,39.232,0 days 01:03:36.751000,0 days 01:03:56.746000,0 days 01:04:35.978000,251.0,299.0,299.0,151.0,False,SOFT,1.0,True,Alpine,0 days 01:02:56.392000,2024-03-23 02:17:58.492,1,,False,,False,False,99.586,99.586
286,0 days 01:06:03.373000,OCO,31,0 days 00:01:27.395000,10.0,2.0,,,30.56,19.426,37.409,0 days 01:05:06.538000,0 days 01:05:25.964000,0 days 01:06:03.373000,259.0,298.0,305.0,284.0,False,SOFT,2.0,True,Alpine,0 days 01:04:35.978000,2024-03-23 02:19:38.078,1,,False,,False,True,87.395,87.395
287,0 days 01:07:21.768000,OCO,31,0 days 00:01:18.395000,11.0,2.0,,,27.073,17.698,33.624,0 days 01:06:30.446000,0 days 01:06:48.144000,0 days 01:07:21.768000,285.0,319.0,304.0,322.0,True,SOFT,3.0,True,Alpine,0 days 01:06:03.373000,2024-03-23 02:21:05.473,1,,False,,False,True,78.395,78.39500000000001
288,0 days 01:09:07.006000,OCO,31,0 days 00:01:45.238000,12.0,2.0,,,39.609,22.267,43.362,0 days 01:08:01.377000,0 days 01:08:23.644000,0 days 01:09:07.006000,221.0,237.0,237.0,149.0,False,SOFT,4.0,True,Alpine,0 days 01:07:21.768000,2024-03-23 02:22:23.868,1,,False,,False,True,105.238,105.238
289,0 days 01:10:51.413000,OCO,31,0 days 00:01:44.407000,13.0,2.0,,,36.554,23.482,44.371,0 days 01:09:43.560000,0 days 01:10:07.042000,0 days 01:10:51.413000,197.0,239.0,306.0,230.0,False,SOFT,5.0,True,Alpine,0 days 01:09:07.006000,2024-03-23 02:24:09.106,1,,False,,False,True,104.407,104.40700000000001
290,0 days 01:12:09.333000,OCO,31,0 days 00:01:17.920000,14.0,2.0,,,26.896,17.652,33.372,0 days 01:11:18.309000,0 days 01:11:35.961000,0 days 01:12:09.333000,285.0,317.0,304.0,323.0,True,SOFT,6.0,True,Alpine,0 days 01:10:51.413000,2024-03-23 02:25:53.513,1,,False,,False,True,77.92,77.92
291,0 days 01:13:58.438000,OCO,31,0 days 00:01:49.105000,15.0,2.0,,,40.571,25.617,42.917,0 days 01:12:49.904000,0 days 01:13:15.521000,0 days 01:13:58.438000,189.0,207.0,305.0,290.0,False,SOFT,7.0,True,Alpine,0 days 01:12:09.333000,2024-03-23 02:27:11.433,1,,False,,False,True,109.105,109.105
292,0 days 01:15:16.724000,OCO,31,0 days 00:01:18.286000,16.0,2.0,,,27.093,17.706,33.487,0 days 01:14:25.531000,0 days 01:14:43.237000,0 days 01:15:16.724000,284.0,317.0,305.0,323.0,False,SOFT,8.0,True,Alpine,0 days 01:13:58.438000,2024-03-23 02:29:00.538,1,,False,,False,True,78.286,78.286
293,0 days 01:17:33.652000,OCO,31,0 days 00:02:16.928000,17.0,2.0,,,36.773,24.326,75.829,0 days 01:15:53.497000,0 days 01:16:17.823000,0 days 01:17:33.652000,201.0,214.0,103.0,257.0,False,SOFT,9.0,True,Alpine,0 days 01:15:16.724000,2024-03-23 02:30:18.824,1,,False,,False,True,136.928,136.928
294,0 days 01:18:58.679000,OCO,31,,18.0,2.0,,0 days 01:18:58.679000,30.033,18.476,,0 days 01:18:03.875000,0 days 01:18:22.409000,,277.0,296.0,,259.0,False,SOFT,10.0,True,Alpine,0 days 01:17:33.652000,2024-03-23 02:32:35.752,1,,False,,False,False,,
295,0 days 00:31:47.294000,HAM,44,0 days 00:01:41.274000,1.0,1.0,0 days 00:30:07.996000,,42.812,19.843,38.619,0 days 00:30:48.968000,0 days 00:31:08.786000,0 days 00:31:47.338000,185.0,301.0,301.0,196.0,False,SOFT,1.0,True,Mercedes,0 days 00:30:07.996000,2024-03-23 01:45:10.096,1,,False,,False,False,101.274,101.274
296,0 days 00:33:05.954000,HAM,44,0 days 00:01:18.660000,2.0,1.0,,,27.501,17.897,33.262,0 days 00:32:14.795000,0 days 00:32:32.692000,0 days 00:33:05.954000,281.0,310.0,303.0,315.0,True,SOFT,2.0,True,Mercedes,0 days 00:31:47.294000,2024-03-23 01:46:49.394,12,,False,,False,True,78.66,78.66
297,0 days 00:35:39.097000,HAM,44,,3.0,1.0,,0 days 00:35:15.114000,43.461,35.197,74.478,0 days 00:33:49.625000,0 days 00:34:24.790000,0 days 00:35:39.097000,127.0,182.0,,312.0,False,SOFT,3.0,True,Mercedes,0 days 00:33:05.954000,2024-03-23 01:48:08.054,1,,False,,False,False,,153.136
298,0 days 00:37:45.261000,HAM,44,0 days 00:02:06.164000,4.0,2.0,0 days 00:35:42.977000,,54.759,21.756,49.649,0 days 00:36:33.856000,0 days 00:36:55.612000,0 days 00:37:45.261000,227.0,274.0,306.0,136.0,False,SOFT,4.0,False,Mercedes,0 days 00:35:39.097000,2024-03-23 01:50:41.197,1,,False,,False,False,126.164,126.164
299,0 days 00:39:03.355000,HAM,44,0 days 00:01:18.094000,5.0,2.0,,,27.208,17.761,33.125,0 days 00:38:12.469000,0 days 00:38:30.230000,0 days 00:39:03.355000,281.0,315.0,301.0,320.0,True,SOFT,5.0,False,Mercedes,0 days 00:37:45.261000,2024-03-23 01:52:47.361,1,,False,,False,True,78.094,78.094
300,0 days 00:41:50.045000,HAM,44,,6.0,2.0,,0 days 00:41:08.710000,40.798,33.013,92.976,0 days 00:39:44.245000,0 days 00:40:17.194000,0 days 00:41:50.478000,139.0,189.0,,211.0,False,SOFT,6.0,False,Mercedes,0 days 00:39:03.355000,2024-03-23 01:54:05.455,1,,False,,False,False,,166.787
301,0 days 00:43:37.780000,HAM,44,0 days 00:01:47.735000,7.0,3.0,0 days 00:41:52.528000,,47.657,21.197,38.881,0 days 00:42:37.702000,0 days 00:42:58.899000,0 days 00:43:37.780000,248.0,296.0,305.0,149.0,False,SOFT,7.0,False,Mercedes,0 days 00:41:50.045000,2024-03-23 01:56:52.145,1,,False,,False,False,107.735,107.735
302,0 days 00:44:55.334000,HAM,44,0 days 00:01:17.554000,8.0,3.0,,,26.75,17.567,33.237,0 days 00:44:04.530000,0 days 00:44:22.097000,0 days 00:44:55.334000,286.0,314.0,304.0,320.0,True,SOFT,8.0,False,Mercedes,0 days 00:43:37.780000,2024-03-23 01:58:39.880,1,,False,,False,True,77.554,77.554
303,0 days 00:56:19.618000,HAM,44,,9.0,3.0,,0 days 00:46:21.658000,34.697,18.215,,0 days 00:45:30.313000,0 days 00:45:48.505000,,240.0,297.0,,227.0,False,SOFT,9.0,False,Mercedes,0 days 00:44:55.334000,2024-03-23 01:59:57.434,1,,False,,False,False,,
304,0 days 00:58:03.846000,HAM,44,0 days 00:01:44.228000,10.0,4.0,0 days 00:56:21.710000,,41.751,20.829,41.648,0 days 00:57:01.369000,0 days 00:57:22.198000,0 days 00:58:03.846000,244.0,293.0,305.0,174.0,False,SOFT,1.0,True,Mercedes,0 days 00:56:19.618000,2024-03-23 02:11:21.718,1,,False,,False,False,104.228,104.22800000000001
305,0 days 01:00:08.868000,HAM,44,0 days 00:02:05.022000,11.0,4.0,,,36.785,36.146,52.091,0 days 00:58:40.631000,0 days 00:59:16.777000,0 days 01:00:08.868000,126.0,149.0,200.0,320.0,False,SOFT,2.0,True,Mercedes,0 days 00:58:03.846000,2024-03-23 02:13:05.946,1,,False,,False,True,125.022,125.02199999999999
306,0 days 01:01:51.226000,HAM,44,0 days 00:01:42.358000,12.0,4.0,,,40.339,22.451,39.568,0 days 01:00:49.207000,0 days 01:01:11.658000,0 days 01:01:51.226000,194.0,298.0,305.0,244.0,False,SOFT,3.0,True,Mercedes,0 days 01:00:08.868000,2024-03-23 02:15:10.968,1,,False,,False,True,102.358,102.358
307,0 days 01:03:08.032000,HAM,44,0 days 00:01:16.806000,13.0,4.0,,,26.653,17.522,32.631,0 days 01:02:17.879000,0 days 01:02:35.401000,0 days 01:03:08.032000,286.0,315.0,304.0,319.0,True,SOFT,4.0,True,Mercedes,0 days 01:01:51.226000,2024-03-23 02:16:53.326,1,,False,,False,True,76.806,76.806
308,0 days 01:05:50.635000,HAM,44,,14.0,4.0,,0 days 01:05:26.263000,45.358,36.448,80.778,0 days 01:03:53.614000,0 days 01:04:30.192000,0 days 01:05:50.836000,128.0,156.0,,217.0,False,SOFT,5.0,True,Mercedes,0 days 01:03:08.032000,2024-03-23 02:18:10.132,1,,False,,False,False,,162.584
309,0 days 01:07:50.969000,HAM,44,0 days 00:02:00.334000,15.0,5.0,0 days 01:05:53.627000,,56.668,23.266,40.4,0 days 01:06:47.303000,0 days 01:07:10.569000,0 days 01:07:50.969000,159.0,279.0,308.0,106.0,False,SOFT,6.0,False,Mercedes,0 days 01:05:50.635000,2024-03-23 02:20:52.735,1,,False,,False,False,120.334,120.334
310,0 days 01:09:07.958000,HAM,44,0 days 00:01:16.989000,16.0,5.0,,,26.627,17.484,32.878,0 days 01:08:17.596000,0 days 01:08:35.080000,0 days 01:09:07.958000,285.0,313.0,297.0,324.0,False,SOFT,7.0,False,Mercedes,0 days 01:07:50.969000,2024-03-23 02:22:53.069,1,,False,,False,True,76.989,76.989
311,0 days 01:11:27.775000,HAM,44,0 days 00:02:19.817000,17.0,5.0,,,49.366,32.551,57.9,0 days 01:09:57.324000,0 days 01:10:29.875000,0 days 01:11:27.775000,144.0,183.0,167.0,209.0,False,SOFT,8.0,False,Mercedes,0 days 01:09:07.958000,2024-03-23 02:24:10.058,1,,False,,False,True,139.817,139.817
312,0 days 01:13:24.684000,HAM,44,0 days 00:01:56.909000,18.0,5.0,,,51.602,26.643,38.664,0 days 01:12:19.377000,0 days 01:12:46.020000,0 days 01:13:24.684000,137.0,272.0,303.0,176.0,False,SOFT,9.0,False,Mercedes,0 days 01:11:27.775000,2024-03-23 02:26:29.875,1,,False,,False,True,116.909,116.909
313,0 days 01:14:42.336000,HAM,44,0 days 00:01:17.652000,19.0,5.0,,,26.904,17.552,33.196,0 days 01:13:51.588000,0 days 01:14:09.140000,0 days 01:14:42.336000,282.0,317.0,293.0,318.0,False,SOFT,10.0,False,Mercedes,0 days 01:13:24.684000,2024-03-23 02:28:26.784,1,,False,,False,True,77.652,77.652
314,0 days 01:16:16.195000,HAM,44,,20.0,5.0,,0 days 01:16:16.195000,38.708,21.573,,0 days 01:15:21.312000,0 days 01:15:42.850000,,198.0,300.0,,234.0,False,SOFT,11.0,False,Mercedes,0 days 01:14:42.336000,2024-03-23 02:29:44.436,1,,False,,False,False,,
315,0 days 00:26:35.035000,SAI,55,0 days 00:01:37.039000,1.0,1.0,0 days 00:25:00.071000,,40.831,19.531,36.677,0 days 00:25:39.049000,0 days 00:25:58.639000,0 days 00:26:35.278000,257.0,294.0,299.0,170.0,False,MEDIUM,1.0,True,Ferrari,0 days 00:25:00.071000,2024-03-23 01:40:02.171,1,,False,,False,False,97.039,97.039
316,0 days 00:27:53.479000,SAI,55,0 days 00:01:18.444000,2.0,1.0,,,27.287,18.087,33.07,0 days 00:27:02.322000,0 days 00:27:20.409000,0 days 00:27:53.479000,281.0,310.0,300.0,315.0,True,MEDIUM,2.0,True,Ferrari,0 days 00:26:35.035000,2024-03-23 01:41:37.135,1,,False,,False,True,78.444,78.44399999999999
317,0 days 00:30:09.756000,SAI,55,0 days 00:02:16.277000,3.0,1.0,,,54.2,34.11,47.967,0 days 00:28:47.679000,0 days 00:29:21.789000,0 days 00:30:09.756000,149.0,225.0,299.0,174.0,False,MEDIUM,3.0,True,Ferrari,0 days 00:27:53.479000,2024-03-23 01:42:55.579,1,,False,,False,True,136.277,136.277
318,0 days 00:31:27.313000,SAI,55,0 days 00:01:17.557000,4.0,1.0,,,26.876,17.795,32.886,0 days 00:30:36.632000,0 days 00:30:54.427000,0 days 00:31:27.313000,282.0,312.0,300.0,315.0,True,MEDIUM,4.0,True,Ferrari,0 days 00:30:09.756000,2024-03-23 01:45:11.856,1,,False,,False,True,77.557,77.55700000000002
319,0 days 00:33:46.017000,SAI,55,0 days 00:02:18.704000,5.0,1.0,,,48.842,38.207,51.655,0 days 00:32:16.155000,0 days 00:32:54.362000,0 days 00:33:46.017000,161.0,133.0,304.0,189.0,False,MEDIUM,5.0,True,Ferrari,0 days 00:31:27.313000,2024-03-23 01:46:29.413,12,,False,,False,True,138.704,138.704
320,0 days 00:35:02.808000,SAI,55,0 days 00:01:16.791000,6.0,1.0,,,26.703,17.584,32.504,0 days 00:34:12.720000,0 days 00:34:30.304000,0 days 00:35:02.808000,285.0,316.0,302.0,320.0,True,MEDIUM,6.0,True,Ferrari,0 days 00:33:46.017000,2024-03-23 01:48:48.117,1,,False,,False,True,76.791,76.791
321,0 days 00:44:57.893000,SAI,55,,7.0,1.0,,0 days 00:36:43.698000,35.259,24.038,,0 days 00:35:38.297000,0 days 00:36:02.343000,,212.0,198.0,,240.0,False,MEDIUM,7.0,True,Ferrari,0 days 00:35:02.808000,2024-03-23 01:50:04.908,1,,False,,False,False,,
322,0 days 00:46:53.154000,SAI,55,0 days 00:01:55.261000,8.0,2.0,0 days 00:45:00.999000,,56.906,19.207,39.148,0 days 00:45:54.799000,0 days 00:46:14.006000,0 days 00:46:53.154000,263.0,286.0,288.0,189.0,False,MEDIUM,8.0,False,Ferrari,0 days 00:44:57.893000,2024-03-23 01:59:59.993,1,,False,,False,False,115.261,115.261
323,0 days 00:48:14.849000,SAI,55,0 days 00:01:21.695000,9.0,2.0,,,28.312,18.531,34.852,0 days 00:47:21.466000,0 days 00:47:39.997000,0 days 00:48:14.849000,273.0,289.0,288.0,291.0,False,MEDIUM,9.0,False,Ferrari,0 days 00:46:53.154000,2024-03-23 02:01:55.254,1,,False,,False,True,81.695,81.695
324,0 days 00:49:36.853000,SAI,55,0 days 00:01:22.004000,10.0,2.0,,,28.484,18.544,34.976,0 days 00:48:43.333000,0 days 00:49:01.877000,0 days 00:49:36.853000,270.0,291.0,287.0,289.0,False,MEDIUM,10.0,False,Ferrari,0 days 00:48:14.849000,2024-03-23 02:03:16.949,1,,False,,False,True,82.004,82.004
325,0 days 00:50:58.382000,SAI,55,0 days 00:01:21.529000,11.0,2.0,,,28.373,18.533,34.623,0 days 00:50:05.226000,0 days 00:50:23.759000,0 days 00:50:58.382000,272.0,288.0,288.0,290.0,False,MEDIUM,11.0,False,Ferrari,0 days 00:49:36.853000,2024-03-23 02:04:38.953,1,,False,,False,True,81.529,81.529
326,0 days 00:52:19.806000,SAI,55,0 days 00:01:21.424000,12.0,2.0,,,28.158,18.491,34.775,0 days 00:51:26.540000,0 days 00:51:45.031000,0 days 00:52:19.806000,271.0,287.0,287.0,290.0,False,MEDIUM,12.0,False,Ferrari,0 days 00:50:58.382000,2024-03-23 02:06:00.482,1,,False,,False,True,81.424,81.424
327,0 days 01:05:43.173000,SAI,55,,13.0,2.0,,0 days 00:53:39.655000,28.175,18.49,,0 days 00:52:48.102000,0 days 00:53:06.626000,,268.0,287.0,,289.0,False,MEDIUM,13.0,False,Ferrari,0 days 00:52:19.806000,2024-03-23 02:07:21.906,1,,False,,False,False,,
328,0 days 01:07:22.790000,SAI,55,0 days 00:01:39.617000,14.0,3.0,0 days 01:05:45.466000,,38.593,18.9,42.124,0 days 01:06:21.766000,0 days 01:06:40.666000,0 days 01:07:22.790000,260.0,294.0,308.0,188.0,False,SOFT,1.0,True,Ferrari,0 days 01:05:43.173000,2024-03-23 02:20:45.273,1,,False,,False,False,99.617,99.617
329,0 days 01:08:39.638000,SAI,55,0 days 00:01:16.848000,15.0,3.0,,,26.579,17.626,32.643,0 days 01:07:49.369000,0 days 01:08:06.995000,0 days 01:08:39.638000,285.0,314.0,304.0,324.0,False,SOFT,2.0,True,Ferrari,0 days 01:07:22.790000,2024-03-23 02:22:24.890,1,,False,,False,True,76.848,76.848
330,0 days 01:10:54.283000,SAI,55,0 days 00:02:14.645000,16.0,3.0,,0 days 01:10:42.686000,43.928,26.873,63.844,0 days 01:09:23.566000,0 days 01:09:50.439000,0 days 01:10:54.283000,155.0,186.0,,200.0,False,SOFT,3.0,True,Ferrari,0 days 01:08:39.638000,2024-03-23 02:23:41.738,1,,False,,False,False,134.645,134.645
331,0 days 01:13:13.516000,SAI,55,0 days 00:02:19.233000,17.0,4.0,0 days 01:10:57.323000,,65.944,25.987,47.302,0 days 01:12:00.227000,0 days 01:12:26.214000,0 days 01:13:13.516000,169.0,272.0,305.0,118.0,False,SOFT,4.0,False,Ferrari,0 days 01:10:54.283000,2024-03-23 02:25:56.383,1,,False,,False,False,139.233,139.233
332,0 days 01:14:30.385000,SAI,55,0 days 00:01:16.869000,18.0,4.0,,,26.558,17.619,32.692,0 days 01:13:40.074000,0 days 01:13:57.693000,0 days 01:14:30.385000,280.0,317.0,306.0,322.0,False,SOFT,5.0,False,Ferrari,0 days 01:13:13.516000,2024-03-23 02:28:15.616,1,,False,,False,True,76.869,76.869
333,0 days 01:17:18.167000,SAI,55,,19.0,4.0,,,50.203,31.667,85.923,0 days 01:15:20.760000,0 days 01:15:52.391000,0 days 01:17:18.167000,164.0,177.0,5.0,202.0,False,SOFT,6.0,False,Ferrari,0 days 01:14:30.385000,2024-03-23 02:29:32.485,1,,False,,False,False,,167.793
334,0 days 01:18:55.627000,SAI,55,,20.0,4.0,,0 days 01:18:55.627000,36.233,21.456,,0 days 01:17:54.476000,0 days 01:18:16.027000,,224.0,255.0,,204.0,False,SOFT,7.0,False,Ferrari,0 days 01:17:18.167000,2024-03-23 02:32:20.267,1,,False,,False,False,,
335,0 days 00:33:03.372000,RUS,63,0 days 00:01:40.774000,1.0,1.0,0 days 00:31:24.506000,,39.914,19.673,41.187,0 days 00:32:02.785000,0 days 00:32:22.439000,0 days 00:33:03.498000,263.0,296.0,276.0,187.0,False,SOFT,1.0,True,Mercedes,0 days 00:31:24.506000,2024-03-23 01:46:26.606,12,,False,,False,False,100.774,100.774
336,0 days 00:34:35.616000,RUS,63,0 days 00:01:32.244000,2.0,1.0,,,32.669,20.618,38.957,0 days 00:33:36.041000,0 days 00:33:56.659000,0 days 00:34:35.616000,261.0,291.0,301.0,276.0,True,SOFT,2.0,True,Mercedes,0 days 00:33:03.372000,2024-03-23 01:48:05.472,1,,False,,False,True,92.244,92.244
337,0 days 00:35:54.060000,RUS,63,0 days 00:01:18.444000,3.0,1.0,,,27.202,17.736,33.506,0 days 00:35:02.818000,0 days 00:35:20.554000,0 days 00:35:54.060000,282.0,313.0,303.0,315.0,True,SOFT,3.0,True,Mercedes,0 days 00:34:35.616000,2024-03-23 01:49:37.716,1,,False,,False,True,78.444,78.444
338,0 days 00:38:01.270000,RUS,63,0 days 00:02:07.210000,4.0,1.0,,,46.236,30.631,50.343,0 days 00:36:40.296000,0 days 00:37:10.927000,0 days 00:38:01.270000,111.0,198.0,219.0,235.0,False,SOFT,4.0,True,Mercedes,0 days 00:35:54.060000,2024-03-23 01:50:56.160,1,,False,,False,True,127.21,127.21
339,0 days 00:39:41.096000,RUS,63,0 days 00:01:39.826000,5.0,1.0,,,38.124,22.43,39.272,0 days 00:38:39.394000,0 days 00:39:01.824000,0 days 00:39:41.096000,241.0,290.0,302.0,218.0,False,SOFT,5.0,True,Mercedes,0 days 00:38:01.270000,2024-03-23 01:53:03.370,1,,False,,False,True,99.826,99.826
340,0 days 00:40:59.122000,RUS,63,0 days 00:01:18.026000,6.0,1.0,,,26.942,17.747,33.337,0 days 00:40:08.038000,0 days 00:40:25.785000,0 days 00:40:59.122000,282.0,313.0,306.0,316.0,True,SOFT,6.0,True,Mercedes,0 days 00:39:41.096000,2024-03-23 01:54:43.196,1,,False,,False,True,78.026,78.02600000000001
341,0 days 00:43:06.569000,RUS,63,0 days 00:02:07.447000,7.0,1.0,,,44.505,28.14,54.802,0 days 00:41:43.627000,0 days 00:42:11.767000,0 days 00:43:06.569000,146.0,218.0,199.0,240.0,False,SOFT,7.0,True,Mercedes,0 days 00:40:59.122000,2024-03-23 01:56:01.222,1,,False,,False,True,127.447,127.447
342,0 days 00:45:02.677000,RUS,63,0 days 00:01:56.108000,8.0,1.0,,,44.411,26.759,44.938,0 days 00:43:50.980000,0 days 00:44:17.739000,0 days 00:45:02.677000,198.0,185.0,301.0,184.0,False,SOFT,8.0,True,Mercedes,0 days 00:43:06.569000,2024-03-23 01:58:08.669,1,,False,,False,True,116.108,116.108
343,0 days 00:46:20.129000,RUS,63,0 days 00:01:17.452000,9.0,1.0,,,26.763,17.709,32.98,0 days 00:45:29.440000,0 days 00:45:47.149000,0 days 00:46:20.129000,282.0,309.0,304.0,315.0,True,SOFT,9.0,True,Mercedes,0 days 00:45:02.677000,2024-03-23 02:00:04.777,1,,False,,False,True,77.452,77.452
344,0 days 00:55:21.324000,RUS,63,,10.0,1.0,,0 days 00:48:00.458000,34.168,25.181,,0 days 00:46:54.457000,0 days 00:47:19.602000,,199.0,198.0,,241.0,False,SOFT,10.0,True,Mercedes,0 days 00:46:20.129000,2024-03-23 02:01:22.229,1,,False,,False,False,,
345,0 days 00:56:58.202000,RUS,63,0 days 00:01:36.878000,11.0,2.0,0 days 00:55:23.433000,,37.08,20.706,39.092,0 days 00:55:58.404000,0 days 00:56:19.110000,0 days 00:56:58.202000,272.0,282.0,303.0,207.0,False,SOFT,1.0,True,Mercedes,0 days 00:55:21.324000,2024-03-23 02:10:23.424,1,,False,,False,False,96.878,96.878
346,0 days 00:58:50.117000,RUS,63,0 days 00:01:51.915000,12.0,2.0,,,35.146,25.823,50.946,0 days 00:57:33.348000,0 days 00:57:59.171000,0 days 00:58:50.117000,175.0,249.0,304.0,317.0,False,SOFT,2.0,True,Mercedes,0 days 00:56:58.202000,2024-03-23 02:12:00.302,1,,False,,False,True,111.915,111.91499999999999
347,0 days 01:00:10.531000,RUS,63,0 days 00:01:20.414000,13.0,2.0,,,26.819,17.613,35.982,0 days 00:59:16.936000,0 days 00:59:34.549000,0 days 01:00:10.531000,285.0,313.0,244.0,318.0,False,SOFT,3.0,True,Mercedes,0 days 00:58:50.117000,2024-03-23 02:13:52.217,1,,False,,False,True,80.414,80.414
348,0 days 01:02:16.149000,RUS,63,0 days 00:02:05.618000,14.0,2.0,,,44.984,28.623,52.011,0 days 01:00:55.515000,0 days 01:01:24.138000,0 days 01:02:16.149000,153.0,198.0,199.0,223.0,False,SOFT,4.0,True,Mercedes,0 days 01:00:10.531000,2024-03-23 02:15:12.631,1,,False,,False,True,125.618,125.618
349,0 days 01:04:09.205000,RUS,63,0 days 00:01:53.056000,15.0,2.0,,,41.647,24.873,46.536,0 days 01:02:57.796000,0 days 01:03:22.669000,0 days 01:04:09.205000,179.0,287.0,304.0,199.0,False,SOFT,5.0,True,Mercedes,0 days 01:02:16.149000,2024-03-23 02:17:18.249,1,,False,,False,True,113.056,113.056
350,0 days 01:05:26.217000,RUS,63,0 days 00:01:17.012000,16.0,2.0,,,26.712,17.581,32.719,0 days 01:04:35.917000,0 days 01:04:53.498000,0 days 01:05:26.217000,284.0,311.0,307.0,318.0,True,SOFT,6.0,True,Mercedes,0 days 01:04:09.205000,2024-03-23 02:19:11.305,1,,False,,False,True,77.012,77.012
351,0 days 01:07:28.804000,RUS,63,0 days 00:02:02.587000,17.0,2.0,,,33.624,24.37,64.593,0 days 01:05:59.841000,0 days 01:06:24.211000,0 days 01:07:28.804000,249.0,124.0,255.0,248.0,False,SOFT,7.0,True,Mercedes,0 days 01:05:26.217000,2024-03-23 02:20:28.317,1,,False,,False,True,122.587,122.587
352,0 days 01:09:21.406000,RUS,63,0 days 00:01:52.602000,18.0,2.0,,,44.923,24.416,43.263,0 days 01:08:13.727000,0 days 01:08:38.143000,0 days 01:09:21.406000,191.0,256.0,304.0,180.0,False,SOFT,8.0,True,Mercedes,0 days 01:07:28.804000,2024-03-23 02:22:30.904,1,,False,,False,True,112.602,112.602
353,0 days 01:10:38.292000,RUS,63,0 days 00:01:16.886000,19.0,2.0,,,26.548,17.636,32.702,0 days 01:09:47.954000,0 days 01:10:05.590000,0 days 01:10:38.292000,285.0,312.0,305.0,318.0,True,SOFT,9.0,True,Mercedes,0 days 01:09:21.406000,2024-03-23 02:24:23.506,1,,False,,False,True,76.886,76.886
354,0 days 01:14:32.567000,RUS,63,,20.0,2.0,,0 days 01:12:02.101000,29.827,19.549,,0 days 01:11:08.306000,0 days 01:11:27.890000,,259.0,289.0,,262.0,False,SOFT,10.0,True,Mercedes,0 days 01:10:38.292000,2024-03-23 02:25:40.392,1,,False,,False,False,,
355,0 days 01:16:31.199000,RUS,63,0 days 00:01:58.632000,21.0,3.0,0 days 01:14:35.493000,,56.905,20.668,41.059,0 days 01:15:29.472000,0 days 01:15:50.140000,0 days 01:16:31.199000,260.0,295.0,283.0,222.0,False,SOFT,11.0,False,Mercedes,0 days 01:14:32.567000,2024-03-23 02:29:34.667,1,,False,,False,False,118.632,118.632
356,0 days 01:18:40.521000,RUS,63,0 days 00:02:09.322000,22.0,3.0,,,36.301,23.265,69.756,0 days 01:17:07.500000,0 days 01:17:30.765000,0 days 01:18:40.521000,233.0,188.0,35.0,175.0,False,SOFT,12.0,False,Mercedes,0 days 01:16:31.199000,2024-03-23 02:31:33.299,1,,False,,False,True,129.322,129.322
357,0 days 01:20:32.010000,RUS,63,,23.0,3.0,,0 days 01:20:32.010000,57.004,19.382,,0 days 01:19:37.564000,0 days 01:19:56.951000,,262.0,284.0,,243.0,False,SOFT,13.0,False,Mercedes,0 days 01:18:40.521000,2024-03-23 02:33:42.621,1,,False,,False,False,,
358,0 days 00:18:40.385000,BOT,77,0 days 00:02:02.923000,1.0,1.0,0 days 00:16:39.251000,0 days 00:18:21.839000,42.536,20.791,59.596,0 days 00:17:20.052000,0 days 00:17:40.789000,0 days 00:18:40.449000,243.0,285.0,,189.0,False,MEDIUM,1.0,True,Kick Sauber,0 days 00:16:39.251000,2024-03-23 01:31:41.351,1,,False,,False,False,122.923,122.923
359,0 days 00:34:39.563000,BOT,77,,2.0,2.0,0 days 00:18:42.313000,0 days 00:20:19.425000,40.417,19.907,,0 days 00:19:20.846000,0 days 00:19:40.686000,,248.0,291.0,,209.0,False,HARD,1.0,True,Kick Sauber,0 days 00:18:40.385000,2024-03-23 01:33:42.485,12,,False,,False,False,,
360,0 days 00:36:13.475000,BOT,77,0 days 00:01:33.912000,3.0,3.0,0 days 00:34:41.633000,,37.756,19.03,37.126,0 days 00:35:17.319000,0 days 00:35:36.349000,0 days 00:36:13.475000,255.0,294.0,299.0,202.0,False,SOFT,1.0,True,Kick Sauber,0 days 00:34:39.563000,2024-03-23 01:49:41.663,1,,False,,False,False,93.912,93.912
361,0 days 00:37:33.094000,BOT,77,0 days 00:01:19.619000,4.0,3.0,,,27.63,18.083,33.906,0 days 00:36:41.105000,0 days 00:36:59.188000,0 days 00:37:33.094000,281.0,313.0,300.0,315.0,True,SOFT,2.0,True,Kick Sauber,0 days 00:36:13.475000,2024-03-23 01:51:15.575,1,,False,,False,True,79.619,79.619
362,0 days 00:39:30.103000,BOT,77,0 days 00:01:57.009000,5.0,3.0,,,42.526,23.179,51.304,0 days 00:38:15.620000,0 days 00:38:38.799000,0 days 00:39:30.103000,229.0,281.0,298.0,202.0,False,SOFT,3.0,True,Kick Sauber,0 days 00:37:33.094000,2024-03-23 01:52:35.194,1,,False,,False,True,117.009,117.009
363,0 days 00:40:49.466000,BOT,77,0 days 00:01:19.363000,6.0,3.0,,,27.604,18.044,33.715,0 days 00:39:57.707000,0 days 00:40:15.751000,0 days 00:40:49.466000,279.0,311.0,295.0,314.0,True,SOFT,4.0,True,Kick Sauber,0 days 00:39:30.103000,2024-03-23 01:54:32.203,1,,False,,False,True,79.363,79.363
364,0 days 00:42:54.964000,BOT,77,0 days 00:02:05.498000,7.0,3.0,,0 days 00:42:43.537000,39.292,24.359,61.847,0 days 00:41:28.758000,0 days 00:41:53.117000,0 days 00:42:54.964000,222.0,260.0,,249.0,False,SOFT,5.0,True,Kick Sauber,0 days 00:40:49.466000,2024-03-23 01:55:51.566,1,,False,,False,False,125.498,125.498
365,0 days 00:45:07.107000,BOT,77,0 days 00:02:12.143000,8.0,4.0,0 days 00:42:58.224000,,65.056,24.918,42.169,0 days 00:44:00.020000,0 days 00:44:24.938000,0 days 00:45:07.107000,223.0,290.0,298.0,126.0,False,SOFT,6.0,False,Kick Sauber,0 days 00:42:54.964000,2024-03-23 01:57:57.064,1,,False,,False,False,132.143,132.14299999999997
366,0 days 00:46:25.879000,BOT,77,0 days 00:01:18.772000,9.0,4.0,,,27.312,18.027,33.433,0 days 00:45:34.419000,0 days 00:45:52.446000,0 days 00:46:25.879000,283.0,313.0,299.0,315.0,True,SOFT,7.0,False,Kick Sauber,0 days 00:45:07.107000,2024-03-23 02:00:09.207,1,,False,,False,True,78.772,78.77199999999999
367,0 days 00:48:05.947000,BOT,77,0 days 00:01:40.068000,10.0,4.0,,,34.465,20.961,44.642,0 days 00:47:00.344000,0 days 00:47:21.305000,0 days 00:48:05.947000,242.0,221.0,291.0,259.0,False,SOFT,8.0,False,Kick Sauber,0 days 00:46:25.879000,2024-03-23 02:01:27.979,1,,False,,False,True,100.068,100.06800000000001
368,0 days 00:58:54.191000,BOT,77,,11.0,4.0,,0 days 00:49:32.676000,31.644,20.058,,0 days 00:48:37.873000,0 days 00:48:57.811000,,251.0,289.0,,216.0,False,SOFT,9.0,False,Kick Sauber,0 days 00:48:05.947000,2024-03-23 02:03:08.047,1,,False,,False,False,,
369,0 days 01:00:27.313000,BOT,77,0 days 00:01:33.122000,12.0,5.0,0 days 00:58:56.287000,,36.382,19.016,37.724,0 days 00:59:30.573000,0 days 00:59:49.589000,0 days 01:00:27.313000,256.0,296.0,305.0,213.0,False,SOFT,1.0,True,Kick Sauber,0 days 00:58:54.191000,2024-03-23 02:13:56.291,1,,False,,False,False,93.122,93.12199999999999
370,0 days 01:02:00.571000,BOT,77,0 days 00:01:33.258000,13.0,5.0,,,30.688,22.544,40.026,0 days 01:00:58.001000,0 days 01:01:20.545000,0 days 01:02:00.571000,231.0,289.0,304.0,321.0,False,SOFT,2.0,True,Kick Sauber,0 days 01:00:27.313000,2024-03-23 02:15:29.413,1,,False,,False,True,93.258,93.25800000000001
371,0 days 01:03:18.549000,BOT,77,0 days 00:01:17.978000,14.0,5.0,,,26.893,17.809,33.276,0 days 01:02:27.464000,0 days 01:02:45.273000,0 days 01:03:18.549000,284.0,317.0,299.0,320.0,True,SOFT,3.0,True,Kick Sauber,0 days 01:02:00.571000,2024-03-23 02:17:02.671,1,,False,,False,True,77.978,77.97800000000001
372,0 days 01:05:16.572000,BOT,77,0 days 00:01:58.023000,15.0,5.0,,,41.908,25.341,50.774,0 days 01:04:00.457000,0 days 01:04:25.798000,0 days 01:05:16.572000,236.0,235.0,304.0,172.0,False,SOFT,4.0,True,Kick Sauber,0 days 01:03:18.549000,2024-03-23 02:18:20.649,1,,False,,False,True,118.023,118.023
373,0 days 01:06:34.324000,BOT,77,0 days 00:01:17.752000,16.0,5.0,,,26.994,17.795,32.963,0 days 01:05:43.566000,0 days 01:06:01.361000,0 days 01:06:34.324000,283.0,315.0,299.0,320.0,True,SOFT,5.0,True,Kick Sauber,0 days 01:05:16.572000,2024-03-23 02:20:18.672,1,,False,,False,True,77.752,77.75200000000001
374,0 days 01:13:30.872000,BOT,77,,17.0,5.0,,0 days 01:08:05.656000,33.689,20.523,,0 days 01:07:08.274000,0 days 01:07:28.691000,,245.0,271.0,,255.0,False,SOFT,6.0,True,Kick Sauber,0 days 01:06:34.324000,2024-03-23 02:21:36.424,1,,False,,False,False,,
375,0 days 01:15:12.511000,BOT,77,0 days 00:01:41.639000,18.0,6.0,0 days 01:13:34.129000,,47.342,18.853,35.444,0 days 01:14:18.214000,0 days 01:14:37.067000,0 days 01:15:12.511000,262.0,282.0,281.0,195.0,False,SOFT,7.0,False,Kick Sauber,0 days 01:13:30.872000,2024-03-23 02:28:32.972,1,,False,,False,False,101.639,101.639
376,0 days 01:17:22.729000,BOT,77,0 days 00:02:10.218000,19.0,6.0,,,34.161,21.153,74.904,0 days 01:15:46.672000,0 days 01:16:07.825000,0 days 01:17:22.729000,244.0,274.0,35.0,215.0,False,SOFT,8.0,False,Kick Sauber,0 days 01:15:12.511000,2024-03-23 02:30:14.611,1,,False,,False,True,130.218,130.218
377,0 days 01:18:56.968000,BOT,77,,20.0,6.0,,0 days 01:18:56.968000,32.346,21.876,,0 days 01:17:55.218000,0 days 01:18:17.062000,,233.0,218.0,,252.0,False,SOFT,9.0,False,Kick Sauber,0 days 01:17:22.729000,2024-03-23 02:32:24.829,1,,False,,False,False,,
378,0 days 00:26:27.400000,PIA,81,,1.0,1.0,0 days 00:16:07.007000,0 days 00:18:06.560000,47.786,26.008,,0 days 00:16:53.058000,0 days 00:17:18.961000,,199.0,197.0,,168.0,False,HARD,1.0,True,McLaren,0 days 00:16:07.007000,2024-03-23 01:31:09.107,1,,False,,False,False,,
379,0 days 00:35:16.026000,PIA,81,,2.0,2.0,0 days 00:26:27.400000,0 days 00:28:25.004000,47.644,25.753,,0 days 00:27:13.249000,0 days 00:27:38.961000,,199.0,195.0,,131.0,False,HARD,1.0,True,McLaren,0 days 00:26:27.400000,2024-03-23 01:41:29.500,12,,False,,False,False,,
380,0 days 00:36:56.588000,PIA,81,0 days 00:01:40.562000,3.0,3.0,0 days 00:35:17.981000,,39.694,19.401,41.467,0 days 00:35:55.720000,0 days 00:36:15.121000,0 days 00:36:56.588000,260.0,298.0,302.0,166.0,False,SOFT,1.0,True,McLaren,0 days 00:35:16.026000,2024-03-23 01:50:18.126,1,,False,,False,False,100.562,100.562
381,0 days 00:38:14.911000,PIA,81,0 days 00:01:18.323000,4.0,3.0,,,27.339,17.738,33.246,0 days 00:37:23.927000,0 days 00:37:41.665000,0 days 00:38:14.911000,283.0,312.0,302.0,318.0,True,SOFT,2.0,True,McLaren,0 days 00:36:56.588000,2024-03-23 01:51:58.688,1,,False,,False,True,78.323,78.32300000000001
382,0 days 00:39:58.360000,PIA,81,0 days 00:01:43.449000,5.0,3.0,,,36.264,21.982,45.203,0 days 00:38:51.175000,0 days 00:39:13.157000,0 days 00:39:58.360000,217.0,268.0,179.0,270.0,False,SOFT,3.0,True,McLaren,0 days 00:38:14.911000,2024-03-23 01:53:17.011,1,,False,,False,True,103.449,103.44900000000001
383,0 days 00:41:40.710000,PIA,81,0 days 00:01:42.350000,6.0,3.0,,,40.902,21.494,39.954,0 days 00:40:39.262000,0 days 00:41:00.756000,0 days 00:41:40.710000,256.0,285.0,303.0,159.0,False,SOFT,4.0,True,McLaren,0 days 00:39:58.360000,2024-03-23 01:55:00.460,1,,False,,False,True,102.35,102.35
384,0 days 00:42:58.588000,PIA,81,0 days 00:01:17.878000,7.0,3.0,,,27.023,17.687,33.168,0 days 00:42:07.733000,0 days 00:42:25.420000,0 days 00:42:58.588000,283.0,313.0,308.0,318.0,True,SOFT,5.0,True,McLaren,0 days 00:41:40.710000,2024-03-23 01:56:42.810,1,,False,,False,True,77.878,77.878
385,0 days 00:51:50.070000,PIA,81,,8.0,3.0,,0 days 00:44:33.263000,37.519,20.536,,0 days 00:43:36.263000,0 days 00:43:56.810000,,243.0,265.0,,245.0,False,SOFT,6.0,True,McLaren,0 days 00:42:58.588000,2024-03-23 01:58:00.688,1,,False,,False,False,,
386,0 days 00:53:22.992000,PIA,81,0 days 00:01:32.922000,9.0,4.0,0 days 00:51:52.025000,,36.267,19.533,37.122,0 days 00:52:26.337000,0 days 00:52:45.870000,0 days 00:53:22.992000,260.0,282.0,305.0,207.0,False,SOFT,1.0,True,McLaren,0 days 00:51:50.070000,2024-03-23 02:06:52.170,1,,False,,False,False,92.922,92.922
387,0 days 00:54:40.551000,PIA,81,0 days 00:01:17.559000,10.0,4.0,,,26.888,17.554,33.117,0 days 00:53:49.880000,0 days 00:54:07.434000,0 days 00:54:40.551000,286.0,315.0,302.0,319.0,True,SOFT,2.0,True,McLaren,0 days 00:53:22.992000,2024-03-23 02:08:25.092,1,,False,,False,True,77.559,77.559
388,0 days 00:56:21.007000,PIA,81,0 days 00:01:40.456000,11.0,4.0,,,35.554,21.4,43.502,0 days 00:55:16.105000,0 days 00:55:37.505000,0 days 00:56:21.007000,235.0,260.0,306.0,264.0,False,SOFT,3.0,True,McLaren,0 days 00:54:40.551000,2024-03-23 02:09:42.651,1,,False,,False,True,100.456,100.456
389,0 days 00:57:38.094000,PIA,81,0 days 00:01:17.087000,12.0,4.0,,,26.581,17.57,32.936,0 days 00:56:47.588000,0 days 00:57:05.158000,0 days 00:57:38.094000,286.0,314.0,303.0,321.0,True,SOFT,4.0,True,McLaren,0 days 00:56:21.007000,2024-03-23 02:11:23.107,1,,False,,False,True,77.087,77.08699999999999
390,0 days 00:59:24.349000,PIA,81,0 days 00:01:46.255000,13.0,4.0,,0 days 00:59:05.677000,31.505,20.732,54.018,0 days 00:58:09.599000,0 days 00:58:30.331000,0 days 00:59:24.349000,256.0,274.0,,299.0,False,SOFT,5.0,True,McLaren,0 days 00:57:38.094000,2024-03-23 02:12:40.194,1,,False,,False,False,106.255,106.255
391,0 days 01:12:02.523000,PIA,81,,14.0,5.0,0 days 00:59:27.118000,0 days 01:01:03.984000,49.245,18.151,,0 days 01:00:13.852000,0 days 01:00:32.272000,,282.0,291.0,,221.0,False,SOFT,7.0,False,McLaren,0 days 00:59:24.349000,2024-03-23 02:14:26.449,1,,False,,False,False,,
392,0 days 01:13:37.563000,PIA,81,0 days 00:01:35.040000,15.0,6.0,0 days 01:12:04.477000,,39.307,19.385,36.348,0 days 01:12:41.830000,0 days 01:13:01.215000,0 days 01:13:37.563000,262.0,293.0,303.0,117.0,False,SOFT,6.0,False,McLaren,0 days 01:12:02.523000,2024-03-23 02:27:04.623,1,,False,,False,False,95.04,95.04
393,0 days 01:14:55.032000,PIA,81,0 days 00:01:17.469000,16.0,6.0,,,26.766,17.606,33.097,0 days 01:14:04.329000,0 days 01:14:21.935000,0 days 01:14:55.032000,283.0,314.0,303.0,319.0,False,SOFT,7.0,False,McLaren,0 days 01:13:37.563000,2024-03-23 02:28:39.663,1,,False,,False,True,77.469,77.469
394,0 days 01:16:26.469000,PIA,81,0 days 00:01:31.437000,17.0,6.0,,,30.992,19.86,40.585,0 days 01:15:26.024000,0 days 01:15:45.884000,0 days 01:16:26.469000,253.0,281.0,278.0,297.0,False,SOFT,8.0,False,McLaren,0 days 01:14:55.032000,2024-03-23 02:29:57.132,1,,False,,False,True,91.437,91.43700000000001
395,0 days 01:18:54.738000,PIA,81,0 days 00:02:28.269000,18.0,6.0,,,33.788,24.762,89.719,0 days 01:17:00.257000,0 days 01:17:25.019000,0 days 01:18:54.738000,185.0,249.0,135.0,271.0,False,SOFT,9.0,False,McLaren,0 days 01:16:26.469000,2024-03-23 02:31:28.569,1,,False,,False,True,148.269,148.269
396,0 days 01:20:20.859000,PIA,81,,19.0,6.0,,0 days 01:20:20.859000,30.167,19.392,,0 days 01:19:25.001000,0 days 01:19:44.535000,,261.0,279.0,,258.0,False,SOFT,10.0,False,McLaren,0 days 01:18:54.738000,2024-03-23 02:33:56.838,1,,False,,False,False,,
