,Time,Driver,DriverNumber,LapTime,LapNumber,Stint,PitOutTime,PitInTime,Sector1Time,Sector2Time,Sector3Time,Sector1SessionTime,Sector2SessionTime,Sector3SessionTime,SpeedI1,SpeedI2,SpeedFL,SpeedST,IsPersonalBest,Compound,TyreLife,FreshTyre,Team,LapStartTime,LapStartDate,TrackStatus,Position,Deleted,DeletedReason,FastF1Generated,IsAccurate,LapTime_in_seconds,laptime_sum_sectortimes
0,0 days 00:24:53.864000,VER,1,,1.0,1.0,0 days 00:22:52.538000,,,37.314,45.179,,0 days 00:24:08.717000,0 days 00:24:53.895000,176.0,234.0,254.0,104.0,False,WET,1.0,True,Red Bull Racing,0 days 00:22:52.538000,2022-04-22 11:37:52.550,12,,False,,False,False,,
1,0 days 00:26:33.459000,VER,1,0 days 00:01:39.595000,2.0,1.0,,,31.916,34.288,33.391,0 days 00:25:25.780000,0 days 00:26:00.068000,0 days 00:26:33.459000,186.0,237.0,257.0,246.0,True,WET,2.0,True,Red Bull Racing,0 days 00:24:53.864000,2022-04-22 11:39:53.876,21,,False,,False,True,99.595,99.595
2,0 days 00:28:10.706000,VER,1,0 days 00:01:37.247000,3.0,1.0,,,30.891,33.539,32.817,0 days 00:27:04.350000,0 days 00:27:37.889000,0 days 00:28:10.706000,183.0,238.0,259.0,254.0,True,WET,3.0,True,Red Bull Racing,0 days 00:26:33.459000,2022-04-22 11:41:33.471,12,,False,,False,True,97.247,97.24700000000001
3,0 days 00:30:11.232000,VER,1,0 days 00:02:00.526000,4.0,1.0,,,35.528,49.035,35.963,0 days 00:28:46.234000,0 days 00:29:35.269000,0 days 00:30:11.232000,169.0,103.0,257.0,256.0,False,WET,4.0,True,Red Bull Racing,0 days 00:28:10.706000,2022-04-22 11:43:10.718,1,,False,,False,True,120.526,120.52599999999998
4,0 days 00:31:47.390000,VER,1,0 days 00:01:36.158000,5.0,1.0,,,30.081,33.253,32.824,0 days 00:30:41.313000,0 days 00:31:14.566000,0 days 00:31:47.390000,185.0,238.0,259.0,243.0,True,WET,5.0,True,Red Bull Racing,0 days 00:30:11.232000,2022-04-22 11:45:11.244,1,,False,,False,True,96.158,96.158
5,0 days 00:33:37.302000,VER,1,0 days 00:01:49.912000,6.0,1.0,,0 days 00:33:32.628000,31.756,37.242,40.914,0 days 00:32:19.146000,0 days 00:32:56.388000,0 days 00:33:37.302000,176.0,202.0,,208.0,False,WET,6.0,True,Red Bull Racing,0 days 00:31:47.390000,2022-04-22 11:46:47.402,1,,False,,False,False,109.912,109.91199999999999
6,0 days 00:36:28.445000,VER,1,,7.0,2.0,0 days 00:34:15.045000,,74.455,39.638,57.044,0 days 00:34:51.887000,0 days 00:35:31.605000,0 days 00:36:28.527000,165.0,222.0,260.0,163.0,False,WET,7.0,False,Red Bull Racing,0 days 00:33:37.302000,2022-04-22 11:48:37.314,1,,False,,False,False,,171.137
7,0 days 00:38:10.271000,VER,1,0 days 00:01:41.826000,8.0,2.0,,,30.324,38.128,33.374,0 days 00:36:58.769000,0 days 00:37:36.897000,0 days 00:38:10.271000,183.0,236.0,260.0,245.0,False,WET,8.0,False,Red Bull Racing,0 days 00:36:28.445000,2022-04-22 11:51:28.457,12,,False,,False,True,101.826,101.826
8,0 days 00:39:55.987000,VER,1,0 days 00:01:45.716000,9.0,2.0,,0 days 00:39:51.534000,30.441,36.017,39.258,0 days 00:38:40.712000,0 days 00:39:16.729000,0 days 00:39:55.987000,183.0,237.0,,210.0,False,WET,9.0,False,Red Bull Racing,0 days 00:38:10.271000,2022-04-22 11:53:10.283,1,,False,,False,False,105.716,105.71600000000001
9,0 days 00:57:26.552000,VER,1,,10.0,3.0,0 days 00:55:48.576000,,,34.067,33.433,,0 days 00:56:53.189000,0 days 00:57:26.617000,177.0,233.0,262.0,233.0,False,INTERMEDIATE,1.0,True,Red Bull Racing,0 days 00:39:55.987000,2022-04-22 11:54:55.999,12,,False,,False,False,,
10,0 days 00:59:00.399000,VER,1,0 days 00:01:33.847000,11.0,3.0,,,29.808,32.178,31.861,0 days 00:57:56.360000,0 days 00:58:28.538000,0 days 00:59:00.399000,183.0,243.0,261.0,258.0,True,INTERMEDIATE,2.0,True,Red Bull Racing,0 days 00:57:26.552000,2022-04-22 12:12:26.564,1,,False,,False,True,93.847,93.847
11,0 days 01:00:45.064000,VER,1,0 days 00:01:44.665000,12.0,3.0,,,29.318,35.644,39.703,0 days 00:59:29.717000,0 days 01:00:05.361000,0 days 01:00:45.064000,195.0,201.0,264.0,218.0,False,INTERMEDIATE,3.0,True,Red Bull Racing,0 days 00:59:00.399000,2022-04-22 12:14:00.411,12,,False,,False,True,104.665,104.665
12,0 days 01:02:17.194000,VER,1,0 days 00:01:32.130000,13.0,3.0,,,29.227,31.616,31.287,0 days 01:01:14.291000,0 days 01:01:45.907000,0 days 01:02:17.194000,192.0,240.0,264.0,273.0,True,INTERMEDIATE,4.0,True,Red Bull Racing,0 days 01:00:45.064000,2022-04-22 12:15:45.076,1,,False,,False,True,92.13,92.13
13,0 days 01:03:57.525000,VER,1,0 days 00:01:40.331000,14.0,3.0,,,31.77,36.108,32.453,0 days 01:02:48.964000,0 days 01:03:25.072000,0 days 01:03:57.525000,182.0,238.0,266.0,255.0,False,INTERMEDIATE,5.0,True,Red Bull Racing,0 days 01:02:17.194000,2022-04-22 12:17:17.206,1,,False,,False,True,100.331,100.331
14,0 days 01:05:31.429000,VER,1,0 days 00:01:33.904000,15.0,3.0,,,28.858,31.296,33.75,0 days 01:04:26.383000,0 days 01:04:57.679000,0 days 01:05:31.429000,196.0,247.0,263.0,260.0,False,INTERMEDIATE,6.0,True,Red Bull Racing,0 days 01:03:57.525000,2022-04-22 12:18:57.537,1,,False,,False,True,93.904,93.904
15,0 days 01:07:02.860000,VER,1,0 days 00:01:31.431000,16.0,3.0,,,28.588,31.649,31.194,0 days 01:06:00.017000,0 days 01:06:31.666000,0 days 01:07:02.860000,199.0,241.0,269.0,263.0,True,INTERMEDIATE,7.0,True,Red Bull Racing,0 days 01:05:31.429000,2022-04-22 12:20:31.441,1,,False,,False,True,91.431,91.431
16,0 days 01:08:33.727000,VER,1,0 days 00:01:30.867000,17.0,3.0,,,28.524,31.092,31.251,0 days 01:07:31.384000,0 days 01:08:02.476000,0 days 01:08:33.727000,194.0,250.0,266.0,288.0,True,INTERMEDIATE,8.0,True,Red Bull Racing,0 days 01:07:02.860000,2022-04-22 12:22:02.872,1,,False,,False,True,90.867,90.867
17,0 days 01:14:24.758000,VER,1,,18.0,3.0,,0 days 01:10:19.146000,31.362,,,0 days 01:09:05.247000,,,181.0,,,,False,INTERMEDIATE,9.0,True,Red Bull Racing,0 days 01:08:33.727000,2022-04-22 12:23:33.739,125,,False,,False,False,,
18,0 days 01:16:22.471000,VER,1,,19.0,4.0,0 days 01:14:24.758000,,,39.093,35.648,,0 days 01:15:46.872000,0 days 01:16:22.471000,142.0,222.0,242.0,212.0,False,INTERMEDIATE,10.0,False,Red Bull Racing,0 days 01:14:24.758000,2022-04-22 12:29:24.770,1,,False,,False,False,,
19,0 days 01:18:23.292000,VER,1,0 days 00:02:00.821000,20.0,4.0,,,32.81,37.813,50.198,0 days 01:16:55.281000,0 days 01:17:33.094000,0 days 01:18:23.292000,174.0,223.0,53.0,156.0,False,INTERMEDIATE,11.0,False,Red Bull Racing,0 days 01:16:22.471000,2022-04-22 12:31:22.483,12,,False,,False,True,120.821,120.821
20,0 days 01:20:53.411000,VER,1,,21.0,4.0,,0 days 01:20:48.894000,67.653,37.348,45.145,0 days 01:19:31.057000,0 days 01:20:08.448000,0 days 01:20:53.411000,178.0,226.0,,159.0,False,INTERMEDIATE,12.0,False,Red Bull Racing,0 days 01:18:23.292000,2022-04-22 12:33:23.304,2,,False,,False,False,,150.14600000000002
21,0 days 00:32:04.154000,RIC,3,,1.0,1.0,0 days 00:30:07.948000,,,36.866,37.624,,0 days 00:31:26.628000,0 days 00:32:04.215000,172.0,223.0,252.0,200.0,False,WET,1.0,True,McLaren,0 days 00:30:07.948000,2022-04-22 11:45:07.960,1,,False,,False,False,,
22,0 days 00:33:45.010000,RIC,3,0 days 00:01:40.856000,2.0,1.0,,,32.438,34.86,33.558,0 days 00:32:36.592000,0 days 00:33:11.452000,0 days 00:33:45.010000,173.0,236.0,255.0,218.0,True,WET,2.0,True,McLaren,0 days 00:32:04.154000,2022-04-22 11:47:04.166,1,,False,,False,True,100.856,100.856
23,0 days 00:35:25.400000,RIC,3,0 days 00:01:40.390000,3.0,1.0,,,32.387,34.349,33.654,0 days 00:34:17.397000,0 days 00:34:51.746000,0 days 00:35:25.400000,186.0,233.0,255.0,231.0,True,WET,3.0,True,McLaren,0 days 00:33:45.010000,2022-04-22 11:48:45.022,1,,False,,False,True,100.39,100.38999999999999
24,0 days 00:37:03.327000,RIC,3,0 days 00:01:37.927000,4.0,1.0,,,30.986,33.996,32.945,0 days 00:35:56.386000,0 days 00:36:30.382000,0 days 00:37:03.327000,188.0,241.0,259.0,246.0,True,WET,4.0,True,McLaren,0 days 00:35:25.400000,2022-04-22 11:50:25.412,12,,False,,False,True,97.927,97.92699999999999
25,0 days 00:38:44.532000,RIC,3,0 days 00:01:41.205000,5.0,1.0,,,30.934,36.172,34.099,0 days 00:37:34.261000,0 days 00:38:10.433000,0 days 00:38:44.532000,186.0,231.0,254.0,241.0,False,WET,5.0,True,McLaren,0 days 00:37:03.327000,2022-04-22 11:52:03.339,1,,False,,False,True,101.205,101.20499999999998
26,0 days 00:40:31.143000,RIC,3,0 days 00:01:46.611000,6.0,1.0,,0 days 00:40:26.705000,30.928,35.127,40.556,0 days 00:39:15.460000,0 days 00:39:50.587000,0 days 00:40:31.143000,182.0,213.0,,210.0,False,WET,6.0,True,McLaren,0 days 00:38:44.532000,2022-04-22 11:53:44.544,1,,False,,False,False,106.611,106.611
27,0 days 00:53:32.225000,RIC,3,,7.0,2.0,0 days 00:51:36.693000,,,36.002,38.559,,0 days 00:52:53.773000,0 days 00:53:32.319000,179.0,227.0,256.0,200.0,False,INTERMEDIATE,1.0,True,McLaren,0 days 00:40:31.143000,2022-04-22 11:55:31.155,1,,False,,False,False,,
28,0 days 00:55:11.766000,RIC,3,0 days 00:01:39.541000,8.0,2.0,,,31.629,34.273,33.639,0 days 00:54:03.854000,0 days 00:54:38.127000,0 days 00:55:11.766000,181.0,237.0,257.0,240.0,False,INTERMEDIATE,2.0,True,McLaren,0 days 00:53:32.225000,2022-04-22 12:08:32.237,12,,False,,False,True,99.541,99.541
29,0 days 00:56:48.161000,RIC,3,0 days 00:01:36.395000,9.0,2.0,,,30.374,33.338,32.683,0 days 00:55:42.140000,0 days 00:56:15.478000,0 days 00:56:48.161000,192.0,241.0,257.0,252.0,True,INTERMEDIATE,3.0,True,McLaren,0 days 00:55:11.766000,2022-04-22 12:10:11.778,1,,False,,False,True,96.395,96.39500000000001
30,0 days 00:58:23.786000,RIC,3,0 days 00:01:35.625000,10.0,2.0,,,29.97,32.892,32.763,0 days 00:57:18.131000,0 days 00:57:51.023000,0 days 00:58:23.786000,194.0,238.0,257.0,248.0,True,INTERMEDIATE,4.0,True,McLaren,0 days 00:56:48.161000,2022-04-22 12:11:48.173,1,,False,,False,True,95.625,95.625
31,0 days 01:00:16.741000,RIC,3,0 days 00:01:52.955000,11.0,2.0,,0 days 01:00:12.316000,31.531,38.27,43.154,0 days 00:58:55.317000,0 days 00:59:33.587000,0 days 01:00:16.741000,173.0,167.0,,229.0,False,INTERMEDIATE,5.0,True,McLaren,0 days 00:58:23.786000,2022-04-22 12:13:23.798,12,,False,,False,False,112.955,112.95500000000001
32,0 days 01:14:34.859000,RIC,3,,12.0,3.0,0 days 01:12:43.200000,,,36.437,42.507,,0 days 01:13:52.434000,0 days 01:14:34.922000,176.0,229.0,254.0,161.0,False,INTERMEDIATE,6.0,False,McLaren,0 days 01:12:43.200000,2022-04-22 12:27:43.212,1,,False,,False,False,,
33,0 days 01:16:13.439000,RIC,3,0 days 00:01:38.580000,13.0,3.0,,,31.187,33.086,34.307,0 days 01:15:06.046000,0 days 01:15:39.132000,0 days 01:16:13.439000,186.0,242.0,245.0,234.0,False,INTERMEDIATE,7.0,False,McLaren,0 days 01:14:34.859000,2022-04-22 12:29:34.871,1,,False,,False,True,98.58,98.58
34,0 days 01:18:15.175000,RIC,3,0 days 00:02:01.736000,14.0,3.0,,,33.464,42.645,45.627,0 days 01:16:46.903000,0 days 01:17:29.548000,0 days 01:18:15.175000,169.0,202.0,58.0,202.0,False,INTERMEDIATE,8.0,False,McLaren,0 days 01:16:13.439000,2022-04-22 12:31:13.451,12,,False,,False,True,121.736,121.73600000000002
35,0 days 01:20:50.272000,RIC,3,,15.0,3.0,,0 days 01:20:45.768000,65.654,41.362,48.092,0 days 01:19:20.936000,0 days 01:20:02.272000,0 days 01:20:50.272000,156.0,141.0,,171.0,False,INTERMEDIATE,9.0,False,McLaren,0 days 01:18:15.175000,2022-04-22 12:33:15.187,2,,False,,False,False,,155.108
36,0 days 00:26:04.969000,NOR,4,,1.0,1.0,0 days 00:24:08.717000,,,41.436,36.266,,0 days 00:25:28.809000,0 days 00:26:05.065000,82.0,226.0,249.0,223.0,False,WET,1.0,True,McLaren,0 days 00:24:08.717000,2022-04-22 11:39:08.729,12,,False,,False,False,,
37,0 days 00:27:47.270000,NOR,4,0 days 00:01:42.301000,2.0,1.0,,,33.188,35.483,33.63,0 days 00:26:38.157000,0 days 00:27:13.640000,0 days 00:27:47.270000,184.0,235.0,254.0,238.0,True,WET,2.0,True,McLaren,0 days 00:26:04.969000,2022-04-22 11:41:04.981,12,,False,,False,True,102.301,102.30099999999999
38,0 days 00:29:26.569000,NOR,4,0 days 00:01:39.299000,3.0,1.0,,,31.827,34.414,33.058,0 days 00:28:19.097000,0 days 00:28:53.511000,0 days 00:29:26.569000,184.0,236.0,255.0,249.0,True,WET,3.0,True,McLaren,0 days 00:27:47.270000,2022-04-22 11:42:47.282,1,,False,,False,True,99.299,99.299
39,0 days 00:31:05.945000,NOR,4,0 days 00:01:39.376000,4.0,1.0,,,31.335,34.219,33.822,0 days 00:29:57.904000,0 days 00:30:32.123000,0 days 00:31:05.945000,178.0,238.0,253.0,241.0,False,WET,4.0,True,McLaren,0 days 00:29:26.569000,2022-04-22 11:44:26.581,1,,False,,False,True,99.376,99.376
40,0 days 00:32:44.073000,NOR,4,0 days 00:01:38.128000,5.0,1.0,,,30.994,34.186,32.948,0 days 00:31:36.939000,0 days 00:32:11.125000,0 days 00:32:44.073000,173.0,237.0,256.0,253.0,True,WET,5.0,True,McLaren,0 days 00:31:05.945000,2022-04-22 11:46:05.957,1,,False,,False,True,98.128,98.12800000000001
41,0 days 00:34:35.615000,NOR,4,0 days 00:01:51.542000,6.0,1.0,,0 days 00:34:31.191000,31.864,35.427,44.251,0 days 00:33:15.937000,0 days 00:33:51.364000,0 days 00:34:35.615000,168.0,234.0,,236.0,False,WET,6.0,True,McLaren,0 days 00:32:44.073000,2022-04-22 11:47:44.085,1,,False,,False,False,111.542,111.542
42,0 days 00:49:00.128000,NOR,4,,7.0,2.0,0 days 00:47:07.731000,,,38.757,37.729,,0 days 00:48:22.515000,0 days 00:49:00.236000,171.0,127.0,253.0,211.0,False,INTERMEDIATE,1.0,True,McLaren,0 days 00:34:35.615000,2022-04-22 11:49:35.627,12,,False,,False,False,,
43,0 days 00:50:47.093000,NOR,4,0 days 00:01:46.965000,8.0,2.0,,,31.394,34.447,41.124,0 days 00:49:31.522000,0 days 00:50:05.969000,0 days 00:50:47.093000,179.0,138.0,256.0,219.0,False,INTERMEDIATE,2.0,True,McLaren,0 days 00:49:00.128000,2022-04-22 12:04:00.140,1,,False,,False,True,106.965,106.965
44,0 days 00:52:22.595000,NOR,4,0 days 00:01:35.502000,9.0,2.0,,,30.416,32.767,32.319,0 days 00:51:17.509000,0 days 00:51:50.276000,0 days 00:52:22.595000,183.0,238.0,258.0,256.0,True,INTERMEDIATE,3.0,True,McLaren,0 days 00:50:47.093000,2022-04-22 12:05:47.105,1,,False,,False,True,95.502,95.50200000000001
45,0 days 00:54:06.820000,NOR,4,0 days 00:01:44.225000,10.0,2.0,,0 days 00:54:02.366000,31.252,33.235,39.738,0 days 00:52:53.847000,0 days 00:53:27.082000,0 days 00:54:06.820000,131.0,241.0,,205.0,False,INTERMEDIATE,4.0,True,McLaren,0 days 00:52:22.595000,2022-04-22 12:07:22.607,1,,False,,False,False,104.225,104.225
46,0 days 01:08:21.548000,NOR,4,,11.0,3.0,0 days 01:06:35.761000,,,34.517,39.13,,0 days 01:07:42.420000,0 days 01:08:21.548000,172.0,235.0,257.0,176.0,False,INTERMEDIATE,5.0,False,McLaren,0 days 00:54:06.820000,2022-04-22 12:09:06.832,12,,False,,False,False,,
47,0 days 01:10:48.060000,NOR,4,,12.0,3.0,,0 days 01:10:48.060000,29.56,,,0 days 01:08:51.183000,,,181.0,,,,False,INTERMEDIATE,6.0,False,McLaren,0 days 01:08:21.548000,2022-04-22 12:23:21.560,125,,False,,False,False,,
48,0 days 00:29:53.289000,VET,5,,1.0,1.0,0 days 00:28:06.423000,,,37.44,35.041,,0 days 00:29:18.395000,0 days 00:29:53.352000,170.0,227.0,257.0,220.0,False,WET,1.0,True,Aston Martin,0 days 00:28:06.423000,2022-04-22 11:43:06.435,1,,False,,False,False,,
49,0 days 00:31:37.118000,VET,5,0 days 00:01:43.829000,2.0,1.0,,,33.089,35.965,34.775,0 days 00:30:26.378000,0 days 00:31:02.343000,0 days 00:31:37.118000,185.0,235.0,257.0,238.0,True,WET,2.0,True,Aston Martin,0 days 00:29:53.289000,2022-04-22 11:44:53.301,1,,False,,False,True,103.829,103.82900000000001
50,0 days 00:33:18.959000,VET,5,0 days 00:01:41.841000,3.0,1.0,,,32.161,35.97,33.71,0 days 00:32:09.279000,0 days 00:32:45.249000,0 days 00:33:18.959000,174.0,234.0,257.0,223.0,True,WET,3.0,True,Aston Martin,0 days 00:31:37.118000,2022-04-22 11:46:37.130,1,,False,,False,True,101.841,101.84100000000001
51,0 days 00:35:05.242000,VET,5,0 days 00:01:46.283000,4.0,1.0,,0 days 00:35:00.796000,32.31,35.135,38.838,0 days 00:33:51.269000,0 days 00:34:26.404000,0 days 00:35:05.242000,179.0,237.0,,231.0,False,WET,4.0,True,Aston Martin,0 days 00:33:18.959000,2022-04-22 11:48:18.971,1,,False,,False,False,106.283,106.28299999999999
52,0 days 00:40:56.366000,VET,5,,5.0,2.0,0 days 00:39:13.899000,,,36.599,34.453,,0 days 00:40:22.069000,0 days 00:40:56.439000,180.0,229.0,260.0,210.0,False,INTERMEDIATE,1.0,True,Aston Martin,0 days 00:35:05.242000,2022-04-22 11:50:05.254,12,,False,,False,False,,
53,0 days 00:42:35.327000,VET,5,0 days 00:01:38.961000,6.0,2.0,,,31.908,34.069,32.984,0 days 00:41:28.274000,0 days 00:42:02.343000,0 days 00:42:35.327000,190.0,240.0,259.0,230.0,True,INTERMEDIATE,2.0,True,Aston Martin,0 days 00:40:56.366000,2022-04-22 11:55:56.378,1,,False,,False,True,98.961,98.96100000000001
54,0 days 00:44:11.864000,VET,5,0 days 00:01:36.537000,7.0,2.0,,,30.928,33.292,32.317,0 days 00:43:06.255000,0 days 00:43:39.547000,0 days 00:44:11.864000,189.0,242.0,261.0,246.0,True,INTERMEDIATE,3.0,True,Aston Martin,0 days 00:42:35.327000,2022-04-22 11:57:35.339,1,,False,,False,True,96.537,96.537
55,0 days 00:45:47.995000,VET,5,0 days 00:01:36.131000,8.0,2.0,,,30.576,33.221,32.334,0 days 00:44:42.440000,0 days 00:45:15.661000,0 days 00:45:47.995000,189.0,241.0,261.0,236.0,True,INTERMEDIATE,4.0,True,Aston Martin,0 days 00:44:11.864000,2022-04-22 11:59:11.876,1,,False,,False,True,96.131,96.131
56,0 days 00:47:30.231000,VET,5,0 days 00:01:42.236000,9.0,2.0,,0 days 00:47:25.814000,30.412,33.168,38.656,0 days 00:46:18.407000,0 days 00:46:51.575000,0 days 00:47:30.231000,193.0,240.0,,226.0,False,INTERMEDIATE,5.0,True,Aston Martin,0 days 00:45:47.995000,2022-04-22 12:00:48.007,1,,False,,False,False,102.236,102.23599999999999
57,0 days 00:52:55.242000,VET,5,,10.0,3.0,0 days 00:51:13.989000,,,36.079,34.344,,0 days 00:52:21.057000,0 days 00:52:55.326000,186.0,226.0,259.0,222.0,False,INTERMEDIATE,6.0,False,Aston Martin,0 days 00:47:30.231000,2022-04-22 12:02:30.243,1,,False,,False,False,,
58,0 days 00:54:32.605000,VET,5,0 days 00:01:37.363000,11.0,3.0,,,31.129,33.53,32.704,0 days 00:53:26.371000,0 days 00:53:59.901000,0 days 00:54:32.605000,192.0,240.0,259.0,235.0,False,INTERMEDIATE,7.0,False,Aston Martin,0 days 00:52:55.242000,2022-04-22 12:07:55.254,1,,False,,False,True,97.363,97.363
59,0 days 00:56:13.415000,VET,5,0 days 00:01:40.810000,12.0,3.0,,,31.415,34.012,35.383,0 days 00:55:04.020000,0 days 00:55:38.032000,0 days 00:56:13.415000,179.0,240.0,261.0,218.0,False,INTERMEDIATE,8.0,False,Aston Martin,0 days 00:54:32.605000,2022-04-22 12:09:32.617,12,,False,,False,True,100.81,100.81
60,0 days 00:57:48.816000,VET,5,0 days 00:01:35.401000,13.0,3.0,,,30.724,32.596,32.081,0 days 00:56:44.139000,0 days 00:57:16.735000,0 days 00:57:48.816000,196.0,242.0,260.0,245.0,True,INTERMEDIATE,9.0,False,Aston Martin,0 days 00:56:13.415000,2022-04-22 12:11:13.427,1,,False,,False,True,95.401,95.401
61,0 days 00:59:23.339000,VET,5,0 days 00:01:34.523000,14.0,3.0,,,30.064,32.447,32.012,0 days 00:58:18.880000,0 days 00:58:51.327000,0 days 00:59:23.339000,197.0,244.0,262.0,244.0,True,INTERMEDIATE,10.0,False,Aston Martin,0 days 00:57:48.816000,2022-04-22 12:12:48.828,1,,False,,False,True,94.523,94.523
62,0 days 01:01:09.280000,VET,5,0 days 00:01:45.941000,15.0,3.0,,,34.305,34.24,37.396,0 days 00:59:57.644000,0 days 01:00:31.884000,0 days 01:01:09.280000,174.0,243.0,262.0,183.0,False,INTERMEDIATE,11.0,False,Aston Martin,0 days 00:59:23.339000,2022-04-22 12:14:23.351,12,,False,,False,True,105.941,105.941
63,0 days 01:02:45.090000,VET,5,0 days 00:01:35.810000,16.0,3.0,,,29.721,32.327,33.762,0 days 01:01:39.001000,0 days 01:02:11.328000,0 days 01:02:45.090000,194.0,244.0,262.0,221.0,False,INTERMEDIATE,12.0,False,Aston Martin,0 days 01:01:09.280000,2022-04-22 12:16:09.292,1,,False,,False,True,95.81,95.81
64,0 days 01:04:18.455000,VET,5,0 days 00:01:33.365000,17.0,3.0,,,29.483,32.022,31.86,0 days 01:03:14.573000,0 days 01:03:46.595000,0 days 01:04:18.455000,196.0,247.0,263.0,246.0,True,INTERMEDIATE,13.0,False,Aston Martin,0 days 01:02:45.090000,2022-04-22 12:17:45.102,1,,False,,False,True,93.365,93.365
65,0 days 01:06:00.514000,VET,5,0 days 00:01:42.059000,18.0,3.0,,0 days 01:05:56.098000,29.862,34.688,37.509,0 days 01:04:48.317000,0 days 01:05:23.005000,0 days 01:06:00.514000,193.0,223.0,,233.0,False,INTERMEDIATE,14.0,False,Aston Martin,0 days 01:04:18.455000,2022-04-22 12:19:18.467,1,,False,,False,False,102.059,102.059
66,0 days 01:13:54.090000,VET,5,,19.0,4.0,0 days 01:12:14.839000,,,35.246,33.495,,0 days 01:13:20.652000,0 days 01:13:54.099000,186.0,227.0,262.0,235.0,False,INTERMEDIATE,15.0,False,Aston Martin,0 days 01:12:14.839000,2022-04-22 12:27:14.851,1,,False,,False,False,,
67,0 days 01:15:28.497000,VET,5,0 days 00:01:34.407000,20.0,4.0,,,29.947,32.456,32.004,0 days 01:14:24.037000,0 days 01:14:56.493000,0 days 01:15:28.497000,199.0,247.0,266.0,243.0,False,INTERMEDIATE,16.0,False,Aston Martin,0 days 01:13:54.090000,2022-04-22 12:28:54.102,1,,False,,False,True,94.407,94.40700000000001
68,0 days 01:17:13.645000,VET,5,0 days 00:01:45.148000,21.0,4.0,,,31.687,33.989,39.472,0 days 01:16:00.184000,0 days 01:16:34.173000,0 days 01:17:13.645000,181.0,227.0,92.0,172.0,False,INTERMEDIATE,17.0,False,Aston Martin,0 days 01:15:28.497000,2022-04-22 12:30:28.509,12,,False,,False,True,105.148,105.148
69,0 days 01:19:46.413000,VET,5,,22.0,4.0,,0 days 01:19:41.920000,74.773,37.879,40.164,0 days 01:18:28.457000,0 days 01:19:06.380000,0 days 01:19:46.413000,167.0,222.0,,203.0,False,INTERMEDIATE,18.0,False,Aston Martin,0 days 01:17:13.645000,2022-04-22 12:32:13.657,2,,False,,False,False,,152.81599999999997
70,0 days 00:26:30.024000,LAT,6,,1.0,1.0,0 days 00:23:49.014000,0 days 00:26:25.534000,,66.53,51.871,,0 days 00:25:38.295000,0 days 00:26:30.024000,153.0,169.0,,133.0,False,WET,1.0,True,Williams,0 days 00:23:49.014000,2022-04-22 11:38:49.026,12,,False,,False,False,,
71,0 days 00:45:15.370000,LAT,6,,2.0,2.0,0 days 00:43:20.918000,,,40.922,38.512,,0 days 00:44:37,0 days 00:45:15.450000,167.0,215.0,253.0,172.0,False,WET,2.0,False,Williams,0 days 00:26:30.024000,2022-04-22 11:41:30.036,12,,False,,False,False,,
72,0 days 00:47:02.650000,LAT,6,0 days 00:01:47.280000,3.0,2.0,,,34.185,36.906,36.189,0 days 00:45:49.555000,0 days 00:46:26.461000,0 days 00:47:02.650000,178.0,231.0,255.0,184.0,True,WET,3.0,False,Williams,0 days 00:45:15.370000,2022-04-22 12:00:15.382,1,,False,,False,True,107.28,107.28
73,0 days 00:48:53.260000,LAT,6,0 days 00:01:50.610000,4.0,2.0,,,36.333,38.151,36.126,0 days 00:47:38.983000,0 days 00:48:17.134000,0 days 00:48:53.260000,175.0,229.0,258.0,186.0,False,WET,4.0,False,Williams,0 days 00:47:02.650000,2022-04-22 12:02:02.662,1,,False,,False,True,110.61,110.61000000000001
74,0 days 00:50:36.008000,LAT,6,0 days 00:01:42.748000,5.0,2.0,,,32.662,35.962,34.124,0 days 00:49:25.922000,0 days 00:50:01.884000,0 days 00:50:36.008000,182.0,235.0,258.0,201.0,True,WET,5.0,False,Williams,0 days 00:48:53.260000,2022-04-22 12:03:53.272,1,,False,,False,True,102.748,102.74799999999999
75,0 days 00:52:17.525000,LAT,6,0 days 00:01:41.517000,6.0,2.0,,,32.327,35.191,33.999,0 days 00:51:08.335000,0 days 00:51:43.526000,0 days 00:52:17.525000,174.0,236.0,257.0,209.0,True,WET,6.0,False,Williams,0 days 00:50:36.008000,2022-04-22 12:05:36.020,1,,False,,False,True,101.517,101.517
76,0 days 00:54:03.986000,LAT,6,0 days 00:01:46.461000,7.0,2.0,,0 days 00:53:59.526000,31.835,34.941,39.685,0 days 00:52:49.360000,0 days 00:53:24.301000,0 days 00:54:03.986000,188.0,236.0,,221.0,False,WET,7.0,False,Williams,0 days 00:52:17.525000,2022-04-22 12:07:17.537,1,,False,,False,False,106.461,106.46100000000001
77,0 days 01:05:33.057000,LAT,6,,8.0,3.0,0 days 01:03:40.619000,,,38.669,39.182,,0 days 01:04:53.903000,0 days 01:05:33.060000,109.0,227.0,257.0,185.0,False,INTERMEDIATE,1.0,True,Williams,0 days 00:54:03.986000,2022-04-22 12:09:03.998,12,,False,,False,False,,
78,0 days 01:07:14.975000,LAT,6,0 days 00:01:41.918000,9.0,3.0,,,32.553,35.11,34.255,0 days 01:06:05.610000,0 days 01:06:40.720000,0 days 01:07:14.975000,154.0,238.0,261.0,219.0,False,INTERMEDIATE,2.0,True,Williams,0 days 01:05:33.057000,2022-04-22 12:20:33.069,1,,False,,False,True,101.918,101.918
79,0 days 01:08:54.673000,LAT,6,0 days 00:01:39.698000,10.0,3.0,,,31.747,34.492,33.459,0 days 01:07:46.722000,0 days 01:08:21.214000,0 days 01:08:54.673000,191.0,241.0,261.0,228.0,True,INTERMEDIATE,3.0,True,Williams,0 days 01:07:14.975000,2022-04-22 12:22:14.987,1,,False,,False,True,99.698,99.69800000000001
80,0 days 01:13:11.454000,LAT,6,,11.0,3.0,,0 days 01:10:57.397000,31.518,,,0 days 01:09:26.245000,,,192.0,,,,False,INTERMEDIATE,4.0,True,Williams,0 days 01:08:54.673000,2022-04-22 12:23:54.685,125,,False,,False,False,,
81,0 days 01:14:59.026000,LAT,6,,12.0,4.0,0 days 01:13:11.454000,,,37.865,36.705,,0 days 01:14:22.449000,0 days 01:14:59.026000,168.0,222.0,256.0,201.0,False,INTERMEDIATE,5.0,False,Williams,0 days 01:13:11.454000,2022-04-22 12:28:11.466,1,,False,,False,False,,
82,0 days 01:16:43.461000,LAT,6,0 days 00:01:44.435000,13.0,4.0,,,31.802,35.262,37.371,0 days 01:15:30.828000,0 days 01:16:06.090000,0 days 01:16:43.461000,183.0,229.0,258.0,192.0,False,INTERMEDIATE,6.0,False,Williams,0 days 01:14:59.026000,2022-04-22 12:29:59.038,12,,False,,False,True,104.435,104.435
83,0 days 01:18:45.751000,LAT,6,0 days 00:02:02.290000,14.0,4.0,,,32.473,41.858,47.959,0 days 01:17:15.934000,0 days 01:17:57.792000,0 days 01:18:45.751000,172.0,205.0,57.0,178.0,False,INTERMEDIATE,7.0,False,Williams,0 days 01:16:43.461000,2022-04-22 12:31:43.473,2,,False,,False,True,122.29,122.28999999999999
84,0 days 01:21:25.614000,LAT,6,,15.0,4.0,,0 days 01:21:21.130000,71.804,42.997,45.075,0 days 01:19:57.660000,0 days 01:20:40.679000,0 days 01:21:25.614000,166.0,214.0,,154.0,False,INTERMEDIATE,8.0,False,Williams,0 days 01:18:45.751000,2022-04-22 12:33:45.763,2,,False,,False,False,,159.876
85,0 days 00:23:27.018000,GAS,10,,1.0,1.0,0 days 00:21:39.488000,,,38.343,36.465,,0 days 00:22:50.734000,0 days 00:23:27.090000,171.0,217.0,251.0,206.0,False,WET,1.0,True,AlphaTauri,0 days 00:21:39.488000,2022-04-22 11:36:39.500,1,,False,,False,False,,
86,0 days 00:25:10.910000,GAS,10,0 days 00:01:43.892000,2.0,1.0,,,33.193,36.103,34.596,0 days 00:24:00.211000,0 days 00:24:36.314000,0 days 00:25:10.910000,183.0,232.0,256.0,207.0,True,WET,2.0,True,AlphaTauri,0 days 00:23:27.018000,2022-04-22 11:38:27.030,12,,False,,False,True,103.892,103.892
87,0 days 00:26:51.998000,GAS,10,0 days 00:01:41.088000,3.0,1.0,,,32.359,35.053,33.676,0 days 00:25:43.269000,0 days 00:26:18.322000,0 days 00:26:51.998000,184.0,236.0,256.0,225.0,True,WET,3.0,True,AlphaTauri,0 days 00:25:10.910000,2022-04-22 11:40:10.922,1,,False,,False,True,101.088,101.08800000000001
88,0 days 00:28:31.130000,GAS,10,0 days 00:01:39.132000,4.0,1.0,,,31.35,34.579,33.203,0 days 00:27:23.348000,0 days 00:27:57.927000,0 days 00:28:31.130000,185.0,235.0,254.0,238.0,True,WET,4.0,True,AlphaTauri,0 days 00:26:51.998000,2022-04-22 11:41:52.010,12,,False,,False,True,99.132,99.132
89,0 days 00:30:24.062000,GAS,10,0 days 00:01:52.932000,5.0,1.0,,,37.42,40.403,35.109,0 days 00:29:08.550000,0 days 00:29:48.953000,0 days 00:30:24.062000,135.0,223.0,259.0,215.0,False,WET,5.0,True,AlphaTauri,0 days 00:28:31.130000,2022-04-22 11:43:31.142,1,,False,,False,True,112.932,112.93200000000002
90,0 days 00:32:02.023000,GAS,10,0 days 00:01:37.961000,6.0,1.0,,,30.793,34.317,32.851,0 days 00:30:54.855000,0 days 00:31:29.172000,0 days 00:32:02.023000,186.0,237.0,259.0,236.0,True,WET,6.0,True,AlphaTauri,0 days 00:30:24.062000,2022-04-22 11:45:24.074,1,,False,,False,True,97.961,97.961
91,0 days 00:33:39.169000,GAS,10,0 days 00:01:37.146000,7.0,1.0,,,30.306,34.112,32.728,0 days 00:32:32.329000,0 days 00:33:06.441000,0 days 00:33:39.169000,182.0,237.0,257.0,249.0,True,WET,7.0,True,AlphaTauri,0 days 00:32:02.023000,2022-04-22 11:47:02.035,1,,False,,False,True,97.146,97.14600000000002
92,0 days 00:35:33.061000,GAS,10,0 days 00:01:53.892000,8.0,1.0,,,40.802,37.657,35.433,0 days 00:34:19.971000,0 days 00:34:57.628000,0 days 00:35:33.061000,163.0,229.0,257.0,212.0,False,WET,8.0,True,AlphaTauri,0 days 00:33:39.169000,2022-04-22 11:48:39.181,1,,False,,False,True,113.892,113.892
93,0 days 00:37:09.719000,GAS,10,0 days 00:01:36.658000,9.0,1.0,,,30.447,33.732,32.479,0 days 00:36:03.508000,0 days 00:36:37.240000,0 days 00:37:09.719000,184.0,237.0,254.0,257.0,True,WET,9.0,True,AlphaTauri,0 days 00:35:33.061000,2022-04-22 11:50:33.073,12,,False,,False,True,96.658,96.658
94,0 days 00:39:00.461000,GAS,10,0 days 00:01:50.742000,10.0,1.0,,0 days 00:38:56.832000,34.159,36.304,40.279,0 days 00:37:43.878000,0 days 00:38:20.182000,0 days 00:39:00.461000,173.0,232.0,,216.0,False,WET,10.0,True,AlphaTauri,0 days 00:37:09.719000,2022-04-22 11:52:09.731,1,,False,,False,False,110.742,110.74199999999999
95,0 days 01:00:37.555000,GAS,10,,11.0,2.0,0 days 00:58:51.982000,,,35.469,39.233,,0 days 00:59:58.452000,0 days 01:00:37.633000,177.0,229.0,257.0,236.0,False,INTERMEDIATE,1.0,True,AlphaTauri,0 days 00:39:00.461000,2022-04-22 11:54:00.473,12,,False,,False,False,,
96,0 days 01:02:27.679000,GAS,10,0 days 00:01:50.124000,12.0,2.0,,,33.971,40.37,35.783,0 days 01:01:11.526000,0 days 01:01:51.896000,0 days 01:02:27.679000,183.0,181.0,256.0,209.0,False,INTERMEDIATE,2.0,True,AlphaTauri,0 days 01:00:37.555000,2022-04-22 12:15:37.567,1,,False,,False,True,110.124,110.124
97,0 days 01:04:06.865000,GAS,10,0 days 00:01:39.186000,13.0,2.0,,,31.166,33.993,34.027,0 days 01:02:58.845000,0 days 01:03:32.838000,0 days 01:04:06.865000,180.0,238.0,257.0,235.0,False,INTERMEDIATE,3.0,True,AlphaTauri,0 days 01:02:27.679000,2022-04-22 12:17:27.691,1,,False,,False,True,99.186,99.186
98,0 days 01:05:42.903000,GAS,10,0 days 00:01:36.038000,14.0,2.0,,,30.752,32.861,32.425,0 days 01:04:37.617000,0 days 01:05:10.478000,0 days 01:05:42.903000,186.0,240.0,257.0,249.0,True,INTERMEDIATE,4.0,True,AlphaTauri,0 days 01:04:06.865000,2022-04-22 12:19:06.877,1,,False,,False,True,96.038,96.038
99,0 days 01:07:18.007000,GAS,10,0 days 00:01:35.104000,15.0,2.0,,,30.212,32.646,32.246,0 days 01:06:13.115000,0 days 01:06:45.761000,0 days 01:07:18.007000,189.0,240.0,258.0,259.0,True,INTERMEDIATE,5.0,True,AlphaTauri,0 days 01:05:42.903000,2022-04-22 12:20:42.915,1,,False,,False,True,95.104,95.10400000000001
100,0 days 01:09:03.049000,GAS,10,0 days 00:01:45.042000,16.0,2.0,,,29.918,39.368,35.756,0 days 01:07:47.925000,0 days 01:08:27.293000,0 days 01:09:03.049000,189.0,124.0,259.0,247.0,False,INTERMEDIATE,6.0,True,AlphaTauri,0 days 01:07:18.007000,2022-04-22 12:22:18.019,1,,False,,False,True,105.042,105.042
101,0 days 01:13:17.969000,GAS,10,,17.0,2.0,,0 days 01:10:58.669000,,,,,,,,,,,False,INTERMEDIATE,7.0,True,AlphaTauri,0 days 01:09:03.049000,2022-04-22 12:24:03.061,125,,False,,False,False,,
102,0 days 01:15:03.044000,GAS,10,,18.0,3.0,0 days 01:13:17.969000,,,36.599,37.787,,0 days 01:14:25.323000,0 days 01:15:03.092000,163.0,218.0,259.0,191.0,False,INTERMEDIATE,8.0,False,AlphaTauri,0 days 01:13:17.969000,2022-04-22 12:28:17.981,1,,False,,False,False,,
103,0 days 01:16:46.782000,GAS,10,0 days 00:01:43.738000,19.0,3.0,,0 days 01:16:42.280000,31.102,33.696,38.94,0 days 01:15:34.146000,0 days 01:16:07.842000,0 days 01:16:46.782000,181.0,240.0,,239.0,False,INTERMEDIATE,9.0,False,AlphaTauri,0 days 01:15:03.044000,2022-04-22 12:30:03.056,12,,False,,False,False,103.738,103.738
104,0 days 00:24:28.996000,PER,11,,1.0,1.0,0 days 00:22:35.436000,,,38.443,36.822,,0 days 00:23:52.351000,0 days 00:24:29.057000,164.0,215.0,253.0,190.0,False,WET,1.0,True,Red Bull Racing,0 days 00:22:35.436000,2022-04-22 11:37:35.448,12,,False,,False,False,,
105,0 days 00:26:11.180000,PER,11,0 days 00:01:42.184000,2.0,1.0,,,32.889,34.98,34.315,0 days 00:25:01.885000,0 days 00:25:36.865000,0 days 00:26:11.180000,184.0,237.0,257.0,216.0,True,WET,2.0,True,Red Bull Racing,0 days 00:24:28.996000,2022-04-22 11:39:29.008,12,,False,,False,True,102.184,102.184
106,0 days 00:28:04.792000,PER,11,0 days 00:01:53.612000,3.0,1.0,,,35.55,39.449,38.613,0 days 00:26:46.730000,0 days 00:27:26.179000,0 days 00:28:04.792000,137.0,218.0,261.0,176.0,False,WET,3.0,True,Red Bull Racing,0 days 00:26:11.180000,2022-04-22 11:41:11.192,12,,False,,False,True,113.612,113.612
107,0 days 00:29:45.353000,PER,11,0 days 00:01:40.561000,4.0,1.0,,,31.575,35.902,33.084,0 days 00:28:36.367000,0 days 00:29:12.269000,0 days 00:29:45.353000,185.0,225.0,261.0,236.0,True,WET,4.0,True,Red Bull Racing,0 days 00:28:04.792000,2022-04-22 11:43:04.804,1,,False,,False,True,100.561,100.561
108,0 days 00:31:23.031000,PER,11,0 days 00:01:37.678000,5.0,1.0,,,31.299,33.754,32.625,0 days 00:30:16.652000,0 days 00:30:50.406000,0 days 00:31:23.031000,182.0,241.0,261.0,228.0,True,WET,5.0,True,Red Bull Racing,0 days 00:29:45.353000,2022-04-22 11:44:45.365,1,,False,,False,True,97.678,97.678
109,0 days 00:33:09.757000,PER,11,0 days 00:01:46.726000,6.0,1.0,,0 days 00:33:05.373000,33.095,34.285,39.346,0 days 00:31:56.126000,0 days 00:32:30.411000,0 days 00:33:09.757000,165.0,228.0,,221.0,False,WET,6.0,True,Red Bull Racing,0 days 00:31:23.031000,2022-04-22 11:46:23.043,1,,False,,False,False,106.726,106.726
110,0 days 00:35:39.579000,PER,11,0 days 00:02:29.822000,7.0,2.0,0 days 00:33:36.575000,,73.475,41.384,34.963,0 days 00:34:23.232000,0 days 00:35:04.616000,0 days 00:35:39.579000,129.0,231.0,261.0,226.0,False,WET,7.0,False,Red Bull Racing,0 days 00:33:09.757000,2022-04-22 11:48:09.769,1,,False,,False,False,149.822,149.822
111,0 days 00:37:22.131000,PER,11,0 days 00:01:42.552000,8.0,2.0,,,30.605,34.659,37.288,0 days 00:36:10.184000,0 days 00:36:44.843000,0 days 00:37:22.131000,193.0,236.0,261.0,196.0,False,WET,8.0,False,Red Bull Racing,0 days 00:35:39.579000,2022-04-22 11:50:39.591,12,,False,,False,True,102.552,102.55199999999999
112,0 days 00:38:57.607000,PER,11,0 days 00:01:35.476000,9.0,2.0,,,30.225,32.925,32.326,0 days 00:37:52.356000,0 days 00:38:25.281000,0 days 00:38:57.607000,189.0,244.0,263.0,247.0,True,WET,9.0,False,Red Bull Racing,0 days 00:37:22.131000,2022-04-22 11:52:22.143,1,,False,,False,True,95.476,95.476
113,0 days 00:40:46.934000,PER,11,0 days 00:01:49.327000,10.0,2.0,,0 days 00:40:42.460000,34.939,35.104,39.284,0 days 00:39:32.546000,0 days 00:40:07.650000,0 days 00:40:46.934000,170.0,233.0,,211.0,False,WET,10.0,False,Red Bull Racing,0 days 00:38:57.607000,2022-04-22 11:53:57.619,1,,False,,False,False,109.327,109.327
114,0 days 01:00:31.272000,PER,11,,11.0,3.0,0 days 00:58:48.472000,,,36.713,34.065,,0 days 00:59:57.286000,0 days 01:00:31.337000,177.0,229.0,258.0,240.0,False,INTERMEDIATE,1.0,True,Red Bull Racing,0 days 00:40:46.934000,2022-04-22 11:55:46.946,12,,False,,False,False,,
115,0 days 01:02:08.606000,PER,11,0 days 00:01:37.334000,12.0,3.0,,,31.66,33.56,32.114,0 days 01:01:02.932000,0 days 01:01:36.492000,0 days 01:02:08.606000,184.0,240.0,260.0,260.0,False,INTERMEDIATE,2.0,True,Red Bull Racing,0 days 01:00:31.272000,2022-04-22 12:15:31.284,1,,False,,False,True,97.334,97.334
116,0 days 01:03:45.997000,PER,11,0 days 00:01:37.391000,13.0,3.0,,,30.858,32.325,34.208,0 days 01:02:39.464000,0 days 01:03:11.789000,0 days 01:03:45.997000,174.0,244.0,259.0,221.0,False,INTERMEDIATE,3.0,True,Red Bull Racing,0 days 01:02:08.606000,2022-04-22 12:17:08.618,1,,False,,False,True,97.391,97.391
117,0 days 01:05:19.009000,PER,11,0 days 00:01:33.012000,14.0,3.0,,,29.93,31.915,31.167,0 days 01:04:15.927000,0 days 01:04:47.842000,0 days 01:05:19.009000,192.0,246.0,261.0,276.0,True,INTERMEDIATE,4.0,True,Red Bull Racing,0 days 01:03:45.997000,2022-04-22 12:18:46.009,1,,False,,False,True,93.012,93.012
118,0 days 01:06:57.752000,PER,11,0 days 00:01:38.743000,15.0,3.0,,,31.425,32.502,34.816,0 days 01:05:50.434000,0 days 01:06:22.936000,0 days 01:06:57.752000,196.0,237.0,266.0,214.0,False,INTERMEDIATE,5.0,True,Red Bull Racing,0 days 01:05:19.009000,2022-04-22 12:20:19.021,1,,False,,False,True,98.743,98.74300000000001
119,0 days 01:08:40.029000,PER,11,0 days 00:01:42.277000,16.0,3.0,,,29.596,35.659,37.022,0 days 01:07:27.348000,0 days 01:08:03.007000,0 days 01:08:40.029000,191.0,197.0,264.0,180.0,False,INTERMEDIATE,6.0,True,Red Bull Racing,0 days 01:06:57.752000,2022-04-22 12:21:57.764,1,,False,,False,True,102.277,102.27699999999999
120,0 days 01:10:27.935000,PER,11,,17.0,3.0,,0 days 01:10:27.935000,29.499,,,0 days 01:09:09.722000,,,187.0,,,,False,INTERMEDIATE,7.0,True,Red Bull Racing,0 days 01:08:40.029000,2022-04-22 12:23:40.041,125,,False,,False,False,,
121,0 days 00:24:43.215000,ALO,14,,1.0,1.0,0 days 00:22:30.543000,,,39.839,37.891,,0 days 00:24:05.508000,0 days 00:24:43.294000,149.0,216.0,255.0,205.0,False,WET,1.0,True,Alpine,0 days 00:22:30.543000,2022-04-22 11:37:30.555,12,,False,,False,False,,
122,0 days 00:26:25.429000,ALO,14,0 days 00:01:42.214000,2.0,1.0,,,33.141,34.792,34.281,0 days 00:25:16.356000,0 days 00:25:51.148000,0 days 00:26:25.429000,185.0,238.0,258.0,226.0,True,WET,2.0,True,Alpine,0 days 00:24:43.215000,2022-04-22 11:39:43.227,12,,False,,False,True,102.214,102.214
123,0 days 00:28:20.666000,ALO,14,0 days 00:01:55.237000,3.0,1.0,,,31.824,35.785,47.628,0 days 00:26:57.253000,0 days 00:27:33.038000,0 days 00:28:20.666000,184.0,239.0,257.0,144.0,False,WET,3.0,True,Alpine,0 days 00:26:25.429000,2022-04-22 11:41:25.441,12,,False,,False,True,115.237,115.237
124,0 days 00:30:00.126000,ALO,14,0 days 00:01:39.460000,4.0,1.0,,,31.536,34.449,33.475,0 days 00:28:52.202000,0 days 00:29:26.651000,0 days 00:30:00.126000,183.0,237.0,258.0,234.0,True,WET,4.0,True,Alpine,0 days 00:28:20.666000,2022-04-22 11:43:20.678,1,,False,,False,True,99.46,99.46000000000001
125,0 days 00:31:39.035000,ALO,14,0 days 00:01:38.909000,5.0,1.0,,,31.431,34.17,33.308,0 days 00:30:31.557000,0 days 00:31:05.727000,0 days 00:31:39.035000,178.0,237.0,259.0,243.0,True,WET,5.0,True,Alpine,0 days 00:30:00.126000,2022-04-22 11:45:00.138,1,,False,,False,True,98.909,98.90899999999999
126,0 days 00:33:29.589000,ALO,14,0 days 00:01:50.554000,6.0,1.0,,,35.964,38.876,35.714,0 days 00:32:14.999000,0 days 00:32:53.875000,0 days 00:33:29.589000,169.0,223.0,261.0,206.0,False,WET,6.0,True,Alpine,0 days 00:31:39.035000,2022-04-22 11:46:39.047,1,,False,,False,True,110.554,110.554
127,0 days 00:35:06.873000,ALO,14,0 days 00:01:37.284000,7.0,1.0,,,30.754,33.707,32.823,0 days 00:34:00.343000,0 days 00:34:34.050000,0 days 00:35:06.873000,187.0,242.0,259.0,253.0,True,WET,7.0,True,Alpine,0 days 00:33:29.589000,2022-04-22 11:48:29.601,1,,False,,False,True,97.284,97.28399999999999
128,0 days 00:37:00.402000,ALO,14,0 days 00:01:53.529000,8.0,1.0,,0 days 00:36:55.957000,34.558,36.108,42.863,0 days 00:35:41.431000,0 days 00:36:17.539000,0 days 00:37:00.402000,177.0,226.0,,169.0,False,WET,8.0,True,Alpine,0 days 00:35:06.873000,2022-04-22 11:50:06.885,12,,False,,False,False,113.529,113.529
129,0 days 01:03:09.621000,ALO,14,,9.0,2.0,0 days 01:01:12.122000,,,34.477,34.09,,0 days 01:02:35.618000,0 days 01:03:09.682000,173.0,233.0,260.0,239.0,False,INTERMEDIATE,1.0,True,Alpine,0 days 00:37:00.402000,2022-04-22 11:52:00.414,12,,False,,False,False,,
130,0 days 01:04:44.977000,ALO,14,0 days 00:01:35.356000,10.0,2.0,,,30.512,32.349,32.495,0 days 01:03:40.133000,0 days 01:04:12.482000,0 days 01:04:44.977000,190.0,246.0,259.0,246.0,True,INTERMEDIATE,2.0,True,Alpine,0 days 01:03:09.621000,2022-04-22 12:18:09.633,1,,False,,False,True,95.356,95.356
131,0 days 01:06:23.141000,ALO,14,0 days 00:01:38.164000,11.0,2.0,,,29.732,34.619,33.813,0 days 01:05:14.709000,0 days 01:05:49.328000,0 days 01:06:23.141000,182.0,205.0,262.0,236.0,False,INTERMEDIATE,3.0,True,Alpine,0 days 01:04:44.977000,2022-04-22 12:19:44.989,1,,False,,False,True,98.164,98.164
132,0 days 01:07:56.301000,ALO,14,0 days 00:01:33.160000,12.0,2.0,,,29.488,31.526,32.146,0 days 01:06:52.629000,0 days 01:07:24.155000,0 days 01:07:56.301000,194.0,247.0,263.0,280.0,True,INTERMEDIATE,4.0,True,Alpine,0 days 01:06:23.141000,2022-04-22 12:21:23.153,1,,False,,False,True,93.16,93.16
133,0 days 01:09:50.338000,ALO,14,,13.0,2.0,,0 days 01:09:50.338000,34.222,38.883,,0 days 01:08:30.654000,0 days 01:09:09.496000,,176.0,228.0,,204.0,False,INTERMEDIATE,5.0,True,Alpine,0 days 01:07:56.301000,2022-04-22 12:22:56.313,125,,False,,False,False,,
134,0 days 00:24:03.587000,LEC,16,,1.0,1.0,0 days 00:22:06.368000,,,38.108,44.602,,0 days 00:23:19.123000,0 days 00:24:03.664000,174.0,230.0,249.0,187.0,False,WET,1.0,True,Ferrari,0 days 00:22:06.368000,2022-04-22 11:37:06.380,12,,False,,False,False,,
135,0 days 00:25:46.011000,LEC,16,0 days 00:01:42.424000,2.0,1.0,,,32.637,35.907,33.88,0 days 00:24:36.224000,0 days 00:25:12.131000,0 days 00:25:46.011000,184.0,233.0,253.0,228.0,True,WET,2.0,True,Ferrari,0 days 00:24:03.587000,2022-04-22 11:39:03.599,12,,False,,False,True,102.424,102.424
136,0 days 00:27:25.246000,LEC,16,0 days 00:01:39.235000,3.0,1.0,,,31.555,34.593,33.087,0 days 00:26:17.566000,0 days 00:26:52.159000,0 days 00:27:25.246000,184.0,235.0,257.0,243.0,True,WET,3.0,True,Ferrari,0 days 00:25:46.011000,2022-04-22 11:40:46.023,12,,False,,False,True,99.235,99.235
137,0 days 00:29:02.997000,LEC,16,0 days 00:01:37.751000,4.0,1.0,,,30.979,33.961,32.811,0 days 00:27:56.225000,0 days 00:28:30.186000,0 days 00:29:02.997000,190.0,237.0,260.0,248.0,True,WET,4.0,True,Ferrari,0 days 00:27:25.246000,2022-04-22 11:42:25.258,1,,False,,False,True,97.751,97.751
138,0 days 00:30:52.859000,LEC,16,0 days 00:01:49.862000,5.0,1.0,,,41.131,35.132,33.599,0 days 00:29:44.128000,0 days 00:30:19.260000,0 days 00:30:52.859000,104.0,240.0,261.0,248.0,False,WET,5.0,True,Ferrari,0 days 00:29:02.997000,2022-04-22 11:44:03.009,1,,False,,False,True,109.862,109.862
139,0 days 00:32:35.893000,LEC,16,0 days 00:01:43.034000,6.0,1.0,,,31.129,36.419,35.486,0 days 00:31:23.988000,0 days 00:32:00.407000,0 days 00:32:35.893000,186.0,171.0,262.0,211.0,False,WET,6.0,True,Ferrari,0 days 00:30:52.859000,2022-04-22 11:45:52.871,1,,False,,False,True,103.034,103.03399999999999
140,0 days 00:34:11.522000,LEC,16,0 days 00:01:35.629000,7.0,1.0,,,30.425,33.072,32.132,0 days 00:33:06.318000,0 days 00:33:39.390000,0 days 00:34:11.522000,186.0,240.0,260.0,266.0,True,WET,7.0,True,Ferrari,0 days 00:32:35.893000,2022-04-22 11:47:35.905,1,,False,,False,True,95.629,95.62899999999999
141,0 days 00:35:47.612000,LEC,16,0 days 00:01:36.090000,8.0,1.0,,,30.276,33.091,32.723,0 days 00:34:41.798000,0 days 00:35:14.889000,0 days 00:35:47.612000,179.0,240.0,261.0,277.0,False,WET,8.0,True,Ferrari,0 days 00:34:11.522000,2022-04-22 11:49:11.534,1,,False,,False,True,96.09,96.09
142,0 days 00:37:41.872000,LEC,16,0 days 00:01:54.260000,9.0,1.0,,0 days 00:37:36.939000,30.084,45.418,38.758,0 days 00:36:17.696000,0 days 00:37:03.114000,0 days 00:37:41.872000,184.0,206.0,,225.0,False,WET,9.0,True,Ferrari,0 days 00:35:47.612000,2022-04-22 11:50:47.624,12,,False,,False,False,114.26,114.25999999999999
143,0 days 00:40:09.770000,LEC,16,0 days 00:02:27.898000,10.0,2.0,0 days 00:38:26.937000,0 days 00:40:05.347000,75.817,35.223,36.858,0 days 00:38:57.689000,0 days 00:39:32.912000,0 days 00:40:09.770000,177.0,239.0,,264.0,False,WET,10.0,False,Ferrari,0 days 00:37:41.872000,2022-04-22 11:52:41.884,1,,False,,False,False,147.898,147.898
144,0 days 00:54:20.466000,LEC,16,,11.0,3.0,0 days 00:52:41.698000,,,34.603,33.353,,0 days 00:53:47.239000,0 days 00:54:20.546000,179.0,230.0,259.0,238.0,False,INTERMEDIATE,1.0,True,Ferrari,0 days 00:40:09.770000,2022-04-22 11:55:09.782,1,,False,,False,False,,
145,0 days 00:56:09.543000,LEC,16,0 days 00:01:49.077000,12.0,3.0,,,36.827,33.171,39.079,0 days 00:54:57.293000,0 days 00:55:30.464000,0 days 00:56:09.543000,186.0,245.0,259.0,217.0,False,INTERMEDIATE,2.0,True,Ferrari,0 days 00:54:20.466000,2022-04-22 12:09:20.478,12,,False,,False,True,109.077,109.077
146,0 days 00:57:42.055000,LEC,16,0 days 00:01:32.512000,13.0,3.0,,,29.852,31.651,31.009,0 days 00:56:39.395000,0 days 00:57:11.046000,0 days 00:57:42.055000,194.0,243.0,264.0,281.0,True,INTERMEDIATE,3.0,True,Ferrari,0 days 00:56:09.543000,2022-04-22 12:11:09.555,1,,False,,False,True,92.512,92.512
147,0 days 00:59:21.735000,LEC,16,0 days 00:01:39.680000,14.0,3.0,,,29.61,31.628,38.442,0 days 00:58:11.665000,0 days 00:58:43.293000,0 days 00:59:21.735000,195.0,246.0,260.0,201.0,False,INTERMEDIATE,4.0,True,Ferrari,0 days 00:57:42.055000,2022-04-22 12:12:42.067,1,,False,,False,True,99.68,99.68
148,0 days 01:01:03.562000,LEC,16,0 days 00:01:41.827000,15.0,3.0,,,29.149,31.145,41.533,0 days 00:59:50.884000,0 days 01:00:22.029000,0 days 01:01:03.562000,197.0,247.0,262.0,142.0,False,INTERMEDIATE,5.0,True,Ferrari,0 days 00:59:21.735000,2022-04-22 12:14:21.747,12,,False,,False,True,101.827,101.827
149,0 days 01:02:35.618000,LEC,16,0 days 00:01:32.056000,16.0,3.0,,,28.839,31.434,31.783,0 days 01:01:32.401000,0 days 01:02:03.835000,0 days 01:02:35.618000,197.0,246.0,266.0,243.0,True,INTERMEDIATE,6.0,True,Ferrari,0 days 01:01:03.562000,2022-04-22 12:16:03.574,1,,False,,False,True,92.056,92.056
150,0 days 01:04:15.923000,LEC,16,0 days 00:01:40.305000,17.0,3.0,,,31.308,32.431,36.566,0 days 01:03:06.926000,0 days 01:03:39.357000,0 days 01:04:15.923000,190.0,233.0,266.0,177.0,False,INTERMEDIATE,7.0,True,Ferrari,0 days 01:02:35.618000,2022-04-22 12:17:35.630,1,,False,,False,True,100.305,100.305
151,0 days 01:05:45.325000,LEC,16,0 days 00:01:29.402000,18.0,3.0,,,28.415,30.585,30.402,0 days 01:04:44.338000,0 days 01:05:14.923000,0 days 01:05:45.325000,197.0,251.0,268.0,289.0,True,INTERMEDIATE,8.0,True,Ferrari,0 days 01:04:15.923000,2022-04-22 12:19:15.935,1,,False,,False,True,89.402,89.402
152,0 days 01:07:27.196000,LEC,16,0 days 00:01:41.871000,19.0,3.0,,,29.132,31.647,41.092,0 days 01:06:14.457000,0 days 01:06:46.104000,0 days 01:07:27.196000,187.0,248.0,261.0,206.0,False,INTERMEDIATE,9.0,True,Ferrari,0 days 01:05:45.325000,2022-04-22 12:20:45.337,1,,False,,False,True,101.871,101.871
153,0 days 01:08:57.164000,LEC,16,0 days 00:01:29.968000,20.0,3.0,,,28.519,30.786,30.663,0 days 01:07:55.715000,0 days 01:08:26.501000,0 days 01:08:57.164000,200.0,247.0,265.0,285.0,False,INTERMEDIATE,10.0,True,Ferrari,0 days 01:07:27.196000,2022-04-22 12:22:27.208,1,,False,,False,True,89.968,89.968
154,0 days 01:13:27.065000,LEC,16,,21.0,3.0,,0 days 01:10:52.950000,29.295,,,0 days 01:09:26.573000,,,197.0,,,,False,INTERMEDIATE,11.0,True,Ferrari,0 days 01:08:57.164000,2022-04-22 12:23:57.176,125,,False,,False,False,,
155,0 days 01:15:06.426000,LEC,16,,22.0,4.0,0 days 01:13:27.065000,,,34.983,33.222,,0 days 01:14:33.248000,0 days 01:15:06.474000,192.0,226.0,261.0,224.0,False,INTERMEDIATE,12.0,False,Ferrari,0 days 01:13:27.065000,2022-04-22 12:28:27.077,1,,False,,False,False,,
156,0 days 01:17:03.171000,LEC,16,0 days 00:01:56.745000,23.0,4.0,,,32.508,37.123,47.114,0 days 01:15:38.934000,0 days 01:16:16.057000,0 days 01:17:03.171000,169.0,225.0,78.0,209.0,False,INTERMEDIATE,13.0,False,Ferrari,0 days 01:15:06.426000,2022-04-22 12:30:06.438,12,,False,,False,True,116.745,116.745
157,0 days 01:19:45.374000,LEC,16,,24.0,4.0,,0 days 01:19:40.866000,67.393,49.206,45.646,0 days 01:18:10.639000,0 days 01:18:59.831000,0 days 01:19:45.374000,180.0,203.0,,194.0,False,INTERMEDIATE,14.0,False,Ferrari,0 days 01:17:03.171000,2022-04-22 12:32:03.183,2,,False,,False,False,,162.245
158,0 days 00:24:19.195000,STR,18,,1.0,1.0,0 days 00:22:32.562000,,,37.401,36.647,,0 days 00:23:42.698000,0 days 00:24:19.246000,162.0,221.0,250.0,193.0,False,WET,1.0,True,Aston Martin,0 days 00:22:32.562000,2022-04-22 11:37:32.574,12,,False,,False,False,,
159,0 days 00:26:08.044000,STR,18,0 days 00:01:48.849000,2.0,1.0,,,33.262,38.298,37.289,0 days 00:24:52.457000,0 days 00:25:30.755000,0 days 00:26:08.044000,184.0,217.0,254.0,189.0,True,WET,2.0,True,Aston Martin,0 days 00:24:19.195000,2022-04-22 11:39:19.207,12,,False,,False,True,108.849,108.849
160,0 days 00:28:07.412000,STR,18,0 days 00:01:59.368000,3.0,1.0,,,32.636,48.056,38.676,0 days 00:26:40.680000,0 days 00:27:28.736000,0 days 00:28:07.412000,182.0,223.0,257.0,155.0,False,WET,3.0,True,Aston Martin,0 days 00:26:08.044000,2022-04-22 11:41:08.056,12,,False,,False,True,119.368,119.36800000000001
161,0 days 00:29:47.852000,STR,18,0 days 00:01:40.440000,4.0,1.0,,,32.029,34.617,33.794,0 days 00:28:39.441000,0 days 00:29:14.058000,0 days 00:29:47.852000,183.0,237.0,258.0,213.0,True,WET,4.0,True,Aston Martin,0 days 00:28:07.412000,2022-04-22 11:43:07.424,1,,False,,False,True,100.44,100.44
162,0 days 00:31:53.129000,STR,18,0 days 00:02:05.277000,5.0,1.0,,0 days 00:31:48.702000,32.058,45.042,48.177,0 days 00:30:19.910000,0 days 00:31:04.952000,0 days 00:31:53.129000,183.0,75.0,,167.0,False,WET,5.0,True,Aston Martin,0 days 00:29:47.852000,2022-04-22 11:44:47.864,1,,False,,False,False,125.277,125.27699999999999
163,0 days 00:37:01.136000,STR,18,,6.0,2.0,0 days 00:35:19.661000,,,36.705,34.033,,0 days 00:36:27.196000,0 days 00:37:01.168000,177.0,229.0,255.0,229.0,False,WET,6.0,False,Aston Martin,0 days 00:31:53.129000,2022-04-22 11:46:53.141,12,,False,,False,False,,
164,0 days 00:38:57.756000,STR,18,0 days 00:01:56.620000,7.0,2.0,,0 days 00:38:53.261000,31.457,38.907,46.256,0 days 00:37:32.593000,0 days 00:38:11.500000,0 days 00:38:57.756000,190.0,159.0,,171.0,False,WET,7.0,False,Aston Martin,0 days 00:37:01.136000,2022-04-22 11:52:01.148,1,,False,,False,False,116.62,116.62
165,0 days 00:45:12.922000,STR,18,,8.0,3.0,0 days 00:43:29.651000,,,36.384,35.105,,0 days 00:44:37.934000,0 days 00:45:12.990000,172.0,225.0,257.0,218.0,False,INTERMEDIATE,1.0,True,Aston Martin,0 days 00:38:57.756000,2022-04-22 11:53:57.768,1,,False,,False,False,,
166,0 days 00:46:52.943000,STR,18,0 days 00:01:40.021000,9.0,3.0,,,31.982,34.962,33.077,0 days 00:45:44.904000,0 days 00:46:19.866000,0 days 00:46:52.943000,184.0,223.0,259.0,242.0,True,INTERMEDIATE,2.0,True,Aston Martin,0 days 00:45:12.922000,2022-04-22 12:00:12.934,1,,False,,False,True,100.021,100.021
167,0 days 00:48:30.452000,STR,18,0 days 00:01:37.509000,10.0,3.0,,,31.458,33.258,32.793,0 days 00:47:24.401000,0 days 00:47:57.659000,0 days 00:48:30.452000,186.0,242.0,259.0,256.0,True,INTERMEDIATE,3.0,True,Aston Martin,0 days 00:46:52.943000,2022-04-22 12:01:52.955,1,,False,,False,True,97.509,97.50900000000001
168,0 days 00:50:07.192000,STR,18,0 days 00:01:36.740000,11.0,3.0,,,30.922,33.314,32.504,0 days 00:49:01.374000,0 days 00:49:34.688000,0 days 00:50:07.192000,186.0,241.0,258.0,254.0,True,INTERMEDIATE,4.0,True,Aston Martin,0 days 00:48:30.452000,2022-04-22 12:03:30.464,1,,False,,False,True,96.74,96.74000000000001
169,0 days 00:51:51.828000,STR,18,0 days 00:01:44.636000,12.0,3.0,,,33.322,34.728,36.586,0 days 00:50:40.514000,0 days 00:51:15.242000,0 days 00:51:51.828000,173.0,239.0,258.0,253.0,False,INTERMEDIATE,5.0,True,Aston Martin,0 days 00:50:07.192000,2022-04-22 12:05:07.204,1,,False,,False,True,104.636,104.63600000000001
170,0 days 00:53:28.636000,STR,18,0 days 00:01:36.808000,13.0,3.0,,,31.296,33.025,32.487,0 days 00:52:23.124000,0 days 00:52:56.149000,0 days 00:53:28.636000,192.0,241.0,260.0,244.0,False,INTERMEDIATE,6.0,True,Aston Martin,0 days 00:51:51.828000,2022-04-22 12:06:51.840,1,,False,,False,True,96.808,96.80799999999999
171,0 days 00:55:04.669000,STR,18,0 days 00:01:36.033000,14.0,3.0,,,30.809,32.854,32.37,0 days 00:53:59.445000,0 days 00:54:32.299000,0 days 00:55:04.669000,190.0,240.0,260.0,256.0,True,INTERMEDIATE,7.0,True,Aston Martin,0 days 00:53:28.636000,2022-04-22 12:08:28.648,12,,False,,False,True,96.033,96.03299999999999
172,0 days 00:56:58.037000,STR,18,0 days 00:01:53.368000,15.0,3.0,,0 days 00:56:53.545000,33.83,35.984,43.554,0 days 00:55:38.499000,0 days 00:56:14.483000,0 days 00:56:58.037000,187.0,229.0,,206.0,False,INTERMEDIATE,8.0,True,Aston Martin,0 days 00:55:04.669000,2022-04-22 12:10:04.681,1,,False,,False,False,113.368,113.368
173,0 days 01:06:12.620000,STR,18,,16.0,4.0,0 days 01:04:31.500000,,,35.591,34.53,,0 days 01:05:38.177000,0 days 01:06:12.639000,176.0,222.0,256.0,231.0,False,INTERMEDIATE,9.0,False,Aston Martin,0 days 00:56:58.037000,2022-04-22 12:11:58.049,12,,False,,False,False,,
174,0 days 01:07:51.089000,STR,18,0 days 00:01:38.469000,17.0,4.0,,,30.849,32.971,34.649,0 days 01:06:43.469000,0 days 01:07:16.440000,0 days 01:07:51.089000,185.0,242.0,258.0,261.0,False,INTERMEDIATE,10.0,False,Aston Martin,0 days 01:06:12.620000,2022-04-22 12:21:12.632,1,,False,,False,True,98.469,98.469
175,0 days 01:09:27.162000,STR,18,0 days 00:01:36.073000,18.0,4.0,,,29.983,32.861,33.229,0 days 01:08:21.072000,0 days 01:08:53.933000,0 days 01:09:27.162000,193.0,242.0,260.0,237.0,False,INTERMEDIATE,11.0,False,Aston Martin,0 days 01:07:51.089000,2022-04-22 12:22:51.101,12,,False,,False,True,96.073,96.073
176,0 days 01:11:29.074000,STR,18,0 days 00:02:01.912000,19.0,4.0,,0 days 01:11:24.544000,,,,,,,,,,,False,INTERMEDIATE,12.0,False,Aston Martin,0 days 01:09:27.162000,2022-04-22 12:24:27.174,251,,False,,False,False,121.912,
177,0 days 01:14:29.786000,STR,18,,20.0,5.0,0 days 01:12:41.819000,,,35.797,38.731,,0 days 01:13:51.134000,0 days 01:14:29.809000,168.0,233.0,257.0,203.0,False,INTERMEDIATE,14.0,False,Aston Martin,0 days 01:12:41.819000,2022-04-22 12:27:41.831,1,,False,,False,False,,
178,0 days 01:16:08.638000,STR,18,0 days 00:01:38.852000,21.0,5.0,,,31.106,34.037,33.709,0 days 01:15:00.892000,0 days 01:15:34.929000,0 days 01:16:08.638000,191.0,240.0,261.0,210.0,False,INTERMEDIATE,15.0,False,Aston Martin,0 days 01:14:29.786000,2022-04-22 12:29:29.798,1,,False,,False,True,98.852,98.852
179,0 days 01:18:12.437000,STR,18,0 days 00:02:03.799000,22.0,5.0,,,35.336,42.454,46.009,0 days 01:16:43.974000,0 days 01:17:26.428000,0 days 01:18:12.437000,173.0,196.0,81.0,168.0,False,INTERMEDIATE,16.0,False,Aston Martin,0 days 01:16:08.638000,2022-04-22 12:31:08.650,12,,False,,False,True,123.799,123.79899999999999
180,0 days 01:20:38.479000,STR,18,0 days 00:02:26.042000,23.0,5.0,,0 days 01:20:33.999000,61.242,39.974,44.826,0 days 01:19:13.679000,0 days 01:19:53.653000,0 days 01:20:38.479000,158.0,214.0,,168.0,False,INTERMEDIATE,17.0,False,Aston Martin,0 days 01:18:12.437000,2022-04-22 12:33:12.449,2,,False,,False,False,146.042,146.042
181,0 days 00:21:09.606000,MAG,20,,1.0,1.0,0 days 00:19:20.854000,,,38.216,36.395,,0 days 00:20:33.353000,0 days 00:21:09.682000,174.0,220.0,252.0,175.0,False,WET,1.0,True,Haas F1 Team,0 days 00:19:20.854000,2022-04-22 11:34:20.866,1,,False,,False,False,,
182,0 days 00:22:53.012000,MAG,20,0 days 00:01:43.406000,2.0,1.0,,,33.881,35.423,34.102,0 days 00:21:43.487000,0 days 00:22:18.910000,0 days 00:22:53.012000,188.0,232.0,254.0,217.0,True,WET,2.0,True,Haas F1 Team,0 days 00:21:09.606000,2022-04-22 11:36:09.618,1,,False,,False,True,103.406,103.406
183,0 days 00:24:35.551000,MAG,20,0 days 00:01:42.539000,3.0,1.0,,,33.129,35.946,33.464,0 days 00:23:26.141000,0 days 00:24:02.087000,0 days 00:24:35.551000,193.0,220.0,256.0,237.0,True,WET,3.0,True,Haas F1 Team,0 days 00:22:53.012000,2022-04-22 11:37:53.024,12,,False,,False,True,102.539,102.53899999999999
184,0 days 00:26:15.562000,MAG,20,0 days 00:01:40.011000,4.0,1.0,,,31.737,34.484,33.79,0 days 00:25:07.288000,0 days 00:25:41.772000,0 days 00:26:15.562000,190.0,239.0,258.0,225.0,True,WET,4.0,True,Haas F1 Team,0 days 00:24:35.551000,2022-04-22 11:39:35.563,12,,False,,False,True,100.011,100.011
185,0 days 00:28:02.139000,MAG,20,0 days 00:01:46.577000,5.0,1.0,,,32.68,36.064,37.833,0 days 00:26:48.242000,0 days 00:27:24.306000,0 days 00:28:02.139000,190.0,225.0,258.0,156.0,False,WET,5.0,True,Haas F1 Team,0 days 00:26:15.562000,2022-04-22 11:41:15.574,12,,False,,False,True,106.577,106.577
186,0 days 00:29:40.145000,MAG,20,0 days 00:01:38.006000,6.0,1.0,,,31.363,33.739,32.904,0 days 00:28:33.502000,0 days 00:29:07.241000,0 days 00:29:40.145000,182.0,240.0,258.0,249.0,True,WET,6.0,True,Haas F1 Team,0 days 00:28:02.139000,2022-04-22 11:43:02.151,1,,False,,False,True,98.006,98.006
187,0 days 00:31:18.097000,MAG,20,0 days 00:01:37.952000,7.0,1.0,,,31.005,33.648,33.299,0 days 00:30:11.150000,0 days 00:30:44.798000,0 days 00:31:18.097000,186.0,240.0,259.0,231.0,True,WET,7.0,True,Haas F1 Team,0 days 00:29:40.145000,2022-04-22 11:44:40.157,1,,False,,False,True,97.952,97.952
188,0 days 00:33:01.740000,MAG,20,0 days 00:01:43.643000,8.0,1.0,,,32.181,37.221,34.241,0 days 00:31:50.278000,0 days 00:32:27.499000,0 days 00:33:01.740000,175.0,168.0,258.0,246.0,False,WET,8.0,True,Haas F1 Team,0 days 00:31:18.097000,2022-04-22 11:46:18.109,1,,False,,False,True,103.643,103.64299999999999
189,0 days 00:34:38.505000,MAG,20,0 days 00:01:36.765000,9.0,1.0,,,30.825,33.37,32.57,0 days 00:33:32.565000,0 days 00:34:05.935000,0 days 00:34:38.505000,191.0,238.0,258.0,256.0,True,WET,9.0,True,Haas F1 Team,0 days 00:33:01.740000,2022-04-22 11:48:01.752,1,,False,,False,True,96.765,96.76499999999999
190,0 days 00:36:15.191000,MAG,20,0 days 00:01:36.686000,10.0,1.0,,,30.418,33.372,32.896,0 days 00:35:08.923000,0 days 00:35:42.295000,0 days 00:36:15.191000,190.0,240.0,260.0,262.0,True,WET,10.0,True,Haas F1 Team,0 days 00:34:38.505000,2022-04-22 11:49:38.517,1,,False,,False,True,96.686,96.686
191,0 days 00:38:04.158000,MAG,20,0 days 00:01:48.967000,11.0,1.0,,0 days 00:37:59.727000,32.134,35.135,41.698,0 days 00:36:47.325000,0 days 00:37:22.460000,0 days 00:38:04.158000,182.0,192.0,,201.0,False,WET,11.0,True,Haas F1 Team,0 days 00:36:15.191000,2022-04-22 11:51:15.203,12,,False,,False,False,108.967,108.96700000000001
192,0 days 00:54:22.023000,MAG,20,,12.0,2.0,0 days 00:52:36.577000,,,35.372,38.671,,0 days 00:53:43.502000,0 days 00:54:22.094000,180.0,227.0,257.0,248.0,False,INTERMEDIATE,1.0,True,Haas F1 Team,0 days 00:38:04.158000,2022-04-22 11:53:04.170,1,,False,,False,False,,
193,0 days 00:56:02.491000,MAG,20,0 days 00:01:40.468000,13.0,2.0,,,33.711,33.606,33.151,0 days 00:54:55.734000,0 days 00:55:29.340000,0 days 00:56:02.491000,187.0,240.0,260.0,246.0,False,INTERMEDIATE,2.0,True,Haas F1 Team,0 days 00:54:22.023000,2022-04-22 12:09:22.035,12,,True,DOUBLE YELLOW AT TURN 4,False,True,100.468,100.46800000000002
194,0 days 00:57:40.394000,MAG,20,0 days 00:01:37.903000,14.0,2.0,,,30.514,33.587,33.802,0 days 00:56:33.005000,0 days 00:57:06.592000,0 days 00:57:40.394000,192.0,233.0,259.0,189.0,False,INTERMEDIATE,3.0,True,Haas F1 Team,0 days 00:56:02.491000,2022-04-22 12:11:02.503,1,,False,,False,True,97.903,97.90299999999999
195,0 days 00:59:16.103000,MAG,20,0 days 00:01:35.709000,15.0,2.0,,,29.866,32.292,33.551,0 days 00:58:10.260000,0 days 00:58:42.552000,0 days 00:59:16.103000,189.0,244.0,262.0,275.0,True,INTERMEDIATE,4.0,True,Haas F1 Team,0 days 00:57:40.394000,2022-04-22 12:12:40.406,1,,False,,False,True,95.709,95.709
196,0 days 01:00:49.824000,MAG,20,0 days 00:01:33.721000,16.0,2.0,,,29.826,32.05,31.845,0 days 00:59:45.929000,0 days 01:00:17.979000,0 days 01:00:49.824000,195.0,242.0,262.0,265.0,True,INTERMEDIATE,5.0,True,Haas F1 Team,0 days 00:59:16.103000,2022-04-22 12:14:16.115,12,,False,,False,True,93.721,93.721
197,0 days 01:02:22.263000,MAG,20,0 days 00:01:32.439000,17.0,2.0,,,29.182,32.038,31.219,0 days 01:01:19.006000,0 days 01:01:51.044000,0 days 01:02:22.263000,195.0,238.0,262.0,269.0,True,INTERMEDIATE,6.0,True,Haas F1 Team,0 days 01:00:49.824000,2022-04-22 12:15:49.836,1,,False,,False,True,92.439,92.439
198,0 days 01:04:03.501000,MAG,20,0 days 00:01:41.238000,18.0,2.0,,,30.17,35.226,35.842,0 days 01:02:52.433000,0 days 01:03:27.659000,0 days 01:04:03.501000,174.0,221.0,256.0,261.0,False,INTERMEDIATE,7.0,True,Haas F1 Team,0 days 01:02:22.263000,2022-04-22 12:17:22.275,1,,False,,False,True,101.238,101.238
199,0 days 01:05:42.566000,MAG,20,0 days 00:01:39.065000,19.0,2.0,,0 days 01:05:38.118000,29.687,31.83,37.548,0 days 01:04:33.188000,0 days 01:05:05.018000,0 days 01:05:42.566000,193.0,242.0,,245.0,False,INTERMEDIATE,8.0,True,Haas F1 Team,0 days 01:04:03.501000,2022-04-22 12:19:03.513,1,,False,,False,False,99.065,99.065
200,0 days 01:14:08.633000,MAG,20,,20.0,3.0,0 days 01:12:07.561000,,,35.279,34.398,,0 days 01:13:34.310000,0 days 01:14:08.633000,181.0,224.0,255.0,207.0,False,INTERMEDIATE,9.0,False,Haas F1 Team,0 days 01:12:07.561000,2022-04-22 12:27:07.573,1,,False,,False,False,,
201,0 days 01:15:52.383000,MAG,20,0 days 00:01:43.750000,21.0,3.0,,,31.686,34.506,37.558,0 days 01:14:40.319000,0 days 01:15:14.825000,0 days 01:15:52.383000,184.0,226.0,254.0,174.0,False,INTERMEDIATE,10.0,False,Haas F1 Team,0 days 01:14:08.633000,2022-04-22 12:29:08.645,1,,False,,False,True,103.75,103.75
202,0 days 01:17:45.340000,MAG,20,0 days 00:01:52.957000,22.0,3.0,,,33.036,39.021,40.9,0 days 01:16:25.419000,0 days 01:17:04.440000,0 days 01:17:45.340000,167.0,194.0,90.0,193.0,False,INTERMEDIATE,11.0,False,Haas F1 Team,0 days 01:15:52.383000,2022-04-22 12:30:52.395,12,,False,,False,True,112.957,112.957
203,0 days 01:20:23.180000,MAG,20,,23.0,3.0,,0 days 01:20:18.668000,77.034,37.881,42.935,0 days 01:19:02.458000,0 days 01:19:40.307000,0 days 01:20:23.180000,182.0,187.0,,188.0,False,INTERMEDIATE,12.0,False,Haas F1 Team,0 days 01:17:45.340000,2022-04-22 12:32:45.352,2,,False,,False,False,,157.85000000000002
204,0 days 00:23:43.702000,TSU,22,,1.0,1.0,0 days 00:21:52.462000,,,39.565,37.082,,0 days 00:23:06.733000,0 days 00:23:43.771000,162.0,223.0,255.0,199.0,False,WET,1.0,True,AlphaTauri,0 days 00:21:52.462000,2022-04-22 11:36:52.474,12,,False,,False,False,,
205,0 days 00:25:28.646000,TSU,22,0 days 00:01:44.944000,2.0,1.0,,,33.714,36.316,34.914,0 days 00:24:17.416000,0 days 00:24:53.732000,0 days 00:25:28.646000,180.0,234.0,256.0,212.0,True,WET,2.0,True,AlphaTauri,0 days 00:23:43.702000,2022-04-22 11:38:43.714,12,,False,,False,True,104.944,104.944
206,0 days 00:27:09.978000,TSU,22,0 days 00:01:41.332000,3.0,1.0,,,32.193,35.032,34.107,0 days 00:26:00.839000,0 days 00:26:35.871000,0 days 00:27:09.978000,183.0,236.0,259.0,224.0,True,WET,3.0,True,AlphaTauri,0 days 00:25:28.646000,2022-04-22 11:40:28.658,1,,False,,False,True,101.332,101.332
207,0 days 00:28:49.442000,TSU,22,0 days 00:01:39.464000,4.0,1.0,,,31.38,34.302,33.782,0 days 00:27:41.358000,0 days 00:28:15.660000,0 days 00:28:49.442000,187.0,240.0,262.0,214.0,True,WET,4.0,True,AlphaTauri,0 days 00:27:09.978000,2022-04-22 11:42:09.990,12,,False,,False,True,99.464,99.464
208,0 days 00:30:52.156000,TSU,22,0 days 00:02:02.714000,5.0,1.0,,,40.087,42.88,39.747,0 days 00:29:29.529000,0 days 00:30:12.409000,0 days 00:30:52.156000,171.0,230.0,255.0,136.0,False,WET,5.0,True,AlphaTauri,0 days 00:28:49.442000,2022-04-22 11:43:49.454,1,,False,,False,True,122.714,122.71400000000001
209,0 days 00:32:29.827000,TSU,22,0 days 00:01:37.671000,6.0,1.0,,,31.092,33.769,32.81,0 days 00:31:23.248000,0 days 00:31:57.017000,0 days 00:32:29.827000,185.0,241.0,258.0,240.0,True,WET,6.0,True,AlphaTauri,0 days 00:30:52.156000,2022-04-22 11:45:52.168,1,,False,,False,True,97.671,97.67099999999999
210,0 days 00:34:07.034000,TSU,22,0 days 00:01:37.207000,7.0,1.0,,,30.674,33.575,32.958,0 days 00:33:00.501000,0 days 00:33:34.076000,0 days 00:34:07.034000,189.0,240.0,258.0,244.0,True,WET,7.0,True,AlphaTauri,0 days 00:32:29.827000,2022-04-22 11:47:29.839,1,,False,,False,True,97.207,97.207
211,0 days 00:36:04.417000,TSU,22,0 days 00:01:57.383000,8.0,1.0,,,37.781,39.796,39.806,0 days 00:34:44.815000,0 days 00:35:24.611000,0 days 00:36:04.417000,168.0,171.0,258.0,211.0,False,WET,8.0,True,AlphaTauri,0 days 00:34:07.034000,2022-04-22 11:49:07.046,1,,False,,False,True,117.383,117.383
212,0 days 00:37:54.406000,TSU,22,0 days 00:01:49.989000,9.0,1.0,,0 days 00:37:50.032000,30.429,33.529,46.031,0 days 00:36:34.846000,0 days 00:37:08.375000,0 days 00:37:54.406000,186.0,240.0,,180.0,False,WET,9.0,True,AlphaTauri,0 days 00:36:04.417000,2022-04-22 11:51:04.429,12,,False,,False,False,109.989,109.989
213,0 days 01:00:58.237000,TSU,22,,10.0,2.0,0 days 00:59:04.073000,,,35.183,45.994,,0 days 01:00:12.289000,0 days 01:00:58.263000,170.0,234.0,251.0,120.0,False,INTERMEDIATE,1.0,True,AlphaTauri,0 days 00:37:54.406000,2022-04-22 11:52:54.418,12,,False,,False,False,,
214,0 days 01:02:35.253000,TSU,22,0 days 00:01:37.016000,11.0,2.0,,,31.286,33.187,32.543,0 days 01:01:29.523000,0 days 01:02:02.710000,0 days 01:02:35.253000,182.0,238.0,258.0,244.0,True,INTERMEDIATE,2.0,True,AlphaTauri,0 days 01:00:58.237000,2022-04-22 12:15:58.249,1,,False,,False,True,97.016,97.01599999999999
215,0 days 01:04:09.083000,TSU,22,0 days 00:01:33.830000,12.0,2.0,,,29.79,32.007,32.033,0 days 01:03:05.043000,0 days 01:03:37.050000,0 days 01:04:09.083000,192.0,246.0,259.0,251.0,True,INTERMEDIATE,3.0,True,AlphaTauri,0 days 01:02:35.253000,2022-04-22 12:17:35.265,1,,False,,False,True,93.83,93.83
216,0 days 01:05:52.391000,TSU,22,0 days 00:01:43.308000,13.0,2.0,,,30.07,36.218,37.02,0 days 01:04:39.153000,0 days 01:05:15.371000,0 days 01:05:52.391000,192.0,104.0,258.0,163.0,False,INTERMEDIATE,4.0,True,AlphaTauri,0 days 01:04:09.083000,2022-04-22 12:19:09.095,1,,False,,False,True,103.308,103.30800000000002
217,0 days 01:07:33.106000,TSU,22,0 days 00:01:40.715000,14.0,2.0,,,29.614,36.793,34.308,0 days 01:06:22.005000,0 days 01:06:58.798000,0 days 01:07:33.106000,193.0,222.0,256.0,235.0,False,INTERMEDIATE,5.0,True,AlphaTauri,0 days 01:05:52.391000,2022-04-22 12:20:52.403,1,,False,,False,True,100.715,100.715
218,0 days 01:09:06.717000,TSU,22,0 days 00:01:33.611000,15.0,2.0,,,29.594,32.138,31.879,0 days 01:08:02.700000,0 days 01:08:34.838000,0 days 01:09:06.717000,187.0,246.0,260.0,273.0,True,INTERMEDIATE,6.0,True,AlphaTauri,0 days 01:07:33.106000,2022-04-22 12:22:33.118,1,,False,,False,True,93.611,93.611
219,0 days 01:14:10.610000,TSU,22,,16.0,2.0,,0 days 01:11:01.932000,,,,,,,,,,,False,INTERMEDIATE,7.0,True,AlphaTauri,0 days 01:09:06.717000,2022-04-22 12:24:06.729,125,,False,,False,False,,
220,0 days 01:16:00.622000,TSU,22,,17.0,3.0,0 days 01:14:10.610000,,,35.543,33.918,,0 days 01:15:26.779000,0 days 01:16:00.645000,167.0,236.0,260.0,228.0,False,INTERMEDIATE,8.0,False,AlphaTauri,0 days 01:14:10.610000,2022-04-22 12:29:10.622,1,,False,,False,False,,
221,0 days 01:18:06.594000,TSU,22,0 days 00:02:05.972000,18.0,3.0,,0 days 01:18:02.084000,37.754,41.014,47.204,0 days 01:16:38.376000,0 days 01:17:19.390000,0 days 01:18:06.594000,162.0,218.0,,177.0,False,INTERMEDIATE,9.0,False,AlphaTauri,0 days 01:16:00.622000,2022-04-22 12:31:00.634,12,,False,,False,False,125.972,125.97200000000001
222,0 days 00:25:03.758000,ALB,23,,1.0,1.0,0 days 00:23:13.274000,,,38.236,39.398,,0 days 00:24:24.544000,0 days 00:25:03.801000,171.0,218.0,255.0,167.0,False,WET,1.0,True,Williams,0 days 00:23:13.274000,2022-04-22 11:38:13.286,12,,False,,False,False,,
223,0 days 00:26:46.604000,ALB,23,0 days 00:01:42.846000,2.0,1.0,,,33.191,35.399,34.256,0 days 00:25:36.949000,0 days 00:26:12.348000,0 days 00:26:46.604000,182.0,232.0,260.0,210.0,True,WET,2.0,True,Williams,0 days 00:25:03.758000,2022-04-22 11:40:03.770,1,,False,,False,True,102.846,102.846
224,0 days 00:28:34.329000,ALB,23,0 days 00:01:47.725000,3.0,1.0,,0 days 00:28:29.880000,32.197,34.898,40.63,0 days 00:27:18.801000,0 days 00:27:53.699000,0 days 00:28:34.329000,188.0,236.0,,202.0,False,WET,3.0,True,Williams,0 days 00:26:46.604000,2022-04-22 11:41:46.616,12,,False,,False,False,107.725,107.725
225,0 days 00:43:46.381000,ALB,23,,4.0,2.0,0 days 00:42:02.425000,,,36.394,36.29,,0 days 00:43:10.318000,0 days 00:43:46.468000,172.0,227.0,258.0,163.0,False,WET,4.0,False,Williams,0 days 00:28:34.329000,2022-04-22 11:43:34.341,12,,False,,False,False,,
226,0 days 00:45:26.496000,ALB,23,0 days 00:01:40.115000,5.0,2.0,,,31.908,34.846,33.361,0 days 00:44:18.289000,0 days 00:44:53.135000,0 days 00:45:26.496000,179.0,239.0,260.0,217.0,True,WET,5.0,False,Williams,0 days 00:43:46.381000,2022-04-22 11:58:46.393,1,,False,,False,True,100.115,100.11499999999998
227,0 days 00:47:05.413000,ALB,23,0 days 00:01:38.917000,6.0,2.0,,,31.452,34.176,33.289,0 days 00:45:57.948000,0 days 00:46:32.124000,0 days 00:47:05.413000,178.0,241.0,261.0,224.0,True,WET,6.0,False,Williams,0 days 00:45:26.496000,2022-04-22 12:00:26.508,1,,False,,False,True,98.917,98.917
228,0 days 00:48:50.391000,ALB,23,0 days 00:01:44.978000,7.0,2.0,,,32.904,37.375,34.699,0 days 00:47:38.317000,0 days 00:48:15.692000,0 days 00:48:50.391000,154.0,234.0,259.0,183.0,False,WET,7.0,False,Williams,0 days 00:47:05.413000,2022-04-22 12:02:05.425,1,,False,,False,True,104.978,104.978
229,0 days 00:50:28.585000,ALB,23,0 days 00:01:38.194000,8.0,2.0,,,31.117,34.244,32.833,0 days 00:49:21.508000,0 days 00:49:55.752000,0 days 00:50:28.585000,187.0,241.0,261.0,240.0,True,WET,8.0,False,Williams,0 days 00:48:50.391000,2022-04-22 12:03:50.403,1,,False,,False,True,98.194,98.194
230,0 days 00:52:12.228000,ALB,23,0 days 00:01:43.643000,9.0,2.0,,0 days 00:52:07.815000,30.939,34.209,38.495,0 days 00:50:59.524000,0 days 00:51:33.733000,0 days 00:52:12.228000,191.0,240.0,,225.0,False,WET,9.0,False,Williams,0 days 00:50:28.585000,2022-04-22 12:05:28.597,1,,False,,False,False,103.643,103.643
231,0 days 01:05:22.330000,ALB,23,,10.0,3.0,0 days 01:03:31.431000,,,37.19,39.709,,0 days 01:04:42.758000,0 days 01:05:22.331000,177.0,223.0,261.0,96.0,False,INTERMEDIATE,1.0,True,Williams,0 days 00:52:12.228000,2022-04-22 12:07:12.240,12,,False,,False,False,,
232,0 days 01:07:02.725000,ALB,23,0 days 00:01:40.395000,11.0,3.0,,,31.555,34.203,34.637,0 days 01:05:53.885000,0 days 01:06:28.088000,0 days 01:07:02.725000,187.0,242.0,263.0,197.0,False,INTERMEDIATE,2.0,True,Williams,0 days 01:05:22.330000,2022-04-22 12:20:22.342,1,,False,,False,True,100.395,100.39500000000001
233,0 days 01:08:43.385000,ALB,23,0 days 00:01:40.660000,12.0,3.0,,,31.363,33.419,35.878,0 days 01:07:34.088000,0 days 01:08:07.507000,0 days 01:08:43.385000,196.0,243.0,266.0,184.0,False,INTERMEDIATE,3.0,True,Williams,0 days 01:07:02.725000,2022-04-22 12:22:02.737,1,,False,,False,True,100.66,100.66
234,0 days 01:12:49.352000,ALB,23,,13.0,3.0,,0 days 01:10:35.829000,30.181,,,0 days 01:09:13.711000,,,184.0,,,,False,INTERMEDIATE,4.0,True,Williams,0 days 01:08:43.385000,2022-04-22 12:23:43.397,125,,False,,False,False,,
235,0 days 01:14:38.489000,ALB,23,,14.0,4.0,0 days 01:12:49.352000,,,36.225,41.466,,0 days 01:13:57.115000,0 days 01:14:38.536000,180.0,232.0,260.0,190.0,False,INTERMEDIATE,5.0,False,Williams,0 days 01:12:49.352000,2022-04-22 12:27:49.364,1,,False,,False,False,,
236,0 days 01:16:14.950000,ALB,23,0 days 00:01:36.461000,15.0,4.0,,,30.475,33.201,32.785,0 days 01:15:08.964000,0 days 01:15:42.165000,0 days 01:16:14.950000,190.0,246.0,266.0,235.0,True,INTERMEDIATE,6.0,False,Williams,0 days 01:14:38.489000,2022-04-22 12:29:38.501,1,,False,,False,True,96.461,96.461
237,0 days 01:18:19.234000,ALB,23,0 days 00:02:04.284000,16.0,4.0,,,33.518,42.685,48.081,0 days 01:16:48.468000,0 days 01:17:31.153000,0 days 01:18:19.234000,174.0,180.0,54.0,176.0,False,INTERMEDIATE,7.0,False,Williams,0 days 01:16:14.950000,2022-04-22 12:31:14.962,12,,False,,False,True,124.284,124.284
238,0 days 01:20:52.232000,ALB,23,,17.0,4.0,,0 days 01:20:47.736000,65.813,40.785,46.383,0 days 01:19:25.189000,0 days 01:20:05.981000,0 days 01:20:52.232000,154.0,183.0,,162.0,False,INTERMEDIATE,8.0,False,Williams,0 days 01:18:19.234000,2022-04-22 12:33:19.246,2,,False,,False,False,,152.981
239,0 days 00:25:10.506000,ZHO,24,,1.0,1.0,0 days 00:23:07.226000,,,44.415,40.636,,0 days 00:24:30.013000,0 days 00:25:10.584000,146.0,195.0,248.0,169.0,False,WET,1.0,True,Alfa Romeo,0 days 00:23:07.226000,2022-04-22 11:38:07.238,12,,False,,False,False,,
240,0 days 00:27:02.394000,ZHO,24,0 days 00:01:51.888000,2.0,1.0,,,36.874,38.442,36.572,0 days 00:25:47.380000,0 days 00:26:25.822000,0 days 00:27:02.394000,172.0,223.0,251.0,191.0,True,WET,2.0,True,Alfa Romeo,0 days 00:25:10.506000,2022-04-22 11:40:10.518,1,,False,,False,True,111.888,111.888
241,0 days 00:28:48.886000,ZHO,24,0 days 00:01:46.492000,3.0,1.0,,,34.757,36.515,35.22,0 days 00:27:37.151000,0 days 00:28:13.666000,0 days 00:28:48.886000,179.0,232.0,254.0,216.0,True,WET,3.0,True,Alfa Romeo,0 days 00:27:02.394000,2022-04-22 11:42:02.406,12,,False,,False,True,106.492,106.49199999999999
242,0 days 00:30:32.164000,ZHO,24,0 days 00:01:43.278000,4.0,1.0,,,33.267,35.676,34.335,0 days 00:29:22.153000,0 days 00:29:57.829000,0 days 00:30:32.164000,184.0,236.0,256.0,208.0,True,WET,4.0,True,Alfa Romeo,0 days 00:28:48.886000,2022-04-22 11:43:48.898,1,,False,,False,True,103.278,103.27800000000002
243,0 days 00:32:14.047000,ZHO,24,0 days 00:01:41.883000,5.0,1.0,,,32.8,35.484,33.599,0 days 00:31:04.964000,0 days 00:31:40.448000,0 days 00:32:14.047000,183.0,235.0,258.0,247.0,True,WET,5.0,True,Alfa Romeo,0 days 00:30:32.164000,2022-04-22 11:45:32.176,1,,False,,False,True,101.883,101.88299999999998
244,0 days 00:33:54.745000,ZHO,24,0 days 00:01:40.698000,6.0,1.0,,,32.304,34.943,33.451,0 days 00:32:46.351000,0 days 00:33:21.294000,0 days 00:33:54.745000,183.0,237.0,258.0,238.0,True,WET,6.0,True,Alfa Romeo,0 days 00:32:14.047000,2022-04-22 11:47:14.059,1,,False,,False,True,100.698,100.69800000000001
245,0 days 00:35:36.823000,ZHO,24,0 days 00:01:42.078000,7.0,1.0,,,32.143,35.539,34.396,0 days 00:34:26.888000,0 days 00:35:02.427000,0 days 00:35:36.823000,188.0,236.0,261.0,216.0,False,WET,7.0,True,Alfa Romeo,0 days 00:33:54.745000,2022-04-22 11:48:54.757,1,,False,,False,True,102.078,102.078
246,0 days 00:37:17.505000,ZHO,24,0 days 00:01:40.682000,8.0,1.0,,,31.921,34.92,33.841,0 days 00:36:08.744000,0 days 00:36:43.664000,0 days 00:37:17.505000,180.0,237.0,257.0,254.0,True,WET,8.0,True,Alfa Romeo,0 days 00:35:36.823000,2022-04-22 11:50:36.835,12,,False,,False,True,100.682,100.68200000000002
247,0 days 00:38:56.914000,ZHO,24,0 days 00:01:39.409000,9.0,1.0,,,31.501,34.561,33.347,0 days 00:37:49.006000,0 days 00:38:23.567000,0 days 00:38:56.914000,186.0,238.0,256.0,238.0,True,WET,9.0,True,Alfa Romeo,0 days 00:37:17.505000,2022-04-22 11:52:17.517,1,,False,,False,True,99.409,99.40899999999999
248,0 days 00:40:36.929000,ZHO,24,0 days 00:01:40.015000,10.0,1.0,,,31.823,34.698,33.494,0 days 00:39:28.737000,0 days 00:40:03.435000,0 days 00:40:36.929000,184.0,239.0,256.0,245.0,False,WET,10.0,True,Alfa Romeo,0 days 00:38:56.914000,2022-04-22 11:53:56.926,1,,False,,False,True,100.015,100.015
249,0 days 00:42:23.951000,ZHO,24,0 days 00:01:47.022000,11.0,1.0,,,34.341,37.109,35.572,0 days 00:41:11.270000,0 days 00:41:48.379000,0 days 00:42:23.951000,171.0,221.0,256.0,191.0,False,WET,11.0,True,Alfa Romeo,0 days 00:40:36.929000,2022-04-22 11:55:36.941,1,,False,,False,True,107.022,107.022
250,0 days 00:44:02.806000,ZHO,24,0 days 00:01:38.855000,12.0,1.0,,,31.573,34.214,33.068,0 days 00:42:55.524000,0 days 00:43:29.738000,0 days 00:44:02.806000,192.0,239.0,258.0,247.0,True,WET,12.0,True,Alfa Romeo,0 days 00:42:23.951000,2022-04-22 11:57:23.963,1,,False,,False,True,98.855,98.855
251,0 days 00:45:58.491000,ZHO,24,0 days 00:01:55.685000,13.0,1.0,,0 days 00:45:54.073000,34.001,40.072,41.612,0 days 00:44:36.807000,0 days 00:45:16.879000,0 days 00:45:58.491000,175.0,163.0,,200.0,False,WET,13.0,True,Alfa Romeo,0 days 00:44:02.806000,2022-04-22 11:59:02.818,1,,False,,False,False,115.685,115.685
252,0 days 00:48:31.948000,ZHO,24,,14.0,2.0,0 days 00:46:24.215000,0 days 00:48:27.396000,76.347,36.162,40.851,0 days 00:47:14.990000,0 days 00:47:51.157000,0 days 00:48:31.948000,176.0,226.0,,223.0,False,WET,14.0,False,Alfa Romeo,0 days 00:45:58.491000,2022-04-22 12:00:58.503,1,,False,,False,False,,153.35999999999999
253,0 days 01:05:13.376000,ZHO,24,,15.0,3.0,0 days 01:03:24.166000,,,38.031,35.869,,0 days 01:04:37.657000,0 days 01:05:13.461000,158.0,227.0,254.0,195.0,False,INTERMEDIATE,1.0,True,Alfa Romeo,0 days 00:48:31.948000,2022-04-22 12:03:31.960,12,,False,,False,False,,
254,0 days 01:06:52.398000,ZHO,24,0 days 00:01:39.022000,16.0,3.0,,,31.893,33.838,33.291,0 days 01:05:45.269000,0 days 01:06:19.107000,0 days 01:06:52.398000,179.0,240.0,259.0,240.0,False,INTERMEDIATE,2.0,True,Alfa Romeo,0 days 01:05:13.376000,2022-04-22 12:20:13.388,1,,False,,False,True,99.022,99.02199999999999
255,0 days 01:08:29.848000,ZHO,24,0 days 00:01:37.450000,17.0,3.0,,,31.209,33.56,32.681,0 days 01:07:23.607000,0 days 01:07:57.167000,0 days 01:08:29.848000,168.0,240.0,260.0,250.0,True,INTERMEDIATE,3.0,True,Alfa Romeo,0 days 01:06:52.398000,2022-04-22 12:21:52.410,1,,False,,False,True,97.45,97.45
256,0 days 01:12:30.264000,ZHO,24,,18.0,3.0,,0 days 01:10:17.408000,31.109,,,0 days 01:09:01.070000,,,176.0,,,,False,INTERMEDIATE,4.0,True,Alfa Romeo,0 days 01:08:29.848000,2022-04-22 12:23:29.860,125,,False,,False,False,,
257,0 days 01:14:22.613000,ZHO,24,,19.0,4.0,0 days 01:12:30.264000,,,39.842,39.606,,0 days 01:13:43.126000,0 days 01:14:22.659000,168.0,216.0,256.0,154.0,False,INTERMEDIATE,5.0,False,Alfa Romeo,0 days 01:12:30.264000,2022-04-22 12:27:30.276,1,,False,,False,False,,
258,0 days 01:16:03.929000,ZHO,24,0 days 00:01:41.316000,20.0,4.0,,,32.11,34.316,34.89,0 days 01:14:54.723000,0 days 01:15:29.039000,0 days 01:16:03.929000,187.0,242.0,259.0,214.0,False,INTERMEDIATE,6.0,False,Alfa Romeo,0 days 01:14:22.613000,2022-04-22 12:29:22.625,1,,False,,False,True,101.316,101.316
259,0 days 01:18:05.698000,ZHO,24,0 days 00:02:01.769000,21.0,4.0,,,37.13,40.835,43.804,0 days 01:16:41.059000,0 days 01:17:21.894000,0 days 01:18:05.698000,160.0,207.0,87.0,161.0,False,INTERMEDIATE,7.0,False,Alfa Romeo,0 days 01:16:03.929000,2022-04-22 12:31:03.941,12,,False,,False,True,121.769,121.769
260,0 days 01:20:40.634000,ZHO,24,,22.0,4.0,,0 days 01:20:36.061000,69.835,39.589,45.478,0 days 01:19:15.699000,0 days 01:19:55.230000,0 days 01:20:40.634000,173.0,193.0,,169.0,False,INTERMEDIATE,8.0,False,Alfa Romeo,0 days 01:18:05.698000,2022-04-22 12:33:05.710,2,,False,,False,False,,154.902
261,0 days 00:24:13.565000,OCO,31,,1.0,1.0,0 days 00:22:16.395000,,,38.535,36.368,,0 days 00:23:37.312000,0 days 00:24:13.620000,173.0,163.0,255.0,212.0,False,WET,1.0,True,Alpine,0 days 00:22:16.395000,2022-04-22 11:37:16.407,12,,False,,False,False,,
262,0 days 00:26:14.695000,OCO,31,0 days 00:02:01.130000,2.0,1.0,,,33.357,43.176,44.597,0 days 00:24:46.922000,0 days 00:25:30.098000,0 days 00:26:14.695000,170.0,227.0,252.0,161.0,True,WET,2.0,True,Alpine,0 days 00:24:13.565000,2022-04-22 11:39:13.577,12,,False,,False,True,121.13,121.13
263,0 days 00:27:57.144000,OCO,31,0 days 00:01:42.449000,3.0,1.0,,,32.196,36.194,34.059,0 days 00:26:46.891000,0 days 00:27:23.085000,0 days 00:27:57.144000,187.0,225.0,260.0,229.0,True,WET,3.0,True,Alpine,0 days 00:26:14.695000,2022-04-22 11:41:14.707,12,,False,,False,True,102.449,102.449
264,0 days 00:29:37.483000,OCO,31,0 days 00:01:40.339000,4.0,1.0,,,31.459,34.53,34.35,0 days 00:28:28.603000,0 days 00:29:03.133000,0 days 00:29:37.483000,190.0,237.0,259.0,239.0,True,WET,4.0,True,Alpine,0 days 00:27:57.144000,2022-04-22 11:42:57.156,1,,False,,False,True,100.339,100.339
265,0 days 00:31:17.732000,OCO,31,0 days 00:01:40.249000,5.0,1.0,,,31.453,35.149,33.647,0 days 00:30:08.936000,0 days 00:30:44.085000,0 days 00:31:17.732000,190.0,233.0,258.0,221.0,True,WET,5.0,True,Alpine,0 days 00:29:37.483000,2022-04-22 11:44:37.495,1,,False,,False,True,100.249,100.249
266,0 days 00:32:56.841000,OCO,31,0 days 00:01:39.109000,6.0,1.0,,,31.205,34.467,33.437,0 days 00:31:48.937000,0 days 00:32:23.404000,0 days 00:32:56.841000,190.0,239.0,260.0,234.0,True,WET,6.0,True,Alpine,0 days 00:31:17.732000,2022-04-22 11:46:17.744,1,,False,,False,True,99.109,99.109
267,0 days 00:34:35.274000,OCO,31,0 days 00:01:38.433000,7.0,1.0,,,30.978,34.254,33.201,0 days 00:33:27.819000,0 days 00:34:02.073000,0 days 00:34:35.274000,192.0,238.0,260.0,241.0,True,WET,7.0,True,Alpine,0 days 00:32:56.841000,2022-04-22 11:47:56.853,1,,False,,False,True,98.433,98.43299999999999
268,0 days 00:36:14.187000,OCO,31,0 days 00:01:38.913000,8.0,1.0,,,30.893,34.681,33.339,0 days 00:35:06.167000,0 days 00:35:40.848000,0 days 00:36:14.187000,190.0,232.0,261.0,238.0,False,WET,8.0,True,Alpine,0 days 00:34:35.274000,2022-04-22 11:49:35.286,1,,False,,False,True,98.913,98.913
269,0 days 00:38:02.426000,OCO,31,0 days 00:01:48.239000,9.0,1.0,,,30.679,34.257,43.303,0 days 00:36:44.866000,0 days 00:37:19.123000,0 days 00:38:02.426000,191.0,238.0,254.0,243.0,False,WET,9.0,True,Alpine,0 days 00:36:14.187000,2022-04-22 11:51:14.199,12,,False,,False,True,108.239,108.23899999999999
270,0 days 00:39:52.895000,OCO,31,0 days 00:01:50.469000,10.0,1.0,,0 days 00:39:48.334000,33.283,35.594,41.592,0 days 00:38:35.709000,0 days 00:39:11.303000,0 days 00:39:52.895000,182.0,230.0,,196.0,False,WET,10.0,True,Alpine,0 days 00:38:02.426000,2022-04-22 11:53:02.438,1,,False,,False,False,110.469,110.46900000000001
271,0 days 01:00:16.245000,OCO,31,,11.0,2.0,0 days 00:58:28.217000,,,36.61,36.641,,0 days 00:59:39.732000,0 days 01:00:16.317000,175.0,229.0,261.0,205.0,False,INTERMEDIATE,1.0,True,Alpine,0 days 00:39:52.895000,2022-04-22 11:54:52.907,12,,False,,False,False,,
272,0 days 01:01:53.554000,OCO,31,0 days 00:01:37.309000,12.0,2.0,,,30.861,33.718,32.73,0 days 01:00:47.106000,0 days 01:01:20.824000,0 days 01:01:53.554000,189.0,244.0,261.0,243.0,True,INTERMEDIATE,2.0,True,Alpine,0 days 01:00:16.245000,2022-04-22 12:15:16.257,1,,False,,False,True,97.309,97.309
273,0 days 01:03:28.974000,OCO,31,0 days 00:01:35.420000,13.0,2.0,,,30.284,32.736,32.4,0 days 01:02:23.838000,0 days 01:02:56.574000,0 days 01:03:28.974000,191.0,246.0,263.0,252.0,True,INTERMEDIATE,3.0,True,Alpine,0 days 01:01:53.554000,2022-04-22 12:16:53.566,1,,False,,False,True,95.42,95.41999999999999
274,0 days 01:05:21.105000,OCO,31,0 days 00:01:52.131000,14.0,2.0,,0 days 01:05:16.644000,34.289,36.291,41.551,0 days 01:04:03.263000,0 days 01:04:39.554000,0 days 01:05:21.105000,178.0,225.0,,198.0,False,INTERMEDIATE,4.0,True,Alpine,0 days 01:03:28.974000,2022-04-22 12:18:28.986,1,,False,,False,False,112.131,112.131
275,0 days 00:25:50.904000,HAM,44,,1.0,1.0,0 days 00:23:42.965000,,,39.551,37.335,,0 days 00:25:13.699000,0 days 00:25:51.001000,173.0,225.0,255.0,194.0,False,WET,1.0,True,Mercedes,0 days 00:23:42.965000,2022-04-22 11:38:42.977,12,,False,,False,False,,
276,0 days 00:27:33.939000,HAM,44,0 days 00:01:43.035000,2.0,1.0,,,32.96,35.919,34.156,0 days 00:26:23.864000,0 days 00:26:59.783000,0 days 00:27:33.939000,185.0,233.0,255.0,216.0,True,WET,2.0,True,Mercedes,0 days 00:25:50.904000,2022-04-22 11:40:50.916,12,,False,,False,True,103.035,103.035
277,0 days 00:29:15.670000,HAM,44,0 days 00:01:41.731000,3.0,1.0,,,32.047,34.671,35.013,0 days 00:28:05.986000,0 days 00:28:40.657000,0 days 00:29:15.670000,185.0,237.0,255.0,209.0,True,WET,3.0,True,Mercedes,0 days 00:27:33.939000,2022-04-22 11:42:33.951,1,,False,,False,True,101.731,101.731
278,0 days 00:30:55.883000,HAM,44,0 days 00:01:40.213000,4.0,1.0,,,31.568,34.816,33.829,0 days 00:29:47.238000,0 days 00:30:22.054000,0 days 00:30:55.883000,184.0,238.0,256.0,209.0,True,WET,4.0,True,Mercedes,0 days 00:29:15.670000,2022-04-22 11:44:15.682,1,,False,,False,True,100.213,100.213
279,0 days 00:32:38.918000,HAM,44,0 days 00:01:43.035000,5.0,1.0,,,32.412,34.653,35.97,0 days 00:31:28.295000,0 days 00:32:02.948000,0 days 00:32:38.918000,179.0,236.0,258.0,216.0,False,WET,5.0,True,Mercedes,0 days 00:30:55.883000,2022-04-22 11:45:55.895,1,,False,,False,True,103.035,103.035
280,0 days 00:34:17.540000,HAM,44,0 days 00:01:38.622000,6.0,1.0,,,31.018,34.363,33.241,0 days 00:33:09.936000,0 days 00:33:44.299000,0 days 00:34:17.540000,180.0,237.0,256.0,237.0,True,WET,6.0,True,Mercedes,0 days 00:32:38.918000,2022-04-22 11:47:38.930,1,,False,,False,True,98.622,98.622
281,0 days 00:36:03.193000,HAM,44,0 days 00:01:45.653000,7.0,1.0,,0 days 00:35:58.697000,31.95,34.48,39.223,0 days 00:34:49.490000,0 days 00:35:23.970000,0 days 00:36:03.193000,177.0,237.0,,217.0,False,WET,7.0,True,Mercedes,0 days 00:34:17.540000,2022-04-22 11:49:17.552,1,,False,,False,False,105.653,105.65299999999999
282,0 days 00:55:58.176000,HAM,44,,8.0,2.0,0 days 00:54:14.392000,,,35.341,34.268,,0 days 00:55:24.103000,0 days 00:55:58.288000,187.0,229.0,256.0,208.0,False,WET,8.0,False,Mercedes,0 days 00:36:03.193000,2022-04-22 11:51:03.205,12,,False,,False,False,,
283,0 days 00:57:35.315000,HAM,44,0 days 00:01:37.139000,9.0,2.0,,,30.468,33.865,32.806,0 days 00:56:28.644000,0 days 00:57:02.509000,0 days 00:57:35.315000,194.0,236.0,257.0,226.0,True,WET,9.0,False,Mercedes,0 days 00:55:58.176000,2022-04-22 12:10:58.188,1,,False,,False,True,97.139,97.139
284,0 days 00:59:11.779000,HAM,44,0 days 00:01:36.464000,10.0,2.0,,,30.293,33.466,32.705,0 days 00:58:05.608000,0 days 00:58:39.074000,0 days 00:59:11.779000,190.0,239.0,256.0,239.0,True,WET,10.0,False,Mercedes,0 days 00:57:35.315000,2022-04-22 12:12:35.327,1,,False,,False,True,96.464,96.464
285,0 days 01:00:58.416000,HAM,44,0 days 00:01:46.637000,11.0,2.0,,0 days 01:00:53.984000,31.174,34.588,40.875,0 days 00:59:42.953000,0 days 01:00:17.541000,0 days 01:00:58.416000,185.0,147.0,,211.0,False,WET,11.0,False,Mercedes,0 days 00:59:11.779000,2022-04-22 12:14:11.791,12,,False,,False,False,106.637,106.637
286,0 days 01:07:08.771000,HAM,44,,12.0,3.0,0 days 01:05:19.470000,,,39.339,37.026,,0 days 01:06:31.870000,0 days 01:07:08.778000,173.0,167.0,259.0,186.0,False,INTERMEDIATE,1.0,True,Mercedes,0 days 01:00:58.416000,2022-04-22 12:15:58.428,1,,False,,False,False,,
287,0 days 01:08:50.972000,HAM,44,0 days 00:01:42.201000,13.0,3.0,,,32.953,34.474,34.774,0 days 01:07:41.724000,0 days 01:08:16.198000,0 days 01:08:50.972000,177.0,241.0,258.0,203.0,False,INTERMEDIATE,2.0,True,Mercedes,0 days 01:07:08.771000,2022-04-22 12:22:08.783,1,,False,,False,True,102.201,102.201
288,0 days 01:13:41.497000,HAM,44,,14.0,3.0,,0 days 01:10:51.657000,30.943,,,0 days 01:09:22.070000,,,194.0,,,,False,INTERMEDIATE,3.0,True,Mercedes,0 days 01:08:50.972000,2022-04-22 12:23:50.984,125,,False,,False,False,,
289,0 days 01:15:26.950000,HAM,44,,15.0,4.0,0 days 01:13:41.497000,,,36.929,37.089,,0 days 01:14:50.012000,0 days 01:15:26.955000,161.0,221.0,247.0,188.0,False,INTERMEDIATE,4.0,False,Mercedes,0 days 01:13:41.497000,2022-04-22 12:28:41.509,1,,False,,False,False,,
290,0 days 01:17:21.114000,HAM,44,0 days 00:01:54.164000,16.0,4.0,,,33.124,37.383,43.657,0 days 01:16:00.074000,0 days 01:16:37.457000,0 days 01:17:21.114000,152.0,231.0,79.0,186.0,False,INTERMEDIATE,5.0,False,Mercedes,0 days 01:15:26.950000,2022-04-22 12:30:26.962,12,,False,,False,True,114.164,114.164
291,0 days 01:19:55.083000,HAM,44,,17.0,4.0,,0 days 01:19:50.564000,73.966,38.838,41.161,0 days 01:18:35.202000,0 days 01:19:14.063000,0 days 01:19:55.083000,182.0,222.0,,195.0,False,INTERMEDIATE,6.0,False,Mercedes,0 days 01:17:21.114000,2022-04-22 12:32:21.126,2,,False,,False,False,,153.965
292,0 days 00:20:51.207000,MSC,47,,1.0,1.0,0 days 00:18:57.541000,,,40.353,36.472,,0 days 00:20:14.878000,0 days 00:20:51.256000,157.0,227.0,251.0,192.0,False,WET,1.0,True,Haas F1 Team,0 days 00:18:57.541000,2022-04-22 11:33:57.553,1,,False,,False,False,,
293,0 days 00:22:35.402000,MSC,47,0 days 00:01:44.195000,2.0,1.0,,,33.301,35.368,35.526,0 days 00:21:24.508000,0 days 00:21:59.876000,0 days 00:22:35.402000,192.0,234.0,252.0,188.0,True,WET,2.0,True,Haas F1 Team,0 days 00:20:51.207000,2022-04-22 11:35:51.219,1,,False,,False,True,104.195,104.19500000000002
294,0 days 00:24:19.569000,MSC,47,0 days 00:01:44.167000,3.0,1.0,,,33.46,35.445,35.262,0 days 00:23:08.862000,0 days 00:23:44.307000,0 days 00:24:19.569000,194.0,232.0,255.0,188.0,True,WET,3.0,True,Haas F1 Team,0 days 00:22:35.402000,2022-04-22 11:37:35.414,12,,False,,False,True,104.167,104.167
295,0 days 00:26:08.339000,MSC,47,0 days 00:01:48.770000,4.0,1.0,,,35.755,37.312,35.703,0 days 00:24:55.324000,0 days 00:25:32.636000,0 days 00:26:08.339000,145.0,232.0,261.0,174.0,False,WET,4.0,True,Haas F1 Team,0 days 00:24:19.569000,2022-04-22 11:39:19.581,12,,False,,False,True,108.77,108.77000000000001
296,0 days 00:27:51.432000,MSC,47,0 days 00:01:43.093000,5.0,1.0,,,32.768,36.347,33.978,0 days 00:26:41.107000,0 days 00:27:17.454000,0 days 00:27:51.432000,187.0,231.0,258.0,217.0,True,WET,5.0,True,Haas F1 Team,0 days 00:26:08.339000,2022-04-22 11:41:08.351,12,,False,,False,True,103.093,103.09300000000002
297,0 days 00:29:32.471000,MSC,47,0 days 00:01:41.039000,6.0,1.0,,,31.6,34.079,35.36,0 days 00:28:23.032000,0 days 00:28:57.111000,0 days 00:29:32.471000,192.0,240.0,257.0,194.0,True,WET,6.0,True,Haas F1 Team,0 days 00:27:51.432000,2022-04-22 11:42:51.444,1,,False,,False,True,101.039,101.039
298,0 days 00:31:11.506000,MSC,47,0 days 00:01:39.035000,7.0,1.0,,,31.66,34.062,33.313,0 days 00:30:04.131000,0 days 00:30:38.193000,0 days 00:31:11.506000,193.0,240.0,255.0,224.0,True,WET,7.0,True,Haas F1 Team,0 days 00:29:32.471000,2022-04-22 11:44:32.483,1,,False,,False,True,99.035,99.035
299,0 days 00:32:49.857000,MSC,47,0 days 00:01:38.351000,8.0,1.0,,,31.127,33.777,33.447,0 days 00:31:42.633000,0 days 00:32:16.410000,0 days 00:32:49.857000,193.0,240.0,258.0,230.0,True,WET,8.0,True,Haas F1 Team,0 days 00:31:11.506000,2022-04-22 11:46:11.518,1,,False,,False,True,98.351,98.351
300,0 days 00:34:29.049000,MSC,47,0 days 00:01:39.192000,9.0,1.0,,,31.318,34.017,33.857,0 days 00:33:21.175000,0 days 00:33:55.192000,0 days 00:34:29.049000,190.0,239.0,255.0,224.0,False,WET,9.0,True,Haas F1 Team,0 days 00:32:49.857000,2022-04-22 11:47:49.869,1,,False,,False,True,99.192,99.19200000000001
301,0 days 00:36:07.706000,MSC,47,0 days 00:01:38.657000,10.0,1.0,,,31.663,33.993,33.001,0 days 00:35:00.712000,0 days 00:35:34.705000,0 days 00:36:07.706000,193.0,239.0,258.0,218.0,False,WET,10.0,True,Haas F1 Team,0 days 00:34:29.049000,2022-04-22 11:49:29.061,1,,False,,False,True,98.657,98.65700000000001
302,0 days 00:38:01.553000,MSC,47,0 days 00:01:53.847000,11.0,1.0,,0 days 00:37:57.105000,30.833,35.59,47.424,0 days 00:36:38.539000,0 days 00:37:14.129000,0 days 00:38:01.553000,187.0,197.0,,150.0,False,WET,11.0,True,Haas F1 Team,0 days 00:36:07.706000,2022-04-22 11:51:07.718,12,,False,,False,False,113.847,113.84700000000001
303,0 days 00:56:33.030000,MSC,47,,12.0,2.0,0 days 00:54:48.114000,,,37.666,35.853,,0 days 00:55:57.321000,0 days 00:56:33.098000,175.0,232.0,256.0,194.0,False,INTERMEDIATE,1.0,True,Haas F1 Team,0 days 00:38:01.553000,2022-04-22 11:53:01.565,12,,False,,False,False,,
304,0 days 00:58:11.927000,MSC,47,0 days 00:01:38.897000,13.0,2.0,,,31.671,33.851,33.375,0 days 00:57:04.701000,0 days 00:57:38.552000,0 days 00:58:11.927000,189.0,238.0,257.0,225.0,False,INTERMEDIATE,2.0,True,Haas F1 Team,0 days 00:56:33.030000,2022-04-22 12:11:33.042,1,,False,,False,True,98.897,98.89699999999999
305,0 days 01:00:01.875000,MSC,47,0 days 00:01:49.948000,14.0,2.0,,,30.609,33.61,45.729,0 days 00:58:42.536000,0 days 00:59:16.146000,0 days 01:00:01.875000,190.0,237.0,260.0,197.0,False,INTERMEDIATE,3.0,True,Haas F1 Team,0 days 00:58:11.927000,2022-04-22 12:13:11.939,12,,False,,False,True,109.948,109.948
306,0 days 01:01:36.981000,MSC,47,0 days 00:01:35.106000,15.0,2.0,,,29.899,32.857,32.35,0 days 01:00:31.774000,0 days 01:01:04.631000,0 days 01:01:36.981000,185.0,246.0,263.0,239.0,True,INTERMEDIATE,4.0,True,Haas F1 Team,0 days 01:00:01.875000,2022-04-22 12:15:01.887,1,,False,,False,True,95.106,95.106
307,0 days 01:03:11.561000,MSC,47,0 days 00:01:34.580000,16.0,2.0,,,29.947,32.161,32.472,0 days 01:02:06.928000,0 days 01:02:39.089000,0 days 01:03:11.561000,187.0,244.0,259.0,253.0,True,INTERMEDIATE,5.0,True,Haas F1 Team,0 days 01:01:36.981000,2022-04-22 12:16:36.993,1,,False,,False,True,94.58,94.58000000000001
308,0 days 01:04:57.232000,MSC,47,0 days 00:01:45.671000,17.0,2.0,,,29.956,33.993,41.722,0 days 01:03:41.517000,0 days 01:04:15.510000,0 days 01:04:57.232000,196.0,210.0,258.0,164.0,False,INTERMEDIATE,6.0,True,Haas F1 Team,0 days 01:03:11.561000,2022-04-22 12:18:11.573,1,,False,,False,True,105.671,105.67099999999999
309,0 days 01:06:30.220000,MSC,47,0 days 00:01:32.988000,18.0,2.0,,,29.519,31.704,31.765,0 days 01:05:26.751000,0 days 01:05:58.455000,0 days 01:06:30.220000,180.0,245.0,260.0,253.0,True,INTERMEDIATE,7.0,True,Haas F1 Team,0 days 01:04:57.232000,2022-04-22 12:19:57.244,1,,False,,False,True,92.988,92.988
310,0 days 01:08:17.688000,MSC,47,0 days 00:01:47.468000,19.0,2.0,,0 days 01:08:13.233000,29.849,33.23,44.389,0 days 01:07:00.069000,0 days 01:07:33.299000,0 days 01:08:17.688000,196.0,161.0,,188.0,False,INTERMEDIATE,8.0,True,Haas F1 Team,0 days 01:06:30.220000,2022-04-22 12:21:30.232,1,,False,,False,False,107.468,107.46799999999999
311,0 days 01:14:26.059000,MSC,47,,20.0,3.0,0 days 01:12:38.012000,,,35.102,39.184,,0 days 01:13:46.976000,0 days 01:14:26.102000,174.0,236.0,256.0,144.0,False,INTERMEDIATE,9.0,False,Haas F1 Team,0 days 01:12:38.012000,2022-04-22 12:27:38.024,1,,False,,False,False,,
312,0 days 01:16:07.219000,MSC,47,0 days 00:01:41.160000,21.0,3.0,,,32.092,33.074,35.994,0 days 01:14:58.151000,0 days 01:15:31.225000,0 days 01:16:07.219000,189.0,240.0,257.0,192.0,False,INTERMEDIATE,10.0,False,Haas F1 Team,0 days 01:14:26.059000,2022-04-22 12:29:26.071,1,,False,,False,True,101.16,101.16
313,0 days 01:18:06.926000,MSC,47,0 days 00:01:59.707000,22.0,3.0,,,35.641,41.635,42.431,0 days 01:16:42.860000,0 days 01:17:24.495000,0 days 01:18:06.926000,175.0,224.0,106.0,145.0,False,INTERMEDIATE,11.0,False,Haas F1 Team,0 days 01:16:07.219000,2022-04-22 12:31:07.231,12,,False,,False,True,119.707,119.707
314,0 days 01:20:49.040000,MSC,47,,23.0,3.0,,0 days 01:20:44.514000,69.076,45.375,47.647,0 days 01:19:16.091000,0 days 01:20:01.454000,0 days 01:20:49.040000,186.0,114.0,,164.0,False,INTERMEDIATE,12.0,False,Haas F1 Team,0 days 01:18:06.926000,2022-04-22 12:33:06.938,2,,False,,False,False,,162.09799999999998
315,0 days 00:23:51.295000,SAI,55,,1.0,1.0,0 days 00:21:59.680000,,,37.845,39.749,,0 days 00:23:11.714000,0 days 00:23:51.338000,168.0,223.0,252.0,194.0,False,WET,1.0,True,Ferrari,0 days 00:21:59.680000,2022-04-22 11:36:59.692,12,,False,,False,False,,
316,0 days 00:25:35.206000,SAI,55,0 days 00:01:43.911000,2.0,1.0,,,34.886,34.985,34.04,0 days 00:24:26.181000,0 days 00:25:01.166000,0 days 00:25:35.206000,186.0,234.0,258.0,215.0,True,WET,2.0,True,Ferrari,0 days 00:23:51.295000,2022-04-22 11:38:51.307,12,,False,,False,True,103.911,103.911
317,0 days 00:27:23.466000,SAI,55,0 days 00:01:48.260000,3.0,1.0,,,33.247,35.27,39.743,0 days 00:26:08.453000,0 days 00:26:43.723000,0 days 00:27:23.466000,189.0,236.0,256.0,221.0,False,WET,3.0,True,Ferrari,0 days 00:25:35.206000,2022-04-22 11:40:35.218,12,,False,,False,True,108.26,108.25999999999999
318,0 days 00:29:02.015000,SAI,55,0 days 00:01:38.549000,4.0,1.0,,,31.525,34.115,32.909,0 days 00:27:54.991000,0 days 00:28:29.106000,0 days 00:29:02.015000,186.0,235.0,259.0,238.0,True,WET,4.0,True,Ferrari,0 days 00:27:23.466000,2022-04-22 11:42:23.478,1,,False,,False,True,98.549,98.549
319,0 days 00:30:46.088000,SAI,55,0 days 00:01:44.073000,5.0,1.0,,,31.569,34.081,38.423,0 days 00:29:33.584000,0 days 00:30:07.665000,0 days 00:30:46.088000,186.0,240.0,259.0,213.0,False,WET,5.0,True,Ferrari,0 days 00:29:02.015000,2022-04-22 11:44:02.027,1,,False,,False,True,104.073,104.07300000000001
320,0 days 00:32:22.572000,SAI,55,0 days 00:01:36.484000,6.0,1.0,,,30.569,33.52,32.395,0 days 00:31:16.657000,0 days 00:31:50.177000,0 days 00:32:22.572000,184.0,241.0,262.0,260.0,True,WET,6.0,True,Ferrari,0 days 00:30:46.088000,2022-04-22 11:45:46.100,1,,False,,False,True,96.484,96.48400000000001
321,0 days 00:34:04.788000,SAI,55,0 days 00:01:42.216000,7.0,1.0,,,30.37,33.746,38.1,0 days 00:32:52.942000,0 days 00:33:26.688000,0 days 00:34:04.788000,185.0,240.0,260.0,100.0,False,WET,7.0,True,Ferrari,0 days 00:32:22.572000,2022-04-22 11:47:22.584,1,,False,,False,True,102.216,102.21600000000001
322,0 days 00:35:40.541000,SAI,55,0 days 00:01:35.753000,8.0,1.0,,,30.057,33.368,32.328,0 days 00:34:34.845000,0 days 00:35:08.213000,0 days 00:35:40.541000,193.0,241.0,263.0,269.0,True,WET,8.0,True,Ferrari,0 days 00:34:04.788000,2022-04-22 11:49:04.800,1,,False,,False,True,95.753,95.753
323,0 days 00:37:28.674000,SAI,55,0 days 00:01:48.133000,9.0,1.0,,0 days 00:37:24.202000,31.26,36.848,40.025,0 days 00:36:11.801000,0 days 00:36:48.649000,0 days 00:37:28.674000,153.0,222.0,,221.0,False,WET,9.0,True,Ferrari,0 days 00:35:40.541000,2022-04-22 11:50:40.553,12,,False,,False,False,108.133,108.13300000000001
324,0 days 00:40:01.148000,SAI,55,,10.0,2.0,0 days 00:38:18.733000,0 days 00:39:56.694000,81.647,33.579,37.219,0 days 00:38:50.471000,0 days 00:39:24.054000,0 days 00:40:01.148000,185.0,240.0,,250.0,False,WET,10.0,False,Ferrari,0 days 00:37:28.674000,2022-04-22 11:52:28.686,1,,False,,False,False,,152.445
325,0 days 00:53:07.373000,SAI,55,,11.0,3.0,0 days 00:51:27.548000,,,35.322,32.713,,0 days 00:52:34.793000,0 days 00:53:07.403000,173.0,227.0,261.0,265.0,False,INTERMEDIATE,1.0,True,Ferrari,0 days 00:40:01.148000,2022-04-22 11:55:01.160,1,,False,,False,False,,
326,0 days 00:54:41.089000,SAI,55,0 days 00:01:33.716000,12.0,3.0,,,30.169,31.876,31.671,0 days 00:53:37.542000,0 days 00:54:09.418000,0 days 00:54:41.089000,193.0,246.0,263.0,270.0,True,INTERMEDIATE,2.0,True,Ferrari,0 days 00:53:07.373000,2022-04-22 12:08:07.385,12,,False,,False,True,93.716,93.71600000000001
327,0 days 00:56:13.695000,SAI,55,0 days 00:01:32.606000,13.0,3.0,,,29.754,31.652,31.2,0 days 00:55:10.843000,0 days 00:55:42.495000,0 days 00:56:13.695000,196.0,244.0,269.0,279.0,True,INTERMEDIATE,3.0,True,Ferrari,0 days 00:54:41.089000,2022-04-22 12:09:41.101,21,,False,,False,True,92.606,92.60600000000001
328,0 days 00:57:55.696000,SAI,55,0 days 00:01:42.001000,14.0,3.0,,,34.371,33.749,33.881,0 days 00:56:48.066000,0 days 00:57:21.815000,0 days 00:57:55.696000,168.0,229.0,265.0,253.0,False,INTERMEDIATE,4.0,True,Ferrari,0 days 00:56:13.695000,2022-04-22 12:11:13.707,1,,False,,False,True,102.001,102.001
329,0 days 00:59:33.358000,SAI,55,0 days 00:01:37.662000,15.0,3.0,,,29.301,34.042,34.319,0 days 00:58:24.997000,0 days 00:58:59.039000,0 days 00:59:33.358000,192.0,207.0,265.0,255.0,False,INTERMEDIATE,5.0,True,Ferrari,0 days 00:57:55.696000,2022-04-22 12:12:55.708,12,,False,,False,True,97.662,97.662
330,0 days 01:01:04.161000,SAI,55,0 days 00:01:30.803000,16.0,3.0,,,28.857,31.091,30.855,0 days 01:00:02.215000,0 days 01:00:33.306000,0 days 01:01:04.161000,201.0,252.0,270.0,284.0,True,INTERMEDIATE,6.0,True,Ferrari,0 days 00:59:33.358000,2022-04-22 12:14:33.370,21,,False,,False,True,90.803,90.803
331,0 days 01:02:53.026000,SAI,55,0 days 00:01:48.865000,17.0,3.0,,,32.561,40.814,35.49,0 days 01:01:36.722000,0 days 01:02:17.536000,0 days 01:02:53.026000,176.0,202.0,259.0,255.0,False,INTERMEDIATE,7.0,True,Ferrari,0 days 01:01:04.161000,2022-04-22 12:16:04.173,1,,False,,False,True,108.865,108.86500000000001
332,0 days 01:04:23.305000,SAI,55,0 days 00:01:30.279000,18.0,3.0,,,28.999,30.798,30.482,0 days 01:03:22.025000,0 days 01:03:52.823000,0 days 01:04:23.305000,197.0,251.0,264.0,288.0,True,INTERMEDIATE,8.0,True,Ferrari,0 days 01:02:53.026000,2022-04-22 12:17:53.038,1,,False,,False,True,90.279,90.279
333,0 days 01:06:06.777000,SAI,55,0 days 00:01:43.472000,19.0,3.0,,,32.724,34.137,36.611,0 days 01:04:56.029000,0 days 01:05:30.166000,0 days 01:06:06.777000,173.0,228.0,263.0,253.0,False,INTERMEDIATE,9.0,True,Ferrari,0 days 01:04:23.305000,2022-04-22 12:19:23.317,1,,False,,False,True,103.472,103.47199999999998
334,0 days 01:07:37.483000,SAI,55,0 days 00:01:30.706000,20.0,3.0,,,28.961,30.847,30.898,0 days 01:06:35.738000,0 days 01:07:06.585000,0 days 01:07:37.483000,191.0,249.0,266.0,288.0,False,INTERMEDIATE,10.0,True,Ferrari,0 days 01:06:06.777000,2022-04-22 12:21:06.789,1,,False,,False,True,90.706,90.706
335,0 days 01:09:15.789000,SAI,55,0 days 00:01:38.306000,21.0,3.0,,,30.993,33.423,33.89,0 days 01:08:08.476000,0 days 01:08:41.899000,0 days 01:09:15.789000,176.0,232.0,265.0,256.0,False,INTERMEDIATE,11.0,True,Ferrari,0 days 01:07:37.483000,2022-04-22 12:22:37.495,1,,False,,False,True,98.306,98.306
336,0 days 01:12:37.339000,SAI,55,,22.0,3.0,,0 days 01:11:04.897000,,,,,,,,,,,False,INTERMEDIATE,12.0,True,Ferrari,0 days 01:09:15.789000,2022-04-22 12:24:15.801,125,,False,,False,False,,
337,0 days 01:14:17.519000,SAI,55,,23.0,4.0,0 days 01:12:37.339000,,,33.509,36.919,,0 days 01:13:40.687000,0 days 01:14:17.562000,179.0,233.0,260.0,251.0,False,INTERMEDIATE,13.0,False,Ferrari,0 days 01:12:37.339000,2022-04-22 12:27:37.351,1,,False,,False,False,,
338,0 days 01:15:49.989000,SAI,55,0 days 00:01:32.470000,24.0,4.0,,,29.054,31.356,32.06,0 days 01:14:46.573000,0 days 01:15:17.929000,0 days 01:15:49.989000,196.0,246.0,266.0,269.0,False,INTERMEDIATE,14.0,False,Ferrari,0 days 01:14:17.519000,2022-04-22 12:29:17.531,1,,False,,False,True,92.47,92.47
339,0 days 01:17:27.966000,SAI,55,0 days 00:01:37.977000,25.0,4.0,,0 days 01:17:23.464000,29.003,31.798,37.176,0 days 01:16:18.992000,0 days 01:16:50.790000,0 days 01:17:27.966000,195.0,235.0,,283.0,False,INTERMEDIATE,15.0,False,Ferrari,0 days 01:15:49.989000,2022-04-22 12:30:50.001,12,,False,,False,False,97.977,97.977
340,0 days 00:25:34.538000,RUS,63,,1.0,1.0,0 days 00:23:43.884000,,,39.619,37.959,,0 days 00:24:56.760000,0 days 00:25:34.604000,127.0,151.0,251.0,184.0,False,WET,1.0,True,Mercedes,0 days 00:23:43.884000,2022-04-22 11:38:43.896,12,,False,,False,False,,
341,0 days 00:27:18.461000,RUS,63,0 days 00:01:43.923000,2.0,1.0,,,33.261,35.555,35.107,0 days 00:26:07.799000,0 days 00:26:43.354000,0 days 00:27:18.461000,187.0,232.0,254.0,220.0,True,WET,2.0,True,Mercedes,0 days 00:25:34.538000,2022-04-22 11:40:34.550,12,,False,,False,True,103.923,103.923
342,0 days 00:28:59.443000,RUS,63,0 days 00:01:40.982000,3.0,1.0,,,32.613,34.863,33.506,0 days 00:27:51.074000,0 days 00:28:25.937000,0 days 00:28:59.443000,186.0,236.0,256.0,213.0,True,WET,3.0,True,Mercedes,0 days 00:27:18.461000,2022-04-22 11:42:18.473,21,,False,,False,True,100.982,100.982
343,0 days 00:30:39.362000,RUS,63,0 days 00:01:39.919000,4.0,1.0,,,32.346,34.647,32.926,0 days 00:29:31.789000,0 days 00:30:06.436000,0 days 00:30:39.362000,191.0,238.0,256.0,221.0,True,WET,4.0,True,Mercedes,0 days 00:28:59.443000,2022-04-22 11:43:59.455,1,,False,,False,True,99.919,99.919
344,0 days 00:32:18.466000,RUS,63,0 days 00:01:39.104000,5.0,1.0,,,31.707,34.586,32.811,0 days 00:31:11.069000,0 days 00:31:45.655000,0 days 00:32:18.466000,191.0,236.0,258.0,236.0,True,WET,5.0,True,Mercedes,0 days 00:30:39.362000,2022-04-22 11:45:39.374,1,,False,,False,True,99.104,99.10400000000001
345,0 days 00:34:03.638000,RUS,63,0 days 00:01:45.172000,6.0,1.0,,0 days 00:33:59.182000,32.043,34.484,38.645,0 days 00:32:50.509000,0 days 00:33:24.993000,0 days 00:34:03.638000,182.0,231.0,,220.0,False,WET,6.0,True,Mercedes,0 days 00:32:18.466000,2022-04-22 11:47:18.478,1,,False,,False,False,105.172,105.172
346,0 days 00:45:37.788000,RUS,63,,7.0,2.0,0 days 00:43:56.836000,,,34.199,33.871,,0 days 00:45:04.013000,0 days 00:45:37.852000,188.0,237.0,256.0,221.0,False,WET,7.0,False,Mercedes,0 days 00:34:03.638000,2022-04-22 11:49:03.650,12,,False,,False,False,,
347,0 days 00:47:16.845000,RUS,63,0 days 00:01:39.057000,8.0,2.0,,,30.835,35.294,32.928,0 days 00:46:08.623000,0 days 00:46:43.917000,0 days 00:47:16.845000,190.0,229.0,256.0,246.0,True,WET,8.0,False,Mercedes,0 days 00:45:37.788000,2022-04-22 12:00:37.800,1,,False,,False,True,99.057,99.05699999999999
348,0 days 00:48:54.853000,RUS,63,0 days 00:01:38.008000,9.0,2.0,,,30.938,34.008,33.062,0 days 00:47:47.783000,0 days 00:48:21.791000,0 days 00:48:54.853000,184.0,239.0,256.0,240.0,True,WET,9.0,False,Mercedes,0 days 00:47:16.845000,2022-04-22 12:02:16.857,1,,False,,False,True,98.008,98.008
349,0 days 00:50:41.340000,RUS,63,0 days 00:01:46.487000,10.0,2.0,,,33.269,36.197,37.021,0 days 00:49:28.122000,0 days 00:50:04.319000,0 days 00:50:41.340000,178.0,231.0,257.0,153.0,False,WET,10.0,False,Mercedes,0 days 00:48:54.853000,2022-04-22 12:03:54.865,1,,False,,False,True,106.487,106.48700000000001
350,0 days 00:52:19.673000,RUS,63,0 days 00:01:38.333000,11.0,2.0,,,30.702,34.643,32.988,0 days 00:51:12.042000,0 days 00:51:46.685000,0 days 00:52:19.673000,191.0,235.0,256.0,242.0,False,WET,11.0,False,Mercedes,0 days 00:50:41.340000,2022-04-22 12:05:41.352,1,,False,,False,True,98.333,98.333
351,0 days 00:54:05.552000,RUS,63,0 days 00:01:45.879000,12.0,2.0,,0 days 00:54:01.096000,31.665,34.526,39.688,0 days 00:52:51.338000,0 days 00:53:25.864000,0 days 00:54:05.552000,186.0,232.0,,218.0,False,WET,12.0,False,Mercedes,0 days 00:52:19.673000,2022-04-22 12:07:19.685,1,,False,,False,False,105.879,105.879
352,0 days 01:03:15.626000,RUS,63,,13.0,3.0,0 days 01:01:33.519000,,,35.538,36.594,,0 days 01:02:39.230000,0 days 01:03:15.694000,181.0,170.0,257.0,199.0,False,INTERMEDIATE,1.0,True,Mercedes,0 days 00:54:05.552000,2022-04-22 12:09:05.564,12,,False,,False,False,,
353,0 days 01:04:51.225000,RUS,63,0 days 00:01:35.599000,14.0,3.0,,,30.217,32.598,32.784,0 days 01:03:45.843000,0 days 01:04:18.441000,0 days 01:04:51.225000,190.0,241.0,257.0,252.0,True,INTERMEDIATE,2.0,True,Mercedes,0 days 01:03:15.626000,2022-04-22 12:18:15.638,1,,False,,False,True,95.599,95.59899999999999
354,0 days 01:06:25.487000,RUS,63,0 days 00:01:34.262000,15.0,3.0,,,30.007,32.229,32.026,0 days 01:05:21.232000,0 days 01:05:53.461000,0 days 01:06:25.487000,195.0,242.0,258.0,259.0,True,INTERMEDIATE,3.0,True,Mercedes,0 days 01:04:51.225000,2022-04-22 12:19:51.237,1,,False,,False,True,94.262,94.262
355,0 days 01:08:05.296000,RUS,63,0 days 00:01:39.809000,16.0,3.0,,,29.717,35.965,34.127,0 days 01:06:55.204000,0 days 01:07:31.169000,0 days 01:08:05.296000,195.0,204.0,258.0,203.0,False,INTERMEDIATE,4.0,True,Mercedes,0 days 01:06:25.487000,2022-04-22 12:21:25.499,1,,False,,False,True,99.809,99.809
356,0 days 01:12:33.185000,RUS,63,,17.0,3.0,,0 days 01:09:41.535000,29.615,32.169,,0 days 01:08:35.072000,0 days 01:09:07.194000,,194.0,243.0,,267.0,False,INTERMEDIATE,5.0,True,Mercedes,0 days 01:08:05.296000,2022-04-22 12:23:05.308,125,,False,,False,False,,
357,0 days 01:14:13.312000,RUS,63,,18.0,4.0,0 days 01:12:33.185000,,,35.431,34.338,,0 days 01:13:38.992000,0 days 01:14:13.318000,179.0,236.0,261.0,204.0,False,INTERMEDIATE,6.0,False,Mercedes,0 days 01:12:33.185000,2022-04-22 12:27:33.197,1,,False,,False,False,,
358,0 days 01:15:49.126000,RUS,63,0 days 00:01:35.814000,19.0,4.0,,,30.522,32.511,32.781,0 days 01:14:43.834000,0 days 01:15:16.345000,0 days 01:15:49.126000,197.0,246.0,262.0,235.0,False,INTERMEDIATE,7.0,False,Mercedes,0 days 01:14:13.312000,2022-04-22 12:29:13.324,1,,False,,False,True,95.814,95.814
359,0 days 01:17:55.970000,RUS,63,0 days 00:02:06.844000,20.0,4.0,,,41.745,42.178,42.921,0 days 01:16:30.871000,0 days 01:17:13.049000,0 days 01:17:55.970000,155.0,190.0,60.0,180.0,False,INTERMEDIATE,8.0,False,Mercedes,0 days 01:15:49.126000,2022-04-22 12:30:49.138,12,,False,,False,True,126.844,126.844
360,0 days 01:20:33.940000,RUS,63,,21.0,4.0,,0 days 01:20:29.455000,74.569,40.096,43.338,0 days 01:19:10.615000,0 days 01:19:50.644000,0 days 01:20:33.940000,147.0,220.0,,165.0,False,INTERMEDIATE,9.0,False,Mercedes,0 days 01:17:55.970000,2022-04-22 12:32:55.982,2,,False,,False,False,,158.003
361,0 days 00:20:19.987000,BOT,77,,1.0,1.0,0 days 00:18:30.361000,,,38.867,37.749,,0 days 00:19:42.343000,0 days 00:20:20.030000,153.0,215.0,248.0,185.0,False,WET,1.0,True,Alfa Romeo,0 days 00:18:30.361000,2022-04-22 11:33:30.373,1,,False,,False,False,,
362,0 days 00:22:03.264000,BOT,77,0 days 00:01:43.277000,2.0,1.0,,,33.452,35.32,34.505,0 days 00:20:53.439000,0 days 00:21:28.759000,0 days 00:22:03.264000,184.0,232.0,251.0,223.0,True,WET,2.0,True,Alfa Romeo,0 days 00:20:19.987000,2022-04-22 11:35:19.999,1,,False,,False,True,103.277,103.27699999999999
363,0 days 00:23:50.442000,BOT,77,0 days 00:01:47.178000,3.0,1.0,,,32.783,36.346,38.049,0 days 00:22:36.047000,0 days 00:23:12.393000,0 days 00:23:50.442000,188.0,210.0,252.0,197.0,False,WET,3.0,True,Alfa Romeo,0 days 00:22:03.264000,2022-04-22 11:37:03.276,12,,False,,False,True,107.178,107.178
364,0 days 00:25:30.658000,BOT,77,0 days 00:01:40.216000,4.0,1.0,,,31.804,34.661,33.751,0 days 00:24:22.246000,0 days 00:24:56.907000,0 days 00:25:30.658000,189.0,237.0,257.0,231.0,True,WET,4.0,True,Alfa Romeo,0 days 00:23:50.442000,2022-04-22 11:38:50.454,12,,False,,False,True,100.216,100.21600000000001
365,0 days 00:27:15.232000,BOT,77,0 days 00:01:44.574000,5.0,1.0,,,31.542,34.723,38.309,0 days 00:26:02.200000,0 days 00:26:36.923000,0 days 00:27:15.232000,194.0,208.0,256.0,186.0,False,WET,5.0,True,Alfa Romeo,0 days 00:25:30.658000,2022-04-22 11:40:30.670,12,,False,,False,True,104.574,104.574
366,0 days 00:28:53.249000,BOT,77,0 days 00:01:38.017000,6.0,1.0,,,31.154,33.796,33.067,0 days 00:27:46.386000,0 days 00:28:20.182000,0 days 00:28:53.249000,191.0,239.0,259.0,235.0,True,WET,6.0,True,Alfa Romeo,0 days 00:27:15.232000,2022-04-22 11:42:15.244,21,,False,,False,True,98.017,98.017
367,0 days 00:30:42.024000,BOT,77,0 days 00:01:48.775000,7.0,1.0,,0 days 00:30:37.606000,33.822,35.121,39.832,0 days 00:29:27.071000,0 days 00:30:02.192000,0 days 00:30:42.024000,175.0,224.0,,208.0,False,WET,7.0,True,Alfa Romeo,0 days 00:28:53.249000,2022-04-22 11:43:53.261,1,,False,,False,False,108.775,108.775
368,0 days 00:33:13.877000,BOT,77,,8.0,2.0,0 days 00:31:21.627000,0 days 00:33:09.402000,74.638,36.778,40.394,0 days 00:31:56.856000,0 days 00:32:33.557000,0 days 00:33:13.877000,164.0,223.0,,190.0,False,WET,8.0,False,Alfa Romeo,0 days 00:30:42.024000,2022-04-22 11:45:42.036,1,,False,,False,False,,151.81
369,0 days 00:43:26.339000,BOT,77,,9.0,3.0,0 days 00:41:46.037000,,,35.013,34.037,,0 days 00:42:52.425000,0 days 00:43:26.411000,180.0,226.0,254.0,217.0,False,WET,9.0,False,Alfa Romeo,0 days 00:33:13.877000,2022-04-22 11:48:13.889,12,,False,,False,False,,
370,0 days 00:45:04.519000,BOT,77,0 days 00:01:38.180000,10.0,3.0,,,30.517,34.663,33.0,0 days 00:43:56.856000,0 days 00:44:31.519000,0 days 00:45:04.519000,188.0,236.0,256.0,234.0,False,WET,10.0,False,Alfa Romeo,0 days 00:43:26.339000,2022-04-22 11:58:26.351,1,,False,,False,True,98.18,98.17999999999999
371,0 days 00:46:41.769000,BOT,77,0 days 00:01:37.250000,11.0,3.0,,,30.557,33.811,32.882,0 days 00:45:35.076000,0 days 00:46:08.887000,0 days 00:46:41.769000,189.0,240.0,257.0,249.0,True,WET,11.0,False,Alfa Romeo,0 days 00:45:04.519000,2022-04-22 12:00:04.531,1,,False,,False,True,97.25,97.25
372,0 days 00:48:27.695000,BOT,77,0 days 00:01:45.926000,12.0,3.0,,0 days 00:48:23.259000,30.448,34.763,40.715,0 days 00:47:12.217000,0 days 00:47:46.980000,0 days 00:48:27.695000,190.0,223.0,,200.0,False,WET,12.0,False,Alfa Romeo,0 days 00:46:41.769000,2022-04-22 12:01:41.781,1,,False,,False,False,105.926,105.926
373,0 days 00:50:54.327000,BOT,77,0 days 00:02:26.632000,13.0,4.0,0 days 00:49:04.586000,0 days 00:50:49.910000,69.487,35.527,41.618,0 days 00:49:37.182000,0 days 00:50:12.709000,0 days 00:50:54.327000,180.0,225.0,,199.0,False,WET,13.0,False,Alfa Romeo,0 days 00:48:27.695000,2022-04-22 12:03:27.707,1,,False,,False,False,146.632,146.632
374,0 days 01:05:06.009000,BOT,77,,14.0,5.0,0 days 01:03:26.399000,,,34.567,33.812,,0 days 01:04:32.306000,0 days 01:05:06.074000,172.0,230.0,256.0,232.0,False,INTERMEDIATE,1.0,True,Alfa Romeo,0 days 00:50:54.327000,2022-04-22 12:05:54.339,12,,False,,False,False,,
375,0 days 01:06:41.186000,BOT,77,0 days 00:01:35.177000,15.0,5.0,,,30.106,33.084,31.987,0 days 01:05:36.115000,0 days 01:06:09.199000,0 days 01:06:41.186000,192.0,243.0,260.0,254.0,True,INTERMEDIATE,2.0,True,Alfa Romeo,0 days 01:05:06.009000,2022-04-22 12:20:06.021,1,,False,,False,True,95.177,95.177
376,0 days 01:08:15.801000,BOT,77,0 days 00:01:34.615000,16.0,5.0,,,29.843,32.856,31.916,0 days 01:07:11.029000,0 days 01:07:43.885000,0 days 01:08:15.801000,194.0,245.0,261.0,255.0,True,INTERMEDIATE,3.0,True,Alfa Romeo,0 days 01:06:41.186000,2022-04-22 12:21:41.198,1,,False,,False,True,94.615,94.615
377,0 days 01:14:08.289000,BOT,77,,17.0,5.0,,0 days 01:09:57.478000,29.598,32.551,,0 days 01:08:45.540000,0 days 01:09:18.074000,,193.0,242.0,,,False,INTERMEDIATE,4.0,True,Alfa Romeo,0 days 01:08:15.801000,2022-04-22 12:23:15.813,125,,False,,False,False,,
378,0 days 01:15:45.408000,BOT,77,,18.0,6.0,0 days 01:14:08.289000,,,34.528,33.642,,0 days 01:15:11.794000,0 days 01:15:45.408000,181.0,229.0,257.0,235.0,False,INTERMEDIATE,5.0,False,Alfa Romeo,0 days 01:14:08.289000,2022-04-22 12:29:08.301,1,,False,,False,False,,
379,0 days 01:21:27.948000,BOT,77,,19.0,6.0,,0 days 01:21:27.948000,29.903,,,0 days 01:16:15.347000,,,191.0,229.0,,235.0,False,INTERMEDIATE,6.0,False,Alfa Romeo,0 days 01:15:45.408000,2022-04-22 12:30:45.420,12,,False,,False,False,,
