,Time,Driver,DriverNumber,LapTime,LapNumber,Stint,PitOutTime,PitInTime,Sector1Time,Sector2Time,Sector3Time,Sector1SessionTime,Sector2SessionTime,Sector3SessionTime,SpeedI1,SpeedI2,SpeedFL,SpeedST,IsPersonalBest,Compound,TyreLife,FreshTyre,Team,LapStartTime,LapStartDate,TrackStatus,Position,Deleted,DeletedReason,FastF1Generated,IsAccurate,LapTime_in_seconds,laptime_sum_sectortimes
0,0 days 00:58:03.760000,NOR,1,,1.0,1.0,,,,,,,,,,,,,False,HARD,1.0,True,McLaren,0 days 00:56:24.050000,2026-03-15 07:03:59.831,12,,False,,True,False,,
1,0 days 00:58:06.903000,GAS,10,0 days 00:01:42.591000,1.0,1.0,,,,30.332,42.559,,0 days 00:57:24.597000,0 days 00:58:07.033000,283.0,265.0,272.0,337.0,False,MEDIUM,1.0,True,Alpine,0 days 00:56:24.050000,2026-03-15 07:03:59.831,12,5.0,False,,False,False,102.591,
2,0 days 00:59:45.820000,GAS,10,0 days 00:01:38.917000,2.0,1.0,,,26.232,30.273,42.412,0 days 00:58:33.192000,0 days 00:59:03.465000,0 days 00:59:45.877000,275.0,261.0,268.0,320.0,True,MEDIUM,2.0,True,Alpine,0 days 00:58:06.903000,2026-03-15 07:05:42.684,1,5.0,False,,False,True,98.917,98.917
3,0 days 01:01:24.743000,GAS,10,0 days 00:01:38.923000,3.0,1.0,,,26.327,30.046,42.55,0 days 01:00:12.204000,0 days 01:00:42.250000,0 days 01:01:24.800000,272.0,261.0,265.0,314.0,False,MEDIUM,3.0,True,Alpine,0 days 00:59:45.820000,2026-03-15 07:07:21.601,1,5.0,False,,False,True,98.923,98.923
4,0 days 01:03:03.460000,GAS,10,0 days 00:01:38.717000,4.0,1.0,,,26.278,29.879,42.56,0 days 01:01:51.078000,0 days 01:02:20.957000,0 days 01:03:03.517000,274.0,260.0,269.0,314.0,True,MEDIUM,4.0,True,Alpine,0 days 01:01:24.743000,2026-03-15 07:09:00.524,1,5.0,False,,False,True,98.717,98.717
5,0 days 01:04:41.934000,GAS,10,0 days 00:01:38.474000,5.0,1.0,,,26.142,29.826,42.506,0 days 01:03:29.659000,0 days 01:03:59.485000,0 days 01:04:41.991000,272.0,259.0,269.0,312.0,True,MEDIUM,5.0,True,Alpine,0 days 01:03:03.460000,2026-03-15 07:10:39.241,1,5.0,False,,False,True,98.474,98.474
6,0 days 01:06:20.232000,GAS,10,0 days 00:01:38.298000,6.0,1.0,,,26.134,29.798,42.366,0 days 01:05:08.125000,0 days 01:05:37.923000,0 days 01:06:20.289000,272.0,262.0,271.0,314.0,True,MEDIUM,6.0,True,Alpine,0 days 01:04:41.934000,2026-03-15 07:12:17.715,1,5.0,False,,False,True,98.298,98.298
7,0 days 01:07:58.867000,GAS,10,0 days 00:01:38.635000,7.0,1.0,,,26.039,30.089,42.507,0 days 01:06:46.328000,0 days 01:07:16.417000,0 days 01:07:58.924000,272.0,258.0,268.0,313.0,False,MEDIUM,7.0,True,Alpine,0 days 01:06:20.232000,2026-03-15 07:13:56.013,1,5.0,False,,False,True,98.635,98.63499999999999
8,0 days 01:09:37.294000,GAS,10,0 days 00:01:38.427000,8.0,1.0,,,26.03,29.874,42.523,0 days 01:08:24.954000,0 days 01:08:54.828000,0 days 01:09:37.351000,272.0,258.0,267.0,312.0,False,MEDIUM,8.0,True,Alpine,0 days 01:07:58.867000,2026-03-15 07:15:34.648,1,5.0,False,,False,True,98.427,98.42699999999999
9,0 days 01:11:15.903000,GAS,10,0 days 00:01:38.609000,9.0,1.0,,,26.192,29.903,42.514,0 days 01:10:03.543000,0 days 01:10:33.446000,0 days 01:11:15.960000,272.0,257.0,268.0,311.0,False,MEDIUM,9.0,True,Alpine,0 days 01:09:37.294000,2026-03-15 07:17:13.075,1,5.0,False,,False,True,98.609,98.60900000000001
10,0 days 01:13:08.897000,GAS,10,0 days 00:01:52.994000,10.0,1.0,,0 days 01:13:07.031000,26.099,29.86,57.035,0 days 01:11:42.059000,0 days 01:12:11.919000,0 days 01:13:08.954000,271.0,258.0,,215.0,False,MEDIUM,10.0,True,Alpine,0 days 01:11:15.903000,2026-03-15 07:18:51.684,124,5.0,False,,False,False,112.994,112.994
11,0 days 01:15:47.651000,GAS,10,,11.0,2.0,0 days 01:13:30.471000,,54.68,40.781,63.178,0 days 01:14:03.843000,0 days 01:14:44.530000,0 days 01:15:47.712000,238.0,221.0,203.0,257.0,False,HARD,1.0,True,Alpine,0 days 01:13:08.897000,2026-03-15 07:20:44.678,4,9.0,False,,False,False,,158.639
12,0 days 01:18:17.634000,GAS,10,,12.0,2.0,,,42.739,44.215,63.121,0 days 01:16:30.356000,0 days 01:17:14.642000,0 days 01:18:17.733000,207.0,200.0,157.0,154.0,False,HARD,2.0,True,Alpine,0 days 01:15:47.651000,2026-03-15 07:23:23.432,4,9.0,False,,False,False,,150.07500000000002
13,0 days 01:20:43.193000,GAS,10,0 days 00:02:25.559000,13.0,2.0,,,36.457,45.437,63.665,0 days 01:18:54.148000,0 days 01:19:39.585000,0 days 01:20:43.250000,207.0,183.0,250.0,184.0,False,HARD,3.0,True,Alpine,0 days 01:18:17.634000,2026-03-15 07:25:53.415,41,9.0,False,,False,False,145.559,145.559
14,0 days 01:22:23.601000,GAS,10,0 days 00:01:40.408000,14.0,2.0,,,27.047,30.627,42.734,0 days 01:21:10.297000,0 days 01:21:40.924000,0 days 01:22:23.658000,279.0,264.0,266.0,328.0,False,HARD,4.0,True,Alpine,0 days 01:20:43.193000,2026-03-15 07:28:18.974,1,10.0,False,,False,True,100.408,100.408
15,0 days 01:24:02.484000,GAS,10,0 days 00:01:38.883000,15.0,2.0,,,26.131,30.252,42.5,0 days 01:22:49.789000,0 days 01:23:20.041000,0 days 01:24:02.541000,282.0,272.0,268.0,353.0,False,HARD,5.0,True,Alpine,0 days 01:22:23.601000,2026-03-15 07:29:59.382,1,10.0,False,,False,True,98.883,98.883
16,0 days 01:25:41.128000,GAS,10,0 days 00:01:38.644000,16.0,2.0,,,26.058,30.253,42.333,0 days 01:24:28.599000,0 days 01:24:58.852000,0 days 01:25:41.185000,287.0,270.0,274.0,338.0,False,HARD,6.0,True,Alpine,0 days 01:24:02.484000,2026-03-15 07:31:38.265,1,9.0,False,,False,True,98.644,98.644
17,0 days 01:27:19.366000,GAS,10,0 days 00:01:38.238000,17.0,2.0,,,25.803,30.3,42.135,0 days 01:26:06.988000,0 days 01:26:37.288000,0 days 01:27:19.423000,286.0,269.0,271.0,337.0,True,HARD,7.0,True,Alpine,0 days 01:25:41.128000,2026-03-15 07:33:16.909,1,8.0,False,,False,True,98.238,98.238
18,0 days 01:28:56.959000,GAS,10,0 days 00:01:37.593000,18.0,2.0,,,25.714,29.545,42.334,0 days 01:27:45.137000,0 days 01:28:14.682000,0 days 01:28:57.016000,282.0,263.0,255.0,343.0,True,HARD,8.0,True,Alpine,0 days 01:27:19.366000,2026-03-15 07:34:55.147,12,8.0,False,,False,True,97.593,97.593
19,0 days 01:30:36.284000,GAS,10,0 days 00:01:39.325000,19.0,2.0,,,26.154,30.545,42.626,0 days 01:29:23.170000,0 days 01:29:53.715000,0 days 01:30:36.341000,280.0,259.0,271.0,327.0,False,HARD,9.0,True,Alpine,0 days 01:28:56.959000,2026-03-15 07:36:32.740,1,8.0,False,,False,True,99.325,99.32499999999999
20,0 days 01:32:15.788000,GAS,10,0 days 00:01:39.504000,20.0,2.0,,,27.158,30.103,42.243,0 days 01:31:03.499000,0 days 01:31:33.602000,0 days 01:32:15.845000,280.0,266.0,273.0,332.0,False,HARD,10.0,True,Alpine,0 days 01:30:36.284000,2026-03-15 07:38:12.065,1,9.0,False,,False,True,99.504,99.504
21,0 days 01:33:54.996000,GAS,10,0 days 00:01:39.208000,21.0,2.0,,,26.059,30.115,43.034,0 days 01:32:41.904000,0 days 01:33:12.019000,0 days 01:33:55.053000,284.0,272.0,248.0,343.0,False,HARD,11.0,True,Alpine,0 days 01:32:15.788000,2026-03-15 07:39:51.569,1,9.0,False,,False,True,99.208,99.208
22,0 days 01:35:34.334000,GAS,10,0 days 00:01:39.338000,22.0,2.0,,,26.564,30.393,42.381,0 days 01:34:21.617000,0 days 01:34:52.010000,0 days 01:35:34.391000,277.0,268.0,274.0,333.0,False,HARD,12.0,True,Alpine,0 days 01:33:54.996000,2026-03-15 07:41:30.777,1,10.0,False,,False,True,99.338,99.338
23,0 days 01:37:12.401000,GAS,10,0 days 00:01:38.067000,23.0,2.0,,,25.759,30.001,42.307,0 days 01:36:00.150000,0 days 01:36:30.151000,0 days 01:37:12.458000,291.0,269.0,273.0,328.0,False,HARD,13.0,True,Alpine,0 days 01:35:34.334000,2026-03-15 07:43:10.115,1,9.0,False,,False,True,98.067,98.06700000000001
24,0 days 01:38:50.774000,GAS,10,0 days 00:01:38.373000,24.0,2.0,,,25.781,29.894,42.698,0 days 01:37:38.239000,0 days 01:38:08.133000,0 days 01:38:50.831000,283.0,269.0,267.0,336.0,False,HARD,14.0,True,Alpine,0 days 01:37:12.401000,2026-03-15 07:44:48.182,1,9.0,False,,False,True,98.373,98.37299999999999
25,0 days 01:40:29.342000,GAS,10,0 days 00:01:38.568000,25.0,2.0,,,26.28,30.069,42.219,0 days 01:39:17.111000,0 days 01:39:47.180000,0 days 01:40:29.399000,280.0,265.0,276.0,335.0,False,HARD,15.0,True,Alpine,0 days 01:38:50.774000,2026-03-15 07:46:26.555,1,9.0,False,,False,True,98.568,98.56800000000001
26,0 days 01:42:07.162000,GAS,10,0 days 00:01:37.820000,26.0,2.0,,,25.953,29.802,42.065,0 days 01:40:55.352000,0 days 01:41:25.154000,0 days 01:42:07.219000,280.0,270.0,274.0,333.0,False,HARD,16.0,True,Alpine,0 days 01:40:29.342000,2026-03-15 07:48:05.123,1,9.0,False,,False,True,97.82,97.82
27,0 days 01:43:45.325000,GAS,10,0 days 00:01:38.163000,27.0,2.0,,,25.744,29.934,42.485,0 days 01:42:32.963000,0 days 01:43:02.897000,0 days 01:43:45.382000,286.0,270.0,271.0,332.0,False,HARD,17.0,True,Alpine,0 days 01:42:07.162000,2026-03-15 07:49:42.943,12,9.0,False,,False,True,98.163,98.163
28,0 days 01:45:23.550000,GAS,10,0 days 00:01:38.225000,28.0,2.0,,,25.886,29.866,42.473,0 days 01:44:11.268000,0 days 01:44:41.134000,0 days 01:45:23.607000,284.0,269.0,268.0,335.0,False,HARD,18.0,True,Alpine,0 days 01:43:45.325000,2026-03-15 07:51:21.106,21,8.0,False,,False,True,98.225,98.225
29,0 days 01:47:01.116000,GAS,10,0 days 00:01:37.566000,29.0,2.0,,,25.857,29.475,42.234,0 days 01:45:49.464000,0 days 01:46:18.939000,0 days 01:47:01.173000,273.0,258.0,271.0,312.0,True,HARD,19.0,True,Alpine,0 days 01:45:23.550000,2026-03-15 07:52:59.331,1,7.0,False,,False,True,97.566,97.566
30,0 days 01:48:39.248000,GAS,10,0 days 00:01:38.132000,30.0,2.0,,,25.679,29.518,42.935,0 days 01:47:26.852000,0 days 01:47:56.370000,0 days 01:48:39.305000,272.0,260.0,270.0,311.0,False,HARD,20.0,True,Alpine,0 days 01:47:01.116000,2026-03-15 07:54:36.897,1,7.0,False,,False,True,98.132,98.132
31,0 days 01:50:16.882000,GAS,10,0 days 00:01:37.634000,31.0,2.0,,,25.811,29.447,42.376,0 days 01:49:05.116000,0 days 01:49:34.563000,0 days 01:50:16.939000,273.0,259.0,270.0,309.0,False,HARD,21.0,True,Alpine,0 days 01:48:39.248000,2026-03-15 07:56:15.029,1,7.0,False,,False,True,97.634,97.63399999999999
32,0 days 01:51:54.135000,GAS,10,0 days 00:01:37.253000,32.0,2.0,,,25.75,29.413,42.09,0 days 01:50:42.689000,0 days 01:51:12.102000,0 days 01:51:54.192000,273.0,260.0,273.0,313.0,True,HARD,22.0,True,Alpine,0 days 01:50:16.882000,2026-03-15 07:57:52.663,1,7.0,False,,False,True,97.253,97.253
33,0 days 01:53:31.258000,GAS,10,0 days 00:01:37.123000,33.0,2.0,,,25.649,29.312,42.162,0 days 01:52:19.841000,0 days 01:52:49.153000,0 days 01:53:31.315000,273.0,260.0,272.0,313.0,True,HARD,23.0,True,Alpine,0 days 01:51:54.135000,2026-03-15 07:59:29.916,12,7.0,False,,False,True,97.123,97.12299999999999
34,0 days 01:55:08.451000,GAS,10,0 days 00:01:37.193000,34.0,2.0,,,25.703,29.32,42.17,0 days 01:53:57.018000,0 days 01:54:26.338000,0 days 01:55:08.508000,273.0,258.0,271.0,313.0,False,HARD,24.0,True,Alpine,0 days 01:53:31.258000,2026-03-15 08:01:07.039,1,7.0,False,,False,True,97.193,97.193
35,0 days 01:56:45.744000,GAS,10,0 days 00:01:37.293000,35.0,2.0,,,25.72,29.432,42.141,0 days 01:55:34.228000,0 days 01:56:03.660000,0 days 01:56:45.801000,274.0,260.0,271.0,312.0,False,HARD,25.0,True,Alpine,0 days 01:55:08.451000,2026-03-15 08:02:44.232,1,7.0,False,,False,True,97.293,97.293
36,0 days 01:58:22.847000,GAS,10,0 days 00:01:37.103000,36.0,2.0,,,25.743,29.398,41.962,0 days 01:57:11.544000,0 days 01:57:40.942000,0 days 01:58:22.904000,273.0,261.0,273.0,313.0,True,HARD,26.0,True,Alpine,0 days 01:56:45.744000,2026-03-15 08:04:21.525,1,7.0,False,,False,True,97.103,97.10300000000001
37,0 days 01:59:59.599000,GAS,10,0 days 00:01:36.752000,37.0,2.0,,,25.561,29.247,41.944,0 days 01:58:48.465000,0 days 01:59:17.712000,0 days 01:59:59.656000,274.0,261.0,274.0,314.0,True,HARD,27.0,True,Alpine,0 days 01:58:22.847000,2026-03-15 08:05:58.628,1,7.0,False,,False,True,96.752,96.75200000000001
38,0 days 02:01:36.271000,GAS,10,0 days 00:01:36.672000,38.0,2.0,,,25.579,29.221,41.872,0 days 02:00:25.235000,0 days 02:00:54.456000,0 days 02:01:36.328000,274.0,261.0,274.0,313.0,True,HARD,28.0,True,Alpine,0 days 01:59:59.599000,2026-03-15 08:07:35.380,1,7.0,False,,False,True,96.672,96.672
39,0 days 02:03:13.025000,GAS,10,0 days 00:01:36.754000,39.0,2.0,,,25.596,29.263,41.895,0 days 02:02:01.924000,0 days 02:02:31.187000,0 days 02:03:13.082000,275.0,263.0,273.0,313.0,False,HARD,29.0,True,Alpine,0 days 02:01:36.271000,2026-03-15 08:09:12.052,1,7.0,False,,False,True,96.754,96.754
40,0 days 02:04:49.890000,GAS,10,0 days 00:01:36.865000,40.0,2.0,,,25.632,29.297,41.936,0 days 02:03:38.714000,0 days 02:04:08.011000,0 days 02:04:49.947000,275.0,261.0,273.0,314.0,False,HARD,30.0,True,Alpine,0 days 02:03:13.025000,2026-03-15 08:10:48.806,1,7.0,False,,False,True,96.865,96.86500000000001
41,0 days 02:06:27.104000,GAS,10,0 days 00:01:37.214000,41.0,2.0,,,25.596,29.407,42.211,0 days 02:05:15.543000,0 days 02:05:44.950000,0 days 02:06:27.161000,277.0,260.0,275.0,315.0,False,HARD,31.0,True,Alpine,0 days 02:04:49.890000,2026-03-15 08:12:25.671,1,7.0,False,,False,True,97.214,97.214
42,0 days 02:08:04.130000,GAS,10,0 days 00:01:37.026000,42.0,2.0,,,25.53,29.337,42.159,0 days 02:06:52.691000,0 days 02:07:22.028000,0 days 02:08:04.187000,275.0,261.0,274.0,314.0,False,HARD,32.0,True,Alpine,0 days 02:06:27.104000,2026-03-15 08:14:02.885,1,7.0,False,,False,True,97.026,97.02600000000001
43,0 days 02:09:41.007000,GAS,10,0 days 00:01:36.877000,43.0,2.0,,,25.507,29.286,42.084,0 days 02:08:29.694000,0 days 02:08:58.980000,0 days 02:09:41.064000,276.0,261.0,275.0,313.0,False,HARD,33.0,True,Alpine,0 days 02:08:04.130000,2026-03-15 08:15:39.911,1,7.0,False,,False,True,96.877,96.87700000000001
44,0 days 02:11:17.771000,GAS,10,0 days 00:01:36.764000,44.0,2.0,,,25.497,29.267,42.0,0 days 02:10:06.561000,0 days 02:10:35.828000,0 days 02:11:17.828000,276.0,265.0,274.0,315.0,False,HARD,34.0,True,Alpine,0 days 02:09:41.007000,2026-03-15 08:17:16.788,1,7.0,False,,False,True,96.764,96.764
45,0 days 02:12:54.666000,GAS,10,0 days 00:01:36.895000,45.0,2.0,,,25.484,29.296,42.115,0 days 02:11:43.312000,0 days 02:12:12.608000,0 days 02:12:54.723000,277.0,262.0,275.0,313.0,False,HARD,35.0,True,Alpine,0 days 02:11:17.771000,2026-03-15 08:18:53.552,1,6.0,False,,False,True,96.895,96.89500000000001
46,0 days 02:14:31.414000,GAS,10,0 days 00:01:36.748000,46.0,2.0,,,25.528,29.293,41.927,0 days 02:13:20.251000,0 days 02:13:49.544000,0 days 02:14:31.471000,276.0,262.0,273.0,314.0,False,HARD,36.0,True,Alpine,0 days 02:12:54.666000,2026-03-15 08:20:30.447,1,6.0,False,,False,True,96.748,96.74799999999999
47,0 days 02:16:08.998000,GAS,10,0 days 00:01:37.584000,47.0,2.0,,,25.608,29.299,42.677,0 days 02:14:57.079000,0 days 02:15:26.378000,0 days 02:16:09.055000,277.0,262.0,274.0,316.0,False,HARD,37.0,True,Alpine,0 days 02:14:31.414000,2026-03-15 08:22:07.195,1,6.0,False,,False,True,97.584,97.584
48,0 days 02:17:46.008000,GAS,10,0 days 00:01:37.010000,48.0,2.0,,,25.56,29.288,42.162,0 days 02:16:34.615000,0 days 02:17:03.903000,0 days 02:17:46.065000,275.0,261.0,275.0,312.0,False,HARD,38.0,True,Alpine,0 days 02:16:08.998000,2026-03-15 08:23:44.779,1,6.0,False,,False,True,97.01,97.00999999999999
49,0 days 02:19:22.760000,GAS,10,0 days 00:01:36.752000,49.0,2.0,,,25.496,29.22,42.036,0 days 02:18:11.561000,0 days 02:18:40.781000,0 days 02:19:22.817000,278.0,263.0,277.0,319.0,False,HARD,39.0,True,Alpine,0 days 02:17:46.008000,2026-03-15 08:25:21.789,1,6.0,False,,False,True,96.752,96.752
50,0 days 02:20:59.800000,GAS,10,0 days 00:01:37.040000,50.0,2.0,,,25.51,29.456,42.074,0 days 02:19:48.327000,0 days 02:20:17.783000,0 days 02:20:59.857000,279.0,268.0,275.0,328.0,False,HARD,40.0,True,Alpine,0 days 02:19:22.760000,2026-03-15 08:26:58.541,1,6.0,False,,False,True,97.04,97.03999999999999
51,0 days 02:22:36.553000,GAS,10,0 days 00:01:36.753000,51.0,2.0,,,25.517,29.221,42.015,0 days 02:21:25.374000,0 days 02:21:54.595000,0 days 02:22:36.610000,277.0,263.0,276.0,312.0,False,HARD,41.0,True,Alpine,0 days 02:20:59.800000,2026-03-15 08:28:35.581,1,6.0,False,,False,True,96.753,96.753
52,0 days 02:24:13.195000,GAS,10,0 days 00:01:36.642000,52.0,2.0,,,25.469,29.305,41.868,0 days 02:23:02.079000,0 days 02:23:31.384000,0 days 02:24:13.252000,278.0,264.0,277.0,315.0,True,HARD,42.0,True,Alpine,0 days 02:22:36.553000,2026-03-15 08:30:12.334,1,6.0,False,,False,True,96.642,96.642
53,0 days 02:25:49.700000,GAS,10,0 days 00:01:36.505000,53.0,2.0,,,25.388,29.218,41.899,0 days 02:24:38.640000,0 days 02:25:07.858000,0 days 02:25:49.757000,278.0,263.0,277.0,316.0,True,HARD,43.0,True,Alpine,0 days 02:24:13.195000,2026-03-15 08:31:48.976,12,6.0,False,,False,True,96.505,96.505
54,0 days 02:27:26.382000,GAS,10,0 days 00:01:36.682000,54.0,2.0,,,25.356,29.236,42.09,0 days 02:26:15.113000,0 days 02:26:44.349000,0 days 02:27:26.439000,280.0,263.0,277.0,316.0,False,HARD,44.0,True,Alpine,0 days 02:25:49.700000,2026-03-15 08:33:25.481,1,6.0,False,,False,True,96.682,96.682
55,0 days 02:29:03.020000,GAS,10,0 days 00:01:36.638000,55.0,2.0,,,25.449,29.222,41.967,0 days 02:27:51.888000,0 days 02:28:21.110000,0 days 02:29:03.077000,278.0,263.0,278.0,318.0,False,HARD,45.0,True,Alpine,0 days 02:27:26.382000,2026-03-15 08:35:02.163,1,6.0,False,,False,True,96.638,96.638
56,0 days 02:30:39.589000,GAS,10,0 days 00:01:36.569000,56.0,2.0,,,25.321,29.355,41.893,0 days 02:29:28.398000,0 days 02:29:57.753000,0 days 02:30:39.646000,276.0,262.0,270.0,326.0,False,HARD,46.0,True,Alpine,0 days 02:29:03.020000,2026-03-15 08:36:38.801,1,6.0,False,,False,True,96.569,96.569
57,0 days 00:58:19.401000,PER,11,0 days 00:01:55.089000,1.0,1.0,,,,30.88,43.334,,0 days 00:57:36.166000,0 days 00:58:19.544000,261.0,244.0,268.0,323.0,False,MEDIUM,1.0,True,Cadillac,0 days 00:56:24.050000,2026-03-15 07:03:59.831,12,17.0,False,,False,False,115.089,
58,0 days 01:00:00.467000,PER,11,0 days 00:01:41.066000,2.0,1.0,,,26.586,30.736,43.744,0 days 00:58:46.030000,0 days 00:59:16.766000,0 days 01:00:00.510000,262.0,248.0,268.0,309.0,True,MEDIUM,2.0,True,Cadillac,0 days 00:58:19.401000,2026-03-15 07:05:55.182,1,17.0,False,,False,True,101.066,101.066
59,0 days 01:01:41.691000,PER,11,0 days 00:01:41.224000,3.0,1.0,,,26.559,31.121,43.544,0 days 01:00:27.069000,0 days 01:00:58.190000,0 days 01:01:41.734000,263.0,247.0,268.0,306.0,False,MEDIUM,3.0,True,Cadillac,0 days 01:00:00.467000,2026-03-15 07:07:36.248,1,17.0,False,,False,True,101.224,101.22399999999999
60,0 days 01:03:22.625000,PER,11,0 days 00:01:40.934000,4.0,1.0,,,26.488,30.989,43.457,0 days 01:02:08.222000,0 days 01:02:39.211000,0 days 01:03:22.668000,272.0,253.0,269.0,313.0,True,MEDIUM,4.0,True,Cadillac,0 days 01:01:41.691000,2026-03-15 07:09:17.472,1,17.0,False,,False,True,100.934,100.934
61,0 days 01:05:03.603000,PER,11,0 days 00:01:40.978000,5.0,1.0,,,26.428,30.987,43.563,0 days 01:03:49.096000,0 days 01:04:20.083000,0 days 01:05:03.646000,271.0,251.0,270.0,312.0,False,MEDIUM,5.0,True,Cadillac,0 days 01:03:22.625000,2026-03-15 07:10:58.406,1,17.0,False,,False,True,100.978,100.97800000000001
62,0 days 01:06:44.160000,PER,11,0 days 00:01:40.557000,6.0,1.0,,,26.336,30.959,43.262,0 days 01:05:29.982000,0 days 01:06:00.941000,0 days 01:06:44.203000,271.0,253.0,271.0,308.0,True,MEDIUM,6.0,True,Cadillac,0 days 01:05:03.603000,2026-03-15 07:12:39.384,1,17.0,False,,False,True,100.557,100.557
63,0 days 01:08:25.078000,PER,11,0 days 00:01:40.918000,7.0,1.0,,,26.521,30.988,43.409,0 days 01:07:10.724000,0 days 01:07:41.712000,0 days 01:08:25.121000,268.0,251.0,269.0,311.0,False,MEDIUM,7.0,True,Cadillac,0 days 01:06:44.160000,2026-03-15 07:14:19.941,1,17.0,False,,False,True,100.918,100.918
64,0 days 01:10:06.181000,PER,11,0 days 00:01:41.103000,8.0,1.0,,,26.456,31.044,43.603,0 days 01:08:51.577000,0 days 01:09:22.621000,0 days 01:10:06.224000,273.0,253.0,271.0,309.0,False,MEDIUM,8.0,True,Cadillac,0 days 01:08:25.078000,2026-03-15 07:16:00.859,1,17.0,False,,False,True,101.103,101.10300000000001
65,0 days 01:11:47.962000,PER,11,0 days 00:01:41.781000,9.0,1.0,,,26.681,31.251,43.849,0 days 01:10:32.905000,0 days 01:11:04.156000,0 days 01:11:48.005000,268.0,252.0,270.0,307.0,False,MEDIUM,9.0,True,Cadillac,0 days 01:10:06.181000,2026-03-15 07:17:41.962,1,17.0,False,,False,True,101.781,101.781
66,0 days 01:13:49.579000,PER,11,0 days 00:02:01.617000,10.0,1.0,,,26.909,39.427,55.281,0 days 01:12:14.914000,0 days 01:12:54.341000,0 days 01:13:49.622000,271.0,145.0,201.0,276.0,False,MEDIUM,10.0,True,Cadillac,0 days 01:11:47.962000,2026-03-15 07:19:23.743,124,13.0,False,,False,False,121.617,121.61699999999999
67,0 days 01:16:08.298000,PER,11,0 days 00:02:18.719000,11.0,1.0,,0 days 01:16:06.575000,34.918,41.413,62.388,0 days 01:14:24.540000,0 days 01:15:05.953000,0 days 01:16:08.341000,237.0,169.0,,243.0,False,MEDIUM,11.0,True,Cadillac,0 days 01:13:49.579000,2026-03-15 07:21:25.360,4,12.0,False,,False,False,138.719,138.719
68,0 days 01:18:26.233000,PER,11,0 days 00:02:17.935000,12.0,2.0,0 days 01:16:32.816000,,57.392,32.169,48.374,0 days 01:17:05.733000,0 days 01:17:37.902000,0 days 01:18:26.276000,225.0,265.0,226.0,272.0,False,HARD,1.0,True,Cadillac,0 days 01:16:08.298000,2026-03-15 07:23:44.079,4,16.0,False,,False,False,137.935,137.935
69,0 days 01:20:45.899000,PER,11,0 days 00:02:19.666000,13.0,2.0,,,35.216,45.492,58.958,0 days 01:19:01.492000,0 days 01:19:46.984000,0 days 01:20:45.942000,242.0,137.0,268.0,182.0,False,HARD,2.0,True,Cadillac,0 days 01:18:26.233000,2026-03-15 07:26:02.014,41,16.0,False,,False,False,139.666,139.666
70,0 days 01:22:27.658000,PER,11,0 days 00:01:41.759000,14.0,2.0,,,26.987,31.116,43.656,0 days 01:21:12.929000,0 days 01:21:44.045000,0 days 01:22:27.701000,279.0,269.0,273.0,335.0,False,HARD,3.0,True,Cadillac,0 days 01:20:45.899000,2026-03-15 07:28:21.680,1,17.0,False,,False,True,101.759,101.75899999999999
71,0 days 01:24:07.662000,PER,11,0 days 00:01:40.004000,15.0,2.0,,,26.319,30.887,42.798,0 days 01:22:54.020000,0 days 01:23:24.907000,0 days 01:24:07.705000,275.0,268.0,272.0,330.0,True,HARD,4.0,True,Cadillac,0 days 01:22:27.658000,2026-03-15 07:30:03.439,1,16.0,False,,False,True,100.004,100.004
72,0 days 01:25:47.283000,PER,11,0 days 00:01:39.621000,16.0,2.0,,,26.132,30.683,42.806,0 days 01:24:33.837000,0 days 01:25:04.520000,0 days 01:25:47.326000,280.0,259.0,273.0,323.0,True,HARD,5.0,True,Cadillac,0 days 01:24:07.662000,2026-03-15 07:31:43.443,1,16.0,False,,False,True,99.621,99.621
73,0 days 01:27:29.486000,PER,11,0 days 00:01:42.203000,17.0,2.0,,,26.208,30.702,45.293,0 days 01:26:13.534000,0 days 01:26:44.236000,0 days 01:27:29.529000,279.0,257.0,273.0,298.0,False,HARD,6.0,True,Cadillac,0 days 01:25:47.283000,2026-03-15 07:33:23.064,12,17.0,False,,False,True,102.203,102.203
74,0 days 01:29:08.807000,PER,11,0 days 00:01:39.321000,18.0,2.0,,,25.941,30.765,42.615,0 days 01:27:55.470000,0 days 01:28:26.235000,0 days 01:29:08.850000,276.0,262.0,270.0,321.0,True,HARD,7.0,True,Cadillac,0 days 01:27:29.486000,2026-03-15 07:35:05.267,21,16.0,False,,False,True,99.321,99.321
75,0 days 01:30:48.538000,PER,11,0 days 00:01:39.731000,19.0,2.0,,,26.312,30.675,42.744,0 days 01:29:35.162000,0 days 01:30:05.837000,0 days 01:30:48.581000,275.0,256.0,270.0,318.0,False,HARD,8.0,True,Cadillac,0 days 01:29:08.807000,2026-03-15 07:36:44.588,1,16.0,False,,False,True,99.731,99.731
76,0 days 01:32:28.672000,PER,11,0 days 00:01:40.134000,20.0,2.0,,,26.383,30.892,42.859,0 days 01:31:14.964000,0 days 01:31:45.856000,0 days 01:32:28.715000,269.0,244.0,272.0,316.0,False,HARD,9.0,True,Cadillac,0 days 01:30:48.538000,2026-03-15 07:38:24.319,1,16.0,False,,False,True,100.134,100.134
77,0 days 01:34:08.354000,PER,11,0 days 00:01:39.682000,21.0,2.0,,,26.359,30.577,42.746,0 days 01:32:55.074000,0 days 01:33:25.651000,0 days 01:34:08.397000,272.0,254.0,272.0,313.0,False,HARD,10.0,True,Cadillac,0 days 01:32:28.672000,2026-03-15 07:40:04.453,1,16.0,False,,False,True,99.682,99.68200000000002
78,0 days 01:35:47.976000,PER,11,0 days 00:01:39.622000,22.0,2.0,,,26.152,30.638,42.832,0 days 01:34:34.549000,0 days 01:35:05.187000,0 days 01:35:48.019000,271.0,252.0,274.0,316.0,False,HARD,11.0,True,Cadillac,0 days 01:34:08.354000,2026-03-15 07:41:44.135,1,16.0,False,,False,True,99.622,99.62200000000001
79,0 days 01:37:27.726000,PER,11,0 days 00:01:39.750000,23.0,2.0,,,26.358,30.59,42.802,0 days 01:36:14.377000,0 days 01:36:44.967000,0 days 01:37:27.769000,272.0,255.0,272.0,316.0,False,HARD,12.0,True,Cadillac,0 days 01:35:47.976000,2026-03-15 07:43:23.757,1,16.0,False,,False,True,99.75,99.75
80,0 days 01:39:07.462000,PER,11,0 days 00:01:39.736000,24.0,2.0,,,26.357,30.633,42.746,0 days 01:37:54.126000,0 days 01:38:24.759000,0 days 01:39:07.505000,276.0,258.0,248.0,314.0,False,HARD,13.0,True,Cadillac,0 days 01:37:27.726000,2026-03-15 07:45:03.507,1,16.0,False,,False,True,99.736,99.73599999999999
81,0 days 01:40:48.004000,PER,11,0 days 00:01:40.542000,25.0,2.0,,,26.847,30.729,42.966,0 days 01:39:34.352000,0 days 01:40:05.081000,0 days 01:40:48.047000,275.0,255.0,272.0,315.0,False,HARD,14.0,True,Cadillac,0 days 01:39:07.462000,2026-03-15 07:46:43.243,1,16.0,False,,False,True,100.542,100.542
82,0 days 01:42:28.014000,PER,11,0 days 00:01:40.010000,26.0,2.0,,,26.277,30.698,43.035,0 days 01:41:14.324000,0 days 01:41:45.022000,0 days 01:42:28.057000,273.0,254.0,262.0,313.0,False,HARD,15.0,True,Cadillac,0 days 01:40:48.004000,2026-03-15 07:48:23.785,1,16.0,False,,False,True,100.01,100.00999999999999
83,0 days 01:44:08.321000,PER,11,0 days 00:01:40.307000,27.0,2.0,,,26.514,30.639,43.154,0 days 01:42:54.571000,0 days 01:43:25.210000,0 days 01:44:08.364000,275.0,257.0,273.0,312.0,False,HARD,16.0,True,Cadillac,0 days 01:42:28.014000,2026-03-15 07:50:03.795,12,16.0,False,,False,True,100.307,100.307
84,0 days 01:45:47.904000,PER,11,0 days 00:01:39.583000,28.0,2.0,,,26.26,30.643,42.68,0 days 01:44:34.624000,0 days 01:45:05.267000,0 days 01:45:47.947000,273.0,259.0,274.0,314.0,False,HARD,17.0,True,Cadillac,0 days 01:44:08.321000,2026-03-15 07:51:44.102,1,16.0,False,,False,True,99.583,99.583
85,0 days 01:47:28.341000,PER,11,0 days 00:01:40.437000,29.0,2.0,,,26.772,30.723,42.942,0 days 01:46:14.719000,0 days 01:46:45.442000,0 days 01:47:28.384000,274.0,254.0,272.0,313.0,False,HARD,18.0,True,Cadillac,0 days 01:45:47.904000,2026-03-15 07:53:23.685,1,16.0,False,,False,True,100.437,100.437
86,0 days 01:49:08.357000,PER,11,0 days 00:01:40.016000,30.0,2.0,,,26.215,30.594,43.207,0 days 01:47:54.599000,0 days 01:48:25.193000,0 days 01:49:08.400000,272.0,257.0,275.0,319.0,False,HARD,19.0,True,Cadillac,0 days 01:47:28.341000,2026-03-15 07:55:04.122,1,16.0,False,,False,True,100.016,100.01599999999999
87,0 days 01:50:48.334000,PER,11,0 days 00:01:39.977000,31.0,2.0,,,26.262,30.789,42.926,0 days 01:49:34.662000,0 days 01:50:05.451000,0 days 01:50:48.377000,274.0,254.0,273.0,312.0,False,HARD,20.0,True,Cadillac,0 days 01:49:08.357000,2026-03-15 07:56:44.138,1,16.0,False,,False,True,99.977,99.977
88,0 days 01:52:28.133000,PER,11,0 days 00:01:39.799000,32.0,2.0,,,26.198,30.662,42.939,0 days 01:51:14.575000,0 days 01:51:45.237000,0 days 01:52:28.176000,273.0,256.0,273.0,308.0,False,HARD,21.0,True,Cadillac,0 days 01:50:48.334000,2026-03-15 07:58:24.115,1,16.0,False,,False,True,99.799,99.799
89,0 days 01:54:08.239000,PER,11,0 days 00:01:40.106000,33.0,2.0,,,26.641,30.644,42.821,0 days 01:52:54.817000,0 days 01:53:25.461000,0 days 01:54:08.282000,270.0,254.0,274.0,313.0,False,HARD,22.0,True,Cadillac,0 days 01:52:28.133000,2026-03-15 08:00:03.914,12,15.0,False,,False,True,100.106,100.106
90,0 days 01:55:48.424000,PER,11,0 days 00:01:40.185000,34.0,2.0,,,26.291,30.552,43.342,0 days 01:54:34.573000,0 days 01:55:05.125000,0 days 01:55:48.467000,275.0,254.0,272.0,314.0,False,HARD,23.0,True,Cadillac,0 days 01:54:08.239000,2026-03-15 08:01:44.020,1,16.0,False,,False,True,100.185,100.185
91,0 days 01:57:27.904000,PER,11,0 days 00:01:39.480000,35.0,2.0,,,26.407,30.29,42.783,0 days 01:56:14.874000,0 days 01:56:45.164000,0 days 01:57:27.947000,270.0,258.0,271.0,315.0,False,HARD,24.0,True,Cadillac,0 days 01:55:48.424000,2026-03-15 08:03:24.205,1,16.0,False,,False,True,99.48,99.48
92,0 days 01:59:07.455000,PER,11,0 days 00:01:39.551000,36.0,2.0,,,26.468,30.285,42.798,0 days 01:57:54.415000,0 days 01:58:24.700000,0 days 01:59:07.498000,270.0,256.0,275.0,311.0,False,HARD,25.0,True,Cadillac,0 days 01:57:27.904000,2026-03-15 08:05:03.685,1,15.0,False,,False,True,99.551,99.551
93,0 days 02:00:47.061000,PER,11,0 days 00:01:39.606000,37.0,2.0,,,26.342,30.306,42.958,0 days 01:59:33.840000,0 days 02:00:04.146000,0 days 02:00:47.104000,274.0,260.0,275.0,308.0,False,HARD,26.0,True,Cadillac,0 days 01:59:07.455000,2026-03-15 08:06:43.236,1,15.0,False,,False,True,99.606,99.606
94,0 days 02:02:27.172000,PER,11,0 days 00:01:40.111000,38.0,2.0,,,26.365,30.884,42.862,0 days 02:01:13.469000,0 days 02:01:44.353000,0 days 02:02:27.215000,273.0,257.0,276.0,310.0,False,HARD,27.0,True,Cadillac,0 days 02:00:47.061000,2026-03-15 08:08:22.842,1,16.0,False,,False,True,100.111,100.11099999999999
95,0 days 02:04:06.788000,PER,11,0 days 00:01:39.616000,39.0,2.0,,,26.153,30.091,43.372,0 days 02:02:53.368000,0 days 02:03:23.459000,0 days 02:04:06.831000,275.0,260.0,275.0,312.0,False,HARD,28.0,True,Cadillac,0 days 02:02:27.172000,2026-03-15 08:10:02.953,1,16.0,False,,False,True,99.616,99.616
96,0 days 02:05:46.379000,PER,11,0 days 00:01:39.591000,40.0,2.0,,,26.116,30.593,42.882,0 days 02:04:32.947000,0 days 02:05:03.540000,0 days 02:05:46.422000,282.0,261.0,276.0,324.0,False,HARD,29.0,True,Cadillac,0 days 02:04:06.788000,2026-03-15 08:11:42.569,1,16.0,False,,False,True,99.591,99.59100000000001
97,0 days 02:07:26.936000,PER,11,0 days 00:01:40.557000,41.0,2.0,,,26.3,31.333,42.924,0 days 02:06:12.722000,0 days 02:06:44.055000,0 days 02:07:26.979000,279.0,258.0,276.0,320.0,False,HARD,30.0,True,Cadillac,0 days 02:05:46.379000,2026-03-15 08:13:22.160,1,16.0,False,,False,True,100.557,100.55699999999999
98,0 days 02:09:06.063000,PER,11,0 days 00:01:39.127000,42.0,2.0,,,26.152,30.113,42.862,0 days 02:07:53.131000,0 days 02:08:23.244000,0 days 02:09:06.106000,278.0,260.0,273.0,309.0,True,HARD,31.0,True,Cadillac,0 days 02:07:26.936000,2026-03-15 08:15:02.717,1,16.0,False,,False,True,99.127,99.12700000000001
99,0 days 02:10:47.214000,PER,11,0 days 00:01:41.151000,43.0,2.0,,,26.347,30.691,44.113,0 days 02:09:32.453000,0 days 02:10:03.144000,0 days 02:10:47.257000,303.0,252.0,241.0,301.0,False,HARD,32.0,True,Cadillac,0 days 02:09:06.063000,2026-03-15 08:16:41.844,1,16.0,False,,False,True,101.151,101.151
100,0 days 02:12:31.178000,PER,11,0 days 00:01:43.964000,44.0,2.0,,,27.444,31.827,44.693,0 days 02:11:14.701000,0 days 02:11:46.528000,0 days 02:12:31.221000,273.0,259.0,227.0,319.0,False,HARD,33.0,True,Cadillac,0 days 02:10:47.214000,2026-03-15 08:18:22.995,1,16.0,False,,False,True,103.964,103.964
101,0 days 02:14:20.012000,PER,11,0 days 00:01:48.834000,45.0,2.0,,,27.735,32.714,48.385,0 days 02:12:58.956000,0 days 02:13:31.670000,0 days 02:14:20.055000,259.0,235.0,222.0,283.0,False,HARD,34.0,True,Cadillac,0 days 02:12:31.178000,2026-03-15 08:20:06.959,1,16.0,False,,False,True,108.834,108.834
102,0 days 02:16:00.995000,PER,11,0 days 00:01:40.983000,46.0,2.0,,,27.8,30.164,43.019,0 days 02:14:47.855000,0 days 02:15:18.019000,0 days 02:16:01.038000,273.0,258.0,268.0,303.0,False,HARD,35.0,True,Cadillac,0 days 02:14:20.012000,2026-03-15 08:21:55.793,1,15.0,False,,False,True,100.983,100.983
103,0 days 02:17:40.875000,PER,11,0 days 00:01:39.880000,47.0,2.0,,,26.586,30.248,43.046,0 days 02:16:27.624000,0 days 02:16:57.872000,0 days 02:17:40.918000,263.0,250.0,274.0,302.0,False,HARD,36.0,True,Cadillac,0 days 02:16:00.995000,2026-03-15 08:23:36.776,1,14.0,False,,False,True,99.88,99.88
104,0 days 02:19:21.102000,PER,11,0 days 00:01:40.227000,48.0,2.0,,,26.179,30.484,43.564,0 days 02:18:07.097000,0 days 02:18:37.581000,0 days 02:19:21.145000,271.0,225.0,278.0,313.0,False,HARD,37.0,True,Cadillac,0 days 02:17:40.875000,2026-03-15 08:25:16.656,1,14.0,False,,False,True,100.227,100.227
105,0 days 02:21:00.564000,PER,11,0 days 00:01:39.462000,49.0,2.0,,,25.877,29.944,43.641,0 days 02:19:47.022000,0 days 02:20:16.966000,0 days 02:21:00.607000,283.0,259.0,275.0,292.0,False,HARD,38.0,True,Cadillac,0 days 02:19:21.102000,2026-03-15 08:26:56.883,1,14.0,False,,False,True,99.462,99.46199999999999
106,0 days 02:22:39.087000,PER,11,0 days 00:01:38.523000,50.0,2.0,,,26.09,30.068,42.365,0 days 02:21:26.697000,0 days 02:21:56.765000,0 days 02:22:39.130000,281.0,262.0,272.0,317.0,True,HARD,39.0,True,Cadillac,0 days 02:21:00.564000,2026-03-15 08:28:36.345,1,14.0,False,,False,True,98.523,98.523
107,0 days 02:24:18.101000,PER,11,0 days 00:01:39.014000,51.0,2.0,,,26.099,30.095,42.82,0 days 02:23:05.229000,0 days 02:23:35.324000,0 days 02:24:18.144000,276.0,259.0,272.0,306.0,False,HARD,40.0,True,Cadillac,0 days 02:22:39.087000,2026-03-15 08:30:14.868,1,14.0,False,,False,True,99.014,99.01400000000001
108,0 days 02:25:57.627000,PER,11,0 days 00:01:39.526000,52.0,2.0,,,26.156,30.006,43.364,0 days 02:24:44.300000,0 days 02:25:14.306000,0 days 02:25:57.670000,276.0,258.0,274.0,307.0,False,HARD,41.0,True,Cadillac,0 days 02:24:18.101000,2026-03-15 08:31:53.882,12,15.0,False,,False,True,99.526,99.526
109,0 days 02:27:36.586000,PER,11,0 days 00:01:38.959000,53.0,2.0,,,26.227,30.218,42.514,0 days 02:26:23.897000,0 days 02:26:54.115000,0 days 02:27:36.629000,283.0,265.0,271.0,314.0,False,HARD,42.0,True,Cadillac,0 days 02:25:57.627000,2026-03-15 08:33:33.408,1,15.0,False,,False,True,98.959,98.959
110,0 days 02:29:15.662000,PER,11,0 days 00:01:39.076000,54.0,2.0,,,26.347,29.989,42.74,0 days 02:28:02.976000,0 days 02:28:32.965000,0 days 02:29:15.705000,278.0,258.0,274.0,308.0,False,HARD,43.0,True,Cadillac,0 days 02:27:36.586000,2026-03-15 08:35:12.367,1,15.0,False,,False,True,99.076,99.076
111,0 days 02:30:54.560000,PER,11,0 days 00:01:38.898000,55.0,2.0,,,26.235,29.94,42.723,0 days 02:29:41.940000,0 days 02:30:11.880000,0 days 02:30:54.603000,275.0,257.0,276.0,307.0,False,HARD,44.0,True,Cadillac,0 days 02:29:15.662000,2026-03-15 08:36:51.443,1,15.0,False,,False,True,98.898,98.898
112,0 days 00:58:04.449000,ANT,12,0 days 00:01:40.137000,1.0,1.0,,,,29.788,41.977,,0 days 00:57:22.676000,0 days 00:58:04.692000,298.0,264.0,270.0,325.0,False,MEDIUM,1.0,True,Mercedes,0 days 00:56:24.050000,2026-03-15 07:03:59.831,12,2.0,False,,False,False,100.137,
113,0 days 00:59:42.754000,ANT,12,0 days 00:01:38.305000,2.0,1.0,,,26.129,30.278,41.898,0 days 00:58:30.693000,0 days 00:59:00.971000,0 days 00:59:42.869000,278.0,263.0,266.0,316.0,True,MEDIUM,2.0,True,Mercedes,0 days 00:58:04.449000,2026-03-15 07:05:40.230,1,1.0,False,,False,True,98.305,98.305
114,0 days 01:01:20.767000,ANT,12,0 days 00:01:38.013000,3.0,1.0,,,25.948,29.572,42.493,0 days 01:00:08.817000,0 days 01:00:38.389000,0 days 01:01:20.882000,267.0,257.0,266.0,304.0,True,MEDIUM,3.0,True,Mercedes,0 days 00:59:42.754000,2026-03-15 07:07:18.535,1,1.0,False,,False,True,98.013,98.013
115,0 days 01:02:58.161000,ANT,12,0 days 00:01:37.394000,4.0,1.0,,,26.003,29.327,42.064,0 days 01:01:46.885000,0 days 01:02:16.212000,0 days 01:02:58.276000,269.0,259.0,267.0,306.0,True,MEDIUM,4.0,True,Mercedes,0 days 01:01:20.767000,2026-03-15 07:08:56.548,1,1.0,False,,False,True,97.394,97.394
116,0 days 01:04:35.696000,ANT,12,0 days 00:01:37.535000,5.0,1.0,,,25.859,29.51,42.166,0 days 01:03:24.135000,0 days 01:03:53.645000,0 days 01:04:35.811000,270.0,257.0,267.0,307.0,False,MEDIUM,5.0,True,Mercedes,0 days 01:02:58.161000,2026-03-15 07:10:33.942,1,1.0,False,,False,True,97.535,97.535
117,0 days 01:06:12.868000,ANT,12,0 days 00:01:37.172000,6.0,1.0,,,25.696,29.434,42.042,0 days 01:05:01.507000,0 days 01:05:30.941000,0 days 01:06:12.983000,270.0,258.0,267.0,307.0,True,MEDIUM,6.0,True,Mercedes,0 days 01:04:35.696000,2026-03-15 07:12:11.477,1,1.0,False,,False,True,97.172,97.172
118,0 days 01:07:50.280000,ANT,12,0 days 00:01:37.412000,7.0,1.0,,,25.891,29.467,42.054,0 days 01:06:38.874000,0 days 01:07:08.341000,0 days 01:07:50.395000,271.0,258.0,267.0,306.0,False,MEDIUM,7.0,True,Mercedes,0 days 01:06:12.868000,2026-03-15 07:13:48.649,1,1.0,False,,False,True,97.412,97.412
119,0 days 01:09:27.602000,ANT,12,0 days 00:01:37.322000,8.0,1.0,,,25.807,29.454,42.061,0 days 01:08:16.202000,0 days 01:08:45.656000,0 days 01:09:27.717000,271.0,257.0,266.0,307.0,False,MEDIUM,8.0,True,Mercedes,0 days 01:07:50.280000,2026-03-15 07:15:26.061,1,1.0,False,,False,True,97.322,97.322
120,0 days 01:11:04.958000,ANT,12,0 days 00:01:37.356000,9.0,1.0,,,25.839,29.585,41.932,0 days 01:09:53.556000,0 days 01:10:23.141000,0 days 01:11:05.073000,269.0,256.0,269.0,309.0,False,MEDIUM,9.0,True,Mercedes,0 days 01:09:27.602000,2026-03-15 07:17:03.383,1,1.0,False,,False,True,97.356,97.356
121,0 days 01:12:51.629000,ANT,12,0 days 00:01:46.671000,10.0,1.0,,0 days 01:12:49.922000,25.717,29.56,51.394,0 days 01:11:30.790000,0 days 01:12:00.350000,0 days 01:12:51.744000,270.0,257.0,,307.0,False,MEDIUM,10.0,True,Mercedes,0 days 01:11:04.958000,2026-03-15 07:18:40.739,124,1.0,False,,False,False,106.671,106.67099999999999
122,0 days 01:15:38.818000,ANT,12,,11.0,2.0,0 days 01:13:12.979000,,57.422,45.272,64.528,0 days 01:13:49.222000,0 days 01:14:34.478000,0 days 01:15:39.118000,174.0,158.0,204.0,210.0,False,HARD,1.0,True,Mercedes,0 days 01:12:51.629000,2026-03-15 07:20:27.410,4,1.0,False,,False,False,,167.22199999999998
123,0 days 01:18:08.728000,ANT,12,0 days 00:02:29.910000,12.0,2.0,,,43.356,43.386,63.168,0 days 01:16:22.289000,0 days 01:17:05.675000,0 days 01:18:08.843000,164.0,182.0,214.0,186.0,False,HARD,2.0,True,Mercedes,0 days 01:15:38.818000,2026-03-15 07:23:14.599,4,1.0,False,,False,False,149.91,149.91
124,0 days 01:20:39.246000,ANT,12,,13.0,2.0,,,37.267,44.242,69.012,0 days 01:18:46.204000,0 days 01:19:30.445000,0 days 01:20:39.552000,178.0,138.0,264.0,158.0,False,HARD,3.0,True,Mercedes,0 days 01:18:08.728000,2026-03-15 07:25:44.509,41,1.0,False,,False,False,,150.52100000000002
125,0 days 01:22:18.203000,ANT,12,0 days 00:01:38.957000,14.0,2.0,,,26.203,30.021,42.733,0 days 01:21:05.564000,0 days 01:21:35.585000,0 days 01:22:18.318000,277.0,271.0,266.0,309.0,False,HARD,4.0,True,Mercedes,0 days 01:20:39.246000,2026-03-15 07:28:15.027,1,1.0,False,,False,True,98.957,98.957
126,0 days 01:23:56.425000,ANT,12,0 days 00:01:38.222000,15.0,2.0,,,26.027,29.867,42.328,0 days 01:22:44.345000,0 days 01:23:14.212000,0 days 01:23:56.540000,272.0,257.0,271.0,308.0,False,HARD,5.0,True,Mercedes,0 days 01:22:18.203000,2026-03-15 07:29:53.984,1,1.0,False,,False,True,98.222,98.22200000000001
127,0 days 01:25:33.029000,ANT,12,0 days 00:01:36.604000,16.0,2.0,,,25.324,29.229,42.051,0 days 01:24:21.864000,0 days 01:24:51.093000,0 days 01:25:33.144000,269.0,255.0,268.0,305.0,True,HARD,6.0,True,Mercedes,0 days 01:23:56.425000,2026-03-15 07:31:32.206,1,1.0,False,,False,True,96.604,96.604
128,0 days 01:27:09.584000,ANT,12,0 days 00:01:36.555000,17.0,2.0,,,25.593,29.128,41.834,0 days 01:25:58.737000,0 days 01:26:27.865000,0 days 01:27:09.699000,273.0,260.0,269.0,309.0,True,HARD,7.0,True,Mercedes,0 days 01:25:33.029000,2026-03-15 07:33:08.810,1,1.0,False,,False,True,96.555,96.555
129,0 days 01:28:46.643000,ANT,12,0 days 00:01:37.059000,18.0,2.0,,,25.595,29.513,41.951,0 days 01:27:35.294000,0 days 01:28:04.807000,0 days 01:28:46.758000,273.0,259.0,270.0,309.0,False,HARD,8.0,True,Mercedes,0 days 01:27:09.584000,2026-03-15 07:34:45.365,12,1.0,False,,False,True,97.059,97.059
130,0 days 01:30:23.459000,ANT,12,0 days 00:01:36.816000,19.0,2.0,,,25.574,29.505,41.737,0 days 01:29:12.332000,0 days 01:29:41.837000,0 days 01:30:23.574000,270.0,258.0,270.0,308.0,False,HARD,9.0,True,Mercedes,0 days 01:28:46.643000,2026-03-15 07:36:22.424,1,1.0,False,,False,True,96.816,96.816
131,0 days 01:32:00.221000,ANT,12,0 days 00:01:36.762000,20.0,2.0,,,25.551,29.411,41.8,0 days 01:30:49.125000,0 days 01:31:18.536000,0 days 01:32:00.336000,272.0,258.0,271.0,308.0,False,HARD,10.0,True,Mercedes,0 days 01:30:23.459000,2026-03-15 07:37:59.240,1,1.0,False,,False,True,96.762,96.762
132,0 days 01:33:37.150000,ANT,12,0 days 00:01:36.929000,21.0,2.0,,,25.652,29.348,41.929,0 days 01:32:25.988000,0 days 01:32:55.336000,0 days 01:33:37.265000,273.0,258.0,271.0,307.0,False,HARD,11.0,True,Mercedes,0 days 01:32:00.221000,2026-03-15 07:39:36.002,1,1.0,False,,False,True,96.929,96.929
133,0 days 01:35:13.762000,ANT,12,0 days 00:01:36.612000,22.0,2.0,,,25.668,29.194,41.75,0 days 01:34:02.933000,0 days 01:34:32.127000,0 days 01:35:13.877000,273.0,259.0,270.0,308.0,False,HARD,12.0,True,Mercedes,0 days 01:33:37.150000,2026-03-15 07:41:12.931,1,1.0,False,,False,True,96.612,96.612
134,0 days 01:36:50.568000,ANT,12,0 days 00:01:36.806000,23.0,2.0,,,25.681,29.239,41.886,0 days 01:35:39.558000,0 days 01:36:08.797000,0 days 01:36:50.683000,272.0,258.0,271.0,307.0,False,HARD,13.0,True,Mercedes,0 days 01:35:13.762000,2026-03-15 07:42:49.543,1,1.0,False,,False,True,96.806,96.80600000000001
135,0 days 01:38:27.081000,ANT,12,0 days 00:01:36.513000,24.0,2.0,,,25.539,29.189,41.785,0 days 01:37:16.222000,0 days 01:37:45.411000,0 days 01:38:27.196000,272.0,258.0,271.0,308.0,True,HARD,14.0,True,Mercedes,0 days 01:36:50.568000,2026-03-15 07:44:26.349,1,1.0,False,,False,True,96.513,96.513
136,0 days 01:40:03.595000,ANT,12,0 days 00:01:36.514000,25.0,2.0,,,25.495,29.19,41.829,0 days 01:38:52.691000,0 days 01:39:21.881000,0 days 01:40:03.710000,272.0,258.0,272.0,307.0,False,HARD,15.0,True,Mercedes,0 days 01:38:27.081000,2026-03-15 07:46:02.862,1,1.0,False,,False,True,96.514,96.51400000000001
137,0 days 01:41:40.183000,ANT,12,0 days 00:01:36.588000,26.0,2.0,,,25.55,29.207,41.831,0 days 01:40:29.260000,0 days 01:40:58.467000,0 days 01:41:40.298000,272.0,259.0,272.0,308.0,False,HARD,16.0,True,Mercedes,0 days 01:40:03.595000,2026-03-15 07:47:39.376,1,1.0,False,,False,True,96.588,96.58800000000001
138,0 days 01:43:16.773000,ANT,12,0 days 00:01:36.590000,27.0,2.0,,,25.515,29.2,41.875,0 days 01:42:05.813000,0 days 01:42:35.013000,0 days 01:43:16.888000,272.0,259.0,272.0,309.0,False,HARD,17.0,True,Mercedes,0 days 01:41:40.183000,2026-03-15 07:49:15.964,1,1.0,False,,False,True,96.59,96.59
139,0 days 01:44:53.362000,ANT,12,0 days 00:01:36.589000,28.0,2.0,,,25.536,29.177,41.876,0 days 01:43:42.424000,0 days 01:44:11.601000,0 days 01:44:53.477000,272.0,259.0,272.0,308.0,False,HARD,18.0,True,Mercedes,0 days 01:43:16.773000,2026-03-15 07:50:52.554,12,1.0,False,,False,True,96.589,96.589
140,0 days 01:46:29.743000,ANT,12,0 days 00:01:36.381000,29.0,2.0,,,25.583,29.116,41.682,0 days 01:45:19.060000,0 days 01:45:48.176000,0 days 01:46:29.858000,273.0,260.0,273.0,310.0,True,HARD,19.0,True,Mercedes,0 days 01:44:53.362000,2026-03-15 07:52:29.143,1,1.0,False,,False,True,96.381,96.381
141,0 days 01:48:05.909000,ANT,12,0 days 00:01:36.166000,30.0,2.0,,,25.389,29.103,41.674,0 days 01:46:55.247000,0 days 01:47:24.350000,0 days 01:48:06.024000,273.0,260.0,273.0,311.0,True,HARD,20.0,True,Mercedes,0 days 01:46:29.743000,2026-03-15 07:54:05.524,1,1.0,False,,False,True,96.166,96.166
142,0 days 01:49:42.017000,ANT,12,0 days 00:01:36.108000,31.0,2.0,,,25.417,28.996,41.695,0 days 01:48:31.441000,0 days 01:49:00.437000,0 days 01:49:42.132000,272.0,259.0,272.0,308.0,True,HARD,21.0,True,Mercedes,0 days 01:48:05.909000,2026-03-15 07:55:41.690,1,1.0,False,,False,True,96.108,96.108
143,0 days 01:51:18,ANT,12,0 days 00:01:35.983000,32.0,2.0,,,25.328,28.984,41.671,0 days 01:50:07.460000,0 days 01:50:36.444000,0 days 01:51:18.115000,273.0,260.0,271.0,311.0,True,HARD,22.0,True,Mercedes,0 days 01:49:42.017000,2026-03-15 07:57:17.798,1,1.0,False,,False,True,95.983,95.983
144,0 days 01:52:54.443000,ANT,12,0 days 00:01:36.443000,33.0,2.0,,,25.615,29.163,41.665,0 days 01:51:43.730000,0 days 01:52:12.893000,0 days 01:52:54.558000,274.0,258.0,271.0,309.0,False,HARD,23.0,True,Mercedes,0 days 01:51:18,2026-03-15 07:58:53.781,12,1.0,False,,False,True,96.443,96.443
145,0 days 01:54:30.464000,ANT,12,0 days 00:01:36.021000,34.0,2.0,,,25.454,29.002,41.565,0 days 01:53:20.012000,0 days 01:53:49.014000,0 days 01:54:30.579000,272.0,260.0,271.0,312.0,False,HARD,24.0,True,Mercedes,0 days 01:52:54.443000,2026-03-15 08:00:30.224,1,1.0,False,,False,True,96.021,96.021
146,0 days 01:56:06.501000,ANT,12,0 days 00:01:36.037000,35.0,2.0,,,25.515,28.991,41.531,0 days 01:54:56.094000,0 days 01:55:25.085000,0 days 01:56:06.616000,273.0,259.0,272.0,309.0,False,HARD,25.0,True,Mercedes,0 days 01:54:30.464000,2026-03-15 08:02:06.245,1,1.0,False,,False,True,96.037,96.037
147,0 days 01:57:42.515000,ANT,12,0 days 00:01:36.014000,36.0,2.0,,,25.48,28.908,41.626,0 days 01:56:32.096000,0 days 01:57:01.004000,0 days 01:57:42.630000,274.0,261.0,273.0,311.0,False,HARD,26.0,True,Mercedes,0 days 01:56:06.501000,2026-03-15 08:03:42.282,1,1.0,False,,False,True,96.014,96.01400000000001
148,0 days 01:59:18.674000,ANT,12,0 days 00:01:36.159000,37.0,2.0,,,25.497,28.938,41.724,0 days 01:58:08.127000,0 days 01:58:37.065000,0 days 01:59:18.789000,274.0,261.0,273.0,312.0,False,HARD,27.0,True,Mercedes,0 days 01:57:42.515000,2026-03-15 08:05:18.296,1,1.0,False,,False,True,96.159,96.15899999999999
149,0 days 02:00:54.200000,ANT,12,0 days 00:01:35.526000,38.0,2.0,,,25.283,28.807,41.436,0 days 01:59:44.072000,0 days 02:00:12.879000,0 days 02:00:54.315000,274.0,261.0,273.0,314.0,True,HARD,28.0,True,Mercedes,0 days 01:59:18.674000,2026-03-15 08:06:54.455,1,1.0,False,,False,True,95.526,95.52600000000001
150,0 days 02:02:29.694000,ANT,12,0 days 00:01:35.494000,39.0,2.0,,,25.3,28.82,41.374,0 days 02:01:19.615000,0 days 02:01:48.435000,0 days 02:02:29.809000,273.0,261.0,274.0,316.0,True,HARD,29.0,True,Mercedes,0 days 02:00:54.200000,2026-03-15 08:08:29.981,1,1.0,False,,False,True,95.494,95.494
151,0 days 02:04:05.844000,ANT,12,0 days 00:01:36.150000,40.0,2.0,,,25.342,29.022,41.786,0 days 02:02:55.151000,0 days 02:03:24.173000,0 days 02:04:05.959000,275.0,267.0,273.0,332.0,False,HARD,30.0,True,Mercedes,0 days 02:02:29.694000,2026-03-15 08:10:05.475,1,1.0,False,,False,True,96.15,96.15
152,0 days 02:05:41.187000,ANT,12,0 days 00:01:35.343000,41.0,2.0,,,25.291,28.839,41.213,0 days 02:04:31.250000,0 days 02:05:00.089000,0 days 02:05:41.302000,277.0,261.0,274.0,321.0,True,HARD,31.0,True,Mercedes,0 days 02:04:05.844000,2026-03-15 08:11:41.625,1,1.0,False,,False,True,95.343,95.34299999999999
153,0 days 02:07:17.117000,ANT,12,0 days 00:01:35.930000,42.0,2.0,,,25.261,28.909,41.76,0 days 02:06:06.563000,0 days 02:06:35.472000,0 days 02:07:17.232000,275.0,262.0,274.0,318.0,False,HARD,32.0,True,Mercedes,0 days 02:05:41.187000,2026-03-15 08:13:16.968,1,1.0,False,,False,True,95.93,95.93
154,0 days 02:08:53.053000,ANT,12,0 days 00:01:35.936000,43.0,2.0,,,25.295,29.031,41.61,0 days 02:07:42.527000,0 days 02:08:11.558000,0 days 02:08:53.168000,276.0,264.0,277.0,324.0,False,HARD,33.0,True,Mercedes,0 days 02:07:17.117000,2026-03-15 08:14:52.898,1,1.0,False,,False,True,95.936,95.936
155,0 days 02:10:28.385000,ANT,12,0 days 00:01:35.332000,44.0,2.0,,,25.253,28.719,41.36,0 days 02:09:18.421000,0 days 02:09:47.140000,0 days 02:10:28.500000,278.0,261.0,274.0,314.0,True,HARD,34.0,True,Mercedes,0 days 02:08:53.053000,2026-03-15 08:16:28.834,1,1.0,False,,False,True,95.332,95.332
156,0 days 02:12:03.913000,ANT,12,0 days 00:01:35.528000,45.0,2.0,,,25.211,28.83,41.487,0 days 02:10:53.711000,0 days 02:11:22.541000,0 days 02:12:04.028000,274.0,261.0,274.0,308.0,False,HARD,35.0,True,Mercedes,0 days 02:10:28.385000,2026-03-15 08:18:04.166,1,1.0,False,,False,True,95.528,95.52799999999999
157,0 days 02:13:39.195000,ANT,12,0 days 00:01:35.282000,46.0,2.0,,,25.14,28.694,41.448,0 days 02:12:29.168000,0 days 02:12:57.862000,0 days 02:13:39.310000,275.0,261.0,275.0,310.0,True,HARD,36.0,True,Mercedes,0 days 02:12:03.913000,2026-03-15 08:19:39.694,1,1.0,False,,False,True,95.282,95.28200000000001
158,0 days 02:15:14.696000,ANT,12,0 days 00:01:35.501000,47.0,2.0,,,25.25,28.612,41.639,0 days 02:14:04.560000,0 days 02:14:33.172000,0 days 02:15:14.811000,273.0,259.0,273.0,309.0,False,HARD,37.0,True,Mercedes,0 days 02:13:39.195000,2026-03-15 08:21:14.976,1,1.0,False,,False,True,95.501,95.501
159,0 days 02:16:50.402000,ANT,12,0 days 00:01:35.706000,48.0,2.0,,,25.262,28.55,41.894,0 days 02:15:40.073000,0 days 02:16:08.623000,0 days 02:16:50.517000,274.0,260.0,271.0,308.0,False,HARD,38.0,True,Mercedes,0 days 02:15:14.696000,2026-03-15 08:22:50.477,1,1.0,False,,False,True,95.706,95.70599999999999
160,0 days 02:18:25.925000,ANT,12,0 days 00:01:35.523000,49.0,2.0,,,25.319,28.58,41.624,0 days 02:17:15.836000,0 days 02:17:44.416000,0 days 02:18:26.040000,274.0,260.0,276.0,309.0,False,HARD,39.0,True,Mercedes,0 days 02:16:50.402000,2026-03-15 08:24:26.183,1,1.0,False,,False,True,95.523,95.523
161,0 days 02:20:01.584000,ANT,12,0 days 00:01:35.659000,50.0,2.0,,,25.223,28.659,41.777,0 days 02:18:51.263000,0 days 02:19:19.922000,0 days 02:20:01.699000,275.0,264.0,275.0,316.0,False,HARD,40.0,True,Mercedes,0 days 02:18:25.925000,2026-03-15 08:26:01.706,1,1.0,False,,False,True,95.659,95.65899999999999
162,0 days 02:21:37.595000,ANT,12,0 days 00:01:36.011000,51.0,2.0,,,25.263,28.96,41.788,0 days 02:20:26.962000,0 days 02:20:55.922000,0 days 02:21:37.710000,276.0,259.0,273.0,307.0,False,HARD,41.0,True,Mercedes,0 days 02:20:01.584000,2026-03-15 08:27:37.365,1,1.0,False,,False,True,96.011,96.011
163,0 days 02:23:12.870000,ANT,12,0 days 00:01:35.275000,52.0,2.0,,,25.295,28.532,41.448,0 days 02:22:03.005000,0 days 02:22:31.537000,0 days 02:23:12.985000,274.0,260.0,273.0,306.0,True,HARD,42.0,True,Mercedes,0 days 02:21:37.595000,2026-03-15 08:29:13.376,1,1.0,False,,False,True,95.275,95.275
164,0 days 02:24:50.400000,ANT,12,0 days 00:01:37.530000,53.0,2.0,,,25.235,28.462,43.833,0 days 02:23:38.220000,0 days 02:24:06.682000,0 days 02:24:50.515000,275.0,260.0,271.0,306.0,False,HARD,43.0,True,Mercedes,0 days 02:23:12.870000,2026-03-15 08:30:48.651,12,1.0,True,TRACK LIMITS AT TURN 14 LAP 53 ,False,True,97.53,97.53
165,0 days 02:26:26.576000,ANT,12,0 days 00:01:36.176000,54.0,2.0,,,25.478,28.787,41.911,0 days 02:25:15.993000,0 days 02:25:44.780000,0 days 02:26:26.691000,274.0,261.0,272.0,307.0,False,HARD,44.0,True,Mercedes,0 days 02:24:50.400000,2026-03-15 08:32:26.181,1,1.0,False,,False,True,96.176,96.176
166,0 days 02:28:02.954000,ANT,12,0 days 00:01:36.378000,55.0,2.0,,,25.56,28.886,41.932,0 days 02:26:52.251000,0 days 02:27:21.137000,0 days 02:28:03.069000,274.0,260.0,271.0,308.0,False,HARD,45.0,True,Mercedes,0 days 02:26:26.576000,2026-03-15 08:34:02.357,1,1.0,False,,False,True,96.378,96.378
167,0 days 02:29:39.883000,ANT,12,0 days 00:01:36.929000,56.0,2.0,,,25.314,28.861,42.754,0 days 02:28:28.383000,0 days 02:28:57.244000,0 days 02:29:39.998000,274.0,259.0,217.0,306.0,False,HARD,46.0,True,Mercedes,0 days 02:28:02.954000,2026-03-15 08:35:38.735,1,1.0,False,,False,True,96.929,96.929
168,0 days 00:58:11.542000,ALO,14,0 days 00:01:47.230000,1.0,1.0,,,,31.309,44.412,,0 days 00:57:27.245000,0 days 00:58:11.693000,286.0,268.0,261.0,323.0,False,HARD,1.0,True,Aston Martin,0 days 00:56:24.050000,2026-03-15 07:03:59.831,12,10.0,False,,False,False,107.23,
169,0 days 00:59:53.833000,ALO,14,0 days 00:01:42.291000,2.0,1.0,,,26.719,31.646,43.926,0 days 00:58:38.347000,0 days 00:59:09.993000,0 days 00:59:53.919000,287.0,253.0,265.0,325.0,True,HARD,2.0,True,Aston Martin,0 days 00:58:11.542000,2026-03-15 07:05:47.323,1,13.0,False,,False,True,102.291,102.291
170,0 days 01:01:35.421000,ALO,14,0 days 00:01:41.588000,3.0,1.0,,,26.6,31.151,43.837,0 days 01:00:20.519000,0 days 01:00:51.670000,0 days 01:01:35.507000,263.0,250.0,263.0,309.0,True,HARD,3.0,True,Aston Martin,0 days 00:59:53.833000,2026-03-15 07:07:29.614,1,14.0,False,,False,True,101.588,101.58800000000001
171,0 days 01:03:15.892000,ALO,14,0 days 00:01:40.471000,4.0,1.0,,,26.212,30.81,43.449,0 days 01:02:01.719000,0 days 01:02:32.529000,0 days 01:03:15.978000,274.0,251.0,263.0,312.0,True,HARD,4.0,True,Aston Martin,0 days 01:01:35.421000,2026-03-15 07:09:11.202,1,14.0,False,,False,True,100.471,100.471
172,0 days 01:04:57.446000,ALO,14,0 days 00:01:41.554000,5.0,1.0,,,26.535,31.007,44.012,0 days 01:03:42.513000,0 days 01:04:13.520000,0 days 01:04:57.532000,255.0,247.0,263.0,306.0,False,HARD,5.0,True,Aston Martin,0 days 01:03:15.892000,2026-03-15 07:10:51.673,1,14.0,False,,False,True,101.554,101.554
173,0 days 01:06:39.270000,ALO,14,0 days 00:01:41.824000,6.0,1.0,,,26.393,31.047,44.384,0 days 01:05:23.925000,0 days 01:05:54.972000,0 days 01:06:39.356000,256.0,249.0,260.0,302.0,False,HARD,6.0,True,Aston Martin,0 days 01:04:57.446000,2026-03-15 07:12:33.227,1,15.0,False,,False,True,101.824,101.824
174,0 days 01:08:20.929000,ALO,14,0 days 00:01:41.659000,7.0,1.0,,,26.579,31.303,43.777,0 days 01:07:05.935000,0 days 01:07:37.238000,0 days 01:08:21.015000,267.0,248.0,265.0,316.0,False,HARD,7.0,True,Aston Martin,0 days 01:06:39.270000,2026-03-15 07:14:15.051,1,15.0,False,,False,True,101.659,101.659
175,0 days 01:10:02.042000,ALO,14,0 days 00:01:41.113000,8.0,1.0,,,26.389,31.171,43.553,0 days 01:08:47.404000,0 days 01:09:18.575000,0 days 01:10:02.128000,258.0,250.0,263.0,315.0,False,HARD,8.0,True,Aston Martin,0 days 01:08:20.929000,2026-03-15 07:15:56.710,1,15.0,False,,False,True,101.113,101.113
176,0 days 01:11:43.673000,ALO,14,0 days 00:01:41.631000,9.0,1.0,,,26.658,31.46,43.513,0 days 01:10:28.786000,0 days 01:11:00.246000,0 days 01:11:43.759000,255.0,247.0,265.0,310.0,False,HARD,9.0,True,Aston Martin,0 days 01:10:02.042000,2026-03-15 07:17:37.823,1,15.0,False,,False,True,101.631,101.631
177,0 days 01:13:43.592000,ALO,14,0 days 00:01:59.919000,10.0,1.0,,,26.504,37.346,56.069,0 days 01:12:10.263000,0 days 01:12:47.609000,0 days 01:13:43.678000,255.0,200.0,166.0,226.0,False,HARD,10.0,True,Aston Martin,0 days 01:11:43.673000,2026-03-15 07:19:19.454,124,11.0,False,,False,False,119.919,119.919
178,0 days 01:15:58.985000,ALO,14,0 days 00:02:15.393000,11.0,1.0,,,37.207,40.635,57.551,0 days 01:14:20.885000,0 days 01:15:01.520000,0 days 01:15:59.071000,170.0,218.0,216.0,250.0,False,HARD,11.0,True,Aston Martin,0 days 01:13:43.592000,2026-03-15 07:21:19.373,4,11.0,False,,False,False,135.393,135.393
179,0 days 01:18:19.983000,ALO,14,0 days 00:02:20.998000,12.0,1.0,,,36.95,40.579,63.469,0 days 01:16:36.021000,0 days 01:17:16.600000,0 days 01:18:20.069000,238.0,180.0,124.0,124.0,False,HARD,12.0,True,Aston Martin,0 days 01:15:58.985000,2026-03-15 07:23:34.766,4,11.0,False,,False,False,140.998,140.998
180,0 days 01:20:43.729000,ALO,14,0 days 00:02:23.746000,13.0,1.0,,,35.617,45.735,62.394,0 days 01:18:55.686000,0 days 01:19:41.421000,0 days 01:20:43.815000,213.0,189.0,262.0,196.0,False,HARD,13.0,True,Aston Martin,0 days 01:18:19.983000,2026-03-15 07:25:55.764,41,11.0,False,,False,False,143.746,143.746
181,0 days 01:22:27.229000,ALO,14,0 days 00:01:43.500000,14.0,1.0,,,27.411,31.734,44.355,0 days 01:21:11.226000,0 days 01:21:42.960000,0 days 01:22:27.315000,267.0,252.0,269.0,325.0,False,HARD,14.0,True,Aston Martin,0 days 01:20:43.729000,2026-03-15 07:28:19.510,1,16.0,False,,False,True,103.5,103.5
182,0 days 01:24:08.412000,ALO,14,0 days 00:01:41.183000,15.0,1.0,,,26.24,30.898,44.045,0 days 01:22:53.555000,0 days 01:23:24.453000,0 days 01:24:08.498000,280.0,255.0,267.0,317.0,False,HARD,15.0,True,Aston Martin,0 days 01:22:27.229000,2026-03-15 07:30:03.010,1,17.0,False,,False,True,101.183,101.18299999999999
183,0 days 01:25:48.672000,ALO,14,0 days 00:01:40.260000,16.0,1.0,,,26.131,30.815,43.314,0 days 01:24:34.629000,0 days 01:25:05.444000,0 days 01:25:48.758000,276.0,250.0,266.0,313.0,True,HARD,16.0,True,Aston Martin,0 days 01:24:08.412000,2026-03-15 07:31:44.193,1,17.0,False,,False,True,100.26,100.25999999999999
184,0 days 01:27:29.035000,ALO,14,0 days 00:01:40.363000,17.0,1.0,,,26.281,30.849,43.233,0 days 01:26:15.039000,0 days 01:26:45.888000,0 days 01:27:29.121000,260.0,248.0,265.0,315.0,False,HARD,17.0,True,Aston Martin,0 days 01:25:48.672000,2026-03-15 07:33:24.453,12,16.0,False,,False,True,100.363,100.363
185,0 days 01:29:10.276000,ALO,14,0 days 00:01:41.241000,18.0,1.0,,,27.183,30.854,43.204,0 days 01:27:56.304000,0 days 01:28:27.158000,0 days 01:29:10.362000,257.0,253.0,266.0,313.0,False,HARD,18.0,True,Aston Martin,0 days 01:27:29.035000,2026-03-15 07:35:04.816,21,17.0,False,,False,True,101.241,101.241
186,0 days 01:30:50.632000,ALO,14,0 days 00:01:40.356000,19.0,1.0,,,26.15,30.915,43.291,0 days 01:29:36.512000,0 days 01:30:07.427000,0 days 01:30:50.718000,258.0,247.0,265.0,310.0,False,HARD,19.0,True,Aston Martin,0 days 01:29:10.276000,2026-03-15 07:36:46.057,1,17.0,False,,False,True,100.356,100.356
187,0 days 01:32:30.886000,ALO,14,0 days 00:01:40.254000,20.0,1.0,,,26.25,30.766,43.238,0 days 01:31:16.968000,0 days 01:31:47.734000,0 days 01:32:30.972000,256.0,252.0,266.0,307.0,True,HARD,20.0,True,Aston Martin,0 days 01:30:50.632000,2026-03-15 07:38:26.413,1,17.0,False,,False,True,100.254,100.25399999999999
188,0 days 01:34:10.698000,ALO,14,0 days 00:01:39.812000,21.0,1.0,,,26.203,30.635,42.974,0 days 01:32:57.175000,0 days 01:33:27.810000,0 days 01:34:10.784000,256.0,251.0,266.0,306.0,True,HARD,21.0,True,Aston Martin,0 days 01:32:30.886000,2026-03-15 07:40:06.667,1,17.0,False,,False,True,99.812,99.812
189,0 days 01:35:50.636000,ALO,14,0 days 00:01:39.938000,22.0,1.0,,,26.218,30.615,43.105,0 days 01:34:37.002000,0 days 01:35:07.617000,0 days 01:35:50.722000,257.0,248.0,264.0,305.0,False,HARD,22.0,True,Aston Martin,0 days 01:34:10.698000,2026-03-15 07:41:46.479,1,17.0,False,,False,True,99.938,99.93799999999999
190,0 days 01:37:30.437000,ALO,14,0 days 00:01:39.801000,23.0,1.0,,,26.192,30.561,43.048,0 days 01:36:16.914000,0 days 01:36:47.475000,0 days 01:37:30.523000,257.0,252.0,266.0,305.0,True,HARD,23.0,True,Aston Martin,0 days 01:35:50.636000,2026-03-15 07:43:26.417,1,17.0,False,,False,True,99.801,99.801
191,0 days 01:39:10.204000,ALO,14,0 days 00:01:39.767000,24.0,1.0,,,26.222,30.534,43.011,0 days 01:37:56.745000,0 days 01:38:27.279000,0 days 01:39:10.290000,256.0,249.0,268.0,304.0,True,HARD,24.0,True,Aston Martin,0 days 01:37:30.437000,2026-03-15 07:45:06.218,1,17.0,False,,False,True,99.767,99.767
192,0 days 01:40:49.925000,ALO,14,0 days 00:01:39.721000,25.0,1.0,,,26.187,30.538,42.996,0 days 01:39:36.477000,0 days 01:40:07.015000,0 days 01:40:50.011000,257.0,253.0,266.0,306.0,True,HARD,25.0,True,Aston Martin,0 days 01:39:10.204000,2026-03-15 07:46:45.985,1,17.0,False,,False,True,99.721,99.721
193,0 days 01:42:29.680000,ALO,14,0 days 00:01:39.755000,26.0,1.0,,,26.207,30.556,42.992,0 days 01:41:16.218000,0 days 01:41:46.774000,0 days 01:42:29.766000,256.0,251.0,270.0,305.0,False,HARD,26.0,True,Aston Martin,0 days 01:40:49.925000,2026-03-15 07:48:25.706,1,17.0,False,,False,True,99.755,99.755
194,0 days 01:44:09.922000,ALO,14,0 days 00:01:40.242000,27.0,1.0,,,26.259,30.598,43.385,0 days 01:42:56.025000,0 days 01:43:26.623000,0 days 01:44:10.008000,257.0,250.0,267.0,301.0,False,HARD,27.0,True,Aston Martin,0 days 01:42:29.680000,2026-03-15 07:50:05.461,12,17.0,False,,False,True,100.242,100.24199999999999
195,0 days 01:45:49.667000,ALO,14,0 days 00:01:39.745000,28.0,1.0,,,26.146,30.566,43.033,0 days 01:44:36.154000,0 days 01:45:06.720000,0 days 01:45:49.753000,257.0,253.0,267.0,308.0,False,HARD,28.0,True,Aston Martin,0 days 01:44:09.922000,2026-03-15 07:51:45.703,1,17.0,False,,False,True,99.745,99.745
196,0 days 01:47:29.612000,ALO,14,0 days 00:01:39.945000,29.0,1.0,,,26.276,30.659,43.01,0 days 01:46:16.029000,0 days 01:46:46.688000,0 days 01:47:29.698000,256.0,251.0,268.0,311.0,False,HARD,29.0,True,Aston Martin,0 days 01:45:49.667000,2026-03-15 07:53:25.448,1,17.0,False,,False,True,99.945,99.945
197,0 days 01:49:09.961000,ALO,14,0 days 00:01:40.349000,30.0,1.0,,,26.136,30.955,43.258,0 days 01:47:55.834000,0 days 01:48:26.789000,0 days 01:49:10.047000,260.0,252.0,269.0,312.0,False,HARD,30.0,True,Aston Martin,0 days 01:47:29.612000,2026-03-15 07:55:05.393,1,17.0,False,,False,True,100.349,100.34899999999999
198,0 days 01:50:56.380000,ALO,14,0 days 00:01:46.419000,31.0,1.0,,0 days 01:50:54.634000,26.45,30.953,49.016,0 days 01:49:36.497000,0 days 01:50:07.450000,0 days 01:50:56.466000,258.0,249.0,,308.0,False,HARD,31.0,True,Aston Martin,0 days 01:49:09.961000,2026-03-15 07:56:45.742,1,17.0,False,,False,False,106.419,106.419
199,0 days 01:53:03.895000,ALO,14,0 days 00:02:07.515000,32.0,2.0,0 days 01:51:17.946000,0 days 01:53:02.232000,45.832,31.686,49.997,0 days 01:51:42.298000,0 days 01:52:13.984000,0 days 01:53:03.981000,255.0,251.0,,305.0,False,MEDIUM,1.0,True,Aston Martin,0 days 01:50:56.380000,2026-03-15 07:58:32.161,12,17.0,False,,False,False,127.515,127.515
200,0 days 00:58:05.376000,LEC,16,0 days 00:01:41.064000,1.0,1.0,,,,30.192,42.302,,0 days 00:57:23.184000,0 days 00:58:05.530000,292.0,256.0,271.0,320.0,False,MEDIUM,1.0,True,Ferrari,0 days 00:56:24.050000,2026-03-15 07:03:59.831,12,3.0,False,,False,False,101.064,
201,0 days 00:59:43.934000,LEC,16,0 days 00:01:38.558000,2.0,1.0,,,25.954,29.998,42.606,0 days 00:58:31.412000,0 days 00:59:01.410000,0 days 00:59:44.016000,276.0,267.0,266.0,314.0,True,MEDIUM,2.0,True,Ferrari,0 days 00:58:05.376000,2026-03-15 07:05:41.157,1,3.0,False,,False,True,98.558,98.55799999999999
202,0 days 01:01:23.082000,LEC,16,0 days 00:01:39.148000,3.0,1.0,,,26.669,29.902,42.577,0 days 01:00:10.685000,0 days 01:00:40.587000,0 days 01:01:23.164000,265.0,255.0,272.0,324.0,False,MEDIUM,3.0,True,Ferrari,0 days 00:59:43.934000,2026-03-15 07:07:19.715,1,4.0,False,,False,True,99.148,99.148
203,0 days 01:03:00.917000,LEC,16,0 days 00:01:37.835000,4.0,1.0,,,25.914,29.661,42.26,0 days 01:01:49.078000,0 days 01:02:18.739000,0 days 01:03:00.999000,272.0,256.0,274.0,314.0,True,MEDIUM,4.0,True,Ferrari,0 days 01:01:23.082000,2026-03-15 07:08:58.863,1,4.0,False,,False,True,97.835,97.83500000000001
204,0 days 01:04:38.780000,LEC,16,0 days 00:01:37.863000,5.0,1.0,,,25.914,29.632,42.317,,0 days 01:03:56.545000,0 days 01:04:38.862000,265.0,255.0,268.0,320.0,False,MEDIUM,5.0,True,Ferrari,0 days 01:03:00.917000,2026-03-15 07:10:36.698,1,4.0,False,,False,True,97.863,97.863
205,0 days 01:06:16.916000,LEC,16,0 days 00:01:38.136000,6.0,1.0,,,26.144,29.86,42.132,0 days 01:05:05.006000,0 days 01:05:34.866000,0 days 01:06:16.998000,266.0,254.0,271.0,312.0,False,MEDIUM,6.0,True,Ferrari,0 days 01:04:38.780000,2026-03-15 07:12:14.561,1,4.0,False,,False,True,98.136,98.136
206,0 days 01:07:54.910000,LEC,16,0 days 00:01:37.994000,7.0,1.0,,,25.894,29.733,42.367,0 days 01:06:42.892000,0 days 01:07:12.625000,0 days 01:07:54.992000,267.0,255.0,270.0,311.0,False,MEDIUM,7.0,True,Ferrari,0 days 01:06:16.916000,2026-03-15 07:13:52.697,1,4.0,False,,False,True,97.994,97.994
207,0 days 01:09:32.704000,LEC,16,0 days 00:01:37.794000,8.0,1.0,,,25.841,29.734,42.219,0 days 01:08:20.833000,0 days 01:08:50.567000,0 days 01:09:32.786000,272.0,251.0,264.0,314.0,True,MEDIUM,8.0,True,Ferrari,0 days 01:07:54.910000,2026-03-15 07:15:30.691,1,4.0,False,,False,True,97.794,97.79400000000001
208,0 days 01:11:10.834000,LEC,16,0 days 00:01:38.130000,9.0,1.0,,,26.108,29.872,42.15,0 days 01:09:58.894000,0 days 01:10:28.766000,0 days 01:11:10.916000,276.0,252.0,273.0,314.0,False,MEDIUM,9.0,True,Ferrari,0 days 01:09:32.704000,2026-03-15 07:17:08.485,1,4.0,False,,False,True,98.13,98.13
209,0 days 01:13:03.231000,LEC,16,0 days 00:01:52.397000,10.0,1.0,,0 days 01:13:01.547000,26.115,30.067,56.215,0 days 01:11:37.031000,0 days 01:12:07.098000,0 days 01:13:03.313000,267.0,251.0,,238.0,False,MEDIUM,10.0,True,Ferrari,0 days 01:11:10.834000,2026-03-15 07:18:46.615,124,4.0,False,,False,False,112.397,112.397
210,0 days 01:15:45.025000,LEC,16,,11.0,2.0,0 days 01:13:27.065000,,57.124,41.154,63.455,0 days 01:14:00.630000,0 days 01:14:41.652000,0 days 01:15:45.180000,252.0,220.0,217.0,235.0,False,HARD,1.0,True,Ferrari,0 days 01:13:03.231000,2026-03-15 07:20:39.012,4,7.0,False,,False,False,,161.733
211,0 days 01:18:15.130000,LEC,16,,12.0,2.0,,,42.91,44.533,62.739,0 days 01:16:27.965000,0 days 01:17:12.499000,0 days 01:18:15.316000,137.0,180.0,193.0,154.0,False,HARD,2.0,True,Ferrari,0 days 01:15:45.025000,2026-03-15 07:23:20.806,4,7.0,False,,False,False,,150.182
212,0 days 01:20:41.616000,LEC,16,0 days 00:02:26.486000,13.0,2.0,,,37.128,45.067,64.291,0 days 01:18:52.340000,0 days 01:19:37.407000,0 days 01:20:41.698000,223.0,167.0,271.0,174.0,False,HARD,3.0,True,Ferrari,0 days 01:18:15.130000,2026-03-15 07:25:50.911,41,7.0,False,,False,False,146.486,146.486
213,0 days 01:22:21.467000,LEC,16,0 days 00:01:39.851000,14.0,2.0,,,26.409,30.888,42.554,0 days 01:21:08.107000,0 days 01:21:38.995000,0 days 01:22:21.549000,283.0,261.0,277.0,336.0,False,HARD,4.0,True,Ferrari,0 days 01:20:41.616000,2026-03-15 07:28:17.397,1,6.0,False,,False,True,99.851,99.851
214,0 days 01:23:58.672000,LEC,16,0 days 00:01:37.205000,15.0,2.0,,,25.671,29.86,41.674,0 days 01:22:47.220000,0 days 01:23:17.080000,0 days 01:23:58.754000,267.0,257.0,274.0,329.0,True,HARD,5.0,True,Ferrari,0 days 01:22:21.467000,2026-03-15 07:29:57.248,1,4.0,False,,False,True,97.205,97.205
215,0 days 01:25:35.978000,LEC,16,0 days 00:01:37.306000,16.0,2.0,,,25.684,29.518,42.104,0 days 01:24:24.438000,0 days 01:24:53.956000,0 days 01:25:36.060000,263.0,253.0,269.0,310.0,False,HARD,6.0,True,Ferrari,0 days 01:23:58.672000,2026-03-15 07:31:34.453,1,3.0,False,,False,True,97.306,97.306
216,0 days 01:27:12.855000,LEC,16,0 days 00:01:36.877000,17.0,2.0,,,25.833,29.22,41.824,0 days 01:26:01.893000,0 days 01:26:31.113000,0 days 01:27:12.937000,262.0,251.0,273.0,306.0,True,HARD,7.0,True,Ferrari,0 days 01:25:35.978000,2026-03-15 07:33:11.759,1,3.0,False,,False,True,96.877,96.877
217,0 days 01:28:49.454000,LEC,16,0 days 00:01:36.599000,18.0,2.0,,,25.407,29.314,41.878,0 days 01:27:38.344000,0 days 01:28:07.658000,0 days 01:28:49.536000,264.0,253.0,269.0,307.0,True,HARD,8.0,True,Ferrari,0 days 01:27:12.855000,2026-03-15 07:34:48.636,12,3.0,False,,False,True,96.599,96.599
218,0 days 01:30:26.315000,LEC,16,0 days 00:01:36.861000,19.0,2.0,,,25.435,29.322,42.104,0 days 01:29:14.971000,0 days 01:29:44.293000,0 days 01:30:26.397000,269.0,252.0,271.0,307.0,False,HARD,9.0,True,Ferrari,0 days 01:28:49.454000,2026-03-15 07:36:25.235,1,3.0,False,,False,True,96.861,96.86099999999999
219,0 days 01:32:03.148000,LEC,16,0 days 00:01:36.833000,20.0,2.0,,,25.608,29.339,41.886,0 days 01:30:52.005000,0 days 01:31:21.344000,0 days 01:32:03.230000,264.0,253.0,273.0,308.0,False,HARD,10.0,True,Ferrari,0 days 01:30:26.315000,2026-03-15 07:38:02.096,1,3.0,False,,False,True,96.833,96.833
220,0 days 01:33:39.853000,LEC,16,0 days 00:01:36.705000,21.0,2.0,,,25.423,29.23,42.052,0 days 01:32:28.653000,0 days 01:32:57.883000,0 days 01:33:39.935000,267.0,253.0,269.0,308.0,False,HARD,11.0,True,Ferrari,0 days 01:32:03.148000,2026-03-15 07:39:38.929,1,3.0,False,,False,True,96.705,96.705
221,0 days 01:35:16.496000,LEC,16,0 days 00:01:36.643000,22.0,2.0,,,25.59,29.215,41.838,0 days 01:34:05.525000,0 days 01:34:34.740000,0 days 01:35:16.578000,271.0,255.0,274.0,311.0,False,HARD,12.0,True,Ferrari,0 days 01:33:39.853000,2026-03-15 07:41:15.634,1,3.0,False,,False,True,96.643,96.643
222,0 days 01:36:53.309000,LEC,16,0 days 00:01:36.813000,23.0,2.0,,,25.616,29.24,41.957,0 days 01:35:42.194000,0 days 01:36:11.434000,0 days 01:36:53.391000,267.0,260.0,275.0,321.0,False,HARD,13.0,True,Ferrari,0 days 01:35:16.496000,2026-03-15 07:42:52.277,1,3.0,False,,False,True,96.813,96.81299999999999
223,0 days 01:38:30.586000,LEC,16,0 days 00:01:37.277000,24.0,2.0,,,25.656,29.4,42.221,0 days 01:37:19.047000,0 days 01:37:48.447000,0 days 01:38:30.668000,269.0,254.0,266.0,331.0,False,HARD,14.0,True,Ferrari,0 days 01:36:53.309000,2026-03-15 07:44:29.090,1,2.0,False,,False,True,97.277,97.27699999999999
224,0 days 01:40:08.267000,LEC,16,0 days 00:01:37.681000,25.0,2.0,,,26.054,29.422,42.205,0 days 01:38:56.722000,0 days 01:39:26.144000,0 days 01:40:08.349000,262.0,249.0,269.0,299.0,False,HARD,15.0,True,Ferrari,0 days 01:38:30.586000,2026-03-15 07:46:06.367,1,2.0,False,,False,True,97.681,97.681
225,0 days 01:41:45.841000,LEC,16,0 days 00:01:37.574000,26.0,2.0,,,25.771,29.158,42.645,0 days 01:40:34.120000,0 days 01:41:03.278000,0 days 01:41:45.923000,261.0,252.0,275.0,303.0,False,HARD,16.0,True,Ferrari,0 days 01:40:08.267000,2026-03-15 07:47:44.048,1,3.0,False,,False,True,97.574,97.57400000000001
226,0 days 01:43:23.713000,LEC,16,0 days 00:01:37.872000,27.0,2.0,,,25.711,30.036,42.125,0 days 01:42:11.634000,0 days 01:42:41.670000,0 days 01:43:23.795000,265.0,246.0,270.0,303.0,False,HARD,17.0,True,Ferrari,0 days 01:41:45.841000,2026-03-15 07:49:21.622,1,2.0,False,,False,True,97.872,97.872
227,0 days 01:45:00.789000,LEC,16,0 days 00:01:37.076000,28.0,2.0,,,25.691,29.208,42.177,0 days 01:43:49.486000,0 days 01:44:18.694000,0 days 01:45:00.871000,262.0,252.0,274.0,302.0,False,HARD,18.0,True,Ferrari,0 days 01:43:23.713000,2026-03-15 07:50:59.494,12,2.0,False,,False,True,97.076,97.076
228,0 days 01:46:37.896000,LEC,16,0 days 00:01:37.107000,29.0,2.0,,,25.517,29.109,42.481,0 days 01:45:26.388000,0 days 01:45:55.497000,0 days 01:46:37.978000,261.0,252.0,275.0,300.0,False,HARD,19.0,True,Ferrari,0 days 01:45:00.789000,2026-03-15 07:52:36.570,1,3.0,False,,False,True,97.107,97.107
229,0 days 01:48:14.693000,LEC,16,0 days 00:01:36.797000,30.0,2.0,,,25.699,29.408,41.69,0 days 01:47:03.677000,0 days 01:47:33.085000,0 days 01:48:14.775000,270.0,257.0,274.0,317.0,False,HARD,20.0,True,Ferrari,0 days 01:46:37.896000,2026-03-15 07:54:13.677,1,3.0,False,,False,True,96.797,96.797
230,0 days 01:49:51.102000,LEC,16,0 days 00:01:36.409000,31.0,2.0,,,25.405,29.148,41.856,0 days 01:48:40.180000,0 days 01:49:09.328000,0 days 01:49:51.184000,270.0,260.0,258.0,319.0,True,HARD,21.0,True,Ferrari,0 days 01:48:14.693000,2026-03-15 07:55:50.474,1,3.0,False,,False,True,96.409,96.40899999999999
231,0 days 01:51:27.726000,LEC,16,0 days 00:01:36.624000,32.0,2.0,,,25.841,29.185,41.598,0 days 01:50:17.025000,0 days 01:50:46.210000,0 days 01:51:27.808000,268.0,255.0,276.0,318.0,False,HARD,22.0,True,Ferrari,0 days 01:49:51.102000,2026-03-15 07:57:26.883,1,3.0,False,,False,True,96.624,96.624
232,0 days 01:53:04.276000,LEC,16,0 days 00:01:36.550000,33.0,2.0,,,25.393,29.223,41.934,0 days 01:51:53.201000,0 days 01:52:22.424000,0 days 01:53:04.358000,266.0,254.0,271.0,307.0,False,HARD,23.0,True,Ferrari,0 days 01:51:27.726000,2026-03-15 07:59:03.507,12,3.0,False,,False,True,96.55,96.55
233,0 days 01:54:41.005000,LEC,16,0 days 00:01:36.729000,34.0,2.0,,,25.656,29.08,41.993,0 days 01:53:30.014000,0 days 01:53:59.094000,0 days 01:54:41.087000,264.0,253.0,272.0,305.0,False,HARD,24.0,True,Ferrari,0 days 01:53:04.276000,2026-03-15 08:00:40.057,1,3.0,False,,False,True,96.729,96.729
234,0 days 01:56:19.516000,LEC,16,0 days 00:01:38.511000,35.0,2.0,,,25.494,29.203,43.814,0 days 01:55:06.581000,0 days 01:55:35.784000,0 days 01:56:19.598000,268.0,253.0,275.0,303.0,False,HARD,25.0,True,Ferrari,0 days 01:54:41.005000,2026-03-15 08:02:16.786,1,4.0,False,,False,True,98.511,98.511
235,0 days 01:57:56.763000,LEC,16,0 days 00:01:37.247000,36.0,2.0,,,25.858,29.426,41.963,0 days 01:56:45.456000,0 days 01:57:14.882000,0 days 01:57:56.845000,266.0,257.0,256.0,327.0,False,HARD,26.0,True,Ferrari,0 days 01:56:19.516000,2026-03-15 08:03:55.297,1,4.0,False,,False,True,97.247,97.247
236,0 days 01:59:33.530000,LEC,16,0 days 00:01:36.767000,37.0,2.0,,,25.901,29.213,41.653,0 days 01:58:22.746000,0 days 01:58:51.959000,0 days 01:59:33.612000,273.0,260.0,278.0,310.0,False,HARD,27.0,True,Ferrari,0 days 01:57:56.763000,2026-03-15 08:05:32.544,1,4.0,False,,False,True,96.767,96.767
237,0 days 02:01:10.289000,LEC,16,0 days 00:01:36.759000,38.0,2.0,,,25.516,29.349,41.894,0 days 01:59:59.128000,0 days 02:00:28.477000,0 days 02:01:10.371000,273.0,256.0,276.0,316.0,False,HARD,28.0,True,Ferrari,0 days 01:59:33.530000,2026-03-15 08:07:09.311,1,4.0,False,,False,True,96.759,96.75899999999999
238,0 days 02:02:47.282000,LEC,16,0 days 00:01:36.993000,39.0,2.0,,,25.561,29.25,42.182,0 days 02:01:35.932000,0 days 02:02:05.182000,0 days 02:02:47.364000,278.0,265.0,270.0,329.0,False,HARD,29.0,True,Ferrari,0 days 02:01:10.289000,2026-03-15 08:08:46.070,1,3.0,False,,False,True,96.993,96.993
239,0 days 02:04:25.538000,LEC,16,0 days 00:01:38.256000,40.0,2.0,,,26.043,29.941,42.272,0 days 02:03:13.407000,0 days 02:03:43.348000,0 days 02:04:25.620000,274.0,253.0,278.0,308.0,False,HARD,30.0,True,Ferrari,0 days 02:02:47.282000,2026-03-15 08:10:23.063,1,4.0,False,,False,True,98.256,98.256
240,0 days 02:06:02.378000,LEC,16,0 days 00:01:36.840000,41.0,2.0,,,25.517,29.252,42.071,0 days 02:04:51.137000,0 days 02:05:20.389000,0 days 02:06:02.460000,273.0,260.0,273.0,311.0,False,HARD,31.0,True,Ferrari,0 days 02:04:25.538000,2026-03-15 08:12:01.319,1,4.0,False,,False,True,96.84,96.84
241,0 days 02:07:39.173000,LEC,16,0 days 00:01:36.795000,42.0,2.0,,,25.544,29.158,42.093,0 days 02:06:28.004000,0 days 02:06:57.162000,0 days 02:07:39.255000,273.0,257.0,277.0,304.0,False,HARD,32.0,True,Ferrari,0 days 02:06:02.378000,2026-03-15 08:13:38.159,1,4.0,False,,False,True,96.795,96.795
242,0 days 02:09:15.757000,LEC,16,0 days 00:01:36.584000,43.0,2.0,,,25.335,29.135,42.114,0 days 02:08:04.590000,0 days 02:08:33.725000,0 days 02:09:15.839000,268.0,257.0,274.0,303.0,False,HARD,33.0,True,Ferrari,0 days 02:07:39.173000,2026-03-15 08:15:14.954,1,4.0,False,,False,True,96.584,96.584
243,0 days 02:10:52.406000,LEC,16,0 days 00:01:36.649000,44.0,2.0,,,25.554,29.115,41.98,0 days 02:09:41.393000,0 days 02:10:10.508000,0 days 02:10:52.488000,267.0,255.0,275.0,305.0,False,HARD,34.0,True,Ferrari,0 days 02:09:15.757000,2026-03-15 08:16:51.538,1,4.0,False,,False,True,96.649,96.649
244,0 days 02:12:29.630000,LEC,16,0 days 00:01:37.224000,45.0,2.0,,,25.414,29.223,42.587,0 days 02:11:17.902000,0 days 02:11:47.125000,0 days 02:12:29.712000,268.0,268.0,276.0,304.0,False,HARD,35.0,True,Ferrari,0 days 02:10:52.406000,2026-03-15 08:18:28.187,1,4.0,False,,False,True,97.224,97.224
245,0 days 02:14:05.901000,LEC,16,0 days 00:01:36.271000,46.0,2.0,,,25.203,29.112,41.956,0 days 02:12:54.915000,0 days 02:13:24.027000,0 days 02:14:05.983000,271.0,255.0,275.0,304.0,True,HARD,36.0,True,Ferrari,0 days 02:12:29.630000,2026-03-15 08:20:05.411,1,4.0,False,,False,True,96.271,96.271
246,0 days 02:15:42.105000,LEC,16,0 days 00:01:36.204000,47.0,2.0,,,25.441,29.151,41.612,0 days 02:14:31.424000,0 days 02:15:00.575000,0 days 02:15:42.187000,270.0,263.0,277.0,316.0,True,HARD,37.0,True,Ferrari,0 days 02:14:05.901000,2026-03-15 08:21:41.682,1,4.0,False,,False,True,96.204,96.20400000000001
247,0 days 02:17:18.333000,LEC,16,0 days 00:01:36.228000,48.0,2.0,,,25.151,29.049,42.028,0 days 02:16:07.338000,0 days 02:16:36.387000,0 days 02:17:18.415000,274.0,256.0,274.0,302.0,False,HARD,38.0,True,Ferrari,0 days 02:15:42.105000,2026-03-15 08:23:17.886,1,4.0,False,,False,True,96.228,96.22800000000001
248,0 days 02:18:54.664000,LEC,16,0 days 00:01:36.331000,49.0,2.0,,,25.332,28.967,42.032,0 days 02:17:43.747000,0 days 02:18:12.714000,0 days 02:18:54.746000,271.0,257.0,276.0,302.0,False,HARD,39.0,True,Ferrari,0 days 02:17:18.333000,2026-03-15 08:24:54.114,1,4.0,False,,False,True,96.331,96.33099999999999
249,0 days 02:20:31.051000,LEC,16,0 days 00:01:36.387000,50.0,2.0,,,25.34,29.021,42.026,0 days 02:19:20.086000,0 days 02:19:49.107000,0 days 02:20:31.133000,271.0,256.0,278.0,303.0,False,HARD,40.0,True,Ferrari,0 days 02:18:54.664000,2026-03-15 08:26:30.445,1,4.0,False,,False,True,96.387,96.387
250,0 days 02:22:07.795000,LEC,16,0 days 00:01:36.744000,51.0,2.0,,,25.22,28.931,42.593,0 days 02:20:56.353000,0 days 02:21:25.284000,0 days 02:22:07.877000,271.0,257.0,274.0,303.0,False,HARD,41.0,True,Ferrari,0 days 02:20:31.051000,2026-03-15 08:28:06.832,1,4.0,False,,False,True,96.744,96.744
251,0 days 02:23:44.119000,LEC,16,0 days 00:01:36.324000,52.0,2.0,,,25.373,28.989,41.962,0 days 02:22:33.250000,0 days 02:23:02.239000,0 days 02:23:44.201000,269.0,262.0,278.0,303.0,False,HARD,42.0,True,Ferrari,0 days 02:22:07.795000,2026-03-15 08:29:43.576,1,4.0,False,,False,True,96.324,96.32400000000001
252,0 days 02:25:20.439000,LEC,16,0 days 00:01:36.320000,53.0,2.0,,,25.134,29.028,42.158,0 days 02:24:09.335000,0 days 02:24:38.363000,0 days 02:25:20.521000,271.0,255.0,276.0,302.0,False,HARD,43.0,True,Ferrari,0 days 02:23:44.119000,2026-03-15 08:31:19.900,12,4.0,False,,False,True,96.32,96.32
253,0 days 02:26:56.652000,LEC,16,0 days 00:01:36.213000,54.0,2.0,,,25.197,28.969,42.047,0 days 02:25:45.718000,0 days 02:26:14.687000,0 days 02:26:56.734000,271.0,257.0,279.0,304.0,False,HARD,44.0,True,Ferrari,0 days 02:25:20.439000,2026-03-15 08:32:56.220,1,4.0,False,,False,True,96.213,96.213
254,0 days 02:28:32.786000,LEC,16,0 days 00:01:36.134000,55.0,2.0,,,25.047,29.019,42.068,0 days 02:27:21.781000,0 days 02:27:50.800000,0 days 02:28:32.868000,273.0,258.0,276.0,303.0,True,HARD,45.0,True,Ferrari,0 days 02:26:56.652000,2026-03-15 08:34:32.433,1,4.0,False,,False,True,96.134,96.134
255,0 days 02:30:08.797000,LEC,16,0 days 00:01:36.011000,56.0,2.0,,,25.129,28.862,42.02,0 days 02:28:57.997000,0 days 02:29:26.859000,0 days 02:30:08.879000,273.0,260.0,277.0,303.0,True,HARD,46.0,True,Ferrari,0 days 02:28:32.786000,2026-03-15 08:36:08.567,1,4.0,False,,False,True,96.011,96.011
256,0 days 00:58:13.783000,STR,18,0 days 00:01:49.471000,1.0,1.0,,,,31.291,44.166,,0 days 00:57:29.731000,0 days 00:58:13.921000,270.0,269.0,266.0,321.0,False,HARD,1.0,True,Aston Martin,0 days 00:56:24.050000,2026-03-15 07:03:59.831,12,16.0,False,,False,False,109.471,
257,0 days 00:59:55.613000,STR,18,0 days 00:01:41.830000,2.0,1.0,,,26.76,31.498,43.572,0 days 00:58:40.651000,0 days 00:59:12.149000,0 days 00:59:55.721000,278.0,250.0,267.0,312.0,True,HARD,2.0,True,Aston Martin,0 days 00:58:13.783000,2026-03-15 07:05:49.564,1,16.0,False,,False,True,101.83,101.83000000000001
258,0 days 01:01:37.411000,STR,18,0 days 00:01:41.798000,3.0,1.0,,,26.812,31.468,43.518,0 days 01:00:22.533000,0 days 01:00:54.001000,0 days 01:01:37.519000,261.0,250.0,265.0,308.0,True,HARD,3.0,True,Aston Martin,0 days 00:59:55.613000,2026-03-15 07:07:31.394,1,16.0,False,,False,True,101.798,101.798
259,0 days 01:03:19.265000,STR,18,0 days 00:01:41.854000,4.0,1.0,,,26.814,31.671,43.369,0 days 01:02:04.333000,0 days 01:02:36.004000,0 days 01:03:19.373000,255.0,246.0,266.0,303.0,False,HARD,4.0,True,Aston Martin,0 days 01:01:37.411000,2026-03-15 07:09:13.192,1,16.0,False,,False,True,101.854,101.854
260,0 days 01:05:00.257000,STR,18,0 days 00:01:40.992000,5.0,1.0,,,26.536,31.071,43.385,0 days 01:03:45.909000,0 days 01:04:16.980000,0 days 01:05:00.365000,255.0,248.0,265.0,305.0,True,HARD,5.0,True,Aston Martin,0 days 01:03:19.265000,2026-03-15 07:10:55.046,1,16.0,False,,False,True,100.992,100.99199999999999
261,0 days 01:06:41.228000,STR,18,0 days 00:01:40.971000,6.0,1.0,,,26.716,30.917,43.338,0 days 01:05:27.081000,0 days 01:05:57.998000,0 days 01:06:41.336000,255.0,248.0,266.0,302.0,True,HARD,6.0,True,Aston Martin,0 days 01:05:00.257000,2026-03-15 07:12:36.038,1,16.0,False,,False,True,100.971,100.971
262,0 days 01:08:22.184000,STR,18,0 days 00:01:40.956000,7.0,1.0,,,26.685,30.942,43.329,0 days 01:07:08.021000,0 days 01:07:38.963000,0 days 01:08:22.292000,255.0,247.0,264.0,307.0,True,HARD,7.0,True,Aston Martin,0 days 01:06:41.228000,2026-03-15 07:14:17.009,1,16.0,False,,False,True,100.956,100.95599999999999
263,0 days 01:10:03.358000,STR,18,0 days 00:01:41.174000,8.0,1.0,,,26.692,31.176,43.306,0 days 01:08:48.984000,0 days 01:09:20.160000,0 days 01:10:03.466000,256.0,246.0,266.0,304.0,False,HARD,8.0,True,Aston Martin,0 days 01:08:22.184000,2026-03-15 07:15:57.965,1,16.0,False,,False,True,101.174,101.17399999999999
264,0 days 01:11:44.241000,STR,18,0 days 00:01:40.883000,9.0,1.0,,,26.575,30.832,43.476,0 days 01:10:30.041000,0 days 01:11:00.873000,0 days 01:11:44.349000,258.0,253.0,263.0,320.0,True,HARD,9.0,True,Aston Martin,0 days 01:10:03.358000,2026-03-15 07:17:39.139,1,16.0,False,,False,True,100.883,100.883
265,0 days 01:11:51.712000,STR,18,,10.0,1.0,,,,,,,,,,,,,,HARD,10.0,True,Aston Martin,0 days 01:11:44.241000,,1,,False,,True,False,,
266,0 days 00:58:03.760000,ALB,23,,1.0,1.0,,,,,,,,,,,,,False,HARD,1.0,True,Williams,0 days 00:56:24.050000,2026-03-15 07:03:59.831,12,,False,,True,False,,
267,0 days 00:58:13.031000,HUL,27,0 days 00:01:48.719000,1.0,1.0,,,,32.022,43.88,,0 days 00:57:29.379000,0 days 00:58:13.101000,268.0,262.0,273.0,336.0,False,HARD,1.0,True,Audi,0 days 00:56:24.050000,2026-03-15 07:03:59.831,12,15.0,False,,False,False,108.719,
268,0 days 00:59:54.665000,HUL,27,0 days 00:01:41.634000,2.0,1.0,,,26.751,31.478,43.405,0 days 00:58:39.816000,0 days 00:59:11.294000,0 days 00:59:54.699000,289.0,270.0,271.0,342.0,True,HARD,2.0,True,Audi,0 days 00:58:13.031000,2026-03-15 07:05:48.812,1,15.0,False,,False,True,101.634,101.634
269,0 days 01:01:34.572000,HUL,27,0 days 00:01:39.907000,3.0,1.0,,,26.275,30.985,42.647,0 days 01:00:20.974000,0 days 01:00:51.959000,0 days 01:01:34.606000,287.0,263.0,269.0,329.0,True,HARD,3.0,True,Audi,0 days 00:59:54.665000,2026-03-15 07:07:30.446,1,13.0,False,,False,True,99.907,99.907
270,0 days 01:03:14.089000,HUL,27,0 days 00:01:39.517000,4.0,1.0,,,26.06,30.528,42.929,0 days 01:02:00.666000,0 days 01:02:31.194000,0 days 01:03:14.123000,273.0,263.0,268.0,312.0,True,HARD,4.0,True,Audi,0 days 01:01:34.572000,2026-03-15 07:09:10.353,1,13.0,False,,False,True,99.517,99.517
271,0 days 01:04:53.353000,HUL,27,0 days 00:01:39.264000,5.0,1.0,,,26.036,30.403,42.825,0 days 01:03:40.159000,0 days 01:04:10.562000,0 days 01:04:53.387000,274.0,263.0,269.0,313.0,True,HARD,5.0,True,Audi,0 days 01:03:14.089000,2026-03-15 07:10:49.870,1,13.0,False,,False,True,99.264,99.26400000000001
272,0 days 01:06:32.128000,HUL,27,0 days 00:01:38.775000,6.0,1.0,,,25.939,30.17,42.666,0 days 01:05:19.326000,0 days 01:05:49.496000,0 days 01:06:32.162000,276.0,267.0,267.0,329.0,True,HARD,6.0,True,Audi,0 days 01:04:53.353000,2026-03-15 07:12:29.134,1,13.0,False,,False,True,98.775,98.775
273,0 days 01:08:11.518000,HUL,27,0 days 00:01:39.390000,7.0,1.0,,,26.174,30.54,42.676,0 days 01:06:58.336000,0 days 01:07:28.876000,0 days 01:08:11.552000,284.0,269.0,268.0,329.0,False,HARD,7.0,True,Audi,0 days 01:06:32.128000,2026-03-15 07:14:07.909,1,12.0,False,,False,True,99.39,99.39
274,0 days 01:09:50.545000,HUL,27,0 days 00:01:39.027000,8.0,1.0,,,26.119,30.173,42.735,0 days 01:08:37.671000,0 days 01:09:07.844000,0 days 01:09:50.579000,272.0,263.0,270.0,314.0,False,HARD,8.0,True,Audi,0 days 01:08:11.518000,2026-03-15 07:15:47.299,1,12.0,False,,False,True,99.027,99.027
275,0 days 01:11:29.709000,HUL,27,0 days 00:01:39.164000,9.0,1.0,,,25.939,30.387,42.838,0 days 01:10:16.518000,0 days 01:10:46.905000,0 days 01:11:29.743000,272.0,267.0,267.0,323.0,False,HARD,9.0,True,Audi,0 days 01:09:50.545000,2026-03-15 07:17:26.326,1,10.0,False,,False,True,99.164,99.164
276,0 days 01:13:23.518000,HUL,27,0 days 00:01:53.809000,10.0,1.0,,,25.977,30.406,57.426,0 days 01:11:55.720000,0 days 01:12:26.126000,0 days 01:13:23.552000,276.0,266.0,188.0,260.0,False,HARD,10.0,True,Audi,0 days 01:11:29.709000,2026-03-15 07:19:05.490,124,9.0,False,,False,False,113.809,113.809
277,0 days 01:15:45.516000,HUL,27,0 days 00:02:21.998000,11.0,1.0,,,38.541,40.272,63.185,0 days 01:14:02.093000,0 days 01:14:42.365000,0 days 01:15:45.550000,232.0,242.0,231.0,245.0,False,HARD,11.0,True,Audi,0 days 01:13:23.518000,2026-03-15 07:20:59.299,4,8.0,False,,False,False,141.998,141.998
278,0 days 01:18:16.434000,HUL,27,,12.0,1.0,,,42.774,44.575,63.508,0 days 01:16:28.575000,0 days 01:17:13.001000,0 days 01:18:16.597000,149.0,158.0,181.0,178.0,False,HARD,12.0,True,Audi,0 days 01:15:45.516000,2026-03-15 07:23:21.297,4,8.0,False,,False,False,,150.857
279,0 days 01:20:42.042000,HUL,27,0 days 00:02:25.608000,13.0,1.0,,,36.536,45.081,63.991,0 days 01:18:53.004000,0 days 01:19:38.085000,0 days 01:20:42.076000,207.0,128.0,270.0,186.0,False,HARD,13.0,True,Audi,0 days 01:18:16.434000,2026-03-15 07:25:52.215,41,8.0,False,,False,False,145.608,145.608
280,0 days 01:22:22.987000,HUL,27,0 days 00:01:40.945000,14.0,1.0,,,26.559,30.703,43.683,0 days 01:21:08.635000,0 days 01:21:39.338000,0 days 01:22:23.021000,284.0,274.0,269.0,341.0,False,HARD,14.0,True,Audi,0 days 01:20:42.042000,2026-03-15 07:28:17.823,1,9.0,False,,False,True,100.945,100.945
281,0 days 01:24:02.185000,HUL,27,0 days 00:01:39.198000,15.0,1.0,,,26.218,30.306,42.674,0 days 01:22:49.239000,0 days 01:23:19.545000,0 days 01:24:02.219000,280.0,272.0,266.0,344.0,False,HARD,15.0,True,Audi,0 days 01:22:22.987000,2026-03-15 07:29:58.768,1,9.0,False,,False,True,99.198,99.19800000000001
282,0 days 01:25:41.751000,HUL,27,0 days 00:01:39.566000,16.0,1.0,,,26.1,30.176,43.29,0 days 01:24:28.319000,0 days 01:24:58.495000,0 days 01:25:41.785000,279.0,265.0,264.0,333.0,False,HARD,16.0,True,Audi,0 days 01:24:02.185000,2026-03-15 07:31:37.966,1,10.0,False,,False,True,99.566,99.566
283,0 days 01:27:20.986000,HUL,27,0 days 00:01:39.235000,17.0,1.0,,,26.467,30.212,42.556,0 days 01:26:08.252000,0 days 01:26:38.464000,0 days 01:27:21.020000,276.0,268.0,272.0,328.0,False,HARD,17.0,True,Audi,0 days 01:25:41.751000,2026-03-15 07:33:17.532,12,11.0,False,,False,True,99.235,99.235
284,0 days 01:28:59.860000,HUL,27,0 days 00:01:38.874000,18.0,1.0,,,26.034,30.284,42.556,0 days 01:27:47.054000,0 days 01:28:17.338000,0 days 01:28:59.894000,280.0,270.0,269.0,339.0,False,HARD,18.0,True,Audi,0 days 01:27:20.986000,2026-03-15 07:34:56.767,21,11.0,False,,False,True,98.874,98.874
285,0 days 01:30:38.242000,HUL,27,0 days 00:01:38.382000,19.0,1.0,,,26.016,30.329,42.037,0 days 01:29:25.910000,0 days 01:29:56.239000,0 days 01:30:38.276000,278.0,268.0,268.0,336.0,True,HARD,19.0,True,Audi,0 days 01:28:59.860000,2026-03-15 07:36:35.641,1,10.0,False,,False,True,98.382,98.382
286,0 days 01:32:17.066000,HUL,27,0 days 00:01:38.824000,20.0,1.0,,,26.054,30.067,42.703,0 days 01:31:04.330000,0 days 01:31:34.397000,0 days 01:32:17.100000,273.0,265.0,272.0,315.0,False,HARD,20.0,True,Audi,0 days 01:30:38.242000,2026-03-15 07:38:14.023,1,10.0,False,,False,True,98.824,98.824
287,0 days 01:33:55.460000,HUL,27,0 days 00:01:38.394000,21.0,1.0,,,25.954,29.926,42.514,0 days 01:32:43.054000,0 days 01:33:12.980000,0 days 01:33:55.494000,275.0,266.0,275.0,320.0,False,HARD,21.0,True,Audi,0 days 01:32:17.066000,2026-03-15 07:39:52.847,1,10.0,False,,False,True,98.394,98.394
288,0 days 01:35:33.903000,HUL,27,0 days 00:01:38.443000,22.0,1.0,,,25.997,30.156,42.29,0 days 01:34:21.491000,0 days 01:34:51.647000,0 days 01:35:33.937000,273.0,265.0,271.0,340.0,False,HARD,22.0,True,Audi,0 days 01:33:55.460000,2026-03-15 07:41:31.241,1,9.0,False,,False,True,98.443,98.443
289,0 days 01:37:13.399000,HUL,27,0 days 00:01:39.496000,23.0,1.0,,,26.054,30.781,42.661,0 days 01:35:59.991000,0 days 01:36:30.772000,0 days 01:37:13.433000,288.0,267.0,271.0,321.0,False,HARD,23.0,True,Audi,0 days 01:35:33.903000,2026-03-15 07:43:09.684,1,10.0,False,,False,True,99.496,99.496
290,0 days 01:38:52.111000,HUL,27,0 days 00:01:38.712000,24.0,1.0,,,25.934,30.123,42.655,0 days 01:37:39.367000,0 days 01:38:09.490000,0 days 01:38:52.145000,274.0,264.0,273.0,309.0,False,HARD,24.0,True,Audi,0 days 01:37:13.399000,2026-03-15 07:44:49.180,1,10.0,False,,False,True,98.712,98.712
291,0 days 01:40:30.699000,HUL,27,0 days 00:01:38.588000,25.0,1.0,,,25.959,30.15,42.479,0 days 01:39:18.104000,0 days 01:39:48.254000,0 days 01:40:30.733000,277.0,267.0,274.0,315.0,False,HARD,25.0,True,Audi,0 days 01:38:52.111000,2026-03-15 07:46:27.892,1,10.0,False,,False,True,98.588,98.588
292,0 days 01:42:09.001000,HUL,27,0 days 00:01:38.302000,26.0,1.0,,,25.749,29.901,42.652,0 days 01:40:56.482000,0 days 01:41:26.383000,0 days 01:42:09.035000,277.0,269.0,275.0,312.0,True,HARD,26.0,True,Audi,0 days 01:40:30.699000,2026-03-15 07:48:06.480,1,10.0,False,,False,True,98.302,98.30199999999999
293,0 days 01:43:46.960000,HUL,27,0 days 00:01:37.959000,27.0,1.0,,,25.666,29.778,42.515,0 days 01:42:34.701000,0 days 01:43:04.479000,0 days 01:43:46.994000,278.0,269.0,274.0,312.0,True,HARD,27.0,True,Audi,0 days 01:42:09.001000,2026-03-15 07:49:44.782,12,10.0,False,,False,True,97.959,97.959
294,0 days 01:45:25.110000,HUL,27,0 days 00:01:38.150000,28.0,1.0,,,25.75,29.903,42.497,0 days 01:44:12.744000,0 days 01:44:42.647000,0 days 01:45:25.144000,277.0,268.0,271.0,318.0,False,HARD,28.0,True,Audi,0 days 01:43:46.960000,2026-03-15 07:51:22.741,21,10.0,False,,False,True,98.15,98.15
295,0 days 01:47:03.787000,HUL,27,0 days 00:01:38.677000,29.0,1.0,,,26.029,30.152,42.496,0 days 01:45:51.173000,0 days 01:46:21.325000,0 days 01:47:03.821000,279.0,270.0,271.0,328.0,False,HARD,29.0,True,Audi,0 days 01:45:25.110000,2026-03-15 07:53:00.891,1,9.0,False,,False,True,98.677,98.67699999999999
296,0 days 01:48:41.646000,HUL,27,0 days 00:01:37.859000,30.0,1.0,,,25.774,29.835,42.25,0 days 01:47:29.595000,0 days 01:47:59.430000,0 days 01:48:41.680000,275.0,266.0,273.0,319.0,True,HARD,30.0,True,Audi,0 days 01:47:03.787000,2026-03-15 07:54:39.568,1,9.0,False,,False,True,97.859,97.85900000000001
297,0 days 01:50:19.408000,HUL,27,0 days 00:01:37.762000,31.0,1.0,,,25.658,29.921,42.183,0 days 01:49:07.338000,0 days 01:49:37.259000,0 days 01:50:19.442000,277.0,268.0,271.0,327.0,True,HARD,31.0,True,Audi,0 days 01:48:41.646000,2026-03-15 07:56:17.427,1,9.0,False,,False,True,97.762,97.762
298,0 days 01:51:57.704000,HUL,27,0 days 00:01:38.296000,32.0,1.0,,,25.866,29.87,42.56,0 days 01:50:45.308000,0 days 01:51:15.178000,0 days 01:51:57.738000,275.0,266.0,271.0,313.0,False,HARD,32.0,True,Audi,0 days 01:50:19.408000,2026-03-15 07:57:55.189,1,8.0,False,,False,True,98.296,98.296
299,0 days 01:53:36.367000,HUL,27,0 days 00:01:38.663000,33.0,1.0,,,25.833,29.84,42.99,0 days 01:52:23.571000,0 days 01:52:53.411000,0 days 01:53:36.401000,271.0,262.0,257.0,305.0,False,HARD,33.0,True,Audi,0 days 01:51:57.704000,2026-03-15 07:59:33.485,12,8.0,False,,False,True,98.663,98.66300000000001
300,0 days 01:55:14.794000,HUL,27,0 days 00:01:38.427000,34.0,1.0,,,26.029,29.572,42.826,0 days 01:54:02.430000,0 days 01:54:32.002000,0 days 01:55:14.828000,272.0,262.0,270.0,303.0,False,HARD,34.0,True,Audi,0 days 01:53:36.367000,2026-03-15 08:01:12.148,1,8.0,False,,False,True,98.427,98.42699999999999
301,0 days 01:56:59.707000,HUL,27,0 days 00:01:44.913000,35.0,1.0,,0 days 01:56:57.832000,25.9,30.099,48.914,0 days 01:55:40.728000,0 days 01:56:10.827000,0 days 01:56:59.741000,272.0,261.0,,318.0,False,HARD,35.0,True,Audi,0 days 01:55:14.794000,2026-03-15 08:02:50.575,1,10.0,False,,False,False,104.913,104.913
302,0 days 01:59:11.917000,HUL,27,0 days 00:02:12.210000,36.0,2.0,0 days 01:57:35.057000,,59.719,30.117,42.374,0 days 01:57:59.460000,0 days 01:58:29.577000,0 days 01:59:11.951000,268.0,264.0,272.0,305.0,False,MEDIUM,1.0,True,Audi,0 days 01:56:59.707000,2026-03-15 08:04:35.488,1,16.0,False,,False,False,132.21,132.21
303,0 days 02:00:48.537000,HUL,27,0 days 00:01:36.620000,37.0,2.0,,,25.673,29.278,41.669,0 days 01:59:37.624000,0 days 02:00:06.902000,0 days 02:00:48.571000,276.0,268.0,278.0,315.0,True,MEDIUM,2.0,True,Audi,0 days 01:59:11.917000,2026-03-15 08:06:47.698,1,16.0,False,,False,True,96.62,96.61999999999999
304,0 days 02:02:24.717000,HUL,27,0 days 00:01:36.180000,38.0,2.0,,,25.049,29.479,41.652,0 days 02:01:13.620000,0 days 02:01:43.099000,0 days 02:02:24.751000,301.0,268.0,272.0,340.0,True,MEDIUM,3.0,True,Audi,0 days 02:00:48.537000,2026-03-15 08:08:24.318,1,14.0,False,,False,True,96.18,96.18
305,0 days 02:04:01.833000,HUL,27,0 days 00:01:37.116000,39.0,2.0,,,25.51,29.206,42.4,0 days 02:02:50.261000,0 days 02:03:19.467000,0 days 02:04:01.867000,271.0,262.0,273.0,304.0,False,MEDIUM,4.0,True,Audi,0 days 02:02:24.717000,2026-03-15 08:10:00.498,1,14.0,False,,False,True,97.116,97.116
306,0 days 02:05:38.706000,HUL,27,0 days 00:01:36.873000,40.0,2.0,,,25.544,29.074,42.255,0 days 02:04:27.411000,0 days 02:04:56.485000,0 days 02:05:38.740000,271.0,263.0,274.0,306.0,False,MEDIUM,5.0,True,Audi,0 days 02:04:01.833000,2026-03-15 08:11:37.614,1,14.0,False,,False,True,96.873,96.873
307,0 days 02:07:15.331000,HUL,27,0 days 00:01:36.625000,41.0,2.0,,,25.476,29.107,42.042,0 days 02:06:04.216000,0 days 02:06:33.323000,0 days 02:07:15.365000,273.0,264.0,273.0,308.0,False,MEDIUM,6.0,True,Audi,0 days 02:05:38.706000,2026-03-15 08:13:14.487,1,14.0,False,,False,True,96.625,96.625
308,0 days 02:08:54.006000,HUL,27,0 days 00:01:38.675000,42.0,2.0,,,25.518,29.563,43.594,0 days 02:07:40.883000,0 days 02:08:10.446000,0 days 02:08:54.040000,275.0,268.0,275.0,251.0,False,MEDIUM,7.0,True,Audi,0 days 02:07:15.331000,2026-03-15 08:14:51.112,1,14.0,False,,False,True,98.675,98.67500000000001
309,0 days 02:10:30.767000,HUL,27,0 days 00:01:36.761000,43.0,2.0,,,25.464,29.118,42.179,0 days 02:09:19.504000,0 days 02:09:48.622000,0 days 02:10:30.801000,304.0,264.0,273.0,304.0,False,MEDIUM,8.0,True,Audi,0 days 02:08:54.006000,2026-03-15 08:16:29.787,1,12.0,False,,False,True,96.761,96.761
310,0 days 02:12:07.635000,HUL,27,0 days 00:01:36.868000,44.0,2.0,,,25.48,29.178,42.21,0 days 02:10:56.281000,0 days 02:11:25.459000,0 days 02:12:07.669000,271.0,263.0,275.0,303.0,False,MEDIUM,9.0,True,Audi,0 days 02:10:30.767000,2026-03-15 08:18:06.548,1,12.0,False,,False,True,96.868,96.868
311,0 days 02:13:44.536000,HUL,27,0 days 00:01:36.901000,45.0,2.0,,,25.475,29.157,42.269,0 days 02:12:33.144000,0 days 02:13:02.301000,0 days 02:13:44.570000,274.0,264.0,274.0,302.0,False,MEDIUM,10.0,True,Audi,0 days 02:12:07.635000,2026-03-15 08:19:43.416,1,11.0,False,,False,True,96.901,96.90100000000001
312,0 days 02:15:21.521000,HUL,27,0 days 00:01:36.985000,46.0,2.0,,,25.488,29.2,42.297,0 days 02:14:10.058000,0 days 02:14:39.258000,0 days 02:15:21.555000,274.0,263.0,274.0,302.0,False,MEDIUM,11.0,True,Audi,0 days 02:13:44.536000,2026-03-15 08:21:20.317,1,11.0,False,,False,True,96.985,96.985
313,0 days 02:17:00.284000,HUL,27,0 days 00:01:38.763000,47.0,2.0,,,25.609,29.393,43.761,0 days 02:15:47.164000,0 days 02:16:16.557000,0 days 02:17:00.318000,274.0,265.0,275.0,291.0,False,MEDIUM,12.0,True,Audi,0 days 02:15:21.521000,2026-03-15 08:22:57.302,1,11.0,False,,False,True,98.763,98.763
314,0 days 02:18:37.060000,HUL,27,0 days 00:01:36.776000,48.0,2.0,,,25.604,29.334,41.838,0 days 02:17:25.922000,0 days 02:17:55.256000,0 days 02:18:37.094000,279.0,270.0,266.0,332.0,False,MEDIUM,13.0,True,Audi,0 days 02:17:00.284000,2026-03-15 08:24:36.065,1,11.0,False,,False,True,96.776,96.77600000000001
315,0 days 02:20:15.124000,HUL,27,0 days 00:01:38.064000,49.0,2.0,,,25.828,29.409,42.827,0 days 02:19:02.922000,0 days 02:19:32.331000,0 days 02:20:15.158000,273.0,263.0,273.0,298.0,False,MEDIUM,14.0,True,Audi,0 days 02:18:37.060000,2026-03-15 08:26:12.841,1,11.0,False,,False,True,98.064,98.064
316,0 days 02:21:52.820000,HUL,27,0 days 00:01:37.696000,50.0,2.0,,,25.661,29.684,42.351,0 days 02:20:40.819000,0 days 02:21:10.503000,0 days 02:21:52.854000,273.0,265.0,274.0,303.0,False,MEDIUM,15.0,True,Audi,0 days 02:20:15.124000,2026-03-15 08:27:50.905,1,11.0,False,,False,True,97.696,97.696
317,0 days 02:23:30.325000,HUL,27,0 days 00:01:37.505000,51.0,2.0,,,25.573,29.393,42.539,0 days 02:22:18.427000,0 days 02:22:47.820000,0 days 02:23:30.359000,275.0,264.0,274.0,301.0,False,MEDIUM,16.0,True,Audi,0 days 02:21:52.820000,2026-03-15 08:29:28.601,1,11.0,False,,False,True,97.505,97.505
318,0 days 02:25:07.939000,HUL,27,0 days 00:01:37.614000,52.0,2.0,,,25.659,29.366,42.589,0 days 02:23:56.018000,0 days 02:24:25.384000,0 days 02:25:07.973000,275.0,264.0,273.0,300.0,False,MEDIUM,17.0,True,Audi,0 days 02:23:30.325000,2026-03-15 08:31:06.106,12,11.0,False,,False,True,97.614,97.614
319,0 days 02:26:45.909000,HUL,27,0 days 00:01:37.970000,53.0,2.0,,,25.787,29.547,42.636,0 days 02:25:33.760000,0 days 02:26:03.307000,0 days 02:26:45.943000,274.0,264.0,274.0,300.0,False,MEDIUM,18.0,True,Audi,0 days 02:25:07.939000,2026-03-15 08:32:43.720,1,11.0,False,,False,True,97.97,97.97
320,0 days 02:28:23.518000,HUL,27,0 days 00:01:37.609000,54.0,2.0,,,25.605,29.479,42.525,0 days 02:27:11.548000,0 days 02:27:41.027000,0 days 02:28:23.552000,274.0,264.0,274.0,301.0,False,MEDIUM,19.0,True,Audi,0 days 02:26:45.909000,2026-03-15 08:34:21.690,1,11.0,False,,False,True,97.609,97.60900000000001
321,0 days 02:30:01.089000,HUL,27,0 days 00:01:37.571000,55.0,2.0,,,25.677,29.426,42.468,0 days 02:28:49.229000,0 days 02:29:18.655000,0 days 02:30:01.123000,274.0,262.0,266.0,307.0,False,MEDIUM,20.0,True,Audi,0 days 02:28:23.518000,2026-03-15 08:35:59.299,1,11.0,False,,False,True,97.571,97.571
322,0 days 00:58:12.231000,VER,3,0 days 00:01:47.910000,1.0,1.0,,,,31.169,43.911,,0 days 00:57:28.516000,0 days 00:58:12.412000,291.0,267.0,271.0,341.0,False,SOFT,4.0,False,Red Bull Racing,0 days 00:56:24.050000,2026-03-15 07:03:59.831,12,13.0,False,,False,False,107.91,
323,0 days 00:59:52.526000,VER,3,0 days 00:01:40.295000,2.0,1.0,,,26.205,31.087,43.003,0 days 00:58:38.493000,0 days 00:59:09.580000,0 days 00:59:52.583000,281.0,255.0,271.0,322.0,True,SOFT,5.0,False,Red Bull Racing,0 days 00:58:12.231000,2026-03-15 07:05:48.012,1,10.0,False,,False,True,100.295,100.295
324,0 days 01:01:31.606000,VER,3,0 days 00:01:39.080000,3.0,1.0,,,25.992,30.619,42.469,0 days 01:00:18.575000,0 days 01:00:49.194000,0 days 01:01:31.663000,264.0,259.0,277.0,321.0,True,SOFT,6.0,False,Red Bull Racing,0 days 00:59:52.526000,2026-03-15 07:07:28.307,1,10.0,False,,False,True,99.08,99.08000000000001
325,0 days 01:03:10.726000,VER,3,0 days 00:01:39.120000,4.0,1.0,,,26.144,30.322,42.654,0 days 01:01:57.807000,0 days 01:02:28.129000,0 days 01:03:10.783000,270.0,262.0,277.0,325.0,False,SOFT,7.0,False,Red Bull Racing,0 days 01:01:31.606000,2026-03-15 07:09:07.387,1,10.0,False,,False,True,99.12,99.12
326,0 days 01:04:50.308000,VER,3,0 days 00:01:39.582000,5.0,1.0,,,26.651,30.4,42.531,0 days 01:03:37.434000,0 days 01:04:07.834000,0 days 01:04:50.365000,269.0,260.0,275.0,324.0,False,SOFT,8.0,False,Red Bull Racing,0 days 01:03:10.726000,2026-03-15 07:10:46.507,1,10.0,True,TRACK LIMITS AT TURN 2 LAP 5 ,False,True,99.582,99.582
327,0 days 01:06:29.514000,VER,3,0 days 00:01:39.206000,6.0,1.0,,,26.14,30.474,42.592,0 days 01:05:16.505000,0 days 01:05:46.979000,0 days 01:06:29.571000,272.0,267.0,277.0,328.0,False,SOFT,9.0,False,Red Bull Racing,0 days 01:04:50.308000,2026-03-15 07:12:26.089,1,10.0,False,,False,True,99.206,99.206
328,0 days 01:08:09.088000,VER,3,0 days 00:01:39.574000,7.0,1.0,,,26.111,30.64,42.823,0 days 01:06:55.682000,0 days 01:07:26.322000,0 days 01:08:09.145000,273.0,259.0,275.0,325.0,False,SOFT,10.0,False,Red Bull Racing,0 days 01:06:29.514000,2026-03-15 07:14:05.295,1,10.0,False,,False,True,99.574,99.57400000000001
329,0 days 01:09:48.553000,VER,3,0 days 00:01:39.465000,8.0,1.0,,,26.042,30.748,42.675,0 days 01:08:35.187000,0 days 01:09:05.935000,0 days 01:09:48.610000,272.0,265.0,274.0,322.0,False,SOFT,11.0,False,Red Bull Racing,0 days 01:08:09.088000,2026-03-15 07:15:44.869,1,10.0,False,,False,True,99.465,99.465
330,0 days 01:11:34.078000,VER,3,0 days 00:01:45.525000,9.0,1.0,,0 days 01:11:32.287000,26.282,30.798,48.445,0 days 01:10:14.892000,0 days 01:10:45.690000,0 days 01:11:34.135000,272.0,263.0,,323.0,False,SOFT,12.0,False,Red Bull Racing,0 days 01:09:48.553000,2026-03-15 07:17:24.334,1,12.0,False,,False,False,105.525,105.525
331,0 days 01:13:57.230000,VER,3,0 days 00:02:23.152000,10.0,2.0,0 days 01:11:56.003000,,46.287,39.105,57.76,0 days 01:12:20.422000,0 days 01:12:59.527000,0 days 01:13:57.287000,266.0,154.0,217.0,223.0,False,HARD,1.0,True,Red Bull Racing,0 days 01:11:34.078000,2026-03-15 07:19:09.859,124,15.0,False,,False,False,143.152,143.152
332,0 days 01:16:12.298000,VER,3,0 days 00:02:15.068000,11.0,2.0,,,35.451,40.422,59.195,0 days 01:14:32.738000,0 days 01:15:13.160000,0 days 01:16:12.355000,226.0,225.0,219.0,253.0,False,HARD,2.0,True,Red Bull Racing,0 days 01:13:57.230000,2026-03-15 07:21:33.011,4,14.0,False,,False,False,135.068,135.06799999999998
333,0 days 01:18:21.967000,VER,3,0 days 00:02:09.669000,12.0,2.0,,,32.207,34.84,62.622,0 days 01:16:44.562000,0 days 01:17:19.402000,0 days 01:18:22.024000,235.0,214.0,120.0,106.0,False,HARD,3.0,True,Red Bull Racing,0 days 01:16:12.298000,2026-03-15 07:23:48.079,4,13.0,False,,False,False,129.669,129.66899999999998
334,0 days 01:20:44.314000,VER,3,0 days 00:02:22.347000,13.0,2.0,,,35.686,45.94,60.721,0 days 01:18:57.710000,0 days 01:19:43.650000,0 days 01:20:44.371000,225.0,204.0,270.0,205.0,False,HARD,4.0,True,Red Bull Racing,0 days 01:18:21.967000,2026-03-15 07:25:57.748,41,13.0,False,,False,False,142.347,142.347
335,0 days 01:22:23.887000,VER,3,0 days 00:01:39.573000,14.0,2.0,,,26.178,30.957,42.438,0 days 01:21:10.549000,0 days 01:21:41.506000,0 days 01:22:23.944000,309.0,261.0,274.0,325.0,False,HARD,5.0,True,Red Bull Racing,0 days 01:20:44.314000,2026-03-15 07:28:20.095,1,11.0,False,,False,True,99.573,99.57300000000001
336,0 days 01:24:02.955000,VER,3,0 days 00:01:39.068000,15.0,2.0,,,25.966,30.709,42.393,0 days 01:22:49.910000,0 days 01:23:20.619000,0 days 01:24:03.012000,300.0,264.0,276.0,322.0,True,HARD,6.0,True,Red Bull Racing,0 days 01:22:23.887000,2026-03-15 07:29:59.668,1,11.0,False,,False,True,99.068,99.068
337,0 days 01:25:41.908000,VER,3,0 days 00:01:38.953000,16.0,2.0,,,26.214,30.102,42.637,0 days 01:24:29.226000,0 days 01:24:59.328000,0 days 01:25:41.965000,274.0,269.0,280.0,320.0,True,HARD,7.0,True,Red Bull Racing,0 days 01:24:02.955000,2026-03-15 07:31:38.736,1,11.0,False,,False,True,98.953,98.953
338,0 days 01:27:20.175000,VER,3,0 days 00:01:38.267000,17.0,2.0,,,25.735,30.129,42.403,0 days 01:26:07.700000,0 days 01:26:37.829000,0 days 01:27:20.232000,274.0,263.0,279.0,328.0,True,HARD,8.0,True,Red Bull Racing,0 days 01:25:41.908000,2026-03-15 07:33:17.689,12,10.0,False,,False,True,98.267,98.267
339,0 days 01:28:57.525000,VER,3,0 days 00:01:37.350000,18.0,2.0,,,25.558,29.953,41.839,0 days 01:27:45.790000,0 days 01:28:15.743000,0 days 01:28:57.582000,276.0,265.0,276.0,323.0,True,HARD,9.0,True,Red Bull Racing,0 days 01:27:20.175000,2026-03-15 07:34:55.956,21,9.0,False,,False,True,97.35,97.35
340,0 days 01:30:36.560000,VER,3,0 days 00:01:39.035000,19.0,2.0,,,25.661,30.788,42.586,0 days 01:29:23.243000,0 days 01:29:54.031000,0 days 01:30:36.617000,302.0,269.0,262.0,340.0,False,HARD,10.0,True,Red Bull Racing,0 days 01:28:57.525000,2026-03-15 07:36:33.306,1,9.0,False,,False,True,99.035,99.035
341,0 days 01:32:15.091000,VER,3,0 days 00:01:38.531000,20.0,2.0,,,26.528,29.882,42.121,0 days 01:31:03.145000,0 days 01:31:33.027000,0 days 01:32:15.148000,274.0,266.0,279.0,327.0,False,HARD,11.0,True,Red Bull Racing,0 days 01:30:36.560000,2026-03-15 07:38:12.341,1,8.0,False,,False,True,98.531,98.531
342,0 days 01:33:53.859000,VER,3,0 days 00:01:38.768000,21.0,2.0,,,25.933,30.162,42.673,0 days 01:32:41.081000,0 days 01:33:11.243000,0 days 01:33:53.916000,306.0,264.0,269.0,323.0,False,HARD,12.0,True,Red Bull Racing,0 days 01:32:15.091000,2026-03-15 07:39:50.872,1,7.0,False,,False,True,98.768,98.768
343,0 days 01:35:32.006000,VER,3,0 days 00:01:38.147000,22.0,2.0,,,25.68,29.815,42.652,0 days 01:34:19.596000,0 days 01:34:49.411000,0 days 01:35:32.063000,309.0,255.0,255.0,304.0,False,HARD,13.0,True,Red Bull Racing,0 days 01:33:53.859000,2026-03-15 07:41:29.640,1,6.0,False,,False,True,98.147,98.147
344,0 days 01:37:10.045000,VER,3,0 days 00:01:38.039000,23.0,2.0,,,26.181,29.738,42.12,0 days 01:35:58.244000,0 days 01:36:27.982000,0 days 01:37:10.102000,269.0,258.0,275.0,313.0,False,HARD,14.0,True,Red Bull Racing,0 days 01:35:32.006000,2026-03-15 07:43:07.787,1,6.0,False,,False,True,98.039,98.03899999999999
345,0 days 01:38:47.925000,VER,3,0 days 00:01:37.880000,24.0,2.0,,,25.854,29.807,42.219,0 days 01:37:35.956000,0 days 01:38:05.763000,0 days 01:38:47.982000,267.0,258.0,270.0,311.0,False,HARD,15.0,True,Red Bull Racing,0 days 01:37:10.045000,2026-03-15 07:44:45.826,1,6.0,False,,False,True,97.88,97.88
346,0 days 01:40:25.794000,VER,3,0 days 00:01:37.869000,25.0,2.0,,,25.976,29.754,42.139,0 days 01:39:13.958000,0 days 01:39:43.712000,0 days 01:40:25.851000,269.0,262.0,276.0,312.0,False,HARD,16.0,True,Red Bull Racing,0 days 01:38:47.925000,2026-03-15 07:46:23.706,1,6.0,False,,False,True,97.869,97.869
347,0 days 01:42:03.174000,VER,3,0 days 00:01:37.380000,26.0,2.0,,,25.716,29.645,42.019,0 days 01:40:51.567000,0 days 01:41:21.212000,0 days 01:42:03.231000,269.0,265.0,275.0,312.0,False,HARD,17.0,True,Red Bull Racing,0 days 01:40:25.794000,2026-03-15 07:48:01.575,1,6.0,False,,False,True,97.38,97.38
348,0 days 01:43:40.819000,VER,3,0 days 00:01:37.645000,27.0,2.0,,,25.876,29.73,42.039,0 days 01:42:29.107000,0 days 01:42:58.837000,0 days 01:43:40.876000,270.0,262.0,277.0,309.0,False,HARD,18.0,True,Red Bull Racing,0 days 01:42:03.174000,2026-03-15 07:49:38.955,1,6.0,False,,False,True,97.645,97.64500000000001
349,0 days 01:45:18.187000,VER,3,0 days 00:01:37.368000,28.0,2.0,,,25.679,29.705,41.984,0 days 01:44:06.555000,0 days 01:44:36.260000,0 days 01:45:18.244000,268.0,259.0,276.0,313.0,False,HARD,19.0,True,Red Bull Racing,0 days 01:43:40.819000,2026-03-15 07:51:16.600,12,6.0,False,,False,True,97.368,97.368
350,0 days 01:46:55.859000,VER,3,0 days 00:01:37.672000,29.0,2.0,,,25.829,29.805,42.038,0 days 01:45:44.073000,0 days 01:46:13.878000,0 days 01:46:55.916000,268.0,261.0,277.0,313.0,False,HARD,20.0,True,Red Bull Racing,0 days 01:45:18.187000,2026-03-15 07:52:53.968,1,6.0,False,,False,True,97.672,97.672
351,0 days 01:48:33.446000,VER,3,0 days 00:01:37.587000,30.0,2.0,,,25.687,29.767,42.133,0 days 01:47:21.603000,0 days 01:47:51.370000,0 days 01:48:33.503000,270.0,260.0,275.0,312.0,False,HARD,21.0,True,Red Bull Racing,0 days 01:46:55.859000,2026-03-15 07:54:31.640,1,6.0,False,,False,True,97.587,97.587
352,0 days 01:50:10.964000,VER,3,0 days 00:01:37.518000,31.0,2.0,,,25.758,29.78,41.98,0 days 01:48:59.261000,0 days 01:49:29.041000,0 days 01:50:11.021000,270.0,260.0,275.0,313.0,False,HARD,22.0,True,Red Bull Racing,0 days 01:48:33.446000,2026-03-15 07:56:09.227,1,6.0,False,,False,True,97.518,97.518
353,0 days 01:51:48.724000,VER,3,0 days 00:01:37.760000,32.0,2.0,,,25.833,29.936,41.991,0 days 01:50:36.854000,0 days 01:51:06.790000,0 days 01:51:48.781000,269.0,260.0,278.0,312.0,False,HARD,23.0,True,Red Bull Racing,0 days 01:50:10.964000,2026-03-15 07:57:46.745,1,6.0,False,,False,True,97.76,97.75999999999999
354,0 days 01:53:26.105000,VER,3,0 days 00:01:37.381000,33.0,2.0,,,25.69,29.705,41.986,0 days 01:52:14.471000,0 days 01:52:44.176000,0 days 01:53:26.162000,269.0,263.0,274.0,312.0,False,HARD,24.0,True,Red Bull Racing,0 days 01:51:48.724000,2026-03-15 07:59:24.505,12,6.0,False,,False,True,97.381,97.381
355,0 days 01:55:03.515000,VER,3,0 days 00:01:37.410000,34.0,2.0,,,25.748,29.64,42.022,0 days 01:53:51.910000,0 days 01:54:21.550000,0 days 01:55:03.572000,269.0,261.0,274.0,313.0,False,HARD,25.0,True,Red Bull Racing,0 days 01:53:26.105000,2026-03-15 08:01:01.886,1,6.0,False,,False,True,97.41,97.41
356,0 days 01:56:41.005000,VER,3,0 days 00:01:37.490000,35.0,2.0,,,25.741,29.682,42.067,0 days 01:55:29.313000,0 days 01:55:58.995000,0 days 01:56:41.062000,269.0,262.0,277.0,310.0,False,HARD,26.0,True,Red Bull Racing,0 days 01:55:03.515000,2026-03-15 08:02:39.296,1,6.0,False,,False,True,97.49,97.49000000000001
357,0 days 01:58:18.234000,VER,3,0 days 00:01:37.229000,36.0,2.0,,,25.652,29.627,41.95,0 days 01:57:06.714000,0 days 01:57:36.341000,0 days 01:58:18.291000,271.0,262.0,277.0,314.0,True,HARD,27.0,True,Red Bull Racing,0 days 01:56:41.005000,2026-03-15 08:04:16.786,1,6.0,False,,False,True,97.229,97.229
358,0 days 01:59:55.384000,VER,3,0 days 00:01:37.150000,37.0,2.0,,,25.592,29.668,41.89,0 days 01:58:43.883000,0 days 01:59:13.551000,0 days 01:59:55.441000,273.0,262.0,276.0,315.0,True,HARD,28.0,True,Red Bull Racing,0 days 01:58:18.234000,2026-03-15 08:05:54.015,1,6.0,False,,False,True,97.15,97.15
359,0 days 02:01:32.447000,VER,3,0 days 00:01:37.063000,38.0,2.0,,,25.681,29.517,41.865,0 days 02:00:21.122000,0 days 02:00:50.639000,0 days 02:01:32.504000,270.0,262.0,279.0,313.0,True,HARD,29.0,True,Red Bull Racing,0 days 01:59:55.384000,2026-03-15 08:07:31.165,1,6.0,False,,False,True,97.063,97.063
360,0 days 02:03:09.493000,VER,3,0 days 00:01:37.046000,39.0,2.0,,,25.612,29.585,41.849,0 days 02:01:58.116000,0 days 02:02:27.701000,0 days 02:03:09.550000,270.0,262.0,276.0,312.0,True,HARD,30.0,True,Red Bull Racing,0 days 02:01:32.447000,2026-03-15 08:09:08.228,1,6.0,False,,False,True,97.046,97.04599999999999
361,0 days 02:04:46.748000,VER,3,0 days 00:01:37.255000,40.0,2.0,,,25.589,29.596,42.07,0 days 02:03:35.139000,0 days 02:04:04.735000,0 days 02:04:46.805000,273.0,263.0,276.0,313.0,False,HARD,31.0,True,Red Bull Racing,0 days 02:03:09.493000,2026-03-15 08:10:45.274,1,6.0,False,,False,True,97.255,97.255
362,0 days 02:06:24.153000,VER,3,0 days 00:01:37.405000,41.0,2.0,,,25.665,29.626,42.114,0 days 02:05:12.470000,0 days 02:05:42.096000,0 days 02:06:24.210000,275.0,262.0,278.0,315.0,False,HARD,32.0,True,Red Bull Racing,0 days 02:04:46.748000,2026-03-15 08:12:22.529,1,6.0,False,,False,True,97.405,97.405
363,0 days 02:08:01.536000,VER,3,0 days 00:01:37.383000,42.0,2.0,,,25.581,29.634,42.168,0 days 02:06:49.791000,0 days 02:07:19.425000,0 days 02:08:01.593000,272.0,263.0,278.0,310.0,False,HARD,33.0,True,Red Bull Racing,0 days 02:06:24.153000,2026-03-15 08:13:59.934,1,6.0,False,,False,True,97.383,97.38300000000001
364,0 days 02:09:38.659000,VER,3,0 days 00:01:37.123000,43.0,2.0,,,25.642,29.518,41.963,0 days 02:08:27.235000,0 days 02:08:56.753000,0 days 02:09:38.716000,273.0,265.0,279.0,312.0,False,HARD,34.0,True,Red Bull Racing,0 days 02:08:01.536000,2026-03-15 08:15:37.317,1,6.0,False,,False,True,97.123,97.12299999999999
365,0 days 02:11:15.751000,VER,3,0 days 00:01:37.092000,44.0,2.0,,,25.525,29.52,42.047,0 days 02:10:04.241000,0 days 02:10:33.761000,0 days 02:11:15.808000,276.0,267.0,279.0,314.0,False,HARD,35.0,True,Red Bull Racing,0 days 02:09:38.659000,2026-03-15 08:17:14.440,1,6.0,False,,False,True,97.092,97.092
366,0 days 02:13:50.686000,VER,3,,45.0,2.0,,0 days 02:13:48.930000,25.784,54.024,75.059,0 days 02:11:41.715000,0 days 02:12:35.737000,0 days 02:13:50.743000,277.0,129.0,,143.0,False,HARD,36.0,True,Red Bull Racing,0 days 02:11:15.751000,2026-03-15 08:18:51.532,1,13.0,False,,False,False,,154.867
367,0 days 00:58:10.396000,LAW,30,0 days 00:01:46.084000,1.0,1.0,,,,31.35,43.622,,0 days 00:57:26.899000,0 days 00:58:10.396000,285.0,260.0,269.0,345.0,False,MEDIUM,1.0,True,Racing Bulls,0 days 00:56:24.050000,2026-03-15 07:03:59.831,12,7.0,False,,False,False,106.084,
368,0 days 00:59:50.194000,LAW,30,0 days 00:01:39.798000,2.0,1.0,,,26.269,30.557,42.972,0 days 00:58:36.665000,0 days 00:59:07.222000,0 days 00:59:50.194000,266.0,260.0,271.0,318.0,True,MEDIUM,2.0,True,Racing Bulls,0 days 00:58:10.396000,2026-03-15 07:05:46.177,1,7.0,False,,False,True,99.798,99.798
369,0 days 01:01:29.141000,LAW,30,0 days 00:01:38.947000,3.0,1.0,,,26.007,30.129,42.811,0 days 01:00:16.201000,0 days 01:00:46.330000,0 days 01:01:29.141000,268.0,262.0,272.0,318.0,True,MEDIUM,3.0,True,Racing Bulls,0 days 00:59:50.194000,2026-03-15 07:07:25.975,1,7.0,False,,False,True,98.947,98.947
370,0 days 01:03:08.255000,LAW,30,0 days 00:01:39.114000,4.0,1.0,,,26.045,30.283,42.786,0 days 01:01:55.186000,0 days 01:02:25.469000,0 days 01:03:08.255000,270.0,260.0,274.0,318.0,False,MEDIUM,4.0,True,Racing Bulls,0 days 01:01:29.141000,2026-03-15 07:09:04.922,1,7.0,False,,False,True,99.114,99.114
371,0 days 01:04:48.310000,LAW,30,0 days 00:01:40.055000,5.0,1.0,,,26.168,30.359,43.528,0 days 01:03:34.423000,0 days 01:04:04.782000,0 days 01:04:48.310000,266.0,259.0,270.0,312.0,False,MEDIUM,5.0,True,Racing Bulls,0 days 01:03:08.255000,2026-03-15 07:10:44.036,1,8.0,False,,False,True,100.055,100.055
372,0 days 01:06:27.820000,LAW,30,0 days 00:01:39.510000,6.0,1.0,,,26.2,30.544,42.766,0 days 01:05:14.510000,0 days 01:05:45.054000,0 days 01:06:27.820000,272.0,260.0,274.0,319.0,False,MEDIUM,6.0,True,Racing Bulls,0 days 01:04:48.310000,2026-03-15 07:12:24.091,1,8.0,False,,False,True,99.51,99.50999999999999
373,0 days 01:08:07.529000,LAW,30,0 days 00:01:39.709000,7.0,1.0,,,26.055,30.472,43.182,0 days 01:06:53.875000,0 days 01:07:24.347000,0 days 01:08:07.529000,270.0,263.0,271.0,314.0,False,MEDIUM,7.0,True,Racing Bulls,0 days 01:06:27.820000,2026-03-15 07:14:03.601,1,8.0,False,,False,True,99.709,99.709
374,0 days 01:09:47.407000,LAW,30,0 days 00:01:39.878000,8.0,1.0,,,26.311,30.4,43.167,0 days 01:08:33.840000,0 days 01:09:04.240000,0 days 01:09:47.407000,268.0,263.0,272.0,314.0,False,MEDIUM,8.0,True,Racing Bulls,0 days 01:08:07.529000,2026-03-15 07:15:43.310,1,8.0,False,,False,True,99.878,99.878
375,0 days 01:11:33.586000,LAW,30,0 days 00:01:46.179000,9.0,1.0,,0 days 01:11:31.865000,26.345,30.669,49.165,0 days 01:10:13.752000,0 days 01:10:44.421000,0 days 01:11:33.586000,266.0,255.0,,310.0,False,MEDIUM,9.0,True,Racing Bulls,0 days 01:09:47.407000,2026-03-15 07:17:23.188,1,11.0,False,,False,False,106.179,106.179
376,0 days 01:13:55.724000,LAW,30,0 days 00:02:22.138000,10.0,2.0,0 days 01:11:54.818000,,45.558,39.863,56.717,0 days 01:12:19.144000,0 days 01:12:59.007000,0 days 01:13:55.724000,266.0,152.0,197.0,198.0,False,HARD,1.0,True,Racing Bulls,0 days 01:11:33.586000,2026-03-15 07:19:09.367,124,14.0,False,,False,False,142.138,142.13799999999998
377,0 days 01:16:10.893000,LAW,30,0 days 00:02:15.169000,11.0,2.0,,,35.409,40.895,58.865,0 days 01:14:31.133000,0 days 01:15:12.028000,0 days 01:16:10.893000,220.0,193.0,209.0,216.0,False,HARD,2.0,True,Racing Bulls,0 days 01:13:55.724000,2026-03-15 07:21:31.505,4,13.0,False,,False,False,135.169,135.169
378,0 days 01:18:21.477000,LAW,30,0 days 00:02:10.584000,12.0,2.0,,,33.054,34.546,62.984,0 days 01:16:43.947000,0 days 01:17:18.493000,0 days 01:18:21.477000,231.0,177.0,121.0,111.0,False,HARD,3.0,True,Racing Bulls,0 days 01:16:10.893000,2026-03-15 07:23:46.674,4,12.0,False,,False,False,130.584,130.584
379,0 days 01:20:43.894000,LAW,30,0 days 00:02:22.417000,13.0,2.0,,,35.431,45.931,61.055,0 days 01:18:56.908000,0 days 01:19:42.839000,0 days 01:20:43.894000,225.0,191.0,274.0,206.0,False,HARD,4.0,True,Racing Bulls,0 days 01:18:21.477000,2026-03-15 07:25:57.258,41,12.0,False,,False,False,142.417,142.417
380,0 days 01:22:24.673000,LAW,30,0 days 00:01:40.779000,14.0,2.0,,,26.543,31.232,43.004,0 days 01:21:10.437000,0 days 01:21:41.669000,0 days 01:22:24.673000,289.0,269.0,274.0,339.0,False,HARD,5.0,True,Racing Bulls,0 days 01:20:43.894000,2026-03-15 07:28:19.675,1,12.0,False,,False,True,100.779,100.779
381,0 days 01:24:03.693000,LAW,30,0 days 00:01:39.020000,15.0,2.0,,,26.023,30.415,42.582,0 days 01:22:50.696000,0 days 01:23:21.111000,0 days 01:24:03.693000,279.0,256.0,272.0,335.0,False,HARD,6.0,True,Racing Bulls,0 days 01:22:24.673000,2026-03-15 07:30:00.454,1,12.0,False,,False,True,99.02,99.02000000000001
382,0 days 01:25:43.130000,LAW,30,0 days 00:01:39.437000,16.0,2.0,,,26.171,30.308,42.958,0 days 01:24:29.864000,0 days 01:25:00.172000,0 days 01:25:43.130000,266.0,260.0,272.0,319.0,False,HARD,7.0,True,Racing Bulls,0 days 01:24:03.693000,2026-03-15 07:31:39.474,1,12.0,False,,False,True,99.437,99.437
383,0 days 01:27:22.039000,LAW,30,0 days 00:01:38.909000,17.0,2.0,,,25.953,30.137,42.819,0 days 01:26:09.083000,0 days 01:26:39.220000,0 days 01:27:22.039000,277.0,264.0,274.0,321.0,True,HARD,8.0,True,Racing Bulls,0 days 01:25:43.130000,2026-03-15 07:33:18.911,12,12.0,False,,False,True,98.909,98.909
384,0 days 01:29:00.748000,LAW,30,0 days 00:01:38.709000,18.0,2.0,,,26.021,30.077,42.611,0 days 01:27:48.060000,0 days 01:28:18.137000,0 days 01:29:00.748000,275.0,262.0,272.0,322.0,True,HARD,9.0,True,Racing Bulls,0 days 01:27:22.039000,2026-03-15 07:34:57.820,21,12.0,False,,False,True,98.709,98.709
385,0 days 01:30:39.737000,LAW,30,0 days 00:01:38.989000,19.0,2.0,,,26.058,30.253,42.678,0 days 01:29:26.806000,0 days 01:29:57.059000,0 days 01:30:39.737000,274.0,266.0,272.0,320.0,False,HARD,10.0,True,Racing Bulls,0 days 01:29:00.748000,2026-03-15 07:36:36.529,1,12.0,False,,False,True,98.989,98.989
386,0 days 01:32:18.924000,LAW,30,0 days 00:01:39.187000,20.0,2.0,,,26.148,30.308,42.731,0 days 01:31:05.885000,0 days 01:31:36.193000,0 days 01:32:18.924000,271.0,267.0,273.0,322.0,False,HARD,11.0,True,Racing Bulls,0 days 01:30:39.737000,2026-03-15 07:38:15.518,1,12.0,False,,False,True,99.187,99.18700000000001
387,0 days 01:33:57.415000,LAW,30,0 days 00:01:38.491000,21.0,2.0,,,25.84,30.036,42.615,0 days 01:32:44.764000,0 days 01:33:14.800000,0 days 01:33:57.415000,279.0,268.0,272.0,334.0,True,HARD,12.0,True,Racing Bulls,0 days 01:32:18.924000,2026-03-15 07:39:54.705,1,11.0,False,,False,True,98.491,98.49100000000001
388,0 days 01:35:36.215000,LAW,30,0 days 00:01:38.800000,22.0,2.0,,,26.023,29.99,42.787,0 days 01:34:23.438000,0 days 01:34:53.428000,0 days 01:35:36.215000,276.0,265.0,272.0,315.0,False,HARD,13.0,True,Racing Bulls,0 days 01:33:57.415000,2026-03-15 07:41:33.196,1,11.0,False,,False,True,98.8,98.8
389,0 days 01:37:14.767000,LAW,30,0 days 00:01:38.552000,23.0,2.0,,,26.069,29.916,42.567,0 days 01:36:02.284000,0 days 01:36:32.200000,0 days 01:37:14.767000,274.0,261.0,273.0,318.0,False,HARD,14.0,True,Racing Bulls,0 days 01:35:36.215000,2026-03-15 07:43:11.996,1,11.0,False,,False,True,98.552,98.55199999999999
390,0 days 01:38:53.313000,LAW,30,0 days 00:01:38.546000,24.0,2.0,,,25.936,30.014,42.596,0 days 01:37:40.703000,0 days 01:38:10.717000,0 days 01:38:53.313000,274.0,265.0,271.0,318.0,False,HARD,15.0,True,Racing Bulls,0 days 01:37:14.767000,2026-03-15 07:44:50.548,1,11.0,False,,False,True,98.546,98.54599999999999
391,0 days 01:40:31.912000,LAW,30,0 days 00:01:38.599000,25.0,2.0,,,25.955,30.06,42.584,0 days 01:39:19.268000,0 days 01:39:49.328000,0 days 01:40:31.912000,277.0,265.0,276.0,319.0,False,HARD,16.0,True,Racing Bulls,0 days 01:38:53.313000,2026-03-15 07:46:29.094,1,11.0,False,,False,True,98.599,98.599
392,0 days 01:42:10.357000,LAW,30,0 days 00:01:38.445000,26.0,2.0,,,25.844,29.994,42.607,0 days 01:40:57.756000,0 days 01:41:27.750000,0 days 01:42:10.357000,277.0,266.0,272.0,319.0,True,HARD,17.0,True,Racing Bulls,0 days 01:40:31.912000,2026-03-15 07:48:07.693,1,11.0,False,,False,True,98.445,98.445
393,0 days 01:43:48.715000,LAW,30,0 days 00:01:38.358000,27.0,2.0,,,25.779,29.938,42.641,0 days 01:42:36.136000,0 days 01:43:06.074000,0 days 01:43:48.715000,281.0,267.0,274.0,314.0,True,HARD,18.0,True,Racing Bulls,0 days 01:42:10.357000,2026-03-15 07:49:46.138,12,11.0,False,,False,True,98.358,98.358
394,0 days 01:45:27.104000,LAW,30,0 days 00:01:38.389000,28.0,2.0,,,25.79,29.893,42.706,0 days 01:44:14.505000,0 days 01:44:44.398000,0 days 01:45:27.104000,278.0,262.0,270.0,315.0,False,HARD,19.0,True,Racing Bulls,0 days 01:43:48.715000,2026-03-15 07:51:24.496,21,11.0,False,,False,True,98.389,98.38900000000001
395,0 days 01:47:05.412000,LAW,30,0 days 00:01:38.308000,29.0,2.0,,,25.917,29.943,42.448,0 days 01:45:53.021000,0 days 01:46:22.964000,0 days 01:47:05.412000,276.0,265.0,277.0,319.0,True,HARD,20.0,True,Racing Bulls,0 days 01:45:27.104000,2026-03-15 07:53:02.885,1,10.0,False,,False,True,98.308,98.30799999999999
396,0 days 01:48:43.306000,LAW,30,0 days 00:01:37.894000,30.0,2.0,,,25.74,29.884,42.27,0 days 01:47:31.152000,0 days 01:48:01.036000,0 days 01:48:43.306000,280.0,263.0,275.0,319.0,True,HARD,21.0,True,Racing Bulls,0 days 01:47:05.412000,2026-03-15 07:54:41.193,1,10.0,False,,False,True,97.894,97.894
397,0 days 01:50:21.390000,LAW,30,0 days 00:01:38.084000,31.0,2.0,,,25.748,29.851,42.485,0 days 01:49:09.054000,0 days 01:49:38.905000,0 days 01:50:21.390000,278.0,262.0,273.0,318.0,False,HARD,22.0,True,Racing Bulls,0 days 01:48:43.306000,2026-03-15 07:56:19.087,1,10.0,False,,False,True,98.084,98.084
398,0 days 01:51:59.349000,LAW,30,0 days 00:01:37.959000,32.0,2.0,,,25.802,29.723,42.434,0 days 01:50:47.192000,0 days 01:51:16.915000,0 days 01:51:59.349000,278.0,264.0,276.0,318.0,False,HARD,23.0,True,Racing Bulls,0 days 01:50:21.390000,2026-03-15 07:57:57.171,1,9.0,False,,False,True,97.959,97.959
399,0 days 01:53:37.247000,LAW,30,0 days 00:01:37.898000,33.0,2.0,,,25.657,29.768,42.473,0 days 01:52:25.006000,0 days 01:52:54.774000,0 days 01:53:37.247000,281.0,264.0,276.0,319.0,False,HARD,24.0,True,Racing Bulls,0 days 01:51:59.349000,2026-03-15 07:59:35.130,12,9.0,False,,False,True,97.898,97.898
400,0 days 01:55:15.471000,LAW,30,0 days 00:01:38.224000,34.0,2.0,,,25.826,29.894,42.504,0 days 01:54:03.073000,0 days 01:54:32.967000,0 days 01:55:15.471000,285.0,265.0,274.0,319.0,False,HARD,25.0,True,Racing Bulls,0 days 01:53:37.247000,2026-03-15 08:01:13.028,1,9.0,False,,False,True,98.224,98.22399999999999
401,0 days 01:56:53.480000,LAW,30,0 days 00:01:38.009000,35.0,2.0,,,25.786,30.09,42.133,0 days 01:55:41.257000,0 days 01:56:11.347000,0 days 01:56:53.480000,281.0,269.0,272.0,330.0,False,HARD,26.0,True,Racing Bulls,0 days 01:55:15.471000,2026-03-15 08:02:51.252,1,8.0,False,,False,True,98.009,98.00900000000001
402,0 days 01:58:31.461000,LAW,30,0 days 00:01:37.981000,36.0,2.0,,,25.804,29.62,42.557,0 days 01:57:19.284000,0 days 01:57:48.904000,0 days 01:58:31.461000,277.0,262.0,270.0,309.0,False,HARD,27.0,True,Racing Bulls,0 days 01:56:53.480000,2026-03-15 08:04:29.261,1,8.0,False,,False,True,97.981,97.981
403,0 days 02:00:09.433000,LAW,30,0 days 00:01:37.972000,37.0,2.0,,,26.089,29.555,42.328,0 days 01:58:57.550000,0 days 01:59:27.105000,0 days 02:00:09.433000,278.0,264.0,275.0,312.0,False,HARD,28.0,True,Racing Bulls,0 days 01:58:31.461000,2026-03-15 08:06:07.242,1,8.0,False,,False,True,97.972,97.97200000000001
404,0 days 02:01:47.001000,LAW,30,0 days 00:01:37.568000,38.0,2.0,,,25.79,29.497,42.281,0 days 02:00:35.223000,0 days 02:01:04.720000,0 days 02:01:47.001000,273.0,264.0,275.0,310.0,True,HARD,29.0,True,Racing Bulls,0 days 02:00:09.433000,2026-03-15 08:07:45.214,1,8.0,False,,False,True,97.568,97.568
405,0 days 02:03:24.764000,LAW,30,0 days 00:01:37.763000,39.0,2.0,,,25.824,29.535,42.404,0 days 02:02:12.825000,0 days 02:02:42.360000,0 days 02:03:24.764000,274.0,262.0,273.0,310.0,False,HARD,30.0,True,Racing Bulls,0 days 02:01:47.001000,2026-03-15 08:09:22.782,1,8.0,False,,False,True,97.763,97.763
406,0 days 02:05:02.574000,LAW,30,0 days 00:01:37.810000,40.0,2.0,,,26.032,29.449,42.329,0 days 02:03:50.796000,0 days 02:04:20.245000,0 days 02:05:02.574000,275.0,262.0,273.0,311.0,False,HARD,31.0,True,Racing Bulls,0 days 02:03:24.764000,2026-03-15 08:11:00.545,1,8.0,False,,False,True,97.81,97.81
407,0 days 02:06:40.190000,LAW,30,0 days 00:01:37.616000,41.0,2.0,,,25.711,29.404,42.501,0 days 02:05:28.285000,0 days 02:05:57.689000,0 days 02:06:40.190000,279.0,264.0,274.0,305.0,False,HARD,32.0,True,Racing Bulls,0 days 02:05:02.574000,2026-03-15 08:12:38.355,1,8.0,False,,False,True,97.616,97.61599999999999
408,0 days 02:08:17.746000,LAW,30,0 days 00:01:37.556000,42.0,2.0,,,25.758,29.421,42.377,0 days 02:07:05.948000,0 days 02:07:35.369000,0 days 02:08:17.746000,278.0,267.0,275.0,305.0,True,HARD,33.0,True,Racing Bulls,0 days 02:06:40.190000,2026-03-15 08:14:15.971,1,8.0,False,,False,True,97.556,97.55600000000001
409,0 days 02:09:55.307000,LAW,30,0 days 00:01:37.561000,43.0,2.0,,,25.734,29.425,42.402,0 days 02:08:43.480000,0 days 02:09:12.905000,0 days 02:09:55.307000,280.0,264.0,276.0,305.0,False,HARD,34.0,True,Racing Bulls,0 days 02:08:17.746000,2026-03-15 08:15:53.527,1,8.0,False,,False,True,97.561,97.561
410,0 days 02:11:32.661000,LAW,30,0 days 00:01:37.354000,44.0,2.0,,,25.636,29.449,42.269,0 days 02:10:20.943000,0 days 02:10:50.392000,0 days 02:11:32.661000,278.0,265.0,275.0,308.0,True,HARD,35.0,True,Racing Bulls,0 days 02:09:55.307000,2026-03-15 08:17:31.088,1,8.0,False,,False,True,97.354,97.354
411,0 days 02:13:10.208000,LAW,30,0 days 00:01:37.547000,45.0,2.0,,,25.595,29.5,42.452,0 days 02:11:58.256000,0 days 02:12:27.756000,0 days 02:13:10.208000,279.0,264.0,276.0,305.0,False,HARD,36.0,True,Racing Bulls,0 days 02:11:32.661000,2026-03-15 08:19:08.442,1,7.0,False,,False,True,97.547,97.547
412,0 days 02:14:47.577000,LAW,30,0 days 00:01:37.369000,46.0,2.0,,,25.556,29.476,42.337,0 days 02:13:35.764000,0 days 02:14:05.240000,0 days 02:14:47.577000,280.0,262.0,276.0,307.0,False,HARD,37.0,True,Racing Bulls,0 days 02:13:10.208000,2026-03-15 08:20:45.989,1,7.0,False,,False,True,97.369,97.369
413,0 days 02:16:24.875000,LAW,30,0 days 00:01:37.298000,47.0,2.0,,,25.579,29.339,42.38,0 days 02:15:13.156000,0 days 02:15:42.495000,0 days 02:16:24.875000,279.0,267.0,274.0,309.0,True,HARD,38.0,True,Racing Bulls,0 days 02:14:47.577000,2026-03-15 08:22:23.358,1,7.0,False,,False,True,97.298,97.298
414,0 days 02:18:02.318000,LAW,30,0 days 00:01:37.443000,48.0,2.0,,,25.642,29.43,42.371,0 days 02:16:50.517000,0 days 02:17:19.947000,0 days 02:18:02.318000,283.0,268.0,275.0,308.0,False,HARD,39.0,True,Racing Bulls,0 days 02:16:24.875000,2026-03-15 08:24:00.656,1,7.0,False,,False,True,97.443,97.44300000000001
415,0 days 02:19:39.775000,LAW,30,0 days 00:01:37.457000,49.0,2.0,,,25.599,29.495,42.363,0 days 02:18:27.917000,0 days 02:18:57.412000,0 days 02:19:39.775000,279.0,260.0,277.0,307.0,False,HARD,40.0,True,Racing Bulls,0 days 02:18:02.318000,2026-03-15 08:25:38.099,1,7.0,False,,False,True,97.457,97.457
416,0 days 02:21:16.976000,LAW,30,0 days 00:01:37.201000,50.0,2.0,,,25.469,29.437,42.295,0 days 02:20:05.244000,0 days 02:20:34.681000,0 days 02:21:16.976000,281.0,266.0,276.0,309.0,True,HARD,41.0,True,Racing Bulls,0 days 02:19:39.775000,2026-03-15 08:27:15.556,1,7.0,False,,False,True,97.201,97.20100000000001
417,0 days 02:22:54.369000,LAW,30,0 days 00:01:37.393000,51.0,2.0,,,25.586,29.535,42.272,0 days 02:21:42.562000,0 days 02:22:12.097000,0 days 02:22:54.369000,281.0,265.0,275.0,310.0,False,HARD,42.0,True,Racing Bulls,0 days 02:21:16.976000,2026-03-15 08:28:52.757,1,7.0,False,,False,True,97.393,97.393
418,0 days 02:24:31.693000,LAW,30,0 days 00:01:37.324000,52.0,2.0,,,25.544,29.481,42.299,0 days 02:23:19.913000,0 days 02:23:49.394000,0 days 02:24:31.693000,282.0,265.0,275.0,307.0,False,HARD,43.0,True,Racing Bulls,0 days 02:22:54.369000,2026-03-15 08:30:30.150,1,7.0,False,,False,True,97.324,97.32400000000001
419,0 days 02:26:09.043000,LAW,30,0 days 00:01:37.350000,53.0,2.0,,,25.602,29.408,42.34,0 days 02:24:57.295000,0 days 02:25:26.703000,0 days 02:26:09.043000,283.0,264.0,277.0,309.0,False,HARD,44.0,True,Racing Bulls,0 days 02:24:31.693000,2026-03-15 08:32:07.474,12,7.0,False,,False,True,97.35,97.35000000000001
420,0 days 02:27:46.245000,LAW,30,0 days 00:01:37.202000,54.0,2.0,,,25.555,29.431,42.216,0 days 02:26:34.598000,0 days 02:27:04.029000,0 days 02:27:46.245000,282.0,265.0,277.0,310.0,False,HARD,45.0,True,Racing Bulls,0 days 02:26:09.043000,2026-03-15 08:33:44.824,1,7.0,False,,False,True,97.202,97.202
421,0 days 02:29:23.411000,LAW,30,0 days 00:01:37.166000,55.0,2.0,,,25.444,29.481,42.241,0 days 02:28:11.689000,0 days 02:28:41.170000,0 days 02:29:23.411000,281.0,264.0,276.0,310.0,True,HARD,46.0,True,Racing Bulls,0 days 02:27:46.245000,2026-03-15 08:35:22.026,1,7.0,False,,False,True,97.166,97.166
422,0 days 02:31:00.507000,LAW,30,0 days 00:01:37.096000,56.0,2.0,,,25.458,29.543,42.095,0 days 02:29:48.869000,0 days 02:30:18.412000,0 days 02:31:00.507000,282.0,264.0,280.0,310.0,True,HARD,47.0,True,Racing Bulls,0 days 02:29:23.411000,2026-03-15 08:36:59.192,1,7.0,False,,False,True,97.096,97.096
423,0 days 00:58:11.005000,OCO,31,0 days 00:01:46.693000,1.0,1.0,,,,32.187,43.509,,0 days 00:57:27.641000,0 days 00:58:11.189000,269.0,266.0,273.0,333.0,False,HARD,1.0,True,Haas F1 Team,0 days 00:56:24.050000,2026-03-15 07:03:59.831,12,9.0,False,,False,False,106.693,
424,0 days 00:59:50.741000,OCO,31,0 days 00:01:39.736000,2.0,1.0,,,26.498,30.518,42.72,0 days 00:58:37.574000,0 days 00:59:08.092000,0 days 00:59:50.812000,283.0,259.0,268.0,317.0,True,HARD,2.0,True,Haas F1 Team,0 days 00:58:11.005000,2026-03-15 07:05:46.786,1,8.0,False,,False,True,99.736,99.736
425,0 days 01:01:29.823000,OCO,31,0 days 00:01:39.082000,3.0,1.0,,,26.297,30.078,42.707,0 days 01:00:17.109000,0 days 01:00:47.187000,0 days 01:01:29.894000,266.0,259.0,268.0,321.0,True,HARD,3.0,True,Haas F1 Team,0 days 00:59:50.741000,2026-03-15 07:07:26.522,1,8.0,False,,False,True,99.082,99.082
426,0 days 01:03:08.925000,OCO,31,0 days 00:01:39.102000,4.0,1.0,,,26.051,30.22,42.831,0 days 01:01:55.945000,0 days 01:02:26.165000,0 days 01:03:08.996000,270.0,261.0,268.0,325.0,False,HARD,4.0,True,Haas F1 Team,0 days 01:01:29.823000,2026-03-15 07:09:05.604,1,8.0,False,,False,True,99.102,99.102
427,0 days 01:04:47.771000,OCO,31,0 days 00:01:38.846000,5.0,1.0,,,26.059,30.26,42.527,0 days 01:03:35.055000,0 days 01:04:05.315000,0 days 01:04:47.842000,269.0,258.0,265.0,324.0,True,HARD,5.0,True,Haas F1 Team,0 days 01:03:08.925000,2026-03-15 07:10:44.706,1,7.0,False,,False,True,98.846,98.846
428,0 days 01:06:26.529000,OCO,31,0 days 00:01:38.758000,6.0,1.0,,,26.082,29.95,42.726,0 days 01:05:13.924000,0 days 01:05:43.874000,0 days 01:06:26.600000,263.0,257.0,267.0,305.0,True,HARD,6.0,True,Haas F1 Team,0 days 01:04:47.771000,2026-03-15 07:12:23.552,1,7.0,False,,False,True,98.758,98.758
429,0 days 01:08:05.615000,OCO,31,0 days 00:01:39.086000,7.0,1.0,,,26.271,29.883,42.932,0 days 01:06:52.871000,0 days 01:07:22.754000,0 days 01:08:05.686000,262.0,255.0,267.0,305.0,False,HARD,7.0,True,Haas F1 Team,0 days 01:06:26.529000,2026-03-15 07:14:02.310,1,7.0,False,,False,True,99.086,99.086
430,0 days 01:09:44.630000,OCO,31,0 days 00:01:39.015000,8.0,1.0,,,26.219,30.012,42.784,0 days 01:08:31.905000,0 days 01:09:01.917000,0 days 01:09:44.701000,262.0,251.0,265.0,307.0,False,HARD,8.0,True,Haas F1 Team,0 days 01:08:05.615000,2026-03-15 07:15:41.396,1,7.0,False,,False,True,99.015,99.015
431,0 days 01:11:23.648000,OCO,31,0 days 00:01:39.018000,9.0,1.0,,,26.316,30.007,42.695,0 days 01:10:11.017000,0 days 01:10:41.024000,0 days 01:11:23.719000,261.0,253.0,270.0,307.0,False,HARD,9.0,True,Haas F1 Team,0 days 01:09:44.630000,2026-03-15 07:17:20.411,1,7.0,False,,False,True,99.018,99.018
432,0 days 01:13:16.023000,OCO,31,0 days 00:01:52.375000,10.0,1.0,,,26.103,30.048,56.224,0 days 01:11:49.822000,0 days 01:12:19.870000,0 days 01:13:16.094000,261.0,251.0,263.0,263.0,False,HARD,10.0,True,Haas F1 Team,0 days 01:11:23.648000,2026-03-15 07:18:59.429,124,7.0,False,,False,False,112.375,112.375
433,0 days 01:15:40.267000,OCO,31,0 days 00:02:24.244000,11.0,1.0,,,36.643,43.729,63.872,0 days 01:13:52.737000,0 days 01:14:36.466000,0 days 01:15:40.338000,125.0,139.0,186.0,167.0,False,HARD,11.0,True,Haas F1 Team,0 days 01:13:16.023000,2026-03-15 07:20:51.804,4,3.0,False,,False,False,144.244,144.244
434,0 days 01:18:10.121000,OCO,31,0 days 00:02:29.854000,12.0,1.0,,,43.603,43.126,63.125,0 days 01:16:23.941000,0 days 01:17:07.067000,0 days 01:18:10.192000,162.0,176.0,198.0,161.0,False,HARD,12.0,True,Haas F1 Team,0 days 01:15:40.267000,2026-03-15 07:23:16.048,4,3.0,False,,False,False,149.854,149.85399999999998
435,0 days 01:20:40.091000,OCO,31,0 days 00:02:29.970000,13.0,1.0,,,37.424,44.506,68.04,0 days 01:18:47.616000,0 days 01:19:32.122000,0 days 01:20:40.162000,190.0,98.0,270.0,172.0,False,HARD,13.0,True,Haas F1 Team,0 days 01:18:10.121000,2026-03-15 07:25:45.902,41,3.0,False,,False,False,149.97,149.97000000000003
436,0 days 01:22:20.416000,OCO,31,0 days 00:01:40.325000,14.0,1.0,,,26.252,30.75,43.323,0 days 01:21:06.414000,0 days 01:21:37.164000,0 days 01:22:20.487000,279.0,258.0,270.0,326.0,False,HARD,14.0,True,Haas F1 Team,0 days 01:20:40.091000,2026-03-15 07:28:15.872,1,4.0,False,,False,True,100.325,100.32499999999999
437,0 days 01:23:59.459000,OCO,31,0 days 00:01:39.043000,15.0,1.0,,,25.887,30.079,43.077,0 days 01:22:46.374000,0 days 01:23:16.453000,0 days 01:23:59.530000,269.0,260.0,267.0,316.0,False,HARD,15.0,True,Haas F1 Team,0 days 01:22:20.416000,2026-03-15 07:29:56.197,1,5.0,False,,False,True,99.043,99.043
438,0 days 01:25:38.876000,OCO,31,0 days 00:01:39.417000,16.0,1.0,,,26.089,30.601,42.727,0 days 01:24:25.619000,0 days 01:24:56.220000,0 days 01:25:38.947000,264.0,262.0,272.0,322.0,False,HARD,16.0,True,Haas F1 Team,0 days 01:23:59.459000,2026-03-15 07:31:35.240,1,6.0,False,,False,True,99.417,99.417
439,0 days 01:27:17.233000,OCO,31,0 days 00:01:38.357000,17.0,1.0,,,25.939,29.989,42.429,0 days 01:26:04.886000,0 days 01:26:34.875000,0 days 01:27:17.304000,270.0,256.0,270.0,322.0,True,HARD,17.0,True,Haas F1 Team,0 days 01:25:38.876000,2026-03-15 07:33:14.657,1,6.0,False,,False,True,98.357,98.357
440,0 days 01:28:55.904000,OCO,31,0 days 00:01:38.671000,18.0,1.0,,,25.991,29.847,42.833,0 days 01:27:43.295000,0 days 01:28:13.142000,0 days 01:28:55.975000,267.0,262.0,267.0,319.0,False,HARD,18.0,True,Haas F1 Team,0 days 01:27:17.233000,2026-03-15 07:34:53.014,12,6.0,False,,False,True,98.671,98.67099999999999
441,0 days 01:30:35.815000,OCO,31,0 days 00:01:39.911000,19.0,1.0,,,26.071,30.6,43.24,0 days 01:29:22.046000,0 days 01:29:52.646000,0 days 01:30:35.886000,276.0,254.0,264.0,317.0,False,HARD,19.0,True,Haas F1 Team,0 days 01:28:55.904000,2026-03-15 07:36:31.685,1,7.0,False,,False,True,99.911,99.911
442,0 days 01:32:14.806000,OCO,31,0 days 00:01:38.991000,20.0,1.0,,,26.589,29.733,42.669,0 days 01:31:02.475000,0 days 01:31:32.208000,0 days 01:32:14.877000,265.0,262.0,270.0,316.0,False,HARD,20.0,True,Haas F1 Team,0 days 01:30:35.815000,2026-03-15 07:38:11.596,1,7.0,False,,False,True,98.991,98.991
443,0 days 01:33:54.628000,OCO,31,0 days 00:01:39.822000,21.0,1.0,,,26.304,30.509,43.009,0 days 01:32:41.181000,0 days 01:33:11.690000,0 days 01:33:54.699000,271.0,263.0,259.0,323.0,False,HARD,21.0,True,Haas F1 Team,0 days 01:32:14.806000,2026-03-15 07:39:50.587,1,8.0,False,,False,True,99.822,99.822
444,0 days 01:35:33.328000,OCO,31,0 days 00:01:38.700000,22.0,1.0,,,26.286,29.867,42.547,0 days 01:34:20.985000,0 days 01:34:50.852000,0 days 01:35:33.399000,265.0,256.0,273.0,321.0,False,HARD,22.0,True,Haas F1 Team,0 days 01:33:54.628000,2026-03-15 07:41:30.409,1,8.0,False,,False,True,98.7,98.7
445,0 days 01:37:11.662000,OCO,31,0 days 00:01:38.334000,23.0,1.0,,,25.954,29.953,42.427,0 days 01:35:59.353000,0 days 01:36:29.306000,0 days 01:37:11.733000,270.0,264.0,270.0,323.0,True,HARD,23.0,True,Haas F1 Team,0 days 01:35:33.328000,2026-03-15 07:43:09.109,1,8.0,False,,False,True,98.334,98.334
446,0 days 01:38:50.512000,OCO,31,0 days 00:01:38.850000,24.0,1.0,,,26.031,29.845,42.974,0 days 01:37:37.764000,0 days 01:38:07.609000,0 days 01:38:50.583000,269.0,263.0,251.0,328.0,False,HARD,24.0,True,Haas F1 Team,0 days 01:37:11.662000,2026-03-15 07:44:47.443,1,8.0,False,,False,True,98.85,98.85
447,0 days 01:40:28.843000,OCO,31,0 days 00:01:38.331000,25.0,1.0,,,26.234,29.77,42.327,0 days 01:39:16.817000,0 days 01:39:46.587000,0 days 01:40:28.914000,263.0,259.0,271.0,314.0,True,HARD,25.0,True,Haas F1 Team,0 days 01:38:50.512000,2026-03-15 07:46:26.293,1,8.0,False,,False,True,98.331,98.331
448,0 days 01:42:06.668000,OCO,31,0 days 00:01:37.825000,26.0,1.0,,,25.759,29.811,42.255,0 days 01:40:54.673000,0 days 01:41:24.484000,0 days 01:42:06.739000,271.0,262.0,271.0,320.0,True,HARD,26.0,True,Haas F1 Team,0 days 01:40:28.843000,2026-03-15 07:48:04.624,1,8.0,False,,False,True,97.825,97.825
449,0 days 01:43:44.789000,OCO,31,0 days 00:01:38.121000,27.0,1.0,,,25.904,29.737,42.48,0 days 01:42:32.643000,0 days 01:43:02.380000,0 days 01:43:44.860000,270.0,263.0,272.0,323.0,False,HARD,27.0,True,Haas F1 Team,0 days 01:42:06.668000,2026-03-15 07:49:42.449,12,8.0,False,,False,True,98.121,98.121
450,0 days 01:45:23.458000,OCO,31,0 days 00:01:38.669000,28.0,1.0,,,25.951,29.811,42.907,0 days 01:44:10.811000,0 days 01:44:40.622000,0 days 01:45:23.529000,269.0,262.0,241.0,323.0,False,HARD,28.0,True,Haas F1 Team,0 days 01:43:44.789000,2026-03-15 07:51:20.570,21,7.0,False,,False,True,98.669,98.669
451,0 days 01:47:08.025000,OCO,31,0 days 00:01:44.567000,29.0,1.0,,0 days 01:47:06.330000,27.058,29.916,47.593,0 days 01:45:50.587000,0 days 01:46:20.503000,0 days 01:47:08.096000,270.0,264.0,,320.0,False,HARD,29.0,True,Haas F1 Team,0 days 01:45:23.458000,2026-03-15 07:52:59.239,1,12.0,False,,False,False,104.567,104.56700000000001
452,0 days 01:49:07.021000,OCO,31,0 days 00:01:58.996000,30.0,2.0,0 days 01:47:32.275000,,47.689,29.562,41.745,0 days 01:47:55.785000,0 days 01:48:25.347000,0 days 01:49:07.092000,276.0,268.0,276.0,313.0,False,MEDIUM,1.0,True,Haas F1 Team,0 days 01:47:08.025000,2026-03-15 07:54:43.806,1,15.0,False,,False,False,118.996,118.99600000000001
453,0 days 01:50:43.947000,OCO,31,0 days 00:01:36.926000,31.0,2.0,,,25.094,29.333,42.499,0 days 01:49:32.186000,0 days 01:50:01.519000,0 days 01:50:44.018000,275.0,249.0,259.0,297.0,True,MEDIUM,2.0,True,Haas F1 Team,0 days 01:49:07.021000,2026-03-15 07:56:42.802,1,14.0,False,,False,True,96.926,96.926
454,0 days 01:52:21.051000,OCO,31,0 days 00:01:37.104000,32.0,2.0,,,25.872,29.248,41.984,0 days 01:51:09.890000,0 days 01:51:39.138000,0 days 01:52:21.122000,263.0,257.0,274.0,303.0,False,MEDIUM,3.0,True,Haas F1 Team,0 days 01:50:43.947000,2026-03-15 07:58:19.728,1,14.0,False,,False,True,97.104,97.10400000000001
455,0 days 01:54:09.468000,OCO,31,0 days 00:01:48.417000,33.0,2.0,,,34.889,30.987,42.541,0 days 01:52:56.011000,0 days 01:53:26.998000,0 days 01:54:09.539000,251.0,257.0,272.0,311.0,False,MEDIUM,4.0,True,Haas F1 Team,0 days 01:52:21.051000,2026-03-15 07:59:56.832,12,16.0,False,,False,True,108.417,108.417
456,0 days 01:55:47.942000,OCO,31,0 days 00:01:38.474000,34.0,2.0,,,25.942,30.017,42.515,0 days 01:54:35.481000,0 days 01:55:05.498000,0 days 01:55:48.013000,266.0,263.0,272.0,325.0,False,MEDIUM,5.0,True,Haas F1 Team,0 days 01:54:09.468000,2026-03-15 08:01:45.249,1,15.0,False,,False,True,98.474,98.474
457,0 days 01:57:25.979000,OCO,31,0 days 00:01:38.037000,35.0,2.0,,,25.818,29.735,42.484,0 days 01:56:13.831000,0 days 01:56:43.566000,0 days 01:57:26.050000,264.0,260.0,275.0,317.0,False,MEDIUM,6.0,True,Haas F1 Team,0 days 01:55:47.942000,2026-03-15 08:03:23.723,1,15.0,False,,False,True,98.037,98.037
458,0 days 01:59:04.796000,OCO,31,0 days 00:01:38.817000,36.0,2.0,,,25.999,29.994,42.824,0 days 01:57:52.049000,0 days 01:58:22.043000,0 days 01:59:04.867000,282.0,258.0,265.0,300.0,False,MEDIUM,7.0,True,Haas F1 Team,0 days 01:57:25.979000,2026-03-15 08:05:01.760,1,13.0,False,,False,True,98.817,98.817
459,0 days 02:00:42.626000,OCO,31,0 days 00:01:37.830000,37.0,2.0,,,25.984,29.561,42.285,0 days 01:59:30.851000,0 days 02:00:00.412000,0 days 02:00:42.697000,265.0,258.0,275.0,305.0,False,MEDIUM,8.0,True,Haas F1 Team,0 days 01:59:04.796000,2026-03-15 08:06:40.577,1,13.0,False,,False,True,97.83,97.83
460,0 days 02:02:20.320000,OCO,31,0 days 00:01:37.694000,38.0,2.0,,,25.625,29.522,42.547,0 days 02:01:08.322000,0 days 02:01:37.844000,0 days 02:02:20.391000,265.0,255.0,271.0,299.0,False,MEDIUM,9.0,True,Haas F1 Team,0 days 02:00:42.626000,2026-03-15 08:08:18.407,1,13.0,False,,False,True,97.694,97.69399999999999
461,0 days 02:03:58.337000,OCO,31,0 days 00:01:38.017000,39.0,2.0,,,25.887,29.533,42.597,0 days 02:02:46.278000,0 days 02:03:15.811000,0 days 02:03:58.408000,264.0,259.0,271.0,300.0,False,MEDIUM,10.0,True,Haas F1 Team,0 days 02:02:20.320000,2026-03-15 08:09:56.101,1,13.0,False,,False,True,98.017,98.017
462,0 days 02:05:36.405000,OCO,31,0 days 00:01:38.068000,40.0,2.0,,,25.942,29.628,42.498,0 days 02:04:24.350000,0 days 02:04:53.978000,0 days 02:05:36.476000,266.0,260.0,274.0,302.0,False,MEDIUM,11.0,True,Haas F1 Team,0 days 02:03:58.337000,2026-03-15 08:11:34.118,1,13.0,False,,False,True,98.068,98.068
463,0 days 02:07:14.306000,OCO,31,0 days 00:01:37.901000,41.0,2.0,,,25.756,29.555,42.59,0 days 02:06:02.232000,0 days 02:06:31.787000,0 days 02:07:14.377000,263.0,259.0,271.0,297.0,False,MEDIUM,12.0,True,Haas F1 Team,0 days 02:05:36.405000,2026-03-15 08:13:12.186,1,13.0,False,,False,True,97.901,97.90100000000001
464,0 days 02:08:52.320000,OCO,31,0 days 00:01:38.014000,42.0,2.0,,,25.948,29.502,42.564,0 days 02:07:40.325000,0 days 02:08:09.827000,0 days 02:08:52.391000,266.0,260.0,274.0,301.0,False,MEDIUM,13.0,True,Haas F1 Team,0 days 02:07:14.306000,2026-03-15 08:14:50.087,1,13.0,False,,False,True,98.014,98.01400000000001
465,0 days 02:10:32.078000,OCO,31,0 days 00:01:39.758000,43.0,2.0,,,26.982,30.053,42.723,0 days 02:09:19.373000,0 days 02:09:49.426000,0 days 02:10:32.149000,276.0,260.0,264.0,306.0,False,MEDIUM,14.0,True,Haas F1 Team,0 days 02:08:52.320000,2026-03-15 08:16:28.101,1,13.0,False,,False,True,99.758,99.758
466,0 days 02:12:09.924000,OCO,31,0 days 00:01:37.846000,44.0,2.0,,,25.92,29.585,42.341,0 days 02:10:58.069000,0 days 02:11:27.654000,0 days 02:12:09.995000,273.0,262.0,277.0,306.0,False,MEDIUM,15.0,True,Haas F1 Team,0 days 02:10:32.078000,2026-03-15 08:18:07.859,1,13.0,False,,False,True,97.846,97.846
467,0 days 02:13:49.070000,OCO,31,0 days 00:01:39.146000,45.0,2.0,,,25.615,29.622,43.909,0 days 02:12:35.610000,0 days 02:13:05.232000,0 days 02:13:49.141000,267.0,261.0,274.0,313.0,False,MEDIUM,16.0,True,Haas F1 Team,0 days 02:12:09.924000,2026-03-15 08:19:45.705,1,12.0,False,,False,True,99.146,99.14599999999999
468,0 days 02:15:32.620000,OCO,31,0 days 00:01:43.550000,46.0,2.0,,0 days 02:15:30.912000,25.845,29.62,48.085,0 days 02:14:14.986000,0 days 02:14:44.606000,0 days 02:15:32.691000,268.0,262.0,,302.0,False,MEDIUM,17.0,True,Haas F1 Team,0 days 02:13:49.070000,2026-03-15 08:21:24.851,1,13.0,False,,False,False,103.55,103.55000000000001
469,0 days 02:17:53.507000,OCO,31,0 days 00:02:20.887000,47.0,3.0,0 days 02:16:18.022000,,69.802,29.133,41.952,0 days 02:16:42.493000,0 days 02:17:11.626000,0 days 02:17:53.578000,275.0,283.0,274.0,303.0,False,SOFT,1.0,True,Haas F1 Team,0 days 02:15:32.620000,2026-03-15 08:23:08.401,1,15.0,False,,False,False,140.887,140.887
470,0 days 02:19:29.968000,OCO,31,0 days 00:01:36.461000,48.0,3.0,,,25.461,28.951,42.049,0 days 02:18:19.039000,0 days 02:18:47.990000,0 days 02:19:30.039000,257.0,247.0,276.0,294.0,True,SOFT,2.0,True,Haas F1 Team,0 days 02:17:53.507000,2026-03-15 08:25:29.288,1,15.0,False,,False,True,96.461,96.461
471,0 days 02:21:06.714000,OCO,31,0 days 00:01:36.746000,49.0,3.0,,,25.414,29.104,42.228,0 days 02:19:55.453000,0 days 02:20:24.557000,0 days 02:21:06.785000,250.0,245.0,276.0,295.0,False,SOFT,3.0,True,Haas F1 Team,0 days 02:19:29.968000,2026-03-15 08:27:05.749,1,15.0,False,,False,True,96.746,96.74600000000001
472,0 days 02:22:43.141000,OCO,31,0 days 00:01:36.427000,50.0,3.0,,,25.302,29.174,41.951,0 days 02:21:32.087000,0 days 02:22:01.261000,0 days 02:22:43.212000,256.0,249.0,278.0,294.0,True,SOFT,4.0,True,Haas F1 Team,0 days 02:21:06.714000,2026-03-15 08:28:42.495,1,15.0,False,,False,True,96.427,96.42699999999999
473,0 days 02:24:19.617000,OCO,31,0 days 00:01:36.476000,51.0,3.0,,,25.394,29.09,41.992,0 days 02:23:08.606000,0 days 02:23:37.696000,0 days 02:24:19.688000,265.0,256.0,274.0,306.0,False,SOFT,5.0,True,Haas F1 Team,0 days 02:22:43.141000,2026-03-15 08:30:18.922,1,15.0,False,,False,True,96.476,96.476
474,0 days 02:25:57.288000,OCO,31,0 days 00:01:37.671000,52.0,3.0,,,25.484,29.51,42.677,0 days 02:24:45.172000,0 days 02:25:14.682000,0 days 02:25:57.359000,271.0,262.0,273.0,305.0,False,SOFT,6.0,True,Haas F1 Team,0 days 02:24:19.617000,2026-03-15 08:31:55.398,12,14.0,False,,False,True,97.671,97.67099999999999
475,0 days 02:27:33.930000,OCO,31,0 days 00:01:36.642000,53.0,3.0,,,25.511,29.054,42.077,0 days 02:26:22.870000,0 days 02:26:51.924000,0 days 02:27:34.001000,271.0,261.0,274.0,302.0,False,SOFT,7.0,True,Haas F1 Team,0 days 02:25:57.288000,2026-03-15 08:33:33.069,1,14.0,False,,False,True,96.642,96.642
476,0 days 02:29:09.894000,OCO,31,0 days 00:01:35.964000,54.0,3.0,,,25.355,28.897,41.712,0 days 02:27:59.356000,0 days 02:28:28.253000,0 days 02:29:09.965000,266.0,260.0,278.0,302.0,True,SOFT,8.0,True,Haas F1 Team,0 days 02:27:33.930000,2026-03-15 08:35:09.711,1,14.0,False,,False,True,95.964,95.964
477,0 days 02:30:46.175000,OCO,31,0 days 00:01:36.281000,55.0,3.0,,,25.237,29.083,41.961,0 days 02:29:35.202000,0 days 02:30:04.285000,0 days 02:30:46.246000,271.0,259.0,274.0,302.0,False,SOFT,9.0,True,Haas F1 Team,0 days 02:29:09.894000,2026-03-15 08:36:45.675,1,14.0,False,,False,True,96.281,96.28099999999999
478,0 days 00:58:10.825000,LIN,41,0 days 00:01:46.513000,1.0,1.0,,,,31.383,44.478,,0 days 00:57:26.546000,0 days 00:58:11.005000,289.0,268.0,271.0,336.0,False,HARD,1.0,True,Racing Bulls,0 days 00:56:24.050000,2026-03-15 07:03:59.831,12,8.0,False,,False,False,106.513,
479,0 days 00:59:51.874000,LIN,41,0 days 00:01:41.049000,2.0,1.0,,,26.553,31.14,43.356,0 days 00:58:37.448000,0 days 00:59:08.588000,0 days 00:59:51.944000,275.0,264.0,273.0,323.0,True,HARD,2.0,True,Racing Bulls,0 days 00:58:10.825000,2026-03-15 07:05:46.606,1,9.0,False,,False,True,101.049,101.049
480,0 days 01:01:31.182000,LIN,41,0 days 00:01:39.308000,3.0,1.0,,,26.135,30.408,42.765,0 days 01:00:18.079000,0 days 01:00:48.487000,0 days 01:01:31.252000,274.0,259.0,275.0,317.0,True,HARD,3.0,True,Racing Bulls,0 days 00:59:51.874000,2026-03-15 07:07:27.655,1,9.0,False,,False,True,99.308,99.308
481,0 days 01:03:10.480000,LIN,41,0 days 00:01:39.298000,4.0,1.0,,,25.808,30.252,43.238,0 days 01:01:57.060000,0 days 01:02:27.312000,0 days 01:03:10.550000,272.0,258.0,274.0,320.0,True,HARD,4.0,True,Racing Bulls,0 days 01:01:31.182000,2026-03-15 07:09:06.963,1,9.0,False,,False,True,99.298,99.298
482,0 days 01:04:49.875000,LIN,41,0 days 00:01:39.395000,5.0,1.0,,,26.065,30.405,42.925,0 days 01:03:36.615000,0 days 01:04:07.020000,0 days 01:04:49.945000,272.0,256.0,273.0,316.0,False,HARD,5.0,True,Racing Bulls,0 days 01:03:10.480000,2026-03-15 07:10:46.261,1,9.0,False,,False,True,99.395,99.395
483,0 days 01:06:29.238000,LIN,41,0 days 00:01:39.363000,6.0,1.0,,,26.056,30.378,42.929,0 days 01:05:16.001000,0 days 01:05:46.379000,0 days 01:06:29.308000,271.0,260.0,274.0,320.0,False,HARD,6.0,True,Racing Bulls,0 days 01:04:49.875000,2026-03-15 07:12:25.656,1,9.0,False,,False,True,99.363,99.363
484,0 days 01:08:08.436000,LIN,41,0 days 00:01:39.198000,7.0,1.0,,,25.898,30.408,42.892,0 days 01:06:55.206000,0 days 01:07:25.614000,0 days 01:08:08.506000,270.0,257.0,274.0,320.0,True,HARD,7.0,True,Racing Bulls,0 days 01:06:29.238000,2026-03-15 07:14:05.019,1,9.0,False,,False,True,99.198,99.19800000000001
485,0 days 01:09:47.886000,LIN,41,0 days 00:01:39.450000,8.0,1.0,,,26.064,30.44,42.946,0 days 01:08:34.570000,0 days 01:09:05.010000,0 days 01:09:47.956000,276.0,265.0,271.0,336.0,False,HARD,8.0,True,Racing Bulls,0 days 01:08:08.436000,2026-03-15 07:15:44.217,1,9.0,False,,False,True,99.45,99.45
486,0 days 01:11:27.745000,LIN,41,0 days 00:01:39.859000,9.0,1.0,,,26.316,30.745,42.798,0 days 01:10:14.272000,0 days 01:10:45.017000,0 days 01:11:27.815000,274.0,262.0,270.0,328.0,False,HARD,9.0,True,Racing Bulls,0 days 01:09:47.886000,2026-03-15 07:17:23.667,1,8.0,False,,False,True,99.859,99.85900000000001
487,0 days 01:13:20.883000,LIN,41,0 days 00:01:53.138000,10.0,1.0,,,26.148,30.22,56.77,0 days 01:11:53.963000,0 days 01:12:24.183000,0 days 01:13:20.953000,268.0,256.0,218.0,260.0,False,HARD,10.0,True,Racing Bulls,0 days 01:11:27.745000,2026-03-15 07:19:03.526,124,8.0,False,,False,False,113.138,113.138
488,0 days 01:15:43.939000,LIN,41,0 days 00:02:23.056000,11.0,1.0,,,37.892,41.196,63.968,0 days 01:13:58.845000,0 days 01:14:40.041000,0 days 01:15:44.009000,225.0,173.0,177.0,222.0,False,HARD,11.0,True,Racing Bulls,0 days 01:13:20.883000,2026-03-15 07:20:56.664,4,6.0,False,,False,False,143.056,143.05599999999998
489,0 days 01:18:13.763000,LIN,41,0 days 00:02:29.824000,12.0,1.0,,,42.835,43.447,63.542,0 days 01:16:26.844000,0 days 01:17:10.291000,0 days 01:18:13.833000,153.0,178.0,173.0,182.0,False,HARD,12.0,True,Racing Bulls,0 days 01:15:43.939000,2026-03-15 07:23:19.720,4,6.0,False,,False,False,149.824,149.824
490,0 days 01:20:41.334000,LIN,41,0 days 00:02:27.571000,13.0,1.0,,,36.919,44.554,66.098,0 days 01:18:50.752000,0 days 01:19:35.306000,0 days 01:20:41.404000,193.0,173.0,269.0,169.0,False,HARD,13.0,True,Racing Bulls,0 days 01:18:13.763000,2026-03-15 07:25:49.544,41,6.0,False,,False,False,147.571,147.571
491,0 days 01:22:22.207000,LIN,41,0 days 00:01:40.873000,14.0,1.0,,,26.298,30.968,43.607,0 days 01:21:07.702000,0 days 01:21:38.670000,0 days 01:22:22.277000,286.0,262.0,270.0,339.0,False,HARD,14.0,True,Racing Bulls,0 days 01:20:41.334000,2026-03-15 07:28:17.115,1,7.0,False,,False,True,100.873,100.87299999999999
492,0 days 01:24:01.291000,LIN,41,0 days 00:01:39.084000,15.0,1.0,,,26.252,30.235,42.597,0 days 01:22:48.529000,0 days 01:23:18.764000,0 days 01:24:01.361000,275.0,262.0,276.0,334.0,True,HARD,15.0,True,Racing Bulls,0 days 01:22:22.207000,2026-03-15 07:29:57.988,1,7.0,False,,False,True,99.084,99.084
493,0 days 01:25:40.619000,LIN,41,0 days 00:01:39.328000,16.0,1.0,,,25.876,30.217,43.235,0 days 01:24:27.237000,0 days 01:24:57.454000,0 days 01:25:40.689000,272.0,261.0,275.0,319.0,False,HARD,16.0,True,Racing Bulls,0 days 01:24:01.291000,2026-03-15 07:31:37.072,1,8.0,False,,False,True,99.328,99.328
494,0 days 01:27:19.906000,LIN,41,0 days 00:01:39.287000,17.0,1.0,,,26.008,30.24,43.039,0 days 01:26:06.697000,0 days 01:26:36.937000,0 days 01:27:19.976000,277.0,261.0,275.0,322.0,False,HARD,17.0,True,Racing Bulls,0 days 01:25:40.619000,2026-03-15 07:33:16.400,12,9.0,False,,False,True,99.287,99.287
495,0 days 01:28:59.376000,LIN,41,0 days 00:01:39.470000,18.0,1.0,,,26.547,30.293,42.63,0 days 01:27:46.523000,0 days 01:28:16.816000,0 days 01:28:59.446000,276.0,263.0,274.0,322.0,False,HARD,18.0,True,Racing Bulls,0 days 01:27:19.906000,2026-03-15 07:34:55.687,21,10.0,False,,False,True,99.47,99.47
496,0 days 01:30:38.739000,LIN,41,0 days 00:01:39.363000,19.0,1.0,,,26.075,30.303,42.985,0 days 01:29:25.521000,0 days 01:29:55.824000,0 days 01:30:38.809000,271.0,258.0,275.0,319.0,False,HARD,19.0,True,Racing Bulls,0 days 01:28:59.376000,2026-03-15 07:36:35.157,1,11.0,False,,False,True,99.363,99.363
497,0 days 01:32:18.205000,LIN,41,0 days 00:01:39.466000,20.0,1.0,,,26.213,30.418,42.835,0 days 01:31:05.022000,0 days 01:31:35.440000,0 days 01:32:18.275000,276.0,266.0,276.0,320.0,False,HARD,20.0,True,Racing Bulls,0 days 01:30:38.739000,2026-03-15 07:38:14.520,1,11.0,False,,False,True,99.466,99.46600000000001
498,0 days 01:33:57.985000,LIN,41,0 days 00:01:39.780000,21.0,1.0,,,25.823,30.148,43.809,0 days 01:32:44.098000,0 days 01:33:14.246000,0 days 01:33:58.055000,276.0,263.0,274.0,315.0,False,HARD,21.0,True,Racing Bulls,0 days 01:32:18.205000,2026-03-15 07:39:53.986,1,12.0,True,TRACK LIMITS AT TURN 14 LAP 21 ,False,True,99.78,99.78
499,0 days 01:35:37.291000,LIN,41,0 days 00:01:39.306000,22.0,1.0,,,26.144,30.331,42.831,0 days 01:34:24.199000,0 days 01:34:54.530000,0 days 01:35:37.361000,278.0,266.0,275.0,323.0,False,HARD,22.0,True,Racing Bulls,0 days 01:33:57.985000,2026-03-15 07:41:33.766,1,12.0,False,,False,True,99.306,99.306
500,0 days 01:37:15.747000,LIN,41,0 days 00:01:38.456000,23.0,1.0,,,25.919,30.047,42.49,0 days 01:36:03.280000,0 days 01:36:33.327000,0 days 01:37:15.817000,279.0,266.0,276.0,333.0,True,HARD,23.0,True,Racing Bulls,0 days 01:35:37.291000,2026-03-15 07:43:13.072,1,12.0,False,,False,True,98.456,98.456
501,0 days 01:38:54.722000,LIN,41,0 days 00:01:38.975000,24.0,1.0,,,25.96,30.206,42.809,0 days 01:37:41.777000,0 days 01:38:11.983000,0 days 01:38:54.792000,275.0,264.0,276.0,319.0,False,HARD,24.0,True,Racing Bulls,0 days 01:37:15.747000,2026-03-15 07:44:51.528,1,12.0,False,,False,True,98.975,98.975
502,0 days 01:40:34.251000,LIN,41,0 days 00:01:39.529000,25.0,1.0,,,26.052,30.166,43.311,0 days 01:39:20.844000,0 days 01:39:51.010000,0 days 01:40:34.321000,273.0,262.0,275.0,322.0,False,HARD,25.0,True,Racing Bulls,0 days 01:38:54.722000,2026-03-15 07:46:30.503,1,13.0,False,,False,True,99.529,99.529
503,0 days 01:42:13.390000,LIN,41,0 days 00:01:39.139000,26.0,1.0,,,26.176,30.255,42.708,0 days 01:41:00.497000,0 days 01:41:30.752000,0 days 01:42:13.460000,276.0,267.0,277.0,318.0,False,HARD,26.0,True,Racing Bulls,0 days 01:40:34.251000,2026-03-15 07:48:10.032,1,13.0,False,,False,True,99.139,99.139
504,0 days 01:44:03.544000,LIN,41,0 days 00:01:50.154000,27.0,1.0,,,25.868,30.209,54.077,0 days 01:42:39.328000,0 days 01:43:09.537000,0 days 01:44:03.614000,276.0,267.0,256.0,313.0,False,HARD,27.0,True,Racing Bulls,0 days 01:42:13.390000,2026-03-15 07:49:49.171,12,14.0,True,TRACK LIMITS AT TURN 14 LAP 27 ,False,True,110.154,110.154
505,0 days 01:45:43.387000,LIN,41,0 days 00:01:39.843000,28.0,1.0,,,26.661,30.116,43.066,0 days 01:44:30.275000,0 days 01:45:00.391000,0 days 01:45:43.457000,269.0,261.0,275.0,308.0,False,HARD,28.0,True,Racing Bulls,0 days 01:44:03.544000,2026-03-15 07:51:39.325,1,14.0,False,,False,True,99.843,99.843
506,0 days 01:47:22.047000,LIN,41,0 days 00:01:38.660000,29.0,1.0,,,25.851,30.018,42.791,0 days 01:46:09.308000,0 days 01:46:39.326000,0 days 01:47:22.117000,270.0,261.0,275.0,309.0,False,HARD,29.0,True,Racing Bulls,0 days 01:45:43.387000,2026-03-15 07:53:19.168,1,14.0,False,,False,True,98.66,98.66
507,0 days 01:49:00.550000,LIN,41,0 days 00:01:38.503000,30.0,1.0,,,25.844,29.915,42.744,0 days 01:47:47.961000,0 days 01:48:17.876000,0 days 01:49:00.620000,270.0,260.0,275.0,308.0,False,HARD,30.0,True,Racing Bulls,0 days 01:47:22.047000,2026-03-15 07:54:57.828,1,13.0,False,,False,True,98.503,98.503
508,0 days 01:50:39.093000,LIN,41,0 days 00:01:38.543000,31.0,1.0,,,25.856,29.932,42.755,0 days 01:49:26.476000,0 days 01:49:56.408000,0 days 01:50:39.163000,272.0,261.0,276.0,309.0,False,HARD,31.0,True,Racing Bulls,0 days 01:49:00.550000,2026-03-15 07:56:36.331,1,13.0,False,,False,True,98.543,98.543
509,0 days 01:52:17.480000,LIN,41,0 days 00:01:38.387000,32.0,1.0,,,25.793,29.936,42.658,0 days 01:51:04.956000,0 days 01:51:34.892000,0 days 01:52:17.550000,272.0,260.0,276.0,310.0,True,HARD,32.0,True,Racing Bulls,0 days 01:50:39.093000,2026-03-15 07:58:14.874,1,13.0,False,,False,True,98.387,98.387
510,0 days 01:53:55.703000,LIN,41,0 days 00:01:38.223000,33.0,1.0,,,25.742,29.869,42.612,0 days 01:52:43.292000,0 days 01:53:13.161000,0 days 01:53:55.773000,271.0,262.0,276.0,309.0,True,HARD,33.0,True,Racing Bulls,0 days 01:52:17.480000,2026-03-15 07:59:53.261,12,12.0,False,,False,True,98.223,98.22300000000001
511,0 days 01:55:34.174000,LIN,41,0 days 00:01:38.471000,34.0,1.0,,,25.882,29.88,42.709,0 days 01:54:21.655000,0 days 01:54:51.535000,0 days 01:55:34.244000,273.0,261.0,277.0,308.0,False,HARD,34.0,True,Racing Bulls,0 days 01:53:55.703000,2026-03-15 08:01:31.484,1,12.0,False,,False,True,98.471,98.471
512,0 days 01:57:12.495000,LIN,41,0 days 00:01:38.321000,35.0,1.0,,,25.815,29.825,42.681,0 days 01:56:00.059000,0 days 01:56:29.884000,0 days 01:57:12.565000,274.0,262.0,276.0,309.0,False,HARD,35.0,True,Racing Bulls,0 days 01:55:34.174000,2026-03-15 08:03:09.955,1,12.0,False,,False,True,98.321,98.321
513,0 days 01:58:50.547000,LIN,41,0 days 00:01:38.052000,36.0,1.0,,,25.75,29.838,42.464,0 days 01:57:38.315000,0 days 01:58:08.153000,0 days 01:58:50.617000,274.0,262.0,277.0,310.0,True,HARD,36.0,True,Racing Bulls,0 days 01:57:12.495000,2026-03-15 08:04:48.276,1,11.0,False,,False,True,98.052,98.05199999999999
514,0 days 02:00:28.614000,LIN,41,0 days 00:01:38.067000,37.0,1.0,,,25.72,29.682,42.665,0 days 01:59:16.337000,0 days 01:59:46.019000,0 days 02:00:28.684000,272.0,265.0,278.0,308.0,False,HARD,37.0,True,Racing Bulls,0 days 01:58:50.547000,2026-03-15 08:06:26.328,1,11.0,False,,False,True,98.067,98.06700000000001
515,0 days 02:02:06.584000,LIN,41,0 days 00:01:37.970000,38.0,1.0,,,25.71,29.706,42.554,0 days 02:00:54.394000,0 days 02:01:24.100000,0 days 02:02:06.654000,272.0,263.0,278.0,308.0,True,HARD,38.0,True,Racing Bulls,0 days 02:00:28.614000,2026-03-15 08:08:04.395,1,11.0,False,,False,True,97.97,97.97
516,0 days 02:03:44.615000,LIN,41,0 days 00:01:38.031000,39.0,1.0,,,25.708,29.736,42.587,0 days 02:02:32.362000,0 days 02:03:02.098000,0 days 02:03:44.685000,272.0,262.0,276.0,310.0,False,HARD,39.0,True,Racing Bulls,0 days 02:02:06.584000,2026-03-15 08:09:42.365,1,11.0,False,,False,True,98.031,98.031
517,0 days 02:05:22.652000,LIN,41,0 days 00:01:38.037000,40.0,1.0,,,25.666,29.573,42.798,0 days 02:04:10.351000,0 days 02:04:39.924000,0 days 02:05:22.722000,272.0,263.0,277.0,308.0,False,HARD,40.0,True,Racing Bulls,0 days 02:03:44.615000,2026-03-15 08:11:20.396,1,11.0,False,,False,True,98.037,98.037
518,0 days 02:07:02.713000,LIN,41,0 days 00:01:40.061000,41.0,1.0,,,25.665,29.663,44.733,0 days 02:05:48.387000,0 days 02:06:18.050000,0 days 02:07:02.783000,274.0,262.0,276.0,311.0,False,HARD,41.0,True,Racing Bulls,0 days 02:05:22.652000,2026-03-15 08:12:58.433,1,12.0,False,,False,True,100.061,100.061
519,0 days 02:08:46.350000,LIN,41,0 days 00:01:43.637000,42.0,1.0,,0 days 02:08:44.608000,25.822,29.857,47.958,0 days 02:07:28.605000,0 days 02:07:58.462000,0 days 02:08:46.420000,278.0,266.0,,312.0,False,HARD,42.0,True,Racing Bulls,0 days 02:07:02.713000,2026-03-15 08:14:38.494,1,12.0,False,,False,False,103.637,103.637
520,0 days 02:10:43.378000,LIN,41,0 days 00:01:57.028000,43.0,2.0,0 days 02:09:07.882000,,45.629,29.611,41.788,0 days 02:09:32.049000,0 days 02:10:01.660000,0 days 02:10:43.448000,277.0,271.0,280.0,331.0,False,MEDIUM,1.0,True,Racing Bulls,0 days 02:08:46.350000,2026-03-15 08:16:22.131,1,14.0,False,,False,False,117.028,117.02799999999999
521,0 days 02:12:19.716000,LIN,41,0 days 00:01:36.338000,44.0,2.0,,,25.297,29.065,41.976,0 days 02:11:08.745000,0 days 02:11:37.810000,0 days 02:12:19.786000,272.0,263.0,278.0,306.0,True,MEDIUM,2.0,True,Racing Bulls,0 days 02:10:43.378000,2026-03-15 08:18:19.159,1,14.0,False,,False,True,96.338,96.338
522,0 days 02:13:55.820000,LIN,41,0 days 00:01:36.104000,45.0,2.0,,,25.082,29.099,41.923,0 days 02:12:44.868000,0 days 02:13:13.967000,0 days 02:13:55.890000,273.0,264.0,279.0,307.0,True,MEDIUM,3.0,True,Racing Bulls,0 days 02:12:19.716000,2026-03-15 08:19:55.497,1,14.0,False,,False,True,96.104,96.104
523,0 days 02:15:31.919000,LIN,41,0 days 00:01:36.099000,46.0,2.0,,,25.11,29.057,41.932,0 days 02:14:21,0 days 02:14:50.057000,0 days 02:15:31.989000,273.0,264.0,278.0,311.0,True,MEDIUM,4.0,True,Racing Bulls,0 days 02:13:55.820000,2026-03-15 08:21:31.601,1,12.0,False,,False,True,96.099,96.099
524,0 days 02:17:08.066000,LIN,41,0 days 00:01:36.147000,47.0,2.0,,,25.21,29.12,41.817,0 days 02:15:57.199000,0 days 02:16:26.319000,0 days 02:17:08.136000,275.0,265.0,278.0,308.0,False,MEDIUM,5.0,True,Racing Bulls,0 days 02:15:31.919000,2026-03-15 08:23:07.700,1,12.0,False,,False,True,96.147,96.14699999999999
525,0 days 02:18:44.290000,LIN,41,0 days 00:01:36.224000,48.0,2.0,,,25.113,29.245,41.866,0 days 02:17:33.249000,0 days 02:18:02.494000,0 days 02:18:44.360000,274.0,264.0,280.0,306.0,False,MEDIUM,6.0,True,Racing Bulls,0 days 02:17:08.066000,2026-03-15 08:24:43.847,1,12.0,False,,False,True,96.224,96.224
526,0 days 02:20:20.493000,LIN,41,0 days 00:01:36.203000,49.0,2.0,,,25.181,29.149,41.873,0 days 02:19:09.541000,0 days 02:19:38.690000,0 days 02:20:20.563000,273.0,264.0,279.0,310.0,False,MEDIUM,7.0,True,Racing Bulls,0 days 02:18:44.290000,2026-03-15 08:26:20.071,1,12.0,False,,False,True,96.203,96.203
527,0 days 02:21:56.875000,LIN,41,0 days 00:01:36.382000,50.0,2.0,,,25.16,29.197,42.025,0 days 02:20:45.723000,0 days 02:21:14.920000,0 days 02:21:56.945000,276.0,264.0,280.0,309.0,False,MEDIUM,8.0,True,Racing Bulls,0 days 02:20:20.493000,2026-03-15 08:27:56.274,1,12.0,False,,False,True,96.382,96.382
528,0 days 02:23:33.657000,LIN,41,0 days 00:01:36.782000,51.0,2.0,,,25.207,29.435,42.14,0 days 02:22:22.152000,0 days 02:22:51.587000,0 days 02:23:33.727000,276.0,263.0,279.0,311.0,False,MEDIUM,9.0,True,Racing Bulls,0 days 02:21:56.875000,2026-03-15 08:29:32.656,1,12.0,False,,False,True,96.782,96.782
529,0 days 02:25:10.602000,LIN,41,0 days 00:01:36.945000,52.0,2.0,,,25.403,29.424,42.118,0 days 02:23:59.130000,0 days 02:24:28.554000,0 days 02:25:10.672000,276.0,266.0,280.0,311.0,False,MEDIUM,10.0,True,Racing Bulls,0 days 02:23:33.657000,2026-03-15 08:31:09.438,12,12.0,False,,False,True,96.945,96.945
530,0 days 02:26:47.766000,LIN,41,0 days 00:01:37.164000,53.0,2.0,,,25.472,29.536,42.156,0 days 02:25:36.144000,0 days 02:26:05.680000,0 days 02:26:47.836000,275.0,266.0,281.0,315.0,False,MEDIUM,11.0,True,Racing Bulls,0 days 02:25:10.602000,2026-03-15 08:32:46.383,1,12.0,False,,False,True,97.164,97.164
531,0 days 02:28:25.243000,LIN,41,0 days 00:01:37.477000,54.0,2.0,,,25.465,29.701,42.311,0 days 02:27:13.301000,0 days 02:27:43.002000,0 days 02:28:25.313000,277.0,265.0,279.0,314.0,False,MEDIUM,12.0,True,Racing Bulls,0 days 02:26:47.766000,2026-03-15 08:34:23.547,1,12.0,False,,False,True,97.477,97.477
532,0 days 02:30:02.747000,LIN,41,0 days 00:01:37.504000,55.0,2.0,,,25.575,29.659,42.27,0 days 02:28:50.888000,0 days 02:29:20.547000,0 days 02:30:02.817000,280.0,266.0,281.0,318.0,False,MEDIUM,13.0,True,Racing Bulls,0 days 02:28:25.243000,2026-03-15 08:36:01.024,1,12.0,False,,False,True,97.504,97.50399999999999
533,0 days 00:58:09.810000,COL,43,0 days 00:01:45.498000,1.0,1.0,,,,31.009,44.11,,0 days 00:57:25.868000,0 days 00:58:09.841000,273.0,266.0,269.0,319.0,False,HARD,1.0,True,Alpine,0 days 00:56:24.050000,2026-03-15 07:03:59.831,12,6.0,False,,False,False,105.498,
534,0 days 00:59:49.118000,COL,43,0 days 00:01:39.308000,2.0,1.0,,,26.084,30.148,43.076,0 days 00:58:35.925000,0 days 00:59:06.073000,0 days 00:59:49.149000,272.0,258.0,263.0,313.0,True,HARD,2.0,True,Alpine,0 days 00:58:09.810000,2026-03-15 07:05:45.591,1,6.0,False,,False,True,99.308,99.30799999999999
535,0 days 01:01:28.043000,COL,43,0 days 00:01:38.925000,3.0,1.0,,,26.235,29.918,42.772,0 days 01:00:15.384000,0 days 01:00:45.302000,0 days 01:01:28.074000,272.0,259.0,263.0,314.0,True,HARD,3.0,True,Alpine,0 days 00:59:49.118000,2026-03-15 07:07:24.899,1,6.0,False,,False,True,98.925,98.925
536,0 days 01:03:06.908000,COL,43,0 days 00:01:38.865000,4.0,1.0,,,26.235,29.933,42.697,,0 days 01:02:24.242000,0 days 01:03:06.939000,272.0,258.0,270.0,315.0,True,HARD,4.0,True,Alpine,0 days 01:01:28.043000,2026-03-15 07:09:03.824,1,6.0,False,,False,True,98.865,98.86500000000001
537,0 days 01:04:45.818000,COL,43,0 days 00:01:38.910000,5.0,1.0,,,25.834,30.107,42.969,0 days 01:03:32.773000,0 days 01:04:02.880000,0 days 01:04:45.849000,274.0,258.0,270.0,312.0,False,HARD,5.0,True,Alpine,0 days 01:03:06.908000,2026-03-15 07:10:42.689,1,6.0,False,,False,True,98.91,98.91
538,0 days 01:06:24.552000,COL,43,0 days 00:01:38.734000,6.0,1.0,,,26.108,29.992,42.634,0 days 01:05:11.957000,0 days 01:05:41.949000,0 days 01:06:24.583000,275.0,261.0,270.0,312.0,True,HARD,6.0,True,Alpine,0 days 01:04:45.818000,2026-03-15 07:12:21.599,1,6.0,False,,False,True,98.734,98.73400000000001
539,0 days 01:08:03.357000,COL,43,0 days 00:01:38.805000,7.0,1.0,,,26.167,30.094,42.544,0 days 01:06:50.750000,0 days 01:07:20.844000,0 days 01:08:03.388000,275.0,261.0,269.0,313.0,False,HARD,7.0,True,Alpine,0 days 01:06:24.552000,2026-03-15 07:14:00.333,1,6.0,False,,False,True,98.805,98.805
540,0 days 01:09:42.316000,COL,43,0 days 00:01:38.959000,8.0,1.0,,,26.143,30.175,42.641,0 days 01:08:29.531000,0 days 01:08:59.706000,0 days 01:09:42.347000,274.0,259.0,269.0,314.0,False,HARD,8.0,True,Alpine,0 days 01:08:03.357000,2026-03-15 07:15:39.138,1,6.0,False,,False,True,98.959,98.959
541,0 days 01:11:21.352000,COL,43,0 days 00:01:39.036000,9.0,1.0,,,26.118,30.268,42.65,0 days 01:10:08.465000,0 days 01:10:38.733000,0 days 01:11:21.383000,274.0,260.0,270.0,314.0,False,HARD,9.0,True,Alpine,0 days 01:09:42.316000,2026-03-15 07:17:18.097,1,6.0,False,,False,True,99.036,99.036
542,0 days 01:13:12.823000,COL,43,0 days 00:01:51.471000,10.0,1.0,,,26.157,30.235,55.079,0 days 01:11:47.540000,0 days 01:12:17.775000,0 days 01:13:12.854000,273.0,260.0,255.0,246.0,False,HARD,10.0,True,Alpine,0 days 01:11:21.352000,2026-03-15 07:18:57.133,124,6.0,False,,False,False,111.471,111.471
543,0 days 01:15:39.465000,COL,43,0 days 00:02:26.642000,11.0,1.0,,,38.41,44.254,63.978,0 days 01:13:51.264000,0 days 01:14:35.518000,0 days 01:15:39.496000,129.0,162.0,203.0,214.0,False,HARD,11.0,True,Alpine,0 days 01:13:12.823000,2026-03-15 07:20:48.604,4,2.0,False,,False,False,146.642,146.642
544,0 days 01:18:09.443000,COL,43,0 days 00:02:29.978000,12.0,1.0,,,43.532,43.109,63.337,0 days 01:16:23.028000,0 days 01:17:06.137000,0 days 01:18:09.474000,155.0,190.0,205.0,182.0,False,HARD,12.0,True,Alpine,0 days 01:15:39.465000,2026-03-15 07:23:15.246,4,2.0,False,,False,False,149.978,149.978
545,0 days 01:20:39.995000,COL,43,,13.0,1.0,,,37.203,44.278,69.011,0 days 01:18:46.797000,0 days 01:19:31.162000,0 days 01:20:40.177000,205.0,122.0,263.0,166.0,False,HARD,13.0,True,Alpine,0 days 01:18:09.443000,2026-03-15 07:25:45.224,41,2.0,False,,False,False,,150.492
546,0 days 01:22:19.460000,COL,43,0 days 00:01:39.465000,14.0,1.0,,,26.212,30.44,42.813,0 days 01:21:06.238000,0 days 01:21:36.678000,0 days 01:22:19.491000,280.0,266.0,267.0,318.0,False,HARD,14.0,True,Alpine,0 days 01:20:39.995000,2026-03-15 07:28:15.776,1,2.0,False,,False,True,99.465,99.465
547,0 days 01:23:58.289000,COL,43,0 days 00:01:38.829000,15.0,1.0,,,25.952,30.192,42.685,0 days 01:22:45.443000,0 days 01:23:15.635000,0 days 01:23:58.320000,276.0,266.0,267.0,325.0,False,HARD,15.0,True,Alpine,0 days 01:22:19.460000,2026-03-15 07:29:55.241,1,3.0,False,,False,True,98.829,98.82900000000001
548,0 days 01:25:38.395000,COL,43,0 days 00:01:40.106000,16.0,1.0,,,26.303,30.371,43.432,0 days 01:24:24.623000,0 days 01:24:54.994000,0 days 01:25:38.426000,254.0,264.0,269.0,313.0,False,HARD,16.0,True,Alpine,0 days 01:23:58.289000,2026-03-15 07:31:34.070,1,5.0,False,,False,True,100.106,100.106
549,0 days 01:27:16.778000,COL,43,0 days 00:01:38.383000,17.0,1.0,,,25.992,29.85,42.541,0 days 01:26:04.418000,0 days 01:26:34.268000,0 days 01:27:16.809000,284.0,266.0,270.0,315.0,True,HARD,17.0,True,Alpine,0 days 01:25:38.395000,2026-03-15 07:33:14.176,1,5.0,False,,False,True,98.383,98.383
550,0 days 01:28:55.724000,COL,43,0 days 00:01:38.946000,18.0,1.0,,,26.049,29.919,42.978,0 days 01:27:42.858000,0 days 01:28:12.777000,0 days 01:28:55.755000,273.0,256.0,260.0,311.0,False,HARD,18.0,True,Alpine,0 days 01:27:16.778000,2026-03-15 07:34:52.559,12,5.0,False,,False,True,98.946,98.946
551,0 days 01:30:35.290000,COL,43,0 days 00:01:39.566000,19.0,1.0,,,26.179,30.34,43.047,0 days 01:29:21.934000,0 days 01:29:52.274000,0 days 01:30:35.321000,270.0,255.0,264.0,309.0,False,HARD,19.0,True,Alpine,0 days 01:28:55.724000,2026-03-15 07:36:31.505,1,5.0,False,,False,True,99.566,99.566
552,0 days 01:32:14.245000,COL,43,0 days 00:01:38.955000,20.0,1.0,,,25.964,29.945,43.046,0 days 01:31:01.285000,0 days 01:31:31.230000,0 days 01:32:14.276000,269.0,255.0,257.0,308.0,False,HARD,20.0,True,Alpine,0 days 01:30:35.290000,2026-03-15 07:38:11.071,1,6.0,False,,False,True,98.955,98.955
553,0 days 01:33:53.569000,COL,43,0 days 00:01:39.324000,21.0,1.0,,,26.271,29.857,43.196,0 days 01:32:40.547000,0 days 01:33:10.404000,0 days 01:33:53.600000,270.0,257.0,268.0,308.0,False,HARD,21.0,True,Alpine,0 days 01:32:14.245000,2026-03-15 07:39:50.026,1,6.0,False,,False,True,99.324,99.324
554,0 days 01:35:32.751000,COL,43,0 days 00:01:39.182000,22.0,1.0,,,25.937,30.663,42.582,0 days 01:34:19.537000,0 days 01:34:50.200000,0 days 01:35:32.782000,278.0,256.0,273.0,323.0,False,HARD,22.0,True,Alpine,0 days 01:33:53.569000,2026-03-15 07:41:29.350,1,7.0,False,,False,True,99.182,99.182
555,0 days 01:37:11.244000,COL,43,0 days 00:01:38.493000,23.0,1.0,,,26.102,29.982,42.409,0 days 01:35:58.884000,0 days 01:36:28.866000,0 days 01:37:11.275000,280.0,269.0,272.0,323.0,False,HARD,23.0,True,Alpine,0 days 01:35:32.751000,2026-03-15 07:43:08.532,1,7.0,False,,False,True,98.493,98.493
556,0 days 01:38:49.691000,COL,43,0 days 00:01:38.447000,24.0,1.0,,,26.009,29.879,42.559,0 days 01:37:37.284000,0 days 01:38:07.163000,0 days 01:38:49.722000,274.0,259.0,272.0,319.0,False,HARD,24.0,True,Alpine,0 days 01:37:11.244000,2026-03-15 07:44:47.025,1,7.0,False,,False,True,98.447,98.447
557,0 days 01:40:28.075000,COL,43,0 days 00:01:38.384000,25.0,1.0,,,26.04,29.859,42.485,0 days 01:39:15.762000,0 days 01:39:45.621000,0 days 01:40:28.106000,276.0,262.0,273.0,316.0,False,HARD,25.0,True,Alpine,0 days 01:38:49.691000,2026-03-15 07:46:25.472,1,7.0,False,,False,True,98.384,98.384
558,0 days 01:42:06.145000,COL,43,0 days 00:01:38.070000,26.0,1.0,,,25.888,29.772,42.41,0 days 01:40:53.994000,0 days 01:41:23.766000,0 days 01:42:06.176000,276.0,261.0,274.0,315.0,True,HARD,26.0,True,Alpine,0 days 01:40:28.075000,2026-03-15 07:48:03.856,1,7.0,False,,False,True,98.07,98.07
559,0 days 01:43:44.433000,COL,43,0 days 00:01:38.288000,27.0,1.0,,,25.839,29.841,42.608,0 days 01:42:32.015000,0 days 01:43:01.856000,0 days 01:43:44.464000,277.0,257.0,270.0,311.0,False,HARD,27.0,True,Alpine,0 days 01:42:06.145000,2026-03-15 07:49:41.926,12,7.0,False,,False,True,98.288,98.288
560,0 days 01:45:23.732000,COL,43,0 days 00:01:39.299000,28.0,1.0,,,25.942,29.767,43.59,0 days 01:44:10.406000,0 days 01:44:40.173000,0 days 01:45:23.763000,274.0,259.0,246.0,312.0,False,HARD,28.0,True,Alpine,0 days 01:43:44.433000,2026-03-15 07:51:20.214,21,9.0,False,,False,True,99.299,99.299
561,0 days 01:47:02.456000,COL,43,0 days 00:01:38.724000,29.0,1.0,,,26.421,29.978,42.325,0 days 01:45:50.184000,0 days 01:46:20.162000,0 days 01:47:02.487000,281.0,264.0,269.0,320.0,False,HARD,29.0,True,Alpine,0 days 01:45:23.732000,2026-03-15 07:52:59.513,1,8.0,False,,False,True,98.724,98.724
562,0 days 01:48:40.691000,COL,43,0 days 00:01:38.235000,30.0,1.0,,,26.045,29.848,42.342,0 days 01:47:28.532000,0 days 01:47:58.380000,0 days 01:48:40.722000,275.0,258.0,274.0,318.0,False,HARD,30.0,True,Alpine,0 days 01:47:02.456000,2026-03-15 07:54:38.237,1,8.0,False,,False,True,98.235,98.235
563,0 days 01:50:18.493000,COL,43,0 days 00:01:37.802000,31.0,1.0,,,25.862,29.79,42.15,0 days 01:49:06.584000,0 days 01:49:36.374000,0 days 01:50:18.524000,276.0,260.0,274.0,318.0,True,HARD,31.0,True,Alpine,0 days 01:48:40.691000,2026-03-15 07:56:16.472,1,8.0,False,,False,True,97.802,97.80199999999999
564,0 days 01:52:01.312000,COL,43,0 days 00:01:42.819000,32.0,1.0,,0 days 01:51:59.626000,25.789,29.718,47.312,0 days 01:50:44.313000,0 days 01:51:14.031000,0 days 01:52:01.343000,276.0,258.0,,321.0,False,HARD,32.0,True,Alpine,0 days 01:50:18.493000,2026-03-15 07:57:54.274,1,11.0,False,,False,False,102.819,102.819
565,0 days 01:54:05.429000,COL,43,0 days 00:02:04.117000,33.0,2.0,0 days 01:52:22.813000,,50.491,30.246,43.38,0 days 01:52:51.834000,0 days 01:53:22.080000,0 days 01:54:05.460000,266.0,268.0,274.0,329.0,False,MEDIUM,1.0,True,Alpine,0 days 01:52:01.312000,2026-03-15 07:59:37.093,12,13.0,False,,False,False,124.117,124.11699999999999
566,0 days 01:55:42.662000,COL,43,0 days 00:01:37.233000,34.0,2.0,,,25.665,29.482,42.086,0 days 01:54:31.125000,0 days 01:55:00.607000,0 days 01:55:42.693000,276.0,260.0,272.0,311.0,True,MEDIUM,2.0,True,Alpine,0 days 01:54:05.429000,2026-03-15 08:01:41.210,1,13.0,False,,False,True,97.233,97.233
567,0 days 01:57:19.445000,COL,43,0 days 00:01:36.783000,35.0,2.0,,,25.624,29.202,41.957,0 days 01:56:08.317000,0 days 01:56:37.519000,0 days 01:57:19.476000,276.0,258.0,273.0,310.0,True,MEDIUM,3.0,True,Alpine,0 days 01:55:42.662000,2026-03-15 08:03:18.443,1,13.0,False,,False,True,96.783,96.783
568,0 days 01:58:56.468000,COL,43,0 days 00:01:37.023000,36.0,2.0,,,25.597,29.333,42.093,0 days 01:57:45.073000,0 days 01:58:14.406000,0 days 01:58:56.499000,276.0,260.0,273.0,312.0,False,MEDIUM,4.0,True,Alpine,0 days 01:57:19.445000,2026-03-15 08:04:55.226,1,12.0,False,,False,True,97.023,97.023
569,0 days 02:00:33.426000,COL,43,0 days 00:01:36.958000,37.0,2.0,,,25.573,29.393,41.992,0 days 01:59:22.072000,0 days 01:59:51.465000,0 days 02:00:33.457000,275.0,259.0,274.0,314.0,False,MEDIUM,5.0,True,Alpine,0 days 01:58:56.468000,2026-03-15 08:06:32.249,1,12.0,False,,False,True,96.958,96.958
570,0 days 02:02:10.245000,COL,43,0 days 00:01:36.819000,38.0,2.0,,,25.52,29.341,41.958,0 days 02:00:58.977000,0 days 02:01:28.318000,0 days 02:02:10.276000,276.0,260.0,274.0,314.0,False,MEDIUM,6.0,True,Alpine,0 days 02:00:33.426000,2026-03-15 08:08:09.207,1,12.0,False,,False,True,96.819,96.819
571,0 days 02:03:47.462000,COL,43,0 days 00:01:37.217000,39.0,2.0,,,25.682,29.478,42.057,0 days 02:02:35.958000,0 days 02:03:05.436000,0 days 02:03:47.493000,275.0,263.0,273.0,315.0,False,MEDIUM,7.0,True,Alpine,0 days 02:02:10.245000,2026-03-15 08:09:46.026,1,12.0,False,,False,True,97.217,97.217
572,0 days 02:05:24.303000,COL,43,0 days 00:01:36.841000,40.0,2.0,,,25.596,29.316,41.929,0 days 02:04:13.089000,0 days 02:04:42.405000,0 days 02:05:24.334000,276.0,260.0,274.0,318.0,False,MEDIUM,8.0,True,Alpine,0 days 02:03:47.462000,2026-03-15 08:11:23.243,1,12.0,False,,False,True,96.841,96.84100000000001
573,0 days 02:07:01.751000,COL,43,0 days 00:01:37.448000,41.0,2.0,,,25.661,29.497,42.29,0 days 02:05:49.995000,0 days 02:06:19.492000,0 days 02:07:01.782000,277.0,262.0,272.0,327.0,False,MEDIUM,9.0,True,Alpine,0 days 02:05:24.303000,2026-03-15 08:13:00.084,1,11.0,False,,False,True,97.448,97.44800000000001
574,0 days 02:08:39.281000,COL,43,0 days 00:01:37.530000,42.0,2.0,,,25.753,29.534,42.243,0 days 02:07:27.535000,0 days 02:07:57.069000,0 days 02:08:39.312000,275.0,261.0,275.0,309.0,False,MEDIUM,10.0,True,Alpine,0 days 02:07:01.751000,2026-03-15 08:14:37.532,1,11.0,False,,False,True,97.53,97.53
575,0 days 02:10:16.662000,COL,43,0 days 00:01:37.381000,43.0,2.0,,,25.698,29.458,42.225,0 days 02:09:05.010000,0 days 02:09:34.468000,0 days 02:10:16.693000,276.0,262.0,275.0,309.0,False,MEDIUM,11.0,True,Alpine,0 days 02:08:39.281000,2026-03-15 08:16:15.062,1,11.0,False,,False,True,97.381,97.381
576,0 days 02:11:53.737000,COL,43,0 days 00:01:37.075000,44.0,2.0,,,25.547,29.444,42.084,0 days 02:10:42.240000,0 days 02:11:11.684000,0 days 02:11:53.768000,278.0,260.0,275.0,311.0,False,MEDIUM,12.0,True,Alpine,0 days 02:10:16.662000,2026-03-15 08:17:52.443,1,11.0,False,,False,True,97.075,97.075
577,0 days 02:13:31.163000,COL,43,0 days 00:01:37.426000,45.0,2.0,,,25.65,29.576,42.2,0 days 02:12:19.418000,0 days 02:12:48.994000,0 days 02:13:31.194000,278.0,262.0,276.0,313.0,False,MEDIUM,13.0,True,Alpine,0 days 02:11:53.737000,2026-03-15 08:19:29.518,1,10.0,False,,False,True,97.426,97.426
578,0 days 02:15:08.302000,COL,43,0 days 00:01:37.139000,46.0,2.0,,,25.598,29.426,42.115,0 days 02:13:56.792000,0 days 02:14:26.218000,0 days 02:15:08.333000,278.0,261.0,275.0,315.0,False,MEDIUM,14.0,True,Alpine,0 days 02:13:31.163000,2026-03-15 08:21:06.944,1,10.0,False,,False,True,97.139,97.13900000000001
579,0 days 02:16:45.806000,COL,43,0 days 00:01:37.504000,47.0,2.0,,,25.759,29.491,42.254,0 days 02:15:34.092000,0 days 02:16:03.583000,0 days 02:16:45.837000,278.0,263.0,275.0,315.0,False,MEDIUM,15.0,True,Alpine,0 days 02:15:08.302000,2026-03-15 08:22:44.083,1,10.0,False,,False,True,97.504,97.50399999999999
580,0 days 02:18:23.404000,COL,43,0 days 00:01:37.598000,48.0,2.0,,,25.66,29.557,42.381,0 days 02:17:11.497000,0 days 02:17:41.054000,0 days 02:18:23.435000,278.0,263.0,275.0,315.0,False,MEDIUM,16.0,True,Alpine,0 days 02:16:45.806000,2026-03-15 08:24:21.587,1,10.0,False,,False,True,97.598,97.598
581,0 days 02:20:02.456000,COL,43,0 days 00:01:39.052000,49.0,2.0,,,25.876,29.627,43.549,0 days 02:18:49.311000,0 days 02:19:18.938000,0 days 02:20:02.487000,280.0,264.0,278.0,304.0,False,MEDIUM,17.0,True,Alpine,0 days 02:18:23.404000,2026-03-15 08:25:59.185,1,10.0,False,,False,True,99.052,99.05199999999999
582,0 days 02:21:40.048000,COL,43,0 days 00:01:37.592000,50.0,2.0,,,25.714,29.601,42.277,0 days 02:20:28.201000,0 days 02:20:57.802000,0 days 02:21:40.079000,286.0,270.0,277.0,321.0,False,MEDIUM,18.0,True,Alpine,0 days 02:20:02.456000,2026-03-15 08:27:38.237,1,10.0,False,,False,True,97.592,97.592
583,0 days 02:23:17.829000,COL,43,0 days 00:01:37.781000,51.0,2.0,,,25.742,29.919,42.12,0 days 02:22:05.821000,0 days 02:22:35.740000,0 days 02:23:17.860000,279.0,263.0,279.0,319.0,False,MEDIUM,19.0,True,Alpine,0 days 02:21:40.048000,2026-03-15 08:29:15.829,1,10.0,False,,False,True,97.781,97.781
584,0 days 02:24:55.851000,COL,43,0 days 00:01:38.022000,52.0,2.0,,,25.738,29.834,42.45,0 days 02:23:43.598000,0 days 02:24:13.432000,0 days 02:24:55.882000,280.0,264.0,280.0,321.0,False,MEDIUM,20.0,True,Alpine,0 days 02:23:17.829000,2026-03-15 08:30:53.610,12,10.0,False,,False,True,98.022,98.022
585,0 days 02:26:35.460000,COL,43,0 days 00:01:39.609000,53.0,2.0,,,25.868,30.008,43.733,0 days 02:25:21.750000,0 days 02:25:51.758000,0 days 02:26:35.491000,284.0,266.0,277.0,309.0,False,MEDIUM,21.0,True,Alpine,0 days 02:24:55.851000,2026-03-15 08:32:31.632,1,10.0,False,,False,True,99.609,99.609
586,0 days 02:28:14.145000,COL,43,0 days 00:01:38.685000,54.0,2.0,,,26.19,30.027,42.468,0 days 02:27:01.681000,0 days 02:27:31.708000,0 days 02:28:14.176000,288.0,267.0,279.0,323.0,False,MEDIUM,22.0,True,Alpine,0 days 02:26:35.460000,2026-03-15 08:34:11.241,1,10.0,False,,False,True,98.685,98.685
587,0 days 02:29:52.382000,COL,43,0 days 00:01:38.237000,55.0,2.0,,,25.771,29.958,42.508,0 days 02:28:39.947000,0 days 02:29:09.905000,0 days 02:29:52.413000,285.0,266.0,268.0,338.0,False,MEDIUM,23.0,True,Alpine,0 days 02:28:14.145000,2026-03-15 08:35:49.926,1,10.0,False,,False,True,98.237,98.237
588,0 days 00:58:03.760000,HAM,44,0 days 00:01:39.448000,1.0,1.0,,,,29.4,42.279,,0 days 00:57:21.696000,0 days 00:58:03.942000,279.0,253.0,270.0,309.0,False,MEDIUM,1.0,True,Ferrari,0 days 00:56:24.050000,2026-03-15 07:03:59.831,12,1.0,False,,False,False,99.448,
589,0 days 00:59:43.321000,HAM,44,0 days 00:01:39.561000,2.0,1.0,,,26.571,30.167,42.823,0 days 00:58:30.420000,0 days 00:59:00.587000,0 days 00:59:43.410000,259.0,251.0,268.0,306.0,True,MEDIUM,2.0,True,Ferrari,0 days 00:58:03.760000,2026-03-15 07:05:39.541,1,2.0,False,,False,True,99.561,99.561
590,0 days 01:01:21.908000,HAM,44,0 days 00:01:38.587000,3.0,1.0,,,26.036,29.899,42.652,0 days 01:00:09.446000,0 days 01:00:39.345000,0 days 01:01:21.997000,267.0,257.0,238.0,301.0,True,MEDIUM,3.0,True,Ferrari,0 days 00:59:43.321000,2026-03-15 07:07:19.102,1,2.0,False,,False,True,98.587,98.587
591,0 days 01:03:00.142000,HAM,44,0 days 00:01:38.234000,4.0,1.0,,,26.445,29.518,42.271,0 days 01:01:48.442000,0 days 01:02:17.960000,0 days 01:03:00.231000,267.0,258.0,270.0,317.0,True,MEDIUM,4.0,True,Ferrari,0 days 01:01:21.908000,2026-03-15 07:08:57.689,1,3.0,False,,False,True,98.234,98.23400000000001
592,0 days 01:04:37.778000,HAM,44,0 days 00:01:37.636000,5.0,1.0,,,25.888,29.561,42.187,0 days 01:03:26.119000,0 days 01:03:55.680000,0 days 01:04:37.867000,266.0,252.0,256.0,316.0,True,MEDIUM,5.0,True,Ferrari,0 days 01:03:00.142000,2026-03-15 07:10:35.923,1,3.0,False,,False,True,97.636,97.636
593,0 days 01:06:15.740000,HAM,44,0 days 00:01:37.962000,6.0,1.0,,,26.388,29.48,42.094,0 days 01:05:04.255000,0 days 01:05:33.735000,0 days 01:06:15.829000,265.0,259.0,245.0,316.0,False,MEDIUM,6.0,True,Ferrari,0 days 01:04:37.778000,2026-03-15 07:12:13.559,1,3.0,False,,False,True,97.962,97.962
594,0 days 01:07:53.961000,HAM,44,0 days 00:01:38.221000,7.0,1.0,,,26.353,29.64,42.228,0 days 01:06:42.182000,0 days 01:07:11.822000,0 days 01:07:54.050000,268.0,252.0,271.0,308.0,False,MEDIUM,7.0,True,Ferrari,0 days 01:06:15.740000,2026-03-15 07:13:51.521,1,3.0,False,,False,True,98.221,98.221
595,0 days 01:09:31.890000,HAM,44,0 days 00:01:37.929000,8.0,1.0,,,25.948,29.645,42.336,0 days 01:08:19.998000,0 days 01:08:49.643000,0 days 01:09:31.979000,262.0,248.0,263.0,304.0,False,MEDIUM,8.0,True,Ferrari,0 days 01:07:53.961000,2026-03-15 07:15:29.742,1,3.0,False,,False,True,97.929,97.929
596,0 days 01:11:10.261000,HAM,44,0 days 00:01:38.371000,9.0,1.0,,,26.231,29.813,42.327,0 days 01:09:58.210000,0 days 01:10:28.023000,0 days 01:11:10.350000,264.0,252.0,271.0,304.0,False,MEDIUM,9.0,True,Ferrari,0 days 01:09:31.890000,2026-03-15 07:17:07.671,1,3.0,False,,False,True,98.371,98.371
597,0 days 01:13:00.207000,HAM,44,0 days 00:01:49.946000,10.0,1.0,,0 days 01:12:58.531000,26.118,29.593,54.235,0 days 01:11:36.468000,0 days 01:12:06.061000,0 days 01:13:00.296000,260.0,255.0,,296.0,False,MEDIUM,10.0,True,Ferrari,0 days 01:11:10.261000,2026-03-15 07:18:46.042,124,3.0,False,,False,False,109.946,109.946
598,0 days 01:15:42.546000,HAM,44,,11.0,2.0,0 days 01:13:20.846000,,56.333,42.193,63.793,0 days 01:13:56.699000,0 days 01:14:38.842000,0 days 01:15:42.759000,214.0,208.0,195.0,218.0,False,HARD,1.0,True,Ferrari,0 days 01:13:00.207000,2026-03-15 07:20:35.988,4,5.0,False,,False,False,,162.319
599,0 days 01:18:12.515000,HAM,44,,12.0,2.0,,,43.585,43.402,63.017,0 days 01:16:26.220000,0 days 01:17:09.730000,0 days 01:18:12.778000,116.0,159.0,191.0,200.0,False,HARD,2.0,True,Ferrari,0 days 01:15:42.546000,2026-03-15 07:23:18.327,4,5.0,False,,False,False,,150.004
600,0 days 01:20:40.910000,HAM,44,0 days 00:02:28.395000,13.0,2.0,,,37.523,43.814,67.058,0 days 01:18:50.127000,0 days 01:19:33.941000,0 days 01:20:40.999000,188.0,157.0,268.0,166.0,False,HARD,3.0,True,Ferrari,0 days 01:18:12.515000,2026-03-15 07:25:48.296,41,5.0,False,,False,False,148.395,148.395
601,0 days 01:22:19.876000,HAM,44,0 days 00:01:38.966000,14.0,2.0,,,26.346,30.144,42.476,0 days 01:21:07.345000,0 days 01:21:37.489000,0 days 01:22:19.965000,276.0,262.0,274.0,312.0,False,HARD,4.0,True,Ferrari,0 days 01:20:40.910000,2026-03-15 07:28:16.691,1,3.0,False,,False,True,98.966,98.966
602,0 days 01:23:56.949000,HAM,44,0 days 00:01:37.073000,15.0,2.0,,,25.729,29.636,41.708,0 days 01:22:45.694000,0 days 01:23:15.330000,0 days 01:23:57.038000,275.0,254.0,276.0,322.0,True,HARD,5.0,True,Ferrari,0 days 01:22:19.876000,2026-03-15 07:29:55.657,1,2.0,False,,False,True,97.073,97.073
603,0 days 01:25:33.880000,HAM,44,0 days 00:01:36.931000,16.0,2.0,,,25.52,29.383,42.028,0 days 01:24:22.558000,0 days 01:24:51.941000,0 days 01:25:33.969000,268.0,253.0,273.0,315.0,True,HARD,6.0,True,Ferrari,0 days 01:23:56.949000,2026-03-15 07:31:32.730,1,2.0,False,,False,True,96.931,96.931
604,0 days 01:27:10.577000,HAM,44,0 days 00:01:36.697000,17.0,2.0,,,25.604,29.185,41.908,0 days 01:25:59.573000,0 days 01:26:28.758000,0 days 01:27:10.666000,276.0,258.0,272.0,312.0,True,HARD,7.0,True,Ferrari,0 days 01:25:33.880000,2026-03-15 07:33:09.661,1,2.0,False,,False,True,96.697,96.697
605,0 days 01:28:47.694000,HAM,44,0 days 00:01:37.117000,18.0,2.0,,,25.84,29.308,41.969,0 days 01:27:36.506000,0 days 01:28:05.814000,0 days 01:28:47.783000,264.0,260.0,268.0,309.0,False,HARD,8.0,True,Ferrari,0 days 01:27:10.577000,2026-03-15 07:34:46.358,12,2.0,False,,False,True,97.117,97.11699999999999
606,0 days 01:30:24.797000,HAM,44,0 days 00:01:37.103000,19.0,2.0,,,25.734,29.303,42.066,0 days 01:29:13.517000,0 days 01:29:42.820000,0 days 01:30:24.886000,270.0,260.0,265.0,308.0,False,HARD,9.0,True,Ferrari,0 days 01:28:47.694000,2026-03-15 07:36:23.475,1,2.0,False,,False,True,97.103,97.10300000000001
607,0 days 01:32:01.712000,HAM,44,0 days 00:01:36.915000,20.0,2.0,,,25.684,29.332,41.899,0 days 01:30:50.570000,0 days 01:31:19.902000,0 days 01:32:01.801000,269.0,253.0,273.0,307.0,False,HARD,10.0,True,Ferrari,0 days 01:30:24.797000,2026-03-15 07:38:00.578,1,2.0,False,,False,True,96.915,96.915
608,0 days 01:33:38.684000,HAM,44,0 days 00:01:36.972000,21.0,2.0,,,25.719,29.177,42.076,0 days 01:32:27.520000,0 days 01:32:56.697000,0 days 01:33:38.773000,266.0,257.0,269.0,305.0,False,HARD,11.0,True,Ferrari,0 days 01:32:01.712000,2026-03-15 07:39:37.493,1,2.0,False,,False,True,96.972,96.97200000000001
609,0 days 01:35:15.690000,HAM,44,0 days 00:01:37.006000,22.0,2.0,,,25.706,29.242,42.058,0 days 01:34:04.479000,0 days 01:34:33.721000,0 days 01:35:15.779000,268.0,254.0,269.0,307.0,False,HARD,12.0,True,Ferrari,0 days 01:33:38.684000,2026-03-15 07:41:14.465,1,2.0,False,,False,True,97.006,97.006
610,0 days 01:36:52.739000,HAM,44,0 days 00:01:37.049000,23.0,2.0,,,25.717,29.202,42.13,0 days 01:35:41.496000,0 days 01:36:10.698000,0 days 01:36:52.828000,264.0,258.0,271.0,304.0,False,HARD,13.0,True,Ferrari,0 days 01:35:15.690000,2026-03-15 07:42:51.471,1,2.0,False,,False,True,97.049,97.049
611,0 days 01:38:30.962000,HAM,44,0 days 00:01:38.223000,24.0,2.0,,,25.672,29.236,43.315,0 days 01:37:18.500000,0 days 01:37:47.736000,0 days 01:38:31.051000,264.0,251.0,273.0,302.0,False,HARD,14.0,True,Ferrari,0 days 01:36:52.739000,2026-03-15 07:44:28.520,1,3.0,False,,False,True,98.223,98.223
612,0 days 01:40:08.855000,HAM,44,0 days 00:01:37.893000,25.0,2.0,,,26.039,29.707,42.147,0 days 01:38:57.090000,0 days 01:39:26.797000,0 days 01:40:08.944000,284.0,253.0,273.0,316.0,False,HARD,15.0,True,Ferrari,0 days 01:38:30.962000,2026-03-15 07:46:06.743,1,3.0,False,,False,True,97.893,97.893
613,0 days 01:41:45.594000,HAM,44,0 days 00:01:36.739000,26.0,2.0,,,25.666,29.374,41.699,0 days 01:40:34.610000,0 days 01:41:03.984000,0 days 01:41:45.683000,268.0,260.0,252.0,328.0,False,HARD,16.0,True,Ferrari,0 days 01:40:08.855000,2026-03-15 07:47:44.636,1,2.0,False,,False,True,96.739,96.739
614,0 days 01:43:24.826000,HAM,44,0 days 00:01:39.232000,27.0,2.0,,,26.166,30.041,43.025,0 days 01:42:11.849000,0 days 01:42:41.890000,0 days 01:43:24.915000,289.0,266.0,248.0,317.0,False,HARD,17.0,True,Ferrari,0 days 01:41:45.594000,2026-03-15 07:49:21.375,1,4.0,False,,False,True,99.232,99.232
615,0 days 01:45:02.044000,HAM,44,0 days 00:01:37.218000,28.0,2.0,,,26.103,29.358,41.757,0 days 01:43:51.018000,0 days 01:44:20.376000,0 days 01:45:02.133000,272.0,260.0,276.0,318.0,False,HARD,18.0,True,Ferrari,0 days 01:43:24.826000,2026-03-15 07:51:00.607,12,4.0,False,,False,True,97.218,97.21799999999999
616,0 days 01:46:38.815000,HAM,44,0 days 00:01:36.771000,29.0,2.0,,,25.725,29.304,41.742,0 days 01:45:27.858000,0 days 01:45:57.162000,0 days 01:46:38.904000,267.0,259.0,273.0,315.0,False,HARD,19.0,True,Ferrari,0 days 01:45:02.044000,2026-03-15 07:52:37.825,1,4.0,False,,False,True,96.771,96.77099999999999
617,0 days 01:48:15.500000,HAM,44,0 days 00:01:36.685000,30.0,2.0,,,25.68,29.346,41.659,0 days 01:47:04.584000,0 days 01:47:33.930000,0 days 01:48:15.589000,270.0,261.0,275.0,322.0,True,HARD,20.0,True,Ferrari,0 days 01:46:38.815000,2026-03-15 07:54:14.596,1,4.0,False,,False,True,96.685,96.685
618,0 days 01:49:51.996000,HAM,44,0 days 00:01:36.496000,31.0,2.0,,,25.602,29.15,41.744,0 days 01:48:41.191000,0 days 01:49:10.341000,0 days 01:49:52.085000,272.0,262.0,272.0,317.0,True,HARD,21.0,True,Ferrari,0 days 01:48:15.500000,2026-03-15 07:55:51.281,1,4.0,False,,False,True,96.496,96.496
619,0 days 01:51:28.625000,HAM,44,0 days 00:01:36.629000,32.0,2.0,,,25.517,29.32,41.792,0 days 01:50:17.602000,0 days 01:50:46.922000,0 days 01:51:28.714000,274.0,261.0,270.0,323.0,False,HARD,22.0,True,Ferrari,0 days 01:49:51.996000,2026-03-15 07:57:27.777,1,4.0,False,,False,True,96.629,96.629
620,0 days 01:53:05.121000,HAM,44,0 days 00:01:36.496000,33.0,2.0,,,25.616,29.26,41.62,0 days 01:51:54.330000,0 days 01:52:23.590000,0 days 01:53:05.210000,270.0,259.0,276.0,323.0,False,HARD,23.0,True,Ferrari,0 days 01:51:28.625000,2026-03-15 07:59:04.406,12,4.0,False,,False,True,96.496,96.49600000000001
621,0 days 01:54:41.873000,HAM,44,0 days 00:01:36.752000,34.0,2.0,,,25.768,29.141,41.843,0 days 01:53:30.978000,0 days 01:54:00.119000,0 days 01:54:41.962000,269.0,259.0,271.0,316.0,False,HARD,24.0,True,Ferrari,0 days 01:53:05.121000,2026-03-15 08:00:40.902,1,4.0,False,,False,True,96.752,96.75200000000001
622,0 days 01:56:19.210000,HAM,44,0 days 00:01:37.337000,35.0,2.0,,,25.703,29.169,42.465,0 days 01:55:07.665000,0 days 01:55:36.834000,0 days 01:56:19.299000,272.0,261.0,272.0,316.0,False,HARD,25.0,True,Ferrari,0 days 01:54:41.873000,2026-03-15 08:02:17.654,1,3.0,False,,False,True,97.337,97.337
623,0 days 01:57:56.211000,HAM,44,0 days 00:01:37.001000,36.0,2.0,,,25.741,29.147,42.113,0 days 01:56:45.040000,0 days 01:57:14.187000,0 days 01:57:56.300000,262.0,255.0,274.0,302.0,False,HARD,26.0,True,Ferrari,0 days 01:56:19.210000,2026-03-15 08:03:54.991,1,3.0,False,,False,True,97.001,97.001
624,0 days 01:59:32.860000,HAM,44,0 days 00:01:36.649000,37.0,2.0,,,25.572,29.135,41.942,0 days 01:58:21.872000,0 days 01:58:51.007000,0 days 01:59:32.949000,264.0,258.0,269.0,300.0,False,HARD,27.0,True,Ferrari,0 days 01:57:56.211000,2026-03-15 08:05:31.992,1,3.0,False,,False,True,96.649,96.649
625,0 days 02:01:09.736000,HAM,44,0 days 00:01:36.876000,38.0,2.0,,,25.693,29.008,42.175,0 days 01:59:58.642000,0 days 02:00:27.650000,0 days 02:01:09.825000,264.0,257.0,274.0,300.0,False,HARD,28.0,True,Ferrari,0 days 01:59:32.860000,2026-03-15 08:07:08.641,1,3.0,False,,False,True,96.876,96.876
626,0 days 02:02:47.828000,HAM,44,0 days 00:01:38.092000,39.0,2.0,,,25.749,29.07,43.273,0 days 02:01:35.574000,0 days 02:02:04.644000,0 days 02:02:47.917000,263.0,254.0,273.0,302.0,False,HARD,29.0,True,Ferrari,0 days 02:01:09.736000,2026-03-15 08:08:45.517,1,4.0,False,,False,True,98.092,98.09200000000001
627,0 days 02:04:24.780000,HAM,44,0 days 00:01:36.952000,40.0,2.0,,,25.408,29.544,42.0,0 days 02:03:13.325000,0 days 02:03:42.869000,0 days 02:04:24.869000,276.0,252.0,271.0,305.0,False,HARD,30.0,True,Ferrari,0 days 02:02:47.828000,2026-03-15 08:10:23.609,1,3.0,False,,False,True,96.952,96.952
628,0 days 02:06:01.251000,HAM,44,0 days 00:01:36.471000,41.0,2.0,,,25.703,28.94,41.828,0 days 02:04:50.572000,0 days 02:05:19.512000,0 days 02:06:01.340000,268.0,257.0,275.0,302.0,True,HARD,31.0,True,Ferrari,0 days 02:04:24.780000,2026-03-15 08:12:00.561,1,3.0,False,,False,True,96.471,96.471
629,0 days 02:07:37.767000,HAM,44,0 days 00:01:36.516000,42.0,2.0,,,25.364,28.875,42.277,0 days 02:06:26.704000,0 days 02:06:55.579000,0 days 02:07:37.856000,266.0,259.0,271.0,300.0,False,HARD,32.0,True,Ferrari,0 days 02:06:01.251000,2026-03-15 08:13:37.032,1,3.0,False,,False,True,96.516,96.516
630,0 days 02:09:13.985000,HAM,44,0 days 00:01:36.218000,43.0,2.0,,,25.477,28.969,41.772,0 days 02:08:03.333000,0 days 02:08:32.302000,0 days 02:09:14.074000,270.0,259.0,275.0,301.0,True,HARD,33.0,True,Ferrari,0 days 02:07:37.767000,2026-03-15 08:15:13.548,1,3.0,False,,False,True,96.218,96.21799999999999
631,0 days 02:10:50.225000,HAM,44,0 days 00:01:36.240000,44.0,2.0,,,25.298,29.006,41.936,0 days 02:09:39.372000,0 days 02:10:08.378000,0 days 02:10:50.314000,269.0,255.0,277.0,304.0,False,HARD,34.0,True,Ferrari,0 days 02:09:13.985000,2026-03-15 08:16:49.766,1,3.0,False,,False,True,96.24,96.24000000000001
632,0 days 02:12:26.621000,HAM,44,0 days 00:01:36.396000,45.0,2.0,,,25.274,29.21,41.912,0 days 02:11:15.588000,0 days 02:11:44.798000,0 days 02:12:26.710000,273.0,260.0,274.0,303.0,False,HARD,35.0,True,Ferrari,0 days 02:10:50.225000,2026-03-15 08:18:26.006,1,3.0,False,,False,True,96.396,96.396
633,0 days 02:14:02.930000,HAM,44,0 days 00:01:36.309000,46.0,2.0,,,25.368,29.083,41.858,0 days 02:12:52.078000,0 days 02:13:21.161000,0 days 02:14:03.019000,270.0,259.0,276.0,311.0,False,HARD,36.0,True,Ferrari,0 days 02:12:26.621000,2026-03-15 08:20:02.402,1,3.0,False,,False,True,96.309,96.309
634,0 days 02:15:39.134000,HAM,44,0 days 00:01:36.204000,47.0,2.0,,,25.237,28.885,42.082,0 days 02:14:28.256000,0 days 02:14:57.141000,0 days 02:15:39.223000,273.0,262.0,272.0,301.0,True,HARD,37.0,True,Ferrari,0 days 02:14:02.930000,2026-03-15 08:21:38.711,1,3.0,False,,False,True,96.204,96.20400000000001
635,0 days 02:17:15.285000,HAM,44,0 days 00:01:36.151000,48.0,2.0,,,25.412,28.954,41.785,0 days 02:16:04.635000,0 days 02:16:33.589000,0 days 02:17:15.374000,272.0,256.0,276.0,303.0,True,HARD,38.0,True,Ferrari,0 days 02:15:39.134000,2026-03-15 08:23:14.915,1,3.0,False,,False,True,96.151,96.151
636,0 days 02:18:51.670000,HAM,44,0 days 00:01:36.385000,49.0,2.0,,,25.273,28.918,42.194,0 days 02:17:40.647000,0 days 02:18:09.565000,0 days 02:18:51.759000,272.0,260.0,273.0,301.0,False,HARD,39.0,True,Ferrari,0 days 02:17:15.285000,2026-03-15 08:24:51.066,1,3.0,False,,False,True,96.385,96.385
637,0 days 02:20:27.907000,HAM,44,0 days 00:01:36.237000,50.0,2.0,,,25.365,28.913,41.959,0 days 02:19:17.124000,0 days 02:19:46.037000,0 days 02:20:27.996000,273.0,262.0,276.0,301.0,False,HARD,40.0,True,Ferrari,0 days 02:18:51.670000,2026-03-15 08:26:27.451,1,3.0,False,,False,True,96.237,96.237
638,0 days 02:22:04.041000,HAM,44,0 days 00:01:36.134000,51.0,2.0,,,25.336,28.856,41.942,0 days 02:20:53.332000,0 days 02:21:22.188000,0 days 02:22:04.130000,270.0,262.0,273.0,301.0,True,HARD,41.0,True,Ferrari,0 days 02:20:27.907000,2026-03-15 08:28:03.688,1,3.0,False,,False,True,96.134,96.134
639,0 days 02:23:40.337000,HAM,44,0 days 00:01:36.296000,52.0,2.0,,,25.355,28.86,42.081,0 days 02:22:29.485000,0 days 02:22:58.345000,0 days 02:23:40.426000,273.0,261.0,276.0,302.0,False,HARD,42.0,True,Ferrari,0 days 02:22:04.041000,2026-03-15 08:29:39.822,1,3.0,False,,False,True,96.296,96.296
640,0 days 02:25:16.536000,HAM,44,0 days 00:01:36.199000,53.0,2.0,,,25.203,28.889,42.107,0 days 02:24:05.629000,0 days 02:24:34.518000,0 days 02:25:16.625000,272.0,262.0,274.0,301.0,False,HARD,43.0,True,Ferrari,0 days 02:23:40.337000,2026-03-15 08:31:16.118,12,3.0,False,,False,True,96.199,96.199
641,0 days 02:26:52.976000,HAM,44,0 days 00:01:36.440000,54.0,2.0,,,25.465,28.998,41.977,0 days 02:25:42.090000,0 days 02:26:11.088000,0 days 02:26:53.065000,271.0,261.0,277.0,306.0,False,HARD,44.0,True,Ferrari,0 days 02:25:16.536000,2026-03-15 08:32:52.317,1,3.0,False,,False,True,96.44,96.44
642,0 days 02:28:29.068000,HAM,44,0 days 00:01:36.092000,55.0,2.0,,,25.176,28.906,42.01,0 days 02:27:18.241000,0 days 02:27:47.147000,0 days 02:28:29.157000,272.0,262.0,276.0,304.0,True,HARD,45.0,True,Ferrari,0 days 02:26:52.976000,2026-03-15 08:34:28.757,1,3.0,False,,False,True,96.092,96.09199999999998
643,0 days 02:30:05.171000,HAM,44,0 days 00:01:36.103000,56.0,2.0,,,25.198,28.968,41.937,0 days 02:28:54.355000,0 days 02:29:23.323000,0 days 02:30:05.260000,273.0,262.0,278.0,306.0,False,HARD,46.0,True,Ferrari,0 days 02:28:29.068000,2026-03-15 08:36:04.849,1,3.0,False,,False,True,96.103,96.103
644,0 days 00:58:03.760000,BOR,5,,1.0,1.0,,,,,,,,,,,,,False,HARD,1.0,True,Audi,0 days 00:56:24.050000,2026-03-15 07:03:59.831,12,,False,,True,False,,
645,0 days 00:58:11.819000,SAI,55,0 days 00:01:47.507000,1.0,1.0,,,,32.338,43.861,,0 days 00:57:28.158000,0 days 00:58:11.842000,275.0,266.0,269.0,345.0,False,MEDIUM,1.0,True,Williams,0 days 00:56:24.050000,2026-03-15 07:03:59.831,12,11.0,False,,False,False,107.507,
646,0 days 00:59:52.562000,SAI,55,0 days 00:01:40.743000,2.0,1.0,,,26.296,30.998,43.449,0 days 00:58:38.138000,0 days 00:59:09.136000,0 days 00:59:52.585000,281.0,261.0,241.0,349.0,True,MEDIUM,2.0,True,Williams,0 days 00:58:11.819000,2026-03-15 07:05:47.600,1,11.0,False,,False,True,100.743,100.743
647,0 days 01:01:32.549000,SAI,55,0 days 00:01:39.987000,3.0,1.0,,,27.077,30.389,42.521,0 days 01:00:19.662000,0 days 01:00:50.051000,0 days 01:01:32.572000,275.0,259.0,266.0,330.0,True,MEDIUM,3.0,True,Williams,0 days 00:59:52.562000,2026-03-15 07:07:28.343,1,11.0,False,,False,True,99.987,99.987
648,0 days 01:03:11.537000,SAI,55,0 days 00:01:38.988000,4.0,1.0,,,26.39,30.159,42.439,0 days 01:01:58.962000,0 days 01:02:29.121000,0 days 01:03:11.560000,275.0,266.0,270.0,333.0,True,MEDIUM,4.0,True,Williams,0 days 01:01:32.549000,2026-03-15 07:09:08.330,1,11.0,False,,False,True,98.988,98.988
649,0 days 01:04:51.291000,SAI,55,0 days 00:01:39.754000,5.0,1.0,,,26.454,30.503,42.797,0 days 01:03:38.014000,0 days 01:04:08.517000,0 days 01:04:51.314000,277.0,267.0,256.0,345.0,False,MEDIUM,5.0,True,Williams,0 days 01:03:11.537000,2026-03-15 07:10:47.318,1,11.0,False,,False,True,99.754,99.75399999999999
650,0 days 01:06:31.429000,SAI,55,0 days 00:01:40.138000,6.0,1.0,,,26.732,30.691,42.715,0 days 01:05:18.046000,0 days 01:05:48.737000,0 days 01:06:31.452000,282.0,261.0,268.0,329.0,False,MEDIUM,6.0,True,Williams,0 days 01:04:51.291000,2026-03-15 07:12:27.072,1,12.0,False,,False,True,100.138,100.138
651,0 days 01:08:12.060000,SAI,55,0 days 00:01:40.631000,7.0,1.0,,,26.571,30.596,43.464,0 days 01:06:58.023000,0 days 01:07:28.619000,0 days 01:08:12.083000,275.0,256.0,267.0,331.0,False,MEDIUM,7.0,True,Williams,0 days 01:06:31.429000,2026-03-15 07:14:07.210,1,13.0,False,,False,True,100.631,100.631
652,0 days 01:09:51.973000,SAI,55,0 days 00:01:39.913000,8.0,1.0,,,26.363,30.686,42.864,0 days 01:08:38.446000,0 days 01:09:09.132000,0 days 01:09:51.996000,282.0,269.0,263.0,330.0,False,MEDIUM,8.0,True,Williams,0 days 01:08:12.060000,2026-03-15 07:15:47.841,1,13.0,False,,False,True,99.913,99.913
653,0 days 01:11:37.107000,SAI,55,0 days 00:01:45.134000,9.0,1.0,,0 days 01:11:35.381000,26.683,30.683,47.768,0 days 01:10:18.679000,0 days 01:10:49.362000,0 days 01:11:37.130000,274.0,257.0,,323.0,False,MEDIUM,9.0,True,Williams,0 days 01:09:51.973000,2026-03-15 07:17:27.754,1,13.0,False,,False,False,105.134,105.134
654,0 days 01:14:00.294000,SAI,55,0 days 00:02:23.187000,10.0,2.0,0 days 01:11:58.475000,,45.858,40.3,57.029,0 days 01:12:22.988000,0 days 01:13:03.288000,0 days 01:14:00.317000,276.0,243.0,167.0,214.0,False,HARD,1.0,True,Williams,0 days 01:11:37.107000,2026-03-15 07:19:12.888,124,16.0,False,,False,False,143.187,143.18699999999998
655,0 days 01:16:15.516000,SAI,55,0 days 00:02:15.222000,11.0,2.0,,,35.932,41.674,57.616,0 days 01:14:36.249000,0 days 01:15:17.923000,0 days 01:16:15.539000,255.0,205.0,200.0,271.0,False,HARD,2.0,True,Williams,0 days 01:14:00.294000,2026-03-15 07:21:36.075,4,15.0,False,,False,False,135.222,135.22199999999998
656,0 days 01:18:23.267000,SAI,55,0 days 00:02:07.751000,12.0,2.0,,,34.991,36.307,56.453,0 days 01:16:50.530000,0 days 01:17:26.837000,0 days 01:18:23.290000,257.0,266.0,162.0,90.0,False,HARD,3.0,True,Williams,0 days 01:16:15.516000,2026-03-15 07:23:51.297,4,14.0,False,,False,False,127.751,127.751
657,0 days 01:20:44.617000,SAI,55,0 days 00:02:21.350000,13.0,2.0,,,35.621,45.494,60.235,0 days 01:18:58.911000,0 days 01:19:44.405000,0 days 01:20:44.640000,248.0,212.0,271.0,179.0,False,HARD,4.0,True,Williams,0 days 01:18:23.267000,2026-03-15 07:25:59.048,41,14.0,False,,False,False,141.35,141.35000000000002
658,0 days 01:22:25.101000,SAI,55,0 days 00:01:40.484000,14.0,2.0,,,26.556,30.777,43.151,0 days 01:21:11.196000,0 days 01:21:41.973000,0 days 01:22:25.124000,282.0,274.0,268.0,346.0,False,HARD,5.0,True,Williams,0 days 01:20:44.617000,2026-03-15 07:28:20.398,1,13.0,False,,False,True,100.484,100.48400000000001
659,0 days 01:24:04.226000,SAI,55,0 days 00:01:39.125000,15.0,2.0,,,26.249,30.247,42.629,0 days 01:22:51.373000,0 days 01:23:21.620000,0 days 01:24:04.249000,288.0,271.0,271.0,348.0,False,HARD,6.0,True,Williams,0 days 01:22:25.101000,2026-03-15 07:30:00.882,1,13.0,False,,False,True,99.125,99.125
660,0 days 01:25:43.654000,SAI,55,0 days 00:01:39.428000,16.0,2.0,,,26.37,30.308,42.75,0 days 01:24:30.619000,0 days 01:25:00.927000,0 days 01:25:43.677000,280.0,271.0,264.0,349.0,False,HARD,7.0,True,Williams,0 days 01:24:04.226000,2026-03-15 07:31:40.007,1,13.0,False,,False,True,99.428,99.428
661,0 days 01:27:22.683000,SAI,55,0 days 00:01:39.029000,17.0,2.0,,,26.094,30.295,42.64,0 days 01:26:09.771000,0 days 01:26:40.066000,0 days 01:27:22.706000,284.0,270.0,270.0,335.0,False,HARD,8.0,True,Williams,0 days 01:25:43.654000,2026-03-15 07:33:19.435,12,13.0,False,,False,True,99.029,99.029
662,0 days 01:29:01.340000,SAI,55,0 days 00:01:38.657000,18.0,2.0,,,26.177,30.232,42.248,0 days 01:27:48.883000,0 days 01:28:19.115000,0 days 01:29:01.363000,283.0,266.0,270.0,339.0,True,HARD,9.0,True,Williams,0 days 01:27:22.683000,2026-03-15 07:34:58.464,21,13.0,False,,False,True,98.657,98.657
663,0 days 01:30:40.459000,SAI,55,0 days 00:01:39.119000,19.0,2.0,,,26.228,30.251,42.64,0 days 01:29:27.591000,0 days 01:29:57.842000,0 days 01:30:40.482000,283.0,272.0,269.0,339.0,False,HARD,10.0,True,Williams,0 days 01:29:01.340000,2026-03-15 07:36:37.121,1,13.0,False,,False,True,99.119,99.119
664,0 days 01:32:19.856000,SAI,55,0 days 00:01:39.397000,20.0,2.0,,,26.289,30.454,42.654,0 days 01:31:06.771000,0 days 01:31:37.225000,0 days 01:32:19.879000,280.0,264.0,272.0,339.0,False,HARD,11.0,True,Williams,0 days 01:30:40.459000,2026-03-15 07:38:16.240,1,13.0,False,,False,True,99.397,99.397
665,0 days 01:33:59,SAI,55,0 days 00:01:39.144000,21.0,2.0,,,26.375,30.111,42.658,0 days 01:32:46.254000,0 days 01:33:16.365000,0 days 01:33:59.023000,277.0,263.0,266.0,337.0,False,HARD,12.0,True,Williams,0 days 01:32:19.856000,2026-03-15 07:39:55.637,1,13.0,False,,False,True,99.144,99.144
666,0 days 01:35:39.245000,SAI,55,0 days 00:01:40.245000,22.0,2.0,,,26.872,30.584,42.789,0 days 01:34:25.895000,0 days 01:34:56.479000,0 days 01:35:39.268000,279.0,264.0,263.0,327.0,False,HARD,13.0,True,Williams,0 days 01:33:59,2026-03-15 07:41:34.781,1,14.0,False,,False,True,100.245,100.245
667,0 days 01:37:18.346000,SAI,55,0 days 00:01:39.101000,23.0,2.0,,,26.286,30.238,42.577,0 days 01:36:05.554000,0 days 01:36:35.792000,0 days 01:37:18.369000,278.0,268.0,269.0,323.0,False,HARD,14.0,True,Williams,0 days 01:35:39.245000,2026-03-15 07:43:15.026,1,14.0,False,,False,True,99.101,99.101
668,0 days 01:38:57.310000,SAI,55,0 days 00:01:38.964000,24.0,2.0,,,26.131,30.304,42.529,0 days 01:37:44.500000,0 days 01:38:14.804000,0 days 01:38:57.333000,274.0,258.0,271.0,320.0,False,HARD,15.0,True,Williams,0 days 01:37:18.346000,2026-03-15 07:44:54.127,1,14.0,False,,False,True,98.964,98.964
669,0 days 01:40:36.064000,SAI,55,0 days 00:01:38.754000,25.0,2.0,,,26.161,30.131,42.462,0 days 01:39:23.494000,0 days 01:39:53.625000,0 days 01:40:36.087000,276.0,265.0,271.0,327.0,False,HARD,16.0,True,Williams,0 days 01:38:57.310000,2026-03-15 07:46:33.091,1,14.0,False,,False,True,98.754,98.754
670,0 days 01:42:14.772000,SAI,55,0 days 00:01:38.708000,26.0,2.0,,,26.239,30.084,42.385,0 days 01:41:02.326000,0 days 01:41:32.410000,0 days 01:42:14.795000,273.0,265.0,271.0,328.0,False,HARD,17.0,True,Williams,0 days 01:40:36.064000,2026-03-15 07:48:11.845,1,14.0,False,,False,True,98.708,98.708
671,0 days 01:43:54.480000,SAI,55,0 days 00:01:39.708000,27.0,2.0,,,26.155,30.228,43.325,0 days 01:42:40.950000,0 days 01:43:11.178000,0 days 01:43:54.503000,275.0,264.0,263.0,327.0,False,HARD,18.0,True,Williams,0 days 01:42:14.772000,2026-03-15 07:49:50.553,12,13.0,False,,False,True,99.708,99.708
672,0 days 01:45:33.152000,SAI,55,0 days 00:01:38.672000,28.0,2.0,,,26.279,30.012,42.381,0 days 01:44:20.782000,0 days 01:44:50.794000,0 days 01:45:33.175000,273.0,262.0,271.0,316.0,False,HARD,19.0,True,Williams,0 days 01:43:54.480000,2026-03-15 07:51:30.261,1,13.0,False,,False,True,98.672,98.672
673,0 days 01:47:11.966000,SAI,55,0 days 00:01:38.814000,29.0,2.0,,,26.226,29.98,42.608,0 days 01:45:59.401000,0 days 01:46:29.381000,0 days 01:47:11.989000,272.0,262.0,271.0,317.0,False,HARD,20.0,True,Williams,0 days 01:45:33.152000,2026-03-15 07:53:08.933,1,13.0,False,,False,True,98.814,98.814
674,0 days 01:48:50.475000,SAI,55,0 days 00:01:38.509000,30.0,2.0,,,26.109,29.995,42.405,0 days 01:47:38.098000,0 days 01:48:08.093000,0 days 01:48:50.498000,275.0,261.0,270.0,320.0,True,HARD,21.0,True,Williams,0 days 01:47:11.966000,2026-03-15 07:54:47.747,1,12.0,False,,False,True,98.509,98.509
675,0 days 01:50:28.935000,SAI,55,0 days 00:01:38.460000,31.0,2.0,,,26.119,30.017,42.324,0 days 01:49:16.617000,0 days 01:49:46.634000,0 days 01:50:28.958000,274.0,261.0,270.0,319.0,True,HARD,22.0,True,Williams,0 days 01:48:50.475000,2026-03-15 07:56:26.256,1,12.0,False,,False,True,98.46,98.46
676,0 days 01:52:07.274000,SAI,55,0 days 00:01:38.339000,32.0,2.0,,,26.097,29.955,42.287,0 days 01:50:55.055000,0 days 01:51:25.010000,0 days 01:52:07.297000,275.0,262.0,270.0,318.0,True,HARD,23.0,True,Williams,0 days 01:50:28.935000,2026-03-15 07:58:04.716,1,12.0,False,,False,True,98.339,98.339
677,0 days 01:53:45.736000,SAI,55,0 days 00:01:38.462000,33.0,2.0,,,26.147,29.889,42.426,0 days 01:52:33.444000,0 days 01:53:03.333000,0 days 01:53:45.759000,275.0,264.0,270.0,318.0,False,HARD,24.0,True,Williams,0 days 01:52:07.274000,2026-03-15 07:59:43.055,12,11.0,False,,False,True,98.462,98.462
678,0 days 01:55:24.499000,SAI,55,0 days 00:01:38.763000,34.0,2.0,,,26.33,29.946,42.487,0 days 01:54:12.089000,0 days 01:54:42.035000,0 days 01:55:24.522000,277.0,261.0,270.0,318.0,False,HARD,25.0,True,Williams,0 days 01:53:45.736000,2026-03-15 08:01:21.517,1,11.0,False,,False,True,98.763,98.763
679,0 days 01:57:03.171000,SAI,55,0 days 00:01:38.672000,35.0,2.0,,,26.173,29.987,42.512,0 days 01:55:50.695000,0 days 01:56:20.682000,0 days 01:57:03.194000,279.0,262.0,270.0,315.0,False,HARD,26.0,True,Williams,0 days 01:55:24.499000,2026-03-15 08:03:00.280,1,11.0,False,,False,True,98.672,98.672
680,0 days 01:58:41.915000,SAI,55,0 days 00:01:38.744000,36.0,2.0,,,26.216,30.071,42.457,0 days 01:57:29.410000,0 days 01:57:59.481000,0 days 01:58:41.938000,276.0,263.0,270.0,313.0,False,HARD,27.0,True,Williams,0 days 01:57:03.171000,2026-03-15 08:04:38.952,1,10.0,False,,False,True,98.744,98.744
681,0 days 02:00:20.395000,SAI,55,0 days 00:01:38.480000,37.0,2.0,,,26.157,29.955,42.368,0 days 01:59:08.095000,0 days 01:59:38.050000,0 days 02:00:20.418000,277.0,264.0,270.0,313.0,False,HARD,28.0,True,Williams,0 days 01:58:41.915000,2026-03-15 08:06:17.696,1,10.0,False,,False,True,98.48,98.47999999999999
682,0 days 02:01:58.890000,SAI,55,0 days 00:01:38.495000,38.0,2.0,,,26.147,29.847,42.501,0 days 02:00:46.565000,0 days 02:01:16.412000,0 days 02:01:58.913000,276.0,266.0,271.0,314.0,False,HARD,29.0,True,Williams,0 days 02:00:20.395000,2026-03-15 08:07:56.176,1,10.0,False,,False,True,98.495,98.495
683,0 days 02:03:37.475000,SAI,55,0 days 00:01:38.585000,39.0,2.0,,,26.207,29.939,42.439,0 days 02:02:25.120000,0 days 02:02:55.059000,0 days 02:03:37.498000,277.0,264.0,271.0,315.0,False,HARD,30.0,True,Williams,0 days 02:01:58.890000,2026-03-15 08:09:34.671,1,10.0,False,,False,True,98.585,98.58500000000001
684,0 days 02:05:15.833000,SAI,55,0 days 00:01:38.358000,40.0,2.0,,,26.101,29.881,42.376,0 days 02:04:03.599000,0 days 02:04:33.480000,0 days 02:05:15.856000,278.0,264.0,272.0,314.0,False,HARD,31.0,True,Williams,0 days 02:03:37.475000,2026-03-15 08:11:13.256,1,10.0,False,,False,True,98.358,98.358
685,0 days 02:06:54.254000,SAI,55,0 days 00:01:38.421000,41.0,2.0,,,26.08,29.834,42.507,0 days 02:05:41.936000,0 days 02:06:11.770000,0 days 02:06:54.277000,278.0,261.0,270.0,312.0,False,HARD,32.0,True,Williams,0 days 02:05:15.833000,2026-03-15 08:12:51.614,1,10.0,False,,False,True,98.421,98.42099999999999
686,0 days 02:08:32.526000,SAI,55,0 days 00:01:38.272000,42.0,2.0,,,26.148,29.772,42.352,0 days 02:07:20.425000,0 days 02:07:50.197000,0 days 02:08:32.549000,278.0,264.0,272.0,311.0,True,HARD,33.0,True,Williams,0 days 02:06:54.254000,2026-03-15 08:14:30.035,1,10.0,False,,False,True,98.272,98.27199999999999
687,0 days 02:10:10.809000,SAI,55,0 days 00:01:38.283000,43.0,2.0,,,26.032,29.702,42.549,0 days 02:08:58.581000,0 days 02:09:28.283000,0 days 02:10:10.832000,277.0,265.0,272.0,312.0,False,HARD,34.0,True,Williams,0 days 02:08:32.526000,2026-03-15 08:16:08.307,1,10.0,False,,False,True,98.283,98.283
688,0 days 02:11:49.077000,SAI,55,0 days 00:01:38.268000,44.0,2.0,,,26.0,29.706,42.562,0 days 02:10:36.832000,0 days 02:11:06.538000,0 days 02:11:49.100000,276.0,264.0,273.0,314.0,True,HARD,35.0,True,Williams,0 days 02:10:10.809000,2026-03-15 08:17:46.590,1,10.0,False,,False,True,98.268,98.268
689,0 days 02:13:27.181000,SAI,55,0 days 00:01:38.104000,45.0,2.0,,,25.973,29.728,42.403,0 days 02:12:15.073000,0 days 02:12:44.801000,0 days 02:13:27.204000,277.0,262.0,272.0,313.0,True,HARD,36.0,True,Williams,0 days 02:11:49.077000,2026-03-15 08:19:24.858,1,9.0,False,,False,True,98.104,98.104
690,0 days 02:15:05.215000,SAI,55,0 days 00:01:38.034000,46.0,2.0,,,26.024,29.595,42.415,0 days 02:13:53.228000,0 days 02:14:22.823000,0 days 02:15:05.238000,278.0,265.0,271.0,314.0,True,HARD,37.0,True,Williams,0 days 02:13:27.181000,2026-03-15 08:21:02.962,1,9.0,False,,False,True,98.034,98.03399999999999
691,0 days 02:16:43.544000,SAI,55,0 days 00:01:38.329000,47.0,2.0,,,26.108,29.663,42.558,0 days 02:15:31.346000,0 days 02:16:01.009000,0 days 02:16:43.567000,276.0,267.0,272.0,316.0,False,HARD,38.0,True,Williams,0 days 02:15:05.215000,2026-03-15 08:22:40.996,1,9.0,False,,False,True,98.329,98.32900000000001
692,0 days 02:18:21.566000,SAI,55,0 days 00:01:38.022000,48.0,2.0,,,26.001,29.645,42.376,0 days 02:17:09.568000,0 days 02:17:39.213000,0 days 02:18:21.589000,278.0,262.0,273.0,314.0,True,HARD,39.0,True,Williams,0 days 02:16:43.544000,2026-03-15 08:24:19.325,1,9.0,False,,False,True,98.022,98.02199999999999
693,0 days 02:19:59.588000,SAI,55,0 days 00:01:38.022000,49.0,2.0,,,25.964,29.624,42.434,0 days 02:18:47.553000,0 days 02:19:17.177000,0 days 02:19:59.611000,279.0,263.0,272.0,315.0,False,HARD,40.0,True,Williams,0 days 02:18:21.566000,2026-03-15 08:25:57.347,1,9.0,False,,False,True,98.022,98.02199999999999
694,0 days 02:21:38.618000,SAI,55,0 days 00:01:39.030000,50.0,2.0,,,25.984,30.254,42.792,0 days 02:20:25.595000,0 days 02:20:55.849000,0 days 02:21:38.641000,278.0,199.0,275.0,338.0,False,HARD,41.0,True,Williams,0 days 02:19:59.588000,2026-03-15 08:27:35.369,1,9.0,False,,False,True,99.03,99.03
695,0 days 02:23:16.599000,SAI,55,0 days 00:01:37.981000,51.0,2.0,,,25.961,29.737,42.283,0 days 02:22:04.602000,0 days 02:22:34.339000,0 days 02:23:16.622000,282.0,269.0,270.0,321.0,True,HARD,42.0,True,Williams,0 days 02:21:38.618000,2026-03-15 08:29:14.399,1,9.0,False,,False,True,97.981,97.981
696,0 days 02:24:55.023000,SAI,55,0 days 00:01:38.424000,52.0,2.0,,,26.1,29.779,42.545,0 days 02:23:42.722000,0 days 02:24:12.501000,0 days 02:24:55.046000,277.0,265.0,273.0,314.0,False,HARD,43.0,True,Williams,0 days 02:23:16.599000,2026-03-15 08:30:52.380,12,9.0,False,,False,True,98.424,98.424
697,0 days 02:26:35.110000,SAI,55,0 days 00:01:40.087000,53.0,2.0,,,26.026,29.873,44.188,0 days 02:25:21.072000,0 days 02:25:50.945000,0 days 02:26:35.133000,280.0,262.0,275.0,316.0,False,HARD,44.0,True,Williams,0 days 02:24:55.023000,2026-03-15 08:32:30.804,1,9.0,False,,False,True,100.087,100.087
698,0 days 02:28:13.364000,SAI,55,0 days 00:01:38.254000,54.0,2.0,,,25.887,29.86,42.507,0 days 02:27:01.020000,0 days 02:27:30.880000,0 days 02:28:13.387000,283.0,263.0,269.0,319.0,False,HARD,45.0,True,Williams,0 days 02:26:35.110000,2026-03-15 08:34:10.891,1,9.0,False,,False,True,98.254,98.25399999999999
699,0 days 02:29:51.592000,SAI,55,0 days 00:01:38.228000,55.0,2.0,,,26.016,29.678,42.534,0 days 02:28:39.403000,0 days 02:29:09.081000,0 days 02:29:51.615000,278.0,262.0,272.0,326.0,False,HARD,46.0,True,Williams,0 days 02:28:13.364000,2026-03-15 08:35:49.145,1,9.0,False,,False,True,98.228,98.22800000000001
700,0 days 00:58:27.955000,HAD,6,0 days 00:02:03.643000,1.0,1.0,,0 days 00:58:26.239000,,30.907,62.905,,0 days 00:57:25.281000,0 days 00:58:28.114000,284.0,280.0,,274.0,False,SOFT,4.0,False,Red Bull Racing,0 days 00:56:24.050000,2026-03-15 07:03:59.831,12,18.0,False,,False,False,123.643,
701,0 days 01:00:28.154000,HAD,6,0 days 00:02:00.199000,2.0,2.0,0 days 00:58:49.235000,,46.15,30.387,43.662,0 days 00:59:14.162000,0 days 00:59:44.549000,0 days 01:00:28.211000,260.0,259.0,261.0,306.0,False,HARD,1.0,True,Red Bull Racing,0 days 00:58:27.955000,2026-03-15 07:06:03.736,1,18.0,False,,False,False,120.199,120.19900000000001
702,0 days 01:02:06.966000,HAD,6,0 days 00:01:38.812000,3.0,2.0,,,26.221,30.048,42.543,0 days 01:00:54.432000,0 days 01:01:24.480000,0 days 01:02:07.023000,264.0,260.0,270.0,311.0,True,HARD,2.0,True,Red Bull Racing,0 days 01:00:28.154000,2026-03-15 07:08:03.935,1,18.0,False,,False,True,98.812,98.812
703,0 days 01:03:46.054000,HAD,6,0 days 00:01:39.088000,4.0,2.0,,,26.095,30.275,42.718,0 days 01:02:33.118000,0 days 01:03:03.393000,0 days 01:03:46.111000,263.0,257.0,270.0,307.0,False,HARD,3.0,True,Red Bull Racing,0 days 01:02:06.966000,2026-03-15 07:09:42.747,1,18.0,False,,False,True,99.088,99.088
704,0 days 01:05:24.878000,HAD,6,0 days 00:01:38.824000,5.0,2.0,,,25.985,30.083,42.756,0 days 01:04:12.096000,0 days 01:04:42.179000,0 days 01:05:24.935000,266.0,258.0,272.0,309.0,False,HARD,4.0,True,Red Bull Racing,0 days 01:03:46.054000,2026-03-15 07:11:21.835,1,18.0,False,,False,True,98.824,98.824
705,0 days 01:07:03.139000,HAD,6,0 days 00:01:38.261000,6.0,2.0,,,25.948,29.935,42.378,0 days 01:05:50.883000,0 days 01:06:20.818000,0 days 01:07:03.196000,265.0,259.0,271.0,309.0,True,HARD,5.0,True,Red Bull Racing,0 days 01:05:24.878000,2026-03-15 07:13:00.659,1,18.0,False,,False,True,98.261,98.261
706,0 days 01:08:41.596000,HAD,6,0 days 00:01:38.457000,7.0,2.0,,,25.97,30.015,42.472,0 days 01:07:29.166000,0 days 01:07:59.181000,0 days 01:08:41.653000,268.0,259.0,269.0,309.0,False,HARD,6.0,True,Red Bull Racing,0 days 01:07:03.139000,2026-03-15 07:14:38.920,1,18.0,False,,False,True,98.457,98.457
707,0 days 01:10:20.257000,HAD,6,0 days 00:01:38.661000,8.0,2.0,,,26.132,30.026,42.503,0 days 01:09:07.785000,0 days 01:09:37.811000,0 days 01:10:20.314000,264.0,258.0,271.0,308.0,False,HARD,7.0,True,Red Bull Racing,0 days 01:08:41.596000,2026-03-15 07:16:17.377,1,18.0,False,,False,True,98.661,98.661
708,0 days 01:11:58.919000,HAD,6,0 days 00:01:38.662000,9.0,2.0,,,26.18,30.093,42.389,0 days 01:10:46.494000,0 days 01:11:16.587000,0 days 01:11:58.976000,263.0,257.0,271.0,308.0,False,HARD,8.0,True,Red Bull Racing,0 days 01:10:20.257000,2026-03-15 07:17:56.038,1,18.0,False,,False,True,98.662,98.662
709,0 days 01:14:06.957000,HAD,6,0 days 00:02:08.038000,10.0,2.0,,0 days 01:14:05.173000,26.322,40.743,60.973,0 days 01:12:25.298000,0 days 01:13:06.041000,0 days 01:14:07.014000,265.0,246.0,,225.0,False,HARD,9.0,True,Red Bull Racing,0 days 01:11:58.919000,2026-03-15 07:19:34.700,124,17.0,False,,False,False,128.038,128.038
710,0 days 01:16:41.638000,HAD,6,,11.0,3.0,0 days 01:14:30.898000,,56.842,40.16,57.636,0 days 01:15:04.038000,0 days 01:15:44.196000,0 days 01:16:41.730000,139.0,158.0,225.0,148.0,False,HARD,1.0,True,Red Bull Racing,0 days 01:14:06.957000,2026-03-15 07:21:42.738,4,17.0,False,,False,False,,154.638
711,0 days 01:18:32.849000,HAD,6,0 days 00:01:51.211000,12.0,3.0,,,32.169,32.463,46.579,0 days 01:17:13.864000,0 days 01:17:46.327000,0 days 01:18:32.906000,236.0,243.0,233.0,272.0,False,HARD,2.0,True,Red Bull Racing,0 days 01:16:41.638000,2026-03-15 07:24:17.419,4,17.0,False,,False,False,111.211,111.21100000000001
712,0 days 01:20:46.272000,HAD,6,0 days 00:02:13.423000,13.0,3.0,,,29.856,45.152,58.415,0 days 01:19:02.762000,0 days 01:19:47.914000,0 days 01:20:46.329000,234.0,139.0,274.0,164.0,False,HARD,3.0,True,Red Bull Racing,0 days 01:18:32.849000,2026-03-15 07:26:08.630,41,17.0,False,,False,False,133.423,133.423
713,0 days 01:22:25.603000,HAD,6,0 days 00:01:39.331000,14.0,3.0,,,25.781,30.923,42.627,0 days 01:21:12.110000,0 days 01:21:43.033000,0 days 01:22:25.660000,304.0,273.0,272.0,332.0,False,HARD,4.0,True,Red Bull Racing,0 days 01:20:46.272000,2026-03-15 07:28:22.053,1,14.0,False,,False,True,99.331,99.33099999999999
714,0 days 01:24:04.764000,HAD,6,0 days 00:01:39.161000,15.0,3.0,,,26.347,30.28,42.534,0 days 01:22:52.007000,0 days 01:23:22.287000,0 days 01:24:04.821000,276.0,268.0,271.0,335.0,False,HARD,5.0,True,Red Bull Racing,0 days 01:22:25.603000,2026-03-15 07:30:01.384,1,14.0,False,,False,True,99.161,99.161
715,0 days 01:25:44.453000,HAD,6,0 days 00:01:39.689000,16.0,3.0,,,26.493,30.629,42.567,0 days 01:24:31.314000,0 days 01:25:01.943000,0 days 01:25:44.510000,275.0,266.0,276.0,325.0,False,HARD,6.0,True,Red Bull Racing,0 days 01:24:04.764000,2026-03-15 07:31:40.545,1,14.0,False,,False,True,99.689,99.689
716,0 days 01:27:23.405000,HAD,6,0 days 00:01:38.952000,17.0,3.0,,,26.03,30.493,42.429,0 days 01:26:10.540000,0 days 01:26:41.033000,0 days 01:27:23.462000,274.0,265.0,276.0,328.0,False,HARD,7.0,True,Red Bull Racing,0 days 01:25:44.453000,2026-03-15 07:33:20.234,12,14.0,False,,False,True,98.952,98.952
717,0 days 01:29:02.228000,HAD,6,0 days 00:01:38.823000,18.0,3.0,,,26.093,30.299,42.431,0 days 01:27:49.555000,0 days 01:28:19.854000,0 days 01:29:02.285000,276.0,268.0,276.0,335.0,False,HARD,8.0,True,Red Bull Racing,0 days 01:27:23.405000,2026-03-15 07:34:59.186,21,14.0,False,,False,True,98.823,98.823
718,0 days 01:30:40.985000,HAD,6,0 days 00:01:38.757000,19.0,3.0,,,26.126,30.277,42.354,0 days 01:29:28.411000,0 days 01:29:58.688000,0 days 01:30:41.042000,277.0,268.0,276.0,333.0,False,HARD,9.0,True,Red Bull Racing,0 days 01:29:02.228000,2026-03-15 07:36:38.009,1,14.0,False,,False,True,98.757,98.757
719,0 days 01:32:20.254000,HAD,6,0 days 00:01:39.269000,20.0,3.0,,,26.351,30.424,42.494,0 days 01:31:07.393000,0 days 01:31:37.817000,0 days 01:32:20.311000,265.0,267.0,278.0,344.0,False,HARD,10.0,True,Red Bull Racing,0 days 01:30:40.985000,2026-03-15 07:38:16.766,1,14.0,False,,False,True,99.269,99.269
720,0 days 01:33:59.387000,HAD,6,0 days 00:01:39.133000,21.0,3.0,,,26.629,30.22,42.284,0 days 01:32:46.940000,0 days 01:33:17.160000,0 days 01:33:59.444000,276.0,267.0,277.0,339.0,False,HARD,11.0,True,Red Bull Racing,0 days 01:32:20.254000,2026-03-15 07:39:56.035,1,14.0,False,,False,True,99.133,99.13300000000001
721,0 days 01:35:37.779000,HAD,6,0 days 00:01:38.392000,22.0,3.0,,,26.049,30.045,42.298,0 days 01:34:25.493000,0 days 01:34:55.538000,0 days 01:35:37.836000,266.0,268.0,276.0,328.0,False,HARD,12.0,True,Red Bull Racing,0 days 01:33:59.387000,2026-03-15 07:41:35.168,1,13.0,False,,False,True,98.392,98.392
722,0 days 01:37:16.216000,HAD,6,0 days 00:01:38.437000,23.0,3.0,,,26.086,30.19,42.161,0 days 01:36:03.922000,0 days 01:36:34.112000,0 days 01:37:16.273000,277.0,268.0,276.0,338.0,False,HARD,13.0,True,Red Bull Racing,0 days 01:35:37.779000,2026-03-15 07:43:13.560,1,13.0,False,,False,True,98.437,98.437
723,0 days 01:38:55.096000,HAD,6,0 days 00:01:38.880000,24.0,3.0,,,26.12,30.186,42.574,0 days 01:37:42.393000,0 days 01:38:12.579000,0 days 01:38:55.153000,270.0,269.0,275.0,339.0,False,HARD,14.0,True,Red Bull Racing,0 days 01:37:16.216000,2026-03-15 07:44:51.997,1,13.0,False,,False,True,98.88,98.88
724,0 days 01:40:33.713000,HAD,6,0 days 00:01:38.617000,25.0,3.0,,,26.148,30.262,42.207,0 days 01:39:21.301000,0 days 01:39:51.563000,0 days 01:40:33.770000,273.0,267.0,274.0,334.0,False,HARD,15.0,True,Red Bull Racing,0 days 01:38:55.096000,2026-03-15 07:46:30.877,1,12.0,False,,False,True,98.617,98.61699999999999
725,0 days 01:42:12.087000,HAD,6,0 days 00:01:38.374000,26.0,3.0,,,26.077,30.008,42.289,0 days 01:40:59.847000,0 days 01:41:29.855000,0 days 01:42:12.144000,265.0,262.0,275.0,312.0,False,HARD,16.0,True,Red Bull Racing,0 days 01:40:33.713000,2026-03-15 07:48:09.494,1,12.0,False,,False,True,98.374,98.374
726,0 days 01:43:50.380000,HAD,6,0 days 00:01:38.293000,27.0,3.0,,,26.017,30.018,42.258,0 days 01:42:38.161000,0 days 01:43:08.179000,0 days 01:43:50.437000,269.0,265.0,275.0,316.0,False,HARD,17.0,True,Red Bull Racing,0 days 01:42:12.087000,2026-03-15 07:49:47.868,12,12.0,False,,False,True,98.293,98.293
727,0 days 01:45:28.739000,HAD,6,0 days 00:01:38.359000,28.0,3.0,,,26.171,29.952,42.236,0 days 01:44:16.608000,0 days 01:44:46.560000,0 days 01:45:28.796000,271.0,261.0,277.0,316.0,False,HARD,18.0,True,Red Bull Racing,0 days 01:43:50.380000,2026-03-15 07:51:26.161,1,12.0,False,,False,True,98.359,98.35900000000001
728,0 days 01:47:06.821000,HAD,6,0 days 00:01:38.082000,29.0,3.0,,,25.909,29.942,42.231,0 days 01:45:54.705000,0 days 01:46:24.647000,0 days 01:47:06.878000,273.0,263.0,276.0,322.0,True,HARD,19.0,True,Red Bull Racing,0 days 01:45:28.739000,2026-03-15 07:53:04.520,1,11.0,False,,False,True,98.082,98.082
729,0 days 01:48:44.740000,HAD,6,0 days 00:01:37.919000,30.0,3.0,,,25.896,29.857,42.166,0 days 01:47:32.774000,0 days 01:48:02.631000,0 days 01:48:44.797000,271.0,263.0,277.0,322.0,True,HARD,20.0,True,Red Bull Racing,0 days 01:47:06.821000,2026-03-15 07:54:42.602,1,11.0,False,,False,True,97.919,97.919
730,0 days 01:50:22.608000,HAD,6,0 days 00:01:37.868000,31.0,3.0,,,25.822,29.932,42.114,0 days 01:49:10.619000,0 days 01:49:40.551000,0 days 01:50:22.665000,272.0,266.0,278.0,321.0,True,HARD,21.0,True,Red Bull Racing,0 days 01:48:44.740000,2026-03-15 07:56:20.521,1,11.0,False,,False,True,97.868,97.868
731,0 days 01:52:00.697000,HAD,6,0 days 00:01:38.089000,32.0,3.0,,,25.935,29.982,42.172,0 days 01:50:48.600000,0 days 01:51:18.582000,0 days 01:52:00.754000,272.0,264.0,278.0,323.0,False,HARD,22.0,True,Red Bull Racing,0 days 01:50:22.608000,2026-03-15 07:57:58.389,1,10.0,False,,False,True,98.089,98.089
732,0 days 01:53:38.518000,HAD,6,0 days 00:01:37.821000,33.0,3.0,,,25.888,29.878,42.055,0 days 01:52:26.642000,0 days 01:52:56.520000,0 days 01:53:38.575000,274.0,262.0,276.0,326.0,True,HARD,23.0,True,Red Bull Racing,0 days 01:52:00.697000,2026-03-15 07:59:36.478,12,10.0,False,,False,True,97.821,97.821
733,0 days 01:55:16.557000,HAD,6,0 days 00:01:38.039000,34.0,3.0,,,26.086,29.809,42.144,0 days 01:54:04.661000,0 days 01:54:34.470000,0 days 01:55:16.614000,272.0,266.0,276.0,326.0,False,HARD,24.0,True,Red Bull Racing,0 days 01:53:38.518000,2026-03-15 08:01:14.299,1,10.0,False,,False,True,98.039,98.03899999999999
734,0 days 01:56:54.495000,HAD,6,0 days 00:01:37.938000,35.0,3.0,,,25.979,29.739,42.22,0 days 01:55:42.593000,0 days 01:56:12.332000,0 days 01:56:54.552000,273.0,269.0,276.0,320.0,False,HARD,25.0,True,Red Bull Racing,0 days 01:55:16.557000,2026-03-15 08:02:52.338,1,9.0,False,,False,True,97.938,97.938
735,0 days 01:58:32.249000,HAD,6,0 days 00:01:37.754000,36.0,3.0,,,25.797,29.839,42.118,0 days 01:57:20.349000,0 days 01:57:50.188000,0 days 01:58:32.306000,275.0,267.0,277.0,322.0,True,HARD,26.0,True,Red Bull Racing,0 days 01:56:54.495000,2026-03-15 08:04:30.276,1,9.0,False,,False,True,97.754,97.75399999999999
736,0 days 02:00:10.091000,HAD,6,0 days 00:01:37.842000,37.0,3.0,,,25.927,29.847,42.068,0 days 01:58:58.233000,0 days 01:59:28.080000,0 days 02:00:10.148000,278.0,266.0,276.0,331.0,False,HARD,27.0,True,Red Bull Racing,0 days 01:58:32.249000,2026-03-15 08:06:08.030,1,9.0,False,,False,True,97.842,97.842
737,0 days 02:01:47.670000,HAD,6,0 days 00:01:37.579000,38.0,3.0,,,25.797,29.802,41.98,0 days 02:00:35.945000,0 days 02:01:05.747000,0 days 02:01:47.727000,278.0,268.0,278.0,322.0,True,HARD,28.0,True,Red Bull Racing,0 days 02:00:10.091000,2026-03-15 08:07:45.872,1,9.0,False,,False,True,97.579,97.57900000000001
738,0 days 02:03:25.323000,HAD,6,0 days 00:01:37.653000,39.0,3.0,,,25.952,29.79,41.911,0 days 02:02:13.679000,0 days 02:02:43.469000,0 days 02:03:25.380000,278.0,268.0,279.0,323.0,False,HARD,29.0,True,Red Bull Racing,0 days 02:01:47.670000,2026-03-15 08:09:23.451,1,9.0,False,,False,True,97.653,97.653
739,0 days 02:05:03.258000,HAD,6,0 days 00:01:37.935000,40.0,3.0,,,26.096,29.716,42.123,0 days 02:03:51.476000,0 days 02:04:21.192000,0 days 02:05:03.315000,274.0,267.0,277.0,328.0,False,HARD,30.0,True,Red Bull Racing,0 days 02:03:25.323000,2026-03-15 08:11:01.104,1,9.0,False,,False,True,97.935,97.935
740,0 days 02:06:41.181000,HAD,6,0 days 00:01:37.923000,41.0,3.0,,,25.778,30.072,42.073,0 days 02:05:29.093000,0 days 02:05:59.165000,0 days 02:06:41.238000,276.0,268.0,279.0,316.0,False,HARD,31.0,True,Red Bull Racing,0 days 02:05:03.258000,2026-03-15 08:12:39.039,1,9.0,False,,False,True,97.923,97.923
741,0 days 02:08:18.534000,HAD,6,0 days 00:01:37.353000,42.0,3.0,,,25.707,29.704,41.942,0 days 02:07:06.945000,0 days 02:07:36.649000,0 days 02:08:18.591000,280.0,266.0,279.0,319.0,True,HARD,32.0,True,Red Bull Racing,0 days 02:06:41.181000,2026-03-15 08:14:16.962,1,9.0,False,,False,True,97.353,97.35300000000001
742,0 days 02:09:56.181000,HAD,6,0 days 00:01:37.647000,43.0,3.0,,,25.835,29.812,42.0,0 days 02:08:44.426000,0 days 02:09:14.238000,0 days 02:09:56.238000,283.0,266.0,279.0,318.0,False,HARD,33.0,True,Red Bull Racing,0 days 02:08:18.534000,2026-03-15 08:15:54.315,1,9.0,False,,False,True,97.647,97.647
743,0 days 02:11:33.540000,HAD,6,0 days 00:01:37.359000,44.0,3.0,,,25.8,29.701,41.858,0 days 02:10:22.038000,0 days 02:10:51.739000,0 days 02:11:33.597000,276.0,267.0,281.0,320.0,False,HARD,34.0,True,Red Bull Racing,0 days 02:09:56.181000,2026-03-15 08:17:31.962,1,9.0,False,,False,True,97.359,97.35900000000001
744,0 days 02:13:11.156000,HAD,6,0 days 00:01:37.616000,45.0,3.0,,,25.79,29.742,42.084,0 days 02:11:59.387000,0 days 02:12:29.129000,0 days 02:13:11.213000,279.0,267.0,279.0,320.0,False,HARD,35.0,True,Red Bull Racing,0 days 02:11:33.540000,2026-03-15 08:19:09.321,1,8.0,False,,False,True,97.616,97.616
745,0 days 02:14:48.467000,HAD,6,0 days 00:01:37.311000,46.0,3.0,,,25.711,29.636,41.964,0 days 02:13:36.924000,0 days 02:14:06.560000,0 days 02:14:48.524000,276.0,291.0,272.0,320.0,True,HARD,36.0,True,Red Bull Racing,0 days 02:13:11.156000,2026-03-15 08:20:46.937,1,8.0,False,,False,True,97.311,97.31099999999999
746,0 days 02:16:26.672000,HAD,6,0 days 00:01:38.205000,47.0,3.0,,,25.938,30.263,42.004,0 days 02:15:14.462000,0 days 02:15:44.725000,0 days 02:16:26.729000,276.0,269.0,275.0,326.0,False,HARD,37.0,True,Red Bull Racing,0 days 02:14:48.467000,2026-03-15 08:22:24.248,1,8.0,False,,False,True,98.205,98.205
747,0 days 02:18:04.678000,HAD,6,0 days 00:01:38.006000,48.0,3.0,,,26.038,29.769,42.199,0 days 02:16:52.767000,0 days 02:17:22.536000,0 days 02:18:04.735000,274.0,266.0,278.0,316.0,False,HARD,38.0,True,Red Bull Racing,0 days 02:16:26.672000,2026-03-15 08:24:02.453,1,8.0,False,,False,True,98.006,98.006
748,0 days 02:19:42.508000,HAD,6,0 days 00:01:37.830000,49.0,3.0,,,25.964,29.805,42.061,0 days 02:18:30.699000,0 days 02:19:00.504000,0 days 02:19:42.565000,274.0,264.0,278.0,315.0,False,HARD,39.0,True,Red Bull Racing,0 days 02:18:04.678000,2026-03-15 08:25:40.459,1,8.0,False,,False,True,97.83,97.83
749,0 days 02:21:20.197000,HAD,6,0 days 00:01:37.689000,50.0,3.0,,,25.851,29.612,42.226,0 days 02:20:08.416000,0 days 02:20:38.028000,0 days 02:21:20.254000,276.0,266.0,278.0,315.0,False,HARD,40.0,True,Red Bull Racing,0 days 02:19:42.508000,2026-03-15 08:27:18.289,1,8.0,False,,False,True,97.689,97.689
750,0 days 02:22:58.200000,HAD,6,0 days 00:01:38.003000,51.0,3.0,,,26.056,29.885,42.062,0 days 02:21:46.310000,0 days 02:22:16.195000,0 days 02:22:58.257000,275.0,265.0,279.0,314.0,False,HARD,41.0,True,Red Bull Racing,0 days 02:21:20.197000,2026-03-15 08:28:55.978,1,8.0,False,,False,True,98.003,98.003
751,0 days 02:24:36.005000,HAD,6,0 days 00:01:37.805000,52.0,3.0,,,25.92,29.761,42.124,0 days 02:23:24.177000,0 days 02:23:53.938000,0 days 02:24:36.062000,274.0,267.0,278.0,319.0,False,HARD,42.0,True,Red Bull Racing,0 days 02:22:58.200000,2026-03-15 08:30:33.981,1,8.0,False,,False,True,97.805,97.805
752,0 days 02:26:13.942000,HAD,6,0 days 00:01:37.937000,53.0,3.0,,,25.918,29.894,42.125,0 days 02:25:01.980000,0 days 02:25:31.874000,0 days 02:26:13.999000,273.0,267.0,279.0,320.0,False,HARD,43.0,True,Red Bull Racing,0 days 02:24:36.005000,2026-03-15 08:32:11.786,12,8.0,False,,False,True,97.937,97.937
753,0 days 02:27:51.867000,HAD,6,0 days 00:01:37.925000,54.0,3.0,,,25.849,29.807,42.269,0 days 02:26:39.848000,0 days 02:27:09.655000,0 days 02:27:51.924000,275.0,265.0,276.0,323.0,False,HARD,44.0,True,Red Bull Racing,0 days 02:26:13.942000,2026-03-15 08:33:49.723,1,8.0,False,,False,True,97.925,97.925
754,0 days 02:29:29.665000,HAD,6,0 days 00:01:37.798000,55.0,3.0,,,25.992,29.655,42.151,0 days 02:28:17.916000,0 days 02:28:47.571000,0 days 02:29:29.722000,274.0,264.0,278.0,322.0,False,HARD,45.0,True,Red Bull Racing,0 days 02:27:51.867000,2026-03-15 08:35:27.648,1,8.0,False,,False,True,97.798,97.798
755,0 days 02:31:07.209000,HAD,6,0 days 00:01:37.544000,56.0,3.0,,,25.764,29.704,42.076,0 days 02:29:55.486000,0 days 02:30:25.190000,0 days 02:31:07.266000,273.0,266.0,278.0,320.0,False,HARD,46.0,True,Red Bull Racing,0 days 02:29:29.665000,2026-03-15 08:37:05.446,1,8.0,False,,False,True,97.544,97.54400000000001
756,0 days 00:58:06.127000,RUS,63,0 days 00:01:41.815000,1.0,1.0,,,,30.136,42.534,,0 days 00:57:23.761000,0 days 00:58:06.322000,294.0,267.0,267.0,320.0,False,MEDIUM,1.0,True,Mercedes,0 days 00:56:24.050000,2026-03-15 07:03:59.831,12,4.0,False,,False,False,101.815,
757,0 days 00:59:44.202000,RUS,63,0 days 00:01:38.075000,2.0,1.0,,,26.022,29.719,42.334,0 days 00:58:32.180000,0 days 00:59:01.899000,0 days 00:59:44.233000,276.0,264.0,276.0,318.0,True,MEDIUM,2.0,True,Mercedes,0 days 00:58:06.127000,2026-03-15 07:05:41.908,1,4.0,False,,False,True,98.075,98.075
758,0 days 01:01:22.327000,RUS,63,0 days 00:01:38.125000,3.0,1.0,,,25.645,29.98,42.5,0 days 01:00:09.878000,0 days 01:00:39.858000,0 days 01:01:22.358000,275.0,261.0,277.0,310.0,False,MEDIUM,3.0,True,Mercedes,0 days 00:59:44.202000,2026-03-15 07:07:19.983,1,3.0,False,,False,True,98.125,98.125
759,0 days 01:02:59.420000,RUS,63,0 days 00:01:37.093000,4.0,1.0,,,25.403,29.242,42.448,0 days 01:01:47.761000,0 days 01:02:17.003000,0 days 01:02:59.451000,272.0,262.0,275.0,311.0,True,MEDIUM,4.0,True,Mercedes,0 days 01:01:22.327000,2026-03-15 07:08:58.108,1,2.0,False,,False,True,97.093,97.09299999999999
760,0 days 01:04:36.882000,RUS,63,0 days 00:01:37.462000,5.0,1.0,,,25.552,29.402,42.508,0 days 01:03:25.003000,0 days 01:03:54.405000,0 days 01:04:36.913000,268.0,259.0,258.0,311.0,False,MEDIUM,5.0,True,Mercedes,0 days 01:02:59.420000,2026-03-15 07:10:35.201,1,2.0,False,,False,True,97.462,97.462
761,0 days 01:06:14.257000,RUS,63,0 days 00:01:37.375000,6.0,1.0,,,25.979,29.391,42.005,0 days 01:05:02.892000,0 days 01:05:32.283000,0 days 01:06:14.288000,273.0,261.0,269.0,318.0,False,MEDIUM,6.0,True,Mercedes,0 days 01:04:36.882000,2026-03-15 07:12:12.663,1,2.0,False,,False,True,97.375,97.375
762,0 days 01:07:51.640000,RUS,63,0 days 00:01:37.383000,7.0,1.0,,,25.975,29.362,42.046,0 days 01:06:40.263000,0 days 01:07:09.625000,0 days 01:07:51.671000,271.0,258.0,271.0,313.0,False,MEDIUM,7.0,True,Mercedes,0 days 01:06:14.257000,2026-03-15 07:13:50.038,1,2.0,False,,False,True,97.383,97.38300000000001
763,0 days 01:09:28.906000,RUS,63,0 days 00:01:37.266000,8.0,1.0,,,25.949,29.355,41.962,0 days 01:08:17.620000,0 days 01:08:46.975000,0 days 01:09:28.937000,271.0,257.0,269.0,316.0,False,MEDIUM,8.0,True,Mercedes,0 days 01:07:51.640000,2026-03-15 07:15:27.421,1,2.0,False,,False,True,97.266,97.266
764,0 days 01:11:06.167000,RUS,63,0 days 00:01:37.261000,9.0,1.0,,,25.861,29.513,41.887,0 days 01:09:54.798000,0 days 01:10:24.311000,0 days 01:11:06.198000,272.0,258.0,264.0,331.0,False,MEDIUM,9.0,True,Mercedes,0 days 01:09:28.906000,2026-03-15 07:17:04.687,1,2.0,False,,False,True,97.261,97.261
765,0 days 01:12:58.946000,RUS,63,0 days 00:01:52.779000,10.0,1.0,,0 days 01:12:57.297000,25.923,29.617,57.239,0 days 01:11:32.121000,0 days 01:12:01.738000,0 days 01:12:58.977000,271.0,256.0,,317.0,False,MEDIUM,10.0,True,Mercedes,0 days 01:11:06.167000,2026-03-15 07:18:41.948,124,2.0,False,,False,False,112.779,112.779
766,0 days 01:15:41.722000,RUS,63,,11.0,2.0,0 days 01:13:20.674000,,55.148,43.483,64.092,0 days 01:13:54.302000,0 days 01:14:37.768000,0 days 01:15:41.915000,135.0,197.0,224.0,232.0,False,HARD,1.0,True,Mercedes,0 days 01:12:58.946000,2026-03-15 07:20:34.727,4,4.0,False,,False,False,,162.723
767,0 days 01:18:11.389000,RUS,63,0 days 00:02:29.667000,12.0,2.0,,,43.86,42.726,63.081,0 days 01:16:25.613000,0 days 01:17:08.339000,0 days 01:18:11.420000,118.0,206.0,220.0,216.0,False,HARD,2.0,True,Mercedes,0 days 01:15:41.722000,2026-03-15 07:23:17.503,4,4.0,False,,False,False,149.667,149.667
768,0 days 01:20:40.669000,RUS,63,0 days 00:02:29.280000,13.0,2.0,,,37.664,43.955,67.661,0 days 01:18:49.084000,0 days 01:19:33.039000,0 days 01:20:40.700000,146.0,130.0,268.0,164.0,False,HARD,3.0,True,Mercedes,0 days 01:18:11.389000,2026-03-15 07:25:47.170,41,4.0,False,,False,False,149.28,149.28
769,0 days 01:22:21.257000,RUS,63,0 days 00:01:40.588000,14.0,2.0,,,26.305,31.086,43.197,0 days 01:21:07.005000,0 days 01:21:38.091000,0 days 01:22:21.288000,304.0,260.0,253.0,321.0,False,HARD,4.0,True,Mercedes,0 days 01:20:40.669000,2026-03-15 07:28:16.450,1,5.0,False,,False,True,100.588,100.588
770,0 days 01:24:00.167000,RUS,63,0 days 00:01:38.910000,15.0,2.0,,,25.968,30.345,42.597,0 days 01:22:47.256000,0 days 01:23:17.601000,0 days 01:24:00.198000,305.0,260.0,272.0,335.0,False,HARD,5.0,True,Mercedes,0 days 01:22:21.257000,2026-03-15 07:29:57.038,1,6.0,False,,False,True,98.91,98.91
771,0 days 01:25:37.699000,RUS,63,0 days 00:01:37.532000,16.0,2.0,,,25.573,29.819,42.14,0 days 01:24:25.771000,0 days 01:24:55.590000,0 days 01:25:37.730000,305.0,260.0,262.0,328.0,False,HARD,6.0,True,Mercedes,0 days 01:24:00.167000,2026-03-15 07:31:35.948,1,4.0,False,,False,True,97.532,97.532
772,0 days 01:27:14.119000,RUS,63,0 days 00:01:36.420000,17.0,2.0,,,25.657,29.134,41.629,0 days 01:26:03.387000,0 days 01:26:32.521000,0 days 01:27:14.150000,278.0,263.0,273.0,320.0,True,HARD,7.0,True,Mercedes,0 days 01:25:37.699000,2026-03-15 07:33:13.480,1,4.0,False,,False,True,96.42,96.41999999999999
773,0 days 01:28:50.432000,RUS,63,0 days 00:01:36.313000,18.0,2.0,,,25.492,29.18,41.641,0 days 01:27:39.642000,0 days 01:28:08.822000,0 days 01:28:50.463000,274.0,261.0,273.0,322.0,True,HARD,8.0,True,Mercedes,0 days 01:27:14.119000,2026-03-15 07:34:49.900,12,4.0,False,,False,True,96.313,96.31299999999999
774,0 days 01:30:27.100000,RUS,63,0 days 00:01:36.668000,19.0,2.0,,,25.565,29.149,41.954,0 days 01:29:16.028000,0 days 01:29:45.177000,0 days 01:30:27.131000,278.0,268.0,278.0,315.0,False,HARD,9.0,True,Mercedes,0 days 01:28:50.432000,2026-03-15 07:36:26.213,1,4.0,False,,False,True,96.668,96.668
775,0 days 01:32:03.717000,RUS,63,0 days 00:01:36.617000,20.0,2.0,,,25.365,29.318,41.934,0 days 01:30:52.496000,0 days 01:31:21.814000,0 days 01:32:03.748000,282.0,269.0,280.0,323.0,False,HARD,10.0,True,Mercedes,0 days 01:30:27.100000,2026-03-15 07:38:02.881,1,4.0,False,,False,True,96.617,96.61699999999999
776,0 days 01:33:40.380000,RUS,63,0 days 00:01:36.663000,21.0,2.0,,,25.152,29.631,41.88,0 days 01:32:28.900000,0 days 01:32:58.531000,0 days 01:33:40.411000,307.0,262.0,267.0,333.0,False,HARD,11.0,True,Mercedes,0 days 01:32:03.717000,2026-03-15 07:39:39.498,1,4.0,False,,False,True,96.663,96.66300000000001
777,0 days 01:35:17.274000,RUS,63,0 days 00:01:36.894000,22.0,2.0,,,25.733,29.398,41.763,0 days 01:34:06.144000,0 days 01:34:35.542000,0 days 01:35:17.305000,278.0,264.0,271.0,332.0,False,HARD,12.0,True,Mercedes,0 days 01:33:40.380000,2026-03-15 07:41:16.161,1,4.0,False,,False,True,96.894,96.894
778,0 days 01:36:53.835000,RUS,63,0 days 00:01:36.561000,23.0,2.0,,,25.608,29.286,41.667,0 days 01:35:42.913000,0 days 01:36:12.199000,0 days 01:36:53.866000,280.0,268.0,274.0,333.0,False,HARD,13.0,True,Mercedes,0 days 01:35:17.274000,2026-03-15 07:42:53.055,1,4.0,False,,False,True,96.561,96.561
779,0 days 01:38:31.280000,RUS,63,0 days 00:01:37.445000,24.0,2.0,,,25.578,29.504,42.363,0 days 01:37:19.444000,0 days 01:37:48.948000,0 days 01:38:31.311000,282.0,264.0,272.0,345.0,False,HARD,14.0,True,Mercedes,0 days 01:36:53.835000,2026-03-15 07:44:29.616,1,4.0,False,,False,True,97.445,97.445
780,0 days 01:40:09.343000,RUS,63,0 days 00:01:38.063000,25.0,2.0,,,25.825,30.062,42.176,0 days 01:38:57.136000,0 days 01:39:27.198000,0 days 01:40:09.374000,278.0,262.0,279.0,316.0,False,HARD,15.0,True,Mercedes,0 days 01:38:31.280000,2026-03-15 07:46:07.061,1,4.0,False,,False,True,98.063,98.063
781,0 days 01:41:46.530000,RUS,63,0 days 00:01:37.187000,26.0,2.0,,,25.598,29.588,42.001,0 days 01:40:34.972000,0 days 01:41:04.560000,0 days 01:41:46.561000,283.0,265.0,276.0,323.0,False,HARD,16.0,True,Mercedes,0 days 01:40:09.343000,2026-03-15 07:47:45.124,1,4.0,False,,False,True,97.187,97.187
782,0 days 01:43:24.301000,RUS,63,0 days 00:01:37.771000,27.0,2.0,,,25.857,29.554,42.36,0 days 01:42:12.418000,0 days 01:42:41.972000,0 days 01:43:24.332000,284.0,283.0,269.0,327.0,False,HARD,17.0,True,Mercedes,0 days 01:41:46.530000,2026-03-15 07:49:22.311,1,3.0,False,,False,True,97.771,97.771
783,0 days 01:45:01.272000,RUS,63,0 days 00:01:36.971000,28.0,2.0,,,25.686,29.334,41.951,0 days 01:43:50.018000,0 days 01:44:19.352000,0 days 01:45:01.303000,279.0,264.0,274.0,329.0,False,HARD,18.0,True,Mercedes,0 days 01:43:24.301000,2026-03-15 07:51:00.082,12,3.0,False,,False,True,96.971,96.971
784,0 days 01:46:37.430000,RUS,63,0 days 00:01:36.158000,29.0,2.0,,,25.614,29.227,41.317,0 days 01:45:26.917000,0 days 01:45:56.144000,0 days 01:46:37.461000,276.0,262.0,272.0,326.0,True,HARD,19.0,True,Mercedes,0 days 01:45:01.272000,2026-03-15 07:52:37.053,1,2.0,False,,False,True,96.158,96.158
785,0 days 01:48:13.868000,RUS,63,0 days 00:01:36.438000,30.0,2.0,,,25.67,29.158,41.61,0 days 01:47:03.131000,0 days 01:47:32.289000,0 days 01:48:13.899000,271.0,258.0,274.0,309.0,False,HARD,20.0,True,Mercedes,0 days 01:46:37.430000,2026-03-15 07:54:13.211,1,2.0,False,,False,True,96.438,96.438
786,0 days 01:49:50.075000,RUS,63,0 days 00:01:36.207000,31.0,2.0,,,25.564,29.099,41.544,0 days 01:48:39.463000,0 days 01:49:08.562000,0 days 01:49:50.106000,270.0,258.0,273.0,311.0,False,HARD,21.0,True,Mercedes,0 days 01:48:13.868000,2026-03-15 07:55:49.649,1,2.0,False,,False,True,96.207,96.207
787,0 days 01:51:26.052000,RUS,63,0 days 00:01:35.977000,32.0,2.0,,,25.491,29.035,41.451,0 days 01:50:15.597000,0 days 01:50:44.632000,0 days 01:51:26.083000,272.0,258.0,275.0,314.0,True,HARD,22.0,True,Mercedes,0 days 01:49:50.075000,2026-03-15 07:57:25.856,1,2.0,False,,False,True,95.977,95.977
788,0 days 01:53:02.159000,RUS,63,0 days 00:01:36.107000,33.0,2.0,,,25.48,29.175,41.452,0 days 01:51:51.563000,0 days 01:52:20.738000,0 days 01:53:02.190000,271.0,258.0,273.0,313.0,False,HARD,23.0,True,Mercedes,0 days 01:51:26.052000,2026-03-15 07:59:01.833,12,2.0,False,,False,True,96.107,96.107
789,0 days 01:54:38.011000,RUS,63,0 days 00:01:35.852000,34.0,2.0,,,25.489,28.955,41.408,0 days 01:53:27.679000,0 days 01:53:56.634000,0 days 01:54:38.042000,273.0,259.0,274.0,313.0,True,HARD,24.0,True,Mercedes,0 days 01:53:02.159000,2026-03-15 08:00:37.940,1,2.0,False,,False,True,95.852,95.852
790,0 days 01:56:14.173000,RUS,63,0 days 00:01:36.162000,35.0,2.0,,,25.461,29.197,41.504,0 days 01:55:03.503000,0 days 01:55:32.700000,0 days 01:56:14.204000,273.0,258.0,273.0,309.0,False,HARD,25.0,True,Mercedes,0 days 01:54:38.011000,2026-03-15 08:02:13.792,1,2.0,False,,False,True,96.162,96.162
791,0 days 01:57:50.087000,RUS,63,0 days 00:01:35.914000,36.0,2.0,,,25.435,28.945,41.534,0 days 01:56:39.639000,0 days 01:57:08.584000,0 days 01:57:50.118000,273.0,261.0,274.0,311.0,False,HARD,26.0,True,Mercedes,0 days 01:56:14.173000,2026-03-15 08:03:49.954,1,2.0,False,,False,True,95.914,95.91399999999999
792,0 days 01:59:25.618000,RUS,63,0 days 00:01:35.531000,37.0,2.0,,,25.377,28.827,41.327,0 days 01:58:15.495000,0 days 01:58:44.322000,0 days 01:59:25.649000,273.0,261.0,275.0,313.0,True,HARD,27.0,True,Mercedes,0 days 01:57:50.087000,2026-03-15 08:05:25.868,1,2.0,False,,False,True,95.531,95.531
793,0 days 02:01:01.147000,RUS,63,0 days 00:01:35.529000,38.0,2.0,,,25.305,28.918,41.306,0 days 01:59:50.954000,0 days 02:00:19.872000,0 days 02:01:01.178000,273.0,260.0,276.0,312.0,True,HARD,28.0,True,Mercedes,0 days 01:59:25.618000,2026-03-15 08:07:01.399,1,2.0,False,,False,True,95.529,95.529
794,0 days 02:02:36.644000,RUS,63,0 days 00:01:35.497000,39.0,2.0,,,25.323,28.804,41.37,0 days 02:01:26.501000,0 days 02:01:55.305000,0 days 02:02:36.675000,274.0,261.0,275.0,313.0,True,HARD,29.0,True,Mercedes,0 days 02:01:01.147000,2026-03-15 08:08:36.928,1,2.0,False,,False,True,95.497,95.49699999999999
795,0 days 02:04:12.280000,RUS,63,0 days 00:01:35.636000,40.0,2.0,,,25.393,28.845,41.398,0 days 02:03:02.068000,0 days 02:03:30.913000,0 days 02:04:12.311000,273.0,261.0,274.0,313.0,False,HARD,30.0,True,Mercedes,0 days 02:02:36.644000,2026-03-15 08:10:12.425,1,2.0,False,,False,True,95.636,95.636
796,0 days 02:05:47.921000,RUS,63,0 days 00:01:35.641000,41.0,2.0,,,25.306,28.877,41.458,0 days 02:04:37.617000,0 days 02:05:06.494000,0 days 02:05:47.952000,277.0,261.0,278.0,321.0,False,HARD,31.0,True,Mercedes,0 days 02:04:12.280000,2026-03-15 08:11:48.061,1,2.0,False,,False,True,95.641,95.64099999999999
797,0 days 02:07:24.582000,RUS,63,0 days 00:01:36.661000,42.0,2.0,,,25.516,29.312,41.833,0 days 02:06:13.468000,0 days 02:06:42.780000,0 days 02:07:24.613000,281.0,263.0,274.0,314.0,False,HARD,32.0,True,Mercedes,0 days 02:05:47.921000,2026-03-15 08:13:23.702,1,2.0,False,,False,True,96.661,96.661
798,0 days 02:09:00.226000,RUS,63,0 days 00:01:35.644000,43.0,2.0,,,25.363,28.902,41.379,0 days 02:07:49.976000,0 days 02:08:18.878000,0 days 02:09:00.257000,277.0,260.0,275.0,308.0,False,HARD,33.0,True,Mercedes,0 days 02:07:24.582000,2026-03-15 08:15:00.363,1,2.0,False,,False,True,95.644,95.644
799,0 days 02:10:35.768000,RUS,63,0 days 00:01:35.542000,44.0,2.0,,,25.356,28.807,41.379,0 days 02:09:25.613000,0 days 02:09:54.420000,0 days 02:10:35.799000,276.0,261.0,278.0,313.0,False,HARD,34.0,True,Mercedes,0 days 02:09:00.226000,2026-03-15 08:16:36.007,1,2.0,False,,False,True,95.542,95.542
800,0 days 02:12:11.445000,RUS,63,0 days 00:01:35.677000,45.0,2.0,,,25.224,29.021,41.432,0 days 02:11:01.023000,0 days 02:11:30.044000,0 days 02:12:11.476000,276.0,262.0,277.0,325.0,False,HARD,35.0,True,Mercedes,0 days 02:10:35.768000,2026-03-15 08:18:11.549,1,2.0,False,,False,True,95.677,95.677
801,0 days 02:13:47.852000,RUS,63,0 days 00:01:36.407000,46.0,2.0,,,25.299,29.171,41.937,0 days 02:12:36.775000,0 days 02:13:05.946000,0 days 02:13:47.883000,278.0,264.0,273.0,310.0,False,HARD,36.0,True,Mercedes,0 days 02:12:11.445000,2026-03-15 08:19:47.226,1,2.0,False,,False,True,96.407,96.407
802,0 days 02:15:23.520000,RUS,63,0 days 00:01:35.668000,47.0,2.0,,,25.292,28.779,41.597,0 days 02:14:13.175000,0 days 02:14:41.954000,0 days 02:15:23.551000,275.0,260.0,275.0,313.0,False,HARD,37.0,True,Mercedes,0 days 02:13:47.852000,2026-03-15 08:21:23.633,1,2.0,False,,False,True,95.668,95.668
803,0 days 02:16:59.615000,RUS,63,0 days 00:01:36.095000,48.0,2.0,,,25.377,28.846,41.872,0 days 02:15:48.928000,0 days 02:16:17.774000,0 days 02:16:59.646000,275.0,263.0,275.0,315.0,False,HARD,38.0,True,Mercedes,0 days 02:15:23.520000,2026-03-15 08:22:59.301,1,2.0,False,,False,True,96.095,96.095
804,0 days 02:18:35.485000,RUS,63,0 days 00:01:35.870000,49.0,2.0,,,25.325,28.697,41.848,0 days 02:17:24.971000,0 days 02:17:53.668000,0 days 02:18:35.516000,275.0,258.0,275.0,308.0,False,HARD,39.0,True,Mercedes,0 days 02:16:59.615000,2026-03-15 08:24:35.396,1,2.0,False,,False,True,95.87,95.87
805,0 days 02:20:11.166000,RUS,63,0 days 00:01:35.681000,50.0,2.0,,,25.319,28.738,41.624,0 days 02:19:00.835000,0 days 02:19:29.573000,0 days 02:20:11.197000,275.0,259.0,276.0,309.0,False,HARD,40.0,True,Mercedes,0 days 02:18:35.485000,2026-03-15 08:26:11.266,1,2.0,False,,False,True,95.681,95.68100000000001
806,0 days 02:21:46.697000,RUS,63,0 days 00:01:35.531000,51.0,2.0,,,25.125,28.642,41.764,0 days 02:20:36.322000,0 days 02:21:04.964000,0 days 02:21:46.728000,276.0,259.0,275.0,309.0,False,HARD,41.0,True,Mercedes,0 days 02:20:11.166000,2026-03-15 08:27:46.947,1,2.0,False,,False,True,95.531,95.531
807,0 days 02:23:22.244000,RUS,63,0 days 00:01:35.547000,52.0,2.0,,,25.306,28.715,41.526,0 days 02:22:12.034000,0 days 02:22:40.749000,0 days 02:23:22.275000,276.0,260.0,275.0,312.0,False,HARD,42.0,True,Mercedes,0 days 02:21:46.697000,2026-03-15 08:29:22.478,1,2.0,False,,False,True,95.547,95.547
808,0 days 02:24:57.935000,RUS,63,0 days 00:01:35.691000,53.0,2.0,,,25.316,28.765,41.61,0 days 02:23:47.591000,0 days 02:24:16.356000,0 days 02:24:57.966000,275.0,261.0,277.0,315.0,False,HARD,43.0,True,Mercedes,0 days 02:23:22.244000,2026-03-15 08:30:58.025,12,2.0,False,,False,True,95.691,95.691
809,0 days 02:26:34.392000,RUS,63,0 days 00:01:36.457000,54.0,2.0,,,25.418,29.072,41.967,0 days 02:25:23.384000,0 days 02:25:52.456000,0 days 02:26:34.423000,277.0,263.0,277.0,323.0,False,HARD,44.0,True,Mercedes,0 days 02:24:57.935000,2026-03-15 08:32:33.716,1,2.0,False,,False,True,96.457,96.457
810,0 days 02:28:10.087000,RUS,63,0 days 00:01:35.695000,55.0,2.0,,,25.261,28.708,41.726,0 days 02:26:59.684000,0 days 02:27:28.392000,0 days 02:28:10.118000,274.0,260.0,275.0,309.0,False,HARD,45.0,True,Mercedes,0 days 02:26:34.392000,2026-03-15 08:34:10.173,1,2.0,False,,False,True,95.695,95.695
811,0 days 02:29:45.487000,RUS,63,0 days 00:01:35.400000,56.0,2.0,,,25.226,28.71,41.464,0 days 02:28:35.344000,0 days 02:29:04.054000,0 days 02:29:45.518000,274.0,259.0,258.0,323.0,True,HARD,46.0,True,Mercedes,0 days 02:28:10.087000,2026-03-15 08:35:45.868,1,2.0,False,,False,True,95.4,95.4
812,0 days 00:58:12.647000,BOT,77,0 days 00:01:48.335000,1.0,1.0,,,,32.177,43.908,,0 days 00:57:28.917000,0 days 00:58:12.787000,274.0,258.0,271.0,335.0,False,MEDIUM,1.0,True,Cadillac,0 days 00:56:24.050000,2026-03-15 07:03:59.831,12,14.0,False,,False,False,108.335,
813,0 days 00:59:54.248000,BOT,77,0 days 00:01:41.601000,2.0,1.0,,,26.947,31.365,43.289,0 days 00:58:39.673000,0 days 00:59:11.038000,0 days 00:59:54.327000,278.0,262.0,273.0,328.0,True,MEDIUM,2.0,True,Cadillac,0 days 00:58:12.647000,2026-03-15 07:05:48.428,1,14.0,False,,False,True,101.601,101.601
814,0 days 01:01:36.077000,BOT,77,0 days 00:01:41.829000,3.0,1.0,,,26.659,31.934,43.236,0 days 01:00:20.986000,0 days 01:00:52.920000,0 days 01:01:36.156000,273.0,249.0,272.0,327.0,False,MEDIUM,3.0,True,Cadillac,0 days 00:59:54.248000,2026-03-15 07:07:30.029,1,15.0,False,,False,True,101.829,101.82900000000001
815,0 days 01:03:16.981000,BOT,77,0 days 00:01:40.904000,4.0,1.0,,,26.761,30.962,43.181,0 days 01:02:02.917000,0 days 01:02:33.879000,0 days 01:03:17.060000,271.0,255.0,251.0,322.0,True,MEDIUM,4.0,True,Cadillac,0 days 01:01:36.077000,2026-03-15 07:09:11.858,1,15.0,False,,False,True,100.904,100.904
816,0 days 01:04:58.377000,BOT,77,0 days 00:01:41.396000,5.0,1.0,,,27.059,31.039,43.298,0 days 01:03:44.119000,0 days 01:04:15.158000,0 days 01:04:58.456000,264.0,258.0,270.0,320.0,False,MEDIUM,5.0,True,Cadillac,0 days 01:03:16.981000,2026-03-15 07:10:52.762,1,15.0,False,,False,True,101.396,101.396
817,0 days 01:06:38.655000,BOT,77,0 days 00:01:40.278000,6.0,1.0,,,26.391,30.952,42.935,0 days 01:05:24.847000,0 days 01:05:55.799000,0 days 01:06:38.734000,271.0,258.0,267.0,330.0,True,MEDIUM,6.0,True,Cadillac,0 days 01:04:58.377000,2026-03-15 07:12:34.158,1,14.0,False,,False,True,100.278,100.278
818,0 days 01:08:19.530000,BOT,77,0 days 00:01:40.875000,7.0,1.0,,,26.604,30.985,43.286,0 days 01:07:05.338000,0 days 01:07:36.323000,0 days 01:08:19.609000,263.0,253.0,266.0,315.0,False,MEDIUM,7.0,True,Cadillac,0 days 01:06:38.655000,2026-03-15 07:14:14.436,1,14.0,False,,False,True,100.875,100.875
819,0 days 01:10:00.788000,BOT,77,0 days 00:01:41.258000,8.0,1.0,,,26.882,31.015,43.361,0 days 01:08:46.491000,0 days 01:09:17.506000,0 days 01:10:00.867000,262.0,254.0,267.0,313.0,False,MEDIUM,8.0,True,Cadillac,0 days 01:08:19.530000,2026-03-15 07:15:55.311,1,14.0,False,,False,True,101.258,101.25800000000001
820,0 days 01:11:42.137000,BOT,77,0 days 00:01:41.349000,9.0,1.0,,,26.941,30.99,43.418,0 days 01:10:27.808000,0 days 01:10:58.798000,0 days 01:11:42.216000,262.0,251.0,268.0,310.0,False,MEDIUM,9.0,True,Cadillac,0 days 01:10:00.788000,2026-03-15 07:17:36.569,1,14.0,False,,False,True,101.349,101.34899999999999
821,0 days 01:13:47.268000,BOT,77,0 days 00:02:05.131000,10.0,1.0,,0 days 01:13:45.503000,26.878,35.613,62.64,0 days 01:12:09.094000,0 days 01:12:44.707000,0 days 01:13:47.347000,267.0,203.0,,252.0,False,MEDIUM,10.0,True,Cadillac,0 days 01:11:42.137000,2026-03-15 07:19:17.918,124,12.0,False,,False,False,125.131,125.131
822,0 days 01:16:24.050000,BOT,77,,11.0,2.0,0 days 01:14:13.350000,,58.486,40.93,57.367,0 days 01:14:45.920000,0 days 01:15:26.914000,0 days 01:16:24.300000,190.0,227.0,225.0,220.0,False,HARD,1.0,True,Cadillac,0 days 01:13:47.268000,2026-03-15 07:21:23.049,4,16.0,False,,False,False,,156.783
823,0 days 01:18:25.498000,BOT,77,0 days 00:02:01.448000,12.0,2.0,,,33.862,33.038,54.548,0 days 01:16:57.991000,0 days 01:17:31.029000,0 days 01:18:25.577000,267.0,234.0,220.0,180.0,False,HARD,2.0,True,Cadillac,0 days 01:16:24.050000,2026-03-15 07:23:59.831,4,15.0,False,,False,False,121.448,121.44800000000001
824,0 days 01:20:45.317000,BOT,77,0 days 00:02:19.819000,13.0,2.0,,,35.481,45.177,59.161,0 days 01:19:01.058000,0 days 01:19:46.235000,0 days 01:20:45.396000,230.0,179.0,271.0,181.0,False,HARD,3.0,True,Cadillac,0 days 01:18:25.498000,2026-03-15 07:26:01.279,41,15.0,False,,False,False,139.819,139.81900000000002
825,0 days 01:22:26.611000,BOT,77,0 days 00:01:41.294000,14.0,2.0,,,26.737,31.46,43.097,0 days 01:21:12.133000,0 days 01:21:43.593000,0 days 01:22:26.690000,278.0,274.0,273.0,332.0,False,HARD,4.0,True,Cadillac,0 days 01:20:45.317000,2026-03-15 07:28:21.098,1,15.0,False,,False,True,101.294,101.29400000000001
826,0 days 01:24:06.617000,BOT,77,0 days 00:01:40.006000,15.0,2.0,,,26.165,30.675,43.166,0 days 01:22:52.855000,0 days 01:23:23.530000,0 days 01:24:06.696000,285.0,260.0,271.0,320.0,True,HARD,5.0,True,Cadillac,0 days 01:22:26.611000,2026-03-15 07:30:02.392,1,15.0,False,,False,True,100.006,100.006
827,0 days 01:25:46.356000,BOT,77,0 days 00:01:39.739000,16.0,2.0,,,26.191,30.624,42.924,0 days 01:24:32.887000,0 days 01:25:03.511000,0 days 01:25:46.435000,281.0,258.0,270.0,317.0,True,HARD,6.0,True,Cadillac,0 days 01:24:06.617000,2026-03-15 07:31:42.398,1,15.0,False,,False,True,99.739,99.739
828,0 days 01:27:26.586000,BOT,77,0 days 00:01:40.230000,17.0,2.0,,,26.489,30.745,42.996,0 days 01:26:12.924000,0 days 01:26:43.669000,0 days 01:27:26.665000,280.0,257.0,268.0,313.0,False,HARD,7.0,True,Cadillac,0 days 01:25:46.356000,2026-03-15 07:33:22.137,12,15.0,False,,False,True,100.23,100.23
829,0 days 01:29:06.685000,BOT,77,0 days 00:01:40.099000,18.0,2.0,,,26.368,30.689,43.042,0 days 01:27:53.033000,0 days 01:28:23.722000,0 days 01:29:06.764000,277.0,258.0,268.0,316.0,False,HARD,8.0,True,Cadillac,0 days 01:27:26.586000,2026-03-15 07:35:02.367,21,15.0,False,,False,True,100.099,100.099
830,0 days 01:30:46.849000,BOT,77,0 days 00:01:40.164000,19.0,2.0,,,26.517,30.671,42.976,0 days 01:29:33.281000,0 days 01:30:03.952000,0 days 01:30:46.928000,276.0,255.0,267.0,313.0,False,HARD,9.0,True,Cadillac,0 days 01:29:06.685000,2026-03-15 07:36:42.466,1,15.0,False,,False,True,100.164,100.164
831,0 days 01:32:26.825000,BOT,77,0 days 00:01:39.976000,20.0,2.0,,,26.364,30.626,42.986,0 days 01:31:13.292000,0 days 01:31:43.918000,0 days 01:32:26.904000,275.0,257.0,268.0,310.0,False,HARD,10.0,True,Cadillac,0 days 01:30:46.849000,2026-03-15 07:38:22.630,1,15.0,False,,False,True,99.976,99.976
832,0 days 01:34:06.870000,BOT,77,0 days 00:01:40.045000,21.0,2.0,,,26.449,30.593,43.003,0 days 01:32:53.353000,0 days 01:33:23.946000,0 days 01:34:06.949000,276.0,256.0,269.0,309.0,False,HARD,11.0,True,Cadillac,0 days 01:32:26.825000,2026-03-15 07:40:02.606,1,15.0,False,,False,True,100.045,100.045
833,0 days 01:35:46.683000,BOT,77,0 days 00:01:39.813000,22.0,2.0,,,26.212,30.653,42.948,0 days 01:34:33.161000,0 days 01:35:03.814000,0 days 01:35:46.762000,276.0,256.0,270.0,307.0,False,HARD,12.0,True,Cadillac,0 days 01:34:06.870000,2026-03-15 07:41:42.651,1,15.0,False,,False,True,99.813,99.81299999999999
834,0 days 01:37:26.650000,BOT,77,0 days 00:01:39.967000,23.0,2.0,,,26.487,30.566,42.914,0 days 01:36:13.249000,0 days 01:36:43.815000,0 days 01:37:26.729000,271.0,258.0,271.0,305.0,False,HARD,13.0,True,Cadillac,0 days 01:35:46.683000,2026-03-15 07:43:22.464,1,15.0,False,,False,True,99.967,99.967
835,0 days 01:39:06.496000,BOT,77,0 days 00:01:39.846000,24.0,2.0,,,26.425,30.561,42.86,0 days 01:37:53.154000,0 days 01:38:23.715000,0 days 01:39:06.575000,272.0,256.0,271.0,307.0,False,HARD,14.0,True,Cadillac,0 days 01:37:26.650000,2026-03-15 07:45:02.431,1,15.0,False,,False,True,99.846,99.846
836,0 days 01:40:46.309000,BOT,77,0 days 00:01:39.813000,25.0,2.0,,,26.2,30.699,42.914,0 days 01:39:32.775000,0 days 01:40:03.474000,0 days 01:40:46.388000,274.0,258.0,270.0,306.0,False,HARD,15.0,True,Cadillac,0 days 01:39:06.496000,2026-03-15 07:46:42.277,1,15.0,False,,False,True,99.813,99.813
837,0 days 01:42:26.053000,BOT,77,0 days 00:01:39.744000,26.0,2.0,,,26.309,30.445,42.99,0 days 01:41:12.697000,0 days 01:41:43.142000,0 days 01:42:26.132000,275.0,258.0,270.0,306.0,False,HARD,16.0,True,Cadillac,0 days 01:40:46.309000,2026-03-15 07:48:22.090,1,15.0,False,,False,True,99.744,99.744
838,0 days 01:44:06.858000,BOT,77,0 days 00:01:40.805000,27.0,2.0,,,26.104,30.394,44.307,0 days 01:42:52.236000,0 days 01:43:22.630000,0 days 01:44:06.937000,278.0,258.0,268.0,301.0,False,HARD,17.0,True,Cadillac,0 days 01:42:26.053000,2026-03-15 07:50:01.834,12,15.0,False,,False,True,100.805,100.805
839,0 days 01:45:46.494000,BOT,77,0 days 00:01:39.636000,28.0,2.0,,,26.274,30.448,42.914,0 days 01:44:33.211000,0 days 01:45:03.659000,0 days 01:45:46.573000,277.0,259.0,271.0,311.0,True,HARD,18.0,True,Cadillac,0 days 01:44:06.858000,2026-03-15 07:51:42.639,1,15.0,False,,False,True,99.636,99.636
840,0 days 01:47:26.060000,BOT,77,0 days 00:01:39.566000,29.0,2.0,,,26.098,30.501,42.967,0 days 01:46:12.671000,0 days 01:46:43.172000,0 days 01:47:26.139000,278.0,257.0,271.0,311.0,True,HARD,19.0,True,Cadillac,0 days 01:45:46.494000,2026-03-15 07:53:22.275,1,15.0,False,,False,True,99.566,99.566
841,0 days 01:49:05.752000,BOT,77,0 days 00:01:39.692000,30.0,2.0,,,26.301,30.429,42.962,0 days 01:47:52.440000,0 days 01:48:22.869000,0 days 01:49:05.831000,277.0,258.0,273.0,306.0,False,HARD,20.0,True,Cadillac,0 days 01:47:26.060000,2026-03-15 07:55:01.841,1,14.0,False,,False,True,99.692,99.69200000000001
842,0 days 01:50:45.520000,BOT,77,0 days 00:01:39.768000,31.0,2.0,,,26.106,30.87,42.792,0 days 01:49:31.937000,0 days 01:50:02.807000,0 days 01:50:45.599000,278.0,260.0,275.0,312.0,False,HARD,21.0,True,Cadillac,0 days 01:49:05.752000,2026-03-15 07:56:41.533,1,15.0,False,,False,True,99.768,99.768
843,0 days 01:52:25.062000,BOT,77,0 days 00:01:39.542000,32.0,2.0,,,26.151,30.446,42.945,0 days 01:51:11.750000,0 days 01:51:42.196000,0 days 01:52:25.141000,280.0,258.0,273.0,307.0,True,HARD,22.0,True,Cadillac,0 days 01:50:45.520000,2026-03-15 07:58:21.301,1,15.0,False,,False,True,99.542,99.542
844,0 days 01:54:06.208000,BOT,77,0 days 00:01:41.146000,33.0,2.0,,,26.832,30.937,43.377,0 days 01:52:51.973000,0 days 01:53:22.910000,0 days 01:54:06.287000,282.0,261.0,270.0,310.0,False,HARD,23.0,True,Cadillac,0 days 01:52:25.062000,2026-03-15 08:00:00.843,12,14.0,False,,False,True,101.146,101.14600000000002
845,0 days 01:55:45.903000,BOT,77,0 days 00:01:39.695000,34.0,2.0,,,26.516,30.445,42.734,0 days 01:54:32.803000,0 days 01:55:03.248000,0 days 01:55:45.982000,274.0,262.0,270.0,307.0,False,HARD,24.0,True,Cadillac,0 days 01:54:06.208000,2026-03-15 08:01:41.989,1,14.0,False,,False,True,99.695,99.695
846,0 days 01:57:25.442000,BOT,77,0 days 00:01:39.539000,35.0,2.0,,,26.304,30.277,42.958,0 days 01:56:12.286000,0 days 01:56:42.563000,0 days 01:57:25.521000,279.0,260.0,271.0,305.0,True,HARD,25.0,True,Cadillac,0 days 01:55:45.903000,2026-03-15 08:03:21.684,1,14.0,False,,False,True,99.539,99.539
847,0 days 01:59:05.994000,BOT,77,0 days 00:01:40.552000,36.0,2.0,,,26.353,31.324,42.875,0 days 01:57:51.874000,0 days 01:58:23.198000,0 days 01:59:06.073000,277.0,262.0,272.0,315.0,False,HARD,26.0,True,Cadillac,0 days 01:57:25.442000,2026-03-15 08:05:01.223,1,14.0,False,,False,True,100.552,100.552
848,0 days 02:00:45.438000,BOT,77,0 days 00:01:39.444000,37.0,2.0,,,26.253,30.429,42.762,0 days 01:59:32.326000,0 days 02:00:02.755000,0 days 02:00:45.517000,278.0,259.0,273.0,312.0,True,HARD,27.0,True,Cadillac,0 days 01:59:05.994000,2026-03-15 08:06:41.775,1,14.0,False,,False,True,99.444,99.444
849,0 days 02:02:25.485000,BOT,77,0 days 00:01:40.047000,38.0,2.0,,,26.13,30.527,43.39,0 days 02:01:11.647000,0 days 02:01:42.174000,0 days 02:02:25.564000,276.0,260.0,272.0,310.0,False,HARD,28.0,True,Cadillac,0 days 02:00:45.438000,2026-03-15 08:08:21.219,1,15.0,False,,False,True,100.047,100.047
850,0 days 02:04:05.219000,BOT,77,0 days 00:01:39.734000,39.0,2.0,,,26.45,30.283,43.001,0 days 02:02:52.014000,0 days 02:03:22.297000,0 days 02:04:05.298000,270.0,260.0,269.0,319.0,False,HARD,29.0,True,Cadillac,0 days 02:02:25.485000,2026-03-15 08:10:01.266,1,15.0,False,,False,True,99.734,99.73400000000001
851,0 days 02:05:45.790000,BOT,77,0 days 00:01:40.571000,40.0,2.0,,,27.407,30.087,43.077,0 days 02:04:32.705000,0 days 02:05:02.792000,0 days 02:05:45.869000,274.0,260.0,272.0,306.0,False,HARD,30.0,True,Cadillac,0 days 02:04:05.219000,2026-03-15 08:11:41.000,1,15.0,False,,False,True,100.571,100.571
852,0 days 02:07:25.867000,BOT,77,0 days 00:01:40.077000,41.0,2.0,,,26.195,30.027,43.855,0 days 02:06:12.064000,0 days 02:06:42.091000,0 days 02:07:25.946000,271.0,258.0,271.0,292.0,False,HARD,31.0,True,Cadillac,0 days 02:05:45.790000,2026-03-15 08:13:21.571,1,15.0,False,,False,True,100.077,100.077
853,0 days 02:09:04.887000,BOT,77,0 days 00:01:39.020000,42.0,2.0,,,26.101,30.045,42.874,0 days 02:07:52.047000,0 days 02:08:22.092000,0 days 02:09:04.966000,275.0,261.0,273.0,304.0,True,HARD,32.0,True,Cadillac,0 days 02:07:25.867000,2026-03-15 08:15:01.648,1,15.0,False,,False,True,99.02,99.02000000000001
854,0 days 02:10:44.348000,BOT,77,0 days 00:01:39.461000,43.0,2.0,,,26.138,29.91,43.413,0 days 02:09:31.104000,0 days 02:10:01.014000,0 days 02:10:44.427000,273.0,258.0,273.0,302.0,False,HARD,33.0,True,Cadillac,0 days 02:09:04.887000,2026-03-15 08:16:40.668,1,15.0,False,,False,True,99.461,99.461
855,0 days 02:12:23.262000,BOT,77,0 days 00:01:38.914000,44.0,2.0,,,26.051,30.038,42.825,0 days 02:11:10.478000,0 days 02:11:40.516000,0 days 02:12:23.341000,274.0,262.0,274.0,313.0,True,HARD,34.0,True,Cadillac,0 days 02:10:44.348000,2026-03-15 08:18:20.129,1,15.0,False,,False,True,98.914,98.914
856,0 days 02:14:03.641000,BOT,77,0 days 00:01:40.379000,45.0,2.0,,,25.99,30.076,44.313,0 days 02:12:49.331000,0 days 02:13:19.407000,0 days 02:14:03.720000,271.0,259.0,275.0,305.0,False,HARD,35.0,True,Cadillac,0 days 02:12:23.262000,2026-03-15 08:19:59.043,1,15.0,False,,False,True,100.379,100.379
857,0 days 02:15:43.299000,BOT,77,0 days 00:01:39.658000,46.0,2.0,,,26.021,30.022,43.615,0 days 02:14:29.741000,0 days 02:14:59.763000,0 days 02:15:43.378000,274.0,261.0,275.0,265.0,False,HARD,36.0,True,Cadillac,0 days 02:14:03.641000,2026-03-15 08:21:39.422,1,14.0,False,,False,True,99.658,99.658
858,0 days 02:17:22.229000,BOT,77,0 days 00:01:38.930000,47.0,2.0,,,26.086,30.061,42.783,0 days 02:16:09.464000,0 days 02:16:39.525000,0 days 02:17:22.308000,272.0,261.0,274.0,313.0,False,HARD,37.0,True,Cadillac,0 days 02:15:43.299000,2026-03-15 08:23:19.080,1,13.0,False,,False,True,98.93,98.93
859,0 days 02:19:01.364000,BOT,77,0 days 00:01:39.135000,48.0,2.0,,,26.175,29.953,43.007,0 days 02:17:48.483000,0 days 02:18:18.436000,0 days 02:19:01.443000,274.0,260.0,272.0,306.0,False,HARD,38.0,True,Cadillac,0 days 02:17:22.229000,2026-03-15 08:24:58.010,1,13.0,False,,False,True,99.135,99.13499999999999
860,0 days 02:20:40.576000,BOT,77,0 days 00:01:39.212000,49.0,2.0,,,26.108,30.008,43.096,0 days 02:19:27.551000,0 days 02:19:57.559000,0 days 02:20:40.655000,274.0,261.0,272.0,304.0,False,HARD,39.0,True,Cadillac,0 days 02:19:01.364000,2026-03-15 08:26:37.145,1,13.0,False,,False,True,99.212,99.21199999999999
861,0 days 02:22:19.903000,BOT,77,0 days 00:01:39.327000,50.0,2.0,,,26.214,29.909,43.204,0 days 02:21:06.869000,0 days 02:21:36.778000,0 days 02:22:19.982000,274.0,261.0,272.0,301.0,False,HARD,40.0,True,Cadillac,0 days 02:20:40.576000,2026-03-15 08:28:16.357,1,13.0,False,,False,True,99.327,99.327
862,0 days 02:23:59.484000,BOT,77,0 days 00:01:39.581000,51.0,2.0,,,26.336,30.143,43.102,0 days 02:22:46.318000,0 days 02:23:16.461000,0 days 02:23:59.563000,266.0,260.0,273.0,307.0,False,HARD,41.0,True,Cadillac,0 days 02:22:19.903000,2026-03-15 08:29:55.684,1,13.0,False,,False,True,99.581,99.58099999999999
863,0 days 02:25:38.907000,BOT,77,0 days 00:01:39.423000,52.0,2.0,,,26.241,30.155,43.027,0 days 02:24:25.804000,0 days 02:24:55.959000,0 days 02:25:38.986000,271.0,259.0,274.0,306.0,False,HARD,42.0,True,Cadillac,0 days 02:23:59.484000,2026-03-15 08:31:35.265,12,13.0,False,,False,True,99.423,99.423
864,0 days 02:27:18.260000,BOT,77,0 days 00:01:39.353000,53.0,2.0,,,26.181,30.107,43.065,0 days 02:26:05.167000,0 days 02:26:35.274000,0 days 02:27:18.339000,274.0,259.0,274.0,305.0,False,HARD,43.0,True,Cadillac,0 days 02:25:38.907000,2026-03-15 08:33:14.688,1,13.0,False,,False,True,99.353,99.353
865,0 days 02:28:57.683000,BOT,77,0 days 00:01:39.423000,54.0,2.0,,,26.023,30.297,43.103,0 days 02:27:44.362000,0 days 02:28:14.659000,0 days 02:28:57.762000,273.0,259.0,275.0,308.0,False,HARD,44.0,True,Cadillac,0 days 02:27:18.260000,2026-03-15 08:34:54.041,1,13.0,False,,False,True,99.423,99.423
866,0 days 02:30:36.076000,BOT,77,0 days 00:01:38.393000,55.0,2.0,,,25.855,29.825,42.713,0 days 02:29:23.617000,0 days 02:29:53.442000,0 days 02:30:36.155000,274.0,260.0,271.0,300.0,True,HARD,45.0,True,Cadillac,0 days 02:28:57.683000,2026-03-15 08:36:33.464,1,13.0,False,,False,True,98.393,98.393
867,0 days 00:58:03.760000,PIA,81,,1.0,1.0,,,,,,,,,,,,,False,MEDIUM,1.0,True,McLaren,0 days 00:56:24.050000,2026-03-15 07:03:59.831,12,,False,,True,False,,
868,0 days 00:58:12.163000,BEA,87,0 days 00:01:47.851000,1.0,1.0,,,,30.969,47.198,,0 days 00:57:25.174000,0 days 00:58:12.412000,298.0,251.0,254.0,340.0,False,MEDIUM,1.0,True,Haas F1 Team,0 days 00:56:24.050000,2026-03-15 07:03:59.831,12,12.0,False,,False,False,107.851,
869,0 days 00:59:53.299000,BEA,87,0 days 00:01:41.136000,2.0,1.0,,,26.995,30.997,43.144,0 days 00:58:39.247000,0 days 00:59:10.244000,0 days 00:59:53.388000,273.0,262.0,269.0,331.0,True,MEDIUM,2.0,True,Haas F1 Team,0 days 00:58:12.163000,2026-03-15 07:05:47.944,1,12.0,False,,False,True,101.136,101.136
870,0 days 01:01:33.014000,BEA,87,0 days 00:01:39.715000,3.0,1.0,,,26.962,30.362,42.391,0 days 01:00:20.350000,0 days 01:00:50.712000,0 days 01:01:33.103000,268.0,258.0,270.0,339.0,True,MEDIUM,3.0,True,Haas F1 Team,0 days 00:59:53.299000,2026-03-15 07:07:29.080,1,12.0,False,,False,True,99.715,99.715
871,0 days 01:03:12.194000,BEA,87,0 days 00:01:39.180000,4.0,1.0,,,26.545,30.225,42.41,0 days 01:01:59.648000,0 days 01:02:29.873000,0 days 01:03:12.283000,270.0,262.0,272.0,333.0,True,MEDIUM,4.0,True,Haas F1 Team,0 days 01:01:33.014000,2026-03-15 07:09:08.795,1,12.0,False,,False,True,99.18,99.18
872,0 days 01:04:51.698000,BEA,87,0 days 00:01:39.504000,5.0,1.0,,,26.485,30.442,42.577,0 days 01:03:38.768000,0 days 01:04:09.210000,0 days 01:04:51.787000,272.0,259.0,272.0,340.0,False,MEDIUM,5.0,True,Haas F1 Team,0 days 01:03:12.194000,2026-03-15 07:10:47.975,1,12.0,False,,False,True,99.504,99.50399999999999
873,0 days 01:06:30.308000,BEA,87,0 days 00:01:38.610000,6.0,1.0,,,25.953,30.169,42.488,0 days 01:05:17.740000,0 days 01:05:47.909000,0 days 01:06:30.397000,269.0,260.0,273.0,329.0,True,MEDIUM,6.0,True,Haas F1 Team,0 days 01:04:51.698000,2026-03-15 07:12:27.479,1,11.0,False,,False,True,98.61,98.61
874,0 days 01:08:09.631000,BEA,87,0 days 00:01:39.323000,7.0,1.0,,,26.1,30.476,42.747,0 days 01:06:56.497000,0 days 01:07:26.973000,0 days 01:08:09.720000,271.0,258.0,272.0,336.0,False,MEDIUM,7.0,True,Haas F1 Team,0 days 01:06:30.308000,2026-03-15 07:14:06.089,1,11.0,False,,False,True,99.323,99.32300000000001
875,0 days 01:09:49.067000,BEA,87,0 days 00:01:39.436000,8.0,1.0,,,26.217,30.611,42.608,0 days 01:08:35.937000,0 days 01:09:06.548000,0 days 01:09:49.156000,272.0,261.0,272.0,334.0,False,MEDIUM,8.0,True,Haas F1 Team,0 days 01:08:09.631000,2026-03-15 07:15:45.412,1,11.0,False,,False,True,99.436,99.436
876,0 days 01:11:28.777000,BEA,87,0 days 00:01:39.710000,9.0,1.0,,,26.329,30.76,42.621,0 days 01:10:15.485000,0 days 01:10:46.245000,0 days 01:11:28.866000,271.0,257.0,254.0,333.0,False,MEDIUM,9.0,True,Haas F1 Team,0 days 01:09:49.067000,2026-03-15 07:17:24.848,1,9.0,False,,False,True,99.71,99.71000000000001
877,0 days 01:13:26.207000,BEA,87,0 days 00:01:57.430000,10.0,1.0,,0 days 01:13:24.518000,26.336,30.168,60.926,0 days 01:11:55.202000,0 days 01:12:25.370000,0 days 01:13:26.296000,266.0,255.0,,258.0,False,MEDIUM,10.0,True,Haas F1 Team,0 days 01:11:28.777000,2026-03-15 07:19:04.558,124,10.0,False,,False,False,117.43,117.43
878,0 days 01:15:58.226000,BEA,87,,11.0,2.0,0 days 01:13:47.503000,,52.49,40.239,59.301,0 days 01:14:18.850000,0 days 01:14:59.118000,0 days 01:15:58.408000,192.0,218.0,225.0,198.0,False,HARD,1.0,True,Haas F1 Team,0 days 01:13:26.207000,2026-03-15 07:21:01.988,4,10.0,False,,False,False,,152.03
879,0 days 01:18:18.701000,BEA,87,0 days 00:02:20.475000,12.0,2.0,,,36.414,41.154,62.907,0 days 01:16:34.729000,0 days 01:17:15.883000,0 days 01:18:18.790000,187.0,214.0,146.0,98.0,False,HARD,2.0,True,Haas F1 Team,0 days 01:15:58.226000,2026-03-15 07:23:34.007,4,10.0,False,,False,False,140.475,140.47500000000002
880,0 days 01:20:43.241000,BEA,87,0 days 00:02:24.540000,13.0,2.0,,,36.284,45.107,63.149,0 days 01:18:55.074000,0 days 01:19:40.181000,0 days 01:20:43.330000,197.0,161.0,270.0,175.0,False,HARD,3.0,True,Haas F1 Team,0 days 01:18:18.701000,2026-03-15 07:25:54.482,41,10.0,False,,False,False,144.54,144.54
881,0 days 01:22:22.481000,BEA,87,0 days 00:01:39.240000,14.0,2.0,,,26.103,30.378,42.759,0 days 01:21:09.433000,0 days 01:21:39.811000,0 days 01:22:22.570000,284.0,272.0,269.0,342.0,False,HARD,4.0,True,Haas F1 Team,0 days 01:20:43.241000,2026-03-15 07:28:19.022,1,8.0,False,,False,True,99.24,99.24000000000001
882,0 days 01:24:01.770000,BEA,87,0 days 00:01:39.289000,15.0,2.0,,,26.229,30.381,42.679,0 days 01:22:48.799000,0 days 01:23:19.180000,0 days 01:24:01.859000,280.0,261.0,272.0,343.0,False,HARD,5.0,True,Haas F1 Team,0 days 01:22:22.481000,2026-03-15 07:29:58.262,1,8.0,True,TRACK LIMITS AT TURN 14 LAP 15 ,False,True,99.289,99.289
883,0 days 01:25:40.039000,BEA,87,0 days 00:01:38.269000,16.0,2.0,,,26.064,29.975,42.23,0 days 01:24:27.923000,0 days 01:24:57.898000,0 days 01:25:40.128000,269.0,259.0,272.0,327.0,True,HARD,6.0,True,Haas F1 Team,0 days 01:24:01.770000,2026-03-15 07:31:37.551,1,7.0,False,,False,True,98.269,98.269
884,0 days 01:27:18.382000,BEA,87,0 days 00:01:38.343000,17.0,2.0,,,25.952,29.696,42.695,0 days 01:26:06.080000,0 days 01:26:35.776000,0 days 01:27:18.471000,269.0,260.0,271.0,315.0,False,HARD,7.0,True,Haas F1 Team,0 days 01:25:40.039000,2026-03-15 07:33:15.820,1,7.0,False,,False,True,98.343,98.343
885,0 days 01:28:56.579000,BEA,87,0 days 00:01:38.197000,18.0,2.0,,,25.907,29.658,42.632,0 days 01:27:44.378000,0 days 01:28:14.036000,0 days 01:28:56.668000,274.0,259.0,256.0,327.0,True,HARD,8.0,True,Haas F1 Team,0 days 01:27:18.382000,2026-03-15 07:34:54.163,12,7.0,False,,False,True,98.197,98.197
886,0 days 01:30:35.588000,BEA,87,0 days 00:01:39.009000,19.0,2.0,,,25.981,30.329,42.699,0 days 01:29:22.649000,0 days 01:29:52.978000,0 days 01:30:35.677000,273.0,260.0,257.0,328.0,False,HARD,9.0,True,Haas F1 Team,0 days 01:28:56.579000,2026-03-15 07:36:32.360,1,6.0,False,,False,True,99.009,99.009
887,0 days 01:32:14.206000,BEA,87,0 days 00:01:38.618000,20.0,2.0,,,26.152,29.786,42.68,0 days 01:31:01.829000,0 days 01:31:31.615000,0 days 01:32:14.295000,272.0,260.0,250.0,325.0,False,HARD,10.0,True,Haas F1 Team,0 days 01:30:35.588000,2026-03-15 07:38:11.369,1,5.0,False,,False,True,98.618,98.618
888,0 days 01:33:52.732000,BEA,87,0 days 00:01:38.526000,21.0,2.0,,,26.602,29.775,42.149,0 days 01:32:40.897000,0 days 01:33:10.672000,0 days 01:33:52.821000,272.0,261.0,268.0,315.0,False,HARD,11.0,True,Haas F1 Team,0 days 01:32:14.206000,2026-03-15 07:39:49.987,1,5.0,False,,False,True,98.526,98.526
889,0 days 01:35:30.599000,BEA,87,0 days 00:01:37.867000,22.0,2.0,,,25.899,29.578,42.39,0 days 01:34:18.720000,0 days 01:34:48.298000,0 days 01:35:30.688000,267.0,252.0,269.0,301.0,True,HARD,12.0,True,Haas F1 Team,0 days 01:33:52.732000,2026-03-15 07:41:28.513,1,5.0,False,,False,True,97.867,97.867
890,0 days 01:37:08.214000,BEA,87,0 days 00:01:37.615000,23.0,2.0,,,25.88,29.454,42.281,0 days 01:35:56.568000,0 days 01:36:26.022000,0 days 01:37:08.303000,265.0,253.0,272.0,302.0,True,HARD,13.0,True,Haas F1 Team,0 days 01:35:30.599000,2026-03-15 07:43:06.380,1,5.0,False,,False,True,97.615,97.61500000000001
891,0 days 01:38:46.074000,BEA,87,0 days 00:01:37.860000,24.0,2.0,,,25.753,29.62,42.487,0 days 01:37:34.056000,0 days 01:38:03.676000,0 days 01:38:46.163000,264.0,251.0,268.0,300.0,False,HARD,14.0,True,Haas F1 Team,0 days 01:37:08.214000,2026-03-15 07:44:43.995,1,5.0,False,,False,True,97.86,97.86000000000001
892,0 days 01:40:23.754000,BEA,87,0 days 00:01:37.680000,25.0,2.0,,,25.942,29.495,42.243,0 days 01:39:12.105000,0 days 01:39:41.600000,0 days 01:40:23.843000,266.0,252.0,273.0,303.0,False,HARD,15.0,True,Haas F1 Team,0 days 01:38:46.074000,2026-03-15 07:46:21.855,1,5.0,False,,False,True,97.68,97.68
893,0 days 01:42:01.146000,BEA,87,0 days 00:01:37.392000,26.0,2.0,,,25.68,29.397,42.315,0 days 01:40:49.523000,0 days 01:41:18.920000,0 days 01:42:01.235000,264.0,254.0,271.0,300.0,True,HARD,16.0,True,Haas F1 Team,0 days 01:40:23.754000,2026-03-15 07:47:59.535,1,5.0,False,,False,True,97.392,97.392
894,0 days 01:43:38.551000,BEA,87,0 days 00:01:37.405000,27.0,2.0,,,25.83,29.329,42.246,0 days 01:42:27.065000,0 days 01:42:56.394000,0 days 01:43:38.640000,267.0,255.0,274.0,302.0,False,HARD,17.0,True,Haas F1 Team,0 days 01:42:01.146000,2026-03-15 07:49:36.927,1,5.0,False,,False,True,97.405,97.405
895,0 days 01:45:16.189000,BEA,87,0 days 00:01:37.638000,28.0,2.0,,,25.728,29.416,42.494,0 days 01:44:04.368000,0 days 01:44:33.784000,0 days 01:45:16.278000,265.0,255.0,272.0,302.0,False,HARD,18.0,True,Haas F1 Team,0 days 01:43:38.551000,2026-03-15 07:51:14.332,12,5.0,False,,False,True,97.638,97.638
896,0 days 01:46:53.873000,BEA,87,0 days 00:01:37.684000,29.0,2.0,,,25.876,29.507,42.301,0 days 01:45:42.154000,0 days 01:46:11.661000,0 days 01:46:53.962000,265.0,257.0,275.0,301.0,False,HARD,19.0,True,Haas F1 Team,0 days 01:45:16.189000,2026-03-15 07:52:51.970,1,5.0,False,,False,True,97.684,97.684
897,0 days 01:48:31.149000,BEA,87,0 days 00:01:37.276000,30.0,2.0,,,25.616,29.364,42.296,0 days 01:47:19.578000,0 days 01:47:48.942000,0 days 01:48:31.238000,267.0,253.0,273.0,302.0,True,HARD,20.0,True,Haas F1 Team,0 days 01:46:53.873000,2026-03-15 07:54:29.654,1,5.0,False,,False,True,97.276,97.27600000000001
898,0 days 01:50:08.732000,BEA,87,0 days 00:01:37.583000,31.0,2.0,,,25.822,29.395,42.366,0 days 01:48:57.060000,0 days 01:49:26.455000,0 days 01:50:08.821000,264.0,253.0,274.0,302.0,False,HARD,21.0,True,Haas F1 Team,0 days 01:48:31.149000,2026-03-15 07:56:06.930,1,5.0,False,,False,True,97.583,97.583
899,0 days 01:51:46.228000,BEA,87,0 days 00:01:37.496000,32.0,2.0,,,25.749,29.516,42.231,0 days 01:50:34.570000,0 days 01:51:04.086000,0 days 01:51:46.317000,266.0,253.0,275.0,303.0,False,HARD,22.0,True,Haas F1 Team,0 days 01:50:08.732000,2026-03-15 07:57:44.513,1,5.0,False,,False,True,97.496,97.49600000000001
900,0 days 01:53:23.495000,BEA,87,0 days 00:01:37.267000,33.0,2.0,,,25.673,29.373,42.221,0 days 01:52:11.990000,0 days 01:52:41.363000,0 days 01:53:23.584000,265.0,256.0,272.0,302.0,True,HARD,23.0,True,Haas F1 Team,0 days 01:51:46.228000,2026-03-15 07:59:22.009,12,5.0,False,,False,True,97.267,97.267
901,0 days 01:55:00.890000,BEA,87,0 days 00:01:37.395000,34.0,2.0,,,25.837,29.278,42.28,0 days 01:53:49.421000,0 days 01:54:18.699000,0 days 01:55:00.979000,268.0,252.0,274.0,303.0,False,HARD,24.0,True,Haas F1 Team,0 days 01:53:23.495000,2026-03-15 08:00:59.276,1,5.0,False,,False,True,97.395,97.395
902,0 days 01:56:38.310000,BEA,87,0 days 00:01:37.420000,35.0,2.0,,,25.684,29.313,42.423,0 days 01:55:26.663000,0 days 01:55:55.976000,0 days 01:56:38.399000,270.0,256.0,272.0,300.0,False,HARD,25.0,True,Haas F1 Team,0 days 01:55:00.890000,2026-03-15 08:02:36.671,1,5.0,False,,False,True,97.42,97.42
903,0 days 01:58:15.790000,BEA,87,0 days 00:01:37.480000,36.0,2.0,,,25.802,29.289,42.389,0 days 01:57:04.201000,0 days 01:57:33.490000,0 days 01:58:15.879000,270.0,259.0,275.0,301.0,False,HARD,26.0,True,Haas F1 Team,0 days 01:56:38.310000,2026-03-15 08:04:14.091,1,5.0,False,,False,True,97.48,97.48
904,0 days 01:59:53.032000,BEA,87,0 days 00:01:37.242000,37.0,2.0,,,25.653,29.382,42.207,0 days 01:58:41.532000,0 days 01:59:10.914000,0 days 01:59:53.121000,265.0,257.0,275.0,301.0,True,HARD,27.0,True,Haas F1 Team,0 days 01:58:15.790000,2026-03-15 08:05:51.571,1,5.0,False,,False,True,97.242,97.24199999999999
905,0 days 02:01:30.254000,BEA,87,0 days 00:01:37.222000,38.0,2.0,,,25.669,29.284,42.269,0 days 02:00:18.790000,0 days 02:00:48.074000,0 days 02:01:30.343000,264.0,254.0,275.0,302.0,True,HARD,28.0,True,Haas F1 Team,0 days 01:59:53.032000,2026-03-15 08:07:28.813,1,5.0,False,,False,True,97.222,97.22200000000001
906,0 days 02:03:07.297000,BEA,87,0 days 00:01:37.043000,39.0,2.0,,,25.602,29.17,42.271,0 days 02:01:55.945000,0 days 02:02:25.115000,0 days 02:03:07.386000,266.0,258.0,275.0,302.0,True,HARD,29.0,True,Haas F1 Team,0 days 02:01:30.254000,2026-03-15 08:09:06.035,1,5.0,False,,False,True,97.043,97.043
907,0 days 02:04:44.450000,BEA,87,0 days 00:01:37.153000,40.0,2.0,,,25.551,29.284,42.318,0 days 02:03:32.937000,0 days 02:04:02.221000,0 days 02:04:44.539000,268.0,257.0,275.0,300.0,False,HARD,30.0,True,Haas F1 Team,0 days 02:03:07.297000,2026-03-15 08:10:43.078,1,5.0,False,,False,True,97.153,97.15299999999999
908,0 days 02:06:21.479000,BEA,87,0 days 00:01:37.029000,41.0,2.0,,,25.444,29.283,42.302,0 days 02:05:09.983000,0 days 02:05:39.266000,0 days 02:06:21.568000,272.0,256.0,276.0,301.0,True,HARD,31.0,True,Haas F1 Team,0 days 02:04:44.450000,2026-03-15 08:12:20.231,1,5.0,False,,False,True,97.029,97.029
909,0 days 02:07:59.191000,BEA,87,0 days 00:01:37.712000,42.0,2.0,,,25.463,29.29,42.959,0 days 02:06:47.031000,0 days 02:07:16.321000,0 days 02:07:59.280000,270.0,258.0,266.0,299.0,False,HARD,32.0,True,Haas F1 Team,0 days 02:06:21.479000,2026-03-15 08:13:57.260,1,5.0,False,,False,True,97.712,97.712
910,0 days 02:09:36.405000,BEA,87,0 days 00:01:37.214000,43.0,2.0,,,25.801,29.152,42.261,0 days 02:08:25.081000,0 days 02:08:54.233000,0 days 02:09:36.494000,273.0,257.0,276.0,301.0,False,HARD,33.0,True,Haas F1 Team,0 days 02:07:59.191000,2026-03-15 08:15:34.972,1,5.0,False,,False,True,97.214,97.214
911,0 days 02:11:13.821000,BEA,87,0 days 00:01:37.416000,44.0,2.0,,,25.505,29.32,42.591,0 days 02:10:01.999000,0 days 02:10:31.319000,0 days 02:11:13.910000,272.0,257.0,275.0,301.0,False,HARD,34.0,True,Haas F1 Team,0 days 02:09:36.405000,2026-03-15 08:17:12.186,1,5.0,False,,False,True,97.416,97.416
912,0 days 02:12:51.053000,BEA,87,0 days 00:01:37.232000,45.0,2.0,,,25.495,29.325,42.412,0 days 02:11:39.405000,0 days 02:12:08.730000,0 days 02:12:51.142000,269.0,257.0,275.0,301.0,False,HARD,35.0,True,Haas F1 Team,0 days 02:11:13.821000,2026-03-15 08:18:49.602,1,5.0,False,,False,True,97.232,97.232
913,0 days 02:14:28.354000,BEA,87,0 days 00:01:37.301000,46.0,2.0,,,25.54,29.348,42.413,0 days 02:13:16.682000,0 days 02:13:46.030000,0 days 02:14:28.443000,267.0,258.0,276.0,302.0,False,HARD,36.0,True,Haas F1 Team,0 days 02:12:51.053000,2026-03-15 08:20:26.834,1,5.0,False,,False,True,97.301,97.30099999999999
914,0 days 02:16:05.159000,BEA,87,0 days 00:01:36.805000,47.0,2.0,,,25.469,29.166,42.17,0 days 02:14:53.912000,0 days 02:15:23.078000,0 days 02:16:05.248000,270.0,260.0,276.0,304.0,True,HARD,37.0,True,Haas F1 Team,0 days 02:14:28.354000,2026-03-15 08:22:04.135,1,5.0,False,,False,True,96.805,96.805
915,0 days 02:17:42.397000,BEA,87,0 days 00:01:37.238000,48.0,2.0,,,25.443,29.293,42.502,0 days 02:16:30.691000,0 days 02:16:59.984000,0 days 02:17:42.486000,272.0,260.0,277.0,307.0,False,HARD,38.0,True,Haas F1 Team,0 days 02:16:05.159000,2026-03-15 08:23:40.940,1,5.0,False,,False,True,97.238,97.238
916,0 days 02:19:20.039000,BEA,87,0 days 00:01:37.642000,49.0,2.0,,,25.501,29.67,42.471,0 days 02:18:07.987000,0 days 02:18:37.657000,0 days 02:19:20.128000,271.0,262.0,273.0,301.0,False,HARD,39.0,True,Haas F1 Team,0 days 02:17:42.397000,2026-03-15 08:25:18.178,1,5.0,False,,False,True,97.642,97.642
917,0 days 02:20:57.028000,BEA,87,0 days 00:01:36.989000,50.0,2.0,,,25.619,29.069,42.301,0 days 02:19:45.747000,0 days 02:20:14.816000,0 days 02:20:57.117000,273.0,259.0,277.0,300.0,False,HARD,40.0,True,Haas F1 Team,0 days 02:19:20.039000,2026-03-15 08:26:55.820,1,5.0,False,,False,True,96.989,96.989
918,0 days 02:22:33.853000,BEA,87,0 days 00:01:36.825000,51.0,2.0,,,25.327,29.145,42.353,0 days 02:21:22.444000,0 days 02:21:51.589000,0 days 02:22:33.942000,272.0,257.0,277.0,301.0,False,HARD,41.0,True,Haas F1 Team,0 days 02:20:57.028000,2026-03-15 08:28:32.809,1,5.0,False,,False,True,96.825,96.825
919,0 days 02:24:10.631000,BEA,87,0 days 00:01:36.778000,52.0,2.0,,,25.448,29.198,42.132,0 days 02:22:59.390000,0 days 02:23:28.588000,0 days 02:24:10.720000,268.0,258.0,276.0,302.0,True,HARD,42.0,True,Haas F1 Team,0 days 02:22:33.853000,2026-03-15 08:30:09.634,1,5.0,False,,False,True,96.778,96.77799999999999
920,0 days 02:25:47.311000,BEA,87,0 days 00:01:36.680000,53.0,2.0,,,25.325,29.105,42.25,0 days 02:24:36.045000,0 days 02:25:05.150000,0 days 02:25:47.400000,272.0,260.0,277.0,303.0,True,HARD,43.0,True,Haas F1 Team,0 days 02:24:10.631000,2026-03-15 08:31:46.412,12,5.0,False,,False,True,96.68,96.68
921,0 days 02:27:24.099000,BEA,87,0 days 00:01:36.788000,54.0,2.0,,,25.42,29.088,42.28,0 days 02:26:12.820000,0 days 02:26:41.908000,0 days 02:27:24.188000,271.0,261.0,277.0,303.0,False,HARD,44.0,True,Haas F1 Team,0 days 02:25:47.311000,2026-03-15 08:33:23.092,1,5.0,False,,False,True,96.788,96.78800000000001
922,0 days 02:29:00.747000,BEA,87,0 days 00:01:36.648000,55.0,2.0,,,25.384,29.169,42.095,0 days 02:27:49.572000,0 days 02:28:18.741000,0 days 02:29:00.836000,271.0,259.0,277.0,306.0,True,HARD,45.0,True,Haas F1 Team,0 days 02:27:24.099000,2026-03-15 08:34:59.880,1,5.0,False,,False,True,96.648,96.648
923,0 days 02:30:37.176000,BEA,87,0 days 00:01:36.429000,56.0,2.0,,,25.226,29.121,42.082,0 days 02:29:26.062000,0 days 02:29:55.183000,0 days 02:30:37.265000,275.0,270.0,254.0,327.0,True,HARD,46.0,True,Haas F1 Team,0 days 02:29:00.747000,2026-03-15 08:36:36.528,1,5.0,False,,False,True,96.429,96.429
