,Time,Driver,DriverNumber,LapTime,LapNumber,Stint,PitOutTime,PitInTime,Sector1Time,Sector2Time,Sector3Time,Sector1SessionTime,Sector2SessionTime,Sector3SessionTime,SpeedI1,SpeedI2,SpeedFL,SpeedST,IsPersonalBest,Compound,TyreLife,FreshTyre,Team,LapStartTime,LapStartDate,TrackStatus,Position,Deleted,DeletedReason,FastF1Generated,IsAccurate,LapTime_in_seconds,laptime_sum_sectortimes
0,0 days 00:18:03.069000,RIC,3,,1.0,1.0,0 days 00:16:14.586000,0 days 00:18:01.305000,,43.794,31.151,,0 days 00:17:31.949000,0 days 00:18:03.191000,241.0,169.0,,,False,HARD,1.0,True,Renault,0 days 00:16:14.586000,2020-07-17 09:01:14.786,1,,False,,False,False,,
1,0 days 00:20:10.475000,RIC,3,0 days 00:02:07.406000,2.0,2.0,0 days 00:18:28.152000,0 days 00:20:08.730000,57.16,39.81,30.436,0 days 00:19:00.229000,0 days 00:19:40.039000,0 days 00:20:10.475000,244.0,197.0,,,False,HARD,2.0,False,Renault,0 days 00:18:03.069000,2020-07-17 09:03:03.269,1,,False,,False,False,127.406,127.406
2,0 days 00:36:54.359000,RIC,3,,3.0,3.0,0 days 00:35:26.683000,,,32.495,23.981,,0 days 00:36:30.380000,0 days 00:36:54.458000,258.0,229.0,251.0,,False,HARD,3.0,False,Renault,0 days 00:20:10.475000,2020-07-17 09:05:10.675,1,,False,,False,False,,
3,0 days 00:38:14.598000,RIC,3,0 days 00:01:20.239000,4.0,3.0,,,29.054,28.702,22.483,0 days 00:37:23.413000,0 days 00:37:52.115000,0 days 00:38:14.598000,272.0,242.0,253.0,294.0,True,HARD,4.0,False,Renault,0 days 00:36:54.359000,2020-07-17 09:21:54.559,1,,False,,False,True,80.239,80.239
4,0 days 00:39:33.688000,RIC,3,0 days 00:01:19.090000,5.0,3.0,,,28.408,28.389,22.293,0 days 00:38:43.006000,0 days 00:39:11.395000,0 days 00:39:33.688000,275.0,243.0,255.0,296.0,True,HARD,5.0,False,Renault,0 days 00:38:14.598000,2020-07-17 09:23:14.798,1,,False,,False,True,79.09,79.09
5,0 days 00:41:13.421000,RIC,3,0 days 00:01:39.733000,6.0,3.0,,,35.585,38.729,25.419,0 days 00:40:09.273000,0 days 00:40:48.002000,0 days 00:41:13.421000,261.0,199.0,253.0,287.0,False,HARD,6.0,False,Renault,0 days 00:39:33.688000,2020-07-17 09:24:33.888,1,,False,,False,True,99.733,99.73299999999999
6,0 days 00:42:32.127000,RIC,3,0 days 00:01:18.706000,7.0,3.0,,,28.459,27.999,22.248,0 days 00:41:41.880000,0 days 00:42:09.879000,0 days 00:42:32.127000,279.0,246.0,254.0,298.0,True,HARD,7.0,False,Renault,0 days 00:41:13.421000,2020-07-17 09:26:13.621,1,,False,,False,True,78.706,78.706
7,0 days 00:44:13.960000,RIC,3,0 days 00:01:41.833000,8.0,3.0,,,37.297,36.888,27.648,0 days 00:43:09.424000,0 days 00:43:46.312000,0 days 00:44:13.960000,243.0,199.0,253.0,281.0,False,HARD,8.0,False,Renault,0 days 00:42:32.127000,2020-07-17 09:27:32.327,12,,False,,False,True,101.833,101.833
8,0 days 00:45:32.422000,RIC,3,0 days 00:01:18.462000,9.0,3.0,,,28.387,27.964,22.111,0 days 00:44:42.347000,0 days 00:45:10.311000,0 days 00:45:32.422000,280.0,245.0,255.0,299.0,True,HARD,9.0,False,Renault,0 days 00:44:13.960000,2020-07-17 09:29:14.160,1,,False,,False,True,78.462,78.462
9,0 days 00:47:11.153000,RIC,3,0 days 00:01:38.731000,10.0,3.0,,0 days 00:47:09.721000,33.02,35.366,30.345,0 days 00:46:05.442000,0 days 00:46:40.808000,0 days 00:47:11.153000,242.0,218.0,,281.0,False,HARD,10.0,False,Renault,0 days 00:45:32.422000,2020-07-17 09:30:32.622,1,,False,,False,False,98.731,98.731
10,0 days 01:07:10.690000,RIC,3,,11.0,4.0,0 days 01:05:31.920000,,,34.857,25.361,,0 days 01:06:45.338000,0 days 01:07:14.223000,254.0,201.0,255.0,281.0,False,MEDIUM,1.0,True,Renault,0 days 00:47:11.153000,2020-07-17 09:32:11.353,1,,False,,False,False,,
11,0 days 01:08:27.933000,RIC,3,0 days 00:01:17.243000,12.0,4.0,,,28.12,27.406,21.717,0 days 01:07:38.810000,0 days 01:08:06.216000,0 days 01:08:27.933000,281.0,249.0,254.0,296.0,True,MEDIUM,2.0,True,Renault,0 days 01:07:10.690000,2020-07-17 09:52:10.890,1,,False,,False,True,77.243,77.243
12,0 days 01:10:21.038000,RIC,3,0 days 00:01:53.105000,13.0,4.0,,,38.965,45.768,28.372,0 days 01:09:06.898000,0 days 01:09:52.666000,0 days 01:10:21.038000,177.0,183.0,253.0,281.0,False,MEDIUM,3.0,True,Renault,0 days 01:08:27.933000,2020-07-17 09:53:28.133,1,,False,,False,True,113.105,113.105
13,0 days 01:11:46.916000,RIC,3,0 days 00:01:25.878000,14.0,4.0,,,28.167,28.005,29.706,0 days 01:10:49.205000,0 days 01:11:17.210000,0 days 01:11:46.916000,281.0,212.0,254.0,295.0,False,MEDIUM,4.0,True,Renault,0 days 01:10:21.038000,2020-07-17 09:55:21.238,1,,False,,False,True,85.878,85.878
14,0 days 01:13:04.116000,RIC,3,0 days 00:01:17.200000,15.0,4.0,,,28.096,27.263,21.841,0 days 01:12:15.012000,0 days 01:12:42.275000,0 days 01:13:04.116000,281.0,250.0,255.0,300.0,True,MEDIUM,5.0,True,Renault,0 days 01:11:46.916000,2020-07-17 09:56:47.116,1,,False,,False,True,77.2,77.2
15,0 days 01:14:45.470000,RIC,3,0 days 00:01:41.354000,16.0,4.0,,,34.885,40.453,26.016,0 days 01:13:39.001000,0 days 01:14:19.454000,0 days 01:14:45.470000,236.0,193.0,254.0,287.0,False,MEDIUM,6.0,True,Renault,0 days 01:13:04.116000,2020-07-17 09:58:04.316,1,,False,,False,True,101.354,101.35399999999998
16,0 days 01:16:02.711000,RIC,3,0 days 00:01:17.241000,17.0,4.0,,,28.134,27.407,21.7,0 days 01:15:13.604000,0 days 01:15:41.011000,0 days 01:16:02.711000,281.0,251.0,257.0,296.0,False,MEDIUM,7.0,True,Renault,0 days 01:14:45.470000,2020-07-17 09:59:45.670,1,,False,,False,True,77.241,77.241
17,0 days 01:17:31.310000,RIC,3,0 days 00:01:28.599000,18.0,4.0,,0 days 01:17:29.799000,31.043,30.964,26.592,0 days 01:16:33.754000,0 days 01:17:04.718000,0 days 01:17:31.310000,261.0,228.0,,284.0,False,MEDIUM,8.0,True,Renault,0 days 01:16:02.711000,2020-07-17 10:01:02.911,1,,False,,False,False,88.599,88.59899999999999
18,0 days 01:34:25.204000,RIC,3,,19.0,5.0,0 days 01:32:59.460000,,,30.726,24.185,,0 days 01:34:01.044000,0 days 01:34:25.342000,272.0,232.0,241.0,284.0,False,MEDIUM,9.0,False,Renault,0 days 01:17:31.310000,2020-07-17 10:02:31.510,1,,False,,False,False,,
19,0 days 01:35:47.922000,RIC,3,0 days 00:01:22.718000,20.0,5.0,,,29.779,29.718,23.221,0 days 01:34:54.983000,0 days 01:35:24.701000,0 days 01:35:47.922000,278.0,234.0,245.0,283.0,False,MEDIUM,10.0,False,Renault,0 days 01:34:25.204000,2020-07-17 10:19:25.404,1,,False,,False,True,82.718,82.718
20,0 days 01:37:11.231000,RIC,3,0 days 00:01:23.309000,21.0,5.0,,,29.614,29.91,23.785,0 days 01:36:17.536000,0 days 01:36:47.446000,0 days 01:37:11.231000,275.0,232.0,243.0,285.0,False,MEDIUM,11.0,False,Renault,0 days 01:35:47.922000,2020-07-17 10:20:48.122,1,,False,,False,True,83.309,83.309
21,0 days 01:38:32.822000,RIC,3,0 days 00:01:21.591000,22.0,5.0,,,29.447,29.261,22.883,0 days 01:37:40.678000,0 days 01:38:09.939000,0 days 01:38:32.822000,274.0,237.0,244.0,285.0,False,MEDIUM,12.0,False,Renault,0 days 01:37:11.231000,2020-07-17 10:22:11.431,1,,False,,False,True,81.591,81.591
22,0 days 01:39:55.308000,RIC,3,0 days 00:01:22.486000,23.0,5.0,,,29.348,29.536,23.602,0 days 01:39:02.170000,0 days 01:39:31.706000,0 days 01:39:55.308000,274.0,234.0,251.0,286.0,False,MEDIUM,13.0,False,Renault,0 days 01:38:32.822000,2020-07-17 10:23:33.022,1,,False,,False,True,82.486,82.486
23,0 days 01:41:16.804000,RIC,3,0 days 00:01:21.496000,24.0,5.0,,,29.393,29.114,22.989,0 days 01:40:24.701000,0 days 01:40:53.815000,0 days 01:41:16.804000,274.0,237.0,245.0,296.0,False,MEDIUM,14.0,False,Renault,0 days 01:39:55.308000,2020-07-17 10:24:55.508,1,,False,,False,True,81.496,81.49600000000001
24,0 days 01:42:38.147000,RIC,3,0 days 00:01:21.343000,25.0,5.0,,,29.305,29.109,22.929,0 days 01:41:46.109000,0 days 01:42:15.218000,0 days 01:42:38.147000,274.0,237.0,245.0,285.0,False,MEDIUM,15.0,False,Renault,0 days 01:41:16.804000,2020-07-17 10:26:17.004,1,,False,,False,True,81.343,81.343
25,0 days 01:43:59.667000,RIC,3,0 days 00:01:21.520000,26.0,5.0,,,29.342,29.198,22.98,0 days 01:43:07.489000,0 days 01:43:36.687000,0 days 01:43:59.667000,275.0,239.0,243.0,286.0,False,MEDIUM,16.0,False,Renault,0 days 01:42:38.147000,2020-07-17 10:27:38.347,1,,False,,False,True,81.52,81.52
26,0 days 01:45:22.214000,RIC,3,0 days 00:01:22.547000,27.0,5.0,,,29.378,29.447,23.722,0 days 01:44:29.045000,0 days 01:44:58.492000,0 days 01:45:22.214000,277.0,232.0,244.0,291.0,False,MEDIUM,17.0,False,Renault,0 days 01:43:59.667000,2020-07-17 10:28:59.867,1,,False,,False,True,82.547,82.547
27,0 days 01:46:53.870000,RIC,3,0 days 00:01:31.656000,28.0,5.0,,0 days 01:46:52.127000,32.907,30.823,27.926,0 days 01:45:55.121000,0 days 01:46:25.944000,0 days 01:46:53.870000,265.0,220.0,,286.0,False,MEDIUM,18.0,False,Renault,0 days 01:45:22.214000,2020-07-17 10:30:22.414,1,,False,,False,False,91.656,91.65599999999999
28,0 days 00:16:41.668000,NOR,4,,1.0,1.0,0 days 00:15:04.553000,,,34.746,25.342,,0 days 00:16:16.369000,0 days 00:16:41.798000,208.0,217.0,249.0,,False,HARD,1.0,True,McLaren,0 days 00:15:04.553000,2020-07-17 09:00:04.753,1,,False,,False,False,,
29,0 days 00:18:09.908000,NOR,4,0 days 00:01:28.240000,2.0,1.0,,0 days 00:18:08.154000,29.78,29.876,28.584,0 days 00:17:11.448000,0 days 00:17:41.324000,0 days 00:18:09.908000,272.0,240.0,,292.0,False,HARD,2.0,True,McLaren,0 days 00:16:41.668000,2020-07-17 09:01:41.868,1,,False,,False,False,88.24,88.24000000000001
30,0 days 00:35:32.150000,NOR,4,,3.0,2.0,0 days 00:33:43.625000,,,32.15,27.769,,0 days 00:35:05.541000,0 days 00:35:32.321000,247.0,220.0,250.0,292.0,False,HARD,3.0,False,McLaren,0 days 00:18:09.908000,2020-07-17 09:03:10.108,1,,False,,False,False,,
31,0 days 00:37:03.405000,NOR,4,0 days 00:01:31.255000,4.0,2.0,,,32.453,32.166,26.636,0 days 00:36:04.603000,0 days 00:36:36.769000,0 days 00:37:03.405000,236.0,224.0,251.0,295.0,True,HARD,4.0,False,McLaren,0 days 00:35:32.150000,2020-07-17 09:20:32.350,1,,False,,False,True,91.255,91.255
32,0 days 00:38:23.559000,NOR,4,0 days 00:01:20.154000,5.0,2.0,,,29.062,28.592,22.5,0 days 00:37:32.467000,0 days 00:38:01.059000,0 days 00:38:23.559000,277.0,242.0,255.0,296.0,True,HARD,5.0,False,McLaren,0 days 00:37:03.405000,2020-07-17 09:22:03.605,1,,False,,False,True,80.154,80.154
33,0 days 00:39:58.876000,NOR,4,0 days 00:01:35.317000,6.0,2.0,,,36.551,32.065,26.701,0 days 00:39:00.110000,0 days 00:39:32.175000,0 days 00:39:58.876000,222.0,200.0,254.0,282.0,False,HARD,6.0,False,McLaren,0 days 00:38:23.559000,2020-07-17 09:23:23.759,1,,False,,False,True,95.317,95.31700000000001
34,0 days 00:41:18.065000,NOR,4,0 days 00:01:19.189000,7.0,2.0,,,28.606,28.246,22.337,0 days 00:40:27.482000,0 days 00:40:55.728000,0 days 00:41:18.065000,277.0,242.0,256.0,301.0,True,HARD,7.0,False,McLaren,0 days 00:39:58.876000,2020-07-17 09:24:59.076,1,,False,,False,True,79.189,79.18900000000001
35,0 days 00:42:57.132000,NOR,4,0 days 00:01:39.067000,8.0,2.0,,,33.504,35.708,29.855,0 days 00:41:51.569000,0 days 00:42:27.277000,0 days 00:42:57.132000,215.0,227.0,253.0,286.0,False,HARD,8.0,False,McLaren,0 days 00:41:18.065000,2020-07-17 09:26:18.265,1,,False,,False,True,99.067,99.067
36,0 days 00:44:17.306000,NOR,4,0 days 00:01:20.174000,9.0,2.0,,,28.472,28.295,23.407,0 days 00:43:25.604000,0 days 00:43:53.899000,0 days 00:44:17.306000,276.0,246.0,237.0,297.0,False,HARD,9.0,False,McLaren,0 days 00:42:57.132000,2020-07-17 09:27:57.332,12,,False,,False,True,80.174,80.174
37,0 days 00:45:56.670000,NOR,4,0 days 00:01:39.364000,10.0,2.0,,,35.091,35.606,28.667,0 days 00:44:52.397000,0 days 00:45:28.003000,0 days 00:45:56.670000,92.0,225.0,254.0,270.0,False,HARD,10.0,False,McLaren,0 days 00:44:17.306000,2020-07-17 09:29:17.506,1,,False,,False,True,99.364,99.364
38,0 days 00:47:15.954000,NOR,4,0 days 00:01:19.284000,11.0,2.0,,,28.444,28.433,22.407,0 days 00:46:25.114000,0 days 00:46:53.547000,0 days 00:47:15.954000,280.0,247.0,257.0,298.0,False,HARD,11.0,False,McLaren,0 days 00:45:56.670000,2020-07-17 09:30:56.870,1,,False,,False,True,79.284,79.28399999999999
39,0 days 00:48:45.266000,NOR,4,0 days 00:01:29.312000,12.0,2.0,,0 days 00:48:43.383000,33.328,29.315,26.669,0 days 00:47:49.282000,0 days 00:48:18.597000,0 days 00:48:45.266000,199.0,242.0,,293.0,False,HARD,12.0,False,McLaren,0 days 00:47:15.954000,2020-07-17 09:32:16.154,1,,False,,False,False,89.312,89.312
40,0 days 01:06:05.393000,NOR,4,,13.0,3.0,0 days 01:04:26.792000,,,32.554,24.396,,0 days 01:05:44.244000,0 days 01:06:05.578000,253.0,221.0,254.0,293.0,False,SOFT,1.0,True,McLaren,0 days 00:48:45.266000,2020-07-17 09:33:45.466,1,,False,,False,False,,
41,0 days 01:07:34.713000,NOR,4,0 days 00:01:29.320000,14.0,3.0,,,31.252,33.67,24.398,0 days 01:06:36.645000,0 days 01:07:10.315000,0 days 01:07:34.713000,219.0,220.0,255.0,295.0,False,SOFT,2.0,True,McLaren,0 days 01:06:05.393000,2020-07-17 09:51:05.593,1,,False,,False,True,89.32,89.32
42,0 days 01:08:52.236000,NOR,4,0 days 00:01:17.523000,15.0,3.0,,,28.097,27.56,21.866,0 days 01:08:02.810000,0 days 01:08:30.370000,0 days 01:08:52.236000,275.0,248.0,256.0,297.0,True,SOFT,3.0,True,McLaren,0 days 01:07:34.713000,2020-07-17 09:52:34.913,1,,False,,False,True,77.523,77.523
43,0 days 01:10:36.887000,NOR,4,0 days 00:01:44.651000,16.0,3.0,,,35.516,39.69,29.445,0 days 01:09:27.752000,0 days 01:10:07.442000,0 days 01:10:36.887000,205.0,197.0,255.0,280.0,False,SOFT,4.0,True,McLaren,0 days 01:08:52.236000,2020-07-17 09:53:52.436,1,,False,,False,True,104.651,104.65099999999998
44,0 days 01:11:54.575000,NOR,4,0 days 00:01:17.688000,17.0,3.0,,,28.149,27.486,22.053,0 days 01:11:05.036000,0 days 01:11:32.522000,0 days 01:11:54.575000,278.0,248.0,255.0,300.0,False,SOFT,5.0,True,McLaren,0 days 01:10:36.887000,2020-07-17 09:55:37.087,1,,False,,False,True,77.688,77.688
45,0 days 01:13:41.569000,NOR,4,0 days 00:01:46.994000,18.0,3.0,,,35.426,42.806,28.762,0 days 01:12:30.001000,0 days 01:13:12.807000,0 days 01:13:41.569000,177.0,172.0,256.0,273.0,False,SOFT,6.0,True,McLaren,0 days 01:11:54.575000,2020-07-17 09:56:54.775,1,,False,,False,True,106.994,106.994
46,0 days 01:15:09.812000,NOR,4,0 days 00:01:28.243000,19.0,3.0,,0 days 01:15:08.070000,28.103,32.05,28.09,0 days 01:14:09.672000,0 days 01:14:41.722000,0 days 01:15:09.812000,279.0,224.0,,299.0,False,SOFT,7.0,True,McLaren,0 days 01:13:41.569000,2020-07-17 09:58:41.769,1,,False,,False,False,88.243,88.243
47,0 days 01:28:18.682000,NOR,4,,20.0,4.0,0 days 01:26:38.961000,0 days 01:28:16.932000,,31.051,27.01,,0 days 01:27:51.687000,0 days 01:28:19.311000,255.0,228.0,,299.0,False,SOFT,8.0,False,McLaren,0 days 01:15:09.812000,2020-07-17 10:00:10.012,1,,False,,False,False,,
48,0 days 01:30:13.630000,NOR,4,0 days 00:01:54.948000,21.0,5.0,0 days 01:28:39.945000,,62.608,29.374,22.966,0 days 01:29:21.290000,0 days 01:29:50.664000,0 days 01:30:13.630000,270.0,238.0,245.0,299.0,False,SOFT,9.0,False,McLaren,0 days 01:28:18.682000,2020-07-17 10:13:18.882,1,,False,,False,False,114.948,114.94800000000001
49,0 days 01:31:35.386000,NOR,4,0 days 00:01:21.756000,22.0,5.0,,,29.541,29.18,23.035,0 days 01:30:43.171000,0 days 01:31:12.351000,0 days 01:31:35.386000,275.0,240.0,245.0,280.0,False,SOFT,10.0,False,McLaren,0 days 01:30:13.630000,2020-07-17 10:15:13.830,1,,False,,False,True,81.756,81.756
50,0 days 01:32:57.813000,NOR,4,0 days 00:01:22.427000,23.0,5.0,,,29.704,29.501,23.222,0 days 01:32:05.090000,0 days 01:32:34.591000,0 days 01:32:57.813000,271.0,237.0,244.0,281.0,False,SOFT,11.0,False,McLaren,0 days 01:31:35.386000,2020-07-17 10:16:35.586,1,,False,,False,True,82.427,82.42699999999999
51,0 days 01:34:21.079000,NOR,4,0 days 00:01:23.266000,24.0,5.0,,,29.874,29.827,23.565,0 days 01:33:27.687000,0 days 01:33:57.514000,0 days 01:34:21.079000,269.0,234.0,244.0,281.0,False,SOFT,12.0,False,McLaren,0 days 01:32:57.813000,2020-07-17 10:17:58.013,1,,False,,False,True,83.266,83.266
52,0 days 01:35:45.240000,NOR,4,0 days 00:01:24.161000,25.0,5.0,,,29.904,30.403,23.854,0 days 01:34:50.983000,0 days 01:35:21.386000,0 days 01:35:45.240000,268.0,232.0,243.0,281.0,False,SOFT,13.0,False,McLaren,0 days 01:34:21.079000,2020-07-17 10:19:21.279,1,,False,,False,True,84.161,84.161
53,0 days 01:37:14.558000,NOR,4,0 days 00:01:29.318000,26.0,5.0,,0 days 01:37:14.555000,30.79,30.976,27.552,0 days 01:36:16.030000,0 days 01:36:47.006000,0 days 01:37:14.558000,271.0,234.0,,282.0,False,SOFT,14.0,False,McLaren,0 days 01:35:45.240000,2020-07-17 10:20:45.440,1,,False,,False,False,89.318,89.318
54,0 days 00:17:01.273000,VET,5,,1.0,1.0,0 days 00:15:21.986000,0 days 00:16:59.583000,,35.238,29.966,,0 days 00:16:31.307000,0 days 00:17:01.373000,232.0,215.0,,,False,HARD,1.0,True,Ferrari,0 days 00:15:21.986000,2020-07-17 09:00:22.186,1,,False,,False,False,,
55,0 days 00:37:40.962000,VET,5,,2.0,2.0,0 days 00:36:14.268000,,,31.104,24.656,,0 days 00:37:16.697000,0 days 00:37:41.736000,256.0,230.0,246.0,,False,HARD,2.0,False,Ferrari,0 days 00:17:01.273000,2020-07-17 09:02:01.473,1,,False,,False,False,,
56,0 days 00:39:01.578000,VET,5,0 days 00:01:20.616000,3.0,2.0,,,29.262,28.784,22.57,0 days 00:38:10.224000,0 days 00:38:39.008000,0 days 00:39:01.578000,268.0,242.0,252.0,286.0,True,HARD,3.0,False,Ferrari,0 days 00:37:40.962000,2020-07-17 09:22:41.162,1,,False,,False,True,80.616,80.616
57,0 days 00:40:20.610000,VET,5,0 days 00:01:19.032000,4.0,2.0,,,28.567,28.184,22.281,0 days 00:39:30.145000,0 days 00:39:58.329000,0 days 00:40:20.610000,270.0,246.0,249.0,292.0,True,HARD,4.0,False,Ferrari,0 days 00:39:01.578000,2020-07-17 09:24:01.778,1,,False,,False,True,79.032,79.03200000000001
58,0 days 00:42:02.878000,VET,5,0 days 00:01:42.268000,5.0,2.0,,,40.579,36.934,24.755,0 days 00:41:01.189000,0 days 00:41:38.123000,0 days 00:42:02.878000,95.0,215.0,251.0,283.0,False,HARD,5.0,False,Ferrari,0 days 00:40:20.610000,2020-07-17 09:25:20.810,1,,False,,False,True,102.268,102.268
59,0 days 00:43:32.328000,VET,5,0 days 00:01:29.450000,6.0,2.0,,,30.827,31.164,27.459,0 days 00:42:33.705000,0 days 00:43:04.869000,0 days 00:43:32.328000,245.0,227.0,249.0,291.0,False,HARD,6.0,False,Ferrari,0 days 00:42:02.878000,2020-07-17 09:27:03.078,12,,False,,False,True,89.45,89.45
60,0 days 00:45:00.402000,VET,5,0 days 00:01:28.074000,7.0,2.0,,,28.501,29.996,29.577,0 days 00:44:00.829000,0 days 00:44:30.825000,0 days 00:45:00.402000,272.0,198.0,251.0,289.0,False,HARD,7.0,False,Ferrari,0 days 00:43:32.328000,2020-07-17 09:28:32.528,1,,False,,False,True,88.074,88.074
61,0 days 00:46:39.561000,VET,5,0 days 00:01:39.159000,8.0,2.0,,,29.332,39.494,30.333,0 days 00:45:29.734000,0 days 00:46:09.228000,0 days 00:46:39.561000,248.0,191.0,250.0,296.0,False,HARD,8.0,False,Ferrari,0 days 00:45:00.402000,2020-07-17 09:30:00.602,1,,False,,False,True,99.159,99.15899999999999
62,0 days 00:47:58.655000,VET,5,0 days 00:01:19.094000,9.0,2.0,,,28.443,28.103,22.548,0 days 00:47:08.004000,0 days 00:47:36.107000,0 days 00:47:58.655000,272.0,248.0,253.0,290.0,False,HARD,9.0,False,Ferrari,0 days 00:46:39.561000,2020-07-17 09:31:39.761,1,,False,,False,True,79.094,79.09400000000001
63,0 days 00:49:34.320000,VET,5,0 days 00:01:35.665000,10.0,2.0,,,35.242,35.804,24.619,0 days 00:48:33.897000,0 days 00:49:09.701000,0 days 00:49:34.320000,238.0,209.0,251.0,290.0,False,HARD,10.0,False,Ferrari,0 days 00:47:58.655000,2020-07-17 09:32:58.855,1,,False,,False,True,95.665,95.66499999999999
64,0 days 00:50:52.728000,VET,5,0 days 00:01:18.408000,11.0,2.0,,,28.411,27.845,22.152,0 days 00:50:02.731000,0 days 00:50:30.576000,0 days 00:50:52.728000,272.0,249.0,253.0,291.0,True,HARD,11.0,False,Ferrari,0 days 00:49:34.320000,2020-07-17 09:34:34.520,1,,False,,False,True,78.408,78.408
65,0 days 00:52:29.603000,VET,5,0 days 00:01:36.875000,12.0,2.0,,0 days 00:52:28.107000,31.418,34.326,31.131,0 days 00:51:24.146000,0 days 00:51:58.472000,0 days 00:52:29.603000,197.0,158.0,,292.0,False,HARD,12.0,False,Ferrari,0 days 00:50:52.728000,2020-07-17 09:35:52.928,1,,False,,False,False,96.875,96.875
66,0 days 01:09:42.238000,VET,5,,13.0,3.0,0 days 01:08:10.953000,,,33.162,25.208,,0 days 01:09:17.076000,0 days 01:09:42.391000,197.0,231.0,254.0,292.0,False,MEDIUM,1.0,True,Ferrari,0 days 00:52:29.603000,2020-07-17 09:37:29.803,1,,False,,False,False,,
67,0 days 01:10:59.565000,VET,5,0 days 00:01:17.327000,14.0,3.0,,,28.034,27.458,21.835,0 days 01:10:10.272000,0 days 01:10:37.730000,0 days 01:10:59.565000,275.0,250.0,255.0,294.0,True,MEDIUM,2.0,True,Ferrari,0 days 01:09:42.238000,2020-07-17 09:54:42.438,1,,False,,False,True,77.327,77.327
68,0 days 01:12:43.857000,VET,5,0 days 00:01:44.292000,15.0,3.0,,,38.614,39.359,26.319,0 days 01:11:38.179000,0 days 01:12:17.538000,0 days 01:12:43.857000,184.0,190.0,253.0,282.0,False,MEDIUM,3.0,True,Ferrari,0 days 01:10:59.565000,2020-07-17 09:55:59.765,1,,False,,False,True,104.292,104.292
69,0 days 01:14:14.746000,VET,5,0 days 00:01:30.889000,16.0,3.0,,,31.181,34.493,25.215,0 days 01:13:15.038000,0 days 01:13:49.531000,0 days 01:14:14.746000,245.0,210.0,252.0,292.0,False,MEDIUM,4.0,True,Ferrari,0 days 01:12:43.857000,2020-07-17 09:57:44.057,1,,False,,False,True,90.889,90.88900000000001
70,0 days 01:15:31.984000,VET,5,0 days 00:01:17.238000,17.0,3.0,,,28.193,27.319,21.726,0 days 01:14:42.939000,0 days 01:15:10.258000,0 days 01:15:31.984000,272.0,250.0,253.0,291.0,True,MEDIUM,5.0,True,Ferrari,0 days 01:14:14.746000,2020-07-17 09:59:14.946,1,,False,,False,True,77.238,77.238
71,0 days 01:17:12.368000,VET,5,0 days 00:01:40.384000,18.0,3.0,,0 days 01:17:10.711000,33.382,36.1,30.902,0 days 01:16:05.366000,0 days 01:16:41.466000,0 days 01:17:12.368000,194.0,158.0,,280.0,False,MEDIUM,6.0,True,Ferrari,0 days 01:15:31.984000,2020-07-17 10:00:32.184,1,,False,,False,False,100.384,100.384
72,0 days 01:19:37.360000,VET,5,0 days 00:02:24.992000,19.0,4.0,0 days 01:17:31.279000,0 days 01:19:37.422000,81.291,33.963,29.738,0 days 01:18:33.659000,0 days 01:19:07.622000,0 days 01:19:37.360000,197.0,158.0,,280.0,False,MEDIUM,7.0,False,Ferrari,0 days 01:17:12.368000,2020-07-17 10:02:12.568,1,,False,,False,False,144.992,144.992
73,0 days 01:38:06.460000,VET,5,,20.0,5.0,0 days 01:36:09.719000,0 days 01:38:05.456000,,34.622,29.114,,0 days 01:37:37.351000,0 days 01:38:07.133000,249.0,224.0,,280.0,False,MEDIUM,8.0,False,Ferrari,0 days 01:19:37.360000,2020-07-17 10:04:37.560,1,,False,,False,False,,
74,0 days 01:40:01.278000,VET,5,0 days 00:01:54.818000,21.0,6.0,0 days 01:38:28.099000,,62.015,29.671,23.132,0 days 01:39:08.475000,0 days 01:39:38.146000,0 days 01:40:01.278000,270.0,235.0,243.0,280.0,False,MEDIUM,9.0,False,Ferrari,0 days 01:38:06.460000,2020-07-17 10:23:06.660,1,,False,,False,False,114.818,114.81800000000001
75,0 days 01:41:24.891000,VET,5,0 days 00:01:23.613000,22.0,6.0,,,29.497,28.904,25.212,0 days 01:40:30.775000,0 days 01:40:59.679000,0 days 01:41:24.891000,270.0,239.0,240.0,278.0,False,MEDIUM,10.0,False,Ferrari,0 days 01:40:01.278000,2020-07-17 10:25:01.478,1,,False,,False,True,83.613,83.613
76,0 days 01:42:47.238000,VET,5,0 days 00:01:22.347000,23.0,6.0,,,29.332,29.209,23.806,0 days 01:41:54.223000,0 days 01:42:23.432000,0 days 01:42:47.238000,274.0,236.0,248.0,279.0,False,MEDIUM,11.0,False,Ferrari,0 days 01:41:24.891000,2020-07-17 10:26:25.091,1,,False,,False,True,82.347,82.347
77,0 days 01:44:10.213000,VET,5,0 days 00:01:22.975000,24.0,6.0,,,29.176,28.77,25.029,0 days 01:43:16.414000,0 days 01:43:45.184000,0 days 01:44:10.213000,272.0,241.0,244.0,301.0,False,MEDIUM,12.0,False,Ferrari,0 days 01:42:47.238000,2020-07-17 10:27:47.438,1,,False,,False,True,82.975,82.975
78,0 days 01:45:31.133000,VET,5,0 days 00:01:20.920000,25.0,6.0,,,29.408,28.689,22.823,0 days 01:44:39.621000,0 days 01:45:08.310000,0 days 01:45:31.133000,272.0,242.0,243.0,279.0,False,MEDIUM,13.0,False,Ferrari,0 days 01:44:10.213000,2020-07-17 10:29:10.413,1,,False,,False,True,80.92,80.92
79,0 days 01:47:02.655000,VET,5,0 days 00:01:31.522000,26.0,6.0,,0 days 01:47:00.528000,29.436,31.366,30.72,0 days 01:46:00.569000,0 days 01:46:31.935000,0 days 01:47:02.655000,273.0,201.0,,279.0,False,MEDIUM,14.0,False,Ferrari,0 days 01:45:31.133000,2020-07-17 10:30:31.333,1,,False,,False,False,91.522,91.52199999999999
80,0 days 00:18:53.151000,LAT,6,,1.0,1.0,0 days 00:17:07.896000,0 days 00:18:51.407000,,39.044,32.529,,0 days 00:18:20.622000,0 days 00:18:53.251000,230.0,209.0,,,False,SOFT,1.0,True,Williams,0 days 00:17:07.896000,2020-07-17 09:02:08.096,1,,False,,False,False,,
81,0 days 00:38:39.092000,LAT,6,,2.0,2.0,0 days 00:36:55.786000,,,37.799,31.396,,0 days 00:38:07.735000,0 days 00:38:39.236000,261.0,223.0,240.0,,False,SOFT,2.0,False,Williams,0 days 00:18:53.151000,2020-07-17 09:03:53.351,1,,False,,False,False,,
82,0 days 00:40:00.514000,LAT,6,0 days 00:01:21.422000,3.0,2.0,,,29.393,29.296,22.733,0 days 00:39:08.485000,0 days 00:39:37.781000,0 days 00:40:00.514000,273.0,241.0,253.0,294.0,True,SOFT,3.0,False,Williams,0 days 00:38:39.092000,2020-07-17 09:23:39.292,1,,False,,False,True,81.422,81.422
83,0 days 00:41:49.907000,LAT,6,0 days 00:01:49.393000,4.0,2.0,,,37.286,40.918,31.189,0 days 00:40:37.800000,0 days 00:41:18.718000,0 days 00:41:49.907000,235.0,229.0,253.0,293.0,False,SOFT,4.0,False,Williams,0 days 00:40:00.514000,2020-07-17 09:25:00.714,1,,False,,False,True,109.393,109.393
84,0 days 00:43:08.934000,LAT,6,0 days 00:01:19.027000,5.0,2.0,,,28.485,28.326,22.216,0 days 00:42:18.392000,0 days 00:42:46.718000,0 days 00:43:08.934000,272.0,247.0,253.0,298.0,True,SOFT,5.0,False,Williams,0 days 00:41:49.907000,2020-07-17 09:26:50.107,1,,False,,False,True,79.027,79.027
85,0 days 00:44:52.783000,LAT,6,0 days 00:01:43.849000,6.0,2.0,,,35.975,41.334,26.54,0 days 00:43:44.909000,0 days 00:44:26.243000,0 days 00:44:52.783000,233.0,212.0,252.0,289.0,False,SOFT,6.0,False,Williams,0 days 00:43:08.934000,2020-07-17 09:28:09.134,12,,False,,False,True,103.849,103.84899999999999
86,0 days 00:46:10.958000,LAT,6,0 days 00:01:18.175000,7.0,2.0,,,28.35,27.687,22.138,0 days 00:45:21.133000,0 days 00:45:48.820000,0 days 00:46:10.958000,274.0,249.0,253.0,295.0,True,SOFT,7.0,False,Williams,0 days 00:44:52.783000,2020-07-17 09:29:52.983,1,,False,,False,True,78.175,78.17500000000001
87,0 days 00:48:02.759000,LAT,6,0 days 00:01:51.801000,8.0,2.0,,,39.776,42.173,29.852,0 days 00:46:50.734000,0 days 00:47:32.907000,0 days 00:48:02.759000,182.0,224.0,253.0,285.0,False,SOFT,8.0,False,Williams,0 days 00:46:10.958000,2020-07-17 09:31:11.158,1,,False,,False,True,111.801,111.80100000000002
88,0 days 00:49:46.431000,LAT,6,0 days 00:01:43.672000,9.0,2.0,,0 days 00:49:45.164000,36.268,36.615,30.789,0 days 00:48:39.027000,0 days 00:49:15.642000,0 days 00:49:46.431000,122.0,215.0,,297.0,False,SOFT,9.0,False,Williams,0 days 00:48:02.759000,2020-07-17 09:33:02.959,1,,False,,False,False,103.672,103.67200000000001
89,0 days 00:51:51.664000,LAT,6,0 days 00:02:05.233000,10.0,3.0,0 days 00:50:05.215000,0 days 00:51:50.075000,61.02,38.065,26.148,0 days 00:50:47.451000,0 days 00:51:25.516000,0 days 00:51:51.664000,237.0,224.0,,297.0,False,SOFT,10.0,False,Williams,0 days 00:49:46.431000,2020-07-17 09:34:46.631,1,,False,,False,False,125.233,125.233
90,0 days 01:08:47.228000,LAT,6,,11.0,4.0,0 days 01:07:04.937000,,,37.671,30.145,,0 days 01:08:17.083000,0 days 01:08:49.521000,201.0,212.0,247.0,297.0,False,MEDIUM,1.0,True,Williams,0 days 00:51:51.664000,2020-07-17 09:36:51.864,1,,False,,False,False,,
91,0 days 01:10:07.768000,LAT,6,0 days 00:01:20.540000,12.0,4.0,,,28.98,29.107,22.453,0 days 01:09:16.208000,0 days 01:09:45.315000,0 days 01:10:07.768000,274.0,239.0,255.0,295.0,False,MEDIUM,2.0,True,Williams,0 days 01:08:47.228000,2020-07-17 09:53:47.428,1,,False,,False,True,80.54,80.54
92,0 days 01:11:51.152000,LAT,6,0 days 00:01:43.384000,13.0,4.0,,,35.474,38.422,29.488,0 days 01:10:43.242000,0 days 01:11:21.664000,0 days 01:11:51.152000,141.0,209.0,255.0,297.0,False,MEDIUM,3.0,True,Williams,0 days 01:10:07.768000,2020-07-17 09:55:07.968,1,,False,,False,True,103.384,103.38399999999999
93,0 days 01:13:09.830000,LAT,6,0 days 00:01:18.678000,14.0,4.0,,,28.313,28.087,22.278,0 days 01:12:19.465000,0 days 01:12:47.552000,0 days 01:13:09.830000,281.0,246.0,258.0,303.0,False,MEDIUM,4.0,True,Williams,0 days 01:11:51.152000,2020-07-17 09:56:51.352,1,,False,,False,True,78.678,78.678
94,0 days 01:14:57.704000,LAT,6,0 days 00:01:47.874000,15.0,4.0,,,38.836,38.582,30.456,0 days 01:13:48.666000,0 days 01:14:27.248000,0 days 01:14:57.704000,236.0,213.0,253.0,288.0,False,MEDIUM,5.0,True,Williams,0 days 01:13:09.830000,2020-07-17 09:58:10.030,1,,False,,False,True,107.874,107.87400000000001
95,0 days 01:16:45.143000,LAT,6,0 days 00:01:47.439000,16.0,4.0,,,41.405,40.288,25.746,0 days 01:15:39.109000,0 days 01:16:19.397000,0 days 01:16:45.143000,89.0,216.0,255.0,298.0,False,MEDIUM,6.0,True,Williams,0 days 01:14:57.704000,2020-07-17 09:59:57.904,1,,False,,False,True,107.439,107.439
96,0 days 01:18:03.112000,LAT,6,0 days 00:01:17.969000,17.0,4.0,,,28.11,27.719,22.14,0 days 01:17:13.253000,0 days 01:17:40.972000,0 days 01:18:03.112000,279.0,249.0,256.0,301.0,True,MEDIUM,7.0,True,Williams,0 days 01:16:45.143000,2020-07-17 10:01:45.343,1,,False,,False,True,77.969,77.969
97,0 days 01:19:49.396000,LAT,6,0 days 00:01:46.284000,18.0,4.0,,,35.576,42.32,28.388,0 days 01:18:38.688000,0 days 01:19:21.008000,0 days 01:19:49.396000,179.0,204.0,253.0,290.0,False,MEDIUM,8.0,True,Williams,0 days 01:18:03.112000,2020-07-17 10:03:03.312,1,,False,,False,True,106.284,106.284
98,0 days 01:21:08.275000,LAT,6,0 days 00:01:18.879000,19.0,4.0,,,28.421,28.056,22.402,0 days 01:20:17.817000,0 days 01:20:45.873000,0 days 01:21:08.275000,274.0,246.0,252.0,295.0,False,MEDIUM,9.0,True,Williams,0 days 01:19:49.396000,2020-07-17 10:04:49.596,1,,False,,False,True,78.879,78.879
99,0 days 01:22:44.149000,LAT,6,0 days 00:01:35.874000,20.0,4.0,,0 days 01:22:44.182000,32.87,36.163,26.841,0 days 01:21:41.145000,0 days 01:22:17.308000,0 days 01:22:44.149000,230.0,216.0,,288.0,False,MEDIUM,10.0,True,Williams,0 days 01:21:08.275000,2020-07-17 10:06:08.475,1,,False,,False,False,95.874,95.874
100,0 days 01:24:45.585000,LAT,6,0 days 00:02:01.436000,21.0,5.0,0 days 01:23:01.284000,0 days 01:24:45.617000,61.122,33.133,27.181,0 days 01:23:45.271000,0 days 01:24:18.404000,0 days 01:24:45.585000,237.0,223.0,,288.0,False,MEDIUM,11.0,False,Williams,0 days 01:22:44.149000,2020-07-17 10:07:44.349,1,,False,,False,False,121.436,121.43599999999999
101,0 days 01:34:10.725000,LAT,6,,22.0,6.0,0 days 01:32:40.136000,,,33.322,24.198,,0 days 01:33:46.687000,0 days 01:34:11.737000,254.0,224.0,240.0,288.0,False,MEDIUM,12.0,False,Williams,0 days 01:24:45.585000,2020-07-17 10:09:45.785,1,,False,,False,False,,
102,0 days 01:35:34.224000,LAT,6,0 days 00:01:23.499000,23.0,6.0,,,30.083,30.292,23.124,0 days 01:34:40.808000,0 days 01:35:11.100000,0 days 01:35:34.224000,269.0,226.0,243.0,277.0,False,MEDIUM,13.0,False,Williams,0 days 01:34:10.725000,2020-07-17 10:19:10.925,1,,False,,False,True,83.499,83.499
103,0 days 01:36:56.712000,LAT,6,0 days 00:01:22.488000,24.0,6.0,,,29.748,29.702,23.038,0 days 01:36:03.972000,0 days 01:36:33.674000,0 days 01:36:56.712000,273.0,237.0,244.0,279.0,False,MEDIUM,14.0,False,Williams,0 days 01:35:34.224000,2020-07-17 10:20:34.424,1,,False,,False,True,82.488,82.488
104,0 days 01:38:19.023000,LAT,6,0 days 00:01:22.311000,25.0,6.0,,,29.593,29.675,23.043,0 days 01:37:26.305000,0 days 01:37:55.980000,0 days 01:38:19.023000,272.0,235.0,243.0,280.0,False,MEDIUM,15.0,False,Williams,0 days 01:36:56.712000,2020-07-17 10:21:56.912,1,,False,,False,True,82.311,82.311
105,0 days 01:39:41.338000,LAT,6,0 days 00:01:22.315000,26.0,6.0,,,29.795,29.461,23.059,0 days 01:38:48.818000,0 days 01:39:18.279000,0 days 01:39:41.338000,274.0,237.0,245.0,280.0,False,MEDIUM,16.0,False,Williams,0 days 01:38:19.023000,2020-07-17 10:23:19.223,1,,False,,False,True,82.315,82.315
106,0 days 01:41:03.747000,LAT,6,0 days 00:01:22.409000,27.0,6.0,,,29.584,29.68,23.145,0 days 01:40:10.922000,0 days 01:40:40.602000,0 days 01:41:03.747000,278.0,238.0,245.0,284.0,False,MEDIUM,17.0,False,Williams,0 days 01:39:41.338000,2020-07-17 10:24:41.538,1,,False,,False,True,82.409,82.40899999999999
107,0 days 01:42:26.285000,LAT,6,0 days 00:01:22.538000,28.0,6.0,,,29.505,29.682,23.351,0 days 01:41:33.252000,0 days 01:42:02.934000,0 days 01:42:26.285000,276.0,237.0,245.0,284.0,False,MEDIUM,18.0,False,Williams,0 days 01:41:03.747000,2020-07-17 10:26:03.947,1,,False,,False,True,82.538,82.538
108,0 days 01:43:52.400000,LAT,6,0 days 00:01:26.115000,29.0,6.0,,,29.605,29.799,26.711,0 days 01:42:55.890000,0 days 01:43:25.689000,0 days 01:43:52.400000,276.0,235.0,239.0,282.0,False,MEDIUM,19.0,False,Williams,0 days 01:42:26.285000,2020-07-17 10:27:26.485,1,,False,,False,True,86.115,86.115
109,0 days 01:45:14.589000,LAT,6,0 days 00:01:22.189000,30.0,6.0,,,29.716,29.501,22.972,0 days 01:44:22.116000,0 days 01:44:51.617000,0 days 01:45:14.589000,274.0,241.0,244.0,285.0,False,MEDIUM,20.0,False,Williams,0 days 01:43:52.400000,2020-07-17 10:28:52.600,1,,False,,False,True,82.189,82.189
110,0 days 01:46:49.472000,LAT,6,0 days 00:01:34.883000,31.0,6.0,,0 days 01:46:47.911000,34.496,33.597,26.79,0 days 01:45:49.085000,0 days 01:46:22.682000,0 days 01:46:49.472000,237.0,230.0,,282.0,False,MEDIUM,21.0,False,Williams,0 days 01:45:14.589000,2020-07-17 10:30:14.789,1,,False,,False,False,94.883,94.88300000000001
111,0 days 00:17:45.082000,GRO,8,,1.0,1.0,0 days 00:16:02.249000,0 days 00:17:44.600000,,36.789,32.023,,0 days 00:17:13.059000,0 days 00:17:45.148000,219.0,149.0,,,False,MEDIUM,1.0,True,Haas F1 Team,0 days 00:16:02.249000,2020-07-17 09:01:02.449,1,,False,,False,False,,
112,0 days 00:36:42.106000,GRO,8,,2.0,2.0,0 days 00:35:09.028000,,,31.497,23.434,,0 days 00:36:19.112000,0 days 00:36:45.267000,259.0,233.0,252.0,,False,MEDIUM,2.0,False,Haas F1 Team,0 days 00:17:45.082000,2020-07-17 09:02:45.282,1,,False,,False,False,,
113,0 days 00:38:02.218000,GRO,8,0 days 00:01:20.112000,3.0,2.0,,,28.976,28.552,22.584,0 days 00:37:11.082000,0 days 00:37:39.634000,0 days 00:38:02.218000,273.0,245.0,254.0,294.0,True,MEDIUM,3.0,False,Haas F1 Team,0 days 00:36:42.106000,2020-07-17 09:21:42.306,1,,False,,False,True,80.112,80.112
114,0 days 00:39:37.595000,GRO,8,0 days 00:01:35.377000,4.0,2.0,,,34.807,36.032,24.538,0 days 00:38:37.025000,0 days 00:39:13.057000,0 days 00:39:37.595000,236.0,221.0,247.0,292.0,False,MEDIUM,4.0,False,Haas F1 Team,0 days 00:38:02.218000,2020-07-17 09:23:02.418,1,,False,,False,True,95.377,95.377
115,0 days 00:40:56.768000,GRO,8,0 days 00:01:19.173000,5.0,2.0,,,28.758,28.14,22.275,0 days 00:40:06.353000,0 days 00:40:34.493000,0 days 00:40:56.768000,273.0,246.0,254.0,296.0,True,MEDIUM,5.0,False,Haas F1 Team,0 days 00:39:37.595000,2020-07-17 09:24:37.795,1,,False,,False,True,79.173,79.173
116,0 days 00:42:36.338000,GRO,8,0 days 00:01:39.570000,6.0,2.0,,,32.242,37.205,30.123,0 days 00:41:29.010000,0 days 00:42:06.215000,0 days 00:42:36.338000,239.0,167.0,254.0,301.0,False,MEDIUM,6.0,False,Haas F1 Team,0 days 00:40:56.768000,2020-07-17 09:25:56.968,1,,False,,False,True,99.57,99.57000000000001
117,0 days 00:43:55.323000,GRO,8,0 days 00:01:18.985000,7.0,2.0,,,28.651,28.103,22.231,0 days 00:43:04.989000,0 days 00:43:33.092000,0 days 00:43:55.323000,273.0,247.0,254.0,297.0,True,MEDIUM,7.0,False,Haas F1 Team,0 days 00:42:36.338000,2020-07-17 09:27:36.538,12,,False,,False,True,78.985,78.98500000000001
118,0 days 00:45:39.666000,GRO,8,0 days 00:01:44.343000,8.0,2.0,,,38.972,40.759,24.612,0 days 00:44:34.295000,0 days 00:45:15.054000,0 days 00:45:39.666000,130.0,208.0,254.0,238.0,False,MEDIUM,8.0,False,Haas F1 Team,0 days 00:43:55.323000,2020-07-17 09:28:55.523,1,,False,,False,True,104.343,104.34299999999999
119,0 days 00:46:58.692000,GRO,8,0 days 00:01:19.026000,9.0,2.0,,,28.702,28.209,22.115,0 days 00:46:08.368000,0 days 00:46:36.577000,0 days 00:46:58.692000,274.0,247.0,255.0,297.0,False,MEDIUM,9.0,False,Haas F1 Team,0 days 00:45:39.666000,2020-07-17 09:30:39.866,1,,False,,False,True,79.026,79.026
120,0 days 00:48:28.094000,GRO,8,0 days 00:01:29.402000,10.0,2.0,,,32.595,33.199,23.608,0 days 00:47:31.287000,0 days 00:48:04.486000,0 days 00:48:28.094000,252.0,218.0,255.0,285.0,False,MEDIUM,10.0,False,Haas F1 Team,0 days 00:46:58.692000,2020-07-17 09:31:58.892,1,,False,,False,True,89.402,89.402
121,0 days 00:49:46.703000,GRO,8,0 days 00:01:18.609000,11.0,2.0,,,28.508,27.937,22.164,0 days 00:48:56.602000,0 days 00:49:24.539000,0 days 00:49:46.703000,274.0,251.0,254.0,296.0,True,MEDIUM,11.0,False,Haas F1 Team,0 days 00:48:28.094000,2020-07-17 09:33:28.294,1,,False,,False,True,78.609,78.60900000000001
122,0 days 00:51:22.022000,GRO,8,0 days 00:01:35.319000,12.0,2.0,,0 days 00:51:21.445000,32.119,33.422,29.778,0 days 00:50:18.822000,0 days 00:50:52.244000,0 days 00:51:22.022000,233.0,148.0,,288.0,False,MEDIUM,12.0,False,Haas F1 Team,0 days 00:49:46.703000,2020-07-17 09:34:46.903,1,,False,,False,False,95.319,95.31899999999999
123,0 days 01:03:54.069000,GRO,8,,13.0,3.0,0 days 01:02:19.766000,,,30.729,25.278,,0 days 01:03:28.846000,0 days 01:03:58.057000,262.0,237.0,254.0,288.0,False,MEDIUM,1.0,True,Haas F1 Team,0 days 00:51:22.022000,2020-07-17 09:36:22.222,1,,False,,False,False,,
124,0 days 01:05:12.885000,GRO,8,0 days 00:01:18.816000,14.0,3.0,,,28.467,28.263,22.086,0 days 01:04:22.536000,0 days 01:04:50.799000,0 days 01:05:12.885000,272.0,245.0,255.0,293.0,False,MEDIUM,2.0,True,Haas F1 Team,0 days 01:03:54.069000,2020-07-17 09:48:54.269,1,,False,,False,True,78.816,78.816
125,0 days 01:06:56.130000,GRO,8,0 days 00:01:43.245000,15.0,3.0,,,39.003,39.244,24.998,0 days 01:05:51.888000,0 days 01:06:31.132000,0 days 01:06:56.130000,137.0,214.0,255.0,282.0,False,MEDIUM,3.0,True,Haas F1 Team,0 days 01:05:12.885000,2020-07-17 09:50:13.085,1,,False,,False,True,103.245,103.245
126,0 days 01:08:14.062000,GRO,8,0 days 00:01:17.932000,16.0,3.0,,,28.308,27.674,21.95,0 days 01:07:24.438000,0 days 01:07:52.112000,0 days 01:08:14.062000,274.0,250.0,255.0,296.0,True,MEDIUM,4.0,True,Haas F1 Team,0 days 01:06:56.130000,2020-07-17 09:51:56.330,1,,False,,False,True,77.932,77.932
127,0 days 01:10:01.050000,GRO,8,0 days 00:01:46.988000,17.0,3.0,,,37.306,37.479,32.203,0 days 01:08:51.368000,0 days 01:09:28.847000,0 days 01:10:01.050000,196.0,213.0,254.0,284.0,False,MEDIUM,5.0,True,Haas F1 Team,0 days 01:08:14.062000,2020-07-17 09:53:14.262,1,,False,,False,True,106.988,106.988
128,0 days 01:11:18.940000,GRO,8,0 days 00:01:17.890000,18.0,3.0,,,28.241,27.576,22.073,0 days 01:10:29.291000,0 days 01:10:56.867000,0 days 01:11:18.940000,276.0,251.0,256.0,300.0,True,MEDIUM,6.0,True,Haas F1 Team,0 days 01:10:01.050000,2020-07-17 09:55:01.250,1,,False,,False,True,77.89,77.89
129,0 days 01:13:00.005000,GRO,8,0 days 00:01:41.065000,19.0,3.0,,,31.823,36.776,32.466,0 days 01:11:50.763000,0 days 01:12:27.539000,0 days 01:13:00.005000,227.0,207.0,257.0,288.0,False,MEDIUM,7.0,True,Haas F1 Team,0 days 01:11:18.940000,2020-07-17 09:56:19.140,1,,False,,False,True,101.065,101.065
130,0 days 01:14:18.301000,GRO,8,0 days 00:01:18.296000,20.0,3.0,,,28.482,27.68,22.134,0 days 01:13:28.487000,0 days 01:13:56.167000,0 days 01:14:18.301000,275.0,247.0,256.0,300.0,False,MEDIUM,8.0,True,Haas F1 Team,0 days 01:13:00.005000,2020-07-17 09:58:00.205,1,,False,,False,True,78.296,78.29599999999999
131,0 days 01:15:53.063000,GRO,8,0 days 00:01:34.762000,21.0,3.0,,0 days 01:15:53.109000,32.316,33.847,28.599,0 days 01:14:50.617000,0 days 01:15:24.464000,0 days 01:15:53.063000,191.0,149.0,,288.0,False,MEDIUM,9.0,True,Haas F1 Team,0 days 01:14:18.301000,2020-07-17 09:59:18.501,1,,False,,False,False,94.762,94.76200000000001
132,0 days 01:28:42.616000,GRO,8,,22.0,4.0,0 days 01:27:07.918000,,,30.294,23.342,,0 days 01:28:21.245000,0 days 01:28:42.744000,265.0,212.0,242.0,288.0,False,MEDIUM,10.0,False,Haas F1 Team,0 days 01:15:53.063000,2020-07-17 10:00:53.263,1,,False,,False,False,,
133,0 days 01:30:05.023000,GRO,8,0 days 00:01:22.407000,23.0,4.0,,,29.785,29.462,23.16,0 days 01:29:12.401000,0 days 01:29:41.863000,0 days 01:30:05.023000,268.0,234.0,242.0,274.0,False,MEDIUM,11.0,False,Haas F1 Team,0 days 01:28:42.616000,2020-07-17 10:13:42.816,1,,False,,False,True,82.407,82.407
134,0 days 01:31:26.998000,GRO,8,0 days 00:01:21.975000,24.0,4.0,,,29.646,29.184,23.145,0 days 01:30:34.669000,0 days 01:31:03.853000,0 days 01:31:26.998000,269.0,235.0,242.0,276.0,False,MEDIUM,12.0,False,Haas F1 Team,0 days 01:30:05.023000,2020-07-17 10:15:05.223,1,,False,,False,True,81.975,81.975
135,0 days 01:32:49.496000,GRO,8,0 days 00:01:22.498000,25.0,4.0,,,29.733,29.54,23.225,0 days 01:31:56.731000,0 days 01:32:26.271000,0 days 01:32:49.496000,270.0,235.0,241.0,276.0,False,MEDIUM,13.0,False,Haas F1 Team,0 days 01:31:26.998000,2020-07-17 10:16:27.198,1,,False,,False,True,82.498,82.49799999999999
136,0 days 01:34:11.745000,GRO,8,0 days 00:01:22.249000,26.0,4.0,,,29.75,29.232,23.267,0 days 01:33:19.246000,0 days 01:33:48.478000,0 days 01:34:11.745000,271.0,238.0,243.0,277.0,False,MEDIUM,14.0,False,Haas F1 Team,0 days 01:32:49.496000,2020-07-17 10:17:49.696,1,,False,,False,True,82.249,82.249
137,0 days 01:35:35.400000,GRO,8,0 days 00:01:23.655000,27.0,4.0,,,29.863,30.32,23.472,0 days 01:34:41.608000,0 days 01:35:11.928000,0 days 01:35:35.400000,276.0,235.0,244.0,283.0,False,MEDIUM,15.0,False,Haas F1 Team,0 days 01:34:11.745000,2020-07-17 10:19:11.945,1,,False,,False,True,83.655,83.655
138,0 days 01:37:01.220000,GRO,8,0 days 00:01:25.820000,28.0,4.0,,,31.823,30.694,23.303,0 days 01:36:07.223000,0 days 01:36:37.917000,0 days 01:37:01.220000,187.0,234.0,244.0,283.0,False,MEDIUM,16.0,False,Haas F1 Team,0 days 01:35:35.400000,2020-07-17 10:20:35.600,1,,False,,False,True,85.82,85.82
139,0 days 01:38:23.742000,GRO,8,0 days 00:01:22.522000,29.0,4.0,,,29.703,29.494,23.325,0 days 01:37:30.923000,0 days 01:38:00.417000,0 days 01:38:23.742000,272.0,237.0,242.0,281.0,False,MEDIUM,17.0,False,Haas F1 Team,0 days 01:37:01.220000,2020-07-17 10:22:01.420,1,,False,,False,True,82.522,82.522
140,0 days 01:39:47.601000,GRO,8,0 days 00:01:23.859000,30.0,4.0,,,29.947,30.145,23.767,0 days 01:38:53.689000,0 days 01:39:23.834000,0 days 01:39:47.601000,272.0,212.0,242.0,280.0,False,MEDIUM,18.0,False,Haas F1 Team,0 days 01:38:23.742000,2020-07-17 10:23:23.942,1,,False,,False,True,83.859,83.859
141,0 days 01:41:10.699000,GRO,8,0 days 00:01:23.098000,31.0,4.0,,,29.923,29.777,23.398,0 days 01:40:17.524000,0 days 01:40:47.301000,0 days 01:41:10.699000,271.0,235.0,243.0,280.0,False,MEDIUM,19.0,False,Haas F1 Team,0 days 01:39:47.601000,2020-07-17 10:24:47.801,1,,False,,False,True,83.098,83.098
142,0 days 01:42:33.659000,GRO,8,0 days 00:01:22.960000,32.0,4.0,,,29.879,29.647,23.434,0 days 01:41:40.578000,0 days 01:42:10.225000,0 days 01:42:33.659000,272.0,236.0,245.0,280.0,False,MEDIUM,20.0,False,Haas F1 Team,0 days 01:41:10.699000,2020-07-17 10:26:10.899,1,,False,,False,True,82.96,82.96
143,0 days 01:43:57.940000,GRO,8,0 days 00:01:24.281000,33.0,4.0,,,30.35,30.354,23.577,0 days 01:43:04.009000,0 days 01:43:34.363000,0 days 01:43:57.940000,276.0,232.0,245.0,282.0,False,MEDIUM,21.0,False,Haas F1 Team,0 days 01:42:33.659000,2020-07-17 10:27:33.859,1,,False,,False,True,84.281,84.281
144,0 days 01:45:21.645000,GRO,8,0 days 00:01:23.705000,34.0,4.0,,,29.708,30.255,23.742,0 days 01:44:27.648000,0 days 01:44:57.903000,0 days 01:45:21.645000,273.0,233.0,243.0,282.0,False,MEDIUM,22.0,False,Haas F1 Team,0 days 01:43:57.940000,2020-07-17 10:28:58.140,1,,False,,False,True,83.705,83.705
145,0 days 01:47:04.745000,GRO,8,0 days 00:01:43.100000,35.0,4.0,,0 days 01:47:03.018000,34.479,37.584,31.037,0 days 01:45:56.124000,0 days 01:46:33.708000,0 days 01:47:04.745000,181.0,150.0,,270.0,False,MEDIUM,23.0,False,Haas F1 Team,0 days 01:45:21.645000,2020-07-17 10:30:21.845,1,,False,,False,False,103.1,103.1
146,0 days 00:19:30.161000,PER,11,,1.0,1.0,0 days 00:17:58.640000,,,34.508,24.935,,0 days 00:19:05.232000,0 days 00:19:30.273000,234.0,205.0,247.0,,False,HARD,1.0,True,Racing Point,0 days 00:17:58.640000,2020-07-17 09:02:58.840,1,,False,,False,False,,
147,0 days 00:21:00.798000,PER,11,0 days 00:01:30.637000,2.0,1.0,,0 days 00:21:00.241000,30.556,32.01,28.071,0 days 00:20:00.717000,0 days 00:20:32.727000,0 days 00:21:00.798000,262.0,190.0,,293.0,False,HARD,2.0,True,Racing Point,0 days 00:19:30.161000,2020-07-17 09:04:30.361,1,,False,,False,False,90.637,90.637
148,0 days 00:37:51.546000,PER,11,,3.0,2.0,0 days 00:36:03.499000,,,32.156,24.547,,0 days 00:37:27.007000,0 days 00:37:51.760000,252.0,222.0,245.0,293.0,False,HARD,3.0,False,Racing Point,0 days 00:21:00.798000,2020-07-17 09:06:00.998,1,,False,,False,False,,
149,0 days 00:39:13.472000,PER,11,0 days 00:01:21.926000,4.0,2.0,,,29.244,29.305,23.377,0 days 00:38:20.790000,0 days 00:38:50.095000,0 days 00:39:13.472000,278.0,244.0,254.0,302.0,True,HARD,4.0,False,Racing Point,0 days 00:37:51.546000,2020-07-17 09:22:51.746,1,,False,,False,True,81.926,81.926
150,0 days 00:40:32.608000,PER,11,0 days 00:01:19.136000,5.0,2.0,,,28.662,28.235,22.239,0 days 00:39:42.134000,0 days 00:40:10.369000,0 days 00:40:32.608000,278.0,249.0,255.0,300.0,True,HARD,5.0,False,Racing Point,0 days 00:39:13.472000,2020-07-17 09:24:13.672,1,,False,,False,True,79.136,79.136
151,0 days 00:41:51.560000,PER,11,0 days 00:01:18.952000,6.0,2.0,,,28.228,28.215,22.509,0 days 00:41:00.836000,0 days 00:41:29.051000,0 days 00:41:51.560000,282.0,251.0,257.0,303.0,True,HARD,6.0,False,Racing Point,0 days 00:40:32.608000,2020-07-17 09:25:32.808,1,,False,,False,True,78.952,78.952
152,0 days 00:43:26.590000,PER,11,0 days 00:01:35.030000,7.0,2.0,,,35.651,33.552,25.827,0 days 00:42:27.211000,0 days 00:43:00.763000,0 days 00:43:26.590000,252.0,195.0,249.0,296.0,False,HARD,7.0,False,Racing Point,0 days 00:41:51.560000,2020-07-17 09:26:51.760,12,,False,,False,True,95.03,95.03
153,0 days 00:45:03.163000,PER,11,0 days 00:01:36.573000,8.0,2.0,,,29.439,35.578,31.556,0 days 00:43:56.029000,0 days 00:44:31.607000,0 days 00:45:03.163000,267.0,212.0,255.0,285.0,False,HARD,8.0,False,Racing Point,0 days 00:43:26.590000,2020-07-17 09:28:26.790,21,,False,,False,True,96.573,96.573
154,0 days 00:46:26.677000,PER,11,0 days 00:01:23.514000,9.0,2.0,,,28.429,30.725,24.36,0 days 00:45:31.592000,0 days 00:46:02.317000,0 days 00:46:26.677000,284.0,223.0,254.0,303.0,False,HARD,9.0,False,Racing Point,0 days 00:45:03.163000,2020-07-17 09:30:03.363,1,,False,,False,True,83.514,83.514
155,0 days 00:47:44.762000,PER,11,0 days 00:01:18.085000,10.0,2.0,,,28.227,27.725,22.133,0 days 00:46:54.904000,0 days 00:47:22.629000,0 days 00:47:44.762000,281.0,252.0,257.0,300.0,True,HARD,10.0,False,Racing Point,0 days 00:46:26.677000,2020-07-17 09:31:26.877,1,,False,,False,True,78.085,78.085
156,0 days 00:49:12.325000,PER,11,0 days 00:01:27.563000,11.0,2.0,,,31.47,31.007,25.086,0 days 00:48:16.232000,0 days 00:48:47.239000,0 days 00:49:12.325000,260.0,226.0,256.0,296.0,False,HARD,11.0,False,Racing Point,0 days 00:47:44.762000,2020-07-17 09:32:44.962,1,,False,,False,True,87.563,87.563
157,0 days 00:50:30.671000,PER,11,0 days 00:01:18.346000,12.0,2.0,,,28.079,27.732,22.535,0 days 00:49:40.404000,0 days 00:50:08.136000,0 days 00:50:30.671000,281.0,250.0,256.0,301.0,False,HARD,12.0,False,Racing Point,0 days 00:49:12.325000,2020-07-17 09:34:12.525,1,,False,,False,True,78.346,78.346
158,0 days 00:51:52.185000,PER,11,0 days 00:01:21.514000,13.0,2.0,,,28.744,29.41,23.36,0 days 00:50:59.415000,0 days 00:51:28.825000,0 days 00:51:52.185000,284.0,245.0,257.0,309.0,False,HARD,13.0,False,Racing Point,0 days 00:50:30.671000,2020-07-17 09:35:30.871,1,,False,,False,True,81.514,81.514
159,0 days 00:53:21.584000,PER,11,0 days 00:01:29.399000,14.0,2.0,,0 days 00:53:19.884000,28.043,31.606,29.75,0 days 00:52:20.228000,0 days 00:52:51.834000,0 days 00:53:21.584000,284.0,168.0,,306.0,False,HARD,14.0,False,Racing Point,0 days 00:51:52.185000,2020-07-17 09:36:52.385,1,,False,,False,False,89.399,89.399
160,0 days 01:06:51.215000,PER,11,,15.0,3.0,0 days 01:05:25.613000,,,31.726,23.726,,0 days 01:06:27.489000,0 days 01:06:51.313000,259.0,225.0,258.0,306.0,False,SOFT,1.0,True,Racing Point,0 days 00:53:21.584000,2020-07-17 09:38:21.784,1,,False,,False,False,,
161,0 days 01:08:07.876000,PER,11,0 days 00:01:16.661000,16.0,3.0,,,27.68,27.303,21.678,0 days 01:07:18.895000,0 days 01:07:46.198000,0 days 01:08:07.876000,281.0,252.0,256.0,301.0,True,SOFT,2.0,True,Racing Point,0 days 01:06:51.215000,2020-07-17 09:51:51.415,1,,False,,False,True,76.661,76.661
162,0 days 01:09:53.948000,PER,11,0 days 00:01:46.072000,17.0,3.0,,,36.756,39.598,29.718,0 days 01:08:44.632000,0 days 01:09:24.230000,0 days 01:09:53.948000,162.0,215.0,258.0,288.0,False,SOFT,3.0,True,Racing Point,0 days 01:08:07.876000,2020-07-17 09:53:08.076,1,,False,,False,True,106.072,106.072
163,0 days 01:11:10.478000,PER,11,0 days 00:01:16.530000,18.0,3.0,,,27.576,27.159,21.795,0 days 01:10:21.524000,0 days 01:10:48.683000,0 days 01:11:10.478000,282.0,255.0,258.0,304.0,True,SOFT,4.0,True,Racing Point,0 days 01:09:53.948000,2020-07-17 09:54:54.148,1,,False,,False,True,76.53,76.53
164,0 days 01:12:56.769000,PER,11,0 days 00:01:46.291000,19.0,3.0,,,37.276,38.716,30.299,0 days 01:11:47.754000,0 days 01:12:26.470000,0 days 01:12:56.769000,223.0,225.0,255.0,290.0,False,SOFT,5.0,True,Racing Point,0 days 01:11:10.478000,2020-07-17 09:56:10.678,1,,False,,False,True,106.291,106.291
165,0 days 01:15:06.445000,PER,11,0 days 00:02:09.676000,20.0,3.0,,0 days 01:15:05.081000,40.918,48.132,40.626,0 days 01:13:37.687000,0 days 01:14:25.819000,0 days 01:15:06.445000,167.0,134.0,,303.0,False,SOFT,6.0,True,Racing Point,0 days 01:12:56.769000,2020-07-17 09:57:56.969,1,,False,,False,False,129.676,129.676
166,0 days 00:17:27.054000,LEC,16,,1.0,1.0,0 days 00:15:43.231000,0 days 00:17:25.367000,,35.534,32.465,,0 days 00:16:54.589000,0 days 00:17:27.150000,174.0,215.0,,,False,MEDIUM,1.0,True,Ferrari,0 days 00:15:43.231000,2020-07-17 09:00:43.431,1,,False,,False,False,,
167,0 days 00:37:57.023000,LEC,16,,2.0,2.0,0 days 00:36:21.631000,,,31.977,28.772,,0 days 00:37:29.941000,0 days 00:37:57.144000,197.0,232.0,250.0,,False,MEDIUM,2.0,False,Ferrari,0 days 00:17:27.054000,2020-07-17 09:02:27.254,1,,False,,False,False,,
168,0 days 00:39:17.135000,LEC,16,0 days 00:01:20.112000,3.0,2.0,,,28.853,28.739,22.52,0 days 00:38:25.876000,0 days 00:38:54.615000,0 days 00:39:17.135000,272.0,245.0,251.0,290.0,True,MEDIUM,3.0,False,Ferrari,0 days 00:37:57.023000,2020-07-17 09:22:57.223,1,,False,,False,True,80.112,80.112
169,0 days 00:40:36.422000,LEC,16,0 days 00:01:19.287000,4.0,2.0,,,28.582,28.361,22.344,0 days 00:39:45.717000,0 days 00:40:14.078000,0 days 00:40:36.422000,274.0,246.0,252.0,294.0,True,MEDIUM,4.0,False,Ferrari,0 days 00:39:17.135000,2020-07-17 09:24:17.335,1,,False,,False,True,79.287,79.287
170,0 days 00:41:55.225000,LEC,16,0 days 00:01:18.803000,5.0,2.0,,,28.37,28.08,22.353,0 days 00:41:04.792000,0 days 00:41:32.872000,0 days 00:41:55.225000,275.0,249.0,255.0,296.0,True,MEDIUM,5.0,False,Ferrari,0 days 00:40:36.422000,2020-07-17 09:25:36.622,1,,False,,False,True,78.803,78.803
171,0 days 00:43:40.439000,LEC,16,0 days 00:01:45.214000,6.0,2.0,,,39.478,38.062,27.674,0 days 00:42:34.703000,0 days 00:43:12.765000,0 days 00:43:40.439000,203.0,207.0,249.0,297.0,False,MEDIUM,6.0,False,Ferrari,0 days 00:41:55.225000,2020-07-17 09:26:55.425,12,,False,,False,True,105.214,105.214
172,0 days 00:44:58.992000,LEC,16,0 days 00:01:18.553000,7.0,2.0,,,28.457,27.956,22.14,0 days 00:44:08.896000,0 days 00:44:36.852000,0 days 00:44:58.992000,273.0,250.0,254.0,290.0,True,MEDIUM,7.0,False,Ferrari,0 days 00:43:40.439000,2020-07-17 09:28:40.639,1,,False,,False,True,78.553,78.553
173,0 days 00:46:34.751000,LEC,16,0 days 00:01:35.759000,8.0,2.0,,,28.923,39.743,27.093,0 days 00:45:27.915000,0 days 00:46:07.658000,0 days 00:46:34.751000,255.0,208.0,251.0,294.0,False,MEDIUM,8.0,False,Ferrari,0 days 00:44:58.992000,2020-07-17 09:29:59.192,1,,False,,False,True,95.759,95.759
174,0 days 00:48:09.299000,LEC,16,0 days 00:01:34.548000,9.0,2.0,,,28.471,35.641,30.436,0 days 00:47:03.222000,0 days 00:47:38.863000,0 days 00:48:09.299000,275.0,224.0,250.0,291.0,False,MEDIUM,9.0,False,Ferrari,0 days 00:46:34.751000,2020-07-17 09:31:34.951,1,,False,,False,True,94.548,94.548
175,0 days 00:49:27.726000,LEC,16,0 days 00:01:18.427000,10.0,2.0,,,28.544,27.763,22.12,0 days 00:48:37.843000,0 days 00:49:05.606000,0 days 00:49:27.726000,273.0,248.0,254.0,293.0,True,MEDIUM,10.0,False,Ferrari,0 days 00:48:09.299000,2020-07-17 09:33:09.499,1,,False,,False,True,78.427,78.427
176,0 days 00:50:46.011000,LEC,16,0 days 00:01:18.285000,11.0,2.0,,,28.327,27.794,22.164,0 days 00:49:56.053000,0 days 00:50:23.847000,0 days 00:50:46.011000,274.0,248.0,254.0,292.0,True,MEDIUM,11.0,False,Ferrari,0 days 00:49:27.726000,2020-07-17 09:34:27.926,1,,False,,False,True,78.285,78.285
177,0 days 00:52:04.368000,LEC,16,0 days 00:01:18.357000,12.0,2.0,,,28.345,27.714,22.298,0 days 00:51:14.356000,0 days 00:51:42.070000,0 days 00:52:04.368000,273.0,250.0,254.0,292.0,False,MEDIUM,12.0,False,Ferrari,0 days 00:50:46.011000,2020-07-17 09:35:46.211,1,,False,,False,True,78.357,78.357
178,0 days 00:53:44.823000,LEC,16,0 days 00:01:40.455000,13.0,2.0,,0 days 00:53:43.135000,33.422,36.236,30.797,0 days 00:52:37.790000,0 days 00:53:14.026000,0 days 00:53:44.823000,197.0,158.0,,293.0,False,MEDIUM,13.0,False,Ferrari,0 days 00:52:04.368000,2020-07-17 09:37:04.568,1,,False,,False,False,100.455,100.45499999999998
179,0 days 01:09:58.578000,LEC,16,,14.0,3.0,0 days 01:08:14.098000,,,37.299,30.762,,0 days 01:09:27.839000,0 days 01:09:58.716000,174.0,228.0,250.0,293.0,False,MEDIUM,1.0,True,Ferrari,0 days 00:53:44.823000,2020-07-17 09:38:45.023,1,,False,,False,False,,
180,0 days 01:11:16.042000,LEC,16,0 days 00:01:17.464000,15.0,3.0,,,28.149,27.521,21.794,0 days 01:10:26.727000,0 days 01:10:54.248000,0 days 01:11:16.042000,277.0,249.0,257.0,295.0,True,MEDIUM,2.0,True,Ferrari,0 days 01:09:58.578000,2020-07-17 09:54:58.778,1,,False,,False,True,77.464,77.464
181,0 days 01:12:52.391000,LEC,16,0 days 00:01:36.349000,16.0,3.0,,,29.674,36.158,30.517,0 days 01:11:45.716000,0 days 01:12:21.874000,0 days 01:12:52.391000,227.0,205.0,254.0,297.0,False,MEDIUM,3.0,True,Ferrari,0 days 01:11:16.042000,2020-07-17 09:56:16.242,1,,False,,False,True,96.349,96.34899999999999
182,0 days 01:14:21.863000,LEC,16,0 days 00:01:29.472000,17.0,3.0,,,32.234,30.231,27.007,0 days 01:13:24.625000,0 days 01:13:54.856000,0 days 01:14:21.863000,252.0,230.0,254.0,297.0,False,MEDIUM,4.0,True,Ferrari,0 days 01:12:52.391000,2020-07-17 09:57:52.591,1,,False,,False,True,89.472,89.47200000000001
183,0 days 01:15:39.559000,LEC,16,0 days 00:01:17.696000,18.0,3.0,,,28.154,27.297,22.245,0 days 01:14:50.017000,0 days 01:15:17.314000,0 days 01:15:39.559000,278.0,252.0,255.0,298.0,False,MEDIUM,5.0,True,Ferrari,0 days 01:14:21.863000,2020-07-17 09:59:22.063,1,,False,,False,True,77.696,77.696
184,0 days 01:17:13.680000,LEC,16,0 days 00:01:34.121000,19.0,3.0,,,31.691,33.38,29.05,0 days 01:16:11.250000,0 days 01:16:44.630000,0 days 01:17:13.680000,246.0,207.0,254.0,308.0,False,MEDIUM,6.0,True,Ferrari,0 days 01:15:39.559000,2020-07-17 10:00:39.759,1,,False,,False,True,94.121,94.121
185,0 days 01:18:31.084000,LEC,16,0 days 00:01:17.404000,20.0,3.0,,,28.143,27.376,21.885,0 days 01:17:41.823000,0 days 01:18:09.199000,0 days 01:18:31.084000,274.0,251.0,255.0,292.0,True,MEDIUM,7.0,True,Ferrari,0 days 01:17:13.680000,2020-07-17 10:02:13.880,1,,False,,False,True,77.404,77.40400000000001
186,0 days 01:19:59.921000,LEC,16,0 days 00:01:28.837000,21.0,3.0,,0 days 01:19:58.212000,30.242,31.815,26.78,0 days 01:19:01.326000,0 days 01:19:33.141000,0 days 01:19:59.921000,197.0,226.0,,295.0,False,MEDIUM,8.0,True,Ferrari,0 days 01:18:31.084000,2020-07-17 10:03:31.284,1,,False,,False,False,88.837,88.837
187,0 days 01:22:23.028000,LEC,16,0 days 00:02:23.107000,22.0,4.0,0 days 01:20:19.472000,0 days 01:22:21.310000,83.889,32.13,27.088,0 days 01:21:23.810000,0 days 01:21:55.940000,0 days 01:22:23.028000,248.0,231.0,,295.0,False,MEDIUM,9.0,False,Ferrari,0 days 01:19:59.921000,2020-07-17 10:05:00.121,1,,False,,False,False,143.107,143.107
188,0 days 01:37:38.360000,LEC,16,,23.0,5.0,0 days 01:35:54.657000,0 days 01:37:37.071000,,34.812,27.367,,0 days 01:37:11.003000,0 days 01:37:40.773000,245.0,219.0,,295.0,False,MEDIUM,10.0,False,Ferrari,0 days 01:22:23.028000,2020-07-17 10:07:23.228,1,,False,,False,False,,
189,0 days 01:39:40.017000,LEC,16,0 days 00:02:01.657000,24.0,6.0,0 days 01:37:57.062000,,64.993,29.659,27.005,0 days 01:38:43.353000,0 days 01:39:13.012000,0 days 01:39:40.017000,269.0,235.0,239.0,295.0,False,MEDIUM,11.0,False,Ferrari,0 days 01:37:38.360000,2020-07-17 10:22:38.560,1,,False,,False,False,121.657,121.65699999999998
190,0 days 01:41:01.243000,LEC,16,0 days 00:01:21.226000,25.0,6.0,,,29.619,28.823,22.784,0 days 01:40:09.636000,0 days 01:40:38.459000,0 days 01:41:01.243000,271.0,240.0,244.0,276.0,False,MEDIUM,12.0,False,Ferrari,0 days 01:39:40.017000,2020-07-17 10:24:40.217,1,,False,,False,True,81.226,81.226
191,0 days 01:42:22.914000,LEC,16,0 days 00:01:21.671000,26.0,6.0,,,29.524,29.257,22.89,0 days 01:41:30.767000,0 days 01:42:00.024000,0 days 01:42:22.914000,274.0,238.0,243.0,280.0,False,MEDIUM,13.0,False,Ferrari,0 days 01:41:01.243000,2020-07-17 10:26:01.443,1,,False,,False,True,81.671,81.671
192,0 days 01:43:43.947000,LEC,16,0 days 00:01:21.033000,27.0,6.0,,,29.379,28.822,22.832,0 days 01:42:52.293000,0 days 01:43:21.115000,0 days 01:43:43.947000,273.0,243.0,244.0,278.0,False,MEDIUM,14.0,False,Ferrari,0 days 01:42:22.914000,2020-07-17 10:27:23.114,1,,False,,False,True,81.033,81.033
193,0 days 01:45:04.864000,LEC,16,0 days 00:01:20.917000,28.0,6.0,,,29.365,28.755,22.797,0 days 01:44:13.312000,0 days 01:44:42.067000,0 days 01:45:04.864000,273.0,241.0,248.0,278.0,False,MEDIUM,15.0,False,Ferrari,0 days 01:43:43.947000,2020-07-17 10:28:44.147,1,,False,,False,True,80.917,80.917
194,0 days 01:46:30.719000,LEC,16,0 days 00:01:25.855000,29.0,6.0,,0 days 01:46:29.057000,29.443,29.568,26.844,0 days 01:45:34.307000,0 days 01:46:03.875000,0 days 01:46:30.719000,272.0,230.0,,280.0,False,MEDIUM,16.0,False,Ferrari,0 days 01:45:04.864000,2020-07-17 10:30:05.064,1,,False,,False,False,85.855,85.855
195,0 days 00:19:22.177000,STR,18,,1.0,1.0,0 days 00:17:35.693000,0 days 00:19:20.517000,,32.054,28.496,,0 days 00:18:53.681000,0 days 00:19:22.255000,256.0,236.0,,,False,HARD,1.0,True,Racing Point,0 days 00:17:35.693000,2020-07-17 09:02:35.893,1,,False,,False,False,,
196,0 days 00:38:36.303000,STR,18,,2.0,2.0,0 days 00:37:05.302000,,,31.891,27.341,,0 days 00:38:09.012000,0 days 00:38:36.409000,255.0,227.0,241.0,,False,HARD,2.0,False,Racing Point,0 days 00:19:22.177000,2020-07-17 09:04:22.377,1,,False,,False,False,,
197,0 days 00:39:56.372000,STR,18,0 days 00:01:20.069000,3.0,2.0,,,29.107,28.623,22.339,0 days 00:39:05.410000,0 days 00:39:34.033000,0 days 00:39:56.372000,280.0,245.0,254.0,297.0,True,HARD,3.0,False,Racing Point,0 days 00:38:36.303000,2020-07-17 09:23:36.503,1,,False,,False,True,80.069,80.069
198,0 days 00:41:15.283000,STR,18,0 days 00:01:18.911000,4.0,2.0,,,28.454,28.046,22.411,0 days 00:40:24.826000,0 days 00:40:52.872000,0 days 00:41:15.283000,281.0,249.0,258.0,302.0,True,HARD,4.0,False,Racing Point,0 days 00:39:56.372000,2020-07-17 09:24:56.572,1,,False,,False,True,78.911,78.911
199,0 days 00:42:52.007000,STR,18,0 days 00:01:36.724000,5.0,2.0,,,35.519,36.109,25.096,0 days 00:41:50.802000,0 days 00:42:26.911000,0 days 00:42:52.007000,205.0,195.0,252.0,295.0,False,HARD,5.0,False,Racing Point,0 days 00:41:15.283000,2020-07-17 09:26:15.483,1,,False,,False,True,96.724,96.724
200,0 days 00:44:10.952000,STR,18,0 days 00:01:18.945000,6.0,2.0,,,28.43,28.139,22.376,0 days 00:43:20.437000,0 days 00:43:48.576000,0 days 00:44:10.952000,281.0,244.0,256.0,300.0,False,HARD,6.0,False,Racing Point,0 days 00:42:52.007000,2020-07-17 09:27:52.207,12,,False,,False,True,78.945,78.94500000000001
201,0 days 00:45:51.755000,STR,18,0 days 00:01:40.803000,7.0,2.0,,,37.523,37.98,25.3,0 days 00:44:48.475000,0 days 00:45:26.455000,0 days 00:45:51.755000,213.0,220.0,246.0,301.0,False,HARD,7.0,False,Racing Point,0 days 00:44:10.952000,2020-07-17 09:29:11.152,1,,False,,False,True,100.803,100.803
202,0 days 00:47:19.842000,STR,18,0 days 00:01:28.087000,8.0,2.0,,,31.262,33.113,23.712,0 days 00:46:23.017000,0 days 00:46:56.130000,0 days 00:47:19.842000,263.0,235.0,256.0,289.0,False,HARD,8.0,False,Racing Point,0 days 00:45:51.755000,2020-07-17 09:30:51.955,1,,False,,False,True,88.087,88.087
203,0 days 00:48:38.693000,STR,18,0 days 00:01:18.851000,9.0,2.0,,,28.434,28.174,22.243,0 days 00:47:48.276000,0 days 00:48:16.450000,0 days 00:48:38.693000,281.0,247.0,256.0,304.0,True,HARD,9.0,False,Racing Point,0 days 00:47:19.842000,2020-07-17 09:32:20.042,1,,False,,False,True,78.851,78.851
204,0 days 00:49:57.528000,STR,18,0 days 00:01:18.835000,10.0,2.0,,,28.239,28.096,22.5,0 days 00:49:06.932000,0 days 00:49:35.028000,0 days 00:49:57.528000,283.0,252.0,255.0,303.0,True,HARD,10.0,False,Racing Point,0 days 00:48:38.693000,2020-07-17 09:33:38.893,1,,False,,False,True,78.835,78.83500000000001
205,0 days 00:51:23.310000,STR,18,0 days 00:01:25.782000,11.0,2.0,,,30.859,30.73,24.193,0 days 00:50:28.387000,0 days 00:50:59.117000,0 days 00:51:23.310000,256.0,241.0,254.0,304.0,False,HARD,11.0,False,Racing Point,0 days 00:49:57.528000,2020-07-17 09:34:57.728,1,,False,,False,True,85.782,85.782
206,0 days 00:52:41.447000,STR,18,0 days 00:01:18.137000,12.0,2.0,,,28.157,27.688,22.292,0 days 00:51:51.467000,0 days 00:52:19.155000,0 days 00:52:41.447000,279.0,251.0,255.0,300.0,True,HARD,12.0,False,Racing Point,0 days 00:51:23.310000,2020-07-17 09:36:23.510,1,,False,,False,True,78.137,78.137
207,0 days 00:54:12.271000,STR,18,0 days 00:01:30.824000,13.0,2.0,,0 days 00:54:12.442000,30.461,31.484,28.879,0 days 00:53:11.908000,0 days 00:53:43.392000,0 days 00:54:12.271000,259.0,196.0,,288.0,False,HARD,13.0,False,Racing Point,0 days 00:52:41.447000,2020-07-17 09:37:41.647,1,,False,,False,False,90.824,90.824
208,0 days 01:07:04.849000,STR,18,,14.0,3.0,0 days 01:05:33.208000,,,32.439,28.675,,0 days 01:06:36.252000,0 days 01:07:04.937000,254.0,225.0,257.0,288.0,False,SOFT,1.0,True,Racing Point,0 days 00:54:12.271000,2020-07-17 09:39:12.471,1,,False,,False,False,,
209,0 days 01:08:21.816000,STR,18,0 days 00:01:16.967000,15.0,3.0,,,27.675,27.261,22.031,0 days 01:07:32.524000,0 days 01:07:59.785000,0 days 01:08:21.816000,282.0,252.0,258.0,302.0,True,SOFT,2.0,True,Racing Point,0 days 01:07:04.849000,2020-07-17 09:52:05.049,1,,False,,False,True,76.967,76.967
210,0 days 01:10:06.258000,STR,18,0 days 00:01:44.442000,16.0,3.0,,,34.898,41.906,27.638,0 days 01:08:56.714000,0 days 01:09:38.620000,0 days 01:10:06.258000,173.0,200.0,257.0,296.0,False,SOFT,3.0,True,Racing Point,0 days 01:08:21.816000,2020-07-17 09:53:22.016,1,,False,,False,True,104.442,104.44200000000001
211,0 days 01:11:36.055000,STR,18,0 days 00:01:29.797000,17.0,3.0,,,27.791,34.142,27.864,0 days 01:10:34.049000,0 days 01:11:08.191000,0 days 01:11:36.055000,284.0,211.0,255.0,306.0,False,SOFT,4.0,True,Racing Point,0 days 01:10:06.258000,2020-07-17 09:55:06.458,1,,False,,False,True,89.797,89.79700000000001
212,0 days 01:12:53.356000,STR,18,0 days 00:01:17.301000,18.0,3.0,,,27.793,27.296,22.212,0 days 01:12:03.848000,0 days 01:12:31.144000,0 days 01:12:53.356000,281.0,252.0,259.0,303.0,False,SOFT,5.0,True,Racing Point,0 days 01:11:36.055000,2020-07-17 09:56:36.255,1,,False,,False,True,77.301,77.301
213,0 days 01:14:34.735000,STR,18,0 days 00:01:41.379000,19.0,3.0,,,36.76,40.082,24.537,0 days 01:13:30.116000,0 days 01:14:10.198000,0 days 01:14:34.735000,216.0,219.0,249.0,301.0,False,SOFT,6.0,True,Racing Point,0 days 01:12:53.356000,2020-07-17 09:57:53.556,1,,False,,False,True,101.379,101.37899999999999
214,0 days 01:15:58.133000,STR,18,0 days 00:01:23.398000,20.0,3.0,,0 days 01:15:57.648000,27.978,28.843,26.577,0 days 01:15:02.713000,0 days 01:15:31.556000,0 days 01:15:58.133000,281.0,238.0,,298.0,False,SOFT,7.0,True,Racing Point,0 days 01:14:34.735000,2020-07-17 09:59:34.935,1,,False,,False,False,83.398,83.398
215,0 days 01:27:23.009000,STR,18,,21.0,4.0,0 days 01:25:44.729000,,,31.201,23.788,,0 days 01:26:59.240000,0 days 01:27:23.141000,259.0,230.0,234.0,298.0,False,SOFT,8.0,False,Racing Point,0 days 01:15:58.133000,2020-07-17 10:00:58.333,1,,False,,False,False,,
216,0 days 01:28:45.124000,STR,18,0 days 00:01:22.115000,22.0,4.0,,,29.659,29.33,23.126,0 days 01:27:52.668000,0 days 01:28:21.998000,0 days 01:28:45.124000,276.0,238.0,244.0,274.0,False,SOFT,9.0,False,Racing Point,0 days 01:27:23.009000,2020-07-17 10:12:23.209,1,,False,,False,True,82.115,82.115
217,0 days 01:30:07.731000,STR,18,0 days 00:01:22.607000,23.0,4.0,,,29.494,29.622,23.491,0 days 01:29:14.618000,0 days 01:29:44.240000,0 days 01:30:07.731000,278.0,233.0,244.0,283.0,False,SOFT,10.0,False,Racing Point,0 days 01:28:45.124000,2020-07-17 10:13:45.324,1,,False,,False,True,82.607,82.607
218,0 days 01:31:30.137000,STR,18,0 days 00:01:22.406000,24.0,4.0,,,29.514,29.524,23.368,0 days 01:30:37.245000,0 days 01:31:06.769000,0 days 01:31:30.137000,276.0,236.0,245.0,284.0,False,SOFT,11.0,False,Racing Point,0 days 01:30:07.731000,2020-07-17 10:15:07.931,1,,False,,False,True,82.406,82.40599999999999
219,0 days 01:32:52.872000,STR,18,0 days 00:01:22.735000,25.0,4.0,,,29.473,29.677,23.585,0 days 01:31:59.610000,0 days 01:32:29.287000,0 days 01:32:52.872000,279.0,235.0,244.0,284.0,False,SOFT,12.0,False,Racing Point,0 days 01:31:30.137000,2020-07-17 10:16:30.337,1,,False,,False,True,82.735,82.735
220,0 days 01:34:16.604000,STR,18,0 days 00:01:23.732000,26.0,4.0,,,29.893,30.073,23.766,0 days 01:33:22.765000,0 days 01:33:52.838000,0 days 01:34:16.604000,280.0,235.0,244.0,285.0,False,SOFT,13.0,False,Racing Point,0 days 01:32:52.872000,2020-07-17 10:17:53.072,1,,False,,False,True,83.732,83.732
221,0 days 01:35:40.622000,STR,18,0 days 00:01:24.018000,27.0,4.0,,,29.849,30.29,23.879,0 days 01:34:46.453000,0 days 01:35:16.743000,0 days 01:35:40.622000,278.0,234.0,245.0,284.0,False,SOFT,14.0,False,Racing Point,0 days 01:34:16.604000,2020-07-17 10:19:16.804,1,,False,,False,True,84.018,84.018
222,0 days 01:37:04.841000,STR,18,0 days 00:01:24.219000,28.0,4.0,,,29.906,30.39,23.923,0 days 01:36:10.528000,0 days 01:36:40.918000,0 days 01:37:04.841000,278.0,232.0,246.0,285.0,False,SOFT,15.0,False,Racing Point,0 days 01:35:40.622000,2020-07-17 10:20:40.822,1,,False,,False,True,84.219,84.219
223,0 days 01:38:29.325000,STR,18,0 days 00:01:24.484000,29.0,4.0,,,30.008,30.598,23.878,0 days 01:37:34.849000,0 days 01:38:05.447000,0 days 01:38:29.325000,277.0,232.0,244.0,286.0,False,SOFT,16.0,False,Racing Point,0 days 01:37:04.841000,2020-07-17 10:22:05.041,1,,False,,False,True,84.484,84.484
224,0 days 01:39:55.203000,STR,18,0 days 00:01:25.878000,30.0,4.0,,,30.59,31.063,24.225,0 days 01:38:59.915000,0 days 01:39:30.978000,0 days 01:39:55.203000,279.0,232.0,245.0,284.0,False,SOFT,17.0,False,Racing Point,0 days 01:38:29.325000,2020-07-17 10:23:29.525,1,,False,,False,True,85.878,85.878
225,0 days 01:41:22.057000,STR,18,0 days 00:01:26.854000,31.0,4.0,,,31.14,31.517,24.197,0 days 01:40:26.343000,0 days 01:40:57.860000,0 days 01:41:22.057000,273.0,229.0,244.0,284.0,False,SOFT,18.0,False,Racing Point,0 days 01:39:55.203000,2020-07-17 10:24:55.403,1,,False,,False,True,86.854,86.854
226,0 days 01:42:46.991000,STR,18,0 days 00:01:24.934000,32.0,4.0,,,30.093,30.799,24.042,0 days 01:41:52.150000,0 days 01:42:22.949000,0 days 01:42:46.991000,276.0,227.0,244.0,284.0,False,SOFT,19.0,False,Racing Point,0 days 01:41:22.057000,2020-07-17 10:26:22.257,1,,False,,False,True,84.934,84.934
227,0 days 01:44:12.883000,STR,18,0 days 00:01:25.892000,33.0,4.0,,,30.542,31.212,24.138,0 days 01:43:17.533000,0 days 01:43:48.745000,0 days 01:44:12.883000,279.0,228.0,246.0,284.0,False,SOFT,20.0,False,Racing Point,0 days 01:42:46.991000,2020-07-17 10:27:47.191,1,,False,,False,True,85.892,85.89200000000001
228,0 days 01:45:38.421000,STR,18,0 days 00:01:25.538000,34.0,4.0,,,30.163,31.153,24.222,0 days 01:44:43.046000,0 days 01:45:14.199000,0 days 01:45:38.421000,278.0,228.0,244.0,286.0,False,SOFT,21.0,False,Racing Point,0 days 01:44:12.883000,2020-07-17 10:29:13.083,1,,False,,False,True,85.538,85.53800000000001
229,0 days 01:47:15.908000,STR,18,0 days 00:01:37.487000,35.0,4.0,,0 days 01:47:15.538000,32.462,34.83,30.195,0 days 01:46:10.883000,0 days 01:46:45.713000,0 days 01:47:15.908000,251.0,196.0,,272.0,False,SOFT,22.0,False,Racing Point,0 days 01:45:38.421000,2020-07-17 10:30:38.621,1,,False,,False,False,97.487,97.487
230,0 days 00:17:18.101000,MAG,20,,1.0,1.0,0 days 00:15:30.693000,0 days 00:17:16.351000,,38.067,33.766,,0 days 00:16:44.335000,0 days 00:17:18.188000,197.0,148.0,,,False,HARD,1.0,True,Haas F1 Team,0 days 00:15:30.693000,2020-07-17 09:00:30.893,1,,False,,False,False,,
231,0 days 00:35:01.522000,MAG,20,,2.0,2.0,0 days 00:33:19.692000,,,31.983,24.126,,0 days 00:34:37.424000,0 days 00:35:04.439000,259.0,226.0,249.0,,False,HARD,2.0,False,Haas F1 Team,0 days 00:17:18.101000,2020-07-17 09:02:18.301,1,,False,,False,False,,
232,0 days 00:36:22.383000,MAG,20,0 days 00:01:20.861000,3.0,2.0,,,29.294,28.929,22.638,0 days 00:35:30.816000,0 days 00:35:59.745000,0 days 00:36:22.383000,269.0,241.0,250.0,291.0,True,HARD,3.0,False,Haas F1 Team,0 days 00:35:01.522000,2020-07-17 09:20:01.722,1,,False,,False,True,80.861,80.861
233,0 days 00:37:42.348000,MAG,20,0 days 00:01:19.965000,4.0,2.0,,,28.989,28.451,22.525,0 days 00:36:51.372000,0 days 00:37:19.823000,0 days 00:37:42.348000,273.0,248.0,253.0,292.0,True,HARD,4.0,False,Haas F1 Team,0 days 00:36:22.383000,2020-07-17 09:21:22.583,1,,False,,False,True,79.965,79.965
234,0 days 00:39:26.109000,MAG,20,0 days 00:01:43.761000,5.0,2.0,,,39.26,39.268,25.233,0 days 00:38:21.608000,0 days 00:39:00.876000,0 days 00:39:26.109000,168.0,216.0,252.0,300.0,False,HARD,5.0,False,Haas F1 Team,0 days 00:37:42.348000,2020-07-17 09:22:42.548,1,,False,,False,True,103.761,103.761
235,0 days 00:40:52.345000,MAG,20,0 days 00:01:26.236000,6.0,2.0,,,28.8,32.636,24.8,0 days 00:39:54.909000,0 days 00:40:27.545000,0 days 00:40:52.345000,273.0,217.0,253.0,296.0,False,HARD,6.0,False,Haas F1 Team,0 days 00:39:26.109000,2020-07-17 09:24:26.309,1,,False,,False,True,86.236,86.236
236,0 days 00:42:11.391000,MAG,20,0 days 00:01:19.046000,7.0,2.0,,,28.587,28.1,22.359,0 days 00:41:20.932000,0 days 00:41:49.032000,0 days 00:42:11.391000,275.0,245.0,253.0,297.0,True,HARD,7.0,False,Haas F1 Team,0 days 00:40:52.345000,2020-07-17 09:25:52.545,1,,False,,False,True,79.046,79.04599999999999
237,0 days 00:43:50.441000,MAG,20,0 days 00:01:39.050000,8.0,2.0,,,32.977,32.989,33.084,0 days 00:42:44.368000,0 days 00:43:17.357000,0 days 00:43:50.441000,225.0,223.0,252.0,296.0,False,HARD,8.0,False,Haas F1 Team,0 days 00:42:11.391000,2020-07-17 09:27:11.591,12,,False,,False,True,99.05,99.05
238,0 days 00:45:09.268000,MAG,20,0 days 00:01:18.827000,9.0,2.0,,,28.475,28.207,22.145,0 days 00:44:18.916000,0 days 00:44:47.123000,0 days 00:45:09.268000,274.0,248.0,254.0,296.0,True,HARD,9.0,False,Haas F1 Team,0 days 00:43:50.441000,2020-07-17 09:28:50.641,1,,False,,False,True,78.827,78.827
239,0 days 00:46:28.009000,MAG,20,0 days 00:01:18.741000,10.0,2.0,,,28.452,27.885,22.404,0 days 00:45:37.720000,0 days 00:46:05.605000,0 days 00:46:28.009000,274.0,247.0,255.0,296.0,True,HARD,10.0,False,Haas F1 Team,0 days 00:45:09.268000,2020-07-17 09:30:09.468,1,,False,,False,True,78.741,78.741
240,0 days 00:48:18.728000,MAG,20,0 days 00:01:50.719000,11.0,2.0,,0 days 00:48:17.560000,33.89,43.587,33.242,0 days 00:47:01.899000,0 days 00:47:45.486000,0 days 00:48:18.728000,198.0,148.0,,301.0,False,HARD,11.0,False,Haas F1 Team,0 days 00:46:28.009000,2020-07-17 09:31:28.209,1,,False,,False,False,110.719,110.719
241,0 days 01:04:58.355000,MAG,20,,12.0,3.0,0 days 01:03:15.703000,,,30.018,28.29,,0 days 01:04:30.107000,0 days 01:04:59.184000,265.0,216.0,253.0,301.0,False,MEDIUM,1.0,True,Haas F1 Team,0 days 00:48:18.728000,2020-07-17 09:33:18.928,1,,False,,False,False,,
242,0 days 01:06:16.426000,MAG,20,0 days 00:01:18.071000,13.0,3.0,,,28.325,27.841,21.905,0 days 01:05:26.680000,0 days 01:05:54.521000,0 days 01:06:16.426000,273.0,250.0,253.0,293.0,True,MEDIUM,2.0,True,Haas F1 Team,0 days 01:04:58.355000,2020-07-17 09:49:58.555,1,,False,,False,True,78.071,78.071
243,0 days 01:08:19.173000,MAG,20,0 days 00:02:02.747000,14.0,3.0,,,38.019,52.552,32.176,0 days 01:06:54.445000,0 days 01:07:46.997000,0 days 01:08:19.173000,222.0,106.0,253.0,294.0,False,MEDIUM,3.0,True,Haas F1 Team,0 days 01:06:16.426000,2020-07-17 09:51:16.626,1,,False,,False,True,122.747,122.747
244,0 days 01:09:48.220000,MAG,20,0 days 00:01:29.047000,15.0,3.0,,,31.332,33.929,23.786,0 days 01:08:50.505000,0 days 01:09:24.434000,0 days 01:09:48.220000,202.0,236.0,255.0,295.0,False,MEDIUM,4.0,True,Haas F1 Team,0 days 01:08:19.173000,2020-07-17 09:53:19.373,1,,False,,False,True,89.047,89.047
245,0 days 01:11:05.933000,MAG,20,0 days 00:01:17.713000,16.0,3.0,,,28.252,27.555,21.906,0 days 01:10:16.472000,0 days 01:10:44.027000,0 days 01:11:05.933000,273.0,249.0,254.0,296.0,True,MEDIUM,5.0,True,Haas F1 Team,0 days 01:09:48.220000,2020-07-17 09:54:48.420,1,,False,,False,True,77.713,77.713
246,0 days 01:12:49.448000,MAG,20,0 days 00:01:43.515000,17.0,3.0,,,34.424,38.571,30.52,0 days 01:11:40.357000,0 days 01:12:18.928000,0 days 01:12:49.448000,259.0,210.0,255.0,297.0,False,MEDIUM,6.0,True,Haas F1 Team,0 days 01:11:05.933000,2020-07-17 09:56:06.133,1,,False,,False,True,103.515,103.515
247,0 days 01:14:07.164000,MAG,20,0 days 00:01:17.716000,18.0,3.0,,,28.219,27.564,21.933,0 days 01:13:17.667000,0 days 01:13:45.231000,0 days 01:14:07.164000,275.0,250.0,254.0,296.0,False,MEDIUM,7.0,True,Haas F1 Team,0 days 01:12:49.448000,2020-07-17 09:57:49.648,1,,False,,False,True,77.716,77.71600000000001
248,0 days 01:15:53.654000,MAG,20,0 days 00:01:46.490000,19.0,3.0,,,37.034,42.583,26.873,0 days 01:14:44.198000,0 days 01:15:26.781000,0 days 01:15:53.654000,241.0,217.0,254.0,299.0,False,MEDIUM,8.0,True,Haas F1 Team,0 days 01:14:07.164000,2020-07-17 09:59:07.364,1,,False,,False,True,106.49,106.49
249,0 days 01:17:26.587000,MAG,20,0 days 00:01:32.933000,20.0,3.0,,,29.658,37.785,25.49,0 days 01:16:23.312000,0 days 01:17:01.097000,0 days 01:17:26.587000,261.0,218.0,256.0,295.0,False,MEDIUM,9.0,True,Haas F1 Team,0 days 01:15:53.654000,2020-07-17 10:00:53.854,1,,False,,False,True,92.933,92.93299999999999
250,0 days 01:18:58.424000,MAG,20,0 days 00:01:31.837000,21.0,3.0,,0 days 01:18:58.433000,28.165,28.169,35.503,0 days 01:17:54.752000,0 days 01:18:22.921000,0 days 01:18:58.424000,274.0,189.0,,296.0,False,MEDIUM,10.0,True,Haas F1 Team,0 days 01:17:26.587000,2020-07-17 10:02:26.787,1,,False,,False,False,91.837,91.837
251,0 days 01:29:31.231000,MAG,20,,22.0,4.0,0 days 01:27:47.895000,,,32.575,23.862,,0 days 01:29:07.393000,0 days 01:29:35.458000,256.0,223.0,240.0,296.0,False,MEDIUM,11.0,False,Haas F1 Team,0 days 01:18:58.424000,2020-07-17 10:03:58.624,1,,False,,False,False,,
252,0 days 01:30:53.769000,MAG,20,0 days 00:01:22.538000,23.0,4.0,,,29.964,29.538,23.036,0 days 01:30:01.195000,0 days 01:30:30.733000,0 days 01:30:53.769000,268.0,230.0,241.0,273.0,False,MEDIUM,12.0,False,Haas F1 Team,0 days 01:29:31.231000,2020-07-17 10:14:31.431,1,,False,,False,True,82.538,82.538
253,0 days 01:32:17.124000,MAG,20,0 days 00:01:23.355000,24.0,4.0,,,29.892,30.258,23.205,0 days 01:31:23.661000,0 days 01:31:53.919000,0 days 01:32:17.124000,269.0,230.0,241.0,274.0,False,MEDIUM,13.0,False,Haas F1 Team,0 days 01:30:53.769000,2020-07-17 10:15:53.969,1,,True,TRACK LIMITS AT TURN 4,False,True,83.355,83.35499999999999
254,0 days 01:33:39.342000,MAG,20,0 days 00:01:22.218000,25.0,4.0,,,29.787,29.452,22.979,0 days 01:32:46.911000,0 days 01:33:16.363000,0 days 01:33:39.342000,269.0,237.0,242.0,275.0,False,MEDIUM,14.0,False,Haas F1 Team,0 days 01:32:17.124000,2020-07-17 10:17:17.324,1,,False,,False,True,82.218,82.218
255,0 days 01:35:02.209000,MAG,20,0 days 00:01:22.867000,26.0,4.0,,,29.884,29.649,23.334,0 days 01:34:09.226000,0 days 01:34:38.875000,0 days 01:35:02.209000,270.0,234.0,244.0,275.0,False,MEDIUM,15.0,False,Haas F1 Team,0 days 01:33:39.342000,2020-07-17 10:18:39.542,1,,False,,False,True,82.867,82.867
256,0 days 01:36:27.754000,MAG,20,0 days 00:01:25.545000,27.0,4.0,,,30.18,31.878,23.487,0 days 01:35:32.389000,0 days 01:36:04.267000,0 days 01:36:27.754000,273.0,222.0,244.0,285.0,False,MEDIUM,16.0,False,Haas F1 Team,0 days 01:35:02.209000,2020-07-17 10:20:02.409,1,,False,,False,True,85.545,85.545
257,0 days 01:37:54.932000,MAG,20,0 days 00:01:27.178000,28.0,4.0,,,29.865,30.723,26.59,0 days 01:36:57.619000,0 days 01:37:28.342000,0 days 01:37:54.932000,272.0,225.0,240.0,280.0,False,MEDIUM,17.0,False,Haas F1 Team,0 days 01:36:27.754000,2020-07-17 10:21:27.954,1,,False,,False,True,87.178,87.178
258,0 days 01:39:17.353000,MAG,20,0 days 00:01:22.421000,29.0,4.0,,,29.786,29.569,23.066,0 days 01:38:24.718000,0 days 01:38:54.287000,0 days 01:39:17.353000,270.0,236.0,242.0,278.0,False,MEDIUM,18.0,False,Haas F1 Team,0 days 01:37:54.932000,2020-07-17 10:22:55.132,1,,False,,False,True,82.421,82.421
259,0 days 01:40:39.669000,MAG,20,0 days 00:01:22.316000,30.0,4.0,,,29.879,29.34,23.097,0 days 01:39:47.232000,0 days 01:40:16.572000,0 days 01:40:39.669000,269.0,236.0,243.0,278.0,False,MEDIUM,19.0,False,Haas F1 Team,0 days 01:39:17.353000,2020-07-17 10:24:17.553,1,,False,,False,True,82.316,82.316
260,0 days 01:42:02.250000,MAG,20,0 days 00:01:22.581000,31.0,4.0,,,29.857,29.506,23.218,0 days 01:41:09.526000,0 days 01:41:39.032000,0 days 01:42:02.250000,269.0,236.0,242.0,276.0,False,MEDIUM,20.0,False,Haas F1 Team,0 days 01:40:39.669000,2020-07-17 10:25:39.869,1,,False,,False,True,82.581,82.581
261,0 days 01:43:25.127000,MAG,20,0 days 00:01:22.877000,32.0,4.0,,,29.901,29.62,23.356,0 days 01:42:32.151000,0 days 01:43:01.771000,0 days 01:43:25.127000,270.0,236.0,242.0,277.0,False,MEDIUM,21.0,False,Haas F1 Team,0 days 01:42:02.250000,2020-07-17 10:27:02.450,1,,False,,False,True,82.877,82.87700000000001
262,0 days 01:44:49.749000,MAG,20,0 days 00:01:24.622000,33.0,4.0,,,30.652,30.409,23.561,0 days 01:43:55.779000,0 days 01:44:26.188000,0 days 01:44:49.749000,274.0,231.0,244.0,278.0,False,MEDIUM,22.0,False,Haas F1 Team,0 days 01:43:25.127000,2020-07-17 10:28:25.327,1,,False,,False,True,84.622,84.622
263,0 days 01:46:12.151000,MAG,20,0 days 00:01:22.402000,34.0,4.0,,,29.659,29.55,23.193,0 days 01:45:19.408000,0 days 01:45:48.958000,0 days 01:46:12.151000,273.0,234.0,245.0,281.0,False,MEDIUM,23.0,False,Haas F1 Team,0 days 01:44:49.749000,2020-07-17 10:29:49.949,1,,False,,False,True,82.402,82.402
264,0 days 01:47:58.538000,MAG,20,0 days 00:01:46.387000,35.0,4.0,,0 days 01:47:56.804000,36.462,38.035,31.89,0 days 01:46:48.613000,0 days 01:47:26.648000,0 days 01:47:58.538000,194.0,164.0,,281.0,False,MEDIUM,24.0,False,Haas F1 Team,0 days 01:46:12.151000,2020-07-17 10:31:12.351,1,,False,,False,False,106.387,106.387
265,0 days 00:17:01.906000,ALB,23,,1.0,1.0,0 days 00:15:26.102000,,,36.014,26.262,,0 days 00:16:35.644000,0 days 00:17:02.095000,228.0,201.0,232.0,,False,HARD,1.0,True,Red Bull Racing,0 days 00:15:26.102000,2020-07-17 09:00:26.302,1,,False,,False,False,,
266,0 days 00:18:34.688000,ALB,23,0 days 00:01:32.782000,2.0,1.0,,0 days 00:18:33.020000,31.975,32.414,28.393,0 days 00:17:33.881000,0 days 00:18:06.295000,0 days 00:18:34.688000,255.0,216.0,,268.0,False,HARD,2.0,True,Red Bull Racing,0 days 00:17:01.906000,2020-07-17 09:02:02.106,1,,False,,False,False,92.782,92.78200000000001
267,0 days 00:35:12.202000,ALB,23,,3.0,2.0,0 days 00:33:43.314000,,,32.04,24.569,,0 days 00:34:47.633000,0 days 00:35:12.371000,252.0,213.0,247.0,268.0,False,HARD,3.0,False,Red Bull Racing,0 days 00:18:34.688000,2020-07-17 09:03:34.888,1,,False,,False,False,,
268,0 days 00:36:33.805000,ALB,23,0 days 00:01:21.603000,4.0,2.0,,,29.458,29.377,22.768,0 days 00:35:41.660000,0 days 00:36:11.037000,0 days 00:36:33.805000,266.0,236.0,247.0,288.0,True,HARD,4.0,False,Red Bull Racing,0 days 00:35:12.202000,2020-07-17 09:20:12.402,1,,False,,False,True,81.603,81.603
269,0 days 00:38:10.147000,ALB,23,0 days 00:01:36.342000,5.0,2.0,,,34.06,36.181,26.101,0 days 00:37:07.865000,0 days 00:37:44.046000,0 days 00:38:10.147000,242.0,211.0,249.0,273.0,False,HARD,5.0,False,Red Bull Racing,0 days 00:36:33.805000,2020-07-17 09:21:34.005,1,,False,,False,True,96.342,96.342
270,0 days 00:39:30.103000,ALB,23,0 days 00:01:19.956000,6.0,2.0,,,28.881,28.63,22.445,0 days 00:38:39.028000,0 days 00:39:07.658000,0 days 00:39:30.103000,271.0,234.0,250.0,291.0,True,HARD,6.0,False,Red Bull Racing,0 days 00:38:10.147000,2020-07-17 09:23:10.347,1,,False,,False,True,79.956,79.95599999999999
271,0 days 00:41:10.294000,ALB,23,0 days 00:01:40.191000,7.0,2.0,,,36.851,36.041,27.299,0 days 00:40:06.954000,0 days 00:40:42.995000,0 days 00:41:10.294000,204.0,211.0,249.0,286.0,False,HARD,7.0,False,Red Bull Racing,0 days 00:39:30.103000,2020-07-17 09:24:30.303,1,,False,,False,True,100.191,100.191
272,0 days 00:42:29.449000,ALB,23,0 days 00:01:19.155000,8.0,2.0,,,28.659,28.195,22.301,0 days 00:41:38.953000,0 days 00:42:07.148000,0 days 00:42:29.449000,269.0,243.0,250.0,292.0,True,HARD,8.0,False,Red Bull Racing,0 days 00:41:10.294000,2020-07-17 09:26:10.494,1,,False,,False,True,79.155,79.155
273,0 days 00:44:09.252000,ALB,23,0 days 00:01:39.803000,9.0,2.0,,,37.572,35.688,26.543,0 days 00:43:07.021000,0 days 00:43:42.709000,0 days 00:44:09.252000,231.0,215.0,251.0,276.0,False,HARD,9.0,False,Red Bull Racing,0 days 00:42:29.449000,2020-07-17 09:27:29.649,12,,False,,False,True,99.803,99.803
274,0 days 00:45:28.040000,ALB,23,0 days 00:01:18.788000,10.0,2.0,,,28.527,28.05,22.211,0 days 00:44:37.779000,0 days 00:45:05.829000,0 days 00:45:28.040000,273.0,245.0,251.0,294.0,True,HARD,10.0,False,Red Bull Racing,0 days 00:44:09.252000,2020-07-17 09:29:09.452,1,,False,,False,True,78.788,78.788
275,0 days 00:47:09.686000,ALB,23,0 days 00:01:41.646000,11.0,2.0,,0 days 00:47:08.050000,35.553,36.631,29.462,0 days 00:46:03.593000,0 days 00:46:40.224000,0 days 00:47:09.686000,229.0,209.0,,285.0,False,HARD,11.0,False,Red Bull Racing,0 days 00:45:28.040000,2020-07-17 09:30:28.240,1,,False,,False,False,101.646,101.646
276,0 days 01:12:26.051000,ALB,23,,12.0,3.0,0 days 01:10:40.627000,,,38.678,29.993,,0 days 01:11:56.100000,0 days 01:12:26.261000,180.0,210.0,253.0,285.0,False,SOFT,1.0,True,Red Bull Racing,0 days 00:47:09.686000,2020-07-17 09:32:09.886,1,,False,,False,False,,
277,0 days 01:13:43.999000,ALB,23,0 days 00:01:17.948000,13.0,3.0,,,28.28,27.617,22.051,0 days 01:12:54.331000,0 days 01:13:21.948000,0 days 01:13:43.999000,271.0,244.0,253.0,292.0,False,SOFT,2.0,True,Red Bull Racing,0 days 01:12:26.051000,2020-07-17 09:57:26.251,1,,True,TRACK LIMITS AT TURN 11,False,True,77.948,77.94800000000001
278,0 days 01:15:36.689000,ALB,23,0 days 00:01:52.690000,14.0,3.0,,,40.764,43.935,27.991,0 days 01:14:24.763000,0 days 01:15:08.698000,0 days 01:15:36.689000,223.0,169.0,253.0,258.0,False,SOFT,3.0,True,Red Bull Racing,0 days 01:13:43.999000,2020-07-17 09:58:44.199,1,,False,,False,True,112.69,112.69000000000001
279,0 days 01:16:54.416000,ALB,23,0 days 00:01:17.727000,15.0,3.0,,,28.146,27.543,22.038,0 days 01:16:04.835000,0 days 01:16:32.378000,0 days 01:16:54.416000,272.0,247.0,257.0,295.0,True,SOFT,4.0,True,Red Bull Racing,0 days 01:15:36.689000,2020-07-17 10:00:36.889,1,,False,,False,True,77.727,77.727
280,0 days 01:18:45.652000,ALB,23,0 days 00:01:51.236000,16.0,3.0,,,39.925,41.776,29.535,0 days 01:17:34.341000,0 days 01:18:16.117000,0 days 01:18:45.652000,115.0,170.0,212.0,289.0,False,SOFT,5.0,True,Red Bull Racing,0 days 01:16:54.416000,2020-07-17 10:01:54.616,1,,False,,False,True,111.236,111.23599999999999
281,0 days 01:20:28.436000,ALB,23,0 days 00:01:42.784000,17.0,3.0,,,37.88,39.167,25.737,0 days 01:19:23.532000,0 days 01:20:02.699000,0 days 01:20:28.436000,207.0,208.0,253.0,254.0,False,SOFT,6.0,True,Red Bull Racing,0 days 01:18:45.652000,2020-07-17 10:03:45.852,1,,False,,False,True,102.784,102.78399999999999
282,0 days 01:21:47.480000,ALB,23,0 days 00:01:19.044000,18.0,3.0,,,28.579,28.355,22.11,0 days 01:20:57.015000,0 days 01:21:25.370000,0 days 01:21:47.480000,269.0,239.0,251.0,290.0,False,SOFT,7.0,True,Red Bull Racing,0 days 01:20:28.436000,2020-07-17 10:05:28.636,1,,False,,False,True,79.044,79.044
283,0 days 01:23:28.164000,ALB,23,0 days 00:01:40.684000,19.0,3.0,,0 days 01:23:26.529000,34.285,36.327,30.072,0 days 01:22:21.765000,0 days 01:22:58.092000,0 days 01:23:28.164000,221.0,205.0,,278.0,False,SOFT,8.0,True,Red Bull Racing,0 days 01:21:47.480000,2020-07-17 10:06:47.680,1,,False,,False,False,100.684,100.684
284,0 days 01:36:21.549000,ALB,23,,20.0,4.0,0 days 01:34:43.404000,,,31.477,23.3,,0 days 01:35:58.278000,0 days 01:36:21.943000,231.0,227.0,240.0,278.0,False,SOFT,9.0,False,Red Bull Racing,0 days 01:23:28.164000,2020-07-17 10:08:28.364,1,,False,,False,False,,
285,0 days 01:37:44.611000,ALB,23,0 days 00:01:23.062000,21.0,4.0,,,30.192,29.919,22.951,0 days 01:36:51.741000,0 days 01:37:21.660000,0 days 01:37:44.611000,269.0,231.0,240.0,275.0,False,SOFT,10.0,False,Red Bull Racing,0 days 01:36:21.549000,2020-07-17 10:21:21.749,1,,False,,False,True,83.062,83.06200000000001
286,0 days 01:39:08.268000,ALB,23,0 days 00:01:23.657000,22.0,4.0,,,29.911,30.589,23.157,0 days 01:38:14.522000,0 days 01:38:45.111000,0 days 01:39:08.268000,265.0,232.0,238.0,275.0,False,SOFT,11.0,False,Red Bull Racing,0 days 01:37:44.611000,2020-07-17 10:22:44.811,1,,True,TRACK LIMITS AT TURN 4,False,True,83.657,83.657
287,0 days 01:40:30.951000,ALB,23,0 days 00:01:22.683000,23.0,4.0,,,29.843,29.559,23.281,0 days 01:39:38.111000,0 days 01:40:07.670000,0 days 01:40:30.951000,266.0,232.0,240.0,278.0,False,SOFT,12.0,False,Red Bull Racing,0 days 01:39:08.268000,2020-07-17 10:24:08.468,1,,False,,False,True,82.683,82.68299999999999
288,0 days 01:41:53.917000,ALB,23,0 days 00:01:22.966000,24.0,4.0,,,29.902,29.677,23.387,0 days 01:41:00.853000,0 days 01:41:30.530000,0 days 01:41:53.917000,266.0,230.0,239.0,274.0,False,SOFT,13.0,False,Red Bull Racing,0 days 01:40:30.951000,2020-07-17 10:25:31.151,1,,False,,False,True,82.966,82.96600000000001
289,0 days 01:43:17.460000,ALB,23,0 days 00:01:23.543000,25.0,4.0,,,29.996,29.829,23.718,0 days 01:42:23.913000,0 days 01:42:53.742000,0 days 01:43:17.460000,268.0,232.0,238.0,275.0,False,SOFT,14.0,False,Red Bull Racing,0 days 01:41:53.917000,2020-07-17 10:26:54.117,1,,False,,False,True,83.543,83.543
290,0 days 01:44:40.938000,ALB,23,0 days 00:01:23.478000,26.0,4.0,,,29.982,29.791,23.705,0 days 01:43:47.442000,0 days 01:44:17.233000,0 days 01:44:40.938000,268.0,231.0,238.0,274.0,False,SOFT,15.0,False,Red Bull Racing,0 days 01:43:17.460000,2020-07-17 10:28:17.660,1,,False,,False,True,83.478,83.478
291,0 days 01:46:05.175000,ALB,23,0 days 00:01:24.237000,27.0,4.0,,,30.069,30.397,23.771,0 days 01:45:11.007000,0 days 01:45:41.404000,0 days 01:46:05.175000,268.0,224.0,236.0,274.0,False,SOFT,16.0,False,Red Bull Racing,0 days 01:44:40.938000,2020-07-17 10:29:41.138,1,,False,,False,True,84.237,84.237
292,0 days 01:47:42.036000,ALB,23,0 days 00:01:36.861000,28.0,4.0,,0 days 01:47:42.073000,34.461,34.103,28.297,0 days 01:46:39.636000,0 days 01:47:13.739000,0 days 01:47:42.036000,247.0,209.0,,273.0,False,SOFT,17.0,False,Red Bull Racing,0 days 01:46:05.175000,2020-07-17 10:31:05.375,1,,False,,False,False,96.861,96.86099999999999
293,0 days 00:17:29.779000,KVY,26,,1.0,1.0,0 days 00:15:47.239000,0 days 00:17:27.927000,,34.848,32.851,,0 days 00:16:56.928000,0 days 00:17:29.927000,236.0,222.0,,,False,MEDIUM,1.0,True,AlphaTauri,0 days 00:15:47.239000,2020-07-17 09:00:47.439,1,,False,,False,False,,
294,0 days 00:35:23.516000,KVY,26,,2.0,2.0,0 days 00:33:53.877000,,,32.832,24.239,,0 days 00:34:59.289000,0 days 00:35:23.699000,258.0,218.0,251.0,,False,MEDIUM,2.0,False,AlphaTauri,0 days 00:17:29.779000,2020-07-17 09:02:29.979,1,,False,,False,False,,
295,0 days 00:36:45.202000,KVY,26,0 days 00:01:21.686000,3.0,2.0,,,29.14,29.729,22.817,0 days 00:35:52.656000,0 days 00:36:22.385000,0 days 00:36:45.202000,272.0,236.0,251.0,291.0,True,MEDIUM,3.0,False,AlphaTauri,0 days 00:35:23.516000,2020-07-17 09:20:23.716,1,,False,,False,True,81.686,81.686
296,0 days 00:38:21.246000,KVY,26,0 days 00:01:36.044000,4.0,2.0,,,34.671,36.85,24.523,0 days 00:37:19.873000,0 days 00:37:56.723000,0 days 00:38:21.246000,244.0,217.0,254.0,285.0,False,MEDIUM,4.0,False,AlphaTauri,0 days 00:36:45.202000,2020-07-17 09:21:45.402,1,,False,,False,True,96.044,96.044
297,0 days 00:39:40.934000,KVY,26,0 days 00:01:19.688000,5.0,2.0,,,28.533,28.707,22.448,0 days 00:38:49.779000,0 days 00:39:18.486000,0 days 00:39:40.934000,273.0,239.0,254.0,296.0,True,MEDIUM,5.0,False,AlphaTauri,0 days 00:38:21.246000,2020-07-17 09:23:21.446,1,,False,,False,True,79.688,79.688
298,0 days 00:41:21.368000,KVY,26,0 days 00:01:40.434000,6.0,2.0,,,34.755,35.961,29.718,0 days 00:40:15.689000,0 days 00:40:51.650000,0 days 00:41:21.368000,241.0,213.0,255.0,287.0,False,MEDIUM,6.0,False,AlphaTauri,0 days 00:39:40.934000,2020-07-17 09:24:41.134,1,,False,,False,True,100.434,100.43400000000001
299,0 days 00:42:40.642000,KVY,26,0 days 00:01:19.274000,7.0,2.0,,,28.666,28.348,22.26,0 days 00:41:50.034000,0 days 00:42:18.382000,0 days 00:42:40.642000,272.0,243.0,252.0,300.0,True,MEDIUM,7.0,False,AlphaTauri,0 days 00:41:21.368000,2020-07-17 09:26:21.568,1,,False,,False,True,79.274,79.274
300,0 days 00:44:16.181000,KVY,26,0 days 00:01:35.539000,8.0,2.0,,,33.055,35.137,27.347,0 days 00:43:13.697000,0 days 00:43:48.834000,0 days 00:44:16.181000,248.0,142.0,254.0,286.0,False,MEDIUM,8.0,False,AlphaTauri,0 days 00:42:40.642000,2020-07-17 09:27:40.842,12,,False,,False,True,95.539,95.53900000000002
301,0 days 00:45:35.864000,KVY,26,0 days 00:01:19.683000,9.0,2.0,,,28.45,28.692,22.541,0 days 00:44:44.631000,0 days 00:45:13.323000,0 days 00:45:35.864000,276.0,241.0,252.0,300.0,False,MEDIUM,9.0,False,AlphaTauri,0 days 00:44:16.181000,2020-07-17 09:29:16.381,1,,False,,False,True,79.683,79.68299999999999
302,0 days 00:47:14.120000,KVY,26,0 days 00:01:38.256000,10.0,2.0,,,36.223,35.033,27.0,0 days 00:46:12.087000,0 days 00:46:47.120000,0 days 00:47:14.120000,248.0,218.0,256.0,286.0,False,MEDIUM,10.0,False,AlphaTauri,0 days 00:45:35.864000,2020-07-17 09:30:36.064,1,,False,,False,True,98.256,98.256
303,0 days 00:48:33.169000,KVY,26,0 days 00:01:19.049000,11.0,2.0,,,28.364,28.263,22.422,0 days 00:47:42.484000,0 days 00:48:10.747000,0 days 00:48:33.169000,275.0,244.0,254.0,299.0,True,MEDIUM,11.0,False,AlphaTauri,0 days 00:47:14.120000,2020-07-17 09:32:14.320,1,,False,,False,True,79.049,79.049
304,0 days 00:50:10.531000,KVY,26,0 days 00:01:37.362000,12.0,2.0,,0 days 00:50:09.491000,33.834,34.465,29.063,0 days 00:49:07.003000,0 days 00:49:41.468000,0 days 00:50:10.531000,119.0,219.0,,288.0,False,MEDIUM,12.0,False,AlphaTauri,0 days 00:48:33.169000,2020-07-17 09:33:33.369,1,,False,,False,False,97.362,97.36200000000001
305,0 days 00:52:16.761000,KVY,26,0 days 00:02:06.230000,13.0,3.0,0 days 00:50:44.527000,0 days 00:52:16.841000,66.99,32.754,26.486,0 days 00:51:17.521000,0 days 00:51:50.275000,0 days 00:52:16.761000,250.0,219.0,,288.0,False,MEDIUM,13.0,False,AlphaTauri,0 days 00:50:10.531000,2020-07-17 09:35:10.731,1,,False,,False,False,126.23,126.23
306,0 days 01:09:35.186000,KVY,26,,14.0,4.0,0 days 01:08:06.454000,,,34.036,24.338,,0 days 01:09:10.867000,0 days 01:09:35.371000,255.0,212.0,255.0,288.0,False,MEDIUM,1.0,True,AlphaTauri,0 days 00:52:16.761000,2020-07-17 09:37:16.961,1,,False,,False,False,,
307,0 days 01:10:53.522000,KVY,26,0 days 00:01:18.336000,15.0,4.0,,,28.315,27.875,22.146,0 days 01:10:03.501000,0 days 01:10:31.376000,0 days 01:10:53.522000,270.0,246.0,254.0,295.0,True,MEDIUM,2.0,True,AlphaTauri,0 days 01:09:35.186000,2020-07-17 09:54:35.386,1,,False,,False,True,78.336,78.336
308,0 days 01:12:38.290000,KVY,26,0 days 00:01:44.768000,16.0,4.0,,,35.879,39.5,29.389,0 days 01:11:29.401000,0 days 01:12:08.901000,0 days 01:12:38.290000,243.0,199.0,258.0,288.0,False,MEDIUM,3.0,True,AlphaTauri,0 days 01:10:53.522000,2020-07-17 09:55:53.722,1,,False,,False,True,104.768,104.76799999999999
309,0 days 01:14:04.890000,KVY,26,0 days 00:01:26.600000,17.0,4.0,,,28.16,29.002,29.438,0 days 01:13:06.450000,0 days 01:13:35.452000,0 days 01:14:04.890000,277.0,144.0,219.0,300.0,False,MEDIUM,4.0,True,AlphaTauri,0 days 01:12:38.290000,2020-07-17 09:57:38.490,1,,False,,False,True,86.6,86.6
310,0 days 01:15:38.890000,KVY,26,0 days 00:01:34,18.0,4.0,,,33.222,35.43,25.348,0 days 01:14:38.112000,0 days 01:15:13.542000,0 days 01:15:38.890000,262.0,227.0,257.0,267.0,False,MEDIUM,5.0,True,AlphaTauri,0 days 01:14:04.890000,2020-07-17 09:59:05.090,1,,False,,False,True,94.0,94.0
311,0 days 01:17:16.578000,KVY,26,0 days 00:01:37.688000,19.0,4.0,,,33.621,34.923,29.144,0 days 01:16:12.511000,0 days 01:16:47.434000,0 days 01:17:16.578000,260.0,198.0,257.0,305.0,False,MEDIUM,6.0,True,AlphaTauri,0 days 01:15:38.890000,2020-07-17 10:00:39.090,1,,False,,False,True,97.688,97.68800000000002
312,0 days 01:18:34.870000,KVY,26,0 days 00:01:18.292000,20.0,4.0,,,28.259,27.966,22.067,0 days 01:17:44.837000,0 days 01:18:12.803000,0 days 01:18:34.870000,278.0,247.0,257.0,303.0,True,MEDIUM,7.0,True,AlphaTauri,0 days 01:17:16.578000,2020-07-17 10:02:16.778,1,,False,,False,True,78.292,78.292
313,0 days 01:20:13.851000,KVY,26,0 days 00:01:38.981000,21.0,4.0,,,33.85,35.212,29.919,0 days 01:19:08.720000,0 days 01:19:43.932000,0 days 01:20:13.851000,243.0,200.0,255.0,289.0,False,MEDIUM,8.0,True,AlphaTauri,0 days 01:18:34.870000,2020-07-17 10:03:35.070,1,,False,,False,True,98.981,98.98100000000001
314,0 days 01:21:32.336000,KVY,26,0 days 00:01:18.485000,22.0,4.0,,,28.309,28.024,22.152,0 days 01:20:42.160000,0 days 01:21:10.184000,0 days 01:21:32.336000,275.0,243.0,252.0,297.0,False,MEDIUM,9.0,True,AlphaTauri,0 days 01:20:13.851000,2020-07-17 10:05:14.051,1,,False,,False,True,78.485,78.485
315,0 days 01:23:02.211000,KVY,26,0 days 00:01:29.875000,23.0,4.0,,0 days 01:23:00.758000,32.108,30.924,26.843,0 days 01:22:04.444000,0 days 01:22:35.368000,0 days 01:23:02.211000,251.0,222.0,,283.0,False,MEDIUM,10.0,True,AlphaTauri,0 days 01:21:32.336000,2020-07-17 10:06:32.536,1,,False,,False,False,89.875,89.875
316,0 days 01:32:02.684000,KVY,26,,24.0,5.0,0 days 01:30:25.860000,,,31.4,23.958,,0 days 01:31:38.750000,0 days 01:32:02.869000,267.0,230.0,240.0,283.0,False,MEDIUM,11.0,False,AlphaTauri,0 days 01:23:02.211000,2020-07-17 10:08:02.411,1,,False,,False,False,,
317,0 days 01:33:25.430000,KVY,26,0 days 00:01:22.746000,25.0,5.0,,,29.906,29.705,23.135,0 days 01:32:32.590000,0 days 01:33:02.295000,0 days 01:33:25.430000,267.0,234.0,243.0,274.0,False,MEDIUM,12.0,False,AlphaTauri,0 days 01:32:02.684000,2020-07-17 10:17:02.884,1,,False,,False,True,82.746,82.746
318,0 days 01:34:47.670000,KVY,26,0 days 00:01:22.240000,26.0,5.0,,,29.742,29.501,22.997,0 days 01:33:55.172000,0 days 01:34:24.673000,0 days 01:34:47.670000,269.0,235.0,243.0,276.0,False,MEDIUM,13.0,False,AlphaTauri,0 days 01:33:25.430000,2020-07-17 10:18:25.630,1,,False,,False,True,82.24,82.24000000000001
319,0 days 01:36:09.783000,KVY,26,0 days 00:01:22.113000,27.0,5.0,,,29.59,29.446,23.077,0 days 01:35:17.260000,0 days 01:35:46.706000,0 days 01:36:09.783000,268.0,236.0,245.0,277.0,False,MEDIUM,14.0,False,AlphaTauri,0 days 01:34:47.670000,2020-07-17 10:19:47.870,1,,False,,False,True,82.113,82.113
320,0 days 01:37:32.058000,KVY,26,0 days 00:01:22.275000,28.0,5.0,,,29.574,29.651,23.05,0 days 01:36:39.357000,0 days 01:37:09.008000,0 days 01:37:32.058000,271.0,235.0,243.0,282.0,False,MEDIUM,15.0,False,AlphaTauri,0 days 01:36:09.783000,2020-07-17 10:21:09.983,1,,False,,False,True,82.275,82.275
321,0 days 01:38:54.509000,KVY,26,0 days 00:01:22.451000,29.0,5.0,,,29.73,29.663,23.058,0 days 01:38:01.788000,0 days 01:38:31.451000,0 days 01:38:54.509000,270.0,235.0,243.0,278.0,False,MEDIUM,16.0,False,AlphaTauri,0 days 01:37:32.058000,2020-07-17 10:22:32.258,1,,False,,False,True,82.451,82.451
322,0 days 01:40:16.652000,KVY,26,0 days 00:01:22.143000,30.0,5.0,,,29.646,29.398,23.099,0 days 01:39:24.155000,0 days 01:39:53.553000,0 days 01:40:16.652000,270.0,235.0,244.0,277.0,False,MEDIUM,17.0,False,AlphaTauri,0 days 01:38:54.509000,2020-07-17 10:23:54.709,1,,False,,False,True,82.143,82.143
323,0 days 01:41:39.174000,KVY,26,0 days 00:01:22.522000,31.0,5.0,,,29.689,29.678,23.155,0 days 01:40:46.341000,0 days 01:41:16.019000,0 days 01:41:39.174000,268.0,234.0,243.0,277.0,False,MEDIUM,18.0,False,AlphaTauri,0 days 01:40:16.652000,2020-07-17 10:25:16.852,1,,False,,False,True,82.522,82.522
324,0 days 01:43:01.251000,KVY,26,0 days 00:01:22.077000,32.0,5.0,,,29.54,29.321,23.216,0 days 01:42:08.714000,0 days 01:42:38.035000,0 days 01:43:01.251000,270.0,236.0,243.0,279.0,False,MEDIUM,19.0,False,AlphaTauri,0 days 01:41:39.174000,2020-07-17 10:26:39.374,1,,False,,False,True,82.077,82.077
325,0 days 01:44:23.852000,KVY,26,0 days 00:01:22.601000,33.0,5.0,,,29.633,29.582,23.386,0 days 01:43:30.884000,0 days 01:44:00.466000,0 days 01:44:23.852000,270.0,235.0,243.0,279.0,False,MEDIUM,20.0,False,AlphaTauri,0 days 01:43:01.251000,2020-07-17 10:28:01.451,1,,False,,False,True,82.601,82.601
326,0 days 01:45:45.722000,KVY,26,0 days 00:01:21.870000,34.0,5.0,,,29.536,29.244,23.09,0 days 01:44:53.388000,0 days 01:45:22.632000,0 days 01:45:45.722000,271.0,235.0,243.0,278.0,False,MEDIUM,21.0,False,AlphaTauri,0 days 01:44:23.852000,2020-07-17 10:29:24.052,1,,False,,False,True,81.87,81.87
327,0 days 01:47:20.428000,KVY,26,0 days 00:01:34.706000,35.0,5.0,,0 days 01:47:18.749000,31.698,36.258,26.75,0 days 01:46:17.420000,0 days 01:46:53.678000,0 days 01:47:20.428000,205.0,215.0,,279.0,False,MEDIUM,22.0,False,AlphaTauri,0 days 01:45:45.722000,2020-07-17 10:30:45.922,1,,False,,False,False,94.706,94.706
328,0 days 00:17:25.981000,OCO,31,,1.0,1.0,0 days 00:15:16.395000,0 days 00:17:24.897000,,42.444,32.196,,0 days 00:16:53.824000,0 days 00:17:26.139000,218.0,194.0,,,False,HARD,1.0,True,Renault,0 days 00:15:16.395000,2020-07-17 09:00:16.595,1,,False,,False,False,,
329,0 days 00:19:52.731000,OCO,31,0 days 00:02:26.750000,2.0,2.0,0 days 00:17:56.272000,0 days 00:19:51.037000,74.519,40.733,31.498,0 days 00:18:40.500000,0 days 00:19:21.233000,0 days 00:19:52.731000,240.0,197.0,,,False,HARD,2.0,False,Renault,0 days 00:17:25.981000,2020-07-17 09:02:26.181,1,,False,,False,False,146.75,146.75
330,0 days 00:37:27.255000,OCO,31,,3.0,3.0,0 days 00:35:44.305000,,,33.539,25.538,,0 days 00:37:01.758000,0 days 00:37:28.315000,246.0,221.0,245.0,,False,HARD,3.0,False,Renault,0 days 00:19:52.731000,2020-07-17 09:04:52.931,1,,False,,False,False,,
331,0 days 00:38:51.147000,OCO,31,0 days 00:01:23.892000,4.0,3.0,,,30.035,30.056,23.801,0 days 00:37:57.290000,0 days 00:38:27.346000,0 days 00:38:51.147000,267.0,234.0,250.0,291.0,True,HARD,4.0,False,Renault,0 days 00:37:27.255000,2020-07-17 09:22:27.455,1,,False,,False,True,83.892,83.892
332,0 days 00:40:11.241000,OCO,31,0 days 00:01:20.094000,5.0,3.0,,,28.975,28.672,22.447,0 days 00:39:20.122000,0 days 00:39:48.794000,0 days 00:40:11.241000,272.0,238.0,251.0,295.0,True,HARD,5.0,False,Renault,0 days 00:38:51.147000,2020-07-17 09:23:51.347,1,,False,,False,True,80.094,80.09400000000001
333,0 days 00:41:42.258000,OCO,31,0 days 00:01:31.017000,6.0,3.0,,,33.139,32.862,25.016,0 days 00:40:44.380000,0 days 00:41:17.242000,0 days 00:41:42.258000,258.0,208.0,251.0,288.0,False,HARD,6.0,False,Renault,0 days 00:40:11.241000,2020-07-17 09:25:11.441,1,,False,,False,True,91.017,91.017
334,0 days 00:43:01.089000,OCO,31,0 days 00:01:18.831000,7.0,3.0,,,28.527,28.261,22.043,0 days 00:42:10.785000,0 days 00:42:39.046000,0 days 00:43:01.089000,275.0,247.0,253.0,294.0,True,HARD,7.0,False,Renault,0 days 00:41:42.258000,2020-07-17 09:26:42.458,1,,False,,False,True,78.831,78.83099999999999
335,0 days 00:44:37.819000,OCO,31,0 days 00:01:36.730000,8.0,3.0,,,36.906,34.093,25.731,0 days 00:43:37.995000,0 days 00:44:12.088000,0 days 00:44:37.819000,244.0,208.0,251.0,284.0,False,HARD,8.0,False,Renault,0 days 00:43:01.089000,2020-07-17 09:28:01.289,12,,False,,False,True,96.73,96.72999999999999
336,0 days 00:46:00.045000,OCO,31,0 days 00:01:22.226000,9.0,3.0,,,28.534,28.001,25.691,0 days 00:45:06.353000,0 days 00:45:34.354000,0 days 00:46:00.045000,276.0,249.0,225.0,295.0,False,HARD,9.0,False,Renault,0 days 00:44:37.819000,2020-07-17 09:29:38.019,1,,True,TRACK LIMITS AT TURN 12,False,True,82.226,82.226
337,0 days 00:47:30.151000,OCO,31,0 days 00:01:30.106000,10.0,3.0,,,32.225,31.702,26.179,0 days 00:46:32.270000,0 days 00:47:03.972000,0 days 00:47:30.151000,261.0,231.0,254.0,260.0,False,HARD,10.0,False,Renault,0 days 00:46:00.045000,2020-07-17 09:31:00.245,1,,False,,False,True,90.106,90.10600000000001
338,0 days 00:48:48.814000,OCO,31,0 days 00:01:18.663000,11.0,3.0,,,28.391,28.131,22.141,0 days 00:47:58.542000,0 days 00:48:26.673000,0 days 00:48:48.814000,276.0,247.0,254.0,296.0,True,HARD,11.0,False,Renault,0 days 00:47:30.151000,2020-07-17 09:32:30.351,1,,False,,False,True,78.663,78.663
339,0 days 00:50:25.026000,OCO,31,0 days 00:01:36.212000,12.0,3.0,,,33.904,35.777,26.531,0 days 00:49:22.718000,0 days 00:49:58.495000,0 days 00:50:25.026000,227.0,186.0,251.0,285.0,False,HARD,12.0,False,Renault,0 days 00:48:48.814000,2020-07-17 09:33:49.014,1,,False,,False,True,96.212,96.21200000000002
340,0 days 00:51:43.446000,OCO,31,0 days 00:01:18.420000,13.0,3.0,,,28.436,27.934,22.05,0 days 00:50:53.462000,0 days 00:51:21.396000,0 days 00:51:43.446000,276.0,247.0,253.0,293.0,True,HARD,13.0,False,Renault,0 days 00:50:25.026000,2020-07-17 09:35:25.226,1,,False,,False,True,78.42,78.42
341,0 days 00:53:11.393000,OCO,31,0 days 00:01:27.947000,14.0,3.0,,0 days 00:53:09.673000,30.863,30.181,26.903,0 days 00:52:14.309000,0 days 00:52:44.490000,0 days 00:53:11.393000,253.0,191.0,,282.0,False,HARD,14.0,False,Renault,0 days 00:51:43.446000,2020-07-17 09:36:43.646,1,,False,,False,False,87.947,87.947
342,0 days 01:09:13.024000,OCO,31,,15.0,4.0,0 days 01:07:35.087000,,,33.392,25.781,,0 days 01:08:47.243000,0 days 01:09:13.133000,259.0,211.0,252.0,282.0,False,MEDIUM,1.0,True,Renault,0 days 00:53:11.393000,2020-07-17 09:38:11.593,1,,False,,False,False,,
343,0 days 01:10:30.990000,OCO,31,0 days 00:01:17.966000,16.0,4.0,,,28.288,27.785,21.893,0 days 01:09:41.312000,0 days 01:10:09.097000,0 days 01:10:30.990000,277.0,249.0,255.0,293.0,True,MEDIUM,2.0,True,Renault,0 days 01:09:13.024000,2020-07-17 09:54:13.224,1,,False,,False,True,77.966,77.96600000000001
344,0 days 01:12:05.878000,OCO,31,0 days 00:01:34.888000,17.0,4.0,,,36.015,34.927,23.946,0 days 01:11:07.005000,0 days 01:11:41.932000,0 days 01:12:05.878000,249.0,218.0,253.0,285.0,False,MEDIUM,3.0,True,Renault,0 days 01:10:30.990000,2020-07-17 09:55:31.190,1,,False,,False,True,94.888,94.888
345,0 days 01:13:23.511000,OCO,31,0 days 00:01:17.633000,18.0,4.0,,,28.071,27.475,22.087,0 days 01:12:33.949000,0 days 01:13:01.424000,0 days 01:13:23.511000,279.0,250.0,252.0,295.0,True,MEDIUM,4.0,True,Renault,0 days 01:12:05.878000,2020-07-17 09:57:06.078,1,,False,,False,True,77.633,77.63300000000001
346,0 days 01:15:04.058000,OCO,31,0 days 00:01:40.547000,19.0,4.0,,,31.983,37.922,30.642,0 days 01:13:55.494000,0 days 01:14:33.416000,0 days 01:15:04.058000,253.0,200.0,252.0,284.0,False,MEDIUM,5.0,True,Renault,0 days 01:13:23.511000,2020-07-17 09:58:23.711,1,,False,,False,True,100.547,100.547
347,0 days 01:16:21.673000,OCO,31,0 days 00:01:17.615000,20.0,4.0,,,28.222,27.477,21.916,0 days 01:15:32.280000,0 days 01:15:59.757000,0 days 01:16:21.673000,276.0,248.0,256.0,296.0,True,MEDIUM,6.0,True,Renault,0 days 01:15:04.058000,2020-07-17 10:00:04.258,1,,False,,False,True,77.615,77.615
348,0 days 01:17:50.753000,OCO,31,0 days 00:01:29.080000,21.0,4.0,,0 days 01:17:49.300000,30.864,30.403,27.813,0 days 01:16:52.537000,0 days 01:17:22.940000,0 days 01:17:50.753000,260.0,198.0,,288.0,False,MEDIUM,7.0,True,Renault,0 days 01:16:21.673000,2020-07-17 10:01:21.873,1,,False,,False,False,89.08,89.08
349,0 days 01:29:51.584000,OCO,31,,22.0,5.0,0 days 01:28:22.524000,,,29.794,22.842,,0 days 01:29:28.763000,0 days 01:29:51.732000,263.0,236.0,245.0,288.0,False,MEDIUM,8.0,False,Renault,0 days 01:17:50.753000,2020-07-17 10:02:50.953,1,,False,,False,False,,
350,0 days 01:31:12.757000,OCO,31,0 days 00:01:21.173000,23.0,5.0,,,29.334,29.087,22.752,0 days 01:30:20.918000,0 days 01:30:50.005000,0 days 01:31:12.757000,271.0,236.0,243.0,280.0,False,MEDIUM,9.0,False,Renault,0 days 01:29:51.584000,2020-07-17 10:14:51.784,1,,False,,False,True,81.173,81.173
351,0 days 01:32:33.949000,OCO,31,0 days 00:01:21.192000,24.0,5.0,,,29.433,28.924,22.835,0 days 01:31:42.190000,0 days 01:32:11.114000,0 days 01:32:33.949000,270.0,239.0,242.0,280.0,False,MEDIUM,10.0,False,Renault,0 days 01:31:12.757000,2020-07-17 10:16:12.957,1,,False,,False,True,81.192,81.19200000000001
352,0 days 01:33:55.643000,OCO,31,0 days 00:01:21.694000,25.0,5.0,,,29.459,29.03,23.205,0 days 01:33:03.408000,0 days 01:33:32.438000,0 days 01:33:55.643000,270.0,236.0,242.0,281.0,False,MEDIUM,11.0,False,Renault,0 days 01:32:33.949000,2020-07-17 10:17:34.149,1,,False,,False,True,81.694,81.694
353,0 days 01:35:20.369000,OCO,31,0 days 00:01:24.726000,26.0,5.0,,,29.703,31.757,23.266,0 days 01:34:25.346000,0 days 01:34:57.103000,0 days 01:35:20.369000,276.0,233.0,243.0,285.0,False,MEDIUM,12.0,False,Renault,0 days 01:33:55.643000,2020-07-17 10:18:55.843,1,,False,,False,True,84.726,84.726
354,0 days 01:36:42.086000,OCO,31,0 days 00:01:21.717000,27.0,5.0,,,29.509,29.274,22.934,0 days 01:35:49.878000,0 days 01:36:19.152000,0 days 01:36:42.086000,272.0,236.0,245.0,282.0,False,MEDIUM,13.0,False,Renault,0 days 01:35:20.369000,2020-07-17 10:20:20.569,1,,False,,False,True,81.717,81.717
355,0 days 01:38:03.761000,OCO,31,0 days 00:01:21.675000,28.0,5.0,,,29.424,29.25,23.001,0 days 01:37:11.510000,0 days 01:37:40.760000,0 days 01:38:03.761000,271.0,237.0,245.0,283.0,False,MEDIUM,14.0,False,Renault,0 days 01:36:42.086000,2020-07-17 10:21:42.286,1,,False,,False,True,81.675,81.675
356,0 days 01:39:29.558000,OCO,31,0 days 00:01:25.797000,29.0,5.0,,,29.533,29.368,26.896,0 days 01:38:33.294000,0 days 01:39:02.662000,0 days 01:39:29.558000,271.0,236.0,243.0,285.0,False,MEDIUM,15.0,False,Renault,0 days 01:38:03.761000,2020-07-17 10:23:03.961,1,,False,,False,True,85.797,85.797
357,0 days 01:40:51.066000,OCO,31,0 days 00:01:21.508000,30.0,5.0,,,29.405,29.174,22.929,0 days 01:39:58.963000,0 days 01:40:28.137000,0 days 01:40:51.066000,273.0,236.0,244.0,282.0,False,MEDIUM,16.0,False,Renault,0 days 01:39:29.558000,2020-07-17 10:24:29.758,1,,False,,False,True,81.508,81.508
358,0 days 01:42:12.605000,OCO,31,0 days 00:01:21.539000,31.0,5.0,,,29.391,29.161,22.987,0 days 01:41:20.457000,0 days 01:41:49.618000,0 days 01:42:12.605000,272.0,240.0,245.0,283.0,False,MEDIUM,17.0,False,Renault,0 days 01:40:51.066000,2020-07-17 10:25:51.266,1,,False,,False,True,81.539,81.539
359,0 days 01:43:34.272000,OCO,31,0 days 00:01:21.667000,32.0,5.0,,,29.44,29.2,23.027,0 days 01:42:42.045000,0 days 01:43:11.245000,0 days 01:43:34.272000,273.0,240.0,245.0,283.0,False,MEDIUM,18.0,False,Renault,0 days 01:42:12.605000,2020-07-17 10:27:12.805,1,,False,,False,True,81.667,81.667
360,0 days 01:44:55.840000,OCO,31,0 days 00:01:21.568000,33.0,5.0,,,29.464,29.14,22.964,0 days 01:44:03.736000,0 days 01:44:32.876000,0 days 01:44:55.840000,272.0,240.0,244.0,283.0,False,MEDIUM,19.0,False,Renault,0 days 01:43:34.272000,2020-07-17 10:28:34.472,1,,False,,False,True,81.568,81.568
361,0 days 01:46:17.241000,OCO,31,0 days 00:01:21.401000,34.0,5.0,,,29.402,29.107,22.892,0 days 01:45:25.242000,0 days 01:45:54.349000,0 days 01:46:17.241000,272.0,241.0,245.0,283.0,False,MEDIUM,20.0,False,Renault,0 days 01:44:55.840000,2020-07-17 10:29:56.040,1,,False,,False,True,81.401,81.401
362,0 days 01:47:49.937000,OCO,31,0 days 00:01:32.696000,35.0,5.0,,0 days 01:47:49.998000,31.405,33.686,27.605,0 days 01:46:48.646000,0 days 01:47:22.332000,0 days 01:47:49.937000,251.0,198.0,,271.0,False,MEDIUM,21.0,False,Renault,0 days 01:46:17.241000,2020-07-17 10:31:17.441,1,,False,,False,False,92.696,92.69600000000001
363,0 days 00:23:23.984000,VER,33,,1.0,1.0,0 days 00:21:53.341000,,,34.414,24.988,,0 days 00:22:59.034000,0 days 00:23:24.172000,255.0,206.0,250.0,,False,HARD,1.0,True,Red Bull Racing,0 days 00:21:53.341000,2020-07-17 09:06:53.541,1,,False,,False,False,,
364,0 days 00:24:43.520000,VER,33,0 days 00:01:19.536000,2.0,1.0,,,28.849,28.515,22.172,0 days 00:23:52.833000,0 days 00:24:21.348000,0 days 00:24:43.520000,267.0,240.0,249.0,287.0,True,HARD,2.0,True,Red Bull Racing,0 days 00:23:23.984000,2020-07-17 09:08:24.184,1,,False,,False,True,79.536,79.536
365,0 days 00:26:26.182000,VER,33,0 days 00:01:42.662000,3.0,1.0,,,38.007,37.821,26.834,0 days 00:25:21.527000,0 days 00:25:59.348000,0 days 00:26:26.182000,221.0,194.0,251.0,275.0,False,HARD,3.0,True,Red Bull Racing,0 days 00:24:43.520000,2020-07-17 09:09:43.720,1,,False,,False,True,102.662,102.662
366,0 days 00:27:45.622000,VER,33,0 days 00:01:19.440000,4.0,1.0,,,29.153,28.155,22.132,0 days 00:26:55.335000,0 days 00:27:23.490000,0 days 00:27:45.622000,267.0,244.0,247.0,287.0,True,HARD,4.0,True,Red Bull Racing,0 days 00:26:26.182000,2020-07-17 09:11:26.382,1,,False,,False,True,79.44,79.44
367,0 days 00:29:19.239000,VER,33,0 days 00:01:33.617000,5.0,1.0,,,35.392,33.284,24.941,0 days 00:28:21.014000,0 days 00:28:54.298000,0 days 00:29:19.239000,237.0,215.0,252.0,274.0,False,HARD,5.0,True,Red Bull Racing,0 days 00:27:45.622000,2020-07-17 09:12:45.822,1,,False,,False,True,93.617,93.617
368,0 days 00:30:37.622000,VER,33,0 days 00:01:18.383000,6.0,1.0,,,28.488,27.821,22.074,0 days 00:29:47.727000,0 days 00:30:15.548000,0 days 00:30:37.622000,268.0,245.0,248.0,288.0,True,HARD,6.0,True,Red Bull Racing,0 days 00:29:19.239000,2020-07-17 09:14:19.439,1,,False,,False,True,78.383,78.383
369,0 days 00:32:05.709000,VER,33,0 days 00:01:28.087000,7.0,1.0,,0 days 00:32:04.052000,31.037,30.883,26.167,0 days 00:31:08.659000,0 days 00:31:39.542000,0 days 00:32:05.709000,245.0,221.0,,275.0,False,HARD,7.0,True,Red Bull Racing,0 days 00:30:37.622000,2020-07-17 09:15:37.822,1,,False,,False,False,88.087,88.087
370,0 days 00:44:23.717000,VER,33,,8.0,2.0,0 days 00:42:58.421000,,,31.448,23.877,,0 days 00:43:59.859000,0 days 00:44:23.858000,251.0,233.0,253.0,275.0,False,HARD,8.0,False,Red Bull Racing,0 days 00:32:05.709000,2020-07-17 09:17:05.909,12,,False,,False,False,,
371,0 days 00:45:42.342000,VER,33,0 days 00:01:18.625000,9.0,2.0,,,28.378,28.108,22.139,0 days 00:44:52.095000,0 days 00:45:20.203000,0 days 00:45:42.342000,273.0,243.0,251.0,294.0,False,HARD,9.0,False,Red Bull Racing,0 days 00:44:23.717000,2020-07-17 09:29:23.917,1,,False,,False,True,78.625,78.625
372,0 days 00:47:10.621000,VER,33,0 days 00:01:28.279000,10.0,2.0,,,31.332,31.625,25.322,0 days 00:46:13.674000,0 days 00:46:45.299000,0 days 00:47:10.621000,250.0,222.0,255.0,283.0,False,HARD,10.0,False,Red Bull Racing,0 days 00:45:42.342000,2020-07-17 09:30:42.542,1,,False,,False,True,88.279,88.279
373,0 days 00:48:29.836000,VER,33,0 days 00:01:19.215000,11.0,2.0,,,28.508,28.103,22.604,0 days 00:47:39.129000,0 days 00:48:07.232000,0 days 00:48:29.836000,271.0,243.0,250.0,295.0,False,HARD,11.0,False,Red Bull Racing,0 days 00:47:10.621000,2020-07-17 09:32:10.821,1,,False,,False,True,79.215,79.215
374,0 days 00:49:59.121000,VER,33,0 days 00:01:29.285000,12.0,2.0,,0 days 00:49:57.525000,31.733,31.38,26.172,0 days 00:49:01.569000,0 days 00:49:32.949000,0 days 00:49:59.121000,236.0,225.0,,281.0,False,HARD,12.0,False,Red Bull Racing,0 days 00:48:29.836000,2020-07-17 09:33:30.036,1,,False,,False,False,89.285,89.285
375,0 days 01:10:27.393000,VER,33,,13.0,3.0,0 days 01:08:54.265000,,,32.895,29.083,,0 days 01:09:58.334000,0 days 01:10:29.321000,261.0,213.0,255.0,281.0,False,SOFT,1.0,True,Red Bull Racing,0 days 00:49:59.121000,2020-07-17 09:34:59.321,1,,False,,False,False,,
376,0 days 01:11:44.828000,VER,33,0 days 00:01:17.435000,14.0,3.0,,,28.0,27.529,21.906,0 days 01:10:55.393000,0 days 01:11:22.922000,0 days 01:11:44.828000,269.0,248.0,251.0,294.0,True,SOFT,2.0,True,Red Bull Racing,0 days 01:10:27.393000,2020-07-17 09:55:27.593,1,,False,,False,True,77.435,77.435
377,0 days 01:13:33.080000,VER,33,0 days 00:01:48.252000,15.0,3.0,,,41.064,41.213,25.975,0 days 01:12:25.892000,0 days 01:13:07.105000,0 days 01:13:33.080000,194.0,197.0,256.0,282.0,False,SOFT,3.0,True,Red Bull Racing,0 days 01:11:44.828000,2020-07-17 09:56:45.028,1,,False,,False,True,108.252,108.25200000000001
378,0 days 01:14:58.005000,VER,33,0 days 00:01:24.925000,16.0,3.0,,,28.116,27.388,29.421,0 days 01:14:01.196000,0 days 01:14:28.584000,0 days 01:14:58.005000,270.0,249.0,259.0,293.0,False,SOFT,4.0,True,Red Bull Racing,0 days 01:13:33.080000,2020-07-17 09:58:33.280,1,,False,,False,True,84.925,84.92500000000001
379,0 days 01:16:40.797000,VER,33,0 days 00:01:42.792000,17.0,3.0,,,35.196,40.493,27.103,0 days 01:15:33.201000,0 days 01:16:13.694000,0 days 01:16:40.797000,180.0,191.0,256.0,306.0,False,SOFT,5.0,True,Red Bull Racing,0 days 01:14:58.005000,2020-07-17 09:59:58.205,1,,False,,False,True,102.792,102.792
380,0 days 01:17:58.340000,VER,33,0 days 00:01:17.543000,18.0,3.0,,,28.069,27.497,21.977,0 days 01:17:08.866000,0 days 01:17:36.363000,0 days 01:17:58.340000,270.0,245.0,253.0,293.0,False,SOFT,6.0,True,Red Bull Racing,0 days 01:16:40.797000,2020-07-17 10:01:40.997,1,,False,,False,True,77.543,77.543
381,0 days 01:19:28.217000,VER,33,0 days 00:01:29.877000,19.0,3.0,,0 days 01:19:28.265000,31.254,31.672,26.951,0 days 01:18:29.594000,0 days 01:19:01.266000,0 days 01:19:28.217000,229.0,221.0,,284.0,False,SOFT,7.0,True,Red Bull Racing,0 days 01:17:58.340000,2020-07-17 10:02:58.540,1,,False,,False,False,89.877,89.87700000000001
382,0 days 01:31:01.977000,VER,33,,20.0,4.0,0 days 01:29:27.868000,0 days 01:31:01.437000,,33.795,27.383,,0 days 01:30:34.598000,0 days 01:31:02.119000,138.0,220.0,,284.0,False,SOFT,8.0,False,Red Bull Racing,0 days 01:19:28.217000,2020-07-17 10:04:28.417,1,,False,,False,False,,
383,0 days 01:33:12.680000,VER,33,0 days 00:02:10.703000,21.0,5.0,0 days 01:31:30.386000,,59.512,36.757,34.434,0 days 01:32:01.489000,0 days 01:32:38.246000,0 days 01:33:12.680000,265.0,127.0,238.0,284.0,False,SOFT,9.0,False,Red Bull Racing,0 days 01:31:01.977000,2020-07-17 10:16:02.177,1,,False,,False,False,130.703,130.703
384,0 days 01:34:34.755000,VER,33,0 days 00:01:22.075000,22.0,5.0,,,29.854,29.344,22.877,0 days 01:33:42.534000,0 days 01:34:11.878000,0 days 01:34:34.755000,258.0,236.0,241.0,272.0,False,SOFT,10.0,False,Red Bull Racing,0 days 01:33:12.680000,2020-07-17 10:18:12.880,1,,False,,False,True,82.075,82.075
385,0 days 01:35:56.683000,VER,33,0 days 00:01:21.928000,23.0,5.0,,,29.651,29.287,22.99,0 days 01:35:04.406000,0 days 01:35:33.693000,0 days 01:35:56.683000,262.0,235.0,243.0,276.0,False,SOFT,11.0,False,Red Bull Racing,0 days 01:34:34.755000,2020-07-17 10:19:34.955,1,,False,,False,True,81.928,81.928
386,0 days 01:37:19.078000,VER,33,0 days 00:01:22.395000,24.0,5.0,,,29.863,29.405,23.127,0 days 01:36:26.546000,0 days 01:36:55.951000,0 days 01:37:19.078000,265.0,237.0,242.0,278.0,False,SOFT,12.0,False,Red Bull Racing,0 days 01:35:56.683000,2020-07-17 10:20:56.883,1,,False,,False,True,82.395,82.395
387,0 days 01:38:41.956000,VER,33,0 days 00:01:22.878000,25.0,5.0,,,29.924,29.787,23.167,0 days 01:37:49.002000,0 days 01:38:18.789000,0 days 01:38:41.956000,265.0,237.0,240.0,279.0,False,SOFT,13.0,False,Red Bull Racing,0 days 01:37:19.078000,2020-07-17 10:22:19.278,1,,False,,False,True,82.878,82.878
388,0 days 01:40:04.991000,VER,33,0 days 00:01:23.035000,26.0,5.0,,,29.903,29.667,23.465,0 days 01:39:11.859000,0 days 01:39:41.526000,0 days 01:40:04.991000,266.0,236.0,240.0,276.0,False,SOFT,14.0,False,Red Bull Racing,0 days 01:38:41.956000,2020-07-17 10:23:42.156,1,,False,,False,True,83.035,83.035
389,0 days 01:41:27.482000,VER,33,0 days 00:01:22.491000,27.0,5.0,,,29.783,29.462,23.246,0 days 01:40:34.774000,0 days 01:41:04.236000,0 days 01:41:27.482000,266.0,238.0,242.0,277.0,False,SOFT,15.0,False,Red Bull Racing,0 days 01:40:04.991000,2020-07-17 10:25:05.191,1,,False,,False,True,82.491,82.491
390,0 days 01:42:57.802000,VER,33,0 days 00:01:30.320000,28.0,5.0,,0 days 01:42:56.113000,31.253,32.224,26.843,0 days 01:41:58.735000,0 days 01:42:30.959000,0 days 01:42:57.802000,263.0,216.0,,280.0,False,SOFT,16.0,False,Red Bull Racing,0 days 01:41:27.482000,2020-07-17 10:26:27.682,1,,False,,False,False,90.32,90.32
391,0 days 00:32:47.375000,HAM,44,,1.0,1.0,0 days 00:31:00.683000,,,35.753,24.884,,0 days 00:32:22.505000,0 days 00:32:47.539000,248.0,211.0,251.0,,False,SOFT,1.0,True,Mercedes,0 days 00:31:00.683000,2020-07-17 09:16:00.883,1,,False,,False,False,,
392,0 days 00:34:04.813000,HAM,44,0 days 00:01:17.438000,2.0,1.0,,,28.383,27.319,21.736,0 days 00:33:15.758000,0 days 00:33:43.077000,0 days 00:34:04.813000,272.0,245.0,252.0,292.0,True,SOFT,2.0,True,Mercedes,0 days 00:32:47.375000,2020-07-17 09:17:47.575,1,,False,,False,True,77.438,77.438
393,0 days 00:35:48.252000,HAM,44,0 days 00:01:43.439000,3.0,1.0,,0 days 00:35:46.534000,37.722,37.556,28.161,0 days 00:34:42.535000,0 days 00:35:20.091000,0 days 00:35:48.252000,197.0,215.0,,262.0,False,SOFT,3.0,True,Mercedes,0 days 00:34:04.813000,2020-07-17 09:19:05.013,1,,False,,False,False,103.439,103.439
394,0 days 00:37:50.392000,HAM,44,0 days 00:02:02.140000,4.0,2.0,0 days 00:36:16.620000,,57.884,32.434,31.822,0 days 00:36:46.136000,0 days 00:37:18.570000,0 days 00:37:50.392000,261.0,123.0,254.0,262.0,False,SOFT,4.0,False,Mercedes,0 days 00:35:48.252000,2020-07-17 09:20:48.452,1,,False,,False,False,122.14,122.14
395,0 days 00:39:07.136000,HAM,44,0 days 00:01:16.744000,5.0,2.0,,,27.828,27.117,21.799,0 days 00:38:18.220000,0 days 00:38:45.337000,0 days 00:39:07.136000,274.0,249.0,253.0,295.0,True,SOFT,5.0,False,Mercedes,0 days 00:37:50.392000,2020-07-17 09:22:50.592,1,,False,,False,True,76.744,76.744
396,0 days 00:40:48.923000,HAM,44,0 days 00:01:41.787000,6.0,2.0,,,39.339,35.214,27.234,0 days 00:39:46.475000,0 days 00:40:21.689000,0 days 00:40:48.923000,190.0,225.0,256.0,284.0,False,SOFT,6.0,False,Mercedes,0 days 00:39:07.136000,2020-07-17 09:24:07.336,1,,False,,False,True,101.787,101.787
397,0 days 00:42:05.049000,HAM,44,0 days 00:01:16.126000,7.0,2.0,,,27.618,26.738,21.77,0 days 00:41:16.541000,0 days 00:41:43.279000,0 days 00:42:05.049000,277.0,254.0,257.0,297.0,True,SOFT,7.0,False,Mercedes,0 days 00:40:48.923000,2020-07-17 09:25:49.123,1,,False,,False,True,76.126,76.12599999999999
398,0 days 00:43:46.112000,HAM,44,0 days 00:01:41.063000,8.0,2.0,,,40.392,32.07,28.601,0 days 00:42:45.441000,0 days 00:43:17.511000,0 days 00:43:46.112000,138.0,230.0,254.0,293.0,False,SOFT,8.0,False,Mercedes,0 days 00:42:05.049000,2020-07-17 09:27:05.249,12,,False,,False,True,101.063,101.063
399,0 days 00:45:22.879000,HAM,44,0 days 00:01:36.767000,9.0,2.0,,,29.671,39.981,27.115,0 days 00:44:15.783000,0 days 00:44:55.764000,0 days 00:45:22.879000,244.0,226.0,254.0,297.0,False,SOFT,9.0,False,Mercedes,0 days 00:43:46.112000,2020-07-17 09:28:46.312,1,,False,,False,True,96.767,96.767
400,0 days 00:46:53.696000,HAM,44,0 days 00:01:30.817000,10.0,2.0,,,27.781,29.204,33.832,0 days 00:45:50.660000,0 days 00:46:19.864000,0 days 00:46:53.696000,277.0,205.0,254.0,297.0,False,SOFT,10.0,False,Mercedes,0 days 00:45:22.879000,2020-07-17 09:30:23.079,1,,False,,False,True,90.817,90.81700000000001
401,0 days 00:48:10.082000,HAM,44,0 days 00:01:16.386000,11.0,2.0,,,27.753,26.976,21.657,0 days 00:47:21.449000,0 days 00:47:48.425000,0 days 00:48:10.082000,277.0,253.0,257.0,296.0,False,SOFT,11.0,False,Mercedes,0 days 00:46:53.696000,2020-07-17 09:31:53.896,1,,False,,False,True,76.386,76.386
402,0 days 00:49:53.788000,HAM,44,0 days 00:01:43.706000,12.0,2.0,,,35.054,38.595,30.057,0 days 00:48:45.136000,0 days 00:49:23.731000,0 days 00:49:53.788000,178.0,199.0,254.0,297.0,False,SOFT,12.0,False,Mercedes,0 days 00:48:10.082000,2020-07-17 09:33:10.282,1,,False,,False,True,103.706,103.706
403,0 days 00:51:34.612000,HAM,44,0 days 00:01:40.824000,13.0,2.0,,0 days 00:51:32.901000,35.651,39.4,25.773,0 days 00:50:29.439000,0 days 00:51:08.839000,0 days 00:51:34.612000,178.0,214.0,,297.0,False,SOFT,13.0,False,Mercedes,0 days 00:49:53.788000,2020-07-17 09:34:53.988,1,,False,,False,False,100.824,100.824
404,0 days 01:06:31.518000,HAM,44,,14.0,3.0,0 days 01:04:40.824000,,,33.119,24.134,,0 days 01:06:07.409000,0 days 01:06:34.330000,255.0,226.0,237.0,297.0,False,HARD,1.0,True,Mercedes,0 days 00:51:34.612000,2020-07-17 09:36:34.812,1,,False,,False,False,,
405,0 days 01:07:56.749000,HAM,44,0 days 00:01:25.231000,15.0,3.0,,,30.609,31.048,23.574,0 days 01:07:02.127000,0 days 01:07:33.175000,0 days 01:07:56.749000,260.0,233.0,254.0,274.0,False,HARD,2.0,True,Mercedes,0 days 01:06:31.518000,2020-07-17 09:51:31.718,1,,False,,False,True,85.231,85.231
406,0 days 01:09:13.580000,HAM,44,0 days 00:01:16.831000,16.0,3.0,,,27.91,27.248,21.673,0 days 01:08:24.659000,0 days 01:08:51.907000,0 days 01:09:13.580000,276.0,251.0,257.0,296.0,False,HARD,3.0,True,Mercedes,0 days 01:07:56.749000,2020-07-17 09:52:56.949,1,,False,,False,True,76.831,76.831
407,0 days 01:10:45.157000,HAM,44,0 days 00:01:31.577000,17.0,3.0,,,30.569,30.877,30.131,0 days 01:09:44.149000,0 days 01:10:15.026000,0 days 01:10:45.157000,264.0,238.0,255.0,293.0,False,HARD,4.0,True,Mercedes,0 days 01:09:13.580000,2020-07-17 09:54:13.780,1,,False,,False,True,91.577,91.577
408,0 days 01:12:20.765000,HAM,44,0 days 00:01:35.608000,18.0,3.0,,,29.91,29.13,36.568,0 days 01:11:15.067000,0 days 01:11:44.197000,0 days 01:12:20.765000,251.0,245.0,255.0,299.0,False,HARD,5.0,True,Mercedes,0 days 01:10:45.157000,2020-07-17 09:55:45.357,1,,False,,False,True,95.608,95.608
409,0 days 01:13:37.032000,HAM,44,0 days 00:01:16.267000,19.0,3.0,,,27.804,26.904,21.559,0 days 01:12:48.569000,0 days 01:13:15.473000,0 days 01:13:37.032000,280.0,252.0,257.0,295.0,False,HARD,6.0,True,Mercedes,0 days 01:12:20.765000,2020-07-17 09:57:20.965,1,,False,,False,True,76.267,76.267
410,0 days 01:15:09.423000,HAM,44,0 days 00:01:32.391000,20.0,3.0,,,30.348,30.005,32.038,0 days 01:14:07.380000,0 days 01:14:37.385000,0 days 01:15:09.423000,257.0,227.0,256.0,286.0,False,HARD,7.0,True,Mercedes,0 days 01:13:37.032000,2020-07-17 09:58:37.232,1,,False,,False,True,92.391,92.39099999999999
411,0 days 01:16:34.039000,HAM,44,0 days 00:01:24.616000,21.0,3.0,,,29.337,29.238,26.041,0 days 01:15:38.760000,0 days 01:16:07.998000,0 days 01:16:34.039000,270.0,239.0,258.0,300.0,False,HARD,8.0,True,Mercedes,0 days 01:15:09.423000,2020-07-17 10:00:09.623,1,,False,,False,True,84.616,84.616
412,0 days 01:17:56.702000,HAM,44,0 days 00:01:22.663000,22.0,3.0,,,27.746,27.973,26.944,0 days 01:17:01.785000,0 days 01:17:29.758000,0 days 01:17:56.702000,280.0,231.0,255.0,299.0,False,HARD,9.0,True,Mercedes,0 days 01:16:34.039000,2020-07-17 10:01:34.239,1,,False,,False,True,82.663,82.663
413,0 days 01:19:12.705000,HAM,44,0 days 00:01:16.003000,23.0,3.0,,,27.765,26.719,21.519,0 days 01:18:24.467000,0 days 01:18:51.186000,0 days 01:19:12.705000,279.0,254.0,252.0,297.0,True,HARD,10.0,True,Mercedes,0 days 01:17:56.702000,2020-07-17 10:02:56.902,1,,False,,False,True,76.003,76.003
414,0 days 01:20:40.456000,HAM,44,0 days 00:01:27.751000,24.0,3.0,,,32.989,30.663,24.099,0 days 01:19:45.694000,0 days 01:20:16.357000,0 days 01:20:40.456000,251.0,221.0,237.0,271.0,False,HARD,11.0,True,Mercedes,0 days 01:19:12.705000,2020-07-17 10:04:12.905,1,,False,,False,True,87.751,87.751
415,0 days 01:22:13.437000,HAM,44,0 days 00:01:32.981000,25.0,3.0,,0 days 01:22:13.463000,36.831,30.495,25.655,0 days 01:21:17.287000,0 days 01:21:47.782000,0 days 01:22:13.437000,245.0,235.0,,248.0,False,HARD,12.0,True,Mercedes,0 days 01:20:40.456000,2020-07-17 10:05:40.656,1,,False,,False,False,92.981,92.98100000000001
416,0 days 01:31:41.260000,HAM,44,,26.0,4.0,0 days 01:29:48.918000,0 days 01:31:41.320000,,34.809,26.879,,0 days 01:31:14.412000,0 days 01:31:41.426000,245.0,223.0,,248.0,False,HARD,13.0,False,Mercedes,0 days 01:22:13.437000,2020-07-17 10:07:13.637,1,,False,,False,False,,
417,0 days 01:33:54.601000,HAM,44,0 days 00:02:13.341000,27.0,5.0,0 days 01:32:00.390000,,67.785,30.443,35.113,0 days 01:32:49.045000,0 days 01:33:19.488000,0 days 01:33:54.601000,271.0,236.0,241.0,248.0,False,HARD,14.0,False,Mercedes,0 days 01:31:41.260000,2020-07-17 10:16:41.460,1,,False,,False,False,133.341,133.341
418,0 days 01:35:15.688000,HAM,44,0 days 00:01:21.087000,28.0,5.0,,,29.691,28.86,22.536,0 days 01:34:24.292000,0 days 01:34:53.152000,0 days 01:35:15.688000,273.0,240.0,245.0,276.0,False,HARD,15.0,False,Mercedes,0 days 01:33:54.601000,2020-07-17 10:18:54.801,1,,False,,False,True,81.087,81.087
419,0 days 01:36:36.001000,HAM,44,0 days 00:01:20.313000,29.0,5.0,,,29.341,28.563,22.409,0 days 01:35:45.029000,0 days 01:36:13.592000,0 days 01:36:36.001000,273.0,241.0,246.0,280.0,False,HARD,16.0,False,Mercedes,0 days 01:35:15.688000,2020-07-17 10:20:15.888,1,,False,,False,True,80.313,80.31299999999999
420,0 days 01:37:57.238000,HAM,44,0 days 00:01:21.237000,30.0,5.0,,,29.487,28.792,22.958,0 days 01:37:05.488000,0 days 01:37:34.280000,0 days 01:37:57.238000,277.0,244.0,246.0,282.0,False,HARD,17.0,False,Mercedes,0 days 01:36:36.001000,2020-07-17 10:21:36.201,1,,False,,False,True,81.237,81.237
421,0 days 01:39:22.073000,HAM,44,0 days 00:01:24.835000,31.0,5.0,,,29.52,29.288,26.027,0 days 01:38:26.758000,0 days 01:38:56.046000,0 days 01:39:22.073000,279.0,243.0,244.0,290.0,False,HARD,18.0,False,Mercedes,0 days 01:37:57.238000,2020-07-17 10:22:57.438,1,,False,,False,True,84.835,84.83500000000001
422,0 days 01:40:42.717000,HAM,44,0 days 00:01:20.644000,32.0,5.0,,,29.459,28.615,22.57,0 days 01:39:51.532000,0 days 01:40:20.147000,0 days 01:40:42.717000,277.0,243.0,245.0,280.0,False,HARD,19.0,False,Mercedes,0 days 01:39:22.073000,2020-07-17 10:24:22.273,1,,False,,False,True,80.644,80.644
423,0 days 01:42:03.597000,HAM,44,0 days 00:01:20.880000,33.0,5.0,,,29.455,28.631,22.794,0 days 01:41:12.172000,0 days 01:41:40.803000,0 days 01:42:03.597000,279.0,243.0,246.0,282.0,False,HARD,20.0,False,Mercedes,0 days 01:40:42.717000,2020-07-17 10:25:42.917,1,,False,,False,True,80.88,80.88
424,0 days 01:43:25.579000,HAM,44,0 days 00:01:21.982000,34.0,5.0,,,29.412,29.303,23.267,0 days 01:42:33.009000,0 days 01:43:02.312000,0 days 01:43:25.579000,280.0,240.0,251.0,293.0,False,HARD,21.0,False,Mercedes,0 days 01:42:03.597000,2020-07-17 10:27:03.797,1,,False,,False,True,81.982,81.982
425,0 days 01:44:45.995000,HAM,44,0 days 00:01:20.416000,35.0,5.0,,,29.153,28.554,22.709,0 days 01:43:54.732000,0 days 01:44:23.286000,0 days 01:44:45.995000,275.0,244.0,245.0,304.0,False,HARD,22.0,False,Mercedes,0 days 01:43:25.579000,2020-07-17 10:28:25.779,1,,False,,False,True,80.416,80.416
426,0 days 01:46:06.699000,HAM,44,0 days 00:01:20.704000,36.0,5.0,,,29.28,28.61,22.814,0 days 01:45:15.275000,0 days 01:45:43.885000,0 days 01:46:06.699000,278.0,243.0,246.0,282.0,False,HARD,23.0,False,Mercedes,0 days 01:44:45.995000,2020-07-17 10:29:46.195,1,,False,,False,True,80.704,80.70400000000001
427,0 days 01:47:47.431000,HAM,44,0 days 00:01:40.732000,37.0,5.0,,0 days 01:47:47.490000,37.299,31.514,31.919,0 days 01:46:43.998000,0 days 01:47:15.512000,0 days 01:47:47.431000,245.0,228.0,,271.0,False,HARD,24.0,False,Mercedes,0 days 01:46:06.699000,2020-07-17 10:31:06.899,1,,False,,False,False,100.732,100.732
428,0 days 00:17:46.413000,SAI,55,,1.0,1.0,0 days 00:16:01.903000,0 days 00:17:44.936000,,34.731,30.51,,0 days 00:17:15.903000,0 days 00:17:46.455000,269.0,209.0,,,False,MEDIUM,1.0,True,McLaren,0 days 00:16:01.903000,2020-07-17 09:01:02.103,1,,False,,False,False,,
429,0 days 00:35:53.651000,SAI,55,,2.0,2.0,0 days 00:34:24.286000,,,32.678,26.98,,0 days 00:35:26.683000,0 days 00:35:53.774000,256.0,217.0,253.0,,False,MEDIUM,2.0,False,McLaren,0 days 00:17:46.413000,2020-07-17 09:02:46.613,1,,False,,False,False,,
430,0 days 00:37:13.144000,SAI,55,0 days 00:01:19.493000,3.0,2.0,,,28.531,28.573,22.389,0 days 00:36:22.182000,0 days 00:36:50.755000,0 days 00:37:13.144000,273.0,241.0,252.0,295.0,True,MEDIUM,3.0,False,McLaren,0 days 00:35:53.651000,2020-07-17 09:20:53.851,1,,False,,False,True,79.493,79.493
431,0 days 00:38:57.162000,SAI,55,0 days 00:01:44.018000,4.0,2.0,,,34.939,37.312,31.767,0 days 00:37:48.083000,0 days 00:38:25.395000,0 days 00:38:57.162000,226.0,209.0,251.0,286.0,False,MEDIUM,4.0,False,McLaren,0 days 00:37:13.144000,2020-07-17 09:22:13.344,1,,False,,False,True,104.018,104.018
432,0 days 00:40:26.501000,SAI,55,0 days 00:01:29.339000,5.0,2.0,,,30.178,34.597,24.564,0 days 00:39:27.340000,0 days 00:40:01.937000,0 days 00:40:26.501000,258.0,222.0,256.0,297.0,False,MEDIUM,5.0,False,McLaren,0 days 00:38:57.162000,2020-07-17 09:23:57.362,1,,False,,False,True,89.339,89.339
433,0 days 00:41:45.440000,SAI,55,0 days 00:01:18.939000,6.0,2.0,,,28.325,28.176,22.438,0 days 00:40:54.826000,0 days 00:41:23.002000,0 days 00:41:45.440000,276.0,242.0,255.0,299.0,True,MEDIUM,6.0,False,McLaren,0 days 00:40:26.501000,2020-07-17 09:25:26.701,1,,False,,False,True,78.939,78.939
434,0 days 00:43:22.504000,SAI,55,0 days 00:01:37.064000,7.0,2.0,,0 days 00:43:20.685000,36.014,34.186,26.864,0 days 00:42:21.454000,0 days 00:42:55.640000,0 days 00:43:22.504000,238.0,216.0,,289.0,False,MEDIUM,7.0,False,McLaren,0 days 00:41:45.440000,2020-07-17 09:26:45.640,12,,False,,False,False,97.064,97.06400000000001
435,0 days 00:45:13.243000,SAI,55,0 days 00:01:50.739000,8.0,3.0,0 days 00:43:44.322000,,50.515,35.787,24.437,0 days 00:44:13.019000,0 days 00:44:48.806000,0 days 00:45:13.243000,268.0,227.0,256.0,289.0,False,MEDIUM,8.0,False,McLaren,0 days 00:43:22.504000,2020-07-17 09:28:22.704,21,,False,,False,False,110.739,110.73899999999999
436,0 days 00:46:45.576000,SAI,55,0 days 00:01:32.333000,9.0,3.0,,,28.257,32.302,31.774,0 days 00:45:41.500000,0 days 00:46:13.802000,0 days 00:46:45.576000,278.0,216.0,256.0,298.0,False,MEDIUM,9.0,False,McLaren,0 days 00:45:13.243000,2020-07-17 09:30:13.443,1,,False,,False,True,92.333,92.333
437,0 days 00:48:04.537000,SAI,55,0 days 00:01:18.961000,10.0,3.0,,,28.377,28.088,22.496,0 days 00:47:13.953000,0 days 00:47:42.041000,0 days 00:48:04.537000,278.0,244.0,256.0,298.0,False,MEDIUM,10.0,False,McLaren,0 days 00:46:45.576000,2020-07-17 09:31:45.776,1,,False,,False,True,78.961,78.961
438,0 days 00:49:41.255000,SAI,55,0 days 00:01:36.718000,11.0,3.0,,,34.178,36.121,26.419,0 days 00:48:38.715000,0 days 00:49:14.836000,0 days 00:49:41.255000,211.0,209.0,256.0,292.0,False,MEDIUM,11.0,False,McLaren,0 days 00:48:04.537000,2020-07-17 09:33:04.737,1,,False,,False,True,96.718,96.718
439,0 days 00:50:59.680000,SAI,55,0 days 00:01:18.425000,12.0,3.0,,,28.225,27.956,22.244,0 days 00:50:09.480000,0 days 00:50:37.436000,0 days 00:50:59.680000,277.0,247.0,254.0,298.0,True,MEDIUM,12.0,False,McLaren,0 days 00:49:41.255000,2020-07-17 09:34:41.455,1,,False,,False,True,78.425,78.425
440,0 days 00:52:35.708000,SAI,55,0 days 00:01:36.028000,13.0,3.0,,0 days 00:52:33.926000,33.831,34.348,27.849,0 days 00:51:33.511000,0 days 00:52:07.859000,0 days 00:52:35.708000,241.0,202.0,,287.0,False,MEDIUM,13.0,False,McLaren,0 days 00:50:59.680000,2020-07-17 09:35:59.880,1,,False,,False,False,96.028,96.028
441,0 days 01:07:23.952000,SAI,55,,14.0,4.0,0 days 01:05:47.648000,,,32.275,30.906,,0 days 01:06:53.134000,0 days 01:07:24.401000,256.0,214.0,256.0,287.0,False,SOFT,1.0,True,McLaren,0 days 00:52:35.708000,2020-07-17 09:37:35.908,1,,False,,False,False,,
442,0 days 01:08:41.717000,SAI,55,0 days 00:01:17.765000,15.0,4.0,,,28.017,27.727,22.021,0 days 01:07:51.969000,0 days 01:08:19.696000,0 days 01:08:41.717000,276.0,243.0,254.0,297.0,True,SOFT,2.0,True,McLaren,0 days 01:07:23.952000,2020-07-17 09:52:24.152,1,,False,,False,True,77.765,77.765
443,0 days 01:10:32.665000,SAI,55,0 days 00:01:50.948000,16.0,4.0,,,38.725,38.48,33.743,0 days 01:09:20.442000,0 days 01:09:58.922000,0 days 01:10:32.665000,237.0,143.0,257.0,286.0,False,SOFT,3.0,True,McLaren,0 days 01:08:41.717000,2020-07-17 09:53:41.917,1,,False,,False,True,110.948,110.94800000000001
444,0 days 01:12:01.363000,SAI,55,0 days 00:01:28.698000,17.0,4.0,,0 days 01:11:59.698000,28.155,31.211,29.332,0 days 01:11:00.820000,0 days 01:11:32.031000,0 days 01:12:01.363000,277.0,190.0,,302.0,False,SOFT,4.0,True,McLaren,0 days 01:10:32.665000,2020-07-17 09:55:32.865,1,,False,,False,False,88.698,88.69800000000001
445,0 days 01:13:52.627000,SAI,55,0 days 00:01:51.264000,18.0,5.0,0 days 01:12:25.337000,,55.271,31.073,24.92,0 days 01:12:56.634000,0 days 01:13:27.707000,0 days 01:13:52.627000,270.0,226.0,257.0,302.0,False,SOFT,5.0,False,McLaren,0 days 01:12:01.363000,2020-07-17 09:57:01.563,1,,False,,False,False,111.264,111.264
446,0 days 01:15:10.302000,SAI,55,0 days 00:01:17.675000,19.0,5.0,,,28.018,27.565,22.092,0 days 01:14:20.645000,0 days 01:14:48.210000,0 days 01:15:10.302000,277.0,248.0,257.0,297.0,True,SOFT,6.0,False,McLaren,0 days 01:13:52.627000,2020-07-17 09:58:52.827,1,,False,,False,True,77.675,77.675
447,0 days 01:16:54.030000,SAI,55,0 days 00:01:43.728000,20.0,5.0,,,36.849,38.241,28.638,0 days 01:15:47.151000,0 days 01:16:25.392000,0 days 01:16:54.030000,228.0,216.0,257.0,295.0,False,SOFT,7.0,False,McLaren,0 days 01:15:10.302000,2020-07-17 10:00:10.502,1,,False,,False,True,103.728,103.72800000000001
448,0 days 01:18:22.239000,SAI,55,0 days 00:01:28.209000,21.0,5.0,,0 days 01:18:21.404000,28.125,31.18,28.904,0 days 01:17:22.155000,0 days 01:17:53.335000,0 days 01:18:22.239000,276.0,218.0,,301.0,False,SOFT,8.0,False,McLaren,0 days 01:16:54.030000,2020-07-17 10:01:54.230,1,,False,,False,False,88.209,88.209
449,0 days 01:27:34.406000,SAI,55,,22.0,6.0,0 days 01:25:55.656000,,,32.486,24.493,,0 days 01:27:09.949000,0 days 01:27:36.160000,262.0,231.0,243.0,301.0,False,SOFT,9.0,False,McLaren,0 days 01:18:22.239000,2020-07-17 10:03:22.439,1,,False,,False,False,,
450,0 days 01:28:56.078000,SAI,55,0 days 00:01:21.672000,23.0,6.0,,,29.578,29.187,22.907,0 days 01:28:03.984000,0 days 01:28:33.171000,0 days 01:28:56.078000,272.0,238.0,243.0,275.0,False,SOFT,10.0,False,McLaren,0 days 01:27:34.406000,2020-07-17 10:12:34.606,1,,False,,False,True,81.672,81.672
451,0 days 01:30:18.069000,SAI,55,0 days 00:01:21.991000,24.0,6.0,,,29.502,29.296,23.193,0 days 01:29:25.580000,0 days 01:29:54.876000,0 days 01:30:18.069000,275.0,238.0,244.0,279.0,False,SOFT,11.0,False,McLaren,0 days 01:28:56.078000,2020-07-17 10:13:56.278,1,,False,,False,True,81.991,81.991
452,0 days 01:31:41.354000,SAI,55,0 days 00:01:23.285000,25.0,6.0,,,29.568,29.514,24.203,0 days 01:30:47.637000,0 days 01:31:17.151000,0 days 01:31:41.354000,271.0,235.0,244.0,281.0,False,SOFT,12.0,False,McLaren,0 days 01:30:18.069000,2020-07-17 10:15:18.269,1,,False,,False,True,83.285,83.285
453,0 days 01:33:04.145000,SAI,55,0 days 00:01:22.791000,26.0,6.0,,,29.634,29.748,23.409,0 days 01:32:10.988000,0 days 01:32:40.736000,0 days 01:33:04.145000,269.0,235.0,243.0,280.0,False,SOFT,13.0,False,McLaren,0 days 01:31:41.354000,2020-07-17 10:16:41.554,1,,False,,False,True,82.791,82.791
454,0 days 01:34:27.659000,SAI,55,0 days 00:01:23.514000,27.0,6.0,,,29.919,29.903,23.692,0 days 01:33:34.064000,0 days 01:34:03.967000,0 days 01:34:27.659000,270.0,234.0,244.0,280.0,False,SOFT,14.0,False,McLaren,0 days 01:33:04.145000,2020-07-17 10:18:04.345,1,,False,,False,True,83.514,83.51400000000001
455,0 days 01:35:51.928000,SAI,55,0 days 00:01:24.269000,28.0,6.0,,,29.847,30.681,23.741,0 days 01:34:57.506000,0 days 01:35:28.187000,0 days 01:35:51.928000,272.0,232.0,245.0,285.0,False,SOFT,15.0,False,McLaren,0 days 01:34:27.659000,2020-07-17 10:19:27.859,1,,False,,False,True,84.269,84.269
456,0 days 01:37:17.023000,SAI,55,0 days 00:01:25.095000,29.0,6.0,,,30.148,31.0,23.947,0 days 01:36:22.076000,0 days 01:36:53.076000,0 days 01:37:17.023000,270.0,232.0,243.0,284.0,False,SOFT,16.0,False,McLaren,0 days 01:35:51.928000,2020-07-17 10:20:52.128,1,,False,,False,True,85.095,85.095
457,0 days 01:38:48.250000,SAI,55,0 days 00:01:31.227000,30.0,6.0,,0 days 01:38:46.513000,30.113,33.392,27.722,0 days 01:37:47.136000,0 days 01:38:20.528000,0 days 01:38:48.250000,274.0,210.0,,282.0,False,SOFT,17.0,False,McLaren,0 days 01:37:17.023000,2020-07-17 10:22:17.223,1,,False,,False,False,91.227,91.227
458,0 days 01:40:59.731000,SAI,55,0 days 00:02:11.481000,31.0,7.0,0 days 01:39:08.324000,0 days 01:40:58.019000,63.904,38.038,29.539,0 days 01:39:52.154000,0 days 01:40:30.192000,0 days 01:40:59.731000,223.0,224.0,,282.0,False,SOFT,18.0,False,McLaren,0 days 01:38:48.250000,2020-07-17 10:23:48.450,1,,False,,False,False,131.481,131.481
459,0 days 01:46:02.904000,SAI,55,,32.0,8.0,0 days 01:44:24.935000,0 days 01:46:01.142000,,30.853,26.898,,0 days 01:45:36.006000,0 days 01:46:03,266.0,234.0,,282.0,False,SOFT,19.0,False,McLaren,0 days 01:40:59.731000,2020-07-17 10:25:59.931,1,,False,,False,False,,
460,0 days 00:17:53.088000,RUS,63,,1.0,1.0,0 days 00:16:15.853000,0 days 00:17:51.361000,,34.798,28.822,,0 days 00:17:24.266000,0 days 00:17:53.149000,198.0,221.0,,,False,SOFT,1.0,True,Williams,0 days 00:16:15.853000,2020-07-17 09:01:16.053,1,,False,,False,False,,
461,0 days 00:38:00.543000,RUS,63,,2.0,2.0,0 days 00:36:26.596000,,,35.507,26.51,,0 days 00:37:34.051000,0 days 00:38:00.694000,244.0,219.0,249.0,,False,SOFT,2.0,False,Williams,0 days 00:17:53.088000,2020-07-17 09:02:53.288,1,,False,,False,False,,
462,0 days 00:39:21.628000,RUS,63,0 days 00:01:21.085000,3.0,2.0,,,28.965,29.286,22.834,0 days 00:38:29.508000,0 days 00:38:58.794000,0 days 00:39:21.628000,274.0,241.0,250.0,297.0,True,SOFT,3.0,False,Williams,0 days 00:38:00.543000,2020-07-17 09:23:00.743,1,,False,,False,True,81.085,81.08500000000001
463,0 days 00:41:03.233000,RUS,63,0 days 00:01:41.605000,4.0,2.0,,,36.777,38.683,26.145,0 days 00:39:58.405000,0 days 00:40:37.088000,0 days 00:41:03.233000,243.0,210.0,252.0,281.0,False,SOFT,4.0,False,Williams,0 days 00:39:21.628000,2020-07-17 09:24:21.828,1,,False,,False,True,101.605,101.605
464,0 days 00:42:22.500000,RUS,63,0 days 00:01:19.267000,5.0,2.0,,,28.582,28.308,22.377,0 days 00:41:31.815000,0 days 00:42:00.123000,0 days 00:42:22.500000,273.0,246.0,251.0,298.0,True,SOFT,5.0,False,Williams,0 days 00:41:03.233000,2020-07-17 09:26:03.433,1,,False,,False,True,79.267,79.267
465,0 days 00:44:05.264000,RUS,63,0 days 00:01:42.764000,6.0,2.0,,,36.879,39.297,26.588,0 days 00:42:59.379000,0 days 00:43:38.676000,0 days 00:44:05.264000,215.0,205.0,252.0,279.0,False,SOFT,6.0,False,Williams,0 days 00:42:22.500000,2020-07-17 09:27:22.700,12,,False,,False,True,102.764,102.76399999999998
466,0 days 00:45:23.994000,RUS,63,0 days 00:01:18.730000,7.0,2.0,,,28.288,27.967,22.475,0 days 00:44:33.552000,0 days 00:45:01.519000,0 days 00:45:23.994000,274.0,246.0,254.0,297.0,True,SOFT,7.0,False,Williams,0 days 00:44:05.264000,2020-07-17 09:29:05.464,1,,False,,False,True,78.73,78.72999999999999
467,0 days 00:47:05.072000,RUS,63,0 days 00:01:41.078000,8.0,2.0,,,36.602,38.764,25.712,0 days 00:46:00.596000,0 days 00:46:39.360000,0 days 00:47:05.072000,223.0,206.0,254.0,287.0,False,SOFT,8.0,False,Williams,0 days 00:45:23.994000,2020-07-17 09:30:24.194,1,,False,,False,True,101.078,101.078
468,0 days 00:48:35.295000,RUS,63,0 days 00:01:30.223000,9.0,2.0,,0 days 00:48:33.917000,28.341,29.511,32.371,0 days 00:47:33.413000,0 days 00:48:02.924000,0 days 00:48:35.295000,276.0,184.0,,299.0,False,SOFT,9.0,False,Williams,0 days 00:47:05.072000,2020-07-17 09:32:05.272,1,,False,,False,False,90.223,90.22300000000001
469,0 days 00:50:44.738000,RUS,63,0 days 00:02:09.443000,10.0,3.0,0 days 00:49:00.770000,0 days 00:50:43.088000,70.896,31.58,26.967,0 days 00:49:46.191000,0 days 00:50:17.771000,0 days 00:50:44.738000,237.0,229.0,,299.0,False,SOFT,10.0,False,Williams,0 days 00:48:35.295000,2020-07-17 09:33:35.495,1,,False,,False,False,129.443,129.44299999999998
470,0 days 01:10:02.416000,RUS,63,,11.0,4.0,0 days 01:08:20.387000,,,35.102,31.757,,0 days 01:09:30.663000,0 days 01:10:02.559000,247.0,217.0,238.0,299.0,False,HARD,1.0,True,Williams,0 days 00:50:44.738000,2020-07-17 09:35:44.938,1,,False,,False,False,,
471,0 days 01:11:39.253000,RUS,63,0 days 00:01:36.837000,12.0,4.0,,,31.06,35.016,30.761,0 days 01:10:33.476000,0 days 01:11:08.492000,0 days 01:11:39.253000,272.0,218.0,246.0,297.0,False,HARD,2.0,True,Williams,0 days 01:10:02.416000,2020-07-17 09:55:02.616,1,,False,,False,True,96.837,96.83699999999999
472,0 days 01:13:02.861000,RUS,63,0 days 00:01:23.608000,13.0,4.0,,,29.604,29.942,24.062,0 days 01:12:08.857000,0 days 01:12:38.799000,0 days 01:13:02.861000,270.0,238.0,251.0,294.0,False,HARD,3.0,True,Williams,0 days 01:11:39.253000,2020-07-17 09:56:39.453,1,,False,,False,True,83.608,83.608
473,0 days 01:14:23.089000,RUS,63,0 days 00:01:20.228000,14.0,4.0,,,28.771,28.709,22.748,0 days 01:13:31.632000,0 days 01:14:00.341000,0 days 01:14:23.089000,274.0,247.0,253.0,298.0,False,HARD,4.0,True,Williams,0 days 01:13:02.861000,2020-07-17 09:58:03.061,1,,False,,False,True,80.228,80.22800000000001
474,0 days 01:15:58.422000,RUS,63,0 days 00:01:35.333000,15.0,4.0,,,30.755,33.341,31.237,0 days 01:14:53.844000,0 days 01:15:27.185000,0 days 01:15:58.422000,260.0,195.0,254.0,289.0,False,HARD,5.0,True,Williams,0 days 01:14:23.089000,2020-07-17 09:59:23.289,1,,False,,False,True,95.333,95.333
475,0 days 01:17:17.332000,RUS,63,0 days 00:01:18.910000,16.0,4.0,,,28.378,27.929,22.603,0 days 01:16:26.800000,0 days 01:16:54.729000,0 days 01:17:17.332000,277.0,253.0,259.0,301.0,False,HARD,6.0,True,Williams,0 days 01:15:58.422000,2020-07-17 10:00:58.622,1,,False,,False,True,78.91,78.91
476,0 days 01:18:49.437000,RUS,63,0 days 00:01:32.105000,17.0,4.0,,,31.954,32.032,28.119,0 days 01:17:49.286000,0 days 01:18:21.318000,0 days 01:18:49.437000,249.0,161.0,255.0,292.0,False,HARD,7.0,True,Williams,0 days 01:17:17.332000,2020-07-17 10:02:17.532,1,,False,,False,True,92.105,92.10499999999999
477,0 days 01:20:08.011000,RUS,63,0 days 00:01:18.574000,18.0,4.0,,,28.463,27.784,22.327,0 days 01:19:17.900000,0 days 01:19:45.684000,0 days 01:20:08.011000,274.0,249.0,254.0,299.0,True,HARD,8.0,True,Williams,0 days 01:18:49.437000,2020-07-17 10:03:49.637,1,,False,,False,True,78.574,78.574
478,0 days 01:21:39.649000,RUS,63,0 days 00:01:31.638000,19.0,4.0,,0 days 01:21:37.984000,30.931,33.495,27.212,0 days 01:20:38.942000,0 days 01:21:12.437000,0 days 01:21:39.649000,237.0,224.0,,284.0,False,HARD,9.0,True,Williams,0 days 01:20:08.011000,2020-07-17 10:05:08.211,1,,False,,False,False,91.638,91.638
479,0 days 01:32:19.519000,RUS,63,,20.0,5.0,0 days 01:30:48.439000,,,32.574,28.205,,0 days 01:31:51.330000,0 days 01:32:21.330000,256.0,224.0,240.0,284.0,False,HARD,10.0,False,Williams,0 days 01:21:39.649000,2020-07-17 10:06:39.849,1,,False,,False,False,,
480,0 days 01:33:43.693000,RUS,63,0 days 00:01:24.174000,21.0,5.0,,,30.564,30.291,23.319,0 days 01:32:50.083000,0 days 01:33:20.374000,0 days 01:33:43.693000,272.0,236.0,242.0,271.0,False,HARD,11.0,False,Williams,0 days 01:32:19.519000,2020-07-17 10:17:19.719,1,,False,,False,True,84.174,84.174
481,0 days 01:35:06.162000,RUS,63,0 days 00:01:22.469000,22.0,5.0,,,29.869,29.624,22.976,0 days 01:34:13.562000,0 days 01:34:43.186000,0 days 01:35:06.162000,270.0,238.0,244.0,277.0,False,HARD,12.0,False,Williams,0 days 01:33:43.693000,2020-07-17 10:18:43.893,1,,False,,False,True,82.469,82.469
482,0 days 01:36:30.422000,RUS,63,0 days 00:01:24.260000,23.0,5.0,,,29.884,29.95,24.426,0 days 01:35:36.046000,0 days 01:36:05.996000,0 days 01:36:30.422000,273.0,239.0,244.0,280.0,False,HARD,13.0,False,Williams,0 days 01:35:06.162000,2020-07-17 10:20:06.362,1,,False,,False,True,84.26,84.26
483,0 days 01:38:00.305000,RUS,63,0 days 00:01:29.883000,24.0,5.0,,,30.638,30.992,28.253,0 days 01:37:01.060000,0 days 01:37:32.052000,0 days 01:38:00.305000,262.0,233.0,241.0,281.0,False,HARD,14.0,False,Williams,0 days 01:36:30.422000,2020-07-17 10:21:30.622,1,,False,,False,True,89.883,89.88300000000001
484,0 days 01:39:22.928000,RUS,63,0 days 00:01:22.623000,25.0,5.0,,,29.888,29.535,23.2,0 days 01:38:30.193000,0 days 01:38:59.728000,0 days 01:39:22.928000,270.0,239.0,243.0,280.0,False,HARD,15.0,False,Williams,0 days 01:38:00.305000,2020-07-17 10:23:00.505,1,,False,,False,True,82.623,82.623
485,0 days 01:40:46.164000,RUS,63,0 days 00:01:23.236000,26.0,5.0,,,30.114,30.128,22.994,0 days 01:39:53.042000,0 days 01:40:23.170000,0 days 01:40:46.164000,272.0,242.0,244.0,282.0,False,HARD,16.0,False,Williams,0 days 01:39:22.928000,2020-07-17 10:24:23.128,1,,False,,False,True,83.236,83.236
486,0 days 01:42:07.945000,RUS,63,0 days 00:01:21.781000,27.0,5.0,,,29.625,28.964,23.192,0 days 01:41:15.789000,0 days 01:41:44.753000,0 days 01:42:07.945000,273.0,239.0,243.0,279.0,False,HARD,17.0,False,Williams,0 days 01:40:46.164000,2020-07-17 10:25:46.364,1,,False,,False,True,81.781,81.781
487,0 days 01:43:35.682000,RUS,63,0 days 00:01:27.737000,28.0,5.0,,0 days 01:43:34.088000,29.883,29.912,27.942,0 days 01:42:37.828000,0 days 01:43:07.740000,0 days 01:43:35.682000,273.0,181.0,,279.0,False,HARD,18.0,False,Williams,0 days 01:42:07.945000,2020-07-17 10:27:08.145,1,,False,,False,False,87.737,87.737
488,0 days 01:45:33.467000,RUS,63,0 days 00:01:57.785000,29.0,6.0,0 days 01:43:53.158000,0 days 01:45:31.172000,58.09,31.679,28.016,0 days 01:44:33.772000,0 days 01:45:05.451000,0 days 01:45:33.467000,235.0,227.0,,279.0,False,HARD,19.0,False,Williams,0 days 01:43:35.682000,2020-07-17 10:28:35.882,1,,False,,False,False,117.785,117.785
489,0 days 00:30:14.778000,BOT,77,,1.0,1.0,0 days 00:28:35.428000,,,38.321,25.462,,0 days 00:29:49.377000,0 days 00:30:15.033000,220.0,210.0,254.0,,False,SOFT,1.0,True,Mercedes,0 days 00:28:35.428000,2020-07-17 09:13:35.628,1,,False,,False,False,,
490,0 days 00:31:32.543000,BOT,77,0 days 00:01:17.765000,2.0,1.0,,,28.791,27.374,21.6,0 days 00:30:43.569000,0 days 00:31:10.943000,0 days 00:31:32.543000,274.0,247.0,253.0,291.0,True,SOFT,2.0,True,Mercedes,0 days 00:30:14.778000,2020-07-17 09:15:14.978,1,,False,,False,True,77.765,77.765
491,0 days 00:33:16.906000,BOT,77,0 days 00:01:44.363000,3.0,1.0,,,37.151,41.058,26.154,0 days 00:32:09.694000,0 days 00:32:50.752000,0 days 00:33:16.906000,215.0,175.0,256.0,277.0,False,SOFT,3.0,True,Mercedes,0 days 00:31:32.543000,2020-07-17 09:16:32.743,1,,False,,False,True,104.363,104.363
492,0 days 00:34:33.465000,BOT,77,0 days 00:01:16.559000,4.0,1.0,,,28.041,26.988,21.53,0 days 00:33:44.947000,0 days 00:34:11.935000,0 days 00:34:33.465000,276.0,254.0,258.0,295.0,True,SOFT,4.0,True,Mercedes,0 days 00:33:16.906000,2020-07-17 09:18:17.106,1,,False,,False,True,76.559,76.559
493,0 days 00:36:17.348000,BOT,77,0 days 00:01:43.883000,5.0,1.0,,0 days 00:36:15.952000,36.28,37.453,30.15,0 days 00:35:09.745000,0 days 00:35:47.198000,0 days 00:36:17.348000,224.0,212.0,,282.0,False,SOFT,5.0,True,Mercedes,0 days 00:34:33.465000,2020-07-17 09:19:33.665,1,,False,,False,False,103.883,103.88300000000001
494,0 days 00:38:30.944000,BOT,77,0 days 00:02:13.596000,6.0,2.0,0 days 00:36:36.793000,,66.412,35.451,31.733,0 days 00:37:23.760000,0 days 00:37:59.211000,0 days 00:38:30.944000,111.0,181.0,257.0,282.0,False,SOFT,6.0,False,Mercedes,0 days 00:36:17.348000,2020-07-17 09:21:17.548,1,,False,,False,False,133.596,133.596
495,0 days 00:39:47.488000,BOT,77,0 days 00:01:16.544000,7.0,2.0,,,27.968,26.946,21.63,0 days 00:38:58.912000,0 days 00:39:25.858000,0 days 00:39:47.488000,275.0,252.0,255.0,298.0,True,SOFT,7.0,False,Mercedes,0 days 00:38:30.944000,2020-07-17 09:23:31.144,1,,False,,False,True,76.544,76.544
496,0 days 00:41:33.140000,BOT,77,0 days 00:01:45.652000,8.0,2.0,,0 days 00:41:31.464000,34.007,39.012,32.633,0 days 00:40:21.495000,0 days 00:41:00.507000,0 days 00:41:33.140000,243.0,122.0,,288.0,False,SOFT,8.0,False,Mercedes,0 days 00:39:47.488000,2020-07-17 09:24:47.688,1,,False,,False,False,105.652,105.65200000000002
497,0 days 00:43:56.145000,BOT,77,0 days 00:02:23.005000,9.0,3.0,0 days 00:41:52.226000,,73.41,38.323,31.272,0 days 00:42:46.550000,0 days 00:43:24.873000,0 days 00:43:56.145000,175.0,204.0,257.0,288.0,False,SOFT,9.0,False,Mercedes,0 days 00:41:33.140000,2020-07-17 09:26:33.340,12,,False,,False,False,143.005,143.005
498,0 days 00:45:19.066000,BOT,77,0 days 00:01:22.921000,10.0,3.0,,,27.878,28.502,26.541,0 days 00:44:24.023000,0 days 00:44:52.525000,0 days 00:45:19.066000,276.0,212.0,231.0,303.0,False,SOFT,10.0,False,Mercedes,0 days 00:43:56.145000,2020-07-17 09:28:56.345,1,,False,,False,True,82.921,82.92099999999999
499,0 days 00:47:00.664000,BOT,77,0 days 00:01:41.598000,11.0,3.0,,,37.964,34.569,29.065,0 days 00:45:57.030000,0 days 00:46:31.599000,0 days 00:47:00.664000,250.0,219.0,259.0,270.0,False,SOFT,11.0,False,Mercedes,0 days 00:45:19.066000,2020-07-17 09:30:19.266,1,,False,,False,True,101.598,101.598
500,0 days 00:48:17.474000,BOT,77,0 days 00:01:16.810000,12.0,3.0,,,27.809,26.812,22.189,0 days 00:47:28.473000,0 days 00:47:55.285000,0 days 00:48:17.474000,277.0,251.0,253.0,301.0,False,SOFT,12.0,False,Mercedes,0 days 00:47:00.664000,2020-07-17 09:32:00.864,1,,False,,False,True,76.81,76.81
501,0 days 00:49:54.660000,BOT,77,0 days 00:01:37.186000,13.0,3.0,,0 days 00:49:52.954000,32.655,37.198,27.333,0 days 00:48:50.129000,0 days 00:49:27.327000,0 days 00:49:54.660000,244.0,220.0,,289.0,False,SOFT,13.0,False,Mercedes,0 days 00:48:17.474000,2020-07-17 09:33:17.674,1,,False,,False,False,97.186,97.186
502,0 days 00:52:03.777000,BOT,77,0 days 00:02:09.117000,14.0,4.0,0 days 00:50:14.302000,0 days 00:52:03.076000,67.636,33.461,28.02,0 days 00:51:02.296000,0 days 00:51:35.757000,0 days 00:52:03.777000,256.0,219.0,,289.0,False,SOFT,14.0,False,Mercedes,0 days 00:49:54.660000,2020-07-17 09:34:54.860,1,,False,,False,False,129.117,129.117
503,0 days 01:04:51.967000,BOT,77,,15.0,5.0,0 days 01:03:19.039000,,,37.886,25.08,,0 days 01:04:29.151000,0 days 01:04:52.154000,240.0,205.0,255.0,289.0,False,MEDIUM,1.0,True,Mercedes,0 days 00:52:03.777000,2020-07-17 09:37:03.977,1,,False,,False,False,,
504,0 days 01:06:24.781000,BOT,77,0 days 00:01:32.814000,16.0,5.0,,,29.665,38.715,24.434,0 days 01:05:21.632000,0 days 01:06:00.347000,0 days 01:06:24.781000,244.0,215.0,257.0,293.0,False,MEDIUM,2.0,True,Mercedes,0 days 01:04:51.967000,2020-07-17 09:49:52.167,1,,False,,False,True,92.814,92.814
505,0 days 01:07:40.870000,BOT,77,0 days 00:01:16.089000,17.0,5.0,,,27.703,26.945,21.441,0 days 01:06:52.484000,0 days 01:07:19.429000,0 days 01:07:40.870000,278.0,252.0,260.0,298.0,True,MEDIUM,3.0,True,Mercedes,0 days 01:06:24.781000,2020-07-17 09:51:24.981,1,,False,,False,True,76.089,76.089
506,0 days 01:09:22.814000,BOT,77,0 days 00:01:41.944000,18.0,5.0,,0 days 01:09:21.105000,33.389,35.516,33.039,0 days 01:08:14.259000,0 days 01:08:49.775000,0 days 01:09:22.814000,168.0,165.0,,292.0,False,MEDIUM,4.0,True,Mercedes,0 days 01:07:40.870000,2020-07-17 09:52:41.070,1,,False,,False,False,101.944,101.944
507,0 days 01:10:41.314000,BOT,77,,19.0,6.0,0 days 01:09:40.361000,,,,,,,,168.0,165.0,260.0,292.0,False,MEDIUM,5.0,False,Mercedes,0 days 01:09:22.814000,2020-07-17 09:54:23.014,1,,False,,False,False,,
508,0 days 01:12:02.276000,BOT,77,0 days 00:01:20.962000,20.0,6.0,,,27.866,28.357,24.739,0 days 01:11:09.180000,0 days 01:11:37.537000,0 days 01:12:02.276000,278.0,213.0,236.0,295.0,False,MEDIUM,6.0,False,Mercedes,0 days 01:10:41.314000,2020-07-17 09:55:41.514,1,,False,,False,True,80.962,80.962
509,0 days 01:13:34.603000,BOT,77,0 days 00:01:32.327000,21.0,6.0,,,34.487,32.679,25.161,0 days 01:12:36.763000,0 days 01:13:09.442000,0 days 01:13:34.603000,263.0,232.0,257.0,275.0,False,MEDIUM,7.0,False,Mercedes,0 days 01:12:02.276000,2020-07-17 09:57:02.476,1,,False,,False,True,92.327,92.327
510,0 days 01:14:58.219000,BOT,77,0 days 00:01:23.616000,22.0,6.0,,,27.751,29.858,26.007,0 days 01:14:02.354000,0 days 01:14:32.212000,0 days 01:14:58.219000,276.0,219.0,238.0,299.0,False,MEDIUM,8.0,False,Mercedes,0 days 01:13:34.603000,2020-07-17 09:58:34.803,1,,False,,False,True,83.616,83.616
511,0 days 01:16:34.339000,BOT,77,0 days 00:01:36.120000,23.0,6.0,,,34.314,34.475,27.331,0 days 01:15:32.533000,0 days 01:16:07.008000,0 days 01:16:34.339000,256.0,221.0,258.0,286.0,False,MEDIUM,9.0,False,Mercedes,0 days 01:14:58.219000,2020-07-17 09:59:58.419,1,,False,,False,True,96.12,96.12
512,0 days 01:18:09.602000,BOT,77,0 days 00:01:35.263000,24.0,6.0,,,33.353,35.256,26.654,0 days 01:17:07.692000,0 days 01:17:42.948000,0 days 01:18:09.602000,94.0,225.0,257.0,299.0,False,MEDIUM,10.0,False,Mercedes,0 days 01:16:34.339000,2020-07-17 10:01:34.539,1,,False,,False,True,95.263,95.263
513,0 days 01:19:25.723000,BOT,77,0 days 00:01:16.121000,25.0,6.0,,,27.764,26.945,21.412,0 days 01:18:37.366000,0 days 01:19:04.311000,0 days 01:19:25.723000,276.0,251.0,254.0,295.0,False,MEDIUM,11.0,False,Mercedes,0 days 01:18:09.602000,2020-07-17 10:03:09.802,1,,False,,False,True,76.121,76.12100000000001
514,0 days 01:20:57.715000,BOT,77,0 days 00:01:31.992000,26.0,6.0,,0 days 01:22:48.538000,31.816,34.103,26.073,0 days 01:19:57.539000,0 days 01:20:31.642000,0 days 01:20:57.715000,239.0,240.0,,285.0,False,MEDIUM,12.0,False,Mercedes,0 days 01:19:25.723000,2020-07-17 10:04:25.923,1,,False,,False,False,91.992,91.99199999999999
515,0 days 01:32:18.400000,BOT,77,,27.0,7.0,0 days 01:30:46.759000,0 days 01:32:16.641000,,33.222,27.81,,0 days 01:31:50.624000,0 days 01:32:18.541000,247.0,222.0,,285.0,False,None,13.0,False,Mercedes,0 days 01:20:57.715000,2020-07-17 10:05:57.915,1,,False,,False,False,,
516,0 days 01:34:23.957000,BOT,77,0 days 00:02:05.557000,28.0,8.0,0 days 01:32:37.928000,,64.383,32.457,28.717,0 days 01:33:22.783000,0 days 01:33:55.240000,0 days 01:34:23.957000,127.0,223.0,247.0,285.0,False,MEDIUM,14.0,False,Mercedes,0 days 01:32:18.400000,2020-07-17 10:17:18.600,1,,False,,False,False,125.557,125.557
517,0 days 01:35:45.628000,BOT,77,0 days 00:01:21.671000,29.0,8.0,,,29.441,29.27,22.96,0 days 01:34:53.398000,0 days 01:35:22.668000,0 days 01:35:45.628000,275.0,239.0,253.0,282.0,False,MEDIUM,15.0,False,Mercedes,0 days 01:34:23.957000,2020-07-17 10:19:24.157,1,,False,,False,True,81.671,81.67099999999999
518,0 days 01:37:06.266000,BOT,77,0 days 00:01:20.638000,30.0,8.0,,,29.088,29.003,22.547,0 days 01:36:14.716000,0 days 01:36:43.719000,0 days 01:37:06.266000,272.0,240.0,247.0,304.0,False,MEDIUM,16.0,False,Mercedes,0 days 01:35:45.628000,2020-07-17 10:20:45.828,1,,False,,False,True,80.638,80.638
519,0 days 01:38:29.497000,BOT,77,0 days 00:01:23.231000,31.0,8.0,,,29.412,30.09,23.729,0 days 01:37:35.678000,0 days 01:38:05.768000,0 days 01:38:29.497000,277.0,235.0,250.0,285.0,False,MEDIUM,17.0,False,Mercedes,0 days 01:37:06.266000,2020-07-17 10:22:06.466,1,,False,,False,True,83.231,83.231
520,0 days 01:39:50.126000,BOT,77,0 days 00:01:20.629000,32.0,8.0,,,29.207,28.762,22.66,0 days 01:38:58.704000,0 days 01:39:27.466000,0 days 01:39:50.126000,275.0,240.0,245.0,296.0,False,MEDIUM,18.0,False,Mercedes,0 days 01:38:29.497000,2020-07-17 10:23:29.697,1,,False,,False,True,80.629,80.629
521,0 days 01:41:11.553000,BOT,77,0 days 00:01:21.427000,33.0,8.0,,,29.408,29.098,22.921,0 days 01:40:19.534000,0 days 01:40:48.632000,0 days 01:41:11.553000,277.0,241.0,252.0,282.0,False,MEDIUM,19.0,False,Mercedes,0 days 01:39:50.126000,2020-07-17 10:24:50.326,1,,False,,False,True,81.427,81.42699999999999
522,0 days 01:42:34.078000,BOT,77,0 days 00:01:22.525000,34.0,8.0,,,29.658,29.821,23.046,0 days 01:41:41.211000,0 days 01:42:11.032000,0 days 01:42:34.078000,278.0,240.0,257.0,301.0,False,MEDIUM,20.0,False,Mercedes,0 days 01:41:11.553000,2020-07-17 10:26:11.753,1,,False,,False,True,82.525,82.525
523,0 days 01:43:54.193000,BOT,77,0 days 00:01:20.115000,35.0,8.0,,,28.886,28.504,22.725,0 days 01:43:02.964000,0 days 01:43:31.468000,0 days 01:43:54.193000,275.0,244.0,248.0,307.0,False,MEDIUM,21.0,False,Mercedes,0 days 01:42:34.078000,2020-07-17 10:27:34.278,1,,False,,False,True,80.115,80.11500000000001
524,0 days 01:45:17.568000,BOT,77,0 days 00:01:23.375000,36.0,8.0,,,29.446,29.244,24.685,0 days 01:44:23.639000,0 days 01:44:52.883000,0 days 01:45:17.568000,280.0,239.0,227.0,287.0,False,MEDIUM,22.0,False,Mercedes,0 days 01:43:54.193000,2020-07-17 10:28:54.393,1,,True,TRACK LIMITS AT TURN 12,False,True,83.375,83.375
525,0 days 01:46:51.973000,BOT,77,0 days 00:01:34.405000,37.0,8.0,,0 days 01:46:52.009000,34.377,33.209,26.819,0 days 01:45:51.945000,0 days 01:46:25.154000,0 days 01:46:51.973000,210.0,213.0,,224.0,False,MEDIUM,23.0,False,Mercedes,0 days 01:45:17.568000,2020-07-17 10:30:17.768,1,,False,,False,False,94.405,94.40500000000002
526,0 days 00:17:03.585000,KUB,88,,1.0,1.0,0 days 00:15:15.583000,0 days 00:17:01.999000,,38.983,32.606,,0 days 00:16:31.018000,0 days 00:17:03.713000,207.0,199.0,,,False,HARD,1.0,True,Alfa Romeo Racing,0 days 00:15:15.583000,2020-07-17 09:00:15.783,1,,False,,False,False,,
527,0 days 00:19:19.513000,KUB,88,0 days 00:02:15.928000,2.0,2.0,0 days 00:17:38.946000,0 days 00:19:17.835000,69.096,36.137,30.695,0 days 00:18:12.681000,0 days 00:18:48.818000,0 days 00:19:19.513000,238.0,206.0,,,False,HARD,2.0,False,Alfa Romeo Racing,0 days 00:17:03.585000,2020-07-17 09:02:03.785,1,,False,,False,False,135.928,135.928
528,0 days 00:44:55.383000,KUB,88,,3.0,3.0,0 days 00:43:07.643000,,,34.335,27.367,,0 days 00:44:28.087000,0 days 00:44:55.524000,253.0,210.0,239.0,,False,HARD,3.0,False,Alfa Romeo Racing,0 days 00:19:19.513000,2020-07-17 09:04:19.713,12,,False,,False,False,,
529,0 days 00:46:20.768000,KUB,88,0 days 00:01:25.385000,4.0,3.0,,,30.531,31.162,23.692,0 days 00:45:25.914000,0 days 00:45:57.076000,0 days 00:46:20.768000,271.0,230.0,248.0,291.0,True,HARD,4.0,False,Alfa Romeo Racing,0 days 00:44:55.383000,2020-07-17 09:29:55.583,1,,False,,False,True,85.385,85.38499999999999
530,0 days 00:47:41.916000,KUB,88,0 days 00:01:21.148000,5.0,3.0,,,29.204,29.157,22.787,0 days 00:46:49.972000,0 days 00:47:19.129000,0 days 00:47:41.916000,276.0,240.0,249.0,293.0,True,HARD,5.0,False,Alfa Romeo Racing,0 days 00:46:20.768000,2020-07-17 09:31:20.968,1,,False,,False,True,81.148,81.148
531,0 days 00:49:02.321000,KUB,88,0 days 00:01:20.405000,6.0,3.0,,,29.023,28.718,22.664,0 days 00:48:10.939000,0 days 00:48:39.657000,0 days 00:49:02.321000,275.0,240.0,249.0,294.0,True,HARD,6.0,False,Alfa Romeo Racing,0 days 00:47:41.916000,2020-07-17 09:32:42.116,1,,False,,False,True,80.405,80.405
532,0 days 00:50:29.962000,KUB,88,0 days 00:01:27.641000,7.0,3.0,,,31.976,32.174,23.491,0 days 00:49:34.297000,0 days 00:50:06.471000,0 days 00:50:29.962000,249.0,231.0,250.0,295.0,False,HARD,7.0,False,Alfa Romeo Racing,0 days 00:49:02.321000,2020-07-17 09:34:02.521,1,,False,,False,True,87.641,87.641
533,0 days 00:51:50.340000,KUB,88,0 days 00:01:20.378000,8.0,3.0,,,28.673,28.695,23.01,0 days 00:50:58.635000,0 days 00:51:27.330000,0 days 00:51:50.340000,277.0,243.0,253.0,296.0,True,HARD,8.0,False,Alfa Romeo Racing,0 days 00:50:29.962000,2020-07-17 09:35:30.162,1,,False,,False,True,80.378,80.378
534,0 days 00:53:16.837000,KUB,88,0 days 00:01:26.497000,9.0,3.0,,0 days 00:53:16.833000,28.784,29.498,28.215,0 days 00:52:19.124000,0 days 00:52:48.622000,0 days 00:53:16.837000,277.0,231.0,,297.0,False,HARD,9.0,False,Alfa Romeo Racing,0 days 00:51:50.340000,2020-07-17 09:36:50.540,1,,False,,False,False,86.497,86.497
535,0 days 01:07:39.533000,KUB,88,,10.0,4.0,0 days 01:06:12.897000,,,31.465,25.345,,0 days 01:07:14.383000,0 days 01:07:39.640000,267.0,228.0,252.0,297.0,False,MEDIUM,1.0,True,Alfa Romeo Racing,0 days 00:53:16.837000,2020-07-17 09:38:17.037,1,,False,,False,False,,
536,0 days 01:08:58.683000,KUB,88,0 days 00:01:19.150000,11.0,4.0,,,28.281,28.382,22.487,0 days 01:08:07.814000,0 days 01:08:36.196000,0 days 01:08:58.683000,278.0,241.0,252.0,298.0,True,MEDIUM,2.0,True,Alfa Romeo Racing,0 days 01:07:39.533000,2020-07-17 09:52:39.733,1,,False,,False,True,79.15,79.14999999999999
537,0 days 01:10:49.290000,KUB,88,0 days 00:01:50.607000,12.0,4.0,,,36.488,39.515,34.604,0 days 01:09:35.171000,0 days 01:10:14.686000,0 days 01:10:49.290000,224.0,206.0,251.0,268.0,False,MEDIUM,3.0,True,Alfa Romeo Racing,0 days 01:08:58.683000,2020-07-17 09:53:58.883,1,,False,,False,True,110.607,110.607
538,0 days 01:12:09.283000,KUB,88,0 days 00:01:19.993000,13.0,4.0,,,28.499,28.754,22.74,0 days 01:11:17.789000,0 days 01:11:46.543000,0 days 01:12:09.283000,281.0,243.0,252.0,298.0,False,MEDIUM,4.0,True,Alfa Romeo Racing,0 days 01:10:49.290000,2020-07-17 09:55:49.490,1,,False,,False,True,79.993,79.993
539,0 days 01:13:58.876000,KUB,88,0 days 00:01:49.593000,14.0,4.0,,,38.835,39.511,31.247,0 days 01:12:48.118000,0 days 01:13:27.629000,0 days 01:13:58.876000,81.0,211.0,250.0,260.0,False,MEDIUM,5.0,True,Alfa Romeo Racing,0 days 01:12:09.283000,2020-07-17 09:57:09.483,1,,False,,False,True,109.593,109.593
540,0 days 01:15:18.826000,KUB,88,0 days 00:01:19.950000,15.0,4.0,,,28.622,28.736,22.592,0 days 01:14:27.498000,0 days 01:14:56.234000,0 days 01:15:18.826000,278.0,240.0,253.0,297.0,False,MEDIUM,6.0,True,Alfa Romeo Racing,0 days 01:13:58.876000,2020-07-17 09:58:59.076,1,,False,,False,True,79.95,79.95
541,0 days 01:17:05.746000,KUB,88,0 days 00:01:46.920000,16.0,4.0,,,39.081,40.756,27.083,0 days 01:15:57.907000,0 days 01:16:38.663000,0 days 01:17:05.746000,232.0,203.0,251.0,262.0,False,MEDIUM,7.0,True,Alfa Romeo Racing,0 days 01:15:18.826000,2020-07-17 10:00:19.026,1,,False,,False,True,106.92,106.92
542,0 days 01:18:24.896000,KUB,88,0 days 00:01:19.150000,17.0,4.0,,,28.544,28.219,22.387,0 days 01:17:34.290000,0 days 01:18:02.509000,0 days 01:18:24.896000,279.0,246.0,252.0,296.0,False,MEDIUM,8.0,True,Alfa Romeo Racing,0 days 01:17:05.746000,2020-07-17 10:02:05.946,1,,False,,False,True,79.15,79.15
543,0 days 01:20:10.359000,KUB,88,0 days 00:01:45.463000,18.0,4.0,,0 days 01:20:10.381000,38.768,36.609,30.086,0 days 01:19:03.664000,0 days 01:19:40.273000,0 days 01:20:10.359000,196.0,199.0,,260.0,False,MEDIUM,9.0,True,Alfa Romeo Racing,0 days 01:18:24.896000,2020-07-17 10:03:25.096,1,,False,,False,False,105.463,105.46300000000001
544,0 days 01:35:01.536000,KUB,88,,19.0,5.0,0 days 01:33:32.087000,,,32.47,25.293,,0 days 01:34:36.777000,0 days 01:35:01.677000,262.0,220.0,248.0,260.0,False,MEDIUM,10.0,False,Alfa Romeo Racing,0 days 01:20:10.359000,2020-07-17 10:05:10.559,1,,False,,False,False,,
545,0 days 01:36:23.836000,KUB,88,0 days 00:01:22.300000,20.0,5.0,,,29.284,29.742,23.274,0 days 01:35:30.820000,0 days 01:36:00.562000,0 days 01:36:23.836000,277.0,238.0,252.0,295.0,False,MEDIUM,11.0,False,Alfa Romeo Racing,0 days 01:35:01.536000,2020-07-17 10:20:01.736,1,,False,,False,True,82.3,82.3
546,0 days 01:37:56.691000,KUB,88,0 days 00:01:32.855000,21.0,5.0,,,31.602,35.721,25.532,0 days 01:36:55.438000,0 days 01:37:31.159000,0 days 01:37:56.691000,250.0,212.0,250.0,273.0,False,MEDIUM,12.0,False,Alfa Romeo Racing,0 days 01:36:23.836000,2020-07-17 10:21:24.036,1,,False,,False,True,92.855,92.85499999999999
547,0 days 01:39:35.132000,KUB,88,0 days 00:01:38.441000,22.0,5.0,,,29.085,41.901,27.455,0 days 01:38:25.776000,0 days 01:39:07.677000,0 days 01:39:35.132000,280.0,200.0,248.0,299.0,False,MEDIUM,13.0,False,Alfa Romeo Racing,0 days 01:37:56.691000,2020-07-17 10:22:56.891,1,,False,,False,True,98.441,98.441
548,0 days 01:40:55.936000,KUB,88,0 days 00:01:20.804000,23.0,5.0,,,28.95,28.724,23.13,0 days 01:40:04.082000,0 days 01:40:32.806000,0 days 01:40:55.936000,277.0,242.0,252.0,295.0,False,MEDIUM,14.0,False,Alfa Romeo Racing,0 days 01:39:35.132000,2020-07-17 10:24:35.332,1,,False,,False,True,80.804,80.804
549,0 days 01:42:30.400000,KUB,88,0 days 00:01:34.464000,24.0,5.0,,,32.212,37.286,24.966,0 days 01:41:28.148000,0 days 01:42:05.434000,0 days 01:42:30.400000,248.0,204.0,252.0,281.0,False,MEDIUM,15.0,False,Alfa Romeo Racing,0 days 01:40:55.936000,2020-07-17 10:25:56.136,1,,False,,False,True,94.464,94.464
550,0 days 01:43:50.970000,KUB,88,0 days 00:01:20.570000,25.0,5.0,,,28.71,28.842,23.018,0 days 01:42:59.110000,0 days 01:43:27.952000,0 days 01:43:50.970000,280.0,243.0,252.0,297.0,False,MEDIUM,16.0,False,Alfa Romeo Racing,0 days 01:42:30.400000,2020-07-17 10:27:30.600,1,,False,,False,True,80.57,80.57
551,0 days 01:45:31.194000,KUB,88,0 days 00:01:40.224000,26.0,5.0,,0 days 01:45:30.993000,35.201,36.989,28.034,0 days 01:44:26.171000,0 days 01:45:03.160000,0 days 01:45:31.194000,247.0,208.0,,275.0,False,MEDIUM,17.0,False,Alfa Romeo Racing,0 days 01:43:50.970000,2020-07-17 10:28:51.170,1,,False,,False,False,100.224,100.22399999999999
552,0 days 00:18:26.436000,GIO,99,,1.0,1.0,0 days 00:16:50.646000,0 days 00:18:24.684000,,34.557,28.898,,0 days 00:17:57.538000,0 days 00:18:26.501000,227.0,219.0,,,False,HARD,1.0,True,Alfa Romeo Racing,0 days 00:16:50.646000,2020-07-17 09:01:50.846,1,,False,,False,False,,
553,0 days 00:38:41.457000,GIO,99,,2.0,2.0,0 days 00:37:10.557000,,,32.837,26.674,,0 days 00:38:14.898000,0 days 00:38:41.629000,254.0,227.0,252.0,,False,HARD,2.0,False,Alfa Romeo Racing,0 days 00:18:26.436000,2020-07-17 09:03:26.636,1,,False,,False,False,,
554,0 days 00:40:03.582000,GIO,99,0 days 00:01:22.125000,3.0,2.0,,,29.598,29.451,23.076,0 days 00:39:11.055000,0 days 00:39:40.506000,0 days 00:40:03.582000,277.0,237.0,254.0,299.0,True,HARD,3.0,False,Alfa Romeo Racing,0 days 00:38:41.457000,2020-07-17 09:23:41.657,1,,False,,False,True,82.125,82.125
555,0 days 00:41:24.266000,GIO,99,0 days 00:01:20.684000,4.0,2.0,,,28.93,28.937,22.817,0 days 00:40:32.512000,0 days 00:41:01.449000,0 days 00:41:24.266000,277.0,239.0,255.0,301.0,True,HARD,4.0,False,Alfa Romeo Racing,0 days 00:40:03.582000,2020-07-17 09:25:03.782,1,,False,,False,True,80.684,80.684
556,0 days 00:43:06.261000,GIO,99,0 days 00:01:41.995000,5.0,2.0,,,33.877,39.484,28.634,0 days 00:41:58.143000,0 days 00:42:37.627000,0 days 00:43:06.261000,172.0,198.0,254.0,300.0,False,HARD,5.0,False,Alfa Romeo Racing,0 days 00:41:24.266000,2020-07-17 09:26:24.466,1,,False,,False,True,101.995,101.995
557,0 days 00:44:26.898000,GIO,99,0 days 00:01:20.637000,6.0,2.0,,,29.106,28.789,22.742,0 days 00:43:35.367000,0 days 00:44:04.156000,0 days 00:44:26.898000,278.0,242.0,254.0,297.0,True,HARD,6.0,False,Alfa Romeo Racing,0 days 00:43:06.261000,2020-07-17 09:28:06.461,12,,False,,False,True,80.637,80.637
558,0 days 00:45:46.874000,GIO,99,0 days 00:01:19.976000,7.0,2.0,,,28.748,28.639,22.589,0 days 00:44:55.646000,0 days 00:45:24.285000,0 days 00:45:46.874000,279.0,242.0,255.0,299.0,True,HARD,7.0,False,Alfa Romeo Racing,0 days 00:44:26.898000,2020-07-17 09:29:27.098,1,,False,,False,True,79.976,79.976
559,0 days 00:47:23.640000,GIO,99,0 days 00:01:36.766000,8.0,2.0,,,32.72,36.308,27.738,0 days 00:46:19.594000,0 days 00:46:55.902000,0 days 00:47:23.640000,232.0,170.0,256.0,299.0,False,HARD,8.0,False,Alfa Romeo Racing,0 days 00:45:46.874000,2020-07-17 09:30:47.074,1,,False,,False,True,96.766,96.76599999999999
560,0 days 00:48:44.232000,GIO,99,0 days 00:01:20.592000,9.0,2.0,,,29.007,28.872,22.713,0 days 00:47:52.647000,0 days 00:48:21.519000,0 days 00:48:44.232000,279.0,240.0,255.0,300.0,False,HARD,9.0,False,Alfa Romeo Racing,0 days 00:47:23.640000,2020-07-17 09:32:23.840,1,,False,,False,True,80.592,80.59200000000001
561,0 days 00:50:21.395000,GIO,99,0 days 00:01:37.163000,10.0,2.0,,0 days 00:50:18.894000,32.103,33.165,31.895,0 days 00:49:16.335000,0 days 00:49:49.500000,0 days 00:50:21.395000,216.0,222.0,,298.0,False,HARD,10.0,False,Alfa Romeo Racing,0 days 00:48:44.232000,2020-07-17 09:33:44.432,1,,False,,False,False,97.163,97.163
562,0 days 00:52:44.753000,GIO,99,0 days 00:02:23.358000,11.0,3.0,0 days 00:50:49.879000,0 days 00:52:43.088000,80.04,33.408,29.91,0 days 00:51:41.435000,0 days 00:52:14.843000,0 days 00:52:44.753000,197.0,199.0,,298.0,False,HARD,11.0,False,Alfa Romeo Racing,0 days 00:50:21.395000,2020-07-17 09:35:21.595,1,,False,,False,False,143.358,143.358
563,0 days 01:07:14.822000,GIO,99,,12.0,4.0,0 days 01:05:40.207000,,,36.264,27.102,,0 days 01:06:47.766000,0 days 01:07:15.006000,174.0,224.0,256.0,298.0,False,MEDIUM,1.0,True,Alfa Romeo Racing,0 days 00:52:44.753000,2020-07-17 09:37:44.953,1,,False,,False,False,,
564,0 days 01:08:33.775000,GIO,99,0 days 00:01:18.953000,13.0,4.0,,,28.535,28.158,22.26,0 days 01:07:43.357000,0 days 01:08:11.515000,0 days 01:08:33.775000,279.0,242.0,252.0,298.0,True,MEDIUM,2.0,True,Alfa Romeo Racing,0 days 01:07:14.822000,2020-07-17 09:52:15.022,1,,False,,False,True,78.953,78.953
565,0 days 01:10:14.242000,GIO,99,0 days 00:01:40.467000,14.0,4.0,,,36.458,37.588,26.421,0 days 01:09:10.233000,0 days 01:09:47.821000,0 days 01:10:14.242000,163.0,210.0,256.0,286.0,False,MEDIUM,3.0,True,Alfa Romeo Racing,0 days 01:08:33.775000,2020-07-17 09:53:33.975,1,,False,,False,True,100.467,100.46699999999998
566,0 days 01:11:33.056000,GIO,99,0 days 00:01:18.814000,15.0,4.0,,,28.397,28.119,22.298,0 days 01:10:42.639000,0 days 01:11:10.758000,0 days 01:11:33.056000,282.0,244.0,255.0,299.0,True,MEDIUM,4.0,True,Alfa Romeo Racing,0 days 01:10:14.242000,2020-07-17 09:55:14.442,1,,False,,False,True,78.814,78.814
567,0 days 01:13:16.663000,GIO,99,0 days 00:01:43.607000,16.0,4.0,,,36.645,40.286,26.676,0 days 01:12:09.701000,0 days 01:12:49.987000,0 days 01:13:16.663000,203.0,208.0,255.0,278.0,False,MEDIUM,5.0,True,Alfa Romeo Racing,0 days 01:11:33.056000,2020-07-17 09:56:33.256,1,,False,,False,True,103.607,103.60700000000001
568,0 days 01:14:35.773000,GIO,99,0 days 00:01:19.110000,17.0,4.0,,,28.534,28.042,22.534,0 days 01:13:45.197000,0 days 01:14:13.239000,0 days 01:14:35.773000,279.0,244.0,257.0,297.0,False,MEDIUM,6.0,True,Alfa Romeo Racing,0 days 01:13:16.663000,2020-07-17 09:58:16.863,1,,False,,False,True,79.11,79.11
569,0 days 01:16:19.215000,GIO,99,0 days 00:01:43.442000,18.0,4.0,,,38.291,39.106,26.045,0 days 01:15:14.064000,0 days 01:15:53.170000,0 days 01:16:19.215000,159.0,205.0,255.0,261.0,False,MEDIUM,7.0,True,Alfa Romeo Racing,0 days 01:14:35.773000,2020-07-17 09:59:35.973,1,,False,,False,True,103.442,103.442
570,0 days 01:17:37.640000,GIO,99,0 days 00:01:18.425000,19.0,4.0,,,28.424,27.825,22.176,0 days 01:16:47.639000,0 days 01:17:15.464000,0 days 01:17:37.640000,278.0,245.0,254.0,296.0,True,MEDIUM,8.0,True,Alfa Romeo Racing,0 days 01:16:19.215000,2020-07-17 10:01:19.415,1,,False,,False,True,78.425,78.425
571,0 days 01:19:09.649000,GIO,99,0 days 00:01:32.009000,20.0,4.0,,0 days 01:19:07.922000,31.669,32.139,28.201,0 days 01:18:09.309000,0 days 01:18:41.448000,0 days 01:19:09.649000,248.0,210.0,,288.0,False,MEDIUM,9.0,True,Alfa Romeo Racing,0 days 01:17:37.640000,2020-07-17 10:02:37.840,1,,False,,False,False,92.009,92.00900000000001
572,0 days 01:21:25.968000,GIO,99,0 days 00:02:16.319000,21.0,5.0,0 days 01:19:30.908000,0 days 01:21:24.041000,72.118,33.897,30.304,0 days 01:20:21.767000,0 days 01:20:55.664000,0 days 01:21:25.968000,196.0,197.0,,288.0,False,MEDIUM,10.0,False,Alfa Romeo Racing,0 days 01:19:09.649000,2020-07-17 10:04:09.849,1,,False,,False,False,136.319,136.319
573,0 days 01:34:57.278000,GIO,99,,22.0,6.0,0 days 01:33:29.473000,,,32.156,25.505,,0 days 01:34:31.823000,0 days 01:34:57.346000,257.0,222.0,254.0,288.0,False,MEDIUM,11.0,False,Alfa Romeo Racing,0 days 01:21:25.968000,2020-07-17 10:06:26.168,1,,False,,False,False,,
574,0 days 01:36:16.931000,GIO,99,0 days 00:01:19.653000,23.0,6.0,,,28.909,28.467,22.277,0 days 01:35:26.187000,0 days 01:35:54.654000,0 days 01:36:16.931000,280.0,241.0,253.0,294.0,False,MEDIUM,12.0,False,Alfa Romeo Racing,0 days 01:34:57.278000,2020-07-17 10:19:57.478,1,,False,,False,True,79.653,79.65299999999999
575,0 days 01:37:51.123000,GIO,99,0 days 00:01:34.192000,24.0,6.0,,,35.437,33.865,24.89,0 days 01:36:52.368000,0 days 01:37:26.233000,0 days 01:37:51.123000,189.0,215.0,255.0,282.0,False,MEDIUM,13.0,False,Alfa Romeo Racing,0 days 01:36:16.931000,2020-07-17 10:21:17.131,1,,False,,False,True,94.192,94.192
576,0 days 01:39:13.548000,GIO,99,0 days 00:01:22.425000,25.0,6.0,,,30.878,29.025,22.522,0 days 01:38:22.001000,0 days 01:38:51.026000,0 days 01:39:13.548000,273.0,241.0,254.0,297.0,False,MEDIUM,14.0,False,Alfa Romeo Racing,0 days 01:37:51.123000,2020-07-17 10:22:51.323,1,,False,,False,True,82.425,82.425
577,0 days 01:40:54.821000,GIO,99,0 days 00:01:41.273000,26.0,6.0,,,36.351,37.238,27.684,0 days 01:39:49.899000,0 days 01:40:27.137000,0 days 01:40:54.821000,207.0,210.0,254.0,286.0,False,MEDIUM,15.0,False,Alfa Romeo Racing,0 days 01:39:13.548000,2020-07-17 10:24:13.748,1,,False,,False,True,101.273,101.273
578,0 days 01:42:14.674000,GIO,99,0 days 00:01:19.853000,27.0,6.0,,,28.747,28.494,22.612,0 days 01:41:23.568000,0 days 01:41:52.062000,0 days 01:42:14.674000,279.0,242.0,254.0,298.0,False,MEDIUM,16.0,False,Alfa Romeo Racing,0 days 01:40:54.821000,2020-07-17 10:25:55.021,1,,False,,False,True,79.853,79.853
579,0 days 01:43:49.067000,GIO,99,0 days 00:01:34.393000,28.0,6.0,,,34.37,35.934,24.089,0 days 01:42:49.044000,0 days 01:43:24.978000,0 days 01:43:49.067000,220.0,221.0,255.0,288.0,False,MEDIUM,17.0,False,Alfa Romeo Racing,0 days 01:42:14.674000,2020-07-17 10:27:14.874,1,,False,,False,True,94.393,94.393
580,0 days 01:45:08.540000,GIO,99,0 days 00:01:19.473000,29.0,6.0,,,28.62,28.38,22.473,0 days 01:44:17.687000,0 days 01:44:46.067000,0 days 01:45:08.540000,279.0,244.0,255.0,298.0,False,MEDIUM,18.0,False,Alfa Romeo Racing,0 days 01:43:49.067000,2020-07-17 10:28:49.267,1,,False,,False,True,79.473,79.473
581,0 days 01:46:47.081000,GIO,99,0 days 00:01:38.541000,30.0,6.0,,0 days 01:46:45.418000,33.749,34.554,30.238,0 days 01:45:42.289000,0 days 01:46:16.843000,0 days 01:46:47.081000,196.0,198.0,,287.0,False,MEDIUM,19.0,False,Alfa Romeo Racing,0 days 01:45:08.540000,2020-07-17 10:30:08.740,1,,False,,False,False,98.541,98.541
