,Time,Driver,DriverNumber,LapTime,LapNumber,Stint,PitOutTime,PitInTime,Sector1Time,Sector2Time,Sector3Time,Sector1SessionTime,Sector2SessionTime,Sector3SessionTime,SpeedI1,SpeedI2,SpeedFL,SpeedST,IsPersonalBest,Compound,TyreLife,FreshTyre,Team,LapStartTime,LapStartDate,TrackStatus,Position,Deleted,DeletedReason,FastF1Generated,IsAccurate,LapTime_in_seconds,laptime_sum_sectortimes
0,0 days 00:11:30.089000,VAN,2,0 days 00:01:59.910000,1.0,1.0,0 days 00:09:33.598000,,48.687,25.07,46.153,0 days 00:10:18.885000,0 days 00:10:43.981000,0 days 00:11:30.350000,214.0,271.0,292.0,206.0,False,SUPERSOFT,1.0,True,McLaren,0 days 00:09:33.598000,2018-03-23 05:05:40.971,,,False,,False,False,119.91,119.91
1,0 days 00:12:56.442000,VAN,2,0 days 00:01:26.353000,2.0,1.0,,,28.401,23.512,34.44,0 days 00:11:58.490000,0 days 00:12:22.002000,0 days 00:12:56.442000,274.0,283.0,284.0,302.0,True,SUPERSOFT,2.0,True,McLaren,0 days 00:11:30.089000,2018-03-23 05:07:37.462,,,False,,False,False,86.353,86.353
2,0 days 00:14:45.695000,VAN,2,0 days 00:01:49.253000,3.0,1.0,,,32.981,27.607,48.665,0 days 00:13:29.423000,0 days 00:13:57.030000,0 days 00:14:45.695000,249.0,161.0,295.0,263.0,False,SUPERSOFT,3.0,True,McLaren,0 days 00:12:56.442000,2018-03-23 05:09:03.815,,,False,,False,False,109.253,109.253
3,0 days 00:16:11.931000,VAN,2,0 days 00:01:26.236000,4.0,1.0,,,28.595,23.463,34.178,0 days 00:15:14.290000,0 days 00:15:37.753000,0 days 00:16:11.931000,273.0,278.0,294.0,305.0,True,SUPERSOFT,4.0,True,McLaren,0 days 00:14:45.695000,2018-03-23 05:10:53.068,,,False,,False,False,86.236,86.23599999999999
4,0 days 00:17:58.462000,VAN,2,0 days 00:01:46.531000,5.0,1.0,,,33.545,27.842,45.144,0 days 00:16:45.476000,0 days 00:17:13.318000,0 days 00:17:58.462000,220.0,261.0,298.0,291.0,False,SUPERSOFT,5.0,True,McLaren,0 days 00:16:11.931000,2018-03-23 05:12:19.304,,,False,,False,False,106.531,106.531
5,0 days 00:19:24.459000,VAN,2,0 days 00:01:25.997000,6.0,1.0,,,28.273,23.291,34.433,0 days 00:18:26.735000,0 days 00:18:50.026000,0 days 00:19:24.459000,274.0,282.0,296.0,312.0,True,SUPERSOFT,6.0,True,McLaren,0 days 00:17:58.462000,2018-03-23 05:14:05.835,,,False,,False,False,85.997,85.997
6,0 days 00:38:17.587000,VAN,2,,7.0,1.0,,0 days 00:21:02.248000,32.966,26.796,,0 days 00:19:57.463000,0 days 00:20:24.263000,,246.0,266.0,,265.0,False,SUPERSOFT,7.0,True,McLaren,0 days 00:19:24.459000,2018-03-23 05:15:31.832,,,False,,False,False,,
7,0 days 00:40:11.659000,VAN,2,0 days 00:01:54.072000,8.0,2.0,0 days 00:38:20.935000,,50.358,24.86,38.854,0 days 00:39:07.945000,0 days 00:39:32.805000,0 days 00:40:11.659000,232.0,275.0,290.0,192.0,False,SUPERSOFT,8.0,False,McLaren,0 days 00:38:17.587000,2018-03-23 05:34:24.960,,,False,,False,False,114.072,114.07199999999999
8,0 days 00:41:38.296000,VAN,2,0 days 00:01:26.637000,9.0,2.0,,,28.736,23.334,34.567,0 days 00:40:40.395000,0 days 00:41:03.729000,0 days 00:41:38.296000,272.0,286.0,286.0,302.0,False,SUPERSOFT,9.0,False,McLaren,0 days 00:40:11.659000,2018-03-23 05:36:19.032,,,False,,False,False,86.637,86.637
9,0 days 00:43:18.243000,VAN,2,0 days 00:01:39.947000,10.0,2.0,,,28.548,28.199,38.009,0 days 00:42:06.844000,0 days 00:42:35.043000,0 days 00:43:13.052000,273.0,266.0,,301.0,False,SUPERSOFT,10.0,False,McLaren,0 days 00:41:38.296000,2018-03-23 05:37:45.669,,,False,,False,False,99.947,94.756
10,0 days 00:44:44.520000,VAN,2,0 days 00:01:26.277000,11.0,2.0,,,,25.95,34.359,,0 days 00:45:42.205000,0 days 00:46:05.719000,235.0,270.0,,270.0,False,SUPERSOFT,11.0,False,McLaren,0 days 00:43:18.243000,2018-03-23 05:39:25.616,,,False,,False,False,86.277,
11,0 days 00:56:17.623000,VAN,2,,12.0,2.0,,0 days 00:46:17.640000,,,,,,,,,,,False,SUPERSOFT,12.0,False,McLaren,0 days 00:44:44.520000,2018-03-23 05:40:51.893,51,,False,,False,False,,
12,0 days 00:58:01.643000,VAN,2,0 days 00:01:44.020000,13.0,3.0,0 days 00:56:20.648000,,38.171,25.67,40.179,0 days 00:56:55.794000,0 days 00:57:21.464000,0 days 00:58:01.643000,228.0,274.0,291.0,204.0,False,ULTRASOFT,1.0,True,McLaren,0 days 00:56:20.648000,2018-03-23 05:52:28.021,1,,False,,False,False,104.02,104.02000000000001
13,0 days 00:59:26.928000,VAN,2,0 days 00:01:25.285000,14.0,3.0,,,28.123,23.254,33.908,0 days 00:58:29.766000,0 days 00:58:53.020000,0 days 00:59:26.928000,275.0,285.0,287.0,302.0,True,ULTRASOFT,2.0,True,McLaren,0 days 00:58:01.643000,2018-03-23 05:54:09.016,1,,False,,False,True,85.285,85.285
14,0 days 01:01:14.278000,VAN,2,0 days 00:01:47.350000,15.0,3.0,,,32.575,27.056,47.719,0 days 00:59:59.503000,0 days 01:00:26.559000,0 days 01:01:14.278000,250.0,263.0,294.0,275.0,False,ULTRASOFT,3.0,True,McLaren,0 days 00:59:26.928000,2018-03-23 05:55:34.301,1,,False,,False,True,107.35,107.35
15,0 days 01:02:39.838000,VAN,2,0 days 00:01:25.560000,16.0,3.0,,,28.324,23.19,34.046,0 days 01:01:42.602000,0 days 01:02:05.792000,0 days 01:02:39.838000,276.0,286.0,291.0,305.0,False,ULTRASOFT,4.0,True,McLaren,0 days 01:01:14.278000,2018-03-23 05:57:21.651,1,,False,,False,True,85.56,85.56
16,0 days 01:10:29.123000,VAN,2,,17.0,3.0,,0 days 01:04:12.161000,31.81,25.488,,0 days 01:03:11.963000,0 days 01:03:37.154000,,254.0,265.0,,269.0,False,ULTRASOFT,5.0,True,McLaren,0 days 01:02:39.838000,2018-03-23 05:58:47.211,1,,False,,False,False,,
17,0 days 01:12:48.925000,VAN,2,0 days 00:02:19.802000,18.0,4.0,0 days 01:10:33.371000,0 days 01:12:32.395000,52.784,27.966,59.052,0 days 01:11:21.907000,0 days 01:11:49.873000,0 days 01:12:48.925000,219.0,237.0,,198.0,False,ULTRASOFT,6.0,False,McLaren,0 days 01:10:29.123000,2018-03-23 06:06:36.496,1,,False,,False,False,139.802,139.802
18,0 days 01:14:49.370000,VAN,2,0 days 00:02:00.445000,19.0,4.0,0 days 01:12:52.341000,,57.532,24.464,38.449,0 days 01:13:46.457000,0 days 01:14:10.921000,0 days 01:14:49.370000,253.0,283.0,277.0,219.0,False,ULTRASOFT,7.0,False,McLaren,0 days 01:12:48.925000,2018-03-23 06:08:56.298,1,,False,,False,False,120.445,120.445
19,0 days 01:16:19.154000,VAN,2,0 days 00:01:29.784000,20.0,4.0,,,29.625,24.144,36.015,0 days 01:15:18.995000,0 days 01:15:43.139000,0 days 01:16:19.154000,267.0,281.0,274.0,282.0,False,ULTRASOFT,8.0,False,McLaren,0 days 01:14:49.370000,2018-03-23 06:10:56.743,1,,False,,False,True,89.784,89.78399999999999
20,0 days 01:17:49.175000,VAN,2,0 days 00:01:30.021000,21.0,5.0,,,29.681,24.201,36.139,0 days 01:16:48.835000,0 days 01:17:13.036000,0 days 01:17:49.175000,264.0,275.0,289.0,277.0,False,ULTRASOFT,7.0,False,McLaren,0 days 01:16:19.154000,2018-03-23 06:12:26.527,1,,False,,False,True,90.021,90.02100000000002
21,0 days 01:19:19.885000,VAN,2,0 days 00:01:30.710000,22.0,5.0,,,29.869,24.363,36.478,0 days 01:18:19.044000,0 days 01:18:43.407000,0 days 01:19:19.885000,266.0,285.0,275.0,308.0,False,ULTRASOFT,8.0,False,McLaren,0 days 01:17:49.175000,2018-03-23 06:13:56.548,12,,False,,False,True,90.71,90.71000000000001
22,0 days 01:20:49.046000,VAN,2,0 days 00:01:29.161000,23.0,5.0,,,29.474,23.953,35.734,0 days 01:19:49.359000,0 days 01:20:13.312000,0 days 01:20:49.046000,,276.0,273.0,282.0,False,ULTRASOFT,9.0,False,McLaren,0 days 01:19:19.885000,2018-03-23 06:15:27.258,1,,False,,False,True,89.161,89.161
23,0 days 01:22:19.025000,VAN,2,0 days 00:01:29.979000,24.0,5.0,,,29.891,24.258,35.83,0 days 01:21:18.937000,0 days 01:21:43.195000,0 days 01:22:19.025000,260.0,271.0,274.0,276.0,False,ULTRASOFT,10.0,False,McLaren,0 days 01:20:49.046000,2018-03-23 06:16:56.419,1,,False,,False,True,89.979,89.979
24,0 days 01:23:48.973000,VAN,2,0 days 00:01:29.948000,25.0,5.0,,,29.801,24.34,35.807,0 days 01:22:48.826000,0 days 01:23:13.166000,0 days 01:23:48.973000,,270.0,274.0,271.0,False,ULTRASOFT,11.0,False,McLaren,0 days 01:22:19.025000,2018-03-23 06:18:26.398,1,,False,,False,True,89.948,89.94800000000001
25,0 days 01:25:18.827000,VAN,2,0 days 00:01:29.854000,26.0,5.0,,,29.835,24.164,35.855,0 days 01:24:18.808000,0 days 01:24:42.972000,0 days 01:25:18.827000,262.0,271.0,276.0,273.0,False,ULTRASOFT,12.0,False,McLaren,0 days 01:23:48.973000,2018-03-23 06:19:56.346,1,,False,,False,True,89.854,89.854
26,0 days 01:26:48.622000,VAN,2,0 days 00:01:29.795000,27.0,5.0,,,29.689,24.318,35.788,0 days 01:25:48.516000,0 days 01:26:12.834000,0 days 01:26:48.622000,263.0,272.0,279.0,278.0,False,ULTRASOFT,13.0,False,McLaren,0 days 01:25:18.827000,2018-03-23 06:21:26.200,1,,False,,False,True,89.795,89.795
27,0 days 01:28:41.348000,VAN,2,0 days 00:01:52.726000,28.0,5.0,,0 days 01:28:16.876000,29.66,24.144,58.922,0 days 01:27:18.282000,0 days 01:27:42.426000,0 days 01:28:41.348000,264.0,271.0,,,False,ULTRASOFT,14.0,False,McLaren,0 days 01:26:48.622000,2018-03-23 06:22:55.995,1,,False,,False,False,112.726,112.726
28,0 days 01:30:18.258000,VAN,2,0 days 00:01:36.910000,29.0,6.0,0 days 01:28:44.044000,,37.252,24.108,35.55,0 days 01:29:18.600000,0 days 01:29:42.708000,0 days 01:30:18.258000,260.0,271.0,276.0,185.0,False,SUPERSOFT,13.0,False,McLaren,0 days 01:28:41.348000,2018-03-23 06:24:48.721,1,,False,,False,False,96.91,96.91
29,0 days 01:31:46.907000,VAN,2,0 days 00:01:28.649000,30.0,6.0,,,29.286,23.871,35.492,0 days 01:30:47.544000,0 days 01:31:11.415000,0 days 01:31:46.907000,265.0,273.0,279.0,280.0,False,SUPERSOFT,14.0,False,McLaren,0 days 01:30:18.258000,2018-03-23 06:26:25.631,1,,False,,False,True,88.649,88.649
30,0 days 01:33:18.557000,VAN,2,0 days 00:01:31.650000,31.0,6.0,,,29.308,24.018,38.324,0 days 01:32:16.215000,0 days 01:32:40.233000,0 days 01:33:18.557000,267.0,275.0,281.0,295.0,False,SUPERSOFT,15.0,False,McLaren,0 days 01:31:46.907000,2018-03-23 06:27:54.280,1,,False,,False,True,91.65,91.65
31,0 days 01:34:47.106000,VAN,2,0 days 00:01:28.549000,32.0,6.0,,,29.202,23.775,35.572,0 days 01:33:47.759000,0 days 01:34:11.534000,0 days 01:34:47.106000,,282.0,281.0,,False,SUPERSOFT,16.0,False,McLaren,0 days 01:33:18.557000,2018-03-23 06:29:25.930,1,,False,,False,True,88.549,88.549
32,0 days 01:37:20.112000,VAN,2,,33.0,6.0,,,35.519,29.039,88.012,0 days 01:35:23.061000,0 days 01:38:20.842000,0 days 01:38:58.801000,236.0,240.0,,245.0,False,SUPERSOFT,17.0,False,McLaren,0 days 01:34:47.106000,2018-03-23 06:30:54.479,1,,False,,False,False,,152.57
33,0 days 00:14:13.604000,RIC,3,0 days 00:01:47.263000,1.0,1.0,0 days 00:12:29.169000,,40.866,24.177,42.22,0 days 00:13:07.465000,0 days 00:13:31.463000,0 days 00:14:13.988000,267.0,281.0,298.0,194.0,False,SOFT,1.0,True,Red Bull Racing,0 days 00:12:29.169000,2018-03-23 05:08:36.542,,,False,,False,False,107.263,107.263
34,0 days 00:15:38.551000,RIC,3,0 days 00:01:24.947000,2.0,1.0,,,28.154,23.051,33.742,0 days 00:14:41.758000,0 days 00:15:04.809000,0 days 00:15:38.551000,276.0,288.0,297.0,311.0,True,SOFT,2.0,True,Red Bull Racing,0 days 00:14:13.604000,2018-03-23 05:10:20.977,,,False,,False,False,84.947,84.947
35,0 days 00:17:39.296000,RIC,3,0 days 00:02:00.745000,3.0,1.0,,,42.173,33.532,45.04,0 days 00:16:20.724000,0 days 00:16:54.256000,0 days 00:17:39.296000,211.0,210.0,297.0,265.0,False,SOFT,3.0,True,Red Bull Racing,0 days 00:15:38.551000,2018-03-23 05:11:45.924,,,False,,False,False,120.745,120.745
36,0 days 00:19:04.414000,RIC,3,0 days 00:01:25.118000,4.0,1.0,,,28.243,23.158,33.717,0 days 00:18:07.539000,0 days 00:18:30.697000,0 days 00:19:04.414000,276.0,287.0,297.0,310.0,False,SOFT,4.0,True,Red Bull Racing,0 days 00:17:39.296000,2018-03-23 05:13:46.669,,,False,,False,False,85.118,85.118
37,0 days 00:21:20.528000,RIC,3,0 days 00:02:16.114000,5.0,1.0,,,43.205,36.416,56.493,0 days 00:19:47.619000,0 days 00:20:24.035000,0 days 00:21:20.528000,149.0,137.0,277.0,273.0,False,SOFT,5.0,True,Red Bull Racing,0 days 00:19:04.414000,2018-03-23 05:15:11.787,,,False,,False,False,136.114,136.114
38,0 days 00:23:07.207000,RIC,3,0 days 00:01:46.679000,6.0,1.0,,,28.38,27.579,50.72,0 days 00:21:48.908000,0 days 00:22:16.487000,0 days 00:23:07.207000,277.0,253.0,292.0,305.0,False,SOFT,6.0,True,Red Bull Racing,0 days 00:21:20.528000,2018-03-23 05:17:27.901,,,False,,False,False,106.679,106.679
39,0 days 00:24:32.114000,RIC,3,0 days 00:01:24.907000,7.0,1.0,,,28.173,23.026,33.708,0 days 00:23:35.380000,0 days 00:23:58.406000,0 days 00:24:32.114000,274.0,291.0,294.0,306.0,True,SOFT,7.0,True,Red Bull Racing,0 days 00:23:07.207000,2018-03-23 05:19:14.580,,,False,,False,False,84.907,84.907
40,0 days 00:26:29.272000,RIC,3,0 days 00:01:57.158000,8.0,1.0,,,41.724,30.289,45.145,0 days 00:25:13.838000,0 days 00:25:44.127000,0 days 00:26:29.272000,176.0,248.0,290.0,287.0,False,SOFT,8.0,True,Red Bull Racing,0 days 00:24:32.114000,2018-03-23 05:20:39.487,,,False,,False,False,117.158,117.15800000000002
41,0 days 00:27:53.993000,RIC,3,0 days 00:01:24.721000,9.0,1.0,,,28.26,22.902,33.559,0 days 00:26:57.532000,0 days 00:27:20.434000,0 days 00:27:53.993000,276.0,289.0,290.0,304.0,True,SOFT,9.0,True,Red Bull Racing,0 days 00:26:29.272000,2018-03-23 05:22:36.645,,,False,,False,False,84.721,84.721
42,0 days 00:48:07.437000,RIC,3,,10.0,1.0,,0 days 00:29:29.809000,33.366,24.864,,0 days 00:28:27.417000,0 days 00:28:52.309000,,253.0,272.0,,259.0,False,SOFT,10.0,True,Red Bull Racing,0 days 00:27:53.993000,2018-03-23 05:24:01.366,,,False,,False,False,,
43,0 days 00:49:49.867000,RIC,3,0 days 00:01:42.430000,11.0,2.0,0 days 00:48:10.197000,,39.091,25.312,38.027,0 days 00:48:46.528000,0 days 00:49:11.840000,0 days 00:49:49.867000,252.0,276.0,291.0,197.0,False,ULTRASOFT,1.0,True,Red Bull Racing,0 days 00:48:07.437000,2018-03-23 05:44:14.810,,,False,,False,False,102.43,102.43
44,0 days 01:10:35.006000,RIC,3,,12.0,2.0,,0 days 00:51:22.040000,27.845,22.953,,0 days 00:50:17.725000,0 days 00:50:40.678000,,276.0,290.0,,306.0,False,ULTRASOFT,2.0,True,Red Bull Racing,0 days 00:49:49.867000,2018-03-23 05:45:57.240,51,,False,,False,False,,
45,0 days 01:12:44.530000,RIC,3,0 days 00:02:09.524000,13.0,3.0,0 days 01:10:54.482000,,63.21,26.027,40.287,0 days 01:11:38.216000,0 days 01:12:04.243000,0 days 01:12:44.530000,154.0,288.0,279.0,156.0,False,ULTRASOFT,3.0,False,Red Bull Racing,0 days 01:10:54.482000,2018-03-23 06:07:01.855,1,,False,,False,False,129.524,129.524
46,0 days 01:14:12.605000,RIC,3,0 days 00:01:28.075000,14.0,3.0,,,29.163,23.595,35.317,0 days 01:13:13.693000,0 days 01:13:37.288000,0 days 01:14:12.605000,270.0,284.0,,271.0,False,ULTRASOFT,4.0,False,Red Bull Racing,0 days 01:12:44.530000,2018-03-23 06:08:51.903,1,,False,,False,True,88.075,88.07499999999999
47,0 days 01:15:41.663000,RIC,3,0 days 00:01:29.058000,15.0,3.0,,,29.571,23.981,35.506,0 days 01:14:42.176000,0 days 01:15:06.157000,0 days 01:15:41.663000,261.0,280.0,282.0,,False,ULTRASOFT,5.0,False,Red Bull Racing,0 days 01:14:12.605000,2018-03-23 06:10:19.978,1,,False,,False,True,89.058,89.058
48,0 days 01:17:10.493000,RIC,3,0 days 00:01:28.830000,16.0,3.0,,,29.363,23.905,35.562,0 days 01:16:11.026000,0 days 01:16:34.931000,0 days 01:17:10.493000,267.0,283.0,282.0,274.0,False,ULTRASOFT,6.0,False,Red Bull Racing,0 days 01:15:41.663000,2018-03-23 06:11:49.036,1,,False,,False,True,88.83,88.83
49,0 days 01:18:39.198000,RIC,3,0 days 00:01:28.705000,17.0,3.0,,,29.409,23.813,35.483,0 days 01:17:39.902000,0 days 01:18:03.715000,0 days 01:18:39.198000,270.0,286.0,284.0,280.0,False,ULTRASOFT,7.0,False,Red Bull Racing,0 days 01:17:10.493000,2018-03-23 06:13:17.866,12,,False,,False,True,88.705,88.70499999999998
50,0 days 01:20:07.763000,RIC,3,0 days 00:01:28.565000,18.0,3.0,,,29.34,23.861,35.364,0 days 01:19:08.538000,0 days 01:19:32.399000,0 days 01:20:07.763000,269.0,284.0,,281.0,False,ULTRASOFT,8.0,False,Red Bull Racing,0 days 01:18:39.198000,2018-03-23 06:14:46.571,1,,False,,False,True,88.565,88.565
51,0 days 01:21:54.687000,RIC,3,0 days 00:01:46.924000,19.0,3.0,,0 days 01:21:35.742000,,24.004,53.552,,0 days 01:21:01.645000,0 days 01:21:54.821000,,282.0,,,False,ULTRASOFT,9.0,False,Red Bull Racing,0 days 01:20:07.763000,2018-03-23 06:16:15.136,1,,False,,False,False,106.924,
52,0 days 01:23:32.842000,RIC,3,0 days 00:01:38.155000,20.0,3.0,0 days 01:21:57.750000,,36.827,23.853,37.475,0 days 01:22:31.514000,0 days 01:22:55.367000,0 days 01:23:32.842000,268.0,282.0,276.0,182.0,False,ULTRASOFT,10.0,False,Red Bull Racing,0 days 01:21:54.687000,2018-03-23 06:18:02.060,1,,False,,False,False,98.155,98.155
53,0 days 01:25:01.938000,RIC,3,0 days 00:01:29.096000,21.0,4.0,,,29.728,23.991,35.377,0 days 01:24:02.570000,0 days 01:24:26.561000,0 days 01:25:01.938000,267.0,281.0,281.0,280.0,False,SOFT,11.0,False,Red Bull Racing,0 days 01:23:32.842000,2018-03-23 06:19:40.215,1,,False,,False,True,89.096,89.096
54,0 days 01:26:30.500000,RIC,3,0 days 00:01:28.562000,22.0,4.0,,,29.386,23.788,35.388,0 days 01:25:31.324000,0 days 01:25:55.112000,0 days 01:26:30.500000,266.0,283.0,281.0,279.0,False,SOFT,12.0,False,Red Bull Racing,0 days 01:25:01.938000,2018-03-23 06:21:09.311,1,,False,,False,True,88.562,88.562
55,0 days 01:28:06.182000,RIC,3,0 days 00:01:35.682000,23.0,4.0,,,29.597,24.002,42.083,0 days 01:27:00.097000,0 days 01:27:24.099000,0 days 01:28:06.182000,,287.0,278.0,278.0,False,SOFT,13.0,False,Red Bull Racing,0 days 01:26:30.500000,2018-03-23 06:22:37.873,1,,False,,False,True,95.682,95.682
56,0 days 01:29:39.014000,RIC,3,0 days 00:01:32.832000,24.0,4.0,,,29.703,24.099,39.03,0 days 01:28:35.885000,0 days 01:28:59.984000,0 days 01:29:39.014000,269.0,295.0,276.0,277.0,False,SOFT,14.0,False,Red Bull Racing,0 days 01:28:06.182000,2018-03-23 06:24:13.555,1,,False,,False,True,92.832,92.832
57,0 days 01:31:07.154000,RIC,3,0 days 00:01:28.140000,25.0,4.0,,,29.285,23.728,35.127,0 days 01:30:08.299000,0 days 01:30:32.027000,0 days 01:31:07.154000,271.0,283.0,282.0,280.0,False,SOFT,15.0,False,Red Bull Racing,0 days 01:29:39.014000,2018-03-23 06:25:46.387,1,,False,,False,True,88.14,88.14000000000001
58,0 days 01:32:38.772000,RIC,3,0 days 00:01:31.618000,26.0,4.0,,,29.377,24.94,37.301,0 days 01:31:36.531000,0 days 01:32:01.471000,0 days 01:32:38.772000,267.0,275.0,,282.0,False,SOFT,16.0,False,Red Bull Racing,0 days 01:31:07.154000,2018-03-23 06:27:14.527,1,,False,,False,True,91.618,91.618
59,0 days 01:34:07.433000,RIC,3,0 days 00:01:28.661000,27.0,4.0,,,29.597,23.837,35.227,0 days 01:33:08.369000,0 days 01:33:32.206000,0 days 01:34:07.433000,269.0,283.0,280.0,,False,SOFT,17.0,False,Red Bull Racing,0 days 01:32:38.772000,2018-03-23 06:28:46.145,1,,False,,False,True,88.661,88.661
60,0 days 01:35:46.138000,RIC,3,,28.0,4.0,,0 days 01:35:46.138000,35.928,24.302,,0 days 01:34:43.643000,0 days 01:35:08.067000,,259.0,281.0,,283.0,False,SOFT,18.0,False,Red Bull Racing,0 days 01:34:07.433000,2018-03-23 06:30:14.806,1,,False,,False,False,,
61,0 days 00:10:07.123000,VET,5,0 days 00:01:47.308000,1.0,1.0,0 days 00:08:22.660000,,40.805,27.258,39.245,0 days 00:09:00.631000,0 days 00:09:27.889000,0 days 00:10:07.195000,239.0,270.0,297.0,215.0,False,SOFT,1.0,True,Ferrari,0 days 00:08:22.660000,2018-03-23 05:04:30.033,,,False,,False,False,107.308,107.30799999999999
62,0 days 00:11:33.264000,VET,5,0 days 00:01:26.141000,2.0,1.0,,,28.423,23.314,34.404,0 days 00:10:35.546000,0 days 00:10:58.860000,0 days 00:11:33.264000,279.0,292.0,301.0,310.0,True,SOFT,2.0,True,Ferrari,0 days 00:10:07.123000,2018-03-23 05:06:14.496,,,False,,False,False,86.141,86.14099999999999
63,0 days 00:13:24.285000,VET,5,0 days 00:01:51.021000,3.0,1.0,,,36.033,28.477,46.511,0 days 00:12:09.297000,0 days 00:12:37.774000,0 days 00:13:24.285000,246.0,264.0,296.0,238.0,False,SOFT,3.0,True,Ferrari,0 days 00:11:33.264000,2018-03-23 05:07:40.637,,,False,,False,False,111.021,111.02100000000002
64,0 days 00:14:55.791000,VET,5,0 days 00:01:31.506000,4.0,1.0,,,28.311,23.128,40.067,0 days 00:13:52.596000,0 days 00:14:15.724000,0 days 00:14:55.791000,280.0,292.0,269.0,310.0,False,SOFT,4.0,True,Ferrari,0 days 00:13:24.285000,2018-03-23 05:09:31.658,,,False,,False,False,91.506,91.506
65,0 days 00:16:45.542000,VET,5,0 days 00:01:49.751000,5.0,1.0,,,35.183,29.654,44.914,0 days 00:15:30.974000,0 days 00:16:00.628000,0 days 00:16:45.542000,217.0,266.0,299.0,255.0,False,SOFT,5.0,True,Ferrari,0 days 00:14:55.791000,2018-03-23 05:11:03.164,,,False,,False,False,109.751,109.751
66,0 days 00:18:11.055000,VET,5,0 days 00:01:25.513000,6.0,1.0,,,28.391,23.028,34.094,0 days 00:17:13.933000,0 days 00:17:36.961000,0 days 00:18:11.055000,282.0,292.0,293.0,315.0,True,SOFT,6.0,True,Ferrari,0 days 00:16:45.542000,2018-03-23 05:12:52.915,,,False,,False,False,85.513,85.513
67,0 days 00:31:32.011000,VET,5,,7.0,1.0,,0 days 00:19:50.619000,32.938,27.076,,0 days 00:18:44.013000,0 days 00:19:11.389000,,229.0,269.0,,268.0,False,SOFT,7.0,True,Ferrari,0 days 00:18:11.055000,2018-03-23 05:14:18.428,,,False,,False,False,,
68,0 days 00:33:15.425000,VET,5,0 days 00:01:43.414000,8.0,2.0,0 days 00:31:34.814000,,38.615,26.056,38.743,0 days 00:32:10.626000,0 days 00:32:36.682000,0 days 00:33:15.425000,278.0,268.0,,310.0,False,ULTRASOFT,1.0,True,Ferrari,0 days 00:31:32.011000,2018-03-23 05:27:39.384,,,False,,False,False,103.414,103.41400000000002
69,0 days 00:34:39.885000,VET,5,0 days 00:01:24.460000,9.0,2.0,,,,22.855,33.671,,0 days 00:34:06.410000,0 days 00:34:39.985000,,288.0,296.0,,True,ULTRASOFT,2.0,True,Ferrari,0 days 00:33:15.425000,2018-03-23 05:29:22.798,,,False,,False,False,84.46,
70,0 days 00:36:33.865000,VET,5,0 days 00:01:53.980000,10.0,2.0,,,37.496,32.02,44.455,0 days 00:35:17.381000,0 days 00:35:49.401000,0 days 00:36:33.856000,204.0,193.0,297.0,230.0,False,ULTRASOFT,3.0,True,Ferrari,0 days 00:34:39.885000,2018-03-23 05:30:47.258,,,False,,False,False,113.98,113.971
71,0 days 00:37:58.369000,VET,5,0 days 00:01:24.504000,11.0,2.0,,,27.853,22.837,33.814,0 days 00:37:01.718000,0 days 00:37:24.555000,0 days 00:37:58.369000,277.0,288.0,,250.0,False,ULTRASOFT,4.0,True,Ferrari,0 days 00:36:33.865000,2018-03-23 05:32:41.238,,,False,,False,False,84.504,84.50399999999999
72,0 days 00:39:50.719000,VET,5,0 days 00:01:52.350000,12.0,2.0,,0 days 00:39:36.049000,33.142,26.776,52.432,0 days 00:38:31.511000,0 days 00:38:58.287000,0 days 00:39:50.719000,224.0,260.0,,,False,ULTRASOFT,5.0,True,Ferrari,0 days 00:37:58.369000,2018-03-23 05:34:05.742,,,False,,False,False,112.35,112.35000000000001
73,0 days 00:58:54.412000,VET,5,,13.0,3.0,0 days 00:39:53.769000,0 days 00:41:56.105000,55.745,28.216,,0 days 00:40:46.476000,0 days 00:41:14.650000,,249.0,187.0,,174.0,False,ULTRASOFT,6.0,False,Ferrari,0 days 00:39:50.719000,2018-03-23 05:35:58.092,51,,False,,False,False,,
74,0 days 01:00:59.814000,VET,5,0 days 00:02:05.402000,14.0,4.0,0 days 00:58:57.405000,0 days 01:00:45.539000,49.809,24.8,50.793,0 days 00:59:44.221000,0 days 01:00:09.021000,0 days 01:00:59.814000,252.0,278.0,,214.0,False,ULTRASOFT,7.0,False,Ferrari,0 days 00:58:57.405000,2018-03-23 05:55:04.778,1,,False,,False,False,125.402,125.40199999999999
75,0 days 01:02:50.965000,VET,5,0 days 00:01:51.151000,15.0,5.0,0 days 01:01:03.260000,,50.271,24.211,36.669,0 days 01:01:50.085000,0 days 01:02:14.296000,0 days 01:02:50.965000,268.0,286.0,279.0,220.0,False,ULTRASOFT,8.0,False,Ferrari,0 days 01:00:59.814000,2018-03-23 05:57:07.187,1,,False,,False,False,111.151,111.151
76,0 days 01:04:20.348000,VET,5,0 days 00:01:29.383000,16.0,5.0,,,29.603,23.939,35.841,0 days 01:03:20.568000,0 days 01:03:44.507000,0 days 01:04:20.348000,267.0,282.0,284.0,288.0,False,ULTRASOFT,9.0,False,Ferrari,0 days 01:02:50.965000,2018-03-23 05:58:58.338,1,,False,,False,True,89.383,89.38300000000001
77,0 days 01:05:54.620000,VET,5,0 days 00:01:34.272000,17.0,5.0,,,29.705,24.126,40.441,0 days 01:04:50.053000,0 days 01:05:14.179000,0 days 01:05:54.620000,271.0,282.0,280.0,294.0,False,ULTRASOFT,10.0,False,Ferrari,0 days 01:04:20.348000,2018-03-23 06:00:27.721,1,,False,,False,True,94.272,94.272
78,0 days 01:07:23.465000,VET,5,0 days 00:01:28.845000,18.0,5.0,,,29.363,23.919,35.563,0 days 01:06:23.983000,0 days 01:06:47.902000,0 days 01:07:23.465000,273.0,284.0,,295.0,False,ULTRASOFT,11.0,False,Ferrari,0 days 01:05:54.620000,2018-03-23 06:02:01.993,1,,False,,False,True,88.845,88.845
79,0 days 01:08:52.494000,VET,5,0 days 00:01:29.029000,19.0,5.0,,,29.462,24.023,35.544,0 days 01:07:52.927000,0 days 01:08:16.950000,0 days 01:08:52.494000,272.0,288.0,282.0,,False,ULTRASOFT,12.0,False,Ferrari,0 days 01:07:23.465000,2018-03-23 06:03:30.838,1,,False,,False,True,89.029,89.029
80,0 days 01:10:36.145000,VET,5,0 days 00:01:43.651000,20.0,5.0,,0 days 01:10:21.354000,29.51,24.292,49.849,0 days 01:09:22.004000,0 days 01:09:46.296000,0 days 01:10:36.145000,273.0,285.0,,294.0,False,ULTRASOFT,13.0,False,Ferrari,0 days 01:08:52.494000,2018-03-23 06:04:59.867,1,,False,,False,False,103.651,103.65100000000001
81,0 days 01:12:13.598000,VET,5,0 days 00:01:37.453000,21.0,6.0,0 days 01:10:38.935000,,36.951,24.47,36.032,0 days 01:11:13.096000,0 days 01:11:37.566000,0 days 01:12:13.598000,263.0,278.0,280.0,216.0,False,ULTRASOFT,14.0,False,Ferrari,0 days 01:10:36.145000,2018-03-23 06:06:43.518,1,,False,,False,False,97.453,97.453
82,0 days 01:13:42.569000,VET,5,0 days 00:01:28.971000,22.0,6.0,,,29.527,24.019,35.425,0 days 01:12:43.125000,0 days 01:13:07.144000,0 days 01:13:42.569000,,284.0,278.0,286.0,False,ULTRASOFT,15.0,False,Ferrari,0 days 01:12:13.598000,2018-03-23 06:08:20.971,1,,False,,False,True,88.971,88.971
83,0 days 01:15:11.582000,VET,5,0 days 00:01:29.013000,23.0,6.0,,,29.612,23.915,35.486,0 days 01:14:12.181000,0 days 01:14:36.096000,0 days 01:15:11.582000,269.0,284.0,281.0,288.0,False,ULTRASOFT,16.0,False,Ferrari,0 days 01:13:42.569000,2018-03-23 06:09:49.942,1,,False,,False,True,89.013,89.013
84,0 days 01:16:41.518000,VET,5,,24.0,6.0,,,29.437,24.667,35.851,0 days 01:17:10.968000,0 days 01:16:05.681000,0 days 01:17:07.044000,276.0,286.0,,291.0,False,ULTRASOFT,17.0,False,Ferrari,0 days 01:15:11.582000,2018-03-23 06:11:18.955,1,,False,,False,False,,89.955
85,0 days 01:18:10.068000,VET,5,0 days 00:01:28.550000,25.0,6.0,,,29.437,23.824,35.289,,0 days 01:17:34.779000,0 days 01:18:10.068000,,292.0,,298.0,False,ULTRASOFT,18.0,False,Ferrari,0 days 01:16:41.518000,2018-03-23 06:12:48.891,12,,False,,False,True,88.55,88.55000000000001
86,0 days 01:19:58.299000,VET,5,0 days 00:01:48.231000,26.0,6.0,,0 days 01:19:37.356000,29.407,23.859,54.965,0 days 01:18:39.475000,0 days 01:19:03.334000,0 days 01:19:58.299000,277.0,292.0,,,False,ULTRASOFT,19.0,False,Ferrari,0 days 01:18:10.068000,2018-03-23 06:14:17.441,1,,False,,False,False,108.231,108.23100000000001
87,0 days 01:21:40.716000,VET,5,0 days 00:01:42.417000,27.0,6.0,0 days 01:20:01.109000,,37.346,24.024,41.047,0 days 01:20:35.645000,0 days 01:20:59.669000,0 days 01:21:40.716000,265.0,281.0,281.0,211.0,False,ULTRASOFT,20.0,False,Ferrari,0 days 01:19:58.299000,2018-03-23 06:16:05.672,1,,False,,False,False,102.417,102.417
88,0 days 01:23:09.143000,VET,5,0 days 00:01:28.427000,28.0,6.0,,,29.345,23.845,35.237,0 days 01:22:10.061000,0 days 01:22:33.906000,0 days 01:23:09.143000,267.0,279.0,282.0,289.0,False,ULTRASOFT,21.0,False,Ferrari,0 days 01:21:40.716000,2018-03-23 06:17:48.089,1,,False,,False,True,88.427,88.42699999999999
89,0 days 01:24:42.782000,VET,5,0 days 00:01:33.639000,29.0,7.0,,,29.293,23.777,40.569,0 days 01:23:38.436000,0 days 01:24:02.213000,0 days 01:24:42.782000,271.0,284.0,281.0,291.0,False,SOFT,8.0,False,Ferrari,0 days 01:23:09.143000,2018-03-23 06:19:16.516,1,,False,,False,True,93.639,93.63900000000001
90,0 days 01:26:10.844000,VET,5,0 days 00:01:28.062000,30.0,7.0,,,29.175,23.717,35.17,0 days 01:25:11.957000,0 days 01:25:35.674000,0 days 01:26:10.844000,273.0,285.0,283.0,293.0,False,SOFT,9.0,False,Ferrari,0 days 01:24:42.782000,2018-03-23 06:20:50.155,1,,False,,False,True,88.062,88.062
91,0 days 01:27:38.863000,VET,5,0 days 00:01:28.019000,31.0,7.0,,,29.191,23.665,35.163,0 days 01:26:40.035000,0 days 01:27:03.700000,0 days 01:27:38.863000,272.0,283.0,,294.0,False,SOFT,10.0,False,Ferrari,0 days 01:26:10.844000,2018-03-23 06:22:18.217,1,,False,,False,True,88.019,88.01899999999999
92,0 days 01:29:06.834000,VET,5,0 days 00:01:27.971000,32.0,7.0,,,,23.739,35.134,,0 days 01:28:31.817000,0 days 01:29:06.930000,,286.0,284.0,,False,SOFT,11.0,False,Ferrari,0 days 01:27:38.863000,2018-03-23 06:23:46.236,1,,False,,False,False,87.971,
93,0 days 01:30:36.123000,VET,5,0 days 00:01:29.289000,33.0,7.0,,,29.402,23.867,36.02,0 days 01:29:36.236000,0 days 01:30:00.103000,0 days 01:30:36.123000,268.0,298.0,302.0,289.0,False,SOFT,12.0,False,Ferrari,0 days 01:29:06.834000,2018-03-23 06:25:14.207,1,,False,,False,True,89.289,89.28900000000002
94,0 days 01:32:05.627000,VET,5,0 days 00:01:29.504000,34.0,7.0,,,30.096,23.983,35.425,0 days 01:31:06.219000,0 days 01:31:30.202000,0 days 01:32:05.627000,,282.0,283.0,322.0,False,SOFT,13.0,False,Ferrari,0 days 01:30:36.123000,2018-03-23 06:26:43.496,1,,False,,False,True,89.504,89.50399999999999
95,0 days 01:33:34.056000,VET,5,0 days 00:01:28.429000,35.0,7.0,,,29.151,23.752,35.526,0 days 01:32:34.778000,0 days 01:32:58.530000,0 days 01:33:34.056000,270.0,282.0,284.0,288.0,False,SOFT,14.0,False,Ferrari,0 days 01:32:05.627000,2018-03-23 06:28:13.000,1,,False,,False,True,88.429,88.429
96,0 days 01:35:02.244000,VET,5,0 days 00:01:28.188000,36.0,7.0,,,29.175,23.764,35.249,0 days 01:34:03.231000,0 days 01:34:26.995000,0 days 01:35:02.244000,268.0,282.0,283.0,285.0,False,SOFT,15.0,False,Ferrari,0 days 01:33:34.056000,2018-03-23 06:29:41.429,1,,False,,False,True,88.188,88.188
97,0 days 01:37:25.333000,VET,5,0 days 00:02:23.089000,37.0,7.0,,,32.869,28.777,81.443,0 days 01:35:35.113000,0 days 01:36:03.890000,0 days 01:37:25.333000,213.0,220.0,164.0,283.0,False,SOFT,16.0,False,Ferrari,0 days 01:35:02.244000,2018-03-23 06:31:09.617,1,,False,,False,True,143.089,143.089
98,0 days 01:39:31.097000,VET,5,,38.0,7.0,,0 days 01:39:31.097000,38.251,26.065,,0 days 01:38:03.763000,0 days 01:38:29.671000,,238.0,271.0,,196.0,False,SOFT,17.0,False,Ferrari,0 days 01:37:25.333000,2018-03-23 06:33:32.706,12,,False,,False,False,,
99,0 days 00:11:20.305000,RAI,7,0 days 00:01:52.471000,1.0,1.0,0 days 00:09:30.632000,,41.495,27.187,43.789,0 days 00:10:09.337000,0 days 00:10:37.017000,0 days 00:11:20.414000,240.0,268.0,297.0,183.0,False,SUPERSOFT,1.0,True,Ferrari,0 days 00:09:30.632000,2018-03-23 05:05:38.005,,,False,,False,False,112.471,112.471
100,0 days 00:12:45.871000,RAI,7,0 days 00:01:25.566000,2.0,1.0,,,28.287,23.104,34.175,0 days 00:11:48.592000,0 days 00:12:11.696000,0 days 00:12:45.871000,278.0,290.0,301.0,310.0,True,SUPERSOFT,2.0,True,Ferrari,0 days 00:11:20.305000,2018-03-23 05:07:27.678,,,False,,False,False,85.566,85.566
101,0 days 00:14:33.072000,RAI,7,0 days 00:01:47.201000,3.0,1.0,,,36.108,27.558,43.535,0 days 00:13:21.979000,0 days 00:13:49.537000,0 days 00:14:33.072000,230.0,227.0,302.0,233.0,False,SUPERSOFT,3.0,True,Ferrari,0 days 00:12:45.871000,2018-03-23 05:08:53.244,,,False,,False,False,107.201,107.201
102,0 days 00:15:57.920000,RAI,7,0 days 00:01:24.848000,4.0,1.0,,,27.928,22.85,34.07,0 days 00:15:01,0 days 00:15:23.850000,0 days 00:15:57.920000,281.0,290.0,305.0,315.0,True,SUPERSOFT,4.0,True,Ferrari,0 days 00:14:33.072000,2018-03-23 05:10:40.445,,,False,,False,False,84.848,84.84800000000001
103,0 days 00:17:49.888000,RAI,7,0 days 00:01:51.968000,5.0,1.0,,,36.508,26.465,48.995,0 days 00:16:34.428000,0 days 00:17:00.893000,0 days 00:17:49.888000,242.0,259.0,301.0,257.0,False,SUPERSOFT,5.0,True,Ferrari,0 days 00:15:57.920000,2018-03-23 05:12:05.293,,,False,,False,False,111.968,111.96799999999999
104,0 days 00:19:15.437000,RAI,7,0 days 00:01:25.549000,6.0,1.0,,,28.022,23.03,34.497,0 days 00:18:17.910000,0 days 00:18:40.940000,0 days 00:19:15.437000,279.0,289.0,299.0,315.0,False,SUPERSOFT,6.0,True,Ferrari,0 days 00:17:49.888000,2018-03-23 05:13:57.261,,,False,,False,False,85.549,85.549
105,0 days 00:35:23.526000,RAI,7,,7.0,1.0,,0 days 00:20:54.765000,34.699,25.737,,0 days 00:19:50.206000,0 days 00:20:15.871000,,236.0,262.0,,267.0,False,SUPERSOFT,7.0,True,Ferrari,0 days 00:19:15.437000,2018-03-23 05:15:22.810,,,False,,False,False,,
106,0 days 00:37:15.645000,RAI,7,0 days 00:01:52.119000,8.0,2.0,0 days 00:35:26.594000,,42.046,27.496,42.577,0 days 00:36:05.572000,0 days 00:36:33.068000,0 days 00:37:15.645000,236.0,266.0,298.0,208.0,False,ULTRASOFT,1.0,True,Ferrari,0 days 00:35:23.526000,2018-03-23 05:31:30.899,,,False,,False,False,112.119,112.119
107,0 days 00:38:39.859000,RAI,7,0 days 00:01:24.214000,9.0,2.0,,,27.789,22.745,33.68,0 days 00:37:43.434000,0 days 00:38:06.179000,0 days 00:38:39.859000,278.0,289.0,298.0,312.0,True,ULTRASOFT,2.0,True,Ferrari,0 days 00:37:15.645000,2018-03-23 05:33:23.018,,,False,,False,False,84.214,84.214
108,0 days 00:40:42.141000,RAI,7,0 days 00:02:02.282000,10.0,2.0,,,37.862,35.243,49.177,0 days 00:39:17.721000,0 days 00:39:52.964000,0 days 00:40:42.141000,192.0,191.0,294.0,241.0,False,ULTRASOFT,3.0,True,Ferrari,0 days 00:38:39.859000,2018-03-23 05:34:47.232,,,False,,False,False,122.282,122.28200000000001
109,0 days 00:42:18.119000,RAI,7,0 days 00:01:35.978000,11.0,2.0,,,28.161,30.252,37.565,0 days 00:41:10.302000,0 days 00:41:40.554000,0 days 00:42:18.119000,254.0,237.0,294.0,309.0,False,ULTRASOFT,4.0,True,Ferrari,0 days 00:40:42.141000,2018-03-23 05:36:49.514,,,False,,False,False,95.978,95.978
110,0 days 00:43:42.671000,RAI,7,0 days 00:01:24.552000,12.0,2.0,,,27.918,22.859,33.775,0 days 00:42:46.037000,0 days 00:43:08.896000,0 days 00:43:42.671000,278.0,293.0,295.0,310.0,False,ULTRASOFT,5.0,True,Ferrari,0 days 00:42:18.119000,2018-03-23 05:38:25.492,,,False,,False,False,84.552,84.55199999999999
111,0 days 00:45:39.746000,RAI,7,0 days 00:01:57.075000,13.0,2.0,,0 days 00:45:25.575000,32.071,28.807,56.197,0 days 00:44:14.742000,0 days 00:44:43.549000,0 days 00:45:39.746000,219.0,216.0,,300.0,False,ULTRASOFT,6.0,True,Ferrari,0 days 00:43:42.671000,2018-03-23 05:39:50.044,,,False,,False,False,117.075,117.075
112,0 days 00:59:15.480000,RAI,7,,14.0,3.0,0 days 00:45:48.130000,0 days 00:47:44.318000,61.922,26.358,,0 days 00:46:41.690000,0 days 00:47:08.119000,,236.0,263.0,,223.0,False,ULTRASOFT,7.0,False,Ferrari,0 days 00:45:39.746000,2018-03-23 05:41:47.119,51,,False,,False,False,,
113,0 days 01:01:14.315000,RAI,7,0 days 00:01:58.835000,15.0,4.0,0 days 00:59:18.250000,0 days 01:00:56.530000,38.029,24.67,56.136,0 days 00:59:53.509000,0 days 01:00:18.179000,0 days 01:01:14.315000,246.0,273.0,,213.0,False,ULTRASOFT,8.0,False,Ferrari,0 days 00:59:18.250000,2018-03-23 05:55:25.623,1,,False,,False,False,118.835,118.83500000000001
114,0 days 01:03:05.961000,RAI,7,0 days 00:01:51.646000,16.0,5.0,0 days 01:01:19.667000,,47.209,23.803,40.634,0 days 01:02:01.524000,0 days 01:02:25.327000,0 days 01:03:05.961000,270.0,290.0,282.0,225.0,False,ULTRASOFT,9.0,False,Ferrari,0 days 01:01:14.315000,2018-03-23 05:57:21.688,1,,False,,False,False,111.646,111.646
115,0 days 01:04:34.230000,RAI,7,0 days 00:01:28.269000,17.0,5.0,,,29.261,23.802,35.206,0 days 01:03:35.222000,0 days 01:03:59.024000,0 days 01:04:34.230000,266.0,280.0,294.0,290.0,False,ULTRASOFT,10.0,False,Ferrari,0 days 01:03:05.961000,2018-03-23 05:59:13.334,1,,False,,False,True,88.269,88.269
116,0 days 01:06:03.387000,RAI,7,0 days 00:01:29.157000,18.0,5.0,,,29.312,24.062,35.783,0 days 01:05:03.542000,0 days 01:05:27.604000,0 days 01:06:03.387000,272.0,283.0,281.0,308.0,False,ULTRASOFT,11.0,False,Ferrari,0 days 01:04:34.230000,2018-03-23 06:00:41.603,1,,False,,False,True,89.157,89.15700000000001
117,0 days 01:07:32.514000,RAI,7,0 days 00:01:29.127000,19.0,5.0,,,29.54,23.986,35.601,0 days 01:06:32.927000,0 days 01:06:56.913000,0 days 01:07:32.514000,273.0,284.0,281.0,297.0,False,ULTRASOFT,12.0,False,Ferrari,0 days 01:06:03.387000,2018-03-23 06:02:10.760,1,,False,,False,True,89.127,89.127
118,0 days 01:09:01.579000,RAI,7,0 days 00:01:29.065000,20.0,5.0,,,29.408,23.928,35.729,0 days 01:08:01.922000,0 days 01:08:25.850000,0 days 01:09:01.579000,271.0,285.0,283.0,294.0,False,ULTRASOFT,13.0,False,Ferrari,0 days 01:07:32.514000,2018-03-23 06:03:39.887,1,,False,,False,True,89.065,89.065
119,0 days 01:10:30.923000,RAI,7,0 days 00:01:29.344000,21.0,5.0,,,29.665,24.052,35.627,0 days 01:09:31.244000,0 days 01:09:55.296000,0 days 01:10:30.923000,270.0,288.0,282.0,292.0,False,ULTRASOFT,14.0,False,Ferrari,0 days 01:09:01.579000,2018-03-23 06:05:08.952,1,,False,,False,True,89.344,89.344
120,0 days 01:11:59.922000,RAI,7,0 days 00:01:28.999000,22.0,5.0,,,29.537,23.985,35.477,0 days 01:11:00.460000,0 days 01:11:24.445000,0 days 01:11:59.922000,272.0,287.0,283.0,296.0,False,ULTRASOFT,15.0,False,Ferrari,0 days 01:10:30.923000,2018-03-23 06:06:38.296,1,,False,,False,True,88.999,88.999
121,0 days 01:13:48.367000,RAI,7,0 days 00:01:48.445000,23.0,5.0,,0 days 01:13:28.936000,29.708,24.14,54.597,0 days 01:12:29.630000,0 days 01:12:53.770000,0 days 01:13:48.367000,275.0,288.0,,301.0,False,ULTRASOFT,16.0,False,Ferrari,0 days 01:11:59.922000,2018-03-23 06:08:07.295,1,,False,,False,False,108.445,108.445
122,0 days 01:15:23.906000,RAI,7,0 days 00:01:35.539000,24.0,6.0,0 days 01:13:51.155000,,35.844,24.043,35.652,0 days 01:14:24.211000,0 days 01:14:48.254000,0 days 01:15:23.906000,265.0,285.0,295.0,227.0,False,SUPERSOFT,8.0,False,Ferrari,0 days 01:13:48.367000,2018-03-23 06:09:55.740,1,,False,,False,False,95.539,95.539
123,0 days 01:16:53.298000,RAI,7,0 days 00:01:29.392000,25.0,6.0,,,29.797,24.072,35.523,0 days 01:15:53.703000,0 days 01:16:17.775000,0 days 01:16:53.298000,268.0,285.0,,285.0,False,SUPERSOFT,9.0,False,Ferrari,0 days 01:15:23.906000,2018-03-23 06:11:31.279,1,,False,,False,True,89.392,89.392
124,0 days 01:18:26.393000,RAI,7,0 days 00:01:33.095000,26.0,6.0,,,,24.039,39.524,,0 days 01:17:46.909000,0 days 01:18:26.756000,,287.0,281.0,,False,SUPERSOFT,10.0,False,Ferrari,0 days 01:16:53.298000,2018-03-23 06:13:00.671,12,,False,,False,False,93.095,
125,0 days 01:19:55.393000,RAI,7,,27.0,6.0,,,32.281,23.838,35.801,0 days 01:20:27.673000,0 days 01:19:20.045000,0 days 01:20:25.236000,256.0,285.0,,269.0,False,SUPERSOFT,11.0,False,Ferrari,0 days 01:18:26.393000,2018-03-23 06:14:33.766,1,,False,,False,False,,91.92
126,0 days 01:21:28.193000,RAI,7,0 days 00:01:32.800000,28.0,6.0,,,32.281,24.033,36.486,,0 days 01:20:51.707000,0 days 01:21:28.193000,,284.0,293.0,,False,SUPERSOFT,12.0,False,Ferrari,0 days 01:19:55.393000,2018-03-23 06:16:02.766,1,,False,,False,True,92.8,92.8
127,0 days 01:22:57.374000,RAI,7,0 days 00:01:29.181000,29.0,6.0,,,29.415,24.029,35.737,0 days 01:21:57.608000,0 days 01:22:21.637000,0 days 01:22:57.374000,269.0,284.0,294.0,300.0,False,SUPERSOFT,13.0,False,Ferrari,0 days 01:21:28.193000,2018-03-23 06:17:35.566,1,,False,,False,True,89.181,89.18100000000001
128,0 days 01:24:26.946000,RAI,7,0 days 00:01:29.572000,30.0,6.0,,,29.523,24.005,36.044,0 days 01:23:26.897000,0 days 01:23:50.902000,0 days 01:24:26.946000,272.0,291.0,302.0,310.0,False,SUPERSOFT,14.0,False,Ferrari,0 days 01:22:57.374000,2018-03-23 06:19:04.747,1,,False,,False,True,89.572,89.572
129,0 days 01:25:55.815000,RAI,7,0 days 00:01:28.869000,31.0,6.0,,,29.352,23.797,35.72,0 days 01:24:56.298000,0 days 01:25:20.095000,0 days 01:25:55.815000,267.0,282.0,286.0,313.0,False,SUPERSOFT,15.0,False,Ferrari,0 days 01:24:26.946000,2018-03-23 06:20:34.319,1,,False,,False,True,88.869,88.869
130,0 days 01:27:24.710000,RAI,7,0 days 00:01:28.895000,32.0,6.0,,,29.268,23.882,35.745,0 days 01:26:25.083000,0 days 01:26:48.965000,0 days 01:27:24.710000,272.0,285.0,286.0,293.0,False,SUPERSOFT,16.0,False,Ferrari,0 days 01:25:55.815000,2018-03-23 06:22:03.188,1,,False,,False,True,88.895,88.89500000000001
131,0 days 01:28:53.981000,RAI,7,0 days 00:01:29.271000,33.0,6.0,,,29.515,24.182,35.574,0 days 01:27:54.225000,0 days 01:28:18.407000,0 days 01:28:53.981000,267.0,286.0,296.0,294.0,False,SUPERSOFT,17.0,False,Ferrari,0 days 01:27:24.710000,2018-03-23 06:23:32.083,1,,False,,False,True,89.271,89.271
132,0 days 01:30:32.723000,RAI,7,0 days 00:01:38.742000,34.0,6.0,,,29.399,32.868,36.475,0 days 01:29:23.380000,0 days 01:29:56.248000,0 days 01:30:32.723000,274.0,257.0,282.0,301.0,False,SUPERSOFT,18.0,False,Ferrari,0 days 01:28:53.981000,2018-03-23 06:25:01.354,1,,False,,False,True,98.742,98.742
133,0 days 01:32:01.141000,RAI,7,0 days 00:01:28.418000,35.0,6.0,,,29.221,23.844,35.353,0 days 01:31:01.944000,0 days 01:31:25.788000,0 days 01:32:01.141000,270.0,285.0,,285.0,False,SUPERSOFT,19.0,False,Ferrari,0 days 01:30:32.723000,2018-03-23 06:26:40.096,1,,False,,False,True,88.418,88.418
134,0 days 01:33:29.691000,RAI,7,0 days 00:01:28.550000,36.0,6.0,,,29.325,23.77,35.455,0 days 01:32:30.466000,0 days 01:32:54.236000,0 days 01:33:29.691000,268.0,286.0,283.0,,False,SUPERSOFT,20.0,False,Ferrari,0 days 01:32:01.141000,2018-03-23 06:28:08.514,1,,False,,False,True,88.55,88.55
135,0 days 01:34:58.081000,RAI,7,0 days 00:01:28.390000,37.0,6.0,,,29.44,23.734,35.216,0 days 01:33:59.131000,0 days 01:34:22.865000,0 days 01:34:58.081000,271.0,284.0,286.0,293.0,False,SUPERSOFT,21.0,False,Ferrari,0 days 01:33:29.691000,2018-03-23 06:29:37.064,1,,False,,False,True,88.39,88.39000000000001
136,0 days 01:37:18.219000,RAI,7,0 days 00:02:20.138000,38.0,6.0,,,36.312,27.155,76.671,0 days 01:35:34.393000,0 days 01:36:01.548000,0 days 01:37:18.219000,225.0,241.0,158.0,297.0,False,SUPERSOFT,22.0,False,Ferrari,0 days 01:34:58.081000,2018-03-23 06:31:05.454,1,,False,,False,True,140.138,140.138
137,0 days 01:38:57.234000,RAI,7,,39.0,6.0,,0 days 01:38:57.234000,32.372,26.213,,0 days 01:37:50.621000,0 days 01:38:16.857000,,247.0,284.0,,256.0,False,SUPERSOFT,23.0,False,Ferrari,0 days 01:37:18.219000,2018-03-23 06:33:25.592,1,,False,,False,False,,
138,0 days 00:10:23.215000,GRO,8,0 days 00:01:50.653000,1.0,1.0,0 days 00:08:36.643000,,46.923,25.951,37.779,0 days 00:09:19.630000,0 days 00:09:46.202000,0 days 00:10:23.275000,248.0,265.0,295.0,199.0,False,SUPERSOFT,1.0,True,Haas F1 Team,0 days 00:08:36.643000,2018-03-23 05:04:44.016,,,False,,False,False,110.653,110.65299999999999
139,0 days 00:11:49.627000,GRO,8,0 days 00:01:26.412000,2.0,1.0,,,28.602,23.379,34.431,0 days 00:10:51.817000,0 days 00:11:15.196000,0 days 00:11:49.627000,275.0,290.0,297.0,307.0,True,SUPERSOFT,2.0,True,Haas F1 Team,0 days 00:10:23.215000,2018-03-23 05:06:30.588,,,False,,False,False,86.412,86.412
140,0 days 00:13:20.481000,GRO,8,0 days 00:01:30.854000,3.0,1.0,,,28.39,23.39,39.074,0 days 00:12:18.017000,0 days 00:12:41.407000,0 days 00:13:20.481000,,288.0,296.0,309.0,False,SUPERSOFT,3.0,True,Haas F1 Team,0 days 00:11:49.627000,2018-03-23 05:07:57.000,,,False,,False,False,90.854,90.854
141,0 days 00:14:51.089000,GRO,8,0 days 00:01:30.608000,4.0,1.0,,,28.414,23.501,38.693,0 days 00:13:48.895000,0 days 00:14:12.396000,0 days 00:14:51.089000,276.0,287.0,289.0,308.0,False,SUPERSOFT,4.0,True,Haas F1 Team,0 days 00:13:20.481000,2018-03-23 05:09:27.854,,,False,,False,False,90.608,90.608
142,0 days 00:16:30.375000,GRO,8,0 days 00:01:39.286000,5.0,1.0,,,33.744,26.353,39.189,0 days 00:15:24.833000,0 days 00:15:51.186000,0 days 00:16:30.375000,239.0,264.0,297.0,261.0,False,SUPERSOFT,5.0,True,Haas F1 Team,0 days 00:14:51.089000,2018-03-23 05:10:58.462,,,False,,False,False,99.286,99.286
143,0 days 00:17:56.303000,GRO,8,0 days 00:01:25.928000,6.0,1.0,,,28.585,23.088,34.255,0 days 00:16:58.960000,0 days 00:17:22.048000,0 days 00:17:56.303000,277.0,287.0,300.0,311.0,True,SUPERSOFT,6.0,True,Haas F1 Team,0 days 00:16:30.375000,2018-03-23 05:12:37.748,,,False,,False,False,85.928,85.928
144,0 days 00:19:35.622000,GRO,8,0 days 00:01:39.319000,7.0,1.0,,,34.078,26.774,38.467,0 days 00:18:30.381000,0 days 00:18:57.155000,0 days 00:19:35.622000,243.0,264.0,299.0,314.0,False,SUPERSOFT,7.0,True,Haas F1 Team,0 days 00:17:56.303000,2018-03-23 05:14:03.676,,,False,,False,False,99.319,99.319
145,0 days 00:21:07.688000,GRO,8,0 days 00:01:32.066000,8.0,1.0,,,28.214,23.255,40.597,0 days 00:20:03.836000,0 days 00:20:27.091000,0 days 00:21:07.688000,278.0,290.0,293.0,312.0,False,SUPERSOFT,8.0,True,Haas F1 Team,0 days 00:19:35.622000,2018-03-23 05:15:42.995,,,False,,False,False,92.066,92.066
146,0 days 00:22:34.077000,GRO,8,0 days 00:01:26.389000,9.0,1.0,,,28.453,23.436,34.5,0 days 00:21:36.141000,0 days 00:21:59.577000,0 days 00:22:34.077000,276.0,290.0,296.0,,False,SUPERSOFT,9.0,True,Haas F1 Team,0 days 00:21:07.688000,2018-03-23 05:17:15.061,,,False,,False,False,86.389,86.389
147,0 days 00:46:26.190000,GRO,8,,10.0,1.0,,0 days 00:24:14.697000,36.726,26.55,,0 days 00:23:10.808000,0 days 00:23:37.357000,,247.0,266.0,,248.0,False,SUPERSOFT,10.0,True,Haas F1 Team,0 days 00:22:34.077000,2018-03-23 05:18:41.450,,,False,,False,False,,
148,0 days 00:48:07.494000,GRO,8,0 days 00:01:41.304000,11.0,2.0,0 days 00:46:29.236000,,38.259,25.617,37.428,0 days 00:47:04.449000,0 days 00:47:30.066000,0 days 00:48:07.494000,246.0,270.0,295.0,213.0,False,ULTRASOFT,1.0,True,Haas F1 Team,0 days 00:46:26.190000,2018-03-23 05:42:33.563,,,False,,False,False,101.304,101.304
149,0 days 00:49:32.142000,GRO,8,0 days 00:01:24.648000,12.0,2.0,,,28.004,23.063,33.581,0 days 00:48:35.498000,0 days 00:48:58.561000,0 days 00:49:32.142000,280.0,289.0,294.0,311.0,True,ULTRASOFT,2.0,True,Haas F1 Team,0 days 00:48:07.494000,2018-03-23 05:44:14.867,,,False,,False,False,84.648,84.648
150,0 days 01:05:29.919000,GRO,8,,13.0,2.0,,0 days 00:51:27.135000,34.751,30.323,,0 days 00:50:06.894000,0 days 00:50:37.212000,,225.0,196.0,,260.0,False,ULTRASOFT,3.0,True,Haas F1 Team,0 days 00:49:32.142000,2018-03-23 05:45:39.515,51,,False,,False,False,,
151,0 days 01:07:18.742000,GRO,8,0 days 00:01:48.823000,14.0,2.0,0 days 01:05:33.785000,,46.13,25.444,37.249,0 days 01:06:16.049000,0 days 01:06:41.493000,0 days 01:07:18.742000,245.0,268.0,280.0,201.0,False,ULTRASOFT,4.0,True,Haas F1 Team,0 days 01:05:33.785000,2018-03-23 06:01:41.158,1,,False,,False,False,108.823,108.82300000000001
152,0 days 01:08:48.383000,GRO,8,0 days 00:01:29.641000,15.0,3.0,,,29.602,24.14,35.899,0 days 01:07:48.344000,0 days 01:08:12.484000,0 days 01:08:48.383000,271.0,285.0,280.0,295.0,False,SUPERSOFT,11.0,False,Haas F1 Team,0 days 01:07:18.742000,2018-03-23 06:03:26.115,1,,False,,False,True,89.641,89.641
153,0 days 01:10:18.229000,GRO,8,0 days 00:01:29.846000,16.0,3.0,,,29.838,24.024,35.984,0 days 01:09:18.221000,0 days 01:09:42.245000,0 days 01:10:18.229000,270.0,285.0,280.0,297.0,False,SUPERSOFT,12.0,False,Haas F1 Team,0 days 01:08:48.383000,2018-03-23 06:04:55.756,1,,False,,False,True,89.846,89.846
154,0 days 01:11:49.227000,GRO,8,0 days 00:01:30.998000,17.0,3.0,,,29.78,24.775,36.443,0 days 01:10:48.009000,0 days 01:11:12.784000,0 days 01:11:49.227000,268.0,284.0,280.0,286.0,False,SUPERSOFT,13.0,False,Haas F1 Team,0 days 01:10:18.229000,2018-03-23 06:06:25.602,1,,False,,False,True,90.998,90.99799999999999
155,0 days 01:13:19.757000,GRO,8,0 days 00:01:30.530000,18.0,3.0,,,29.701,24.654,36.175,0 days 01:12:18.928000,0 days 01:12:43.582000,0 days 01:13:19.757000,270.0,285.0,294.0,291.0,False,SUPERSOFT,14.0,False,Haas F1 Team,0 days 01:11:49.227000,2018-03-23 06:07:56.600,1,,False,,False,True,90.53,90.53
156,0 days 01:15:03.543000,GRO,8,0 days 00:01:43.786000,19.0,3.0,,,36.263,25.489,42.034,0 days 01:13:56.020000,0 days 01:14:21.509000,0 days 01:15:03.543000,172.0,286.0,275.0,299.0,False,SUPERSOFT,15.0,False,Haas F1 Team,0 days 01:13:19.757000,2018-03-23 06:09:27.130,1,,False,,False,True,103.786,103.786
157,0 days 01:16:33.519000,GRO,8,0 days 00:01:29.976000,20.0,3.0,,,29.933,24.078,35.965,0 days 01:15:33.476000,0 days 01:15:57.554000,0 days 01:16:33.519000,270.0,288.0,278.0,277.0,False,SUPERSOFT,16.0,False,Haas F1 Team,0 days 01:15:03.543000,2018-03-23 06:11:10.916,1,,False,,False,True,89.976,89.976
158,0 days 01:18:02.953000,GRO,8,0 days 00:01:29.434000,21.0,3.0,,,29.677,23.982,35.775,0 days 01:17:03.196000,0 days 01:17:27.178000,0 days 01:18:02.953000,271.0,287.0,277.0,285.0,False,SUPERSOFT,17.0,False,Haas F1 Team,0 days 01:16:33.519000,2018-03-23 06:12:40.892,12,,False,,False,True,89.434,89.434
159,0 days 01:19:32.052000,GRO,8,0 days 00:01:29.099000,22.0,3.0,,,29.634,23.933,35.532,0 days 01:18:32.587000,0 days 01:18:56.520000,0 days 01:19:32.052000,,287.0,280.0,286.0,False,SUPERSOFT,18.0,False,Haas F1 Team,0 days 01:18:02.953000,2018-03-23 06:14:10.326,1,,False,,False,True,89.099,89.09899999999999
160,0 days 01:21:01.601000,GRO,8,0 days 00:01:29.549000,23.0,3.0,,,29.507,23.98,36.062,0 days 01:20:01.559000,0 days 01:20:25.539000,0 days 01:21:01.601000,270.0,284.0,280.0,289.0,False,SUPERSOFT,19.0,False,Haas F1 Team,0 days 01:19:32.052000,2018-03-23 06:15:39.425,1,,False,,False,True,89.549,89.549
161,0 days 01:23:00.677000,GRO,8,0 days 00:01:59.076000,24.0,3.0,,0 days 01:22:30.808000,29.614,24.203,65.259,0 days 01:21:31.215000,0 days 01:21:55.418000,0 days 01:23:00.677000,273.0,288.0,,290.0,False,SUPERSOFT,20.0,False,Haas F1 Team,0 days 01:21:01.601000,2018-03-23 06:17:08.974,1,,False,,False,False,119.076,119.076
162,0 days 01:24:36.191000,GRO,8,0 days 00:01:35.514000,25.0,3.0,0 days 01:23:03.490000,,35.936,23.977,35.601,0 days 01:23:36.613000,0 days 01:24:00.590000,0 days 01:24:36.191000,275.0,286.0,,295.0,False,SUPERSOFT,21.0,False,Haas F1 Team,0 days 01:23:00.677000,2018-03-23 06:19:08.050,1,,False,,False,False,95.514,95.514
163,0 days 01:26:05.958000,GRO,8,0 days 00:01:29.767000,26.0,4.0,,,29.336,23.876,36.555,0 days 01:25:05.527000,0 days 01:25:29.403000,0 days 01:26:05.958000,274.0,290.0,294.0,,False,ULTRASOFT,4.0,False,Haas F1 Team,0 days 01:24:36.191000,2018-03-23 06:20:43.564,1,,False,,False,True,89.767,89.767
164,0 days 01:27:43.680000,GRO,8,0 days 00:01:37.722000,27.0,4.0,,,35.742,26.157,35.823,0 days 01:26:41.700000,0 days 01:27:07.857000,0 days 01:27:43.680000,176.0,283.0,279.0,294.0,False,ULTRASOFT,5.0,False,Haas F1 Team,0 days 01:26:05.958000,2018-03-23 06:22:13.331,1,,False,,False,True,97.722,97.72200000000001
165,0 days 01:29:12.194000,GRO,8,0 days 00:01:28.514000,28.0,4.0,,,29.269,23.784,35.461,0 days 01:28:12.949000,0 days 01:28:36.733000,0 days 01:29:12.194000,273.0,287.0,280.0,292.0,False,ULTRASOFT,6.0,False,Haas F1 Team,0 days 01:27:43.680000,2018-03-23 06:23:51.053,1,,False,,False,True,88.514,88.514
166,0 days 01:30:41.102000,GRO,8,0 days 00:01:28.908000,29.0,4.0,,,29.418,24.087,35.403,0 days 01:29:41.612000,0 days 01:30:05.699000,0 days 01:30:41.102000,271.0,285.0,283.0,290.0,False,ULTRASOFT,7.0,False,Haas F1 Team,0 days 01:29:12.194000,2018-03-23 06:25:19.567,1,,False,,False,True,88.908,88.90799999999999
167,0 days 01:32:21.104000,GRO,8,0 days 00:01:40.002000,30.0,4.0,,,34.854,26.757,38.391,0 days 01:31:15.956000,0 days 01:31:42.713000,0 days 01:32:21.104000,190.0,264.0,282.0,289.0,False,ULTRASOFT,8.0,False,Haas F1 Team,0 days 01:30:41.102000,2018-03-23 06:26:48.475,1,,False,,False,True,100.002,100.00200000000001
168,0 days 01:33:49.501000,GRO,8,0 days 00:01:28.397000,31.0,4.0,,,29.224,23.764,35.409,0 days 01:32:50.328000,0 days 01:33:14.092000,0 days 01:33:49.501000,273.0,287.0,281.0,291.0,False,ULTRASOFT,9.0,False,Haas F1 Team,0 days 01:32:21.104000,2018-03-23 06:28:28.477,1,,False,,False,True,88.397,88.39699999999999
169,0 days 01:35:17.738000,GRO,8,0 days 00:01:28.237000,32.0,4.0,,,29.218,23.76,35.259,0 days 01:34:18.719000,0 days 01:34:42.479000,0 days 01:35:17.738000,,286.0,,253.0,False,ULTRASOFT,10.0,False,Haas F1 Team,0 days 01:33:49.501000,2018-03-23 06:29:56.874,1,,False,,False,True,88.237,88.237
170,0 days 01:37:46.030000,GRO,8,0 days 00:02:28.292000,33.0,4.0,,,37.314,30.726,80.252,0 days 01:35:55.052000,0 days 01:36:25.778000,0 days 01:37:46.030000,177.0,191.0,10.0,,False,ULTRASOFT,11.0,False,Haas F1 Team,0 days 01:35:17.738000,2018-03-23 06:31:25.111,1,,False,,False,True,148.292,148.29199999999997
171,0 days 01:40:03.360000,GRO,8,,34.0,4.0,,0 days 01:40:03.360000,42.377,36.618,,0 days 01:38:28.484000,0 days 01:39:05.033000,,158.0,161.0,,169.0,False,ULTRASOFT,12.0,False,Haas F1 Team,0 days 01:37:46.030000,2018-03-23 06:33:53.403,12,,False,,False,False,,
172,0 days 00:20:32.148000,ERI,9,0 days 00:02:05.145000,1.0,1.0,0 days 00:18:31.868000,,55.853,26.177,43.115,0 days 00:19:22.874000,0 days 00:19:49.074000,0 days 00:20:32.185000,239.0,263.0,291.0,169.0,False,SUPERSOFT,1.0,True,Sauber,0 days 00:18:31.868000,2018-03-23 05:14:39.241,,,False,,False,False,125.145,125.14500000000001
173,0 days 00:21:59.560000,ERI,9,0 days 00:01:27.412000,2.0,1.0,,,28.932,23.607,34.873,0 days 00:21:01.080000,0 days 00:21:24.687000,0 days 00:21:59.560000,275.0,285.0,290.0,307.0,True,SUPERSOFT,2.0,True,Sauber,0 days 00:20:32.148000,2018-03-23 05:16:39.521,,,False,,False,False,87.412,87.412
174,0 days 00:23:51.699000,ERI,9,0 days 00:01:52.139000,3.0,1.0,,,35.642,30.336,46.161,0 days 00:22:35.202000,0 days 00:23:05.538000,0 days 00:23:51.699000,240.0,259.0,286.0,215.0,False,SUPERSOFT,3.0,True,Sauber,0 days 00:21:59.560000,2018-03-23 05:18:06.933,,,False,,False,False,112.139,112.13900000000001
175,0 days 00:25:19.203000,ERI,9,,4.0,1.0,,,40.103,23.655,34.968,0 days 00:25:59.613000,0 days 00:24:44.659000,0 days 00:25:57.847000,222.0,288.0,,227.0,False,SUPERSOFT,4.0,True,Sauber,0 days 00:23:51.699000,2018-03-23 05:19:59.072,,,False,,False,False,,98.726
176,0 days 00:27:19.604000,ERI,9,0 days 00:02:00.401000,5.0,1.0,,,40.103,31.603,48.695,,0 days 00:26:30.909000,0 days 00:27:19.604000,,257.0,289.0,,False,SUPERSOFT,5.0,True,Sauber,0 days 00:25:19.203000,2018-03-23 05:21:26.576,,,False,,False,False,120.401,120.40100000000001
177,0 days 00:28:47.372000,ERI,9,0 days 00:01:27.768000,6.0,1.0,,,28.893,23.795,35.08,0 days 00:27:48.497000,0 days 00:28:12.292000,0 days 00:28:47.372000,278.0,286.0,287.0,307.0,False,SUPERSOFT,6.0,True,Sauber,0 days 00:27:19.604000,2018-03-23 05:23:26.977,,,False,,False,False,87.768,87.768
178,0 days 00:42:39.647000,ERI,9,,7.0,1.0,,0 days 00:30:30.837000,37.668,26.295,,0 days 00:29:25.542000,0 days 00:29:51.574000,,196.0,263.0,,266.0,False,SUPERSOFT,7.0,True,Sauber,0 days 00:28:47.372000,2018-03-23 05:24:54.745,,,False,,False,False,,
179,0 days 00:44:23.844000,ERI,9,0 days 00:01:44.197000,8.0,2.0,0 days 00:42:42.359000,,40.756,25.456,37.985,0 days 00:43:20.403000,0 days 00:43:45.859000,0 days 00:44:23.844000,250.0,274.0,293.0,189.0,False,ULTRASOFT,1.0,True,Sauber,0 days 00:42:39.647000,2018-03-23 05:38:47.020,,,False,,False,False,104.197,104.197
180,0 days 00:45:50.658000,ERI,9,0 days 00:01:26.814000,9.0,2.0,,,28.432,23.504,34.878,0 days 00:44:52.276000,0 days 00:45:15.780000,0 days 00:45:50.658000,278.0,292.0,293.0,312.0,True,ULTRASOFT,2.0,True,Sauber,0 days 00:44:23.844000,2018-03-23 05:40:31.217,,,False,,False,False,86.814,86.814
181,0 days 00:47:43.318000,ERI,9,0 days 00:01:52.660000,10.0,2.0,,,37.812,31.087,43.761,0 days 00:46:28.470000,0 days 00:46:59.557000,0 days 00:47:43.318000,171.0,261.0,289.0,266.0,False,ULTRASOFT,3.0,True,Sauber,0 days 00:45:50.658000,2018-03-23 05:41:58.031,,,False,,False,False,112.66,112.66
182,0 days 00:49:10.554000,ERI,9,0 days 00:01:27.236000,11.0,2.0,,,28.462,23.478,35.296,0 days 00:48:11.780000,0 days 00:48:35.258000,0 days 00:49:10.554000,276.0,285.0,288.0,307.0,False,ULTRASOFT,4.0,True,Sauber,0 days 00:47:43.318000,2018-03-23 05:43:50.691,,,False,,False,False,87.236,87.23599999999999
183,0 days 01:08:14.120000,ERI,9,,12.0,2.0,,0 days 00:51:08.632000,39.234,30.794,,0 days 00:49:49.814000,0 days 00:50:20.598000,,228.0,253.0,,233.0,False,ULTRASOFT,5.0,True,Sauber,0 days 00:49:10.554000,2018-03-23 05:45:17.927,51,,False,,False,False,,
184,0 days 01:10:31.617000,ERI,9,0 days 00:02:17.497000,13.0,3.0,0 days 01:08:18.422000,0 days 01:10:15.870000,51.797,26.254,59.446,0 days 01:09:05.917000,0 days 01:09:32.171000,0 days 01:10:31.617000,244.0,261.0,,185.0,False,SUPERSOFT,8.0,False,Sauber,0 days 01:08:18.422000,2018-03-23 06:04:25.795,1,,False,,False,False,137.497,137.497
185,0 days 01:12:29.388000,ERI,9,0 days 00:01:57.771000,14.0,4.0,0 days 01:10:37.168000,,29.969,26.963,39.33,0 days 01:11:01.586000,0 days 01:11:28.549000,0 days 01:12:07.879000,269.0,232.0,,302.0,False,SUPERSOFT,9.0,False,Sauber,0 days 01:10:31.617000,2018-03-23 06:06:38.990,1,,False,,False,False,117.771,96.262
186,0 days 01:14:00.923000,ERI,9,0 days 00:01:31.535000,15.0,4.0,,,29.969,25.017,36.549,,0 days 01:13:24.374000,0 days 01:14:00.923000,,285.0,283.0,,False,SUPERSOFT,10.0,False,Sauber,0 days 01:12:29.388000,2018-03-23 06:08:36.761,1,,False,,False,True,91.535,91.535
187,0 days 01:15:31.023000,ERI,9,0 days 00:01:30.100000,16.0,4.0,,,29.782,24.314,36.004,0 days 01:14:30.705000,0 days 01:14:55.019000,0 days 01:15:31.023000,267.0,286.0,287.0,301.0,False,SUPERSOFT,11.0,False,Sauber,0 days 01:14:00.923000,2018-03-23 06:10:08.296,1,,False,,False,True,90.1,90.1
188,0 days 01:17:01.815000,ERI,9,0 days 00:01:30.792000,17.0,4.0,,,29.816,24.546,36.43,0 days 01:16:00.839000,0 days 01:16:25.385000,0 days 01:17:01.815000,,284.0,278.0,302.0,False,SUPERSOFT,12.0,False,Sauber,0 days 01:15:31.023000,2018-03-23 06:11:38.396,1,,False,,False,True,90.792,90.792
189,0 days 01:18:32.370000,ERI,9,0 days 00:01:30.555000,18.0,4.0,,,30.108,24.214,36.233,0 days 01:17:31.923000,0 days 01:17:56.137000,0 days 01:18:32.370000,,287.0,279.0,290.0,False,SUPERSOFT,13.0,False,Sauber,0 days 01:17:01.815000,2018-03-23 06:13:09.188,12,,False,,False,True,90.555,90.555
190,0 days 01:20:02.868000,ERI,9,0 days 00:01:30.498000,19.0,4.0,,,29.958,24.305,36.235,0 days 01:19:02.328000,0 days 01:19:26.633000,0 days 01:20:02.868000,,283.0,278.0,,False,SUPERSOFT,14.0,False,Sauber,0 days 01:18:32.370000,2018-03-23 06:14:39.743,1,,False,,False,True,90.498,90.49799999999999
191,0 days 01:21:33.644000,ERI,9,0 days 00:01:30.776000,20.0,4.0,,,30.063,24.306,36.407,0 days 01:20:32.931000,0 days 01:20:57.237000,0 days 01:21:33.644000,268.0,283.0,281.0,294.0,False,SUPERSOFT,15.0,False,Sauber,0 days 01:20:02.868000,2018-03-23 06:16:10.241,1,,False,,False,True,90.776,90.776
192,0 days 01:23:04.234000,ERI,9,0 days 00:01:30.590000,21.0,4.0,,,29.814,24.326,36.45,0 days 01:22:03.458000,0 days 01:22:27.784000,0 days 01:23:04.234000,,280.0,281.0,,False,SUPERSOFT,16.0,False,Sauber,0 days 01:21:33.644000,2018-03-23 06:17:41.017,1,,False,,False,True,90.59,90.59
193,0 days 01:24:34.732000,ERI,9,0 days 00:01:30.498000,22.0,4.0,,,30.043,24.185,36.27,0 days 01:23:34.277000,0 days 01:23:58.462000,0 days 01:24:34.732000,269.0,283.0,281.0,293.0,False,SUPERSOFT,17.0,False,Sauber,0 days 01:23:04.234000,2018-03-23 06:19:11.607,1,,False,,False,True,90.498,90.49799999999999
194,0 days 01:26:05.346000,ERI,9,0 days 00:01:30.614000,23.0,4.0,,,29.865,24.235,36.514,0 days 01:25:04.597000,0 days 01:25:28.832000,0 days 01:26:05.346000,,283.0,278.0,294.0,False,SUPERSOFT,18.0,False,Sauber,0 days 01:24:34.732000,2018-03-23 06:20:42.105,1,,False,,False,True,90.614,90.614
195,0 days 01:27:35.244000,ERI,9,0 days 00:01:29.898000,24.0,4.0,,,29.842,24.021,36.035,0 days 01:26:35.188000,0 days 01:26:59.209000,0 days 01:27:35.244000,268.0,282.0,278.0,291.0,False,SUPERSOFT,19.0,False,Sauber,0 days 01:26:05.346000,2018-03-23 06:22:12.719,1,,False,,False,True,89.898,89.898
196,0 days 01:29:05.469000,ERI,9,0 days 00:01:30.225000,25.0,4.0,,,29.762,24.255,36.208,0 days 01:28:05.006000,0 days 01:28:29.261000,0 days 01:29:05.469000,267.0,281.0,276.0,289.0,False,SUPERSOFT,20.0,False,Sauber,0 days 01:27:35.244000,2018-03-23 06:23:42.617,1,,False,,False,True,90.225,90.225
197,0 days 01:30:35.727000,ERI,9,0 days 00:01:30.258000,26.0,4.0,,,29.897,24.119,36.242,0 days 01:29:35.366000,0 days 01:29:59.485000,0 days 01:30:35.727000,,281.0,278.0,286.0,False,SUPERSOFT,21.0,False,Sauber,0 days 01:29:05.469000,2018-03-23 06:25:12.842,1,,False,,False,True,90.258,90.258
198,0 days 01:32:10.533000,ERI,9,0 days 00:01:34.806000,27.0,4.0,,,31.55,26.784,36.472,0 days 01:31:07.277000,0 days 01:31:34.061000,0 days 01:32:10.533000,,279.0,281.0,289.0,False,SUPERSOFT,22.0,False,Sauber,0 days 01:30:35.727000,2018-03-23 06:26:43.100,1,,False,,False,True,94.806,94.80600000000001
199,0 days 01:33:40.655000,ERI,9,0 days 00:01:30.122000,28.0,4.0,,,29.853,24.138,36.131,0 days 01:32:40.386000,0 days 01:33:04.524000,0 days 01:33:40.655000,268.0,281.0,278.0,297.0,False,SUPERSOFT,23.0,False,Sauber,0 days 01:32:10.533000,2018-03-23 06:28:17.906,1,,False,,False,True,90.122,90.122
200,0 days 01:35:10.608000,ERI,9,0 days 00:01:29.953000,29.0,4.0,,,29.757,24.132,36.064,0 days 01:34:10.412000,0 days 01:34:34.544000,0 days 01:35:10.608000,267.0,280.0,279.0,286.0,False,SUPERSOFT,24.0,False,Sauber,0 days 01:33:40.655000,2018-03-23 06:29:48.028,1,,False,,False,True,89.953,89.953
201,0 days 01:37:24.604000,ERI,9,0 days 00:02:13.996000,30.0,4.0,,,32.528,24.968,76.5,0 days 01:35:43.136000,0 days 01:36:08.104000,0 days 01:37:24.604000,258.0,280.0,166.0,240.0,False,SUPERSOFT,25.0,False,Sauber,0 days 01:35:10.608000,2018-03-23 06:31:17.981,1,,False,,False,True,133.996,133.99599999999998
202,0 days 01:39:03.903000,ERI,9,,31.0,4.0,,0 days 01:39:03.903000,35.643,25.743,,0 days 01:38:00.277000,0 days 01:38:26.014000,,249.0,268.0,,224.0,False,SUPERSOFT,26.0,False,Sauber,0 days 01:37:24.604000,2018-03-23 06:33:31.977,12,,False,,False,False,,
203,0 days 00:11:42.752000,GAS,10,0 days 00:01:49.035000,1.0,1.0,0 days 00:09:56.889000,,40.122,28.185,40.728,0 days 00:10:33.839000,0 days 00:11:02.102000,0 days 00:11:43.154000,236.0,259.0,296.0,207.0,False,SOFT,1.0,True,Toro Rosso,0 days 00:09:56.889000,2018-03-23 05:06:04.262,,,False,,False,False,109.035,109.035
204,0 days 00:13:09.647000,GAS,10,0 days 00:01:26.895000,2.0,1.0,,,28.752,23.589,34.554,0 days 00:12:11.504000,0 days 00:12:35.093000,0 days 00:13:09.647000,275.0,287.0,295.0,312.0,True,SOFT,2.0,True,Toro Rosso,0 days 00:11:42.752000,2018-03-23 05:07:50.125,,,False,,False,False,86.895,86.895
205,0 days 00:14:59.260000,GAS,10,0 days 00:01:49.613000,3.0,1.0,,,35.88,31.135,42.598,0 days 00:13:45.527000,0 days 00:14:16.662000,0 days 00:14:59.260000,236.0,254.0,300.0,235.0,False,SOFT,3.0,True,Toro Rosso,0 days 00:13:09.647000,2018-03-23 05:09:17.020,,,False,,False,False,109.613,109.613
206,0 days 00:16:40.793000,GAS,10,0 days 00:01:41.533000,4.0,1.0,,,30.779,29.406,41.348,0 days 00:15:30.039000,0 days 00:15:59.445000,0 days 00:16:40.793000,197.0,260.0,299.0,317.0,False,SOFT,4.0,True,Toro Rosso,0 days 00:14:59.260000,2018-03-23 05:11:06.633,,,False,,False,False,101.533,101.533
207,0 days 00:18:07.284000,GAS,10,0 days 00:01:26.491000,5.0,1.0,,,28.484,23.634,34.373,0 days 00:17:09.277000,0 days 00:17:32.911000,0 days 00:18:07.284000,277.0,285.0,298.0,316.0,True,SOFT,5.0,True,Toro Rosso,0 days 00:16:40.793000,2018-03-23 05:12:48.166,,,False,,False,False,86.491,86.491
208,0 days 00:19:49.435000,GAS,10,0 days 00:01:42.151000,6.0,1.0,,,35.764,27.136,39.251,0 days 00:18:43.048000,0 days 00:19:10.184000,0 days 00:19:49.435000,234.0,258.0,300.0,281.0,False,SOFT,6.0,True,Toro Rosso,0 days 00:18:07.284000,2018-03-23 05:14:14.657,,,False,,False,False,102.151,102.15100000000001
209,0 days 00:21:15.800000,GAS,10,0 days 00:01:26.365000,7.0,1.0,,,28.315,23.331,34.719,0 days 00:20:17.750000,0 days 00:20:41.081000,0 days 00:21:15.800000,277.0,285.0,299.0,316.0,True,SOFT,7.0,True,Toro Rosso,0 days 00:19:49.435000,2018-03-23 05:15:56.808,,,False,,False,False,86.365,86.36500000000001
210,0 days 00:38:39.830000,GAS,10,,8.0,1.0,,0 days 00:22:57.243000,34.006,27.664,,0 days 00:21:49.949000,0 days 00:22:17.475000,,214.0,260.0,,306.0,False,SOFT,8.0,True,Toro Rosso,0 days 00:21:15.800000,2018-03-23 05:17:23.173,,,False,,False,False,,
211,0 days 00:40:23.876000,GAS,10,0 days 00:01:44.046000,9.0,2.0,0 days 00:38:42.594000,,40.034,25.851,38.161,0 days 00:39:19.864000,0 days 00:39:45.715000,0 days 00:40:23.876000,254.0,273.0,293.0,195.0,False,ULTRASOFT,1.0,True,Toro Rosso,0 days 00:38:39.830000,2018-03-23 05:34:47.203,,,False,,False,False,104.046,104.04599999999999
212,0 days 00:41:49.821000,GAS,10,0 days 00:01:25.945000,10.0,2.0,,,28.142,23.117,34.686,0 days 00:40:52.018000,0 days 00:41:15.135000,0 days 00:41:49.821000,277.0,290.0,290.0,310.0,True,ULTRASOFT,2.0,True,Toro Rosso,0 days 00:40:23.876000,2018-03-23 05:36:31.249,,,False,,False,False,85.945,85.945
213,0 days 00:43:50.846000,GAS,10,0 days 00:02:01.025000,11.0,2.0,,,43.121,32.884,45.02,0 days 00:42:32.942000,0 days 00:43:05.826000,0 days 00:43:50.846000,150.0,253.0,293.0,267.0,False,ULTRASOFT,3.0,True,Toro Rosso,0 days 00:41:49.821000,2018-03-23 05:37:57.194,,,False,,False,False,121.025,121.025
214,0 days 00:45:17.106000,GAS,10,0 days 00:01:26.260000,12.0,2.0,,,28.294,23.479,34.487,0 days 00:44:19.140000,0 days 00:44:42.619000,0 days 00:45:17.106000,277.0,289.0,294.0,310.0,False,ULTRASOFT,4.0,True,Toro Rosso,0 days 00:43:50.846000,2018-03-23 05:39:58.219,,,False,,False,False,86.26,86.25999999999999
215,0 days 00:56:57.642000,GAS,10,,13.0,2.0,,0 days 00:47:00.696000,37.117,27.673,,0 days 00:45:54.530000,0 days 00:46:21.913000,,232.0,260.0,,285.0,False,ULTRASOFT,5.0,True,Toro Rosso,0 days 00:45:17.106000,2018-03-23 05:41:24.479,51,,False,,False,False,,
216,0 days 00:59:12.135000,GAS,10,0 days 00:02:14.493000,14.0,3.0,0 days 00:57:01.161000,0 days 00:58:56.670000,51.985,26.31,56.198,0 days 00:57:49.627000,0 days 00:58:15.937000,0 days 00:59:12.135000,248.0,267.0,,194.0,False,ULTRASOFT,6.0,False,Toro Rosso,0 days 00:57:01.161000,2018-03-23 05:53:08.534,1,,False,,False,False,134.493,134.493
217,0 days 01:01:06.129000,GAS,10,0 days 00:01:53.994000,15.0,4.0,0 days 00:59:15.470000,,48.587,24.975,40.432,0 days 01:00:00.722000,0 days 01:00:25.697000,0 days 01:01:06.129000,263.0,287.0,277.0,217.0,False,ULTRASOFT,7.0,False,Toro Rosso,0 days 00:59:12.135000,2018-03-23 05:55:19.508,1,,False,,False,False,113.994,113.99400000000001
218,0 days 01:02:37.047000,GAS,10,0 days 00:01:30.918000,16.0,4.0,,,30.116,24.238,36.564,0 days 01:01:36.245000,0 days 01:02:00.483000,0 days 01:02:37.047000,266.0,284.0,279.0,282.0,False,ULTRASOFT,8.0,False,Toro Rosso,0 days 01:01:06.129000,2018-03-23 05:57:13.502,1,,False,,False,True,90.918,90.918
219,0 days 01:04:07.876000,GAS,10,0 days 00:01:30.829000,17.0,4.0,,,30.115,24.381,36.333,0 days 01:03:07.162000,0 days 01:03:31.543000,0 days 01:04:07.876000,267.0,283.0,277.0,287.0,False,ULTRASOFT,9.0,False,Toro Rosso,0 days 01:02:37.047000,2018-03-23 05:58:44.420,1,,False,,False,True,90.829,90.829
220,0 days 01:05:39.144000,GAS,10,0 days 00:01:31.268000,18.0,4.0,,,30.204,24.587,36.477,0 days 01:04:38.080000,0 days 01:05:02.667000,0 days 01:05:39.144000,264.0,275.0,278.0,267.0,False,ULTRASOFT,10.0,False,Toro Rosso,0 days 01:04:07.876000,2018-03-23 06:00:15.249,1,,False,,False,True,91.268,91.268
221,0 days 01:07:10.370000,GAS,10,0 days 00:01:31.226000,19.0,4.0,,,30.406,24.435,36.385,0 days 01:06:09.550000,0 days 01:06:33.985000,0 days 01:07:10.370000,263.0,277.0,279.0,265.0,False,ULTRASOFT,11.0,False,Toro Rosso,0 days 01:05:39.144000,2018-03-23 06:01:46.517,1,,False,,False,True,91.226,91.226
222,0 days 01:08:41.602000,GAS,10,0 days 00:01:31.232000,20.0,4.0,,,30.367,24.478,36.387,0 days 01:07:40.737000,0 days 01:08:05.215000,0 days 01:08:41.602000,264.0,278.0,278.0,272.0,False,ULTRASOFT,12.0,False,Toro Rosso,0 days 01:07:10.370000,2018-03-23 06:03:17.743,1,,False,,False,True,91.232,91.232
223,0 days 01:10:13.493000,GAS,10,0 days 00:01:31.891000,21.0,4.0,,,30.485,24.472,36.934,0 days 01:09:12.087000,0 days 01:09:36.559000,0 days 01:10:13.493000,,281.0,281.0,273.0,False,ULTRASOFT,13.0,False,Toro Rosso,0 days 01:08:41.602000,2018-03-23 06:04:48.975,1,,False,,False,True,91.891,91.89099999999999
224,0 days 01:11:45.268000,GAS,10,0 days 00:01:31.775000,22.0,4.0,,,30.849,24.307,36.619,0 days 01:10:44.342000,0 days 01:11:08.649000,0 days 01:11:45.268000,261.0,280.0,278.0,274.0,False,ULTRASOFT,14.0,False,Toro Rosso,0 days 01:10:13.493000,2018-03-23 06:06:20.866,1,,False,,False,True,91.775,91.775
225,0 days 01:13:19.011000,GAS,10,0 days 00:01:33.743000,23.0,4.0,,,30.141,24.512,39.09,0 days 01:12:15.409000,0 days 01:12:39.921000,0 days 01:13:19.011000,262.0,281.0,278.0,281.0,False,ULTRASOFT,15.0,False,Toro Rosso,0 days 01:11:45.268000,2018-03-23 06:07:52.641,1,,False,,False,True,93.743,93.743
226,0 days 01:14:50.366000,GAS,10,0 days 00:01:31.355000,24.0,4.0,,,30.372,24.429,36.554,0 days 01:13:49.383000,0 days 01:14:13.812000,0 days 01:14:50.366000,261.0,278.0,282.0,273.0,False,ULTRASOFT,16.0,False,Toro Rosso,0 days 01:13:19.011000,2018-03-23 06:09:26.384,1,,False,,False,True,91.355,91.355
227,0 days 01:16:40.059000,GAS,10,0 days 00:01:49.693000,25.0,4.0,,0 days 01:16:19.960000,30.279,24.306,55.108,0 days 01:15:20.645000,0 days 01:15:44.951000,0 days 01:16:40.059000,266.0,287.0,,278.0,False,ULTRASOFT,17.0,False,Toro Rosso,0 days 01:14:50.366000,2018-03-23 06:10:57.739,1,,False,,False,False,109.693,109.693
228,0 days 01:18:17.147000,GAS,10,0 days 00:01:37.088000,26.0,4.0,0 days 01:16:42.969000,,36.477,24.424,36.187,0 days 01:17:16.536000,0 days 01:17:40.960000,0 days 01:18:17.147000,263.0,280.0,276.0,218.0,False,ULTRASOFT,18.0,False,Toro Rosso,0 days 01:16:40.059000,2018-03-23 06:12:47.432,12,,False,,False,False,97.088,97.088
229,0 days 01:19:47.105000,GAS,10,0 days 00:01:29.958000,27.0,5.0,,,29.84,24.141,35.977,0 days 01:18:46.987000,0 days 01:19:11.128000,0 days 01:19:47.105000,266.0,279.0,275.0,275.0,False,SOFT,9.0,False,Toro Rosso,0 days 01:18:17.147000,2018-03-23 06:14:24.520,1,,False,,False,True,89.958,89.958
230,0 days 01:21:17.628000,GAS,10,0 days 00:01:30.523000,28.0,5.0,,,29.896,24.156,36.471,0 days 01:20:17.001000,0 days 01:20:41.157000,0 days 01:21:17.628000,262.0,276.0,278.0,274.0,False,SOFT,10.0,False,Toro Rosso,0 days 01:19:47.105000,2018-03-23 06:15:54.478,1,,False,,False,True,90.523,90.523
231,0 days 01:22:49.412000,GAS,10,0 days 00:01:31.784000,29.0,5.0,,,31.163,24.561,36.06,0 days 01:21:48.791000,0 days 01:22:13.352000,0 days 01:22:49.412000,267.0,279.0,278.0,296.0,False,SOFT,11.0,False,Toro Rosso,0 days 01:21:17.628000,2018-03-23 06:17:25.001,1,,False,,False,True,91.784,91.784
232,0 days 01:24:19.637000,GAS,10,0 days 00:01:30.225000,30.0,5.0,,,29.832,24.332,36.061,0 days 01:23:19.244000,0 days 01:23:43.576000,0 days 01:24:19.637000,266.0,278.0,280.0,280.0,False,SOFT,12.0,False,Toro Rosso,0 days 01:22:49.412000,2018-03-23 06:18:56.785,1,,False,,False,True,90.225,90.225
233,0 days 01:25:49.926000,GAS,10,0 days 00:01:30.289000,31.0,5.0,,,29.896,24.157,36.236,0 days 01:24:49.533000,0 days 01:25:13.690000,0 days 01:25:49.926000,,276.0,279.0,276.0,False,SOFT,13.0,False,Toro Rosso,0 days 01:24:19.637000,2018-03-23 06:20:27.010,1,,False,,False,True,90.289,90.28899999999999
234,0 days 01:27:19.712000,GAS,10,0 days 00:01:29.786000,32.0,5.0,,,29.726,24.08,35.98,0 days 01:26:19.652000,0 days 01:26:43.732000,0 days 01:27:19.712000,267.0,278.0,280.0,282.0,False,SOFT,14.0,False,Toro Rosso,0 days 01:25:49.926000,2018-03-23 06:21:57.299,1,,False,,False,True,89.786,89.786
235,0 days 01:28:50.918000,GAS,10,0 days 00:01:31.206000,33.0,5.0,,,30.054,24.105,37.047,0 days 01:27:49.766000,0 days 01:28:13.871000,0 days 01:28:50.918000,266.0,281.0,278.0,281.0,False,SOFT,15.0,False,Toro Rosso,0 days 01:27:19.712000,2018-03-23 06:23:27.085,1,,False,,False,True,91.206,91.20599999999999
236,0 days 01:30:21.219000,GAS,10,0 days 00:01:30.301000,34.0,5.0,,,30.018,24.151,36.132,0 days 01:29:20.936000,0 days 01:29:45.087000,0 days 01:30:21.219000,267.0,283.0,279.0,278.0,False,SOFT,16.0,False,Toro Rosso,0 days 01:28:50.918000,2018-03-23 06:24:58.291,1,,False,,False,True,90.301,90.30099999999999
237,0 days 01:31:51.086000,GAS,10,0 days 00:01:29.867000,35.0,5.0,,,29.66,24.074,36.133,0 days 01:30:50.879000,0 days 01:31:14.953000,0 days 01:31:51.086000,,281.0,280.0,284.0,False,SOFT,17.0,False,Toro Rosso,0 days 01:30:21.219000,2018-03-23 06:26:28.592,1,,False,,False,True,89.867,89.867
238,0 days 01:33:20.534000,GAS,10,0 days 00:01:29.448000,36.0,5.0,,,29.599,23.959,35.89,0 days 01:32:20.685000,0 days 01:32:44.644000,0 days 01:33:20.534000,268.0,282.0,286.0,283.0,False,SOFT,18.0,False,Toro Rosso,0 days 01:31:51.086000,2018-03-23 06:27:58.459,1,,False,,False,True,89.448,89.44800000000001
239,0 days 01:34:50.166000,GAS,10,0 days 00:01:29.632000,37.0,5.0,,,29.587,23.97,36.075,0 days 01:33:50.121000,0 days 01:34:14.091000,0 days 01:34:50.166000,270.0,284.0,,287.0,False,SOFT,19.0,False,Toro Rosso,0 days 01:33:20.534000,2018-03-23 06:29:27.907,1,,False,,False,True,89.632,89.632
240,0 days 01:37:14.680000,GAS,10,0 days 00:02:24.514000,38.0,5.0,,,35.208,26.876,82.43,0 days 01:35:25.374000,0 days 01:35:52.250000,0 days 01:37:14.680000,253.0,215.0,135.0,,False,SOFT,20.0,False,Toro Rosso,0 days 01:34:50.166000,2018-03-23 06:30:57.539,1,,False,,False,True,144.514,144.514
241,0 days 01:39:00.345000,GAS,10,,39.0,5.0,,0 days 01:39:00.345000,35.708,26.921,,0 days 01:37:50.480000,0 days 01:38:17.357000,,247.0,262.0,,241.0,False,SOFT,21.0,False,Toro Rosso,0 days 01:37:14.680000,2018-03-23 06:33:22.053,1,,False,,False,False,,
242,0 days 00:25:47.869000,PER,11,0 days 00:01:47.015000,1.0,1.0,0 days 00:24:03.649000,,45.042,24.481,37.492,0 days 00:24:45.906000,0 days 00:25:10.577000,0 days 00:25:48.136000,256.0,291.0,295.0,202.0,False,SOFT,1.0,True,Force India,0 days 00:24:03.649000,2018-03-23 05:20:11.022,,,False,,False,False,107.015,107.01499999999999
243,0 days 00:27:14.553000,PER,11,0 days 00:01:26.684000,2.0,1.0,,,28.579,23.413,34.692,0 days 00:26:16.448000,0 days 00:26:39.861000,0 days 00:27:14.553000,277.0,290.0,292.0,311.0,True,SOFT,2.0,True,Force India,0 days 00:25:47.869000,2018-03-23 05:21:55.242,,,False,,False,False,86.684,86.684
244,0 days 00:28:55.277000,PER,11,0 days 00:01:40.724000,3.0,1.0,,,33.086,27.694,39.944,0 days 00:27:47.639000,0 days 00:28:15.333000,0 days 00:28:55.277000,255.0,280.0,295.0,269.0,False,SOFT,3.0,True,Force India,0 days 00:27:14.553000,2018-03-23 05:23:21.926,,,False,,False,False,100.724,100.724
245,0 days 00:30:21.821000,PER,11,0 days 00:01:26.544000,4.0,1.0,,,28.585,23.431,34.528,0 days 00:29:23.862000,0 days 00:29:47.293000,0 days 00:30:21.821000,277.0,288.0,293.0,313.0,True,SOFT,4.0,True,Force India,0 days 00:28:55.277000,2018-03-23 05:25:02.650,,,False,,False,False,86.544,86.54400000000001
246,0 days 00:32:02.107000,PER,11,0 days 00:01:40.286000,5.0,1.0,,,33.349,26.903,40.034,0 days 00:30:55.170000,0 days 00:31:22.073000,0 days 00:32:02.107000,249.0,249.0,295.0,256.0,False,SOFT,5.0,True,Force India,0 days 00:30:21.821000,2018-03-23 05:26:29.194,,,False,,False,False,100.286,100.286
247,0 days 00:33:38.144000,PER,11,0 days 00:01:36.037000,6.0,1.0,,,31.867,25.817,38.353,0 days 00:32:33.974000,0 days 00:32:59.791000,0 days 00:33:38.144000,258.0,276.0,295.0,313.0,False,SOFT,6.0,True,Force India,0 days 00:32:02.107000,2018-03-23 05:28:09.480,,,False,,False,False,96.037,96.037
248,0 days 00:35:04.210000,PER,11,0 days 00:01:26.066000,7.0,1.0,,,28.423,23.33,34.313,0 days 00:34:06.567000,0 days 00:34:29.897000,0 days 00:35:04.210000,277.0,287.0,294.0,312.0,True,SOFT,7.0,True,Force India,0 days 00:33:38.144000,2018-03-23 05:29:45.517,,,False,,False,False,86.066,86.066
249,0 days 00:50:29.675000,PER,11,,8.0,1.0,,0 days 00:36:40.960000,34.901,25.5,,0 days 00:35:39.112000,0 days 00:36:05.597000,,252.0,276.0,,229.0,False,SOFT,8.0,True,Force India,0 days 00:35:04.210000,2018-03-23 05:31:11.583,,,False,,False,False,,
250,0 days 00:56:54.843000,PER,11,,9.0,2.0,0 days 00:50:29.675000,0 days 00:52:32.186000,,,,,,,,,,218.0,False,ULTRASOFT,1.0,True,Force India,0 days 00:50:29.675000,2018-03-23 05:46:37.048,51,,False,,False,False,,
251,0 days 00:58:38.134000,PER,11,0 days 00:01:43.291000,10.0,3.0,0 days 00:56:57.644000,,40.204,24.439,38.648,0 days 00:57:35.047000,0 days 00:57:59.486000,0 days 00:58:38.134000,258.0,289.0,,296.0,False,ULTRASOFT,2.0,False,Force India,0 days 00:56:57.644000,2018-03-23 05:53:05.017,1,,False,,False,False,103.291,103.291
252,0 days 01:00:12.765000,PER,11,0 days 00:01:34.631000,11.0,3.0,,,30.627,25.09,38.914,0 days 00:59:08.761000,0 days 00:59:33.851000,0 days 01:00:12.765000,263.0,291.0,293.0,,False,ULTRASOFT,3.0,False,Force India,0 days 00:58:38.134000,2018-03-23 05:54:45.507,1,,False,,False,True,94.631,94.631
253,0 days 01:01:38.178000,PER,11,0 days 00:01:25.413000,12.0,3.0,,,28.075,23.136,34.202,0 days 01:00:40.840000,0 days 01:01:03.976000,0 days 01:01:38.178000,281.0,295.0,294.0,313.0,True,ULTRASOFT,4.0,False,Force India,0 days 01:00:12.765000,2018-03-23 05:56:20.138,1,,False,,False,True,85.413,85.413
254,0 days 01:03:33.412000,PER,11,0 days 00:01:55.234000,13.0,3.0,,,37.384,30.077,47.773,0 days 01:02:15.562000,0 days 01:02:45.639000,0 days 01:03:33.412000,186.0,245.0,,314.0,False,ULTRASOFT,5.0,False,Force India,0 days 01:01:38.178000,2018-03-23 05:57:45.551,1,,False,,False,True,115.234,115.23400000000001
255,0 days 01:12:25.489000,PER,11,,14.0,3.0,,0 days 01:05:07.662000,28.354,25.873,,0 days 01:04:02.388000,0 days 01:04:27.652000,,281.0,267.0,,,False,ULTRASOFT,6.0,False,Force India,0 days 01:03:33.412000,2018-03-23 05:59:40.785,1,,False,,False,False,,
256,0 days 01:14:24.350000,PER,11,0 days 00:01:58.861000,15.0,4.0,0 days 01:12:29.196000,,56.507,25.018,37.336,0 days 01:13:21.996000,0 days 01:13:47.014000,0 days 01:14:24.350000,250.0,284.0,277.0,203.0,False,ULTRASOFT,7.0,False,Force India,0 days 01:12:25.489000,2018-03-23 06:08:32.862,1,,False,,False,False,118.861,118.861
257,0 days 01:15:54.554000,PER,11,0 days 00:01:30.204000,16.0,4.0,,,30.11,24.128,35.966,0 days 01:14:54.460000,0 days 01:15:18.588000,0 days 01:15:54.554000,269.0,290.0,281.0,293.0,False,ULTRASOFT,8.0,False,Force India,0 days 01:14:24.350000,2018-03-23 06:10:31.723,1,,False,,False,True,90.204,90.20400000000001
258,0 days 01:17:29.610000,PER,11,0 days 00:01:35.056000,17.0,4.0,,,30.557,25.388,39.111,0 days 01:16:25.111000,0 days 01:16:50.499000,0 days 01:17:29.610000,264.0,288.0,277.0,298.0,False,ULTRASOFT,9.0,False,Force India,0 days 01:15:54.554000,2018-03-23 06:12:01.927,1,,False,,False,True,95.056,95.056
259,0 days 01:18:59.159000,PER,11,0 days 00:01:29.549000,18.0,4.0,,,29.743,24.097,35.709,0 days 01:17:59.353000,0 days 01:18:23.450000,0 days 01:18:59.159000,266.0,287.0,,298.0,False,ULTRASOFT,10.0,False,Force India,0 days 01:17:29.610000,2018-03-23 06:13:36.983,12,,False,,False,True,89.549,89.549
260,0 days 01:20:28.768000,PER,11,0 days 00:01:29.609000,19.0,4.0,,,29.664,24.022,35.923,0 days 01:19:28.823000,0 days 01:19:52.845000,0 days 01:20:28.768000,274.0,286.0,281.0,,False,ULTRASOFT,11.0,False,Force India,0 days 01:18:59.159000,2018-03-23 06:15:06.532,1,,False,,False,True,89.609,89.60900000000001
261,0 days 01:22:01.935000,PER,11,0 days 00:01:33.167000,20.0,4.0,,,30.796,24.787,37.584,0 days 01:20:59.564000,0 days 01:21:24.351000,0 days 01:22:01.935000,269.0,289.0,280.0,296.0,False,ULTRASOFT,12.0,False,Force India,0 days 01:20:28.768000,2018-03-23 06:16:36.141,1,,False,,False,True,93.167,93.167
262,0 days 01:23:35.335000,PER,11,0 days 00:01:33.400000,21.0,4.0,,,29.868,24.39,39.142,0 days 01:22:31.803000,0 days 01:22:56.193000,0 days 01:23:35.335000,268.0,288.0,280.0,299.0,False,ULTRASOFT,13.0,False,Force India,0 days 01:22:01.935000,2018-03-23 06:18:09.308,1,,False,,False,True,93.4,93.4
263,0 days 01:25:04.848000,PER,11,0 days 00:01:29.513000,22.0,4.0,,,29.518,24.167,35.828,0 days 01:24:04.853000,0 days 01:24:29.020000,0 days 01:25:04.848000,270.0,285.0,281.0,300.0,False,ULTRASOFT,14.0,False,Force India,0 days 01:23:35.335000,2018-03-23 06:19:42.708,1,,False,,False,True,89.513,89.513
264,0 days 01:26:52.673000,PER,11,0 days 00:01:47.825000,23.0,4.0,,0 days 01:26:33.829000,29.731,24.22,53.874,0 days 01:25:34.579000,0 days 01:25:58.799000,0 days 01:26:52.673000,272.0,288.0,,299.0,False,ULTRASOFT,15.0,False,Force India,0 days 01:25:04.848000,2018-03-23 06:21:12.221,1,,False,,False,False,107.825,107.825
265,0 days 01:28:32.590000,PER,11,0 days 00:01:39.917000,24.0,5.0,0 days 01:26:56.546000,,37.039,23.907,38.192,0 days 01:27:29.712000,0 days 01:27:53.619000,0 days 01:28:31.811000,266.0,287.0,,297.0,False,SOFT,9.0,False,Force India,0 days 01:26:52.673000,2018-03-23 06:23:00.046,1,,False,,False,False,99.917,99.138
266,0 days 01:30:01.879000,PER,11,0 days 00:01:29.289000,25.0,5.0,,,,,35.744,,,0 days 01:30:19.059000,,,,300.0,False,SOFT,10.0,False,Force India,0 days 01:28:32.590000,2018-03-23 06:24:39.963,1,,False,,False,False,89.289,
267,0 days 01:31:32.601000,PER,11,0 days 00:01:30.722000,26.0,5.0,,,29.584,24.445,36.693,0 days 01:30:31.463000,0 days 01:30:55.908000,0 days 01:31:32.601000,273.0,288.0,279.0,,False,SOFT,11.0,False,Force India,0 days 01:30:01.879000,2018-03-23 06:26:09.252,1,,False,,False,True,90.722,90.722
268,0 days 01:33:01.860000,PER,11,0 days 00:01:29.259000,27.0,5.0,,,29.551,23.907,35.801,0 days 01:32:02.152000,0 days 01:32:26.059000,0 days 01:33:01.860000,270.0,286.0,279.0,299.0,False,SOFT,12.0,False,Force India,0 days 01:31:32.601000,2018-03-23 06:27:39.974,1,,False,,False,True,89.259,89.259
269,0 days 01:34:31.184000,PER,11,0 days 00:01:29.324000,28.0,5.0,,,29.564,24.007,35.753,0 days 01:33:31.424000,0 days 01:33:55.431000,0 days 01:34:31.184000,,287.0,282.0,298.0,False,SOFT,13.0,False,Force India,0 days 01:33:01.860000,2018-03-23 06:29:09.233,1,,False,,False,True,89.324,89.324
270,0 days 01:37:04.239000,PER,11,,29.0,5.0,,,38.05,28.101,86.28,0 days 01:35:09.858000,0 days 01:38:08.889000,0 days 01:38:31.327000,217.0,280.0,,216.0,False,SOFT,14.0,False,Force India,0 days 01:34:31.184000,2018-03-23 06:30:38.557,1,,False,,False,False,,152.43099999999998
271,0 days 00:12:20.531000,ALO,14,0 days 00:01:57.712000,1.0,1.0,0 days 00:10:26.852000,,53.456,26.165,38.091,0 days 00:11:16.325000,0 days 00:11:42.500000,0 days 00:12:20.621000,199.0,273.0,292.0,164.0,False,SOFT,1.0,True,McLaren,0 days 00:10:26.852000,2018-03-23 05:06:34.225,,,False,,False,False,117.712,117.71200000000002
272,0 days 00:13:46.354000,ALO,14,0 days 00:01:25.823000,2.0,1.0,,,28.393,23.363,34.067,0 days 00:12:48.924000,0 days 00:13:12.287000,0 days 00:13:46.354000,274.0,286.0,303.0,303.0,True,SOFT,2.0,True,McLaren,0 days 00:12:20.531000,2018-03-23 05:08:27.904,,,False,,False,False,85.823,85.82300000000001
273,0 days 00:15:29.755000,ALO,14,0 days 00:01:43.401000,3.0,1.0,,,34.349,26.613,42.439,0 days 00:14:20.703000,0 days 00:14:47.316000,0 days 00:15:29.755000,245.0,265.0,295.0,259.0,False,SOFT,3.0,True,McLaren,0 days 00:13:46.354000,2018-03-23 05:09:53.727,,,False,,False,False,103.401,103.401
274,0 days 00:16:58.915000,ALO,14,0 days 00:01:29.160000,4.0,1.0,,,28.551,23.162,37.447,0 days 00:15:58.306000,0 days 00:16:21.468000,0 days 00:16:58.915000,274.0,286.0,271.0,306.0,False,SOFT,4.0,True,McLaren,0 days 00:15:29.755000,2018-03-23 05:11:37.128,,,False,,False,False,89.16,89.16
275,0 days 00:18:40.351000,ALO,14,0 days 00:01:41.436000,5.0,1.0,,,33.804,27.771,39.861,0 days 00:17:32.719000,0 days 00:18:00.490000,0 days 00:18:40.351000,253.0,219.0,295.0,226.0,False,SOFT,5.0,True,McLaren,0 days 00:16:58.915000,2018-03-23 05:13:06.288,,,False,,False,False,101.436,101.436
276,0 days 00:20:05.903000,ALO,14,0 days 00:01:25.552000,6.0,1.0,,,28.288,23.252,34.012,0 days 00:19:08.639000,0 days 00:19:31.891000,0 days 00:20:05.903000,274.0,284.0,296.0,307.0,True,SOFT,6.0,True,McLaren,0 days 00:18:40.351000,2018-03-23 05:14:47.724,,,False,,False,False,85.552,85.55199999999999
277,0 days 00:41:07.896000,ALO,14,,7.0,1.0,,0 days 00:21:46.566000,32.972,27.786,,0 days 00:20:38.965000,0 days 00:21:06.884000,,234.0,225.0,,276.0,False,SOFT,7.0,True,McLaren,0 days 00:20:05.903000,2018-03-23 05:16:13.276,,,False,,False,False,,
278,0 days 00:42:48.949000,ALO,14,0 days 00:01:41.053000,8.0,2.0,0 days 00:41:10.649000,,37.701,25.689,37.663,0 days 00:41:45.597000,0 days 00:42:11.286000,0 days 00:42:48.949000,226.0,265.0,289.0,209.0,False,ULTRASOFT,1.0,True,McLaren,0 days 00:41:07.896000,2018-03-23 05:37:15.269,,,False,,False,False,101.053,101.053
279,0 days 00:44:14.502000,ALO,14,0 days 00:01:25.553000,9.0,2.0,,,28.243,23.142,34.158,0 days 00:43:17.192000,0 days 00:43:40.334000,0 days 00:44:14.492000,245.0,290.0,,282.0,False,ULTRASOFT,2.0,True,McLaren,0 days 00:42:48.949000,2018-03-23 05:38:56.322,,,False,,False,False,85.553,85.543
280,0 days 00:45:58.985000,ALO,14,0 days 00:01:44.483000,10.0,2.0,,,,26.686,44.521,,0 days 00:45:14.464000,0 days 00:46:38.385000,275.0,271.0,,304.0,False,ULTRASOFT,3.0,True,McLaren,0 days 00:44:14.502000,2018-03-23 05:40:21.875,,,False,,False,False,104.483,
281,0 days 00:47:24.185000,ALO,14,0 days 00:01:25.200000,11.0,2.0,,,,23.068,33.847,,0 days 00:46:50.349000,0 days 00:47:48.258000,,289.0,,234.0,True,ULTRASOFT,4.0,True,McLaren,0 days 00:45:58.985000,2018-03-23 05:42:06.358,,,False,,False,False,85.2,
282,0 days 01:06:05.702000,ALO,14,,12.0,2.0,,0 days 00:49:09.270000,35.319,28.277,,0 days 00:47:59.525000,0 days 00:48:27.761000,,241.0,259.0,,,False,ULTRASOFT,5.0,True,McLaren,0 days 00:47:24.185000,2018-03-23 05:43:31.558,51,,False,,False,False,,
283,0 days 01:07:46.853000,ALO,14,0 days 00:01:41.151000,13.0,3.0,0 days 01:06:08.509000,,37.879,26.048,37.224,0 days 01:06:43.581000,0 days 01:07:09.629000,0 days 01:07:46.853000,225.0,270.0,289.0,205.0,False,ULTRASOFT,6.0,False,McLaren,0 days 01:06:08.509000,2018-03-23 06:02:15.882,1,,False,,False,False,101.151,101.15099999999998
284,0 days 01:09:12.138000,ALO,14,0 days 00:01:25.285000,14.0,3.0,,,28.165,23.151,33.969,0 days 01:08:15.018000,0 days 01:08:38.169000,0 days 01:09:12.138000,272.0,284.0,288.0,303.0,False,ULTRASOFT,7.0,False,McLaren,0 days 01:07:46.853000,2018-03-23 06:03:54.226,1,,False,,False,True,85.285,85.285
285,0 days 01:10:50.061000,ALO,14,0 days 00:01:37.923000,15.0,3.0,,,33.156,27.238,37.529,0 days 01:09:45.294000,0 days 01:10:12.532000,0 days 01:10:50.061000,251.0,268.0,290.0,248.0,False,ULTRASOFT,8.0,False,McLaren,0 days 01:09:12.138000,2018-03-23 06:05:19.511,1,,False,,False,True,97.923,97.923
286,0 days 01:12:24.779000,ALO,14,0 days 00:01:34.718000,16.0,3.0,,,30.243,26.234,38.241,0 days 01:11:20.304000,0 days 01:11:46.538000,0 days 01:12:24.779000,236.0,274.0,291.0,303.0,False,ULTRASOFT,9.0,False,McLaren,0 days 01:10:50.061000,2018-03-23 06:06:57.434,1,,False,,False,True,94.718,94.718
287,0 days 01:19:11.105000,ALO,14,,17.0,3.0,,0 days 01:13:54.023000,28.318,23.914,,0 days 01:12:53.147000,0 days 01:13:17.030000,,272.0,265.0,,304.0,False,ULTRASOFT,10.0,False,McLaren,0 days 01:12:24.779000,2018-03-23 06:08:32.152,12,,False,,False,False,,
288,0 days 01:21:42.297000,ALO,14,,18.0,3.0,0 days 01:19:11.105000,0 days 01:21:26.104000,58.477,28.366,67.733,0 days 01:20:06.486000,0 days 01:20:34.581000,0 days 01:21:42.429000,223.0,235.0,,211.0,False,ULTRASOFT,11.0,False,McLaren,0 days 01:19:11.105000,2018-03-23 06:15:18.478,1,,False,,False,False,,154.576
289,0 days 01:23:40.946000,ALO,14,0 days 00:01:58.649000,19.0,4.0,0 days 01:21:46.040000,,54.326,24.36,39.963,0 days 01:22:36.623000,0 days 01:23:00.983000,0 days 01:23:40.946000,259.0,272.0,278.0,214.0,False,SOFT,9.0,False,McLaren,0 days 01:21:42.297000,2018-03-23 06:17:49.670,1,,False,,False,False,118.649,118.649
290,0 days 01:25:09.970000,ALO,14,0 days 00:01:29.024000,20.0,4.0,,,29.577,23.883,35.564,0 days 01:24:10.523000,0 days 01:24:34.406000,0 days 01:25:09.970000,269.0,280.0,293.0,286.0,False,SOFT,10.0,False,McLaren,0 days 01:23:40.946000,2018-03-23 06:19:48.319,1,,False,,False,True,89.024,89.024
291,0 days 01:26:39.484000,ALO,14,0 days 00:01:29.514000,21.0,4.0,,,29.675,24.215,35.624,0 days 01:25:39.645000,0 days 01:26:03.860000,0 days 01:26:39.484000,266.0,279.0,293.0,305.0,False,SOFT,11.0,False,McLaren,0 days 01:25:09.970000,2018-03-23 06:21:17.343,1,,False,,False,True,89.514,89.51400000000001
292,0 days 01:28:13.624000,ALO,14,0 days 00:01:34.140000,22.0,4.0,,,29.515,24.188,40.437,0 days 01:27:08.999000,0 days 01:27:33.187000,0 days 01:28:13.624000,268.0,282.0,,285.0,False,SOFT,12.0,False,McLaren,0 days 01:26:39.484000,2018-03-23 06:22:46.857,1,,False,,False,True,94.14,94.14
293,0 days 01:29:42.975000,ALO,14,0 days 00:01:29.351000,23.0,4.0,,,,23.883,35.514,,0 days 01:29:07.468000,0 days 01:29:43.357000,,280.0,280.0,,False,SOFT,13.0,False,McLaren,0 days 01:28:13.624000,2018-03-23 06:24:20.997,1,,False,,False,False,89.351,
294,0 days 01:31:34.662000,ALO,14,0 days 00:01:51.687000,24.0,4.0,,0 days 01:31:10.912000,29.389,24.061,58.237,0 days 01:30:12.364000,0 days 01:30:36.425000,0 days 01:31:34.662000,267.0,277.0,,284.0,False,SOFT,14.0,False,McLaren,0 days 01:29:42.975000,2018-03-23 06:25:50.348,1,,False,,False,False,111.687,111.68700000000001
295,0 days 01:33:10.908000,ALO,14,0 days 00:01:36.246000,25.0,5.0,0 days 01:31:37.526000,,37.004,23.913,35.329,0 days 01:32:11.666000,0 days 01:32:35.579000,0 days 01:33:10.908000,267.0,280.0,280.0,204.0,False,ULTRASOFT,11.0,False,McLaren,0 days 01:31:34.662000,2018-03-23 06:27:42.035,1,,False,,False,False,96.246,96.24600000000001
296,0 days 01:34:39.952000,ALO,14,0 days 00:01:29.044000,26.0,5.0,,,29.42,24.128,35.496,0 days 01:33:40.328000,0 days 01:34:04.456000,0 days 01:34:39.952000,268.0,279.0,286.0,296.0,False,ULTRASOFT,12.0,False,McLaren,0 days 01:33:10.908000,2018-03-23 06:29:18.281,1,,False,,False,True,89.044,89.04400000000001
297,0 days 01:37:08.174000,ALO,14,0 days 00:02:28.222000,27.0,5.0,,,35.427,29.736,83.059,0 days 01:35:15.379000,0 days 01:35:45.115000,0 days 01:37:08.174000,196.0,246.0,123.0,253.0,False,ULTRASOFT,13.0,False,McLaren,0 days 01:34:39.952000,2018-03-23 06:30:47.325,1,,False,,False,True,148.222,148.22199999999998
298,0 days 01:38:57.172000,ALO,14,,28.0,5.0,,0 days 01:38:57.172000,35.25,27.189,,0 days 01:37:43.468000,0 days 01:38:10.654000,,175.0,250.0,,255.0,False,ULTRASOFT,14.0,False,McLaren,0 days 01:37:08.174000,2018-03-23 06:33:15.547,1,,False,,False,False,,
299,0 days 00:14:35.299000,LEC,16,0 days 00:02:04.120000,1.0,1.0,0 days 00:12:34.839000,,56.418,26.376,41.326,0 days 00:13:27.833000,0 days 00:13:54.144000,0 days 00:14:35.365000,239.0,269.0,291.0,195.0,False,SOFT,1.0,True,Sauber,0 days 00:12:34.839000,2018-03-23 05:08:42.212,,,False,,False,False,124.12,124.12
300,0 days 00:16:04.055000,LEC,16,0 days 00:01:28.756000,2.0,1.0,,,29.371,23.73,35.655,0 days 00:15:04.670000,0 days 00:15:28.400000,0 days 00:16:04.055000,274.0,284.0,298.0,302.0,True,SOFT,2.0,True,Sauber,0 days 00:14:35.299000,2018-03-23 05:10:42.672,,,False,,False,False,88.756,88.756
301,0 days 00:17:52.889000,LEC,16,0 days 00:01:48.834000,3.0,1.0,,,34.097,28.326,46.411,0 days 00:16:38.152000,0 days 00:17:06.478000,0 days 00:17:52.889000,212.0,258.0,293.0,281.0,False,SOFT,3.0,True,Sauber,0 days 00:16:04.055000,2018-03-23 05:12:11.428,,,False,,False,False,108.834,108.834
302,0 days 00:19:20.901000,LEC,16,0 days 00:01:28.012000,4.0,1.0,,,28.861,23.591,35.56,0 days 00:18:21.750000,0 days 00:18:45.341000,0 days 00:19:20.901000,275.0,285.0,295.0,309.0,True,SOFT,4.0,True,Sauber,0 days 00:17:52.889000,2018-03-23 05:14:00.262,,,False,,False,False,88.012,88.012
303,0 days 00:21:08.472000,LEC,16,0 days 00:01:47.571000,5.0,1.0,,,34.352,30.359,42.86,0 days 00:19:55.253000,0 days 00:20:25.612000,0 days 00:21:08.472000,222.0,223.0,297.0,242.0,False,SOFT,5.0,True,Sauber,0 days 00:19:20.901000,2018-03-23 05:15:28.274,,,False,,False,False,107.571,107.571
304,0 days 00:22:48.849000,LEC,16,0 days 00:01:40.377000,6.0,1.0,,,30.708,28.997,40.672,0 days 00:21:39.180000,0 days 00:22:08.177000,0 days 00:22:48.849000,236.0,253.0,287.0,314.0,False,SOFT,6.0,True,Sauber,0 days 00:21:08.472000,2018-03-23 05:17:15.845,,,False,,False,False,100.377,100.377
305,0 days 00:24:17.459000,LEC,16,0 days 00:01:28.610000,7.0,1.0,,,29.122,24.064,35.424,0 days 00:23:17.971000,0 days 00:23:42.035000,0 days 00:24:17.459000,274.0,287.0,291.0,303.0,False,SOFT,7.0,True,Sauber,0 days 00:22:48.849000,2018-03-23 05:18:56.222,,,False,,False,False,88.61,88.61
306,0 days 00:39:19.698000,LEC,16,,8.0,1.0,,0 days 00:25:59.001000,34.627,26.532,,0 days 00:24:52.090000,0 days 00:25:18.624000,,239.0,265.0,,281.0,False,SOFT,8.0,True,Sauber,0 days 00:24:17.459000,2018-03-23 05:20:24.832,,,False,,False,False,,
307,0 days 00:41:05.769000,LEC,16,0 days 00:01:46.071000,9.0,2.0,0 days 00:39:22.423000,,39.234,26.703,40.134,0 days 00:39:58.932000,0 days 00:40:25.635000,0 days 00:41:05.769000,241.0,270.0,,304.0,False,ULTRASOFT,1.0,True,Sauber,0 days 00:39:19.698000,2018-03-23 05:35:27.071,,,False,,False,False,106.071,106.071
308,0 days 00:42:32.584000,LEC,16,0 days 00:01:26.815000,10.0,2.0,,,28.672,23.232,34.911,0 days 00:41:34.441000,0 days 00:41:57.673000,0 days 00:42:32.584000,275.0,291.0,293.0,,True,ULTRASOFT,2.0,True,Sauber,0 days 00:41:05.769000,2018-03-23 05:37:13.142,,,False,,False,False,86.815,86.815
309,0 days 00:44:17.078000,LEC,16,0 days 00:01:44.494000,11.0,2.0,,,34.835,27.831,41.828,0 days 00:43:07.419000,0 days 00:43:35.250000,0 days 00:44:17.078000,232.0,262.0,292.0,253.0,False,ULTRASOFT,3.0,True,Sauber,0 days 00:42:32.584000,2018-03-23 05:38:39.957,,,False,,False,False,104.494,104.494
310,0 days 00:46:03.375000,LEC,16,0 days 00:01:46.297000,12.0,2.0,,,32.554,29.083,44.66,0 days 00:44:49.632000,0 days 00:45:18.715000,0 days 00:46:03.375000,215.0,264.0,290.0,308.0,False,ULTRASOFT,4.0,True,Sauber,0 days 00:44:17.078000,2018-03-23 05:40:24.451,,,False,,False,False,106.297,106.297
311,0 days 00:47:30.298000,LEC,16,0 days 00:01:26.923000,13.0,2.0,,,28.648,23.412,34.863,0 days 00:46:32.023000,0 days 00:46:55.435000,0 days 00:47:30.298000,276.0,287.0,287.0,,False,ULTRASOFT,5.0,True,Sauber,0 days 00:46:03.375000,2018-03-23 05:42:10.748,,,False,,False,False,86.923,86.923
312,0 days 00:49:16.979000,LEC,16,0 days 00:01:46.681000,14.0,2.0,,,34.556,27.513,44.612,0 days 00:48:04.854000,0 days 00:48:32.367000,0 days 00:49:16.979000,234.0,251.0,290.0,253.0,False,ULTRASOFT,6.0,True,Sauber,0 days 00:47:30.298000,2018-03-23 05:43:37.671,,,False,,False,False,106.681,106.68100000000001
313,0 days 01:05:56.658000,LEC,16,,15.0,2.0,,0 days 00:52:43.514000,28.848,23.497,,0 days 00:49:45.852000,0 days 00:50:09.463000,,273.0,285.0,,305.0,False,ULTRASOFT,7.0,True,Sauber,0 days 00:49:16.979000,2018-03-23 05:45:24.352,51,,False,,False,False,,
314,0 days 01:08:18.235000,LEC,16,0 days 00:02:21.577000,16.0,3.0,0 days 01:06:00.159000,0 days 01:08:03.782000,58.07,27.719,55.788,0 days 01:06:54.728000,0 days 01:07:22.447000,0 days 01:08:18.235000,237.0,244.0,,191.0,False,SOFT,9.0,False,Sauber,0 days 01:06:00.159000,2018-03-23 06:02:07.532,1,,False,,False,False,141.577,141.577
315,0 days 01:10:11.840000,LEC,16,0 days 00:01:53.605000,17.0,4.0,0 days 01:08:23.403000,,50.605,25.95,37.05,0 days 01:09:08.840000,0 days 01:09:34.790000,0 days 01:10:11.840000,260.0,286.0,287.0,200.0,False,SOFT,10.0,False,Sauber,0 days 01:08:18.235000,2018-03-23 06:04:25.608,1,,False,,False,False,113.605,113.60499999999999
316,0 days 01:11:43.695000,LEC,16,0 days 00:01:31.855000,18.0,4.0,,,31.045,24.337,36.473,0 days 01:10:42.885000,0 days 01:11:07.222000,0 days 01:11:43.695000,264.0,284.0,285.0,296.0,False,SOFT,11.0,False,Sauber,0 days 01:10:11.840000,2018-03-23 06:06:19.213,1,,False,,False,True,91.855,91.855
317,0 days 01:13:14.953000,LEC,16,0 days 00:01:31.258000,19.0,4.0,,,30.006,24.828,36.424,0 days 01:12:13.701000,0 days 01:12:38.529000,0 days 01:13:14.953000,265.0,284.0,275.0,303.0,False,SOFT,12.0,False,Sauber,0 days 01:11:43.695000,2018-03-23 06:07:51.068,1,,False,,False,True,91.258,91.25800000000001
318,0 days 01:14:45.997000,LEC,16,0 days 00:01:31.044000,20.0,4.0,,,30.189,24.306,36.549,0 days 01:13:45.142000,0 days 01:14:09.448000,0 days 01:14:45.997000,264.0,284.0,,287.0,False,SOFT,13.0,False,Sauber,0 days 01:13:14.953000,2018-03-23 06:09:22.326,1,,False,,False,True,91.044,91.04400000000001
319,0 days 01:16:17.181000,LEC,16,0 days 00:01:31.184000,21.0,4.0,,,30.171,24.4,36.613,0 days 01:15:16.168000,0 days 01:15:40.568000,0 days 01:16:17.181000,265.0,285.0,274.0,,False,SOFT,14.0,False,Sauber,0 days 01:14:45.997000,2018-03-23 06:10:53.370,1,,False,,False,True,91.184,91.184
320,0 days 01:17:48.176000,LEC,16,0 days 00:01:30.995000,22.0,4.0,,,30.318,24.344,36.333,0 days 01:16:47.499000,0 days 01:17:11.843000,0 days 01:17:48.176000,267.0,286.0,275.0,286.0,False,SOFT,15.0,False,Sauber,0 days 01:16:17.181000,2018-03-23 06:12:24.554,1,,False,,False,True,90.995,90.995
321,0 days 01:19:21.242000,LEC,16,0 days 00:01:33.066000,23.0,4.0,,,30.271,25.544,37.251,0 days 01:18:18.447000,0 days 01:18:43.991000,0 days 01:19:21.242000,265.0,271.0,280.0,288.0,False,SOFT,16.0,False,Sauber,0 days 01:17:48.176000,2018-03-23 06:13:55.549,12,,False,,False,True,93.066,93.066
322,0 days 01:20:52.087000,LEC,16,0 days 00:01:30.845000,24.0,4.0,,,30.097,24.438,36.31,0 days 01:19:51.339000,0 days 01:20:15.777000,0 days 01:20:52.087000,268.0,284.0,,291.0,False,SOFT,17.0,False,Sauber,0 days 01:19:21.242000,2018-03-23 06:15:28.615,1,,False,,False,True,90.845,90.845
323,0 days 01:22:22.867000,LEC,16,0 days 00:01:30.780000,25.0,4.0,,,30.224,24.265,36.291,0 days 01:21:22.311000,0 days 01:21:46.576000,0 days 01:22:22.867000,266.0,286.0,278.0,,False,SOFT,18.0,False,Sauber,0 days 01:20:52.087000,2018-03-23 06:16:59.460,1,,False,,False,True,90.78,90.78
324,0 days 01:23:53.606000,LEC,16,0 days 00:01:30.739000,26.0,4.0,,,30.181,24.306,36.252,0 days 01:22:53.048000,0 days 01:23:17.354000,0 days 01:23:53.606000,267.0,283.0,279.0,293.0,False,SOFT,19.0,False,Sauber,0 days 01:22:22.867000,2018-03-23 06:18:30.240,1,,False,,False,True,90.739,90.739
325,0 days 01:25:23.944000,LEC,16,0 days 00:01:30.338000,27.0,4.0,,,29.866,24.168,36.304,0 days 01:24:23.472000,0 days 01:24:47.640000,0 days 01:25:23.944000,268.0,284.0,276.0,292.0,False,SOFT,20.0,False,Sauber,0 days 01:23:53.606000,2018-03-23 06:20:00.979,1,,False,,False,True,90.338,90.338
326,0 days 01:26:54.756000,LEC,16,0 days 00:01:30.812000,28.0,4.0,,,29.936,24.541,36.335,0 days 01:25:53.880000,0 days 01:26:18.421000,0 days 01:26:54.756000,266.0,282.0,278.0,,False,SOFT,21.0,False,Sauber,0 days 01:25:23.944000,2018-03-23 06:21:31.317,1,,False,,False,True,90.812,90.81200000000001
327,0 days 01:28:25.784000,LEC,16,0 days 00:01:31.028000,29.0,4.0,,,30.069,24.451,36.508,0 days 01:27:24.825000,0 days 01:27:49.276000,0 days 01:28:25.784000,265.0,281.0,276.0,291.0,False,SOFT,22.0,False,Sauber,0 days 01:26:54.756000,2018-03-23 06:23:02.129,1,,False,,False,True,91.028,91.02799999999999
328,0 days 01:29:57.149000,LEC,16,0 days 00:01:31.365000,30.0,4.0,,,30.56,24.35,36.455,0 days 01:28:56.344000,0 days 01:29:20.694000,0 days 01:29:57.149000,262.0,282.0,277.0,287.0,False,SOFT,23.0,False,Sauber,0 days 01:28:25.784000,2018-03-23 06:24:33.157,1,,False,,False,True,91.365,91.365
329,0 days 01:31:28.148000,LEC,16,0 days 00:01:30.999000,31.0,4.0,,,30.239,24.293,36.467,0 days 01:30:27.388000,0 days 01:30:51.681000,0 days 01:31:28.148000,264.0,281.0,276.0,286.0,False,SOFT,24.0,False,Sauber,0 days 01:29:57.149000,2018-03-23 06:26:04.522,1,,False,,False,True,90.999,90.999
330,0 days 01:32:58.484000,LEC,16,0 days 00:01:30.336000,32.0,4.0,,,30.048,24.155,36.133,0 days 01:31:58.196000,0 days 01:32:22.351000,0 days 01:32:58.484000,265.0,283.0,277.0,287.0,False,SOFT,25.0,False,Sauber,0 days 01:31:28.148000,2018-03-23 06:27:35.521,1,,False,,False,True,90.336,90.33600000000001
331,0 days 01:34:29.236000,LEC,16,0 days 00:01:30.752000,33.0,4.0,,,30.005,24.348,36.399,0 days 01:33:28.489000,0 days 01:33:52.837000,0 days 01:34:29.236000,266.0,282.0,277.0,,False,SOFT,26.0,False,Sauber,0 days 01:32:58.484000,2018-03-23 06:29:05.857,1,,False,,False,True,90.752,90.752
332,0 days 01:36:57.234000,LEC,16,0 days 00:02:27.998000,34.0,4.0,,,34.131,28.109,85.758,0 days 01:35:03.367000,0 days 01:35:31.476000,0 days 01:36:57.234000,238.0,259.0,4.0,259.0,False,SOFT,27.0,False,Sauber,0 days 01:34:29.236000,2018-03-23 06:30:36.609,1,,False,,False,True,147.998,147.998
333,0 days 01:38:48.471000,LEC,16,,35.0,4.0,,0 days 01:38:48.471000,41.024,28.569,,0 days 01:37:38.478000,0 days 01:38:07.810000,,194.0,269.0,,186.0,False,SOFT,28.0,False,Sauber,0 days 01:36:57.234000,2018-03-23 06:33:04.607,1,,False,,False,False,,
334,0 days 00:11:38.201000,STR,18,0 days 00:01:51.719000,1.0,1.0,0 days 00:09:49.243000,,40.722,27.091,43.906,0 days 00:10:27.229000,0 days 00:10:54.314000,0 days 00:11:38.330000,242.0,272.0,293.0,216.0,False,ULTRASOFT,1.0,True,Williams,0 days 00:09:49.243000,2018-03-23 05:05:56.616,,,False,,False,False,111.719,111.719
335,0 days 00:13:04.525000,STR,18,0 days 00:01:26.324000,2.0,1.0,,,28.425,23.364,34.535,0 days 00:12:06.626000,0 days 00:12:29.990000,0 days 00:13:04.525000,277.0,288.0,293.0,309.0,True,ULTRASOFT,2.0,True,Williams,0 days 00:11:38.201000,2018-03-23 05:07:45.574,,,False,,False,False,86.324,86.324
336,0 days 00:14:54.194000,STR,18,0 days 00:01:49.669000,3.0,1.0,,,36.49,27.709,45.47,0 days 00:13:41.015000,0 days 00:14:08.724000,0 days 00:14:54.194000,221.0,261.0,296.0,210.0,False,ULTRASOFT,3.0,True,Williams,0 days 00:13:04.525000,2018-03-23 05:09:11.898,,,False,,False,False,109.669,109.669
337,0 days 00:16:35.989000,STR,18,0 days 00:01:41.795000,4.0,1.0,,,33.866,27.105,40.824,0 days 00:15:28.060000,0 days 00:15:55.165000,0 days 00:16:35.989000,246.0,273.0,295.0,311.0,False,ULTRASOFT,4.0,True,Williams,0 days 00:14:54.194000,2018-03-23 05:11:01.567,,,False,,False,False,101.795,101.795
338,0 days 00:18:05.367000,STR,18,0 days 00:01:29.378000,5.0,1.0,,,28.322,23.312,37.744,0 days 00:17:04.311000,0 days 00:17:27.623000,0 days 00:18:05.367000,279.0,286.0,270.0,310.0,False,ULTRASOFT,5.0,True,Williams,0 days 00:16:35.989000,2018-03-23 05:12:43.362,,,False,,False,False,89.378,89.378
339,0 days 00:19:55.363000,STR,18,0 days 00:01:49.996000,6.0,1.0,,,38.231,28.742,43.023,0 days 00:18:43.598000,0 days 00:19:12.340000,0 days 00:19:55.363000,221.0,258.0,293.0,242.0,False,ULTRASOFT,6.0,True,Williams,0 days 00:18:05.367000,2018-03-23 05:14:12.740,,,False,,False,False,109.996,109.99600000000001
340,0 days 00:21:21.828000,STR,18,0 days 00:01:26.465000,7.0,1.0,,,28.415,23.387,34.663,0 days 00:20:23.778000,0 days 00:20:47.165000,0 days 00:21:21.828000,276.0,285.0,295.0,309.0,False,ULTRASOFT,7.0,True,Williams,0 days 00:19:55.363000,2018-03-23 05:16:02.736,,,False,,False,False,86.465,86.465
341,0 days 00:48:39.881000,STR,18,,8.0,1.0,,0 days 00:23:01.602000,32.303,24.809,,0 days 00:21:54.383000,0 days 00:22:19.201000,,257.0,281.0,,215.0,False,ULTRASOFT,8.0,True,Williams,0 days 00:21:21.828000,2018-03-23 05:17:29.201,,,False,,False,False,,
342,0 days 00:50:18.932000,STR,18,0 days 00:01:39.051000,9.0,2.0,0 days 00:48:42.606000,,37.651,24.847,36.553,0 days 00:49:17.532000,0 days 00:49:42.379000,0 days 00:50:18.932000,256.0,274.0,292.0,209.0,False,ULTRASOFT,1.0,True,Williams,0 days 00:48:39.881000,2018-03-23 05:44:47.254,,,False,,False,False,99.051,99.051
343,0 days 00:56:15.537000,STR,18,,10.0,2.0,,0 days 00:52:13.263000,,,,,,,,,,310.0,False,ULTRASOFT,2.0,True,Williams,0 days 00:50:18.932000,2018-03-23 05:46:26.305,51,,False,,False,False,,
344,0 days 00:57:53.310000,STR,18,0 days 00:01:37.773000,11.0,3.0,0 days 00:56:18.338000,,36.872,24.69,36.211,0 days 00:56:52.409000,0 days 00:57:17.099000,0 days 00:57:53.310000,259.0,277.0,286.0,211.0,False,ULTRASOFT,3.0,False,Williams,0 days 00:56:18.338000,2018-03-23 05:52:25.711,1,,False,,False,False,97.773,97.773
345,0 days 00:59:18.853000,STR,18,0 days 00:01:25.543000,12.0,3.0,,,28.178,23.13,34.235,0 days 00:58:21.488000,0 days 00:58:44.618000,0 days 00:59:18.853000,277.0,287.0,286.0,305.0,True,ULTRASOFT,4.0,False,Williams,0 days 00:57:53.310000,2018-03-23 05:54:00.683,1,,False,,False,True,85.543,85.543
346,0 days 01:01:00.611000,STR,18,0 days 00:01:41.758000,13.0,3.0,,,35.212,27.775,38.771,0 days 00:59:54.065000,0 days 01:00:21.840000,0 days 01:01:00.611000,179.0,269.0,287.0,221.0,False,ULTRASOFT,5.0,False,Williams,0 days 00:59:18.853000,2018-03-23 05:55:26.226,1,,False,,False,True,101.758,101.75800000000001
347,0 days 01:02:26.212000,STR,18,0 days 00:01:25.601000,14.0,3.0,,,28.221,23.083,34.297,0 days 01:01:28.832000,0 days 01:01:51.915000,0 days 01:02:26.212000,277.0,289.0,288.0,304.0,False,ULTRASOFT,6.0,False,Williams,0 days 01:01:00.611000,2018-03-23 05:57:07.984,1,,False,,False,True,85.601,85.601
348,0 days 01:10:05.125000,STR,18,,15.0,3.0,,0 days 01:04:02.681000,34.081,26.309,,0 days 01:03:00.300000,0 days 01:03:27.011000,,219.0,274.0,,204.0,False,ULTRASOFT,7.0,False,Williams,0 days 01:02:26.212000,2018-03-23 05:58:33.585,1,,False,,False,False,,
349,0 days 01:12:08.397000,STR,18,0 days 00:02:03.272000,16.0,4.0,0 days 01:10:08.419000,0 days 01:11:53.457000,41.154,27.601,54.517,0 days 01:10:46.279000,0 days 01:11:13.880000,0 days 01:12:08.397000,248.0,270.0,,207.0,False,ULTRASOFT,9.0,False,Williams,0 days 01:10:05.125000,2018-03-23 06:06:12.498,1,,False,,False,False,123.272,123.27199999999999
350,0 days 01:14:18.227000,STR,18,0 days 00:02:09.830000,17.0,5.0,0 days 01:12:12.260000,0 days 01:13:57.671000,49.107,24.547,56.176,0 days 01:12:57.504000,0 days 01:13:22.051000,0 days 01:14:18.227000,265.0,282.0,,216.0,False,ULTRASOFT,10.0,False,Williams,0 days 01:12:08.397000,2018-03-23 06:08:15.770,1,,False,,False,False,129.83,129.82999999999998
351,0 days 01:15:53.256000,STR,18,0 days 00:01:35.029000,18.0,6.0,0 days 01:14:20.969000,,35.578,23.91,35.541,0 days 01:14:53.805000,0 days 01:15:17.715000,0 days 01:15:53.256000,264.0,285.0,,286.0,False,SOFT,2.0,False,Williams,0 days 01:14:18.227000,2018-03-23 06:10:25.600,1,,False,,False,False,95.029,95.029
352,0 days 01:17:23.255000,STR,18,0 days 00:01:29.999000,19.0,6.0,,,29.619,24.197,36.183,0 days 01:16:22.875000,0 days 01:16:47.072000,0 days 01:17:23.255000,265.0,286.0,275.0,,False,SOFT,3.0,False,Williams,0 days 01:15:53.256000,2018-03-23 06:12:00.629,1,,False,,False,True,89.999,89.999
353,0 days 01:18:53.910000,STR,18,0 days 00:01:30.655000,20.0,6.0,,,30.039,24.311,36.305,0 days 01:17:53.294000,0 days 01:18:17.605000,0 days 01:18:53.910000,267.0,285.0,276.0,283.0,False,SOFT,4.0,False,Williams,0 days 01:17:23.255000,2018-03-23 06:13:30.628,12,,False,,False,True,90.655,90.655
354,0 days 01:20:24.978000,STR,18,0 days 00:01:31.068000,21.0,6.0,,,30.346,24.36,36.362,0 days 01:19:24.256000,0 days 01:19:48.616000,0 days 01:20:24.978000,262.0,284.0,277.0,282.0,False,SOFT,5.0,False,Williams,0 days 01:18:53.910000,2018-03-23 06:15:01.283,1,,False,,False,True,91.068,91.06800000000001
355,0 days 01:21:55.706000,STR,18,0 days 00:01:30.728000,22.0,6.0,,,30.098,24.353,36.277,0 days 01:20:55.076000,0 days 01:21:19.429000,0 days 01:21:55.706000,266.0,283.0,277.0,274.0,False,SOFT,6.0,False,Williams,0 days 01:20:24.978000,2018-03-23 06:16:32.351,1,,False,,False,True,90.728,90.72800000000001
356,0 days 01:23:26.161000,STR,18,0 days 00:01:30.455000,23.0,6.0,,,29.919,24.247,36.289,0 days 01:22:25.625000,0 days 01:22:49.872000,0 days 01:23:26.161000,263.0,283.0,276.0,275.0,False,SOFT,7.0,False,Williams,0 days 01:21:55.706000,2018-03-23 06:18:03.079,1,,False,,False,True,90.455,90.455
357,0 days 01:24:57.946000,STR,18,0 days 00:01:31.785000,24.0,6.0,,,30.895,24.388,36.502,0 days 01:23:57.056000,0 days 01:24:21.444000,0 days 01:24:57.946000,265.0,285.0,279.0,284.0,False,SOFT,8.0,False,Williams,0 days 01:23:26.161000,2018-03-23 06:19:33.534,1,,False,,False,True,91.785,91.785
358,0 days 01:26:28.748000,STR,18,0 days 00:01:30.802000,25.0,6.0,,,30.15,24.375,36.277,0 days 01:25:28.096000,0 days 01:25:52.471000,0 days 01:26:28.748000,263.0,284.0,277.0,270.0,False,SOFT,9.0,False,Williams,0 days 01:24:57.946000,2018-03-23 06:21:05.319,1,,False,,False,True,90.802,90.80199999999999
359,0 days 01:27:59.460000,STR,18,0 days 00:01:30.712000,26.0,6.0,,,30.233,24.228,36.251,0 days 01:26:58.981000,0 days 01:27:23.209000,0 days 01:27:59.460000,266.0,283.0,,268.0,False,SOFT,10.0,False,Williams,0 days 01:26:28.748000,2018-03-23 06:22:36.121,1,,False,,False,True,90.712,90.71199999999999
360,0 days 01:29:29.704000,STR,18,0 days 00:01:30.244000,27.0,6.0,,,,24.082,36.132,,0 days 01:28:53.608000,0 days 01:29:29.830000,,284.0,278.0,,False,SOFT,11.0,False,Williams,0 days 01:27:59.460000,2018-03-23 06:24:06.833,1,,False,,False,False,90.244,
361,0 days 01:30:59.839000,STR,18,0 days 00:01:30.135000,28.0,6.0,,,30.061,24.137,35.937,0 days 01:29:59.765000,0 days 01:30:23.902000,0 days 01:30:59.839000,268.0,285.0,287.0,267.0,False,SOFT,12.0,False,Williams,0 days 01:29:29.704000,2018-03-23 06:25:37.077,1,,False,,False,True,90.135,90.13499999999999
362,0 days 01:32:29.900000,STR,18,0 days 00:01:30.061000,29.0,6.0,,,,24.067,36.04,,0 days 01:31:53.899000,0 days 01:32:30.002000,,286.0,277.0,,False,SOFT,13.0,False,Williams,0 days 01:30:59.839000,2018-03-23 06:27:07.212,1,,False,,False,False,90.061,
363,0 days 01:34:00.064000,STR,18,0 days 00:01:30.164000,30.0,6.0,,,30.015,24.094,36.055,0 days 01:32:59.915000,0 days 01:33:24.009000,0 days 01:34:00.064000,269.0,284.0,279.0,275.0,False,SOFT,14.0,False,Williams,0 days 01:32:29.900000,2018-03-23 06:28:37.273,1,,False,,False,True,90.164,90.164
364,0 days 01:36:43.425000,STR,18,,31.0,6.0,,,32.009,26.264,,0 days 01:34:32.150000,0 days 01:34:58.418000,,254.0,272.0,2.0,266.0,False,SOFT,15.0,False,Williams,0 days 01:34:00.064000,2018-03-23 06:30:07.437,1,,False,,False,False,,
365,0 days 01:40:25.796000,STR,18,,32.0,6.0,,0 days 01:40:25.796000,99.569,26.264,,0 days 01:38:23.149000,0 days 01:40:26.352000,,61.0,,,49.0,False,SOFT,16.0,False,Williams,0 days 01:36:43.425000,2018-03-23 06:32:50.798,12,,False,,False,False,,
366,0 days 00:09:13.658000,MAG,20,0 days 00:01:54.734000,1.0,,0 days 00:07:23.082000,,51.794,25.194,37.746,0 days 00:08:10.718000,0 days 00:08:35.940000,0 days 00:09:13.738000,246.0,262.0,293.0,207.0,False,nan,,True,Haas F1 Team,0 days 00:07:23.082000,2018-03-23 05:03:30.455,,,False,,False,False,114.734,114.73400000000001
367,0 days 00:10:41.070000,MAG,20,0 days 00:01:27.412000,2.0,1.0,,,28.952,23.679,34.781,0 days 00:09:42.610000,0 days 00:10:06.289000,0 days 00:10:41.070000,273.0,288.0,295.0,305.0,True,SOFT,1.0,True,Haas F1 Team,0 days 00:09:13.658000,2018-03-23 05:05:21.031,,,False,,False,False,87.412,87.412
368,0 days 00:12:08.111000,MAG,20,0 days 00:01:27.041000,3.0,1.0,,,28.753,23.617,34.671,0 days 00:11:09.823000,0 days 00:11:33.440000,0 days 00:12:08.111000,270.0,287.0,295.0,304.0,True,SOFT,2.0,True,Haas F1 Team,0 days 00:10:41.070000,2018-03-23 05:06:48.443,,,False,,False,False,87.041,87.041
369,0 days 00:13:45.515000,MAG,20,0 days 00:01:37.404000,4.0,1.0,,,30.123,23.992,43.289,0 days 00:12:38.234000,0 days 00:13:02.226000,0 days 00:13:45.515000,269.0,288.0,297.0,306.0,False,SOFT,3.0,True,Haas F1 Team,0 days 00:12:08.111000,2018-03-23 05:08:15.484,,,False,,False,False,97.404,97.404
370,0 days 00:15:23.053000,MAG,20,0 days 00:01:37.538000,5.0,1.0,,,36.736,25.009,35.793,0 days 00:14:22.251000,0 days 00:14:47.260000,0 days 00:15:23.053000,260.0,284.0,297.0,310.0,False,SOFT,4.0,True,Haas F1 Team,0 days 00:13:45.515000,2018-03-23 05:09:52.888,,,False,,False,False,97.538,97.538
371,0 days 00:16:54.801000,MAG,20,0 days 00:01:31.748000,6.0,1.0,,,29.409,23.841,38.498,0 days 00:15:52.462000,0 days 00:16:16.303000,0 days 00:16:54.801000,273.0,286.0,301.0,309.0,False,SOFT,5.0,True,Haas F1 Team,0 days 00:15:23.053000,2018-03-23 05:11:30.426,,,False,,False,False,91.748,91.74799999999999
372,0 days 00:18:22.060000,MAG,20,0 days 00:01:27.259000,7.0,1.0,,,28.605,23.694,34.96,0 days 00:17:23.406000,0 days 00:17:47.100000,0 days 00:18:22.060000,275.0,288.0,298.0,313.0,False,SOFT,6.0,True,Haas F1 Team,0 days 00:16:54.801000,2018-03-23 05:13:02.174,,,False,,False,False,87.259,87.259
373,0 days 00:19:59.110000,MAG,20,0 days 00:01:37.050000,8.0,1.0,,,34.476,24.673,37.901,0 days 00:18:56.536000,0 days 00:19:21.209000,0 days 00:19:59.110000,257.0,287.0,299.0,312.0,False,SOFT,7.0,True,Haas F1 Team,0 days 00:18:22.060000,2018-03-23 05:14:29.433,,,False,,False,False,97.05,97.05000000000001
374,0 days 00:21:30.182000,MAG,20,0 days 00:01:31.072000,9.0,1.0,,,28.895,25.512,36.665,0 days 00:20:28.005000,0 days 00:20:53.517000,0 days 00:21:30.182000,272.0,283.0,296.0,311.0,False,SOFT,8.0,True,Haas F1 Team,0 days 00:19:59.110000,2018-03-23 05:16:06.483,,,False,,False,False,91.072,91.072
375,0 days 00:56:51.354000,MAG,20,,10.0,1.0,,0 days 00:23:00.244000,28.755,23.735,,0 days 00:21:59.144000,0 days 00:22:22.694000,,271.0,287.0,,307.0,False,SOFT,9.0,True,Haas F1 Team,0 days 00:21:30.182000,2018-03-23 05:17:37.555,51,,False,,False,False,,
376,0 days 00:58:32.895000,MAG,20,0 days 00:01:41.541000,11.0,2.0,0 days 00:56:54.145000,,38.255,24.514,38.772,0 days 00:57:29.609000,0 days 00:57:54.123000,0 days 00:58:32.895000,251.0,270.0,292.0,206.0,False,ULTRASOFT,1.0,True,Haas F1 Team,0 days 00:56:54.145000,2018-03-23 05:53:01.518,1,,False,,False,False,101.541,101.541
377,0 days 00:59:58.141000,MAG,20,0 days 00:01:25.246000,12.0,2.0,,,28.077,23.165,34.004,0 days 00:59:00.972000,0 days 00:59:24.137000,0 days 00:59:58.141000,282.0,292.0,289.0,309.0,True,ULTRASOFT,2.0,True,Haas F1 Team,0 days 00:58:32.895000,2018-03-23 05:54:40.268,1,,False,,False,True,85.246,85.24600000000001
378,0 days 01:01:35.539000,MAG,20,0 days 00:01:37.398000,13.0,2.0,,,34.851,25.751,36.796,0 days 01:00:32.992000,0 days 01:00:58.743000,0 days 01:01:35.539000,243.0,268.0,287.0,258.0,False,ULTRASOFT,3.0,True,Haas F1 Team,0 days 00:59:58.141000,2018-03-23 05:56:05.514,1,,False,,False,True,97.398,97.398
379,0 days 01:03:13.225000,MAG,20,0 days 00:01:37.686000,14.0,2.0,,,33.688,25.074,38.924,0 days 01:02:09.227000,0 days 01:02:34.301000,0 days 01:03:13.225000,252.0,271.0,293.0,304.0,False,ULTRASOFT,4.0,True,Haas F1 Team,0 days 01:01:35.539000,2018-03-23 05:57:42.912,1,,False,,False,True,97.686,97.686
380,0 days 01:04:39.843000,MAG,20,0 days 00:01:26.618000,15.0,2.0,,,28.26,23.31,35.048,0 days 01:03:41.485000,0 days 01:04:04.795000,0 days 01:04:39.843000,281.0,289.0,279.0,311.0,False,ULTRASOFT,5.0,True,Haas F1 Team,0 days 01:03:13.225000,2018-03-23 05:59:20.598,1,,False,,False,True,86.618,86.618
381,0 days 01:14:50.970000,MAG,20,,16.0,2.0,,0 days 01:06:17.558000,36.635,25.458,,0 days 01:05:16.577000,0 days 01:05:42.447000,,244.0,262.0,,264.0,False,ULTRASOFT,6.0,True,Haas F1 Team,0 days 01:04:39.843000,2018-03-23 06:00:47.216,1,,False,,False,False,,
382,0 days 01:16:46.367000,MAG,20,0 days 00:01:55.397000,17.0,3.0,0 days 01:14:54.504000,,54.257,24.39,36.75,0 days 01:15:45.227000,0 days 01:16:09.617000,0 days 01:16:46.367000,264.0,284.0,278.0,157.0,False,ULTRASOFT,7.0,False,Haas F1 Team,0 days 01:14:50.970000,2018-03-23 06:10:58.343,1,,False,,False,False,115.397,115.39699999999999
383,0 days 01:18:18.376000,MAG,20,0 days 00:01:32.009000,18.0,3.0,,,30.765,24.559,36.685,0 days 01:17:17.132000,0 days 01:17:41.691000,0 days 01:18:18.376000,268.0,293.0,,301.0,False,ULTRASOFT,8.0,False,Haas F1 Team,0 days 01:16:46.367000,2018-03-23 06:12:53.740,12,,False,,False,True,92.009,92.009
384,0 days 01:19:55.004000,MAG,20,0 days 00:01:36.628000,19.0,3.0,,,34.529,25.103,36.996,0 days 01:18:52.905000,0 days 01:19:18.008000,0 days 01:19:55.004000,260.0,288.0,279.0,,False,ULTRASOFT,9.0,False,Haas F1 Team,0 days 01:18:18.376000,2018-03-23 06:14:25.749,1,,False,,False,True,96.628,96.62800000000001
385,0 days 01:21:25.895000,MAG,20,0 days 00:01:30.891000,20.0,3.0,,,30.17,24.33,36.391,0 days 01:20:25.174000,0 days 01:20:49.504000,0 days 01:21:25.895000,269.0,284.0,280.0,293.0,False,ULTRASOFT,10.0,False,Haas F1 Team,0 days 01:19:55.004000,2018-03-23 06:16:02.377,1,,False,,False,True,90.891,90.89099999999999
386,0 days 01:22:56.272000,MAG,20,0 days 00:01:30.377000,21.0,3.0,,,30.05,24.206,36.121,0 days 01:21:55.945000,0 days 01:22:20.151000,0 days 01:22:56.272000,268.0,284.0,280.0,289.0,False,ULTRASOFT,11.0,False,Haas F1 Team,0 days 01:21:25.895000,2018-03-23 06:17:33.268,1,,False,,False,True,90.377,90.37700000000001
387,0 days 01:24:26.728000,MAG,20,0 days 00:01:30.456000,22.0,3.0,,,29.88,24.325,36.251,0 days 01:23:26.152000,0 days 01:23:50.477000,0 days 01:24:26.728000,270.0,285.0,279.0,291.0,False,ULTRASOFT,12.0,False,Haas F1 Team,0 days 01:22:56.272000,2018-03-23 06:19:03.645,1,,False,,False,True,90.456,90.45599999999999
388,0 days 01:25:58.720000,MAG,20,0 days 00:01:31.992000,23.0,3.0,,,31.1,24.307,36.585,0 days 01:24:57.828000,0 days 01:25:22.135000,0 days 01:25:58.720000,271.0,288.0,281.0,279.0,False,ULTRASOFT,13.0,False,Haas F1 Team,0 days 01:24:26.728000,2018-03-23 06:20:34.101,1,,False,,False,True,91.992,91.99199999999999
389,0 days 01:27:47.485000,MAG,20,0 days 00:01:48.765000,24.0,3.0,,0 days 01:27:27.758000,29.818,24.264,54.683,0 days 01:26:28.538000,0 days 01:26:52.802000,0 days 01:27:47.485000,275.0,286.0,,291.0,False,ULTRASOFT,14.0,False,Haas F1 Team,0 days 01:25:58.720000,2018-03-23 06:22:06.093,1,,False,,False,False,108.765,108.765
390,0 days 01:29:35.333000,MAG,20,0 days 00:01:47.848000,25.0,4.0,0 days 01:27:50.478000,,47.709,24.19,35.949,0 days 01:28:35.194000,0 days 01:28:59.384000,0 days 01:29:35.333000,269.0,282.0,278.0,211.0,False,SOFT,11.0,False,Haas F1 Team,0 days 01:27:47.485000,2018-03-23 06:23:54.858,1,,False,,False,False,107.848,107.848
391,0 days 01:31:05.115000,MAG,20,0 days 00:01:29.782000,26.0,4.0,,,29.9,24.099,35.783,0 days 01:30:05.233000,0 days 01:30:29.332000,0 days 01:31:05.115000,266.0,282.0,278.0,284.0,False,SOFT,12.0,False,Haas F1 Team,0 days 01:29:35.333000,2018-03-23 06:25:42.706,1,,False,,False,True,89.782,89.782
392,0 days 01:32:34.277000,MAG,20,0 days 00:01:29.162000,27.0,4.0,,,29.615,23.989,35.558,0 days 01:31:34.730000,0 days 01:31:58.719000,0 days 01:32:34.277000,270.0,287.0,280.0,,False,SOFT,13.0,False,Haas F1 Team,0 days 01:31:05.115000,2018-03-23 06:27:12.488,1,,False,,False,True,89.162,89.162
393,0 days 01:34:03.620000,MAG,20,0 days 00:01:29.343000,28.0,4.0,,,29.748,24.044,35.551,0 days 01:33:04.025000,0 days 01:33:28.069000,0 days 01:34:03.620000,269.0,285.0,280.0,278.0,False,SOFT,14.0,False,Haas F1 Team,0 days 01:32:34.277000,2018-03-23 06:28:41.650,1,,False,,False,True,89.343,89.343
394,0 days 01:36:26.508000,MAG,20,0 days 00:02:22.888000,29.0,4.0,,,32.508,26.022,84.358,0 days 01:34:36.128000,0 days 01:35:02.150000,0 days 01:36:26.508000,214.0,261.0,,230.0,False,SOFT,15.0,False,Haas F1 Team,0 days 01:34:03.620000,2018-03-23 06:30:10.993,1,,False,,False,True,142.888,142.888
395,0 days 01:38:14.557000,MAG,20,,30.0,4.0,,0 days 01:38:14.557000,,28.225,,,0 days 01:37:33.479000,,,219.0,,,False,SOFT,16.0,False,Haas F1 Team,0 days 01:36:26.508000,2018-03-23 06:32:33.881,1,,False,,False,False,,
396,0 days 00:17:44.657000,HUL,27,0 days 00:02:07.534000,1.0,1.0,0 days 00:15:40.448000,,51.921,28.289,47.324,0 days 00:16:29.125000,0 days 00:16:57.673000,0 days 00:17:44.740000,230.0,246.0,296.0,199.0,False,SUPERSOFT,1.0,True,Renault,0 days 00:15:40.448000,2018-03-23 05:11:47.821,,,False,,False,False,127.534,127.534
397,0 days 00:19:11.033000,HUL,27,0 days 00:01:26.376000,2.0,1.0,,,28.572,23.487,34.317,0 days 00:18:13.229000,0 days 00:18:36.716000,0 days 00:19:11.033000,273.0,285.0,295.0,309.0,True,SUPERSOFT,2.0,True,Renault,0 days 00:17:44.657000,2018-03-23 05:13:52.030,,,False,,False,False,86.376,86.376
398,0 days 00:21:15.023000,HUL,27,0 days 00:02:03.990000,3.0,1.0,,,39.583,31.233,53.174,0 days 00:19:50.616000,0 days 00:20:21.849000,0 days 00:21:15.023000,166.0,219.0,297.0,226.0,False,SUPERSOFT,3.0,True,Renault,0 days 00:19:11.033000,2018-03-23 05:15:18.406,,,False,,False,False,123.99,123.99000000000001
399,0 days 00:22:41.110000,HUL,27,0 days 00:01:26.087000,4.0,1.0,,,28.471,23.341,34.275,0 days 00:21:43.494000,0 days 00:22:06.835000,0 days 00:22:41.110000,275.0,288.0,300.0,313.0,True,SUPERSOFT,4.0,True,Renault,0 days 00:21:15.023000,2018-03-23 05:17:22.396,,,False,,False,False,86.087,86.08699999999999
400,0 days 00:24:35.058000,HUL,27,0 days 00:01:53.948000,5.0,1.0,,,37.589,30.569,45.79,0 days 00:23:18.699000,0 days 00:23:49.268000,0 days 00:24:35.058000,173.0,241.0,296.0,241.0,False,SUPERSOFT,5.0,True,Renault,0 days 00:22:41.110000,2018-03-23 05:18:48.483,,,False,,False,False,113.948,113.94800000000001
401,0 days 00:26:01.293000,HUL,27,0 days 00:01:26.235000,6.0,1.0,,,28.508,23.315,34.412,0 days 00:25:03.566000,0 days 00:25:26.881000,0 days 00:26:01.293000,273.0,288.0,291.0,310.0,False,SUPERSOFT,6.0,True,Renault,0 days 00:24:35.058000,2018-03-23 05:20:42.431,,,False,,False,False,86.235,86.235
402,0 days 00:43:09.958000,HUL,27,,7.0,1.0,,0 days 00:27:36.589000,33.864,25.602,,0 days 00:26:35.176000,0 days 00:27:00.935000,,247.0,263.0,,242.0,False,SUPERSOFT,7.0,True,Renault,0 days 00:26:01.293000,2018-03-23 05:22:08.666,,,False,,False,False,,
403,0 days 00:45:09.045000,HUL,27,0 days 00:01:59.087000,8.0,2.0,0 days 00:43:19.034000,,43.018,23.387,46.371,0 days 00:43:52.976000,0 days 00:44:16.363000,0 days 00:45:02.734000,278.0,290.0,,310.0,False,ULTRASOFT,1.0,True,Renault,0 days 00:43:09.958000,2018-03-23 05:39:17.331,,,False,,False,False,119.087,112.77600000000001
404,0 days 00:46:34.516000,HUL,27,0 days 00:01:25.471000,9.0,2.0,,,,,34.013,,,0 days 00:46:41.065000,,,298.0,,True,ULTRASOFT,2.0,True,Renault,0 days 00:45:09.045000,2018-03-23 05:41:16.418,,,False,,False,False,85.471,
405,0 days 00:48:27.084000,HUL,27,0 days 00:01:52.568000,10.0,2.0,,,38.325,29.132,45.103,0 days 00:47:12.841000,0 days 00:47:41.973000,0 days 00:48:27.076000,275.0,231.0,,304.0,False,ULTRASOFT,3.0,True,Renault,0 days 00:46:34.516000,2018-03-23 05:42:41.889,,,False,,False,False,112.568,112.56
406,0 days 00:49:52.923000,HUL,27,0 days 00:01:25.839000,11.0,2.0,,,,23.218,34.175,,0 days 00:49:25.202000,0 days 00:49:59.433000,,285.0,292.0,,False,ULTRASOFT,4.0,True,Renault,0 days 00:48:27.084000,2018-03-23 05:44:34.457,,,False,,False,False,85.839,
407,0 days 01:02:23.583000,HUL,27,,12.0,2.0,,0 days 00:51:53.527000,36.629,,,0 days 00:50:35.866000,,,225.0,,,239.0,False,ULTRASOFT,5.0,True,Renault,0 days 00:49:52.923000,2018-03-23 05:46:00.296,51,,False,,False,False,,
408,0 days 01:04:18.848000,HUL,27,0 days 00:01:55.265000,13.0,3.0,0 days 01:02:27.147000,,55.43,24.121,35.714,0 days 01:03:19.013000,0 days 01:03:43.134000,0 days 01:04:18.848000,269.0,286.0,279.0,221.0,False,ULTRASOFT,6.0,False,Renault,0 days 01:02:27.147000,2018-03-23 05:58:34.520,1,,False,,False,False,115.265,115.265
409,0 days 01:05:48.669000,HUL,27,0 days 00:01:29.821000,14.0,3.0,,,29.777,24.055,35.989,0 days 01:04:48.625000,0 days 01:05:12.680000,0 days 01:05:48.669000,264.0,277.0,279.0,282.0,False,ULTRASOFT,7.0,False,Renault,0 days 01:04:18.848000,2018-03-23 06:00:26.221,1,,False,,False,True,89.821,89.821
410,0 days 01:07:19.751000,HUL,27,0 days 00:01:31.082000,15.0,3.0,,,29.863,24.262,36.957,0 days 01:06:18.532000,0 days 01:06:42.794000,0 days 01:07:19.751000,,283.0,282.0,286.0,False,ULTRASOFT,8.0,False,Renault,0 days 01:05:48.669000,2018-03-23 06:01:56.042,1,,False,,False,True,91.082,91.082
411,0 days 01:08:50.397000,HUL,27,0 days 00:01:30.646000,16.0,3.0,,,30.212,24.119,36.315,0 days 01:07:49.963000,0 days 01:08:14.082000,0 days 01:08:50.397000,267.0,287.0,281.0,289.0,False,ULTRASOFT,9.0,False,Renault,0 days 01:07:19.751000,2018-03-23 06:03:27.124,1,,False,,False,True,90.646,90.646
412,0 days 01:10:20.867000,HUL,27,0 days 00:01:30.470000,17.0,3.0,,,29.947,24.27,36.253,0 days 01:09:20.344000,0 days 01:09:44.614000,0 days 01:10:20.867000,,284.0,281.0,286.0,False,ULTRASOFT,10.0,False,Renault,0 days 01:08:50.397000,2018-03-23 06:04:57.770,1,,False,,False,True,90.47,90.47
413,0 days 01:11:51.889000,HUL,27,0 days 00:01:31.022000,18.0,3.0,,,29.976,24.41,36.636,0 days 01:10:50.843000,0 days 01:11:15.253000,0 days 01:11:51.889000,265.0,286.0,280.0,288.0,False,ULTRASOFT,11.0,False,Renault,0 days 01:10:20.867000,2018-03-23 06:06:28.240,1,,False,,False,True,91.022,91.02199999999999
414,0 days 01:13:22.335000,HUL,27,0 days 00:01:30.446000,19.0,3.0,,,29.855,24.332,36.259,0 days 01:12:21.744000,0 days 01:12:46.076000,0 days 01:13:22.335000,,285.0,281.0,287.0,False,ULTRASOFT,12.0,False,Renault,0 days 01:11:51.889000,2018-03-23 06:07:59.262,1,,False,,False,True,90.446,90.446
415,0 days 01:14:52.832000,HUL,27,0 days 00:01:30.497000,20.0,3.0,,,29.937,24.317,36.243,0 days 01:13:52.272000,0 days 01:14:16.589000,0 days 01:14:52.832000,262.0,284.0,279.0,289.0,False,ULTRASOFT,13.0,False,Renault,0 days 01:13:22.335000,2018-03-23 06:09:29.708,1,,False,,False,True,90.497,90.49700000000001
416,0 days 01:16:46.338000,HUL,27,0 days 00:01:53.506000,21.0,3.0,,0 days 01:16:22.370000,30.003,24.493,59.01,0 days 01:15:22.835000,0 days 01:15:47.328000,0 days 01:16:46.338000,267.0,288.0,,287.0,False,ULTRASOFT,14.0,False,Renault,0 days 01:14:52.832000,2018-03-23 06:11:00.205,1,,False,,False,False,113.506,113.506
417,0 days 01:18:21.854000,HUL,27,0 days 00:01:35.516000,22.0,3.0,0 days 01:16:49.755000,,35.487,23.989,36.04,0 days 01:17:21.825000,0 days 01:17:45.814000,0 days 01:18:21.854000,266.0,287.0,278.0,222.0,False,ULTRASOFT,15.0,False,Renault,0 days 01:16:46.338000,2018-03-23 06:12:53.711,12,,False,,False,False,95.516,95.51599999999999
418,0 days 01:19:51.581000,HUL,27,0 days 00:01:29.727000,23.0,4.0,,,29.771,23.985,35.971,0 days 01:18:51.625000,0 days 01:19:15.610000,0 days 01:19:51.581000,268.0,286.0,,291.0,False,SUPERSOFT,8.0,False,Renault,0 days 01:18:21.854000,2018-03-23 06:14:29.227,1,,False,,False,True,89.727,89.727
419,0 days 01:21:21.137000,HUL,27,0 days 00:01:29.556000,24.0,4.0,,,29.567,24.059,35.93,0 days 01:20:21.148000,0 days 01:20:45.207000,0 days 01:21:21.137000,267.0,282.0,,290.0,False,SUPERSOFT,9.0,False,Renault,0 days 01:19:51.581000,2018-03-23 06:15:58.954,1,,False,,False,True,89.556,89.55600000000001
420,0 days 01:22:51.262000,HUL,27,0 days 00:01:30.125000,25.0,4.0,,,29.699,24.253,36.173,0 days 01:21:50.836000,0 days 01:22:15.089000,0 days 01:22:51.262000,269.0,284.0,,293.0,False,SUPERSOFT,10.0,False,Renault,0 days 01:21:21.137000,2018-03-23 06:17:28.510,1,,False,,False,True,90.125,90.125
421,0 days 01:24:21.130000,HUL,27,0 days 00:01:29.868000,26.0,4.0,,,29.572,24.089,36.207,0 days 01:23:20.834000,0 days 01:23:44.923000,0 days 01:24:21.130000,272.0,288.0,280.0,,False,SUPERSOFT,11.0,False,Renault,0 days 01:22:51.262000,2018-03-23 06:18:58.635,1,,False,,False,True,89.868,89.868
422,0 days 01:25:53.765000,HUL,27,0 days 00:01:32.635000,27.0,4.0,,,29.75,24.042,38.843,0 days 01:24:50.880000,0 days 01:25:14.922000,0 days 01:25:53.765000,,287.0,279.0,292.0,False,SUPERSOFT,12.0,False,Renault,0 days 01:24:21.130000,2018-03-23 06:20:28.503,1,,False,,False,True,92.635,92.635
423,0 days 01:27:22.928000,HUL,27,0 days 00:01:29.163000,28.0,4.0,,,29.434,23.907,35.822,0 days 01:26:23.199000,0 days 01:26:47.106000,0 days 01:27:22.928000,,285.0,279.0,291.0,False,SUPERSOFT,13.0,False,Renault,0 days 01:25:53.765000,2018-03-23 06:22:01.138,1,,False,,False,True,89.163,89.16300000000001
424,0 days 01:28:52.864000,HUL,27,0 days 00:01:29.936000,29.0,4.0,,,30.021,24.11,35.805,0 days 01:27:52.949000,0 days 01:28:17.059000,0 days 01:28:52.864000,272.0,286.0,,291.0,False,SUPERSOFT,14.0,False,Renault,0 days 01:27:22.928000,2018-03-23 06:23:30.301,1,,False,,False,True,89.936,89.936
425,0 days 01:30:26.775000,HUL,27,0 days 00:01:33.911000,30.0,4.0,,,,24.272,40.114,,0 days 01:29:47.291000,0 days 01:30:27.271000,,288.0,280.0,,False,SUPERSOFT,15.0,False,Renault,0 days 01:28:52.864000,2018-03-23 06:25:00.237,1,,False,,False,False,93.911,
426,0 days 01:31:55.820000,HUL,27,0 days 00:01:29.045000,31.0,4.0,,,29.538,23.934,35.573,0 days 01:30:56.313000,0 days 01:31:20.247000,0 days 01:31:55.820000,270.0,286.0,280.0,289.0,False,SUPERSOFT,16.0,False,Renault,0 days 01:30:26.775000,2018-03-23 06:26:34.148,1,,False,,False,True,89.045,89.045
427,0 days 01:33:24.744000,HUL,27,0 days 00:01:28.924000,32.0,4.0,,,29.367,23.83,35.727,0 days 01:32:25.187000,0 days 01:32:49.017000,0 days 01:33:24.744000,,286.0,280.0,,False,SUPERSOFT,17.0,False,Renault,0 days 01:31:55.820000,2018-03-23 06:28:03.193,1,,False,,False,True,88.924,88.924
428,0 days 01:34:53.921000,HUL,27,0 days 00:01:29.177000,33.0,4.0,,,29.396,23.953,35.828,0 days 01:33:54.140000,0 days 01:34:18.093000,0 days 01:34:53.921000,,284.0,,253.0,False,SUPERSOFT,18.0,False,Renault,0 days 01:33:24.744000,2018-03-23 06:29:32.117,1,,False,,False,True,89.177,89.177
429,0 days 01:37:11.465000,HUL,27,0 days 00:02:17.544000,34.0,4.0,,,33.812,25.593,78.139,0 days 01:35:27.733000,0 days 01:35:53.326000,0 days 01:37:11.465000,240.0,276.0,125.0,,False,SUPERSOFT,19.0,False,Renault,0 days 01:34:53.921000,2018-03-23 06:31:01.294,1,,False,,False,True,137.544,137.54399999999998
430,0 days 01:39:11.158000,HUL,27,,35.0,4.0,,0 days 01:39:11.158000,35.742,33.875,,0 days 01:37:47.262000,0 days 01:38:21.140000,,217.0,186.0,,228.0,False,SUPERSOFT,20.0,False,Renault,0 days 01:37:11.465000,2018-03-23 06:33:18.838,12,,False,,False,False,,
431,0 days 00:11:23.248000,HAR,28,0 days 00:02:03.341000,1.0,1.0,0 days 00:09:22.946000,,45.326,29.727,48.288,0 days 00:10:05.260000,0 days 00:10:34.997000,0 days 00:11:23.615000,219.0,260.0,295.0,174.0,False,SUPERSOFT,1.0,True,Toro Rosso,0 days 00:09:22.946000,2018-03-23 05:05:30.319,,,False,,False,False,123.341,123.341
432,0 days 00:12:50.029000,HAR,28,0 days 00:01:26.781000,2.0,1.0,,,28.66,23.508,34.613,0 days 00:11:51.908000,0 days 00:12:15.416000,0 days 00:12:50.029000,278.0,289.0,295.0,310.0,True,SUPERSOFT,2.0,True,Toro Rosso,0 days 00:11:23.248000,2018-03-23 05:07:30.621,,,False,,False,False,86.781,86.781
433,0 days 00:14:38.294000,HAR,28,0 days 00:01:48.265000,3.0,1.0,,,35.552,28.235,44.478,0 days 00:13:25.581000,0 days 00:13:53.816000,0 days 00:14:38.294000,238.0,253.0,300.0,290.0,False,SUPERSOFT,3.0,True,Toro Rosso,0 days 00:12:50.029000,2018-03-23 05:08:57.402,,,False,,False,False,108.265,108.265
434,0 days 00:16:05.002000,HAR,28,0 days 00:01:26.708000,4.0,1.0,,,28.402,23.31,34.996,0 days 00:15:06.696000,0 days 00:15:30.006000,0 days 00:16:05.002000,279.0,287.0,301.0,314.0,True,SUPERSOFT,4.0,True,Toro Rosso,0 days 00:14:38.294000,2018-03-23 05:10:45.667,,,False,,False,False,86.708,86.708
435,0 days 00:17:59.445000,HAR,28,0 days 00:01:54.443000,5.0,1.0,,,35.382,31.752,47.309,0 days 00:16:40.384000,0 days 00:17:12.136000,0 days 00:17:59.445000,235.0,252.0,275.0,293.0,False,SUPERSOFT,5.0,True,Toro Rosso,0 days 00:16:05.002000,2018-03-23 05:12:12.375,,,False,,False,False,114.443,114.443
436,0 days 00:19:42.560000,HAR,28,0 days 00:01:43.115000,6.0,1.0,,,33.769,27.43,41.916,0 days 00:18:33.214000,0 days 00:19:00.644000,0 days 00:19:42.560000,257.0,271.0,297.0,264.0,False,SUPERSOFT,6.0,True,Toro Rosso,0 days 00:17:59.445000,2018-03-23 05:14:06.818,,,False,,False,False,103.115,103.115
437,0 days 00:21:11.022000,HAR,28,0 days 00:01:28.462000,7.0,1.0,,,28.55,23.305,36.607,0 days 00:20:11.110000,0 days 00:20:34.415000,0 days 00:21:11.022000,276.0,286.0,285.0,312.0,False,SUPERSOFT,7.0,True,Toro Rosso,0 days 00:19:42.560000,2018-03-23 05:15:49.933,,,False,,False,False,88.462,88.462
438,0 days 00:23:11.417000,HAR,28,0 days 00:02:00.395000,8.0,1.0,,,36.222,33.094,51.079,0 days 00:21:47.244000,0 days 00:22:20.338000,0 days 00:23:11.417000,239.0,218.0,294.0,292.0,False,SUPERSOFT,8.0,True,Toro Rosso,0 days 00:21:11.022000,2018-03-23 05:17:18.395,,,False,,False,False,120.395,120.39500000000001
439,0 days 00:24:38.646000,HAR,28,0 days 00:01:27.229000,9.0,1.0,,,28.563,23.363,35.303,0 days 00:23:39.980000,0 days 00:24:03.343000,0 days 00:24:38.646000,275.0,290.0,294.0,311.0,False,SUPERSOFT,9.0,True,Toro Rosso,0 days 00:23:11.417000,2018-03-23 05:19:18.790,,,False,,False,False,87.229,87.229
440,0 days 00:39:01.567000,HAR,28,,10.0,1.0,,0 days 00:26:13.143000,32.037,25.442,,0 days 00:25:10.703000,0 days 00:25:36.156000,,245.0,262.0,,298.0,False,SUPERSOFT,10.0,True,Toro Rosso,0 days 00:24:38.646000,2018-03-23 05:20:46.019,,,False,,False,False,,
441,0 days 00:40:53.935000,HAR,28,0 days 00:01:52.368000,11.0,2.0,0 days 00:39:04.250000,,42.686,27.615,42.067,0 days 00:39:44.253000,0 days 00:40:11.868000,0 days 00:40:53.935000,241.0,265.0,291.0,191.0,False,ULTRASOFT,1.0,True,Toro Rosso,0 days 00:39:01.567000,2018-03-23 05:35:08.940,,,False,,False,False,112.368,112.368
442,0 days 00:42:19.860000,HAR,28,0 days 00:01:25.925000,12.0,2.0,,,28.164,23.148,34.613,0 days 00:41:22.099000,0 days 00:41:45.247000,0 days 00:42:19.860000,277.0,289.0,292.0,308.0,True,ULTRASOFT,2.0,True,Toro Rosso,0 days 00:40:53.935000,2018-03-23 05:37:01.308,,,False,,False,False,85.925,85.925
443,0 days 00:44:06.898000,HAR,28,0 days 00:01:47.038000,13.0,2.0,,,34.046,30.432,42.56,0 days 00:42:53.906000,0 days 00:43:24.338000,0 days 00:44:06.898000,241.0,244.0,293.0,298.0,False,ULTRASOFT,3.0,True,Toro Rosso,0 days 00:42:19.860000,2018-03-23 05:38:27.233,,,False,,False,False,107.038,107.038
444,0 days 00:45:32.879000,HAR,28,0 days 00:01:25.981000,14.0,2.0,,,28.343,23.184,34.454,0 days 00:44:35.241000,0 days 00:44:58.425000,0 days 00:45:32.879000,277.0,289.0,289.0,310.0,False,ULTRASOFT,4.0,True,Toro Rosso,0 days 00:44:06.898000,2018-03-23 05:40:14.271,,,False,,False,False,85.981,85.981
445,0 days 00:56:22.719000,HAR,28,,15.0,2.0,,0 days 00:47:11.896000,32.929,26.633,,0 days 00:46:05.828000,0 days 00:46:32.440000,,239.0,258.0,,298.0,False,ULTRASOFT,5.0,True,Toro Rosso,0 days 00:45:32.879000,2018-03-23 05:41:40.252,51,,False,,False,False,,
446,0 days 00:58:38.680000,HAR,28,0 days 00:02:15.961000,16.0,3.0,0 days 00:56:26.546000,0 days 00:58:23.635000,50.311,28.129,57.521,0 days 00:57:13.030000,0 days 00:57:41.159000,0 days 00:58:38.680000,251.0,233.0,,203.0,False,ULTRASOFT,6.0,False,Toro Rosso,0 days 00:56:26.546000,2018-03-23 05:52:33.919,1,,False,,False,False,135.961,135.961
447,0 days 01:00:27.185000,HAR,28,0 days 00:01:48.505000,17.0,4.0,0 days 00:58:42.170000,,46.779,24.75,36.976,0 days 00:59:25.459000,0 days 00:59:50.209000,0 days 01:00:27.185000,265.0,284.0,274.0,214.0,False,ULTRASOFT,7.0,False,Toro Rosso,0 days 00:58:38.680000,2018-03-23 05:54:46.053,1,,False,,False,False,108.505,108.505
448,0 days 01:01:57.771000,HAR,28,0 days 00:01:30.586000,18.0,4.0,,,29.885,24.203,36.498,0 days 01:00:57.070000,0 days 01:01:21.273000,0 days 01:01:57.771000,262.0,285.0,275.0,279.0,False,ULTRASOFT,8.0,False,Toro Rosso,0 days 01:00:27.185000,2018-03-23 05:56:34.558,1,,False,,False,True,90.586,90.586
449,0 days 01:03:28.255000,HAR,28,0 days 00:01:30.484000,19.0,4.0,,,29.743,24.189,36.552,0 days 01:02:27.514000,0 days 01:02:51.703000,0 days 01:03:28.255000,266.0,284.0,275.0,280.0,False,ULTRASOFT,9.0,False,Toro Rosso,0 days 01:01:57.771000,2018-03-23 05:58:05.144,1,,False,,False,True,90.484,90.48400000000001
450,0 days 01:04:58.686000,HAR,28,0 days 00:01:30.431000,20.0,4.0,,,29.936,24.026,36.469,0 days 01:03:58.191000,0 days 01:04:22.217000,0 days 01:04:58.686000,264.0,280.0,276.0,281.0,False,ULTRASOFT,10.0,False,Toro Rosso,0 days 01:03:28.255000,2018-03-23 05:59:35.628,1,,False,,False,True,90.431,90.43100000000001
451,0 days 01:06:29.023000,HAR,28,0 days 00:01:30.337000,21.0,4.0,,,29.653,24.061,36.623,0 days 01:05:28.339000,0 days 01:05:52.400000,0 days 01:06:29.023000,,277.0,277.0,282.0,False,ULTRASOFT,11.0,False,Toro Rosso,0 days 01:04:58.686000,2018-03-23 06:01:06.059,1,,False,,False,True,90.337,90.33699999999999
452,0 days 01:08:00.580000,HAR,28,0 days 00:01:31.557000,22.0,4.0,,,30.107,24.471,36.979,0 days 01:06:59.130000,0 days 01:07:23.601000,0 days 01:08:00.580000,265.0,288.0,279.0,279.0,False,ULTRASOFT,12.0,False,Toro Rosso,0 days 01:06:29.023000,2018-03-23 06:02:36.396,1,,False,,False,True,91.557,91.557
453,0 days 01:09:31.008000,HAR,28,0 days 00:01:30.428000,23.0,4.0,,,29.873,24.116,36.439,0 days 01:08:30.453000,0 days 01:08:54.569000,0 days 01:09:31.008000,263.0,284.0,279.0,281.0,False,ULTRASOFT,13.0,False,Toro Rosso,0 days 01:08:00.580000,2018-03-23 06:04:07.953,1,,False,,False,True,90.428,90.428
454,0 days 01:11:01.705000,HAR,28,0 days 00:01:30.697000,24.0,4.0,,,29.948,24.152,36.597,0 days 01:10:00.956000,0 days 01:10:25.108000,0 days 01:11:01.705000,,285.0,279.0,276.0,False,ULTRASOFT,14.0,False,Toro Rosso,0 days 01:09:31.008000,2018-03-23 06:05:38.381,1,,False,,False,True,90.697,90.697
455,0 days 01:12:33.121000,HAR,28,0 days 00:01:31.416000,25.0,4.0,,,30.02,24.328,37.068,0 days 01:11:31.725000,0 days 01:11:56.053000,0 days 01:12:33.121000,266.0,284.0,281.0,284.0,False,ULTRASOFT,15.0,False,Toro Rosso,0 days 01:11:01.705000,2018-03-23 06:07:09.078,1,,False,,False,True,91.416,91.416
456,0 days 01:14:21.639000,HAR,28,0 days 00:01:48.518000,26.0,4.0,,0 days 01:14:02.296000,29.799,24.236,54.483,0 days 01:13:02.920000,0 days 01:13:27.156000,0 days 01:14:21.639000,265.0,286.0,,281.0,False,ULTRASOFT,16.0,False,Toro Rosso,0 days 01:12:33.121000,2018-03-23 06:08:40.494,1,,False,,False,False,108.518,108.518
457,0 days 01:16:03.112000,HAR,28,0 days 00:01:41.473000,27.0,5.0,0 days 01:14:24.969000,,37.164,26.641,37.668,0 days 01:14:58.803000,0 days 01:15:25.444000,0 days 01:16:03.112000,256.0,282.0,278.0,222.0,False,SUPERSOFT,11.0,False,Toro Rosso,0 days 01:14:21.639000,2018-03-23 06:10:29.012,1,,False,,False,False,101.473,101.473
458,0 days 01:17:33.484000,HAR,28,0 days 00:01:30.372000,28.0,5.0,,,29.8,24.131,36.441,0 days 01:16:32.912000,0 days 01:16:57.043000,0 days 01:17:33.484000,262.0,283.0,294.0,279.0,False,SUPERSOFT,12.0,False,Toro Rosso,0 days 01:16:03.112000,2018-03-23 06:12:10.485,1,,False,,False,True,90.372,90.372
459,0 days 01:19:04.536000,HAR,28,0 days 00:01:31.052000,29.0,5.0,,,30.467,24.102,36.483,0 days 01:18:03.951000,0 days 01:18:28.053000,0 days 01:19:04.536000,261.0,291.0,281.0,283.0,False,SUPERSOFT,13.0,False,Toro Rosso,0 days 01:17:33.484000,2018-03-23 06:13:40.857,12,,False,,False,True,91.052,91.05199999999999
460,0 days 01:20:34.974000,HAR,28,0 days 00:01:30.438000,30.0,5.0,,,29.884,24.26,36.294,0 days 01:19:34.420000,0 days 01:19:58.680000,0 days 01:20:34.974000,265.0,283.0,278.0,279.0,False,SUPERSOFT,14.0,False,Toro Rosso,0 days 01:19:04.536000,2018-03-23 06:15:11.909,1,,False,,False,True,90.438,90.438
461,0 days 01:22:04.744000,HAR,28,0 days 00:01:29.770000,31.0,5.0,,,29.554,24.216,36.0,0 days 01:21:04.528000,0 days 01:21:28.744000,0 days 01:22:04.744000,262.0,281.0,282.0,,False,SUPERSOFT,15.0,False,Toro Rosso,0 days 01:20:34.974000,2018-03-23 06:16:42.347,1,,False,,False,True,89.77,89.77
462,0 days 01:23:36.006000,HAR,28,0 days 00:01:31.262000,32.0,5.0,,,29.952,24.004,37.306,0 days 01:22:34.696000,0 days 01:22:58.700000,0 days 01:23:36.006000,266.0,284.0,292.0,287.0,False,SUPERSOFT,16.0,False,Toro Rosso,0 days 01:22:04.744000,2018-03-23 06:18:12.117,1,,False,,False,True,91.262,91.262
463,0 days 01:25:08.930000,HAR,28,0 days 00:01:32.924000,33.0,5.0,,,30.939,24.9,37.085,0 days 01:24:06.945000,0 days 01:24:31.845000,0 days 01:25:08.930000,268.0,285.0,291.0,275.0,False,SUPERSOFT,17.0,False,Toro Rosso,0 days 01:23:36.006000,2018-03-23 06:19:43.379,1,,False,,False,True,92.924,92.924
464,0 days 01:26:38.529000,HAR,28,0 days 00:01:29.599000,34.0,5.0,,,29.602,23.983,36.014,0 days 01:25:38.532000,0 days 01:26:02.515000,0 days 01:26:38.529000,262.0,277.0,288.0,299.0,False,SUPERSOFT,18.0,False,Toro Rosso,0 days 01:25:08.930000,2018-03-23 06:21:16.303,1,,False,,False,True,89.599,89.599
465,0 days 01:28:07.795000,HAR,28,0 days 00:01:29.266000,35.0,5.0,,,29.342,24.003,35.921,0 days 01:27:07.871000,0 days 01:27:31.874000,0 days 01:28:07.795000,266.0,284.0,283.0,293.0,False,SUPERSOFT,19.0,False,Toro Rosso,0 days 01:26:38.529000,2018-03-23 06:22:45.902,1,,False,,False,True,89.266,89.26599999999999
466,0 days 01:29:40.411000,HAR,28,0 days 00:01:32.616000,36.0,5.0,,,29.55,24.019,39.047,0 days 01:28:37.345000,0 days 01:29:01.364000,0 days 01:29:40.411000,271.0,288.0,284.0,285.0,False,SUPERSOFT,20.0,False,Toro Rosso,0 days 01:28:07.795000,2018-03-23 06:24:15.168,1,,False,,False,True,92.616,92.616
467,0 days 01:31:09.856000,HAR,28,0 days 00:01:29.445000,37.0,5.0,,,29.375,24.044,36.026,0 days 01:30:09.786000,0 days 01:30:33.830000,0 days 01:31:09.856000,270.0,284.0,282.0,280.0,False,SUPERSOFT,21.0,False,Toro Rosso,0 days 01:29:40.411000,2018-03-23 06:25:47.784,1,,False,,False,True,89.445,89.445
468,0 days 01:32:58.022000,HAR,28,0 days 00:01:48.166000,38.0,5.0,,0 days 01:32:39.408000,30.028,23.974,54.164,0 days 01:31:39.884000,0 days 01:32:03.858000,0 days 01:32:58.022000,269.0,286.0,,284.0,False,SUPERSOFT,22.0,False,Toro Rosso,0 days 01:31:09.856000,2018-03-23 06:27:17.229,1,,False,,False,False,108.166,108.166
469,0 days 01:34:33.876000,HAR,28,0 days 00:01:35.854000,39.0,6.0,0 days 01:33:01.084000,,35.507,24.156,36.191,0 days 01:33:33.529000,0 days 01:33:57.685000,0 days 01:34:33.876000,267.0,282.0,281.0,225.0,False,ULTRASOFT,17.0,False,Toro Rosso,0 days 01:32:58.022000,2018-03-23 06:29:05.395,1,,False,,False,False,95.854,95.854
470,0 days 01:37:03.043000,HAR,28,0 days 00:02:29.167000,40.0,6.0,,,36.277,26.782,85.777,0 days 01:35:10.153000,0 days 01:35:36.935000,0 days 01:37:02.712000,214.0,286.0,,238.0,False,ULTRASOFT,18.0,False,Toro Rosso,0 days 01:34:33.876000,2018-03-23 06:30:41.249,1,,False,,False,False,149.167,148.836
471,0 days 00:11:57.704000,OCO,31,0 days 00:01:41.324000,1.0,1.0,0 days 00:10:19.320000,,39.7,24.567,37.057,0 days 00:10:56.080000,0 days 00:11:20.686000,0 days 00:11:58.073000,257.0,292.0,296.0,194.0,False,SOFT,1.0,True,Force India,0 days 00:10:19.320000,2018-03-23 05:06:26.693,,,False,,False,False,101.324,101.324
472,0 days 00:13:28.514000,OCO,31,0 days 00:01:30.810000,2.0,1.0,,,28.681,23.588,38.541,0 days 00:12:26.385000,0 days 00:12:49.973000,0 days 00:13:28.514000,280.0,295.0,267.0,313.0,True,SOFT,2.0,True,Force India,0 days 00:11:57.704000,2018-03-23 05:08:05.077,,,False,,False,False,90.81,90.81
473,0 days 00:15:06.309000,OCO,31,0 days 00:01:37.795000,3.0,1.0,,,32.51,26.582,38.703,0 days 00:14:01.024000,0 days 00:14:27.606000,0 days 00:15:06.309000,259.0,275.0,300.0,244.0,False,SOFT,3.0,True,Force India,0 days 00:13:28.514000,2018-03-23 05:09:35.887,,,False,,False,False,97.795,97.795
474,0 days 00:24:51.743000,OCO,31,,4.0,1.0,,0 days 00:16:54.141000,41.577,29.219,,0 days 00:15:48.381000,0 days 00:16:17.123000,,212.0,245.0,,317.0,False,SOFT,4.0,True,Force India,0 days 00:15:06.309000,2018-03-23 05:11:13.682,,,False,,False,False,,
475,0 days 00:26:30.779000,OCO,31,0 days 00:01:39.036000,5.0,2.0,0 days 00:24:54.796000,,37.286,24.337,37.413,0 days 00:25:29.029000,0 days 00:25:53.366000,0 days 00:26:30.779000,264.0,290.0,287.0,220.0,False,SOFT,5.0,False,Force India,0 days 00:24:51.743000,2018-03-23 05:20:59.116,,,False,,False,False,99.036,99.036
476,0 days 00:28:01.818000,OCO,31,0 days 00:01:31.039000,6.0,2.0,,,29.955,24.302,36.782,0 days 00:27:00.734000,0 days 00:27:25.036000,0 days 00:28:01.818000,275.0,289.0,291.0,283.0,False,SOFT,6.0,False,Force India,0 days 00:26:30.779000,2018-03-23 05:22:38.152,,,False,,False,False,91.039,91.03899999999999
477,0 days 00:29:28.853000,OCO,31,0 days 00:01:27.035000,7.0,2.0,,,28.844,23.494,34.697,0 days 00:28:30.662000,0 days 00:28:54.156000,0 days 00:29:28.853000,278.0,292.0,289.0,310.0,True,SOFT,7.0,False,Force India,0 days 00:28:01.818000,2018-03-23 05:24:09.191,,,False,,False,False,87.035,87.035
478,0 days 00:31:12.745000,OCO,31,0 days 00:01:43.892000,8.0,2.0,,,34.906,27.629,41.357,0 days 00:30:03.759000,0 days 00:30:31.388000,0 days 00:31:12.745000,217.0,275.0,291.0,247.0,False,SOFT,8.0,False,Force India,0 days 00:29:28.853000,2018-03-23 05:25:36.226,,,False,,False,False,103.892,103.892
479,0 days 00:32:39.693000,OCO,31,0 days 00:01:26.948000,9.0,2.0,,,28.82,23.628,34.5,0 days 00:31:41.565000,0 days 00:32:05.193000,0 days 00:32:39.693000,276.0,289.0,291.0,309.0,True,SOFT,9.0,False,Force India,0 days 00:31:12.745000,2018-03-23 05:27:20.118,,,False,,False,False,86.948,86.94800000000001
480,0 days 00:48:22.561000,OCO,31,,10.0,2.0,,0 days 00:34:16.768000,35.375,25.498,,0 days 00:33:15.087000,0 days 00:33:40.588000,,253.0,276.0,,214.0,False,SOFT,10.0,False,Force India,0 days 00:32:39.693000,2018-03-23 05:28:47.066,,,False,,False,False,,
481,0 days 00:50:05.321000,OCO,31,0 days 00:01:42.760000,11.0,3.0,0 days 00:48:25.401000,,36.665,26.197,39.898,0 days 00:48:59.226000,0 days 00:49:25.423000,0 days 00:50:05.321000,266.0,250.0,295.0,217.0,False,ULTRASOFT,1.0,True,Force India,0 days 00:48:22.561000,2018-03-23 05:44:29.934,,,False,,False,False,102.76,102.75999999999999
482,0 days 00:56:34.981000,OCO,31,,12.0,3.0,,0 days 00:51:50.670000,28.443,,,0 days 00:50:34.286000,,,278.0,,,314.0,False,ULTRASOFT,2.0,True,Force India,0 days 00:50:05.321000,2018-03-23 05:46:12.694,51,,False,,False,False,,
483,0 days 00:58:12.369000,OCO,31,0 days 00:01:37.388000,13.0,4.0,0 days 00:56:37.768000,,36.575,24.454,36.359,0 days 00:57:11.556000,0 days 00:57:36.010000,0 days 00:58:12.369000,264.0,287.0,286.0,224.0,False,ULTRASOFT,3.0,False,Force India,0 days 00:56:37.768000,2018-03-23 05:52:45.141,1,,False,,False,False,97.388,97.388
484,0 days 00:59:43.755000,OCO,31,0 days 00:01:31.386000,14.0,4.0,,,29.758,24.289,37.339,0 days 00:58:42.127000,0 days 00:59:06.416000,0 days 00:59:43.755000,272.0,288.0,292.0,304.0,False,ULTRASOFT,4.0,False,Force India,0 days 00:58:12.369000,2018-03-23 05:54:19.742,1,,False,,False,True,91.386,91.386
485,0 days 01:01:09.672000,OCO,31,0 days 00:01:25.917000,15.0,4.0,,,28.354,23.365,34.198,0 days 01:00:12.109000,0 days 01:00:35.474000,0 days 01:01:09.672000,280.0,295.0,294.0,311.0,True,ULTRASOFT,5.0,False,Force India,0 days 00:59:43.755000,2018-03-23 05:55:51.128,1,,False,,False,True,85.917,85.917
486,0 days 01:02:59.516000,OCO,31,0 days 00:01:49.844000,16.0,4.0,,,37.415,29.913,42.516,0 days 01:01:47.087000,0 days 01:02:17,0 days 01:02:59.516000,197.0,270.0,295.0,228.0,False,ULTRASOFT,6.0,False,Force India,0 days 01:01:09.672000,2018-03-23 05:57:17.045,1,,False,,False,True,109.844,109.844
487,0 days 01:04:25.404000,OCO,31,0 days 00:01:25.888000,17.0,4.0,,,28.4,23.36,34.128,0 days 01:03:27.916000,0 days 01:03:51.276000,0 days 01:04:25.404000,281.0,290.0,292.0,313.0,True,ULTRASOFT,7.0,False,Force India,0 days 01:02:59.516000,2018-03-23 05:59:06.889,1,,False,,False,True,85.888,85.888
488,0 days 01:13:28.398000,OCO,31,,18.0,4.0,,0 days 01:06:03.582000,35.097,25.78,,0 days 01:05:01.664000,0 days 01:05:26.282000,,249.0,268.0,,218.0,False,ULTRASOFT,8.0,False,Force India,0 days 01:04:25.404000,2018-03-23 06:00:32.777,1,,False,,False,False,,
489,0 days 01:15:23.444000,OCO,31,0 days 00:01:55.046000,19.0,5.0,0 days 01:13:31.800000,,53.935,24.534,36.577,0 days 01:14:22.333000,0 days 01:14:46.867000,0 days 01:15:23.444000,260.0,283.0,279.0,212.0,False,ULTRASOFT,9.0,False,Force India,0 days 01:13:28.398000,2018-03-23 06:09:35.771,1,,False,,False,False,115.046,115.04599999999999
490,0 days 01:16:56.678000,OCO,31,0 days 00:01:33.234000,20.0,5.0,,,31.331,24.423,37.48,0 days 01:15:54.775000,0 days 01:16:19.198000,0 days 01:16:56.678000,270.0,291.0,280.0,292.0,False,ULTRASOFT,10.0,False,Force India,0 days 01:15:23.444000,2018-03-23 06:11:30.817,1,,False,,False,True,93.234,93.234
491,0 days 01:18:27.322000,OCO,31,0 days 00:01:30.644000,21.0,5.0,,,29.818,24.386,36.44,0 days 01:17:26.496000,0 days 01:17:50.882000,0 days 01:18:27.322000,271.0,289.0,281.0,298.0,False,ULTRASOFT,11.0,False,Force India,0 days 01:16:56.678000,2018-03-23 06:13:04.051,12,,False,,False,True,90.644,90.644
492,0 days 01:19:58.253000,OCO,31,0 days 00:01:30.931000,22.0,5.0,,,30.045,24.558,36.328,0 days 01:18:57.367000,0 days 01:19:21.925000,0 days 01:19:58.253000,269.0,290.0,282.0,301.0,False,ULTRASOFT,12.0,False,Force India,0 days 01:18:27.322000,2018-03-23 06:14:34.695,1,,False,,False,True,90.931,90.93100000000001
493,0 days 01:21:31.622000,OCO,31,0 days 00:01:33.369000,23.0,5.0,,,30.143,24.605,38.621,0 days 01:20:28.396000,0 days 01:20:53.001000,0 days 01:21:31.622000,267.0,290.0,279.0,302.0,False,ULTRASOFT,13.0,False,Force India,0 days 01:19:58.253000,2018-03-23 06:16:05.626,1,,False,,False,True,93.369,93.369
494,0 days 01:23:02.012000,OCO,31,0 days 00:01:30.390000,24.0,5.0,,,29.82,24.337,36.233,0 days 01:22:01.442000,0 days 01:22:25.779000,0 days 01:23:02.012000,,284.0,279.0,299.0,False,ULTRASOFT,14.0,False,Force India,0 days 01:21:31.622000,2018-03-23 06:17:38.995,1,,False,,False,True,90.39,90.38999999999999
495,0 days 01:24:32.005000,OCO,31,0 days 00:01:29.993000,25.0,5.0,,,29.824,24.197,35.972,0 days 01:23:31.836000,0 days 01:23:56.033000,0 days 01:24:32.005000,272.0,286.0,280.0,300.0,False,ULTRASOFT,15.0,False,Force India,0 days 01:23:02.012000,2018-03-23 06:19:09.385,1,,False,,False,True,89.993,89.993
496,0 days 01:26:20.822000,OCO,31,0 days 00:01:48.817000,26.0,5.0,,0 days 01:26:01.337000,29.957,24.32,54.54,0 days 01:25:01.962000,0 days 01:25:26.282000,0 days 01:26:20.822000,270.0,287.0,,,False,ULTRASOFT,16.0,False,Force India,0 days 01:24:32.005000,2018-03-23 06:20:39.378,1,,False,,False,False,108.817,108.81700000000001
497,0 days 01:27:57.393000,OCO,31,0 days 00:01:36.571000,27.0,6.0,0 days 01:26:23.627000,,36.39,24.211,35.97,0 days 01:26:57.212000,0 days 01:27:21.423000,0 days 01:27:57.393000,272.0,286.0,279.0,224.0,False,SOFT,11.0,False,Force India,0 days 01:26:20.822000,2018-03-23 06:22:28.195,1,,False,,False,False,96.571,96.571
498,0 days 01:29:26.712000,OCO,31,0 days 00:01:29.319000,28.0,6.0,,,29.535,24.04,35.726,0 days 01:28:26.928000,0 days 01:28:50.968000,0 days 01:29:26.694000,273.0,287.0,,294.0,False,SOFT,12.0,False,Force India,0 days 01:27:57.393000,2018-03-23 06:24:04.766,1,,False,,False,False,89.319,89.301
499,0 days 01:30:55.942000,OCO,31,0 days 00:01:29.230000,29.0,6.0,,,29.535,24.022,35.673,,0 days 01:30:20.269000,0 days 01:30:55.942000,,286.0,,296.0,False,SOFT,13.0,False,Force India,0 days 01:29:26.712000,2018-03-23 06:25:34.085,1,,False,,False,True,89.23,89.23
500,0 days 01:32:25.481000,OCO,31,0 days 00:01:29.539000,30.0,6.0,,,29.56,24.017,35.962,0 days 01:31:25.502000,0 days 01:31:49.519000,0 days 01:32:25.481000,,288.0,278.0,,False,SOFT,14.0,False,Force India,0 days 01:30:55.942000,2018-03-23 06:27:03.315,1,,False,,False,True,89.539,89.539
501,0 days 01:33:54.983000,OCO,31,0 days 00:01:29.502000,31.0,6.0,,,29.638,24.005,35.859,0 days 01:32:55.119000,0 days 01:33:19.124000,0 days 01:33:54.983000,274.0,289.0,280.0,297.0,False,SOFT,15.0,False,Force India,0 days 01:32:25.481000,2018-03-23 06:28:32.854,1,,False,,False,True,89.502,89.50200000000001
502,0 days 01:36:17.073000,OCO,31,0 days 00:02:22.090000,32.0,6.0,,,36.333,25.922,79.835,0 days 01:34:31.316000,0 days 01:34:57.238000,0 days 01:36:17.073000,247.0,275.0,,193.0,False,SOFT,16.0,False,Force India,0 days 01:33:54.983000,2018-03-23 06:30:02.356,1,,False,,False,True,142.09,142.08999999999997
503,0 days 01:37:57.777000,OCO,31,,33.0,6.0,,0 days 01:37:57.777000,38.219,25.788,,0 days 01:36:55.320000,0 days 01:37:21.107000,,248.0,277.0,,,False,SOFT,17.0,False,Force India,0 days 01:36:17.073000,2018-03-23 06:32:24.446,1,,False,,False,False,,
504,0 days 00:12:15.818000,VER,33,0 days 00:01:42.167000,1.0,1.0,0 days 00:10:48.560000,,38.778,24.913,38.476,0 days 00:11:24.587000,0 days 00:11:49.634000,0 days 00:12:28.168000,261.0,278.0,297.0,208.0,False,SOFT,1.0,True,Red Bull Racing,0 days 00:10:48.560000,2018-03-23 05:06:55.933,,,False,,False,False,102.167,102.167
505,0 days 00:13:40.882000,VER,33,0 days 00:01:25.064000,2.0,1.0,,,28.283,23.016,33.765,0 days 00:12:44.101000,0 days 00:13:07.117000,0 days 00:13:40.882000,277.0,290.0,298.0,308.0,True,SOFT,2.0,True,Red Bull Racing,0 days 00:12:15.818000,2018-03-23 05:08:23.191,,,False,,False,False,85.064,85.064
506,0 days 00:15:34.970000,VER,33,0 days 00:01:54.088000,3.0,1.0,,,37.196,31.044,45.848,0 days 00:14:18.078000,0 days 00:14:49.122000,0 days 00:15:34.970000,226.0,250.0,298.0,262.0,False,SOFT,3.0,True,Red Bull Racing,0 days 00:13:40.882000,2018-03-23 05:09:48.255,,,False,,False,False,114.088,114.088
507,0 days 00:17:19.839000,VER,33,0 days 00:01:44.869000,4.0,1.0,,,32.524,29.024,43.321,0 days 00:16:07.494000,0 days 00:16:36.518000,0 days 00:17:19.839000,190.0,263.0,297.0,309.0,False,SOFT,4.0,True,Red Bull Racing,0 days 00:15:34.970000,2018-03-23 05:11:42.343,,,False,,False,False,104.869,104.869
508,0 days 00:18:44.538000,VER,33,0 days 00:01:24.699000,5.0,1.0,,,28.11,23.018,33.571,0 days 00:17:47.949000,0 days 00:18:10.967000,0 days 00:18:44.538000,276.0,286.0,296.0,,True,SOFT,5.0,True,Red Bull Racing,0 days 00:17:19.839000,2018-03-23 05:13:27.212,,,False,,False,False,84.699,84.699
509,0 days 00:20:49.122000,VER,33,0 days 00:02:04.584000,6.0,1.0,,,38.672,22.903,50.864,0 days 00:19:23.210000,0 days 00:19:46.113000,0 days 00:20:36.977000,276.0,286.0,,307.0,False,SOFT,6.0,True,Red Bull Racing,0 days 00:18:44.538000,2018-03-23 05:14:51.911,,,False,,False,False,124.584,112.439
510,0 days 00:22:13.523000,VER,33,0 days 00:01:24.401000,7.0,1.0,,,,,33.482,,,0 days 00:22:25.843000,,,294.0,,True,SOFT,7.0,True,Red Bull Racing,0 days 00:20:49.122000,2018-03-23 05:16:56.495,,,False,,False,False,84.401,
511,0 days 00:43:20.654000,VER,33,,8.0,1.0,,0 days 00:23:57.649000,31.318,25.068,,0 days 00:22:57.009000,0 days 00:23:22.073000,,243.0,266.0,,265.0,False,SOFT,8.0,True,Red Bull Racing,0 days 00:22:13.523000,2018-03-23 05:18:20.896,,,False,,False,False,,
512,0 days 00:45:10.791000,VER,33,0 days 00:01:50.137000,9.0,2.0,0 days 00:43:23.493000,,40.258,26.984,42.895,0 days 00:44:00.912000,0 days 00:44:27.896000,0 days 00:45:10.791000,228.0,259.0,291.0,207.0,False,ULTRASOFT,1.0,True,Red Bull Racing,0 days 00:43:20.654000,2018-03-23 05:39:28.027,,,False,,False,False,110.137,110.137
513,0 days 00:46:34.849000,VER,33,0 days 00:01:24.058000,10.0,2.0,,,27.906,22.782,33.37,0 days 00:45:38.697000,0 days 00:46:01.479000,0 days 00:46:34.849000,276.0,291.0,292.0,303.0,True,ULTRASOFT,2.0,True,Red Bull Racing,0 days 00:45:10.791000,2018-03-23 05:41:18.164,,,False,,False,False,84.058,84.05799999999999
514,0 days 01:01:07.480000,VER,33,,11.0,2.0,,0 days 00:48:10.447000,33.508,25.856,,0 days 00:47:08.789000,0 days 00:47:34.210000,,231.0,266.0,,252.0,False,ULTRASOFT,3.0,True,Red Bull Racing,0 days 00:46:34.849000,2018-03-23 05:42:42.222,51,,False,,False,False,,
515,0 days 01:03:00.454000,VER,33,0 days 00:01:52.974000,12.0,3.0,0 days 01:01:11.574000,,51.395,25.117,36.462,0 days 01:01:58.875000,0 days 01:02:23.992000,0 days 01:03:00.454000,255.0,268.0,285.0,207.0,False,ULTRASOFT,4.0,False,Red Bull Racing,0 days 01:01:11.574000,2018-03-23 05:57:18.947,1,,False,,False,False,112.974,112.974
516,0 days 01:04:28.755000,VER,33,0 days 00:01:28.301000,13.0,3.0,,,29.331,23.715,35.255,0 days 01:03:29.785000,0 days 01:03:53.500000,0 days 01:04:28.755000,273.0,285.0,281.0,285.0,False,ULTRASOFT,5.0,False,Red Bull Racing,0 days 01:03:00.454000,2018-03-23 05:59:07.827,1,,False,,False,True,88.301,88.301
517,0 days 01:05:57.781000,VER,33,0 days 00:01:29.026000,14.0,3.0,,,29.65,23.865,35.511,0 days 01:04:58.405000,0 days 01:05:22.270000,0 days 01:05:57.781000,258.0,278.0,282.0,271.0,False,ULTRASOFT,6.0,False,Red Bull Racing,0 days 01:04:28.755000,2018-03-23 06:00:36.128,1,,False,,False,True,89.026,89.02600000000001
518,0 days 01:07:26.814000,VER,33,0 days 00:01:29.033000,15.0,3.0,,,29.705,23.944,35.384,0 days 01:06:27.486000,0 days 01:06:51.430000,0 days 01:07:26.814000,261.0,277.0,280.0,280.0,False,ULTRASOFT,7.0,False,Red Bull Racing,0 days 01:05:57.781000,2018-03-23 06:02:05.154,1,,False,,False,True,89.033,89.033
519,0 days 01:08:55.954000,VER,33,0 days 00:01:29.140000,16.0,3.0,,,29.561,23.962,35.617,0 days 01:07:56.375000,0 days 01:08:20.337000,0 days 01:08:55.954000,262.0,281.0,280.0,281.0,False,ULTRASOFT,8.0,False,Red Bull Racing,0 days 01:07:26.814000,2018-03-23 06:03:34.187,1,,False,,False,True,89.14,89.13999999999999
520,0 days 01:10:27.794000,VER,33,0 days 00:01:31.840000,17.0,3.0,,,29.574,25.775,36.491,0 days 01:09:25.528000,0 days 01:09:51.303000,0 days 01:10:27.794000,264.0,274.0,279.0,280.0,False,ULTRASOFT,9.0,False,Red Bull Racing,0 days 01:08:55.954000,2018-03-23 06:05:03.327,1,,False,,False,True,91.84,91.84
521,0 days 01:11:56.806000,VER,33,0 days 00:01:29.012000,18.0,3.0,,,29.464,24.115,35.433,0 days 01:10:57.258000,0 days 01:11:21.373000,0 days 01:11:56.806000,263.0,283.0,281.0,287.0,False,ULTRASOFT,10.0,False,Red Bull Racing,0 days 01:10:27.794000,2018-03-23 06:06:35.167,1,,False,,False,True,89.012,89.012
522,0 days 01:13:25.688000,VER,33,0 days 00:01:28.882000,19.0,3.0,,,29.421,24.037,35.424,0 days 01:12:26.227000,0 days 01:12:50.264000,0 days 01:13:25.688000,262.0,283.0,282.0,280.0,False,ULTRASOFT,11.0,False,Red Bull Racing,0 days 01:11:56.806000,2018-03-23 06:08:04.179,1,,False,,False,True,88.882,88.882
523,0 days 01:14:54.726000,VER,33,0 days 00:01:29.038000,20.0,3.0,,,29.467,23.943,35.628,0 days 01:13:55.155000,0 days 01:14:19.098000,0 days 01:14:54.726000,264.0,285.0,283.0,285.0,False,ULTRASOFT,12.0,False,Red Bull Racing,0 days 01:13:25.688000,2018-03-23 06:09:33.061,1,,False,,False,True,89.038,89.038
524,0 days 01:16:42.684000,VER,33,0 days 00:01:47.958000,21.0,3.0,,0 days 01:16:23.650000,29.842,24.573,53.543,0 days 01:15:24.568000,0 days 01:15:49.141000,0 days 01:16:42.684000,271.0,288.0,,282.0,False,ULTRASOFT,13.0,False,Red Bull Racing,0 days 01:14:54.726000,2018-03-23 06:11:02.099,1,,False,,False,False,107.958,107.958
525,0 days 01:18:18.776000,VER,33,0 days 00:01:36.092000,22.0,3.0,0 days 01:16:45.483000,,36.088,23.92,36.084,0 days 01:17:18.772000,0 days 01:17:42.692000,0 days 01:18:18.776000,271.0,291.0,295.0,213.0,False,ULTRASOFT,14.0,False,Red Bull Racing,0 days 01:16:42.684000,2018-03-23 06:12:50.057,12,,False,,False,False,96.092,96.09200000000001
526,0 days 01:19:47.836000,VER,33,0 days 00:01:29.060000,23.0,4.0,,,29.681,23.954,35.425,0 days 01:18:48.457000,0 days 01:19:12.411000,0 days 01:19:47.836000,272.0,288.0,291.0,293.0,False,SOFT,9.0,False,Red Bull Racing,0 days 01:18:18.776000,2018-03-23 06:14:26.149,1,,False,,False,True,89.06,89.06
527,0 days 01:21:17.958000,VER,33,0 days 00:01:30.122000,24.0,4.0,,,29.755,24.022,36.345,0 days 01:20:17.591000,0 days 01:20:41.613000,0 days 01:21:17.958000,,291.0,292.0,297.0,False,SOFT,10.0,False,Red Bull Racing,0 days 01:19:47.836000,2018-03-23 06:15:55.209,1,,False,,False,True,90.122,90.122
528,0 days 01:22:47.009000,VER,33,0 days 00:01:29.051000,25.0,4.0,,,29.807,23.841,35.403,0 days 01:21:47.765000,0 days 01:22:11.606000,0 days 01:22:47.009000,263.0,281.0,278.0,275.0,False,SOFT,11.0,False,Red Bull Racing,0 days 01:21:17.958000,2018-03-23 06:17:25.331,1,,False,,False,True,89.051,89.05099999999999
529,0 days 01:24:15.888000,VER,33,0 days 00:01:28.879000,26.0,4.0,,,29.627,23.911,35.341,0 days 01:23:16.636000,0 days 01:23:40.547000,0 days 01:24:15.888000,266.0,281.0,280.0,278.0,False,SOFT,12.0,False,Red Bull Racing,0 days 01:22:47.009000,2018-03-23 06:18:54.382,1,,False,,False,True,88.879,88.87899999999999
530,0 days 01:25:44.509000,VER,33,0 days 00:01:28.621000,27.0,4.0,,,29.572,23.843,35.206,0 days 01:24:45.460000,0 days 01:25:09.303000,0 days 01:25:44.509000,262.0,278.0,279.0,265.0,False,SOFT,13.0,False,Red Bull Racing,0 days 01:24:15.888000,2018-03-23 06:20:23.261,1,,False,,False,True,88.621,88.62100000000001
531,0 days 01:27:12.817000,VER,33,0 days 00:01:28.308000,28.0,4.0,,,29.369,23.859,35.08,0 days 01:26:13.878000,0 days 01:26:37.737000,0 days 01:27:12.817000,265.0,279.0,,280.0,False,SOFT,14.0,False,Red Bull Racing,0 days 01:25:44.509000,2018-03-23 06:21:51.882,1,,False,,False,True,88.308,88.30799999999999
532,0 days 01:28:41.078000,VER,33,0 days 00:01:28.261000,29.0,4.0,,,,23.881,35.016,,0 days 01:28:06.736000,0 days 01:28:42.029000,,279.0,281.0,,False,SOFT,15.0,False,Red Bull Racing,0 days 01:27:12.817000,2018-03-23 06:23:20.190,1,,False,,False,False,88.261,
533,0 days 01:30:14.107000,VER,33,0 days 00:01:33.029000,30.0,4.0,,,29.318,23.95,39.761,0 days 01:29:10.396000,0 days 01:29:34.346000,0 days 01:30:14.107000,268.0,282.0,281.0,279.0,False,SOFT,16.0,False,Red Bull Racing,0 days 01:28:41.078000,2018-03-23 06:24:48.451,1,,False,,False,True,93.029,93.029
534,0 days 01:31:42.780000,VER,33,0 days 00:01:28.673000,31.0,4.0,,,29.186,24.186,35.301,0 days 01:30:43.293000,0 days 01:31:07.479000,0 days 01:31:42.780000,266.0,281.0,282.0,281.0,False,SOFT,17.0,False,Red Bull Racing,0 days 01:30:14.107000,2018-03-23 06:26:21.480,1,,False,,False,True,88.673,88.673
535,0 days 01:33:15.070000,VER,33,0 days 00:01:32.290000,32.0,4.0,,,30.006,24.759,37.525,0 days 01:32:12.786000,0 days 01:32:37.545000,0 days 01:33:15.070000,258.0,281.0,279.0,282.0,False,SOFT,18.0,False,Red Bull Racing,0 days 01:31:42.780000,2018-03-23 06:27:50.153,1,,False,,False,True,92.29,92.28999999999999
536,0 days 01:34:43.518000,VER,33,0 days 00:01:28.448000,33.0,4.0,,,29.255,23.869,35.324,0 days 01:33:44.325000,0 days 01:34:08.194000,0 days 01:34:43.518000,266.0,284.0,282.0,269.0,False,SOFT,19.0,False,Red Bull Racing,0 days 01:33:15.070000,2018-03-23 06:29:22.443,1,,False,,False,True,88.448,88.448
537,0 days 01:36:29.692000,VER,33,,34.0,4.0,,0 days 01:36:29.692000,33.095,29.313,,0 days 01:35:16.639000,0 days 01:35:45.954000,,192.0,210.0,,249.0,False,SOFT,20.0,False,Red Bull Racing,0 days 01:34:43.518000,2018-03-23 06:30:50.891,1,,False,,False,False,,
538,0 days 00:12:36.236000,SIR,35,0 days 00:01:53.636000,1.0,1.0,0 days 00:10:45.386000,,43.454,27.78,42.402,0 days 00:11:26.060000,0 days 00:11:53.841000,0 days 00:12:36.341000,244.0,274.0,291.0,198.0,False,ULTRASOFT,1.0,True,Williams,0 days 00:10:45.386000,2018-03-23 05:06:52.759,,,False,,False,False,113.636,113.63600000000001
539,0 days 00:14:03.073000,SIR,35,0 days 00:01:26.837000,2.0,1.0,,,28.497,23.382,34.958,0 days 00:13:04.733000,0 days 00:13:28.115000,0 days 00:14:03.073000,277.0,288.0,293.0,306.0,True,ULTRASOFT,2.0,True,Williams,0 days 00:12:36.236000,2018-03-23 05:08:43.609,,,False,,False,False,86.837,86.837
540,0 days 00:15:55.532000,SIR,35,0 days 00:01:52.459000,3.0,1.0,,,39.339,29.45,43.67,0 days 00:14:42.412000,0 days 00:15:11.862000,0 days 00:15:55.532000,165.0,257.0,296.0,262.0,False,ULTRASOFT,3.0,True,Williams,0 days 00:14:03.073000,2018-03-23 05:10:10.446,,,False,,False,False,112.459,112.459
541,0 days 00:17:22.477000,SIR,35,0 days 00:01:26.945000,4.0,1.0,,,28.566,23.775,34.604,0 days 00:16:24.098000,0 days 00:16:47.873000,0 days 00:17:22.477000,279.0,284.0,294.0,311.0,False,ULTRASOFT,4.0,True,Williams,0 days 00:15:55.532000,2018-03-23 05:12:02.905,,,False,,False,False,86.945,86.945
542,0 days 00:19:17.342000,SIR,35,0 days 00:01:54.865000,5.0,1.0,,,39.044,30.39,45.431,0 days 00:18:01.521000,0 days 00:18:31.911000,0 days 00:19:17.342000,194.0,259.0,300.0,280.0,False,ULTRASOFT,5.0,True,Williams,0 days 00:17:22.477000,2018-03-23 05:13:29.850,,,False,,False,False,114.865,114.865
543,0 days 00:20:44.587000,SIR,35,0 days 00:01:27.245000,6.0,1.0,,,28.734,23.558,34.953,0 days 00:19:46.076000,0 days 00:20:09.634000,0 days 00:20:44.587000,277.0,285.0,290.0,316.0,False,ULTRASOFT,6.0,True,Williams,0 days 00:19:17.342000,2018-03-23 05:15:24.715,,,False,,False,False,87.245,87.245
544,0 days 00:22:39.963000,SIR,35,0 days 00:01:55.376000,7.0,1.0,,,39.603,32.841,42.932,0 days 00:21:24.190000,0 days 00:21:57.031000,0 days 00:22:39.963000,222.0,260.0,291.0,275.0,False,ULTRASOFT,7.0,True,Williams,0 days 00:20:44.587000,2018-03-23 05:16:51.960,,,False,,False,False,115.376,115.376
545,0 days 00:24:06.553000,SIR,35,0 days 00:01:26.590000,8.0,1.0,,,28.461,23.486,34.643,0 days 00:23:08.424000,0 days 00:23:31.910000,0 days 00:24:06.553000,276.0,290.0,291.0,310.0,True,ULTRASOFT,8.0,True,Williams,0 days 00:22:39.963000,2018-03-23 05:18:47.336,,,False,,False,False,86.59,86.59
546,0 days 00:40:36.707000,SIR,35,,9.0,1.0,,0 days 00:25:48.954000,36.109,27.243,,0 days 00:24:42.684000,0 days 00:25:09.904000,,241.0,273.0,,275.0,False,ULTRASOFT,9.0,True,Williams,0 days 00:24:06.553000,2018-03-23 05:20:13.926,,,False,,False,False,,
547,0 days 00:42:30.985000,SIR,35,0 days 00:01:54.278000,10.0,2.0,0 days 00:40:39.477000,,42.324,29.36,42.594,0 days 00:41:19.031000,0 days 00:41:48.391000,0 days 00:42:30.985000,247.0,273.0,288.0,194.0,False,ULTRASOFT,1.0,True,Williams,0 days 00:40:36.707000,2018-03-23 05:36:44.080,,,False,,False,False,114.278,114.27799999999999
548,0 days 00:43:57.150000,SIR,35,0 days 00:01:26.165000,11.0,2.0,,,28.251,23.374,34.54,0 days 00:42:59.236000,0 days 00:43:22.610000,0 days 00:43:57.150000,279.0,291.0,288.0,307.0,True,ULTRASOFT,2.0,True,Williams,0 days 00:42:30.985000,2018-03-23 05:38:38.358,,,False,,False,False,86.165,86.16499999999999
549,0 days 00:45:48.953000,SIR,35,0 days 00:01:51.803000,12.0,2.0,,,38.392,30.441,42.97,0 days 00:44:35.542000,0 days 00:45:05.983000,0 days 00:45:48.953000,172.0,265.0,293.0,254.0,False,ULTRASOFT,3.0,True,Williams,0 days 00:43:57.150000,2018-03-23 05:40:04.523,,,False,,False,False,111.803,111.803
550,0 days 00:47:15.040000,SIR,35,0 days 00:01:26.087000,13.0,2.0,,,28.36,23.337,34.39,0 days 00:46:17.313000,0 days 00:46:40.650000,0 days 00:47:15.040000,278.0,290.0,288.0,310.0,True,ULTRASOFT,4.0,True,Williams,0 days 00:45:48.953000,2018-03-23 05:41:56.326,,,False,,False,False,86.087,86.087
551,0 days 00:49:07.618000,SIR,35,0 days 00:01:52.578000,14.0,2.0,,,37.988,31.206,43.384,0 days 00:47:53.028000,0 days 00:48:24.234000,0 days 00:49:07.618000,232.0,258.0,290.0,266.0,False,ULTRASOFT,5.0,True,Williams,0 days 00:47:15.040000,2018-03-23 05:43:22.413,,,False,,False,False,112.578,112.578
552,0 days 00:50:33.592000,SIR,35,0 days 00:01:25.974000,15.0,2.0,,,28.308,23.358,34.308,0 days 00:49:35.926000,0 days 00:49:59.284000,0 days 00:50:33.592000,277.0,286.0,291.0,306.0,True,ULTRASOFT,6.0,True,Williams,0 days 00:49:07.618000,2018-03-23 05:45:14.991,,,False,,False,False,85.974,85.97399999999999
553,0 days 01:03:29.584000,SIR,35,,16.0,2.0,,0 days 00:52:35.512000,,,,,,,,,,262.0,False,ULTRASOFT,7.0,True,Williams,0 days 00:50:33.592000,2018-03-23 05:46:40.965,51,,False,,False,False,,
554,0 days 01:06:00.816000,SIR,35,,17.0,3.0,0 days 01:03:29.584000,0 days 01:05:34.106000,56.669,28.409,69.928,0 days 01:04:22.479000,0 days 01:04:50.888000,0 days 01:06:00.926000,239.0,259.0,,199.0,False,ULTRASOFT,8.0,False,Williams,0 days 01:03:29.584000,2018-03-23 05:59:36.957,1,,False,,False,False,,155.006
555,0 days 01:07:58.463000,SIR,35,0 days 00:01:57.647000,18.0,4.0,0 days 01:06:05.708000,,56.112,24.843,36.692,0 days 01:06:56.928000,0 days 01:07:21.771000,0 days 01:07:58.463000,260.0,283.0,276.0,218.0,False,ULTRASOFT,9.0,False,Williams,0 days 01:06:00.816000,2018-03-23 06:02:08.189,1,,False,,False,False,117.647,117.64699999999999
556,0 days 01:09:29.071000,SIR,35,0 days 00:01:30.608000,19.0,4.0,,,30.007,24.159,36.442,0 days 01:08:28.470000,0 days 01:08:52.629000,0 days 01:09:29.071000,261.0,278.0,,292.0,False,ULTRASOFT,10.0,False,Williams,0 days 01:07:58.463000,2018-03-23 06:04:05.836,1,,False,,False,True,90.608,90.608
557,0 days 01:10:59.752000,SIR,35,0 days 00:01:30.681000,20.0,4.0,,,29.96,24.184,36.374,0 days 01:09:59.031000,0 days 01:10:23.215000,0 days 01:10:59.589000,269.0,280.0,,290.0,False,ULTRASOFT,11.0,False,Williams,0 days 01:09:29.071000,2018-03-23 06:05:36.444,1,,False,,False,False,90.681,90.518
558,0 days 01:12:31.148000,SIR,35,0 days 00:01:31.396000,21.0,4.0,,,29.96,24.503,36.933,,0 days 01:11:54.215000,0 days 01:12:31.148000,,285.0,282.0,,False,ULTRASOFT,12.0,False,Williams,0 days 01:10:59.752000,2018-03-23 06:07:07.125,1,,False,,False,True,91.396,91.396
559,0 days 01:14:05.941000,SIR,35,0 days 00:01:34.793000,22.0,4.0,,,30.206,26.434,38.153,0 days 01:13:01.354000,0 days 01:13:27.788000,0 days 01:14:05.941000,,276.0,278.0,297.0,False,ULTRASOFT,13.0,False,Williams,0 days 01:12:31.148000,2018-03-23 06:08:38.521,1,,False,,False,True,94.793,94.793
560,0 days 01:15:56.829000,SIR,35,0 days 00:01:50.888000,23.0,4.0,,0 days 01:15:36.554000,30.894,24.436,55.558,0 days 01:14:36.835000,0 days 01:15:01.271000,0 days 01:15:56.829000,262.0,283.0,,293.0,False,ULTRASOFT,14.0,False,Williams,0 days 01:14:05.941000,2018-03-23 06:10:13.314,1,,False,,False,False,110.888,110.888
561,0 days 01:17:39.545000,SIR,35,0 days 00:01:42.716000,24.0,5.0,0 days 01:15:59.728000,,41.351,24.567,36.798,0 days 01:16:38.180000,0 days 01:17:02.747000,0 days 01:17:39.545000,,286.0,280.0,202.0,False,SUPERSOFT,2.0,False,Williams,0 days 01:15:56.829000,2018-03-23 06:12:04.202,1,,False,,False,False,102.716,102.71600000000001
562,0 days 01:19:09.886000,SIR,35,0 days 00:01:30.341000,25.0,5.0,,,29.725,24.334,36.282,0 days 01:18:09.270000,0 days 01:18:33.604000,0 days 01:19:09.886000,266.0,283.0,279.0,279.0,False,SUPERSOFT,3.0,False,Williams,0 days 01:17:39.545000,2018-03-23 06:13:46.918,12,,False,,False,True,90.341,90.341
563,0 days 01:20:40.104000,SIR,35,0 days 00:01:30.218000,26.0,5.0,,,29.776,24.241,36.201,0 days 01:19:39.662000,0 days 01:20:03.903000,0 days 01:20:40.104000,268.0,284.0,279.0,292.0,False,SUPERSOFT,4.0,False,Williams,0 days 01:19:09.886000,2018-03-23 06:15:17.259,1,,False,,False,True,90.218,90.21799999999999
564,0 days 01:22:10.417000,SIR,35,0 days 00:01:30.313000,27.0,5.0,,,29.755,24.232,36.326,0 days 01:21:09.859000,0 days 01:21:34.091000,0 days 01:22:10.417000,267.0,282.0,280.0,290.0,False,SUPERSOFT,5.0,False,Williams,0 days 01:20:40.104000,2018-03-23 06:16:47.477,1,,False,,False,True,90.313,90.31299999999999
565,0 days 01:23:41.807000,SIR,35,0 days 00:01:31.390000,28.0,5.0,,,30.157,24.401,36.832,0 days 01:22:40.574000,0 days 01:23:04.975000,0 days 01:23:41.807000,,283.0,284.0,291.0,False,SUPERSOFT,6.0,False,Williams,0 days 01:22:10.417000,2018-03-23 06:18:17.790,1,,False,,False,True,91.39,91.39
566,0 days 01:25:13.144000,SIR,35,0 days 00:01:31.337000,29.0,5.0,,,30.341,24.516,36.48,0 days 01:24:12.148000,0 days 01:24:36.664000,0 days 01:25:13.144000,270.0,284.0,283.0,294.0,False,SUPERSOFT,7.0,False,Williams,0 days 01:23:41.807000,2018-03-23 06:19:49.180,1,,False,,False,True,91.337,91.33699999999999
567,0 days 01:26:44.002000,SIR,35,0 days 00:01:30.858000,30.0,5.0,,,29.909,24.348,36.601,0 days 01:25:43.053000,0 days 01:26:07.401000,0 days 01:26:44.002000,268.0,283.0,,294.0,False,SUPERSOFT,8.0,False,Williams,0 days 01:25:13.144000,2018-03-23 06:21:20.517,1,,False,,False,True,90.858,90.858
568,0 days 01:28:14.681000,SIR,35,0 days 00:01:30.679000,31.0,5.0,,,29.993,24.318,36.368,0 days 01:27:13.995000,0 days 01:27:38.313000,0 days 01:28:14.681000,269.0,285.0,281.0,,False,SUPERSOFT,9.0,False,Williams,0 days 01:26:44.002000,2018-03-23 06:22:51.375,1,,False,,False,True,90.679,90.679
569,0 days 01:29:50.970000,SIR,35,0 days 00:01:36.289000,32.0,5.0,,,30.406,24.533,41.35,0 days 01:28:45.087000,0 days 01:29:09.620000,0 days 01:29:50.970000,,285.0,279.0,290.0,False,SUPERSOFT,10.0,False,Williams,0 days 01:28:14.681000,2018-03-23 06:24:22.054,1,,False,,False,True,96.289,96.289
570,0 days 01:31:21.747000,SIR,35,0 days 00:01:30.777000,33.0,5.0,,,29.974,24.277,36.526,0 days 01:30:20.944000,0 days 01:30:45.221000,0 days 01:31:21.747000,264.0,280.0,278.0,288.0,False,SUPERSOFT,11.0,False,Williams,0 days 01:29:50.970000,2018-03-23 06:25:58.343,1,,False,,False,True,90.777,90.77700000000002
571,0 days 01:32:51.686000,SIR,35,0 days 00:01:29.939000,34.0,5.0,,,29.753,24.099,36.087,0 days 01:31:51.500000,0 days 01:32:15.599000,0 days 01:32:51.686000,270.0,286.0,278.0,292.0,False,SUPERSOFT,12.0,False,Williams,0 days 01:31:21.747000,2018-03-23 06:27:29.120,1,,False,,False,True,89.939,89.93900000000001
572,0 days 01:34:21.716000,SIR,35,0 days 00:01:30.030000,35.0,5.0,,,29.82,24.269,35.941,0 days 01:33:21.506000,0 days 01:33:45.775000,0 days 01:34:21.716000,269.0,285.0,279.0,290.0,False,SUPERSOFT,13.0,False,Williams,0 days 01:32:51.686000,2018-03-23 06:28:59.059,1,,False,,False,True,90.03,90.03
573,0 days 01:36:51.255000,SIR,35,0 days 00:02:29.539000,36.0,5.0,,,34.85,29.671,85.018,0 days 01:34:56.566000,0 days 01:35:26.237000,0 days 01:36:51.255000,186.0,267.0,61.0,263.0,False,SUPERSOFT,14.0,False,Williams,0 days 01:34:21.716000,2018-03-23 06:30:29.089,1,,False,,False,True,149.539,149.539
574,0 days 01:38:46.344000,SIR,35,,37.0,5.0,,0 days 01:38:46.344000,41.497,30.509,,0 days 01:37:32.776000,0 days 01:38:03.440000,,214.0,209.0,,193.0,False,SUPERSOFT,15.0,False,Williams,0 days 01:36:51.255000,2018-03-23 06:32:58.628,1,,False,,False,False,,
575,0 days 00:13:35.576000,HAM,44,0 days 00:02:12.214000,1.0,1.0,0 days 00:11:26.763000,,58.369,26.37,47.475,0 days 00:12:22.233000,0 days 00:12:48.146000,0 days 00:13:35.926000,261.0,271.0,299.0,211.0,False,SUPERSOFT,1.0,True,Mercedes,0 days 00:11:26.763000,2018-03-23 05:07:34.136,,,False,,False,False,132.214,132.214
576,0 days 00:15:00.145000,HAM,44,0 days 00:01:24.569000,2.0,1.0,,,27.978,23.082,33.509,0 days 00:14:03.554000,0 days 00:14:26.636000,0 days 00:15:00.145000,284.0,290.0,307.0,316.0,True,SUPERSOFT,2.0,True,Mercedes,0 days 00:13:35.576000,2018-03-23 05:09:42.949,,,False,,False,False,84.569,84.569
577,0 days 00:16:52.473000,HAM,44,0 days 00:01:52.328000,3.0,1.0,,,35.759,27.462,49.107,0 days 00:15:35.904000,0 days 00:16:03.366000,0 days 00:16:52.473000,240.0,276.0,302.0,231.0,False,SUPERSOFT,3.0,True,Mercedes,0 days 00:15:00.145000,2018-03-23 05:11:07.518,,,False,,False,False,112.328,112.328
578,0 days 00:18:17.445000,HAM,44,0 days 00:01:24.972000,4.0,1.0,,,28.088,23.085,33.799,0 days 00:17:20.561000,0 days 00:17:43.646000,0 days 00:18:17.445000,280.0,288.0,299.0,320.0,False,SUPERSOFT,4.0,True,Mercedes,0 days 00:16:52.473000,2018-03-23 05:12:59.846,,,False,,False,False,84.972,84.97200000000001
579,0 days 00:20:15.701000,HAM,44,0 days 00:01:58.256000,5.0,1.0,,,42.91,31.15,44.196,0 days 00:19:00.355000,0 days 00:19:31.505000,0 days 00:20:15.701000,182.0,153.0,298.0,247.0,False,SUPERSOFT,5.0,True,Mercedes,0 days 00:18:17.445000,2018-03-23 05:14:24.818,,,False,,False,False,118.256,118.256
580,0 days 00:21:40.086000,HAM,44,0 days 00:01:24.385000,6.0,1.0,,,27.79,23.003,33.592,0 days 00:20:43.491000,0 days 00:21:06.494000,0 days 00:21:40.086000,279.0,291.0,294.0,314.0,True,SUPERSOFT,6.0,True,Mercedes,0 days 00:20:15.701000,2018-03-23 05:16:23.074,,,False,,False,False,84.385,84.38499999999999
581,0 days 00:36:37.813000,HAM,44,,7.0,1.0,,0 days 00:23:16.073000,32.626,25.388,,0 days 00:22:12.739000,0 days 00:22:38.141000,,232.0,246.0,,247.0,False,SUPERSOFT,7.0,True,Mercedes,0 days 00:21:40.086000,2018-03-23 05:17:47.459,,,False,,False,False,,
582,0 days 00:38:20.919000,HAM,44,0 days 00:01:43.106000,8.0,2.0,0 days 00:36:40.631000,,38.941,26.325,37.84,0 days 00:37:16.754000,0 days 00:37:43.079000,0 days 00:38:20.919000,248.0,276.0,294.0,213.0,False,ULTRASOFT,1.0,True,Mercedes,0 days 00:36:37.813000,2018-03-23 05:32:45.186,,,False,,False,False,103.106,103.10600000000001
583,0 days 00:39:44.850000,HAM,44,0 days 00:01:23.931000,9.0,2.0,,,27.595,22.946,33.39,0 days 00:38:48.514000,0 days 00:39:11.460000,0 days 00:39:44.850000,278.0,288.0,292.0,312.0,True,ULTRASOFT,2.0,True,Mercedes,0 days 00:38:20.919000,2018-03-23 05:34:28.292,,,False,,False,False,83.931,83.931
584,0 days 00:41:45.349000,HAM,44,0 days 00:02:00.499000,10.0,2.0,,,44.213,30.805,45.481,0 days 00:40:29.063000,0 days 00:40:59.868000,0 days 00:41:45.349000,187.0,209.0,293.0,266.0,False,ULTRASOFT,3.0,True,Mercedes,0 days 00:39:44.850000,2018-03-23 05:35:52.223,,,False,,False,False,120.499,120.499
585,0 days 00:59:18.703000,HAM,44,,11.0,2.0,,0 days 00:43:12.314000,27.599,22.999,,0 days 00:42:13.249000,0 days 00:42:35.983000,,282.0,290.0,,312.0,False,ULTRASOFT,4.0,True,Mercedes,0 days 00:41:45.349000,2018-03-23 05:37:52.722,51,,False,,False,False,,
586,0 days 01:01:42.728000,HAM,44,0 days 00:02:24.025000,12.0,3.0,0 days 00:59:27.139000,0 days 01:01:28.215000,63.26,27.107,53.658,0 days 01:00:21.963000,0 days 01:00:49.070000,0 days 01:01:42.728000,249.0,265.0,,212.0,False,ULTRASOFT,5.0,False,Mercedes,0 days 00:59:27.139000,2018-03-23 05:55:34.512,1,,False,,False,False,144.025,144.02499999999998
587,0 days 01:03:44.164000,HAM,44,0 days 00:02:01.436000,13.0,4.0,0 days 01:01:46.692000,,60.995,24.722,35.719,0 days 01:02:43.723000,0 days 01:03:08.445000,0 days 01:03:44.164000,268.0,285.0,277.0,217.0,False,ULTRASOFT,6.0,False,Mercedes,0 days 01:01:42.728000,2018-03-23 05:57:50.101,1,,False,,False,False,121.436,121.436
588,0 days 01:05:13.216000,HAM,44,0 days 00:01:29.052000,14.0,4.0,,,29.508,23.919,35.625,0 days 01:04:13.672000,0 days 01:04:37.591000,0 days 01:05:13.216000,266.0,281.0,276.0,285.0,False,ULTRASOFT,7.0,False,Mercedes,0 days 01:03:44.164000,2018-03-23 05:59:51.537,1,,False,,False,True,89.052,89.05199999999999
589,0 days 01:06:41.963000,HAM,44,0 days 00:01:28.747000,15.0,4.0,,,29.455,23.911,35.381,0 days 01:05:42.671000,0 days 01:06:06.582000,0 days 01:06:41.963000,269.0,284.0,278.0,,False,ULTRASOFT,8.0,False,Mercedes,0 days 01:05:13.216000,2018-03-23 06:01:20.589,1,,False,,False,True,88.747,88.747
590,0 days 01:08:10.627000,HAM,44,0 days 00:01:28.664000,16.0,4.0,,,29.325,23.891,35.448,0 days 01:07:11.288000,0 days 01:07:35.179000,0 days 01:08:10.627000,270.0,286.0,278.0,288.0,False,ULTRASOFT,9.0,False,Mercedes,0 days 01:06:41.963000,2018-03-23 06:02:49.336,1,,False,,False,True,88.664,88.66399999999999
591,0 days 01:09:39.178000,HAM,44,0 days 00:01:28.551000,17.0,4.0,,,29.298,23.925,35.328,0 days 01:08:39.925000,0 days 01:09:03.850000,0 days 01:09:39.178000,272.0,285.0,279.0,286.0,False,ULTRASOFT,10.0,False,Mercedes,0 days 01:08:10.627000,2018-03-23 06:04:18.000,1,,False,,False,True,88.551,88.551
592,0 days 01:11:08.066000,HAM,44,0 days 00:01:28.888000,18.0,4.0,,,29.428,23.906,35.554,0 days 01:10:08.606000,0 days 01:10:32.512000,0 days 01:11:08.066000,270.0,286.0,280.0,282.0,False,ULTRASOFT,11.0,False,Mercedes,0 days 01:09:39.178000,2018-03-23 06:05:46.551,1,,False,,False,True,88.888,88.888
593,0 days 01:12:38.413000,HAM,44,0 days 00:01:30.347000,19.0,4.0,,,29.576,25.064,35.707,0 days 01:11:37.642000,0 days 01:12:02.706000,0 days 01:12:38.413000,266.0,286.0,282.0,284.0,False,ULTRASOFT,12.0,False,Mercedes,0 days 01:11:08.066000,2018-03-23 06:07:15.439,1,,False,,False,True,90.347,90.34700000000001
594,0 days 01:14:07.498000,HAM,44,0 days 00:01:29.085000,20.0,4.0,,,29.327,23.877,35.881,0 days 01:13:07.740000,0 days 01:13:31.617000,0 days 01:14:07.498000,261.0,287.0,282.0,280.0,False,ULTRASOFT,13.0,False,Mercedes,0 days 01:12:38.413000,2018-03-23 06:08:45.786,1,,False,,False,True,89.085,89.08500000000001
595,0 days 01:15:38.501000,HAM,44,0 days 00:01:31.003000,21.0,4.0,,,30.071,24.523,36.409,0 days 01:14:37.569000,0 days 01:15:02.092000,0 days 01:15:38.501000,271.0,292.0,280.0,279.0,False,ULTRASOFT,14.0,False,Mercedes,0 days 01:14:07.498000,2018-03-23 06:10:14.871,1,,False,,False,True,91.003,91.003
596,0 days 01:17:07.520000,HAM,44,0 days 00:01:29.019000,22.0,4.0,,,29.249,24.16,35.61,0 days 01:16:07.750000,0 days 01:16:31.910000,0 days 01:17:07.520000,266.0,287.0,281.0,283.0,False,ULTRASOFT,15.0,False,Mercedes,0 days 01:15:38.501000,2018-03-23 06:11:45.874,1,,False,,False,True,89.019,89.019
597,0 days 01:18:36.237000,HAM,44,0 days 00:01:28.717000,23.0,4.0,,,29.132,23.754,35.831,0 days 01:17:36.652000,0 days 01:18:00.406000,0 days 01:18:36.237000,272.0,291.0,282.0,282.0,False,ULTRASOFT,16.0,False,Mercedes,0 days 01:17:07.520000,2018-03-23 06:13:14.893,12,,False,,False,True,88.717,88.71700000000001
598,0 days 01:20:23.159000,HAM,44,0 days 00:01:46.922000,24.0,4.0,,0 days 01:20:03.811000,29.33,24.045,53.547,0 days 01:19:05.567000,0 days 01:19:29.612000,0 days 01:20:23.159000,269.0,287.0,,287.0,False,ULTRASOFT,17.0,False,Mercedes,0 days 01:18:36.237000,2018-03-23 06:14:43.610,1,,False,,False,False,106.922,106.922
599,0 days 01:21:58.398000,HAM,44,0 days 00:01:35.239000,25.0,5.0,0 days 01:20:26.244000,,36.135,23.892,35.212,0 days 01:20:59.294000,0 days 01:21:23.186000,0 days 01:21:58.398000,275.0,286.0,281.0,224.0,False,SUPERSOFT,8.0,False,Mercedes,0 days 01:20:23.159000,2018-03-23 06:16:30.532,1,,False,,False,False,95.239,95.239
600,0 days 01:23:26.826000,HAM,44,0 days 00:01:28.428000,26.0,5.0,,,29.128,23.748,35.552,0 days 01:22:27.526000,0 days 01:22:51.274000,0 days 01:23:26.826000,268.0,285.0,291.0,280.0,False,SUPERSOFT,9.0,False,Mercedes,0 days 01:21:58.398000,2018-03-23 06:18:05.771,1,,False,,False,True,88.428,88.428
601,0 days 01:24:54.816000,HAM,44,0 days 00:01:27.990000,27.0,5.0,,,29.226,23.74,35.024,0 days 01:23:56.052000,0 days 01:24:19.792000,0 days 01:24:54.816000,272.0,286.0,280.0,293.0,False,SUPERSOFT,10.0,False,Mercedes,0 days 01:23:26.826000,2018-03-23 06:19:34.199,1,,False,,False,True,87.99,87.99
602,0 days 01:26:22.784000,HAM,44,0 days 00:01:27.968000,28.0,5.0,,,29.167,23.691,35.11,0 days 01:25:23.983000,0 days 01:25:47.674000,0 days 01:26:22.784000,,286.0,280.0,281.0,False,SUPERSOFT,11.0,False,Mercedes,0 days 01:24:54.816000,2018-03-23 06:21:02.189,1,,False,,False,True,87.968,87.968
603,0 days 01:27:50.386000,HAM,44,0 days 00:01:27.602000,29.0,5.0,,,29.031,23.565,35.006,0 days 01:26:51.815000,0 days 01:27:15.380000,0 days 01:27:50.386000,273.0,288.0,280.0,287.0,False,SUPERSOFT,12.0,False,Mercedes,0 days 01:26:22.784000,2018-03-23 06:22:30.157,1,,False,,False,True,87.602,87.602
604,0 days 01:29:18.498000,HAM,44,0 days 00:01:28.112000,30.0,5.0,,,29.185,23.771,35.156,0 days 01:28:19.571000,0 days 01:28:43.342000,0 days 01:29:18.498000,,287.0,279.0,280.0,False,SUPERSOFT,13.0,False,Mercedes,0 days 01:27:50.386000,2018-03-23 06:23:57.759,1,,False,,False,True,88.112,88.112
605,0 days 01:30:46.446000,HAM,44,0 days 00:01:27.948000,31.0,5.0,,,29.011,23.926,35.011,0 days 01:29:47.509000,0 days 01:30:11.435000,0 days 01:30:46.446000,,286.0,281.0,276.0,False,SUPERSOFT,14.0,False,Mercedes,0 days 01:29:18.498000,2018-03-23 06:25:25.871,1,,False,,False,True,87.948,87.94800000000001
606,0 days 01:32:31.801000,HAM,44,0 days 00:01:45.355000,32.0,5.0,,0 days 01:32:13.465000,28.997,23.867,52.491,0 days 01:31:15.443000,0 days 01:31:39.310000,0 days 01:32:31.801000,,288.0,,282.0,False,SUPERSOFT,15.0,False,Mercedes,0 days 01:30:46.446000,2018-03-23 06:26:53.819,1,,False,,False,False,105.355,105.355
607,0 days 01:34:09.560000,HAM,44,0 days 00:01:37.759000,33.0,6.0,0 days 01:32:34.690000,,38.016,24.187,35.556,0 days 01:33:09.817000,0 days 01:33:34.004000,0 days 01:34:09.560000,271.0,286.0,283.0,221.0,False,ULTRASOFT,18.0,False,Mercedes,0 days 01:32:31.801000,2018-03-23 06:28:39.174,1,,False,,False,False,97.759,97.759
608,0 days 01:36:50.550000,HAM,44,,34.0,6.0,,,33.846,28.281,98.303,0 days 01:34:43.966000,0 days 01:37:57.449000,0 days 01:38:18.482000,201.0,251.0,,240.0,False,ULTRASOFT,19.0,False,Mercedes,0 days 01:34:09.560000,2018-03-23 06:30:16.933,1,,False,,False,False,,160.43
609,0 days 00:13:41.007000,SAI,55,0 days 00:02:00.786000,1.0,1.0,0 days 00:11:44.423000,,51.855,25.319,43.612,0 days 00:12:32.338000,0 days 00:12:57.919000,0 days 00:13:41.130000,260.0,275.0,296.0,104.0,False,SOFT,1.0,True,Renault,0 days 00:11:44.423000,2018-03-23 05:07:51.796,,,False,,False,False,120.786,120.786
610,0 days 00:15:07.544000,SAI,55,0 days 00:01:26.537000,2.0,1.0,,,28.604,23.55,34.383,0 days 00:14:09.611000,0 days 00:14:33.161000,0 days 00:15:07.544000,274.0,284.0,301.0,308.0,True,SOFT,2.0,True,Renault,0 days 00:13:41.007000,2018-03-23 05:09:48.380,,,False,,False,False,86.537,86.537
611,0 days 00:17:08.359000,SAI,55,0 days 00:02:00.815000,3.0,1.0,,,41.005,33.248,46.562,0 days 00:15:48.549000,0 days 00:16:21.797000,0 days 00:17:08.359000,234.0,174.0,296.0,202.0,False,SOFT,3.0,True,Renault,0 days 00:15:07.544000,2018-03-23 05:11:14.917,,,False,,False,False,120.815,120.815
612,0 days 00:18:34.630000,SAI,55,0 days 00:01:26.271000,4.0,1.0,,,28.516,23.531,34.224,0 days 00:17:36.875000,0 days 00:18:00.406000,0 days 00:18:34.630000,275.0,285.0,295.0,308.0,True,SOFT,4.0,True,Renault,0 days 00:17:08.359000,2018-03-23 05:13:15.732,,,False,,False,False,86.271,86.27099999999999
613,0 days 00:20:27.093000,SAI,55,0 days 00:01:52.463000,5.0,1.0,,,40.35,29.77,42.343,0 days 00:19:14.980000,0 days 00:19:44.750000,0 days 00:20:27.093000,225.0,257.0,298.0,238.0,False,SOFT,5.0,True,Renault,0 days 00:18:34.630000,2018-03-23 05:14:42.003,,,False,,False,False,112.463,112.46300000000001
614,0 days 00:21:52.578000,SAI,55,0 days 00:01:25.485000,6.0,1.0,,,28.203,23.301,33.981,0 days 00:20:55.296000,0 days 00:21:18.597000,0 days 00:21:52.578000,275.0,287.0,291.0,310.0,True,SOFT,6.0,True,Renault,0 days 00:20:27.093000,2018-03-23 05:16:34.466,,,False,,False,False,85.485,85.485
615,0 days 00:41:12.812000,SAI,55,,7.0,1.0,,0 days 00:23:36.465000,37.168,27.076,,0 days 00:22:30.072000,0 days 00:22:56.838000,,242.0,263.0,,232.0,False,SOFT,7.0,True,Renault,0 days 00:21:52.578000,2018-03-23 05:17:59.951,,,False,,False,False,,
616,0 days 00:42:59.095000,SAI,55,0 days 00:01:46.283000,8.0,2.0,0 days 00:41:15.495000,,40.226,27.395,38.662,0 days 00:41:53.038000,0 days 00:42:20.433000,0 days 00:42:59.095000,255.0,276.0,295.0,202.0,False,ULTRASOFT,1.0,True,Renault,0 days 00:41:12.812000,2018-03-23 05:37:20.185,,,False,,False,False,106.283,106.28299999999999
617,0 days 00:44:33.752000,SAI,55,,9.0,2.0,,,27.903,31.163,43.544,0 days 00:43:26.946000,0 days 00:45:43.121000,0 days 00:45:38.447000,232.0,270.0,,214.0,False,ULTRASOFT,2.0,True,Renault,0 days 00:42:59.095000,2018-03-23 05:39:06.468,,,False,,False,False,,102.61
618,0 days 00:46:25.042000,SAI,55,0 days 00:01:51.290000,10.0,2.0,,,,,42.16,,,0 days 00:46:25.080000,,,292.0,,False,ULTRASOFT,3.0,True,Renault,0 days 00:44:33.752000,2018-03-23 05:40:41.125,,,False,,False,False,111.29,
619,0 days 00:47:50.432000,SAI,55,0 days 00:01:25.390000,11.0,2.0,,,28.222,23.179,33.989,0 days 00:46:53.264000,0 days 00:47:16.443000,0 days 00:47:50.432000,277.0,290.0,292.0,306.0,True,ULTRASOFT,4.0,True,Renault,0 days 00:46:25.042000,2018-03-23 05:42:32.415,,,False,,False,False,85.39,85.38999999999999
620,0 days 01:01:16.883000,SAI,55,,12.0,2.0,,0 days 00:49:39.368000,38.508,30.631,,0 days 00:48:29.141000,0 days 00:48:59.544000,,224.0,245.0,,246.0,False,ULTRASOFT,5.0,True,Renault,0 days 00:47:50.432000,2018-03-23 05:43:57.805,51,,False,,False,False,,
621,0 days 01:03:32.678000,SAI,55,0 days 00:02:15.795000,13.0,3.0,0 days 01:01:31.684000,0 days 01:03:17.175000,55.098,26.158,54.539,0 days 01:02:11.981000,0 days 01:02:38.139000,0 days 01:03:32.678000,254.0,274.0,,205.0,False,ULTRASOFT,6.0,False,Renault,0 days 01:01:31.684000,2018-03-23 05:57:39.057,1,,False,,False,False,135.795,135.79500000000002
622,0 days 01:05:24.338000,SAI,55,0 days 00:01:51.660000,14.0,4.0,0 days 01:03:35.930000,,50.784,24.636,36.24,0 days 01:04:23.462000,0 days 01:04:48.098000,0 days 01:05:24.338000,266.0,283.0,,286.0,False,ULTRASOFT,7.0,False,Renault,0 days 01:03:32.678000,2018-03-23 05:59:40.051,1,,False,,False,False,111.66,111.66
623,0 days 01:06:54.185000,SAI,55,0 days 00:01:29.847000,15.0,4.0,,,29.906,24.039,35.902,0 days 01:05:54.244000,0 days 01:06:18.283000,0 days 01:06:54.185000,268.0,284.0,275.0,,False,ULTRASOFT,8.0,False,Renault,0 days 01:05:24.338000,2018-03-23 06:01:31.711,1,,False,,False,True,89.847,89.84700000000001
624,0 days 01:08:24.821000,SAI,55,0 days 00:01:30.636000,16.0,4.0,,,30.14,24.321,36.175,0 days 01:07:24.325000,0 days 01:07:48.646000,0 days 01:08:24.821000,261.0,276.0,276.0,279.0,False,ULTRASOFT,9.0,False,Renault,0 days 01:06:54.185000,2018-03-23 06:03:01.558,1,,False,,False,True,90.636,90.636
625,0 days 01:09:54.932000,SAI,55,0 days 00:01:30.111000,17.0,4.0,,,29.948,24.291,35.872,0 days 01:08:54.769000,0 days 01:09:19.060000,0 days 01:09:54.932000,260.0,278.0,277.0,,False,ULTRASOFT,10.0,False,Renault,0 days 01:08:24.821000,2018-03-23 06:04:32.194,1,,False,,False,True,90.111,90.111
626,0 days 01:11:25.118000,SAI,55,0 days 00:01:30.186000,18.0,4.0,,,29.991,24.289,35.906,0 days 01:10:24.923000,0 days 01:10:49.212000,0 days 01:11:25.118000,262.0,279.0,277.0,280.0,False,ULTRASOFT,11.0,False,Renault,0 days 01:09:54.932000,2018-03-23 06:06:02.305,1,,False,,False,True,90.186,90.186
627,0 days 01:12:55.452000,SAI,55,0 days 00:01:30.334000,19.0,4.0,,,30.133,24.353,35.848,0 days 01:11:55.251000,0 days 01:12:19.604000,0 days 01:12:55.452000,261.0,279.0,276.0,275.0,False,ULTRASOFT,12.0,False,Renault,0 days 01:11:25.118000,2018-03-23 06:07:32.491,1,,False,,False,True,90.334,90.334
628,0 days 01:14:26.163000,SAI,55,0 days 00:01:30.711000,20.0,4.0,,,30.066,24.429,36.216,0 days 01:13:25.518000,0 days 01:13:49.947000,0 days 01:14:26.163000,,279.0,288.0,281.0,False,ULTRASOFT,13.0,False,Renault,0 days 01:12:55.452000,2018-03-23 06:09:02.825,1,,False,,False,True,90.711,90.711
629,0 days 01:15:56.737000,SAI,55,0 days 00:01:30.574000,21.0,4.0,,,30.139,24.353,36.082,0 days 01:14:56.302000,0 days 01:15:20.655000,0 days 01:15:56.737000,262.0,284.0,280.0,286.0,False,ULTRASOFT,14.0,False,Renault,0 days 01:14:26.163000,2018-03-23 06:10:33.536,1,,False,,False,True,90.574,90.57400000000001
630,0 days 01:17:33.315000,SAI,55,0 days 00:01:36.578000,22.0,4.0,,,30.184,24.552,41.842,0 days 01:16:26.921000,0 days 01:16:51.473000,0 days 01:17:33.315000,267.0,289.0,285.0,283.0,False,ULTRASOFT,15.0,False,Renault,0 days 01:15:56.737000,2018-03-23 06:12:04.110,1,,False,,False,True,96.578,96.578
631,0 days 01:19:03.467000,SAI,55,0 days 00:01:30.152000,23.0,4.0,,,29.976,24.206,35.97,0 days 01:18:03.291000,0 days 01:18:27.497000,0 days 01:19:03.467000,265.0,283.0,276.0,290.0,False,ULTRASOFT,16.0,False,Renault,0 days 01:17:33.315000,2018-03-23 06:13:40.688,12,,False,,False,True,90.152,90.152
632,0 days 01:20:52.906000,SAI,55,0 days 00:01:49.439000,24.0,4.0,,0 days 01:20:32.578000,29.82,24.313,55.306,0 days 01:19:33.287000,0 days 01:19:57.600000,0 days 01:20:52.906000,264.0,279.0,,280.0,False,ULTRASOFT,17.0,False,Renault,0 days 01:19:03.467000,2018-03-23 06:15:10.840,1,,False,,False,False,109.439,109.439
633,0 days 01:22:29.366000,SAI,55,0 days 00:01:36.460000,25.0,4.0,0 days 01:20:56.009000,,36.672,24.259,35.529,0 days 01:21:29.578000,0 days 01:21:53.837000,0 days 01:22:29.366000,265.0,278.0,278.0,217.0,False,ULTRASOFT,18.0,False,Renault,0 days 01:20:52.906000,2018-03-23 06:17:00.279,1,,False,,False,False,96.46,96.46000000000001
634,0 days 01:23:58.407000,SAI,55,0 days 00:01:29.041000,26.0,5.0,,,29.469,24.045,35.527,0 days 01:22:58.835000,0 days 01:23:22.880000,0 days 01:23:58.407000,266.0,279.0,279.0,284.0,False,SOFT,8.0,False,Renault,0 days 01:22:29.366000,2018-03-23 06:18:36.739,1,,False,,False,True,89.041,89.041
635,0 days 01:25:27.616000,SAI,55,0 days 00:01:29.209000,27.0,5.0,,,29.551,24.043,35.615,0 days 01:24:27.958000,0 days 01:24:52.001000,0 days 01:25:27.616000,268.0,281.0,278.0,281.0,False,SOFT,9.0,False,Renault,0 days 01:23:58.407000,2018-03-23 06:20:05.780,1,,False,,False,True,89.209,89.209
636,0 days 01:26:56.894000,SAI,55,0 days 00:01:29.278000,28.0,5.0,,,29.515,24.15,35.613,0 days 01:25:57.131000,0 days 01:26:21.281000,0 days 01:26:56.894000,269.0,284.0,,280.0,False,SOFT,10.0,False,Renault,0 days 01:25:27.616000,2018-03-23 06:21:34.989,1,,False,,False,True,89.278,89.27799999999999
637,0 days 01:28:26.416000,SAI,55,0 days 00:01:29.522000,29.0,5.0,,,29.65,24.042,35.83,0 days 01:27:26.544000,0 days 01:27:50.586000,0 days 01:28:26.416000,263.0,280.0,,292.0,False,SOFT,11.0,False,Renault,0 days 01:26:56.894000,2018-03-23 06:23:04.267,1,,False,,False,True,89.522,89.52199999999999
638,0 days 01:29:57.592000,SAI,55,0 days 00:01:31.176000,30.0,5.0,,,,24.445,36.382,,0 days 01:29:21.296000,0 days 01:29:57.900000,,284.0,294.0,,False,SOFT,12.0,False,Renault,0 days 01:28:26.416000,2018-03-23 06:24:33.789,1,,False,,False,False,91.176,
639,0 days 01:31:40.045000,SAI,55,0 days 00:01:42.453000,31.0,5.0,,,33.963,29.32,39.17,0 days 01:30:31.555000,0 days 01:31:00.875000,0 days 01:31:40.045000,248.0,224.0,280.0,279.0,False,SOFT,13.0,False,Renault,0 days 01:29:57.592000,2018-03-23 06:26:04.965,1,,False,,False,True,102.453,102.453
640,0 days 01:33:09.361000,SAI,55,0 days 00:01:29.316000,32.0,5.0,,,29.66,24.004,35.652,0 days 01:32:09.705000,0 days 01:32:33.709000,0 days 01:33:09.361000,268.0,281.0,,281.0,False,SOFT,14.0,False,Renault,0 days 01:31:40.045000,2018-03-23 06:27:47.418,1,,False,,False,True,89.316,89.316
641,0 days 01:34:38.589000,SAI,55,0 days 00:01:29.228000,33.0,5.0,,,29.54,24.067,35.621,0 days 01:33:38.901000,0 days 01:34:02.968000,0 days 01:34:38.589000,267.0,279.0,,275.0,False,SOFT,15.0,False,Renault,0 days 01:33:09.361000,2018-03-23 06:29:16.734,1,,False,,False,True,89.228,89.22800000000001
642,0 days 01:36:57.947000,SAI,55,0 days 00:02:19.358000,34.0,5.0,,,35.352,29.22,74.786,0 days 01:35:13.941000,0 days 01:35:43.161000,0 days 01:36:57.947000,208.0,246.0,91.0,,False,SOFT,16.0,False,Renault,0 days 01:34:38.589000,2018-03-23 06:30:45.962,1,,False,,False,True,139.358,139.358
643,0 days 01:38:52.814000,SAI,55,,35.0,5.0,,0 days 01:38:52.814000,44.965,26.51,,0 days 01:37:43.164000,0 days 01:38:09.547000,,197.0,286.0,,196.0,False,SOFT,17.0,False,Renault,0 days 01:36:57.947000,2018-03-23 06:33:05.320,1,,False,,False,False,,
644,0 days 00:12:42.794000,BOT,77,0 days 00:02:10.373000,1.0,1.0,0 days 00:10:37.344000,,57.6,27.25,45.523,0 days 00:11:30.032000,0 days 00:11:57.289000,0 days 00:12:43.401000,259.0,274.0,295.0,206.0,False,SOFT,2.0,False,Mercedes,0 days 00:10:37.344000,2018-03-23 05:06:44.717,,,False,,False,False,130.373,130.373
645,0 days 00:14:07.513000,BOT,77,0 days 00:01:24.719000,2.0,1.0,,,28.073,23.029,33.617,0 days 00:13:10.867000,0 days 00:13:33.896000,0 days 00:14:07.513000,281.0,289.0,297.0,310.0,True,SOFT,3.0,False,Mercedes,0 days 00:12:42.794000,2018-03-23 05:08:50.167,,,False,,False,False,84.719,84.719
646,0 days 00:16:02.871000,BOT,77,0 days 00:01:55.358000,3.0,1.0,,,38.248,32.952,44.158,0 days 00:14:45.761000,0 days 00:15:18.713000,0 days 00:16:02.871000,232.0,225.0,302.0,218.0,False,SOFT,4.0,False,Mercedes,0 days 00:14:07.513000,2018-03-23 05:10:14.886,,,False,,False,False,115.358,115.35799999999999
647,0 days 00:36:47.393000,BOT,77,,4.0,1.0,,0 days 00:17:58.847000,46.269,28.253,,0 days 00:16:49.141000,0 days 00:17:17.394000,,222.0,272.0,,318.0,False,SOFT,5.0,False,Mercedes,0 days 00:16:02.871000,2018-03-23 05:12:10.244,,,False,,False,False,,
648,0 days 00:38:34.630000,BOT,77,0 days 00:01:47.237000,5.0,2.0,0 days 00:36:50.194000,,40.401,27.389,39.447,0 days 00:37:27.794000,0 days 00:37:55.183000,0 days 00:38:34.630000,243.0,274.0,293.0,198.0,False,ULTRASOFT,1.0,True,Mercedes,0 days 00:36:47.393000,2018-03-23 05:32:54.766,,,False,,False,False,107.237,107.23700000000001
649,0 days 00:39:58.789000,BOT,77,0 days 00:01:24.159000,6.0,2.0,,,27.725,22.936,33.498,0 days 00:39:02.355000,0 days 00:39:25.291000,0 days 00:39:58.789000,277.0,289.0,293.0,310.0,True,ULTRASOFT,2.0,True,Mercedes,0 days 00:38:34.630000,2018-03-23 05:34:42.003,,,False,,False,False,84.159,84.15899999999999
650,0 days 00:41:55.815000,BOT,77,0 days 00:01:57.026000,7.0,2.0,,,38.342,31.877,46.807,0 days 00:40:37.131000,0 days 00:41:09.008000,0 days 00:41:55.815000,181.0,230.0,293.0,231.0,False,ULTRASOFT,3.0,True,Mercedes,0 days 00:39:58.789000,2018-03-23 05:36:06.162,,,False,,False,False,117.026,117.026
651,0 days 00:43:20.603000,BOT,77,0 days 00:01:24.788000,8.0,2.0,,,27.964,22.933,33.891,0 days 00:42:23.779000,0 days 00:42:46.712000,0 days 00:43:20.603000,278.0,291.0,293.0,309.0,False,ULTRASOFT,4.0,True,Mercedes,0 days 00:41:55.815000,2018-03-23 05:38:03.188,,,False,,False,False,84.788,84.788
652,0 days 00:58:03.072000,BOT,77,,9.0,2.0,,0 days 00:44:57.197000,33.91,26.091,,0 days 00:43:54.505000,0 days 00:44:20.601000,,245.0,275.0,,237.0,False,ULTRASOFT,5.0,True,Mercedes,0 days 00:43:20.603000,2018-03-23 05:39:27.976,51,,False,,False,False,,
653,0 days 01:00:31.037000,BOT,77,,10.0,3.0,0 days 00:58:03.072000,0 days 01:00:14.801000,58.486,30.152,62.558,0 days 00:58:58.327000,0 days 00:59:28.485000,0 days 01:00:31.365000,227.0,269.0,,207.0,False,ULTRASOFT,6.0,False,Mercedes,0 days 00:58:03.072000,2018-03-23 05:54:10.445,1,,False,,False,False,,151.196
654,0 days 01:02:35.837000,BOT,77,0 days 00:02:04.800000,11.0,3.0,0 days 01:00:34.257000,,60.905,25.691,38.204,0 days 01:01:31.942000,0 days 01:01:57.633000,0 days 01:02:35.837000,258.0,284.0,276.0,214.0,False,ULTRASOFT,7.0,False,Mercedes,0 days 01:00:31.037000,2018-03-23 05:56:38.410,1,,False,,False,False,124.8,124.80000000000001
655,0 days 01:04:04.659000,BOT,77,0 days 00:01:28.822000,12.0,4.0,,,29.272,23.924,35.626,0 days 01:03:05.109000,0 days 01:03:29.033000,0 days 01:04:04.659000,267.0,283.0,277.0,292.0,False,ULTRASOFT,7.0,False,Mercedes,0 days 01:02:35.837000,2018-03-23 05:58:43.210,1,,False,,False,True,88.822,88.822
656,0 days 01:05:33.528000,BOT,77,0 days 00:01:28.869000,13.0,4.0,,,29.311,23.898,35.66,0 days 01:04:33.970000,0 days 01:04:57.868000,0 days 01:05:33.528000,270.0,280.0,278.0,,False,ULTRASOFT,8.0,False,Mercedes,0 days 01:04:04.659000,2018-03-23 06:00:12.032,1,,False,,False,True,88.869,88.869
657,0 days 01:07:02.703000,BOT,77,0 days 00:01:29.175000,14.0,4.0,,,29.522,23.889,35.764,0 days 01:06:03.050000,0 days 01:06:26.939000,0 days 01:07:02.703000,273.0,285.0,278.0,,False,ULTRASOFT,9.0,False,Mercedes,0 days 01:05:33.528000,2018-03-23 06:01:40.901,1,,False,,False,True,89.175,89.17500000000001
658,0 days 01:08:39.765000,BOT,77,0 days 00:01:37.062000,15.0,4.0,,,29.548,28.638,38.876,0 days 01:07:32.251000,0 days 01:08:00.889000,0 days 01:08:39.765000,271.0,256.0,276.0,290.0,False,ULTRASOFT,10.0,False,Mercedes,0 days 01:07:02.703000,2018-03-23 06:03:10.076,1,,False,,False,True,97.062,97.062
659,0 days 01:10:10.084000,BOT,77,0 days 00:01:30.319000,16.0,4.0,,,29.776,24.39,36.153,0 days 01:09:09.541000,0 days 01:09:33.931000,0 days 01:10:10.084000,275.0,285.0,278.0,283.0,False,ULTRASOFT,11.0,False,Mercedes,0 days 01:08:39.765000,2018-03-23 06:04:47.138,1,,False,,False,True,90.319,90.31899999999999
660,0 days 01:11:39.289000,BOT,77,0 days 00:01:29.205000,17.0,4.0,,,29.627,23.952,35.626,0 days 01:10:39.711000,0 days 01:11:03.663000,0 days 01:11:39.289000,270.0,286.0,278.0,287.0,False,ULTRASOFT,12.0,False,Mercedes,0 days 01:10:10.084000,2018-03-23 06:06:17.457,1,,False,,False,True,89.205,89.205
661,0 days 01:13:08.205000,BOT,77,0 days 00:01:28.916000,18.0,4.0,,,29.392,24.154,35.37,0 days 01:12:08.681000,0 days 01:12:32.835000,0 days 01:13:08.205000,272.0,286.0,280.0,292.0,False,ULTRASOFT,13.0,False,Mercedes,0 days 01:11:39.289000,2018-03-23 06:07:46.662,1,,False,,False,True,88.916,88.916
662,0 days 01:14:36.944000,BOT,77,0 days 00:01:28.739000,19.0,4.0,,,29.316,23.88,35.543,0 days 01:13:37.521000,0 days 01:14:01.401000,0 days 01:14:36.944000,,287.0,279.0,295.0,False,ULTRASOFT,14.0,False,Mercedes,0 days 01:13:08.205000,2018-03-23 06:09:15.578,1,,False,,False,True,88.739,88.739
663,0 days 01:16:30.682000,BOT,77,0 days 00:01:53.738000,20.0,4.0,,0 days 01:16:10.417000,30.235,25.297,58.206,0 days 01:15:07.179000,0 days 01:15:32.476000,0 days 01:16:30.682000,268.0,287.0,,289.0,False,ULTRASOFT,15.0,False,Mercedes,0 days 01:14:36.944000,2018-03-23 06:10:44.317,1,,False,,False,False,113.738,113.738
664,0 days 01:18:06.130000,BOT,77,0 days 00:01:35.448000,21.0,4.0,0 days 01:16:33.418000,,35.782,24.078,35.588,0 days 01:17:06.464000,0 days 01:17:30.542000,0 days 01:18:06.130000,277.0,288.0,279.0,223.0,False,ULTRASOFT,16.0,False,Mercedes,0 days 01:16:30.682000,2018-03-23 06:12:38.055,12,,False,,False,False,95.448,95.44800000000001
665,0 days 01:19:34.590000,BOT,77,0 days 00:01:28.460000,22.0,5.0,,,29.394,23.814,35.252,0 days 01:18:35.524000,0 days 01:18:59.338000,0 days 01:19:34.590000,269.0,285.0,282.0,280.0,False,SOFT,6.0,False,Mercedes,0 days 01:18:06.130000,2018-03-23 06:14:13.503,1,,False,,False,True,88.46,88.46000000000001
666,0 days 01:21:09.012000,BOT,77,0 days 00:01:34.422000,23.0,5.0,,,29.653,23.903,40.866,0 days 01:20:04.243000,0 days 01:20:28.146000,0 days 01:21:09.012000,272.0,285.0,278.0,289.0,False,SOFT,7.0,False,Mercedes,0 days 01:19:34.590000,2018-03-23 06:15:41.963,1,,False,,False,True,94.422,94.422
667,0 days 01:22:37.285000,BOT,77,0 days 00:01:28.273000,24.0,5.0,,,29.169,23.736,35.368,0 days 01:21:38.181000,0 days 01:22:01.917000,0 days 01:22:37.285000,270.0,282.0,279.0,287.0,False,SOFT,8.0,False,Mercedes,0 days 01:21:09.012000,2018-03-23 06:17:16.385,1,,False,,False,True,88.273,88.273
668,0 days 01:24:05.606000,BOT,77,0 days 00:01:28.321000,25.0,5.0,,,29.22,23.708,35.393,0 days 01:23:06.505000,0 days 01:23:30.213000,0 days 01:24:05.606000,271.0,284.0,280.0,284.0,False,SOFT,9.0,False,Mercedes,0 days 01:22:37.285000,2018-03-23 06:18:44.658,1,,False,,False,True,88.321,88.321
669,0 days 01:25:33.502000,BOT,77,0 days 00:01:27.896000,26.0,5.0,,,29.119,23.575,35.202,0 days 01:24:34.725000,0 days 01:24:58.300000,0 days 01:25:33.502000,272.0,286.0,283.0,291.0,False,SOFT,10.0,False,Mercedes,0 days 01:24:05.606000,2018-03-23 06:20:12.979,1,,False,,False,True,87.896,87.896
670,0 days 01:27:01.801000,BOT,77,0 days 00:01:28.299000,27.0,5.0,,,29.051,23.982,35.266,0 days 01:26:02.553000,0 days 01:26:26.535000,0 days 01:27:01.801000,272.0,287.0,,284.0,False,SOFT,11.0,False,Mercedes,0 days 01:25:33.502000,2018-03-23 06:21:40.875,1,,False,,False,True,88.299,88.299
671,0 days 01:28:38.820000,BOT,77,0 days 00:01:37.019000,28.0,5.0,,,,24.675,43.033,,0 days 01:27:55.837000,0 days 01:28:38.919000,,286.0,281.0,,False,SOFT,12.0,False,Mercedes,0 days 01:27:01.801000,2018-03-23 06:23:09.174,1,,False,,False,False,97.019,
672,0 days 01:30:07.083000,BOT,77,0 days 00:01:28.263000,29.0,5.0,,,29.158,23.722,35.383,0 days 01:29:07.978000,0 days 01:29:31.700000,0 days 01:30:07.083000,271.0,283.0,280.0,292.0,False,SOFT,13.0,False,Mercedes,0 days 01:28:38.820000,2018-03-23 06:24:46.193,1,,False,,False,True,88.263,88.263
673,0 days 01:31:35.390000,BOT,77,0 days 00:01:28.307000,30.0,5.0,,,29.129,23.802,35.376,0 days 01:30:36.212000,0 days 01:31:00.014000,0 days 01:31:35.390000,274.0,287.0,281.0,291.0,False,SOFT,14.0,False,Mercedes,0 days 01:30:07.083000,2018-03-23 06:26:14.456,1,,False,,False,True,88.307,88.30699999999999
674,0 days 01:33:21.442000,BOT,77,0 days 00:01:46.052000,31.0,5.0,,0 days 01:33:02.721000,29.444,23.781,52.827,0 days 01:32:04.834000,0 days 01:32:28.615000,0 days 01:33:21.442000,,288.0,,289.0,False,SOFT,15.0,False,Mercedes,0 days 01:31:35.390000,2018-03-23 06:27:42.763,1,,False,,False,False,106.052,106.05199999999999
675,0 days 01:35:08.319000,BOT,77,0 days 00:01:46.877000,32.0,6.0,0 days 01:33:24.256000,,37.59,27.237,42.05,0 days 01:33:59.032000,0 days 01:34:26.269000,0 days 01:35:08.319000,161.0,154.0,255.0,225.0,False,ULTRASOFT,17.0,False,Mercedes,0 days 01:33:21.442000,2018-03-23 06:29:28.815,1,,False,,False,False,106.877,106.877
676,0 days 01:37:40.704000,BOT,77,,33.0,6.0,,,37.187,29.349,85.841,0 days 01:35:45.610000,0 days 01:36:14.863000,0 days 01:37:40.907000,210.0,201.0,179.0,205.0,False,ULTRASOFT,18.0,False,Mercedes,0 days 01:35:08.319000,2018-03-23 06:31:15.692,1,,False,,False,False,,152.377
677,0 days 01:39:37.880000,BOT,77,,34.0,6.0,,0 days 01:39:37.880000,36.599,31.967,,0 days 01:38:17.405000,0 days 01:38:49.266000,,183.0,181.0,,263.0,False,ULTRASOFT,19.0,False,Mercedes,0 days 01:37:40.704000,2018-03-23 06:33:48.077,12,,False,,False,False,,
