,Time,Driver,DriverNumber,LapTime,LapNumber,Stint,PitOutTime,PitInTime,Sector1Time,Sector2Time,Sector3Time,Sector1SessionTime,Sector2SessionTime,Sector3SessionTime,SpeedI1,SpeedI2,SpeedFL,SpeedST,IsPersonalBest,Compound,TyreLife,FreshTyre,Team,LapStartTime,LapStartDate,TrackStatus,Position,Deleted,DeletedReason,FastF1Generated,IsAccurate,LapTime_in_seconds,laptime_sum_sectortimes
0,0 days 00:23:07.674000,RIC,3,,1.0,1.0,0 days 00:21:45.238000,,,37.415,24.781,,0 days 00:22:43.030000,0 days 00:23:07.674000,271.0,208.0,285.0,267.0,False,MEDIUM,1.0,True,Renault,0 days 00:21:45.238000,2020-07-10 13:15:27.677,1,,False,,False,False,,
1,0 days 00:34:41.511000,RIC,3,,2.0,1.0,,0 days 00:34:41.511000,16.514,29.195,,0 days 00:23:24.353000,0 days 00:23:53.489000,,320.0,246.0,,315.0,False,MEDIUM,2.0,True,Renault,0 days 00:23:07.674000,2020-07-10 13:16:50.113,125,,False,,False,False,,
2,0 days 00:15:37.190000,NOR,4,,1.0,1.0,0 days 00:14:16.755000,,,36.358,24.523,,0 days 00:15:12.927000,0 days 00:15:37.303000,268.0,213.0,278.0,295.0,False,HARD,3.0,False,McLaren,0 days 00:14:16.755000,2020-07-10 13:07:59.194,1,,False,,False,False,,
3,0 days 00:16:43.563000,NOR,4,0 days 00:01:06.373000,2.0,1.0,,,16.838,29.453,20.082,0 days 00:15:54.028000,0 days 00:16:23.481000,0 days 00:16:43.563000,311.0,244.0,283.0,311.0,True,HARD,4.0,False,McLaren,0 days 00:15:37.190000,2020-07-10 13:09:19.629,1,,False,,False,True,66.373,66.37299999999999
4,0 days 00:18:16.226000,NOR,4,0 days 00:01:32.663000,3.0,1.0,,,24.224,42.892,25.547,0 days 00:17:07.787000,0 days 00:17:50.679000,0 days 00:18:16.226000,211.0,171.0,280.0,195.0,False,HARD,5.0,False,McLaren,0 days 00:16:43.563000,2020-07-10 13:10:26.002,1,,False,,False,True,92.663,92.663
5,0 days 00:19:22.993000,NOR,4,0 days 00:01:06.767000,4.0,1.0,,,16.775,29.819,20.173,0 days 00:18:33.001000,0 days 00:19:02.820000,0 days 00:19:22.993000,312.0,242.0,283.0,310.0,False,HARD,6.0,False,McLaren,0 days 00:18:16.226000,2020-07-10 13:11:58.665,1,,False,,False,True,66.767,66.767
6,0 days 00:21:07.356000,NOR,4,0 days 00:01:44.363000,5.0,1.0,,,24.525,52.102,27.736,0 days 00:19:47.518000,0 days 00:20:39.620000,0 days 00:21:07.356000,151.0,69.0,282.0,162.0,False,HARD,7.0,False,McLaren,0 days 00:19:22.993000,2020-07-10 13:13:05.432,1,,False,,False,True,104.363,104.363
7,0 days 00:22:31.102000,NOR,4,0 days 00:01:23.746000,6.0,1.0,,,18.855,38.269,26.622,0 days 00:21:26.211000,0 days 00:22:04.480000,0 days 00:22:31.102000,294.0,203.0,282.0,219.0,False,HARD,8.0,False,McLaren,0 days 00:21:07.356000,2020-07-10 13:14:49.795,1,,False,,False,True,83.746,83.746
8,0 days 00:23:37.593000,NOR,4,0 days 00:01:06.491000,7.0,1.0,,,16.82,29.554,20.117,0 days 00:22:47.922000,0 days 00:23:17.476000,0 days 00:23:37.593000,314.0,240.0,283.0,311.0,False,HARD,9.0,False,McLaren,0 days 00:22:31.102000,2020-07-10 13:16:13.541,1,,False,,False,True,66.491,66.491
9,0 days 00:36:53.409000,NOR,4,,8.0,1.0,,0 days 00:25:13.592000,19.187,,,0 days 00:23:57.047000,,,196.0,,,215.0,False,HARD,10.0,False,McLaren,0 days 00:23:37.593000,2020-07-10 13:17:20.032,125,,False,,False,False,,
10,0 days 00:38:15.194000,NOR,4,,9.0,2.0,0 days 00:36:53.409000,,,34.98,27.051,,0 days 00:37:48.384000,0 days 00:38:15.292000,295.0,205.0,284.0,298.0,False,SOFT,1.0,True,McLaren,0 days 00:36:53.409000,2020-07-10 13:30:35.848,1,,False,,False,False,,
11,0 days 00:39:20.155000,NOR,4,0 days 00:01:04.961000,10.0,2.0,,,16.484,28.819,19.658,0 days 00:38:31.678000,0 days 00:39:00.497000,0 days 00:39:20.155000,315.0,246.0,286.0,313.0,True,SOFT,2.0,True,McLaren,0 days 00:38:15.194000,2020-07-10 13:31:57.633,1,,False,,False,True,64.961,64.961
12,0 days 00:41:05.628000,NOR,4,0 days 00:01:45.473000,11.0,2.0,,,25.5,47.174,32.799,0 days 00:39:45.655000,0 days 00:40:32.829000,0 days 00:41:05.628000,193.0,161.0,283.0,156.0,False,SOFT,3.0,True,McLaren,0 days 00:39:20.155000,2020-07-10 13:33:02.594,1,,False,,False,True,105.473,105.47300000000001
13,0 days 00:42:11.017000,NOR,4,0 days 00:01:05.389000,12.0,2.0,,,16.523,28.925,19.941,0 days 00:41:22.151000,0 days 00:41:51.076000,0 days 00:42:11.017000,315.0,245.0,283.0,312.0,False,SOFT,4.0,True,McLaren,0 days 00:41:05.628000,2020-07-10 13:34:48.067,1,,False,,False,True,65.389,65.389
14,0 days 00:43:38.806000,NOR,4,0 days 00:01:27.789000,13.0,2.0,,,22.391,39.723,25.675,0 days 00:42:33.408000,0 days 00:43:13.131000,0 days 00:43:38.806000,211.0,180.0,284.0,221.0,False,SOFT,5.0,True,McLaren,0 days 00:42:11.017000,2020-07-10 13:35:53.456,1,,False,,False,True,87.789,87.789
15,0 days 00:44:43.787000,NOR,4,0 days 00:01:04.981000,14.0,2.0,,,16.455,28.849,19.677,0 days 00:43:55.261000,0 days 00:44:24.110000,0 days 00:44:43.787000,317.0,247.0,286.0,313.0,False,SOFT,6.0,True,McLaren,0 days 00:43:38.806000,2020-07-10 13:37:21.245,1,,False,,False,True,64.981,64.981
16,0 days 00:46:40.784000,NOR,4,0 days 00:01:56.997000,15.0,2.0,,0 days 00:46:12.086000,23.548,38.172,55.277,0 days 00:45:07.335000,0 days 00:45:45.507000,0 days 00:46:40.784000,146.0,200.0,,234.0,False,SOFT,7.0,True,McLaren,0 days 00:44:43.787000,2020-07-10 13:38:26.226,12,,False,,False,False,116.997,116.997
17,0 days 00:55:52.917000,NOR,4,,16.0,3.0,0 days 00:54:30.599000,,,37.636,25.26,,0 days 00:55:27.944000,0 days 00:55:53.087000,300.0,145.0,286.0,295.0,False,SOFT,1.0,True,McLaren,0 days 00:46:40.784000,2020-07-10 13:40:23.223,1,,False,,False,False,,
18,0 days 00:56:57.458000,NOR,4,0 days 00:01:04.541000,17.0,3.0,,,16.492,28.592,19.457,0 days 00:56:09.409000,0 days 00:56:38.001000,0 days 00:56:57.458000,315.0,251.0,286.0,314.0,True,SOFT,2.0,True,McLaren,0 days 00:55:52.917000,2020-07-10 13:49:35.356,1,,False,,False,True,64.541,64.541
19,0 days 00:58:28.074000,NOR,4,0 days 00:01:30.616000,18.0,3.0,,0 days 00:58:24.816000,26.056,36.098,28.462,0 days 00:57:23.514000,0 days 00:57:59.612000,0 days 00:58:28.074000,174.0,221.0,,220.0,False,SOFT,3.0,True,McLaren,0 days 00:56:57.458000,2020-07-10 13:50:39.897,1,,False,,False,False,90.616,90.616
20,0 days 01:29:17.262000,NOR,4,,19.0,4.0,0 days 01:28:00.497000,,,34.662,21.37,,0 days 01:28:56.057000,0 days 01:29:17.312000,271.0,235.0,266.0,279.0,False,SOFT,8.0,False,McLaren,0 days 00:58:28.074000,2020-07-10 13:52:10.513,12,,False,,False,False,,
21,0 days 01:30:26.759000,NOR,4,0 days 00:01:09.497000,20.0,4.0,,,17.628,30.717,21.152,0 days 01:29:34.890000,0 days 01:30:05.607000,0 days 01:30:26.759000,289.0,232.0,268.0,291.0,False,SOFT,9.0,False,McLaren,0 days 01:29:17.262000,2020-07-10 14:22:59.701,1,,False,,False,True,69.497,69.497
22,0 days 01:31:36.243000,NOR,4,0 days 00:01:09.484000,21.0,4.0,,,17.585,30.83,21.069,0 days 01:30:44.344000,0 days 01:31:15.174000,0 days 01:31:36.243000,288.0,232.0,269.0,288.0,False,SOFT,10.0,False,McLaren,0 days 01:30:26.759000,2020-07-10 14:24:09.198,1,,False,,False,True,69.484,69.484
23,0 days 01:32:49.984000,NOR,4,0 days 00:01:13.741000,22.0,4.0,,0 days 01:32:46.590000,17.553,30.839,25.349,0 days 01:31:53.796000,0 days 01:32:24.635000,0 days 01:32:49.984000,287.0,232.0,,287.0,False,SOFT,11.0,False,McLaren,0 days 01:31:36.243000,2020-07-10 14:25:18.682,1,,False,,False,False,73.741,73.741
24,0 days 01:34:20.573000,NOR,4,0 days 00:01:30.589000,23.0,5.0,0 days 01:33:10.270000,,37.556,31.475,21.558,0 days 01:33:27.540000,0 days 01:33:59.015000,0 days 01:34:20.573000,285.0,225.0,269.0,288.0,False,HARD,11.0,False,McLaren,0 days 01:32:49.984000,2020-07-10 14:26:32.423,1,,False,,False,False,90.589,90.589
25,0 days 01:35:30.676000,NOR,4,0 days 00:01:10.103000,24.0,5.0,,,17.693,31.049,21.361,0 days 01:34:38.266000,0 days 01:35:09.315000,0 days 01:35:30.676000,290.0,228.0,269.0,300.0,False,HARD,12.0,False,McLaren,0 days 01:34:20.573000,2020-07-10 14:28:03.012,1,,False,,False,True,70.103,70.10300000000001
26,0 days 01:36:45.031000,NOR,4,0 days 00:01:14.355000,25.0,5.0,,,17.661,32.012,24.682,0 days 01:35:48.337000,0 days 01:36:20.349000,0 days 01:36:45.031000,289.0,140.0,268.0,292.0,False,HARD,13.0,False,McLaren,0 days 01:35:30.676000,2020-07-10 14:29:13.115,1,,False,,False,True,74.355,74.355
27,0 days 01:37:54.860000,NOR,4,0 days 00:01:09.829000,26.0,5.0,,,17.72,30.795,21.314,0 days 01:37:02.751000,0 days 01:37:33.546000,0 days 01:37:54.860000,287.0,230.0,268.0,288.0,False,HARD,14.0,False,McLaren,0 days 01:36:45.031000,2020-07-10 14:30:27.470,1,,False,,False,True,69.829,69.82900000000001
28,0 days 01:39:04.882000,NOR,4,0 days 00:01:10.022000,27.0,5.0,,,17.726,31.013,21.283,0 days 01:38:12.586000,0 days 01:38:43.599000,0 days 01:39:04.882000,286.0,227.0,269.0,289.0,False,HARD,15.0,False,McLaren,0 days 01:37:54.860000,2020-07-10 14:31:37.299,1,,False,,False,True,70.022,70.022
29,0 days 01:40:15.604000,NOR,4,0 days 00:01:10.722000,28.0,5.0,,,17.462,31.194,22.066,0 days 01:39:22.344000,0 days 01:39:53.538000,0 days 01:40:15.604000,295.0,226.0,269.0,294.0,False,HARD,16.0,False,McLaren,0 days 01:39:04.882000,2020-07-10 14:32:47.321,1,,False,,False,True,70.722,70.722
30,0 days 01:41:42.768000,NOR,4,0 days 00:01:27.164000,29.0,5.0,,,17.622,40.63,28.912,0 days 01:40:33.226000,0 days 01:41:13.856000,0 days 01:41:42.768000,293.0,163.0,191.0,178.0,False,HARD,17.0,False,McLaren,0 days 01:40:15.604000,2020-07-10 14:33:58.043,1,,False,,False,True,87.164,87.164
31,0 days 01:43:30.150000,NOR,4,0 days 00:01:47.382000,30.0,5.0,,,23.495,39.244,44.643,0 days 01:42:06.263000,0 days 01:42:45.507000,0 days 01:43:30.150000,172.0,201.0,46.0,202.0,False,HARD,18.0,False,McLaren,0 days 01:41:42.768000,2020-07-10 14:35:25.207,1,,False,,False,True,107.382,107.382
32,0 days 01:45:23.631000,NOR,4,0 days 00:01:53.481000,31.0,5.0,,0 days 01:45:20.234000,44.287,38.934,30.26,0 days 01:44:14.437000,0 days 01:44:53.371000,0 days 01:45:23.631000,203.0,208.0,,163.0,False,HARD,19.0,False,McLaren,0 days 01:43:30.150000,2020-07-10 14:37:12.589,1,,False,,False,False,113.481,113.48100000000001
33,0 days 00:18:25.851000,VET,5,,1.0,1.0,0 days 00:17:05.374000,,,35.995,25.592,,0 days 00:18:00.470000,0 days 00:18:25.954000,274.0,192.0,278.0,268.0,False,MEDIUM,1.0,True,Ferrari,0 days 00:17:05.374000,2020-07-10 13:10:47.813,1,,False,,False,False,,
34,0 days 00:19:33.125000,VET,5,0 days 00:01:07.274000,2.0,1.0,,,16.839,30.135,20.3,0 days 00:18:42.690000,0 days 00:19:12.825000,0 days 00:19:33.125000,310.0,241.0,279.0,308.0,True,MEDIUM,2.0,True,Ferrari,0 days 00:18:25.851000,2020-07-10 13:12:08.290,1,,False,,False,True,67.274,67.274
35,0 days 00:21:15.262000,VET,5,0 days 00:01:42.137000,3.0,1.0,,,24.738,46.741,30.658,0 days 00:19:57.863000,0 days 00:20:44.604000,0 days 00:21:15.262000,174.0,169.0,281.0,176.0,False,MEDIUM,3.0,True,Ferrari,0 days 00:19:33.125000,2020-07-10 13:13:15.564,1,,False,,False,True,102.137,102.137
36,0 days 00:22:21.701000,VET,5,0 days 00:01:06.439000,4.0,1.0,,,16.703,29.75,19.986,0 days 00:21:31.965000,0 days 00:22:01.715000,0 days 00:22:21.701000,313.0,241.0,281.0,309.0,True,MEDIUM,4.0,True,Ferrari,0 days 00:21:15.262000,2020-07-10 13:14:57.701,1,,False,,False,True,66.439,66.43900000000001
37,0 days 00:23:57.273000,VET,5,0 days 00:01:35.572000,5.0,1.0,,,22.481,42.043,31.048,0 days 00:22:44.182000,0 days 00:23:26.225000,0 days 00:23:57.273000,216.0,182.0,280.0,254.0,False,MEDIUM,5.0,True,Ferrari,0 days 00:22:21.701000,2020-07-10 13:16:04.140,1,,False,,False,True,95.572,95.572
38,0 days 00:37:11.057000,VET,5,,6.0,1.0,,0 days 00:25:37.451000,16.712,,,0 days 00:24:14.241000,,,312.0,,,,False,MEDIUM,6.0,True,Ferrari,0 days 00:23:57.273000,2020-07-10 13:17:39.712,125,,False,,False,False,,
39,0 days 00:38:42.018000,VET,5,,7.0,2.0,0 days 00:37:11.057000,,,41.309,30.111,,0 days 00:38:12.111000,0 days 00:38:42.143000,264.0,145.0,282.0,257.0,False,MEDIUM,1.0,True,Ferrari,0 days 00:37:11.057000,2020-07-10 13:30:53.496,1,,False,,False,False,,
40,0 days 00:39:47.631000,VET,5,0 days 00:01:05.613000,8.0,2.0,,,16.489,29.137,19.987,0 days 00:38:58.507000,0 days 00:39:27.644000,0 days 00:39:47.631000,312.0,242.0,281.0,311.0,True,MEDIUM,2.0,True,Ferrari,0 days 00:38:42.018000,2020-07-10 13:32:24.457,1,,False,,False,True,65.613,65.613
41,0 days 00:41:27.119000,VET,5,0 days 00:01:39.488000,9.0,2.0,,,24.135,46.088,29.265,0 days 00:40:11.766000,0 days 00:40:57.854000,0 days 00:41:27.119000,160.0,67.0,278.0,216.0,False,MEDIUM,3.0,True,Ferrari,0 days 00:39:47.631000,2020-07-10 13:33:30.070,1,,False,,False,True,99.488,99.488
42,0 days 00:42:33.250000,VET,5,0 days 00:01:06.131000,10.0,2.0,,,16.705,29.323,20.103,0 days 00:41:43.824000,0 days 00:42:13.147000,0 days 00:42:33.250000,309.0,238.0,281.0,308.0,False,MEDIUM,4.0,True,Ferrari,0 days 00:41:27.119000,2020-07-10 13:35:09.558,1,,False,,False,True,66.131,66.131
43,0 days 00:44:08.397000,VET,5,0 days 00:01:35.147000,11.0,2.0,,,21.99,43.641,29.516,0 days 00:42:55.240000,0 days 00:43:38.881000,0 days 00:44:08.397000,213.0,160.0,280.0,217.0,False,MEDIUM,5.0,True,Ferrari,0 days 00:42:33.250000,2020-07-10 13:36:15.689,1,,False,,False,True,95.147,95.14699999999999
44,0 days 00:45:14.519000,VET,5,0 days 00:01:06.122000,12.0,2.0,,,16.723,29.397,20.002,0 days 00:44:25.120000,0 days 00:44:54.517000,0 days 00:45:14.519000,309.0,240.0,280.0,305.0,False,MEDIUM,6.0,True,Ferrari,0 days 00:44:08.397000,2020-07-10 13:37:50.836,12,,False,,False,True,66.122,66.122
45,0 days 00:46:45.207000,VET,5,0 days 00:01:30.688000,13.0,2.0,,0 days 00:46:41.591000,23.411,37.076,30.201,0 days 00:45:37.930000,0 days 00:46:15.006000,0 days 00:46:45.207000,226.0,201.0,,217.0,False,MEDIUM,7.0,True,Ferrari,0 days 00:45:14.519000,2020-07-10 13:38:56.958,1,,False,,False,False,90.688,90.688
46,0 days 00:53:10.948000,VET,5,,14.0,3.0,0 days 00:51:46.506000,,,38.898,26.023,,0 days 00:52:45.133000,0 days 00:53:11.035000,247.0,179.0,283.0,256.0,False,SOFT,1.0,True,Ferrari,0 days 00:46:45.207000,2020-07-10 13:40:27.646,1,,False,,False,False,,
47,0 days 00:54:15.720000,VET,5,0 days 00:01:04.772000,15.0,3.0,,,16.379,28.765,19.628,0 days 00:53:27.327000,0 days 00:53:56.092000,0 days 00:54:15.720000,313.0,248.0,288.0,310.0,False,SOFT,2.0,True,Ferrari,0 days 00:53:10.948000,2020-07-10 13:46:53.387,1,,True,TRACK LIMITS AT TURN 9,False,True,64.772,64.772
48,0 days 00:55:47.468000,VET,5,0 days 00:01:31.748000,16.0,3.0,,0 days 00:55:43.499000,23.293,38.366,30.089,0 days 00:54:39.013000,0 days 00:55:17.379000,0 days 00:55:47.468000,111.0,201.0,,234.0,False,SOFT,3.0,True,Ferrari,0 days 00:54:15.720000,2020-07-10 13:47:58.159,1,,False,,False,False,91.748,91.74799999999999
49,0 days 00:58:07.874000,VET,5,0 days 00:02:20.406000,17.0,4.0,0 days 00:56:37.553000,0 days 00:58:04.573000,71.94,37.5,30.966,0 days 00:56:59.408000,0 days 00:57:36.908000,0 days 00:58:07.874000,198.0,158.0,,198.0,False,SOFT,4.0,False,Ferrari,0 days 00:55:47.468000,2020-07-10 13:49:29.907,1,,False,,False,False,140.406,140.406
50,0 days 01:09:23.427000,VET,5,,18.0,5.0,0 days 01:08:02.858000,0 days 01:09:18.648000,,32.806,27.7,,0 days 01:08:55.908000,0 days 01:09:23.590000,264.0,217.0,,278.0,False,MEDIUM,7.0,False,Ferrari,0 days 00:58:07.874000,2020-07-10 13:51:50.313,1,,False,,False,False,,
51,0 days 01:11:07.482000,VET,5,0 days 00:01:44.055000,19.0,6.0,0 days 01:09:56.741000,,51.312,31.208,21.535,0 days 01:10:14.739000,0 days 01:10:45.947000,0 days 01:11:07.482000,286.0,230.0,265.0,287.0,False,MEDIUM,8.0,False,Ferrari,0 days 01:09:23.427000,2020-07-10 14:03:05.866,1,,False,,False,False,104.055,104.05499999999999
52,0 days 01:12:17.209000,VET,5,0 days 00:01:09.727000,20.0,6.0,,,17.601,30.928,21.198,0 days 01:11:25.083000,0 days 01:11:56.011000,0 days 01:12:17.209000,294.0,230.0,271.0,292.0,False,MEDIUM,9.0,False,Ferrari,0 days 01:11:07.482000,2020-07-10 14:04:49.921,1,,False,,False,True,69.727,69.727
53,0 days 01:13:26.699000,VET,5,0 days 00:01:09.490000,21.0,6.0,,,17.478,30.833,21.179,0 days 01:12:34.687000,0 days 01:13:05.520000,0 days 01:13:26.699000,300.0,232.0,267.0,293.0,False,MEDIUM,10.0,False,Ferrari,0 days 01:12:17.209000,2020-07-10 14:05:59.648,1,,False,,False,True,69.49,69.49
54,0 days 01:14:37.211000,VET,5,0 days 00:01:10.512000,22.0,6.0,,,17.594,31.76,21.158,0 days 01:13:44.293000,0 days 01:14:16.053000,0 days 01:14:37.211000,297.0,233.0,267.0,289.0,False,MEDIUM,11.0,False,Ferrari,0 days 01:13:26.699000,2020-07-10 14:07:09.138,1,,False,,False,True,70.512,70.512
55,0 days 01:15:46.885000,VET,5,0 days 00:01:09.674000,23.0,6.0,,,17.703,30.848,21.123,0 days 01:14:54.914000,0 days 01:15:25.762000,0 days 01:15:46.885000,293.0,232.0,268.0,291.0,False,MEDIUM,12.0,False,Ferrari,0 days 01:14:37.211000,2020-07-10 14:08:19.650,1,,False,,False,True,69.674,69.674
56,0 days 01:16:56.404000,VET,5,0 days 00:01:09.519000,24.0,6.0,,,17.62,30.871,21.028,0 days 01:16:04.505000,0 days 01:16:35.376000,0 days 01:16:56.404000,293.0,232.0,267.0,291.0,False,MEDIUM,13.0,False,Ferrari,0 days 01:15:46.885000,2020-07-10 14:09:29.324,1,,False,,False,True,69.519,69.519
57,0 days 01:18:05.789000,VET,5,0 days 00:01:09.385000,25.0,6.0,,,17.571,30.822,20.992,0 days 01:17:13.975000,0 days 01:17:44.797000,0 days 01:18:05.789000,294.0,233.0,268.0,291.0,False,MEDIUM,14.0,False,Ferrari,0 days 01:16:56.404000,2020-07-10 14:10:38.843,1,,False,,False,True,69.385,69.385
58,0 days 01:19:15.478000,VET,5,0 days 00:01:09.689000,26.0,6.0,,,17.602,31.051,21.036,0 days 01:18:23.391000,0 days 01:18:54.442000,0 days 01:19:15.478000,293.0,232.0,267.0,290.0,False,MEDIUM,15.0,False,Ferrari,0 days 01:18:05.789000,2020-07-10 14:11:48.228,1,,False,,False,True,69.689,69.689
59,0 days 01:20:28.727000,VET,5,0 days 00:01:13.249000,27.0,6.0,,0 days 01:20:25.365000,17.63,30.849,24.77,0 days 01:19:33.108000,0 days 01:20:03.957000,0 days 01:20:28.727000,293.0,233.0,,291.0,False,MEDIUM,16.0,False,Ferrari,0 days 01:19:15.478000,2020-07-10 14:12:57.917,1,,False,,False,False,73.249,73.249
60,0 days 01:21:58.702000,VET,5,0 days 00:01:29.975000,28.0,7.0,0 days 01:20:46.993000,0 days 01:21:55.169000,34.792,30.699,24.484,0 days 01:21:03.519000,0 days 01:21:34.218000,0 days 01:21:58.702000,291.0,235.0,,292.0,False,SOFT,5.0,False,Ferrari,0 days 01:20:28.727000,2020-07-10 14:14:11.166,1,,False,,False,False,89.975,89.975
61,0 days 01:30:48.194000,VET,5,,29.0,8.0,0 days 01:29:35.991000,,,31.888,21.731,,0 days 01:30:26.660000,0 days 01:30:48.232000,289.0,229.0,267.0,289.0,False,MEDIUM,8.0,False,Ferrari,0 days 01:21:58.702000,2020-07-10 14:15:41.141,12,,False,,False,False,,
62,0 days 01:31:57.886000,VET,5,0 days 00:01:09.692000,30.0,8.0,,,17.632,30.756,21.304,0 days 01:31:05.826000,0 days 01:31:36.582000,0 days 01:31:57.886000,293.0,232.0,268.0,293.0,False,MEDIUM,9.0,False,Ferrari,0 days 01:30:48.194000,2020-07-10 14:24:30.633,1,,False,,False,True,69.692,69.69200000000001
63,0 days 01:33:13.001000,VET,5,0 days 00:01:15.115000,31.0,8.0,,0 days 01:33:09.625000,17.648,30.938,26.529,0 days 01:32:15.534000,0 days 01:32:46.472000,0 days 01:33:13.001000,295.0,232.0,,294.0,False,MEDIUM,10.0,False,Ferrari,0 days 01:31:57.886000,2020-07-10 14:25:40.325,1,,False,,False,False,75.115,75.115
64,0 days 01:34:38.764000,VET,5,0 days 00:01:25.763000,32.0,9.0,0 days 01:33:27.345000,,31.341,31.181,23.241,0 days 01:33:44.342000,0 days 01:34:15.523000,0 days 01:34:38.764000,288.0,227.0,267.0,290.0,False,MEDIUM,11.0,False,Ferrari,0 days 01:33:13.001000,2020-07-10 14:26:55.440,1,,False,,False,False,85.763,85.763
65,0 days 01:35:49.775000,VET,5,0 days 00:01:11.011000,33.0,9.0,,,17.684,31.0,22.327,0 days 01:34:56.448000,0 days 01:35:27.448000,0 days 01:35:49.775000,293.0,230.0,267.0,295.0,False,MEDIUM,12.0,False,Ferrari,0 days 01:34:38.764000,2020-07-10 14:28:21.203,1,,False,,False,True,71.011,71.011
66,0 days 01:36:59.497000,VET,5,0 days 00:01:09.722000,34.0,9.0,,,17.736,30.766,21.22,0 days 01:36:07.511000,0 days 01:36:38.277000,0 days 01:36:59.497000,291.0,232.0,266.0,292.0,False,MEDIUM,13.0,False,Ferrari,0 days 01:35:49.775000,2020-07-10 14:29:32.214,1,,True,TRACK LIMITS AT TURN 9,False,True,69.722,69.722
67,0 days 01:38:09.366000,VET,5,0 days 00:01:09.869000,35.0,9.0,,,17.789,30.783,21.297,0 days 01:37:17.286000,0 days 01:37:48.069000,0 days 01:38:09.366000,292.0,232.0,266.0,292.0,False,MEDIUM,14.0,False,Ferrari,0 days 01:36:59.497000,2020-07-10 14:30:41.936,1,,False,,False,True,69.869,69.869
68,0 days 01:39:27.496000,VET,5,0 days 00:01:18.130000,36.0,9.0,,0 days 01:39:24.091000,17.79,32.507,27.833,0 days 01:38:27.156000,0 days 01:38:59.663000,0 days 01:39:27.496000,293.0,225.0,,282.0,False,MEDIUM,15.0,False,Ferrari,0 days 01:38:09.366000,2020-07-10 14:31:51.805,1,,False,,False,False,78.13,78.13
69,0 days 01:41:09.063000,VET,5,0 days 00:01:41.567000,37.0,10.0,0 days 01:39:47.118000,,38.827,34.687,28.053,0 days 01:40:06.323000,0 days 01:40:41.010000,0 days 01:41:09.063000,249.0,210.0,269.0,270.0,False,SOFT,6.0,False,Ferrari,0 days 01:39:27.496000,2020-07-10 14:33:09.935,1,,False,,False,False,101.567,101.567
70,0 days 01:42:18.064000,VET,5,0 days 00:01:09.001000,38.0,10.0,,,17.591,30.396,21.014,0 days 01:41:26.654000,0 days 01:41:57.050000,0 days 01:42:18.064000,296.0,234.0,269.0,291.0,False,SOFT,7.0,False,Ferrari,0 days 01:41:09.063000,2020-07-10 14:34:51.502,1,,False,,False,True,69.001,69.001
71,0 days 01:44:35.208000,VET,5,0 days 00:02:17.144000,39.0,10.0,,,18.243,36.491,82.41,0 days 01:42:36.307000,0 days 01:43:12.798000,0 days 01:44:35.208000,303.0,148.0,4.0,223.0,False,SOFT,8.0,False,Ferrari,0 days 01:42:18.064000,2020-07-10 14:36:00.503,1,,False,,False,True,137.144,137.144
72,0 days 01:46:12.783000,VET,5,0 days 00:01:37.575000,40.0,10.0,,0 days 01:46:09.450000,21.552,37.318,38.705,0 days 01:44:56.760000,0 days 01:45:34.078000,0 days 01:46:12.783000,238.0,159.0,,198.0,False,SOFT,9.0,False,Ferrari,0 days 01:44:35.208000,2020-07-10 14:38:17.647,1,,False,,False,False,97.575,97.57499999999999
73,0 days 00:13:23.208000,LAT,6,,1.0,1.0,0 days 00:12:01.029000,,,35.808,25.666,,0 days 00:12:57.628000,0 days 00:13:23.225000,274.0,208.0,276.0,295.0,False,MEDIUM,1.0,True,Williams,0 days 00:12:01.029000,2020-07-10 13:05:43.468,,,False,,False,False,,
74,0 days 00:14:31.367000,LAT,6,0 days 00:01:08.159000,2.0,1.0,,,17.241,30.299,20.619,0 days 00:13:40.449000,0 days 00:14:10.748000,0 days 00:14:31.367000,308.0,240.0,280.0,310.0,True,MEDIUM,2.0,True,Williams,0 days 00:13:23.208000,2020-07-10 13:07:05.647,,,False,,False,False,68.159,68.15899999999999
75,0 days 00:15:57.397000,LAT,6,0 days 00:01:26.030000,3.0,1.0,,,20.779,39.538,25.713,0 days 00:14:52.146000,0 days 00:15:31.684000,0 days 00:15:57.397000,267.0,195.0,280.0,282.0,False,MEDIUM,3.0,True,Williams,0 days 00:14:31.367000,2020-07-10 13:08:13.806,1,,False,,False,True,86.03,86.03
76,0 days 00:17:04.836000,LAT,6,0 days 00:01:07.439000,4.0,1.0,,,16.91,30.107,20.422,0 days 00:16:14.307000,0 days 00:16:44.414000,0 days 00:17:04.836000,312.0,239.0,280.0,311.0,True,MEDIUM,4.0,True,Williams,0 days 00:15:57.397000,2020-07-10 13:09:39.836,1,,False,,False,True,67.439,67.439
77,0 days 00:18:32.864000,LAT,6,0 days 00:01:28.028000,5.0,1.0,,,21.2,39.822,27.006,0 days 00:17:26.036000,0 days 00:18:05.858000,0 days 00:18:32.864000,260.0,188.0,279.0,278.0,False,MEDIUM,5.0,True,Williams,0 days 00:17:04.836000,2020-07-10 13:10:47.275,1,,False,,False,True,88.028,88.028
78,0 days 00:19:40.543000,LAT,6,0 days 00:01:07.679000,6.0,1.0,,,17.047,30.194,20.438,0 days 00:18:49.911000,0 days 00:19:20.105000,0 days 00:19:40.543000,312.0,237.0,281.0,311.0,False,MEDIUM,6.0,True,Williams,0 days 00:18:32.864000,2020-07-10 13:12:15.303,1,,False,,False,True,67.679,67.679
79,0 days 00:20:49.374000,LAT,6,0 days 00:01:08.831000,7.0,1.0,,,17.091,30.692,21.048,0 days 00:19:57.634000,0 days 00:20:28.326000,0 days 00:20:49.374000,302.0,230.0,278.0,301.0,False,MEDIUM,7.0,True,Williams,0 days 00:19:40.543000,2020-07-10 13:13:22.982,1,,False,,False,True,68.831,68.831
80,0 days 00:21:58.406000,LAT,6,0 days 00:01:09.032000,8.0,1.0,,,17.375,30.656,21.001,0 days 00:21:06.749000,0 days 00:21:37.405000,0 days 00:21:58.406000,300.0,229.0,276.0,298.0,False,MEDIUM,8.0,True,Williams,0 days 00:20:49.374000,2020-07-10 13:14:31.813,1,,False,,False,True,69.032,69.032
81,0 days 00:23:21.331000,LAT,6,0 days 00:01:22.925000,9.0,1.0,,0 days 00:23:18.178000,19.5,36.571,26.854,0 days 00:22:17.906000,0 days 00:22:54.477000,0 days 00:23:21.331000,251.0,197.0,,260.0,False,MEDIUM,9.0,True,Williams,0 days 00:21:58.406000,2020-07-10 13:15:40.845,1,,False,,False,False,82.925,82.925
82,0 days 00:38:02.819000,LAT,6,,10.0,2.0,0 days 00:36:30.717000,,,38.402,32.608,,0 days 00:37:30.525000,0 days 00:38:02.941000,305.0,168.0,285.0,308.0,False,SOFT,1.0,True,Williams,0 days 00:36:30.717000,2020-07-10 13:30:13.156,1,,False,,False,False,,
83,0 days 00:39:09.269000,LAT,6,0 days 00:01:06.450000,11.0,2.0,,,16.808,29.552,20.09,0 days 00:38:19.627000,0 days 00:38:49.179000,0 days 00:39:09.269000,317.0,236.0,284.0,315.0,True,SOFT,2.0,True,Williams,0 days 00:38:02.819000,2020-07-10 13:31:45.258,1,,False,,False,True,66.45,66.45
84,0 days 00:40:42.676000,LAT,6,0 days 00:01:33.407000,12.0,2.0,,,21.166,43.897,28.344,0 days 00:39:30.435000,0 days 00:40:14.332000,0 days 00:40:42.676000,227.0,183.0,281.0,279.0,False,SOFT,3.0,True,Williams,0 days 00:39:09.269000,2020-07-10 13:32:51.708,1,,False,,False,True,93.407,93.40700000000001
85,0 days 00:41:49.767000,LAT,6,0 days 00:01:07.091000,13.0,2.0,,,16.944,29.798,20.349,0 days 00:40:59.620000,0 days 00:41:29.418000,0 days 00:41:49.767000,309.0,240.0,281.0,311.0,False,SOFT,4.0,True,Williams,0 days 00:40:42.676000,2020-07-10 13:34:25.115,1,,False,,False,True,67.091,67.091
86,0 days 00:43:20.625000,LAT,6,0 days 00:01:30.858000,14.0,2.0,,,20.248,42.052,28.558,0 days 00:42:10.015000,0 days 00:42:52.067000,0 days 00:43:20.625000,247.0,185.0,282.0,206.0,False,SOFT,5.0,True,Williams,0 days 00:41:49.767000,2020-07-10 13:35:32.206,1,,False,,False,True,90.858,90.858
87,0 days 00:44:27.493000,LAT,6,0 days 00:01:06.868000,15.0,2.0,,,16.833,29.705,20.33,0 days 00:43:37.458000,0 days 00:44:07.163000,0 days 00:44:27.493000,313.0,242.0,283.0,309.0,False,SOFT,6.0,True,Williams,0 days 00:43:20.625000,2020-07-10 13:37:03.064,1,,False,,False,True,66.868,66.868
88,0 days 00:45:53.064000,LAT,6,0 days 00:01:25.571000,16.0,2.0,,0 days 00:45:49.882000,18.83,35.81,30.931,0 days 00:44:46.323000,0 days 00:45:22.133000,0 days 00:45:53.064000,260.0,213.0,,258.0,False,SOFT,7.0,True,Williams,0 days 00:44:27.493000,2020-07-10 13:38:09.932,12,,False,,False,False,85.571,85.571
89,0 days 00:49:54.539000,LAT,6,,17.0,3.0,0 days 00:48:22.615000,,,42.001,30.104,,0 days 00:49:24.645000,0 days 00:49:54.614000,306.0,172.0,285.0,289.0,False,SOFT,1.0,True,Williams,0 days 00:45:53.064000,2020-07-10 13:39:35.503,1,,False,,False,False,,
90,0 days 00:51:00.194000,LAT,6,0 days 00:01:05.655000,18.0,3.0,,,16.662,29.217,19.776,0 days 00:50:11.201000,0 days 00:50:40.418000,0 days 00:51:00.194000,318.0,245.0,282.0,313.0,True,SOFT,2.0,True,Williams,0 days 00:49:54.539000,2020-07-10 13:43:36.978,1,,False,,False,True,65.655,65.655
91,0 days 00:52:30.712000,LAT,6,0 days 00:01:30.518000,19.0,3.0,,,20.887,43.672,25.959,0 days 00:51:21.081000,0 days 00:52:04.753000,0 days 00:52:30.712000,261.0,189.0,281.0,213.0,False,SOFT,3.0,True,Williams,0 days 00:51:00.194000,2020-07-10 13:44:42.633,1,,False,,False,True,90.518,90.518
92,0 days 00:53:38.723000,LAT,6,0 days 00:01:08.011000,20.0,3.0,,,16.8,30.184,21.027,0 days 00:52:47.512000,0 days 00:53:17.696000,0 days 00:53:38.723000,308.0,232.0,282.0,309.0,False,SOFT,4.0,True,Williams,0 days 00:52:30.712000,2020-07-10 13:46:13.151,1,,False,,False,True,68.011,68.011
93,0 days 00:55:08.576000,LAT,6,0 days 00:01:29.853000,21.0,3.0,,0 days 00:55:05.481000,20.62,42.922,26.311,0 days 00:53:59.343000,0 days 00:54:42.265000,0 days 00:55:08.576000,235.0,213.0,,171.0,False,SOFT,5.0,True,Williams,0 days 00:53:38.723000,2020-07-10 13:47:21.162,1,,False,,False,False,89.853,89.85300000000001
94,0 days 01:11:17.064000,LAT,6,,22.0,4.0,0 days 01:10:02.833000,,,32.241,22.184,,0 days 01:10:54.965000,0 days 01:11:17.103000,286.0,222.0,266.0,286.0,False,SOFT,8.0,False,Williams,0 days 00:55:08.576000,2020-07-10 13:48:51.015,1,,False,,False,False,,
95,0 days 01:12:29.421000,LAT,6,0 days 00:01:12.357000,23.0,4.0,,,18.1,32.443,21.814,0 days 01:11:35.164000,0 days 01:12:07.607000,0 days 01:12:29.421000,281.0,224.0,266.0,280.0,False,SOFT,9.0,False,Williams,0 days 01:11:17.064000,2020-07-10 14:04:59.503,1,,False,,False,True,72.357,72.357
96,0 days 01:13:40.683000,LAT,6,0 days 00:01:11.262000,24.0,4.0,,,17.995,31.649,21.618,0 days 01:12:47.416000,0 days 01:13:19.065000,0 days 01:13:40.683000,284.0,226.0,267.0,282.0,False,SOFT,10.0,False,Williams,0 days 01:12:29.421000,2020-07-10 14:06:11.860,1,,False,,False,True,71.262,71.262
97,0 days 01:14:51.621000,LAT,6,0 days 00:01:10.938000,25.0,4.0,,,17.967,31.54,21.431,0 days 01:13:58.650000,0 days 01:14:30.190000,0 days 01:14:51.621000,283.0,227.0,268.0,281.0,False,SOFT,11.0,False,Williams,0 days 01:13:40.683000,2020-07-10 14:07:23.122,1,,False,,False,True,70.938,70.938
98,0 days 01:16:03.082000,LAT,6,0 days 00:01:11.461000,26.0,4.0,,,18.104,31.774,21.583,0 days 01:15:09.725000,0 days 01:15:41.499000,0 days 01:16:03.082000,281.0,226.0,267.0,284.0,False,SOFT,12.0,False,Williams,0 days 01:14:51.621000,2020-07-10 14:08:34.060,1,,False,,False,True,71.461,71.461
99,0 days 01:17:14.354000,LAT,6,0 days 00:01:11.272000,27.0,4.0,,,17.972,31.766,21.534,0 days 01:16:21.054000,0 days 01:16:52.820000,0 days 01:17:14.354000,283.0,226.0,267.0,282.0,False,SOFT,13.0,False,Williams,0 days 01:16:03.082000,2020-07-10 14:09:45.521,1,,False,,False,True,71.272,71.27199999999999
100,0 days 01:18:25.359000,LAT,6,0 days 00:01:11.005000,28.0,4.0,,,17.951,31.669,21.385,0 days 01:17:32.305000,0 days 01:18:03.974000,0 days 01:18:25.359000,281.0,226.0,267.0,281.0,False,SOFT,14.0,False,Williams,0 days 01:17:14.354000,2020-07-10 14:10:56.793,1,,False,,False,True,71.005,71.00500000000001
101,0 days 01:19:36.431000,LAT,6,0 days 00:01:11.072000,29.0,4.0,,,18.02,31.552,21.5,0 days 01:18:43.379000,0 days 01:19:14.931000,0 days 01:19:36.431000,283.0,227.0,268.0,283.0,False,SOFT,15.0,False,Williams,0 days 01:18:25.359000,2020-07-10 14:12:07.798,1,,False,,False,True,71.072,71.072
102,0 days 01:20:47.555000,LAT,6,0 days 00:01:11.124000,30.0,4.0,,,17.92,31.789,21.415,0 days 01:19:54.351000,0 days 01:20:26.140000,0 days 01:20:47.555000,282.0,227.0,268.0,283.0,False,SOFT,16.0,False,Williams,0 days 01:19:36.431000,2020-07-10 14:13:18.870,1,,False,,False,True,71.124,71.124
103,0 days 01:22:02.666000,LAT,6,0 days 00:01:15.111000,31.0,4.0,,0 days 01:21:59.501000,18.008,31.83,25.273,0 days 01:21:05.563000,0 days 01:21:37.393000,0 days 01:22:02.666000,284.0,224.0,,284.0,False,SOFT,17.0,False,Williams,0 days 01:20:47.555000,2020-07-10 14:14:29.994,1,,False,,False,False,75.111,75.11099999999999
104,0 days 01:23:31.852000,LAT,6,0 days 00:01:29.186000,32.0,5.0,0 days 01:22:21.309000,,35.675,31.863,21.648,0 days 01:22:38.341000,0 days 01:23:10.204000,0 days 01:23:31.852000,285.0,228.0,268.0,288.0,False,MEDIUM,10.0,False,Williams,0 days 01:22:02.666000,2020-07-10 14:15:45.105,1,,False,,False,False,89.186,89.18599999999999
105,0 days 01:24:43.077000,LAT,6,0 days 00:01:11.225000,33.0,5.0,,,17.936,31.579,21.71,0 days 01:23:49.788000,0 days 01:24:21.367000,0 days 01:24:43.077000,281.0,228.0,268.0,284.0,False,MEDIUM,11.0,False,Williams,0 days 01:23:31.852000,2020-07-10 14:17:14.291,1,,False,,False,True,71.225,71.225
106,0 days 01:25:56.084000,LAT,6,0 days 00:01:13.007000,34.0,5.0,,,17.887,31.685,23.435,0 days 01:25:00.964000,0 days 01:25:32.649000,0 days 01:25:56.084000,282.0,226.0,269.0,286.0,False,MEDIUM,12.0,False,Williams,0 days 01:24:43.077000,2020-07-10 14:18:25.516,12,,False,,False,True,73.007,73.007
107,0 days 01:27:06.559000,LAT,6,0 days 00:01:10.475000,35.0,5.0,,,17.598,31.401,21.476,0 days 01:26:13.682000,0 days 01:26:45.083000,0 days 01:27:06.559000,294.0,226.0,269.0,296.0,False,MEDIUM,13.0,False,Williams,0 days 01:25:56.084000,2020-07-10 14:19:38.523,21,,False,,False,True,70.475,70.475
108,0 days 01:28:18.736000,LAT,6,0 days 00:01:12.177000,36.0,5.0,,,17.682,32.651,21.844,0 days 01:27:24.241000,0 days 01:27:56.892000,0 days 01:28:18.736000,297.0,223.0,271.0,298.0,False,MEDIUM,14.0,False,Williams,0 days 01:27:06.559000,2020-07-10 14:20:48.998,1,,False,,False,True,72.177,72.17699999999999
109,0 days 01:29:29.800000,LAT,6,0 days 00:01:11.064000,37.0,5.0,,,17.935,31.715,21.414,0 days 01:28:36.671000,0 days 01:29:08.386000,0 days 01:29:29.800000,283.0,221.0,269.0,285.0,False,MEDIUM,15.0,False,Williams,0 days 01:28:18.736000,2020-07-10 14:22:01.175,1,,False,,False,True,71.064,71.064
110,0 days 01:30:40.525000,LAT,6,0 days 00:01:10.725000,38.0,5.0,,,17.899,31.483,21.343,0 days 01:29:47.699000,0 days 01:30:19.182000,0 days 01:30:40.525000,281.0,226.0,268.0,284.0,False,MEDIUM,16.0,False,Williams,0 days 01:29:29.800000,2020-07-10 14:23:12.239,1,,False,,False,True,70.725,70.72500000000001
111,0 days 01:31:51.486000,LAT,6,0 days 00:01:10.961000,39.0,5.0,,,17.932,31.651,21.378,0 days 01:30:58.457000,0 days 01:31:30.108000,0 days 01:31:51.486000,281.0,225.0,269.0,285.0,False,MEDIUM,17.0,False,Williams,0 days 01:30:40.525000,2020-07-10 14:24:22.964,1,,False,,False,True,70.961,70.961
112,0 days 01:33:02.451000,LAT,6,0 days 00:01:10.965000,40.0,5.0,,,17.953,31.593,21.419,0 days 01:32:09.439000,0 days 01:32:41.032000,0 days 01:33:02.451000,279.0,227.0,267.0,281.0,False,MEDIUM,18.0,False,Williams,0 days 01:31:51.486000,2020-07-10 14:25:33.925,1,,False,,False,True,70.965,70.965
113,0 days 01:34:13.189000,LAT,6,0 days 00:01:10.738000,41.0,5.0,,,17.97,31.368,21.4,0 days 01:33:20.421000,0 days 01:33:51.789000,0 days 01:34:13.189000,282.0,227.0,268.0,287.0,False,MEDIUM,19.0,False,Williams,0 days 01:33:02.451000,2020-07-10 14:26:44.890,1,,False,,False,True,70.738,70.738
114,0 days 01:35:23.961000,LAT,6,0 days 00:01:10.772000,42.0,5.0,,,17.942,31.48,21.35,0 days 01:34:31.131000,0 days 01:35:02.611000,0 days 01:35:23.961000,279.0,226.0,269.0,284.0,False,MEDIUM,20.0,False,Williams,0 days 01:34:13.189000,2020-07-10 14:27:55.628,1,,False,,False,True,70.772,70.77199999999999
115,0 days 01:36:35.050000,LAT,6,0 days 00:01:11.089000,43.0,5.0,,,17.98,31.614,21.495,0 days 01:35:41.941000,0 days 01:36:13.555000,0 days 01:36:35.050000,279.0,226.0,268.0,284.0,False,MEDIUM,21.0,False,Williams,0 days 01:35:23.961000,2020-07-10 14:29:06.400,1,,False,,False,True,71.089,71.089
116,0 days 01:37:47.113000,LAT,6,0 days 00:01:12.063000,44.0,5.0,,,17.807,32.705,21.551,0 days 01:36:52.857000,0 days 01:37:25.562000,0 days 01:37:47.113000,272.0,225.0,270.0,288.0,False,MEDIUM,22.0,False,Williams,0 days 01:36:35.050000,2020-07-10 14:30:17.489,1,,False,,False,True,72.063,72.063
117,0 days 01:39:10.678000,LAT,6,0 days 00:01:23.565000,45.0,5.0,,0 days 01:39:07.517000,18.397,36.102,29.066,0 days 01:38:05.510000,0 days 01:38:41.612000,0 days 01:39:10.678000,208.0,198.0,,258.0,False,MEDIUM,23.0,False,Williams,0 days 01:37:47.113000,2020-07-10 14:31:29.552,1,,False,,False,False,83.565,83.565
118,0 days 01:41:04.747000,LAT,6,0 days 00:01:54.069000,46.0,6.0,0 days 01:39:50.504000,,57.698,32.932,23.439,0 days 01:40:08.376000,0 days 01:40:41.308000,0 days 01:41:04.747000,288.0,215.0,269.0,293.0,False,MEDIUM,24.0,False,Williams,0 days 01:39:10.678000,2020-07-10 14:32:53.117,1,,False,,False,False,114.069,114.06899999999999
119,0 days 01:42:15.747000,LAT,6,0 days 00:01:11,47.0,6.0,,,17.864,31.513,21.623,0 days 01:41:22.611000,0 days 01:41:54.124000,0 days 01:42:15.747000,287.0,227.0,271.0,285.0,False,MEDIUM,25.0,False,Williams,0 days 01:41:04.747000,2020-07-10 14:34:47.186,1,,False,,False,True,71.0,71.0
120,0 days 01:44:39.652000,LAT,6,0 days 00:02:23.905000,48.0,6.0,,,20.969,39.376,83.56,0 days 01:42:36.716000,0 days 01:43:16.092000,0 days 01:44:39.652000,202.0,186.0,47.0,166.0,False,MEDIUM,26.0,False,Williams,0 days 01:42:15.747000,2020-07-10 14:35:58.186,1,,False,,False,True,143.905,143.905
121,0 days 01:46:31.260000,LAT,6,0 days 00:01:51.608000,49.0,6.0,,0 days 01:46:28.099000,41.07,44.459,26.079,0 days 01:45:20.722000,0 days 01:46:05.181000,0 days 01:46:31.260000,239.0,219.0,,179.0,False,MEDIUM,27.0,False,Williams,0 days 01:44:39.652000,2020-07-10 14:38:22.091,1,,False,,False,False,111.608,111.608
122,0 days 00:13:52.229000,RAI,7,,1.0,1.0,0 days 00:12:29.670000,,,36.994,27.6,,0 days 00:13:24.823000,0 days 00:13:52.345000,277.0,187.0,278.0,165.0,False,MEDIUM,1.0,True,Alfa Romeo Racing,0 days 00:12:29.670000,2020-07-10 13:06:12.109,,,False,,False,False,,
123,0 days 00:14:58.568000,RAI,7,0 days 00:01:06.339000,2.0,1.0,,,16.75,29.334,20.255,0 days 00:14:08.979000,0 days 00:14:38.313000,0 days 00:14:58.568000,313.0,242.0,281.0,312.0,True,MEDIUM,2.0,True,Alfa Romeo Racing,0 days 00:13:52.229000,2020-07-10 13:07:34.668,1,,False,,False,True,66.339,66.339
124,0 days 00:16:38.527000,RAI,7,0 days 00:01:39.959000,3.0,1.0,,,26.403,44.928,28.628,0 days 00:15:24.971000,0 days 00:16:09.899000,0 days 00:16:38.527000,127.0,176.0,282.0,125.0,False,MEDIUM,3.0,True,Alfa Romeo Racing,0 days 00:14:58.568000,2020-07-10 13:08:41.007,1,,False,,False,True,99.959,99.95899999999999
125,0 days 00:17:44.689000,RAI,7,0 days 00:01:06.162000,4.0,1.0,,,16.694,29.377,20.091,0 days 00:16:55.221000,0 days 00:17:24.598000,0 days 00:17:44.689000,316.0,243.0,279.0,314.0,True,MEDIUM,4.0,True,Alfa Romeo Racing,0 days 00:16:38.527000,2020-07-10 13:10:20.966,1,,False,,False,True,66.162,66.162
126,0 days 00:19:18.680000,RAI,7,0 days 00:01:33.991000,5.0,1.0,,,23.11,43.46,27.421,0 days 00:18:07.799000,0 days 00:18:51.259000,0 days 00:19:18.680000,214.0,179.0,285.0,234.0,False,MEDIUM,5.0,True,Alfa Romeo Racing,0 days 00:17:44.689000,2020-07-10 13:11:27.128,1,,False,,False,True,93.991,93.99099999999999
127,0 days 00:20:34.537000,RAI,7,0 days 00:01:15.857000,6.0,1.0,,0 days 00:20:31.258000,16.475,29.563,29.819,0 days 00:19:35.155000,0 days 00:20:04.718000,0 days 00:20:34.537000,321.0,231.0,,314.0,False,MEDIUM,6.0,True,Alfa Romeo Racing,0 days 00:19:18.680000,2020-07-10 13:13:01.119,1,,False,,False,False,75.857,75.857
128,0 days 00:38:53.872000,RAI,7,,7.0,2.0,0 days 00:37:31.505000,,,37.973,23.463,,0 days 00:38:30.636000,0 days 00:38:53.966000,260.0,207.0,286.0,277.0,False,SOFT,1.0,True,Alfa Romeo Racing,0 days 00:37:31.505000,2020-07-10 13:31:13.944,1,,False,,False,False,,
129,0 days 00:39:59.338000,RAI,7,0 days 00:01:05.466000,8.0,2.0,,,16.348,28.948,20.17,0 days 00:39:10.220000,0 days 00:39:39.168000,0 days 00:39:59.338000,323.0,243.0,279.0,320.0,True,SOFT,2.0,True,Alfa Romeo Racing,0 days 00:38:53.872000,2020-07-10 13:32:36.311,1,,False,,False,True,65.466,65.46600000000001
130,0 days 00:41:42.389000,RAI,7,0 days 00:01:43.051000,9.0,2.0,,,26.191,43.322,33.538,0 days 00:40:25.529000,0 days 00:41:08.851000,0 days 00:41:42.389000,120.0,171.0,282.0,225.0,False,SOFT,3.0,True,Alfa Romeo Racing,0 days 00:39:59.338000,2020-07-10 13:33:41.777,1,,False,,False,True,103.051,103.051
131,0 days 00:42:48.206000,RAI,7,0 days 00:01:05.817000,10.0,2.0,,,16.464,29.144,20.209,0 days 00:41:58.853000,0 days 00:42:27.997000,0 days 00:42:48.206000,317.0,240.0,277.0,315.0,False,SOFT,4.0,True,Alfa Romeo Racing,0 days 00:41:42.389000,2020-07-10 13:35:24.828,1,,False,,False,True,65.817,65.817
132,0 days 00:44:15.603000,RAI,7,0 days 00:01:27.397000,11.0,2.0,,0 days 00:44:12.292000,19.344,37.857,30.196,0 days 00:43:07.550000,0 days 00:43:45.407000,0 days 00:44:15.603000,227.0,189.0,,223.0,False,SOFT,5.0,True,Alfa Romeo Racing,0 days 00:42:48.206000,2020-07-10 13:36:30.645,1,,False,,False,False,87.397,87.397
133,0 days 00:53:13.819000,RAI,7,,12.0,3.0,0 days 00:51:48.750000,,,38.372,26.665,,0 days 00:52:47.390000,0 days 00:53:13.933000,226.0,213.0,286.0,244.0,False,SOFT,1.0,True,Alfa Romeo Racing,0 days 00:44:15.603000,2020-07-10 13:37:58.042,12,,False,,False,False,,
134,0 days 00:54:18.971000,RAI,7,0 days 00:01:05.152000,13.0,3.0,,,16.383,28.922,19.847,0 days 00:53:30.202000,0 days 00:53:59.124000,0 days 00:54:18.971000,320.0,244.0,286.0,315.0,True,SOFT,2.0,True,Alfa Romeo Racing,0 days 00:53:13.819000,2020-07-10 13:46:56.258,1,,False,,False,True,65.152,65.152
135,0 days 00:55:50.166000,RAI,7,0 days 00:01:31.195000,14.0,3.0,,0 days 00:55:45.385000,22.162,36.751,32.282,0 days 00:54:41.133000,0 days 00:55:17.884000,0 days 00:55:50.166000,174.0,203.0,,240.0,False,SOFT,3.0,True,Alfa Romeo Racing,0 days 00:54:18.971000,2020-07-10 13:48:01.410,1,,False,,False,False,91.195,91.195
136,0 days 01:20:38.658000,RAI,7,,15.0,4.0,0 days 01:19:26.688000,,,32.1,21.611,,0 days 01:20:17.195000,0 days 01:20:38.672000,273.0,229.0,265.0,285.0,False,SOFT,6.0,False,Alfa Romeo Racing,0 days 00:55:50.166000,2020-07-10 13:49:32.605,1,,False,,False,False,,
137,0 days 01:21:48.520000,RAI,7,0 days 00:01:09.862000,16.0,4.0,,,17.731,30.766,21.365,0 days 01:20:56.389000,0 days 01:21:27.155000,0 days 01:21:48.520000,291.0,231.0,266.0,289.0,False,SOFT,7.0,False,Alfa Romeo Racing,0 days 01:20:38.658000,2020-07-10 14:14:21.097,1,,False,,False,True,69.862,69.862
138,0 days 01:22:58.473000,RAI,7,0 days 00:01:09.953000,17.0,4.0,,,17.751,30.651,21.551,0 days 01:22:06.271000,0 days 01:22:36.922000,0 days 01:22:58.473000,294.0,229.0,265.0,288.0,False,SOFT,8.0,False,Alfa Romeo Racing,0 days 01:21:48.520000,2020-07-10 14:15:30.959,1,,False,,False,True,69.953,69.953
139,0 days 01:24:08.652000,RAI,7,0 days 00:01:10.179000,18.0,4.0,,,17.78,30.893,21.506,0 days 01:23:16.253000,0 days 01:23:47.146000,0 days 01:24:08.652000,293.0,229.0,265.0,290.0,False,SOFT,9.0,False,Alfa Romeo Racing,0 days 01:22:58.473000,2020-07-10 14:16:40.912,1,,False,,False,True,70.179,70.179
140,0 days 01:25:18.788000,RAI,7,0 days 00:01:10.136000,19.0,4.0,,,17.725,30.959,21.452,0 days 01:24:26.377000,0 days 01:24:57.336000,0 days 01:25:18.788000,292.0,231.0,266.0,289.0,False,SOFT,10.0,False,Alfa Romeo Racing,0 days 01:24:08.652000,2020-07-10 14:17:51.091,1,,False,,False,True,70.136,70.136
141,0 days 01:26:29.057000,RAI,7,0 days 00:01:10.269000,20.0,4.0,,,17.756,30.952,21.561,0 days 01:25:36.544000,0 days 01:26:07.496000,0 days 01:26:29.057000,292.0,230.0,266.0,290.0,False,SOFT,11.0,False,Alfa Romeo Racing,0 days 01:25:18.788000,2020-07-10 14:19:01.227,12,,False,,False,True,70.269,70.269
142,0 days 01:27:39.424000,RAI,7,0 days 00:01:10.367000,21.0,4.0,,,17.765,31.102,21.5,0 days 01:26:46.822000,0 days 01:27:17.924000,0 days 01:27:39.424000,291.0,228.0,266.0,288.0,False,SOFT,12.0,False,Alfa Romeo Racing,0 days 01:26:29.057000,2020-07-10 14:20:11.496,1,,False,,False,True,70.367,70.367
143,0 days 01:28:49.806000,RAI,7,0 days 00:01:10.382000,22.0,4.0,,,17.77,30.937,21.675,0 days 01:27:57.194000,0 days 01:28:28.131000,0 days 01:28:49.806000,292.0,228.0,265.0,289.0,False,SOFT,13.0,False,Alfa Romeo Racing,0 days 01:27:39.424000,2020-07-10 14:21:21.863,1,,False,,False,True,70.382,70.382
144,0 days 01:30:11.469000,RAI,7,0 days 00:01:21.663000,23.0,4.0,,0 days 01:30:08.064000,18.041,32.935,30.687,0 days 01:29:07.847000,0 days 01:29:40.782000,0 days 01:30:11.469000,290.0,202.0,,275.0,False,SOFT,14.0,False,Alfa Romeo Racing,0 days 01:28:49.806000,2020-07-10 14:22:32.245,1,,False,,False,False,81.663,81.663
145,0 days 00:12:50.126000,GRO,8,,1.0,1.0,0 days 00:11:31.442000,,,35.009,24.796,,0 days 00:12:25.622000,0 days 00:12:50.216000,268.0,208.0,277.0,277.0,False,MEDIUM,1.0,True,Haas F1 Team,0 days 00:11:31.442000,2020-07-10 13:05:13.881,,,False,,False,False,,
146,0 days 00:13:57.285000,GRO,8,0 days 00:01:07.159000,2.0,1.0,,,16.834,29.972,20.353,0 days 00:13:06.960000,0 days 00:13:36.932000,0 days 00:13:57.285000,311.0,236.0,283.0,308.0,True,MEDIUM,2.0,True,Haas F1 Team,0 days 00:12:50.126000,2020-07-10 13:06:32.565,,,False,,False,False,67.159,67.15899999999999
147,0 days 00:15:41.208000,GRO,8,0 days 00:01:43.923000,3.0,1.0,,,25.165,47.187,31.571,0 days 00:14:22.450000,0 days 00:15:09.637000,0 days 00:15:41.208000,163.0,135.0,279.0,171.0,False,MEDIUM,3.0,True,Haas F1 Team,0 days 00:13:57.285000,2020-07-10 13:07:39.724,1,,False,,False,True,103.923,103.923
148,0 days 00:17:00.908000,GRO,8,0 days 00:01:19.700000,4.0,1.0,,,19.125,37.958,22.617,0 days 00:16:00.333000,0 days 00:16:38.291000,0 days 00:17:00.908000,292.0,211.0,281.0,273.0,False,MEDIUM,4.0,True,Haas F1 Team,0 days 00:15:41.208000,2020-07-10 13:09:23.647,1,,False,,False,True,79.7,79.7
149,0 days 00:18:08.015000,GRO,8,0 days 00:01:07.107000,5.0,1.0,,,16.794,30.067,20.246,0 days 00:17:17.702000,0 days 00:17:47.769000,0 days 00:18:08.015000,314.0,238.0,281.0,309.0,True,MEDIUM,5.0,True,Haas F1 Team,0 days 00:17:00.908000,2020-07-10 13:10:43.347,1,,False,,False,True,67.107,67.107
150,0 days 00:19:47.876000,GRO,8,0 days 00:01:39.861000,6.0,1.0,,,25.392,46.683,27.786,0 days 00:18:33.407000,0 days 00:19:20.090000,0 days 00:19:47.876000,138.0,99.0,283.0,138.0,False,MEDIUM,6.0,True,Haas F1 Team,0 days 00:18:08.015000,2020-07-10 13:11:50.454,1,,False,,False,True,99.861,99.861
151,0 days 00:21:04.419000,GRO,8,0 days 00:01:16.543000,7.0,1.0,,,17.297,34.581,24.665,0 days 00:20:05.173000,0 days 00:20:39.754000,0 days 00:21:04.419000,301.0,198.0,281.0,285.0,False,MEDIUM,7.0,True,Haas F1 Team,0 days 00:19:47.876000,2020-07-10 13:13:30.315,1,,False,,False,True,76.543,76.543
152,0 days 00:22:11.518000,GRO,8,0 days 00:01:07.099000,8.0,1.0,,,16.664,30.11,20.325,0 days 00:21:21.083000,0 days 00:21:51.193000,0 days 00:22:11.518000,316.0,237.0,282.0,312.0,True,MEDIUM,8.0,True,Haas F1 Team,0 days 00:21:04.419000,2020-07-10 13:14:46.858,1,,False,,False,True,67.099,67.099
153,0 days 00:23:34.853000,GRO,8,0 days 00:01:23.335000,9.0,1.0,,0 days 00:23:31.560000,21.48,34.966,26.889,0 days 00:22:32.998000,0 days 00:23:07.964000,0 days 00:23:34.853000,209.0,208.0,,279.0,False,MEDIUM,9.0,True,Haas F1 Team,0 days 00:22:11.518000,2020-07-10 13:15:53.957,1,,False,,False,False,83.335,83.335
154,0 days 00:40:32.251000,GRO,8,,10.0,2.0,0 days 00:39:10.548000,,,35.922,26.941,,0 days 00:40:05.472000,0 days 00:40:32.251000,283.0,207.0,285.0,287.0,False,SOFT,1.0,True,Haas F1 Team,0 days 00:39:10.548000,2020-07-10 13:32:52.987,1,,False,,False,False,,
155,0 days 00:41:57.932000,GRO,8,0 days 00:01:25.681000,11.0,2.0,,,17.633,42.617,25.431,0 days 00:40:49.884000,0 days 00:41:32.501000,0 days 00:41:57.932000,265.0,185.0,283.0,204.0,False,SOFT,2.0,True,Haas F1 Team,0 days 00:40:32.251000,2020-07-10 13:34:14.690,1,,False,,False,True,85.681,85.681
156,0 days 00:43:25.654000,GRO,8,0 days 00:01:27.722000,12.0,2.0,,,19.984,39.102,28.636,0 days 00:42:17.916000,0 days 00:42:57.018000,0 days 00:43:25.654000,270.0,177.0,284.0,225.0,False,SOFT,3.0,True,Haas F1 Team,0 days 00:41:57.932000,2020-07-10 13:35:40.371,1,,False,,False,True,87.722,87.722
157,0 days 00:44:32.122000,GRO,8,0 days 00:01:06.468000,13.0,2.0,,,16.873,29.575,20.02,0 days 00:43:42.527000,0 days 00:44:12.102000,0 days 00:44:32.122000,318.0,240.0,282.0,315.0,True,SOFT,4.0,True,Haas F1 Team,0 days 00:43:25.654000,2020-07-10 13:37:08.093,1,,False,,False,True,66.468,66.468
158,0 days 00:45:59.716000,GRO,8,0 days 00:01:27.594000,14.0,2.0,,0 days 00:45:56.291000,21.704,37.962,27.928,0 days 00:44:53.826000,0 days 00:45:31.788000,0 days 00:45:59.716000,198.0,210.0,,258.0,False,SOFT,5.0,True,Haas F1 Team,0 days 00:44:32.122000,2020-07-10 13:38:14.561,12,,False,,False,False,87.594,87.59400000000001
159,0 days 00:50:40.884000,GRO,8,,15.0,3.0,0 days 00:49:22.342000,,,34.615,25.567,,0 days 00:50:15.569000,0 days 00:50:40.998000,285.0,213.0,283.0,285.0,False,SOFT,1.0,True,Haas F1 Team,0 days 00:45:59.716000,2020-07-10 13:39:42.155,1,,False,,False,False,,
160,0 days 00:51:46.980000,GRO,8,0 days 00:01:06.096000,16.0,3.0,,,16.644,29.428,20.024,0 days 00:50:57.528000,0 days 00:51:26.956000,0 days 00:51:46.980000,318.0,239.0,281.0,313.0,True,SOFT,2.0,True,Haas F1 Team,0 days 00:50:40.884000,2020-07-10 13:44:23.323,1,,False,,False,True,66.096,66.096
161,0 days 00:53:36.415000,GRO,8,0 days 00:01:49.435000,17.0,3.0,,,24.409,54.255,30.771,0 days 00:52:11.389000,0 days 00:53:05.644000,0 days 00:53:36.415000,139.0,117.0,283.0,156.0,False,SOFT,3.0,True,Haas F1 Team,0 days 00:51:46.980000,2020-07-10 13:45:29.419,1,,False,,False,True,109.435,109.435
162,0 days 00:54:42.558000,GRO,8,0 days 00:01:06.143000,18.0,3.0,,,16.58,29.545,20.018,0 days 00:53:52.995000,0 days 00:54:22.540000,0 days 00:54:42.558000,320.0,241.0,282.0,315.0,False,SOFT,4.0,True,Haas F1 Team,0 days 00:53:36.415000,2020-07-10 13:47:18.854,1,,False,,False,True,66.143,66.143
163,0 days 00:56:06.345000,GRO,8,0 days 00:01:23.787000,19.0,3.0,,0 days 00:56:03.045000,21.793,34.678,27.316,0 days 00:55:04.351000,0 days 00:55:39.029000,0 days 00:56:06.345000,206.0,209.0,,271.0,False,SOFT,5.0,True,Haas F1 Team,0 days 00:54:42.558000,2020-07-10 13:48:24.997,1,,False,,False,False,83.787,83.78699999999999
164,0 days 01:06:53.933000,GRO,8,,20.0,4.0,0 days 01:05:42.217000,,,31.978,21.667,,0 days 01:06:32.407000,0 days 01:06:53.933000,291.0,223.0,264.0,290.0,False,MEDIUM,10.0,False,Haas F1 Team,0 days 00:56:06.345000,2020-07-10 13:49:48.784,1,,False,,False,False,,
165,0 days 01:08:04.615000,GRO,8,0 days 00:01:10.682000,21.0,4.0,,,17.758,31.448,21.476,0 days 01:07:11.691000,0 days 01:07:43.139000,0 days 01:08:04.615000,298.0,227.0,267.0,296.0,False,MEDIUM,11.0,False,Haas F1 Team,0 days 01:06:53.933000,2020-07-10 14:00:36.372,1,,False,,False,True,70.682,70.682
166,0 days 01:09:15.189000,GRO,8,0 days 00:01:10.574000,22.0,4.0,,,17.697,31.42,21.457,0 days 01:08:22.312000,0 days 01:08:53.732000,0 days 01:09:15.189000,299.0,227.0,267.0,296.0,False,MEDIUM,12.0,False,Haas F1 Team,0 days 01:08:04.615000,2020-07-10 14:01:47.054,1,,False,,False,True,70.574,70.57400000000001
167,0 days 01:10:25.681000,GRO,8,0 days 00:01:10.492000,23.0,4.0,,,17.793,31.305,21.394,0 days 01:09:32.982000,0 days 01:10:04.287000,0 days 01:10:25.681000,298.0,221.0,267.0,294.0,False,MEDIUM,13.0,False,Haas F1 Team,0 days 01:09:15.189000,2020-07-10 14:02:57.628,1,,True,TRACK LIMITS AT TURN 9,False,True,70.492,70.49199999999999
168,0 days 01:11:36.045000,GRO,8,0 days 00:01:10.364000,24.0,4.0,,,17.756,31.224,21.384,0 days 01:10:43.437000,0 days 01:11:14.661000,0 days 01:11:36.045000,301.0,226.0,269.0,297.0,False,MEDIUM,14.0,False,Haas F1 Team,0 days 01:10:25.681000,2020-07-10 14:04:08.120,1,,False,,False,True,70.364,70.364
169,0 days 01:12:46.812000,GRO,8,0 days 00:01:10.767000,25.0,4.0,,,17.768,31.523,21.476,0 days 01:11:53.813000,0 days 01:12:25.336000,0 days 01:12:46.812000,298.0,226.0,268.0,292.0,False,MEDIUM,15.0,False,Haas F1 Team,0 days 01:11:36.045000,2020-07-10 14:05:18.484,1,,False,,False,True,70.767,70.767
170,0 days 01:13:57.843000,GRO,8,0 days 00:01:11.031000,26.0,4.0,,,17.646,31.91,21.475,0 days 01:13:04.458000,0 days 01:13:36.368000,0 days 01:13:57.843000,300.0,224.0,268.0,292.0,False,MEDIUM,16.0,False,Haas F1 Team,0 days 01:12:46.812000,2020-07-10 14:06:29.251,1,,False,,False,True,71.031,71.031
171,0 days 01:15:10.270000,GRO,8,0 days 00:01:12.427000,27.0,4.0,,,17.721,33.095,21.611,0 days 01:14:15.564000,0 days 01:14:48.659000,0 days 01:15:10.270000,301.0,223.0,268.0,291.0,False,MEDIUM,17.0,False,Haas F1 Team,0 days 01:13:57.843000,2020-07-10 14:07:40.282,1,,False,,False,True,72.427,72.427
172,0 days 01:16:31.701000,GRO,8,0 days 00:01:21.431000,28.0,4.0,,0 days 01:16:28.300000,20.579,33.7,27.152,0 days 01:15:30.849000,0 days 01:16:04.549000,0 days 01:16:31.701000,226.0,213.0,,268.0,False,MEDIUM,18.0,False,Haas F1 Team,0 days 01:15:10.270000,2020-07-10 14:08:52.709,1,,False,,False,False,81.431,81.43100000000001
173,0 days 01:33:31.051000,GRO,8,,29.0,5.0,0 days 01:32:20.125000,,,31.579,21.472,,0 days 01:33:09.754000,0 days 01:33:31.066000,294.0,226.0,268.0,292.0,False,SOFT,6.0,False,Haas F1 Team,0 days 01:16:31.701000,2020-07-10 14:10:14.140,12,,False,,False,False,,
174,0 days 01:34:44.361000,GRO,8,0 days 00:01:13.310000,30.0,5.0,,,17.58,31.37,24.36,0 days 01:33:48.631000,0 days 01:34:20.001000,0 days 01:34:44.361000,298.0,203.0,262.0,297.0,False,SOFT,7.0,False,Haas F1 Team,0 days 01:33:31.051000,2020-07-10 14:27:13.490,1,,True,TRACK LIMITS AT TURN 9,False,True,73.31,73.31
175,0 days 01:35:56.053000,GRO,8,0 days 00:01:11.692000,31.0,5.0,,,18.21,31.853,21.629,0 days 01:35:02.571000,0 days 01:35:34.424000,0 days 01:35:56.053000,306.0,225.0,269.0,296.0,False,SOFT,8.0,False,Haas F1 Team,0 days 01:34:44.361000,2020-07-10 14:28:26.800,1,,False,,False,True,71.692,71.69200000000001
176,0 days 01:37:06.951000,GRO,8,0 days 00:01:10.898000,32.0,5.0,,,17.692,31.574,21.632,0 days 01:36:13.745000,0 days 01:36:45.319000,0 days 01:37:06.951000,297.0,225.0,267.0,296.0,False,SOFT,9.0,False,Haas F1 Team,0 days 01:35:56.053000,2020-07-10 14:29:38.492,1,,False,,False,True,70.898,70.89800000000001
177,0 days 01:38:22.098000,GRO,8,0 days 00:01:15.147000,33.0,5.0,,,17.806,35.158,22.183,0 days 01:37:24.757000,0 days 01:37:59.915000,0 days 01:38:22.098000,298.0,201.0,267.0,294.0,False,SOFT,10.0,False,Haas F1 Team,0 days 01:37:06.951000,2020-07-10 14:30:49.390,1,,False,,False,True,75.147,75.14699999999999
178,0 days 01:39:33.281000,GRO,8,0 days 00:01:11.183000,34.0,5.0,,,17.765,31.716,21.702,0 days 01:38:39.863000,0 days 01:39:11.579000,0 days 01:39:33.281000,300.0,223.0,269.0,297.0,False,SOFT,11.0,False,Haas F1 Team,0 days 01:38:22.098000,2020-07-10 14:32:04.537,1,,False,,False,True,71.183,71.183
179,0 days 01:40:44.448000,GRO,8,0 days 00:01:11.167000,35.0,5.0,,,17.575,31.748,21.844,0 days 01:39:50.856000,0 days 01:40:22.604000,0 days 01:40:44.448000,302.0,224.0,268.0,296.0,False,SOFT,12.0,False,Haas F1 Team,0 days 01:39:33.281000,2020-07-10 14:33:15.720,1,,False,,False,True,71.167,71.167
180,0 days 01:41:55.022000,GRO,8,0 days 00:01:10.574000,36.0,5.0,,,17.572,31.35,21.652,0 days 01:41:02.020000,0 days 01:41:33.370000,0 days 01:41:55.022000,304.0,222.0,270.0,298.0,False,SOFT,13.0,False,Haas F1 Team,0 days 01:40:44.448000,2020-07-10 14:34:26.887,1,,False,,False,True,70.574,70.574
181,0 days 01:43:38.879000,GRO,8,0 days 00:01:43.857000,37.0,5.0,,,23.818,39.051,40.988,0 days 01:42:18.840000,0 days 01:42:57.891000,0 days 01:43:38.879000,180.0,193.0,59.0,219.0,False,SOFT,14.0,False,Haas F1 Team,0 days 01:41:55.022000,2020-07-10 14:35:37.461,1,,False,,False,True,103.857,103.857
182,0 days 01:46:04.237000,GRO,8,0 days 00:02:25.358000,38.0,5.0,,0 days 01:46:00.860000,52.29,57.252,35.816,0 days 01:44:31.169000,0 days 01:45:28.421000,0 days 01:46:04.237000,158.0,117.0,,121.0,False,SOFT,15.0,False,Haas F1 Team,0 days 01:43:38.879000,2020-07-10 14:37:21.318,1,,False,,False,False,145.358,145.358
183,0 days 00:18:19.700000,GAS,10,,1.0,1.0,0 days 00:16:54.946000,,,37.252,27.308,,0 days 00:17:52.504000,0 days 00:18:19.773000,260.0,211.0,280.0,286.0,False,HARD,1.0,True,AlphaTauri,0 days 00:16:54.946000,2020-07-10 13:10:37.385,1,,False,,False,False,,
184,0 days 00:19:25.888000,GAS,10,0 days 00:01:06.188000,2.0,1.0,,,16.656,29.417,20.115,0 days 00:18:36.356000,0 days 00:19:05.773000,0 days 00:19:25.888000,313.0,245.0,283.0,312.0,True,HARD,2.0,True,AlphaTauri,0 days 00:18:19.700000,2020-07-10 13:12:02.139,1,,False,,False,True,66.188,66.188
185,0 days 00:21:00.644000,GAS,10,0 days 00:01:34.756000,3.0,1.0,,,20.273,48.216,26.267,0 days 00:19:46.161000,0 days 00:20:34.377000,0 days 00:21:00.644000,266.0,160.0,281.0,257.0,False,HARD,3.0,True,AlphaTauri,0 days 00:19:25.888000,2020-07-10 13:13:08.327,1,,False,,False,True,94.756,94.756
186,0 days 00:22:06.994000,GAS,10,0 days 00:01:06.350000,4.0,1.0,,,16.808,29.439,20.103,0 days 00:21:17.452000,0 days 00:21:46.891000,0 days 00:22:06.994000,311.0,243.0,282.0,311.0,False,HARD,4.0,True,AlphaTauri,0 days 00:21:00.644000,2020-07-10 13:14:43.083,1,,False,,False,True,66.35,66.35
187,0 days 00:23:31.130000,GAS,10,0 days 00:01:24.136000,5.0,1.0,,,21.188,38.974,23.974,0 days 00:22:28.182000,0 days 00:23:07.156000,0 days 00:23:31.130000,265.0,196.0,281.0,264.0,False,HARD,5.0,True,AlphaTauri,0 days 00:22:06.994000,2020-07-10 13:15:49.433,1,,False,,False,True,84.136,84.136
188,0 days 00:44:59.410000,GAS,10,,6.0,1.0,,0 days 00:24:54.072000,16.691,29.496,,0 days 00:23:48.025000,0 days 00:24:17.465000,,312.0,243.0,,309.0,False,HARD,6.0,True,AlphaTauri,0 days 00:23:31.130000,2020-07-10 13:17:13.569,125,,False,,False,False,,
189,0 days 00:46:21.864000,GAS,10,,7.0,2.0,0 days 00:44:59.410000,,,37.539,24.153,,0 days 00:45:57.966000,0 days 00:46:21.954000,275.0,182.0,281.0,278.0,False,SOFT,1.0,True,AlphaTauri,0 days 00:44:59.410000,2020-07-10 13:38:41.849,21,,False,,False,False,,
190,0 days 00:47:27.028000,GAS,10,0 days 00:01:05.164000,8.0,2.0,,,16.516,28.884,19.764,0 days 00:46:38.380000,0 days 00:47:07.264000,0 days 00:47:27.028000,312.0,245.0,282.0,307.0,True,SOFT,2.0,True,AlphaTauri,0 days 00:46:21.864000,2020-07-10 13:40:04.303,1,,False,,False,True,65.164,65.164
191,0 days 00:48:58.710000,GAS,10,0 days 00:01:31.682000,9.0,2.0,,,20.617,44.405,26.66,0 days 00:47:47.645000,0 days 00:48:32.050000,0 days 00:48:58.710000,266.0,178.0,282.0,258.0,False,SOFT,3.0,True,AlphaTauri,0 days 00:47:27.028000,2020-07-10 13:41:09.467,1,,False,,False,True,91.682,91.682
192,0 days 00:50:04.357000,GAS,10,0 days 00:01:05.647000,10.0,2.0,,,16.605,29.086,19.956,0 days 00:49:15.315000,0 days 00:49:44.401000,0 days 00:50:04.357000,312.0,244.0,282.0,308.0,False,SOFT,4.0,True,AlphaTauri,0 days 00:48:58.710000,2020-07-10 13:42:41.149,1,,False,,False,True,65.647,65.647
193,0 days 00:51:28.265000,GAS,10,0 days 00:01:23.908000,11.0,2.0,,0 days 00:51:25.020000,19.045,34.915,29.948,0 days 00:50:23.402000,0 days 00:50:58.317000,0 days 00:51:28.265000,267.0,205.0,,266.0,False,SOFT,5.0,True,AlphaTauri,0 days 00:50:04.357000,2020-07-10 13:43:46.796,1,,False,,False,False,83.908,83.908
194,0 days 00:57:40.621000,GAS,10,,12.0,3.0,0 days 00:56:15.983000,,,40.459,24.291,,0 days 00:57:16.521000,0 days 00:57:40.718000,280.0,194.0,284.0,286.0,False,SOFT,1.0,True,AlphaTauri,0 days 00:51:28.265000,2020-07-10 13:45:10.704,1,,False,,False,False,,
195,0 days 00:58:45.378000,GAS,10,0 days 00:01:04.757000,13.0,3.0,,,16.441,28.572,19.744,0 days 00:57:57.062000,0 days 00:58:25.634000,0 days 00:58:45.378000,315.0,247.0,280.0,314.0,True,SOFT,2.0,True,AlphaTauri,0 days 00:57:40.621000,2020-07-10 13:51:23.060,1,,False,,False,True,64.757,64.757
196,0 days 01:00:57.350000,GAS,10,0 days 00:02:11.972000,14.0,3.0,,0 days 01:00:12.907000,19.78,40.35,71.842,0 days 00:59:05.158000,0 days 00:59:45.508000,0 days 01:00:57.350000,263.0,194.0,,265.0,False,SOFT,3.0,True,AlphaTauri,0 days 00:58:45.378000,2020-07-10 13:52:27.817,1,,False,,False,False,131.972,131.972
197,0 days 01:12:13.433000,GAS,10,,15.0,4.0,0 days 01:10:49.472000,,,39.495,24.035,,0 days 01:11:49.494000,0 days 01:12:13.478000,284.0,201.0,285.0,277.0,False,SOFT,1.0,True,AlphaTauri,0 days 01:00:57.350000,2020-07-10 13:54:39.789,1,,False,,False,False,,
198,0 days 01:13:18.572000,GAS,10,0 days 00:01:05.139000,16.0,4.0,,,16.408,28.866,19.865,0 days 01:12:29.841000,0 days 01:12:58.707000,0 days 01:13:18.572000,314.0,243.0,282.0,308.0,False,SOFT,2.0,True,AlphaTauri,0 days 01:12:13.433000,2020-07-10 14:05:55.872,1,,False,,False,True,65.139,65.139
199,0 days 01:14:51.460000,GAS,10,0 days 00:01:32.888000,17.0,4.0,,0 days 01:14:48.045000,24.471,38.821,29.596,0 days 01:13:43.043000,0 days 01:14:21.864000,0 days 01:14:51.460000,242.0,203.0,,185.0,False,SOFT,3.0,True,AlphaTauri,0 days 01:13:18.572000,2020-07-10 14:07:01.011,1,,False,,False,False,92.888,92.888
200,0 days 01:21:34.666000,GAS,10,,18.0,5.0,0 days 01:20:19.339000,,,33.771,22.144,,0 days 01:21:12.637000,0 days 01:21:34.715000,273.0,217.0,267.0,291.0,False,SOFT,6.0,False,AlphaTauri,0 days 01:14:51.460000,2020-07-10 14:08:33.899,1,,False,,False,False,,
201,0 days 01:22:44.299000,GAS,10,0 days 00:01:09.633000,19.0,5.0,,,17.785,30.814,21.034,0 days 01:21:52.451000,0 days 01:22:23.265000,0 days 01:22:44.299000,278.0,229.0,267.0,279.0,False,SOFT,7.0,False,AlphaTauri,0 days 01:21:34.666000,2020-07-10 14:15:17.105,1,,False,,False,True,69.633,69.63300000000001
202,0 days 01:23:53.712000,GAS,10,0 days 00:01:09.413000,20.0,5.0,,,17.743,30.666,21.004,0 days 01:23:02.042000,0 days 01:23:32.708000,0 days 01:23:53.712000,278.0,231.0,267.0,279.0,False,SOFT,8.0,False,AlphaTauri,0 days 01:22:44.299000,2020-07-10 14:16:26.738,1,,False,,False,True,69.413,69.413
203,0 days 01:25:03.051000,GAS,10,0 days 00:01:09.339000,21.0,5.0,,,17.732,30.717,20.89,0 days 01:24:11.444000,0 days 01:24:42.161000,0 days 01:25:03.051000,275.0,230.0,268.0,281.0,False,SOFT,9.0,False,AlphaTauri,0 days 01:23:53.712000,2020-07-10 14:17:36.151,1,,False,,False,True,69.339,69.339
204,0 days 01:26:21.090000,GAS,10,0 days 00:01:18.039000,22.0,5.0,,0 days 01:26:17.695000,17.766,31.148,29.125,0 days 01:25:20.817000,0 days 01:25:51.965000,0 days 01:26:21.090000,277.0,199.0,,280.0,False,SOFT,10.0,False,AlphaTauri,0 days 01:25:03.051000,2020-07-10 14:18:45.490,12,,False,,False,False,78.039,78.039
205,0 days 01:28:12.036000,GAS,10,0 days 00:01:50.946000,23.0,6.0,0 days 01:27:02.054000,,58.798,31.001,21.147,0 days 01:27:19.888000,0 days 01:27:50.889000,0 days 01:28:12.036000,277.0,230.0,267.0,290.0,False,SOFT,11.0,False,AlphaTauri,0 days 01:26:21.090000,2020-07-10 14:20:03.529,1,,False,,False,False,110.946,110.946
206,0 days 01:29:21.462000,GAS,10,0 days 00:01:09.426000,24.0,6.0,,,17.789,30.645,20.992,0 days 01:28:29.825000,0 days 01:29:00.470000,0 days 01:29:21.462000,282.0,229.0,269.0,290.0,False,SOFT,12.0,False,AlphaTauri,0 days 01:28:12.036000,2020-07-10 14:21:54.475,1,,False,,False,True,69.426,69.426
207,0 days 01:30:30.958000,GAS,10,0 days 00:01:09.496000,25.0,6.0,,,17.776,30.701,21.019,0 days 01:29:39.238000,0 days 01:30:09.939000,0 days 01:30:30.958000,277.0,232.0,269.0,284.0,False,SOFT,13.0,False,AlphaTauri,0 days 01:29:21.462000,2020-07-10 14:23:03.901,1,,False,,False,True,69.496,69.49600000000001
208,0 days 01:31:40.195000,GAS,10,0 days 00:01:09.237000,26.0,6.0,,,17.734,30.666,20.837,0 days 01:30:48.692000,0 days 01:31:19.358000,0 days 01:31:40.195000,280.0,231.0,271.0,284.0,False,SOFT,14.0,False,AlphaTauri,0 days 01:30:30.958000,2020-07-10 14:24:13.397,1,,False,,False,True,69.237,69.23700000000001
209,0 days 01:32:49.566000,GAS,10,0 days 00:01:09.371000,27.0,6.0,,,17.647,30.822,20.902,0 days 01:31:57.842000,0 days 01:32:28.664000,0 days 01:32:49.566000,287.0,229.0,269.0,288.0,False,SOFT,15.0,False,AlphaTauri,0 days 01:31:40.195000,2020-07-10 14:25:22.634,1,,False,,False,True,69.371,69.371
210,0 days 01:33:58.672000,GAS,10,0 days 00:01:09.106000,28.0,6.0,,,17.614,30.672,20.82,0 days 01:33:07.180000,0 days 01:33:37.852000,0 days 01:33:58.672000,289.0,232.0,269.0,288.0,False,SOFT,16.0,False,AlphaTauri,0 days 01:32:49.566000,2020-07-10 14:26:32.005,1,,False,,False,True,69.106,69.106
211,0 days 01:35:08.186000,GAS,10,0 days 00:01:09.514000,29.0,6.0,,,17.596,30.833,21.085,0 days 01:34:16.268000,0 days 01:34:47.101000,0 days 01:35:08.186000,288.0,232.0,271.0,294.0,False,SOFT,17.0,False,AlphaTauri,0 days 01:33:58.672000,2020-07-10 14:27:41.111,1,,False,,False,True,69.514,69.51400000000001
212,0 days 01:36:17.869000,GAS,10,0 days 00:01:09.683000,30.0,6.0,,,17.656,30.94,21.087,0 days 01:35:25.842000,0 days 01:35:56.782000,0 days 01:36:17.869000,281.0,232.0,271.0,291.0,False,SOFT,18.0,False,AlphaTauri,0 days 01:35:08.186000,2020-07-10 14:28:50.625,1,,False,,False,True,69.683,69.683
213,0 days 01:37:27.498000,GAS,10,0 days 00:01:09.629000,31.0,6.0,,,17.712,30.785,21.132,0 days 01:36:35.581000,0 days 01:37:06.366000,0 days 01:37:27.498000,280.0,232.0,272.0,291.0,False,SOFT,19.0,False,AlphaTauri,0 days 01:36:17.869000,2020-07-10 14:30:00.308,1,,False,,False,True,69.629,69.629
214,0 days 01:38:37.193000,GAS,10,0 days 00:01:09.695000,32.0,6.0,,,17.449,30.91,21.336,0 days 01:37:44.947000,0 days 01:38:15.857000,0 days 01:38:37.193000,300.0,233.0,277.0,304.0,False,SOFT,20.0,False,AlphaTauri,0 days 01:37:27.498000,2020-07-10 14:31:09.937,1,,False,,False,True,69.695,69.695
215,0 days 01:39:46.558000,GAS,10,0 days 00:01:09.365000,33.0,6.0,,,17.416,30.799,21.15,0 days 01:38:54.609000,0 days 01:39:25.408000,0 days 01:39:46.558000,297.0,229.0,268.0,299.0,False,SOFT,21.0,False,AlphaTauri,0 days 01:38:37.193000,2020-07-10 14:32:19.632,1,,False,,False,True,69.365,69.36500000000001
216,0 days 01:40:56.544000,GAS,10,0 days 00:01:09.986000,34.0,6.0,,,17.869,30.916,21.201,0 days 01:40:04.427000,0 days 01:40:35.343000,0 days 01:40:56.544000,278.0,231.0,269.0,279.0,False,SOFT,22.0,False,AlphaTauri,0 days 01:39:46.558000,2020-07-10 14:33:28.997,1,,True,TRACK LIMITS AT TURN 10,False,True,69.986,69.98599999999999
217,0 days 01:42:06.569000,GAS,10,0 days 00:01:10.025000,35.0,6.0,,,17.724,31.062,21.239,0 days 01:41:14.268000,0 days 01:41:45.330000,0 days 01:42:06.569000,285.0,233.0,272.0,278.0,False,SOFT,23.0,False,AlphaTauri,0 days 01:40:56.544000,2020-07-10 14:34:38.983,1,,True,TRACK LIMITS AT TURN 10,False,True,70.025,70.025
218,0 days 01:43:55.191000,GAS,10,0 days 00:01:48.622000,36.0,6.0,,,20.54,37.769,50.313,0 days 01:42:27.109000,0 days 01:43:04.878000,0 days 01:43:55.191000,257.0,178.0,41.0,266.0,False,SOFT,24.0,False,AlphaTauri,0 days 01:42:06.569000,2020-07-10 14:35:49.008,1,,False,,False,True,108.622,108.622
219,0 days 01:45:55.609000,GAS,10,0 days 00:02:00.418000,37.0,6.0,,0 days 01:45:52.203000,43.504,42.772,34.142,0 days 01:44:38.695000,0 days 01:45:21.467000,0 days 01:45:55.609000,208.0,205.0,,173.0,False,SOFT,25.0,False,AlphaTauri,0 days 01:43:55.191000,2020-07-10 14:37:37.630,1,,False,,False,False,120.418,120.418
220,0 days 00:20:35.009000,PER,11,,1.0,1.0,0 days 00:19:15.233000,,,38.117,23.573,,0 days 00:20:11.668000,0 days 00:20:35.080000,249.0,190.0,282.0,291.0,False,MEDIUM,1.0,True,Racing Point,0 days 00:19:15.233000,2020-07-10 13:12:57.672,1,,False,,False,False,,
221,0 days 00:21:40.521000,PER,11,0 days 00:01:05.512000,2.0,1.0,,,16.504,29.209,19.799,0 days 00:20:51.513000,0 days 00:21:20.722000,0 days 00:21:40.521000,316.0,243.0,282.0,313.0,True,MEDIUM,2.0,True,Racing Point,0 days 00:20:35.009000,2020-07-10 13:14:17.448,1,,False,,False,True,65.512,65.512
222,0 days 00:23:04.207000,PER,11,0 days 00:01:23.686000,3.0,1.0,,,19.148,36.878,27.66,0 days 00:21:59.669000,0 days 00:22:36.547000,0 days 00:23:04.207000,262.0,197.0,287.0,239.0,False,MEDIUM,3.0,True,Racing Point,0 days 00:21:40.521000,2020-07-10 13:15:22.960,1,,False,,False,True,83.686,83.68599999999999
223,0 days 00:24:09.503000,PER,11,0 days 00:01:05.296000,4.0,1.0,,,16.536,29.117,19.643,0 days 00:23:20.743000,0 days 00:23:49.860000,0 days 00:24:09.503000,319.0,243.0,287.0,313.0,True,MEDIUM,4.0,True,Racing Point,0 days 00:23:04.207000,2020-07-10 13:16:46.646,12,,False,,False,True,65.296,65.296
224,0 days 00:37:24.192000,PER,11,,5.0,1.0,,0 days 00:26:00.275000,,,,,,,,,,,False,MEDIUM,5.0,True,Racing Point,0 days 00:24:09.503000,2020-07-10 13:17:51.942,251,,False,,False,False,,
225,0 days 00:38:52.687000,PER,11,,6.0,2.0,0 days 00:37:24.192000,,,42.477,23.999,,0 days 00:38:28.976000,0 days 00:38:52.839000,214.0,181.0,289.0,260.0,False,SOFT,1.0,True,Racing Point,0 days 00:37:24.192000,2020-07-10 13:31:06.631,1,,False,,False,False,,
226,0 days 00:39:56.774000,PER,11,0 days 00:01:04.087000,7.0,2.0,,,16.245,28.492,19.35,0 days 00:39:08.932000,0 days 00:39:37.424000,0 days 00:39:56.774000,320.0,247.0,284.0,318.0,True,SOFT,2.0,True,Racing Point,0 days 00:38:52.687000,2020-07-10 13:32:35.126,1,,False,,False,True,64.087,64.087
227,0 days 00:41:46.276000,PER,11,0 days 00:01:49.502000,8.0,2.0,,0 days 00:41:15.950000,19.066,34.468,55.968,0 days 00:40:15.840000,0 days 00:40:50.308000,0 days 00:41:46.276000,271.0,220.0,,248.0,False,SOFT,3.0,True,Racing Point,0 days 00:39:56.774000,2020-07-10 13:33:39.213,1,,False,,False,False,109.502,109.50200000000001
228,0 days 00:51:28.096000,PER,11,,9.0,3.0,0 days 00:50:02.806000,,,39.431,25.268,,0 days 00:51:02.955000,0 days 00:51:28.115000,233.0,163.0,287.0,234.0,False,SOFT,1.0,True,Racing Point,0 days 00:41:46.276000,2020-07-10 13:35:28.715,12,,False,,False,False,,
229,0 days 00:52:31.973000,PER,11,0 days 00:01:03.877000,10.0,3.0,,,16.227,28.37,19.28,0 days 00:51:44.323000,0 days 00:52:12.693000,0 days 00:52:31.973000,318.0,249.0,285.0,316.0,True,SOFT,2.0,True,Racing Point,0 days 00:51:28.096000,2020-07-10 13:45:10.535,1,,False,,False,True,63.877,63.877
230,0 days 00:53:54.119000,PER,11,0 days 00:01:22.146000,11.0,3.0,,0 days 00:53:50.644000,18.874,32.599,30.673,0 days 00:52:50.847000,0 days 00:53:23.446000,0 days 00:53:54.119000,273.0,205.0,,271.0,False,SOFT,3.0,True,Racing Point,0 days 00:52:31.973000,2020-07-10 13:46:14.412,1,,False,,False,False,82.146,82.146
231,0 days 01:07:41.393000,PER,11,,12.0,4.0,0 days 01:06:25.007000,,,34.224,23.386,,0 days 01:07:18.198000,0 days 01:07:41.426000,274.0,198.0,267.0,257.0,False,SOFT,4.0,False,Racing Point,0 days 00:53:54.119000,2020-07-10 13:47:36.558,1,,False,,False,False,,
232,0 days 01:08:51.133000,PER,11,0 days 00:01:09.740000,13.0,4.0,,,17.634,30.998,21.108,0 days 01:07:59.027000,0 days 01:08:30.025000,0 days 01:08:51.133000,289.0,231.0,267.0,290.0,False,SOFT,5.0,False,Racing Point,0 days 01:07:41.393000,2020-07-10 14:01:23.832,1,,False,,False,True,69.74,69.74000000000001
233,0 days 01:10:00.718000,PER,11,0 days 00:01:09.585000,14.0,4.0,,,17.726,30.959,20.9,0 days 01:09:08.859000,0 days 01:09:39.818000,0 days 01:10:00.718000,280.0,231.0,269.0,281.0,False,SOFT,6.0,False,Racing Point,0 days 01:08:51.133000,2020-07-10 14:02:33.572,1,,False,,False,True,69.585,69.58500000000001
234,0 days 01:11:10.265000,PER,11,0 days 00:01:09.547000,15.0,4.0,,,17.736,30.863,20.948,0 days 01:10:18.454000,0 days 01:10:49.317000,0 days 01:11:10.265000,288.0,230.0,270.0,291.0,False,SOFT,7.0,False,Racing Point,0 days 01:10:00.718000,2020-07-10 14:03:43.157,1,,False,,False,True,69.547,69.547
235,0 days 01:12:19.729000,PER,11,0 days 00:01:09.464000,16.0,4.0,,,17.58,30.943,20.941,0 days 01:11:27.845000,0 days 01:11:58.788000,0 days 01:12:19.729000,289.0,232.0,271.0,290.0,False,SOFT,8.0,False,Racing Point,0 days 01:11:10.265000,2020-07-10 14:04:52.704,1,,False,,False,True,69.464,69.464
236,0 days 01:13:28.998000,PER,11,0 days 00:01:09.269000,17.0,4.0,,,17.506,30.841,20.922,0 days 01:12:37.235000,0 days 01:13:08.076000,0 days 01:13:28.998000,289.0,231.0,270.0,293.0,False,SOFT,9.0,False,Racing Point,0 days 01:12:19.729000,2020-07-10 14:06:02.168,1,,False,,False,True,69.269,69.269
237,0 days 01:14:38.812000,PER,11,0 days 00:01:09.814000,18.0,4.0,,,17.67,31.193,20.951,0 days 01:13:46.668000,0 days 01:14:17.861000,0 days 01:14:38.812000,290.0,232.0,271.0,294.0,False,SOFT,10.0,False,Racing Point,0 days 01:13:28.998000,2020-07-10 14:07:11.437,1,,False,,False,True,69.814,69.814
238,0 days 01:15:48.439000,PER,11,0 days 00:01:09.627000,19.0,4.0,,,17.674,31.068,20.885,0 days 01:14:56.486000,0 days 01:15:27.554000,0 days 01:15:48.439000,292.0,232.0,270.0,292.0,False,SOFT,11.0,False,Racing Point,0 days 01:14:38.812000,2020-07-10 14:08:21.251,1,,False,,False,True,69.627,69.62700000000001
239,0 days 01:16:58.872000,PER,11,0 days 00:01:10.433000,20.0,4.0,,,17.697,31.188,21.548,0 days 01:16:06.136000,0 days 01:16:37.324000,0 days 01:16:58.872000,295.0,232.0,266.0,293.0,False,SOFT,12.0,False,Racing Point,0 days 01:15:48.439000,2020-07-10 14:09:30.878,1,,True,TRACK LIMITS AT TURN 9,False,True,70.433,70.43299999999999
240,0 days 01:18:08.870000,PER,11,0 days 00:01:09.998000,21.0,4.0,,,17.878,31.132,20.988,0 days 01:17:16.750000,0 days 01:17:47.882000,0 days 01:18:08.870000,286.0,229.0,268.0,285.0,False,SOFT,13.0,False,Racing Point,0 days 01:16:58.872000,2020-07-10 14:10:41.311,1,,False,,False,True,69.998,69.998
241,0 days 01:19:18.726000,PER,11,0 days 00:01:09.856000,22.0,4.0,,,17.864,31.022,20.97,0 days 01:18:26.734000,0 days 01:18:57.756000,0 days 01:19:18.726000,284.0,230.0,268.0,286.0,False,SOFT,14.0,False,Racing Point,0 days 01:18:08.870000,2020-07-10 14:11:51.309,1,,False,,False,True,69.856,69.856
242,0 days 01:20:28.505000,PER,11,0 days 00:01:09.779000,23.0,4.0,,,17.942,30.907,20.93,0 days 01:19:36.668000,0 days 01:20:07.575000,0 days 01:20:28.505000,290.0,230.0,267.0,292.0,False,SOFT,15.0,False,Racing Point,0 days 01:19:18.726000,2020-07-10 14:13:01.165,1,,False,,False,True,69.779,69.779
243,0 days 01:21:38.322000,PER,11,0 days 00:01:09.817000,24.0,4.0,,,17.8,31.137,20.88,0 days 01:20:46.305000,0 days 01:21:17.442000,0 days 01:21:38.322000,285.0,231.0,269.0,288.0,False,SOFT,16.0,False,Racing Point,0 days 01:20:28.505000,2020-07-10 14:14:10.944,1,,False,,False,True,69.817,69.817
244,0 days 01:22:48.669000,PER,11,0 days 00:01:10.347000,25.0,4.0,,,17.717,31.248,21.382,0 days 01:21:56.039000,0 days 01:22:27.287000,0 days 01:22:48.669000,291.0,228.0,269.0,293.0,False,SOFT,17.0,False,Racing Point,0 days 01:21:38.322000,2020-07-10 14:15:20.761,1,,False,,False,True,70.347,70.34700000000001
245,0 days 01:23:59.018000,PER,11,0 days 00:01:10.349000,26.0,4.0,,,17.848,31.349,21.152,0 days 01:23:06.517000,0 days 01:23:37.866000,0 days 01:23:59.018000,286.0,232.0,267.0,290.0,False,SOFT,18.0,False,Racing Point,0 days 01:22:48.669000,2020-07-10 14:16:31.108,1,,False,,False,True,70.349,70.349
246,0 days 01:25:13.255000,PER,11,0 days 00:01:14.237000,27.0,4.0,,0 days 01:25:09.838000,17.768,31.88,24.589,0 days 01:24:16.786000,0 days 01:24:48.666000,0 days 01:25:13.255000,280.0,221.0,,281.0,False,SOFT,19.0,False,Racing Point,0 days 01:23:59.018000,2020-07-10 14:17:41.457,1,,False,,False,False,74.237,74.237
247,0 days 01:26:43.292000,PER,11,0 days 00:01:30.037000,28.0,5.0,0 days 01:25:34.223000,,37.604,31.394,21.039,0 days 01:25:50.859000,0 days 01:26:22.253000,0 days 01:26:43.292000,282.0,227.0,271.0,289.0,False,MEDIUM,6.0,False,Racing Point,0 days 01:25:13.255000,2020-07-10 14:18:55.694,12,,False,,False,False,90.037,90.03699999999999
248,0 days 01:27:52.786000,PER,11,0 days 00:01:09.494000,29.0,5.0,,,17.743,30.763,20.988,0 days 01:27:01.035000,0 days 01:27:31.798000,0 days 01:27:52.786000,284.0,229.0,271.0,287.0,False,MEDIUM,7.0,False,Racing Point,0 days 01:26:43.292000,2020-07-10 14:20:25.731,1,,False,,False,True,69.494,69.494
249,0 days 01:29:02.207000,PER,11,0 days 00:01:09.421000,30.0,5.0,,,17.708,30.703,21.01,0 days 01:28:10.494000,0 days 01:28:41.197000,0 days 01:29:02.207000,289.0,230.0,271.0,290.0,False,MEDIUM,8.0,False,Racing Point,0 days 01:27:52.786000,2020-07-10 14:21:35.225,1,,False,,False,True,69.421,69.421
250,0 days 01:30:11.572000,PER,11,0 days 00:01:09.365000,31.0,5.0,,,17.616,30.748,21.001,0 days 01:29:19.823000,0 days 01:29:50.571000,0 days 01:30:11.572000,288.0,232.0,279.0,292.0,False,MEDIUM,9.0,False,Racing Point,0 days 01:29:02.207000,2020-07-10 14:22:44.646,1,,False,,False,True,69.365,69.36500000000001
251,0 days 01:31:20.993000,PER,11,0 days 00:01:09.421000,32.0,5.0,,,17.158,31.084,21.179,0 days 01:30:28.730000,0 days 01:30:59.814000,0 days 01:31:20.993000,310.0,231.0,279.0,305.0,False,MEDIUM,10.0,False,Racing Point,0 days 01:30:11.572000,2020-07-10 14:23:54.011,1,,False,,False,True,69.421,69.421
252,0 days 01:32:30.421000,PER,11,0 days 00:01:09.428000,33.0,5.0,,,17.27,31.281,20.877,0 days 01:31:38.263000,0 days 01:32:09.544000,0 days 01:32:30.421000,317.0,227.0,270.0,309.0,False,MEDIUM,11.0,False,Racing Point,0 days 01:31:20.993000,2020-07-10 14:25:03.432,1,,False,,False,True,69.428,69.428
253,0 days 01:33:39.832000,PER,11,0 days 00:01:09.411000,34.0,5.0,,,17.718,30.831,20.862,0 days 01:32:48.139000,0 days 01:33:18.970000,0 days 01:33:39.832000,286.0,231.0,270.0,291.0,False,MEDIUM,12.0,False,Racing Point,0 days 01:32:30.421000,2020-07-10 14:26:12.860,1,,False,,False,True,69.411,69.411
254,0 days 01:34:49.063000,PER,11,0 days 00:01:09.231000,35.0,5.0,,,17.585,30.742,20.904,0 days 01:33:57.417000,0 days 01:34:28.159000,0 days 01:34:49.063000,285.0,229.0,269.0,290.0,False,MEDIUM,13.0,False,Racing Point,0 days 01:33:39.832000,2020-07-10 14:27:22.271,1,,False,,False,True,69.231,69.231
255,0 days 01:35:58.853000,PER,11,0 days 00:01:09.790000,36.0,5.0,,,17.802,31.011,20.977,0 days 01:35:06.865000,0 days 01:35:37.876000,0 days 01:35:58.853000,289.0,232.0,272.0,294.0,False,MEDIUM,14.0,False,Racing Point,0 days 01:34:49.063000,2020-07-10 14:28:31.502,1,,False,,False,True,69.79,69.79
256,0 days 01:37:08.529000,PER,11,0 days 00:01:09.676000,37.0,5.0,,,17.635,30.964,21.077,0 days 01:36:16.488000,0 days 01:36:47.452000,0 days 01:37:08.529000,289.0,232.0,276.0,292.0,False,MEDIUM,15.0,False,Racing Point,0 days 01:35:58.853000,2020-07-10 14:29:41.292,1,,False,,False,True,69.676,69.676
257,0 days 01:38:18.365000,PER,11,0 days 00:01:09.836000,38.0,5.0,,,17.273,31.161,21.402,0 days 01:37:25.802000,0 days 01:37:56.963000,0 days 01:38:18.365000,308.0,231.0,279.0,308.0,False,MEDIUM,16.0,False,Racing Point,0 days 01:37:08.529000,2020-07-10 14:30:50.968,1,,False,,False,True,69.836,69.836
258,0 days 01:39:28.087000,PER,11,0 days 00:01:09.722000,39.0,5.0,,,17.54,31.223,20.959,0 days 01:38:35.905000,0 days 01:39:07.128000,0 days 01:39:28.087000,310.0,234.0,271.0,302.0,False,MEDIUM,17.0,False,Racing Point,0 days 01:38:18.365000,2020-07-10 14:32:00.804,1,,False,,False,True,69.722,69.722
259,0 days 01:40:37.256000,PER,11,0 days 00:01:09.169000,40.0,5.0,,,17.648,30.75,20.771,0 days 01:39:45.735000,0 days 01:40:16.485000,0 days 01:40:37.256000,285.0,234.0,271.0,289.0,False,MEDIUM,18.0,False,Racing Point,0 days 01:39:28.087000,2020-07-10 14:33:10.526,1,,False,,False,True,69.169,69.169
260,0 days 01:41:46.478000,PER,11,0 days 00:01:09.222000,41.0,5.0,,,17.51,30.854,20.858,0 days 01:40:54.766000,0 days 01:41:25.620000,0 days 01:41:46.478000,292.0,234.0,272.0,293.0,False,MEDIUM,19.0,False,Racing Point,0 days 01:40:37.256000,2020-07-10 14:34:19.695,1,,False,,False,True,69.222,69.22200000000001
261,0 days 01:43:21.089000,PER,11,0 days 00:01:34.611000,42.0,5.0,,,20.183,33.686,40.742,0 days 01:42:06.661000,0 days 01:42:40.347000,0 days 01:43:21.089000,261.0,193.0,53.0,260.0,False,MEDIUM,20.0,False,Racing Point,0 days 01:41:46.478000,2020-07-10 14:35:28.917,1,,False,,False,True,94.611,94.61099999999999
262,0 days 01:45:17.934000,PER,11,0 days 00:01:56.845000,43.0,5.0,,0 days 01:45:14.533000,44.388,37.828,34.629,0 days 01:44:05.477000,0 days 01:44:43.305000,0 days 01:45:17.934000,267.0,154.0,,271.0,False,MEDIUM,21.0,False,Racing Point,0 days 01:43:21.089000,2020-07-10 14:37:03.528,1,,False,,False,False,116.845,116.845
263,0 days 00:13:55.406000,LEC,16,,1.0,1.0,0 days 00:12:30.756000,,,39.52,25.436,,0 days 00:13:30.203000,0 days 00:13:55.531000,274.0,185.0,278.0,221.0,False,MEDIUM,1.0,True,Ferrari,0 days 00:12:30.756000,2020-07-10 13:06:13.195,,,False,,False,False,,
264,0 days 00:15:01.569000,LEC,16,0 days 00:01:06.163000,2.0,1.0,,,16.88,29.304,19.979,0 days 00:14:12.286000,0 days 00:14:41.590000,0 days 00:15:01.569000,311.0,247.0,275.0,311.0,True,MEDIUM,2.0,True,Ferrari,0 days 00:13:55.406000,2020-07-10 13:07:37.845,1,,False,,False,True,66.163,66.163
265,0 days 00:16:36.057000,LEC,16,0 days 00:01:34.488000,3.0,1.0,,,26.558,43.395,24.535,0 days 00:15:28.127000,0 days 00:16:11.522000,0 days 00:16:36.057000,201.0,181.0,277.0,255.0,False,MEDIUM,3.0,True,Ferrari,0 days 00:15:01.569000,2020-07-10 13:08:44.008,1,,False,,False,True,94.488,94.488
266,0 days 00:17:42.261000,LEC,16,0 days 00:01:06.204000,4.0,1.0,,,16.845,29.443,19.916,0 days 00:16:52.902000,0 days 00:17:22.345000,0 days 00:17:42.261000,307.0,245.0,277.0,305.0,False,MEDIUM,4.0,True,Ferrari,0 days 00:16:36.057000,2020-07-10 13:10:18.496,1,,False,,False,True,66.204,66.204
267,0 days 00:19:17.053000,LEC,16,0 days 00:01:34.792000,5.0,1.0,,,20.825,46.113,27.854,0 days 00:18:03.086000,0 days 00:18:49.199000,0 days 00:19:17.053000,166.0,175.0,277.0,231.0,False,MEDIUM,5.0,True,Ferrari,0 days 00:17:42.261000,2020-07-10 13:11:24.700,1,,False,,False,True,94.792,94.792
268,0 days 00:20:36.057000,LEC,16,0 days 00:01:19.004000,6.0,1.0,,0 days 00:20:32.808000,16.702,34.395,27.907,0 days 00:19:33.755000,0 days 00:20:08.150000,0 days 00:20:36.057000,313.0,201.0,,216.0,False,MEDIUM,6.0,True,Ferrari,0 days 00:19:17.053000,2020-07-10 13:12:59.492,1,,False,,False,False,79.004,79.004
269,0 days 00:38:37.956000,LEC,16,,7.0,2.0,0 days 00:37:08.487000,,,39.726,30.449,,0 days 00:38:07.715000,0 days 00:38:38.075000,279.0,171.0,280.0,243.0,False,MEDIUM,1.0,True,Ferrari,0 days 00:37:08.487000,2020-07-10 13:30:50.926,1,,False,,False,False,,
270,0 days 00:39:43.511000,LEC,16,0 days 00:01:05.555000,8.0,2.0,,,16.616,29.013,19.926,0 days 00:38:54.572000,0 days 00:39:23.585000,0 days 00:39:43.511000,311.0,247.0,274.0,310.0,True,MEDIUM,2.0,True,Ferrari,0 days 00:38:37.956000,2020-07-10 13:32:20.395,1,,False,,False,True,65.555,65.555
271,0 days 00:41:17.667000,LEC,16,0 days 00:01:34.156000,9.0,2.0,,,21.636,44.167,28.353,0 days 00:40:05.147000,0 days 00:40:49.314000,0 days 00:41:17.667000,181.0,108.0,279.0,215.0,False,MEDIUM,3.0,True,Ferrari,0 days 00:39:43.511000,2020-07-10 13:33:25.950,1,,False,,False,True,94.156,94.156
272,0 days 00:42:23.622000,LEC,16,0 days 00:01:05.955000,10.0,2.0,,,16.696,29.178,20.081,0 days 00:41:34.363000,0 days 00:42:03.541000,0 days 00:42:23.622000,310.0,245.0,281.0,309.0,False,MEDIUM,4.0,True,Ferrari,0 days 00:41:17.667000,2020-07-10 13:35:00.106,1,,False,,False,True,65.955,65.955
273,0 days 00:43:44.437000,LEC,16,0 days 00:01:20.815000,11.0,2.0,,,18.892,37.558,24.365,0 days 00:42:42.514000,0 days 00:43:20.072000,0 days 00:43:44.437000,264.0,195.0,254.0,246.0,False,MEDIUM,5.0,True,Ferrari,0 days 00:42:23.622000,2020-07-10 13:36:06.061,1,,False,,False,True,80.815,80.815
274,0 days 00:45:09.384000,LEC,16,0 days 00:01:24.947000,12.0,2.0,,0 days 00:45:06.066000,21.496,36.557,26.894,0 days 00:44:05.933000,0 days 00:44:42.490000,0 days 00:45:09.384000,255.0,215.0,,198.0,False,MEDIUM,6.0,True,Ferrari,0 days 00:43:44.437000,2020-07-10 13:37:26.876,12,,False,,False,False,84.947,84.947
275,0 days 00:54:24.324000,LEC,16,,13.0,3.0,0 days 00:52:55.913000,,,35.616,33.916,,0 days 00:53:50.623000,0 days 00:54:24.420000,279.0,203.0,284.0,274.0,False,SOFT,1.0,True,Ferrari,0 days 00:45:09.384000,2020-07-10 13:38:51.823,1,,False,,False,False,,
276,0 days 00:55:29.030000,LEC,16,0 days 00:01:04.706000,14.0,3.0,,,16.428,28.678,19.6,0 days 00:54:40.752000,0 days 00:55:09.430000,0 days 00:55:29.030000,315.0,250.0,277.0,311.0,True,SOFT,2.0,True,Ferrari,0 days 00:54:24.324000,2020-07-10 13:48:06.763,1,,False,,False,True,64.706,64.706
277,0 days 00:56:56.192000,LEC,16,0 days 00:01:27.162000,15.0,3.0,,0 days 00:56:52.885000,20.081,37.626,29.455,0 days 00:55:49.111000,0 days 00:56:26.737000,0 days 00:56:56.192000,207.0,212.0,,169.0,False,SOFT,3.0,True,Ferrari,0 days 00:55:29.030000,2020-07-10 13:49:11.469,1,,False,,False,False,87.162,87.16199999999999
278,0 days 00:59:03.160000,LEC,16,0 days 00:02:06.968000,16.0,4.0,0 days 00:57:33.281000,0 days 00:58:59.867000,55.937,42.95,28.081,0 days 00:57:52.129000,0 days 00:58:35.079000,0 days 00:59:03.160000,265.0,204.0,,247.0,False,SOFT,4.0,False,Ferrari,0 days 00:56:56.192000,2020-07-10 13:50:38.631,1,,False,,False,False,126.968,126.968
279,0 days 01:10:20.950000,LEC,16,,17.0,5.0,0 days 01:08:52.047000,0 days 01:10:15.853000,,36.145,32.919,,0 days 01:09:48.177000,0 days 01:10:21.079000,267.0,203.0,,266.0,False,MEDIUM,7.0,False,Ferrari,0 days 00:59:03.160000,2020-07-10 13:52:45.599,1,,False,,False,False,,
280,0 days 01:11:58.373000,LEC,16,0 days 00:01:37.423000,18.0,6.0,0 days 01:10:46.156000,,43.629,32.23,21.564,0 days 01:11:04.579000,0 days 01:11:36.809000,0 days 01:11:58.373000,292.0,228.0,267.0,292.0,False,MEDIUM,8.0,False,Ferrari,0 days 01:10:20.950000,2020-07-10 14:04:03.389,1,,False,,False,False,97.423,97.423
281,0 days 01:13:07.829000,LEC,16,0 days 00:01:09.456000,19.0,6.0,,,17.587,30.753,21.116,0 days 01:12:15.960000,0 days 01:12:46.713000,0 days 01:13:07.829000,291.0,233.0,267.0,285.0,False,MEDIUM,9.0,False,Ferrari,0 days 01:11:58.373000,2020-07-10 14:05:40.812,1,,False,,False,True,69.456,69.456
282,0 days 01:14:17.414000,LEC,16,0 days 00:01:09.585000,20.0,6.0,,,17.59,30.915,21.08,0 days 01:13:25.419000,0 days 01:13:56.334000,0 days 01:14:17.414000,293.0,235.0,267.0,289.0,False,MEDIUM,10.0,False,Ferrari,0 days 01:13:07.829000,2020-07-10 14:06:50.268,1,,False,,False,True,69.585,69.585
283,0 days 01:15:26.821000,LEC,16,0 days 00:01:09.407000,21.0,6.0,,,17.604,30.827,20.976,0 days 01:14:35.018000,0 days 01:15:05.845000,0 days 01:15:26.821000,294.0,236.0,267.0,291.0,False,MEDIUM,11.0,False,Ferrari,0 days 01:14:17.414000,2020-07-10 14:07:59.853,1,,False,,False,True,69.407,69.407
284,0 days 01:16:36.341000,LEC,16,0 days 00:01:09.520000,22.0,6.0,,,17.647,30.819,21.054,0 days 01:15:44.468000,0 days 01:16:15.287000,0 days 01:16:36.341000,293.0,236.0,266.0,292.0,False,MEDIUM,12.0,False,Ferrari,0 days 01:15:26.821000,2020-07-10 14:09:09.260,1,,False,,False,True,69.52,69.52
285,0 days 01:17:45.852000,LEC,16,0 days 00:01:09.511000,23.0,6.0,,,17.634,30.967,20.91,0 days 01:16:53.975000,0 days 01:17:24.942000,0 days 01:17:45.852000,293.0,234.0,267.0,290.0,False,MEDIUM,13.0,False,Ferrari,0 days 01:16:36.341000,2020-07-10 14:10:18.780,1,,False,,False,True,69.511,69.511
286,0 days 01:18:55.644000,LEC,16,0 days 00:01:09.792000,24.0,6.0,,,17.765,30.984,21.043,0 days 01:18:03.617000,0 days 01:18:34.601000,0 days 01:18:55.644000,293.0,232.0,268.0,289.0,False,MEDIUM,14.0,False,Ferrari,0 days 01:17:45.852000,2020-07-10 14:11:28.291,1,,False,,False,True,69.792,69.792
287,0 days 01:20:05.201000,LEC,16,0 days 00:01:09.557000,25.0,6.0,,,17.675,30.887,20.995,0 days 01:19:13.319000,0 days 01:19:44.206000,0 days 01:20:05.201000,291.0,236.0,268.0,289.0,False,MEDIUM,15.0,False,Ferrari,0 days 01:18:55.644000,2020-07-10 14:12:38.083,1,,False,,False,True,69.557,69.557
288,0 days 01:21:18.220000,LEC,16,0 days 00:01:13.019000,26.0,6.0,,0 days 01:21:14.825000,17.324,31.151,24.544,0 days 01:20:22.525000,0 days 01:20:53.676000,0 days 01:21:18.220000,309.0,234.0,,292.0,False,MEDIUM,16.0,False,Ferrari,0 days 01:20:05.201000,2020-07-10 14:13:47.640,1,,False,,False,False,73.019,73.019
289,0 days 01:22:51.168000,LEC,16,0 days 00:01:32.948000,27.0,7.0,0 days 01:21:36.775000,0 days 01:22:47.795000,36.079,31.715,25.154,0 days 01:21:54.299000,0 days 01:22:26.014000,0 days 01:22:51.168000,293.0,229.0,,291.0,False,SOFT,5.0,False,Ferrari,0 days 01:21:18.220000,2020-07-10 14:15:00.659,1,,False,,False,False,92.948,92.948
290,0 days 01:36:11.179000,LEC,16,,28.0,8.0,0 days 01:34:54.110000,0 days 01:36:07.739000,,32.435,25.89,,0 days 01:35:45.381000,0 days 01:36:11.231000,268.0,222.0,,275.0,False,MEDIUM,7.0,False,Ferrari,0 days 01:22:51.168000,2020-07-10 14:16:33.607,12,,False,,False,False,,
291,0 days 01:37:44.610000,LEC,16,0 days 00:01:33.431000,29.0,9.0,0 days 01:36:35.351000,,41.394,30.8,21.237,0 days 01:36:52.573000,0 days 01:37:23.373000,0 days 01:37:44.610000,301.0,231.0,266.0,291.0,False,MEDIUM,8.0,False,Ferrari,0 days 01:36:11.179000,2020-07-10 14:29:53.618,1,,False,,False,False,93.431,93.431
292,0 days 01:38:53.828000,LEC,16,0 days 00:01:09.218000,30.0,9.0,,,17.686,30.565,20.967,0 days 01:38:02.296000,0 days 01:38:32.861000,0 days 01:38:53.828000,286.0,234.0,268.0,287.0,False,MEDIUM,9.0,False,Ferrari,0 days 01:37:44.610000,2020-07-10 14:31:27.049,1,,False,,False,True,69.218,69.218
293,0 days 01:40:02.776000,LEC,16,0 days 00:01:08.948000,31.0,9.0,,,17.648,30.411,20.889,0 days 01:39:11.476000,0 days 01:39:41.887000,0 days 01:40:02.776000,291.0,238.0,267.0,291.0,False,MEDIUM,10.0,False,Ferrari,0 days 01:38:53.828000,2020-07-10 14:32:36.267,1,,False,,False,True,68.948,68.948
294,0 days 01:41:11.899000,LEC,16,0 days 00:01:09.123000,32.0,9.0,,,17.601,30.693,20.829,0 days 01:40:20.377000,0 days 01:40:51.070000,0 days 01:41:11.899000,293.0,236.0,270.0,290.0,False,MEDIUM,11.0,False,Ferrari,0 days 01:40:02.776000,2020-07-10 14:33:45.215,1,,False,,False,True,69.123,69.12299999999999
295,0 days 01:42:21.091000,LEC,16,0 days 00:01:09.192000,33.0,9.0,,,17.581,30.669,20.942,0 days 01:41:29.480000,0 days 01:42:00.149000,0 days 01:42:21.091000,298.0,237.0,270.0,292.0,False,MEDIUM,12.0,False,Ferrari,0 days 01:41:11.899000,2020-07-10 14:34:54.338,1,,False,,False,True,69.192,69.19200000000001
296,0 days 01:44:02.917000,LEC,16,0 days 00:01:41.826000,34.0,9.0,,,17.591,32.998,51.237,0 days 01:42:38.682000,0 days 01:43:11.680000,0 days 01:44:02.917000,297.0,181.0,57.0,295.0,False,MEDIUM,13.0,False,Ferrari,0 days 01:42:21.091000,2020-07-10 14:36:03.530,1,,False,,False,True,101.826,101.826
297,0 days 01:45:58.962000,LEC,16,0 days 00:01:56.045000,35.0,9.0,,0 days 01:45:55.685000,45.413,33.914,36.718,0 days 01:44:48.330000,0 days 01:45:22.244000,0 days 01:45:58.962000,294.0,203.0,,231.0,False,MEDIUM,14.0,False,Ferrari,0 days 01:44:02.917000,2020-07-10 14:37:45.356,1,,False,,False,False,116.045,116.045
298,0 days 00:21:22.147000,STR,18,,1.0,1.0,0 days 00:19:53.740000,,,39.048,30.913,,0 days 00:20:51.469000,0 days 00:21:22.278000,253.0,81.0,282.0,261.0,False,MEDIUM,1.0,True,Racing Point,0 days 00:19:53.740000,2020-07-10 13:13:36.179,1,,False,,False,False,,
299,0 days 00:22:27.603000,STR,18,0 days 00:01:05.456000,2.0,1.0,,,16.615,29.11,19.731,0 days 00:21:38.762000,0 days 00:22:07.872000,0 days 00:22:27.603000,317.0,242.0,284.0,316.0,True,MEDIUM,2.0,True,Racing Point,0 days 00:21:22.147000,2020-07-10 13:15:04.586,1,,False,,False,True,65.456,65.45599999999999
300,0 days 00:24:07.321000,STR,18,0 days 00:01:39.718000,3.0,1.0,,,23.425,45.626,30.667,0 days 00:22:51.028000,0 days 00:23:36.654000,0 days 00:24:07.321000,179.0,204.0,284.0,164.0,False,MEDIUM,3.0,True,Racing Point,0 days 00:22:27.603000,2020-07-10 13:16:10.042,12,,False,,False,True,99.718,99.718
301,0 days 00:37:04.124000,STR,18,,4.0,1.0,,0 days 00:25:55.354000,,,,,,,,,,,False,MEDIUM,4.0,True,Racing Point,0 days 00:24:07.321000,2020-07-10 13:17:49.760,251,,False,,False,False,,
302,0 days 00:38:24.531000,STR,18,,5.0,2.0,0 days 00:37:04.124000,,,35.77,25.092,,0 days 00:37:59.702000,0 days 00:38:24.645000,278.0,173.0,287.0,254.0,False,SOFT,1.0,True,Racing Point,0 days 00:37:04.124000,2020-07-10 13:30:46.563,1,,False,,False,False,,
303,0 days 00:39:29.017000,STR,18,0 days 00:01:04.486000,6.0,2.0,,,16.321,28.701,19.464,0 days 00:38:40.852000,0 days 00:39:09.553000,0 days 00:39:29.017000,318.0,246.0,287.0,317.0,False,SOFT,2.0,True,Racing Point,0 days 00:38:24.531000,2020-07-10 13:32:06.970,1,,True,TRACK LIMITS AT TURN 9,False,True,64.486,64.486
304,0 days 00:40:48.451000,STR,18,0 days 00:01:19.434000,7.0,2.0,,0 days 00:40:45.383000,19.918,32.294,27.222,0 days 00:39:48.935000,0 days 00:40:21.229000,0 days 00:40:48.451000,265.0,222.0,,280.0,False,SOFT,3.0,True,Racing Point,0 days 00:39:29.017000,2020-07-10 13:33:11.456,1,,False,,False,False,79.434,79.434
305,0 days 00:48:10.736000,STR,18,,8.0,3.0,0 days 00:46:44.840000,,,38.565,25.196,,0 days 00:47:45.799000,0 days 00:48:10.836000,219.0,161.0,285.0,284.0,False,SOFT,4.0,False,Racing Point,0 days 00:40:48.451000,2020-07-10 13:34:30.890,12,,False,,False,False,,
306,0 days 00:49:15.361000,STR,18,0 days 00:01:04.625000,9.0,3.0,,,16.336,28.75,19.539,0 days 00:48:27.072000,0 days 00:48:55.822000,0 days 00:49:15.361000,318.0,245.0,286.0,314.0,True,SOFT,5.0,False,Racing Point,0 days 00:48:10.736000,2020-07-10 13:41:53.175,1,,False,,False,True,64.625,64.625
307,0 days 00:50:33.414000,STR,18,0 days 00:01:18.053000,10.0,3.0,,0 days 00:50:30.343000,18.031,31.518,28.504,0 days 00:49:33.392000,0 days 00:50:04.910000,0 days 00:50:33.414000,288.0,221.0,,284.0,False,SOFT,6.0,False,Racing Point,0 days 00:49:15.361000,2020-07-10 13:42:57.800,1,,False,,False,False,78.053,78.053
308,0 days 00:55:57.294000,STR,18,,11.0,4.0,0 days 00:54:27.142000,,,41.419,26.518,,0 days 00:55:31.013000,0 days 00:55:57.375000,196.0,204.0,286.0,198.0,False,SOFT,1.0,True,Racing Point,0 days 00:50:33.414000,2020-07-10 13:44:15.853,1,,False,,False,False,,
309,0 days 00:57:01.535000,STR,18,0 days 00:01:04.241000,12.0,4.0,,,16.2,28.574,19.467,0 days 00:56:13.494000,0 days 00:56:42.068000,0 days 00:57:01.535000,321.0,248.0,287.0,317.0,True,SOFT,2.0,True,Racing Point,0 days 00:55:57.294000,2020-07-10 13:49:39.733,1,,False,,False,True,64.241,64.241
310,0 days 00:58:18.379000,STR,18,0 days 00:01:16.844000,13.0,4.0,,0 days 00:58:15.304000,18.023,31.758,27.063,0 days 00:57:19.558000,0 days 00:57:51.316000,0 days 00:58:18.379000,272.0,224.0,,287.0,False,SOFT,3.0,True,Racing Point,0 days 00:57:01.535000,2020-07-10 13:50:43.974,1,,False,,False,False,76.844,76.844
311,0 days 01:09:31.372000,STR,18,,14.0,5.0,0 days 01:08:15.839000,,,32.64,22.475,,0 days 01:09:09.093000,0 days 01:09:31.422000,273.0,220.0,267.0,276.0,False,MEDIUM,5.0,False,Racing Point,0 days 00:58:18.379000,2020-07-10 13:52:00.818,1,,False,,False,False,,
312,0 days 01:10:41.737000,STR,18,0 days 00:01:10.365000,15.0,5.0,,,17.783,31.175,21.407,0 days 01:09:49.155000,0 days 01:10:20.330000,0 days 01:10:41.737000,294.0,223.0,276.0,306.0,False,MEDIUM,6.0,False,Racing Point,0 days 01:09:31.372000,2020-07-10 14:03:13.811,1,,False,,False,True,70.365,70.365
313,0 days 01:11:51.861000,STR,18,0 days 00:01:10.124000,16.0,5.0,,,17.233,31.121,21.77,0 days 01:10:58.970000,0 days 01:11:30.091000,0 days 01:11:51.861000,308.0,229.0,274.0,306.0,False,MEDIUM,7.0,False,Racing Point,0 days 01:10:41.737000,2020-07-10 14:04:24.176,1,,False,,False,True,70.124,70.124
314,0 days 01:13:01.132000,STR,18,0 days 00:01:09.271000,17.0,5.0,,,17.237,30.863,21.171,0 days 01:12:09.098000,0 days 01:12:39.961000,0 days 01:13:01.132000,308.0,229.0,268.0,290.0,False,MEDIUM,8.0,False,Racing Point,0 days 01:11:51.861000,2020-07-10 14:05:34.300,1,,False,,False,True,69.271,69.27099999999999
315,0 days 01:14:11.012000,STR,18,0 days 00:01:09.880000,18.0,5.0,,,17.67,31.09,21.12,0 days 01:13:18.802000,0 days 01:13:49.892000,0 days 01:14:11.012000,289.0,230.0,267.0,288.0,False,MEDIUM,9.0,False,Racing Point,0 days 01:13:01.132000,2020-07-10 14:06:43.571,1,,False,,False,True,69.88,69.88000000000001
316,0 days 01:15:20.617000,STR,18,0 days 00:01:09.605000,19.0,5.0,,,17.646,30.928,21.031,0 days 01:14:28.658000,0 days 01:14:59.586000,0 days 01:15:20.617000,290.0,230.0,268.0,289.0,False,MEDIUM,10.0,False,Racing Point,0 days 01:14:11.012000,2020-07-10 14:07:53.451,1,,False,,False,True,69.605,69.60499999999999
317,0 days 01:16:30.283000,STR,18,0 days 00:01:09.666000,20.0,5.0,,,17.609,30.995,21.062,0 days 01:15:38.226000,0 days 01:16:09.221000,0 days 01:16:30.283000,289.0,229.0,268.0,292.0,False,MEDIUM,11.0,False,Racing Point,0 days 01:15:20.617000,2020-07-10 14:09:03.056,1,,False,,False,True,69.666,69.666
318,0 days 01:17:39.771000,STR,18,0 days 00:01:09.488000,21.0,5.0,,,17.616,30.839,21.033,0 days 01:16:47.899000,0 days 01:17:18.738000,0 days 01:17:39.771000,289.0,230.0,268.0,290.0,False,MEDIUM,12.0,False,Racing Point,0 days 01:16:30.283000,2020-07-10 14:10:12.722,1,,False,,False,True,69.488,69.488
319,0 days 01:18:49.344000,STR,18,0 days 00:01:09.573000,22.0,5.0,,,17.617,30.905,21.051,0 days 01:17:57.388000,0 days 01:18:28.293000,0 days 01:18:49.344000,291.0,229.0,268.0,290.0,False,MEDIUM,13.0,False,Racing Point,0 days 01:17:39.771000,2020-07-10 14:11:22.210,1,,False,,False,True,69.573,69.57300000000001
320,0 days 01:19:59.206000,STR,18,0 days 00:01:09.862000,23.0,5.0,,,17.688,30.979,21.195,0 days 01:19:07.032000,0 days 01:19:38.011000,0 days 01:19:59.206000,288.0,230.0,269.0,289.0,False,MEDIUM,14.0,False,Racing Point,0 days 01:18:49.344000,2020-07-10 14:12:31.783,1,,False,,False,True,69.862,69.862
321,0 days 01:21:09.344000,STR,18,0 days 00:01:10.138000,24.0,5.0,,,17.853,31.104,21.181,0 days 01:20:17.059000,0 days 01:20:48.163000,0 days 01:21:09.344000,289.0,228.0,269.0,291.0,False,MEDIUM,15.0,False,Racing Point,0 days 01:19:59.206000,2020-07-10 14:13:41.645,1,,False,,False,True,70.138,70.138
322,0 days 01:22:19.364000,STR,18,0 days 00:01:10.020000,25.0,5.0,,,17.741,31.146,21.133,0 days 01:21:27.085000,0 days 01:21:58.231000,0 days 01:22:19.364000,290.0,231.0,270.0,292.0,False,MEDIUM,16.0,False,Racing Point,0 days 01:21:09.344000,2020-07-10 14:14:51.783,1,,False,,False,True,70.02,70.02
323,0 days 01:23:29.449000,STR,18,0 days 00:01:10.085000,26.0,5.0,,,17.772,31.125,21.188,0 days 01:22:37.136000,0 days 01:23:08.261000,0 days 01:23:29.449000,291.0,230.0,270.0,293.0,False,MEDIUM,17.0,False,Racing Point,0 days 01:22:19.364000,2020-07-10 14:16:01.803,1,,False,,False,True,70.085,70.085
324,0 days 01:24:41.961000,STR,18,0 days 00:01:12.512000,27.0,5.0,,,17.774,32.885,21.853,0 days 01:23:47.223000,0 days 01:24:20.108000,0 days 01:24:41.961000,288.0,216.0,269.0,282.0,False,MEDIUM,18.0,False,Racing Point,0 days 01:23:29.449000,2020-07-10 14:17:11.888,1,,False,,False,True,72.512,72.512
325,0 days 01:25:54.258000,STR,18,0 days 00:01:12.297000,28.0,5.0,,,17.74,31.178,23.379,0 days 01:24:59.701000,0 days 01:25:30.879000,0 days 01:25:54.258000,282.0,226.0,268.0,284.0,False,MEDIUM,19.0,False,Racing Point,0 days 01:24:41.961000,2020-07-10 14:18:24.400,12,,False,,False,True,72.297,72.297
326,0 days 01:27:04.232000,STR,18,0 days 00:01:09.974000,29.0,5.0,,,17.693,31.125,21.156,0 days 01:26:11.951000,0 days 01:26:43.076000,0 days 01:27:04.232000,285.0,228.0,268.0,286.0,False,MEDIUM,20.0,False,Racing Point,0 days 01:25:54.258000,2020-07-10 14:19:36.697,21,,False,,False,True,69.974,69.97399999999999
327,0 days 01:28:14.352000,STR,18,0 days 00:01:10.120000,30.0,5.0,,,17.682,31.142,21.296,0 days 01:27:21.914000,0 days 01:27:53.056000,0 days 01:28:14.352000,292.0,227.0,268.0,292.0,False,MEDIUM,21.0,False,Racing Point,0 days 01:27:04.232000,2020-07-10 14:20:46.671,1,,False,,False,True,70.12,70.12
328,0 days 01:29:24.264000,STR,18,0 days 00:01:09.912000,31.0,5.0,,,17.703,31.115,21.094,0 days 01:28:32.055000,0 days 01:29:03.170000,0 days 01:29:24.264000,290.0,227.0,269.0,292.0,False,MEDIUM,22.0,False,Racing Point,0 days 01:28:14.352000,2020-07-10 14:21:56.791,1,,False,,False,True,69.912,69.912
329,0 days 01:30:37.795000,STR,18,0 days 00:01:13.531000,32.0,5.0,,0 days 01:30:34.632000,17.654,31.068,24.809,0 days 01:29:41.918000,0 days 01:30:12.986000,0 days 01:30:37.795000,289.0,229.0,,292.0,False,MEDIUM,23.0,False,Racing Point,0 days 01:29:24.264000,2020-07-10 14:23:06.703,1,,False,,False,False,73.531,73.531
330,0 days 01:32:07.163000,STR,18,0 days 00:01:29.368000,33.0,6.0,0 days 01:30:58.346000,,37.131,31.019,21.218,0 days 01:31:14.926000,0 days 01:31:45.945000,0 days 01:32:07.163000,289.0,228.0,271.0,294.0,False,SOFT,7.0,False,Racing Point,0 days 01:30:37.795000,2020-07-10 14:24:20.234,1,,False,,False,False,89.368,89.36800000000001
331,0 days 01:33:16.785000,STR,18,0 days 00:01:09.622000,34.0,6.0,,,17.605,30.851,21.166,0 days 01:32:24.768000,0 days 01:32:55.619000,0 days 01:33:16.785000,289.0,227.0,271.0,293.0,False,SOFT,8.0,False,Racing Point,0 days 01:32:07.163000,2020-07-10 14:25:49.602,1,,False,,False,True,69.622,69.622
332,0 days 01:34:26.291000,STR,18,0 days 00:01:09.506000,35.0,6.0,,,17.614,30.846,21.046,0 days 01:33:34.399000,0 days 01:34:05.245000,0 days 01:34:26.291000,290.0,227.0,270.0,294.0,False,SOFT,9.0,False,Racing Point,0 days 01:33:16.785000,2020-07-10 14:26:59.224,1,,False,,False,True,69.506,69.506
333,0 days 01:35:36.139000,STR,18,0 days 00:01:09.848000,36.0,6.0,,,17.669,31.072,21.107,0 days 01:34:43.960000,0 days 01:35:15.032000,0 days 01:35:36.139000,291.0,230.0,269.0,298.0,False,SOFT,10.0,False,Racing Point,0 days 01:34:26.291000,2020-07-10 14:28:08.730,1,,False,,False,True,69.848,69.848
334,0 days 01:36:45.951000,STR,18,0 days 00:01:09.812000,37.0,6.0,,,17.714,30.982,21.116,0 days 01:35:53.853000,0 days 01:36:24.835000,0 days 01:36:45.951000,288.0,229.0,272.0,292.0,False,SOFT,11.0,False,Racing Point,0 days 01:35:36.139000,2020-07-10 14:29:18.578,1,,False,,False,True,69.812,69.812
335,0 days 01:37:55.986000,STR,18,0 days 00:01:10.035000,38.0,6.0,,,17.815,31.011,21.209,0 days 01:37:03.766000,0 days 01:37:34.777000,0 days 01:37:55.986000,311.0,231.0,277.0,309.0,False,SOFT,12.0,False,Racing Point,0 days 01:36:45.951000,2020-07-10 14:30:28.390,1,,False,,False,True,70.035,70.035
336,0 days 01:39:05.576000,STR,18,0 days 00:01:09.590000,39.0,6.0,,,17.307,31.114,21.169,0 days 01:38:13.293000,0 days 01:38:44.407000,0 days 01:39:05.576000,309.0,230.0,279.0,311.0,False,SOFT,13.0,False,Racing Point,0 days 01:37:55.986000,2020-07-10 14:31:38.425,1,,False,,False,True,69.59,69.59
337,0 days 01:40:19.654000,STR,18,0 days 00:01:14.078000,40.0,6.0,,,17.297,31.291,25.49,0 days 01:39:22.873000,0 days 01:39:54.164000,0 days 01:40:19.654000,313.0,230.0,276.0,311.0,False,SOFT,14.0,False,Racing Point,0 days 01:39:05.576000,2020-07-10 14:32:48.015,1,,False,,False,True,74.078,74.078
338,0 days 01:41:29.052000,STR,18,0 days 00:01:09.398000,41.0,6.0,,,17.6,30.865,20.933,0 days 01:40:37.254000,0 days 01:41:08.119000,0 days 01:41:29.052000,286.0,230.0,270.0,288.0,False,SOFT,15.0,False,Racing Point,0 days 01:40:19.654000,2020-07-10 14:34:02.093,1,,False,,False,True,69.398,69.398
339,0 days 01:43:04.847000,STR,18,0 days 00:01:35.795000,42.0,6.0,,,20.751,36.303,38.741,0 days 01:41:49.803000,0 days 01:42:26.106000,0 days 01:43:04.847000,213.0,196.0,49.0,206.0,False,SOFT,16.0,False,Racing Point,0 days 01:41:29.052000,2020-07-10 14:35:11.491,1,,False,,False,True,95.795,95.795
340,0 days 01:44:57.203000,STR,18,0 days 00:01:52.356000,43.0,6.0,,0 days 01:44:54.061000,53.76,32.995,25.601,0 days 01:43:58.607000,0 days 01:44:31.602000,0 days 01:44:57.203000,249.0,222.0,,248.0,False,SOFT,17.0,False,Racing Point,0 days 01:43:04.847000,2020-07-10 14:36:47.286,1,,False,,False,False,112.356,112.356
341,0 days 00:17:58.250000,MAG,20,,1.0,1.0,0 days 00:16:43.092000,,,33.714,22.204,,0 days 00:17:36.206000,0 days 00:17:58.250000,267.0,218.0,277.0,274.0,False,HARD,1.0,True,Haas F1 Team,0 days 00:16:43.092000,2020-07-10 13:10:25.531,1,,False,,False,False,,
342,0 days 00:19:06.310000,MAG,20,0 days 00:01:08.060000,2.0,1.0,,,16.985,30.383,20.692,0 days 00:18:15.235000,0 days 00:18:45.618000,0 days 00:19:06.310000,309.0,235.0,278.0,308.0,True,HARD,2.0,True,Haas F1 Team,0 days 00:17:58.250000,2020-07-10 13:11:40.689,1,,False,,False,True,68.06,68.06
343,0 days 00:20:25.020000,MAG,20,0 days 00:01:18.710000,3.0,1.0,,,16.869,36.302,25.539,0 days 00:19:23.179000,0 days 00:19:59.481000,0 days 00:20:25.020000,317.0,199.0,278.0,257.0,False,HARD,3.0,True,Haas F1 Team,0 days 00:19:06.310000,2020-07-10 13:12:48.749,1,,False,,False,True,78.71,78.71000000000001
344,0 days 00:21:34.282000,MAG,20,0 days 00:01:09.262000,4.0,1.0,,,16.942,31.602,20.718,0 days 00:20:41.962000,0 days 00:21:13.564000,0 days 00:21:34.282000,314.0,234.0,281.0,310.0,False,HARD,4.0,True,Haas F1 Team,0 days 00:20:25.020000,2020-07-10 13:14:07.459,1,,False,,False,True,69.262,69.262
345,0 days 00:22:41.721000,MAG,20,0 days 00:01:07.439000,5.0,1.0,,,16.814,30.207,20.418,0 days 00:21:51.096000,0 days 00:22:21.303000,0 days 00:22:41.721000,314.0,231.0,281.0,310.0,True,HARD,5.0,True,Haas F1 Team,0 days 00:21:34.282000,2020-07-10 13:15:16.721,1,,False,,False,True,67.439,67.439
346,0 days 00:36:32.283000,MAG,20,,6.0,1.0,,0 days 00:26:04.736000,21.663,50.216,,0 days 00:23:03.542000,0 days 00:23:53.749000,,172.0,100.0,,158.0,False,HARD,6.0,True,Haas F1 Team,0 days 00:22:41.721000,2020-07-10 13:16:24.160,125,,False,,False,False,,
347,0 days 00:37:52.510000,MAG,20,,7.0,2.0,0 days 00:36:32.283000,,,33.693,26.715,,0 days 00:37:26.066000,0 days 00:37:52.623000,285.0,217.0,282.0,301.0,False,SOFT,1.0,True,Haas F1 Team,0 days 00:36:32.283000,2020-07-10 13:30:14.722,1,,False,,False,False,,
348,0 days 00:38:58.759000,MAG,20,0 days 00:01:06.249000,8.0,2.0,,,16.615,29.485,20.149,0 days 00:38:09.125000,0 days 00:38:38.610000,0 days 00:38:58.759000,315.0,240.0,279.0,313.0,True,SOFT,2.0,True,Haas F1 Team,0 days 00:37:52.510000,2020-07-10 13:31:34.949,1,,False,,False,True,66.249,66.249
349,0 days 00:40:24.627000,MAG,20,0 days 00:01:25.868000,9.0,2.0,,,19.564,36.527,29.777,0 days 00:39:18.323000,0 days 00:39:54.850000,0 days 00:40:24.627000,272.0,188.0,279.0,273.0,False,SOFT,3.0,True,Haas F1 Team,0 days 00:38:58.759000,2020-07-10 13:32:41.198,1,,False,,False,True,85.868,85.868
350,0 days 00:41:31.522000,MAG,20,0 days 00:01:06.895000,10.0,2.0,,,16.795,29.668,20.432,0 days 00:40:41.422000,0 days 00:41:11.090000,0 days 00:41:31.522000,313.0,235.0,280.0,311.0,False,SOFT,4.0,True,Haas F1 Team,0 days 00:40:24.627000,2020-07-10 13:34:07.066,1,,False,,False,True,66.895,66.895
351,0 days 00:42:52.005000,MAG,20,0 days 00:01:20.483000,11.0,2.0,,0 days 00:42:48.689000,17.941,34.743,27.799,0 days 00:41:49.463000,0 days 00:42:24.206000,0 days 00:42:52.005000,268.0,210.0,,272.0,False,SOFT,5.0,True,Haas F1 Team,0 days 00:41:31.522000,2020-07-10 13:35:13.961,1,,False,,False,False,80.483,80.483
352,0 days 00:49:02.616000,MAG,20,,12.0,3.0,0 days 00:47:45.884000,,,34.213,24.069,,0 days 00:48:38.818000,0 days 00:49:02.727000,281.0,210.0,281.0,284.0,False,SOFT,1.0,True,Haas F1 Team,0 days 00:42:52.005000,2020-07-10 13:36:34.444,12,,False,,False,False,,
353,0 days 00:50:08.406000,MAG,20,0 days 00:01:05.790000,13.0,3.0,,,16.647,29.199,19.944,0 days 00:49:19.263000,0 days 00:49:48.462000,0 days 00:50:08.406000,316.0,239.0,278.0,311.0,True,SOFT,2.0,True,Haas F1 Team,0 days 00:49:02.616000,2020-07-10 13:42:45.055,1,,False,,False,True,65.79,65.79
354,0 days 00:51:35.808000,MAG,20,0 days 00:01:27.402000,14.0,3.0,,,19.3,38.975,29.127,0 days 00:50:27.706000,0 days 00:51:06.681000,0 days 00:51:35.808000,295.0,190.0,280.0,269.0,False,SOFT,3.0,True,Haas F1 Team,0 days 00:50:08.406000,2020-07-10 13:43:50.845,1,,False,,False,True,87.402,87.402
355,0 days 00:52:54.663000,MAG,20,0 days 00:01:18.855000,15.0,3.0,,,16.696,34.203,27.956,0 days 00:51:52.504000,0 days 00:52:26.707000,0 days 00:52:54.663000,317.0,205.0,279.0,294.0,False,SOFT,4.0,True,Haas F1 Team,0 days 00:51:35.808000,2020-07-10 13:45:18.247,1,,False,,False,True,78.855,78.855
356,0 days 00:54:01.391000,MAG,20,0 days 00:01:06.728000,16.0,3.0,,,16.67,29.916,20.142,0 days 00:53:11.333000,0 days 00:53:41.249000,0 days 00:54:01.391000,313.0,238.0,280.0,308.0,False,SOFT,5.0,True,Haas F1 Team,0 days 00:52:54.663000,2020-07-10 13:46:37.102,1,,False,,False,True,66.728,66.728
357,0 days 00:55:21.875000,MAG,20,0 days 00:01:20.484000,17.0,3.0,,0 days 00:55:18.542000,21.239,33.501,25.744,0 days 00:54:22.630000,0 days 00:54:56.131000,0 days 00:55:21.875000,198.0,219.0,,263.0,False,SOFT,6.0,True,Haas F1 Team,0 days 00:54:01.391000,2020-07-10 13:47:43.830,1,,False,,False,False,80.484,80.484
358,0 days 01:06:51.928000,MAG,20,,18.0,4.0,0 days 01:05:39.475000,,,31.847,21.621,,0 days 01:06:30.499000,0 days 01:06:51.983000,276.0,223.0,264.0,284.0,False,SOFT,7.0,False,Haas F1 Team,0 days 00:55:21.875000,2020-07-10 13:49:04.314,1,,False,,False,False,,
359,0 days 01:08:01.767000,MAG,20,0 days 00:01:09.839000,19.0,4.0,,,17.745,30.851,21.243,0 days 01:07:09.673000,0 days 01:07:40.524000,0 days 01:08:01.767000,293.0,227.0,264.0,290.0,False,SOFT,8.0,False,Haas F1 Team,0 days 01:06:51.928000,2020-07-10 14:00:34.367,1,,False,,False,True,69.839,69.839
360,0 days 01:09:12.053000,MAG,20,0 days 00:01:10.286000,20.0,4.0,,,17.867,31.095,21.324,0 days 01:08:19.634000,0 days 01:08:50.729000,0 days 01:09:12.053000,293.0,227.0,265.0,291.0,False,SOFT,9.0,False,Haas F1 Team,0 days 01:08:01.767000,2020-07-10 14:01:44.206,1,,False,,False,True,70.286,70.286
361,0 days 01:10:22.345000,MAG,20,0 days 00:01:10.292000,21.0,4.0,,,17.76,31.305,21.227,0 days 01:09:29.813000,0 days 01:10:01.118000,0 days 01:10:22.345000,293.0,226.0,265.0,291.0,False,SOFT,10.0,False,Haas F1 Team,0 days 01:09:12.053000,2020-07-10 14:02:54.492,1,,True,TRACK LIMITS AT TURN 10,False,True,70.292,70.292
362,0 days 01:11:32.873000,MAG,20,0 days 00:01:10.528000,22.0,4.0,,,17.845,31.313,21.37,0 days 01:10:40.190000,0 days 01:11:11.503000,0 days 01:11:32.873000,293.0,226.0,265.0,290.0,False,SOFT,11.0,False,Haas F1 Team,0 days 01:10:22.345000,2020-07-10 14:04:04.784,1,,True,TRACK LIMITS AT TURN 10,False,True,70.528,70.528
363,0 days 01:12:43.512000,MAG,20,0 days 00:01:10.639000,23.0,4.0,,,17.785,31.464,21.39,0 days 01:11:50.658000,0 days 01:12:22.122000,0 days 01:12:43.512000,295.0,226.0,266.0,290.0,False,SOFT,12.0,False,Haas F1 Team,0 days 01:11:32.873000,2020-07-10 14:05:15.312,1,,False,,False,True,70.639,70.639
364,0 days 01:13:54.314000,MAG,20,0 days 00:01:10.802000,24.0,4.0,,,17.799,31.541,21.462,0 days 01:13:01.311000,0 days 01:13:32.852000,0 days 01:13:54.314000,295.0,227.0,267.0,290.0,False,SOFT,13.0,False,Haas F1 Team,0 days 01:12:43.512000,2020-07-10 14:06:25.951,1,,False,,False,True,70.802,70.802
365,0 days 01:15:05.723000,MAG,20,0 days 00:01:11.409000,25.0,4.0,,,17.742,31.955,21.712,0 days 01:14:12.056000,0 days 01:14:44.011000,0 days 01:15:05.723000,299.0,225.0,266.0,293.0,False,SOFT,14.0,False,Haas F1 Team,0 days 01:13:54.314000,2020-07-10 14:07:36.753,1,,False,,False,True,71.409,71.409
366,0 days 01:16:21.423000,MAG,20,0 days 00:01:15.700000,26.0,4.0,,0 days 01:16:18.047000,18.239,32.276,25.185,0 days 01:15:23.962000,0 days 01:15:56.238000,0 days 01:16:21.423000,294.0,219.0,,291.0,False,SOFT,15.0,False,Haas F1 Team,0 days 01:15:05.723000,2020-07-10 14:08:48.162,1,,False,,False,False,75.7,75.7
367,0 days 01:33:29.009000,MAG,20,,27.0,5.0,0 days 01:32:17.448000,,,31.92,21.609,,0 days 01:33:07.598000,0 days 01:33:29.036000,290.0,226.0,267.0,287.0,False,SOFT,6.0,False,Haas F1 Team,0 days 01:16:21.423000,2020-07-10 14:10:03.862,12,,False,,False,False,,
368,0 days 01:34:39.856000,MAG,20,0 days 00:01:10.847000,28.0,5.0,,,17.622,31.145,22.08,0 days 01:33:46.631000,0 days 01:34:17.776000,0 days 01:34:39.856000,296.0,225.0,266.0,296.0,False,SOFT,7.0,False,Haas F1 Team,0 days 01:33:29.009000,2020-07-10 14:27:11.448,1,,True,TRACK LIMITS AT TURN 9,False,True,70.847,70.847
369,0 days 01:35:51.091000,MAG,20,0 days 00:01:11.235000,29.0,5.0,,,17.838,31.51,21.887,0 days 01:34:57.694000,0 days 01:35:29.204000,0 days 01:35:51.091000,298.0,225.0,268.0,299.0,False,SOFT,8.0,False,Haas F1 Team,0 days 01:34:39.856000,2020-07-10 14:28:22.295,1,,False,,False,True,71.235,71.235
370,0 days 01:37:01.863000,MAG,20,0 days 00:01:10.772000,30.0,5.0,,,17.767,31.447,21.558,0 days 01:36:08.858000,0 days 01:36:40.305000,0 days 01:37:01.863000,297.0,227.0,266.0,296.0,False,SOFT,9.0,False,Haas F1 Team,0 days 01:35:51.091000,2020-07-10 14:29:33.530,1,,False,,False,True,70.772,70.77199999999999
371,0 days 01:38:12.483000,MAG,20,0 days 00:01:10.620000,31.0,5.0,,,17.753,31.296,21.571,0 days 01:37:19.616000,0 days 01:37:50.912000,0 days 01:38:12.483000,297.0,225.0,267.0,295.0,False,SOFT,10.0,False,Haas F1 Team,0 days 01:37:01.863000,2020-07-10 14:30:44.302,1,,False,,False,True,70.62,70.62
372,0 days 01:39:23.641000,MAG,20,0 days 00:01:11.158000,32.0,5.0,,,17.851,31.589,21.718,0 days 01:38:30.334000,0 days 01:39:01.923000,0 days 01:39:23.641000,289.0,225.0,267.0,289.0,False,SOFT,11.0,False,Haas F1 Team,0 days 01:38:12.483000,2020-07-10 14:31:54.922,1,,False,,False,True,71.158,71.158
373,0 days 01:40:34.555000,MAG,20,0 days 00:01:10.914000,33.0,5.0,,,17.844,31.521,21.549,0 days 01:39:41.485000,0 days 01:40:13.006000,0 days 01:40:34.555000,287.0,227.0,267.0,276.0,False,SOFT,12.0,False,Haas F1 Team,0 days 01:39:23.641000,2020-07-10 14:33:06.080,1,,False,,False,True,70.914,70.914
374,0 days 01:41:45.614000,MAG,20,0 days 00:01:11.059000,34.0,5.0,,,17.878,31.58,21.601,0 days 01:40:52.433000,0 days 01:41:24.013000,0 days 01:41:45.614000,286.0,226.0,266.0,280.0,False,SOFT,13.0,False,Haas F1 Team,0 days 01:40:34.555000,2020-07-10 14:34:16.994,1,,False,,False,True,71.059,71.059
375,0 days 01:43:16.856000,MAG,20,0 days 00:01:31.242000,35.0,5.0,,,19.513,33.464,38.265,0 days 01:42:05.127000,0 days 01:42:38.591000,0 days 01:43:16.856000,247.0,211.0,53.0,258.0,False,SOFT,14.0,False,Haas F1 Team,0 days 01:41:45.614000,2020-07-10 14:35:28.053,1,,False,,False,True,91.242,91.242
376,0 days 01:45:04.222000,MAG,20,0 days 00:01:47.366000,36.0,5.0,,0 days 01:45:00.843000,47.542,33.221,26.603,0 days 01:44:04.398000,0 days 01:44:37.619000,0 days 01:45:04.222000,296.0,207.0,,276.0,False,SOFT,15.0,False,Haas F1 Team,0 days 01:43:16.856000,2020-07-10 14:36:59.295,1,,False,,False,False,107.366,107.36600000000001
377,0 days 00:18:51.776000,ALB,23,,1.0,1.0,0 days 00:17:32.478000,,,35.818,22.53,,0 days 00:18:29.466000,0 days 00:18:51.952000,263.0,210.0,283.0,274.0,False,HARD,1.0,True,Red Bull Racing,0 days 00:17:32.478000,2020-07-10 13:11:14.917,1,,False,,False,False,,
378,0 days 00:19:57.967000,ALB,23,0 days 00:01:06.191000,2.0,1.0,,,16.629,29.555,20.007,0 days 00:19:08.405000,0 days 00:19:37.960000,0 days 00:19:57.967000,315.0,244.0,284.0,313.0,True,HARD,2.0,True,Red Bull Racing,0 days 00:18:51.776000,2020-07-10 13:12:34.215,1,,False,,False,True,66.191,66.191
379,0 days 00:21:24.651000,ALB,23,0 days 00:01:26.684000,3.0,1.0,,,22.592,38.236,25.856,0 days 00:20:20.559000,0 days 00:20:58.795000,0 days 00:21:24.651000,160.0,174.0,287.0,274.0,False,HARD,3.0,True,Red Bull Racing,0 days 00:19:57.967000,2020-07-10 13:13:40.406,1,,False,,False,True,86.684,86.684
380,0 days 00:22:45.530000,ALB,23,0 days 00:01:20.879000,4.0,1.0,,,17.608,38.204,25.067,0 days 00:21:42.259000,0 days 00:22:20.463000,0 days 00:22:45.530000,273.0,115.0,288.0,272.0,False,HARD,4.0,True,Red Bull Racing,0 days 00:21:24.651000,2020-07-10 13:15:07.090,1,,False,,False,True,80.879,80.87899999999999
381,0 days 00:23:51.194000,ALB,23,0 days 00:01:05.664000,5.0,1.0,,,16.489,29.265,19.91,0 days 00:23:02.019000,0 days 00:23:31.284000,0 days 00:23:51.194000,318.0,244.0,285.0,314.0,True,HARD,5.0,True,Red Bull Racing,0 days 00:22:45.530000,2020-07-10 13:16:27.969,1,,False,,False,True,65.664,65.664
382,0 days 00:38:46.260000,ALB,23,,6.0,1.0,,0 days 00:25:33.134000,18.932,,,0 days 00:24:10.386000,,,262.0,,,,False,HARD,6.0,True,Red Bull Racing,0 days 00:23:51.194000,2020-07-10 13:17:33.633,125,,False,,False,False,,
383,0 days 00:40:13.122000,ALB,23,,7.0,2.0,0 days 00:38:46.260000,,,37.603,26.312,,0 days 00:39:46.982000,0 days 00:40:13.281000,128.0,204.0,289.0,291.0,False,SOFT,1.0,True,Red Bull Racing,0 days 00:38:46.260000,2020-07-10 13:32:28.699,1,,False,,False,False,,
384,0 days 00:41:18.100000,ALB,23,0 days 00:01:04.978000,8.0,2.0,,,16.322,28.902,19.754,0 days 00:40:29.444000,0 days 00:40:58.346000,0 days 00:41:18.100000,320.0,243.0,292.0,316.0,False,SOFT,2.0,True,Red Bull Racing,0 days 00:40:13.122000,2020-07-10 13:33:55.561,1,,True,TRACK LIMITS AT TURN 9,False,True,64.978,64.97800000000001
385,0 days 00:42:55.731000,ALB,23,0 days 00:01:37.631000,9.0,2.0,,,24.62,44.564,28.447,0 days 00:41:42.720000,0 days 00:42:27.284000,0 days 00:42:55.731000,140.0,118.0,238.0,160.0,False,SOFT,3.0,True,Red Bull Racing,0 days 00:41:18.100000,2020-07-10 13:35:00.539,1,,False,,False,True,97.631,97.631
386,0 days 00:44:22.541000,ALB,23,0 days 00:01:26.810000,10.0,2.0,,,22.756,40.122,23.932,0 days 00:43:18.487000,0 days 00:43:58.609000,0 days 00:44:22.541000,215.0,179.0,290.0,268.0,False,SOFT,4.0,True,Red Bull Racing,0 days 00:42:55.731000,2020-07-10 13:36:38.170,1,,False,,False,True,86.81,86.81
387,0 days 00:46:19.705000,ALB,23,0 days 00:01:57.164000,11.0,2.0,,0 days 00:46:16.254000,16.372,69.538,31.254,0 days 00:44:38.913000,0 days 00:45:48.451000,0 days 00:46:19.705000,321.0,183.0,,178.0,False,SOFT,5.0,True,Red Bull Racing,0 days 00:44:22.541000,2020-07-10 13:38:04.980,12,,False,,False,False,117.164,117.164
388,0 days 01:00:31.259000,ALB,23,,12.0,3.0,0 days 00:59:11.044000,,,36.285,23.097,,0 days 01:00:08.294000,0 days 01:00:31.321000,274.0,204.0,289.0,290.0,False,SOFT,1.0,True,Red Bull Racing,0 days 00:46:19.705000,2020-07-10 13:40:02.144,1,,False,,False,False,,
389,0 days 01:01:35.696000,ALB,23,0 days 00:01:04.437000,13.0,3.0,,,16.39,28.668,19.379,0 days 01:00:47.649000,0 days 01:01:16.317000,0 days 01:01:35.696000,316.0,251.0,285.0,315.0,True,SOFT,2.0,True,Red Bull Racing,0 days 01:00:31.259000,2020-07-10 13:54:13.698,1,,False,,False,True,64.437,64.437
390,0 days 01:03:44.257000,ALB,23,0 days 00:02:08.561000,14.0,3.0,,0 days 01:03:02.500000,21.756,39.198,67.607,0 days 01:01:57.452000,0 days 01:02:36.650000,0 days 01:03:44.257000,230.0,176.0,,202.0,False,SOFT,3.0,True,Red Bull Racing,0 days 01:01:35.696000,2020-07-10 13:55:18.135,1,,False,,False,False,128.561,128.561
391,0 days 01:19:56.114000,ALB,23,,15.0,4.0,0 days 01:18:41.488000,,,32.442,21.958,,0 days 01:19:34.275000,0 days 01:19:56.190000,282.0,227.0,266.0,284.0,False,HARD,7.0,False,Red Bull Racing,0 days 01:03:44.257000,2020-07-10 13:57:26.696,1,,False,,False,False,,
392,0 days 01:21:06.655000,ALB,23,0 days 00:01:10.541000,16.0,4.0,,,17.775,31.389,21.377,0 days 01:20:13.889000,0 days 01:20:45.278000,0 days 01:21:06.655000,284.0,230.0,269.0,281.0,False,HARD,8.0,False,Red Bull Racing,0 days 01:19:56.114000,2020-07-10 14:13:38.553,1,,False,,False,True,70.541,70.541
393,0 days 01:22:16.954000,ALB,23,0 days 00:01:10.299000,17.0,4.0,,,17.674,31.35,21.275,0 days 01:21:24.329000,0 days 01:21:55.679000,0 days 01:22:16.954000,286.0,228.0,269.0,281.0,False,HARD,9.0,False,Red Bull Racing,0 days 01:21:06.655000,2020-07-10 14:14:49.094,1,,False,,False,True,70.299,70.299
394,0 days 01:23:27.482000,ALB,23,0 days 00:01:10.528000,18.0,4.0,,,17.778,31.378,21.372,0 days 01:22:34.732000,0 days 01:23:06.110000,0 days 01:23:27.482000,289.0,229.0,269.0,284.0,False,HARD,10.0,False,Red Bull Racing,0 days 01:22:16.954000,2020-07-10 14:15:59.393,1,,False,,False,True,70.528,70.52799999999999
395,0 days 01:24:37.654000,ALB,23,0 days 00:01:10.172000,19.0,4.0,,,17.659,31.272,21.241,0 days 01:23:45.141000,0 days 01:24:16.413000,0 days 01:24:37.654000,285.0,229.0,269.0,283.0,False,HARD,11.0,False,Red Bull Racing,0 days 01:23:27.482000,2020-07-10 14:17:09.921,1,,False,,False,True,70.172,70.172
396,0 days 01:26:25.261000,ALB,23,0 days 00:01:47.607000,20.0,4.0,,0 days 01:26:21.928000,17.663,31.135,58.809,0 days 01:24:55.317000,0 days 01:25:26.452000,0 days 01:26:25.261000,284.0,229.0,,284.0,False,HARD,12.0,False,Red Bull Racing,0 days 01:24:37.654000,2020-07-10 14:18:20.093,12,,False,,False,False,107.607,107.607
397,0 days 01:35:06.125000,ALB,23,,21.0,5.0,0 days 01:33:52.102000,,,32.698,21.807,,0 days 01:34:44.407000,0 days 01:35:06.167000,276.0,220.0,268.0,285.0,False,SOFT,6.0,False,Red Bull Racing,0 days 01:26:25.261000,2020-07-10 14:20:07.700,1,,False,,False,False,,
398,0 days 01:36:16.088000,ALB,23,0 days 00:01:09.963000,22.0,5.0,,,17.741,31.0,21.222,0 days 01:35:23.866000,0 days 01:35:54.866000,0 days 01:36:16.088000,280.0,229.0,269.0,282.0,False,SOFT,7.0,False,Red Bull Racing,0 days 01:35:06.125000,2020-07-10 14:28:48.564,1,,False,,False,True,69.963,69.963
399,0 days 01:37:26.259000,ALB,23,0 days 00:01:10.171000,23.0,5.0,,,17.73,31.058,21.383,0 days 01:36:33.818000,0 days 01:37:04.876000,0 days 01:37:26.259000,281.0,228.0,268.0,283.0,False,SOFT,8.0,False,Red Bull Racing,0 days 01:36:16.088000,2020-07-10 14:29:58.527,1,,False,,False,True,70.171,70.17099999999999
400,0 days 01:38:36.270000,ALB,23,0 days 00:01:10.011000,24.0,5.0,,,17.701,31.01,21.3,0 days 01:37:43.960000,0 days 01:38:14.970000,0 days 01:38:36.270000,281.0,231.0,269.0,283.0,False,SOFT,9.0,False,Red Bull Racing,0 days 01:37:26.259000,2020-07-10 14:31:08.698,1,,False,,False,True,70.011,70.011
401,0 days 01:39:48.728000,ALB,23,0 days 00:01:12.458000,25.0,5.0,,,18.942,31.81,21.706,0 days 01:38:55.212000,0 days 01:39:27.022000,0 days 01:39:48.728000,296.0,229.0,269.0,302.0,False,SOFT,10.0,False,Red Bull Racing,0 days 01:38:36.270000,2020-07-10 14:32:18.709,1,,False,,False,True,72.458,72.458
402,0 days 01:40:59.643000,ALB,23,0 days 00:01:10.915000,26.0,5.0,,,17.399,31.846,21.67,0 days 01:40:06.127000,0 days 01:40:37.973000,0 days 01:40:59.643000,304.0,227.0,269.0,297.0,False,SOFT,11.0,False,Red Bull Racing,0 days 01:39:48.728000,2020-07-10 14:33:31.167,1,,False,,False,True,70.915,70.915
403,0 days 01:42:10.087000,ALB,23,0 days 00:01:10.444000,27.0,5.0,,,17.579,31.268,21.597,0 days 01:41:17.222000,0 days 01:41:48.490000,0 days 01:42:10.087000,291.0,228.0,270.0,283.0,False,SOFT,12.0,False,Red Bull Racing,0 days 01:40:59.643000,2020-07-10 14:34:42.082,1,,False,,False,True,70.444,70.444
404,0 days 01:44:19.926000,ALB,23,0 days 00:02:09.839000,28.0,5.0,,,21.98,39.248,68.611,0 days 01:42:32.067000,0 days 01:43:11.315000,0 days 01:44:19.926000,199.0,171.0,4.0,252.0,False,SOFT,13.0,False,Red Bull Racing,0 days 01:42:10.087000,2020-07-10 14:35:52.526,1,,False,,False,True,129.839,129.839
405,0 days 01:46:01.446000,ALB,23,0 days 00:01:41.520000,29.0,5.0,,0 days 01:45:58.084000,21.835,43.668,36.017,0 days 01:44:41.761000,0 days 01:45:25.429000,0 days 01:46:01.446000,215.0,168.0,,155.0,False,SOFT,14.0,False,Red Bull Racing,0 days 01:44:19.926000,2020-07-10 14:38:02.365,1,,False,,False,False,101.52,101.52000000000001
406,0 days 00:16:10.389000,KVY,26,,1.0,1.0,0 days 00:14:54.841000,,,33.901,22.893,,0 days 00:15:47.674000,0 days 00:16:10.477000,284.0,220.0,281.0,290.0,False,HARD,1.0,True,AlphaTauri,0 days 00:14:54.841000,2020-07-10 13:08:37.280,1,,False,,False,False,,
407,0 days 00:17:16.505000,KVY,26,0 days 00:01:06.116000,2.0,1.0,,,16.684,29.341,20.091,0 days 00:16:27.073000,0 days 00:16:56.414000,0 days 00:17:16.505000,312.0,244.0,281.0,311.0,True,HARD,2.0,True,AlphaTauri,0 days 00:16:10.389000,2020-07-10 13:09:52.828,1,,False,,False,True,66.116,66.11600000000001
408,0 days 00:18:42.999000,KVY,26,0 days 00:01:26.494000,3.0,1.0,,,21.216,40.701,24.577,0 days 00:17:37.721000,0 days 00:18:18.422000,0 days 00:18:42.999000,260.0,191.0,281.0,271.0,False,HARD,3.0,True,AlphaTauri,0 days 00:17:16.505000,2020-07-10 13:10:58.944,1,,False,,False,True,86.494,86.494
409,0 days 00:19:49.689000,KVY,26,0 days 00:01:06.690000,4.0,1.0,,,16.678,29.763,20.249,0 days 00:18:59.677000,0 days 00:19:29.440000,0 days 00:19:49.689000,312.0,244.0,283.0,310.0,False,HARD,4.0,True,AlphaTauri,0 days 00:18:42.999000,2020-07-10 13:12:25.438,1,,False,,False,True,66.69,66.69
410,0 days 00:21:15.709000,KVY,26,0 days 00:01:26.020000,5.0,1.0,,0 days 00:21:12.427000,19.461,36.668,29.891,0 days 00:20:09.150000,0 days 00:20:45.818000,0 days 00:21:15.709000,268.0,201.0,,265.0,False,HARD,5.0,True,AlphaTauri,0 days 00:19:49.689000,2020-07-10 13:13:32.128,1,,False,,False,False,86.02,86.02
411,0 days 00:46:36.389000,KVY,26,,6.0,2.0,0 days 00:45:20.042000,,,34.919,23.132,,0 days 00:46:13.472000,0 days 00:46:36.480000,290.0,195.0,283.0,280.0,False,SOFT,1.0,True,AlphaTauri,0 days 00:45:20.042000,2020-07-10 13:39:02.481,1,,False,,False,False,,
412,0 days 00:47:41.770000,KVY,26,0 days 00:01:05.381000,7.0,2.0,,,16.442,29.014,19.925,0 days 00:46:52.831000,0 days 00:47:21.845000,0 days 00:47:41.770000,312.0,245.0,282.0,308.0,True,SOFT,2.0,True,AlphaTauri,0 days 00:46:36.389000,2020-07-10 13:40:18.828,1,,False,,False,True,65.381,65.381
413,0 days 00:49:07.664000,KVY,26,0 days 00:01:25.894000,8.0,2.0,,,19.869,40.394,25.631,0 days 00:48:01.639000,0 days 00:48:42.033000,0 days 00:49:07.664000,260.0,153.0,285.0,266.0,False,SOFT,3.0,True,AlphaTauri,0 days 00:47:41.770000,2020-07-10 13:41:24.209,1,,False,,False,True,85.894,85.894
414,0 days 00:50:27.077000,KVY,26,0 days 00:01:19.413000,9.0,2.0,,0 days 00:50:23.787000,18.166,33.415,27.832,0 days 00:49:25.830000,0 days 00:49:59.245000,0 days 00:50:27.077000,279.0,203.0,,288.0,False,SOFT,4.0,True,AlphaTauri,0 days 00:49:07.664000,2020-07-10 13:42:50.103,1,,False,,False,False,79.413,79.41300000000001
415,0 days 00:58:13.161000,KVY,26,,10.0,3.0,0 days 00:56:56.558000,,,34.909,23.3,,0 days 00:57:50.029000,0 days 00:58:13.250000,284.0,206.0,284.0,289.0,False,SOFT,1.0,True,AlphaTauri,0 days 00:50:27.077000,2020-07-10 13:44:09.516,1,,False,,False,False,,
416,0 days 00:59:18.211000,KVY,26,0 days 00:01:05.050000,11.0,3.0,,,16.441,28.843,19.766,0 days 00:58:29.602000,0 days 00:58:58.445000,0 days 00:59:18.211000,313.0,246.0,280.0,311.0,True,SOFT,2.0,True,AlphaTauri,0 days 00:58:13.161000,2020-07-10 13:51:55.600,1,,False,,False,True,65.05,65.05
417,0 days 01:00:40.375000,KVY,26,0 days 00:01:22.164000,12.0,3.0,,0 days 01:00:37.093000,19.498,34.008,28.658,0 days 00:59:37.709000,0 days 01:00:11.717000,0 days 01:00:40.375000,283.0,203.0,,274.0,False,SOFT,3.0,True,AlphaTauri,0 days 00:59:18.211000,2020-07-10 13:53:00.650,1,,False,,False,False,82.164,82.164
418,0 days 01:12:15.663000,KVY,26,,13.0,4.0,0 days 01:10:59.098000,,,35.628,22.884,,0 days 01:11:52.867000,0 days 01:12:15.709000,289.0,213.0,288.0,289.0,False,SOFT,1.0,True,AlphaTauri,0 days 01:00:40.375000,2020-07-10 13:54:22.814,1,,False,,False,False,,
419,0 days 01:13:20.630000,KVY,26,0 days 00:01:04.967000,14.0,4.0,,,16.269,28.924,19.774,0 days 01:12:31.932000,0 days 01:13:00.856000,0 days 01:13:20.630000,320.0,247.0,284.0,314.0,False,SOFT,2.0,True,AlphaTauri,0 days 01:12:15.663000,2020-07-10 14:05:58.102,1,,True,TRACK LIMITS AT TURN 10,False,True,64.967,64.967
420,0 days 01:14:49.042000,KVY,26,0 days 00:01:28.412000,15.0,4.0,,0 days 01:14:45.662000,21.89,38.62,27.902,0 days 01:13:42.520000,0 days 01:14:21.140000,0 days 01:14:49.042000,215.0,206.0,,189.0,False,SOFT,3.0,True,AlphaTauri,0 days 01:13:20.630000,2020-07-10 14:07:03.069,1,,False,,False,False,88.412,88.412
421,0 days 01:21:53.926000,KVY,26,,16.0,5.0,0 days 01:20:43.605000,,,31.835,21.187,,0 days 01:21:32.854000,0 days 01:21:53.926000,300.0,232.0,269.0,289.0,False,SOFT,5.0,False,AlphaTauri,0 days 01:14:49.042000,2020-07-10 14:08:31.481,1,,False,,False,False,,
422,0 days 01:23:03.561000,KVY,26,0 days 00:01:09.635000,17.0,5.0,,,17.626,30.802,21.207,0 days 01:22:11.552000,0 days 01:22:42.354000,0 days 01:23:03.561000,283.0,231.0,270.0,280.0,False,SOFT,6.0,False,AlphaTauri,0 days 01:21:53.926000,2020-07-10 14:15:36.365,1,,False,,False,True,69.635,69.63499999999999
423,0 days 01:24:13.211000,KVY,26,0 days 00:01:09.650000,18.0,5.0,,,17.649,30.828,21.173,0 days 01:23:21.210000,0 days 01:23:52.038000,0 days 01:24:13.211000,282.0,232.0,268.0,280.0,False,SOFT,7.0,False,AlphaTauri,0 days 01:23:03.561000,2020-07-10 14:16:46.000,1,,False,,False,True,69.65,69.65
424,0 days 01:25:23.174000,KVY,26,0 days 00:01:09.963000,19.0,5.0,,,17.712,30.869,21.382,0 days 01:24:30.923000,0 days 01:25:01.792000,0 days 01:25:23.174000,283.0,229.0,269.0,281.0,False,SOFT,8.0,False,AlphaTauri,0 days 01:24:13.211000,2020-07-10 14:17:55.650,1,,False,,False,True,69.963,69.96300000000001
425,0 days 01:26:33.278000,KVY,26,0 days 00:01:10.104000,20.0,5.0,,,17.73,31.136,21.238,0 days 01:25:40.904000,0 days 01:26:12.040000,0 days 01:26:33.278000,283.0,231.0,267.0,278.0,False,SOFT,9.0,False,AlphaTauri,0 days 01:25:23.174000,2020-07-10 14:19:05.613,12,,False,,False,True,70.104,70.104
426,0 days 01:27:43.397000,KVY,26,0 days 00:01:10.119000,21.0,5.0,,,17.858,31.021,21.24,0 days 01:26:51.136000,0 days 01:27:22.157000,0 days 01:27:43.397000,279.0,232.0,266.0,278.0,False,SOFT,10.0,False,AlphaTauri,0 days 01:26:33.278000,2020-07-10 14:20:15.717,1,,False,,False,True,70.119,70.119
427,0 days 01:28:57.796000,KVY,26,0 days 00:01:14.399000,22.0,5.0,,0 days 01:28:54.377000,17.793,31.121,25.485,0 days 01:28:01.190000,0 days 01:28:32.311000,0 days 01:28:57.796000,282.0,229.0,,278.0,False,SOFT,11.0,False,AlphaTauri,0 days 01:27:43.397000,2020-07-10 14:21:25.836,1,,False,,False,False,74.399,74.399
428,0 days 01:30:59.599000,KVY,26,0 days 00:02:01.803000,23.0,6.0,0 days 01:29:33.598000,,53.402,39.595,28.806,0 days 01:29:51.198000,0 days 01:30:30.793000,0 days 01:30:59.599000,286.0,216.0,264.0,287.0,False,HARD,6.0,False,AlphaTauri,0 days 01:28:57.796000,2020-07-10 14:22:40.235,1,,False,,False,False,121.803,121.803
429,0 days 01:32:10.227000,KVY,26,0 days 00:01:10.628000,24.0,6.0,,,17.956,31.196,21.476,0 days 01:31:17.555000,0 days 01:31:48.751000,0 days 01:32:10.227000,292.0,228.0,267.0,280.0,False,HARD,7.0,False,AlphaTauri,0 days 01:30:59.599000,2020-07-10 14:24:42.038,1,,False,,False,True,70.628,70.628
430,0 days 01:33:20.348000,KVY,26,0 days 00:01:10.121000,25.0,6.0,,,17.838,31.047,21.236,0 days 01:32:28.065000,0 days 01:32:59.112000,0 days 01:33:20.348000,280.0,231.0,268.0,285.0,False,HARD,8.0,False,AlphaTauri,0 days 01:32:10.227000,2020-07-10 14:25:52.666,1,,False,,False,True,70.121,70.12100000000001
431,0 days 01:34:30.377000,KVY,26,0 days 00:01:10.029000,26.0,6.0,,,17.71,31.026,21.293,0 days 01:33:38.058000,0 days 01:34:09.084000,0 days 01:34:30.377000,278.0,229.0,267.0,288.0,False,HARD,9.0,False,AlphaTauri,0 days 01:33:20.348000,2020-07-10 14:27:02.787,1,,False,,False,True,70.029,70.029
432,0 days 01:35:40.245000,KVY,26,0 days 00:01:09.868000,27.0,6.0,,,17.72,30.828,21.32,0 days 01:34:48.097000,0 days 01:35:18.925000,0 days 01:35:40.245000,278.0,228.0,267.0,288.0,False,HARD,10.0,False,AlphaTauri,0 days 01:34:30.377000,2020-07-10 14:28:12.816,1,,False,,False,True,69.868,69.868
433,0 days 01:36:50.005000,KVY,26,0 days 00:01:09.760000,28.0,6.0,,,17.777,30.821,21.162,0 days 01:35:58.022000,0 days 01:36:28.843000,0 days 01:36:50.005000,279.0,228.0,268.0,288.0,False,HARD,11.0,False,AlphaTauri,0 days 01:35:40.245000,2020-07-10 14:29:22.684,1,,False,,False,True,69.76,69.75999999999999
434,0 days 01:37:59.797000,KVY,26,0 days 00:01:09.792000,29.0,6.0,,,17.714,30.815,21.263,0 days 01:37:07.719000,0 days 01:37:38.534000,0 days 01:37:59.797000,283.0,234.0,267.0,290.0,False,HARD,12.0,False,AlphaTauri,0 days 01:36:50.005000,2020-07-10 14:30:32.444,1,,False,,False,True,69.792,69.792
435,0 days 01:39:13.066000,KVY,26,0 days 00:01:13.269000,30.0,6.0,,0 days 01:39:09.674000,17.759,31.022,24.488,0 days 01:38:17.556000,0 days 01:38:48.578000,0 days 01:39:13.066000,281.0,233.0,,291.0,False,HARD,13.0,False,AlphaTauri,0 days 01:37:59.797000,2020-07-10 14:31:42.236,1,,False,,False,False,73.269,73.269
436,0 days 01:40:40.365000,KVY,26,0 days 00:01:27.299000,31.0,7.0,0 days 01:39:31.550000,,34.893,31.126,21.28,0 days 01:39:47.959000,0 days 01:40:19.085000,0 days 01:40:40.365000,314.0,226.0,269.0,286.0,False,SOFT,12.0,False,AlphaTauri,0 days 01:39:13.066000,2020-07-10 14:32:55.505,1,,False,,False,False,87.299,87.299
437,0 days 01:41:49.809000,KVY,26,0 days 00:01:09.444000,32.0,7.0,,,17.694,30.598,21.152,0 days 01:40:58.059000,0 days 01:41:28.657000,0 days 01:41:49.809000,285.0,227.0,268.0,286.0,False,SOFT,13.0,False,AlphaTauri,0 days 01:40:40.365000,2020-07-10 14:34:22.804,1,,False,,False,True,69.444,69.444
438,0 days 01:43:32.141000,KVY,26,0 days 00:01:42.332000,33.0,7.0,,,20.342,37.661,44.329,0 days 01:42:10.151000,0 days 01:42:47.812000,0 days 01:43:32.141000,256.0,170.0,55.0,238.0,False,SOFT,14.0,False,AlphaTauri,0 days 01:41:49.809000,2020-07-10 14:35:32.248,1,,False,,False,True,102.332,102.332
439,0 days 01:45:25.323000,KVY,26,0 days 00:01:53.182000,34.0,7.0,,0 days 01:45:21.946000,45.812,36.232,31.138,0 days 01:44:17.953000,0 days 01:44:54.185000,0 days 01:45:25.323000,269.0,213.0,,213.0,False,SOFT,15.0,False,AlphaTauri,0 days 01:43:32.141000,2020-07-10 14:37:14.580,1,,False,,False,False,113.182,113.182
440,0 days 00:22:57.210000,OCO,31,,1.0,1.0,0 days 00:21:37.016000,,,34.837,26.085,,0 days 00:22:31.309000,0 days 00:22:57.297000,282.0,193.0,283.0,288.0,False,MEDIUM,1.0,True,Renault,0 days 00:21:37.016000,2020-07-10 13:15:19.455,1,,False,,False,False,,
441,0 days 00:24:02.972000,OCO,31,0 days 00:01:05.762000,2.0,1.0,,,16.567,29.215,19.98,0 days 00:23:13.777000,0 days 00:23:42.992000,0 days 00:24:02.972000,317.0,244.0,285.0,313.0,True,MEDIUM,2.0,True,Renault,0 days 00:22:57.210000,2020-07-10 13:16:39.649,1,,False,,False,True,65.762,65.762
442,0 days 00:47:12.617000,OCO,31,,3.0,1.0,,0 days 00:25:56.940000,,,,,,,,,,,False,MEDIUM,3.0,True,Renault,0 days 00:24:02.972000,2020-07-10 13:17:45.411,125,,False,,False,False,,
443,0 days 00:48:34.104000,OCO,31,,4.0,2.0,0 days 00:47:12.617000,,,36.495,25.594,,0 days 00:48:08.725000,0 days 00:48:34.168000,292.0,181.0,285.0,262.0,False,SOFT,1.0,True,Renault,0 days 00:47:12.617000,2020-07-10 13:40:55.056,1,,False,,False,False,,
444,0 days 00:49:39.007000,OCO,31,0 days 00:01:04.903000,5.0,2.0,,,16.372,28.817,19.714,0 days 00:48:50.476000,0 days 00:49:19.293000,0 days 00:49:39.007000,318.0,250.0,285.0,313.0,True,SOFT,2.0,True,Renault,0 days 00:48:34.104000,2020-07-10 13:42:16.543,1,,False,,False,True,64.903,64.90299999999999
445,0 days 00:51:28.967000,OCO,31,0 days 00:01:49.960000,6.0,2.0,,0 days 00:50:53.273000,18.368,32.578,59.014,0 days 00:49:57.375000,0 days 00:50:29.953000,0 days 00:51:28.967000,289.0,217.0,,285.0,False,SOFT,3.0,True,Renault,0 days 00:49:39.007000,2020-07-10 13:43:21.446,1,,False,,False,False,109.96,109.96000000000001
446,0 days 00:58:20.716000,OCO,31,,7.0,3.0,0 days 00:57:03.465000,,,35.265,23.396,,0 days 00:57:57.546000,0 days 00:58:20.844000,264.0,196.0,285.0,275.0,False,SOFT,1.0,True,Renault,0 days 00:51:28.967000,2020-07-10 13:45:11.406,1,,False,,False,False,,
447,0 days 00:59:25.462000,OCO,31,0 days 00:01:04.746000,8.0,3.0,,,16.371,28.699,19.676,0 days 00:58:37.087000,0 days 00:59:05.786000,0 days 00:59:25.462000,315.0,246.0,286.0,313.0,True,SOFT,2.0,True,Renault,0 days 00:58:20.716000,2020-07-10 13:52:03.155,1,,False,,False,True,64.746,64.746
448,0 days 01:00:45.830000,OCO,31,0 days 00:01:20.368000,9.0,3.0,,0 days 01:00:42.489000,19.339,35.472,25.557,0 days 00:59:44.801000,0 days 01:00:20.273000,0 days 01:00:45.830000,242.0,222.0,,199.0,False,SOFT,3.0,True,Renault,0 days 00:59:25.462000,2020-07-10 13:53:07.901,1,,False,,False,False,80.368,80.368
449,0 days 01:17:51.194000,OCO,31,,10.0,4.0,0 days 01:16:39.425000,,,31.3,21.349,,0 days 01:17:29.970000,0 days 01:17:51.222000,281.0,228.0,269.0,290.0,False,SOFT,4.0,False,Renault,0 days 01:00:45.830000,2020-07-10 13:54:28.269,1,,False,,False,False,,
450,0 days 01:19:00.402000,OCO,31,0 days 00:01:09.208000,11.0,4.0,,,17.43,30.616,21.162,0 days 01:18:08.624000,0 days 01:18:39.240000,0 days 01:19:00.402000,292.0,229.0,271.0,289.0,False,SOFT,5.0,False,Renault,0 days 01:17:51.194000,2020-07-10 14:11:33.633,1,,False,,False,True,69.208,69.208
451,0 days 01:20:09.759000,OCO,31,0 days 00:01:09.357000,12.0,4.0,,,17.532,30.657,21.168,0 days 01:19:17.934000,0 days 01:19:48.591000,0 days 01:20:09.759000,290.0,229.0,271.0,289.0,False,SOFT,6.0,False,Renault,0 days 01:19:00.402000,2020-07-10 14:12:42.841,1,,False,,False,True,69.357,69.357
452,0 days 01:21:20.492000,OCO,31,0 days 00:01:10.733000,13.0,4.0,,,17.491,30.86,22.382,0 days 01:20:27.250000,0 days 01:20:58.110000,0 days 01:21:20.492000,292.0,229.0,272.0,291.0,False,SOFT,7.0,False,Renault,0 days 01:20:09.759000,2020-07-10 14:13:52.198,1,,False,,False,True,70.733,70.733
453,0 days 01:22:30.062000,OCO,31,0 days 00:01:09.570000,14.0,4.0,,,17.486,30.779,21.305,0 days 01:21:37.978000,0 days 01:22:08.757000,0 days 01:22:30.062000,294.0,231.0,271.0,293.0,False,SOFT,8.0,False,Renault,0 days 01:21:20.492000,2020-07-10 14:15:02.931,1,,False,,False,True,69.57,69.57
454,0 days 01:23:39.675000,OCO,31,0 days 00:01:09.613000,15.0,4.0,,,17.478,30.974,21.161,0 days 01:22:47.540000,0 days 01:23:18.514000,0 days 01:23:39.675000,293.0,229.0,272.0,291.0,False,SOFT,9.0,False,Renault,0 days 01:22:30.062000,2020-07-10 14:16:12.501,1,,False,,False,True,69.613,69.613
455,0 days 01:24:49.092000,OCO,31,0 days 00:01:09.417000,16.0,4.0,,,17.522,30.773,21.122,0 days 01:23:57.197000,0 days 01:24:27.970000,0 days 01:24:49.092000,291.0,232.0,272.0,292.0,False,SOFT,10.0,False,Renault,0 days 01:23:39.675000,2020-07-10 14:17:22.114,1,,False,,False,True,69.417,69.417
456,0 days 01:25:59.650000,OCO,31,0 days 00:01:10.558000,17.0,4.0,,,17.532,31.074,21.952,0 days 01:25:06.624000,0 days 01:25:37.698000,0 days 01:25:59.650000,290.0,213.0,272.0,291.0,False,SOFT,11.0,False,Renault,0 days 01:24:49.092000,2020-07-10 14:18:31.531,12,,False,,False,True,70.558,70.558
457,0 days 01:27:09.583000,OCO,31,0 days 00:01:09.933000,18.0,4.0,,,17.579,30.962,21.392,0 days 01:26:17.229000,0 days 01:26:48.191000,0 days 01:27:09.583000,294.0,229.0,271.0,294.0,False,SOFT,12.0,False,Renault,0 days 01:25:59.650000,2020-07-10 14:19:42.089,1,,False,,False,True,69.933,69.93299999999999
458,0 days 01:28:23.187000,OCO,31,0 days 00:01:13.604000,19.0,4.0,,,17.632,31.318,24.654,0 days 01:27:27.215000,0 days 01:27:58.533000,0 days 01:28:23.187000,296.0,230.0,270.0,294.0,False,SOFT,13.0,False,Renault,0 days 01:27:09.583000,2020-07-10 14:20:52.022,1,,False,,False,True,73.604,73.604
459,0 days 01:29:33.101000,OCO,31,0 days 00:01:09.914000,20.0,4.0,,,17.704,30.988,21.222,0 days 01:28:40.891000,0 days 01:29:11.879000,0 days 01:29:33.101000,292.0,231.0,270.0,291.0,False,SOFT,14.0,False,Renault,0 days 01:28:23.187000,2020-07-10 14:22:05.626,1,,False,,False,True,69.914,69.914
460,0 days 01:30:42.967000,OCO,31,0 days 00:01:09.866000,21.0,4.0,,,17.648,31.046,21.172,0 days 01:29:50.749000,0 days 01:30:21.795000,0 days 01:30:42.967000,292.0,229.0,271.0,290.0,False,SOFT,15.0,False,Renault,0 days 01:29:33.101000,2020-07-10 14:23:15.540,1,,False,,False,True,69.866,69.866
461,0 days 01:31:56.515000,OCO,31,0 days 00:01:13.548000,22.0,4.0,,,18.047,34.074,21.427,0 days 01:31:01.014000,0 days 01:31:35.088000,0 days 01:31:56.515000,201.0,231.0,271.0,249.0,False,SOFT,16.0,False,Renault,0 days 01:30:42.967000,2020-07-10 14:24:25.406,1,,False,,False,True,73.548,73.548
462,0 days 01:33:06.534000,OCO,31,0 days 00:01:10.019000,23.0,4.0,,,17.54,31.057,21.422,0 days 01:32:14.055000,0 days 01:32:45.112000,0 days 01:33:06.534000,296.0,229.0,272.0,295.0,False,SOFT,17.0,False,Renault,0 days 01:31:56.515000,2020-07-10 14:25:38.954,1,,False,,False,True,70.019,70.01899999999999
463,0 days 01:34:19.056000,OCO,31,0 days 00:01:12.522000,24.0,4.0,,,17.6,33.453,21.469,0 days 01:33:24.134000,0 days 01:33:57.587000,0 days 01:34:19.056000,296.0,228.0,270.0,294.0,False,SOFT,18.0,False,Renault,0 days 01:33:06.534000,2020-07-10 14:26:48.973,1,,False,,False,True,72.522,72.522
464,0 days 01:35:28.977000,OCO,31,0 days 00:01:09.921000,25.0,4.0,,,17.627,31.096,21.198,0 days 01:34:36.683000,0 days 01:35:07.779000,0 days 01:35:28.977000,293.0,228.0,269.0,293.0,False,SOFT,19.0,False,Renault,0 days 01:34:19.056000,2020-07-10 14:28:01.495,1,,False,,False,True,69.921,69.92099999999999
465,0 days 01:36:39.036000,OCO,31,0 days 00:01:10.059000,26.0,4.0,,,17.683,31.1,21.276,0 days 01:35:46.660000,0 days 01:36:17.760000,0 days 01:36:39.036000,290.0,230.0,270.0,291.0,False,SOFT,20.0,False,Renault,0 days 01:35:28.977000,2020-07-10 14:29:11.416,1,,False,,False,True,70.059,70.059
466,0 days 01:37:49.017000,OCO,31,0 days 00:01:09.981000,27.0,4.0,,,17.57,31.061,21.35,0 days 01:36:56.606000,0 days 01:37:27.667000,0 days 01:37:49.017000,295.0,228.0,271.0,293.0,False,SOFT,21.0,False,Renault,0 days 01:36:39.036000,2020-07-10 14:30:21.475,1,,False,,False,True,69.981,69.981
467,0 days 01:38:58.899000,OCO,31,0 days 00:01:09.882000,28.0,4.0,,,17.529,31.116,21.237,0 days 01:38:06.546000,0 days 01:38:37.662000,0 days 01:38:58.899000,295.0,227.0,272.0,293.0,False,SOFT,22.0,False,Renault,0 days 01:37:49.017000,2020-07-10 14:31:31.456,1,,False,,False,True,69.882,69.88199999999999
468,0 days 01:40:08.525000,OCO,31,0 days 00:01:09.626000,29.0,4.0,,,17.542,31.027,21.057,0 days 01:39:16.441000,0 days 01:39:47.468000,0 days 01:40:08.525000,293.0,230.0,271.0,292.0,False,SOFT,23.0,False,Renault,0 days 01:38:58.899000,2020-07-10 14:32:41.338,1,,False,,False,True,69.626,69.626
469,0 days 01:41:36.589000,OCO,31,0 days 00:01:28.064000,30.0,4.0,,,19.703,42.081,26.28,0 days 01:40:28.228000,0 days 01:41:10.309000,0 days 01:41:36.589000,250.0,177.0,221.0,172.0,False,SOFT,24.0,False,Renault,0 days 01:40:08.525000,2020-07-10 14:33:50.964,1,,False,,False,True,88.064,88.06400000000001
470,0 days 01:43:14.146000,OCO,31,0 days 00:01:37.557000,31.0,4.0,,,20.971,34.262,42.324,0 days 01:41:57.560000,0 days 01:42:31.822000,0 days 01:43:14.146000,223.0,211.0,51.0,220.0,False,SOFT,25.0,False,Renault,0 days 01:41:36.589000,2020-07-10 14:35:19.028,1,,False,,False,True,97.557,97.557
471,0 days 01:44:53.969000,OCO,31,0 days 00:01:39.823000,32.0,4.0,,0 days 01:44:50.542000,36.613,36.608,26.602,0 days 01:43:50.759000,0 days 01:44:27.367000,0 days 01:44:53.969000,210.0,226.0,,199.0,False,SOFT,26.0,False,Renault,0 days 01:43:14.146000,2020-07-10 14:36:56.585,1,,False,,False,False,99.823,99.82300000000001
472,0 days 00:38:06.890000,VER,33,,1.0,1.0,0 days 00:36:43.155000,0 days 00:38:03.463000,,36.254,28.369,,0 days 00:37:38.627000,0 days 00:38:06.890000,221.0,199.0,,257.0,False,MEDIUM,1.0,True,Red Bull Racing,0 days 00:36:43.155000,2020-07-10 13:30:25.594,1,,False,,False,False,,
473,0 days 00:42:19.026000,VER,33,,2.0,2.0,0 days 00:41:05.138000,,,33.62,21.792,,0 days 00:41:57.458000,0 days 00:42:19.204000,285.0,229.0,288.0,180.0,False,MEDIUM,2.0,False,Red Bull Racing,0 days 00:38:06.890000,2020-07-10 13:31:49.329,1,,False,,False,False,,
474,0 days 00:43:23.721000,VER,33,0 days 00:01:04.695000,3.0,2.0,,,16.362,28.694,19.639,0 days 00:42:35.388000,0 days 00:43:04.082000,0 days 00:43:23.721000,318.0,248.0,284.0,314.0,False,MEDIUM,3.0,False,Red Bull Racing,0 days 00:42:19.026000,2020-07-10 13:36:01.465,1,,True,TRACK LIMITS AT TURN 9,False,True,64.695,64.695
475,0 days 00:44:47.245000,VER,33,0 days 00:01:23.524000,4.0,2.0,,,21.325,36.325,25.874,0 days 00:43:45.046000,0 days 00:44:21.371000,0 days 00:44:47.245000,179.0,203.0,290.0,234.0,True,MEDIUM,4.0,False,Red Bull Racing,0 days 00:43:23.721000,2020-07-10 13:37:06.160,1,,False,,False,True,83.524,83.524
476,0 days 00:46:06.456000,VER,33,0 days 00:01:19.211000,5.0,2.0,,,19.549,37.21,22.452,0 days 00:45:06.794000,0 days 00:45:44.004000,0 days 00:46:06.456000,163.0,209.0,287.0,260.0,True,MEDIUM,5.0,False,Red Bull Racing,0 days 00:44:47.245000,2020-07-10 13:38:29.684,12,,False,,False,True,79.211,79.211
477,0 days 00:47:11.026000,VER,33,0 days 00:01:04.570000,6.0,2.0,,,16.353,28.696,19.521,0 days 00:46:22.809000,0 days 00:46:51.505000,0 days 00:47:11.026000,317.0,249.0,283.0,312.0,True,MEDIUM,6.0,False,Red Bull Racing,0 days 00:46:06.456000,2020-07-10 13:39:48.895,1,,False,,False,True,64.57,64.57000000000001
478,0 days 00:49:01.869000,VER,33,0 days 00:01:50.843000,7.0,2.0,,0 days 00:48:22.172000,17.868,31.178,61.797,0 days 00:47:28.894000,0 days 00:48:00.072000,0 days 00:49:01.869000,285.0,229.0,,282.0,False,MEDIUM,7.0,False,Red Bull Racing,0 days 00:47:11.026000,2020-07-10 13:40:53.465,1,,False,,False,False,110.843,110.84299999999999
479,0 days 00:58:56.686000,VER,33,,8.0,3.0,0 days 00:57:37.939000,,,37.222,23.081,,0 days 00:58:33.782000,0 days 00:58:56.816000,193.0,200.0,289.0,286.0,False,SOFT,1.0,True,Red Bull Racing,0 days 00:49:01.869000,2020-07-10 13:42:44.308,1,,False,,False,False,,
480,0 days 01:00:00.677000,VER,33,0 days 00:01:03.991000,9.0,3.0,,,16.154,28.513,19.324,0 days 00:59:12.840000,0 days 00:59:41.353000,0 days 01:00:00.677000,320.0,250.0,283.0,316.0,False,SOFT,2.0,True,Red Bull Racing,0 days 00:58:56.686000,2020-07-10 13:52:39.125,1,,True,TRACK LIMITS AT TURN 10,False,True,63.991,63.991
481,0 days 01:01:15.034000,VER,33,0 days 00:01:14.357000,10.0,3.0,,0 days 01:01:11.823000,18.21,31.043,25.104,0 days 01:00:18.887000,0 days 01:00:49.930000,0 days 01:01:15.034000,288.0,230.0,,286.0,False,SOFT,3.0,True,Red Bull Racing,0 days 01:00:00.677000,2020-07-10 13:53:43.116,1,,False,,False,False,74.357,74.357
482,0 days 01:06:17.218000,VER,33,,11.0,4.0,0 days 01:05:01.427000,,,35.672,22.592,,0 days 01:05:54.768000,0 days 01:06:17.218000,280.0,185.0,289.0,269.0,False,SOFT,1.0,True,Red Bull Racing,0 days 01:01:15.034000,2020-07-10 13:54:57.473,1,,False,,False,False,,
483,0 days 01:07:20.878000,VER,33,0 days 00:01:03.660000,12.0,4.0,,,16.207,28.144,19.309,0 days 01:06:33.425000,0 days 01:07:01.569000,0 days 01:07:20.878000,317.0,252.0,283.0,314.0,True,SOFT,2.0,True,Red Bull Racing,0 days 01:06:17.218000,2020-07-10 13:59:59.657,1,,False,,False,True,63.66,63.66
484,0 days 01:08:36.194000,VER,33,0 days 00:01:15.316000,13.0,4.0,,0 days 01:08:32.886000,18.244,31.719,25.353,0 days 01:07:39.122000,0 days 01:08:10.841000,0 days 01:08:36.194000,263.0,229.0,,285.0,False,SOFT,3.0,True,Red Bull Racing,0 days 01:07:20.878000,2020-07-10 14:01:03.317,1,,False,,False,False,75.316,75.316
485,0 days 01:19:43.509000,VER,33,,14.0,5.0,0 days 01:18:26.694000,0 days 01:19:40.185000,,33.712,24.979,,0 days 01:19:18.625000,0 days 01:19:43.520000,225.0,229.0,,273.0,False,MEDIUM,8.0,False,Red Bull Racing,0 days 01:08:36.194000,2020-07-10 14:02:18.633,1,,False,,False,False,,
486,0 days 01:21:18.175000,VER,33,0 days 00:01:34.666000,15.0,6.0,0 days 01:20:05.959000,,39.642,32.951,22.073,0 days 01:20:23.151000,0 days 01:20:56.102000,0 days 01:21:18.175000,225.0,179.0,272.0,299.0,False,MEDIUM,9.0,False,Red Bull Racing,0 days 01:19:43.509000,2020-07-10 14:13:25.948,1,,False,,False,False,94.666,94.666
487,0 days 01:22:27.337000,VER,33,0 days 00:01:09.162000,16.0,6.0,,,17.629,30.602,20.931,0 days 01:21:35.804000,0 days 01:22:06.406000,0 days 01:22:27.337000,287.0,229.0,273.0,286.0,False,MEDIUM,10.0,False,Red Bull Racing,0 days 01:21:18.175000,2020-07-10 14:15:00.614,1,,False,,False,True,69.162,69.162
488,0 days 01:23:36.432000,VER,33,0 days 00:01:09.095000,17.0,6.0,,,17.474,30.595,21.026,0 days 01:22:44.811000,0 days 01:23:15.406000,0 days 01:23:36.432000,290.0,232.0,273.0,286.0,False,MEDIUM,11.0,False,Red Bull Racing,0 days 01:22:27.337000,2020-07-10 14:16:09.776,1,,False,,False,True,69.095,69.095
489,0 days 01:24:45.512000,VER,33,0 days 00:01:09.080000,18.0,6.0,,,17.474,30.621,20.985,,0 days 01:24:24.527000,0 days 01:24:45.512000,288.0,228.0,275.0,289.0,False,MEDIUM,12.0,False,Red Bull Racing,0 days 01:23:36.432000,2020-07-10 14:17:18.871,1,,False,,False,True,69.08,69.08
490,0 days 01:25:56.934000,VER,33,0 days 00:01:11.422000,19.0,6.0,,,17.507,30.814,23.101,0 days 01:25:03.019000,0 days 01:25:33.833000,0 days 01:25:56.934000,290.0,227.0,281.0,292.0,False,MEDIUM,13.0,False,Red Bull Racing,0 days 01:24:45.512000,2020-07-10 14:18:27.951,12,,False,,False,True,71.422,71.422
491,0 days 01:27:07.385000,VER,33,0 days 00:01:10.451000,20.0,6.0,,,17.094,31.74,21.617,0 days 01:26:14.028000,0 days 01:26:45.768000,0 days 01:27:07.385000,322.0,224.0,278.0,317.0,False,MEDIUM,14.0,False,Red Bull Racing,0 days 01:25:56.934000,2020-07-10 14:19:39.373,21,,False,,False,True,70.451,70.45100000000001
492,0 days 01:28:17.142000,VER,33,0 days 00:01:09.757000,21.0,6.0,,,17.139,31.334,21.284,0 days 01:27:24.524000,0 days 01:27:55.858000,0 days 01:28:17.142000,323.0,228.0,273.0,309.0,False,MEDIUM,15.0,False,Red Bull Racing,0 days 01:27:07.385000,2020-07-10 14:20:49.824,1,,False,,False,True,69.757,69.757
493,0 days 01:29:37.723000,VER,33,0 days 00:01:20.581000,22.0,6.0,,,17.516,33.843,29.222,0 days 01:28:34.658000,0 days 01:29:08.501000,0 days 01:29:37.723000,293.0,123.0,191.0,268.0,False,MEDIUM,16.0,False,Red Bull Racing,0 days 01:28:17.142000,2020-07-10 14:21:59.581,1,,False,,False,True,80.581,80.581
494,0 days 01:31:04.694000,VER,33,0 days 00:01:26.971000,23.0,6.0,,0 days 01:31:01.301000,21.869,35.661,29.441,0 days 01:29:59.592000,0 days 01:30:35.253000,0 days 01:31:04.694000,241.0,189.0,,249.0,False,MEDIUM,17.0,False,Red Bull Racing,0 days 01:29:37.723000,2020-07-10 14:23:20.162,1,,False,,False,False,86.971,86.971
495,0 days 01:40:12.569000,VER,33,,24.0,7.0,0 days 01:39:03.574000,,,30.889,21.167,,0 days 01:39:51.505000,0 days 01:40:12.580000,289.0,230.0,273.0,312.0,False,MEDIUM,18.0,False,Red Bull Racing,0 days 01:31:04.694000,2020-07-10 14:24:47.133,1,,False,,False,False,,
496,0 days 01:41:21.579000,VER,33,0 days 00:01:09.010000,25.0,7.0,,,17.504,30.568,20.938,0 days 01:40:30.073000,0 days 01:41:00.641000,0 days 01:41:21.579000,292.0,227.0,273.0,286.0,False,MEDIUM,19.0,False,Red Bull Racing,0 days 01:40:12.569000,2020-07-10 14:33:55.008,1,,False,,False,True,69.01,69.01
497,0 days 01:42:55.045000,VER,33,0 days 00:01:33.466000,26.0,7.0,,,19.173,37.676,36.617,0 days 01:41:40.752000,0 days 01:42:18.428000,0 days 01:42:55.045000,167.0,190.0,63.0,224.0,False,MEDIUM,20.0,False,Red Bull Racing,0 days 01:41:21.579000,2020-07-10 14:35:04.018,1,,False,,False,True,93.466,93.46600000000001
498,0 days 01:44:37.940000,VER,33,0 days 00:01:42.895000,27.0,7.0,,0 days 01:44:34.621000,39.19,35.657,28.048,0 days 01:43:34.235000,0 days 01:44:09.892000,0 days 01:44:37.940000,231.0,188.0,,213.0,False,MEDIUM,21.0,False,Red Bull Racing,0 days 01:42:55.045000,2020-07-10 14:36:37.484,1,,False,,False,False,102.895,102.895
499,0 days 00:22:52.589000,HAM,44,,1.0,1.0,0 days 00:21:33.760000,,,34.498,25.192,,0 days 00:22:27.560000,0 days 00:22:52.681000,273.0,213.0,283.0,286.0,False,MEDIUM,1.0,True,Mercedes,0 days 00:21:33.760000,2020-07-10 13:15:16.199,1,,False,,False,False,,
500,0 days 00:23:58.270000,HAM,44,0 days 00:01:05.681000,2.0,1.0,,,16.655,29.128,19.898,0 days 00:23:09.244000,0 days 00:23:38.372000,0 days 00:23:58.270000,315.0,244.0,286.0,312.0,False,MEDIUM,2.0,True,Mercedes,0 days 00:22:52.589000,2020-07-10 13:16:35.028,1,,True,TRACK LIMITS AT TURN 9,False,True,65.681,65.681
501,0 days 00:36:23.563000,HAM,44,,3.0,1.0,,0 days 00:25:44.597000,,,,,,,,,,,False,MEDIUM,3.0,True,Mercedes,0 days 00:23:58.270000,2020-07-10 13:17:40.709,125,,False,,False,False,,
502,0 days 00:37:39.190000,HAM,44,,4.0,2.0,0 days 00:36:23.563000,,,33.988,22.555,,0 days 00:37:16.851000,0 days 00:37:39.315000,275.0,220.0,283.0,267.0,False,MEDIUM,4.0,False,Mercedes,0 days 00:36:23.563000,2020-07-10 13:30:06.002,1,,False,,False,False,,
503,0 days 00:38:44.278000,HAM,44,0 days 00:01:05.088000,5.0,2.0,,,16.519,29.036,19.533,0 days 00:37:55.709000,0 days 00:38:24.745000,0 days 00:38:44.278000,313.0,245.0,287.0,313.0,True,MEDIUM,5.0,False,Mercedes,0 days 00:37:39.190000,2020-07-10 13:31:21.629,1,,False,,False,True,65.088,65.088
504,0 days 00:40:09.961000,HAM,44,0 days 00:01:25.683000,6.0,2.0,,,19.663,40.876,25.144,0 days 00:39:03.941000,0 days 00:39:44.817000,0 days 00:40:09.961000,267.0,190.0,284.0,195.0,False,MEDIUM,6.0,False,Mercedes,0 days 00:38:44.278000,2020-07-10 13:32:26.717,1,,False,,False,True,85.683,85.68299999999999
505,0 days 00:41:33.134000,HAM,44,0 days 00:01:23.173000,7.0,2.0,,,16.639,36.622,29.912,0 days 00:40:26.600000,0 days 00:41:03.222000,0 days 00:41:33.134000,299.0,200.0,282.0,247.0,False,MEDIUM,7.0,False,Mercedes,0 days 00:40:09.961000,2020-07-10 13:33:52.400,1,,False,,False,True,83.173,83.173
506,0 days 00:42:47.910000,HAM,44,0 days 00:01:14.776000,8.0,2.0,,0 days 00:42:44.549000,16.616,31.412,26.748,0 days 00:41:49.750000,0 days 00:42:21.162000,0 days 00:42:47.910000,316.0,206.0,,312.0,False,MEDIUM,8.0,False,Mercedes,0 days 00:41:33.134000,2020-07-10 13:35:15.573,1,,False,,False,False,74.776,74.776
507,0 days 00:53:39.733000,HAM,44,,9.0,3.0,0 days 00:52:18.238000,,,36.253,26.441,,0 days 00:53:13.478000,0 days 00:53:39.878000,267.0,213.0,291.0,268.0,False,SOFT,1.0,True,Mercedes,0 days 00:42:47.910000,2020-07-10 13:36:30.349,12,,False,,False,False,,
508,0 days 00:55:02.324000,HAM,44,0 days 00:01:22.591000,10.0,3.0,,,16.496,40.456,25.639,0 days 00:53:56.229000,0 days 00:54:36.685000,0 days 00:55:02.324000,300.0,184.0,284.0,240.0,False,SOFT,2.0,True,Mercedes,0 days 00:53:39.733000,2020-07-10 13:47:22.172,1,,False,,False,True,82.591,82.591
509,0 days 00:56:06.934000,HAM,44,0 days 00:01:04.610000,11.0,3.0,,,16.375,28.835,19.4,0 days 00:55:18.699000,0 days 00:55:47.534000,0 days 00:56:06.934000,314.0,247.0,285.0,311.0,True,SOFT,3.0,True,Mercedes,0 days 00:55:02.324000,2020-07-10 13:48:44.763,1,,False,,False,True,64.61,64.61
510,0 days 00:57:29.633000,HAM,44,0 days 00:01:22.699000,12.0,3.0,,0 days 00:57:26.296000,20.52,35.387,26.792,0 days 00:56:27.454000,0 days 00:57:02.841000,0 days 00:57:29.633000,265.0,205.0,,266.0,False,SOFT,4.0,True,Mercedes,0 days 00:56:06.934000,2020-07-10 13:49:49.373,1,,False,,False,False,82.699,82.699
511,0 days 01:03:43.964000,HAM,44,,13.0,4.0,0 days 01:02:28.144000,,,34.612,22.967,,0 days 01:03:21.192000,0 days 01:03:44.086000,290.0,207.0,289.0,289.0,False,SOFT,1.0,True,Mercedes,0 days 00:57:29.633000,2020-07-10 13:51:12.072,1,,False,,False,False,,
512,0 days 01:04:48.370000,HAM,44,0 days 00:01:04.406000,14.0,4.0,,,16.254,28.848,19.304,0 days 01:04:00.218000,0 days 01:04:29.066000,0 days 01:04:48.370000,318.0,248.0,285.0,315.0,True,SOFT,2.0,True,Mercedes,0 days 01:03:43.964000,2020-07-10 13:57:26.403,1,,False,,False,True,64.406,64.406
513,0 days 01:06:12.102000,HAM,44,0 days 00:01:23.732000,15.0,4.0,,0 days 01:06:08.793000,19.694,35.652,28.386,0 days 01:05:08.064000,0 days 01:05:43.716000,0 days 01:06:12.102000,263.0,182.0,,263.0,False,SOFT,3.0,True,Mercedes,0 days 01:04:48.370000,2020-07-10 13:58:30.809,1,,False,,False,False,83.732,83.732
514,0 days 01:11:48.182000,HAM,44,,16.0,5.0,0 days 01:10:20.819000,,,44.753,22.974,,0 days 01:11:25.292000,0 days 01:11:48.197000,260.0,205.0,290.0,73.0,False,SOFT,5.0,False,Mercedes,0 days 01:06:12.102000,2020-07-10 13:59:54.541,1,,False,,False,False,,
515,0 days 01:12:52.530000,HAM,44,0 days 00:01:04.348000,17.0,5.0,,,16.23,28.829,19.289,0 days 01:12:04.412000,0 days 01:12:33.241000,0 days 01:12:52.530000,318.0,246.0,288.0,314.0,True,SOFT,6.0,False,Mercedes,0 days 01:11:48.182000,2020-07-10 14:05:30.621,1,,False,,False,True,64.348,64.348
516,0 days 01:14:09.875000,HAM,44,0 days 00:01:17.345000,18.0,5.0,,0 days 01:14:06.434000,18.798,32.357,26.19,0 days 01:13:11.328000,0 days 01:13:43.685000,0 days 01:14:09.875000,275.0,211.0,,273.0,False,SOFT,7.0,False,Mercedes,0 days 01:12:52.530000,2020-07-10 14:06:34.969,1,,False,,False,False,77.345,77.345
517,0 days 01:30:54.935000,HAM,44,,19.0,6.0,0 days 01:29:37.293000,,,35.908,22.589,,0 days 01:30:32.442000,0 days 01:30:54.947000,247.0,220.0,271.0,258.0,False,SOFT,8.0,False,Mercedes,0 days 01:14:09.875000,2020-07-10 14:07:52.314,12,,False,,False,False,,
518,0 days 01:32:04.469000,HAM,44,0 days 00:01:09.534000,20.0,6.0,,,17.528,30.887,21.119,0 days 01:31:12.463000,0 days 01:31:43.350000,0 days 01:32:04.469000,285.0,231.0,269.0,287.0,False,SOFT,9.0,False,Mercedes,0 days 01:30:54.935000,2020-07-10 14:24:37.374,1,,False,,False,True,69.534,69.53399999999999
519,0 days 01:33:14.116000,HAM,44,0 days 00:01:09.647000,21.0,6.0,,,17.573,31.014,21.06,0 days 01:32:22.042000,0 days 01:32:53.056000,0 days 01:33:14.116000,290.0,231.0,269.0,292.0,False,SOFT,10.0,False,Mercedes,0 days 01:32:04.469000,2020-07-10 14:25:46.908,1,,False,,False,True,69.647,69.647
520,0 days 01:34:23.871000,HAM,44,0 days 00:01:09.755000,22.0,6.0,,,17.548,31.102,21.105,0 days 01:33:31.664000,0 days 01:34:02.766000,0 days 01:34:23.871000,293.0,226.0,269.0,295.0,False,SOFT,11.0,False,Mercedes,0 days 01:33:14.116000,2020-07-10 14:26:56.555,1,,False,,False,True,69.755,69.755
521,0 days 01:35:45.361000,HAM,44,0 days 00:01:21.490000,23.0,6.0,,0 days 01:35:41.841000,18.118,34.826,28.546,0 days 01:34:41.989000,0 days 01:35:16.815000,0 days 01:35:45.361000,274.0,187.0,,282.0,False,SOFT,12.0,False,Mercedes,0 days 01:34:23.871000,2020-07-10 14:28:06.310,1,,False,,False,False,81.49,81.49000000000001
522,0 days 01:40:18.438000,HAM,44,,24.0,7.0,0 days 01:39:00.289000,0 days 01:40:14.852000,,33.417,25.496,,0 days 01:39:53.047000,0 days 01:40:18.450000,267.0,225.0,,246.0,False,SOFT,13.0,False,Mercedes,0 days 01:35:45.361000,2020-07-10 14:29:27.800,1,,False,,False,False,,
523,0 days 01:42:01.210000,HAM,44,0 days 00:01:42.772000,25.0,8.0,0 days 01:40:48.733000,,48.716,31.926,22.13,0 days 01:41:07.154000,0 days 01:41:39.080000,0 days 01:42:01.210000,292.0,226.0,261.0,277.0,False,SOFT,14.0,False,Mercedes,0 days 01:40:18.438000,2020-07-10 14:34:00.877,1,,False,,False,False,102.772,102.77199999999999
524,0 days 01:43:47.225000,HAM,44,0 days 00:01:46.015000,26.0,8.0,,,20.242,38.168,47.605,0 days 01:42:21.452000,0 days 01:42:59.620000,0 days 01:43:47.225000,203.0,197.0,70.0,230.0,False,SOFT,15.0,False,Mercedes,0 days 01:42:01.210000,2020-07-10 14:35:43.649,1,,False,,False,True,106.015,106.01499999999999
525,0 days 01:45:49.490000,HAM,44,0 days 00:02:02.265000,27.0,8.0,,0 days 01:45:46.053000,45.246,44.382,32.637,0 days 01:44:32.471000,0 days 01:45:16.853000,0 days 01:45:49.490000,206.0,105.0,,206.0,False,SOFT,16.0,False,Mercedes,0 days 01:43:47.225000,2020-07-10 14:37:29.664,1,,False,,False,False,122.265,122.265
526,0 days 00:14:53.317000,SAI,55,,1.0,1.0,0 days 00:13:35.099000,,,35.292,23.388,,0 days 00:14:30.210000,0 days 00:14:53.436000,283.0,194.0,280.0,295.0,False,MEDIUM,1.0,True,McLaren,0 days 00:13:35.099000,2020-07-10 13:07:17.538,1,,False,,False,False,,
527,0 days 00:15:59.567000,SAI,55,0 days 00:01:06.250000,2.0,1.0,,,16.707,29.438,20.105,0 days 00:15:10.024000,0 days 00:15:39.462000,0 days 00:15:59.567000,314.0,245.0,285.0,313.0,True,MEDIUM,2.0,True,McLaren,0 days 00:14:53.317000,2020-07-10 13:08:35.756,1,,False,,False,True,66.25,66.25
528,0 days 00:17:28.140000,SAI,55,0 days 00:01:28.573000,3.0,1.0,,,20.975,42.585,25.013,0 days 00:16:20.542000,0 days 00:17:03.127000,0 days 00:17:28.140000,211.0,168.0,281.0,182.0,False,MEDIUM,3.0,True,McLaren,0 days 00:15:59.567000,2020-07-10 13:09:42.006,1,,False,,False,True,88.573,88.57300000000001
529,0 days 00:18:43.757000,SAI,55,0 days 00:01:15.617000,4.0,1.0,,0 days 00:18:40.448000,16.622,29.546,29.449,0 days 00:17:44.762000,0 days 00:18:14.308000,0 days 00:18:43.757000,313.0,246.0,,314.0,False,MEDIUM,4.0,True,McLaren,0 days 00:17:28.140000,2020-07-10 13:11:10.579,1,,False,,False,False,75.617,75.617
530,0 days 00:20:21.681000,SAI,55,0 days 00:01:37.924000,5.0,2.0,0 days 00:19:03.667000,,38.215,36.106,23.603,0 days 00:19:21.972000,0 days 00:19:58.078000,0 days 00:20:21.681000,276.0,197.0,282.0,292.0,False,MEDIUM,5.0,False,McLaren,0 days 00:18:43.757000,2020-07-10 13:12:26.196,1,,False,,False,False,97.924,97.924
531,0 days 00:21:27.658000,SAI,55,0 days 00:01:05.977000,6.0,2.0,,,16.57,29.455,19.952,0 days 00:20:38.251000,0 days 00:21:07.706000,0 days 00:21:27.658000,315.0,241.0,287.0,313.0,True,MEDIUM,6.0,False,McLaren,0 days 00:20:21.681000,2020-07-10 13:14:04.120,1,,False,,False,True,65.977,65.977
532,0 days 00:23:01.012000,SAI,55,0 days 00:01:33.354000,7.0,2.0,,,21.228,44.081,28.045,0 days 00:21:48.886000,0 days 00:22:32.967000,0 days 00:23:01.012000,222.0,182.0,283.0,200.0,False,MEDIUM,7.0,False,McLaren,0 days 00:21:27.658000,2020-07-10 13:15:10.097,1,,False,,False,True,93.354,93.354
533,0 days 00:37:05.539000,SAI,55,,8.0,2.0,,0 days 00:24:47.964000,16.591,52.007,,0 days 00:23:17.880000,0 days 00:24:09.835000,,319.0,175.0,,102.0,False,MEDIUM,8.0,False,McLaren,0 days 00:23:01.012000,2020-07-10 13:16:43.451,125,,False,,False,False,,
534,0 days 00:38:29.875000,SAI,55,,9.0,3.0,0 days 00:37:05.539000,,,38.351,27.182,,0 days 00:38:02.950000,0 days 00:38:29.975000,299.0,173.0,287.0,300.0,False,SOFT,1.0,True,McLaren,0 days 00:37:05.539000,2020-07-10 13:30:47.978,1,,False,,False,False,,
535,0 days 00:39:34.861000,SAI,55,0 days 00:01:04.986000,10.0,3.0,,,16.336,28.91,19.74,0 days 00:38:46.211000,0 days 00:39:15.121000,0 days 00:39:34.861000,317.0,246.0,287.0,315.0,True,SOFT,2.0,True,McLaren,0 days 00:38:29.875000,2020-07-10 13:32:12.314,1,,False,,False,True,64.986,64.98599999999999
536,0 days 00:41:09.924000,SAI,55,0 days 00:01:35.063000,11.0,3.0,,,20.796,48.172,26.095,0 days 00:39:55.657000,0 days 00:40:43.829000,0 days 00:41:09.924000,218.0,178.0,283.0,232.0,False,SOFT,3.0,True,McLaren,0 days 00:39:34.861000,2020-07-10 13:33:17.300,1,,False,,False,True,95.063,95.06299999999999
537,0 days 00:42:15.364000,SAI,55,0 days 00:01:05.440000,12.0,3.0,,,16.39,29.179,19.871,0 days 00:41:26.314000,0 days 00:41:55.493000,0 days 00:42:15.364000,320.0,244.0,287.0,319.0,False,SOFT,4.0,True,McLaren,0 days 00:41:09.924000,2020-07-10 13:34:52.363,1,,False,,False,True,65.44,65.44
538,0 days 00:43:46.520000,SAI,55,0 days 00:01:31.156000,13.0,3.0,,0 days 00:43:43.207000,20.499,39.057,31.6,0 days 00:42:35.863000,0 days 00:43:14.920000,0 days 00:43:46.520000,192.0,173.0,,235.0,False,SOFT,5.0,True,McLaren,0 days 00:42:15.364000,2020-07-10 13:35:57.803,1,,False,,False,False,91.156,91.156
539,0 days 00:57:46.951000,SAI,55,,14.0,4.0,0 days 00:56:25.578000,,,36.581,25.503,,0 days 00:57:21.668000,0 days 00:57:47.090000,296.0,165.0,288.0,294.0,False,SOFT,1.0,True,McLaren,0 days 00:43:46.520000,2020-07-10 13:37:28.959,12,,False,,False,False,,
540,0 days 00:58:51.284000,SAI,55,0 days 00:01:04.333000,15.0,4.0,,,16.256,28.564,19.513,0 days 00:58:03.207000,0 days 00:58:31.771000,0 days 00:58:51.284000,319.0,248.0,285.0,319.0,True,SOFT,2.0,True,McLaren,0 days 00:57:46.951000,2020-07-10 13:51:29.390,1,,False,,False,True,64.333,64.333
541,0 days 01:00:19.463000,SAI,55,0 days 00:01:28.179000,16.0,4.0,,0 days 01:00:16.166000,19.79,38.283,30.106,0 days 00:59:11.074000,0 days 00:59:49.357000,0 days 01:00:19.463000,239.0,180.0,,244.0,False,SOFT,3.0,True,McLaren,0 days 00:58:51.284000,2020-07-10 13:52:33.723,1,,False,,False,False,88.179,88.179
542,0 days 01:10:40.683000,SAI,55,,17.0,5.0,0 days 01:09:29.915000,,,31.336,21.264,,0 days 01:10:19.641000,0 days 01:10:40.731000,289.0,230.0,269.0,289.0,False,SOFT,6.0,False,McLaren,0 days 01:00:19.463000,2020-07-10 13:54:01.902,1,,False,,False,False,,
543,0 days 01:11:54.726000,SAI,55,0 days 00:01:14.043000,18.0,5.0,,0 days 01:11:51.343000,17.614,30.915,25.514,0 days 01:10:58.297000,0 days 01:11:29.212000,0 days 01:11:54.726000,291.0,230.0,,289.0,False,SOFT,7.0,False,McLaren,0 days 01:10:40.683000,2020-07-10 14:04:23.122,1,,False,,False,False,74.043,74.04299999999999
544,0 days 01:13:34.257000,SAI,55,0 days 00:01:39.531000,19.0,6.0,0 days 01:12:14.394000,,37.847,39.941,21.743,0 days 01:12:32.573000,0 days 01:13:12.514000,0 days 01:13:34.257000,246.0,220.0,269.0,236.0,False,MEDIUM,9.0,False,McLaren,0 days 01:11:54.726000,2020-07-10 14:05:37.165,1,,False,,False,False,99.531,99.531
545,0 days 01:14:44.804000,SAI,55,0 days 00:01:10.547000,20.0,6.0,,,17.743,31.114,21.69,0 days 01:13:52,0 days 01:14:23.114000,0 days 01:14:44.804000,292.0,229.0,269.0,290.0,False,MEDIUM,10.0,False,McLaren,0 days 01:13:34.257000,2020-07-10 14:07:16.696,1,,False,,False,True,70.547,70.547
546,0 days 01:15:54.618000,SAI,55,0 days 00:01:09.814000,21.0,6.0,,,17.664,30.862,21.288,0 days 01:15:02.468000,0 days 01:15:33.330000,0 days 01:15:54.618000,289.0,229.0,269.0,290.0,False,MEDIUM,11.0,False,McLaren,0 days 01:14:44.804000,2020-07-10 14:08:27.243,1,,False,,False,True,69.814,69.814
547,0 days 01:17:04.300000,SAI,55,0 days 00:01:09.682000,22.0,6.0,,,17.606,30.918,21.158,0 days 01:16:12.224000,0 days 01:16:43.142000,0 days 01:17:04.300000,290.0,228.0,270.0,289.0,False,MEDIUM,12.0,False,McLaren,0 days 01:15:54.618000,2020-07-10 14:09:37.057,1,,False,,False,True,69.682,69.682
548,0 days 01:18:13.909000,SAI,55,0 days 00:01:09.609000,23.0,6.0,,,17.579,30.876,21.154,0 days 01:17:21.879000,0 days 01:17:52.755000,0 days 01:18:13.909000,289.0,229.0,271.0,289.0,False,MEDIUM,13.0,False,McLaren,0 days 01:17:04.300000,2020-07-10 14:10:46.739,1,,False,,False,True,69.609,69.609
549,0 days 01:19:23.704000,SAI,55,0 days 00:01:09.795000,24.0,6.0,,,17.627,31.005,21.163,0 days 01:18:31.536000,0 days 01:19:02.541000,0 days 01:19:23.704000,290.0,227.0,270.0,288.0,False,MEDIUM,14.0,False,McLaren,0 days 01:18:13.909000,2020-07-10 14:11:56.348,1,,False,,False,True,69.795,69.795
550,0 days 01:20:33.203000,SAI,55,0 days 00:01:09.499000,25.0,6.0,,,17.603,30.779,21.117,0 days 01:19:41.307000,0 days 01:20:12.086000,0 days 01:20:33.203000,289.0,229.0,269.0,290.0,False,MEDIUM,15.0,False,McLaren,0 days 01:19:23.704000,2020-07-10 14:13:06.143,1,,False,,False,True,69.499,69.49900000000001
551,0 days 01:21:42.869000,SAI,55,0 days 00:01:09.666000,26.0,6.0,,,17.573,31.041,21.052,0 days 01:20:50.776000,0 days 01:21:21.817000,0 days 01:21:42.869000,289.0,229.0,271.0,290.0,False,MEDIUM,16.0,False,McLaren,0 days 01:20:33.203000,2020-07-10 14:14:15.642,1,,False,,False,True,69.666,69.666
552,0 days 01:22:52.997000,SAI,55,0 days 00:01:10.128000,27.0,6.0,,,17.655,31.167,21.306,0 days 01:22:00.524000,0 days 01:22:31.691000,0 days 01:22:52.997000,291.0,229.0,271.0,290.0,False,MEDIUM,17.0,False,McLaren,0 days 01:21:42.869000,2020-07-10 14:15:25.308,1,,False,,False,True,70.128,70.128
553,0 days 01:24:02.961000,SAI,55,0 days 00:01:09.964000,28.0,6.0,,,17.676,31.054,21.234,0 days 01:23:10.673000,0 days 01:23:41.727000,0 days 01:24:02.961000,290.0,230.0,270.0,290.0,False,MEDIUM,18.0,False,McLaren,0 days 01:22:52.997000,2020-07-10 14:16:35.436,1,,False,,False,True,69.964,69.964
554,0 days 01:25:12.906000,SAI,55,0 days 00:01:09.945000,29.0,6.0,,,17.649,31.051,21.245,0 days 01:24:20.610000,0 days 01:24:51.661000,0 days 01:25:12.906000,288.0,229.0,270.0,291.0,False,MEDIUM,19.0,False,McLaren,0 days 01:24:02.961000,2020-07-10 14:17:45.400,1,,False,,False,True,69.945,69.94500000000001
555,0 days 01:26:23.140000,SAI,55,0 days 00:01:10.234000,30.0,6.0,,,17.59,31.18,21.464,0 days 01:25:30.496000,0 days 01:26:01.676000,0 days 01:26:23.140000,288.0,224.0,270.0,289.0,False,MEDIUM,20.0,False,McLaren,0 days 01:25:12.906000,2020-07-10 14:18:55.345,12,,False,,False,True,70.234,70.234
556,0 days 01:27:32.932000,SAI,55,0 days 00:01:09.792000,31.0,6.0,,,17.591,31.114,21.087,0 days 01:26:40.731000,0 days 01:27:11.845000,0 days 01:27:32.932000,288.0,229.0,269.0,288.0,False,MEDIUM,21.0,False,McLaren,0 days 01:26:23.140000,2020-07-10 14:20:05.579,1,,False,,False,True,69.792,69.792
557,0 days 01:28:42.942000,SAI,55,0 days 00:01:10.010000,32.0,6.0,,,17.673,31.155,21.182,0 days 01:27:50.605000,0 days 01:28:21.760000,0 days 01:28:42.942000,286.0,228.0,269.0,286.0,False,MEDIUM,22.0,False,McLaren,0 days 01:27:32.932000,2020-07-10 14:21:15.371,1,,False,,False,True,70.01,70.01
558,0 days 01:29:52.979000,SAI,55,0 days 00:01:10.037000,33.0,6.0,,,17.707,31.103,21.227,0 days 01:29:00.649000,0 days 01:29:31.752000,0 days 01:29:52.979000,286.0,228.0,269.0,287.0,False,MEDIUM,23.0,False,McLaren,0 days 01:28:42.942000,2020-07-10 14:22:25.381,1,,False,,False,True,70.037,70.037
559,0 days 01:31:02.997000,SAI,55,0 days 00:01:10.018000,34.0,6.0,,,17.714,31.164,21.14,0 days 01:30:10.693000,0 days 01:30:41.857000,0 days 01:31:02.997000,287.0,230.0,271.0,287.0,False,MEDIUM,24.0,False,McLaren,0 days 01:29:52.979000,2020-07-10 14:23:35.418,1,,False,,False,True,70.018,70.018
560,0 days 01:32:13.085000,SAI,55,0 days 00:01:10.088000,35.0,6.0,,,17.599,31.262,21.227,0 days 01:31:20.596000,0 days 01:31:51.858000,0 days 01:32:13.085000,289.0,230.0,272.0,288.0,False,MEDIUM,25.0,False,McLaren,0 days 01:31:02.997000,2020-07-10 14:24:45.436,1,,False,,False,True,70.088,70.08800000000001
561,0 days 01:33:23.261000,SAI,55,0 days 00:01:10.176000,36.0,6.0,,,17.672,31.151,21.353,0 days 01:32:30.757000,0 days 01:33:01.908000,0 days 01:33:23.261000,289.0,229.0,270.0,289.0,False,MEDIUM,26.0,False,McLaren,0 days 01:32:13.085000,2020-07-10 14:25:55.524,1,,False,,False,True,70.176,70.176
562,0 days 01:34:36.349000,SAI,55,0 days 00:01:13.088000,37.0,6.0,,,17.704,31.229,24.155,0 days 01:33:40.965000,0 days 01:34:12.194000,0 days 01:34:36.349000,288.0,227.0,270.0,290.0,False,MEDIUM,27.0,False,McLaren,0 days 01:33:23.261000,2020-07-10 14:27:05.700,1,,False,,False,True,73.088,73.088
563,0 days 01:35:46.114000,SAI,55,0 days 00:01:09.765000,38.0,6.0,,,17.633,31.043,21.089,0 days 01:34:53.982000,0 days 01:35:25.025000,0 days 01:35:46.114000,287.0,229.0,270.0,291.0,False,MEDIUM,28.0,False,McLaren,0 days 01:34:36.349000,2020-07-10 14:28:18.788,1,,False,,False,True,69.765,69.765
564,0 days 01:36:55.785000,SAI,55,0 days 00:01:09.671000,39.0,6.0,,,17.64,30.95,21.081,0 days 01:36:03.754000,0 days 01:36:34.704000,0 days 01:36:55.785000,288.0,229.0,270.0,290.0,False,MEDIUM,29.0,False,McLaren,0 days 01:35:46.114000,2020-07-10 14:29:28.553,1,,False,,False,True,69.671,69.671
565,0 days 01:38:05.477000,SAI,55,0 days 00:01:09.692000,40.0,6.0,,,17.646,30.942,21.104,0 days 01:37:13.431000,0 days 01:37:44.373000,0 days 01:38:05.477000,289.0,231.0,271.0,290.0,False,MEDIUM,30.0,False,McLaren,0 days 01:36:55.785000,2020-07-10 14:30:38.224,1,,False,,False,True,69.692,69.69200000000001
566,0 days 01:39:20.931000,SAI,55,0 days 00:01:15.454000,41.0,6.0,,0 days 01:39:17.553000,17.918,31.866,25.67,0 days 01:38:23.395000,0 days 01:38:55.261000,0 days 01:39:20.931000,271.0,224.0,,282.0,False,MEDIUM,31.0,False,McLaren,0 days 01:38:05.477000,2020-07-10 14:31:47.916,1,,False,,False,False,75.454,75.45400000000001
567,0 days 01:40:54.700000,SAI,55,0 days 00:01:33.769000,42.0,7.0,0 days 01:39:39.823000,,36.5,33.826,23.443,0 days 01:39:57.431000,0 days 01:40:31.257000,0 days 01:40:54.700000,267.0,196.0,272.0,268.0,False,SOFT,8.0,False,McLaren,0 days 01:39:20.931000,2020-07-10 14:33:03.370,1,,False,,False,False,93.769,93.76899999999999
568,0 days 01:42:03.674000,SAI,55,0 days 00:01:08.974000,43.0,7.0,,,17.33,30.589,21.055,0 days 01:41:12.030000,0 days 01:41:42.619000,0 days 01:42:03.674000,297.0,236.0,272.0,293.0,False,SOFT,9.0,False,McLaren,0 days 01:40:54.700000,2020-07-10 14:34:37.139,1,,False,,False,True,68.974,68.97399999999999
569,0 days 01:43:48.788000,SAI,55,0 days 00:01:45.114000,44.0,7.0,,,19.956,37.582,47.576,0 days 01:42:23.630000,0 days 01:43:01.212000,0 days 01:43:48.788000,179.0,195.0,55.0,220.0,False,SOFT,10.0,False,McLaren,0 days 01:42:03.674000,2020-07-10 14:35:46.113,1,,False,,False,True,105.114,105.114
570,0 days 01:45:36.088000,SAI,55,0 days 00:01:47.300000,45.0,7.0,,0 days 01:45:32.709000,46.172,34.925,26.203,0 days 01:44:34.960000,0 days 01:45:09.885000,0 days 01:45:36.088000,216.0,192.0,,217.0,False,SOFT,11.0,False,McLaren,0 days 01:43:48.788000,2020-07-10 14:37:31.227,1,,False,,False,False,107.3,107.3
571,0 days 00:18:54.893000,RUS,63,,1.0,1.0,0 days 00:17:36.563000,,,35.216,24.086,,0 days 00:18:30.849000,0 days 00:18:54.904000,296.0,216.0,280.0,285.0,False,HARD,1.0,True,Williams,0 days 00:17:36.563000,2020-07-10 13:11:19.002,1,,False,,False,False,,
572,0 days 00:20:03.544000,RUS,63,0 days 00:01:08.651000,2.0,1.0,,,17.061,30.702,20.888,0 days 00:19:11.954000,0 days 00:19:42.656000,0 days 00:20:03.544000,316.0,237.0,280.0,311.0,True,HARD,2.0,True,Williams,0 days 00:18:54.893000,2020-07-10 13:12:37.332,1,,False,,False,True,68.651,68.65100000000001
573,0 days 00:21:12.546000,RUS,63,0 days 00:01:09.002000,3.0,1.0,,,17.118,30.718,21.166,0 days 00:20:20.662000,0 days 00:20:51.380000,0 days 00:21:12.546000,297.0,229.0,276.0,296.0,False,HARD,3.0,True,Williams,0 days 00:20:03.544000,2020-07-10 13:13:45.983,1,,False,,False,True,69.002,69.002
574,0 days 00:22:40.300000,RUS,63,0 days 00:01:27.754000,4.0,1.0,,0 days 00:22:37.098000,19.646,41.782,26.326,0 days 00:21:32.192000,0 days 00:22:13.974000,0 days 00:22:40.300000,217.0,212.0,,179.0,False,HARD,4.0,True,Williams,0 days 00:21:12.546000,2020-07-10 13:14:54.985,1,,False,,False,False,87.754,87.75399999999999
575,0 days 00:37:48.189000,RUS,63,,5.0,2.0,0 days 00:36:27.582000,,,36.896,24.927,,0 days 00:37:23.488000,0 days 00:37:48.313000,303.0,192.0,283.0,288.0,False,SOFT,1.0,True,Williams,0 days 00:36:27.582000,2020-07-10 13:30:10.021,1,,False,,False,False,,
576,0 days 00:38:55.039000,RUS,63,0 days 00:01:06.850000,6.0,2.0,,,16.748,29.696,20.406,0 days 00:38:04.937000,0 days 00:38:34.633000,0 days 00:38:55.039000,313.0,242.0,287.0,312.0,True,SOFT,2.0,True,Williams,0 days 00:37:48.189000,2020-07-10 13:31:30.628,1,,False,,False,True,66.85,66.85
577,0 days 00:40:27.952000,RUS,63,0 days 00:01:32.913000,7.0,2.0,,,21.889,43.322,27.702,0 days 00:39:16.928000,0 days 00:40:00.250000,0 days 00:40:27.952000,227.0,134.0,287.0,271.0,False,SOFT,3.0,True,Williams,0 days 00:38:55.039000,2020-07-10 13:32:37.478,1,,False,,False,True,92.913,92.913
578,0 days 00:41:34.304000,RUS,63,0 days 00:01:06.352000,8.0,2.0,,,16.544,29.576,20.232,0 days 00:40:44.496000,0 days 00:41:14.072000,0 days 00:41:34.304000,318.0,237.0,289.0,316.0,True,SOFT,4.0,True,Williams,0 days 00:40:27.952000,2020-07-10 13:34:10.391,1,,False,,False,True,66.352,66.352
579,0 days 00:43:05.925000,RUS,63,0 days 00:01:31.621000,9.0,2.0,,,20.862,41.793,28.966,0 days 00:41:55.166000,0 days 00:42:36.959000,0 days 00:43:05.925000,270.0,145.0,281.0,268.0,False,SOFT,5.0,True,Williams,0 days 00:41:34.304000,2020-07-10 13:35:16.743,1,,False,,False,True,91.621,91.62100000000001
580,0 days 00:44:13.489000,RUS,63,0 days 00:01:07.564000,10.0,2.0,,,16.877,29.925,20.762,0 days 00:43:22.802000,0 days 00:43:52.727000,0 days 00:44:13.489000,310.0,238.0,281.0,311.0,False,SOFT,6.0,True,Williams,0 days 00:43:05.925000,2020-07-10 13:36:48.364,1,,False,,False,True,67.564,67.564
581,0 days 00:45:44.112000,RUS,63,0 days 00:01:30.623000,11.0,2.0,,0 days 00:45:41.020000,20.669,43.932,26.022,0 days 00:44:34.158000,0 days 00:45:18.090000,0 days 00:45:44.112000,161.0,207.0,,179.0,False,SOFT,7.0,True,Williams,0 days 00:44:13.489000,2020-07-10 13:37:55.928,12,,False,,False,False,90.623,90.62299999999999
582,0 days 00:51:30.641000,RUS,63,,12.0,3.0,0 days 00:50:08.181000,,,37.947,25.91,,0 days 00:51:05.010000,0 days 00:51:30.774000,303.0,174.0,288.0,292.0,False,SOFT,1.0,True,Williams,0 days 00:45:44.112000,2020-07-10 13:39:26.551,1,,False,,False,False,,
583,0 days 00:52:36.229000,RUS,63,0 days 00:01:05.588000,13.0,3.0,,,16.496,29.147,19.945,0 days 00:51:47.137000,0 days 00:52:16.284000,0 days 00:52:36.229000,322.0,245.0,285.0,318.0,True,SOFT,2.0,True,Williams,0 days 00:51:30.641000,2020-07-10 13:45:13.080,1,,False,,False,True,65.588,65.588
584,0 days 00:54:14.209000,RUS,63,0 days 00:01:37.980000,14.0,3.0,,,21.862,46.233,29.885,0 days 00:52:58.091000,0 days 00:53:44.324000,0 days 00:54:14.209000,268.0,162.0,285.0,254.0,False,SOFT,3.0,True,Williams,0 days 00:52:36.229000,2020-07-10 13:46:18.668,1,,False,,False,True,97.98,97.98
585,0 days 00:55:21.405000,RUS,63,0 days 00:01:07.196000,15.0,3.0,,,16.64,29.74,20.816,0 days 00:54:30.849000,0 days 00:55:00.589000,0 days 00:55:21.405000,309.0,238.0,275.0,308.0,False,SOFT,4.0,True,Williams,0 days 00:54:14.209000,2020-07-10 13:47:56.648,1,,False,,False,True,67.196,67.196
586,0 days 00:56:48.248000,RUS,63,0 days 00:01:26.843000,16.0,3.0,,0 days 00:56:45.167000,19.844,40.57,26.429,0 days 00:55:41.249000,0 days 00:56:21.819000,0 days 00:56:48.248000,236.0,218.0,,221.0,False,SOFT,5.0,True,Williams,0 days 00:55:21.405000,2020-07-10 13:49:03.844,1,,False,,False,False,86.843,86.843
587,0 days 01:18:35.959000,RUS,63,,17.0,4.0,0 days 01:17:23.665000,,,32.393,22.018,,0 days 01:18:13.995000,0 days 01:18:35.984000,285.0,226.0,267.0,289.0,False,SOFT,8.0,False,Williams,0 days 00:56:48.248000,2020-07-10 13:50:30.687,1,,False,,False,False,,
588,0 days 01:19:46.362000,RUS,63,0 days 00:01:10.403000,18.0,4.0,,,17.742,31.237,21.424,0 days 01:18:53.701000,0 days 01:19:24.938000,0 days 01:19:46.362000,287.0,231.0,268.0,288.0,False,SOFT,9.0,False,Williams,0 days 01:18:35.959000,2020-07-10 14:12:18.398,1,,False,,False,True,70.403,70.40299999999999
589,0 days 01:20:56.620000,RUS,63,0 days 00:01:10.258000,19.0,4.0,,,17.713,31.184,21.361,0 days 01:20:04.075000,0 days 01:20:35.259000,0 days 01:20:56.620000,291.0,230.0,270.0,293.0,False,SOFT,10.0,False,Williams,0 days 01:19:46.362000,2020-07-10 14:13:28.801,1,,False,,False,True,70.258,70.25800000000001
590,0 days 01:22:06.983000,RUS,63,0 days 00:01:10.363000,20.0,4.0,,,17.678,31.244,21.441,0 days 01:21:14.298000,0 days 01:21:45.542000,0 days 01:22:06.983000,293.0,228.0,270.0,294.0,False,SOFT,11.0,False,Williams,0 days 01:20:56.620000,2020-07-10 14:14:39.059,1,,False,,False,True,70.363,70.363
591,0 days 01:23:17.591000,RUS,63,0 days 00:01:10.608000,21.0,4.0,,,17.717,31.377,21.514,0 days 01:22:24.700000,0 days 01:22:56.077000,0 days 01:23:17.591000,296.0,229.0,268.0,295.0,False,SOFT,12.0,False,Williams,0 days 01:22:06.983000,2020-07-10 14:15:49.422,1,,False,,False,True,70.608,70.60799999999999
592,0 days 01:24:28.167000,RUS,63,0 days 00:01:10.576000,22.0,4.0,,,17.702,31.558,21.316,0 days 01:23:35.293000,0 days 01:24:06.851000,0 days 01:24:28.167000,293.0,230.0,270.0,295.0,False,SOFT,13.0,False,Williams,0 days 01:23:17.591000,2020-07-10 14:17:00.030,1,,False,,False,True,70.576,70.57600000000001
593,0 days 01:25:38.779000,RUS,63,0 days 00:01:10.612000,23.0,4.0,,,17.711,31.429,21.472,0 days 01:24:45.878000,0 days 01:25:17.307000,0 days 01:25:38.779000,290.0,229.0,268.0,293.0,False,SOFT,14.0,False,Williams,0 days 01:24:28.167000,2020-07-10 14:18:10.606,12,,False,,False,True,70.612,70.612
594,0 days 01:26:49.228000,RUS,63,0 days 00:01:10.449000,24.0,4.0,,,17.745,31.295,21.409,0 days 01:25:56.524000,0 days 01:26:27.819000,0 days 01:26:49.228000,292.0,228.0,269.0,295.0,False,SOFT,15.0,False,Williams,0 days 01:25:38.779000,2020-07-10 14:19:21.218,21,,False,,False,True,70.449,70.44900000000001
595,0 days 01:27:59.925000,RUS,63,0 days 00:01:10.697000,25.0,4.0,,,17.716,31.368,21.613,0 days 01:27:06.944000,0 days 01:27:38.312000,0 days 01:27:59.925000,291.0,226.0,269.0,292.0,False,SOFT,16.0,False,Williams,0 days 01:26:49.228000,2020-07-10 14:20:31.667,1,,False,,False,True,70.697,70.697
596,0 days 01:29:10.554000,RUS,63,0 days 00:01:10.629000,26.0,4.0,,,17.78,31.424,21.425,0 days 01:28:17.705000,0 days 01:28:49.129000,0 days 01:29:10.554000,295.0,227.0,270.0,295.0,False,SOFT,17.0,False,Williams,0 days 01:27:59.925000,2020-07-10 14:21:42.364,1,,False,,False,True,70.629,70.629
597,0 days 01:30:24.627000,RUS,63,0 days 00:01:14.073000,27.0,4.0,,0 days 01:30:21.442000,17.721,31.505,24.847,0 days 01:29:28.275000,0 days 01:29:59.780000,0 days 01:30:24.627000,290.0,226.0,,294.0,False,SOFT,18.0,False,Williams,0 days 01:29:10.554000,2020-07-10 14:22:52.993,1,,False,,False,False,74.073,74.07300000000001
598,0 days 01:31:54.614000,RUS,63,0 days 00:01:29.987000,28.0,5.0,0 days 01:30:43.381000,,35.507,31.925,22.555,0 days 01:31:00.134000,0 days 01:31:32.059000,0 days 01:31:54.614000,306.0,232.0,271.0,296.0,False,HARD,5.0,False,Williams,0 days 01:30:24.627000,2020-07-10 14:24:07.066,1,,False,,False,False,89.987,89.987
599,0 days 01:33:04.861000,RUS,63,0 days 00:01:10.247000,29.0,5.0,,,17.686,31.241,21.32,0 days 01:32:12.300000,0 days 01:32:43.541000,0 days 01:33:04.861000,290.0,229.0,272.0,293.0,False,HARD,6.0,False,Williams,0 days 01:31:54.614000,2020-07-10 14:25:37.053,1,,False,,False,True,70.247,70.247
600,0 days 01:34:15.120000,RUS,63,0 days 00:01:10.259000,30.0,5.0,,,17.683,31.184,21.392,0 days 01:33:22.544000,0 days 01:33:53.728000,0 days 01:34:15.120000,292.0,229.0,271.0,295.0,False,HARD,7.0,False,Williams,0 days 01:33:04.861000,2020-07-10 14:26:47.300,1,,False,,False,True,70.259,70.259
601,0 days 01:35:37.561000,RUS,63,0 days 00:01:22.441000,31.0,5.0,,0 days 01:35:34.394000,20.048,36.557,25.836,0 days 01:34:35.168000,0 days 01:35:11.725000,0 days 01:35:37.561000,164.0,220.0,,208.0,False,HARD,8.0,False,Williams,0 days 01:34:15.120000,2020-07-10 14:27:57.559,1,,False,,False,False,82.441,82.441
602,0 days 01:42:05.543000,RUS,63,,32.0,6.0,0 days 01:40:45.686000,,,35.671,25.221,,0 days 01:41:40.362000,0 days 01:42:05.543000,280.0,215.0,269.0,284.0,False,SOFT,19.0,False,Williams,0 days 01:35:37.561000,2020-07-10 14:29:20.000,1,,False,,False,False,,
603,0 days 01:43:57.793000,RUS,63,0 days 00:01:52.250000,33.0,6.0,,,22.366,39.494,50.39,0 days 01:42:27.909000,0 days 01:43:07.403000,0 days 01:43:57.793000,154.0,179.0,42.0,199.0,False,SOFT,20.0,False,Williams,0 days 01:42:05.543000,2020-07-10 14:35:47.982,1,,False,,False,True,112.25,112.25
604,0 days 01:45:57.271000,RUS,63,0 days 00:01:59.478000,34.0,6.0,,0 days 01:45:54.076000,37.76,42.237,39.481,0 days 01:44:35.553000,0 days 01:45:17.790000,0 days 01:45:57.271000,163.0,127.0,,216.0,False,SOFT,21.0,False,Williams,0 days 01:43:57.793000,2020-07-10 14:37:40.232,1,,False,,False,False,119.478,119.47800000000001
605,0 days 00:37:59.698000,BOT,77,,1.0,1.0,0 days 00:36:34.204000,,,35.177,30.156,,0 days 00:37:29.778000,0 days 00:37:59.807000,285.0,214.0,284.0,296.0,False,MEDIUM,1.0,True,Mercedes,0 days 00:36:34.204000,2020-07-10 13:30:16.643,1,,False,,False,False,,
606,0 days 00:39:04.697000,BOT,77,0 days 00:01:04.999000,2.0,1.0,,,16.504,28.92,19.575,0 days 00:38:16.202000,0 days 00:38:45.122000,0 days 00:39:04.697000,315.0,247.0,286.0,315.0,True,MEDIUM,2.0,True,Mercedes,0 days 00:37:59.698000,2020-07-10 13:31:42.137,1,,False,,False,True,64.999,64.99900000000001
607,0 days 00:40:30.406000,BOT,77,0 days 00:01:25.709000,3.0,1.0,,0 days 00:40:27.005000,18.764,37.138,29.807,0 days 00:39:23.461000,0 days 00:40:00.599000,0 days 00:40:30.406000,261.0,147.0,,255.0,False,MEDIUM,3.0,True,Mercedes,0 days 00:39:04.697000,2020-07-10 13:32:47.136,1,,False,,False,False,85.709,85.709
608,0 days 00:42:20.786000,BOT,77,0 days 00:01:50.380000,4.0,2.0,0 days 00:40:57.948000,,48.861,37.561,23.958,0 days 00:41:19.267000,0 days 00:41:56.828000,0 days 00:42:20.786000,263.0,219.0,283.0,242.0,False,MEDIUM,4.0,False,Mercedes,0 days 00:40:30.406000,2020-07-10 13:34:12.845,1,,False,,False,False,110.38,110.38
609,0 days 00:43:26.993000,BOT,77,0 days 00:01:06.207000,5.0,2.0,,,16.515,28.883,20.809,0 days 00:42:37.301000,0 days 00:43:06.184000,0 days 00:43:26.993000,321.0,244.0,266.0,316.0,False,MEDIUM,5.0,False,Mercedes,0 days 00:42:20.786000,2020-07-10 13:36:03.225,1,,False,,False,True,66.207,66.207
610,0 days 00:44:46.189000,BOT,77,0 days 00:01:19.196000,6.0,2.0,,0 days 00:44:42.442000,18.389,32.864,27.943,0 days 00:43:45.382000,0 days 00:44:18.246000,0 days 00:44:46.189000,284.0,230.0,,268.0,False,MEDIUM,6.0,False,Mercedes,0 days 00:43:26.993000,2020-07-10 13:37:09.432,1,,False,,False,False,79.196,79.196
611,0 days 00:51:14.456000,BOT,77,,7.0,3.0,0 days 00:49:49.299000,,,38.2,24.649,,0 days 00:50:49.980000,0 days 00:51:14.564000,166.0,181.0,285.0,250.0,False,SOFT,1.0,True,Mercedes,0 days 00:44:46.189000,2020-07-10 13:38:28.628,12,,False,,False,False,,
612,0 days 00:52:18.835000,BOT,77,0 days 00:01:04.379000,8.0,3.0,,,16.418,28.615,19.346,0 days 00:51:30.874000,0 days 00:51:59.489000,0 days 00:52:18.835000,316.0,248.0,285.0,314.0,True,SOFT,2.0,True,Mercedes,0 days 00:51:14.456000,2020-07-10 13:44:56.895,1,,False,,False,True,64.379,64.379
613,0 days 00:54:21.871000,BOT,77,0 days 00:02:03.036000,9.0,3.0,,0 days 00:53:47.011000,19.196,41.828,62.012,0 days 00:52:38.031000,0 days 00:53:19.859000,0 days 00:54:21.871000,235.0,184.0,,255.0,False,SOFT,3.0,True,Mercedes,0 days 00:52:18.835000,2020-07-10 13:46:01.274,1,,False,,False,False,123.036,123.036
614,0 days 01:01:29.259000,BOT,77,,10.0,4.0,0 days 01:00:08.025000,,,37.286,23.63,,0 days 01:01:05.826000,0 days 01:01:29.374000,266.0,179.0,288.0,274.0,False,SOFT,1.0,True,Mercedes,0 days 00:54:21.871000,2020-07-10 13:48:04.310,1,,False,,False,False,,
615,0 days 01:02:32.962000,BOT,77,0 days 00:01:03.703000,11.0,4.0,,,16.179,28.39,19.134,0 days 01:01:45.438000,0 days 01:02:13.828000,0 days 01:02:32.962000,319.0,252.0,288.0,317.0,True,SOFT,2.0,True,Mercedes,0 days 01:01:29.259000,2020-07-10 13:55:11.698,1,,False,,False,True,63.703,63.703
616,0 days 01:03:55.863000,BOT,77,0 days 00:01:22.901000,12.0,4.0,,0 days 01:03:52.598000,19.317,34.548,29.036,0 days 01:02:52.279000,0 days 01:03:26.827000,0 days 01:03:55.863000,241.0,202.0,,237.0,False,SOFT,3.0,True,Mercedes,0 days 01:02:32.962000,2020-07-10 13:56:15.401,1,,False,,False,False,82.901,82.90100000000001
617,0 days 01:12:10.391000,BOT,77,,13.0,5.0,0 days 01:10:37.935000,0 days 01:12:06.973000,,43.929,28.563,,0 days 01:11:41.973000,0 days 01:12:10.449000,214.0,213.0,,134.0,False,SOFT,4.0,False,Mercedes,0 days 01:03:55.863000,2020-07-10 13:57:38.302,1,,False,,False,False,,
618,0 days 01:13:52.338000,BOT,77,0 days 00:01:41.947000,14.0,6.0,0 days 01:12:37.583000,,45.402,34.26,22.285,0 days 01:12:55.793000,0 days 01:13:30.053000,0 days 01:13:52.338000,270.0,220.0,271.0,268.0,False,SOFT,5.0,False,Mercedes,0 days 01:12:10.391000,2020-07-10 14:05:52.830,1,,False,,False,False,101.947,101.947
619,0 days 01:15:01.034000,BOT,77,0 days 00:01:08.696000,15.0,6.0,,,17.252,30.631,20.813,0 days 01:14:09.590000,0 days 01:14:40.221000,0 days 01:15:01.034000,292.0,234.0,271.0,291.0,False,SOFT,6.0,False,Mercedes,0 days 01:13:52.338000,2020-07-10 14:07:34.777,1,,False,,False,True,68.696,68.696
620,0 days 01:16:09.935000,BOT,77,0 days 00:01:08.901000,16.0,6.0,,,17.443,30.655,20.803,0 days 01:15:18.477000,0 days 01:15:49.132000,0 days 01:16:09.935000,291.0,233.0,271.0,293.0,False,SOFT,7.0,False,Mercedes,0 days 01:15:01.034000,2020-07-10 14:08:43.473,1,,False,,False,True,68.901,68.901
621,0 days 01:17:18.975000,BOT,77,0 days 00:01:09.040000,17.0,6.0,,,17.459,30.736,20.845,0 days 01:16:27.394000,0 days 01:16:58.130000,0 days 01:17:18.975000,293.0,232.0,271.0,295.0,False,SOFT,8.0,False,Mercedes,0 days 01:16:09.935000,2020-07-10 14:09:52.374,1,,False,,False,True,69.04,69.03999999999999
622,0 days 01:18:28.453000,BOT,77,0 days 00:01:09.478000,18.0,6.0,,,17.469,31.09,20.919,0 days 01:17:36.444000,0 days 01:18:07.534000,0 days 01:18:28.453000,293.0,230.0,273.0,295.0,False,SOFT,9.0,False,Mercedes,0 days 01:17:18.975000,2020-07-10 14:11:01.414,1,,False,,False,True,69.478,69.478
623,0 days 01:19:37.819000,BOT,77,0 days 00:01:09.366000,19.0,6.0,,,17.486,30.867,21.013,0 days 01:18:45.939000,0 days 01:19:16.806000,0 days 01:19:37.819000,295.0,232.0,273.0,295.0,False,SOFT,10.0,False,Mercedes,0 days 01:18:28.453000,2020-07-10 14:12:10.892,1,,False,,False,True,69.366,69.366
624,0 days 01:20:48.512000,BOT,77,0 days 00:01:10.693000,20.0,6.0,,,17.49,31.65,21.553,0 days 01:19:55.309000,0 days 01:20:26.959000,0 days 01:20:48.512000,300.0,220.0,275.0,306.0,False,SOFT,11.0,False,Mercedes,0 days 01:19:37.819000,2020-07-10 14:13:20.258,1,,False,,False,True,70.693,70.693
625,0 days 01:21:59.998000,BOT,77,0 days 00:01:11.486000,21.0,6.0,,,17.366,32.23,21.89,0 days 01:21:05.878000,0 days 01:21:38.108000,0 days 01:21:59.998000,317.0,225.0,270.0,313.0,False,SOFT,12.0,False,Mercedes,0 days 01:20:48.512000,2020-07-10 14:14:30.951,1,,False,,False,True,71.486,71.48599999999999
626,0 days 01:23:10.049000,BOT,77,0 days 00:01:10.051000,22.0,6.0,,,17.703,31.145,21.203,0 days 01:22:17.701000,0 days 01:22:48.846000,0 days 01:23:10.049000,287.0,230.0,270.0,287.0,False,SOFT,13.0,False,Mercedes,0 days 01:21:59.998000,2020-07-10 14:15:42.437,1,,False,,False,True,70.051,70.051
627,0 days 01:24:20.647000,BOT,77,0 days 00:01:10.598000,23.0,6.0,,,17.722,31.847,21.029,0 days 01:23:27.771000,0 days 01:23:59.618000,0 days 01:24:20.647000,290.0,231.0,271.0,293.0,False,SOFT,14.0,False,Mercedes,0 days 01:23:10.049000,2020-07-10 14:16:52.488,1,,False,,False,True,70.598,70.598
628,0 days 01:25:30.032000,BOT,77,0 days 00:01:09.385000,24.0,6.0,,,17.564,31.017,20.804,0 days 01:24:38.211000,0 days 01:25:09.228000,0 days 01:25:30.032000,290.0,231.0,271.0,293.0,False,SOFT,15.0,False,Mercedes,0 days 01:24:20.647000,2020-07-10 14:18:03.086,1,,False,,False,True,69.385,69.385
629,0 days 01:26:40.827000,BOT,77,0 days 00:01:10.795000,25.0,6.0,,,17.654,31.05,22.091,0 days 01:25:47.686000,0 days 01:26:18.736000,0 days 01:26:40.827000,293.0,225.0,270.0,296.0,False,SOFT,16.0,False,Mercedes,0 days 01:25:30.032000,2020-07-10 14:19:12.471,12,,False,,False,True,70.795,70.795
630,0 days 01:27:50.616000,BOT,77,0 days 00:01:09.789000,26.0,6.0,,,17.563,31.144,21.082,0 days 01:26:58.390000,0 days 01:27:29.534000,0 days 01:27:50.616000,290.0,229.0,271.0,292.0,False,SOFT,17.0,False,Mercedes,0 days 01:26:40.827000,2020-07-10 14:20:23.266,1,,False,,False,True,69.789,69.78899999999999
631,0 days 01:29:00.549000,BOT,77,0 days 00:01:09.933000,27.0,6.0,,,17.651,31.204,21.078,0 days 01:28:08.267000,0 days 01:28:39.471000,0 days 01:29:00.549000,295.0,230.0,269.0,295.0,False,SOFT,18.0,False,Mercedes,0 days 01:27:50.616000,2020-07-10 14:21:33.055,1,,False,,False,True,69.933,69.933
632,0 days 01:30:10.249000,BOT,77,0 days 00:01:09.700000,28.0,6.0,,,17.618,31.037,21.045,0 days 01:29:18.167000,0 days 01:29:49.204000,0 days 01:30:10.249000,291.0,230.0,268.0,294.0,False,SOFT,19.0,False,Mercedes,0 days 01:29:00.549000,2020-07-10 14:22:42.988,1,,False,,False,True,69.7,69.7
633,0 days 01:31:20.313000,BOT,77,0 days 00:01:10.064000,29.0,6.0,,,17.635,31.286,21.143,0 days 01:30:27.884000,0 days 01:30:59.170000,0 days 01:31:20.313000,287.0,231.0,270.0,289.0,False,SOFT,20.0,False,Mercedes,0 days 01:30:10.249000,2020-07-10 14:23:52.688,1,,False,,False,True,70.064,70.06400000000001
634,0 days 01:32:40.312000,BOT,77,0 days 00:01:19.999000,30.0,6.0,,0 days 01:32:36.880000,17.677,32.851,29.471,0 days 01:31:37.990000,0 days 01:32:10.841000,0 days 01:32:40.312000,290.0,184.0,,293.0,False,SOFT,21.0,False,Mercedes,0 days 01:31:20.313000,2020-07-10 14:25:02.752,1,,False,,False,False,79.999,79.999
635,0 days 01:34:07.570000,BOT,77,0 days 00:01:27.258000,31.0,7.0,0 days 01:32:59.241000,,35.954,30.638,20.666,0 days 01:33:16.266000,0 days 01:33:46.904000,0 days 01:34:07.570000,292.0,237.0,273.0,295.0,False,MEDIUM,7.0,False,Mercedes,0 days 01:32:40.312000,2020-07-10 14:26:22.751,1,,False,,False,False,87.258,87.258
636,0 days 01:35:26.337000,BOT,77,0 days 00:01:18.767000,32.0,7.0,,0 days 01:35:22.923000,17.346,32.371,29.05,0 days 01:34:24.916000,0 days 01:34:57.287000,0 days 01:35:26.337000,286.0,187.0,,292.0,False,MEDIUM,8.0,False,Mercedes,0 days 01:34:07.570000,2020-07-10 14:27:50.009,1,,False,,False,False,78.767,78.767
637,0 days 01:40:03.109000,BOT,77,,33.0,8.0,0 days 01:38:40.988000,0 days 01:39:59.637000,,34.262,28.081,,0 days 01:39:35.176000,0 days 01:40:03.127000,255.0,221.0,,266.0,False,SOFT,22.0,False,Mercedes,0 days 01:35:26.337000,2020-07-10 14:29:08.776,1,,False,,False,False,,
638,0 days 01:41:59.110000,BOT,77,0 days 00:01:56.001000,34.0,9.0,0 days 01:40:35.752000,,50.894,41.559,23.548,0 days 01:40:54.003000,0 days 01:41:35.562000,0 days 01:41:59.110000,282.0,195.0,255.0,194.0,False,SOFT,23.0,False,Mercedes,0 days 01:40:03.109000,2020-07-10 14:33:45.548,1,,False,,False,False,116.001,116.001
639,0 days 01:43:36.152000,BOT,77,0 days 00:01:37.042000,35.0,9.0,,,20.332,36.124,40.586,0 days 01:42:19.442000,0 days 01:42:55.566000,0 days 01:43:36.152000,202.0,209.0,71.0,243.0,False,SOFT,24.0,False,Mercedes,0 days 01:41:59.110000,2020-07-10 14:35:41.549,1,,False,,False,True,97.042,97.042
640,0 days 01:45:32.463000,BOT,77,0 days 00:01:56.311000,36.0,9.0,,0 days 01:45:29.042000,49.869,36.058,30.384,0 days 01:44:26.021000,0 days 01:45:02.079000,0 days 01:45:32.463000,226.0,198.0,,248.0,False,SOFT,25.0,False,Mercedes,0 days 01:43:36.152000,2020-07-10 14:37:18.591,1,,False,,False,False,116.311,116.31099999999999
641,0 days 00:12:57.693000,GIO,99,,1.0,1.0,0 days 00:11:38.356000,,,35.442,24.996,,0 days 00:12:32.934000,0 days 00:12:57.794000,271.0,214.0,280.0,291.0,False,MEDIUM,1.0,True,Alfa Romeo Racing,0 days 00:11:38.356000,2020-07-10 13:05:20.795,,,False,,False,False,,
642,0 days 00:14:04.882000,GIO,99,0 days 00:01:07.189000,2.0,1.0,,,16.995,29.748,20.446,0 days 00:13:14.688000,0 days 00:13:44.436000,0 days 00:14:04.882000,313.0,244.0,280.0,313.0,True,MEDIUM,2.0,True,Alfa Romeo Racing,0 days 00:12:57.693000,2020-07-10 13:06:40.132,,,False,,False,False,67.189,67.18900000000001
643,0 days 00:15:49.623000,GIO,99,0 days 00:01:44.741000,3.0,1.0,,,26.714,49.383,28.644,0 days 00:14:31.596000,0 days 00:15:20.979000,0 days 00:15:49.623000,168.0,195.0,281.0,166.0,False,MEDIUM,3.0,True,Alfa Romeo Racing,0 days 00:14:04.882000,2020-07-10 13:07:47.321,1,,False,,False,True,104.741,104.74100000000001
644,0 days 00:16:56.156000,GIO,99,0 days 00:01:06.533000,4.0,1.0,,,16.88,29.437,20.216,0 days 00:16:06.503000,0 days 00:16:35.940000,0 days 00:16:56.156000,314.0,246.0,282.0,314.0,True,MEDIUM,4.0,True,Alfa Romeo Racing,0 days 00:15:49.623000,2020-07-10 13:09:32.062,1,,False,,False,True,66.533,66.533
645,0 days 00:18:39.014000,GIO,99,0 days 00:01:42.858000,5.0,1.0,,,23.739,49.214,29.905,0 days 00:17:19.895000,0 days 00:18:09.109000,0 days 00:18:39.014000,250.0,172.0,282.0,113.0,False,MEDIUM,5.0,True,Alfa Romeo Racing,0 days 00:16:56.156000,2020-07-10 13:10:38.595,1,,False,,False,True,102.858,102.858
646,0 days 00:19:45.890000,GIO,99,0 days 00:01:06.876000,6.0,1.0,,,16.883,29.603,20.39,0 days 00:18:55.897000,0 days 00:19:25.500000,0 days 00:19:45.890000,314.0,242.0,284.0,312.0,False,MEDIUM,6.0,True,Alfa Romeo Racing,0 days 00:18:39.014000,2020-07-10 13:12:21.453,1,,False,,False,True,66.876,66.876
647,0 days 00:21:08.656000,GIO,99,0 days 00:01:22.766000,7.0,1.0,,0 days 00:21:05.338000,19.092,35.669,28.005,0 days 00:20:04.982000,0 days 00:20:40.651000,0 days 00:21:08.656000,190.0,210.0,,251.0,False,MEDIUM,7.0,True,Alfa Romeo Racing,0 days 00:19:45.890000,2020-07-10 13:13:28.329,1,,False,,False,False,82.766,82.76599999999999
648,0 days 00:39:54.007000,GIO,99,,8.0,2.0,0 days 00:38:28.807000,,,39.747,26.114,,0 days 00:39:28.158000,0 days 00:39:54.134000,279.0,152.0,283.0,293.0,False,SOFT,1.0,True,Alfa Romeo Racing,0 days 00:38:28.807000,2020-07-10 13:32:11.246,1,,False,,False,False,,
649,0 days 00:41:00.007000,GIO,99,0 days 00:01:06,9.0,2.0,,,16.6,29.243,20.157,0 days 00:40:10.607000,0 days 00:40:39.850000,0 days 00:41:00.007000,315.0,246.0,279.0,313.0,True,SOFT,2.0,True,Alfa Romeo Racing,0 days 00:39:54.007000,2020-07-10 13:33:36.446,1,,False,,False,True,66.0,66.0
650,0 days 00:42:48.562000,GIO,99,0 days 00:01:48.555000,10.0,2.0,,,28.036,49.252,31.267,0 days 00:41:28.043000,0 days 00:42:17.295000,0 days 00:42:48.562000,164.0,197.0,224.0,191.0,False,SOFT,3.0,True,Alfa Romeo Racing,0 days 00:41:00.007000,2020-07-10 13:34:42.446,1,,False,,False,True,108.555,108.555
651,0 days 00:44:18.452000,GIO,99,0 days 00:01:29.890000,11.0,2.0,,,21.709,39.806,28.375,0 days 00:43:10.271000,0 days 00:43:50.077000,0 days 00:44:18.452000,278.0,180.0,284.0,270.0,False,SOFT,4.0,True,Alfa Romeo Racing,0 days 00:42:48.562000,2020-07-10 13:36:31.001,1,,False,,False,True,89.89,89.89
652,0 days 00:45:24.384000,GIO,99,0 days 00:01:05.932000,12.0,2.0,,,16.613,29.248,20.071,0 days 00:44:35.065000,0 days 00:45:04.313000,0 days 00:45:24.384000,317.0,247.0,281.0,312.0,True,SOFT,5.0,True,Alfa Romeo Racing,0 days 00:44:18.452000,2020-07-10 13:38:00.891,12,,False,,False,True,65.932,65.932
653,0 days 00:46:47.056000,GIO,99,0 days 00:01:22.672000,13.0,2.0,,0 days 00:46:43.798000,18.613,33.822,30.237,0 days 00:45:42.997000,0 days 00:46:16.819000,0 days 00:46:47.056000,285.0,224.0,,274.0,False,SOFT,6.0,True,Alfa Romeo Racing,0 days 00:45:24.384000,2020-07-10 13:39:06.823,1,,False,,False,False,82.672,82.672
654,0 days 00:53:33.401000,GIO,99,,14.0,3.0,0 days 00:52:00.260000,,,43.689,30.589,,0 days 00:53:03.032000,0 days 00:53:33.541000,210.0,158.0,282.0,158.0,False,SOFT,1.0,True,Alfa Romeo Racing,0 days 00:46:47.056000,2020-07-10 13:40:29.495,1,,False,,False,False,,
655,0 days 00:54:38.766000,GIO,99,0 days 00:01:05.365000,15.0,3.0,,,16.576,28.925,19.864,0 days 00:53:49.977000,0 days 00:54:18.902000,0 days 00:54:38.766000,314.0,247.0,283.0,312.0,True,SOFT,2.0,True,Alfa Romeo Racing,0 days 00:53:33.401000,2020-07-10 13:47:15.840,1,,False,,False,True,65.365,65.36500000000001
656,0 days 00:56:00.569000,GIO,99,0 days 00:01:21.803000,16.0,3.0,,0 days 00:55:57.161000,18.263,34.31,29.23,0 days 00:54:57.029000,0 days 00:55:31.339000,0 days 00:56:00.569000,286.0,211.0,,283.0,False,SOFT,3.0,True,Alfa Romeo Racing,0 days 00:54:38.766000,2020-07-10 13:48:21.205,1,,False,,False,False,81.803,81.80300000000001
657,0 days 01:21:26.026000,GIO,99,,17.0,4.0,0 days 01:20:10.346000,,,34.506,23.172,,0 days 01:21:02.992000,0 days 01:21:26.026000,280.0,219.0,268.0,282.0,False,SOFT,7.0,False,Alfa Romeo Racing,0 days 00:56:00.569000,2020-07-10 13:49:43.008,1,,False,,False,False,,
658,0 days 01:22:36.027000,GIO,99,0 days 00:01:10.001000,18.0,4.0,,,17.705,30.88,21.416,0 days 01:21:43.731000,0 days 01:22:14.611000,0 days 01:22:36.027000,294.0,235.0,269.0,291.0,False,SOFT,8.0,False,Alfa Romeo Racing,0 days 01:21:26.026000,2020-07-10 14:15:08.465,1,,False,,False,True,70.001,70.00099999999999
659,0 days 01:23:46.236000,GIO,99,0 days 00:01:10.209000,19.0,4.0,,,17.787,30.969,21.453,0 days 01:22:53.814000,0 days 01:23:24.783000,0 days 01:23:46.236000,293.0,234.0,268.0,289.0,False,SOFT,9.0,False,Alfa Romeo Racing,0 days 01:22:36.027000,2020-07-10 14:16:18.466,1,,False,,False,True,70.209,70.209
660,0 days 01:24:56.414000,GIO,99,0 days 00:01:10.178000,20.0,4.0,,,17.749,31.104,21.325,0 days 01:24:03.985000,0 days 01:24:35.089000,0 days 01:24:56.414000,296.0,234.0,268.0,289.0,False,SOFT,10.0,False,Alfa Romeo Racing,0 days 01:23:46.236000,2020-07-10 14:17:28.675,1,,False,,False,True,70.178,70.178
661,0 days 01:26:08.286000,GIO,99,0 days 00:01:11.872000,21.0,4.0,,,17.72,31.397,22.755,0 days 01:25:14.134000,0 days 01:25:45.531000,0 days 01:26:08.286000,293.0,224.0,268.0,288.0,False,SOFT,11.0,False,Alfa Romeo Racing,0 days 01:24:56.414000,2020-07-10 14:18:38.853,12,,False,,False,True,71.872,71.872
662,0 days 01:27:18.420000,GIO,99,0 days 00:01:10.134000,22.0,4.0,,,17.69,31.083,21.361,0 days 01:26:25.976000,0 days 01:26:57.059000,0 days 01:27:18.420000,292.0,232.0,268.0,288.0,False,SOFT,12.0,False,Alfa Romeo Racing,0 days 01:26:08.286000,2020-07-10 14:19:50.725,1,,False,,False,True,70.134,70.134
663,0 days 01:28:28.574000,GIO,99,0 days 00:01:10.154000,23.0,4.0,,,17.787,31.086,21.281,0 days 01:27:36.207000,0 days 01:28:07.293000,0 days 01:28:28.574000,294.0,231.0,268.0,289.0,False,SOFT,13.0,False,Alfa Romeo Racing,0 days 01:27:18.420000,2020-07-10 14:21:00.859,1,,False,,False,True,70.154,70.154
664,0 days 01:29:38.652000,GIO,99,0 days 00:01:10.078000,24.0,4.0,,,17.775,31.009,21.294,0 days 01:28:46.349000,0 days 01:29:17.358000,0 days 01:29:38.652000,296.0,233.0,268.0,291.0,False,SOFT,14.0,False,Alfa Romeo Racing,0 days 01:28:28.574000,2020-07-10 14:22:11.013,1,,False,,False,True,70.078,70.078
665,0 days 01:30:49.616000,GIO,99,0 days 00:01:10.964000,25.0,4.0,,,17.704,31.435,21.825,0 days 01:29:56.356000,0 days 01:30:27.791000,0 days 01:30:49.616000,300.0,234.0,269.0,294.0,False,SOFT,15.0,False,Alfa Romeo Racing,0 days 01:29:38.652000,2020-07-10 14:23:21.091,1,,False,,False,True,70.964,70.964
666,0 days 01:32:00.213000,GIO,99,0 days 00:01:10.597000,26.0,4.0,,,17.739,31.257,21.601,0 days 01:31:07.355000,0 days 01:31:38.612000,0 days 01:32:00.213000,298.0,233.0,269.0,294.0,False,SOFT,16.0,False,Alfa Romeo Racing,0 days 01:30:49.616000,2020-07-10 14:24:32.055,1,,False,,False,True,70.597,70.59700000000001
667,0 days 01:33:15.178000,GIO,99,0 days 00:01:14.965000,27.0,4.0,,0 days 01:33:11.783000,17.846,31.397,25.722,0 days 01:32:18.059000,0 days 01:32:49.456000,0 days 01:33:15.178000,296.0,233.0,,292.0,False,SOFT,17.0,False,Alfa Romeo Racing,0 days 01:32:00.213000,2020-07-10 14:25:42.652,1,,False,,False,False,74.965,74.965
668,0 days 01:34:45.847000,GIO,99,0 days 00:01:30.669000,28.0,5.0,0 days 01:33:35.302000,,37.274,31.783,21.612,0 days 01:33:52.452000,0 days 01:34:24.235000,0 days 01:34:45.847000,291.0,228.0,269.0,292.0,False,MEDIUM,8.0,False,Alfa Romeo Racing,0 days 01:33:15.178000,2020-07-10 14:26:57.617,1,,False,,False,False,90.669,90.669
669,0 days 01:35:56.712000,GIO,99,0 days 00:01:10.865000,29.0,5.0,,,17.686,31.473,21.706,0 days 01:35:03.533000,0 days 01:35:35.006000,0 days 01:35:56.712000,297.0,231.0,277.0,307.0,False,MEDIUM,9.0,False,Alfa Romeo Racing,0 days 01:34:45.847000,2020-07-10 14:28:28.286,1,,False,,False,True,70.865,70.865
670,0 days 01:37:07.364000,GIO,99,0 days 00:01:10.652000,30.0,5.0,,,17.438,31.532,21.682,0 days 01:36:14.150000,0 days 01:36:45.682000,0 days 01:37:07.364000,312.0,234.0,278.0,317.0,False,MEDIUM,10.0,False,Alfa Romeo Racing,0 days 01:35:56.712000,2020-07-10 14:29:39.151,1,,False,,False,True,70.652,70.652
671,0 days 01:38:17.839000,GIO,99,0 days 00:01:10.475000,31.0,5.0,,,17.452,31.451,21.572,0 days 01:37:24.816000,0 days 01:37:56.267000,0 days 01:38:17.839000,317.0,232.0,268.0,303.0,False,MEDIUM,11.0,False,Alfa Romeo Racing,0 days 01:37:07.364000,2020-07-10 14:30:49.803,1,,False,,False,True,70.475,70.47500000000001
672,0 days 01:39:30.217000,GIO,99,0 days 00:01:12.378000,32.0,5.0,,,17.969,32.344,22.065,0 days 01:38:35.808000,0 days 01:39:08.152000,0 days 01:39:30.217000,291.0,229.0,269.0,284.0,False,MEDIUM,12.0,False,Alfa Romeo Racing,0 days 01:38:17.839000,2020-07-10 14:32:00.278,1,,False,,False,True,72.378,72.378
673,0 days 01:40:42.058000,GIO,99,0 days 00:01:11.841000,33.0,5.0,,,17.655,32.195,21.991,0 days 01:39:47.872000,0 days 01:40:20.067000,0 days 01:40:42.058000,306.0,230.0,269.0,297.0,False,MEDIUM,13.0,False,Alfa Romeo Racing,0 days 01:39:30.217000,2020-07-10 14:33:12.656,1,,False,,False,True,71.841,71.84100000000001
674,0 days 01:41:53.050000,GIO,99,0 days 00:01:10.992000,34.0,5.0,,,17.812,31.233,21.947,0 days 01:40:59.870000,0 days 01:41:31.103000,0 days 01:41:53.050000,297.0,226.0,268.0,291.0,False,MEDIUM,14.0,False,Alfa Romeo Racing,0 days 01:40:42.058000,2020-07-10 14:34:24.497,1,,False,,False,True,70.992,70.992
675,0 days 01:43:33.766000,GIO,99,0 days 00:01:40.716000,35.0,5.0,,,21.011,37.003,42.702,0 days 01:42:14.061000,0 days 01:42:51.064000,0 days 01:43:33.766000,207.0,192.0,88.0,223.0,False,MEDIUM,15.0,False,Alfa Romeo Racing,0 days 01:41:53.050000,2020-07-10 14:35:35.489,1,,False,,False,True,100.716,100.716
676,0 days 01:45:27.010000,GIO,99,0 days 00:01:53.244000,36.0,5.0,,0 days 01:45:23.647000,45.969,35.812,31.463,0 days 01:44:19.735000,0 days 01:44:55.547000,0 days 01:45:27.010000,271.0,203.0,,244.0,False,MEDIUM,16.0,False,Alfa Romeo Racing,0 days 01:43:33.766000,2020-07-10 14:37:16.205,1,,False,,False,False,113.244,113.244
