,Time,Driver,DriverNumber,LapTime,LapNumber,Stint,PitOutTime,PitInTime,Sector1Time,Sector2Time,Sector3Time,Sector1SessionTime,Sector2SessionTime,Sector3SessionTime,SpeedI1,SpeedI2,SpeedFL,SpeedST,IsPersonalBest,Compound,TyreLife,FreshTyre,Team,LapStartTime,LapStartDate,TrackStatus,Position,Deleted,DeletedReason,FastF1Generated,IsAccurate,LapTime_in_seconds,laptime_sum_sectortimes
0,0 days 00:32:46.281000,RIC,3,,1.0,1.0,0 days 00:30:37.506000,,,51.257,53.698,,0 days 00:31:52.600000,0 days 00:32:46.409000,233.0,162.0,220.0,253.0,False,MEDIUM,1.0,True,Renault,0 days 00:30:37.506000,2019-11-29 13:15:37.655,1,,False,,False,False,,
1,0 days 00:34:25.480000,RIC,3,0 days 00:01:39.199000,2.0,1.0,,,17.644,42.118,39.437,0 days 00:33:03.925000,0 days 00:33:46.043000,0 days 00:34:25.480000,281.0,310.0,220.0,317.0,True,MEDIUM,2.0,True,Renault,0 days 00:32:46.281000,2019-11-29 13:17:46.430,1,,False,,False,True,99.199,99.199
2,0 days 00:36:52.535000,RIC,3,0 days 00:02:27.055000,3.0,1.0,,,25.715,63.86,57.48,0 days 00:34:51.195000,0 days 00:35:55.055000,0 days 00:36:52.535000,238.0,240.0,221.0,181.0,False,MEDIUM,3.0,True,Renault,0 days 00:34:25.480000,2019-11-29 13:19:25.629,1,,False,,False,True,147.055,147.055
3,0 days 00:38:31.657000,RIC,3,0 days 00:01:39.122000,4.0,1.0,,,17.609,42.196,39.317,0 days 00:37:10.144000,0 days 00:37:52.340000,0 days 00:38:31.657000,280.0,307.0,214.0,312.0,True,MEDIUM,4.0,True,Renault,0 days 00:36:52.535000,2019-11-29 13:21:52.684,1,,False,,False,True,99.122,99.122
4,0 days 00:40:36.569000,RIC,3,0 days 00:02:04.912000,5.0,1.0,,0 days 00:40:36.267000,21.711,52.664,50.537,0 days 00:38:53.368000,0 days 00:39:46.032000,0 days 00:40:36.569000,250.0,253.0,,198.0,False,MEDIUM,5.0,True,Renault,0 days 00:38:31.657000,2019-11-29 13:23:31.806,1,,False,,False,False,124.912,124.912
5,0 days 00:57:36.445000,RIC,3,,6.0,2.0,0 days 00:55:17.108000,,,60.408,54.213,,0 days 00:56:42.256000,0 days 00:57:36.569000,231.0,227.0,223.0,193.0,False,SOFT,1.0,True,Renault,0 days 00:40:36.569000,2019-11-29 13:25:36.718,1,,False,,False,False,,
6,0 days 00:59:15.068000,RIC,3,0 days 00:01:38.623000,7.0,2.0,,,17.613,41.957,39.053,0 days 00:57:54.058000,0 days 00:58:36.015000,0 days 00:59:15.068000,286.0,314.0,222.0,323.0,True,SOFT,2.0,True,Renault,0 days 00:57:36.445000,2019-11-29 13:42:36.594,1,,False,,False,True,98.623,98.62299999999999
7,0 days 01:01:38.178000,RIC,3,0 days 00:02:23.110000,8.0,2.0,,,23.171,64.096,55.843,0 days 00:59:38.239000,0 days 01:00:42.335000,0 days 01:01:38.178000,244.0,241.0,221.0,158.0,False,SOFT,3.0,True,Renault,0 days 00:59:15.068000,2019-11-29 13:44:15.217,1,,False,,False,True,143.11,143.11
8,0 days 01:03:16.578000,RIC,3,0 days 00:01:38.400000,9.0,2.0,,,17.547,41.918,38.935,0 days 01:01:55.725000,0 days 01:02:37.643000,0 days 01:03:16.578000,287.0,313.0,220.0,320.0,True,SOFT,4.0,True,Renault,0 days 01:01:38.178000,2019-11-29 13:46:38.327,1,,False,,False,True,98.4,98.4
9,0 days 01:05:21.112000,RIC,3,0 days 00:02:04.534000,10.0,2.0,,0 days 01:05:20.061000,20.803,54.236,49.495,0 days 01:03:37.381000,0 days 01:04:31.617000,0 days 01:05:21.112000,249.0,235.0,,198.0,False,SOFT,5.0,True,Renault,0 days 01:03:16.578000,2019-11-29 13:48:16.727,12,,False,,False,False,124.534,124.53399999999999
10,0 days 01:17:33.049000,RIC,3,,11.0,3.0,0 days 01:15:43.565000,,,46.194,43.119,,0 days 01:16:49.930000,0 days 01:17:33.333000,247.0,284.0,212.0,294.0,False,SOFT,6.0,False,Renault,0 days 01:05:21.112000,2019-11-29 13:50:21.261,1,,False,,False,False,,
11,0 days 01:19:16.851000,RIC,3,0 days 00:01:43.802000,12.0,3.0,,,18.338,43.77,41.694,0 days 01:17:51.387000,0 days 01:18:35.157000,0 days 01:19:16.851000,272.0,288.0,215.0,297.0,False,SOFT,7.0,False,Renault,0 days 01:17:33.049000,2019-11-29 14:02:33.198,1,,False,,False,True,103.802,103.802
12,0 days 01:21:01.513000,RIC,3,0 days 00:01:44.662000,13.0,3.0,,,18.403,44.051,42.208,0 days 01:19:35.254000,0 days 01:20:19.305000,0 days 01:21:01.513000,272.0,285.0,214.0,298.0,False,SOFT,8.0,False,Renault,0 days 01:19:16.851000,2019-11-29 14:04:17.000,1,,False,,False,True,104.662,104.662
13,0 days 01:22:46.711000,RIC,3,0 days 00:01:45.198000,14.0,3.0,,,18.391,44.25,42.557,0 days 01:21:19.904000,0 days 01:22:04.154000,0 days 01:22:46.711000,275.0,283.0,212.0,301.0,False,SOFT,9.0,False,Renault,0 days 01:21:01.513000,2019-11-29 14:06:01.662,1,,False,,False,True,105.198,105.19800000000001
14,0 days 01:24:31.116000,RIC,3,0 days 00:01:44.405000,15.0,3.0,,,18.366,44.198,41.841,0 days 01:23:05.077000,0 days 01:23:49.275000,0 days 01:24:31.116000,279.0,288.0,214.0,312.0,False,SOFT,10.0,False,Renault,0 days 01:22:46.711000,2019-11-29 14:07:46.860,1,,False,,False,True,104.405,104.405
15,0 days 01:26:16.594000,RIC,3,0 days 00:01:45.478000,16.0,3.0,,,18.443,44.876,42.159,0 days 01:24:49.559000,0 days 01:25:34.435000,0 days 01:26:16.594000,270.0,282.0,213.0,294.0,False,SOFT,11.0,False,Renault,0 days 01:24:31.116000,2019-11-29 14:09:31.265,12,,False,,False,True,105.478,105.47800000000001
16,0 days 01:34:07.436000,RIC,3,,17.0,3.0,,0 days 01:28:34.632000,,,,,,,,,,,False,SOFT,12.0,False,Renault,0 days 01:26:16.594000,2019-11-29 14:11:16.743,15,,False,,False,False,,
17,0 days 01:36:01.853000,RIC,3,,18.0,4.0,0 days 01:34:07.436000,,,46.017,48.37,,0 days 01:35:13.517000,0 days 01:36:02.044000,271.0,277.0,192.0,296.0,False,MEDIUM,6.0,False,Renault,0 days 01:34:07.436000,2019-11-29 14:19:07.585,1,,False,,False,False,,
18,0 days 01:37:45.615000,RIC,3,0 days 00:01:43.762000,19.0,4.0,,,18.594,43.825,41.343,0 days 01:36:20.447000,0 days 01:37:04.272000,0 days 01:37:45.615000,270.0,291.0,215.0,297.0,False,MEDIUM,7.0,False,Renault,0 days 01:36:01.853000,2019-11-29 14:21:02.002,1,,False,,False,True,103.762,103.762
19,0 days 01:39:42.328000,RIC,3,0 days 00:01:56.713000,20.0,4.0,,,28.524,46.501,41.688,0 days 01:38:14.139000,0 days 01:39:00.640000,0 days 01:39:42.328000,182.0,289.0,215.0,293.0,False,MEDIUM,8.0,False,Renault,0 days 01:37:45.615000,2019-11-29 14:22:45.764,1,,False,,False,True,116.713,116.71300000000001
20,0 days 01:41:25.105000,RIC,3,0 days 00:01:42.777000,21.0,4.0,,,18.201,43.753,40.823,0 days 01:40:00.529000,0 days 01:40:44.282000,0 days 01:41:25.105000,273.0,291.0,216.0,294.0,False,MEDIUM,9.0,False,Renault,0 days 01:39:42.328000,2019-11-29 14:24:42.477,1,,False,,False,True,102.777,102.777
21,0 days 01:43:08.521000,RIC,3,0 days 00:01:43.416000,22.0,4.0,,,18.122,44.015,41.279,0 days 01:41:43.227000,0 days 01:42:27.242000,0 days 01:43:08.521000,273.0,290.0,215.0,293.0,False,MEDIUM,10.0,False,Renault,0 days 01:41:25.105000,2019-11-29 14:26:25.254,1,,False,,False,True,103.416,103.416
22,0 days 01:44:51.877000,RIC,3,0 days 00:01:43.356000,23.0,4.0,,,18.02,43.97,41.366,0 days 01:43:26.541000,0 days 01:44:10.511000,0 days 01:44:51.877000,275.0,295.0,213.0,297.0,False,MEDIUM,11.0,False,Renault,0 days 01:43:08.521000,2019-11-29 14:28:08.670,1,,False,,False,True,103.356,103.356
23,0 days 01:46:47.952000,RIC,3,0 days 00:01:56.075000,24.0,4.0,,,18.124,48.324,49.627,0 days 01:45:10.001000,0 days 01:45:58.325000,0 days 01:46:47.952000,276.0,133.0,191.0,258.0,False,MEDIUM,12.0,False,Renault,0 days 01:44:51.877000,2019-11-29 14:29:52.026,1,,False,,False,True,116.075,116.07499999999999
24,0 days 01:49:01.211000,RIC,3,0 days 00:02:13.259000,25.0,4.0,,,22.295,50.409,60.555,0 days 01:47:10.247000,0 days 01:48:00.656000,0 days 01:49:01.211000,199.0,223.0,65.0,217.0,False,MEDIUM,13.0,False,Renault,0 days 01:46:47.952000,2019-11-29 14:31:48.101,1,,False,,False,True,133.259,133.25900000000001
25,0 days 01:51:17.084000,RIC,3,0 days 00:02:15.873000,26.0,4.0,,0 days 01:51:16.060000,45.579,45.812,44.482,0 days 01:49:46.790000,0 days 01:50:32.602000,0 days 01:51:17.084000,265.0,276.0,,282.0,False,MEDIUM,14.0,False,Renault,0 days 01:49:01.211000,2019-11-29 14:34:01.360,1,,False,,False,False,135.873,135.873
26,0 days 00:26:29.475000,NOR,4,,1.0,1.0,0 days 00:24:21.916000,,,48.93,58.048,,0 days 00:25:32.909000,0 days 00:26:29.597000,228.0,242.0,219.0,257.0,False,HARD,1.0,True,McLaren,0 days 00:24:21.916000,2019-11-29 13:09:22.065,1,,False,,False,False,,
27,0 days 00:28:09.606000,NOR,4,0 days 00:01:40.131000,2.0,1.0,,,17.872,42.299,39.96,0 days 00:26:47.347000,0 days 00:27:29.646000,0 days 00:28:09.606000,281.0,312.0,220.0,316.0,True,HARD,2.0,True,McLaren,0 days 00:26:29.475000,2019-11-29 13:11:29.624,1,,False,,False,True,100.131,100.131
28,0 days 00:30:23.282000,NOR,4,0 days 00:02:13.676000,3.0,1.0,,,24.749,55.547,53.38,0 days 00:28:34.355000,0 days 00:29:29.902000,0 days 00:30:23.282000,71.0,256.0,222.0,235.0,False,HARD,3.0,True,McLaren,0 days 00:28:09.606000,2019-11-29 13:13:09.755,1,,False,,False,True,133.676,133.676
29,0 days 00:32:26.744000,NOR,4,0 days 00:02:03.462000,4.0,1.0,,,17.627,49.721,56.114,0 days 00:30:40.909000,0 days 00:31:30.630000,0 days 00:32:26.744000,281.0,93.0,218.0,317.0,False,HARD,4.0,True,McLaren,0 days 00:30:23.282000,2019-11-29 13:15:23.431,1,,False,,False,True,123.462,123.46199999999999
30,0 days 00:34:06.783000,NOR,4,0 days 00:01:40.039000,5.0,1.0,,,17.683,42.573,39.783,0 days 00:32:44.427000,0 days 00:33:27,0 days 00:34:06.783000,280.0,310.0,219.0,314.0,True,HARD,5.0,True,McLaren,0 days 00:32:26.744000,2019-11-29 13:17:26.893,1,,False,,False,True,100.039,100.039
31,0 days 00:36:11.624000,NOR,4,0 days 00:02:04.841000,6.0,1.0,,,20.832,49.71,54.299,0 days 00:34:27.615000,0 days 00:35:17.325000,0 days 00:36:11.624000,220.0,225.0,221.0,232.0,False,HARD,6.0,True,McLaren,0 days 00:34:06.783000,2019-11-29 13:19:06.932,1,,False,,False,True,124.841,124.84100000000001
32,0 days 00:37:51.459000,NOR,4,0 days 00:01:39.835000,7.0,1.0,,,17.601,42.419,39.815,0 days 00:36:29.225000,0 days 00:37:11.644000,0 days 00:37:51.459000,281.0,313.0,221.0,317.0,True,HARD,7.0,True,McLaren,0 days 00:36:11.624000,2019-11-29 13:21:11.773,1,,False,,False,True,99.835,99.835
33,0 days 00:39:47.264000,NOR,4,0 days 00:01:55.805000,8.0,1.0,,0 days 00:39:46.361000,20.427,48.916,46.462,0 days 00:38:11.886000,0 days 00:39:00.802000,0 days 00:39:47.264000,145.0,259.0,,267.0,False,HARD,8.0,True,McLaren,0 days 00:37:51.459000,2019-11-29 13:22:51.608,1,,False,,False,False,115.805,115.80499999999999
34,0 days 00:53:00.936000,NOR,4,,9.0,2.0,0 days 00:50:55.039000,,,50.404,53.226,,0 days 00:52:07.734000,0 days 00:53:01.050000,240.0,243.0,223.0,255.0,False,SOFT,1.0,True,McLaren,0 days 00:39:47.264000,2019-11-29 13:24:47.413,1,,False,,False,False,,
35,0 days 00:54:38.854000,NOR,4,0 days 00:01:37.918000,10.0,2.0,,,17.34,41.641,38.937,0 days 00:53:18.276000,0 days 00:53:59.917000,0 days 00:54:38.854000,286.0,316.0,221.0,322.0,True,SOFT,2.0,True,McLaren,0 days 00:53:00.936000,2019-11-29 13:38:01.085,1,,False,,False,True,97.918,97.91799999999999
36,0 days 00:57:07.221000,NOR,4,0 days 00:02:28.367000,11.0,2.0,,,21.731,62.261,64.375,0 days 00:55:00.585000,0 days 00:56:02.846000,0 days 00:57:07.221000,144.0,137.0,218.0,183.0,False,SOFT,3.0,True,McLaren,0 days 00:54:38.854000,2019-11-29 13:39:39.003,1,,False,,False,True,148.367,148.36700000000002
37,0 days 00:59:13.634000,NOR,4,0 days 00:02:06.413000,12.0,2.0,,,20.519,51.425,54.469,0 days 00:57:27.740000,0 days 00:58:19.165000,0 days 00:59:13.634000,173.0,222.0,222.0,231.0,False,SOFT,4.0,True,McLaren,0 days 00:57:07.221000,2019-11-29 13:42:07.370,1,,False,,False,True,126.413,126.41299999999998
38,0 days 01:00:54.941000,NOR,4,0 days 00:01:41.307000,13.0,2.0,,0 days 01:00:53.931000,17.537,42.16,41.61,0 days 00:59:31.171000,0 days 01:00:13.331000,0 days 01:00:54.941000,280.0,309.0,,315.0,False,SOFT,5.0,True,McLaren,0 days 00:59:13.634000,2019-11-29 13:44:13.783,1,,False,,False,False,101.307,101.30699999999999
39,0 days 01:10:11.839000,NOR,4,,14.0,3.0,0 days 01:08:18.189000,,,44.441,49.772,,0 days 01:09:22.082000,0 days 01:10:16.938000,274.0,289.0,219.0,294.0,False,SOFT,6.0,False,McLaren,0 days 01:00:54.941000,2019-11-29 13:45:55.090,12,,False,,False,False,,
40,0 days 01:11:56.512000,NOR,4,0 days 00:01:44.673000,15.0,3.0,,,18.36,44.389,41.924,0 days 01:10:30.199000,0 days 01:11:14.588000,0 days 01:11:56.512000,271.0,279.0,217.0,292.0,False,SOFT,7.0,False,McLaren,0 days 01:10:11.839000,2019-11-29 13:55:11.988,1,,False,,False,True,104.673,104.673
41,0 days 01:13:41.170000,NOR,4,0 days 00:01:44.658000,16.0,3.0,,,18.275,44.428,41.955,0 days 01:12:14.787000,0 days 01:12:59.215000,0 days 01:13:41.170000,269.0,285.0,218.0,291.0,False,SOFT,8.0,False,McLaren,0 days 01:11:56.512000,2019-11-29 13:56:56.661,1,,False,,False,True,104.658,104.65799999999999
42,0 days 01:15:25.436000,NOR,4,0 days 00:01:44.266000,17.0,3.0,,,18.303,44.254,41.709,0 days 01:13:59.473000,0 days 01:14:43.727000,0 days 01:15:25.436000,272.0,287.0,216.0,293.0,False,SOFT,9.0,False,McLaren,0 days 01:13:41.170000,2019-11-29 13:58:41.319,1,,False,,False,True,104.266,104.266
43,0 days 01:17:10.141000,NOR,4,0 days 00:01:44.705000,18.0,3.0,,,18.241,44.478,41.986,0 days 01:15:43.677000,0 days 01:16:28.155000,0 days 01:17:10.141000,274.0,286.0,216.0,294.0,False,SOFT,10.0,False,McLaren,0 days 01:15:25.436000,2019-11-29 14:00:25.585,1,,False,,False,True,104.705,104.705
44,0 days 01:18:55.009000,NOR,4,0 days 00:01:44.868000,19.0,3.0,,,18.186,44.569,42.113,0 days 01:17:28.327000,0 days 01:18:12.896000,0 days 01:18:55.009000,273.0,289.0,215.0,294.0,False,SOFT,11.0,False,McLaren,0 days 01:17:10.141000,2019-11-29 14:02:10.290,1,,False,,False,True,104.868,104.868
45,0 days 01:20:40.984000,NOR,4,0 days 00:01:45.975000,20.0,3.0,,,18.353,44.997,42.625,0 days 01:19:13.362000,0 days 01:19:58.359000,0 days 01:20:40.984000,272.0,287.0,214.0,293.0,False,SOFT,12.0,False,McLaren,0 days 01:18:55.009000,2019-11-29 14:03:55.158,1,,False,,False,True,105.975,105.975
46,0 days 01:22:27.300000,NOR,4,0 days 00:01:46.316000,21.0,3.0,,,18.347,45.436,42.533,0 days 01:20:59.331000,0 days 01:21:44.767000,0 days 01:22:27.300000,275.0,287.0,214.0,292.0,False,SOFT,13.0,False,McLaren,0 days 01:20:40.984000,2019-11-29 14:05:41.133,1,,False,,False,True,106.316,106.316
47,0 days 01:24:13.615000,NOR,4,0 days 00:01:46.315000,22.0,3.0,,,18.599,45.251,42.465,0 days 01:22:45.899000,0 days 01:23:31.150000,0 days 01:24:13.615000,272.0,286.0,215.0,291.0,False,SOFT,14.0,False,McLaren,0 days 01:22:27.300000,2019-11-29 14:07:27.449,1,,False,,False,True,106.315,106.315
48,0 days 01:26:01.470000,NOR,4,0 days 00:01:47.855000,23.0,3.0,,0 days 01:26:00.426000,18.352,45.034,44.469,0 days 01:24:31.967000,0 days 01:25:17.001000,0 days 01:26:01.470000,275.0,288.0,,293.0,False,SOFT,15.0,False,McLaren,0 days 01:24:13.615000,2019-11-29 14:09:13.764,12,,False,,False,False,107.855,107.85499999999999
49,0 days 01:34:35.786000,NOR,4,,24.0,4.0,0 days 01:26:27.400000,0 days 01:28:48.955000,,,,,,,,,,,False,HARD,9.0,False,McLaren,0 days 01:26:01.470000,2019-11-29 14:11:01.619,15,,False,,False,False,,
50,0 days 01:36:26.813000,NOR,4,,25.0,5.0,0 days 01:34:35.786000,,,47.536,43.026,,0 days 01:35:43.787000,0 days 01:36:26.916000,257.0,269.0,214.0,276.0,False,HARD,10.0,False,McLaren,0 days 01:34:35.786000,2019-11-29 14:19:35.935,1,,False,,False,False,,
51,0 days 01:38:12.557000,NOR,4,0 days 00:01:45.744000,26.0,5.0,,,18.869,44.681,42.194,0 days 01:36:45.682000,0 days 01:37:30.363000,0 days 01:38:12.557000,270.0,288.0,213.0,293.0,False,HARD,11.0,False,McLaren,0 days 01:36:26.813000,2019-11-29 14:21:26.962,1,,False,,False,True,105.744,105.744
52,0 days 01:39:57.818000,NOR,4,0 days 00:01:45.261000,27.0,5.0,,,18.751,44.557,41.953,0 days 01:38:31.308000,0 days 01:39:15.865000,0 days 01:39:57.818000,269.0,286.0,214.0,291.0,False,HARD,12.0,False,McLaren,0 days 01:38:12.557000,2019-11-29 14:23:12.706,1,,False,,False,True,105.261,105.26100000000001
53,0 days 01:41:42.400000,NOR,4,0 days 00:01:44.582000,28.0,5.0,,,18.419,44.444,41.719,0 days 01:40:16.237000,0 days 01:41:00.681000,0 days 01:41:42.400000,274.0,288.0,213.0,292.0,False,HARD,13.0,False,McLaren,0 days 01:39:57.818000,2019-11-29 14:24:57.967,1,,False,,False,True,104.582,104.582
54,0 days 01:43:28.803000,NOR,4,0 days 00:01:46.403000,29.0,5.0,,0 days 01:43:27.743000,18.348,44.4,43.655,0 days 01:42:00.748000,0 days 01:42:45.148000,0 days 01:43:28.803000,274.0,289.0,,292.0,False,HARD,14.0,False,McLaren,0 days 01:41:42.400000,2019-11-29 14:26:42.549,1,,False,,False,False,106.403,106.40299999999999
55,0 days 01:46:17.485000,NOR,4,,30.0,6.0,0 days 01:44:28.875000,,81.211,44.588,42.903,0 days 01:44:49.998000,0 days 01:45:34.582000,0 days 01:46:18.463000,271.0,290.0,212.0,312.0,False,SOFT,16.0,False,McLaren,0 days 01:43:28.803000,2019-11-29 14:28:28.952,1,,False,,False,False,,168.702
56,0 days 01:48:35.066000,NOR,4,0 days 00:02:17.581000,31.0,6.0,,,21.239,50.903,65.439,0 days 01:46:38.724000,0 days 01:47:29.627000,0 days 01:48:35.066000,156.0,177.0,54.0,184.0,False,SOFT,17.0,False,McLaren,0 days 01:46:17.485000,2019-11-29 14:31:17.634,1,,False,,False,True,137.581,137.581
57,0 days 01:51:07.454000,NOR,4,,32.0,6.0,,0 days 01:51:06.341000,53.609,47.907,50.853,0 days 01:49:28.694000,0 days 01:50:16.606000,0 days 01:51:07.530000,184.0,280.0,,265.0,False,SOFT,18.0,False,McLaren,0 days 01:48:35.066000,2019-11-29 14:33:35.215,1,,False,,False,False,,152.369
58,0 days 00:29:50.393000,VET,5,,1.0,1.0,0 days 00:27:49.010000,,,48.742,49.213,,0 days 00:29:01.190000,0 days 00:29:50.550000,189.0,270.0,226.0,261.0,False,MEDIUM,1.0,True,Ferrari,0 days 00:27:49.010000,2019-11-29 13:12:49.159,1,,False,,False,False,,
59,0 days 00:31:28.491000,VET,5,0 days 00:01:38.098000,2.0,1.0,,,17.238,41.674,39.186,0 days 00:30:07.631000,0 days 00:30:49.305000,0 days 00:31:28.491000,286.0,316.0,221.0,320.0,True,MEDIUM,2.0,True,Ferrari,0 days 00:29:50.393000,2019-11-29 13:14:50.542,1,,False,,False,True,98.098,98.098
60,0 days 00:33:40.832000,VET,5,0 days 00:02:12.341000,3.0,1.0,,,23.634,57.428,51.279,0 days 00:31:52.125000,0 days 00:32:49.553000,0 days 00:33:40.832000,170.0,211.0,223.0,209.0,False,MEDIUM,3.0,True,Ferrari,0 days 00:31:28.491000,2019-11-29 13:16:28.640,1,,False,,False,True,132.341,132.341
61,0 days 00:35:18.904000,VET,5,0 days 00:01:38.072000,4.0,1.0,,,17.354,41.733,38.985,0 days 00:33:58.186000,0 days 00:34:39.919000,0 days 00:35:18.904000,287.0,314.0,214.0,322.0,True,MEDIUM,4.0,True,Ferrari,0 days 00:33:40.832000,2019-11-29 13:18:40.981,1,,False,,False,True,98.072,98.072
62,0 days 00:37:35.987000,VET,5,0 days 00:02:17.083000,5.0,1.0,,,22.189,57.112,57.782,0 days 00:35:41.093000,0 days 00:36:38.205000,0 days 00:37:35.987000,210.0,164.0,225.0,209.0,False,MEDIUM,5.0,True,Ferrari,0 days 00:35:18.904000,2019-11-29 13:20:19.053,1,,False,,False,True,137.083,137.083
63,0 days 00:39:14.079000,VET,5,0 days 00:01:38.092000,6.0,1.0,,,17.275,41.932,38.885,0 days 00:37:53.262000,0 days 00:38:35.194000,0 days 00:39:14.079000,285.0,312.0,215.0,318.0,False,MEDIUM,6.0,True,Ferrari,0 days 00:37:35.987000,2019-11-29 13:22:36.136,1,,False,,False,True,98.092,98.092
64,0 days 00:41:16.008000,VET,5,0 days 00:02:01.929000,7.0,1.0,,0 days 00:41:16.040000,20.326,54.111,47.492,0 days 00:39:34.405000,0 days 00:40:28.516000,0 days 00:41:16.008000,237.0,197.0,,228.0,False,MEDIUM,7.0,True,Ferrari,0 days 00:39:14.079000,2019-11-29 13:24:14.228,1,,False,,False,False,121.929,121.929
65,0 days 00:51:15.375000,VET,5,,8.0,2.0,0 days 00:49:13.770000,,,49.797,51.609,,0 days 00:50:23.870000,0 days 00:51:15.544000,230.0,264.0,228.0,262.0,False,SOFT,1.0,True,Ferrari,0 days 00:41:16.008000,2019-11-29 13:26:16.157,1,,False,,False,False,,
66,0 days 00:52:52.489000,VET,5,0 days 00:01:37.114000,9.0,2.0,,,17.088,41.536,38.49,0 days 00:51:32.463000,0 days 00:52:13.999000,0 days 00:52:52.489000,286.0,314.0,220.0,318.0,True,SOFT,2.0,True,Ferrari,0 days 00:51:15.375000,2019-11-29 13:36:15.524,1,,False,,False,True,97.114,97.114
67,0 days 00:55:12.874000,VET,5,0 days 00:02:20.385000,10.0,2.0,,,21.425,63.495,55.465,0 days 00:53:13.914000,0 days 00:54:17.409000,0 days 00:55:12.874000,220.0,157.0,226.0,180.0,False,SOFT,3.0,True,Ferrari,0 days 00:52:52.489000,2019-11-29 13:37:52.638,1,,False,,False,True,140.385,140.385
68,0 days 00:56:50.996000,VET,5,0 days 00:01:38.122000,11.0,2.0,,,17.241,41.952,38.929,0 days 00:55:30.115000,0 days 00:56:12.067000,0 days 00:56:50.996000,286.0,311.0,220.0,319.0,False,SOFT,4.0,True,Ferrari,0 days 00:55:12.874000,2019-11-29 13:40:13.023,1,,False,,False,True,98.122,98.122
69,0 days 00:58:48.904000,VET,5,0 days 00:01:57.908000,12.0,2.0,,0 days 00:58:48.967000,21.825,48.279,47.804,0 days 00:57:12.821000,0 days 00:58:01.100000,0 days 00:58:48.904000,197.0,224.0,,270.0,False,SOFT,5.0,True,Ferrari,0 days 00:56:50.996000,2019-11-29 13:41:51.145,1,,False,,False,False,117.908,117.908
70,0 days 01:01:44.043000,VET,5,,13.0,3.0,0 days 00:59:39.902000,0 days 01:01:44.044000,72.326,54.646,48.172,0 days 01:00:01.225000,0 days 01:00:55.929000,0 days 01:01:44.154000,250.0,248.0,,211.0,False,SOFT,6.0,False,Ferrari,0 days 00:58:48.904000,2019-11-29 13:43:49.053,1,,False,,False,False,,175.144
71,0 days 01:10:06.621000,VET,5,,14.0,4.0,0 days 01:08:09.985000,,,48.364,47.242,,0 days 01:09:19.390000,0 days 01:10:06.904000,240.0,262.0,227.0,271.0,False,SOFT,1.0,True,Ferrari,0 days 01:01:44.043000,2019-11-29 13:46:44.192,12,,False,,False,False,,
72,0 days 01:11:43.312000,VET,5,0 days 00:01:36.691000,15.0,4.0,,,17.059,41.368,38.264,0 days 01:10:23.680000,0 days 01:11:05.048000,0 days 01:11:43.312000,287.0,313.0,218.0,318.0,True,SOFT,2.0,True,Ferrari,0 days 01:10:06.621000,2019-11-29 13:55:06.770,1,,False,,False,True,96.691,96.691
73,0 days 01:13:46.112000,VET,5,0 days 00:02:02.800000,16.0,4.0,,0 days 01:13:45.053000,22.119,50.538,50.143,0 days 01:12:05.431000,0 days 01:12:55.969000,0 days 01:13:46.112000,207.0,219.0,,235.0,False,SOFT,3.0,True,Ferrari,0 days 01:11:43.312000,2019-11-29 13:56:43.461,1,,False,,False,False,122.8,122.8
74,0 days 01:22:42.539000,VET,5,,17.0,5.0,0 days 01:20:52.451000,0 days 01:22:41.582000,,45.76,45.661,,0 days 01:21:56.878000,0 days 01:22:42.653000,259.0,262.0,,285.0,False,SOFT,7.0,False,Ferrari,0 days 01:13:46.112000,2019-11-29 13:58:46.261,1,,False,,False,False,,
75,0 days 01:25:04.496000,VET,5,0 days 00:02:21.957000,18.0,6.0,0 days 01:23:13.550000,,49.053,44.508,48.396,0 days 01:23:31.592000,0 days 01:24:16.100000,0 days 01:25:04.496000,276.0,267.0,217.0,293.0,False,SOFT,8.0,False,Ferrari,0 days 01:22:42.539000,2019-11-29 14:07:42.688,12,,False,,False,False,141.957,141.957
76,0 days 01:33:13.650000,VET,5,,19.0,6.0,,0 days 01:26:59.353000,17.976,44.099,,0 days 01:25:22.514000,0 days 01:26:06.583000,,,286.0,,292.0,False,SOFT,9.0,False,Ferrari,0 days 01:25:04.496000,2019-11-29 14:10:04.645,15,,False,,False,False,,
77,0 days 01:35:07.312000,VET,5,,20.0,7.0,0 days 01:33:13.648000,,,43.507,45.928,,0 days 01:34:21.424000,0 days 01:35:08.093000,271.0,276.0,212.0,310.0,False,SOFT,10.0,False,Ferrari,0 days 01:33:13.648000,2019-11-29 14:18:13.797,1,,False,,False,False,,
78,0 days 01:36:50.748000,VET,5,0 days 00:01:43.436000,21.0,7.0,,,18.119,43.962,41.355,0 days 01:35:25.431000,0 days 01:36:09.393000,0 days 01:36:50.748000,278.0,294.0,216.0,297.0,False,SOFT,11.0,False,Ferrari,0 days 01:35:07.312000,2019-11-29 14:20:07.461,1,,False,,False,True,103.436,103.436
79,0 days 01:38:38.218000,VET,5,0 days 00:01:47.470000,22.0,7.0,,,19.664,45.26,42.546,0 days 01:37:10.412000,0 days 01:37:55.672000,0 days 01:38:38.218000,210.0,288.0,218.0,291.0,False,SOFT,12.0,False,Ferrari,0 days 01:36:50.748000,2019-11-29 14:21:50.897,1,,False,,False,True,107.47,107.47
80,0 days 01:40:21.475000,VET,5,0 days 00:01:43.257000,23.0,7.0,,,17.949,44.252,41.056,0 days 01:38:56.167000,0 days 01:39:40.419000,0 days 01:40:21.475000,278.0,289.0,215.0,292.0,False,SOFT,13.0,False,Ferrari,0 days 01:38:38.218000,2019-11-29 14:23:38.367,1,,False,,False,True,103.257,103.257
81,0 days 01:42:05.308000,VET,5,0 days 00:01:43.833000,24.0,7.0,,,18.024,44.381,41.428,0 days 01:40:39.499000,0 days 01:41:23.880000,0 days 01:42:05.308000,274.0,274.0,215.0,286.0,False,SOFT,14.0,False,Ferrari,0 days 01:40:21.475000,2019-11-29 14:25:21.624,1,,False,,False,True,103.833,103.833
82,0 days 01:43:49.425000,VET,5,0 days 00:01:44.117000,25.0,7.0,,,18.023,44.428,41.666,0 days 01:42:23.331000,0 days 01:43:07.759000,0 days 01:43:49.425000,278.0,291.0,215.0,297.0,False,SOFT,15.0,False,Ferrari,0 days 01:42:05.308000,2019-11-29 14:27:05.457,1,,False,,False,True,104.117,104.11699999999999
83,0 days 01:45:33.877000,VET,5,0 days 00:01:44.452000,26.0,7.0,,,18.059,44.492,41.901,0 days 01:44:07.484000,0 days 01:44:51.976000,0 days 01:45:33.877000,278.0,291.0,214.0,296.0,False,SOFT,16.0,False,Ferrari,0 days 01:43:49.425000,2019-11-29 14:28:49.574,1,,False,,False,True,104.452,104.452
84,0 days 01:47:54.802000,VET,5,0 days 00:02:20.925000,27.0,7.0,,,18.508,46.822,75.595,0 days 01:45:52.385000,0 days 01:46:39.207000,0 days 01:47:54.802000,278.0,170.0,84.0,296.0,False,SOFT,17.0,False,Ferrari,0 days 01:45:33.877000,2019-11-29 14:30:34.026,1,,False,,False,True,140.925,140.925
85,0 days 01:50:17.449000,VET,5,0 days 00:02:22.647000,28.0,7.0,,0 days 01:50:16.432000,49.599,48.891,44.157,0 days 01:48:44.401000,0 days 01:49:33.292000,0 days 01:50:17.449000,198.0,287.0,,278.0,False,SOFT,18.0,False,Ferrari,0 days 01:47:54.802000,2019-11-29 14:32:54.951,1,,False,,False,False,142.647,142.647
86,0 days 00:17:23.319000,RAI,7,,1.0,1.0,0 days 00:15:27.717000,,,47.42,48.218,,0 days 00:16:35.144000,0 days 00:17:23.490000,249.0,271.0,221.0,291.0,False,MEDIUM,1.0,True,Alfa Romeo Racing,0 days 00:15:27.717000,2019-11-29 13:00:27.866,1,,False,,False,False,,
87,0 days 00:19:03.309000,RAI,7,0 days 00:01:39.990000,2.0,1.0,,,17.69,42.34,39.96,0 days 00:17:41.009000,0 days 00:18:23.349000,0 days 00:19:03.309000,285.0,315.0,216.0,320.0,True,MEDIUM,2.0,True,Alfa Romeo Racing,0 days 00:17:23.319000,2019-11-29 13:02:23.468,1,,False,,False,True,99.99,99.99000000000001
88,0 days 00:21:16.770000,RAI,7,0 days 00:02:13.461000,3.0,1.0,,,27.802,53.861,51.798,0 days 00:19:31.111000,0 days 00:20:24.972000,0 days 00:21:16.770000,157.0,179.0,222.0,267.0,False,MEDIUM,3.0,True,Alfa Romeo Racing,0 days 00:19:03.309000,2019-11-29 13:04:03.458,1,,False,,False,True,133.461,133.461
89,0 days 00:22:56.311000,RAI,7,0 days 00:01:39.541000,4.0,1.0,,,17.548,42.221,39.772,0 days 00:21:34.318000,0 days 00:22:16.539000,0 days 00:22:56.311000,286.0,316.0,215.0,321.0,True,MEDIUM,4.0,True,Alfa Romeo Racing,0 days 00:21:16.770000,2019-11-29 13:06:16.919,1,,False,,False,True,99.541,99.541
90,0 days 00:25:10.238000,RAI,7,0 days 00:02:13.927000,5.0,1.0,,,23.992,57.549,52.386,0 days 00:23:20.303000,0 days 00:24:17.852000,0 days 00:25:10.238000,171.0,191.0,223.0,229.0,False,MEDIUM,5.0,True,Alfa Romeo Racing,0 days 00:22:56.311000,2019-11-29 13:07:56.460,1,,False,,False,True,133.927,133.927
91,0 days 00:26:50.261000,RAI,7,0 days 00:01:40.023000,6.0,1.0,,,17.522,42.391,40.11,0 days 00:25:27.760000,0 days 00:26:10.151000,0 days 00:26:50.261000,288.0,317.0,213.0,323.0,False,MEDIUM,6.0,True,Alfa Romeo Racing,0 days 00:25:10.238000,2019-11-29 13:10:10.387,1,,False,,False,True,100.023,100.023
92,0 days 00:29:08.068000,RAI,7,0 days 00:02:17.807000,7.0,1.0,,,24.427,56.956,56.424,0 days 00:27:14.688000,0 days 00:28:11.644000,0 days 00:29:08.068000,169.0,191.0,221.0,177.0,False,MEDIUM,7.0,True,Alfa Romeo Racing,0 days 00:26:50.261000,2019-11-29 13:11:50.410,1,,False,,False,True,137.807,137.80700000000002
93,0 days 00:30:48.146000,RAI,7,0 days 00:01:40.078000,8.0,1.0,,,17.602,42.273,40.203,0 days 00:29:25.670000,0 days 00:30:07.943000,0 days 00:30:48.146000,287.0,317.0,220.0,322.0,False,MEDIUM,8.0,True,Alfa Romeo Racing,0 days 00:29:08.068000,2019-11-29 13:14:08.217,1,,False,,False,True,100.078,100.078
94,0 days 00:32:57.225000,RAI,7,0 days 00:02:09.079000,9.0,1.0,,0 days 00:32:57.233000,24.405,53.17,51.504,0 days 00:31:12.551000,0 days 00:32:05.721000,0 days 00:32:57.225000,200.0,203.0,,248.0,False,MEDIUM,9.0,True,Alfa Romeo Racing,0 days 00:30:48.146000,2019-11-29 13:15:48.295,1,,False,,False,False,129.079,129.079
95,0 days 00:35:36.284000,RAI,7,,10.0,2.0,0 days 00:33:34.441000,,56.87,52.145,50.023,0 days 00:33:54.117000,0 days 00:34:46.261000,0 days 00:35:40.318000,236.0,134.0,225.0,219.0,False,MEDIUM,10.0,False,Alfa Romeo Racing,0 days 00:32:57.225000,2019-11-29 13:17:57.374,1,,False,,False,False,,159.038
96,0 days 00:37:15.888000,RAI,7,0 days 00:01:39.604000,11.0,2.0,,,17.461,42.274,39.869,0 days 00:35:53.745000,0 days 00:36:36.019000,0 days 00:37:15.888000,289.0,315.0,218.0,321.0,False,MEDIUM,11.0,False,Alfa Romeo Racing,0 days 00:35:36.284000,2019-11-29 13:20:36.433,1,,False,,False,True,99.604,99.604
97,0 days 00:39:09.682000,RAI,7,0 days 00:01:53.794000,12.0,2.0,,0 days 00:39:09.675000,20.128,46.502,47.164,0 days 00:37:36.016000,0 days 00:38:22.518000,0 days 00:39:09.682000,236.0,289.0,,291.0,False,MEDIUM,12.0,False,Alfa Romeo Racing,0 days 00:37:15.888000,2019-11-29 13:22:16.037,1,,False,,False,False,113.794,113.794
98,0 days 00:53:50.845000,RAI,7,,13.0,3.0,0 days 00:51:47.779000,,,47.371,55.532,,0 days 00:52:55.314000,0 days 00:53:50.976000,238.0,206.0,223.0,286.0,False,SOFT,1.0,True,Alfa Romeo Racing,0 days 00:39:09.682000,2019-11-29 13:24:09.831,1,,False,,False,False,,
99,0 days 00:55:29.260000,RAI,7,0 days 00:01:38.415000,14.0,3.0,,,17.372,41.69,39.353,0 days 00:54:08.217000,0 days 00:54:49.907000,0 days 00:55:29.260000,288.0,317.0,215.0,324.0,True,SOFT,2.0,True,Alfa Romeo Racing,0 days 00:53:50.845000,2019-11-29 13:38:50.994,1,,False,,False,True,98.415,98.41499999999999
100,0 days 00:57:47.347000,RAI,7,0 days 00:02:18.087000,15.0,3.0,,,28.305,56.313,53.469,0 days 00:55:57.565000,0 days 00:56:53.878000,0 days 00:57:47.347000,136.0,136.0,194.0,213.0,False,SOFT,3.0,True,Alfa Romeo Racing,0 days 00:55:29.260000,2019-11-29 13:40:29.409,1,,False,,False,True,138.087,138.087
101,0 days 00:59:52.024000,RAI,7,0 days 00:02:04.677000,16.0,3.0,,,23.065,50.46,51.152,0 days 00:58:10.412000,0 days 00:59:00.872000,0 days 00:59:52.024000,217.0,210.0,226.0,264.0,False,SOFT,4.0,True,Alfa Romeo Racing,0 days 00:57:47.347000,2019-11-29 13:42:47.496,1,,False,,False,True,124.677,124.677
102,0 days 01:01:30.978000,RAI,7,0 days 00:01:38.954000,17.0,3.0,,,17.396,41.887,39.671,0 days 01:00:09.420000,0 days 01:00:51.307000,0 days 01:01:30.978000,290.0,316.0,218.0,325.0,False,SOFT,5.0,True,Alfa Romeo Racing,0 days 00:59:52.024000,2019-11-29 13:44:52.173,1,,False,,False,True,98.954,98.95400000000001
103,0 days 01:03:57.714000,RAI,7,0 days 00:02:26.736000,18.0,3.0,,,25.591,62.467,58.678,0 days 01:01:56.569000,0 days 01:02:59.036000,0 days 01:03:57.714000,110.0,146.0,224.0,198.0,False,SOFT,6.0,True,Alfa Romeo Racing,0 days 01:01:30.978000,2019-11-29 13:46:31.127,12,,False,,False,True,146.736,146.736
104,0 days 01:05:36.791000,RAI,7,0 days 00:01:39.077000,19.0,3.0,,,17.528,42.055,39.494,0 days 01:04:15.242000,0 days 01:04:57.297000,0 days 01:05:36.791000,287.0,313.0,221.0,319.0,False,SOFT,7.0,True,Alfa Romeo Racing,0 days 01:03:57.714000,2019-11-29 13:48:57.863,1,,False,,False,True,99.077,99.077
105,0 days 01:07:30.115000,RAI,7,0 days 00:01:53.324000,20.0,3.0,,0 days 01:07:29.106000,18.782,47.915,46.627,0 days 01:05:55.573000,0 days 01:06:43.488000,0 days 01:07:30.115000,262.0,222.0,,271.0,False,SOFT,8.0,True,Alfa Romeo Racing,0 days 01:05:36.791000,2019-11-29 13:50:36.940,1,,False,,False,False,113.324,113.32400000000001
106,0 days 01:33:03.021000,RAI,7,,21.0,4.0,0 days 01:25:03.891000,0 days 01:27:02.382000,,44.786,,,0 days 01:26:07.713000,,275.0,291.0,,299.0,False,SOFT,9.0,False,Alfa Romeo Racing,0 days 01:07:30.115000,2019-11-29 13:52:30.264,125,,False,,False,False,,
107,0 days 01:34:47.548000,RAI,7,,22.0,5.0,0 days 01:33:03.021000,,,44.288,41.054,,0 days 01:34:06.687000,0 days 01:34:51.664000,272.0,281.0,215.0,301.0,False,SOFT,10.0,False,Alfa Romeo Racing,0 days 01:33:03.021000,2019-11-29 14:18:03.170,1,,False,,False,False,,
108,0 days 01:36:30.516000,RAI,7,0 days 00:01:42.968000,23.0,5.0,,,18.095,44.001,40.872,0 days 01:35:05.643000,0 days 01:35:49.644000,0 days 01:36:30.516000,274.0,286.0,214.0,291.0,False,SOFT,11.0,False,Alfa Romeo Racing,0 days 01:34:47.548000,2019-11-29 14:19:47.697,1,,False,,False,True,102.968,102.96799999999999
109,0 days 01:38:14.160000,RAI,7,0 days 00:01:43.644000,24.0,5.0,,,18.044,44.303,41.297,0 days 01:36:48.560000,0 days 01:37:32.863000,0 days 01:38:14.160000,278.0,290.0,213.0,295.0,False,SOFT,12.0,False,Alfa Romeo Racing,0 days 01:36:30.516000,2019-11-29 14:21:30.665,1,,False,,False,True,103.644,103.64399999999999
110,0 days 01:40:03.096000,RAI,7,0 days 00:01:48.936000,25.0,5.0,,,18.122,44.111,46.703,0 days 01:38:32.282000,0 days 01:39:16.393000,0 days 01:40:03.096000,279.0,274.0,217.0,312.0,False,SOFT,13.0,False,Alfa Romeo Racing,0 days 01:38:14.160000,2019-11-29 14:23:14.309,1,,False,,False,True,108.936,108.936
111,0 days 01:41:46.683000,RAI,7,0 days 00:01:43.587000,26.0,5.0,,,17.973,44.256,41.358,0 days 01:40:21.069000,0 days 01:41:05.325000,0 days 01:41:46.683000,279.0,290.0,214.0,303.0,False,SOFT,14.0,False,Alfa Romeo Racing,0 days 01:40:03.096000,2019-11-29 14:25:03.245,1,,False,,False,True,103.587,103.58699999999999
112,0 days 01:43:31.010000,RAI,7,0 days 00:01:44.327000,27.0,5.0,,,18.128,44.533,41.666,0 days 01:42:04.811000,0 days 01:42:49.344000,0 days 01:43:31.010000,275.0,289.0,215.0,293.0,False,SOFT,15.0,False,Alfa Romeo Racing,0 days 01:41:46.683000,2019-11-29 14:26:46.832,1,,False,,False,True,104.327,104.327
113,0 days 01:45:15.288000,RAI,7,0 days 00:01:44.278000,28.0,5.0,,,18.219,44.527,41.532,0 days 01:43:49.229000,0 days 01:44:33.756000,0 days 01:45:15.288000,272.0,299.0,213.0,288.0,False,SOFT,16.0,False,Alfa Romeo Racing,0 days 01:43:31.010000,2019-11-29 14:28:31.159,1,,False,,False,True,104.278,104.27799999999999
114,0 days 01:47:30.943000,RAI,7,0 days 00:02:15.655000,29.0,5.0,,,18.387,53.235,64.033,0 days 01:45:33.675000,0 days 01:46:26.910000,0 days 01:47:30.943000,274.0,193.0,62.0,241.0,False,SOFT,17.0,False,Alfa Romeo Racing,0 days 01:45:15.288000,2019-11-29 14:30:15.437,1,,False,,False,True,135.655,135.655
115,0 days 01:49:56.770000,RAI,7,0 days 00:02:25.827000,30.0,5.0,,0 days 01:49:55.649000,43.127,54.418,48.282,0 days 01:48:14.070000,0 days 01:49:08.488000,0 days 01:49:56.770000,285.0,198.0,,283.0,False,SOFT,18.0,False,Alfa Romeo Racing,0 days 01:47:30.943000,2019-11-29 14:32:31.092,1,,False,,False,False,145.827,145.827
116,0 days 00:18:04.070000,GRO,8,,1.0,1.0,0 days 00:16:10.472000,,,47.298,45.817,,0 days 00:17:18.279000,0 days 00:18:04.237000,248.0,269.0,222.0,290.0,False,HARD,1.0,True,Haas F1 Team,0 days 00:16:10.472000,2019-11-29 13:01:10.621,1,,False,,False,False,,
117,0 days 00:19:44.413000,GRO,8,0 days 00:01:40.343000,2.0,1.0,,,17.588,42.565,40.19,0 days 00:18:21.658000,0 days 00:19:04.223000,0 days 00:19:44.413000,286.0,311.0,216.0,319.0,True,HARD,2.0,True,Haas F1 Team,0 days 00:18:04.070000,2019-11-29 13:03:04.219,1,,False,,False,True,100.343,100.34299999999999
118,0 days 00:21:48.843000,GRO,8,0 days 00:02:04.430000,3.0,1.0,,,23.117,52.918,48.395,0 days 00:20:07.530000,0 days 00:21:00.448000,0 days 00:21:48.843000,117.0,215.0,223.0,205.0,False,HARD,3.0,True,Haas F1 Team,0 days 00:19:44.413000,2019-11-29 13:04:44.562,1,,False,,False,True,124.43,124.43
119,0 days 00:23:28.754000,GRO,8,0 days 00:01:39.911000,4.0,1.0,,,17.501,42.645,39.765,0 days 00:22:06.344000,0 days 00:22:48.989000,0 days 00:23:28.754000,285.0,308.0,220.0,315.0,True,HARD,4.0,True,Haas F1 Team,0 days 00:21:48.843000,2019-11-29 13:06:48.992,1,,False,,False,True,99.911,99.911
120,0 days 00:25:30.376000,GRO,8,0 days 00:02:01.622000,5.0,1.0,,,21.143,55.503,44.976,0 days 00:23:49.897000,0 days 00:24:45.400000,0 days 00:25:30.376000,209.0,248.0,224.0,214.0,False,HARD,5.0,True,Haas F1 Team,0 days 00:23:28.754000,2019-11-29 13:08:28.903,1,,False,,False,True,121.622,121.622
121,0 days 00:27:10.403000,GRO,8,0 days 00:01:40.027000,6.0,1.0,,,17.438,42.547,40.042,0 days 00:25:47.814000,0 days 00:26:30.361000,0 days 00:27:10.403000,287.0,308.0,219.0,323.0,False,HARD,6.0,True,Haas F1 Team,0 days 00:25:30.376000,2019-11-29 13:10:30.525,1,,False,,False,True,100.027,100.027
122,0 days 00:29:12.944000,GRO,8,0 days 00:02:02.541000,7.0,1.0,,0 days 00:29:11.888000,20.141,55.407,46.993,0 days 00:27:30.544000,0 days 00:28:25.951000,0 days 00:29:12.944000,246.0,218.0,,227.0,False,HARD,7.0,True,Haas F1 Team,0 days 00:27:10.403000,2019-11-29 13:12:10.552,1,,False,,False,False,122.541,122.541
123,0 days 00:49:51.325000,GRO,8,,8.0,2.0,0 days 00:47:48.403000,,,53.195,49.343,,0 days 00:49:01.982000,0 days 00:49:53.044000,230.0,191.0,226.0,217.0,False,SOFT,1.0,True,Haas F1 Team,0 days 00:29:12.944000,2019-11-29 13:14:13.093,1,,False,,False,False,,
124,0 days 00:51:28.926000,GRO,8,0 days 00:01:37.601000,9.0,2.0,,,17.277,41.601,38.723,0 days 00:50:08.602000,0 days 00:50:50.203000,0 days 00:51:28.926000,288.0,312.0,220.0,318.0,True,SOFT,2.0,True,Haas F1 Team,0 days 00:49:51.325000,2019-11-29 13:34:51.474,1,,False,,False,True,97.601,97.601
125,0 days 00:53:57.502000,GRO,8,0 days 00:02:28.576000,10.0,2.0,,,27.776,65.236,55.564,0 days 00:51:56.702000,0 days 00:53:01.938000,0 days 00:53:57.502000,131.0,152.0,224.0,159.0,False,SOFT,3.0,True,Haas F1 Team,0 days 00:51:28.926000,2019-11-29 13:36:29.075,1,,False,,False,True,148.576,148.576
126,0 days 00:55:47.253000,GRO,8,0 days 00:01:49.751000,11.0,2.0,,0 days 00:55:46.218000,17.318,41.693,50.74,0 days 00:54:14.820000,0 days 00:54:56.513000,0 days 00:55:47.253000,288.0,314.0,,322.0,False,SOFT,4.0,True,Haas F1 Team,0 days 00:53:57.502000,2019-11-29 13:38:57.651,1,,False,,False,False,109.751,109.751
127,0 days 01:16:39.236000,GRO,8,,12.0,3.0,0 days 01:14:50.687000,,,45.016,43.715,,0 days 01:15:55.557000,0 days 01:16:39.836000,267.0,273.0,212.0,303.0,False,SOFT,5.0,False,Haas F1 Team,0 days 00:55:47.253000,2019-11-29 13:40:47.402,12,,False,,False,False,,
128,0 days 01:18:24.008000,GRO,8,0 days 00:01:44.772000,13.0,3.0,,,18.726,44.302,41.744,0 days 01:16:57.962000,0 days 01:17:42.264000,0 days 01:18:24.008000,273.0,290.0,213.0,296.0,False,SOFT,6.0,False,Haas F1 Team,0 days 01:16:39.236000,2019-11-29 14:01:39.385,1,,False,,False,True,104.772,104.77199999999999
129,0 days 01:20:08.040000,GRO,8,0 days 00:01:44.032000,14.0,3.0,,,18.57,44.202,41.26,0 days 01:18:42.578000,0 days 01:19:26.780000,0 days 01:20:08.040000,273.0,288.0,211.0,296.0,False,SOFT,7.0,False,Haas F1 Team,0 days 01:18:24.008000,2019-11-29 14:03:24.157,1,,False,,False,True,104.032,104.032
130,0 days 01:21:52.639000,GRO,8,0 days 00:01:44.599000,15.0,3.0,,,18.477,44.554,41.568,0 days 01:20:26.517000,0 days 01:21:11.071000,0 days 01:21:52.639000,273.0,286.0,213.0,295.0,False,SOFT,8.0,False,Haas F1 Team,0 days 01:20:08.040000,2019-11-29 14:05:08.189,1,,False,,False,True,104.599,104.599
131,0 days 01:23:37.764000,GRO,8,0 days 00:01:45.125000,16.0,3.0,,,18.42,44.722,41.983,0 days 01:22:11.059000,0 days 01:22:55.781000,0 days 01:23:37.764000,274.0,284.0,212.0,295.0,False,SOFT,9.0,False,Haas F1 Team,0 days 01:21:52.639000,2019-11-29 14:06:52.788,1,,False,,False,True,105.125,105.125
132,0 days 01:25:53.568000,GRO,8,0 days 00:02:15.804000,17.0,3.0,,0 days 01:25:52.519000,18.661,44.77,72.373,0 days 01:23:56.425000,0 days 01:24:41.195000,0 days 01:25:53.568000,275.0,281.0,,295.0,False,SOFT,10.0,False,Haas F1 Team,0 days 01:23:37.764000,2019-11-29 14:08:37.913,12,,False,,False,False,135.804,135.804
133,0 days 00:20:53.400000,GAS,10,,1.0,1.0,0 days 00:18:54.859000,,,50.032,46.961,,0 days 00:20:06.462000,0 days 00:20:53.508000,247.0,271.0,224.0,272.0,False,HARD,1.0,True,Toro Rosso,0 days 00:18:54.859000,2019-11-29 13:03:55.008,1,,False,,False,False,,
134,0 days 00:22:33.272000,GAS,10,0 days 00:01:39.872000,2.0,1.0,,,17.577,42.562,39.733,0 days 00:21:10.977000,0 days 00:21:53.539000,0 days 00:22:33.272000,284.0,316.0,220.0,320.0,True,HARD,2.0,True,Toro Rosso,0 days 00:20:53.400000,2019-11-29 13:05:53.549,1,,False,,False,True,99.872,99.87199999999999
135,0 days 00:24:51.636000,GAS,10,0 days 00:02:18.364000,3.0,1.0,,,28.982,57.781,51.601,0 days 00:23:02.254000,0 days 00:24:00.035000,0 days 00:24:51.636000,199.0,252.0,225.0,270.0,False,HARD,3.0,True,Toro Rosso,0 days 00:22:33.272000,2019-11-29 13:07:33.421,1,,False,,False,True,138.364,138.364
136,0 days 00:26:57.725000,GAS,10,0 days 00:02:06.089000,4.0,1.0,,,17.752,50.978,57.359,0 days 00:25:09.388000,0 days 00:26:00.366000,0 days 00:26:57.725000,285.0,156.0,192.0,321.0,False,HARD,4.0,True,Toro Rosso,0 days 00:24:51.636000,2019-11-29 13:09:51.785,1,,False,,False,True,126.089,126.089
137,0 days 00:29:13.205000,GAS,10,0 days 00:02:15.480000,5.0,1.0,,,21.886,53.708,59.886,0 days 00:27:19.611000,0 days 00:28:13.319000,0 days 00:29:13.205000,229.0,264.0,223.0,270.0,False,HARD,5.0,True,Toro Rosso,0 days 00:26:57.725000,2019-11-29 13:11:57.874,1,,False,,False,True,135.48,135.48
138,0 days 00:30:53.673000,GAS,10,0 days 00:01:40.468000,6.0,1.0,,,17.932,42.504,40.032,0 days 00:29:31.137000,0 days 00:30:13.641000,0 days 00:30:53.673000,285.0,319.0,219.0,324.0,False,HARD,6.0,True,Toro Rosso,0 days 00:29:13.205000,2019-11-29 13:14:13.354,1,,False,,False,True,100.468,100.46799999999999
139,0 days 00:33:04.019000,GAS,10,0 days 00:02:10.346000,7.0,1.0,,,23.986,54.986,51.374,0 days 00:31:17.659000,0 days 00:32:12.645000,0 days 00:33:04.019000,230.0,273.0,224.0,275.0,False,HARD,7.0,True,Toro Rosso,0 days 00:30:53.673000,2019-11-29 13:15:53.822,1,,False,,False,True,130.346,130.346
140,0 days 00:34:43.563000,GAS,10,0 days 00:01:39.544000,8.0,1.0,,,17.561,42.365,39.618,0 days 00:33:21.580000,0 days 00:34:03.945000,0 days 00:34:43.563000,287.0,316.0,221.0,322.0,True,HARD,8.0,True,Toro Rosso,0 days 00:33:04.019000,2019-11-29 13:18:04.168,1,,False,,False,True,99.544,99.54400000000001
141,0 days 00:36:48.010000,GAS,10,0 days 00:02:04.447000,9.0,1.0,,0 days 00:36:46.990000,21.33,52.272,50.845,0 days 00:35:04.893000,0 days 00:35:57.165000,0 days 00:36:48.010000,243.0,261.0,,215.0,False,HARD,9.0,True,Toro Rosso,0 days 00:34:43.563000,2019-11-29 13:19:43.712,1,,False,,False,False,124.447,124.447
142,0 days 00:50:08.406000,GAS,10,,10.0,2.0,0 days 00:48:01.516000,,,51.88,49.648,,0 days 00:49:18.764000,0 days 00:50:08.508000,242.0,263.0,226.0,273.0,False,SOFT,1.0,True,Toro Rosso,0 days 00:36:48.010000,2019-11-29 13:21:48.159,1,,False,,False,False,,
143,0 days 00:51:46.176000,GAS,10,0 days 00:01:37.770000,11.0,2.0,,,17.4,41.567,38.803,0 days 00:50:25.806000,0 days 00:51:07.373000,0 days 00:51:46.176000,286.0,318.0,221.0,323.0,True,SOFT,2.0,True,Toro Rosso,0 days 00:50:08.406000,2019-11-29 13:35:08.555,1,,False,,False,True,97.77,97.77
144,0 days 00:54:10.650000,GAS,10,0 days 00:02:24.474000,12.0,2.0,,,27.29,59.003,58.181,0 days 00:52:13.466000,0 days 00:53:12.469000,0 days 00:54:10.650000,187.0,252.0,225.0,254.0,False,SOFT,3.0,True,Toro Rosso,0 days 00:51:46.176000,2019-11-29 13:36:46.325,1,,False,,False,True,144.474,144.474
145,0 days 00:55:48.763000,GAS,10,0 days 00:01:38.113000,13.0,2.0,,,17.456,41.676,38.981,0 days 00:54:28.106000,0 days 00:55:09.782000,0 days 00:55:48.763000,285.0,317.0,218.0,323.0,False,SOFT,4.0,True,Toro Rosso,0 days 00:54:10.650000,2019-11-29 13:39:10.799,1,,False,,False,True,98.113,98.113
146,0 days 00:57:55.326000,GAS,10,0 days 00:02:06.563000,14.0,2.0,,0 days 00:57:54.277000,22.554,51.954,52.055,0 days 00:56:11.317000,0 days 00:57:03.271000,0 days 00:57:55.326000,230.0,229.0,,253.0,False,SOFT,5.0,True,Toro Rosso,0 days 00:55:48.763000,2019-11-29 13:40:48.912,1,,False,,False,False,126.563,126.56299999999999
147,0 days 01:05:51.248000,GAS,10,,15.0,3.0,0 days 01:04:00.736000,,,46.142,44.085,,0 days 01:05:07.170000,0 days 01:05:55.585000,262.0,281.0,218.0,300.0,False,SOFT,6.0,False,Toro Rosso,0 days 00:57:55.326000,2019-11-29 13:42:55.475,12,,False,,False,False,,
148,0 days 01:07:34.460000,GAS,10,0 days 00:01:43.212000,16.0,3.0,,,18.135,43.972,41.105,0 days 01:06:09.383000,0 days 01:06:53.355000,0 days 01:07:34.460000,274.0,285.0,218.0,291.0,False,SOFT,7.0,False,Toro Rosso,0 days 01:05:51.248000,2019-11-29 13:50:51.397,1,,False,,False,True,103.212,103.21199999999999
149,0 days 01:09:17.916000,GAS,10,0 days 00:01:43.456000,17.0,3.0,,,18.16,44.137,41.159,0 days 01:07:52.620000,0 days 01:08:36.757000,0 days 01:09:17.916000,269.0,284.0,217.0,287.0,False,SOFT,8.0,False,Toro Rosso,0 days 01:07:34.460000,2019-11-29 13:52:34.609,1,,False,,False,True,103.456,103.45599999999999
150,0 days 01:11:01.077000,GAS,10,0 days 00:01:43.161000,18.0,3.0,,,18.005,44.025,41.131,0 days 01:09:35.921000,0 days 01:10:19.946000,0 days 01:11:01.077000,272.0,287.0,215.0,290.0,False,SOFT,9.0,False,Toro Rosso,0 days 01:09:17.916000,2019-11-29 13:54:18.065,1,,False,,False,True,103.161,103.161
151,0 days 01:12:44.404000,GAS,10,0 days 00:01:43.327000,19.0,3.0,,,18.032,44.124,41.171,0 days 01:11:19.109000,0 days 01:12:03.233000,0 days 01:12:44.404000,272.0,286.0,216.0,293.0,False,SOFT,10.0,False,Toro Rosso,0 days 01:11:01.077000,2019-11-29 13:56:01.226,1,,False,,False,True,103.327,103.327
152,0 days 01:14:30.495000,GAS,10,0 days 00:01:46.091000,20.0,3.0,,0 days 01:14:30.513000,18.019,44.6,43.472,0 days 01:13:02.423000,0 days 01:13:47.023000,0 days 01:14:30.495000,272.0,286.0,,293.0,False,SOFT,11.0,False,Toro Rosso,0 days 01:12:44.404000,2019-11-29 13:57:44.553,1,,False,,False,False,106.091,106.09100000000001
153,0 days 01:16:43.338000,GAS,10,0 days 00:02:12.843000,21.0,4.0,0 days 01:14:52.405000,,40.625,48.41,43.808,0 days 01:15:11.120000,0 days 01:15:59.530000,0 days 01:16:43.338000,257.0,275.0,216.0,287.0,False,HARD,10.0,False,Toro Rosso,0 days 01:14:30.495000,2019-11-29 13:59:30.644,1,,False,,False,False,132.843,132.843
154,0 days 01:18:27.373000,GAS,10,0 days 00:01:44.035000,22.0,4.0,,,18.179,44.239,41.617,0 days 01:17:01.517000,0 days 01:17:45.756000,0 days 01:18:27.373000,279.0,291.0,216.0,292.0,False,HARD,11.0,False,Toro Rosso,0 days 01:16:43.338000,2019-11-29 14:01:43.487,1,,False,,False,True,104.035,104.035
155,0 days 01:20:15.390000,GAS,10,0 days 00:01:48.017000,23.0,4.0,,,18.192,44.168,45.657,0 days 01:18:45.565000,0 days 01:19:29.733000,0 days 01:20:15.390000,276.0,289.0,217.0,293.0,False,HARD,12.0,False,Toro Rosso,0 days 01:18:27.373000,2019-11-29 14:03:27.522,1,,False,,False,True,108.017,108.017
156,0 days 01:21:59.627000,GAS,10,0 days 00:01:44.237000,24.0,4.0,,,18.098,44.398,41.741,0 days 01:20:33.488000,0 days 01:21:17.886000,0 days 01:21:59.627000,277.0,288.0,215.0,298.0,False,HARD,13.0,False,Toro Rosso,0 days 01:20:15.390000,2019-11-29 14:05:15.539,1,,False,,False,True,104.237,104.237
157,0 days 01:23:43.452000,GAS,10,0 days 00:01:43.825000,25.0,4.0,,,18.102,44.107,41.616,0 days 01:22:17.729000,0 days 01:23:01.836000,0 days 01:23:43.452000,276.0,283.0,215.0,295.0,False,HARD,14.0,False,Toro Rosso,0 days 01:21:59.627000,2019-11-29 14:06:59.776,1,,False,,False,True,103.825,103.825
158,0 days 01:25:30.591000,GAS,10,0 days 00:01:47.139000,26.0,4.0,,,18.069,44.109,44.961,0 days 01:24:01.521000,0 days 01:24:45.630000,0 days 01:25:30.591000,279.0,290.0,216.0,297.0,False,HARD,15.0,False,Toro Rosso,0 days 01:23:43.452000,2019-11-29 14:08:43.601,12,,False,,False,True,107.139,107.139
159,0 days 01:33:12.230000,GAS,10,,27.0,4.0,,0 days 01:27:33.869000,18.149,,,0 days 01:25:48.753000,,,276.0,,,292.0,False,HARD,16.0,False,Toro Rosso,0 days 01:25:30.591000,2019-11-29 14:10:30.740,15,,False,,False,False,,
160,0 days 01:35:05.190000,GAS,10,,28.0,5.0,0 days 01:33:12.230000,,,43.7,44.194,,0 days 01:34:21.014000,0 days 01:35:05.334000,275.0,315.0,218.0,321.0,False,HARD,17.0,False,Toro Rosso,0 days 01:33:12.230000,2019-11-29 14:18:12.379,1,,False,,False,False,,
161,0 days 01:36:49.241000,GAS,10,0 days 00:01:44.051000,29.0,5.0,,,18.25,44.316,41.485,0 days 01:35:23.440000,0 days 01:36:07.756000,0 days 01:36:49.241000,283.0,291.0,216.0,295.0,False,HARD,18.0,False,Toro Rosso,0 days 01:35:05.190000,2019-11-29 14:20:05.339,1,,False,,False,True,104.051,104.051
162,0 days 01:38:32.732000,GAS,10,0 days 00:01:43.491000,30.0,5.0,,,18.034,44.021,41.436,0 days 01:37:07.275000,0 days 01:37:51.296000,0 days 01:38:32.732000,281.0,289.0,216.0,295.0,False,HARD,19.0,False,Toro Rosso,0 days 01:36:49.241000,2019-11-29 14:21:49.390,1,,False,,False,True,103.491,103.491
163,0 days 01:40:16.358000,GAS,10,0 days 00:01:43.626000,31.0,5.0,,,18.039,43.871,41.716,0 days 01:38:50.771000,0 days 01:39:34.642000,0 days 01:40:16.358000,279.0,297.0,216.0,298.0,False,HARD,20.0,False,Toro Rosso,0 days 01:38:32.732000,2019-11-29 14:23:32.881,1,,False,,False,True,103.626,103.626
164,0 days 01:42:03.647000,GAS,10,0 days 00:01:47.289000,32.0,5.0,,,17.979,44.002,45.308,0 days 01:40:34.337000,0 days 01:41:18.339000,0 days 01:42:03.647000,281.0,295.0,218.0,299.0,False,HARD,21.0,False,Toro Rosso,0 days 01:40:16.358000,2019-11-29 14:25:16.507,1,,False,,False,True,107.289,107.289
165,0 days 01:43:46.804000,GAS,10,0 days 00:01:43.157000,33.0,5.0,,,17.921,43.956,41.28,0 days 01:42:21.568000,0 days 01:43:05.524000,0 days 01:43:46.804000,277.0,290.0,216.0,293.0,False,HARD,22.0,False,Toro Rosso,0 days 01:42:03.647000,2019-11-29 14:27:03.796,1,,False,,False,True,103.157,103.15700000000001
166,0 days 01:45:29.982000,GAS,10,0 days 00:01:43.178000,34.0,5.0,,,17.943,43.962,41.273,0 days 01:44:04.747000,0 days 01:44:48.709000,0 days 01:45:29.982000,277.0,289.0,215.0,295.0,False,HARD,23.0,False,Toro Rosso,0 days 01:43:46.804000,2019-11-29 14:28:46.953,1,,False,,False,True,103.178,103.178
167,0 days 01:47:44.316000,GAS,10,0 days 00:02:14.334000,35.0,5.0,,,18.066,46.668,69.6,0 days 01:45:48.048000,0 days 01:46:34.716000,0 days 01:47:44.316000,275.0,235.0,33.0,254.0,False,HARD,24.0,False,Toro Rosso,0 days 01:45:29.982000,2019-11-29 14:30:30.131,1,,False,,False,True,134.334,134.334
168,0 days 01:50:09.273000,GAS,10,0 days 00:02:24.957000,36.0,5.0,,0 days 01:50:08.123000,40.398,44.474,60.085,0 days 01:48:24.714000,0 days 01:49:09.188000,0 days 01:50:09.273000,278.0,257.0,,299.0,False,HARD,25.0,False,Toro Rosso,0 days 01:47:44.316000,2019-11-29 14:32:44.465,1,,False,,False,False,144.957,144.957
169,0 days 00:22:07.333000,PER,11,,1.0,1.0,0 days 00:20:04.799000,,,47.916,52.546,,0 days 00:21:14.809000,0 days 00:22:07.452000,232.0,297.0,220.0,304.0,False,MEDIUM,1.0,True,Racing Point,0 days 00:20:04.799000,2019-11-29 13:05:04.948,1,,False,,False,False,,
170,0 days 00:23:46.203000,PER,11,0 days 00:01:38.870000,2.0,1.0,,,17.463,42.062,39.345,0 days 00:22:24.796000,0 days 00:23:06.858000,0 days 00:23:46.203000,288.0,317.0,221.0,324.0,True,MEDIUM,2.0,True,Racing Point,0 days 00:22:07.333000,2019-11-29 13:07:07.482,1,,False,,False,True,98.87,98.87
171,0 days 00:26:10.574000,PER,11,0 days 00:02:24.371000,3.0,1.0,,,24.951,65.314,54.106,0 days 00:24:11.154000,0 days 00:25:16.468000,0 days 00:26:10.574000,168.0,200.0,220.0,170.0,False,MEDIUM,3.0,True,Racing Point,0 days 00:23:46.203000,2019-11-29 13:08:46.352,1,,False,,False,True,144.371,144.37099999999998
172,0 days 00:27:49.430000,PER,11,0 days 00:01:38.856000,4.0,1.0,,,17.472,42.257,39.127,0 days 00:26:28.046000,0 days 00:27:10.303000,0 days 00:27:49.430000,287.0,316.0,220.0,326.0,True,MEDIUM,4.0,True,Racing Point,0 days 00:26:10.574000,2019-11-29 13:11:10.723,1,,False,,False,True,98.856,98.856
173,0 days 00:29:57.194000,PER,11,0 days 00:02:07.764000,5.0,1.0,,,22.388,52.063,53.313,0 days 00:28:11.818000,0 days 00:29:03.881000,0 days 00:29:57.194000,191.0,240.0,220.0,252.0,False,MEDIUM,5.0,True,Racing Point,0 days 00:27:49.430000,2019-11-29 13:12:49.579,1,,False,,False,True,127.764,127.76400000000001
174,0 days 00:31:36.405000,PER,11,0 days 00:01:39.211000,6.0,1.0,,,17.456,42.213,39.542,0 days 00:30:14.650000,0 days 00:30:56.863000,0 days 00:31:36.405000,287.0,318.0,218.0,324.0,False,MEDIUM,6.0,True,Racing Point,0 days 00:29:57.194000,2019-11-29 13:14:57.343,1,,False,,False,True,99.211,99.211
175,0 days 00:33:42.485000,PER,11,0 days 00:02:06.080000,7.0,1.0,,0 days 00:33:41.457000,22.528,55.044,48.508,0 days 00:31:58.933000,0 days 00:32:53.977000,0 days 00:33:42.485000,167.0,220.0,,237.0,False,MEDIUM,7.0,True,Racing Point,0 days 00:31:36.405000,2019-11-29 13:16:36.554,1,,False,,False,False,126.08,126.08000000000001
176,0 days 00:50:51.249000,PER,11,,8.0,2.0,0 days 00:48:34.756000,,,52.055,60.642,,0 days 00:49:50.614000,0 days 00:50:51.402000,189.0,278.0,222.0,290.0,False,SOFT,1.0,True,Racing Point,0 days 00:33:42.485000,2019-11-29 13:18:42.634,1,,False,,False,False,,
177,0 days 00:52:28.886000,PER,11,0 days 00:01:37.637000,9.0,2.0,,,17.233,41.693,38.711,0 days 00:51:08.482000,0 days 00:51:50.175000,0 days 00:52:28.886000,289.0,318.0,223.0,325.0,True,SOFT,2.0,True,Racing Point,0 days 00:50:51.249000,2019-11-29 13:35:51.398,1,,False,,False,True,97.637,97.637
178,0 days 00:54:36.298000,PER,11,0 days 00:02:07.412000,10.0,2.0,,,22.819,53.425,51.168,0 days 00:52:51.705000,0 days 00:53:45.130000,0 days 00:54:36.298000,185.0,219.0,193.0,250.0,False,SOFT,3.0,True,Racing Point,0 days 00:52:28.886000,2019-11-29 13:37:29.035,1,,False,,False,True,127.412,127.412
179,0 days 00:56:49.235000,PER,11,0 days 00:02:12.937000,11.0,2.0,,,24.698,50.8,57.439,0 days 00:55:00.996000,0 days 00:55:51.796000,0 days 00:56:49.235000,230.0,272.0,218.0,173.0,False,SOFT,4.0,True,Racing Point,0 days 00:54:36.298000,2019-11-29 13:39:36.447,1,,False,,False,True,132.937,132.93699999999998
180,0 days 00:58:35.405000,PER,11,0 days 00:01:46.170000,12.0,2.0,,0 days 00:58:34.697000,17.485,41.895,46.79,0 days 00:57:06.720000,0 days 00:57:48.615000,0 days 00:58:35.405000,288.0,252.0,,322.0,False,SOFT,5.0,True,Racing Point,0 days 00:56:49.235000,2019-11-29 13:41:49.384,1,,False,,False,False,106.17,106.17
181,0 days 01:10:30.164000,PER,11,,13.0,3.0,0 days 01:08:31.763000,,,49.968,47.611,,0 days 01:09:42.634000,0 days 01:10:30.307000,232.0,254.0,216.0,280.0,False,SOFT,6.0,False,Racing Point,0 days 00:58:35.405000,2019-11-29 13:43:35.554,12,,False,,False,False,,
182,0 days 01:12:13.558000,PER,11,0 days 00:01:43.394000,14.0,3.0,,,18.252,43.721,41.421,0 days 01:10:48.416000,0 days 01:11:32.137000,0 days 01:12:13.558000,281.0,290.0,214.0,301.0,False,SOFT,7.0,False,Racing Point,0 days 01:10:30.164000,2019-11-29 13:55:30.313,1,,False,,False,True,103.394,103.394
183,0 days 01:13:57.085000,PER,11,0 days 00:01:43.527000,15.0,3.0,,,18.23,43.802,41.495,0 days 01:12:31.788000,0 days 01:13:15.590000,0 days 01:13:57.085000,273.0,284.0,217.0,308.0,False,SOFT,8.0,False,Racing Point,0 days 01:12:13.558000,2019-11-29 13:57:13.707,1,,False,,False,True,103.527,103.52699999999999
184,0 days 01:15:41.053000,PER,11,0 days 00:01:43.968000,16.0,3.0,,,18.207,44.473,41.288,0 days 01:14:15.292000,0 days 01:14:59.765000,0 days 01:15:41.053000,272.0,283.0,211.0,288.0,False,SOFT,9.0,False,Racing Point,0 days 01:13:57.085000,2019-11-29 13:58:57.234,1,,False,,False,True,103.968,103.96799999999999
185,0 days 01:17:25.536000,PER,11,0 days 00:01:44.483000,17.0,3.0,,,18.269,44.353,41.861,0 days 01:15:59.322000,0 days 01:16:43.675000,0 days 01:17:25.536000,275.0,290.0,214.0,298.0,False,SOFT,10.0,False,Racing Point,0 days 01:15:41.053000,2019-11-29 14:00:41.202,1,,False,,False,True,104.483,104.483
186,0 days 01:19:10.442000,PER,11,0 days 00:01:44.906000,18.0,3.0,,,18.39,44.566,41.95,0 days 01:17:43.926000,0 days 01:18:28.492000,0 days 01:19:10.442000,276.0,289.0,213.0,297.0,False,SOFT,11.0,False,Racing Point,0 days 01:17:25.536000,2019-11-29 14:02:25.685,1,,False,,False,True,104.906,104.906
187,0 days 01:20:55.833000,PER,11,0 days 00:01:45.391000,19.0,3.0,,,18.375,44.767,42.249,0 days 01:19:28.817000,0 days 01:20:13.584000,0 days 01:20:55.833000,275.0,278.0,211.0,294.0,False,SOFT,12.0,False,Racing Point,0 days 01:19:10.442000,2019-11-29 14:04:10.591,1,,False,,False,True,105.391,105.391
188,0 days 01:22:41.558000,PER,11,0 days 00:01:45.725000,20.0,3.0,,,18.527,44.819,42.379,0 days 01:21:14.360000,0 days 01:21:59.179000,0 days 01:22:41.558000,275.0,288.0,213.0,297.0,False,SOFT,13.0,False,Racing Point,0 days 01:20:55.833000,2019-11-29 14:05:55.982,1,,False,,False,True,105.725,105.725
189,0 days 01:24:26.780000,PER,11,0 days 00:01:45.222000,21.0,3.0,,,18.383,44.79,42.049,0 days 01:22:59.941000,0 days 01:23:44.731000,0 days 01:24:26.780000,276.0,286.0,215.0,293.0,False,SOFT,14.0,False,Racing Point,0 days 01:22:41.558000,2019-11-29 14:07:41.707,1,,False,,False,True,105.222,105.22200000000001
190,0 days 01:26:11.925000,PER,11,0 days 00:01:45.145000,22.0,3.0,,,18.439,44.777,41.929,0 days 01:24:45.219000,0 days 01:25:29.996000,0 days 01:26:11.925000,276.0,288.0,212.0,294.0,False,SOFT,15.0,False,Racing Point,0 days 01:24:26.780000,2019-11-29 14:09:26.929,12,,False,,False,True,105.145,105.14500000000001
191,0 days 01:34:11.786000,PER,11,,23.0,3.0,,0 days 01:28:33.391000,,,,,,,,,,,False,SOFT,16.0,False,Racing Point,0 days 01:26:11.925000,2019-11-29 14:11:12.074,15,,False,,False,False,,
192,0 days 01:36:19.942000,PER,11,,24.0,4.0,0 days 01:34:11.776000,,,53.051,54.927,,0 days 01:35:25.016000,0 days 01:36:20.044000,229.0,243.0,214.0,254.0,False,MEDIUM,8.0,False,Racing Point,0 days 01:34:11.776000,2019-11-29 14:19:11.925,1,,False,,False,False,,
193,0 days 01:38:03.644000,PER,11,0 days 00:01:43.702000,25.0,4.0,,,18.462,44.168,41.072,0 days 01:36:38.404000,0 days 01:37:22.572000,0 days 01:38:03.644000,276.0,282.0,214.0,294.0,False,MEDIUM,9.0,False,Racing Point,0 days 01:36:19.942000,2019-11-29 14:21:20.091,1,,False,,False,True,103.702,103.702
194,0 days 01:39:47.241000,PER,11,0 days 00:01:43.597000,26.0,4.0,,,18.276,44.024,41.297,0 days 01:38:21.920000,0 days 01:39:05.944000,0 days 01:39:47.241000,274.0,284.0,212.0,292.0,False,MEDIUM,10.0,False,Racing Point,0 days 01:38:03.644000,2019-11-29 14:23:03.793,1,,False,,False,True,103.597,103.597
195,0 days 01:41:30.631000,PER,11,0 days 00:01:43.390000,27.0,4.0,,,18.177,44.171,41.042,0 days 01:40:05.418000,0 days 01:40:49.589000,0 days 01:41:30.631000,277.0,288.0,211.0,293.0,False,MEDIUM,11.0,False,Racing Point,0 days 01:39:47.241000,2019-11-29 14:24:47.390,1,,False,,False,True,103.39,103.39
196,0 days 01:43:13.996000,PER,11,0 days 00:01:43.365000,28.0,4.0,,,18.129,44.062,41.174,0 days 01:41:48.760000,0 days 01:42:32.822000,0 days 01:43:13.996000,278.0,294.0,214.0,297.0,False,MEDIUM,12.0,False,Racing Point,0 days 01:41:30.631000,2019-11-29 14:26:30.780,1,,False,,False,True,103.365,103.36500000000001
197,0 days 01:44:57.307000,PER,11,0 days 00:01:43.311000,29.0,4.0,,,17.943,44.103,41.265,0 days 01:43:31.939000,0 days 01:44:16.042000,0 days 01:44:57.307000,281.0,293.0,214.0,297.0,False,MEDIUM,13.0,False,Racing Point,0 days 01:43:13.996000,2019-11-29 14:28:14.145,1,,False,,False,True,103.311,103.311
198,0 days 01:46:40.469000,PER,11,0 days 00:01:43.162000,30.0,4.0,,,17.973,44.208,40.981,0 days 01:45:15.280000,0 days 01:45:59.488000,0 days 01:46:40.469000,286.0,293.0,214.0,299.0,False,MEDIUM,14.0,False,Racing Point,0 days 01:44:57.307000,2019-11-29 14:29:57.456,1,,False,,False,True,103.162,103.162
199,0 days 01:48:59.124000,PER,11,0 days 00:02:18.655000,31.0,4.0,,,22.827,49.366,66.462,0 days 01:47:03.296000,0 days 01:47:52.662000,0 days 01:48:59.124000,173.0,208.0,57.0,242.0,False,MEDIUM,15.0,False,Racing Point,0 days 01:46:40.469000,2019-11-29 14:31:40.618,1,,False,,False,True,138.655,138.655
200,0 days 01:51:21.645000,PER,11,0 days 00:02:22.521000,32.0,4.0,,0 days 01:51:20.640000,44.153,49.621,48.747,0 days 01:49:43.277000,0 days 01:50:32.898000,0 days 01:51:21.645000,222.0,252.0,,206.0,False,MEDIUM,16.0,False,Racing Point,0 days 01:48:59.124000,2019-11-29 14:33:59.273,1,,False,,False,False,142.521,142.52100000000002
201,0 days 00:18:53.058000,LEC,16,,1.0,1.0,0 days 00:16:56.505000,,,49.943,43.99,,0 days 00:18:09.139000,0 days 00:18:53.236000,243.0,289.0,226.0,286.0,False,HARD,1.0,True,Ferrari,0 days 00:16:56.505000,2019-11-29 13:01:56.654,1,,False,,False,False,,
202,0 days 00:20:32.747000,LEC,16,0 days 00:01:39.689000,2.0,1.0,,,17.366,43.043,39.28,0 days 00:19:10.424000,0 days 00:19:53.467000,0 days 00:20:32.747000,283.0,310.0,222.0,318.0,True,HARD,2.0,True,Ferrari,0 days 00:18:53.058000,2019-11-29 13:03:53.207,1,,False,,False,True,99.689,99.689
203,0 days 00:22:51.295000,LEC,16,0 days 00:02:18.548000,3.0,1.0,,,24.399,61.692,52.457,0 days 00:20:57.146000,0 days 00:21:58.838000,0 days 00:22:51.295000,128.0,252.0,228.0,260.0,False,HARD,3.0,True,Ferrari,0 days 00:20:32.747000,2019-11-29 13:05:32.896,1,,False,,False,True,138.548,138.548
204,0 days 00:24:29.292000,LEC,16,0 days 00:01:37.997000,4.0,1.0,,,17.228,41.771,38.998,0 days 00:23:08.523000,0 days 00:23:50.294000,0 days 00:24:29.292000,287.0,316.0,221.0,321.0,True,HARD,4.0,True,Ferrari,0 days 00:22:51.295000,2019-11-29 13:07:51.444,1,,False,,False,True,97.997,97.997
205,0 days 00:26:48.199000,LEC,16,0 days 00:02:18.907000,5.0,1.0,,,21.934,62.79,54.183,0 days 00:24:51.226000,0 days 00:25:54.016000,0 days 00:26:48.199000,193.0,239.0,226.0,276.0,False,HARD,5.0,True,Ferrari,0 days 00:24:29.292000,2019-11-29 13:09:29.441,1,,False,,False,True,138.907,138.907
206,0 days 00:28:27.405000,LEC,16,0 days 00:01:39.206000,6.0,1.0,,,17.27,42.166,39.77,0 days 00:27:05.469000,0 days 00:27:47.635000,0 days 00:28:27.405000,286.0,312.0,216.0,320.0,False,HARD,6.0,True,Ferrari,0 days 00:26:48.199000,2019-11-29 13:11:48.348,1,,False,,False,True,99.206,99.20599999999999
207,0 days 00:30:34.201000,LEC,16,0 days 00:02:06.796000,7.0,1.0,,0 days 00:30:33.209000,20.834,59.858,46.104,0 days 00:28:48.239000,0 days 00:29:48.097000,0 days 00:30:34.201000,218.0,123.0,,238.0,False,HARD,7.0,True,Ferrari,0 days 00:28:27.405000,2019-11-29 13:13:27.554,1,,False,,False,False,126.796,126.79599999999999
208,0 days 00:43:54.981000,LEC,16,,8.0,2.0,0 days 00:41:57.547000,,,47.043,49.402,,0 days 00:43:05.579000,0 days 00:43:56.906000,251.0,287.0,227.0,298.0,False,SOFT,1.0,True,Ferrari,0 days 00:30:34.201000,2019-11-29 13:15:34.350,1,,False,,False,False,,
209,0 days 00:45:40.606000,LEC,16,0 days 00:01:45.625000,9.0,2.0,,0 days 00:45:39.530000,17.132,41.432,47.061,0 days 00:44:12.113000,0 days 00:44:53.545000,0 days 00:45:40.606000,287.0,312.0,,318.0,False,SOFT,2.0,True,Ferrari,0 days 00:43:54.981000,2019-11-29 13:28:55.130,1,,False,,False,False,105.625,105.625
210,0 days 00:56:41.631000,LEC,16,,10.0,3.0,0 days 00:54:38.235000,,,50.63,49.18,,0 days 00:55:52.461000,0 days 00:56:41.826000,192.0,261.0,230.0,209.0,False,SOFT,1.0,True,Ferrari,0 days 00:45:40.606000,2019-11-29 13:30:40.755,1,,False,,False,False,,
211,0 days 00:58:18.273000,LEC,16,0 days 00:01:36.642000,11.0,3.0,,,17.04,41.128,38.474,0 days 00:56:58.671000,0 days 00:57:39.799000,0 days 00:58:18.273000,288.0,314.0,222.0,319.0,True,SOFT,2.0,True,Ferrari,0 days 00:56:41.631000,2019-11-29 13:41:41.780,1,,False,,False,True,96.642,96.642
212,0 days 01:00:40.551000,LEC,16,0 days 00:02:22.278000,12.0,3.0,,,23.406,65.176,53.696,0 days 00:58:41.679000,0 days 00:59:46.855000,0 days 01:00:40.551000,99.0,236.0,228.0,127.0,False,SOFT,3.0,True,Ferrari,0 days 00:58:18.273000,2019-11-29 13:43:18.422,1,,False,,False,True,142.278,142.278
213,0 days 01:02:18.023000,LEC,16,0 days 00:01:37.472000,13.0,3.0,,,17.162,41.431,38.879,0 days 01:00:57.713000,0 days 01:01:39.144000,0 days 01:02:18.023000,286.0,311.0,205.0,319.0,False,SOFT,4.0,True,Ferrari,0 days 01:00:40.551000,2019-11-29 13:45:40.700,1,,False,,False,True,97.472,97.472
214,0 days 01:04:19.757000,LEC,16,0 days 00:02:01.734000,14.0,3.0,,0 days 01:04:18.777000,20.987,52.36,48.387,0 days 01:02:39.010000,0 days 01:03:31.370000,0 days 01:04:19.757000,245.0,235.0,,238.0,False,SOFT,5.0,True,Ferrari,0 days 01:02:18.023000,2019-11-29 13:47:18.172,12,,False,,False,False,121.734,121.734
215,0 days 01:06:53.235000,LEC,16,,15.0,4.0,0 days 01:04:59.888000,0 days 01:06:53.225000,57.779,48.377,47.314,0 days 01:05:17.544000,0 days 01:06:05.925000,0 days 01:06:53.336000,282.0,245.0,,269.0,False,SOFT,6.0,False,Ferrari,0 days 01:04:19.757000,2019-11-29 13:49:19.906,1,,False,,False,False,,153.47
216,0 days 01:17:54.310000,LEC,16,,16.0,5.0,0 days 01:15:49.643000,0 days 01:17:52.793000,,53.875,49.013,,0 days 01:17:05.728000,0 days 01:17:54.310000,244.0,75.0,,271.0,False,SOFT,7.0,False,Ferrari,0 days 01:06:53.235000,2019-11-29 13:51:53.384,1,,False,,False,False,,
217,0 days 01:20:27.394000,LEC,16,,17.0,6.0,0 days 01:18:40.800000,,64.82,44.171,44.21,0 days 01:18:59.018000,0 days 01:19:43.209000,0 days 01:20:27.510000,279.0,293.0,216.0,301.0,False,SOFT,8.0,False,Ferrari,0 days 01:17:54.310000,2019-11-29 14:02:54.459,1,,False,,False,False,,153.201
218,0 days 01:22:10.883000,LEC,16,0 days 00:01:43.489000,18.0,6.0,,,18.081,44.274,41.134,0 days 01:20:45.475000,0 days 01:21:29.749000,0 days 01:22:10.883000,274.0,285.0,213.0,291.0,False,SOFT,9.0,False,Ferrari,0 days 01:20:27.394000,2019-11-29 14:05:27.543,1,,False,,False,True,103.489,103.489
219,0 days 01:23:54.487000,LEC,16,0 days 00:01:43.604000,19.0,6.0,,,18.255,44.208,41.141,0 days 01:22:29.138000,0 days 01:23:13.346000,0 days 01:23:54.487000,274.0,287.0,214.0,294.0,False,SOFT,10.0,False,Ferrari,0 days 01:22:10.883000,2019-11-29 14:07:11.032,1,,False,,False,True,103.604,103.60399999999998
220,0 days 01:25:40.166000,LEC,16,0 days 00:01:45.679000,20.0,6.0,,,18.023,44.259,43.397,0 days 01:24:12.510000,0 days 01:24:56.769000,0 days 01:25:40.166000,280.0,267.0,217.0,299.0,False,SOFT,11.0,False,Ferrari,0 days 01:23:54.487000,2019-11-29 14:08:54.636,12,,False,,False,True,105.679,105.679
221,0 days 01:33:53.560000,LEC,16,,21.0,6.0,,0 days 01:27:46.310000,18.047,,,0 days 01:25:58.240000,,,276.0,,,293.0,False,SOFT,12.0,False,Ferrari,0 days 01:25:40.166000,2019-11-29 14:10:40.315,15,,False,,False,False,,
222,0 days 01:35:50.264000,LEC,16,,22.0,7.0,0 days 01:33:53.560000,,,46.237,50.698,,0 days 01:34:59.581000,0 days 01:35:50.856000,255.0,203.0,219.0,283.0,False,HARD,8.0,False,Ferrari,0 days 01:33:53.560000,2019-11-29 14:18:53.709,1,,False,,False,False,,
223,0 days 01:37:32.833000,LEC,16,0 days 00:01:42.569000,23.0,7.0,,,18.007,43.884,40.678,0 days 01:36:08.271000,0 days 01:36:52.155000,0 days 01:37:32.833000,279.0,291.0,214.0,295.0,False,HARD,9.0,False,Ferrari,0 days 01:35:50.264000,2019-11-29 14:20:50.413,1,,False,,False,True,102.569,102.569
224,0 days 01:39:15.844000,LEC,16,0 days 00:01:43.011000,24.0,7.0,,,17.993,44.134,40.884,0 days 01:37:50.826000,0 days 01:38:34.960000,0 days 01:39:15.844000,276.0,287.0,215.0,292.0,False,HARD,10.0,False,Ferrari,0 days 01:37:32.833000,2019-11-29 14:22:32.982,1,,False,,False,True,103.011,103.011
225,0 days 01:40:58.887000,LEC,16,0 days 00:01:43.043000,25.0,7.0,,,17.879,44.088,41.076,0 days 01:39:33.723000,0 days 01:40:17.811000,0 days 01:40:58.887000,279.0,289.0,215.0,295.0,False,HARD,11.0,False,Ferrari,0 days 01:39:15.844000,2019-11-29 14:24:15.993,1,,False,,False,True,103.043,103.043
226,0 days 01:42:42.413000,LEC,16,0 days 00:01:43.526000,26.0,7.0,,,17.954,44.255,41.317,0 days 01:41:16.841000,0 days 01:42:01.096000,0 days 01:42:42.413000,277.0,282.0,215.0,287.0,False,HARD,12.0,False,Ferrari,0 days 01:40:58.887000,2019-11-29 14:25:59.036,1,,False,,False,True,103.526,103.52600000000001
227,0 days 01:44:26.249000,LEC,16,0 days 00:01:43.836000,27.0,7.0,,,17.91,43.815,42.111,0 days 01:43:00.323000,0 days 01:43:44.138000,0 days 01:44:26.249000,280.0,313.0,214.0,301.0,False,HARD,13.0,False,Ferrari,0 days 01:42:42.413000,2019-11-29 14:27:42.562,1,,False,,False,True,103.836,103.83599999999998
228,0 days 01:46:09.407000,LEC,16,0 days 00:01:43.158000,28.0,7.0,,,17.896,43.923,41.339,0 days 01:44:44.145000,0 days 01:45:28.068000,0 days 01:46:09.407000,281.0,297.0,215.0,304.0,False,HARD,14.0,False,Ferrari,0 days 01:44:26.249000,2019-11-29 14:29:26.398,1,,False,,False,True,103.158,103.158
229,0 days 01:48:18.072000,LEC,16,0 days 00:02:08.665000,29.0,7.0,,,22.711,46.898,59.056,0 days 01:46:32.118000,0 days 01:47:19.016000,0 days 01:48:18.072000,168.0,285.0,66.0,289.0,False,HARD,15.0,False,Ferrari,0 days 01:46:09.407000,2019-11-29 14:31:09.556,1,,False,,False,True,128.665,128.66500000000002
230,0 days 01:50:34.281000,LEC,16,0 days 00:02:16.209000,30.0,7.0,,0 days 01:50:33.279000,45.86,44.03,46.319,0 days 01:49:03.932000,0 days 01:49:47.962000,0 days 01:50:34.281000,286.0,276.0,,302.0,False,HARD,16.0,False,Ferrari,0 days 01:48:18.072000,2019-11-29 14:33:18.221,1,,False,,False,False,136.209,136.209
231,0 days 00:22:16.260000,STR,18,,1.0,1.0,0 days 00:20:16.538000,,,50.281,47.642,,0 days 00:21:28.618000,0 days 00:22:16.390000,175.0,244.0,221.0,259.0,False,MEDIUM,1.0,True,Racing Point,0 days 00:20:16.538000,2019-11-29 13:05:16.687,1,,False,,False,False,,
232,0 days 00:23:55.459000,STR,18,0 days 00:01:39.199000,2.0,1.0,,,17.422,42.174,39.603,0 days 00:22:33.682000,0 days 00:23:15.856000,0 days 00:23:55.459000,287.0,319.0,221.0,329.0,True,MEDIUM,2.0,True,Racing Point,0 days 00:22:16.260000,2019-11-29 13:07:16.409,1,,False,,False,True,99.199,99.19900000000001
233,0 days 00:26:21.178000,STR,18,0 days 00:02:25.719000,3.0,1.0,,,25.421,64.127,56.171,0 days 00:24:20.880000,0 days 00:25:25.007000,0 days 00:26:21.178000,79.0,194.0,218.0,175.0,False,MEDIUM,3.0,True,Racing Point,0 days 00:23:55.459000,2019-11-29 13:08:55.608,1,,False,,False,True,145.719,145.719
234,0 days 00:28:00.041000,STR,18,0 days 00:01:38.863000,4.0,1.0,,,17.502,42.077,39.284,0 days 00:26:38.680000,0 days 00:27:20.757000,0 days 00:28:00.041000,286.0,319.0,220.0,326.0,True,MEDIUM,4.0,True,Racing Point,0 days 00:26:21.178000,2019-11-29 13:11:21.327,1,,False,,False,True,98.863,98.863
235,0 days 00:30:32.660000,STR,18,,5.0,1.0,,,29.867,60.977,61.748,0 days 00:28:29.935000,0 days 00:29:31.170000,0 days 00:30:32.773000,119.0,142.0,220.0,151.0,False,MEDIUM,5.0,True,Racing Point,0 days 00:28:00.041000,2019-11-29 13:13:00.190,1,,False,,False,False,,152.59199999999998
236,0 days 00:32:11.543000,STR,18,0 days 00:01:38.883000,6.0,1.0,,,17.441,42.11,39.332,0 days 00:30:50.101000,0 days 00:31:32.211000,0 days 00:32:11.543000,288.0,318.0,222.0,325.0,False,MEDIUM,6.0,True,Racing Point,0 days 00:30:32.660000,2019-11-29 13:15:32.809,1,,False,,False,True,98.883,98.88300000000001
237,0 days 00:34:17.602000,STR,18,0 days 00:02:06.059000,7.0,1.0,,0 days 00:34:17.588000,22.652,56.489,46.918,0 days 00:32:34.195000,0 days 00:33:30.684000,0 days 00:34:17.602000,216.0,234.0,,149.0,False,MEDIUM,7.0,True,Racing Point,0 days 00:32:11.543000,2019-11-29 13:17:11.692,1,,False,,False,False,126.059,126.059
238,0 days 00:50:33.546000,STR,18,,8.0,2.0,0 days 00:48:19.566000,,,54.702,54.154,,0 days 00:49:39.396000,0 days 00:50:38.189000,189.0,208.0,221.0,245.0,False,SOFT,1.0,True,Racing Point,0 days 00:34:17.602000,2019-11-29 13:19:17.751,1,,False,,False,False,,
239,0 days 00:52:50.755000,STR,18,0 days 00:02:17.209000,9.0,2.0,,,19.542,60.113,57.554,0 days 00:50:53.088000,0 days 00:51:53.201000,0 days 00:52:50.755000,194.0,185.0,221.0,223.0,False,SOFT,2.0,True,Racing Point,0 days 00:50:33.546000,2019-11-29 13:35:33.695,1,,False,,False,True,137.209,137.209
240,0 days 00:54:28.740000,STR,18,0 days 00:01:37.985000,10.0,2.0,,,17.348,41.564,39.073,0 days 00:53:08.103000,0 days 00:53:49.667000,0 days 00:54:28.740000,288.0,320.0,221.0,327.0,True,SOFT,3.0,True,Racing Point,0 days 00:52:50.755000,2019-11-29 13:37:50.904,1,,False,,False,True,97.985,97.985
241,0 days 00:57:00.610000,STR,18,,11.0,2.0,,,25.191,65.774,60.918,0 days 00:54:54.051000,0 days 00:55:59.692000,0 days 00:57:00.757000,165.0,147.0,182.0,156.0,False,SOFT,4.0,True,Racing Point,0 days 00:54:28.740000,2019-11-29 13:39:28.889,1,,False,,False,False,,151.883
242,0 days 00:59:07.098000,STR,18,0 days 00:02:06.488000,12.0,2.0,,,28.256,52.273,45.959,0 days 00:57:28.866000,0 days 00:58:21.139000,0 days 00:59:07.098000,142.0,231.0,223.0,233.0,False,SOFT,5.0,True,Racing Point,0 days 00:57:00.610000,2019-11-29 13:42:00.759,1,,False,,False,True,126.488,126.488
243,0 days 01:00:45.507000,STR,18,0 days 00:01:38.409000,13.0,2.0,,,17.394,41.98,39.035,0 days 00:59:24.492000,0 days 01:00:06.472000,0 days 01:00:45.507000,287.0,317.0,221.0,322.0,False,SOFT,6.0,True,Racing Point,0 days 00:59:07.098000,2019-11-29 13:44:07.247,1,,False,,False,True,98.409,98.40899999999999
244,0 days 01:02:40.634000,STR,18,0 days 00:01:55.127000,14.0,2.0,,0 days 01:02:39.581000,19.318,50.282,45.527,0 days 01:01:04.825000,0 days 01:01:55.107000,0 days 01:02:40.634000,222.0,226.0,,222.0,False,SOFT,7.0,True,Racing Point,0 days 01:00:45.507000,2019-11-29 13:45:45.656,1,,False,,False,False,115.127,115.127
245,0 days 01:12:32.921000,STR,18,,15.0,3.0,0 days 01:10:35.868000,,,48.411,44.629,,0 days 01:11:48.298000,0 days 01:12:33.018000,189.0,248.0,210.0,258.0,False,SOFT,8.0,False,Racing Point,0 days 01:02:40.634000,2019-11-29 13:47:40.783,12,,False,,False,False,,
246,0 days 01:14:17.790000,STR,18,0 days 00:01:44.869000,16.0,3.0,,,18.826,44.428,41.615,0 days 01:12:51.747000,0 days 01:13:36.175000,0 days 01:14:17.790000,276.0,278.0,213.0,299.0,False,SOFT,9.0,False,Racing Point,0 days 01:12:32.921000,2019-11-29 13:57:33.070,1,,False,,False,True,104.869,104.869
247,0 days 01:16:02.612000,STR,18,0 days 00:01:44.822000,17.0,3.0,,,18.431,44.465,41.926,0 days 01:14:36.221000,0 days 01:15:20.686000,0 days 01:16:02.612000,271.0,282.0,213.0,294.0,False,SOFT,10.0,False,Racing Point,0 days 01:14:17.790000,2019-11-29 13:59:17.939,1,,False,,False,True,104.822,104.822
248,0 days 01:17:47.171000,STR,18,0 days 00:01:44.559000,18.0,3.0,,,18.43,44.11,42.019,0 days 01:16:21.042000,0 days 01:17:05.152000,0 days 01:17:47.171000,277.0,290.0,212.0,303.0,False,SOFT,11.0,False,Racing Point,0 days 01:16:02.612000,2019-11-29 14:01:02.761,1,,False,,False,True,104.559,104.559
249,0 days 01:19:32.406000,STR,18,0 days 00:01:45.235000,19.0,3.0,,,18.262,44.526,42.447,0 days 01:18:05.433000,0 days 01:18:49.959000,0 days 01:19:32.406000,276.0,282.0,213.0,297.0,False,SOFT,12.0,False,Racing Point,0 days 01:17:47.171000,2019-11-29 14:02:47.320,1,,False,,False,True,105.235,105.23500000000001
250,0 days 01:21:18.411000,STR,18,0 days 00:01:46.005000,20.0,3.0,,,18.44,44.788,42.777,0 days 01:19:50.846000,0 days 01:20:35.634000,0 days 01:21:18.411000,278.0,285.0,211.0,298.0,False,SOFT,13.0,False,Racing Point,0 days 01:19:32.406000,2019-11-29 14:04:32.555,1,,False,,False,True,106.005,106.005
251,0 days 01:23:04.696000,STR,18,0 days 00:01:46.285000,21.0,3.0,,,18.708,44.896,42.681,0 days 01:21:37.119000,0 days 01:22:22.015000,0 days 01:23:04.696000,270.0,287.0,213.0,295.0,False,SOFT,14.0,False,Racing Point,0 days 01:21:18.411000,2019-11-29 14:06:18.560,1,,False,,False,True,106.285,106.285
252,0 days 01:24:51.494000,STR,18,0 days 00:01:46.798000,22.0,3.0,,,18.718,45.006,43.074,0 days 01:23:23.414000,0 days 01:24:08.420000,0 days 01:24:51.494000,277.0,286.0,213.0,295.0,False,SOFT,15.0,False,Racing Point,0 days 01:23:04.696000,2019-11-29 14:08:04.845,12,,False,,False,True,106.798,106.798
253,0 days 01:33:43.590000,STR,18,,23.0,3.0,,0 days 01:26:46.007000,18.685,44.965,,0 days 01:25:10.195000,0 days 01:25:55.250000,,275.0,286.0,,294.0,False,SOFT,16.0,False,Racing Point,0 days 01:24:51.494000,2019-11-29 14:09:51.643,215,,False,,False,False,,
254,0 days 01:35:36.112000,STR,18,,24.0,4.0,0 days 01:33:43.590000,,,47.439,43.342,,0 days 01:34:52.798000,0 days 01:35:36.238000,214.0,271.0,216.0,285.0,False,MEDIUM,8.0,False,Racing Point,0 days 01:33:43.590000,2019-11-29 14:18:43.739,1,,False,,False,False,,
255,0 days 01:37:19.290000,STR,18,0 days 00:01:43.178000,25.0,4.0,,,18.077,43.886,41.215,0 days 01:35:54.189000,0 days 01:36:38.075000,0 days 01:37:19.290000,278.0,290.0,215.0,296.0,False,MEDIUM,9.0,False,Racing Point,0 days 01:35:36.112000,2019-11-29 14:20:36.261,1,,False,,False,True,103.178,103.17800000000001
256,0 days 01:39:02.422000,STR,18,0 days 00:01:43.132000,26.0,4.0,,,18.169,43.896,41.067,0 days 01:37:37.459000,0 days 01:38:21.355000,0 days 01:39:02.422000,280.0,290.0,214.0,296.0,False,MEDIUM,10.0,False,Racing Point,0 days 01:37:19.290000,2019-11-29 14:22:19.439,1,,False,,False,True,103.132,103.132
257,0 days 01:40:45.647000,STR,18,0 days 00:01:43.225000,27.0,4.0,,,18.037,43.971,41.217,0 days 01:39:20.459000,0 days 01:40:04.430000,0 days 01:40:45.647000,282.0,292.0,216.0,298.0,False,MEDIUM,11.0,False,Racing Point,0 days 01:39:02.422000,2019-11-29 14:24:02.571,1,,False,,False,True,103.225,103.225
258,0 days 01:42:29.142000,STR,18,0 days 00:01:43.495000,28.0,4.0,,,18.087,44.116,41.292,0 days 01:41:03.734000,0 days 01:41:47.850000,0 days 01:42:29.142000,279.0,292.0,214.0,295.0,False,MEDIUM,12.0,False,Racing Point,0 days 01:40:45.647000,2019-11-29 14:25:45.796,1,,False,,False,True,103.495,103.495
259,0 days 01:44:12.819000,STR,18,0 days 00:01:43.677000,29.0,4.0,,,18.068,44.134,41.475,0 days 01:42:47.210000,0 days 01:43:31.344000,0 days 01:44:12.819000,280.0,294.0,216.0,299.0,False,MEDIUM,13.0,False,Racing Point,0 days 01:42:29.142000,2019-11-29 14:27:29.291,1,,False,,False,True,103.677,103.67699999999999
260,0 days 01:45:56.477000,STR,18,0 days 00:01:43.658000,30.0,4.0,,,18.159,44.049,41.45,0 days 01:44:30.978000,0 days 01:45:15.027000,0 days 01:45:56.477000,284.0,293.0,215.0,300.0,False,MEDIUM,14.0,False,Racing Point,0 days 01:44:12.819000,2019-11-29 14:29:12.968,1,,False,,False,True,103.658,103.658
261,0 days 01:48:16.614000,STR,18,0 days 00:02:20.137000,31.0,4.0,,,22.152,55.242,62.743,0 days 01:46:18.629000,0 days 01:47:13.871000,0 days 01:48:16.614000,188.0,192.0,61.0,197.0,False,MEDIUM,15.0,False,Racing Point,0 days 01:45:56.477000,2019-11-29 14:30:56.626,1,,False,,False,True,140.137,140.137
262,0 days 01:50:33.275000,STR,18,0 days 00:02:16.661000,32.0,4.0,,0 days 01:50:32.637000,39.41,47.55,49.701,0 days 01:48:56.024000,0 days 01:49:43.574000,0 days 01:50:33.275000,221.0,252.0,,229.0,False,MEDIUM,16.0,False,Racing Point,0 days 01:48:16.614000,2019-11-29 14:33:16.763,1,,False,,False,False,136.661,136.661
263,0 days 00:19:49.874000,MAG,20,,1.0,1.0,0 days 00:17:37.039000,,,57.92,54.571,,0 days 00:18:55.308000,0 days 00:19:52.305000,247.0,263.0,223.0,253.0,False,MEDIUM,1.0,True,Haas F1 Team,0 days 00:17:37.039000,2019-11-29 13:02:37.188,1,,False,,False,False,,
264,0 days 00:21:29.122000,MAG,20,0 days 00:01:39.248000,2.0,1.0,,,17.61,42.387,39.251,0 days 00:20:07.484000,0 days 00:20:49.871000,0 days 00:21:29.122000,281.0,310.0,220.0,313.0,True,MEDIUM,2.0,True,Haas F1 Team,0 days 00:19:49.874000,2019-11-29 13:04:50.023,1,,False,,False,True,99.248,99.24799999999999
265,0 days 00:24:15.794000,MAG,20,,3.0,1.0,,0 days 00:24:14.776000,24.927,75.725,66.012,0 days 00:21:54.097000,0 days 00:23:09.782000,0 days 00:24:15.867000,142.0,130.0,,98.0,False,MEDIUM,3.0,True,Haas F1 Team,0 days 00:21:29.122000,2019-11-29 13:06:29.271,1,,False,,False,False,,166.664
266,0 days 00:32:40.475000,MAG,20,,4.0,2.0,0 days 00:30:44.662000,,,48.413,48.863,,0 days 00:31:51.612000,0 days 00:32:40.579000,260.0,285.0,222.0,281.0,False,MEDIUM,4.0,False,Haas F1 Team,0 days 00:24:15.794000,2019-11-29 13:09:15.943,1,,False,,False,False,,
267,0 days 00:34:19.818000,MAG,20,0 days 00:01:39.343000,5.0,2.0,,,17.525,42.363,39.455,0 days 00:32:58,0 days 00:33:40.363000,0 days 00:34:19.818000,281.0,309.0,218.0,314.0,False,MEDIUM,5.0,False,Haas F1 Team,0 days 00:32:40.475000,2019-11-29 13:17:40.624,1,,False,,False,True,99.343,99.34299999999999
268,0 days 00:37:01.171000,MAG,20,,6.0,2.0,,,31.079,77.004,53.28,0 days 00:34:50.922000,0 days 00:36:07.891000,0 days 00:37:02.973000,121.0,232.0,220.0,139.0,False,MEDIUM,6.0,False,Haas F1 Team,0 days 00:34:19.818000,2019-11-29 13:19:19.967,1,,False,,False,False,,161.363
269,0 days 00:38:40.180000,MAG,20,0 days 00:01:39.009000,7.0,2.0,,,17.445,42.105,39.459,0 days 00:37:18.616000,0 days 00:38:00.721000,0 days 00:38:40.180000,283.0,310.0,220.0,318.0,True,MEDIUM,7.0,False,Haas F1 Team,0 days 00:37:01.171000,2019-11-29 13:22:01.320,1,,False,,False,True,99.009,99.009
270,0 days 00:40:48.917000,MAG,20,0 days 00:02:08.737000,8.0,2.0,,0 days 00:40:47.867000,21.901,58.324,48.512,0 days 00:39:02.081000,0 days 00:40:00.405000,0 days 00:40:48.917000,252.0,152.0,,197.0,False,MEDIUM,8.0,False,Haas F1 Team,0 days 00:38:40.180000,2019-11-29 13:23:40.329,1,,False,,False,False,128.737,128.737
271,0 days 00:55:19.663000,MAG,20,,9.0,3.0,0 days 00:53:13.910000,,,53.342,49.87,,0 days 00:54:29.793000,0 days 00:55:19.797000,239.0,276.0,226.0,229.0,False,SOFT,1.0,True,Haas F1 Team,0 days 00:40:48.917000,2019-11-29 13:25:49.066,1,,False,,False,False,,
272,0 days 00:56:57.743000,MAG,20,0 days 00:01:38.080000,10.0,3.0,,,17.278,41.777,39.025,0 days 00:55:36.941000,0 days 00:56:18.718000,0 days 00:56:57.743000,288.0,314.0,219.0,323.0,True,SOFT,2.0,True,Haas F1 Team,0 days 00:55:19.663000,2019-11-29 13:40:19.812,1,,False,,False,True,98.08,98.08
273,0 days 00:59:45.790000,MAG,20,,11.0,3.0,,,30.481,72.851,64.742,0 days 00:57:28.212000,0 days 00:58:41.048000,0 days 00:59:46.861000,127.0,222.0,213.0,145.0,False,SOFT,3.0,True,Haas F1 Team,0 days 00:56:57.743000,2019-11-29 13:41:57.892,1,,False,,False,False,,168.074
274,0 days 01:01:42.670000,MAG,20,0 days 00:01:56.880000,12.0,3.0,,,17.495,51.588,47.797,0 days 01:00:03.285000,0 days 01:00:54.873000,0 days 01:01:42.670000,287.0,274.0,225.0,197.0,False,SOFT,4.0,True,Haas F1 Team,0 days 00:59:45.790000,2019-11-29 13:44:45.939,1,,False,,False,True,116.88,116.88
275,0 days 01:04:02.003000,MAG,20,0 days 00:02:19.333000,13.0,3.0,,0 days 01:04:00.947000,20.093,62.172,57.068,0 days 01:02:02.763000,0 days 01:03:04.935000,0 days 01:04:02.003000,272.0,198.0,,197.0,False,SOFT,5.0,True,Haas F1 Team,0 days 01:01:42.670000,2019-11-29 13:46:42.819,12,,False,,False,False,139.333,139.333
276,0 days 01:13:21.346000,MAG,20,,14.0,4.0,0 days 01:11:25.592000,,,47.659,48.587,,0 days 01:12:32.818000,0 days 01:13:22.528000,267.0,272.0,214.0,286.0,False,SOFT,6.0,False,Haas F1 Team,0 days 01:04:02.003000,2019-11-29 13:49:02.152,1,,False,,False,False,,
277,0 days 01:15:04.898000,MAG,20,0 days 00:01:43.552000,15.0,4.0,,,18.08,43.757,41.715,0 days 01:13:39.426000,0 days 01:14:23.183000,0 days 01:15:04.898000,278.0,291.0,212.0,299.0,False,SOFT,7.0,False,Haas F1 Team,0 days 01:13:21.346000,2019-11-29 13:58:21.495,1,,False,,False,True,103.552,103.55199999999999
278,0 days 01:16:48.745000,MAG,20,0 days 00:01:43.847000,16.0,4.0,,,18.105,44.16,41.582,0 days 01:15:23.003000,0 days 01:16:07.163000,0 days 01:16:48.745000,273.0,281.0,210.0,295.0,False,SOFT,8.0,False,Haas F1 Team,0 days 01:15:04.898000,2019-11-29 14:00:05.047,1,,False,,False,True,103.847,103.84700000000001
279,0 days 01:18:43.034000,MAG,20,0 days 00:01:54.289000,17.0,4.0,,,19.171,52.167,42.951,0 days 01:17:07.916000,0 days 01:18:00.083000,0 days 01:18:43.034000,206.0,287.0,212.0,243.0,False,SOFT,9.0,False,Haas F1 Team,0 days 01:16:48.745000,2019-11-29 14:01:48.894,1,,False,,False,True,114.289,114.28899999999999
280,0 days 01:20:34.990000,MAG,20,0 days 00:01:51.956000,18.0,4.0,,,18.025,50.788,43.143,0 days 01:19:01.059000,0 days 01:19:51.847000,0 days 01:20:34.990000,283.0,288.0,213.0,304.0,False,SOFT,10.0,False,Haas F1 Team,0 days 01:18:43.034000,2019-11-29 14:03:43.183,1,,False,,False,True,111.956,111.95599999999999
281,0 days 01:22:19.433000,MAG,20,0 days 00:01:44.443000,19.0,4.0,,,18.06,44.488,41.895,0 days 01:20:53.050000,0 days 01:21:37.538000,0 days 01:22:19.433000,280.0,282.0,207.0,298.0,False,SOFT,11.0,False,Haas F1 Team,0 days 01:20:34.990000,2019-11-29 14:05:35.139,1,,False,,False,True,104.443,104.44300000000001
282,0 days 01:24:04.641000,MAG,20,0 days 00:01:45.208000,20.0,4.0,,,18.317,44.608,42.283,0 days 01:22:37.750000,0 days 01:23:22.358000,0 days 01:24:04.641000,272.0,283.0,212.0,296.0,False,SOFT,12.0,False,Haas F1 Team,0 days 01:22:19.433000,2019-11-29 14:07:19.582,1,,False,,False,True,105.208,105.208
283,0 days 01:25:53.725000,MAG,20,0 days 00:01:49.084000,21.0,4.0,,,18.394,44.809,45.881,0 days 01:24:23.035000,0 days 01:25:07.844000,0 days 01:25:53.725000,274.0,281.0,212.0,298.0,False,SOFT,13.0,False,Haas F1 Team,0 days 01:24:04.641000,2019-11-29 14:09:04.790,12,,False,,False,True,109.084,109.084
284,0 days 01:33:22.656000,MAG,20,,22.0,4.0,,0 days 01:28:02.999000,18.168,,,0 days 01:26:11.944000,,,276.0,,,,False,SOFT,14.0,False,Haas F1 Team,0 days 01:25:53.725000,2019-11-29 14:10:53.874,15,,False,,False,False,,
285,0 days 01:35:15.116000,MAG,20,,23.0,5.0,0 days 01:33:22.647000,,,47.048,45.783,,0 days 01:34:29.344000,0 days 01:35:15.327000,262.0,287.0,213.0,299.0,False,MEDIUM,9.0,False,Haas F1 Team,0 days 01:33:22.647000,2019-11-29 14:18:22.796,1,,False,,False,False,,
286,0 days 01:36:59.358000,MAG,20,0 days 00:01:44.242000,24.0,5.0,,,18.022,44.324,41.896,0 days 01:35:33.138000,0 days 01:36:17.462000,0 days 01:36:59.358000,281.0,289.0,212.0,298.0,False,MEDIUM,10.0,False,Haas F1 Team,0 days 01:35:15.116000,2019-11-29 14:20:15.265,1,,False,,False,True,104.242,104.24199999999999
287,0 days 01:38:53.352000,MAG,20,0 days 00:01:53.994000,25.0,5.0,,,18.348,44.536,51.11,0 days 01:37:17.706000,0 days 01:38:02.242000,0 days 01:38:53.352000,271.0,289.0,213.0,297.0,False,MEDIUM,11.0,False,Haas F1 Team,0 days 01:36:59.358000,2019-11-29 14:21:59.507,1,,False,,False,True,113.994,113.994
288,0 days 01:40:40.419000,MAG,20,0 days 00:01:47.067000,26.0,5.0,,,18.072,44.294,44.701,0 days 01:39:11.424000,0 days 01:39:55.718000,0 days 01:40:40.419000,280.0,282.0,216.0,298.0,False,MEDIUM,12.0,False,Haas F1 Team,0 days 01:38:53.352000,2019-11-29 14:23:53.501,1,,False,,False,True,107.067,107.06700000000001
289,0 days 01:42:24.362000,MAG,20,0 days 00:01:43.943000,27.0,5.0,,,17.999,44.374,41.57,0 days 01:40:58.418000,0 days 01:41:42.792000,0 days 01:42:24.362000,279.0,281.0,210.0,295.0,False,MEDIUM,13.0,False,Haas F1 Team,0 days 01:40:40.419000,2019-11-29 14:25:40.568,1,,False,,False,True,103.943,103.94300000000001
290,0 days 01:44:08.899000,MAG,20,0 days 00:01:44.537000,28.0,5.0,,,18.163,44.65,41.724,0 days 01:42:42.525000,0 days 01:43:27.175000,0 days 01:44:08.899000,277.0,278.0,212.0,291.0,False,MEDIUM,14.0,False,Haas F1 Team,0 days 01:42:24.362000,2019-11-29 14:27:24.511,1,,False,,False,True,104.537,104.537
291,0 days 01:45:53.375000,MAG,20,0 days 00:01:44.476000,29.0,5.0,,,18.17,44.581,41.725,0 days 01:44:27.069000,0 days 01:45:11.650000,0 days 01:45:53.375000,277.0,279.0,211.0,292.0,False,MEDIUM,15.0,False,Haas F1 Team,0 days 01:44:08.899000,2019-11-29 14:29:09.048,1,,False,,False,True,104.476,104.476
292,0 days 01:48:08.347000,MAG,20,0 days 00:02:14.972000,30.0,5.0,,,22.303,54.749,57.92,0 days 01:46:15.678000,0 days 01:47:10.427000,0 days 01:48:08.347000,197.0,221.0,62.0,178.0,False,MEDIUM,16.0,False,Haas F1 Team,0 days 01:45:53.375000,2019-11-29 14:30:53.524,1,,False,,False,True,134.972,134.972
293,0 days 01:50:47.829000,MAG,20,,31.0,5.0,,0 days 01:50:47.843000,52.623,59.183,47.657,0 days 01:49:00.989000,0 days 01:50:00.230000,0 days 01:50:49.725000,281.0,197.0,,198.0,False,MEDIUM,17.0,False,Haas F1 Team,0 days 01:48:08.347000,2019-11-29 14:33:08.496,1,,False,,False,False,,159.463
294,0 days 00:24:23.565000,ALB,23,,1.0,1.0,0 days 00:22:24.321000,,,47.632,49.364,,0 days 00:23:34.252000,0 days 00:24:24.070000,261.0,260.0,227.0,281.0,False,MEDIUM,1.0,True,Red Bull Racing,0 days 00:22:24.321000,2019-11-29 13:07:24.470,1,,False,,False,False,,
295,0 days 00:26:01.682000,ALB,23,0 days 00:01:38.117000,2.0,1.0,,,17.26,41.852,39.005,0 days 00:24:40.825000,0 days 00:25:22.677000,0 days 00:26:01.682000,286.0,316.0,222.0,320.0,True,MEDIUM,2.0,True,Red Bull Racing,0 days 00:24:23.565000,2019-11-29 13:09:23.714,1,,False,,False,True,98.117,98.11699999999999
296,0 days 00:28:13.909000,ALB,23,0 days 00:02:12.227000,3.0,1.0,,,23.65,56.471,52.106,0 days 00:26:25.332000,0 days 00:27:21.803000,0 days 00:28:13.909000,231.0,202.0,223.0,274.0,False,MEDIUM,3.0,True,Red Bull Racing,0 days 00:26:01.682000,2019-11-29 13:11:01.831,1,,False,,False,True,132.227,132.227
297,0 days 00:30:15.806000,ALB,23,0 days 00:02:01.897000,4.0,1.0,,,20.749,54.489,46.659,0 days 00:28:34.658000,0 days 00:29:29.147000,0 days 00:30:15.806000,235.0,274.0,225.0,232.0,False,MEDIUM,4.0,True,Red Bull Racing,0 days 00:28:13.909000,2019-11-29 13:13:14.058,1,,False,,False,True,121.897,121.89699999999999
298,0 days 00:31:54.271000,ALB,23,0 days 00:01:38.465000,5.0,1.0,,,17.38,42.033,39.052,0 days 00:30:33.186000,0 days 00:31:15.219000,0 days 00:31:54.271000,284.0,316.0,220.0,320.0,False,MEDIUM,5.0,True,Red Bull Racing,0 days 00:30:15.806000,2019-11-29 13:15:15.955,1,,False,,False,True,98.465,98.465
299,0 days 00:34:01.396000,ALB,23,0 days 00:02:07.125000,6.0,1.0,,,21.047,54.52,51.558,0 days 00:32:15.318000,0 days 00:33:09.838000,0 days 00:34:01.396000,242.0,260.0,223.0,269.0,False,MEDIUM,6.0,True,Red Bull Racing,0 days 00:31:54.271000,2019-11-29 13:16:54.420,1,,False,,False,True,127.125,127.125
300,0 days 00:35:40.481000,ALB,23,0 days 00:01:39.085000,7.0,1.0,,,17.44,42.049,39.596,0 days 00:34:18.836000,0 days 00:35:00.885000,0 days 00:35:40.481000,284.0,318.0,219.0,319.0,False,MEDIUM,7.0,True,Red Bull Racing,0 days 00:34:01.396000,2019-11-29 13:19:01.545,1,,False,,False,True,99.085,99.08500000000001
301,0 days 00:37:50.522000,ALB,23,0 days 00:02:10.041000,8.0,1.0,,0 days 00:37:49.883000,21.358,47.566,61.117,0 days 00:36:01.839000,0 days 00:36:49.405000,0 days 00:37:50.522000,152.0,279.0,,242.0,False,MEDIUM,8.0,True,Red Bull Racing,0 days 00:35:40.481000,2019-11-29 13:20:40.630,1,,False,,False,False,130.041,130.041
302,0 days 00:53:29.184000,ALB,23,,9.0,2.0,0 days 00:51:20.698000,,,49.449,56.266,,0 days 00:52:33.557000,0 days 00:53:32.148000,252.0,190.0,223.0,275.0,False,SOFT,1.0,True,Red Bull Racing,0 days 00:37:50.522000,2019-11-29 13:22:50.671,1,,False,,False,False,,
303,0 days 00:55:06.472000,ALB,23,0 days 00:01:37.288000,10.0,2.0,,,17.347,41.506,38.435,0 days 00:53:46.531000,0 days 00:54:28.037000,0 days 00:55:06.472000,283.0,316.0,220.0,321.0,True,SOFT,2.0,True,Red Bull Racing,0 days 00:53:29.184000,2019-11-29 13:38:29.333,1,,False,,False,True,97.288,97.28800000000001
304,0 days 00:57:21.431000,ALB,23,0 days 00:02:14.959000,11.0,2.0,,,23.932,55.993,55.034,0 days 00:55:30.404000,0 days 00:56:26.397000,0 days 00:57:21.431000,126.0,187.0,178.0,275.0,False,SOFT,3.0,True,Red Bull Racing,0 days 00:55:06.472000,2019-11-29 13:40:06.621,1,,False,,False,True,134.959,134.959
305,0 days 00:59:34.079000,ALB,23,0 days 00:02:12.648000,12.0,2.0,,,23.365,58.17,51.113,0 days 00:57:44.796000,0 days 00:58:42.966000,0 days 00:59:34.079000,242.0,178.0,224.0,129.0,False,SOFT,4.0,True,Red Bull Racing,0 days 00:57:21.431000,2019-11-29 13:42:21.580,1,,False,,False,True,132.648,132.648
306,0 days 01:01:11.614000,ALB,23,0 days 00:01:37.535000,13.0,2.0,,,17.356,41.619,38.56,0 days 00:59:51.435000,0 days 01:00:33.054000,0 days 01:01:11.614000,284.0,315.0,219.0,319.0,False,SOFT,5.0,True,Red Bull Racing,0 days 00:59:34.079000,2019-11-29 13:44:34.228,1,,False,,False,True,97.535,97.535
307,0 days 01:03:13.991000,ALB,23,0 days 00:02:02.377000,14.0,2.0,,0 days 01:03:13.021000,20.678,50.232,51.467,0 days 01:01:32.292000,0 days 01:02:22.524000,0 days 01:03:13.991000,226.0,216.0,,242.0,False,SOFT,6.0,True,Red Bull Racing,0 days 01:01:11.614000,2019-11-29 13:46:11.763,1,,False,,False,False,122.377,122.377
308,0 days 01:17:05.028000,ALB,23,,15.0,3.0,0 days 01:15:12.825000,,,46.991,43.514,,0 days 01:16:21.572000,0 days 01:17:05.284000,262.0,264.0,214.0,256.0,False,SOFT,7.0,False,Red Bull Racing,0 days 01:03:13.991000,2019-11-29 13:48:14.140,12,,False,,False,False,,
309,0 days 01:18:48.147000,ALB,23,0 days 00:01:43.119000,16.0,3.0,,,18.137,44.006,40.976,0 days 01:17:23.165000,0 days 01:18:07.171000,0 days 01:18:48.147000,265.0,277.0,213.0,296.0,False,SOFT,8.0,False,Red Bull Racing,0 days 01:17:05.028000,2019-11-29 14:02:05.177,1,,False,,False,True,103.119,103.119
310,0 days 01:20:31.753000,ALB,23,0 days 00:01:43.606000,17.0,3.0,,,17.981,44.206,41.419,0 days 01:19:06.128000,0 days 01:19:50.334000,0 days 01:20:31.753000,268.0,279.0,213.0,290.0,False,SOFT,9.0,False,Red Bull Racing,0 days 01:18:48.147000,2019-11-29 14:03:48.296,1,,False,,False,True,103.606,103.606
311,0 days 01:22:16.009000,ALB,23,0 days 00:01:44.256000,18.0,3.0,,,18.076,44.348,41.832,0 days 01:20:49.829000,0 days 01:21:34.177000,0 days 01:22:16.009000,268.0,284.0,210.0,294.0,False,SOFT,10.0,False,Red Bull Racing,0 days 01:20:31.753000,2019-11-29 14:05:31.902,1,,False,,False,True,104.256,104.256
312,0 days 01:24:03.787000,ALB,23,0 days 00:01:47.778000,19.0,3.0,,,18.116,44.715,44.947,0 days 01:22:34.125000,0 days 01:23:18.840000,0 days 01:24:03.787000,271.0,263.0,215.0,290.0,False,SOFT,11.0,False,Red Bull Racing,0 days 01:22:16.009000,2019-11-29 14:07:16.158,1,,False,,False,True,107.778,107.778
313,0 days 01:25:48.444000,ALB,23,0 days 00:01:44.657000,20.0,3.0,,,18.12,44.761,41.776,0 days 01:24:21.907000,0 days 01:25:06.668000,0 days 01:25:48.444000,274.0,279.0,214.0,292.0,False,SOFT,12.0,False,Red Bull Racing,0 days 01:24:03.787000,2019-11-29 14:09:03.936,12,,False,,False,True,104.657,104.65700000000001
314,0 days 01:33:56.097000,ALB,23,,21.0,3.0,,0 days 01:27:57.405000,18.126,,,0 days 01:26:06.597000,,,272.0,,,,False,SOFT,13.0,False,Red Bull Racing,0 days 01:25:48.444000,2019-11-29 14:10:48.593,15,,False,,False,False,,
315,0 days 01:35:54.345000,ALB,23,,22.0,4.0,0 days 01:33:56.088000,,,47.775,51.063,,0 days 01:35:04.470000,0 days 01:35:54.411000,260.0,267.0,216.0,276.0,False,MEDIUM,9.0,False,Red Bull Racing,0 days 01:33:56.088000,2019-11-29 14:18:56.237,1,,False,,False,False,,
316,0 days 01:37:37.181000,ALB,23,0 days 00:01:42.836000,23.0,4.0,,,18.006,43.983,40.847,0 days 01:36:12.351000,0 days 01:36:56.334000,0 days 01:37:37.181000,270.0,280.0,215.0,285.0,False,MEDIUM,10.0,False,Red Bull Racing,0 days 01:35:54.345000,2019-11-29 14:20:54.494,1,,False,,False,True,102.836,102.836
317,0 days 01:39:20.278000,ALB,23,0 days 00:01:43.097000,24.0,4.0,,,18.058,44.13,40.909,0 days 01:37:55.239000,0 days 01:38:39.369000,0 days 01:39:20.278000,271.0,283.0,213.0,288.0,False,MEDIUM,11.0,False,Red Bull Racing,0 days 01:37:37.181000,2019-11-29 14:22:37.330,1,,False,,False,True,103.097,103.09700000000001
318,0 days 01:41:03.335000,ALB,23,0 days 00:01:43.057000,25.0,4.0,,,17.979,44.105,40.973,0 days 01:39:38.257000,0 days 01:40:22.362000,0 days 01:41:03.335000,271.0,280.0,213.0,292.0,False,MEDIUM,12.0,False,Red Bull Racing,0 days 01:39:20.278000,2019-11-29 14:24:20.427,1,,False,,False,True,103.057,103.05699999999999
319,0 days 01:42:46.681000,ALB,23,0 days 00:01:43.346000,26.0,4.0,,,18.0,44.243,41.103,0 days 01:41:21.335000,0 days 01:42:05.578000,0 days 01:42:46.681000,272.0,278.0,214.0,292.0,False,MEDIUM,13.0,False,Red Bull Racing,0 days 01:41:03.335000,2019-11-29 14:26:03.484,1,,False,,False,True,103.346,103.346
320,0 days 01:44:30.308000,ALB,23,0 days 00:01:43.627000,27.0,4.0,,,18.027,44.219,41.381,0 days 01:43:04.708000,0 days 01:43:48.927000,0 days 01:44:30.308000,273.0,286.0,212.0,293.0,False,MEDIUM,14.0,False,Red Bull Racing,0 days 01:42:46.681000,2019-11-29 14:27:46.830,1,,False,,False,True,103.627,103.62700000000001
321,0 days 01:46:13.773000,ALB,23,0 days 00:01:43.465000,28.0,4.0,,,18.038,43.843,41.584,0 days 01:44:48.346000,0 days 01:45:32.189000,0 days 01:46:13.773000,275.0,324.0,214.0,302.0,False,MEDIUM,15.0,False,Red Bull Racing,0 days 01:44:30.308000,2019-11-29 14:29:30.457,1,,False,,False,True,103.465,103.465
322,0 days 01:48:23.560000,ALB,23,0 days 00:02:09.787000,29.0,4.0,,,21.42,48.076,60.291,0 days 01:46:35.193000,0 days 01:47:23.269000,0 days 01:48:23.560000,201.0,240.0,45.0,252.0,False,MEDIUM,16.0,False,Red Bull Racing,0 days 01:46:13.773000,2019-11-29 14:31:13.922,1,,False,,False,True,129.787,129.787
323,0 days 01:50:40.395000,ALB,23,0 days 00:02:16.835000,30.0,4.0,,0 days 01:50:39.358000,35.075,47.214,54.546,0 days 01:48:58.635000,0 days 01:49:45.849000,0 days 01:50:40.395000,279.0,166.0,,265.0,False,MEDIUM,17.0,False,Red Bull Racing,0 days 01:48:23.560000,2019-11-29 14:33:23.709,1,,False,,False,False,136.835,136.835
324,0 days 00:21:05.359000,KVY,26,,1.0,1.0,0 days 00:19:07.890000,,,48.098,48.127,,0 days 00:20:17.260000,0 days 00:21:07.546000,257.0,290.0,225.0,298.0,False,MEDIUM,1.0,True,Toro Rosso,0 days 00:19:07.890000,2019-11-29 13:04:08.039,1,,False,,False,False,,
325,0 days 00:22:44.844000,KVY,26,0 days 00:01:39.485000,2.0,1.0,,,17.559,42.007,39.919,0 days 00:21:22.918000,0 days 00:22:04.925000,0 days 00:22:44.844000,282.0,317.0,185.0,319.0,True,MEDIUM,2.0,True,Toro Rosso,0 days 00:21:05.359000,2019-11-29 13:06:05.508,1,,False,,False,True,99.485,99.485
326,0 days 00:25:03.040000,KVY,26,0 days 00:02:18.196000,3.0,1.0,,,26.237,54.346,57.613,0 days 00:23:11.081000,0 days 00:24:05.427000,0 days 00:25:03.040000,201.0,268.0,225.0,286.0,False,MEDIUM,3.0,True,Toro Rosso,0 days 00:22:44.844000,2019-11-29 13:07:44.993,1,,False,,False,True,138.196,138.196
327,0 days 00:26:42.203000,KVY,26,0 days 00:01:39.163000,4.0,1.0,,,17.432,41.87,39.861,0 days 00:25:20.472000,0 days 00:26:02.342000,0 days 00:26:42.203000,286.0,317.0,180.0,323.0,True,MEDIUM,4.0,True,Toro Rosso,0 days 00:25:03.040000,2019-11-29 13:10:03.189,1,,False,,False,True,99.163,99.16299999999998
328,0 days 00:28:59.227000,KVY,26,0 days 00:02:17.024000,5.0,1.0,,,24.597,54.656,57.771,0 days 00:27:06.800000,0 days 00:28:01.456000,0 days 00:28:59.227000,225.0,239.0,224.0,245.0,False,MEDIUM,5.0,True,Toro Rosso,0 days 00:26:42.203000,2019-11-29 13:11:42.352,1,,False,,False,True,137.024,137.024
329,0 days 00:30:39.048000,KVY,26,0 days 00:01:39.821000,6.0,1.0,,,17.47,42.293,40.058,0 days 00:29:16.697000,0 days 00:29:58.990000,0 days 00:30:39.048000,284.0,317.0,211.0,322.0,False,MEDIUM,6.0,True,Toro Rosso,0 days 00:28:59.227000,2019-11-29 13:13:59.376,1,,False,,False,True,99.821,99.821
330,0 days 00:32:45.503000,KVY,26,0 days 00:02:06.455000,7.0,1.0,,0 days 00:32:44.759000,22.942,51.487,52.026,0 days 00:31:01.990000,0 days 00:31:53.477000,0 days 00:32:45.503000,213.0,246.0,,208.0,False,MEDIUM,7.0,True,Toro Rosso,0 days 00:30:39.048000,2019-11-29 13:15:39.197,1,,False,,False,False,126.455,126.45500000000001
331,0 days 00:50:21.388000,KVY,26,,8.0,2.0,0 days 00:48:07.710000,,,50.981,58.132,,0 days 00:49:23.280000,0 days 00:50:23.142000,257.0,281.0,225.0,293.0,False,SOFT,1.0,True,Toro Rosso,0 days 00:32:45.503000,2019-11-29 13:17:45.652,1,,False,,False,False,,
332,0 days 00:51:59.039000,KVY,26,0 days 00:01:37.651000,9.0,2.0,,,17.417,41.653,38.581,0 days 00:50:38.805000,0 days 00:51:20.458000,0 days 00:51:59.039000,283.0,317.0,222.0,321.0,True,SOFT,2.0,True,Toro Rosso,0 days 00:50:21.388000,2019-11-29 13:35:21.537,1,,False,,False,True,97.651,97.65100000000001
333,0 days 00:54:15.645000,KVY,26,0 days 00:02:16.606000,10.0,2.0,,,25.487,55.134,55.985,0 days 00:52:24.526000,0 days 00:53:19.660000,0 days 00:54:15.645000,216.0,215.0,224.0,257.0,False,SOFT,3.0,True,Toro Rosso,0 days 00:51:59.039000,2019-11-29 13:36:59.188,1,,False,,False,True,136.606,136.606
334,0 days 00:55:54.049000,KVY,26,0 days 00:01:38.404000,11.0,2.0,,,17.455,41.688,39.261,0 days 00:54:33.100000,0 days 00:55:14.788000,0 days 00:55:54.049000,284.0,316.0,222.0,322.0,False,SOFT,4.0,True,Toro Rosso,0 days 00:54:15.645000,2019-11-29 13:39:15.794,1,,False,,False,True,98.404,98.404
335,0 days 00:58:05.570000,KVY,26,0 days 00:02:11.521000,12.0,2.0,,,23.131,56.545,51.845,0 days 00:56:17.180000,0 days 00:57:13.725000,0 days 00:58:05.570000,220.0,102.0,226.0,262.0,False,SOFT,5.0,True,Toro Rosso,0 days 00:55:54.049000,2019-11-29 13:40:54.198,1,,False,,False,True,131.521,131.52100000000002
336,0 days 00:59:51.963000,KVY,26,0 days 00:01:46.393000,13.0,2.0,,0 days 00:59:50.926000,17.394,41.941,47.058,0 days 00:58:22.964000,0 days 00:59:04.905000,0 days 00:59:51.963000,284.0,313.0,,321.0,False,SOFT,6.0,True,Toro Rosso,0 days 00:58:05.570000,2019-11-29 13:43:05.719,1,,False,,False,False,106.393,106.393
337,0 days 01:07:42.453000,KVY,26,,14.0,3.0,0 days 01:05:46.268000,,,47.864,47.577,,0 days 01:06:54.897000,0 days 01:07:42.557000,260.0,238.0,218.0,170.0,False,SOFT,7.0,False,Toro Rosso,0 days 00:59:51.963000,2019-11-29 13:44:52.112,12,,False,,False,False,,
338,0 days 01:09:26.873000,KVY,26,0 days 00:01:44.420000,15.0,3.0,,,18.258,44.412,41.75,0 days 01:08:00.711000,0 days 01:08:45.123000,0 days 01:09:26.873000,269.0,282.0,216.0,286.0,False,SOFT,8.0,False,Toro Rosso,0 days 01:07:42.453000,2019-11-29 13:52:42.602,1,,False,,False,True,104.42,104.42
339,0 days 01:11:11.046000,KVY,26,0 days 00:01:44.173000,16.0,3.0,,,18.327,44.346,41.5,0 days 01:09:45.200000,0 days 01:10:29.546000,0 days 01:11:11.046000,271.0,287.0,214.0,288.0,False,SOFT,9.0,False,Toro Rosso,0 days 01:09:26.873000,2019-11-29 13:54:27.022,1,,False,,False,True,104.173,104.173
340,0 days 01:12:55.313000,KVY,26,0 days 00:01:44.267000,17.0,3.0,,,18.284,43.983,42.0,0 days 01:11:29.330000,0 days 01:12:13.313000,0 days 01:12:55.313000,274.0,288.0,213.0,306.0,False,SOFT,10.0,False,Toro Rosso,0 days 01:11:11.046000,2019-11-29 13:56:11.195,1,,False,,False,True,104.267,104.267
341,0 days 01:14:40.957000,KVY,26,0 days 00:01:45.644000,18.0,3.0,,,18.272,44.716,42.656,0 days 01:13:13.585000,0 days 01:13:58.301000,0 days 01:14:40.957000,276.0,287.0,215.0,291.0,False,SOFT,11.0,False,Toro Rosso,0 days 01:12:55.313000,2019-11-29 13:57:55.462,1,,False,,False,True,105.644,105.644
342,0 days 01:16:27.193000,KVY,26,0 days 00:01:46.236000,19.0,3.0,,,18.351,45.013,42.872,0 days 01:14:59.308000,0 days 01:15:44.321000,0 days 01:16:27.193000,275.0,281.0,213.0,289.0,False,SOFT,12.0,False,Toro Rosso,0 days 01:14:40.957000,2019-11-29 13:59:41.106,1,,False,,False,True,106.236,106.23599999999999
343,0 days 01:18:21.229000,KVY,26,0 days 00:01:54.036000,20.0,3.0,,0 days 01:18:20.205000,20.556,45.37,48.11,0 days 01:16:47.749000,0 days 01:17:33.119000,0 days 01:18:21.229000,277.0,291.0,,291.0,False,SOFT,13.0,False,Toro Rosso,0 days 01:16:27.193000,2019-11-29 14:01:27.342,1,,False,,False,False,114.036,114.036
344,0 days 01:20:29.822000,KVY,26,0 days 00:02:08.593000,21.0,4.0,0 days 01:18:42.363000,,39.129,44.596,44.868,0 days 01:19:00.358000,0 days 01:19:44.954000,0 days 01:20:29.822000,269.0,289.0,216.0,308.0,False,MEDIUM,8.0,False,Toro Rosso,0 days 01:18:21.229000,2019-11-29 14:03:21.378,1,,False,,False,False,128.593,128.593
345,0 days 01:22:14.204000,KVY,26,0 days 00:01:44.382000,22.0,4.0,,,18.322,44.189,41.871,0 days 01:20:48.144000,0 days 01:21:32.333000,0 days 01:22:14.204000,270.0,296.0,216.0,299.0,False,MEDIUM,9.0,False,Toro Rosso,0 days 01:20:29.822000,2019-11-29 14:05:29.971,1,,False,,False,True,104.382,104.382
346,0 days 01:23:58.507000,KVY,26,0 days 00:01:44.303000,23.0,4.0,,,18.268,44.239,41.796,0 days 01:22:32.472000,0 days 01:23:16.711000,0 days 01:23:58.507000,271.0,296.0,216.0,298.0,False,MEDIUM,10.0,False,Toro Rosso,0 days 01:22:14.204000,2019-11-29 14:07:14.353,1,,False,,False,True,104.303,104.303
347,0 days 01:25:43.090000,KVY,26,0 days 00:01:44.583000,24.0,4.0,,,18.249,44.185,42.149,0 days 01:24:16.756000,0 days 01:25:00.941000,0 days 01:25:43.090000,270.0,269.0,215.0,299.0,False,MEDIUM,11.0,False,Toro Rosso,0 days 01:23:58.507000,2019-11-29 14:08:58.656,12,,False,,False,True,104.583,104.583
348,0 days 01:33:08.389000,KVY,26,,25.0,4.0,,0 days 01:27:50.996000,18.246,,,0 days 01:26:01.350000,,,,,,309.0,False,MEDIUM,12.0,False,Toro Rosso,0 days 01:25:43.090000,2019-11-29 14:10:43.239,15,,False,,False,False,,
349,0 days 01:35:02.829000,KVY,26,,26.0,5.0,0 days 01:33:08.381000,,,46.253,45.118,,0 days 01:34:17.748000,0 days 01:35:03.353000,271.0,268.0,217.0,288.0,False,MEDIUM,13.0,False,Toro Rosso,0 days 01:33:08.381000,2019-11-29 14:18:08.530,1,,False,,False,False,,
350,0 days 01:36:46.619000,KVY,26,0 days 00:01:43.790000,27.0,5.0,,,18.063,44.231,41.496,0 days 01:35:20.892000,0 days 01:36:05.123000,0 days 01:36:46.619000,273.0,281.0,215.0,290.0,False,MEDIUM,14.0,False,Toro Rosso,0 days 01:35:02.829000,2019-11-29 14:20:02.978,1,,False,,False,True,103.79,103.78999999999999
351,0 days 01:38:30.527000,KVY,26,0 days 00:01:43.908000,28.0,5.0,,,18.063,44.231,41.614,,0 days 01:37:48.913000,0 days 01:38:30.527000,274.0,280.0,216.0,293.0,False,MEDIUM,15.0,False,Toro Rosso,0 days 01:36:46.619000,2019-11-29 14:21:46.768,1,,False,,False,True,103.908,103.90799999999999
352,0 days 01:40:14.535000,KVY,26,0 days 00:01:44.008000,29.0,5.0,,,18.071,44.322,41.615,0 days 01:38:48.598000,0 days 01:39:32.920000,0 days 01:40:14.535000,273.0,284.0,217.0,292.0,False,MEDIUM,16.0,False,Toro Rosso,0 days 01:38:30.527000,2019-11-29 14:23:30.676,1,,False,,False,True,104.008,104.00800000000001
353,0 days 01:41:58.444000,KVY,26,0 days 00:01:43.909000,30.0,5.0,,,17.936,44.262,41.711,0 days 01:40:32.471000,0 days 01:41:16.733000,0 days 01:41:58.444000,277.0,291.0,218.0,293.0,False,MEDIUM,17.0,False,Toro Rosso,0 days 01:40:14.535000,2019-11-29 14:25:14.684,1,,False,,False,True,103.909,103.90899999999999
354,0 days 01:43:42.658000,KVY,26,0 days 00:01:44.214000,31.0,5.0,,,17.982,44.373,41.859,0 days 01:42:16.426000,0 days 01:43:00.799000,0 days 01:43:42.658000,277.0,285.0,217.0,293.0,False,MEDIUM,18.0,False,Toro Rosso,0 days 01:41:58.444000,2019-11-29 14:26:58.593,1,,False,,False,True,104.214,104.214
355,0 days 01:45:27.107000,KVY,26,0 days 00:01:44.449000,32.0,5.0,,,17.801,44.284,42.364,0 days 01:44:00.459000,0 days 01:44:44.743000,0 days 01:45:27.107000,284.0,290.0,216.0,303.0,False,MEDIUM,19.0,False,Toro Rosso,0 days 01:43:42.658000,2019-11-29 14:28:42.807,1,,False,,False,True,104.449,104.44899999999998
356,0 days 01:47:36.006000,KVY,26,0 days 00:02:08.899000,33.0,5.0,,,20.214,45.803,62.882,0 days 01:45:47.321000,0 days 01:46:33.124000,0 days 01:47:36.006000,269.0,236.0,47.0,274.0,False,MEDIUM,20.0,False,Toro Rosso,0 days 01:45:27.107000,2019-11-29 14:30:27.256,1,,False,,False,True,128.899,128.899
357,0 days 01:49:55.983000,KVY,26,0 days 00:02:19.977000,34.0,5.0,,0 days 01:49:55.230000,43.098,46.924,49.955,0 days 01:48:19.104000,0 days 01:49:06.028000,0 days 01:49:55.983000,260.0,228.0,,269.0,False,MEDIUM,21.0,False,Toro Rosso,0 days 01:47:36.006000,2019-11-29 14:32:36.155,1,,False,,False,False,139.977,139.97699999999998
358,0 days 00:28:23.137000,HUL,27,,1.0,1.0,0 days 00:26:24.570000,,,50.436,45.721,,0 days 00:27:38.273000,0 days 00:28:23.263000,111.0,276.0,217.0,289.0,False,HARD,1.0,True,Renault,0 days 00:26:24.570000,2019-11-29 13:11:24.719,1,,False,,False,False,,
359,0 days 00:30:03.860000,HUL,27,0 days 00:01:40.723000,2.0,1.0,,,18.212,42.839,39.672,0 days 00:28:41.349000,0 days 00:29:24.188000,0 days 00:30:03.860000,284.0,313.0,220.0,320.0,True,HARD,2.0,True,Renault,0 days 00:28:23.137000,2019-11-29 13:13:23.286,1,,False,,False,True,100.723,100.723
360,0 days 00:32:03.736000,HUL,27,0 days 00:01:59.876000,3.0,1.0,,,20.194,47.704,51.978,0 days 00:30:24.054000,0 days 00:31:11.758000,0 days 00:32:03.736000,244.0,271.0,220.0,286.0,False,HARD,3.0,True,Renault,0 days 00:30:03.860000,2019-11-29 13:15:04.009,1,,False,,False,True,119.876,119.876
361,0 days 00:33:44.068000,HUL,27,0 days 00:01:40.332000,4.0,1.0,,,17.642,42.539,40.151,0 days 00:32:21.378000,0 days 00:33:03.917000,0 days 00:33:44.068000,285.0,313.0,218.0,321.0,True,HARD,4.0,True,Renault,0 days 00:32:03.736000,2019-11-29 13:17:03.885,1,,False,,False,True,100.332,100.332
362,0 days 00:35:52.075000,HUL,27,0 days 00:02:08.007000,5.0,1.0,,,20.902,50.265,56.84,0 days 00:34:04.970000,0 days 00:34:55.235000,0 days 00:35:52.075000,207.0,192.0,215.0,279.0,False,HARD,5.0,True,Renault,0 days 00:33:44.068000,2019-11-29 13:18:44.217,1,,False,,False,True,128.007,128.007
363,0 days 00:37:32.194000,HUL,27,0 days 00:01:40.119000,6.0,1.0,,,17.754,42.561,39.804,0 days 00:36:09.829000,0 days 00:36:52.390000,0 days 00:37:32.194000,286.0,315.0,218.0,321.0,True,HARD,6.0,True,Renault,0 days 00:35:52.075000,2019-11-29 13:20:52.224,1,,False,,False,True,100.119,100.119
364,0 days 00:39:32.168000,HUL,27,0 days 00:01:59.974000,7.0,1.0,,0 days 00:39:31.371000,20.759,52.6,46.615,0 days 00:37:52.953000,0 days 00:38:45.553000,0 days 00:39:32.168000,106.0,238.0,,239.0,False,HARD,7.0,True,Renault,0 days 00:37:32.194000,2019-11-29 13:22:32.343,1,,False,,False,False,119.974,119.97400000000002
365,0 days 00:54:49.207000,HUL,27,,8.0,2.0,0 days 00:52:32.509000,,,55.816,57.974,,0 days 00:53:51.256000,0 days 00:54:49.936000,193.0,233.0,221.0,232.0,False,SOFT,1.0,True,Renault,0 days 00:39:32.168000,2019-11-29 13:24:32.317,1,,False,,False,False,,
366,0 days 00:56:27.329000,HUL,27,0 days 00:01:38.122000,9.0,2.0,,,17.543,41.874,38.705,0 days 00:55:06.750000,0 days 00:55:48.624000,0 days 00:56:27.329000,287.0,313.0,220.0,321.0,True,SOFT,2.0,True,Renault,0 days 00:54:49.207000,2019-11-29 13:39:49.356,1,,False,,False,True,98.122,98.122
367,0 days 00:58:42.253000,HUL,27,0 days 00:02:14.924000,10.0,2.0,,,23.972,57.001,53.951,0 days 00:56:51.301000,0 days 00:57:48.302000,0 days 00:58:42.253000,210.0,153.0,224.0,185.0,False,SOFT,3.0,True,Renault,0 days 00:56:27.329000,2019-11-29 13:41:27.478,1,,False,,False,True,134.924,134.924
368,0 days 01:00:27.896000,HUL,27,0 days 00:01:45.643000,11.0,2.0,,,17.486,41.871,46.286,0 days 00:58:59.739000,0 days 00:59:41.610000,0 days 01:00:27.896000,285.0,311.0,196.0,320.0,False,SOFT,4.0,True,Renault,0 days 00:58:42.253000,2019-11-29 13:43:42.402,1,,False,,False,True,105.643,105.643
369,0 days 01:02:27.572000,HUL,27,0 days 00:01:59.676000,12.0,2.0,,0 days 01:02:27.609000,20.941,50.316,48.419,0 days 01:00:48.837000,0 days 01:01:39.153000,0 days 01:02:27.572000,232.0,106.0,,270.0,False,SOFT,5.0,True,Renault,0 days 01:00:27.896000,2019-11-29 13:45:28.045,1,,False,,False,False,119.676,119.676
370,0 days 01:15:09.249000,HUL,27,,13.0,3.0,0 days 01:13:15.053000,,,46.954,47.703,,0 days 01:14:22.724000,0 days 01:15:09.408000,248.0,261.0,217.0,251.0,False,SOFT,6.0,False,Renault,0 days 01:02:27.572000,2019-11-29 13:47:27.721,12,,False,,False,False,,
371,0 days 01:16:53.731000,HUL,27,0 days 00:01:44.482000,14.0,3.0,,,18.786,44.281,41.415,0 days 01:15:28.035000,0 days 01:16:12.316000,0 days 01:16:53.731000,267.0,285.0,214.0,292.0,False,SOFT,7.0,False,Renault,0 days 01:15:09.249000,2019-11-29 14:00:09.398,1,,False,,False,True,104.482,104.482
372,0 days 01:18:37.798000,HUL,27,0 days 00:01:44.067000,15.0,3.0,,,18.613,44.349,41.105,0 days 01:17:12.344000,0 days 01:17:56.693000,0 days 01:18:37.798000,266.0,287.0,215.0,290.0,False,SOFT,8.0,False,Renault,0 days 01:16:53.731000,2019-11-29 14:01:53.880,1,,False,,False,True,104.067,104.067
373,0 days 01:20:21.713000,HUL,27,0 days 00:01:43.915000,16.0,3.0,,,18.355,44.232,41.328,0 days 01:18:56.153000,0 days 01:19:40.385000,0 days 01:20:21.713000,269.0,288.0,215.0,292.0,False,SOFT,9.0,False,Renault,0 days 01:18:37.798000,2019-11-29 14:03:37.947,1,,False,,False,True,103.915,103.915
374,0 days 01:22:05.524000,HUL,27,0 days 00:01:43.811000,17.0,3.0,,,18.39,44.271,41.15,0 days 01:20:40.103000,0 days 01:21:24.374000,0 days 01:22:05.524000,269.0,287.0,214.0,291.0,False,SOFT,10.0,False,Renault,0 days 01:20:21.713000,2019-11-29 14:05:21.862,1,,False,,False,True,103.811,103.811
375,0 days 01:23:52.320000,HUL,27,0 days 00:01:46.796000,18.0,3.0,,,18.238,44.365,44.193,0 days 01:22:23.762000,0 days 01:23:08.127000,0 days 01:23:52.320000,271.0,287.0,209.0,294.0,False,SOFT,11.0,False,Renault,0 days 01:22:05.524000,2019-11-29 14:07:05.673,1,,False,,False,True,106.796,106.79599999999999
376,0 days 01:25:45.181000,HUL,27,0 days 00:01:52.861000,19.0,3.0,,,18.273,44.658,49.93,0 days 01:24:10.593000,0 days 01:24:55.251000,0 days 01:25:45.181000,272.0,269.0,205.0,294.0,False,SOFT,12.0,False,Renault,0 days 01:23:52.320000,2019-11-29 14:08:52.469,12,,False,,False,True,112.861,112.86099999999999
377,0 days 01:33:15.061000,HUL,27,,20.0,3.0,,0 days 01:27:53.139000,18.301,,,0 days 01:26:03.505000,,,,,,,False,SOFT,13.0,False,Renault,0 days 01:25:45.181000,2019-11-29 14:10:45.330,15,,False,,False,False,,
378,0 days 01:35:10.976000,HUL,27,,21.0,4.0,0 days 01:33:15.061000,,,45.488,46.598,,0 days 01:34:24.390000,0 days 01:35:11.283000,271.0,290.0,214.0,255.0,False,HARD,8.0,False,Renault,0 days 01:33:15.061000,2019-11-29 14:18:15.210,1,,False,,False,False,,
379,0 days 01:36:56.546000,HUL,27,0 days 00:01:45.570000,22.0,4.0,,,18.394,44.149,43.027,0 days 01:35:29.370000,0 days 01:36:13.519000,0 days 01:36:56.546000,271.0,290.0,214.0,297.0,False,HARD,9.0,False,Renault,0 days 01:35:10.976000,2019-11-29 14:20:11.125,1,,False,,False,True,105.57,105.57
380,0 days 01:38:41.231000,HUL,27,0 days 00:01:44.685000,23.0,4.0,,,18.323,44.107,42.255,0 days 01:37:14.869000,0 days 01:37:58.976000,0 days 01:38:41.231000,271.0,291.0,214.0,298.0,False,HARD,10.0,False,Renault,0 days 01:36:56.546000,2019-11-29 14:21:56.695,1,,False,,False,True,104.685,104.685
381,0 days 01:40:25.116000,HUL,27,0 days 00:01:43.885000,24.0,4.0,,,18.293,43.564,42.028,0 days 01:38:59.524000,0 days 01:39:43.088000,0 days 01:40:25.116000,274.0,308.0,212.0,318.0,False,HARD,11.0,False,Renault,0 days 01:38:41.231000,2019-11-29 14:23:41.380,1,,False,,False,True,103.885,103.88499999999999
382,0 days 01:42:11.780000,HUL,27,0 days 00:01:46.664000,25.0,4.0,,,18.323,44.264,44.077,0 days 01:40:43.439000,0 days 01:41:27.703000,0 days 01:42:11.780000,272.0,290.0,216.0,296.0,False,HARD,12.0,False,Renault,0 days 01:40:25.116000,2019-11-29 14:25:25.265,1,,False,,False,True,106.664,106.664
383,0 days 01:43:55.685000,HUL,27,0 days 00:01:43.905000,26.0,4.0,,,18.111,44.394,41.4,0 days 01:42:29.891000,0 days 01:43:14.285000,0 days 01:43:55.685000,274.0,290.0,214.0,294.0,False,HARD,13.0,False,Renault,0 days 01:42:11.780000,2019-11-29 14:27:11.929,1,,False,,False,True,103.905,103.905
384,0 days 01:45:45.749000,HUL,27,0 days 00:01:50.064000,27.0,4.0,,,18.216,46.284,45.564,0 days 01:44:13.901000,0 days 01:45:00.185000,0 days 01:45:45.749000,272.0,227.0,204.0,264.0,False,HARD,14.0,False,Renault,0 days 01:43:55.685000,2019-11-29 14:28:55.834,1,,False,,False,True,110.064,110.064
385,0 days 01:47:58.098000,HUL,27,0 days 00:02:12.349000,28.0,4.0,,,20.351,48.702,63.296,0 days 01:46:06.100000,0 days 01:46:54.802000,0 days 01:47:58.098000,215.0,223.0,67.0,228.0,False,HARD,15.0,False,Renault,0 days 01:45:45.749000,2019-11-29 14:30:45.898,1,,False,,False,True,132.349,132.349
386,0 days 01:50:11.005000,HUL,27,0 days 00:02:12.907000,29.0,4.0,,0 days 01:50:09.596000,44.192,44.037,44.678,0 days 01:48:42.290000,0 days 01:49:26.327000,0 days 01:50:11.005000,276.0,296.0,,308.0,False,HARD,16.0,False,Renault,0 days 01:47:58.098000,2019-11-29 14:32:58.247,1,,False,,False,False,132.907,132.90699999999998
387,0 days 00:25:15.715000,VER,33,,1.0,1.0,0 days 00:23:10.800000,,,48.904,55.896,,0 days 00:24:19.842000,0 days 00:25:16.324000,220.0,270.0,226.0,284.0,False,MEDIUM,1.0,True,Red Bull Racing,0 days 00:23:10.800000,2019-11-29 13:08:10.949,1,,False,,False,False,,
388,0 days 00:26:52.860000,VER,33,0 days 00:01:37.145000,2.0,1.0,,,17.125,41.318,38.702,0 days 00:25:32.840000,0 days 00:26:14.158000,0 days 00:26:52.860000,287.0,321.0,224.0,325.0,True,MEDIUM,2.0,True,Red Bull Racing,0 days 00:25:15.715000,2019-11-29 13:10:15.864,1,,False,,False,True,97.145,97.145
389,0 days 00:29:20.368000,VER,33,0 days 00:02:27.508000,3.0,1.0,,,30.195,63.126,54.187,0 days 00:27:23.055000,0 days 00:28:26.181000,0 days 00:29:20.368000,186.0,153.0,192.0,188.0,False,MEDIUM,3.0,True,Red Bull Racing,0 days 00:26:52.860000,2019-11-29 13:11:53.009,1,,False,,False,True,147.508,147.50799999999998
390,0 days 00:31:22.496000,VER,33,0 days 00:02:02.128000,4.0,1.0,,,22.794,52.463,46.871,0 days 00:29:43.162000,0 days 00:30:35.625000,0 days 00:31:22.496000,243.0,262.0,224.0,247.0,False,MEDIUM,4.0,True,Red Bull Racing,0 days 00:29:20.368000,2019-11-29 13:14:20.517,1,,False,,False,True,122.128,122.12800000000001
391,0 days 00:32:59.984000,VER,33,0 days 00:01:37.488000,5.0,1.0,,,17.263,41.637,38.588,0 days 00:31:39.759000,0 days 00:32:21.396000,0 days 00:32:59.984000,285.0,316.0,221.0,319.0,False,MEDIUM,5.0,True,Red Bull Racing,0 days 00:31:22.496000,2019-11-29 13:16:22.645,1,,False,,False,True,97.488,97.488
392,0 days 00:35:26.750000,VER,33,0 days 00:02:26.766000,6.0,1.0,,,25.566,64.522,56.678,0 days 00:33:25.550000,0 days 00:34:30.072000,0 days 00:35:26.750000,124.0,160.0,178.0,194.0,False,MEDIUM,6.0,True,Red Bull Racing,0 days 00:32:59.984000,2019-11-29 13:18:00.133,1,,False,,False,True,146.766,146.76600000000002
393,0 days 00:37:54.212000,VER,33,0 days 00:02:27.462000,7.0,1.0,,,24.555,53.535,69.372,0 days 00:35:51.305000,0 days 00:36:44.840000,0 days 00:37:54.212000,189.0,237.0,215.0,246.0,False,MEDIUM,7.0,True,Red Bull Racing,0 days 00:35:26.750000,2019-11-29 13:20:26.899,1,,False,,False,True,147.462,147.462
394,0 days 00:39:39.922000,VER,33,0 days 00:01:45.710000,8.0,1.0,,0 days 00:39:38.907000,17.43,41.614,46.666,0 days 00:38:11.642000,0 days 00:38:53.256000,0 days 00:39:39.922000,287.0,316.0,,318.0,False,MEDIUM,8.0,True,Red Bull Racing,0 days 00:37:54.212000,2019-11-29 13:22:54.361,1,,False,,False,False,105.71,105.71
395,0 days 00:53:17.062000,VER,33,,9.0,2.0,0 days 00:51:15.307000,,,51.882,46.951,,0 days 00:52:31.018000,0 days 00:53:18.302000,208.0,225.0,224.0,240.0,False,SOFT,1.0,True,Red Bull Racing,0 days 00:39:39.922000,2019-11-29 13:24:40.071,1,,False,,False,False,,
396,0 days 00:54:53.873000,VER,33,0 days 00:01:36.811000,10.0,2.0,,,17.353,41.486,37.972,0 days 00:53:34.415000,0 days 00:54:15.901000,0 days 00:54:53.873000,283.0,316.0,223.0,318.0,True,SOFT,2.0,True,Red Bull Racing,0 days 00:53:17.062000,2019-11-29 13:38:17.211,1,,False,,False,True,96.811,96.811
397,0 days 00:57:13.590000,VER,33,0 days 00:02:19.717000,11.0,2.0,,,23.275,61.893,54.549,0 days 00:55:17.148000,0 days 00:56:19.041000,0 days 00:57:13.590000,151.0,131.0,164.0,200.0,False,SOFT,3.0,True,Red Bull Racing,0 days 00:54:53.873000,2019-11-29 13:39:54.022,1,,False,,False,True,139.717,139.717
398,0 days 00:59:26.313000,VER,33,0 days 00:02:12.723000,12.0,2.0,,,25.731,60.324,46.668,0 days 00:57:39.321000,0 days 00:58:39.645000,0 days 00:59:26.313000,173.0,220.0,224.0,189.0,False,SOFT,4.0,True,Red Bull Racing,0 days 00:57:13.590000,2019-11-29 13:42:13.739,1,,False,,False,True,132.723,132.723
399,0 days 01:01:03.120000,VER,33,0 days 00:01:36.807000,13.0,2.0,,,17.316,41.379,38.112,0 days 00:59:43.629000,0 days 01:00:25.008000,0 days 01:01:03.120000,285.0,315.0,219.0,319.0,True,SOFT,5.0,True,Red Bull Racing,0 days 00:59:26.313000,2019-11-29 13:44:26.462,1,,False,,False,True,96.807,96.80699999999999
400,0 days 01:02:53.366000,VER,33,0 days 00:01:50.246000,14.0,2.0,,0 days 01:02:53.347000,19.071,46.497,44.678,0 days 01:01:22.191000,0 days 01:02:08.688000,0 days 01:02:53.366000,224.0,238.0,,255.0,False,SOFT,6.0,True,Red Bull Racing,0 days 01:01:03.120000,2019-11-29 13:46:03.269,1,,False,,False,False,110.246,110.246
401,0 days 01:16:01.492000,VER,33,,15.0,3.0,0 days 01:14:08.908000,,,45.644,48.22,,0 days 01:15:13.316000,0 days 01:16:01.602000,238.0,234.0,215.0,262.0,False,SOFT,7.0,False,Red Bull Racing,0 days 01:02:53.366000,2019-11-29 13:47:53.515,12,,False,,False,False,,
402,0 days 01:17:44.106000,VER,33,0 days 00:01:42.614000,16.0,3.0,,,18.186,43.884,40.544,0 days 01:16:19.678000,0 days 01:17:03.562000,0 days 01:17:44.106000,269.0,275.0,215.0,286.0,False,SOFT,8.0,False,Red Bull Racing,0 days 01:16:01.492000,2019-11-29 14:01:01.641,1,,False,,False,True,102.614,102.614
403,0 days 01:19:26.811000,VER,33,0 days 00:01:42.705000,17.0,3.0,,,17.986,44.023,40.696,0 days 01:18:02.092000,0 days 01:18:46.115000,0 days 01:19:26.811000,269.0,278.0,215.0,286.0,False,SOFT,9.0,False,Red Bull Racing,0 days 01:17:44.106000,2019-11-29 14:02:44.255,1,,False,,False,True,102.705,102.705
404,0 days 01:21:10.143000,VER,33,0 days 00:01:43.332000,18.0,3.0,,,18.087,44.194,41.051,0 days 01:19:44.898000,0 days 01:20:29.092000,0 days 01:21:10.143000,269.0,277.0,214.0,288.0,False,SOFT,10.0,False,Red Bull Racing,0 days 01:19:26.811000,2019-11-29 14:04:26.960,1,,False,,False,True,103.332,103.33200000000001
405,0 days 01:22:56.830000,VER,33,0 days 00:01:46.687000,19.0,3.0,,,18.189,44.306,44.192,0 days 01:21:28.332000,0 days 01:22:12.638000,0 days 01:22:56.830000,270.0,279.0,215.0,291.0,False,SOFT,11.0,False,Red Bull Racing,0 days 01:21:10.143000,2019-11-29 14:06:10.292,1,,False,,False,True,106.687,106.687
406,0 days 01:24:40.804000,VER,33,0 days 00:01:43.974000,20.0,3.0,,,18.144,44.346,41.484,0 days 01:23:14.974000,0 days 01:23:59.320000,0 days 01:24:40.804000,274.0,286.0,212.0,290.0,False,SOFT,12.0,False,Red Bull Racing,0 days 01:22:56.830000,2019-11-29 14:07:56.979,1,,False,,False,True,103.974,103.97399999999999
407,0 days 01:26:27.364000,VER,33,0 days 00:01:46.560000,21.0,3.0,,0 days 01:26:26.585000,18.214,44.332,44.014,0 days 01:24:59.018000,0 days 01:25:43.350000,0 days 01:26:27.364000,272.0,280.0,,292.0,False,SOFT,13.0,False,Red Bull Racing,0 days 01:24:40.804000,2019-11-29 14:09:40.953,12,,False,,False,False,106.56,106.56
408,0 days 01:35:08.082000,VER,33,,22.0,4.0,0 days 01:33:15.866000,,,43.989,44.648,,0 days 01:34:23.486000,0 days 01:35:08.875000,261.0,287.0,214.0,324.0,False,MEDIUM,9.0,False,Red Bull Racing,0 days 01:33:15.866000,2019-11-29 14:18:16.015,1,,False,,False,False,,
409,0 days 01:36:54.653000,VER,33,0 days 00:01:46.571000,23.0,4.0,,,18.215,43.977,44.379,0 days 01:35:26.297000,0 days 01:36:10.274000,0 days 01:36:54.653000,275.0,289.0,217.0,299.0,False,MEDIUM,10.0,False,Red Bull Racing,0 days 01:35:08.082000,2019-11-29 14:20:08.231,1,,False,,False,True,106.571,106.571
410,0 days 01:38:40.436000,VER,33,0 days 00:01:45.783000,24.0,4.0,,,17.969,43.363,44.451,0 days 01:37:12.622000,0 days 01:37:55.985000,0 days 01:38:40.436000,273.0,300.0,218.0,324.0,False,MEDIUM,11.0,False,Red Bull Racing,0 days 01:36:54.653000,2019-11-29 14:21:54.802,1,,False,,False,True,105.783,105.783
411,0 days 01:40:23.550000,VER,33,0 days 00:01:43.114000,25.0,4.0,,,18.025,43.949,41.14,0 days 01:38:58.461000,0 days 01:39:42.410000,0 days 01:40:23.550000,275.0,287.0,214.0,298.0,False,MEDIUM,12.0,False,Red Bull Racing,0 days 01:38:40.436000,2019-11-29 14:23:40.585,1,,False,,False,True,103.114,103.114
412,0 days 01:42:07.435000,VER,33,0 days 00:01:43.885000,26.0,4.0,,,18.077,44.272,41.536,0 days 01:40:41.627000,0 days 01:41:25.899000,0 days 01:42:07.435000,272.0,282.0,210.0,296.0,False,MEDIUM,13.0,False,Red Bull Racing,0 days 01:40:23.550000,2019-11-29 14:25:23.699,1,,False,,False,True,103.885,103.885
413,0 days 01:43:54.277000,VER,33,0 days 00:01:46.842000,27.0,4.0,,,17.997,44.225,44.62,0 days 01:42:25.432000,0 days 01:43:09.657000,0 days 01:43:54.277000,275.0,294.0,216.0,298.0,False,MEDIUM,14.0,False,Red Bull Racing,0 days 01:42:07.435000,2019-11-29 14:27:07.584,1,,False,,False,True,106.842,106.842
414,0 days 01:45:37.797000,VER,33,0 days 00:01:43.520000,28.0,4.0,,,18.069,44.167,41.284,0 days 01:44:12.346000,0 days 01:44:56.513000,0 days 01:45:37.797000,273.0,286.0,212.0,295.0,False,MEDIUM,15.0,False,Red Bull Racing,0 days 01:43:54.277000,2019-11-29 14:28:54.426,1,,False,,False,True,103.52,103.52000000000001
415,0 days 01:48:01.098000,VER,33,0 days 00:02:23.301000,29.0,4.0,,,21.372,57.093,64.836,0 days 01:45:59.169000,0 days 01:46:56.262000,0 days 01:48:01.098000,179.0,178.0,77.0,163.0,False,MEDIUM,16.0,False,Red Bull Racing,0 days 01:45:37.797000,2019-11-29 14:30:37.946,1,,False,,False,True,143.301,143.301
416,0 days 01:50:29.441000,VER,33,0 days 00:02:28.343000,30.0,4.0,,0 days 01:50:29.481000,41.113,56.219,51.011,0 days 01:48:42.211000,0 days 01:49:38.430000,0 days 01:50:29.441000,182.0,186.0,,190.0,False,MEDIUM,17.0,False,Red Bull Racing,0 days 01:48:01.098000,2019-11-29 14:33:01.247,1,,False,,False,False,148.343,148.343
417,0 days 00:24:05.331000,HAM,44,,1.0,1.0,0 days 00:22:05.811000,,,49.832,47.696,,0 days 00:23:17.650000,0 days 00:24:05.449000,240.0,240.0,215.0,266.0,False,HARD,1.0,True,Mercedes,0 days 00:22:05.811000,2019-11-29 13:07:05.960,1,,False,,False,False,,
418,0 days 00:25:53.643000,HAM,44,0 days 00:01:48.312000,2.0,1.0,,,17.522,42.221,48.569,0 days 00:24:22.853000,0 days 00:25:05.074000,0 days 00:25:53.643000,281.0,311.0,166.0,315.0,True,HARD,2.0,True,Mercedes,0 days 00:24:05.331000,2019-11-29 13:09:05.480,1,,False,,False,True,108.312,108.312
419,0 days 00:28:08.669000,HAM,44,0 days 00:02:15.026000,3.0,1.0,,,25.381,54.356,55.289,0 days 00:26:19.024000,0 days 00:27:13.380000,0 days 00:28:08.669000,197.0,242.0,218.0,221.0,False,HARD,3.0,True,Mercedes,0 days 00:25:53.643000,2019-11-29 13:10:53.792,1,,False,,False,True,135.026,135.026
420,0 days 00:30:02.841000,HAM,44,0 days 00:01:54.172000,4.0,1.0,,,17.68,45.077,51.415,0 days 00:28:26.349000,0 days 00:29:11.426000,0 days 00:30:02.841000,282.0,238.0,219.0,288.0,False,HARD,4.0,True,Mercedes,0 days 00:28:08.669000,2019-11-29 13:13:08.818,1,,False,,False,True,114.172,114.172
421,0 days 00:31:41.268000,HAM,44,0 days 00:01:38.427000,5.0,1.0,,,17.515,41.887,39.025,0 days 00:30:20.356000,0 days 00:31:02.243000,0 days 00:31:41.268000,281.0,317.0,219.0,320.0,True,HARD,5.0,True,Mercedes,0 days 00:30:02.841000,2019-11-29 13:15:02.990,1,,False,,False,True,98.427,98.42699999999999
422,0 days 00:34:05.801000,HAM,44,0 days 00:02:24.533000,6.0,1.0,,,21.57,67.421,55.542,0 days 00:32:02.838000,0 days 00:33:10.259000,0 days 00:34:05.801000,203.0,166.0,219.0,183.0,False,HARD,6.0,True,Mercedes,0 days 00:31:41.268000,2019-11-29 13:16:41.417,1,,False,,False,True,144.533,144.53300000000002
423,0 days 00:35:43.776000,HAM,44,0 days 00:01:37.975000,7.0,1.0,,,17.445,41.78,38.75,0 days 00:34:23.246000,0 days 00:35:05.026000,0 days 00:35:43.776000,282.0,318.0,220.0,320.0,True,HARD,7.0,True,Mercedes,0 days 00:34:05.801000,2019-11-29 13:19:05.950,1,,False,,False,True,97.975,97.975
424,0 days 00:37:43.736000,HAM,44,0 days 00:01:59.960000,8.0,1.0,,0 days 00:37:42.662000,21.012,50.996,47.952,0 days 00:36:04.788000,0 days 00:36:55.784000,0 days 00:37:43.736000,172.0,249.0,,260.0,False,HARD,8.0,True,Mercedes,0 days 00:35:43.776000,2019-11-29 13:20:43.925,1,,False,,False,False,119.96,119.96000000000001
425,0 days 00:39:58.746000,HAM,44,0 days 00:02:15.010000,9.0,2.0,0 days 00:38:13.561000,0 days 00:39:57.676000,48.175,44.142,42.693,0 days 00:38:31.911000,0 days 00:39:16.053000,0 days 00:39:58.746000,268.0,285.0,,286.0,False,HARD,9.0,False,Mercedes,0 days 00:37:43.736000,2019-11-29 13:22:43.885,1,,False,,False,False,135.01,135.01
426,0 days 00:50:43.010000,HAM,44,,10.0,3.0,0 days 00:48:30.609000,,,49.272,59.442,,0 days 00:49:43.568000,0 days 00:50:43.205000,238.0,233.0,221.0,249.0,False,SOFT,1.0,True,Mercedes,0 days 00:39:58.746000,2019-11-29 13:24:58.895,1,,False,,False,False,,
427,0 days 00:52:19.644000,HAM,44,0 days 00:01:36.634000,11.0,3.0,,,17.372,41.442,37.82,0 days 00:51:00.382000,0 days 00:51:41.824000,0 days 00:52:19.644000,281.0,313.0,222.0,317.0,True,SOFT,2.0,True,Mercedes,0 days 00:50:43.010000,2019-11-29 13:35:43.159,1,,False,,False,True,96.634,96.634
428,0 days 00:54:59.976000,HAM,44,,12.0,3.0,,,29.74,74.371,56.221,0 days 00:52:49.384000,0 days 00:54:03.775000,0 days 00:55:00.092000,127.0,207.0,221.0,120.0,False,SOFT,3.0,True,Mercedes,0 days 00:52:19.644000,2019-11-29 13:37:19.793,1,,False,,False,False,,160.332
429,0 days 00:56:47.809000,HAM,44,0 days 00:01:47.833000,13.0,3.0,,,17.311,41.343,49.179,0 days 00:55:17.287000,0 days 00:55:58.630000,0 days 00:56:47.809000,282.0,314.0,104.0,318.0,False,SOFT,4.0,True,Mercedes,0 days 00:54:59.976000,2019-11-29 13:40:00.125,1,,False,,False,True,107.833,107.833
430,0 days 00:59:41.938000,HAM,44,,14.0,3.0,,,40.9,77.175,56.046,0 days 00:57:28.728000,0 days 00:58:45.892000,0 days 00:59:43.644000,116.0,225.0,221.0,195.0,False,SOFT,5.0,True,Mercedes,0 days 00:56:47.809000,2019-11-29 13:41:47.958,1,,False,,False,False,,174.12099999999998
431,0 days 01:01:18.504000,HAM,44,0 days 00:01:36.566000,15.0,3.0,,,17.348,41.411,37.807,0 days 00:59:59.286000,0 days 01:00:40.697000,0 days 01:01:18.504000,283.0,314.0,222.0,318.0,True,SOFT,6.0,True,Mercedes,0 days 00:59:41.938000,2019-11-29 13:44:42.087,1,,False,,False,True,96.566,96.566
432,0 days 01:03:11.211000,HAM,44,0 days 00:01:52.707000,16.0,3.0,,0 days 01:03:10.236000,18.635,46.537,47.535,0 days 01:01:37.139000,0 days 01:02:23.676000,0 days 01:03:11.211000,255.0,231.0,,261.0,False,SOFT,7.0,True,Mercedes,0 days 01:01:18.504000,2019-11-29 13:46:18.653,1,,False,,False,False,112.707,112.707
433,0 days 01:15:56.403000,HAM,44,,17.0,4.0,0 days 01:14:04.607000,,,48.001,43.785,,0 days 01:15:12.624000,0 days 01:15:56.505000,258.0,267.0,217.0,269.0,False,SOFT,8.0,False,Mercedes,0 days 01:03:11.211000,2019-11-29 13:48:11.360,12,,False,,False,False,,
434,0 days 01:17:38.938000,HAM,44,0 days 00:01:42.535000,18.0,4.0,,,17.948,43.96,40.627,0 days 01:16:14.351000,0 days 01:16:58.311000,0 days 01:17:38.938000,275.0,278.0,215.0,289.0,False,SOFT,9.0,False,Mercedes,0 days 01:15:56.403000,2019-11-29 14:00:56.552,1,,False,,False,True,102.535,102.535
435,0 days 01:19:21.135000,HAM,44,0 days 00:01:42.197000,19.0,4.0,,,18.052,43.933,40.212,0 days 01:17:56.990000,0 days 01:18:40.923000,0 days 01:19:21.135000,273.0,284.0,215.0,290.0,False,SOFT,10.0,False,Mercedes,0 days 01:17:38.938000,2019-11-29 14:02:39.087,1,,False,,False,True,102.197,102.197
436,0 days 01:21:03.894000,HAM,44,0 days 00:01:42.759000,20.0,4.0,,,18.035,44.027,40.697,0 days 01:19:39.170000,0 days 01:20:23.197000,0 days 01:21:03.894000,270.0,279.0,213.0,290.0,False,SOFT,11.0,False,Mercedes,0 days 01:19:21.135000,2019-11-29 14:04:21.284,1,,False,,False,True,102.759,102.759
437,0 days 01:22:52.460000,HAM,44,0 days 00:01:48.566000,21.0,4.0,,,18.195,44.5,45.871,0 days 01:21:22.089000,0 days 01:22:06.589000,0 days 01:22:52.460000,271.0,250.0,217.0,291.0,False,SOFT,12.0,False,Mercedes,0 days 01:21:03.894000,2019-11-29 14:06:04.043,1,,False,,False,True,108.566,108.566
438,0 days 01:24:35.786000,HAM,44,0 days 00:01:43.326000,22.0,4.0,,,18.122,44.302,40.902,0 days 01:23:10.582000,0 days 01:23:54.884000,0 days 01:24:35.786000,275.0,279.0,214.0,291.0,False,SOFT,13.0,False,Mercedes,0 days 01:22:52.460000,2019-11-29 14:07:52.609,1,,False,,False,True,103.326,103.326
439,0 days 01:26:20.433000,HAM,44,0 days 00:01:44.647000,23.0,4.0,,,18.135,44.384,42.128,0 days 01:24:53.921000,0 days 01:25:38.305000,0 days 01:26:20.433000,273.0,276.0,207.0,293.0,False,SOFT,14.0,False,Mercedes,0 days 01:24:35.786000,2019-11-29 14:09:35.935,12,,False,,False,True,104.647,104.647
440,0 days 01:33:18.602000,HAM,44,,24.0,4.0,,0 days 01:28:42.813000,,,,,,,,,,,False,SOFT,15.0,False,Mercedes,0 days 01:26:20.433000,2019-11-29 14:11:20.582,15,,False,,False,False,,
441,0 days 01:35:08.878000,HAM,44,,25.0,5.0,0 days 01:33:18.602000,,,45.947,42.355,,0 days 01:34:26.532000,0 days 01:35:11.016000,234.0,262.0,216.0,287.0,False,HARD,10.0,False,Mercedes,0 days 01:33:18.602000,2019-11-29 14:18:18.751,1,,False,,False,False,,
442,0 days 01:36:58.841000,HAM,44,0 days 00:01:49.963000,26.0,5.0,,,18.411,44.011,47.541,0 days 01:35:27.289000,0 days 01:36:11.300000,0 days 01:36:58.841000,280.0,289.0,217.0,298.0,False,HARD,11.0,False,Mercedes,0 days 01:35:08.878000,2019-11-29 14:20:09.027,1,,False,,False,True,109.963,109.963
443,0 days 01:38:41.744000,HAM,44,0 days 00:01:42.903000,27.0,5.0,,,17.976,43.651,41.276,0 days 01:37:16.817000,0 days 01:38:00.468000,0 days 01:38:41.744000,277.0,290.0,209.0,296.0,False,HARD,12.0,False,Mercedes,0 days 01:36:58.841000,2019-11-29 14:21:58.990,1,,False,,False,True,102.903,102.903
444,0 days 01:40:34.339000,HAM,44,0 days 00:01:52.595000,28.0,5.0,,,18.056,43.833,50.706,0 days 01:38:59.800000,0 days 01:39:43.633000,0 days 01:40:34.339000,278.0,253.0,215.0,320.0,False,HARD,13.0,False,Mercedes,0 days 01:38:41.744000,2019-11-29 14:23:41.893,1,,False,,False,True,112.595,112.595
445,0 days 01:42:18.360000,HAM,44,0 days 00:01:44.021000,29.0,5.0,,0 days 01:42:17.301000,17.883,43.914,42.224,0 days 01:40:52.222000,0 days 01:41:36.136000,0 days 01:42:18.360000,272.0,283.0,,288.0,False,HARD,14.0,False,Mercedes,0 days 01:40:34.339000,2019-11-29 14:25:34.488,1,,False,,False,False,104.021,104.02099999999999
446,0 days 01:44:23.416000,HAM,44,0 days 00:02:05.056000,30.0,6.0,0 days 01:42:40.303000,,39.38,44.762,40.914,0 days 01:42:57.740000,0 days 01:43:42.502000,0 days 01:44:23.416000,255.0,301.0,217.0,291.0,False,SOFT,16.0,False,Mercedes,0 days 01:42:18.360000,2019-11-29 14:27:18.509,1,,False,,False,False,125.056,125.056
447,0 days 01:46:05.958000,HAM,44,0 days 00:01:42.542000,31.0,6.0,,,18.058,43.965,40.519,0 days 01:44:41.474000,0 days 01:45:25.439000,0 days 01:46:05.958000,273.0,284.0,216.0,286.0,False,SOFT,17.0,False,Mercedes,0 days 01:44:23.416000,2019-11-29 14:29:23.565,1,,False,,False,True,102.542,102.542
448,0 days 01:48:29.816000,HAM,44,0 days 00:02:23.858000,32.0,6.0,,,25.407,55.836,62.615,0 days 01:46:31.365000,0 days 01:47:27.201000,0 days 01:48:29.816000,178.0,187.0,35.0,185.0,False,SOFT,18.0,False,Mercedes,0 days 01:46:05.958000,2019-11-29 14:31:06.107,1,,False,,False,True,143.858,143.858
449,0 days 01:50:52.337000,HAM,44,0 days 00:02:22.521000,33.0,6.0,,0 days 01:50:51.247000,52.988,45.414,44.119,0 days 01:49:22.804000,0 days 01:50:08.218000,0 days 01:50:52.337000,271.0,247.0,,255.0,False,SOFT,19.0,False,Mercedes,0 days 01:48:29.816000,2019-11-29 14:33:29.965,1,,False,,False,False,142.521,142.52100000000002
450,0 days 00:24:58.665000,SAI,55,,1.0,1.0,0 days 00:22:57.018000,,,48.367,52.237,,0 days 00:24:06.438000,0 days 00:25:03.042000,241.0,266.0,221.0,287.0,False,MEDIUM,1.0,True,McLaren,0 days 00:22:57.018000,2019-11-29 13:07:57.167,1,,False,,False,False,,
451,0 days 00:26:38.084000,SAI,55,0 days 00:01:39.419000,2.0,1.0,,,17.638,42.304,39.477,0 days 00:25:16.303000,0 days 00:25:58.607000,0 days 00:26:38.084000,280.0,310.0,222.0,315.0,True,MEDIUM,2.0,True,McLaren,0 days 00:24:58.665000,2019-11-29 13:09:58.814,1,,False,,False,True,99.419,99.41900000000001
452,0 days 00:28:48.644000,SAI,55,0 days 00:02:10.560000,3.0,1.0,,,22.7,56.274,51.586,0 days 00:27:00.784000,0 days 00:27:57.058000,0 days 00:28:48.644000,176.0,245.0,222.0,227.0,False,MEDIUM,3.0,True,McLaren,0 days 00:26:38.084000,2019-11-29 13:11:38.233,1,,False,,False,True,130.56,130.56
453,0 days 00:30:27.716000,SAI,55,0 days 00:01:39.072000,4.0,1.0,,,17.537,42.128,39.407,0 days 00:29:06.181000,0 days 00:29:48.309000,0 days 00:30:27.716000,280.0,311.0,222.0,315.0,True,MEDIUM,4.0,True,McLaren,0 days 00:28:48.644000,2019-11-29 13:13:48.793,1,,False,,False,True,99.072,99.072
454,0 days 00:32:35.042000,SAI,55,0 days 00:02:07.326000,5.0,1.0,,0 days 00:32:33.984000,22.097,52.551,52.678,0 days 00:30:49.813000,0 days 00:31:42.364000,0 days 00:32:35.042000,188.0,217.0,,223.0,False,MEDIUM,5.0,True,McLaren,0 days 00:30:27.716000,2019-11-29 13:15:27.865,1,,False,,False,False,127.326,127.326
455,0 days 00:35:03.491000,SAI,55,0 days 00:02:28.449000,6.0,2.0,0 days 00:33:09.141000,,51.212,48.124,49.113,0 days 00:33:26.254000,0 days 00:34:14.378000,0 days 00:35:03.491000,259.0,277.0,223.0,300.0,False,MEDIUM,6.0,False,McLaren,0 days 00:32:35.042000,2019-11-29 13:17:35.191,1,,False,,False,False,148.449,148.449
456,0 days 00:36:42.503000,SAI,55,0 days 00:01:39.012000,7.0,2.0,,,17.585,42.105,39.322,0 days 00:35:21.076000,0 days 00:36:03.181000,0 days 00:36:42.503000,280.0,312.0,221.0,314.0,True,MEDIUM,7.0,False,McLaren,0 days 00:35:03.491000,2019-11-29 13:20:03.640,1,,False,,False,True,99.012,99.012
457,0 days 00:39:01.338000,SAI,55,0 days 00:02:18.835000,8.0,2.0,,,23.12,60.72,54.995,0 days 00:37:05.623000,0 days 00:38:06.343000,0 days 00:39:01.338000,206.0,272.0,223.0,187.0,False,MEDIUM,8.0,False,McLaren,0 days 00:36:42.503000,2019-11-29 13:21:42.652,1,,False,,False,True,138.835,138.835
458,0 days 00:40:40.462000,SAI,55,0 days 00:01:39.124000,9.0,2.0,,,17.5,42.278,39.346,0 days 00:39:18.838000,0 days 00:40:01.116000,0 days 00:40:40.462000,280.0,310.0,221.0,315.0,False,MEDIUM,9.0,False,McLaren,0 days 00:39:01.338000,2019-11-29 13:24:01.487,1,,False,,False,True,99.124,99.124
459,0 days 00:42:38.996000,SAI,55,0 days 00:01:58.534000,10.0,2.0,,0 days 00:42:38.970000,20.671,49.667,48.196,0 days 00:41:01.133000,0 days 00:41:50.800000,0 days 00:42:38.996000,233.0,228.0,,240.0,False,MEDIUM,10.0,False,McLaren,0 days 00:40:40.462000,2019-11-29 13:25:40.611,1,,False,,False,False,118.534,118.53399999999999
460,0 days 00:53:37.492000,SAI,55,,11.0,3.0,0 days 00:51:26.263000,,,51.5,56.776,,0 days 00:52:40.736000,0 days 00:53:38.766000,245.0,280.0,226.0,297.0,False,SOFT,1.0,True,McLaren,0 days 00:42:38.996000,2019-11-29 13:27:39.145,1,,False,,False,False,,
461,0 days 00:55:15.326000,SAI,55,0 days 00:01:37.834000,12.0,3.0,,,17.327,41.504,39.003,0 days 00:53:54.819000,0 days 00:54:36.323000,0 days 00:55:15.326000,286.0,316.0,220.0,322.0,True,SOFT,2.0,True,McLaren,0 days 00:53:37.492000,2019-11-29 13:38:37.641,1,,False,,False,True,97.834,97.834
462,0 days 00:57:23.768000,SAI,55,0 days 00:02:08.442000,13.0,3.0,,0 days 00:57:22.960000,21.409,53.92,53.113,0 days 00:55:36.735000,0 days 00:56:30.655000,0 days 00:57:23.768000,139.0,219.0,,235.0,False,SOFT,3.0,True,McLaren,0 days 00:55:15.326000,2019-11-29 13:40:15.475,1,,False,,False,False,128.442,128.442
463,0 days 01:12:08.821000,SAI,55,,14.0,4.0,0 days 01:10:19.462000,,,46.004,43.884,,0 days 01:11:25.009000,0 days 01:12:09.564000,243.0,275.0,217.0,301.0,False,SOFT,4.0,False,McLaren,0 days 00:57:23.768000,2019-11-29 13:42:23.917,12,,False,,False,False,,
464,0 days 01:13:53.451000,SAI,55,0 days 00:01:44.630000,15.0,4.0,,,18.284,44.374,41.972,0 days 01:12:27.105000,0 days 01:13:11.479000,0 days 01:13:53.451000,274.0,274.0,216.0,287.0,False,SOFT,5.0,False,McLaren,0 days 01:12:08.821000,2019-11-29 13:57:08.970,1,,False,,False,True,104.63,104.63
465,0 days 01:15:38.199000,SAI,55,0 days 00:01:44.748000,16.0,4.0,,,18.393,44.412,41.943,0 days 01:14:11.844000,0 days 01:14:56.256000,0 days 01:15:38.199000,273.0,268.0,216.0,284.0,False,SOFT,6.0,False,McLaren,0 days 01:13:53.451000,2019-11-29 13:58:53.600,1,,False,,False,True,104.748,104.74799999999999
466,0 days 01:17:22.228000,SAI,55,0 days 00:01:44.029000,17.0,4.0,,,18.224,44.183,41.622,0 days 01:15:56.423000,0 days 01:16:40.606000,0 days 01:17:22.228000,272.0,276.0,217.0,288.0,False,SOFT,7.0,False,McLaren,0 days 01:15:38.199000,2019-11-29 14:00:38.348,1,,False,,False,True,104.029,104.029
467,0 days 01:19:06.017000,SAI,55,0 days 00:01:43.789000,18.0,4.0,,,18.187,44.185,41.417,0 days 01:17:40.415000,0 days 01:18:24.600000,0 days 01:19:06.017000,274.0,275.0,216.0,287.0,False,SOFT,8.0,False,McLaren,0 days 01:17:22.228000,2019-11-29 14:02:22.377,1,,False,,False,True,103.789,103.789
468,0 days 01:20:50.260000,SAI,55,0 days 00:01:44.243000,19.0,4.0,,,18.168,44.515,41.56,0 days 01:19:24.185000,0 days 01:20:08.700000,0 days 01:20:50.260000,275.0,273.0,215.0,289.0,False,SOFT,9.0,False,McLaren,0 days 01:19:06.017000,2019-11-29 14:04:06.166,1,,False,,False,True,104.243,104.243
469,0 days 01:22:34.783000,SAI,55,0 days 00:01:44.523000,20.0,4.0,,,18.2,44.536,41.787,0 days 01:21:08.460000,0 days 01:21:52.996000,0 days 01:22:34.783000,275.0,282.0,216.0,291.0,False,SOFT,10.0,False,McLaren,0 days 01:20:50.260000,2019-11-29 14:05:50.409,1,,False,,False,True,104.523,104.523
470,0 days 01:24:19.211000,SAI,55,0 days 00:01:44.428000,21.0,4.0,,,18.188,44.497,41.743,0 days 01:22:52.971000,0 days 01:23:37.468000,0 days 01:24:19.211000,274.0,281.0,215.0,291.0,False,SOFT,11.0,False,McLaren,0 days 01:22:34.783000,2019-11-29 14:07:34.932,1,,False,,False,True,104.428,104.428
471,0 days 01:26:04.223000,SAI,55,0 days 00:01:45.012000,22.0,4.0,,,18.34,44.699,41.973,0 days 01:24:37.551000,0 days 01:25:22.250000,0 days 01:26:04.223000,271.0,278.0,215.0,289.0,False,SOFT,12.0,False,McLaren,0 days 01:24:19.211000,2019-11-29 14:09:19.360,12,,False,,False,True,105.012,105.012
472,0 days 01:34:05.450000,SAI,55,,23.0,4.0,,0 days 01:28:16.922000,18.208,,,0 days 01:26:25.031000,,,273.0,,,,False,SOFT,13.0,False,McLaren,0 days 01:26:04.223000,2019-11-29 14:11:04.372,15,,False,,False,False,,
473,0 days 01:35:59.001000,SAI,55,,24.0,5.0,0 days 01:34:05.450000,,,46.198,47.708,,0 days 01:35:11.727000,0 days 01:36:01.887000,258.0,275.0,216.0,265.0,False,MEDIUM,11.0,False,McLaren,0 days 01:34:05.450000,2019-11-29 14:19:05.599,1,,False,,False,False,,
474,0 days 01:37:43.513000,SAI,55,0 days 00:01:44.512000,25.0,5.0,,,18.406,44.516,41.59,0 days 01:36:17.407000,0 days 01:37:01.923000,0 days 01:37:43.513000,271.0,279.0,213.0,289.0,False,MEDIUM,12.0,False,McLaren,0 days 01:35:59.001000,2019-11-29 14:20:59.150,1,,False,,False,True,104.512,104.512
475,0 days 01:39:28.192000,SAI,55,0 days 00:01:44.679000,26.0,5.0,,,18.371,44.604,41.704,0 days 01:38:01.884000,0 days 01:38:46.488000,0 days 01:39:28.192000,270.0,275.0,214.0,283.0,False,MEDIUM,13.0,False,McLaren,0 days 01:37:43.513000,2019-11-29 14:22:43.662,1,,False,,False,True,104.679,104.679
476,0 days 01:41:12.574000,SAI,55,0 days 00:01:44.382000,27.0,5.0,,,18.253,44.4,41.729,0 days 01:39:46.445000,0 days 01:40:30.845000,0 days 01:41:12.574000,273.0,285.0,213.0,287.0,False,MEDIUM,14.0,False,McLaren,0 days 01:39:28.192000,2019-11-29 14:24:28.341,1,,False,,False,True,104.382,104.382
477,0 days 01:42:57.143000,SAI,55,0 days 00:01:44.569000,28.0,5.0,,,18.198,44.405,41.966,0 days 01:41:30.772000,0 days 01:42:15.177000,0 days 01:42:57.143000,273.0,276.0,214.0,296.0,False,MEDIUM,15.0,False,McLaren,0 days 01:41:12.574000,2019-11-29 14:26:12.723,1,,False,,False,True,104.569,104.569
478,0 days 01:44:41.425000,SAI,55,0 days 00:01:44.282000,29.0,5.0,,,18.172,44.493,41.617,0 days 01:43:15.315000,0 days 01:43:59.808000,0 days 01:44:41.425000,271.0,285.0,213.0,287.0,False,MEDIUM,16.0,False,McLaren,0 days 01:42:57.143000,2019-11-29 14:27:57.292,1,,False,,False,True,104.282,104.28200000000001
479,0 days 01:46:25.433000,SAI,55,0 days 00:01:44.008000,30.0,5.0,,,18.148,44.348,41.512,0 days 01:44:59.573000,0 days 01:45:43.921000,0 days 01:46:25.433000,274.0,288.0,213.0,292.0,False,MEDIUM,17.0,False,McLaren,0 days 01:44:41.425000,2019-11-29 14:29:41.574,1,,False,,False,True,104.008,104.008
480,0 days 01:48:42.001000,SAI,55,0 days 00:02:16.568000,31.0,5.0,,,21.803,50.513,64.252,0 days 01:46:47.236000,0 days 01:47:37.749000,0 days 01:48:42.001000,206.0,226.0,45.0,208.0,False,MEDIUM,18.0,False,McLaren,0 days 01:46:25.433000,2019-11-29 14:31:25.582,1,,False,,False,True,136.568,136.56799999999998
481,0 days 01:50:58.987000,SAI,55,0 days 00:02:16.986000,32.0,5.0,,0 days 01:50:58.984000,45.832,44.747,46.407,0 days 01:49:27.833000,0 days 01:50:12.580000,0 days 01:50:58.987000,275.0,282.0,,292.0,False,MEDIUM,19.0,False,McLaren,0 days 01:48:42.001000,2019-11-29 14:33:42.150,1,,False,,False,False,136.986,136.986
482,0 days 00:21:30.072000,RUS,63,,1.0,1.0,0 days 00:19:15.439000,0 days 00:21:29.076000,,62.047,49.685,,0 days 00:20:40.387000,0 days 00:21:30.212000,196.0,281.0,,238.0,False,HARD,1.0,True,Williams,0 days 00:19:15.439000,2019-11-29 13:04:15.588,1,,False,,False,False,,
483,0 days 00:28:54.249000,RUS,63,,2.0,2.0,0 days 00:26:41.160000,,,51.524,54.868,,0 days 00:27:59.606000,0 days 00:28:54.365000,231.0,283.0,222.0,297.0,False,SOFT,1.0,True,Williams,0 days 00:21:30.072000,2019-11-29 13:06:30.221,1,,False,,False,False,,
484,0 days 00:30:34.752000,RUS,63,0 days 00:01:40.503000,3.0,2.0,,,17.771,42.627,40.105,0 days 00:29:12.020000,0 days 00:29:54.647000,0 days 00:30:34.752000,277.0,316.0,219.0,322.0,True,SOFT,2.0,True,Williams,0 days 00:28:54.249000,2019-11-29 13:13:54.398,1,,False,,False,True,100.503,100.503
485,0 days 00:32:54.701000,RUS,63,0 days 00:02:19.949000,4.0,2.0,,,26.573,56.136,57.24,0 days 00:31:01.325000,0 days 00:31:57.461000,0 days 00:32:54.701000,198.0,270.0,222.0,232.0,False,SOFT,3.0,True,Williams,0 days 00:30:34.752000,2019-11-29 13:15:34.901,1,,False,,False,True,139.949,139.949
486,0 days 00:34:34.903000,RUS,63,0 days 00:01:40.202000,5.0,2.0,,,17.631,42.507,40.064,0 days 00:33:12.332000,0 days 00:33:54.839000,0 days 00:34:34.903000,278.0,315.0,218.0,321.0,True,SOFT,4.0,True,Williams,0 days 00:32:54.701000,2019-11-29 13:17:54.850,1,,False,,False,True,100.202,100.202
487,0 days 00:36:56.788000,RUS,63,0 days 00:02:21.885000,6.0,2.0,,,26.247,58.524,57.114,0 days 00:35:01.150000,0 days 00:35:59.674000,0 days 00:36:56.788000,201.0,188.0,221.0,250.0,False,SOFT,5.0,True,Williams,0 days 00:34:34.903000,2019-11-29 13:19:35.052,1,,False,,False,True,141.885,141.885
488,0 days 00:39:06.236000,RUS,63,0 days 00:02:09.448000,7.0,2.0,,0 days 00:39:05.222000,17.817,62.579,49.052,0 days 00:37:14.605000,0 days 00:38:17.184000,0 days 00:39:06.236000,277.0,237.0,,228.0,False,SOFT,6.0,True,Williams,0 days 00:36:56.788000,2019-11-29 13:21:56.937,1,,False,,False,False,129.448,129.448
489,0 days 00:49:26.855000,RUS,63,,8.0,3.0,0 days 00:47:12.282000,,,53.107,58.122,,0 days 00:48:28.750000,0 days 00:49:27.018000,252.0,257.0,221.0,311.0,False,SOFT,1.0,True,Williams,0 days 00:39:06.236000,2019-11-29 13:24:06.385,1,,False,,False,False,,
490,0 days 00:51:06.367000,RUS,63,0 days 00:01:39.512000,9.0,3.0,,,17.724,42.374,39.414,0 days 00:49:44.579000,0 days 00:50:26.953000,0 days 00:51:06.367000,278.0,317.0,219.0,320.0,True,SOFT,2.0,True,Williams,0 days 00:49:26.855000,2019-11-29 13:34:27.004,1,,False,,False,True,99.512,99.512
491,0 days 00:53:23.410000,RUS,63,0 days 00:02:17.043000,10.0,3.0,,,27.18,57.466,52.397,0 days 00:51:33.547000,0 days 00:52:31.013000,0 days 00:53:23.410000,161.0,241.0,222.0,205.0,False,SOFT,3.0,True,Williams,0 days 00:51:06.367000,2019-11-29 13:36:06.516,1,,False,,False,True,137.043,137.043
492,0 days 00:55:03.193000,RUS,63,0 days 00:01:39.783000,11.0,3.0,,,17.673,42.257,39.853,0 days 00:53:41.083000,0 days 00:54:23.340000,0 days 00:55:03.193000,279.0,316.0,216.0,322.0,False,SOFT,4.0,True,Williams,0 days 00:53:23.410000,2019-11-29 13:38:23.559,1,,False,,False,True,99.783,99.78299999999999
493,0 days 00:57:09.350000,RUS,63,0 days 00:02:06.157000,12.0,3.0,,0 days 00:57:08.305000,22.87,53.555,49.732,0 days 00:55:26.063000,0 days 00:56:19.618000,0 days 00:57:09.350000,253.0,209.0,,187.0,False,SOFT,5.0,True,Williams,0 days 00:55:03.193000,2019-11-29 13:40:03.342,1,,False,,False,False,126.157,126.157
494,0 days 01:08:51.064000,RUS,63,,13.0,4.0,0 days 01:06:46.027000,0 days 01:08:50.017000,,56.581,49.484,,0 days 01:08:01.659000,0 days 01:08:51.172000,235.0,183.0,,165.0,False,SOFT,7.0,False,Williams,0 days 00:57:09.350000,2019-11-29 13:42:09.499,12,,False,,False,False,,
495,0 days 01:11:06.471000,RUS,63,0 days 00:02:15.407000,14.0,5.0,0 days 01:09:18.613000,,46.066,47.041,42.3,0 days 01:09:37.130000,0 days 01:10:24.171000,0 days 01:11:06.471000,269.0,288.0,213.0,295.0,False,HARD,2.0,False,Williams,0 days 01:08:51.064000,2019-11-29 13:53:51.213,1,,False,,False,False,135.407,135.40699999999998
496,0 days 01:12:51.554000,RUS,63,0 days 00:01:45.083000,15.0,5.0,,,18.698,44.385,42.0,0 days 01:11:25.169000,0 days 01:12:09.554000,0 days 01:12:51.554000,267.0,290.0,211.0,294.0,False,HARD,3.0,False,Williams,0 days 01:11:06.471000,2019-11-29 13:56:06.620,1,,False,,False,True,105.083,105.083
497,0 days 01:14:36.461000,RUS,63,0 days 00:01:44.907000,16.0,5.0,,,18.468,44.427,42.012,0 days 01:13:10.022000,0 days 01:13:54.449000,0 days 01:14:36.461000,269.0,287.0,214.0,294.0,False,HARD,4.0,False,Williams,0 days 01:12:51.554000,2019-11-29 13:57:51.703,1,,False,,False,True,104.907,104.907
498,0 days 01:16:21.246000,RUS,63,0 days 00:01:44.785000,17.0,5.0,,,18.592,44.368,41.825,0 days 01:14:55.053000,0 days 01:15:39.421000,0 days 01:16:21.246000,270.0,291.0,213.0,296.0,False,HARD,5.0,False,Williams,0 days 01:14:36.461000,2019-11-29 13:59:36.610,1,,False,,False,True,104.785,104.785
499,0 days 01:18:06.743000,RUS,63,0 days 00:01:45.497000,18.0,5.0,,,18.589,44.743,42.165,0 days 01:16:39.835000,0 days 01:17:24.578000,0 days 01:18:06.743000,267.0,278.0,214.0,291.0,False,HARD,6.0,False,Williams,0 days 01:16:21.246000,2019-11-29 14:01:21.395,1,,False,,False,True,105.497,105.497
500,0 days 01:19:51.766000,RUS,63,0 days 00:01:45.023000,19.0,5.0,,,18.397,44.674,41.952,0 days 01:18:25.140000,0 days 01:19:09.814000,0 days 01:19:51.766000,273.0,287.0,211.0,295.0,False,HARD,7.0,False,Williams,0 days 01:18:06.743000,2019-11-29 14:03:06.892,1,,False,,False,True,105.023,105.023
501,0 days 01:21:36.955000,RUS,63,0 days 00:01:45.189000,20.0,5.0,,,18.51,44.668,42.011,0 days 01:20:10.276000,0 days 01:20:54.944000,0 days 01:21:36.955000,268.0,284.0,212.0,292.0,False,HARD,8.0,False,Williams,0 days 01:19:51.766000,2019-11-29 14:04:51.915,1,,False,,False,True,105.189,105.189
502,0 days 01:23:22.412000,RUS,63,0 days 00:01:45.457000,21.0,5.0,,,18.669,44.773,42.015,0 days 01:21:55.624000,0 days 01:22:40.397000,0 days 01:23:22.412000,271.0,287.0,213.0,294.0,False,HARD,9.0,False,Williams,0 days 01:21:36.955000,2019-11-29 14:06:37.104,1,,False,,False,True,105.457,105.45700000000001
503,0 days 01:25:07.875000,RUS,63,0 days 00:01:45.463000,22.0,5.0,,,18.31,44.901,42.252,0 days 01:23:40.722000,0 days 01:24:25.623000,0 days 01:25:07.875000,274.0,288.0,212.0,294.0,False,HARD,10.0,False,Williams,0 days 01:23:22.412000,2019-11-29 14:08:22.561,12,,False,,False,True,105.463,105.463
504,0 days 01:34:10.723000,RUS,63,,23.0,5.0,,0 days 01:27:03.632000,18.67,45.063,,0 days 01:25:26.530000,0 days 01:26:11.616000,,272.0,285.0,,299.0,False,HARD,11.0,False,Williams,0 days 01:25:07.875000,2019-11-29 14:10:08.024,15,,False,,False,False,,
505,0 days 01:36:04.425000,RUS,63,,24.0,6.0,0 days 01:34:10.716000,,,45.539,48.458,,0 days 01:35:15.967000,0 days 01:36:05.131000,253.0,295.0,200.0,303.0,False,HARD,12.0,False,Williams,0 days 01:34:10.716000,2019-11-29 14:19:10.865,1,,False,,False,False,,
506,0 days 01:37:50.166000,RUS,63,0 days 00:01:45.741000,25.0,6.0,,,18.675,44.585,42.481,0 days 01:36:23.100000,0 days 01:37:07.685000,0 days 01:37:50.166000,269.0,291.0,213.0,296.0,False,HARD,13.0,False,Williams,0 days 01:36:04.425000,2019-11-29 14:21:04.574,1,,False,,False,True,105.741,105.74100000000001
507,0 days 01:39:35.097000,RUS,63,0 days 00:01:44.931000,26.0,6.0,,,18.324,44.743,41.864,0 days 01:38:08.490000,0 days 01:38:53.233000,0 days 01:39:35.097000,272.0,289.0,211.0,293.0,False,HARD,14.0,False,Williams,0 days 01:37:50.166000,2019-11-29 14:22:50.315,1,,False,,False,True,104.931,104.93100000000001
508,0 days 01:41:19.893000,RUS,63,0 days 00:01:44.796000,27.0,6.0,,,18.249,44.567,41.98,0 days 01:39:53.346000,0 days 01:40:37.913000,0 days 01:41:19.893000,276.0,290.0,213.0,296.0,False,HARD,15.0,False,Williams,0 days 01:39:35.097000,2019-11-29 14:24:35.246,1,,False,,False,True,104.796,104.79599999999999
509,0 days 01:43:04.871000,RUS,63,0 days 00:01:44.978000,28.0,6.0,,,18.183,44.567,42.228,0 days 01:41:38.076000,0 days 01:42:22.643000,0 days 01:43:04.871000,275.0,289.0,213.0,294.0,False,HARD,16.0,False,Williams,0 days 01:41:19.893000,2019-11-29 14:26:20.042,1,,False,,False,True,104.978,104.97800000000001
510,0 days 01:44:49.662000,RUS,63,0 days 00:01:44.791000,29.0,6.0,,,18.183,44.657,41.951,,0 days 01:44:07.711000,0 days 01:44:49.662000,276.0,290.0,214.0,293.0,False,HARD,17.0,False,Williams,0 days 01:43:04.871000,2019-11-29 14:28:05.020,1,,False,,False,True,104.791,104.791
511,0 days 01:46:34.161000,RUS,63,0 days 00:01:44.499000,30.0,6.0,,,18.147,44.519,41.833,0 days 01:45:07.809000,0 days 01:45:52.328000,0 days 01:46:34.161000,273.0,291.0,211.0,296.0,False,HARD,18.0,False,Williams,0 days 01:44:49.662000,2019-11-29 14:29:49.811,1,,False,,False,True,104.499,104.499
512,0 days 01:48:50.460000,RUS,63,0 days 00:02:16.299000,31.0,6.0,,,21.278,51.28,63.741,0 days 01:46:55.439000,0 days 01:47:46.719000,0 days 01:48:50.460000,180.0,193.0,76.0,221.0,False,HARD,19.0,False,Williams,0 days 01:46:34.161000,2019-11-29 14:31:34.310,1,,False,,False,True,136.299,136.29899999999998
513,0 days 01:51:30.681000,RUS,63,,32.0,6.0,,0 days 01:51:29.697000,47.021,61.67,51.543,0 days 01:49:37.496000,0 days 01:50:39.138000,0 days 01:51:34.869000,139.0,137.0,,203.0,False,HARD,20.0,False,Williams,0 days 01:48:50.460000,2019-11-29 14:33:50.609,1,,False,,False,False,,160.234
514,0 days 00:25:22.801000,BOT,77,,1.0,1.0,0 days 00:23:07.239000,,,52.991,60.349,,0 days 00:24:22.471000,0 days 00:25:22.917000,247.0,233.0,218.0,280.0,False,MEDIUM,1.0,True,Mercedes,0 days 00:23:07.239000,2019-11-29 13:08:07.388,1,,False,,False,False,,
515,0 days 00:27:00.352000,BOT,77,0 days 00:01:37.551000,2.0,1.0,,,17.43,41.667,38.454,0 days 00:25:40.231000,0 days 00:26:21.898000,0 days 00:27:00.352000,282.0,316.0,217.0,322.0,True,MEDIUM,2.0,True,Mercedes,0 days 00:25:22.801000,2019-11-29 13:10:22.950,1,,False,,False,True,97.551,97.551
516,0 days 00:29:29.060000,BOT,77,0 days 00:02:28.708000,3.0,1.0,,,25.263,65.181,58.264,0 days 00:27:25.615000,0 days 00:28:30.796000,0 days 00:29:29.060000,185.0,211.0,222.0,176.0,False,MEDIUM,3.0,True,Mercedes,0 days 00:27:00.352000,2019-11-29 13:12:00.501,1,,False,,False,True,148.708,148.708
517,0 days 00:31:06.301000,BOT,77,0 days 00:01:37.241000,4.0,1.0,,,17.302,41.548,38.391,0 days 00:29:46.362000,0 days 00:30:27.910000,0 days 00:31:06.301000,283.0,316.0,219.0,320.0,True,MEDIUM,4.0,True,Mercedes,0 days 00:29:29.060000,2019-11-29 13:14:29.209,1,,False,,False,True,97.241,97.241
518,0 days 00:33:06.529000,BOT,77,0 days 00:02:00.228000,5.0,1.0,,0 days 00:33:06.546000,20.372,48.614,51.242,0 days 00:31:26.673000,0 days 00:32:15.287000,0 days 00:33:06.529000,249.0,276.0,,265.0,False,MEDIUM,5.0,True,Mercedes,0 days 00:31:06.301000,2019-11-29 13:16:06.450,1,,False,,False,False,120.228,120.22799999999998
519,0 days 00:36:03.938000,BOT,77,,6.0,2.0,0 days 00:33:38.333000,,50.634,68.452,58.319,0 days 00:33:57.217000,0 days 00:35:05.619000,0 days 00:36:04.783000,78.0,85.0,222.0,278.0,False,MEDIUM,6.0,False,Mercedes,0 days 00:33:06.529000,2019-11-29 13:18:06.678,1,,False,,False,False,,177.405
520,0 days 00:37:46.639000,BOT,77,0 days 00:01:42.701000,7.0,2.0,,,17.52,41.494,43.687,0 days 00:36:21.458000,0 days 00:37:02.952000,0 days 00:37:46.639000,282.0,319.0,183.0,322.0,False,MEDIUM,7.0,False,Mercedes,0 days 00:36:03.938000,2019-11-29 13:21:04.087,1,,False,,False,True,102.701,102.701
521,0 days 00:39:53.592000,BOT,77,0 days 00:02:06.953000,8.0,2.0,,0 days 00:39:53.596000,22.732,53.9,50.321,0 days 00:38:09.371000,0 days 00:39:03.271000,0 days 00:39:53.592000,228.0,230.0,,262.0,False,MEDIUM,8.0,False,Mercedes,0 days 00:37:46.639000,2019-11-29 13:22:46.788,1,,False,,False,False,126.953,126.953
522,0 days 00:50:02.898000,BOT,77,,9.0,3.0,0 days 00:47:57.375000,,,51.592,52.526,,0 days 00:49:10.390000,0 days 00:50:03.019000,245.0,278.0,222.0,280.0,False,SOFT,1.0,True,Mercedes,0 days 00:39:53.592000,2019-11-29 13:24:53.741,1,,False,,False,False,,
523,0 days 00:51:39.154000,BOT,77,0 days 00:01:36.256000,10.0,3.0,,,17.27,41.161,37.825,0 days 00:50:20.168000,0 days 00:51:01.329000,0 days 00:51:39.154000,284.0,316.0,220.0,319.0,True,SOFT,2.0,True,Mercedes,0 days 00:50:02.898000,2019-11-29 13:35:03.047,1,,False,,False,True,96.256,96.256
524,0 days 00:53:52.833000,BOT,77,0 days 00:02:13.679000,11.0,3.0,,,23.421,57.834,52.424,0 days 00:52:02.575000,0 days 00:53:00.409000,0 days 00:53:52.833000,196.0,225.0,204.0,280.0,False,SOFT,3.0,True,Mercedes,0 days 00:51:39.154000,2019-11-29 13:36:39.303,1,,False,,False,True,133.679,133.679
525,0 days 00:56:15.989000,BOT,77,0 days 00:02:23.156000,12.0,3.0,,,21.969,60.728,60.459,0 days 00:54:14.802000,0 days 00:55:15.530000,0 days 00:56:15.989000,125.0,56.0,224.0,285.0,False,SOFT,4.0,True,Mercedes,0 days 00:53:52.833000,2019-11-29 13:38:52.982,1,,False,,False,True,143.156,143.156
526,0 days 00:57:52.521000,BOT,77,0 days 00:01:36.532000,13.0,3.0,,,17.283,41.298,37.951,0 days 00:56:33.272000,0 days 00:57:14.570000,0 days 00:57:52.521000,283.0,315.0,221.0,320.0,False,SOFT,5.0,True,Mercedes,0 days 00:56:15.989000,2019-11-29 13:41:16.138,1,,False,,False,True,96.532,96.53200000000001
527,0 days 00:59:53.393000,BOT,77,0 days 00:02:00.872000,14.0,3.0,,0 days 00:59:52.370000,20.669,52.45,47.753,0 days 00:58:13.190000,0 days 00:59:05.640000,0 days 00:59:53.393000,242.0,216.0,,268.0,False,SOFT,6.0,True,Mercedes,0 days 00:57:52.521000,2019-11-29 13:42:52.670,1,,False,,False,False,120.872,120.872
528,0 days 01:09:53.045000,BOT,77,,15.0,4.0,0 days 01:08:00.873000,,,47.111,43.859,,0 days 01:09:09.227000,0 days 01:09:56.874000,244.0,267.0,216.0,283.0,False,MEDIUM,9.0,False,Mercedes,0 days 00:59:53.393000,2019-11-29 13:44:53.542,12,,False,,False,False,,
529,0 days 01:11:35.021000,BOT,77,0 days 00:01:41.976000,16.0,4.0,,,18.054,43.664,40.258,0 days 01:10:11.099000,0 days 01:10:54.763000,0 days 01:11:35.021000,273.0,284.0,216.0,287.0,False,MEDIUM,10.0,False,Mercedes,0 days 01:09:53.045000,2019-11-29 13:54:53.194,1,,False,,False,True,101.976,101.976
530,0 days 01:13:17.364000,BOT,77,0 days 00:01:42.343000,17.0,4.0,,,17.913,43.891,40.539,0 days 01:11:52.934000,0 days 01:12:36.825000,0 days 01:13:17.364000,274.0,288.0,215.0,291.0,False,MEDIUM,11.0,False,Mercedes,0 days 01:11:35.021000,2019-11-29 13:56:35.170,1,,False,,False,True,102.343,102.343
531,0 days 01:15:00.168000,BOT,77,0 days 00:01:42.804000,18.0,4.0,,,17.958,44.465,40.381,0 days 01:13:35.322000,0 days 01:14:19.787000,0 days 01:15:00.168000,274.0,282.0,212.0,290.0,False,MEDIUM,12.0,False,Mercedes,0 days 01:13:17.364000,2019-11-29 13:58:17.513,1,,False,,False,True,102.804,102.804
532,0 days 01:16:44.149000,BOT,77,0 days 00:01:43.981000,19.0,4.0,,,17.939,43.938,42.104,0 days 01:15:18.107000,0 days 01:16:02.045000,0 days 01:16:44.149000,273.0,293.0,211.0,296.0,False,MEDIUM,13.0,False,Mercedes,0 days 01:15:00.168000,2019-11-29 14:00:00.317,1,,False,,False,True,103.981,103.981
533,0 days 01:18:28.394000,BOT,77,0 days 00:01:44.245000,20.0,4.0,,,18.092,43.938,42.215,0 days 01:17:02.241000,0 days 01:17:46.179000,0 days 01:18:28.394000,276.0,298.0,213.0,318.0,False,MEDIUM,14.0,False,Mercedes,0 days 01:16:44.149000,2019-11-29 14:01:44.298,1,,False,,False,True,104.245,104.245
534,0 days 01:20:11.702000,BOT,77,0 days 00:01:43.308000,21.0,4.0,,,17.953,43.658,41.697,0 days 01:18:46.347000,0 days 01:19:30.005000,0 days 01:20:11.702000,278.0,322.0,214.0,327.0,False,MEDIUM,15.0,False,Mercedes,0 days 01:18:28.394000,2019-11-29 14:03:28.543,1,,False,,False,True,103.308,103.308
535,0 days 01:21:55.833000,BOT,77,0 days 00:01:44.131000,22.0,4.0,,,18.043,44.452,41.636,0 days 01:20:29.745000,0 days 01:21:14.197000,0 days 01:21:55.833000,275.0,287.0,215.0,290.0,False,MEDIUM,16.0,False,Mercedes,0 days 01:20:11.702000,2019-11-29 14:05:11.851,1,,False,,False,True,104.131,104.131
536,0 days 01:23:39.489000,BOT,77,0 days 00:01:43.656000,23.0,4.0,,,17.941,44.368,41.347,0 days 01:22:13.774000,0 days 01:22:58.142000,0 days 01:23:39.489000,274.0,281.0,215.0,295.0,False,MEDIUM,17.0,False,Mercedes,0 days 01:21:55.833000,2019-11-29 14:06:55.982,1,,False,,False,True,103.656,103.656
537,0 days 01:25:41.764000,BOT,77,0 days 00:02:02.275000,24.0,4.0,,0 days 01:25:41.612000,18.059,43.912,60.304,0 days 01:23:57.548000,0 days 01:24:41.460000,0 days 01:25:41.764000,280.0,318.0,,311.0,False,MEDIUM,18.0,False,Mercedes,0 days 01:23:39.489000,2019-11-29 14:08:39.638,12,,False,,False,False,122.275,122.275
538,0 days 01:40:37.456000,BOT,77,,25.0,5.0,0 days 01:38:48.288000,0 days 01:40:37.483000,,45.96,43.098,,0 days 01:39:54.370000,0 days 01:40:37.772000,256.0,282.0,,284.0,False,SOFT,7.0,False,Mercedes,0 days 01:38:48.288000,2019-11-29 14:23:48.437,1,,False,,False,False,,
539,0 days 01:42:51.202000,BOT,77,0 days 00:02:13.746000,26.0,6.0,0 days 01:41:07.372000,0 days 01:42:51.147000,48.01,43.482,42.254,0 days 01:41:25.466000,0 days 01:42:08.948000,0 days 01:42:51.202000,265.0,287.0,,295.0,False,SOFT,8.0,False,Mercedes,0 days 01:40:37.456000,2019-11-29 14:25:37.605,1,,False,,False,False,133.746,133.74599999999998
540,0 days 01:45:04.841000,BOT,77,0 days 00:02:13.639000,27.0,7.0,0 days 01:43:19.569000,,45.481,45.966,42.192,0 days 01:43:36.683000,0 days 01:44:22.649000,0 days 01:45:04.841000,268.0,284.0,195.0,268.0,False,SOFT,9.0,False,Mercedes,0 days 01:42:51.202000,2019-11-29 14:27:51.351,1,,False,,False,False,133.639,133.639
541,0 days 01:47:20.144000,BOT,77,0 days 00:02:15.303000,28.0,7.0,,,20.491,53.285,61.527,0 days 01:45:25.332000,0 days 01:46:18.617000,0 days 01:47:20.144000,212.0,199.0,64.0,214.0,False,SOFT,10.0,False,Mercedes,0 days 01:45:04.841000,2019-11-29 14:30:04.990,1,,False,,False,True,135.303,135.303
542,0 days 01:49:55.222000,BOT,77,,29.0,7.0,,0 days 01:49:54.549000,41.778,54.421,58.889,0 days 01:48:01.924000,0 days 01:48:56.333000,0 days 01:49:55.339000,271.0,167.0,,212.0,False,SOFT,11.0,False,Mercedes,0 days 01:47:20.144000,2019-11-29 14:32:20.293,1,,False,,False,False,,155.088
543,0 days 00:27:36.102000,KUB,88,,1.0,1.0,0 days 00:25:29.552000,,,49.985,54.767,,0 days 00:26:41.335000,0 days 00:27:37.460000,237.0,266.0,220.0,276.0,False,SOFT,1.0,True,Williams,0 days 00:25:29.552000,2019-11-29 13:10:29.701,1,,False,,False,False,,
544,0 days 00:29:17.292000,KUB,88,0 days 00:01:41.190000,2.0,1.0,,,17.861,43.089,40.24,0 days 00:27:53.963000,0 days 00:28:37.052000,0 days 00:29:17.292000,279.0,312.0,220.0,317.0,True,SOFT,2.0,True,Williams,0 days 00:27:36.102000,2019-11-29 13:12:36.251,1,,False,,False,True,101.19,101.19
545,0 days 00:31:40.371000,KUB,88,0 days 00:02:23.079000,3.0,1.0,,,30.713,52.71,59.656,0 days 00:29:48.005000,0 days 00:30:40.715000,0 days 00:31:40.371000,163.0,258.0,222.0,222.0,False,SOFT,3.0,True,Williams,0 days 00:29:17.292000,2019-11-29 13:14:17.441,1,,False,,False,True,143.079,143.079
546,0 days 00:33:21.037000,KUB,88,0 days 00:01:40.666000,4.0,1.0,,,17.661,42.747,40.258,0 days 00:31:58.032000,0 days 00:32:40.779000,0 days 00:33:21.037000,281.0,311.0,220.0,315.0,True,SOFT,4.0,True,Williams,0 days 00:31:40.371000,2019-11-29 13:16:40.520,1,,False,,False,True,100.666,100.666
547,0 days 00:35:56.994000,KUB,88,,5.0,1.0,,,28.058,62.075,65.828,0 days 00:33:49.101000,0 days 00:34:51.166000,0 days 00:35:57.192000,133.0,258.0,219.0,176.0,False,SOFT,5.0,True,Williams,0 days 00:33:21.037000,2019-11-29 13:18:21.186,1,,False,,False,False,,155.961
548,0 days 00:37:37.680000,KUB,88,0 days 00:01:40.686000,6.0,1.0,,,17.762,42.707,40.217,0 days 00:36:14.756000,0 days 00:36:57.463000,0 days 00:37:37.680000,282.0,316.0,220.0,317.0,False,SOFT,6.0,True,Williams,0 days 00:35:56.994000,2019-11-29 13:20:57.143,1,,False,,False,True,100.686,100.686
549,0 days 00:39:42.259000,KUB,88,0 days 00:02:04.579000,7.0,1.0,,0 days 00:39:42.251000,21.519,55.609,47.451,0 days 00:37:59.199000,0 days 00:38:54.808000,0 days 00:39:42.259000,213.0,206.0,,202.0,False,SOFT,7.0,True,Williams,0 days 00:37:37.680000,2019-11-29 13:22:37.829,1,,False,,False,False,124.579,124.57900000000001
550,0 days 00:50:14.712000,KUB,88,,8.0,2.0,0 days 00:48:03.872000,,,51.745,53.539,,0 days 00:49:21.174000,0 days 00:50:18.126000,232.0,239.0,220.0,208.0,False,SOFT,1.0,True,Williams,0 days 00:39:42.259000,2019-11-29 13:24:42.408,1,,False,,False,False,,
551,0 days 00:51:55.445000,KUB,88,0 days 00:01:40.733000,9.0,2.0,,,17.751,42.782,40.2,0 days 00:50:32.463000,0 days 00:51:15.245000,0 days 00:51:55.445000,280.0,313.0,216.0,318.0,False,SOFT,2.0,True,Williams,0 days 00:50:14.712000,2019-11-29 13:35:14.861,1,,False,,False,True,100.733,100.733
552,0 days 00:54:21.187000,KUB,88,0 days 00:02:25.742000,10.0,2.0,,,25.406,60.765,59.571,0 days 00:52:20.851000,0 days 00:53:21.616000,0 days 00:54:21.187000,164.0,216.0,221.0,249.0,False,SOFT,3.0,True,Williams,0 days 00:51:55.445000,2019-11-29 13:36:55.594,1,,False,,False,True,145.742,145.742
553,0 days 00:56:01.754000,KUB,88,0 days 00:01:40.567000,11.0,2.0,,,17.655,42.636,40.276,0 days 00:54:38.842000,0 days 00:55:21.478000,0 days 00:56:01.754000,281.0,313.0,218.0,318.0,True,SOFT,4.0,True,Williams,0 days 00:54:21.187000,2019-11-29 13:39:21.336,1,,False,,False,True,100.567,100.56700000000001
554,0 days 00:58:24.301000,KUB,88,0 days 00:02:22.547000,12.0,2.0,,,28.41,55.208,58.929,0 days 00:56:30.164000,0 days 00:57:25.372000,0 days 00:58:24.301000,150.0,220.0,221.0,161.0,False,SOFT,5.0,True,Williams,0 days 00:56:01.754000,2019-11-29 13:41:01.903,1,,False,,False,True,142.547,142.547
555,0 days 01:00:04.756000,KUB,88,0 days 00:01:40.455000,13.0,2.0,,,17.688,42.841,39.926,0 days 00:58:41.989000,0 days 00:59:24.830000,0 days 01:00:04.756000,280.0,310.0,220.0,315.0,True,SOFT,6.0,True,Williams,0 days 00:58:24.301000,2019-11-29 13:43:24.450,1,,False,,False,True,100.455,100.455
556,0 days 01:02:11.639000,KUB,88,0 days 00:02:06.883000,14.0,2.0,,0 days 01:02:10.580000,22.569,54.274,50.04,0 days 01:00:27.325000,0 days 01:01:21.599000,0 days 01:02:11.639000,201.0,244.0,,201.0,False,SOFT,7.0,True,Williams,0 days 01:00:04.756000,2019-11-29 13:45:04.905,1,,False,,False,False,126.883,126.88300000000001
557,0 days 01:13:25.964000,KUB,88,,15.0,3.0,0 days 01:11:31.141000,,,49.244,45.198,,0 days 01:12:40.785000,0 days 01:13:27.547000,247.0,276.0,214.0,297.0,False,SOFT,8.0,False,Williams,0 days 01:02:11.639000,2019-11-29 13:47:11.788,12,,False,,False,False,,
558,0 days 01:15:13.236000,KUB,88,0 days 00:01:47.272000,16.0,3.0,,0 days 01:15:12.206000,18.419,44.847,44.006,0 days 01:13:44.383000,0 days 01:14:29.230000,0 days 01:15:13.236000,268.0,285.0,,289.0,False,SOFT,9.0,False,Williams,0 days 01:13:25.964000,2019-11-29 13:58:26.113,1,,False,,False,False,107.272,107.272
559,0 days 01:17:28.428000,KUB,88,0 days 00:02:15.192000,17.0,4.0,0 days 01:15:34.751000,,39.57,48.19,47.432,0 days 01:15:52.806000,0 days 01:16:40.996000,0 days 01:17:28.428000,269.0,184.0,216.0,296.0,False,MEDIUM,3.0,False,Williams,0 days 01:15:13.236000,2019-11-29 14:00:13.385,1,,False,,False,False,135.192,135.192
560,0 days 01:19:14.095000,KUB,88,0 days 00:01:45.667000,18.0,4.0,,,18.378,44.803,42.486,0 days 01:17:46.806000,0 days 01:18:31.609000,0 days 01:19:14.095000,268.0,286.0,212.0,289.0,False,MEDIUM,4.0,False,Williams,0 days 01:17:28.428000,2019-11-29 14:02:28.577,1,,False,,False,True,105.667,105.667
561,0 days 01:20:59.901000,KUB,88,0 days 00:01:45.806000,19.0,4.0,,,18.279,45.211,42.316,0 days 01:19:32.374000,0 days 01:20:17.585000,0 days 01:20:59.901000,275.0,284.0,214.0,286.0,False,MEDIUM,5.0,False,Williams,0 days 01:19:14.095000,2019-11-29 14:04:14.244,1,,False,,False,True,105.806,105.806
562,0 days 01:22:45.891000,KUB,88,0 days 00:01:45.990000,20.0,4.0,,,18.33,44.995,42.665,0 days 01:21:18.231000,0 days 01:22:03.226000,0 days 01:22:45.891000,271.0,288.0,213.0,292.0,False,MEDIUM,6.0,False,Williams,0 days 01:20:59.901000,2019-11-29 14:06:00.050,1,,False,,False,True,105.99,105.99
563,0 days 01:24:33.213000,KUB,88,0 days 00:01:47.322000,21.0,4.0,,,18.294,45.484,43.544,0 days 01:23:04.185000,0 days 01:23:49.669000,0 days 01:24:33.213000,281.0,275.0,211.0,286.0,False,MEDIUM,7.0,False,Williams,0 days 01:22:45.891000,2019-11-29 14:07:46.040,1,,False,,False,True,107.322,107.322
564,0 days 01:26:19.595000,KUB,88,0 days 00:01:46.382000,22.0,4.0,,,18.409,45.252,42.721,0 days 01:24:51.622000,0 days 01:25:36.874000,0 days 01:26:19.595000,271.0,279.0,211.0,287.0,False,MEDIUM,8.0,False,Williams,0 days 01:24:33.213000,2019-11-29 14:09:33.362,12,,False,,False,True,106.382,106.382
565,0 days 01:33:46.595000,KUB,88,,23.0,4.0,,0 days 01:28:40.452000,,,,,,,,,,,False,MEDIUM,9.0,False,Williams,0 days 01:26:19.595000,2019-11-29 14:11:19.744,15,,False,,False,False,,
566,0 days 01:35:38.400000,KUB,88,,24.0,5.0,0 days 01:33:46.595000,,,46.175,44.708,,0 days 01:34:53.719000,0 days 01:35:41.823000,262.0,263.0,215.0,298.0,False,MEDIUM,10.0,False,Williams,0 days 01:33:46.595000,2019-11-29 14:18:46.744,1,,False,,False,False,,
567,0 days 01:37:23.363000,KUB,88,0 days 00:01:44.963000,25.0,5.0,,,18.207,44.785,41.971,0 days 01:35:56.607000,0 days 01:36:41.392000,0 days 01:37:23.363000,276.0,283.0,214.0,285.0,False,MEDIUM,11.0,False,Williams,0 days 01:35:38.400000,2019-11-29 14:20:38.549,1,,False,,False,True,104.963,104.963
568,0 days 01:39:08.525000,KUB,88,0 days 00:01:45.162000,26.0,5.0,,,18.238,44.847,42.077,0 days 01:37:41.601000,0 days 01:38:26.448000,0 days 01:39:08.525000,282.0,286.0,212.0,289.0,False,MEDIUM,12.0,False,Williams,0 days 01:37:23.363000,2019-11-29 14:22:23.512,1,,False,,False,True,105.162,105.162
569,0 days 01:40:53.718000,KUB,88,0 days 00:01:45.193000,27.0,5.0,,,18.219,44.84,42.134,0 days 01:39:26.744000,0 days 01:40:11.584000,0 days 01:40:53.718000,270.0,287.0,213.0,289.0,False,MEDIUM,13.0,False,Williams,0 days 01:39:08.525000,2019-11-29 14:24:08.674,1,,False,,False,True,105.193,105.19300000000001
570,0 days 01:42:39.061000,KUB,88,0 days 00:01:45.343000,28.0,5.0,,,18.3,44.878,42.165,0 days 01:41:12.018000,0 days 01:41:56.896000,0 days 01:42:39.061000,271.0,287.0,212.0,288.0,False,MEDIUM,14.0,False,Williams,0 days 01:40:53.718000,2019-11-29 14:25:53.867,1,,False,,False,True,105.343,105.34299999999999
571,0 days 01:44:28.911000,KUB,88,0 days 00:01:49.850000,29.0,5.0,,,18.256,45.166,46.428,0 days 01:42:57.317000,0 days 01:43:42.483000,0 days 01:44:28.911000,269.0,276.0,215.0,287.0,False,MEDIUM,15.0,False,Williams,0 days 01:42:39.061000,2019-11-29 14:27:39.210,1,,False,,False,True,109.85,109.85
572,0 days 01:46:21.913000,KUB,88,0 days 00:01:53.002000,30.0,5.0,,,18.259,44.734,50.009,0 days 01:44:47.170000,0 days 01:45:31.904000,0 days 01:46:21.913000,269.0,300.0,205.0,287.0,False,MEDIUM,16.0,False,Williams,0 days 01:44:28.911000,2019-11-29 14:29:29.060,1,,False,,False,True,113.002,113.00200000000001
573,0 days 01:49:03.353000,KUB,88,,31.0,5.0,,,20.866,57.217,83.378,0 days 01:46:43.940000,0 days 01:47:40.004000,0 days 01:49:03.956000,215.0,142.0,5.0,128.0,False,MEDIUM,17.0,False,Williams,0 days 01:46:21.913000,2019-11-29 14:31:22.062,1,,False,,False,False,,161.461
574,0 days 01:51:08.554000,KUB,88,0 days 00:02:05.201000,32.0,5.0,,0 days 01:51:07.545000,26.309,50.456,48.436,0 days 01:49:29.662000,0 days 01:50:20.118000,0 days 01:51:08.554000,218.0,266.0,,204.0,False,MEDIUM,18.0,False,Williams,0 days 01:49:03.353000,2019-11-29 14:34:03.502,1,,False,,False,False,125.201,125.201
575,0 days 00:17:58.892000,GIO,99,,1.0,1.0,0 days 00:15:57.344000,,,53.102,47.501,,0 days 00:17:11.437000,0 days 00:17:59.091000,242.0,221.0,222.0,241.0,False,HARD,1.0,True,Alfa Romeo Racing,0 days 00:15:57.344000,2019-11-29 13:00:57.493,1,,False,,False,False,,
576,0 days 00:19:39.867000,GIO,99,0 days 00:01:40.975000,2.0,1.0,,,17.897,42.497,40.581,0 days 00:18:16.789000,0 days 00:18:59.286000,0 days 00:19:39.867000,285.0,312.0,221.0,320.0,True,HARD,2.0,True,Alfa Romeo Racing,0 days 00:17:58.892000,2019-11-29 13:02:59.041,1,,False,,False,True,100.975,100.975
577,0 days 00:21:55.581000,GIO,99,0 days 00:02:15.714000,3.0,1.0,,,28.738,53.368,53.608,0 days 00:20:08.605000,0 days 00:21:01.973000,0 days 00:21:55.581000,179.0,184.0,222.0,199.0,False,HARD,3.0,True,Alfa Romeo Racing,0 days 00:19:39.867000,2019-11-29 13:04:40.016,1,,False,,False,True,135.714,135.714
578,0 days 00:23:35.873000,GIO,99,0 days 00:01:40.292000,4.0,1.0,,,17.684,42.655,39.953,0 days 00:22:13.265000,0 days 00:22:55.920000,0 days 00:23:35.873000,287.0,315.0,222.0,323.0,True,HARD,4.0,True,Alfa Romeo Racing,0 days 00:21:55.581000,2019-11-29 13:06:55.730,1,,False,,False,True,100.292,100.292
579,0 days 00:25:44.301000,GIO,99,0 days 00:02:08.428000,5.0,1.0,,,21.059,54.894,52.475,0 days 00:23:56.932000,0 days 00:24:51.826000,0 days 00:25:44.301000,206.0,161.0,224.0,151.0,False,HARD,5.0,True,Alfa Romeo Racing,0 days 00:23:35.873000,2019-11-29 13:08:36.022,1,,False,,False,True,128.428,128.428
580,0 days 00:27:24.632000,GIO,99,0 days 00:01:40.331000,6.0,1.0,,,17.596,42.732,40.003,0 days 00:26:01.897000,0 days 00:26:44.629000,0 days 00:27:24.632000,288.0,318.0,221.0,323.0,False,HARD,6.0,True,Alfa Romeo Racing,0 days 00:25:44.301000,2019-11-29 13:10:44.450,1,,False,,False,True,100.331,100.331
581,0 days 00:29:34.750000,GIO,99,0 days 00:02:10.118000,7.0,1.0,,,22.768,55.285,52.065,0 days 00:27:47.400000,0 days 00:28:42.685000,0 days 00:29:34.750000,223.0,142.0,224.0,233.0,False,HARD,7.0,True,Alfa Romeo Racing,0 days 00:27:24.632000,2019-11-29 13:12:24.781,1,,False,,False,True,130.118,130.118
582,0 days 00:31:14.840000,GIO,99,0 days 00:01:40.090000,8.0,1.0,,,17.535,42.549,40.006,0 days 00:29:52.285000,0 days 00:30:34.834000,0 days 00:31:14.840000,289.0,317.0,221.0,327.0,True,HARD,8.0,True,Alfa Romeo Racing,0 days 00:29:34.750000,2019-11-29 13:14:34.899,1,,False,,False,True,100.09,100.09
583,0 days 00:33:18.250000,GIO,99,0 days 00:02:03.410000,9.0,1.0,,,22.523,51.982,48.905,0 days 00:31:37.363000,0 days 00:32:29.345000,0 days 00:33:18.250000,208.0,204.0,224.0,143.0,False,HARD,9.0,True,Alfa Romeo Racing,0 days 00:31:14.840000,2019-11-29 13:16:14.989,1,,False,,False,True,123.41,123.41
584,0 days 00:35:15.659000,GIO,99,0 days 00:01:57.409000,10.0,1.0,,0 days 00:35:15.264000,17.544,45.988,53.877,0 days 00:33:35.794000,0 days 00:34:21.782000,0 days 00:35:15.659000,289.0,150.0,,323.0,False,HARD,10.0,True,Alfa Romeo Racing,0 days 00:33:18.250000,2019-11-29 13:18:18.399,1,,False,,False,False,117.409,117.40899999999999
585,0 days 00:53:44.424000,GIO,99,,11.0,2.0,0 days 00:51:28.506000,,,52.993,61.025,,0 days 00:52:43.423000,0 days 00:53:44.569000,226.0,216.0,218.0,198.0,False,SOFT,1.0,True,Alfa Romeo Racing,0 days 00:35:15.659000,2019-11-29 13:20:15.808,1,,False,,False,False,,
586,0 days 00:55:22.888000,GIO,99,0 days 00:01:38.464000,12.0,2.0,,,17.517,41.678,39.269,0 days 00:54:01.941000,0 days 00:54:43.619000,0 days 00:55:22.888000,289.0,317.0,219.0,323.0,True,SOFT,2.0,True,Alfa Romeo Racing,0 days 00:53:44.424000,2019-11-29 13:38:44.573,1,,False,,False,True,98.464,98.464
587,0 days 00:57:41.027000,GIO,99,0 days 00:02:18.139000,13.0,2.0,,,25.473,55.751,56.915,0 days 00:55:48.361000,0 days 00:56:44.112000,0 days 00:57:41.027000,160.0,165.0,198.0,234.0,False,SOFT,3.0,True,Alfa Romeo Racing,0 days 00:55:22.888000,2019-11-29 13:40:23.037,1,,False,,False,True,138.139,138.13899999999998
588,0 days 00:59:49.038000,GIO,99,0 days 00:02:08.011000,14.0,2.0,,,21.679,50.666,55.666,0 days 00:58:02.706000,0 days 00:58:53.372000,0 days 00:59:49.038000,253.0,213.0,119.0,210.0,False,SOFT,4.0,True,Alfa Romeo Racing,0 days 00:57:41.027000,2019-11-29 13:42:41.176,1,,False,,False,True,128.011,128.011
589,0 days 01:01:50.803000,GIO,99,0 days 00:02:01.765000,15.0,2.0,,,23.673,49.256,48.836,0 days 01:00:12.711000,0 days 01:01:01.967000,0 days 01:01:50.803000,254.0,218.0,226.0,273.0,False,SOFT,5.0,True,Alfa Romeo Racing,0 days 00:59:49.038000,2019-11-29 13:44:49.187,1,,False,,False,True,121.765,121.765
590,0 days 01:04:03.320000,GIO,99,0 days 00:02:12.517000,16.0,2.0,,0 days 01:04:02.259000,17.355,41.983,73.179,0 days 01:02:08.158000,0 days 01:02:50.141000,0 days 01:04:03.320000,289.0,313.0,,321.0,False,SOFT,6.0,True,Alfa Romeo Racing,0 days 01:01:50.803000,2019-11-29 13:46:50.952,12,,False,,False,False,132.517,132.517
591,0 days 01:16:47.788000,GIO,99,,17.0,3.0,0 days 01:14:49.873000,,,48.472,49.642,,0 days 01:15:58.200000,0 days 01:16:47.947000,253.0,185.0,217.0,229.0,False,SOFT,7.0,False,Alfa Romeo Racing,0 days 01:04:03.320000,2019-11-29 13:49:03.469,1,,False,,False,False,,
592,0 days 01:18:32.021000,GIO,99,0 days 00:01:44.233000,18.0,3.0,,,18.155,44.42,41.658,0 days 01:17:05.943000,0 days 01:17:50.363000,0 days 01:18:32.021000,272.0,292.0,216.0,302.0,False,SOFT,8.0,False,Alfa Romeo Racing,0 days 01:16:47.788000,2019-11-29 14:01:47.937,1,,False,,False,True,104.233,104.233
593,0 days 01:20:16.551000,GIO,99,0 days 00:01:44.530000,19.0,3.0,,,18.114,44.303,42.113,0 days 01:18:50.135000,0 days 01:19:34.438000,0 days 01:20:16.551000,278.0,294.0,214.0,299.0,False,SOFT,9.0,False,Alfa Romeo Racing,0 days 01:18:32.021000,2019-11-29 14:03:32.170,1,,False,,False,True,104.53,104.53
594,0 days 01:22:01.759000,GIO,99,0 days 00:01:45.208000,20.0,3.0,,,18.287,44.452,42.469,0 days 01:20:34.838000,0 days 01:21:19.290000,0 days 01:22:01.759000,281.0,294.0,215.0,302.0,False,SOFT,10.0,False,Alfa Romeo Racing,0 days 01:20:16.551000,2019-11-29 14:05:16.700,1,,False,,False,True,105.208,105.208
595,0 days 01:23:47.081000,GIO,99,0 days 00:01:45.322000,21.0,3.0,,,18.268,44.613,42.441,0 days 01:22:20.027000,0 days 01:23:04.640000,0 days 01:23:47.081000,280.0,293.0,214.0,301.0,False,SOFT,11.0,False,Alfa Romeo Racing,0 days 01:22:01.759000,2019-11-29 14:07:01.908,1,,False,,False,True,105.322,105.322
596,0 days 01:25:36.643000,GIO,99,0 days 00:01:49.562000,22.0,3.0,,0 days 01:25:35.639000,18.284,44.842,46.436,0 days 01:24:05.365000,0 days 01:24:50.207000,0 days 01:25:36.643000,280.0,293.0,,300.0,False,SOFT,12.0,False,Alfa Romeo Racing,0 days 01:23:47.081000,2019-11-29 14:08:47.230,12,,False,,False,False,109.562,109.562
597,0 days 01:33:04.663000,GIO,99,,23.0,4.0,0 days 01:26:16.230000,0 days 01:28:38.898000,,,,,,,,,,,False,HARD,11.0,False,Alfa Romeo Racing,0 days 01:25:36.643000,2019-11-29 14:10:36.792,15,,False,,False,False,,
598,0 days 01:34:59.456000,GIO,99,,24.0,5.0,0 days 01:33:04.663000,,,47.982,45.044,,0 days 01:34:14.418000,0 days 01:35:01.708000,255.0,259.0,219.0,229.0,False,HARD,12.0,False,Alfa Romeo Racing,0 days 01:33:04.663000,2019-11-29 14:18:04.812,1,,False,,False,False,,
599,0 days 01:36:43.970000,GIO,99,0 days 00:01:44.514000,25.0,5.0,,,18.414,44.236,41.864,0 days 01:35:17.870000,0 days 01:36:02.106000,0 days 01:36:43.970000,278.0,291.0,216.0,300.0,False,HARD,13.0,False,Alfa Romeo Racing,0 days 01:34:59.456000,2019-11-29 14:19:59.605,1,,False,,False,True,104.514,104.514
600,0 days 01:38:28.320000,GIO,99,0 days 00:01:44.350000,26.0,5.0,,,18.271,44.29,41.789,0 days 01:37:02.241000,0 days 01:37:46.531000,0 days 01:38:28.320000,276.0,288.0,216.0,293.0,False,HARD,14.0,False,Alfa Romeo Racing,0 days 01:36:43.970000,2019-11-29 14:21:44.119,1,,False,,False,True,104.35,104.35
601,0 days 01:40:12.283000,GIO,99,0 days 00:01:43.963000,27.0,5.0,,,18.169,44.147,41.647,0 days 01:38:46.489000,0 days 01:39:30.636000,0 days 01:40:12.283000,279.0,291.0,215.0,306.0,False,HARD,15.0,False,Alfa Romeo Racing,0 days 01:38:28.320000,2019-11-29 14:23:28.469,1,,False,,False,True,103.963,103.963
602,0 days 01:41:56.490000,GIO,99,0 days 00:01:44.207000,28.0,5.0,,,18.198,44.37,41.639,0 days 01:40:30.481000,0 days 01:41:14.851000,0 days 01:41:56.490000,278.0,289.0,216.0,294.0,False,HARD,16.0,False,Alfa Romeo Racing,0 days 01:40:12.283000,2019-11-29 14:25:12.432,1,,False,,False,True,104.207,104.207
603,0 days 01:43:40.604000,GIO,99,0 days 00:01:44.114000,29.0,5.0,,,18.124,44.294,41.696,0 days 01:42:14.614000,0 days 01:42:58.908000,0 days 01:43:40.604000,281.0,293.0,216.0,296.0,False,HARD,17.0,False,Alfa Romeo Racing,0 days 01:41:56.490000,2019-11-29 14:26:56.639,1,,False,,False,True,104.114,104.11399999999999
604,0 days 01:45:24.743000,GIO,99,0 days 00:01:44.139000,30.0,5.0,,,18.081,44.256,41.802,0 days 01:43:58.685000,0 days 01:44:42.941000,0 days 01:45:24.743000,281.0,293.0,216.0,298.0,False,HARD,18.0,False,Alfa Romeo Racing,0 days 01:43:40.604000,2019-11-29 14:28:40.753,1,,False,,False,True,104.139,104.13900000000001
605,0 days 01:47:45.141000,GIO,99,0 days 00:02:20.398000,31.0,5.0,,,21.66,50.104,68.634,0 days 01:45:46.403000,0 days 01:46:36.507000,0 days 01:47:45.141000,229.0,246.0,40.0,206.0,False,HARD,19.0,False,Alfa Romeo Racing,0 days 01:45:24.743000,2019-11-29 14:30:24.892,1,,False,,False,True,140.398,140.398
606,0 days 01:50:16.021000,GIO,99,,32.0,5.0,,0 days 01:50:14.839000,43.655,49.843,57.376,0 days 01:48:28.831000,0 days 01:49:18.645000,0 days 01:50:16.120000,254.0,225.0,,230.0,False,HARD,20.0,False,Alfa Romeo Racing,0 days 01:47:45.141000,2019-11-29 14:32:45.290,1,,False,,False,False,,150.874
