,Time,Driver,DriverNumber,LapTime,LapNumber,Stint,PitOutTime,PitInTime,Sector1Time,Sector2Time,Sector3Time,Sector1SessionTime,Sector2SessionTime,Sector3SessionTime,SpeedI1,SpeedI2,SpeedFL,SpeedST,IsPersonalBest,Compound,TyreLife,FreshTyre,Team,LapStartTime,LapStartDate,TrackStatus,Position,Deleted,DeletedReason,FastF1Generated,IsAccurate,LapTime_in_seconds,laptime_sum_sectortimes
0,0 days 00:17:08.667000,VER,1,0 days 00:01:30.240000,1.0,1.0,0 days 00:15:40.288000,,26.657,38.464,25.119,0 days 00:16:05.318000,0 days 00:16:44.192000,0 days 00:17:08.807000,192.0,171.0,239.0,262.0,False,HARD,1.0,True,Red Bull Racing,0 days 00:15:40.288000,2024-05-24 15:00:50.232,1,,False,,False,False,90.24,90.24
1,0 days 00:18:37.632000,VER,1,0 days 00:01:28.965000,2.0,1.0,,,20.485,36.37,32.11,0 days 00:17:29.152000,0 days 00:18:05.522000,0 days 00:18:37.632000,202.0,185.0,262.0,266.0,True,HARD,2.0,True,Red Bull Racing,0 days 00:17:08.667000,2024-05-24 15:02:18.611,1,,False,,False,True,88.965,88.965
2,0 days 00:19:51.407000,VER,1,0 days 00:01:13.775000,3.0,1.0,,,19.365,34.743,19.667,0 days 00:18:56.997000,0 days 00:19:31.740000,0 days 00:19:51.407000,216.0,196.0,264.0,279.0,True,HARD,3.0,True,Red Bull Racing,0 days 00:18:37.632000,2024-05-24 15:03:47.576,1,,False,,False,True,73.775,73.775
3,0 days 00:21:37.742000,VER,1,0 days 00:01:46.335000,4.0,1.0,,,27.236,46.912,32.187,0 days 00:20:18.643000,0 days 00:21:05.555000,0 days 00:21:37.742000,152.0,170.0,264.0,252.0,False,HARD,4.0,True,Red Bull Racing,0 days 00:19:51.407000,2024-05-24 15:05:01.351,1,,False,,False,True,106.335,106.335
4,0 days 00:22:51.007000,VER,1,0 days 00:01:13.265000,5.0,1.0,,,19.185,34.643,19.437,0 days 00:21:56.927000,0 days 00:22:31.570000,0 days 00:22:51.007000,217.0,199.0,260.0,279.0,True,HARD,5.0,True,Red Bull Racing,0 days 00:21:37.742000,2024-05-24 15:06:47.686,1,,False,,False,True,73.265,73.265
5,0 days 00:24:27.369000,VER,1,0 days 00:01:36.362000,6.0,1.0,,,23.686,43.171,29.505,0 days 00:23:14.693000,0 days 00:23:57.864000,0 days 00:24:27.369000,114.0,173.0,265.0,194.0,False,HARD,6.0,True,Red Bull Racing,0 days 00:22:51.007000,2024-05-24 15:08:00.951,1,,False,,False,True,96.362,96.362
6,0 days 00:25:40.516000,VER,1,0 days 00:01:13.147000,7.0,1.0,,,19.046,34.627,19.474,0 days 00:24:46.415000,0 days 00:25:21.042000,0 days 00:25:40.516000,217.0,198.0,260.0,278.0,True,HARD,7.0,True,Red Bull Racing,0 days 00:24:27.369000,2024-05-24 15:09:37.313,1,,False,,False,True,73.147,73.147
7,0 days 00:27:12.380000,VER,1,0 days 00:01:31.864000,8.0,1.0,,,23.692,40.265,27.907,0 days 00:26:04.208000,0 days 00:26:44.473000,0 days 00:27:12.380000,125.0,165.0,264.0,258.0,False,HARD,8.0,True,Red Bull Racing,0 days 00:25:40.516000,2024-05-24 15:10:50.460,1,,False,,False,True,91.864,91.864
8,0 days 00:28:32.537000,VER,1,0 days 00:01:20.157000,9.0,1.0,,,18.931,35.128,26.098,0 days 00:27:31.311000,0 days 00:28:06.439000,0 days 00:28:32.537000,218.0,157.0,232.0,278.0,False,HARD,9.0,True,Red Bull Racing,0 days 00:27:12.380000,2024-05-24 15:12:22.324,1,,False,,False,True,80.157,80.157
9,0 days 00:30:09.665000,VER,1,0 days 00:01:37.128000,10.0,1.0,,,22.309,46.853,27.966,0 days 00:28:54.846000,0 days 00:29:41.699000,0 days 00:30:09.665000,178.0,178.0,264.0,191.0,False,HARD,10.0,True,Red Bull Racing,0 days 00:28:32.537000,2024-05-24 15:13:42.481,1,,False,,False,True,97.128,97.12800000000001
10,0 days 00:31:22.388000,VER,1,0 days 00:01:12.723000,11.0,1.0,,,18.957,34.463,19.303,0 days 00:30:28.622000,0 days 00:31:03.085000,0 days 00:31:22.388000,216.0,202.0,264.0,275.0,True,HARD,11.0,True,Red Bull Racing,0 days 00:30:09.665000,2024-05-24 15:15:19.609,1,,False,,False,True,72.723,72.723
11,0 days 00:37:54.708000,VER,1,,12.0,1.0,,0 days 00:32:37.893000,21.492,37.621,,0 days 00:31:44.193000,0 days 00:32:21.783000,,172.0,173.0,,258.0,False,HARD,12.0,True,Red Bull Racing,0 days 00:31:22.388000,2024-05-24 15:16:32.332,1,,False,,False,False,,
12,0 days 00:39:17.735000,VER,1,0 days 00:01:23.027000,13.0,2.0,0 days 00:37:55.368000,,24.053,38.498,20.476,0 days 00:38:18.761000,0 days 00:38:57.259000,0 days 00:39:17.735000,195.0,189.0,263.0,257.0,False,SOFT,1.0,True,Red Bull Racing,0 days 00:37:54.708000,2024-05-24 15:23:04.652,1,,False,,False,False,83.027,83.027
13,0 days 00:40:29.548000,VER,1,0 days 00:01:11.813000,14.0,2.0,,,18.758,34.01,19.045,0 days 00:39:36.493000,0 days 00:40:10.503000,0 days 00:40:29.548000,220.0,203.0,263.0,273.0,True,SOFT,2.0,True,Red Bull Racing,0 days 00:39:17.735000,2024-05-24 15:24:27.679,1,,False,,False,True,71.813,71.813
14,0 days 00:42:19.276000,VER,1,0 days 00:01:49.728000,15.0,2.0,,0 days 00:41:50.366000,25.318,39.599,44.811,0 days 00:40:54.866000,0 days 00:41:34.465000,0 days 00:42:19.276000,159.0,164.0,,243.0,False,SOFT,3.0,True,Red Bull Racing,0 days 00:40:29.548000,2024-05-24 15:25:39.492,1,,False,,False,False,109.728,109.72800000000001
15,0 days 00:44:00.626000,VER,1,0 days 00:01:41.350000,16.0,3.0,0 days 00:42:20.106000,,27.465,43.408,30.477,0 days 00:42:46.741000,0 days 00:43:30.149000,0 days 00:44:00.626000,131.0,186.0,265.0,249.0,False,SOFT,4.0,False,Red Bull Racing,0 days 00:42:19.276000,2024-05-24 15:27:29.220,1,,False,,False,False,101.35,101.35000000000001
16,0 days 00:51:31.249000,VER,1,,17.0,3.0,,0 days 00:45:16.681000,18.69,40.614,,0 days 00:44:19.443000,0 days 00:45:00.052000,,219.0,153.0,,226.0,False,SOFT,5.0,False,Red Bull Racing,0 days 00:44:00.626000,2024-05-24 15:29:10.570,12,,False,,False,False,,
17,0 days 00:53:02.555000,VER,1,0 days 00:01:31.306000,18.0,4.0,0 days 00:51:32.027000,,28.363,39.208,23.735,0 days 00:51:59.612000,0 days 00:52:38.820000,0 days 00:53:02.555000,149.0,183.0,250.0,256.0,False,SOFT,6.0,False,Red Bull Racing,0 days 00:51:31.249000,2024-05-24 15:36:41.193,1,,False,,False,False,91.306,91.306
18,0 days 00:54:18.492000,VER,1,0 days 00:01:15.937000,19.0,4.0,,,19.779,35.718,20.44,0 days 00:53:22.334000,0 days 00:53:58.052000,0 days 00:54:18.492000,204.0,186.0,252.0,259.0,False,SOFT,7.0,False,Red Bull Racing,0 days 00:53:02.555000,2024-05-24 15:38:12.499,1,,False,,False,True,75.937,75.937
19,0 days 00:55:33.639000,VER,1,0 days 00:01:15.147000,20.0,4.0,,,19.799,35.48,19.868,0 days 00:54:38.291000,0 days 00:55:13.771000,0 days 00:55:33.639000,202.0,193.0,252.0,257.0,False,SOFT,8.0,False,Red Bull Racing,0 days 00:54:18.492000,2024-05-24 15:39:28.436,1,,False,,False,True,75.147,75.14699999999999
20,0 days 00:56:49.242000,VER,1,0 days 00:01:15.603000,21.0,4.0,,,19.583,35.539,20.481,0 days 00:55:53.222000,0 days 00:56:28.761000,0 days 00:56:49.242000,208.0,190.0,255.0,260.0,False,SOFT,9.0,False,Red Bull Racing,0 days 00:55:33.639000,2024-05-24 15:40:43.583,1,,False,,False,True,75.603,75.60300000000001
21,0 days 00:58:23.930000,VER,1,0 days 00:01:34.688000,22.0,4.0,,0 days 00:58:00,21.194,35.79,37.704,0 days 00:57:10.436000,0 days 00:57:46.226000,0 days 00:58:23.930000,204.0,191.0,,261.0,False,SOFT,10.0,False,Red Bull Racing,0 days 00:56:49.242000,2024-05-24 15:41:59.186,1,,False,,False,False,94.688,94.68799999999999
22,0 days 00:59:43.793000,VER,1,0 days 00:01:19.863000,23.0,5.0,0 days 00:58:24.561000,,23.05,36.399,20.414,0 days 00:58:46.980000,0 days 00:59:23.379000,0 days 00:59:43.793000,199.0,186.0,250.0,255.0,False,HARD,13.0,False,Red Bull Racing,0 days 00:58:23.930000,2024-05-24 15:43:33.874,1,,False,,False,False,79.863,79.863
23,0 days 01:00:59.622000,VER,1,0 days 00:01:15.829000,24.0,5.0,,,19.896,35.831,20.102,0 days 01:00:03.689000,0 days 01:00:39.520000,0 days 01:00:59.622000,205.0,190.0,251.0,255.0,False,HARD,14.0,False,Red Bull Racing,0 days 00:59:43.793000,2024-05-24 15:44:53.737,1,,False,,False,True,75.829,75.82900000000001
24,0 days 01:02:22.731000,VER,1,0 days 00:01:23.109000,25.0,5.0,,,21.888,37.846,23.375,0 days 01:01:21.510000,0 days 01:01:59.356000,0 days 01:02:22.731000,175.0,180.0,251.0,250.0,False,HARD,15.0,False,Red Bull Racing,0 days 01:00:59.622000,2024-05-24 15:46:09.566,1,,False,,False,True,83.109,83.109
25,0 days 01:03:38.019000,VER,1,0 days 00:01:15.288000,26.0,5.0,,,19.809,35.516,19.963,0 days 01:02:42.540000,0 days 01:03:18.056000,0 days 01:03:38.019000,207.0,195.0,250.0,258.0,False,HARD,16.0,False,Red Bull Racing,0 days 01:02:22.731000,2024-05-24 15:47:32.675,12,,False,,False,True,75.288,75.28800000000001
26,0 days 01:04:53.122000,VER,1,0 days 00:01:15.103000,27.0,5.0,,,19.589,35.632,19.882,0 days 01:03:57.608000,0 days 01:04:33.240000,0 days 01:04:53.122000,206.0,192.0,251.0,259.0,False,HARD,17.0,False,Red Bull Racing,0 days 01:03:38.019000,2024-05-24 15:48:47.963,1,,False,,False,True,75.103,75.103
27,0 days 01:06:22.881000,VER,1,0 days 00:01:29.759000,28.0,5.0,,0 days 01:06:03.854000,19.509,35.823,34.427,0 days 01:05:12.631000,0 days 01:05:48.454000,0 days 01:06:22.881000,208.0,190.0,,262.0,False,HARD,18.0,False,Red Bull Racing,0 days 01:04:53.122000,2024-05-24 15:50:03.066,1,,False,,False,False,89.759,89.759
28,0 days 01:07:43.756000,VER,1,0 days 00:01:20.875000,29.0,6.0,0 days 01:06:23.486000,,22.778,37.199,20.898,0 days 01:06:45.659000,0 days 01:07:22.858000,0 days 01:07:43.756000,193.0,181.0,255.0,250.0,False,HARD,19.0,False,Red Bull Racing,0 days 01:06:22.881000,2024-05-24 15:51:32.825,1,,False,,False,False,80.875,80.875
29,0 days 01:09:01.354000,VER,1,0 days 00:01:17.598000,30.0,6.0,,,19.496,35.507,22.595,0 days 01:08:03.252000,0 days 01:08:38.759000,0 days 01:09:01.354000,211.0,194.0,254.0,263.0,False,HARD,20.0,False,Red Bull Racing,0 days 01:07:43.756000,2024-05-24 15:52:53.700,1,,False,,False,True,77.598,77.598
30,0 days 01:10:16.963000,VER,1,0 days 00:01:15.609000,31.0,6.0,,,19.574,35.794,20.241,0 days 01:09:20.928000,0 days 01:09:56.722000,0 days 01:10:16.963000,212.0,195.0,254.0,278.0,False,HARD,21.0,False,Red Bull Racing,0 days 01:09:01.354000,2024-05-24 15:54:11.298,1,,False,,False,True,75.609,75.609
31,0 days 01:11:35.315000,VER,1,0 days 00:01:18.352000,32.0,6.0,,,19.829,37.317,21.206,0 days 01:10:36.792000,0 days 01:11:14.109000,0 days 01:11:35.315000,208.0,180.0,251.0,275.0,False,HARD,22.0,False,Red Bull Racing,0 days 01:10:16.963000,2024-05-24 15:55:26.907,1,,False,,False,True,78.352,78.352
32,0 days 01:12:51.437000,VER,1,0 days 00:01:16.122000,33.0,6.0,,,19.869,35.904,20.349,0 days 01:11:55.184000,0 days 01:12:31.088000,0 days 01:12:51.437000,208.0,191.0,251.0,274.0,False,HARD,23.0,False,Red Bull Racing,0 days 01:11:35.315000,2024-05-24 15:56:45.259,1,,False,,False,True,76.122,76.122
33,0 days 01:14:07.954000,VER,1,0 days 00:01:16.517000,34.0,6.0,,,19.744,36.284,20.489,0 days 01:13:11.181000,0 days 01:13:47.465000,0 days 01:14:07.954000,208.0,189.0,252.0,261.0,False,HARD,24.0,False,Red Bull Racing,0 days 01:12:51.437000,2024-05-24 15:58:01.381,1,,False,,False,True,76.517,76.517
34,0 days 01:15:24.257000,VER,1,0 days 00:01:16.303000,35.0,6.0,,,19.703,36.174,20.426,0 days 01:14:27.657000,0 days 01:15:03.831000,0 days 01:15:24.257000,208.0,190.0,253.0,262.0,False,HARD,25.0,False,Red Bull Racing,0 days 01:14:07.954000,2024-05-24 15:59:17.898,1,,False,,False,True,76.303,76.303
35,0 days 01:17:41.441000,VER,1,0 days 00:02:17.184000,36.0,6.0,,,28.181,51.362,57.641,0 days 01:15:52.438000,0 days 01:16:43.800000,0 days 01:17:41.441000,115.0,135.0,7.0,188.0,False,HARD,26.0,False,Red Bull Racing,0 days 01:15:24.257000,2024-05-24 16:00:34.201,1,,False,,False,True,137.184,137.184
36,0 days 01:19:01.078000,VER,1,,37.0,6.0,,0 days 01:19:01.078000,24.989,38.723,,0 days 01:18:06.621000,0 days 01:18:45.374000,,178.0,164.0,,254.0,False,HARD,27.0,False,Red Bull Racing,0 days 01:17:41.441000,2024-05-24 16:02:51.385,1,,False,,False,False,,
37,0 days 00:16:46.475000,SAR,2,0 days 00:01:34.210000,1.0,1.0,0 days 00:15:13.874000,,30.892,40.694,22.624,0 days 00:15:43.895000,0 days 00:16:24.091000,0 days 00:16:46.646000,172.0,170.0,259.0,267.0,False,MEDIUM,1.0,True,Williams,0 days 00:15:13.874000,2024-05-24 15:00:23.818,1,,False,,False,False,94.21,94.21
38,0 days 00:18:11.412000,SAR,2,0 days 00:01:24.937000,2.0,1.0,,,20.908,36.409,27.62,0 days 00:17:07.383000,0 days 00:17:43.792000,0 days 00:18:11.412000,203.0,185.0,263.0,277.0,True,MEDIUM,2.0,True,Williams,0 days 00:16:46.475000,2024-05-24 15:01:56.419,1,,False,,False,True,84.937,84.937
39,0 days 00:19:26.718000,SAR,2,0 days 00:01:15.306000,3.0,1.0,,,20.132,35.321,19.853,0 days 00:18:31.544000,0 days 00:19:06.865000,0 days 00:19:26.718000,212.0,190.0,266.0,277.0,True,MEDIUM,3.0,True,Williams,0 days 00:18:11.412000,2024-05-24 15:03:21.356,1,,False,,False,True,75.306,75.30600000000001
40,0 days 00:21:01.250000,SAR,2,0 days 00:01:34.532000,4.0,1.0,,,25.69,45.754,23.088,0 days 00:19:52.408000,0 days 00:20:38.162000,0 days 00:21:01.250000,108.0,162.0,266.0,248.0,False,MEDIUM,4.0,True,Williams,0 days 00:19:26.718000,2024-05-24 15:04:36.662,1,,False,,False,True,94.532,94.53200000000001
41,0 days 00:22:15.971000,SAR,2,0 days 00:01:14.721000,5.0,1.0,,,19.473,35.061,20.187,0 days 00:21:20.723000,0 days 00:21:55.784000,0 days 00:22:15.971000,213.0,194.0,258.0,277.0,True,MEDIUM,5.0,True,Williams,0 days 00:21:01.250000,2024-05-24 15:06:11.194,1,,False,,False,True,74.721,74.721
42,0 days 00:27:34.337000,SAR,2,,6.0,1.0,,0 days 00:23:51.512000,27.882,47.601,,0 days 00:22:44.030000,0 days 00:23:31.669000,,106.0,153.0,,233.0,False,MEDIUM,6.0,True,Williams,0 days 00:22:15.971000,2024-05-24 15:07:25.915,1,,False,,False,False,,
43,0 days 00:29:10.178000,SAR,2,0 days 00:01:35.841000,7.0,2.0,0 days 00:27:34.997000,,24.924,39.545,31.372,0 days 00:27:59.261000,0 days 00:28:38.806000,0 days 00:29:10.178000,203.0,70.0,264.0,274.0,False,MEDIUM,7.0,False,Williams,0 days 00:27:34.337000,2024-05-24 15:12:44.281,1,,False,,False,False,95.841,95.841
44,0 days 00:30:24.638000,SAR,2,0 days 00:01:14.460000,8.0,2.0,,,19.587,35.208,19.665,0 days 00:29:29.765000,0 days 00:30:04.973000,0 days 00:30:24.638000,212.0,193.0,265.0,276.0,True,MEDIUM,8.0,False,Williams,0 days 00:29:10.178000,2024-05-24 15:14:20.122,1,,False,,False,True,74.46,74.46000000000001
45,0 days 00:32:00.442000,SAR,2,0 days 00:01:35.804000,9.0,2.0,,,22.761,45.68,27.363,0 days 00:30:47.399000,0 days 00:31:33.079000,0 days 00:32:00.442000,164.0,70.0,265.0,262.0,False,MEDIUM,9.0,False,Williams,0 days 00:30:24.638000,2024-05-24 15:15:34.582,1,,False,,False,True,95.804,95.804
46,0 days 00:33:14.250000,SAR,2,0 days 00:01:13.808000,10.0,2.0,,,19.433,34.806,19.569,0 days 00:32:19.875000,0 days 00:32:54.681000,0 days 00:33:14.250000,215.0,195.0,266.0,277.0,True,MEDIUM,10.0,False,Williams,0 days 00:32:00.442000,2024-05-24 15:17:10.386,1,,False,,False,True,73.808,73.80799999999999
47,0 days 00:36:48.129000,SAR,2,,11.0,2.0,,0 days 00:34:29.095000,21.172,37.339,,0 days 00:33:35.672000,0 days 00:34:12.945000,,189.0,165.0,,263.0,False,MEDIUM,11.0,False,Williams,0 days 00:33:14.250000,2024-05-24 15:18:24.194,1,,False,,False,False,,
48,0 days 00:38:12.237000,SAR,2,0 days 00:01:24.108000,12.0,3.0,0 days 00:36:48.914000,,25.861,37.601,20.646,0 days 00:37:13.990000,0 days 00:37:51.591000,0 days 00:38:12.237000,188.0,185.0,266.0,270.0,False,SOFT,1.0,True,Williams,0 days 00:36:48.129000,2024-05-24 15:21:58.073,1,,False,,False,False,84.108,84.108
49,0 days 00:39:25.027000,SAR,2,0 days 00:01:12.790000,13.0,3.0,,,19.107,34.35,19.333,0 days 00:38:31.344000,0 days 00:39:05.694000,0 days 00:39:25.027000,218.0,197.0,268.0,277.0,True,SOFT,2.0,True,Williams,0 days 00:38:12.237000,2024-05-24 15:23:22.181,1,,False,,False,True,72.79,72.78999999999999
50,0 days 00:41:01.127000,SAR,2,0 days 00:01:36.100000,14.0,3.0,,,26.077,48.016,22.007,0 days 00:39:51.104000,0 days 00:40:39.120000,0 days 00:41:01.127000,176.0,164.0,267.0,192.0,False,SOFT,3.0,True,Williams,0 days 00:39:25.027000,2024-05-24 15:24:34.971,1,,False,,False,True,96.1,96.10000000000001
51,0 days 00:42:14.194000,SAR,2,0 days 00:01:13.067000,15.0,3.0,,,19.058,34.475,19.534,0 days 00:41:20.185000,0 days 00:41:54.660000,0 days 00:42:14.194000,213.0,198.0,267.0,277.0,False,SOFT,4.0,True,Williams,0 days 00:41:01.127000,2024-05-24 15:26:11.071,1,,False,,False,True,73.067,73.06700000000001
52,0 days 00:43:51.258000,SAR,2,0 days 00:01:37.064000,16.0,3.0,,,24.876,50.436,21.752,0 days 00:42:39.070000,0 days 00:43:29.506000,0 days 00:43:51.258000,148.0,156.0,267.0,132.0,False,SOFT,5.0,True,Williams,0 days 00:42:14.194000,2024-05-24 15:27:24.138,1,,False,,False,True,97.064,97.064
53,0 days 00:45:04.139000,SAR,2,0 days 00:01:12.881000,17.0,3.0,,,19.039,34.375,19.467,0 days 00:44:10.297000,0 days 00:44:44.672000,0 days 00:45:04.139000,219.0,196.0,268.0,281.0,False,SOFT,6.0,True,Williams,0 days 00:43:51.258000,2024-05-24 15:29:01.202,1,,False,,False,True,72.881,72.881
54,0 days 00:53:40.324000,SAR,2,,18.0,3.0,,0 days 00:46:41.810000,30.552,46.065,,0 days 00:45:34.856000,0 days 00:46:20.899000,,136.0,137.0,,224.0,False,SOFT,7.0,True,Williams,0 days 00:45:04.139000,2024-05-24 15:30:14.083,12,,False,,False,False,,
55,0 days 00:55:06.093000,SAR,2,0 days 00:01:25.769000,19.0,4.0,0 days 00:53:40.987000,,24.875,39.412,21.482,0 days 00:54:05.199000,0 days 00:54:44.611000,0 days 00:55:06.093000,196.0,184.0,254.0,268.0,False,SOFT,8.0,False,Williams,0 days 00:53:40.324000,2024-05-24 15:38:50.268,1,,False,,False,False,85.769,85.769
56,0 days 00:56:42.264000,SAR,2,0 days 00:01:36.171000,20.0,4.0,,0 days 00:56:15.708000,20.331,35.049,40.791,0 days 00:55:26.424000,0 days 00:56:01.473000,0 days 00:56:42.264000,202.0,182.0,,273.0,False,SOFT,9.0,False,Williams,0 days 00:55:06.093000,2024-05-24 15:40:16.037,1,,False,,False,False,96.171,96.17099999999999
57,0 days 00:58:03.307000,SAR,2,0 days 00:01:21.043000,21.0,5.0,0 days 00:56:44.932000,,23.785,36.586,20.672,0 days 00:57:06.049000,0 days 00:57:42.635000,0 days 00:58:03.307000,199.0,185.0,250.0,270.0,False,MEDIUM,12.0,False,Williams,0 days 00:56:42.264000,2024-05-24 15:41:52.208,1,,False,,False,False,81.043,81.04299999999999
58,0 days 00:59:19.482000,SAR,2,0 days 00:01:16.175000,22.0,5.0,,,20.258,35.65,20.267,0 days 00:58:23.565000,0 days 00:58:59.215000,0 days 00:59:19.482000,208.0,187.0,253.0,270.0,False,MEDIUM,13.0,False,Williams,0 days 00:58:03.307000,2024-05-24 15:43:13.251,1,,False,,False,True,76.175,76.175
59,0 days 01:00:35.526000,SAR,2,0 days 00:01:16.044000,23.0,5.0,,,20.123,35.685,20.236,0 days 00:59:39.605000,0 days 01:00:15.290000,0 days 01:00:35.526000,205.0,187.0,252.0,272.0,False,MEDIUM,14.0,False,Williams,0 days 00:59:19.482000,2024-05-24 15:44:29.426,1,,False,,False,True,76.044,76.04400000000001
60,0 days 01:01:51.921000,SAR,2,0 days 00:01:16.395000,24.0,5.0,,,20.134,35.891,20.37,0 days 01:00:55.660000,0 days 01:01:31.551000,0 days 01:01:51.921000,208.0,188.0,252.0,271.0,False,MEDIUM,15.0,False,Williams,0 days 01:00:35.526000,2024-05-24 15:45:45.470,1,,False,,False,True,76.395,76.395
61,0 days 01:03:08.307000,SAR,2,0 days 00:01:16.386000,25.0,5.0,,,20.026,36.087,20.273,0 days 01:02:11.947000,0 days 01:02:48.034000,0 days 01:03:08.307000,210.0,189.0,253.0,273.0,False,MEDIUM,16.0,False,Williams,0 days 01:01:51.921000,2024-05-24 15:47:01.865,1,,False,,False,True,76.386,76.386
62,0 days 01:04:25.214000,SAR,2,0 days 00:01:16.907000,26.0,5.0,,,20.101,36.292,20.514,0 days 01:03:28.408000,0 days 01:04:04.700000,0 days 01:04:25.214000,205.0,188.0,252.0,272.0,False,MEDIUM,17.0,False,Williams,0 days 01:03:08.307000,2024-05-24 15:48:18.251,12,,False,,False,True,76.907,76.907
63,0 days 01:05:42.494000,SAR,2,0 days 00:01:17.280000,27.0,5.0,,,20.201,36.355,20.724,0 days 01:04:45.415000,0 days 01:05:21.770000,0 days 01:05:42.494000,206.0,188.0,252.0,272.0,False,MEDIUM,18.0,False,Williams,0 days 01:04:25.214000,2024-05-24 15:49:35.158,1,,False,,False,True,77.28,77.28
64,0 days 01:07:00.243000,SAR,2,0 days 00:01:17.749000,28.0,5.0,,,20.336,36.753,20.66,0 days 01:06:02.830000,0 days 01:06:39.583000,0 days 01:07:00.243000,205.0,190.0,252.0,272.0,False,MEDIUM,19.0,False,Williams,0 days 01:05:42.494000,2024-05-24 15:50:52.438,1,,False,,False,True,77.749,77.749
65,0 days 01:08:18.496000,SAR,2,0 days 00:01:18.253000,29.0,5.0,,,20.414,36.987,20.852,0 days 01:07:20.657000,0 days 01:07:57.644000,0 days 01:08:18.496000,204.0,186.0,252.0,272.0,False,MEDIUM,20.0,False,Williams,0 days 01:07:00.243000,2024-05-24 15:52:10.187,1,,False,,False,True,78.253,78.253
66,0 days 01:09:37.035000,SAR,2,0 days 00:01:18.539000,30.0,5.0,,,20.438,37.345,20.756,0 days 01:08:38.934000,0 days 01:09:16.279000,0 days 01:09:37.035000,204.0,187.0,252.0,273.0,False,MEDIUM,21.0,False,Williams,0 days 01:08:18.496000,2024-05-24 15:53:28.440,1,,False,,False,True,78.539,78.539
67,0 days 01:10:55.913000,SAR,2,0 days 00:01:18.878000,31.0,5.0,,,20.58,37.157,21.141,0 days 01:09:57.615000,0 days 01:10:34.772000,0 days 01:10:55.913000,204.0,188.0,253.0,274.0,False,MEDIUM,22.0,False,Williams,0 days 01:09:37.035000,2024-05-24 15:54:46.979,1,,False,,False,True,78.878,78.87799999999999
68,0 days 01:12:39.732000,SAR,2,0 days 00:01:43.819000,32.0,5.0,,0 days 01:12:08.289000,20.519,37.413,45.887,0 days 01:11:16.432000,0 days 01:11:53.845000,0 days 01:12:39.732000,201.0,187.0,,273.0,False,MEDIUM,23.0,False,Williams,0 days 01:10:55.913000,2024-05-24 15:56:05.857,1,,False,,False,False,103.819,103.81899999999999
69,0 days 01:13:59.527000,SAR,2,0 days 00:01:19.795000,33.0,6.0,0 days 01:12:40.435000,,23.47,35.943,20.382,0 days 01:13:03.202000,0 days 01:13:39.145000,0 days 01:13:59.527000,202.0,190.0,254.0,274.0,False,SOFT,10.0,False,Williams,0 days 01:12:39.732000,2024-05-24 15:57:49.676,1,,False,,False,False,79.795,79.795
70,0 days 01:15:15.015000,SAR,2,0 days 00:01:15.488000,34.0,6.0,,,19.804,35.479,20.205,0 days 01:14:19.331000,0 days 01:14:54.810000,0 days 01:15:15.015000,212.0,190.0,254.0,274.0,False,SOFT,11.0,False,Williams,0 days 01:13:59.527000,2024-05-24 15:59:09.471,1,,False,,False,True,75.488,75.488
71,0 days 01:17:47.466000,SAR,2,,35.0,6.0,,,31.311,55.529,65.465,0 days 01:15:46.482000,0 days 01:16:42.103000,0 days 01:17:47.466000,106.0,115.0,84.0,146.0,False,SOFT,12.0,False,Williams,0 days 01:15:15.015000,2024-05-24 16:00:24.959,1,,False,,False,False,,152.305
72,0 days 01:19:17.264000,SAR,2,,36.0,6.0,,0 days 01:19:17.264000,26.924,45.997,,0 days 01:18:14.972000,0 days 01:19:00.506000,,122.0,130.0,,176.0,False,SOFT,13.0,False,Williams,0 days 01:17:47.466000,2024-05-24 16:02:57.410,1,,False,,False,False,,
73,0 days 00:17:01.421000,RIC,3,0 days 00:01:36.307000,1.0,1.0,0 days 00:15:26.221000,,30.827,42.825,22.655,0 days 00:15:56.128000,0 days 00:16:39.054000,0 days 00:17:01.675000,168.0,160.0,258.0,256.0,False,HARD,1.0,True,RB,0 days 00:15:26.221000,2024-05-24 15:00:36.165,1,,False,,False,False,96.307,96.307
74,0 days 00:18:28.083000,RIC,3,0 days 00:01:26.662000,2.0,1.0,,,20.876,38.036,27.75,0 days 00:17:22.297000,0 days 00:18:00.333000,0 days 00:18:28.083000,199.0,172.0,227.0,272.0,True,HARD,2.0,True,RB,0 days 00:17:01.421000,2024-05-24 15:02:11.365,1,,False,,False,True,86.662,86.662
75,0 days 00:19:44.141000,RIC,3,0 days 00:01:16.058000,3.0,1.0,,,20.244,35.528,20.286,0 days 00:18:48.327000,0 days 00:19:23.855000,0 days 00:19:44.141000,208.0,193.0,262.0,275.0,True,HARD,3.0,True,RB,0 days 00:18:28.083000,2024-05-24 15:03:38.027,1,,False,,False,True,76.058,76.05799999999999
76,0 days 00:21:12.670000,RIC,3,0 days 00:01:28.529000,4.0,1.0,,,21.805,44.369,22.355,0 days 00:20:05.946000,0 days 00:20:50.315000,0 days 00:21:12.670000,175.0,161.0,266.0,228.0,False,HARD,4.0,True,RB,0 days 00:19:44.141000,2024-05-24 15:04:54.085,1,,False,,False,True,88.529,88.52900000000001
77,0 days 00:22:26.684000,RIC,3,0 days 00:01:14.014000,5.0,1.0,,,19.561,34.766,19.687,0 days 00:21:32.231000,0 days 00:22:06.997000,0 days 00:22:26.684000,213.0,198.0,266.0,278.0,True,HARD,5.0,True,RB,0 days 00:21:12.670000,2024-05-24 15:06:22.614,1,,False,,False,True,74.014,74.014
78,0 days 00:24:15.181000,RIC,3,0 days 00:01:48.497000,6.0,1.0,,,,,24.621,,,0 days 00:24:15.394000,213.0,75.0,262.0,205.0,False,HARD,6.0,True,RB,0 days 00:22:26.684000,2024-05-24 15:07:36.628,1,,False,,False,False,108.497,
79,0 days 00:25:29.733000,RIC,3,0 days 00:01:14.552000,7.0,1.0,,,19.656,34.966,19.93,0 days 00:24:34.837000,0 days 00:25:09.803000,0 days 00:25:29.733000,213.0,196.0,261.0,276.0,False,HARD,7.0,True,RB,0 days 00:24:15.181000,2024-05-24 15:09:25.125,1,,False,,False,True,74.552,74.55199999999999
80,0 days 00:27:26.849000,RIC,3,0 days 00:01:57.116000,8.0,1.0,,,36.774,56.419,23.923,0 days 00:26:06.507000,0 days 00:27:02.926000,0 days 00:27:26.849000,78.0,72.0,262.0,178.0,False,HARD,8.0,True,RB,0 days 00:25:29.733000,2024-05-24 15:10:39.677,1,,False,,False,True,117.116,117.116
81,0 days 00:28:49.231000,RIC,3,0 days 00:01:22.382000,9.0,1.0,,,19.737,37.903,24.742,0 days 00:27:46.586000,0 days 00:28:24.489000,0 days 00:28:49.231000,211.0,149.0,262.0,273.0,False,HARD,9.0,True,RB,0 days 00:27:26.849000,2024-05-24 15:12:36.793,1,,False,,False,True,82.382,82.382
82,0 days 00:30:03.524000,RIC,3,0 days 00:01:14.293000,10.0,1.0,,,19.67,34.746,19.877,0 days 00:29:08.901000,0 days 00:29:43.647000,0 days 00:30:03.524000,213.0,197.0,258.0,275.0,False,HARD,10.0,True,RB,0 days 00:28:49.231000,2024-05-24 15:13:59.175,1,,False,,False,True,74.293,74.293
83,0 days 00:31:56.154000,RIC,3,0 days 00:01:52.630000,11.0,1.0,,,26.78,53.688,32.162,0 days 00:30:30.304000,0 days 00:31:23.992000,0 days 00:31:56.154000,82.0,131.0,260.0,203.0,False,HARD,11.0,True,RB,0 days 00:30:03.524000,2024-05-24 15:15:13.468,1,,False,,False,True,112.63,112.63
84,0 days 00:33:09.949000,RIC,3,0 days 00:01:13.795000,12.0,1.0,,,19.558,34.638,19.599,0 days 00:32:15.712000,0 days 00:32:50.350000,0 days 00:33:09.949000,217.0,199.0,263.0,275.0,True,HARD,12.0,True,RB,0 days 00:31:56.154000,2024-05-24 15:17:06.098,1,,False,,False,True,73.795,73.795
85,0 days 00:40:29.182000,RIC,3,,13.0,1.0,,0 days 00:34:38.161000,26.899,44.976,,0 days 00:33:37.164000,0 days 00:34:22.140000,,94.0,149.0,,227.0,False,HARD,13.0,True,RB,0 days 00:33:09.949000,2024-05-24 15:18:19.893,1,,False,,False,False,,
86,0 days 00:42:02.667000,RIC,3,0 days 00:01:33.485000,14.0,2.0,0 days 00:40:29.940000,,26.614,40.617,26.254,0 days 00:40:55.796000,0 days 00:41:36.413000,0 days 00:42:02.667000,180.0,131.0,260.0,264.0,False,MEDIUM,1.0,True,RB,0 days 00:40:29.182000,2024-05-24 15:25:39.126,1,,False,,False,False,93.485,93.485
87,0 days 00:43:27.235000,RIC,3,0 days 00:01:24.568000,15.0,2.0,,,19.561,42.568,22.439,0 days 00:42:22.228000,0 days 00:43:04.796000,0 days 00:43:27.235000,213.0,155.0,261.0,253.0,False,MEDIUM,2.0,True,RB,0 days 00:42:02.667000,2024-05-24 15:27:12.611,1,,False,,False,True,84.568,84.568
88,0 days 00:44:40.583000,RIC,3,0 days 00:01:13.348000,16.0,2.0,,,19.296,34.624,19.428,0 days 00:43:46.531000,0 days 00:44:21.155000,0 days 00:44:40.583000,215.0,198.0,261.0,272.0,True,MEDIUM,3.0,True,RB,0 days 00:43:27.235000,2024-05-24 15:28:37.179,1,,False,,False,True,73.348,73.348
89,0 days 00:46:23.743000,RIC,3,0 days 00:01:43.160000,17.0,2.0,,,34.317,44.444,24.399,0 days 00:45:14.900000,0 days 00:45:59.344000,0 days 00:46:23.743000,65.0,136.0,265.0,222.0,False,MEDIUM,4.0,True,RB,0 days 00:44:40.583000,2024-05-24 15:29:50.527,12,,False,,False,True,103.16,103.16
90,0 days 00:47:36.464000,RIC,3,0 days 00:01:12.721000,18.0,2.0,,,19.257,34.271,19.193,0 days 00:46:43,0 days 00:47:17.271000,0 days 00:47:36.464000,220.0,203.0,266.0,277.0,True,MEDIUM,5.0,True,RB,0 days 00:46:23.743000,2024-05-24 15:31:33.687,1,,False,,False,True,72.721,72.721
91,0 days 00:49:26.875000,RIC,3,0 days 00:01:50.411000,19.0,2.0,,,26.21,56.433,27.768,0 days 00:48:02.674000,0 days 00:48:59.107000,0 days 00:49:26.875000,156.0,122.0,178.0,182.0,False,MEDIUM,6.0,True,RB,0 days 00:47:36.464000,2024-05-24 15:32:46.408,1,,False,,False,True,110.411,110.411
92,0 days 00:51:17.577000,RIC,3,0 days 00:01:50.702000,20.0,2.0,,,32.398,48.633,29.671,0 days 00:49:59.273000,0 days 00:50:47.906000,0 days 00:51:17.577000,89.0,153.0,262.0,228.0,False,MEDIUM,7.0,True,RB,0 days 00:49:26.875000,2024-05-24 15:34:36.819,1,,False,,False,True,110.702,110.702
93,0 days 00:52:48.357000,RIC,3,0 days 00:01:30.780000,21.0,2.0,,,19.455,42.995,28.33,0 days 00:51:37.032000,0 days 00:52:20.027000,0 days 00:52:48.357000,213.0,59.0,261.0,251.0,False,MEDIUM,8.0,True,RB,0 days 00:51:17.577000,2024-05-24 15:36:27.521,1,,False,,False,True,90.78,90.78
94,0 days 00:54:08.737000,RIC,3,0 days 00:01:20.380000,22.0,2.0,,,19.372,39.036,21.972,0 days 00:53:07.729000,0 days 00:53:46.765000,0 days 00:54:08.737000,215.0,165.0,262.0,264.0,False,MEDIUM,9.0,True,RB,0 days 00:52:48.357000,2024-05-24 15:37:58.301,1,,False,,False,True,80.38,80.38
95,0 days 00:55:21.314000,RIC,3,0 days 00:01:12.577000,23.0,2.0,,,19.085,34.16,19.332,0 days 00:54:27.822000,0 days 00:55:01.982000,0 days 00:55:21.314000,218.0,202.0,261.0,271.0,True,MEDIUM,10.0,True,RB,0 days 00:54:08.737000,2024-05-24 15:39:18.681,1,,False,,False,True,72.577,72.577
96,0 days 01:01:20.515000,RIC,3,,24.0,2.0,,0 days 00:56:45.031000,26.134,39.492,,0 days 00:55:47.625000,0 days 00:56:27.100000,,182.0,168.0,,249.0,False,MEDIUM,11.0,True,RB,0 days 00:55:21.314000,2024-05-24 15:40:31.258,1,,False,,False,False,,
97,0 days 01:02:42.482000,RIC,3,0 days 00:01:21.967000,25.0,3.0,0 days 01:01:21.181000,,23.745,37.015,21.207,0 days 01:01:44.260000,0 days 01:02:21.275000,0 days 01:02:42.482000,195.0,178.0,248.0,266.0,False,MEDIUM,12.0,False,RB,0 days 01:01:20.515000,2024-05-24 15:46:30.459,1,,False,,False,False,81.967,81.96700000000001
98,0 days 01:04:00.967000,RIC,3,0 days 00:01:18.485000,26.0,3.0,,,20.272,37.073,21.14,0 days 01:03:02.754000,0 days 01:03:39.827000,0 days 01:04:00.967000,196.0,179.0,250.0,273.0,False,MEDIUM,13.0,False,RB,0 days 01:02:42.482000,2024-05-24 15:47:52.426,12,,False,,False,True,78.485,78.485
99,0 days 01:05:17.259000,RIC,3,0 days 00:01:16.292000,27.0,3.0,,,20.109,35.777,20.406,0 days 01:04:21.076000,0 days 01:04:56.853000,0 days 01:05:17.259000,205.0,189.0,250.0,270.0,False,MEDIUM,14.0,False,RB,0 days 01:04:00.967000,2024-05-24 15:49:10.911,1,,False,,False,True,76.292,76.292
100,0 days 01:06:39.847000,RIC,3,0 days 00:01:22.588000,28.0,3.0,,,20.084,35.843,26.661,0 days 01:05:37.343000,0 days 01:06:13.186000,0 days 01:06:39.847000,206.0,184.0,194.0,271.0,False,MEDIUM,15.0,False,RB,0 days 01:05:17.259000,2024-05-24 15:50:27.203,1,,False,,False,True,82.588,82.58800000000001
101,0 days 01:08:02.675000,RIC,3,0 days 00:01:22.828000,29.0,3.0,,,24.982,36.935,20.911,0 days 01:07:04.829000,0 days 01:07:41.764000,0 days 01:08:02.675000,194.0,181.0,254.0,274.0,False,MEDIUM,16.0,False,RB,0 days 01:06:39.847000,2024-05-24 15:51:49.791,1,,False,,False,True,82.828,82.828
102,0 days 01:09:17.791000,RIC,3,0 days 00:01:15.116000,30.0,3.0,,,19.802,35.203,20.111,0 days 01:08:22.477000,0 days 01:08:57.680000,0 days 01:09:17.791000,209.0,195.0,253.0,274.0,False,MEDIUM,17.0,False,RB,0 days 01:08:02.675000,2024-05-24 15:53:12.619,1,,False,,False,True,75.116,75.116
103,0 days 01:10:33.235000,RIC,3,0 days 00:01:15.444000,31.0,3.0,,,19.849,35.345,20.25,0 days 01:09:37.640000,0 days 01:10:12.985000,0 days 01:10:33.235000,208.0,197.0,253.0,274.0,False,MEDIUM,18.0,False,RB,0 days 01:09:17.791000,2024-05-24 15:54:27.735,1,,False,,False,True,75.444,75.444
104,0 days 01:11:49.821000,RIC,3,0 days 00:01:16.586000,32.0,3.0,,,19.958,35.884,20.744,0 days 01:10:53.193000,0 days 01:11:29.077000,0 days 01:11:49.821000,206.0,191.0,250.0,271.0,False,MEDIUM,19.0,False,RB,0 days 01:10:33.235000,2024-05-24 15:55:43.179,1,,False,,False,True,76.586,76.586
105,0 days 01:13:07.273000,RIC,3,0 days 00:01:17.452000,33.0,3.0,,,20.183,36.306,20.963,0 days 01:12:10.004000,0 days 01:12:46.310000,0 days 01:13:07.273000,207.0,187.0,249.0,272.0,False,MEDIUM,20.0,False,RB,0 days 01:11:49.821000,2024-05-24 15:56:59.765,1,,False,,False,True,77.452,77.452
106,0 days 01:14:23.774000,RIC,3,0 days 00:01:16.501000,34.0,3.0,,,20.063,35.778,20.66,0 days 01:13:27.336000,0 days 01:14:03.114000,0 days 01:14:23.774000,208.0,191.0,250.0,271.0,False,MEDIUM,21.0,False,RB,0 days 01:13:07.273000,2024-05-24 15:58:17.217,1,,False,,False,True,76.501,76.50099999999999
107,0 days 01:15:40.544000,RIC,3,0 days 00:01:16.770000,35.0,3.0,,,20.156,36.008,20.606,0 days 01:14:43.930000,0 days 01:15:19.938000,0 days 01:15:40.544000,202.0,190.0,249.0,272.0,False,MEDIUM,22.0,False,RB,0 days 01:14:23.774000,2024-05-24 15:59:33.718,1,,False,,False,True,76.77,76.77000000000001
108,0 days 01:18:02.726000,RIC,3,0 days 00:02:22.182000,36.0,3.0,,,20.947,47.638,73.597,0 days 01:16:01.491000,0 days 01:16:49.129000,0 days 01:18:02.726000,164.0,133.0,168.0,202.0,False,MEDIUM,23.0,False,RB,0 days 01:15:40.544000,2024-05-24 16:00:50.488,1,,False,,False,True,142.182,142.182
109,0 days 01:19:30.192000,RIC,3,,37.0,3.0,,0 days 01:19:30.192000,23.68,43.87,,0 days 01:18:26.534000,0 days 01:19:10.398000,,153.0,134.0,,218.0,False,MEDIUM,24.0,False,RB,0 days 01:18:02.726000,2024-05-24 16:03:12.670,1,,False,,False,False,,
110,0 days 00:18:01.639000,NOR,4,0 days 00:01:46.505000,1.0,1.0,0 days 00:16:16.266000,,37.458,40.596,28.451,0 days 00:16:52.828000,0 days 00:17:33.424000,0 days 00:18:01.774000,174.0,179.0,261.0,274.0,False,MEDIUM,1.0,True,McLaren,0 days 00:16:16.266000,2024-05-24 15:01:26.210,1,,False,,False,False,106.505,106.505
111,0 days 00:19:21.873000,NOR,4,0 days 00:01:20.234000,2.0,1.0,,,20.25,36.603,23.381,0 days 00:18:21.889000,0 days 00:18:58.492000,0 days 00:19:21.873000,189.0,190.0,264.0,277.0,True,MEDIUM,2.0,True,McLaren,0 days 00:18:01.639000,2024-05-24 15:03:11.583,1,,False,,False,True,80.234,80.23400000000001
112,0 days 00:20:36.280000,NOR,4,0 days 00:01:14.407000,3.0,1.0,,,19.544,35.161,19.702,0 days 00:19:41.417000,0 days 00:20:16.578000,0 days 00:20:36.280000,211.0,193.0,264.0,278.0,True,MEDIUM,3.0,True,McLaren,0 days 00:19:21.873000,2024-05-24 15:04:31.817,1,,False,,False,True,74.407,74.407
113,0 days 00:22:12.249000,NOR,4,0 days 00:01:35.969000,4.0,1.0,,,21.579,45.308,29.082,0 days 00:20:57.859000,0 days 00:21:43.167000,0 days 00:22:12.249000,173.0,158.0,263.0,241.0,False,MEDIUM,4.0,True,McLaren,0 days 00:20:36.280000,2024-05-24 15:05:46.224,1,,False,,False,True,95.969,95.969
114,0 days 00:23:25.644000,NOR,4,0 days 00:01:13.395000,5.0,1.0,,,19.334,34.629,19.432,0 days 00:22:31.583000,0 days 00:23:06.212000,0 days 00:23:25.644000,214.0,197.0,264.0,276.0,True,MEDIUM,5.0,True,McLaren,0 days 00:22:12.249000,2024-05-24 15:07:22.193,1,,False,,False,True,73.395,73.395
115,0 days 00:24:57.261000,NOR,4,0 days 00:01:31.617000,6.0,1.0,,,23.405,45.881,22.331,0 days 00:23:49.049000,0 days 00:24:34.930000,0 days 00:24:57.261000,149.0,162.0,264.0,210.0,False,MEDIUM,6.0,True,McLaren,0 days 00:23:25.644000,2024-05-24 15:08:35.588,1,,False,,False,True,91.617,91.617
116,0 days 00:26:10.292000,NOR,4,0 days 00:01:13.031000,7.0,1.0,,,19.149,34.403,19.479,0 days 00:25:16.410000,0 days 00:25:50.813000,0 days 00:26:10.292000,219.0,198.0,264.0,277.0,True,MEDIUM,7.0,True,McLaren,0 days 00:24:57.261000,2024-05-24 15:10:07.205,1,,False,,False,True,73.031,73.031
117,0 days 00:27:52.252000,NOR,4,0 days 00:01:41.960000,8.0,1.0,,,28.377,50.152,23.431,0 days 00:26:38.669000,0 days 00:27:28.821000,0 days 00:27:52.252000,133.0,145.0,264.0,198.0,False,MEDIUM,8.0,True,McLaren,0 days 00:26:10.292000,2024-05-24 15:11:20.236,1,,False,,False,True,101.96,101.96
118,0 days 00:29:05.461000,NOR,4,0 days 00:01:13.209000,9.0,1.0,,,19.254,34.418,19.537,0 days 00:28:11.506000,0 days 00:28:45.924000,0 days 00:29:05.461000,216.0,198.0,264.0,278.0,False,MEDIUM,9.0,True,McLaren,0 days 00:27:52.252000,2024-05-24 15:13:02.196,1,,False,,False,True,73.209,73.209
119,0 days 00:38:29.381000,NOR,4,,10.0,1.0,,0 days 00:30:33.539000,27.324,42.619,,0 days 00:29:32.953000,0 days 00:30:15.523000,,162.0,142.0,,242.0,False,MEDIUM,10.0,True,McLaren,0 days 00:29:05.461000,2024-05-24 15:14:15.405,1,,False,,False,False,,
120,0 days 00:39:58.212000,NOR,4,0 days 00:01:28.831000,11.0,2.0,0 days 00:38:30.055000,,26.809,39.727,22.295,0 days 00:38:56.190000,0 days 00:39:35.917000,0 days 00:39:58.212000,191.0,182.0,261.0,259.0,False,SOFT,5.0,False,McLaren,0 days 00:38:29.381000,2024-05-24 15:23:39.325,1,,False,,False,False,88.831,88.831
121,0 days 00:41:11.733000,NOR,4,0 days 00:01:13.521000,12.0,2.0,,,19.285,34.509,19.727,0 days 00:40:17.497000,0 days 00:40:52.006000,0 days 00:41:11.733000,211.0,197.0,262.0,275.0,False,SOFT,6.0,False,McLaren,0 days 00:39:58.212000,2024-05-24 15:25:08.156,1,,False,,False,True,73.521,73.521
122,0 days 00:42:44.165000,NOR,4,0 days 00:01:32.432000,13.0,2.0,,,21.662,39.295,31.475,0 days 00:41:33.395000,0 days 00:42:12.690000,0 days 00:42:44.165000,174.0,183.0,266.0,262.0,False,SOFT,7.0,False,McLaren,0 days 00:41:11.733000,2024-05-24 15:26:21.677,1,,False,,False,True,92.432,92.432
123,0 days 00:43:56.118000,NOR,4,0 days 00:01:11.953000,14.0,2.0,,,18.871,33.861,19.221,0 days 00:43:03.036000,0 days 00:43:36.897000,0 days 00:43:56.118000,219.0,202.0,266.0,280.0,True,SOFT,8.0,False,McLaren,0 days 00:42:44.165000,2024-05-24 15:27:54.109,1,,False,,False,True,71.953,71.953
124,0 days 00:45:39.536000,NOR,4,0 days 00:01:43.418000,15.0,2.0,,,28.298,46.846,28.274,0 days 00:44:24.416000,0 days 00:45:11.262000,0 days 00:45:39.536000,139.0,135.0,266.0,206.0,False,SOFT,9.0,False,McLaren,0 days 00:43:56.118000,2024-05-24 15:29:06.062,1,,False,,False,True,103.418,103.41799999999999
125,0 days 00:47:07.767000,NOR,4,0 days 00:01:28.231000,16.0,2.0,,,18.849,40.654,28.728,0 days 00:45:58.385000,0 days 00:46:39.039000,0 days 00:47:07.767000,218.0,158.0,171.0,281.0,False,SOFT,10.0,False,McLaren,0 days 00:45:39.536000,2024-05-24 15:30:49.480,12,,False,,False,True,88.231,88.231
126,0 days 00:48:58.619000,NOR,4,0 days 00:01:50.852000,17.0,2.0,,,37.796,49.349,23.707,0 days 00:47:45.563000,0 days 00:48:34.912000,0 days 00:48:58.619000,117.0,182.0,265.0,246.0,False,SOFT,11.0,False,McLaren,0 days 00:47:07.767000,2024-05-24 15:32:17.711,1,,False,,False,True,110.852,110.852
127,0 days 00:55:26.327000,NOR,4,,18.0,2.0,,0 days 00:50:08.163000,18.967,34.675,,0 days 00:49:17.751000,0 days 00:49:52.408000,,220.0,157.0,,281.0,False,SOFT,12.0,False,McLaren,0 days 00:48:58.619000,2024-05-24 15:34:08.563,1,,False,,False,False,,
128,0 days 00:56:48.683000,NOR,4,0 days 00:01:22.356000,19.0,3.0,0 days 00:55:27.025000,,24.236,37.148,20.972,0 days 00:55:50.563000,0 days 00:56:27.711000,0 days 00:56:48.683000,187.0,184.0,253.0,271.0,False,MEDIUM,11.0,False,McLaren,0 days 00:55:26.327000,2024-05-24 15:40:36.271,1,,False,,False,False,82.356,82.356
129,0 days 00:58:05.125000,NOR,4,0 days 00:01:16.442000,20.0,3.0,,,20.169,36.112,20.161,0 days 00:57:08.852000,0 days 00:57:44.964000,0 days 00:58:05.125000,202.0,190.0,251.0,272.0,False,MEDIUM,12.0,False,McLaren,0 days 00:56:48.683000,2024-05-24 15:41:58.627,1,,False,,False,True,76.442,76.44200000000001
130,0 days 00:59:21.680000,NOR,4,0 days 00:01:16.555000,21.0,3.0,,,20.232,36.007,20.316,0 days 00:58:25.357000,0 days 00:59:01.364000,0 days 00:59:21.680000,206.0,191.0,251.0,272.0,False,MEDIUM,13.0,False,McLaren,0 days 00:58:05.125000,2024-05-24 15:43:15.069,1,,False,,False,True,76.555,76.55499999999999
131,0 days 01:00:37.428000,NOR,4,0 days 00:01:15.748000,22.0,3.0,,,19.894,35.573,20.281,0 days 00:59:41.574000,0 days 01:00:17.147000,0 days 01:00:37.428000,207.0,191.0,252.0,273.0,False,MEDIUM,14.0,False,McLaren,0 days 00:59:21.680000,2024-05-24 15:44:31.624,1,,False,,False,True,75.748,75.74799999999999
132,0 days 01:01:53.574000,NOR,4,0 days 00:01:16.146000,23.0,3.0,,,19.952,35.74,20.454,0 days 01:00:57.380000,0 days 01:01:33.120000,0 days 01:01:53.574000,205.0,192.0,251.0,273.0,False,MEDIUM,15.0,False,McLaren,0 days 01:00:37.428000,2024-05-24 15:45:47.372,1,,False,,False,True,76.146,76.14600000000002
133,0 days 01:03:09.503000,NOR,4,0 days 00:01:15.929000,24.0,3.0,,,19.838,35.776,20.315,0 days 01:02:13.412000,0 days 01:02:49.188000,0 days 01:03:09.503000,208.0,191.0,253.0,275.0,False,MEDIUM,16.0,False,McLaren,0 days 01:01:53.574000,2024-05-24 15:47:03.518,1,,False,,False,True,75.929,75.929
134,0 days 01:04:26.443000,NOR,4,0 days 00:01:16.940000,25.0,3.0,,,20.528,36.106,20.306,0 days 01:03:30.031000,0 days 01:04:06.137000,0 days 01:04:26.443000,201.0,191.0,253.0,274.0,False,MEDIUM,17.0,False,McLaren,0 days 01:03:09.503000,2024-05-24 15:48:19.447,12,,False,,False,True,76.94,76.94
135,0 days 01:05:46.282000,NOR,4,0 days 00:01:19.839000,26.0,3.0,,,19.927,36.038,23.874,0 days 01:04:46.370000,0 days 01:05:22.408000,0 days 01:05:46.282000,205.0,191.0,252.0,276.0,False,MEDIUM,18.0,False,McLaren,0 days 01:04:26.443000,2024-05-24 15:49:36.387,1,,False,,False,True,79.839,79.839
136,0 days 01:07:02.577000,NOR,4,0 days 00:01:16.295000,27.0,3.0,,,19.964,35.958,20.373,0 days 01:06:06.246000,0 days 01:06:42.204000,0 days 01:07:02.577000,207.0,193.0,253.0,275.0,False,MEDIUM,19.0,False,McLaren,0 days 01:05:46.282000,2024-05-24 15:50:56.226,1,,False,,False,True,76.295,76.295
137,0 days 01:08:19.004000,NOR,4,0 days 00:01:16.427000,28.0,3.0,,,19.9,35.923,20.604,0 days 01:07:22.477000,0 days 01:07:58.400000,0 days 01:08:19.004000,205.0,191.0,261.0,276.0,False,MEDIUM,20.0,False,McLaren,0 days 01:07:02.577000,2024-05-24 15:52:12.521,1,,False,,False,True,76.427,76.42699999999999
138,0 days 01:09:41.551000,NOR,4,0 days 00:01:22.547000,29.0,3.0,,,20.581,40.142,21.824,0 days 01:08:39.585000,0 days 01:09:19.727000,0 days 01:09:41.551000,203.0,180.0,253.0,280.0,False,MEDIUM,21.0,False,McLaren,0 days 01:08:19.004000,2024-05-24 15:53:28.948,1,,False,,False,True,82.547,82.547
139,0 days 01:10:58.231000,NOR,4,0 days 00:01:16.680000,30.0,3.0,,,20.088,36.091,20.501,0 days 01:10:01.639000,0 days 01:10:37.730000,0 days 01:10:58.231000,207.0,193.0,253.0,274.0,False,MEDIUM,22.0,False,McLaren,0 days 01:09:41.551000,2024-05-24 15:54:51.495,1,,False,,False,True,76.68,76.68
140,0 days 01:12:32.692000,NOR,4,0 days 00:01:34.461000,31.0,3.0,,0 days 01:12:09.343000,20.034,36.706,37.721,0 days 01:11:18.265000,0 days 01:11:54.971000,0 days 01:12:32.692000,205.0,183.0,,274.0,False,MEDIUM,23.0,False,McLaren,0 days 01:10:58.231000,2024-05-24 15:56:08.175,1,,False,,False,False,94.461,94.461
141,0 days 01:13:54.278000,NOR,4,0 days 00:01:21.586000,32.0,4.0,0 days 01:12:33.406000,,22.98,36.283,22.323,0 days 01:12:55.672000,0 days 01:13:31.955000,0 days 01:13:54.278000,195.0,192.0,261.0,276.0,False,SOFT,13.0,False,McLaren,0 days 01:12:32.692000,2024-05-24 15:57:42.636,1,,False,,False,False,81.586,81.58600000000001
142,0 days 01:15:09.558000,NOR,4,0 days 00:01:15.280000,33.0,4.0,,,19.69,35.237,20.353,0 days 01:14:13.968000,0 days 01:14:49.205000,0 days 01:15:09.558000,207.0,190.0,264.0,277.0,False,SOFT,14.0,False,McLaren,0 days 01:13:54.278000,2024-05-24 15:59:04.222,1,,False,,False,True,75.28,75.28
143,0 days 01:17:15.505000,NOR,4,0 days 00:02:05.947000,34.0,4.0,,,27.548,43.972,54.427,0 days 01:15:37.106000,0 days 01:16:21.078000,0 days 01:17:15.505000,118.0,138.0,61.0,210.0,False,SOFT,15.0,False,McLaren,0 days 01:15:09.558000,2024-05-24 16:00:19.502,1,,False,,False,True,125.947,125.947
144,0 days 01:18:39.038000,NOR,4,,35.0,4.0,,0 days 01:18:39.038000,26.391,40.678,,0 days 01:17:42.023000,0 days 01:18:22.744000,,165.0,164.0,,239.0,False,SOFT,16.0,False,McLaren,0 days 01:17:15.505000,2024-05-24 16:02:25.449,1,,False,,False,False,,
145,0 days 00:17:32.867000,GAS,10,0 days 00:01:33.901000,1.0,1.0,0 days 00:15:59.982000,,30.347,40.766,22.788,0 days 00:16:29.434000,0 days 00:17:10.285000,0 days 00:17:33.136000,162.0,160.0,249.0,263.0,False,MEDIUM,1.0,True,Alpine,0 days 00:15:59.982000,2024-05-24 15:01:09.926,1,,False,,False,False,93.901,93.901
146,0 days 00:18:56.955000,GAS,10,0 days 00:01:24.088000,2.0,1.0,,,21.932,37.944,24.212,0 days 00:17:54.799000,0 days 00:18:32.743000,0 days 00:18:56.955000,184.0,172.0,262.0,256.0,True,MEDIUM,2.0,True,Alpine,0 days 00:17:32.867000,2024-05-24 15:02:42.811,1,,False,,False,True,84.088,84.08800000000001
147,0 days 00:20:12.271000,GAS,10,0 days 00:01:15.316000,3.0,1.0,,,20.042,35.297,19.977,0 days 00:19:16.997000,0 days 00:19:52.294000,0 days 00:20:12.271000,205.0,191.0,263.0,277.0,True,MEDIUM,3.0,True,Alpine,0 days 00:18:56.955000,2024-05-24 15:04:06.899,1,,False,,False,True,75.316,75.316
148,0 days 00:21:26.943000,GAS,10,0 days 00:01:14.672000,4.0,1.0,,,19.604,35.005,20.063,0 days 00:20:31.875000,0 days 00:21:06.880000,0 days 00:21:26.943000,212.0,195.0,263.0,278.0,True,MEDIUM,4.0,True,Alpine,0 days 00:20:12.271000,2024-05-24 15:05:22.215,1,,False,,False,True,74.672,74.672
149,0 days 00:23:09.912000,GAS,10,0 days 00:01:42.969000,5.0,1.0,,,25.931,48.494,28.544,0 days 00:21:52.874000,0 days 00:22:41.368000,0 days 00:23:09.912000,138.0,78.0,263.0,174.0,False,MEDIUM,5.0,True,Alpine,0 days 00:21:26.943000,2024-05-24 15:06:36.887,1,,False,,False,True,102.969,102.969
150,0 days 00:24:24.220000,GAS,10,0 days 00:01:14.308000,6.0,1.0,,,19.548,34.738,20.022,0 days 00:23:29.460000,0 days 00:24:04.198000,0 days 00:24:24.220000,212.0,198.0,263.0,278.0,True,MEDIUM,6.0,True,Alpine,0 days 00:23:09.912000,2024-05-24 15:08:19.856,1,,False,,False,True,74.308,74.30799999999999
151,0 days 00:26:04.120000,GAS,10,0 days 00:01:39.900000,7.0,1.0,,,28.743,48.011,23.146,0 days 00:24:52.963000,0 days 00:25:40.974000,0 days 00:26:04.120000,128.0,154.0,263.0,240.0,False,MEDIUM,7.0,True,Alpine,0 days 00:24:24.220000,2024-05-24 15:09:34.164,1,,False,,False,True,99.9,99.9
152,0 days 00:27:18.137000,GAS,10,0 days 00:01:14.017000,8.0,1.0,,,19.499,34.924,19.594,0 days 00:26:23.619000,0 days 00:26:58.543000,0 days 00:27:18.137000,213.0,198.0,265.0,276.0,True,MEDIUM,8.0,True,Alpine,0 days 00:26:04.120000,2024-05-24 15:11:14.064,1,,False,,False,True,74.017,74.017
153,0 days 00:29:02.900000,GAS,10,0 days 00:01:44.763000,9.0,1.0,,,30.073,48.45,26.24,0 days 00:27:48.210000,0 days 00:28:36.660000,0 days 00:29:02.900000,79.0,171.0,265.0,237.0,False,MEDIUM,9.0,True,Alpine,0 days 00:27:18.137000,2024-05-24 15:12:28.081,1,,False,,False,True,104.763,104.76299999999999
154,0 days 00:30:16.222000,GAS,10,0 days 00:01:13.322000,10.0,1.0,,,19.27,34.603,19.449,0 days 00:29:22.170000,0 days 00:29:56.773000,0 days 00:30:16.222000,216.0,199.0,263.0,278.0,True,MEDIUM,10.0,True,Alpine,0 days 00:29:02.900000,2024-05-24 15:14:12.844,1,,False,,False,True,73.322,73.322
155,0 days 00:31:52.097000,GAS,10,0 days 00:01:35.875000,11.0,1.0,,,27.522,44.477,23.876,0 days 00:30:43.744000,0 days 00:31:28.221000,0 days 00:31:52.097000,130.0,138.0,265.0,254.0,False,MEDIUM,11.0,True,Alpine,0 days 00:30:16.222000,2024-05-24 15:15:26.166,1,,False,,False,True,95.875,95.875
156,0 days 00:33:05.376000,GAS,10,0 days 00:01:13.279000,12.0,1.0,,,19.303,34.471,19.505,0 days 00:32:11.400000,0 days 00:32:45.871000,0 days 00:33:05.376000,215.0,198.0,264.0,276.0,True,MEDIUM,12.0,True,Alpine,0 days 00:31:52.097000,2024-05-24 15:17:02.041,1,,False,,False,True,73.279,73.279
157,0 days 00:42:06.026000,GAS,10,,13.0,1.0,,0 days 00:34:27.908000,24.255,41.478,,0 days 00:33:29.829000,0 days 00:34:11.314000,,167.0,153.0,,250.0,False,MEDIUM,13.0,True,Alpine,0 days 00:33:05.376000,2024-05-24 15:18:15.320,1,,False,,False,False,,
158,0 days 00:43:38.649000,GAS,10,0 days 00:01:32.623000,14.0,2.0,0 days 00:42:06.764000,,27.766,41.573,23.284,0 days 00:42:33.792000,0 days 00:43:15.365000,0 days 00:43:38.649000,169.0,157.0,234.0,257.0,False,SOFT,1.0,True,Alpine,0 days 00:42:06.026000,2024-05-24 15:27:15.970,1,,False,,False,False,92.623,92.62299999999999
159,0 days 00:45:12.801000,GAS,10,0 days 00:01:34.152000,15.0,2.0,,,23.728,44.507,25.917,0 days 00:44:02.377000,0 days 00:44:46.884000,0 days 00:45:12.801000,173.0,164.0,266.0,266.0,False,SOFT,2.0,True,Alpine,0 days 00:43:38.649000,2024-05-24 15:28:48.593,1,,False,,False,True,94.152,94.152
160,0 days 00:46:51.127000,GAS,10,0 days 00:01:38.326000,16.0,2.0,,,21.252,44.789,32.285,0 days 00:45:34.053000,0 days 00:46:18.842000,0 days 00:46:51.127000,143.0,150.0,264.0,213.0,False,SOFT,3.0,True,Alpine,0 days 00:45:12.801000,2024-05-24 15:30:22.745,12,,False,,False,True,98.326,98.326
161,0 days 00:48:12.277000,GAS,10,0 days 00:01:21.150000,17.0,2.0,,,19.16,34.748,27.242,0 days 00:47:10.287000,0 days 00:47:45.035000,0 days 00:48:12.277000,219.0,200.0,155.0,278.0,False,SOFT,4.0,True,Alpine,0 days 00:46:51.127000,2024-05-24 15:32:01.071,1,,False,,False,True,81.15,81.15
162,0 days 00:49:52.005000,GAS,10,0 days 00:01:39.728000,18.0,2.0,,,33.449,43.991,22.288,0 days 00:48:45.726000,0 days 00:49:29.717000,0 days 00:49:52.005000,138.0,157.0,264.0,240.0,False,SOFT,5.0,True,Alpine,0 days 00:48:12.277000,2024-05-24 15:33:22.221,1,,False,,False,True,99.728,99.728
163,0 days 00:51:14.553000,GAS,10,0 days 00:01:22.548000,19.0,2.0,,,18.935,36.553,27.06,0 days 00:50:10.940000,0 days 00:50:47.493000,0 days 00:51:14.553000,220.0,126.0,177.0,278.0,False,SOFT,6.0,True,Alpine,0 days 00:49:52.005000,2024-05-24 15:35:01.949,1,,False,,False,True,82.548,82.548
164,0 days 00:52:51.492000,GAS,10,0 days 00:01:36.939000,20.0,2.0,,,27.758,46.847,22.334,0 days 00:51:42.311000,0 days 00:52:29.158000,0 days 00:52:51.492000,135.0,142.0,264.0,227.0,False,SOFT,7.0,True,Alpine,0 days 00:51:14.553000,2024-05-24 15:36:24.497,1,,False,,False,True,96.939,96.93900000000001
165,0 days 00:54:04.242000,GAS,10,0 days 00:01:12.750000,21.0,2.0,,,19.016,34.419,19.315,0 days 00:53:10.508000,0 days 00:53:44.927000,0 days 00:54:04.242000,218.0,202.0,262.0,276.0,True,SOFT,8.0,True,Alpine,0 days 00:52:51.492000,2024-05-24 15:38:01.436,1,,False,,False,True,72.75,72.75
166,0 days 00:55:48.193000,GAS,10,0 days 00:01:43.951000,22.0,2.0,,,30.02,47.484,26.447,0 days 00:54:34.262000,0 days 00:55:21.746000,0 days 00:55:48.193000,117.0,165.0,263.0,197.0,False,SOFT,9.0,True,Alpine,0 days 00:54:04.242000,2024-05-24 15:39:14.186,1,,False,,False,True,103.951,103.95100000000001
167,0 days 00:57:01.118000,GAS,10,0 days 00:01:12.925000,23.0,2.0,,,19.063,34.26,19.602,0 days 00:56:07.256000,0 days 00:56:41.516000,0 days 00:57:01.118000,218.0,203.0,263.0,277.0,False,SOFT,10.0,True,Alpine,0 days 00:55:48.193000,2024-05-24 15:40:58.137,1,,False,,False,True,72.925,72.925
168,0 days 00:58:48.446000,GAS,10,0 days 00:01:47.328000,24.0,2.0,,,31.242,51.825,24.261,0 days 00:57:32.360000,0 days 00:58:24.185000,0 days 00:58:48.446000,122.0,124.0,263.0,164.0,False,SOFT,11.0,True,Alpine,0 days 00:57:01.118000,2024-05-24 15:42:11.062,1,,False,,False,True,107.328,107.328
169,0 days 01:05:04.880000,GAS,10,,25.0,2.0,,0 days 00:59:56.841000,18.99,34.16,,0 days 00:59:08.025000,0 days 00:59:41.781000,,218.0,202.0,,275.0,False,SOFT,12.0,True,Alpine,0 days 00:58:48.446000,2024-05-24 15:43:58.390,12,,False,,False,False,,
170,0 days 01:06:28.952000,GAS,10,0 days 00:01:24.072000,26.0,3.0,0 days 01:05:05.451000,,25.335,37.254,21.483,0 days 01:05:30.215000,0 days 01:06:07.469000,0 days 01:06:28.952000,176.0,178.0,252.0,272.0,False,MEDIUM,14.0,False,Alpine,0 days 01:05:04.880000,2024-05-24 15:50:14.824,1,,False,,False,False,84.072,84.072
171,0 days 01:07:45.905000,GAS,10,0 days 00:01:16.953000,27.0,3.0,,,20.534,35.897,20.522,0 days 01:06:49.486000,0 days 01:07:25.383000,0 days 01:07:45.905000,200.0,187.0,253.0,274.0,False,MEDIUM,15.0,False,Alpine,0 days 01:06:28.952000,2024-05-24 15:51:38.896,1,,False,,False,True,76.953,76.953
172,0 days 01:09:02.084000,GAS,10,0 days 00:01:16.179000,28.0,3.0,,,20.08,35.623,20.476,0 days 01:08:05.985000,0 days 01:08:41.608000,0 days 01:09:02.084000,211.0,192.0,254.0,275.0,False,MEDIUM,16.0,False,Alpine,0 days 01:07:45.905000,2024-05-24 15:52:55.849,1,,False,,False,True,76.179,76.179
173,0 days 01:10:18.634000,GAS,10,0 days 00:01:16.550000,29.0,3.0,,,20.167,35.866,20.517,0 days 01:09:22.251000,0 days 01:09:58.117000,0 days 01:10:18.634000,207.0,192.0,253.0,276.0,False,MEDIUM,17.0,False,Alpine,0 days 01:09:02.084000,2024-05-24 15:54:12.028,1,,False,,False,True,76.55,76.55
174,0 days 01:11:35.870000,GAS,10,0 days 00:01:17.236000,30.0,3.0,,,20.079,35.901,21.256,0 days 01:10:38.713000,0 days 01:11:14.614000,0 days 01:11:35.870000,206.0,189.0,254.0,276.0,False,MEDIUM,18.0,False,Alpine,0 days 01:10:18.634000,2024-05-24 15:55:28.578,1,,False,,False,True,77.236,77.236
175,0 days 01:12:56.657000,GAS,10,0 days 00:01:20.787000,31.0,3.0,,,21.162,38.759,20.866,0 days 01:11:57.032000,0 days 01:12:35.791000,0 days 01:12:56.657000,166.0,187.0,253.0,274.0,False,MEDIUM,19.0,False,Alpine,0 days 01:11:35.870000,2024-05-24 15:56:45.814,1,,False,,False,True,80.787,80.787
176,0 days 01:14:12.578000,GAS,10,0 days 00:01:15.921000,32.0,3.0,,,19.943,35.702,20.276,0 days 01:13:16.600000,0 days 01:13:52.302000,0 days 01:14:12.578000,210.0,194.0,254.0,276.0,False,MEDIUM,20.0,False,Alpine,0 days 01:12:56.657000,2024-05-24 15:58:06.601,1,,False,,False,True,75.921,75.92099999999999
177,0 days 01:15:28.891000,GAS,10,0 days 00:01:16.313000,33.0,3.0,,,19.874,35.876,20.563,0 days 01:14:32.452000,0 days 01:15:08.328000,0 days 01:15:28.891000,210.0,189.0,254.0,276.0,False,MEDIUM,21.0,False,Alpine,0 days 01:14:12.578000,2024-05-24 15:59:22.522,1,,False,,False,True,76.313,76.313
178,0 days 01:17:58.682000,GAS,10,0 days 00:02:29.791000,34.0,3.0,,,27.532,49.896,72.363,0 days 01:15:56.423000,0 days 01:16:46.319000,0 days 01:17:58.682000,128.0,115.0,133.0,167.0,False,MEDIUM,22.0,False,Alpine,0 days 01:15:28.891000,2024-05-24 16:00:38.835,1,,False,,False,True,149.791,149.791
179,0 days 01:19:20.866000,GAS,10,,35.0,3.0,,0 days 01:19:20.866000,22.729,39.775,,0 days 01:18:21.537000,0 days 01:19:01.304000,,186.0,139.0,,231.0,False,MEDIUM,23.0,False,Alpine,0 days 01:17:58.682000,2024-05-24 16:03:08.626,1,,False,,False,False,,
180,0 days 00:17:21.583000,PER,11,0 days 00:01:29.863000,1.0,1.0,0 days 00:15:52.882000,,27.835,39.829,22.199,0 days 00:16:19.751000,0 days 00:16:59.643000,0 days 00:17:21.992000,162.0,173.0,261.0,266.0,False,MEDIUM,1.0,True,Red Bull Racing,0 days 00:15:52.882000,2024-05-24 15:01:02.826,1,,False,,False,False,89.863,89.863
181,0 days 00:18:38.214000,PER,11,0 days 00:01:16.631000,2.0,1.0,,,20.229,35.727,20.675,0 days 00:17:41.812000,0 days 00:18:17.539000,0 days 00:18:38.214000,203.0,189.0,266.0,276.0,True,MEDIUM,2.0,True,Red Bull Racing,0 days 00:17:21.583000,2024-05-24 15:02:31.527,1,,False,,False,True,76.631,76.631
182,0 days 00:20:09.407000,PER,11,0 days 00:01:31.193000,3.0,1.0,,,22.552,42.27,26.371,0 days 00:19:00.766000,0 days 00:19:43.036000,0 days 00:20:09.407000,170.0,163.0,265.0,255.0,False,MEDIUM,3.0,True,Red Bull Racing,0 days 00:18:38.214000,2024-05-24 15:03:48.158,1,,False,,False,True,91.193,91.193
183,0 days 00:21:23.837000,PER,11,0 days 00:01:14.430000,4.0,1.0,,,19.636,34.986,19.808,0 days 00:20:29.043000,0 days 00:21:04.029000,0 days 00:21:23.837000,212.0,195.0,265.0,279.0,True,MEDIUM,4.0,True,Red Bull Racing,0 days 00:20:09.407000,2024-05-24 15:05:19.351,1,,False,,False,True,74.43,74.43
184,0 days 00:23:01.800000,PER,11,0 days 00:01:37.963000,5.0,1.0,,,26.995,46.6,24.368,0 days 00:21:50.832000,0 days 00:22:37.432000,0 days 00:23:01.800000,104.0,147.0,265.0,201.0,False,MEDIUM,5.0,True,Red Bull Racing,0 days 00:21:23.837000,2024-05-24 15:06:33.781,1,,False,,False,True,97.963,97.963
185,0 days 00:24:21.691000,PER,11,0 days 00:01:19.891000,6.0,1.0,,,19.374,36.159,24.358,0 days 00:23:21.174000,0 days 00:23:57.333000,0 days 00:24:21.691000,216.0,161.0,265.0,279.0,False,MEDIUM,6.0,True,Red Bull Racing,0 days 00:23:01.800000,2024-05-24 15:08:11.744,1,,False,,False,True,79.891,79.891
186,0 days 00:25:35.531000,PER,11,0 days 00:01:13.840000,7.0,1.0,,,19.307,34.727,19.806,0 days 00:24:40.998000,0 days 00:25:15.725000,0 days 00:25:35.531000,217.0,197.0,264.0,279.0,True,MEDIUM,7.0,True,Red Bull Racing,0 days 00:24:21.691000,2024-05-24 15:09:31.635,1,,False,,False,True,73.84,73.83999999999999
187,0 days 00:27:17.034000,PER,11,0 days 00:01:41.503000,8.0,1.0,,,24.838,49.518,27.147,0 days 00:26:00.369000,0 days 00:26:49.887000,0 days 00:27:17.034000,98.0,120.0,265.0,220.0,False,MEDIUM,8.0,True,Red Bull Racing,0 days 00:25:35.531000,2024-05-24 15:10:45.475,1,,False,,False,True,101.503,101.50299999999999
188,0 days 00:28:30.419000,PER,11,0 days 00:01:13.385000,9.0,1.0,,,19.353,34.541,19.491,0 days 00:27:36.387000,0 days 00:28:10.928000,0 days 00:28:30.419000,216.0,199.0,265.0,277.0,True,MEDIUM,9.0,True,Red Bull Racing,0 days 00:27:17.034000,2024-05-24 15:12:26.978,1,,False,,False,True,73.385,73.38499999999999
189,0 days 00:36:58.665000,PER,11,,10.0,1.0,,0 days 00:29:52.387000,23.88,41.034,,0 days 00:28:54.594000,0 days 00:29:35.499000,,165.0,171.0,,248.0,False,MEDIUM,10.0,True,Red Bull Racing,0 days 00:28:30.419000,2024-05-24 15:13:40.363,1,,False,,False,False,,
190,0 days 00:38:22.276000,PER,11,0 days 00:01:23.611000,11.0,2.0,0 days 00:36:59.372000,,24.809,37.227,21.575,0 days 00:37:23.474000,0 days 00:38:00.701000,0 days 00:38:22.276000,179.0,178.0,263.0,260.0,False,SOFT,1.0,True,Red Bull Racing,0 days 00:36:58.665000,2024-05-24 15:22:08.609,1,,False,,False,False,83.611,83.611
191,0 days 00:39:34.612000,PER,11,0 days 00:01:12.336000,12.0,2.0,,,19.1,34.063,19.173,0 days 00:38:41.376000,0 days 00:39:15.439000,0 days 00:39:34.612000,214.0,203.0,264.0,274.0,True,SOFT,2.0,True,Red Bull Racing,0 days 00:38:22.276000,2024-05-24 15:23:32.220,1,,False,,False,True,72.336,72.336
192,0 days 00:41:25.986000,PER,11,0 days 00:01:51.374000,13.0,2.0,,,28.492,50.891,31.991,0 days 00:40:03.104000,0 days 00:40:53.995000,0 days 00:41:25.986000,73.0,140.0,178.0,224.0,False,SOFT,3.0,True,Red Bull Racing,0 days 00:39:34.612000,2024-05-24 15:24:44.556,1,,False,,False,True,111.374,111.374
193,0 days 00:43:01.946000,PER,11,0 days 00:01:35.960000,14.0,2.0,,,27.474,45.315,23.171,0 days 00:41:53.460000,0 days 00:42:38.775000,0 days 00:43:01.946000,140.0,157.0,266.0,246.0,False,SOFT,4.0,True,Red Bull Racing,0 days 00:41:25.986000,2024-05-24 15:26:35.930,1,,False,,False,True,95.96,95.96000000000001
194,0 days 00:44:14.108000,PER,11,0 days 00:01:12.162000,15.0,2.0,,,18.962,34.008,19.192,0 days 00:43:20.908000,0 days 00:43:54.916000,0 days 00:44:14.108000,216.0,203.0,263.0,275.0,True,SOFT,5.0,True,Red Bull Racing,0 days 00:43:01.946000,2024-05-24 15:28:11.890,1,,False,,False,True,72.162,72.162
195,0 days 00:46:17.116000,PER,11,0 days 00:02:03.008000,16.0,2.0,,0 days 00:45:49.736000,28.779,48.939,45.29,0 days 00:44:42.887000,0 days 00:45:31.826000,0 days 00:46:17.116000,102.0,151.0,,222.0,False,SOFT,6.0,True,Red Bull Racing,0 days 00:44:14.108000,2024-05-24 15:29:24.052,12,,False,,False,False,123.008,123.00800000000001
196,0 days 00:48:14.428000,PER,11,0 days 00:01:57.312000,17.0,3.0,0 days 00:46:17.798000,,32.522,53.162,31.628,0 days 00:46:49.638000,0 days 00:47:42.800000,0 days 00:48:14.428000,81.0,146.0,262.0,260.0,False,SOFT,7.0,False,Red Bull Racing,0 days 00:46:17.116000,2024-05-24 15:31:27.060,1,,False,,False,False,117.312,117.312
197,0 days 00:49:39.529000,PER,11,0 days 00:01:25.101000,18.0,3.0,,,22.571,39.258,23.272,0 days 00:48:36.999000,0 days 00:49:16.257000,0 days 00:49:39.529000,180.0,141.0,265.0,262.0,False,SOFT,8.0,False,Red Bull Racing,0 days 00:48:14.428000,2024-05-24 15:33:24.372,1,,False,,False,True,85.101,85.101
198,0 days 00:50:51.628000,PER,11,0 days 00:01:12.099000,19.0,3.0,,,18.98,33.928,19.191,0 days 00:49:58.509000,0 days 00:50:32.437000,0 days 00:50:51.628000,215.0,201.0,262.0,275.0,True,SOFT,9.0,False,Red Bull Racing,0 days 00:49:39.529000,2024-05-24 15:34:49.473,1,,False,,False,True,72.099,72.099
199,0 days 01:03:11.829000,PER,11,,20.0,3.0,,0 days 00:52:07.764000,22.653,37.279,,0 days 00:51:15.708000,0 days 00:51:51.766000,,170.0,181.0,,255.0,False,SOFT,10.0,False,Red Bull Racing,0 days 00:50:51.628000,2024-05-24 15:36:01.572,1,,False,,False,False,,
200,0 days 01:04:35.260000,PER,11,0 days 00:01:23.431000,21.0,4.0,0 days 01:03:12.521000,,25.989,36.691,20.751,0 days 01:03:37.818000,0 days 01:04:14.509000,0 days 01:04:35.260000,186.0,186.0,251.0,273.0,False,MEDIUM,11.0,False,Red Bull Racing,0 days 01:03:11.829000,2024-05-24 15:48:21.773,12,,False,,False,False,83.431,83.43100000000001
201,0 days 01:05:51.398000,PER,11,0 days 00:01:16.138000,22.0,4.0,,,20.039,35.719,20.38,0 days 01:04:55.299000,0 days 01:05:31.018000,0 days 01:05:51.398000,206.0,192.0,252.0,272.0,False,MEDIUM,12.0,False,Red Bull Racing,0 days 01:04:35.260000,2024-05-24 15:49:45.204,1,,False,,False,True,76.138,76.138
202,0 days 01:07:07.540000,PER,11,0 days 00:01:16.142000,23.0,4.0,,,19.992,35.813,20.337,0 days 01:06:11.390000,0 days 01:06:47.203000,0 days 01:07:07.540000,206.0,193.0,253.0,275.0,False,MEDIUM,13.0,False,Red Bull Racing,0 days 01:05:51.398000,2024-05-24 15:51:01.342,1,,False,,False,True,76.142,76.14200000000001
203,0 days 01:08:23.615000,PER,11,0 days 00:01:16.075000,24.0,4.0,,,20.237,35.513,20.325,0 days 01:07:27.777000,0 days 01:08:03.290000,0 days 01:08:23.615000,206.0,195.0,252.0,274.0,False,MEDIUM,14.0,False,Red Bull Racing,0 days 01:07:07.540000,2024-05-24 15:52:17.484,1,,False,,False,True,76.075,76.075
204,0 days 01:09:44.100000,PER,11,0 days 00:01:20.485000,25.0,4.0,,,20.611,36.384,23.49,0 days 01:08:44.226000,0 days 01:09:20.610000,0 days 01:09:44.100000,205.0,176.0,252.0,275.0,False,MEDIUM,15.0,False,Red Bull Racing,0 days 01:08:23.615000,2024-05-24 15:53:33.559,1,,False,,False,True,80.485,80.485
205,0 days 01:11:00.270000,PER,11,0 days 00:01:16.170000,26.0,4.0,,,20.13,35.673,20.367,0 days 01:10:04.230000,0 days 01:10:39.903000,0 days 01:11:00.270000,205.0,195.0,252.0,275.0,False,MEDIUM,16.0,False,Red Bull Racing,0 days 01:09:44.100000,2024-05-24 15:54:54.044,1,,False,,False,True,76.17,76.17
206,0 days 01:12:20.102000,PER,11,0 days 00:01:19.832000,27.0,4.0,,,20.038,36.959,22.835,0 days 01:11:20.308000,0 days 01:11:57.267000,0 days 01:12:20.102000,203.0,144.0,251.0,275.0,False,MEDIUM,17.0,False,Red Bull Racing,0 days 01:11:00.270000,2024-05-24 15:56:10.214,1,,False,,False,True,79.832,79.832
207,0 days 01:13:35.584000,PER,11,0 days 00:01:15.482000,28.0,4.0,,,19.919,35.53,20.033,0 days 01:12:40.021000,0 days 01:13:15.551000,0 days 01:13:35.584000,206.0,196.0,254.0,274.0,False,MEDIUM,18.0,False,Red Bull Racing,0 days 01:12:20.102000,2024-05-24 15:57:30.046,1,,False,,False,True,75.482,75.482
208,0 days 01:14:51.095000,PER,11,0 days 00:01:15.511000,29.0,4.0,,,19.813,35.566,20.132,0 days 01:13:55.397000,0 days 01:14:30.963000,0 days 01:14:51.095000,205.0,196.0,254.0,275.0,False,MEDIUM,19.0,False,Red Bull Racing,0 days 01:13:35.584000,2024-05-24 15:58:45.528,1,,False,,False,True,75.511,75.51100000000001
209,0 days 01:17:01.185000,PER,11,0 days 00:02:10.090000,30.0,4.0,,,29.458,47.131,53.501,0 days 01:15:20.553000,0 days 01:16:07.684000,0 days 01:17:01.185000,114.0,126.0,6.0,199.0,False,MEDIUM,20.0,False,Red Bull Racing,0 days 01:14:51.095000,2024-05-24 16:00:01.039,1,,False,,False,True,130.09,130.09
210,0 days 01:18:15.575000,PER,11,,31.0,4.0,,0 days 01:18:15.575000,23.151,36.766,,0 days 01:17:24.528000,0 days 01:18:01.138000,,187.0,190.0,,268.0,False,MEDIUM,21.0,False,Red Bull Racing,0 days 01:17:01.185000,2024-05-24 16:02:11.129,1,,False,,False,False,,
211,0 days 00:17:05.617000,ALO,14,0 days 00:01:34.059000,1.0,1.0,0 days 00:15:33.614000,,31.149,40.373,22.537,0 days 00:16:02.927000,0 days 00:16:44.010000,0 days 00:17:05.766000,162.0,168.0,260.0,258.0,False,MEDIUM,1.0,True,Aston Martin,0 days 00:15:33.614000,2024-05-24 15:00:43.558,1,,False,,False,False,94.059,94.059
212,0 days 00:18:33.302000,ALO,14,0 days 00:01:27.685000,2.0,1.0,,,20.995,37.906,28.784,0 days 00:17:26.612000,0 days 00:18:04.518000,0 days 00:18:33.302000,193.0,179.0,259.0,275.0,True,MEDIUM,2.0,True,Aston Martin,0 days 00:17:05.617000,2024-05-24 15:02:15.561,1,,False,,False,True,87.685,87.685
213,0 days 00:19:48.759000,ALO,14,0 days 00:01:15.457000,3.0,1.0,,,19.975,35.288,20.194,0 days 00:18:53.277000,0 days 00:19:28.565000,0 days 00:19:48.759000,210.0,191.0,266.0,277.0,True,MEDIUM,3.0,True,Aston Martin,0 days 00:18:33.302000,2024-05-24 15:03:43.246,1,,False,,False,True,75.457,75.457
214,0 days 00:21:17.352000,ALO,14,0 days 00:01:28.593000,4.0,1.0,,,22.107,42.021,24.465,0 days 00:20:10.866000,0 days 00:20:52.887000,0 days 00:21:17.352000,189.0,163.0,264.0,264.0,False,MEDIUM,4.0,True,Aston Martin,0 days 00:19:48.759000,2024-05-24 15:04:58.703,1,,False,,False,True,88.593,88.593
215,0 days 00:22:31.142000,ALO,14,0 days 00:01:13.790000,5.0,1.0,,,19.299,34.747,19.744,0 days 00:21:36.651000,0 days 00:22:11.398000,0 days 00:22:31.142000,214.0,197.0,269.0,278.0,True,MEDIUM,5.0,True,Aston Martin,0 days 00:21:17.352000,2024-05-24 15:06:27.296,1,,False,,False,True,73.79,73.78999999999999
216,0 days 00:24:08.803000,ALO,14,0 days 00:01:37.661000,6.0,1.0,,,23.191,49.077,25.393,0 days 00:22:54.333000,0 days 00:23:43.410000,0 days 00:24:08.803000,167.0,158.0,265.0,173.0,False,MEDIUM,6.0,True,Aston Martin,0 days 00:22:31.142000,2024-05-24 15:07:41.086,1,,False,,False,True,97.661,97.661
217,0 days 00:25:27.090000,ALO,14,0 days 00:01:18.287000,7.0,1.0,,,19.29,34.623,24.374,0 days 00:24:28.093000,0 days 00:25:02.716000,0 days 00:25:27.090000,216.0,198.0,216.0,278.0,False,MEDIUM,7.0,True,Aston Martin,0 days 00:24:08.803000,2024-05-24 15:09:18.747,1,,False,,False,True,78.287,78.28699999999999
218,0 days 00:27:08.559000,ALO,14,0 days 00:01:41.469000,8.0,1.0,,,30.689,45.929,24.851,0 days 00:25:57.779000,0 days 00:26:43.708000,0 days 00:27:08.559000,104.0,165.0,265.0,261.0,False,MEDIUM,8.0,True,Aston Martin,0 days 00:25:27.090000,2024-05-24 15:10:37.034,1,,False,,False,True,101.469,101.469
219,0 days 00:28:21.584000,ALO,14,0 days 00:01:13.025000,9.0,1.0,,,19.019,34.493,19.513,0 days 00:27:27.578000,0 days 00:28:02.071000,0 days 00:28:21.584000,219.0,199.0,266.0,276.0,True,MEDIUM,9.0,True,Aston Martin,0 days 00:27:08.559000,2024-05-24 15:12:18.503,1,,False,,False,True,73.025,73.025
220,0 days 00:29:55.422000,ALO,14,0 days 00:01:33.838000,10.0,1.0,,,29.031,42.198,22.609,0 days 00:28:50.615000,0 days 00:29:32.813000,0 days 00:29:55.422000,161.0,161.0,264.0,262.0,False,MEDIUM,10.0,True,Aston Martin,0 days 00:28:21.584000,2024-05-24 15:13:31.528,1,,False,,False,True,93.838,93.838
221,0 days 00:31:08.437000,ALO,14,0 days 00:01:13.015000,11.0,1.0,,,19.088,34.454,19.473,0 days 00:30:14.510000,0 days 00:30:48.964000,0 days 00:31:08.437000,217.0,199.0,266.0,275.0,True,MEDIUM,11.0,True,Aston Martin,0 days 00:29:55.422000,2024-05-24 15:15:05.366,1,,False,,False,True,73.015,73.015
222,0 days 00:38:36.443000,ALO,14,,12.0,1.0,,0 days 00:32:36.350000,23.559,47.304,,0 days 00:31:32.401000,0 days 00:32:19.491000,,159.0,162.0,,241.0,False,MEDIUM,12.0,True,Aston Martin,0 days 00:31:08.437000,2024-05-24 15:16:18.381,1,,False,,False,False,,
223,0 days 00:40:06.800000,ALO,14,0 days 00:01:30.357000,13.0,2.0,0 days 00:38:37.328000,,25.149,39.75,25.458,0 days 00:39:01.592000,0 days 00:39:41.342000,0 days 00:40:06.800000,180.0,172.0,266.0,261.0,False,SOFT,1.0,True,Aston Martin,0 days 00:38:36.443000,2024-05-24 15:23:46.387,1,,False,,False,False,90.357,90.357
224,0 days 00:41:18.964000,ALO,14,0 days 00:01:12.164000,14.0,2.0,,,18.867,34.171,19.126,0 days 00:40:25.667000,0 days 00:40:59.838000,0 days 00:41:18.964000,219.0,199.0,269.0,280.0,True,SOFT,2.0,True,Aston Martin,0 days 00:40:06.800000,2024-05-24 15:25:16.744,1,,False,,False,True,72.164,72.164
225,0 days 00:42:51.175000,ALO,14,0 days 00:01:32.211000,15.0,2.0,,,24.549,43.644,24.018,0 days 00:41:43.513000,0 days 00:42:27.157000,0 days 00:42:51.175000,176.0,163.0,267.0,250.0,False,SOFT,3.0,True,Aston Martin,0 days 00:41:18.964000,2024-05-24 15:26:28.908,1,,False,,False,True,92.211,92.211
226,0 days 00:44:02.928000,ALO,14,0 days 00:01:11.753000,16.0,2.0,,,18.756,33.878,19.119,0 days 00:43:09.931000,0 days 00:43:43.809000,0 days 00:44:02.928000,220.0,203.0,270.0,280.0,True,SOFT,4.0,True,Aston Martin,0 days 00:42:51.175000,2024-05-24 15:28:01.119,1,,False,,False,True,71.753,71.753
227,0 days 00:45:41.045000,ALO,14,0 days 00:01:38.117000,17.0,2.0,,,25.701,44.539,27.877,0 days 00:44:28.629000,0 days 00:45:13.168000,0 days 00:45:41.045000,161.0,133.0,247.0,254.0,False,SOFT,5.0,True,Aston Martin,0 days 00:44:02.928000,2024-05-24 15:29:12.872,1,,False,,False,True,98.117,98.117
228,0 days 00:47:20.586000,ALO,14,0 days 00:01:39.541000,18.0,2.0,,,23.924,44.607,31.01,0 days 00:46:04.969000,0 days 00:46:49.576000,0 days 00:47:20.586000,82.0,165.0,264.0,247.0,False,SOFT,6.0,True,Aston Martin,0 days 00:45:41.045000,2024-05-24 15:30:50.989,12,,False,,False,True,99.541,99.54100000000001
229,0 days 00:49:07.590000,ALO,14,0 days 00:01:47.004000,19.0,2.0,,0 days 00:48:48.613000,22.026,49.319,35.659,0 days 00:47:42.612000,0 days 00:48:31.931000,0 days 00:49:07.590000,103.0,168.0,,183.0,False,SOFT,7.0,True,Aston Martin,0 days 00:47:20.586000,2024-05-24 15:32:30.530,1,,False,,False,False,107.004,107.00399999999999
230,0 days 00:50:38.367000,ALO,14,0 days 00:01:30.777000,20.0,3.0,0 days 00:49:08.460000,,25.507,39.459,25.811,0 days 00:49:33.097000,0 days 00:50:12.556000,0 days 00:50:38.367000,180.0,172.0,264.0,262.0,False,SOFT,8.0,False,Aston Martin,0 days 00:49:07.590000,2024-05-24 15:34:17.534,1,,False,,False,False,90.777,90.77700000000002
231,0 days 00:52:12.417000,ALO,14,0 days 00:01:34.050000,21.0,3.0,,,18.809,42.125,33.116,0 days 00:50:57.176000,0 days 00:51:39.301000,0 days 00:52:12.417000,223.0,67.0,264.0,235.0,False,SOFT,9.0,False,Aston Martin,0 days 00:50:38.367000,2024-05-24 15:35:48.311,1,,False,,False,True,94.05,94.05
232,0 days 00:53:24.255000,ALO,14,0 days 00:01:11.838000,22.0,3.0,,,18.826,33.823,19.189,0 days 00:52:31.243000,0 days 00:53:05.066000,0 days 00:53:24.255000,220.0,204.0,267.0,277.0,False,SOFT,10.0,False,Aston Martin,0 days 00:52:12.417000,2024-05-24 15:37:22.361,1,,False,,False,True,71.838,71.838
233,0 days 00:54:58.753000,ALO,14,0 days 00:01:34.498000,23.0,3.0,,,24.519,44.973,25.006,0 days 00:53:48.774000,0 days 00:54:33.747000,0 days 00:54:58.753000,115.0,155.0,264.0,236.0,False,SOFT,11.0,False,Aston Martin,0 days 00:53:24.255000,2024-05-24 15:38:34.199,1,,False,,False,True,94.498,94.49799999999999
234,0 days 01:01:34.767000,ALO,14,,24.0,3.0,,0 days 00:56:06.156000,18.683,34.115,,0 days 00:55:17.810000,0 days 00:55:51.836000,,222.0,201.0,,278.0,False,SOFT,12.0,False,Aston Martin,0 days 00:54:58.753000,2024-05-24 15:40:08.697,1,,False,,False,False,,
235,0 days 01:02:59.388000,ALO,14,0 days 00:01:24.621000,25.0,4.0,0 days 01:01:35.426000,,24.117,38.634,21.87,0 days 01:01:58.884000,0 days 01:02:37.518000,0 days 01:02:59.388000,185.0,173.0,252.0,255.0,False,MEDIUM,13.0,False,Aston Martin,0 days 01:01:34.767000,2024-05-24 15:46:44.711,1,,False,,False,False,84.621,84.62100000000001
236,0 days 01:04:17.588000,ALO,14,0 days 00:01:18.200000,26.0,4.0,,,20.182,36.788,21.23,0 days 01:03:19.570000,0 days 01:03:56.358000,0 days 01:04:17.588000,201.0,182.0,253.0,276.0,False,MEDIUM,14.0,False,Aston Martin,0 days 01:02:59.388000,2024-05-24 15:48:09.332,12,,False,,False,True,78.2,78.2
237,0 days 01:05:34.786000,ALO,14,0 days 00:01:17.198000,27.0,4.0,,,20.21,36.056,20.932,0 days 01:04:37.798000,0 days 01:05:13.854000,0 days 01:05:34.786000,205.0,187.0,254.0,276.0,False,MEDIUM,15.0,False,Aston Martin,0 days 01:04:17.588000,2024-05-24 15:49:27.532,1,,False,,False,True,77.198,77.198
238,0 days 01:06:51.933000,ALO,14,0 days 00:01:17.147000,28.0,4.0,,,20.167,36.321,20.659,0 days 01:05:54.953000,0 days 01:06:31.274000,0 days 01:06:51.933000,202.0,183.0,254.0,276.0,False,MEDIUM,16.0,False,Aston Martin,0 days 01:05:34.786000,2024-05-24 15:50:44.730,1,,False,,False,True,77.147,77.14699999999999
239,0 days 01:08:08.675000,ALO,14,0 days 00:01:16.742000,29.0,4.0,,,20.174,35.886,20.682,0 days 01:07:12.107000,0 days 01:07:47.993000,0 days 01:08:08.675000,205.0,187.0,254.0,277.0,False,MEDIUM,17.0,False,Aston Martin,0 days 01:06:51.933000,2024-05-24 15:52:01.877,1,,False,,False,True,76.742,76.742
240,0 days 01:09:25.728000,ALO,14,0 days 00:01:17.053000,30.0,4.0,,,20.001,36.241,20.811,0 days 01:08:28.676000,0 days 01:09:04.917000,0 days 01:09:25.728000,203.0,187.0,254.0,277.0,False,MEDIUM,18.0,False,Aston Martin,0 days 01:08:08.675000,2024-05-24 15:53:18.619,1,,False,,False,True,77.053,77.053
241,0 days 01:10:43.100000,ALO,14,0 days 00:01:17.372000,31.0,4.0,,,20.071,36.413,20.888,0 days 01:09:45.799000,0 days 01:10:22.212000,0 days 01:10:43.100000,204.0,185.0,253.0,275.0,False,MEDIUM,19.0,False,Aston Martin,0 days 01:09:25.728000,2024-05-24 15:54:35.672,1,,False,,False,True,77.372,77.372
242,0 days 01:11:59.631000,ALO,14,0 days 00:01:16.531000,32.0,4.0,,,19.916,36.01,20.605,0 days 01:11:03.016000,0 days 01:11:39.026000,0 days 01:11:59.631000,206.0,189.0,253.0,275.0,False,MEDIUM,20.0,False,Aston Martin,0 days 01:10:43.100000,2024-05-24 15:55:53.044,1,,False,,False,True,76.531,76.531
243,0 days 01:13:16.467000,ALO,14,0 days 00:01:16.836000,33.0,4.0,,,19.957,36.24,20.639,0 days 01:12:19.588000,0 days 01:12:55.828000,0 days 01:13:16.467000,205.0,189.0,252.0,275.0,False,MEDIUM,21.0,False,Aston Martin,0 days 01:11:59.631000,2024-05-24 15:57:09.575,1,,False,,False,True,76.836,76.836
244,0 days 01:14:33.331000,ALO,14,0 days 00:01:16.864000,34.0,4.0,,,20.005,36.239,20.62,0 days 01:13:36.472000,0 days 01:14:12.711000,0 days 01:14:33.331000,208.0,191.0,252.0,274.0,False,MEDIUM,22.0,False,Aston Martin,0 days 01:13:16.467000,2024-05-24 15:58:26.411,1,,False,,False,True,76.864,76.864
245,0 days 01:15:51.709000,ALO,14,0 days 00:01:18.378000,35.0,4.0,,,20.343,36.916,21.119,0 days 01:14:53.674000,0 days 01:15:30.590000,0 days 01:15:51.709000,201.0,185.0,254.0,274.0,False,MEDIUM,23.0,False,Aston Martin,0 days 01:14:33.331000,2024-05-24 15:59:43.275,1,,False,,False,True,78.378,78.378
246,0 days 01:18:10.889000,ALO,14,0 days 00:02:19.180000,36.0,4.0,,,28.231,43.754,67.195,0 days 01:16:19.940000,0 days 01:17:03.694000,0 days 01:18:10.889000,107.0,123.0,192.0,181.0,False,MEDIUM,24.0,False,Aston Martin,0 days 01:15:51.709000,2024-05-24 16:01:01.653,1,,False,,False,True,139.18,139.18
247,0 days 01:19:40.756000,ALO,14,,37.0,4.0,,0 days 01:19:40.756000,24.822,44.227,,0 days 01:18:35.825000,0 days 01:19:20.082000,,133.0,141.0,,214.0,False,MEDIUM,25.0,False,Aston Martin,0 days 01:18:10.889000,2024-05-24 16:03:20.833,1,,False,,False,False,,
248,0 days 00:18:43.961000,LEC,16,0 days 00:02:03.525000,1.0,1.0,0 days 00:16:41.471000,,36.059,47.385,40.081,0 days 00:17:16.980000,0 days 00:18:04.086000,0 days 00:18:44.119000,73.0,150.0,258.0,243.0,False,MEDIUM,1.0,True,Ferrari,0 days 00:16:41.471000,2024-05-24 15:01:51.415,1,,False,,False,False,123.525,123.52499999999999
249,0 days 00:20:04.811000,LEC,16,0 days 00:01:20.850000,2.0,1.0,,,20.702,37.734,22.414,0 days 00:19:04.663000,0 days 00:19:42.397000,0 days 00:20:04.811000,194.0,177.0,263.0,257.0,True,MEDIUM,2.0,True,Ferrari,0 days 00:18:43.961000,2024-05-24 15:03:53.905,1,,False,,False,True,80.85,80.85000000000001
250,0 days 00:21:18.215000,LEC,16,0 days 00:01:13.404000,3.0,1.0,,,19.272,34.611,19.521,0 days 00:20:24.083000,0 days 00:20:58.694000,0 days 00:21:18.215000,217.0,196.0,265.0,277.0,True,MEDIUM,3.0,True,Ferrari,0 days 00:20:04.811000,2024-05-24 15:05:14.755,1,,False,,False,True,73.404,73.404
251,0 days 00:22:43.162000,LEC,16,0 days 00:01:24.947000,4.0,1.0,,,21.681,40.898,22.368,0 days 00:21:39.896000,0 days 00:22:20.794000,0 days 00:22:43.162000,179.0,164.0,264.0,246.0,False,MEDIUM,4.0,True,Ferrari,0 days 00:21:18.215000,2024-05-24 15:06:28.159,1,,False,,False,True,84.947,84.947
252,0 days 00:23:55.534000,LEC,16,0 days 00:01:12.372000,5.0,1.0,,,19.034,34.134,19.204,0 days 00:23:02.196000,0 days 00:23:36.330000,0 days 00:23:55.534000,218.0,198.0,266.0,280.0,True,MEDIUM,5.0,True,Ferrari,0 days 00:22:43.162000,2024-05-24 15:07:53.106,1,,False,,False,True,72.372,72.372
253,0 days 00:25:23.764000,LEC,16,0 days 00:01:28.230000,6.0,1.0,,,19.016,38.028,31.186,0 days 00:24:14.550000,0 days 00:24:52.578000,0 days 00:25:23.764000,218.0,144.0,268.0,255.0,False,MEDIUM,6.0,True,Ferrari,0 days 00:23:55.534000,2024-05-24 15:09:05.478,1,,False,,False,True,88.23,88.22999999999999
254,0 days 00:26:36.024000,LEC,16,0 days 00:01:12.260000,7.0,1.0,,,18.988,34.042,19.23,0 days 00:25:42.752000,0 days 00:26:16.794000,0 days 00:26:36.024000,219.0,199.0,261.0,280.0,True,MEDIUM,7.0,True,Ferrari,0 days 00:25:23.764000,2024-05-24 15:10:33.708,1,,False,,False,True,72.26,72.26
255,0 days 00:28:18.801000,LEC,16,0 days 00:01:42.777000,8.0,1.0,,,25.165,49.12,28.492,0 days 00:27:01.189000,0 days 00:27:50.309000,0 days 00:28:18.801000,145.0,118.0,269.0,183.0,False,MEDIUM,8.0,True,Ferrari,0 days 00:26:36.024000,2024-05-24 15:11:45.968,1,,False,,False,True,102.777,102.777
256,0 days 00:29:30.926000,LEC,16,0 days 00:01:12.125000,9.0,1.0,,,18.888,34.092,19.145,0 days 00:28:37.689000,0 days 00:29:11.781000,0 days 00:29:30.926000,219.0,202.0,268.0,281.0,True,MEDIUM,9.0,True,Ferrari,0 days 00:28:18.801000,2024-05-24 15:13:28.745,1,,False,,False,True,72.125,72.125
257,0 days 00:31:06.458000,LEC,16,0 days 00:01:35.532000,10.0,1.0,,,23.783,49.635,22.114,0 days 00:29:54.709000,0 days 00:30:44.344000,0 days 00:31:06.458000,127.0,153.0,268.0,190.0,False,MEDIUM,10.0,True,Ferrari,0 days 00:29:30.926000,2024-05-24 15:14:40.870,1,,False,,False,True,95.532,95.53200000000001
258,0 days 00:32:18.031000,LEC,16,0 days 00:01:11.573000,11.0,1.0,,,18.782,33.773,19.018,0 days 00:31:25.240000,0 days 00:31:59.013000,0 days 00:32:18.031000,217.0,203.0,265.0,279.0,True,MEDIUM,11.0,True,Ferrari,0 days 00:31:06.458000,2024-05-24 15:16:16.402,1,,False,,False,True,71.573,71.57300000000001
259,0 days 00:38:17.424000,LEC,16,,12.0,1.0,,0 days 00:33:34.983000,22.357,39.297,,0 days 00:32:40.571000,0 days 00:33:19.855000,,162.0,161.0,,254.0,False,MEDIUM,12.0,True,Ferrari,0 days 00:32:18.031000,2024-05-24 15:17:27.975,1,,False,,False,False,,
260,0 days 00:39:44.980000,LEC,16,0 days 00:01:27.556000,13.0,2.0,0 days 00:38:18.115000,,27.574,38.991,20.991,0 days 00:38:44.998000,0 days 00:39:23.989000,0 days 00:39:44.980000,183.0,181.0,269.0,263.0,False,SOFT,1.0,True,Ferrari,0 days 00:38:17.424000,2024-05-24 15:23:27.368,1,,False,,False,False,87.556,87.556
261,0 days 00:40:56.258000,LEC,16,0 days 00:01:11.278000,14.0,2.0,,,18.713,33.699,18.866,0 days 00:40:03.693000,0 days 00:40:37.392000,0 days 00:40:56.258000,219.0,204.0,267.0,278.0,True,SOFT,2.0,True,Ferrari,0 days 00:39:44.980000,2024-05-24 15:24:54.924,1,,False,,False,True,71.278,71.27799999999999
262,0 days 00:42:34.898000,LEC,16,0 days 00:01:38.640000,15.0,2.0,,,24.446,45.896,28.298,0 days 00:41:20.704000,0 days 00:42:06.600000,0 days 00:42:34.898000,74.0,149.0,267.0,182.0,False,SOFT,3.0,True,Ferrari,0 days 00:40:56.258000,2024-05-24 15:26:06.202,1,,False,,False,True,98.64,98.64
263,0 days 00:43:46.416000,LEC,16,0 days 00:01:11.518000,16.0,2.0,,,18.684,33.67,19.164,0 days 00:42:53.582000,0 days 00:43:27.252000,0 days 00:43:46.416000,218.0,203.0,270.0,282.0,False,SOFT,4.0,True,Ferrari,0 days 00:42:34.898000,2024-05-24 15:27:44.842,1,,False,,False,True,71.518,71.518
264,0 days 00:45:21.951000,LEC,16,0 days 00:01:35.535000,17.0,2.0,,,24.067,48.581,22.887,0 days 00:44:10.483000,0 days 00:44:59.064000,0 days 00:45:21.951000,76.0,141.0,268.0,225.0,False,SOFT,5.0,True,Ferrari,0 days 00:43:46.416000,2024-05-24 15:28:56.360,1,,False,,False,True,95.535,95.535
265,0 days 00:46:41.733000,LEC,16,0 days 00:01:19.782000,18.0,2.0,,,18.539,34.079,27.164,0 days 00:45:40.490000,0 days 00:46:14.569000,0 days 00:46:41.733000,221.0,171.0,268.0,283.0,False,SOFT,6.0,True,Ferrari,0 days 00:45:21.951000,2024-05-24 15:30:31.895,12,,False,,False,True,79.782,79.78200000000001
266,0 days 00:48:02.346000,LEC,16,0 days 00:01:20.613000,19.0,2.0,,,18.636,37.456,24.521,0 days 00:47:00.369000,0 days 00:47:37.825000,0 days 00:48:02.346000,221.0,173.0,269.0,256.0,False,SOFT,7.0,True,Ferrari,0 days 00:46:41.733000,2024-05-24 15:31:51.677,1,,False,,False,True,80.613,80.613
267,0 days 00:49:56.733000,LEC,16,0 days 00:01:54.387000,20.0,2.0,,0 days 00:49:19.457000,18.468,40.21,55.709,0 days 00:48:20.814000,0 days 00:49:01.024000,0 days 00:49:56.733000,222.0,150.0,,223.0,False,SOFT,8.0,True,Ferrari,0 days 00:48:02.346000,2024-05-24 15:33:12.290,1,,False,,False,False,114.387,114.387
268,0 days 00:51:27.723000,LEC,16,0 days 00:01:30.990000,21.0,3.0,0 days 00:49:57.521000,,26.891,40.384,23.715,0 days 00:50:23.624000,0 days 00:51:04.008000,0 days 00:51:27.723000,185.0,150.0,269.0,256.0,False,SOFT,9.0,False,Ferrari,0 days 00:49:56.733000,2024-05-24 15:35:06.677,1,,False,,False,False,90.99,90.99000000000001
269,0 days 00:52:39.347000,LEC,16,0 days 00:01:11.624000,22.0,3.0,,,18.6,33.939,19.085,0 days 00:51:46.323000,0 days 00:52:20.262000,0 days 00:52:39.347000,222.0,200.0,267.0,279.0,False,SOFT,10.0,False,Ferrari,0 days 00:51:27.723000,2024-05-24 15:36:37.667,1,,False,,False,True,71.624,71.624
270,0 days 00:54:16.062000,LEC,16,0 days 00:01:36.715000,23.0,3.0,,,24.003,49.141,23.571,0 days 00:53:03.350000,0 days 00:53:52.491000,0 days 00:54:16.062000,88.0,151.0,237.0,251.0,False,SOFT,11.0,False,Ferrari,0 days 00:52:39.347000,2024-05-24 15:37:49.291,1,,False,,False,True,96.715,96.715
271,0 days 00:55:53.516000,LEC,16,0 days 00:01:37.454000,24.0,3.0,,,21.226,50.614,25.614,0 days 00:54:37.288000,0 days 00:55:27.902000,0 days 00:55:53.516000,198.0,110.0,268.0,233.0,False,SOFT,12.0,False,Ferrari,0 days 00:54:16.062000,2024-05-24 15:39:26.006,1,,False,,False,True,97.454,97.45400000000001
272,0 days 01:01:39.377000,LEC,16,,25.0,3.0,,0 days 00:57:04.005000,18.784,36.269,,0 days 00:56:12.488000,0 days 00:56:48.768000,,219.0,164.0,,252.0,False,SOFT,13.0,False,Ferrari,0 days 00:55:53.516000,2024-05-24 15:41:03.460,1,,False,,False,False,,
273,0 days 01:03:06.567000,LEC,16,0 days 00:01:27.190000,26.0,4.0,0 days 01:01:40.244000,,28.49,37.267,21.433,0 days 01:02:07.867000,0 days 01:02:45.134000,0 days 01:03:06.567000,196.0,169.0,249.0,268.0,False,MEDIUM,13.0,False,Ferrari,0 days 01:01:39.377000,2024-05-24 15:46:49.321,1,,False,,False,False,87.19,87.19
274,0 days 01:04:41.663000,LEC,16,0 days 00:01:35.096000,27.0,4.0,,,31.804,36.913,26.379,0 days 01:03:38.371000,0 days 01:04:15.284000,0 days 01:04:41.663000,184.0,179.0,250.0,276.0,False,MEDIUM,14.0,False,Ferrari,0 days 01:03:06.567000,2024-05-24 15:48:16.511,12,,False,,False,True,95.096,95.096
275,0 days 01:05:56.773000,LEC,16,0 days 00:01:15.110000,28.0,4.0,,,19.871,35.208,20.031,0 days 01:05:01.534000,0 days 01:05:36.742000,0 days 01:05:56.773000,208.0,188.0,252.0,272.0,False,MEDIUM,15.0,False,Ferrari,0 days 01:04:41.663000,2024-05-24 15:49:51.607,1,,False,,False,True,75.11,75.10999999999999
276,0 days 01:07:14.001000,LEC,16,0 days 00:01:17.228000,29.0,4.0,,,19.834,35.699,21.695,0 days 01:06:16.607000,0 days 01:06:52.306000,0 days 01:07:14.001000,207.0,190.0,251.0,276.0,False,MEDIUM,16.0,False,Ferrari,0 days 01:05:56.773000,2024-05-24 15:51:06.717,1,,False,,False,True,77.228,77.22800000000001
277,0 days 01:08:29.222000,LEC,16,0 days 00:01:15.221000,30.0,4.0,,,19.632,35.403,20.186,0 days 01:07:33.633000,0 days 01:08:09.036000,0 days 01:08:29.222000,207.0,190.0,252.0,274.0,False,MEDIUM,17.0,False,Ferrari,0 days 01:07:14.001000,2024-05-24 15:52:23.945,1,,False,,False,True,75.221,75.221
278,0 days 01:09:46.845000,LEC,16,0 days 00:01:17.623000,31.0,4.0,,,19.668,35.532,22.423,0 days 01:08:48.890000,0 days 01:09:24.422000,0 days 01:09:46.845000,207.0,191.0,249.0,274.0,False,MEDIUM,18.0,False,Ferrari,0 days 01:08:29.222000,2024-05-24 15:53:39.166,1,,False,,False,True,77.623,77.62299999999999
279,0 days 01:11:04.588000,LEC,16,0 days 00:01:17.743000,32.0,4.0,,,19.811,36.692,21.24,0 days 01:10:06.656000,0 days 01:10:43.348000,0 days 01:11:04.588000,205.0,174.0,252.0,273.0,False,MEDIUM,19.0,False,Ferrari,0 days 01:09:46.845000,2024-05-24 15:54:56.789,1,,False,,False,True,77.743,77.743
280,0 days 01:12:21.834000,LEC,16,0 days 00:01:17.246000,33.0,4.0,,,19.827,35.75,21.669,0 days 01:11:24.415000,0 days 01:12:00.165000,0 days 01:12:21.834000,206.0,192.0,258.0,273.0,False,MEDIUM,20.0,False,Ferrari,0 days 01:11:04.588000,2024-05-24 15:56:14.532,1,,False,,False,True,77.246,77.246
281,0 days 01:13:38.101000,LEC,16,0 days 00:01:16.267000,34.0,4.0,,,19.943,35.996,20.328,0 days 01:12:41.777000,0 days 01:13:17.773000,0 days 01:13:38.101000,204.0,187.0,251.0,270.0,False,MEDIUM,21.0,False,Ferrari,0 days 01:12:21.834000,2024-05-24 15:57:31.778,1,,False,,False,True,76.267,76.26700000000001
282,0 days 01:14:54.452000,LEC,16,0 days 00:01:16.351000,35.0,4.0,,,19.957,36.006,20.388,0 days 01:13:58.058000,0 days 01:14:34.064000,0 days 01:14:54.452000,203.0,191.0,252.0,273.0,False,MEDIUM,22.0,False,Ferrari,0 days 01:13:38.101000,2024-05-24 15:58:48.045,1,,False,,False,True,76.351,76.351
283,0 days 01:17:03.129000,LEC,16,0 days 00:02:08.677000,36.0,4.0,,,28.559,47.908,52.21,0 days 01:15:23.011000,0 days 01:16:10.919000,0 days 01:17:03.129000,100.0,121.0,7.0,180.0,False,MEDIUM,23.0,False,Ferrari,0 days 01:14:54.452000,2024-05-24 16:00:04.396,1,,False,,False,True,128.677,128.677
284,0 days 01:18:31.721000,LEC,16,,37.0,4.0,,0 days 01:18:31.721000,25.525,44.716,,0 days 01:17:28.895000,0 days 01:18:14.150000,,143.0,101.0,,232.0,False,MEDIUM,24.0,False,Ferrari,0 days 01:17:03.129000,2024-05-24 16:02:13.073,1,,False,,False,False,,
285,0 days 00:18:21.655000,STR,18,0 days 00:01:45.746000,1.0,1.0,0 days 00:16:36.983000,,34.98,40.424,30.342,0 days 00:17:11.268000,0 days 00:17:51.516000,0 days 00:18:21.876000,174.0,167.0,258.0,258.0,False,MEDIUM,1.0,True,Aston Martin,0 days 00:16:36.983000,2024-05-24 15:01:46.927,1,,False,,False,False,105.746,105.746
286,0 days 00:19:42.277000,STR,18,0 days 00:01:20.622000,2.0,1.0,,,21.259,38.134,21.229,0 days 00:18:42.914000,0 days 00:19:21.048000,0 days 00:19:42.277000,197.0,177.0,265.0,274.0,True,MEDIUM,2.0,True,Aston Martin,0 days 00:18:21.655000,2024-05-24 15:03:31.599,1,,False,,False,True,80.622,80.622
287,0 days 00:20:56.363000,STR,18,0 days 00:01:14.086000,3.0,1.0,,,19.426,34.851,19.809,0 days 00:20:01.703000,0 days 00:20:36.554000,0 days 00:20:56.363000,213.0,191.0,266.0,276.0,True,MEDIUM,3.0,True,Aston Martin,0 days 00:19:42.277000,2024-05-24 15:04:52.221,1,,False,,False,True,74.086,74.086
288,0 days 00:22:30.121000,STR,18,0 days 00:01:33.758000,4.0,1.0,,,22.077,40.616,31.065,0 days 00:21:18.440000,0 days 00:21:59.056000,0 days 00:22:30.121000,190.0,183.0,266.0,261.0,False,MEDIUM,4.0,True,Aston Martin,0 days 00:20:56.363000,2024-05-24 15:06:06.307,1,,False,,False,True,93.758,93.758
289,0 days 00:23:43.767000,STR,18,0 days 00:01:13.646000,5.0,1.0,,,19.201,34.771,19.674,0 days 00:22:49.322000,0 days 00:23:24.093000,0 days 00:23:43.767000,217.0,195.0,266.0,277.0,True,MEDIUM,5.0,True,Aston Martin,0 days 00:22:30.121000,2024-05-24 15:07:40.065,1,,False,,False,True,73.646,73.646
290,0 days 00:25:28.676000,STR,18,0 days 00:01:44.909000,6.0,1.0,,,25.284,46.508,33.117,0 days 00:24:09.051000,0 days 00:24:55.559000,0 days 00:25:28.676000,119.0,173.0,265.0,251.0,False,MEDIUM,6.0,True,Aston Martin,0 days 00:23:43.767000,2024-05-24 15:08:53.711,1,,False,,False,True,104.909,104.90899999999999
291,0 days 00:26:42.095000,STR,18,0 days 00:01:13.419000,7.0,1.0,,,19.184,34.541,19.694,0 days 00:25:47.860000,0 days 00:26:22.401000,0 days 00:26:42.095000,214.0,195.0,266.0,275.0,True,MEDIUM,7.0,True,Aston Martin,0 days 00:25:28.676000,2024-05-24 15:10:38.620,1,,False,,False,True,73.419,73.419
292,0 days 00:28:24.657000,STR,18,0 days 00:01:42.562000,8.0,1.0,,,26.433,47.801,28.328,0 days 00:27:08.528000,0 days 00:27:56.329000,0 days 00:28:24.657000,119.0,167.0,268.0,180.0,False,MEDIUM,8.0,True,Aston Martin,0 days 00:26:42.095000,2024-05-24 15:11:52.039,1,,False,,False,True,102.562,102.56200000000001
293,0 days 00:29:38.006000,STR,18,0 days 00:01:13.349000,9.0,1.0,,,19.144,34.581,19.624,0 days 00:28:43.801000,0 days 00:29:18.382000,0 days 00:29:38.006000,217.0,195.0,266.0,276.0,True,MEDIUM,9.0,True,Aston Martin,0 days 00:28:24.657000,2024-05-24 15:13:34.601,1,,False,,False,True,73.349,73.349
294,0 days 00:31:19.425000,STR,18,0 days 00:01:41.419000,10.0,1.0,,,28.261,51.327,21.831,0 days 00:30:06.267000,0 days 00:30:57.594000,0 days 00:31:19.425000,129.0,159.0,266.0,206.0,False,MEDIUM,10.0,True,Aston Martin,0 days 00:29:38.006000,2024-05-24 15:14:47.950,1,,False,,False,True,101.419,101.419
295,0 days 00:32:32.609000,STR,18,0 days 00:01:13.184000,11.0,1.0,,,19.18,34.484,19.52,0 days 00:31:38.605000,0 days 00:32:13.089000,0 days 00:32:32.609000,214.0,197.0,265.0,275.0,True,MEDIUM,11.0,True,Aston Martin,0 days 00:31:19.425000,2024-05-24 15:16:29.369,1,,False,,False,True,73.184,73.184
296,0 days 00:40:19.281000,STR,18,,12.0,1.0,,0 days 00:33:56.630000,24.671,41.543,,0 days 00:32:57.318000,0 days 00:33:39.007000,,108.0,164.0,,235.0,False,MEDIUM,12.0,True,Aston Martin,0 days 00:32:32.609000,2024-05-24 15:17:42.553,1,,False,,False,False,,
297,0 days 00:41:40.841000,STR,18,0 days 00:01:21.560000,13.0,2.0,0 days 00:40:20.001000,,24.629,36.647,20.284,0 days 00:40:43.910000,0 days 00:41:20.557000,0 days 00:41:40.841000,193.0,187.0,268.0,260.0,False,SOFT,1.0,True,Aston Martin,0 days 00:40:19.281000,2024-05-24 15:25:29.225,1,,False,,False,False,81.56,81.56
298,0 days 00:42:53.060000,STR,18,0 days 00:01:12.219000,14.0,2.0,,,19.029,33.957,19.233,0 days 00:41:59.870000,0 days 00:42:33.827000,0 days 00:42:53.060000,217.0,197.0,270.0,279.0,True,SOFT,2.0,True,Aston Martin,0 days 00:41:40.841000,2024-05-24 15:26:50.785,1,,False,,False,True,72.219,72.21900000000001
299,0 days 00:44:46.142000,STR,18,0 days 00:01:53.082000,15.0,2.0,,,29.144,55.714,28.224,0 days 00:43:22.204000,0 days 00:44:17.918000,0 days 00:44:46.142000,102.0,146.0,269.0,222.0,False,SOFT,3.0,True,Aston Martin,0 days 00:42:53.060000,2024-05-24 15:28:03.004,1,,False,,False,True,113.082,113.08200000000001
300,0 days 00:45:58.282000,STR,18,0 days 00:01:12.140000,16.0,2.0,,,18.837,33.903,19.4,0 days 00:45:04.979000,0 days 00:45:38.882000,0 days 00:45:58.282000,220.0,199.0,269.0,281.0,True,SOFT,4.0,True,Aston Martin,0 days 00:44:46.142000,2024-05-24 15:29:56.086,12,,False,,False,True,72.14,72.13999999999999
301,0 days 00:47:47.110000,STR,18,0 days 00:01:48.828000,17.0,2.0,,,32.853,48.119,27.856,0 days 00:46:31.135000,0 days 00:47:19.254000,0 days 00:47:47.110000,93.0,130.0,244.0,205.0,False,SOFT,5.0,True,Aston Martin,0 days 00:45:58.282000,2024-05-24 15:31:08.226,1,,False,,False,True,108.828,108.828
302,0 days 00:49:30.764000,STR,18,0 days 00:01:43.654000,18.0,2.0,,,29.457,50.572,23.625,0 days 00:48:16.567000,0 days 00:49:07.139000,0 days 00:49:30.764000,118.0,151.0,267.0,207.0,False,SOFT,6.0,True,Aston Martin,0 days 00:47:47.110000,2024-05-24 15:32:57.054,1,,False,,False,True,103.654,103.654
303,0 days 00:50:42.826000,STR,18,0 days 00:01:12.062000,19.0,2.0,,,18.821,33.902,19.339,0 days 00:49:49.585000,0 days 00:50:23.487000,0 days 00:50:42.826000,219.0,198.0,271.0,280.0,True,SOFT,7.0,True,Aston Martin,0 days 00:49:30.764000,2024-05-24 15:34:40.708,1,,False,,False,True,72.062,72.062
304,0 days 00:52:43.843000,STR,18,0 days 00:02:01.017000,20.0,2.0,,,29.523,64.187,27.307,0 days 00:51:12.349000,0 days 00:52:16.536000,0 days 00:52:43.843000,86.0,124.0,268.0,149.0,False,SOFT,8.0,True,Aston Martin,0 days 00:50:42.826000,2024-05-24 15:35:52.770,1,,False,,False,True,121.017,121.017
305,0 days 00:54:30.878000,STR,18,0 days 00:01:47.035000,21.0,2.0,,,18.952,63.185,24.898,0 days 00:53:02.795000,0 days 00:54:05.980000,0 days 00:54:30.878000,216.0,78.0,267.0,96.0,False,SOFT,9.0,True,Aston Martin,0 days 00:52:43.843000,2024-05-24 15:37:53.787,1,,False,,False,True,107.035,107.035
306,0 days 00:55:42.066000,STR,18,,22.0,2.0,,0 days 00:55:42.066000,18.904,33.902,,0 days 00:54:49.937000,0 days 00:55:23.959000,,218.0,198.0,,280.0,False,SOFT,10.0,True,Aston Martin,0 days 00:54:30.878000,2024-05-24 15:39:40.822,1,,False,,False,False,,
307,0 days 00:16:28.578000,MAG,20,0 days 00:01:30.134000,1.0,1.0,0 days 00:14:59.558000,,28.585,39.512,22.037,0 days 00:15:27.309000,0 days 00:16:06.821000,0 days 00:16:28.808000,169.0,171.0,260.0,255.0,False,MEDIUM,1.0,True,Haas F1 Team,0 days 00:14:59.558000,2024-05-24 15:00:09.502,1,,False,,False,False,90.134,90.13400000000001
308,0 days 00:17:45.344000,MAG,20,0 days 00:01:16.766000,2.0,1.0,,,20.639,35.895,20.232,0 days 00:16:49.217000,0 days 00:17:25.112000,0 days 00:17:45.344000,206.0,189.0,263.0,275.0,True,MEDIUM,2.0,True,Haas F1 Team,0 days 00:16:28.578000,2024-05-24 15:01:38.522,1,,False,,False,True,76.766,76.766
309,0 days 00:18:59.980000,MAG,20,0 days 00:01:14.636000,3.0,1.0,,,19.77,35.012,19.854,0 days 00:18:05.114000,0 days 00:18:40.126000,0 days 00:18:59.980000,211.0,192.0,264.0,276.0,True,MEDIUM,3.0,True,Haas F1 Team,0 days 00:17:45.344000,2024-05-24 15:02:55.288,1,,False,,False,True,74.636,74.636
310,0 days 00:20:14.164000,MAG,20,0 days 00:01:14.184000,4.0,1.0,,,19.398,34.802,19.984,0 days 00:19:19.378000,0 days 00:19:54.180000,0 days 00:20:14.164000,213.0,190.0,265.0,280.0,True,MEDIUM,4.0,True,Haas F1 Team,0 days 00:18:59.980000,2024-05-24 15:04:09.924,1,,False,,False,True,74.184,74.184
311,0 days 00:21:52.140000,MAG,20,0 days 00:01:37.976000,5.0,1.0,,,28.685,48.211,21.08,0 days 00:20:42.849000,0 days 00:21:31.060000,0 days 00:21:52.140000,104.0,170.0,264.0,212.0,False,MEDIUM,5.0,True,Haas F1 Team,0 days 00:20:14.164000,2024-05-24 15:05:24.108,1,,False,,False,True,97.976,97.976
312,0 days 00:23:06.125000,MAG,20,0 days 00:01:13.985000,6.0,1.0,,,19.446,34.917,19.622,0 days 00:22:11.586000,0 days 00:22:46.503000,0 days 00:23:06.125000,215.0,195.0,266.0,279.0,True,MEDIUM,6.0,True,Haas F1 Team,0 days 00:21:52.140000,2024-05-24 15:07:02.084,1,,False,,False,True,73.985,73.985
313,0 days 00:24:32.223000,MAG,20,0 days 00:01:26.098000,7.0,1.0,,,19.223,38.044,28.831,0 days 00:23:25.348000,0 days 00:24:03.392000,0 days 00:24:32.223000,217.0,140.0,165.0,279.0,False,MEDIUM,7.0,True,Haas F1 Team,0 days 00:23:06.125000,2024-05-24 15:08:16.069,1,,False,,False,True,86.098,86.098
314,0 days 00:26:14.008000,MAG,20,0 days 00:01:41.785000,8.0,1.0,,,29.969,44.862,26.954,0 days 00:25:02.192000,0 days 00:25:47.054000,0 days 00:26:14.008000,140.0,177.0,265.0,250.0,False,MEDIUM,8.0,True,Haas F1 Team,0 days 00:24:32.223000,2024-05-24 15:09:42.167,1,,False,,False,True,101.785,101.785
315,0 days 00:27:27.737000,MAG,20,0 days 00:01:13.729000,9.0,1.0,,,19.495,34.643,19.591,0 days 00:26:33.503000,0 days 00:27:08.146000,0 days 00:27:27.737000,215.0,197.0,267.0,278.0,True,MEDIUM,9.0,True,Haas F1 Team,0 days 00:26:14.008000,2024-05-24 15:11:23.952,1,,False,,False,True,73.729,73.72900000000001
316,0 days 00:41:37.616000,MAG,20,,10.0,1.0,,0 days 00:28:50.260000,26.218,40.649,,0 days 00:27:54.209000,0 days 00:28:34.859000,,140.0,170.0,,257.0,False,MEDIUM,10.0,True,Haas F1 Team,0 days 00:27:27.737000,2024-05-24 15:12:37.681,1,,False,,False,False,,
317,0 days 00:43:11.699000,MAG,20,0 days 00:01:34.083000,11.0,2.0,0 days 00:41:38.402000,,26.645,38.851,28.587,0 days 00:42:04.261000,0 days 00:42:43.112000,0 days 00:43:11.699000,173.0,165.0,264.0,265.0,False,SOFT,1.0,True,Haas F1 Team,0 days 00:41:37.616000,2024-05-24 15:26:47.560,1,,False,,False,False,94.083,94.083
318,0 days 00:44:24.746000,MAG,20,0 days 00:01:13.047000,12.0,2.0,,,19.193,34.468,19.386,0 days 00:43:30.892000,0 days 00:44:05.360000,0 days 00:44:24.746000,215.0,196.0,266.0,277.0,True,SOFT,2.0,True,Haas F1 Team,0 days 00:43:11.699000,2024-05-24 15:28:21.643,1,,False,,False,True,73.047,73.047
319,0 days 00:46:03.710000,MAG,20,0 days 00:01:38.964000,13.0,2.0,,,24.617,46.645,27.702,0 days 00:44:49.363000,0 days 00:45:36.008000,0 days 00:46:03.710000,81.0,183.0,270.0,251.0,False,SOFT,3.0,True,Haas F1 Team,0 days 00:44:24.746000,2024-05-24 15:29:34.690,12,,False,,False,True,98.964,98.964
320,0 days 00:47:16.412000,MAG,20,0 days 00:01:12.702000,14.0,2.0,,,19.094,34.13,19.478,0 days 00:46:22.804000,0 days 00:46:56.934000,0 days 00:47:16.412000,219.0,203.0,269.0,282.0,True,SOFT,4.0,True,Haas F1 Team,0 days 00:46:03.710000,2024-05-24 15:31:13.654,1,,False,,False,True,72.702,72.702
321,0 days 00:49:12.231000,MAG,20,0 days 00:01:55.819000,15.0,2.0,,,32.247,55.55,28.022,0 days 00:47:48.659000,0 days 00:48:44.209000,0 days 00:49:12.231000,80.0,66.0,221.0,174.0,False,SOFT,5.0,True,Haas F1 Team,0 days 00:47:16.412000,2024-05-24 15:32:26.356,1,,False,,False,True,115.819,115.81899999999999
322,0 days 00:50:41.872000,MAG,20,0 days 00:01:29.641000,16.0,2.0,,,23.397,41.278,24.966,0 days 00:49:35.628000,0 days 00:50:16.906000,0 days 00:50:41.872000,163.0,177.0,270.0,258.0,False,SOFT,6.0,True,Haas F1 Team,0 days 00:49:12.231000,2024-05-24 15:34:22.175,1,,False,,False,True,89.641,89.64099999999999
323,0 days 00:51:54.345000,MAG,20,0 days 00:01:12.473000,17.0,2.0,,,18.99,34.099,19.384,0 days 00:51:00.862000,0 days 00:51:34.961000,0 days 00:51:54.345000,220.0,200.0,268.0,282.0,True,SOFT,7.0,True,Haas F1 Team,0 days 00:50:41.872000,2024-05-24 15:35:51.816,1,,False,,False,True,72.473,72.473
324,0 days 00:53:32.748000,MAG,20,0 days 00:01:38.403000,18.0,2.0,,,30.863,44.671,22.869,0 days 00:52:25.208000,0 days 00:53:09.879000,0 days 00:53:32.748000,143.0,180.0,236.0,226.0,False,SOFT,8.0,True,Haas F1 Team,0 days 00:51:54.345000,2024-05-24 15:37:04.289,1,,False,,False,True,98.403,98.40299999999999
325,0 days 00:55:05.194000,MAG,20,0 days 00:01:32.446000,19.0,2.0,,,23.919,46.733,21.794,0 days 00:53:56.667000,0 days 00:54:43.400000,0 days 00:55:05.194000,165.0,175.0,265.0,242.0,False,SOFT,9.0,True,Haas F1 Team,0 days 00:53:32.748000,2024-05-24 15:38:42.692,1,,False,,False,True,92.446,92.446
326,0 days 00:56:20.292000,MAG,20,0 days 00:01:15.098000,20.0,2.0,,,19.031,34.252,21.815,0 days 00:55:24.225000,0 days 00:55:58.477000,0 days 00:56:20.292000,218.0,197.0,256.0,279.0,False,SOFT,10.0,True,Haas F1 Team,0 days 00:55:05.194000,2024-05-24 15:40:15.138,1,,False,,False,True,75.098,75.098
327,0 days 01:04:44.228000,MAG,20,,21.0,2.0,,0 days 00:57:44.546000,24.595,44.499,,0 days 00:56:45.138000,0 days 00:57:29.605000,,87.0,180.0,,257.0,False,SOFT,11.0,True,Haas F1 Team,0 days 00:56:20.292000,2024-05-24 15:41:30.236,12,,False,,False,False,,
328,0 days 01:06:08.281000,MAG,20,0 days 00:01:24.053000,22.0,3.0,0 days 01:04:44.968000,,26.572,36.985,20.496,0 days 01:05:10.800000,0 days 01:05:47.785000,0 days 01:06:08.281000,186.0,184.0,251.0,271.0,False,SOFT,12.0,False,Haas F1 Team,0 days 01:04:44.228000,2024-05-24 15:49:54.172,1,,False,,False,False,84.053,84.053
329,0 days 01:07:24.251000,MAG,20,0 days 00:01:15.970000,23.0,3.0,,,20.275,35.516,20.179,0 days 01:06:28.556000,0 days 01:07:04.072000,0 days 01:07:24.251000,204.0,188.0,253.0,273.0,False,SOFT,13.0,False,Haas F1 Team,0 days 01:06:08.281000,2024-05-24 15:51:18.225,1,,False,,False,True,75.97,75.97
330,0 days 01:08:40.159000,MAG,20,0 days 00:01:15.908000,24.0,3.0,,,20.03,35.614,20.264,0 days 01:07:44.281000,0 days 01:08:19.895000,0 days 01:08:40.159000,207.0,190.0,252.0,274.0,False,SOFT,14.0,False,Haas F1 Team,0 days 01:07:24.251000,2024-05-24 15:52:34.195,1,,False,,False,True,75.908,75.908
331,0 days 01:09:55.905000,MAG,20,0 days 00:01:15.746000,25.0,3.0,,,19.944,35.549,20.253,0 days 01:09:00.103000,0 days 01:09:35.652000,0 days 01:09:55.905000,207.0,188.0,253.0,275.0,False,SOFT,15.0,False,Haas F1 Team,0 days 01:08:40.159000,2024-05-24 15:53:50.103,1,,False,,False,True,75.746,75.746
332,0 days 01:11:18.037000,MAG,20,0 days 00:01:22.132000,26.0,3.0,,,19.873,40.379,21.88,0 days 01:10:15.778000,0 days 01:10:56.157000,0 days 01:11:18.037000,208.0,178.0,253.0,277.0,False,SOFT,16.0,False,Haas F1 Team,0 days 01:09:55.905000,2024-05-24 15:55:05.849,1,,False,,False,True,82.132,82.13199999999999
333,0 days 01:12:33.680000,MAG,20,0 days 00:01:15.643000,27.0,3.0,,,19.866,35.595,20.182,0 days 01:11:37.903000,0 days 01:12:13.498000,0 days 01:12:33.680000,211.0,187.0,254.0,276.0,False,SOFT,17.0,False,Haas F1 Team,0 days 01:11:18.037000,2024-05-24 15:56:27.981,1,,False,,False,True,75.643,75.643
334,0 days 01:13:52.817000,MAG,20,0 days 00:01:19.137000,28.0,3.0,,,19.98,36.277,22.88,0 days 01:12:53.660000,0 days 01:13:29.937000,0 days 01:13:52.817000,207.0,189.0,253.0,276.0,False,SOFT,18.0,False,Haas F1 Team,0 days 01:12:33.680000,2024-05-24 15:57:43.624,1,,False,,False,True,79.137,79.137
335,0 days 01:15:09.333000,MAG,20,0 days 00:01:16.516000,29.0,3.0,,,19.789,35.933,20.794,0 days 01:14:12.606000,0 days 01:14:48.539000,0 days 01:15:09.333000,210.0,190.0,255.0,277.0,False,SOFT,19.0,False,Haas F1 Team,0 days 01:13:52.817000,2024-05-24 15:59:02.761,1,,False,,False,True,76.516,76.516
336,0 days 01:17:12.114000,MAG,20,0 days 00:02:02.781000,30.0,3.0,,,24.811,39.652,58.318,0 days 01:15:34.144000,0 days 01:16:13.796000,0 days 01:17:12.114000,165.0,131.0,6.0,270.0,False,SOFT,20.0,False,Haas F1 Team,0 days 01:15:09.333000,2024-05-24 16:00:19.277,1,,False,,False,True,122.781,122.78099999999999
337,0 days 01:18:28.548000,MAG,20,,31.0,3.0,,0 days 01:18:28.548000,22.359,38.743,,0 days 01:17:34.683000,0 days 01:18:13.411000,,193.0,157.0,,273.0,False,SOFT,21.0,False,Haas F1 Team,0 days 01:17:12.114000,2024-05-24 16:02:22.058,1,,False,,False,False,,
338,0 days 00:18:16.373000,TSU,22,0 days 00:01:48.132000,1.0,1.0,0 days 00:16:29.434000,,31.09,46.18,30.862,0 days 00:16:59.534000,0 days 00:17:45.728000,0 days 00:18:16.508000,124.0,174.0,250.0,265.0,False,HARD,1.0,True,RB,0 days 00:16:29.434000,2024-05-24 15:01:39.378,1,,False,,False,False,108.132,108.13199999999999
339,0 days 00:19:32.504000,TSU,22,0 days 00:01:16.131000,2.0,1.0,,,20.178,35.811,20.142,0 days 00:18:36.551000,0 days 00:19:12.362000,0 days 00:19:32.504000,209.0,189.0,261.0,274.0,True,HARD,2.0,True,RB,0 days 00:18:16.373000,2024-05-24 15:03:26.317,1,,False,,False,True,76.131,76.131
340,0 days 00:20:46.816000,TSU,22,0 days 00:01:14.312000,3.0,1.0,,,19.452,34.995,19.865,0 days 00:19:51.956000,0 days 00:20:26.951000,0 days 00:20:46.816000,212.0,192.0,262.0,275.0,True,HARD,3.0,True,RB,0 days 00:19:32.504000,2024-05-24 15:04:42.448,1,,False,,False,True,74.312,74.312
341,0 days 00:22:24.829000,TSU,22,0 days 00:01:38.013000,4.0,1.0,,,25.441,45.108,27.464,0 days 00:21:12.257000,0 days 00:21:57.365000,0 days 00:22:24.829000,147.0,164.0,260.0,223.0,False,HARD,4.0,True,RB,0 days 00:20:46.816000,2024-05-24 15:05:56.760,1,,False,,False,True,98.013,98.01299999999999
342,0 days 00:23:38.998000,TSU,22,0 days 00:01:14.169000,5.0,1.0,,,19.552,34.922,19.695,0 days 00:22:44.381000,0 days 00:23:19.303000,0 days 00:23:38.998000,213.0,195.0,261.0,275.0,True,HARD,5.0,True,RB,0 days 00:22:24.829000,2024-05-24 15:07:34.773,1,,False,,False,True,74.169,74.169
343,0 days 00:25:14.563000,TSU,22,0 days 00:01:35.565000,6.0,1.0,,,29.317,43.467,22.781,0 days 00:24:08.315000,0 days 00:24:51.782000,0 days 00:25:14.563000,120.0,154.0,264.0,224.0,False,HARD,6.0,True,RB,0 days 00:23:38.998000,2024-05-24 15:08:48.942,1,,False,,False,True,95.565,95.565
344,0 days 00:26:27.909000,TSU,22,0 days 00:01:13.346000,7.0,1.0,,,19.154,34.668,19.524,0 days 00:25:33.717000,0 days 00:26:08.385000,0 days 00:26:27.909000,218.0,197.0,263.0,275.0,True,HARD,7.0,True,RB,0 days 00:25:14.563000,2024-05-24 15:10:24.507,1,,False,,False,True,73.346,73.346
345,0 days 00:28:10.576000,TSU,22,0 days 00:01:42.667000,8.0,1.0,,,30.741,47.275,24.651,0 days 00:26:58.650000,0 days 00:27:45.925000,0 days 00:28:10.576000,120.0,153.0,260.0,206.0,False,HARD,8.0,True,RB,0 days 00:26:27.909000,2024-05-24 15:11:37.853,1,,False,,False,True,102.667,102.66699999999999
346,0 days 00:29:24.329000,TSU,22,0 days 00:01:13.753000,9.0,1.0,,,19.41,34.68,19.663,0 days 00:28:29.986000,0 days 00:29:04.666000,0 days 00:29:24.329000,214.0,196.0,261.0,272.0,False,HARD,9.0,True,RB,0 days 00:28:10.576000,2024-05-24 15:13:20.520,1,,False,,False,True,73.753,73.753
347,0 days 00:31:02.339000,TSU,22,0 days 00:01:38.010000,10.0,1.0,,,25.915,45.119,26.976,0 days 00:29:50.244000,0 days 00:30:35.363000,0 days 00:31:02.339000,127.0,141.0,191.0,224.0,False,HARD,10.0,True,RB,0 days 00:29:24.329000,2024-05-24 15:14:34.273,1,,False,,False,True,98.01,98.00999999999999
348,0 days 00:32:37.271000,TSU,22,0 days 00:01:34.932000,11.0,1.0,,,27.066,45.338,22.528,0 days 00:31:29.405000,0 days 00:32:14.743000,0 days 00:32:37.271000,156.0,164.0,262.0,256.0,False,HARD,11.0,True,RB,0 days 00:31:02.339000,2024-05-24 15:16:12.283,1,,False,,False,True,94.932,94.93199999999999
349,0 days 00:33:50.742000,TSU,22,0 days 00:01:13.471000,12.0,1.0,,,19.258,34.635,19.578,0 days 00:32:56.529000,0 days 00:33:31.164000,0 days 00:33:50.742000,216.0,196.0,260.0,272.0,False,HARD,12.0,True,RB,0 days 00:32:37.271000,2024-05-24 15:17:47.215,1,,False,,False,True,73.471,73.471
350,0 days 00:40:39.837000,TSU,22,,13.0,1.0,,0 days 00:35:11.215000,22.866,39.277,,0 days 00:34:14.079000,0 days 00:34:53.049000,,178.0,142.0,,249.0,False,HARD,13.0,True,RB,0 days 00:33:50.742000,2024-05-24 15:19:00.686,1,,False,,False,False,,
351,0 days 00:42:09.153000,TSU,22,0 days 00:01:29.316000,14.0,2.0,0 days 00:40:40.467000,,25.527,37.587,26.202,0 days 00:41:05.364000,0 days 00:41:42.951000,0 days 00:42:09.153000,181.0,190.0,261.0,260.0,False,MEDIUM,1.0,True,RB,0 days 00:40:39.837000,2024-05-24 15:25:49.781,1,,False,,False,False,89.316,89.316
352,0 days 00:43:21.950000,TSU,22,0 days 00:01:12.797000,15.0,2.0,,,19.028,34.467,19.302,0 days 00:42:28.181000,0 days 00:43:02.648000,0 days 00:43:21.950000,216.0,197.0,260.0,274.0,True,MEDIUM,2.0,True,RB,0 days 00:42:09.153000,2024-05-24 15:27:19.097,1,,False,,False,True,72.797,72.797
353,0 days 00:45:08.434000,TSU,22,0 days 00:01:46.484000,16.0,2.0,,,31.381,50.121,24.982,0 days 00:43:53.331000,0 days 00:44:43.452000,0 days 00:45:08.434000,130.0,145.0,261.0,184.0,False,MEDIUM,3.0,True,RB,0 days 00:43:21.950000,2024-05-24 15:28:31.894,1,,False,,False,True,106.484,106.48400000000001
354,0 days 00:46:46.895000,TSU,22,0 days 00:01:38.461000,17.0,2.0,,,24.501,43.171,30.789,0 days 00:45:32.935000,0 days 00:46:16.106000,0 days 00:46:46.895000,81.0,168.0,259.0,249.0,False,MEDIUM,4.0,True,RB,0 days 00:45:08.434000,2024-05-24 15:30:18.378,12,,False,,False,True,98.461,98.461
355,0 days 00:48:14.399000,TSU,22,0 days 00:01:27.504000,18.0,2.0,,,19.229,34.634,33.641,0 days 00:47:06.124000,0 days 00:47:40.758000,0 days 00:48:14.399000,217.0,146.0,127.0,274.0,False,MEDIUM,5.0,True,RB,0 days 00:46:46.895000,2024-05-24 15:31:56.839,1,,False,,False,True,87.504,87.50399999999999
356,0 days 00:50:01.225000,TSU,22,0 days 00:01:46.826000,19.0,2.0,,,32.349,47.77,26.707,0 days 00:48:46.748000,0 days 00:49:34.518000,0 days 00:50:01.225000,125.0,84.0,266.0,249.0,False,MEDIUM,6.0,True,RB,0 days 00:48:14.399000,2024-05-24 15:33:24.343,1,,False,,False,True,106.826,106.826
357,0 days 00:51:13.574000,TSU,22,0 days 00:01:12.349000,20.0,2.0,,,19.051,34.024,19.274,0 days 00:50:20.276000,0 days 00:50:54.300000,0 days 00:51:13.574000,220.0,201.0,265.0,277.0,True,MEDIUM,7.0,True,RB,0 days 00:50:01.225000,2024-05-24 15:35:11.169,1,,False,,False,True,72.349,72.349
358,0 days 00:53:06.512000,TSU,22,0 days 00:01:52.938000,21.0,2.0,,,33.168,50.006,29.764,0 days 00:51:46.742000,0 days 00:52:36.748000,0 days 00:53:06.512000,83.0,124.0,165.0,165.0,False,MEDIUM,8.0,True,RB,0 days 00:51:13.574000,2024-05-24 15:36:23.518,1,,False,,False,True,112.938,112.938
359,0 days 00:54:42.829000,TSU,22,0 days 00:01:36.317000,22.0,2.0,,,29.29,44.392,22.635,0 days 00:53:35.802000,0 days 00:54:20.194000,0 days 00:54:42.829000,163.0,168.0,261.0,194.0,False,MEDIUM,9.0,True,RB,0 days 00:53:06.512000,2024-05-24 15:38:16.456,1,,False,,False,True,96.317,96.31700000000001
360,0 days 00:55:55.691000,TSU,22,0 days 00:01:12.862000,23.0,2.0,,,19.082,34.389,19.391,0 days 00:55:01.911000,0 days 00:55:36.300000,0 days 00:55:55.691000,216.0,198.0,262.0,274.0,False,MEDIUM,10.0,True,RB,0 days 00:54:42.829000,2024-05-24 15:39:52.773,1,,False,,False,True,72.862,72.862
361,0 days 01:02:52.033000,TSU,22,,24.0,2.0,,0 days 00:57:12.264000,22.967,38.511,,0 days 00:56:18.930000,0 days 00:56:57.337000,,171.0,170.0,,250.0,False,MEDIUM,11.0,True,RB,0 days 00:55:55.691000,2024-05-24 15:41:05.635,1,,False,,False,False,,
362,0 days 01:04:14.527000,TSU,22,0 days 00:01:22.494000,25.0,3.0,0 days 01:02:52.760000,,25.24,36.568,20.686,0 days 01:03:17.273000,0 days 01:03:53.841000,0 days 01:04:14.527000,193.0,183.0,247.0,269.0,False,MEDIUM,12.0,False,RB,0 days 01:02:52.033000,2024-05-24 15:48:01.977,12,,False,,False,False,82.494,82.494
363,0 days 01:05:31.133000,TSU,22,0 days 00:01:16.606000,26.0,3.0,,,20.134,35.966,20.506,0 days 01:04:34.661000,0 days 01:05:10.627000,0 days 01:05:31.133000,198.0,188.0,248.0,268.0,False,MEDIUM,13.0,False,RB,0 days 01:04:14.527000,2024-05-24 15:49:24.471,1,,False,,False,True,76.606,76.606
364,0 days 01:06:47.735000,TSU,22,0 days 00:01:16.602000,27.0,3.0,,,20.071,35.912,20.619,0 days 01:05:51.204000,0 days 01:06:27.116000,0 days 01:06:47.735000,198.0,186.0,250.0,270.0,False,MEDIUM,14.0,False,RB,0 days 01:05:31.133000,2024-05-24 15:50:41.077,1,,False,,False,True,76.602,76.602
365,0 days 01:08:04.570000,TSU,22,0 days 00:01:16.835000,28.0,3.0,,,20.259,35.895,20.681,0 days 01:07:07.994000,0 days 01:07:43.889000,0 days 01:08:04.570000,205.0,187.0,250.0,272.0,False,MEDIUM,15.0,False,RB,0 days 01:06:47.735000,2024-05-24 15:51:57.679,1,,False,,False,True,76.835,76.83500000000001
366,0 days 01:09:20.895000,TSU,22,0 days 00:01:16.325000,29.0,3.0,,,20.077,35.796,20.452,0 days 01:08:24.647000,0 days 01:09:00.443000,0 days 01:09:20.895000,199.0,191.0,249.0,274.0,False,MEDIUM,16.0,False,RB,0 days 01:08:04.570000,2024-05-24 15:53:14.514,1,,False,,False,True,76.325,76.325
367,0 days 01:10:36.559000,TSU,22,0 days 00:01:15.664000,30.0,3.0,,,19.836,35.522,20.306,0 days 01:09:40.731000,0 days 01:10:16.253000,0 days 01:10:36.559000,204.0,191.0,253.0,275.0,False,MEDIUM,17.0,False,RB,0 days 01:09:20.895000,2024-05-24 15:54:30.839,1,,False,,False,True,75.664,75.664
368,0 days 01:11:52.428000,TSU,22,0 days 00:01:15.869000,31.0,3.0,,,19.842,35.51,20.517,0 days 01:10:56.401000,0 days 01:11:31.911000,0 days 01:11:52.428000,202.0,194.0,253.0,276.0,False,MEDIUM,18.0,False,RB,0 days 01:10:36.559000,2024-05-24 15:55:46.503,1,,False,,False,True,75.869,75.869
369,0 days 01:13:08.713000,TSU,22,0 days 00:01:16.285000,32.0,3.0,,,19.947,35.763,20.575,0 days 01:12:12.375000,0 days 01:12:48.138000,0 days 01:13:08.713000,202.0,190.0,250.0,274.0,False,MEDIUM,19.0,False,RB,0 days 01:11:52.428000,2024-05-24 15:57:02.372,1,,False,,False,True,76.285,76.285
370,0 days 01:14:25.213000,TSU,22,0 days 00:01:16.500000,33.0,3.0,,,20.046,35.927,20.527,0 days 01:13:28.759000,0 days 01:14:04.686000,0 days 01:14:25.213000,205.0,191.0,250.0,274.0,False,MEDIUM,20.0,False,RB,0 days 01:13:08.713000,2024-05-24 15:58:18.657,1,,False,,False,True,76.5,76.5
371,0 days 01:15:42.111000,TSU,22,0 days 00:01:16.898000,34.0,3.0,,,20.068,36.257,20.573,0 days 01:14:45.281000,0 days 01:15:21.538000,0 days 01:15:42.111000,204.0,190.0,250.0,276.0,False,MEDIUM,21.0,False,RB,0 days 01:14:25.213000,2024-05-24 15:59:35.157,1,,False,,False,True,76.898,76.898
372,0 days 01:18:07.229000,TSU,22,0 days 00:02:25.118000,35.0,3.0,,,22.827,46.232,76.059,0 days 01:16:04.938000,0 days 01:16:51.170000,0 days 01:18:07.229000,162.0,122.0,182.0,248.0,False,MEDIUM,22.0,False,RB,0 days 01:15:42.111000,2024-05-24 16:00:52.055,1,,False,,False,True,145.118,145.118
373,0 days 01:19:46.989000,TSU,22,,36.0,3.0,,0 days 01:19:46.989000,26.454,51.994,,0 days 01:18:33.831000,0 days 01:19:25.851000,,124.0,107.0,,174.0,False,MEDIUM,23.0,False,RB,0 days 01:18:07.229000,2024-05-24 16:03:17.173,1,,False,,False,False,,
374,0 days 00:18:51.554000,ALB,23,0 days 00:01:36.275000,1.0,1.0,0 days 00:17:16.028000,,29.448,40.402,26.425,0 days 00:17:44.905000,0 days 00:18:25.368000,0 days 00:18:51.662000,150.0,170.0,261.0,270.0,False,MEDIUM,1.0,True,Williams,0 days 00:17:16.028000,2024-05-24 15:02:25.972,1,,False,,False,False,96.275,96.27499999999999
375,0 days 00:20:18.045000,ALB,23,0 days 00:01:26.491000,2.0,1.0,,,20.452,38.922,27.117,0 days 00:19:12.006000,0 days 00:19:50.928000,0 days 00:20:18.045000,190.0,179.0,261.0,259.0,True,MEDIUM,2.0,True,Williams,0 days 00:18:51.554000,2024-05-24 15:04:01.498,1,,False,,False,True,86.491,86.491
376,0 days 00:21:32.852000,ALB,23,0 days 00:01:14.807000,3.0,1.0,,,19.771,35.263,19.773,0 days 00:20:37.816000,0 days 00:21:13.079000,0 days 00:21:32.852000,209.0,195.0,265.0,276.0,True,MEDIUM,3.0,True,Williams,0 days 00:20:18.045000,2024-05-24 15:05:27.989,1,,False,,False,True,74.807,74.807
377,0 days 00:23:14.122000,ALB,23,0 days 00:01:41.270000,4.0,1.0,,,28.129,42.441,30.7,0 days 00:22:00.981000,0 days 00:22:43.422000,0 days 00:23:14.122000,99.0,168.0,264.0,264.0,False,MEDIUM,4.0,True,Williams,0 days 00:21:32.852000,2024-05-24 15:06:42.796,1,,False,,False,True,101.27,101.27000000000001
378,0 days 00:24:28.178000,ALB,23,0 days 00:01:14.056000,5.0,1.0,,,19.425,35.018,19.613,0 days 00:23:33.547000,0 days 00:24:08.565000,0 days 00:24:28.178000,216.0,196.0,266.0,277.0,True,MEDIUM,5.0,True,Williams,0 days 00:23:14.122000,2024-05-24 15:08:24.066,1,,False,,False,True,74.056,74.056
379,0 days 00:26:08.074000,ALB,23,0 days 00:01:39.896000,6.0,1.0,,,31.908,41.493,26.495,0 days 00:25:00.086000,0 days 00:25:41.579000,0 days 00:26:08.074000,107.0,160.0,266.0,258.0,False,MEDIUM,6.0,True,Williams,0 days 00:24:28.178000,2024-05-24 15:09:38.122,1,,False,,False,True,99.896,99.89600000000002
380,0 days 00:27:21.975000,ALB,23,0 days 00:01:13.901000,7.0,1.0,,,19.316,35.109,19.476,0 days 00:26:27.390000,0 days 00:27:02.499000,0 days 00:27:21.975000,213.0,192.0,264.0,275.0,True,MEDIUM,7.0,True,Williams,0 days 00:26:08.074000,2024-05-24 15:11:18.018,1,,False,,False,True,73.901,73.901
381,0 days 00:28:56.812000,ALB,23,0 days 00:01:34.837000,8.0,1.0,,,23.054,42.362,29.421,0 days 00:27:45.029000,0 days 00:28:27.391000,0 days 00:28:56.812000,117.0,166.0,264.0,252.0,False,MEDIUM,8.0,True,Williams,0 days 00:27:21.975000,2024-05-24 15:12:31.919,1,,False,,False,True,94.837,94.83699999999999
382,0 days 00:30:10.604000,ALB,23,0 days 00:01:13.792000,9.0,1.0,,,19.41,34.822,19.56,0 days 00:29:16.222000,0 days 00:29:51.044000,0 days 00:30:10.604000,213.0,195.0,266.0,275.0,True,MEDIUM,9.0,True,Williams,0 days 00:28:56.812000,2024-05-24 15:14:06.756,1,,False,,False,True,73.792,73.792
383,0 days 00:31:48.500000,ALB,23,0 days 00:01:37.896000,10.0,1.0,,,23.425,45.709,28.762,0 days 00:30:34.029000,0 days 00:31:19.738000,0 days 00:31:48.500000,122.0,123.0,264.0,256.0,False,MEDIUM,10.0,True,Williams,0 days 00:30:10.604000,2024-05-24 15:15:20.548,1,,False,,False,True,97.896,97.896
384,0 days 00:33:01.963000,ALB,23,0 days 00:01:13.463000,11.0,1.0,,,19.173,34.834,19.456,0 days 00:32:07.673000,0 days 00:32:42.507000,0 days 00:33:01.963000,216.0,191.0,264.0,274.0,True,MEDIUM,11.0,True,Williams,0 days 00:31:48.500000,2024-05-24 15:16:58.444,1,,False,,False,True,73.463,73.46300000000001
385,0 days 00:35:00.812000,ALB,23,0 days 00:01:58.849000,12.0,1.0,,0 days 00:34:24.315000,23.932,43.114,51.803,0 days 00:33:25.895000,0 days 00:34:09.009000,0 days 00:35:00.812000,142.0,161.0,,249.0,False,MEDIUM,12.0,True,Williams,0 days 00:33:01.963000,2024-05-24 15:18:11.907,1,,False,,False,False,118.849,118.84899999999999
386,0 days 00:36:34.249000,ALB,23,0 days 00:01:33.437000,13.0,2.0,0 days 00:35:01.520000,,28.415,41.681,23.341,0 days 00:35:29.227000,0 days 00:36:10.908000,0 days 00:36:34.249000,161.0,149.0,265.0,267.0,False,SOFT,1.0,True,Williams,0 days 00:35:00.812000,2024-05-24 15:20:10.756,1,,False,,False,False,93.437,93.43700000000001
387,0 days 00:37:46.701000,ALB,23,0 days 00:01:12.452000,14.0,2.0,,,19.09,34.306,19.056,0 days 00:36:53.339000,0 days 00:37:27.645000,0 days 00:37:46.701000,218.0,199.0,265.0,272.0,True,SOFT,2.0,True,Williams,0 days 00:36:34.249000,2024-05-24 15:21:44.193,1,,False,,False,True,72.452,72.452
388,0 days 00:39:29.429000,ALB,23,0 days 00:01:42.728000,15.0,2.0,,,29.379,47.487,25.862,0 days 00:38:16.080000,0 days 00:39:03.567000,0 days 00:39:29.429000,136.0,167.0,266.0,218.0,False,SOFT,3.0,True,Williams,0 days 00:37:46.701000,2024-05-24 15:22:56.645,1,,False,,False,True,102.728,102.728
389,0 days 00:40:41.756000,ALB,23,0 days 00:01:12.327000,16.0,2.0,,,18.871,34.315,19.141,0 days 00:39:48.300000,0 days 00:40:22.615000,0 days 00:40:41.756000,218.0,199.0,264.0,273.0,True,SOFT,4.0,True,Williams,0 days 00:39:29.429000,2024-05-24 15:24:39.373,1,,False,,False,True,72.327,72.327
390,0 days 00:42:28.285000,ALB,23,0 days 00:01:46.529000,17.0,2.0,,,32.607,49.234,24.688,0 days 00:41:14.363000,0 days 00:42:03.597000,0 days 00:42:28.285000,94.0,164.0,264.0,178.0,False,SOFT,5.0,True,Williams,0 days 00:40:41.756000,2024-05-24 15:25:51.700,1,,False,,False,True,106.529,106.52900000000001
391,0 days 00:43:40.542000,ALB,23,0 days 00:01:12.257000,18.0,2.0,,,18.907,34.18,19.17,0 days 00:42:47.192000,0 days 00:43:21.372000,0 days 00:43:40.542000,219.0,199.0,267.0,279.0,True,SOFT,6.0,True,Williams,0 days 00:42:28.285000,2024-05-24 15:27:38.229,1,,False,,False,True,72.257,72.257
392,0 days 00:45:32.461000,ALB,23,0 days 00:01:51.919000,19.0,2.0,,,27.048,58.008,26.863,0 days 00:44:07.590000,0 days 00:45:05.598000,0 days 00:45:32.461000,71.0,104.0,264.0,227.0,False,SOFT,7.0,True,Williams,0 days 00:43:40.542000,2024-05-24 15:28:50.486,1,,False,,False,True,111.919,111.919
393,0 days 00:46:58.200000,ALB,23,0 days 00:01:25.739000,20.0,2.0,,,18.868,43.001,23.87,0 days 00:45:51.329000,0 days 00:46:34.330000,0 days 00:46:58.200000,218.0,143.0,266.0,202.0,False,SOFT,8.0,True,Williams,0 days 00:45:32.461000,2024-05-24 15:30:42.405,12,,False,,False,True,85.739,85.739
394,0 days 00:55:34.791000,ALB,23,,21.0,2.0,,0 days 00:48:08.839000,18.84,34.348,,0 days 00:47:17.320000,0 days 00:47:51.575000,,221.0,200.0,,278.0,False,SOFT,9.0,True,Williams,0 days 00:46:58.200000,2024-05-24 15:32:08.144,1,,False,,False,False,,
395,0 days 00:56:56.321000,ALB,23,0 days 00:01:21.530000,22.0,3.0,0 days 00:55:35.444000,,24.031,36.931,20.568,0 days 00:55:58.822000,0 days 00:56:35.753000,0 days 00:56:56.321000,179.0,185.0,253.0,270.0,False,SOFT,10.0,False,Williams,0 days 00:55:34.791000,2024-05-24 15:40:44.735,1,,False,,False,False,81.53,81.53
396,0 days 00:58:31.451000,ALB,23,0 days 00:01:35.130000,23.0,3.0,,0 days 00:58:06.827000,20.185,36.47,38.475,0 days 00:57:16.506000,0 days 00:57:52.976000,0 days 00:58:31.451000,195.0,185.0,,273.0,False,SOFT,11.0,False,Williams,0 days 00:56:56.321000,2024-05-24 15:42:06.265,1,,False,,False,False,95.13,95.13
397,0 days 00:59:53.259000,ALB,23,0 days 00:01:21.808000,24.0,4.0,0 days 00:58:32.206000,,24.165,37.028,20.615,0 days 00:58:55.616000,0 days 00:59:32.644000,0 days 00:59:53.259000,189.0,185.0,250.0,269.0,False,MEDIUM,13.0,False,Williams,0 days 00:58:31.451000,2024-05-24 15:43:41.395,1,,False,,False,False,81.808,81.80799999999999
398,0 days 01:01:09.175000,ALB,23,0 days 00:01:15.916000,25.0,4.0,,,19.888,35.822,20.206,0 days 01:00:13.147000,0 days 01:00:48.969000,0 days 01:01:09.175000,201.0,191.0,251.0,271.0,False,MEDIUM,14.0,False,Williams,0 days 00:59:53.259000,2024-05-24 15:45:03.203,1,,False,,False,True,75.916,75.91600000000001
399,0 days 01:02:24.553000,ALB,23,0 days 00:01:15.378000,26.0,4.0,,,19.687,35.585,20.106,0 days 01:01:28.862000,0 days 01:02:04.447000,0 days 01:02:24.553000,208.0,190.0,252.0,271.0,False,MEDIUM,15.0,False,Williams,0 days 01:01:09.175000,2024-05-24 15:46:19.119,1,,False,,False,True,75.378,75.37800000000001
400,0 days 01:03:40.410000,ALB,23,0 days 00:01:15.857000,27.0,4.0,,,19.915,35.767,20.175,0 days 01:02:44.468000,0 days 01:03:20.235000,0 days 01:03:40.410000,205.0,192.0,252.0,273.0,False,MEDIUM,16.0,False,Williams,0 days 01:02:24.553000,2024-05-24 15:47:34.497,12,,False,,False,True,75.857,75.857
401,0 days 01:04:55.966000,ALB,23,0 days 00:01:15.556000,28.0,4.0,,,19.795,35.736,20.025,0 days 01:04:00.205000,0 days 01:04:35.941000,0 days 01:04:55.966000,205.0,191.0,253.0,273.0,False,MEDIUM,17.0,False,Williams,0 days 01:03:40.410000,2024-05-24 15:48:50.354,1,,False,,False,True,75.556,75.556
402,0 days 01:06:11.629000,ALB,23,0 days 00:01:15.663000,29.0,4.0,,,19.736,35.806,20.121,0 days 01:05:15.702000,0 days 01:05:51.508000,0 days 01:06:11.629000,206.0,190.0,252.0,274.0,False,MEDIUM,18.0,False,Williams,0 days 01:04:55.966000,2024-05-24 15:50:05.910,1,,False,,False,True,75.663,75.663
403,0 days 01:07:27.849000,ALB,23,0 days 00:01:16.220000,30.0,4.0,,,19.742,36.134,20.344,0 days 01:06:31.371000,0 days 01:07:07.505000,0 days 01:07:27.849000,208.0,187.0,252.0,273.0,False,MEDIUM,19.0,False,Williams,0 days 01:06:11.629000,2024-05-24 15:51:21.573,1,,False,,False,True,76.22,76.22
404,0 days 01:08:44.413000,ALB,23,0 days 00:01:16.564000,31.0,4.0,,,19.912,36.225,20.427,0 days 01:07:47.761000,0 days 01:08:23.986000,0 days 01:08:44.413000,203.0,189.0,251.0,273.0,False,MEDIUM,20.0,False,Williams,0 days 01:07:27.849000,2024-05-24 15:52:37.793,1,,False,,False,True,76.564,76.564
405,0 days 01:10:00.984000,ALB,23,0 days 00:01:16.571000,32.0,4.0,,,19.936,36.237,20.398,0 days 01:09:04.349000,0 days 01:09:40.586000,0 days 01:10:00.984000,205.0,191.0,252.0,273.0,False,MEDIUM,21.0,False,Williams,0 days 01:08:44.413000,2024-05-24 15:53:54.357,1,,False,,False,True,76.571,76.571
406,0 days 01:11:19.077000,ALB,23,0 days 00:01:18.093000,33.0,4.0,,,20.085,36.777,21.231,0 days 01:10:21.069000,0 days 01:10:57.846000,0 days 01:11:19.077000,197.0,185.0,261.0,273.0,False,MEDIUM,22.0,False,Williams,0 days 01:10:00.984000,2024-05-24 15:55:10.928,1,,False,,False,True,78.093,78.093
407,0 days 01:12:36.696000,ALB,23,0 days 00:01:17.619000,34.0,4.0,,,20.281,36.857,20.481,0 days 01:11:39.358000,0 days 01:12:16.215000,0 days 01:12:36.696000,201.0,189.0,252.0,274.0,False,MEDIUM,23.0,False,Williams,0 days 01:11:19.077000,2024-05-24 15:56:29.021,1,,False,,False,True,77.619,77.619
408,0 days 01:13:54.665000,ALB,23,0 days 00:01:17.969000,35.0,4.0,,,20.355,36.932,20.682,0 days 01:12:57.051000,0 days 01:13:33.983000,0 days 01:13:54.665000,194.0,189.0,262.0,272.0,False,MEDIUM,24.0,False,Williams,0 days 01:12:36.696000,2024-05-24 15:57:46.640,1,,False,,False,True,77.969,77.96900000000001
409,0 days 01:15:12.793000,ALB,23,0 days 00:01:18.128000,36.0,4.0,,,20.501,37.034,20.593,0 days 01:14:15.166000,0 days 01:14:52.200000,0 days 01:15:12.793000,202.0,189.0,251.0,273.0,False,MEDIUM,25.0,False,Williams,0 days 01:13:54.665000,2024-05-24 15:59:04.609,1,,False,,False,True,78.128,78.128
410,0 days 01:17:23.691000,ALB,23,0 days 00:02:10.898000,37.0,4.0,,,31.888,51.416,47.594,0 days 01:15:44.681000,0 days 01:16:36.097000,0 days 01:17:23.691000,102.0,139.0,96.0,186.0,False,MEDIUM,26.0,False,Williams,0 days 01:15:12.793000,2024-05-24 16:00:22.737,1,,False,,False,True,130.898,130.898
411,0 days 01:18:53.638000,ALB,23,,38.0,4.0,,0 days 01:18:53.638000,28.243,45.84,,0 days 01:17:52.679000,0 days 01:18:38.050000,,121.0,153.0,,255.0,False,MEDIUM,27.0,False,Williams,0 days 01:17:23.691000,2024-05-24 16:02:33.635,1,,False,,False,False,,
412,0 days 00:18:48.269000,ZHO,24,0 days 00:02:01.908000,1.0,1.0,0 days 00:16:47.133000,,37.223,46.546,38.139,0 days 00:17:23.875000,0 days 00:18:10.325000,0 days 00:18:48.424000,128.0,159.0,259.0,237.0,False,MEDIUM,1.0,True,Kick Sauber,0 days 00:16:47.133000,2024-05-24 15:01:57.077,1,,False,,False,False,121.908,121.90800000000002
413,0 days 00:20:05.971000,ZHO,24,0 days 00:01:17.702000,2.0,1.0,,,20.797,36.225,20.68,0 days 00:19:09.066000,0 days 00:19:45.291000,0 days 00:20:05.971000,210.0,180.0,266.0,277.0,True,MEDIUM,2.0,True,Kick Sauber,0 days 00:18:48.269000,2024-05-24 15:03:58.213,1,,False,,False,True,77.702,77.702
414,0 days 00:21:46.510000,ZHO,24,0 days 00:01:40.539000,3.0,1.0,,,29.442,44.38,26.717,0 days 00:20:35.413000,0 days 00:21:19.793000,0 days 00:21:46.510000,166.0,158.0,264.0,250.0,False,MEDIUM,3.0,True,Kick Sauber,0 days 00:20:05.971000,2024-05-24 15:05:15.915,1,,False,,False,True,100.539,100.539
415,0 days 00:23:02.030000,ZHO,24,0 days 00:01:15.520000,4.0,1.0,,,19.975,35.165,20.38,0 days 00:22:06.485000,0 days 00:22:41.650000,0 days 00:23:02.030000,216.0,193.0,272.0,278.0,True,MEDIUM,4.0,True,Kick Sauber,0 days 00:21:46.510000,2024-05-24 15:06:56.454,1,,False,,False,True,75.52,75.52
416,0 days 00:24:50.231000,ZHO,24,0 days 00:01:48.201000,5.0,1.0,,,28.539,50.922,28.74,0 days 00:23:30.569000,0 days 00:24:21.491000,0 days 00:24:50.231000,123.0,131.0,263.0,245.0,False,MEDIUM,5.0,True,Kick Sauber,0 days 00:23:02.030000,2024-05-24 15:08:11.974,1,,False,,False,True,108.201,108.201
417,0 days 00:26:05.535000,ZHO,24,0 days 00:01:15.304000,6.0,1.0,,,19.958,35.475,19.871,0 days 00:25:10.189000,0 days 00:25:45.664000,0 days 00:26:05.535000,216.0,195.0,267.0,276.0,True,MEDIUM,6.0,True,Kick Sauber,0 days 00:24:50.231000,2024-05-24 15:10:00.175,1,,False,,False,True,75.304,75.304
418,0 days 00:27:44.079000,ZHO,24,0 days 00:01:38.544000,7.0,1.0,,,31.199,43.183,24.162,0 days 00:26:36.734000,0 days 00:27:19.917000,0 days 00:27:44.079000,154.0,145.0,264.0,247.0,False,MEDIUM,7.0,True,Kick Sauber,0 days 00:26:05.535000,2024-05-24 15:11:15.479,1,,False,,False,True,98.544,98.54400000000001
419,0 days 00:28:58.844000,ZHO,24,0 days 00:01:14.765000,8.0,1.0,,,19.757,35.059,19.949,0 days 00:28:03.836000,0 days 00:28:38.895000,0 days 00:28:58.844000,214.0,195.0,267.0,278.0,True,MEDIUM,8.0,True,Kick Sauber,0 days 00:27:44.079000,2024-05-24 15:12:54.023,1,,False,,False,True,74.765,74.765
420,0 days 00:30:38.339000,ZHO,24,0 days 00:01:39.495000,9.0,1.0,,,26.817,47.94,24.738,0 days 00:29:25.661000,0 days 00:30:13.601000,0 days 00:30:38.339000,164.0,59.0,265.0,247.0,False,MEDIUM,9.0,True,Kick Sauber,0 days 00:28:58.844000,2024-05-24 15:14:08.788,1,,False,,False,True,99.495,99.495
421,0 days 00:31:52.535000,ZHO,24,0 days 00:01:14.196000,10.0,1.0,,,19.591,34.785,19.82,0 days 00:30:57.930000,0 days 00:31:32.715000,0 days 00:31:52.535000,214.0,197.0,270.0,276.0,True,MEDIUM,10.0,True,Kick Sauber,0 days 00:30:38.339000,2024-05-24 15:15:48.283,1,,False,,False,True,74.196,74.196
422,0 days 00:33:35.373000,ZHO,24,0 days 00:01:42.838000,11.0,1.0,,,28.774,47.863,26.201,0 days 00:32:21.309000,0 days 00:33:09.172000,0 days 00:33:35.373000,120.0,126.0,264.0,241.0,False,MEDIUM,11.0,True,Kick Sauber,0 days 00:31:52.535000,2024-05-24 15:17:02.479,1,,False,,False,True,102.838,102.838
423,0 days 00:34:49.700000,ZHO,24,0 days 00:01:14.327000,12.0,1.0,,,19.587,34.996,19.744,0 days 00:33:54.960000,0 days 00:34:29.956000,0 days 00:34:49.700000,213.0,194.0,264.0,275.0,False,MEDIUM,12.0,True,Kick Sauber,0 days 00:33:35.373000,2024-05-24 15:18:45.317,1,,False,,False,True,74.327,74.327
424,0 days 00:36:27.449000,ZHO,24,0 days 00:01:37.749000,13.0,1.0,,,25.548,48.234,23.967,0 days 00:35:15.248000,0 days 00:36:03.482000,0 days 00:36:27.449000,138.0,161.0,265.0,240.0,False,MEDIUM,13.0,True,Kick Sauber,0 days 00:34:49.700000,2024-05-24 15:19:59.644,1,,False,,False,True,97.749,97.749
425,0 days 00:37:41.222000,ZHO,24,0 days 00:01:13.773000,14.0,1.0,,,19.46,34.755,19.558,0 days 00:36:46.909000,0 days 00:37:21.664000,0 days 00:37:41.222000,218.0,198.0,264.0,272.0,True,MEDIUM,14.0,True,Kick Sauber,0 days 00:36:27.449000,2024-05-24 15:21:37.393,1,,False,,False,True,73.773,73.773
426,0 days 00:48:21.621000,ZHO,24,,15.0,1.0,,0 days 00:39:01.867000,22.671,40.637,,0 days 00:38:04.161000,0 days 00:38:44.942000,,175.0,152.0,,245.0,False,MEDIUM,15.0,True,Kick Sauber,0 days 00:37:41.222000,2024-05-24 15:22:51.166,12,,False,,False,False,,
427,0 days 00:50:02.781000,ZHO,24,0 days 00:01:41.160000,16.0,2.0,0 days 00:48:22.252000,,29.946,45.409,25.805,0 days 00:48:51.567000,0 days 00:49:36.976000,0 days 00:50:02.781000,140.0,164.0,247.0,256.0,False,MEDIUM,1.0,True,Kick Sauber,0 days 00:48:21.621000,2024-05-24 15:33:31.565,1,,False,,False,False,101.16,101.16
428,0 days 00:51:31.863000,ZHO,24,0 days 00:01:29.082000,17.0,2.0,,,22.773,40.608,25.701,0 days 00:50:25.554000,0 days 00:51:06.162000,0 days 00:51:31.863000,164.0,154.0,263.0,260.0,False,MEDIUM,2.0,True,Kick Sauber,0 days 00:50:02.781000,2024-05-24 15:35:12.725,1,,False,,False,True,89.082,89.082
429,0 days 00:52:46.381000,ZHO,24,0 days 00:01:14.518000,18.0,2.0,,,19.577,34.977,19.964,0 days 00:51:51.440000,0 days 00:52:26.417000,0 days 00:52:46.381000,218.0,197.0,265.0,276.0,False,MEDIUM,3.0,True,Kick Sauber,0 days 00:51:31.863000,2024-05-24 15:36:41.807,1,,False,,False,True,74.518,74.518
430,0 days 00:54:45.339000,ZHO,24,0 days 00:01:58.958000,19.0,2.0,,0 days 00:54:13.961000,27.182,42.93,48.846,0 days 00:53:13.563000,0 days 00:53:56.493000,0 days 00:54:45.339000,172.0,154.0,,195.0,False,MEDIUM,4.0,True,Kick Sauber,0 days 00:52:46.381000,2024-05-24 15:37:56.325,1,,False,,False,False,118.958,118.958
431,0 days 00:56:31.429000,ZHO,24,0 days 00:01:46.090000,20.0,3.0,0 days 00:54:46.003000,,27.111,46.75,32.229,0 days 00:55:12.450000,0 days 00:55:59.200000,0 days 00:56:31.429000,179.0,82.0,263.0,117.0,False,MEDIUM,5.0,False,Kick Sauber,0 days 00:54:45.339000,2024-05-24 15:39:55.283,1,,False,,False,False,106.09,106.09
432,0 days 00:57:45.861000,ZHO,24,0 days 00:01:14.432000,21.0,3.0,,,19.72,35.012,19.7,0 days 00:56:51.149000,0 days 00:57:26.161000,0 days 00:57:45.861000,215.0,193.0,265.0,275.0,False,MEDIUM,6.0,False,Kick Sauber,0 days 00:56:31.429000,2024-05-24 15:41:41.373,1,,False,,False,True,74.432,74.432
433,0 days 00:59:16.885000,ZHO,24,0 days 00:01:31.024000,22.0,3.0,,,22.614,41.333,27.077,0 days 00:58:08.475000,0 days 00:58:49.808000,0 days 00:59:16.885000,179.0,148.0,263.0,249.0,False,MEDIUM,7.0,False,Kick Sauber,0 days 00:57:45.861000,2024-05-24 15:42:55.805,1,,False,,False,True,91.024,91.024
434,0 days 01:00:31.109000,ZHO,24,0 days 00:01:14.224000,23.0,3.0,,,19.57,34.925,19.729,0 days 00:59:36.455000,0 days 01:00:11.380000,0 days 01:00:31.109000,214.0,193.0,265.0,275.0,False,MEDIUM,8.0,False,Kick Sauber,0 days 00:59:16.885000,2024-05-24 15:44:26.829,1,,False,,False,True,74.224,74.22399999999999
435,0 days 01:07:24.813000,ZHO,24,,24.0,3.0,,0 days 01:01:57.015000,22.795,45.511,,0 days 01:00:54.056000,0 days 01:01:39.548000,,169.0,155.0,,241.0,False,MEDIUM,9.0,False,Kick Sauber,0 days 01:00:31.109000,2024-05-24 15:45:41.053,12,,False,,False,False,,
436,0 days 01:08:55.037000,ZHO,24,0 days 00:01:30.224000,25.0,4.0,0 days 01:07:25.605000,,28.982,39.459,21.783,0 days 01:07:53.795000,0 days 01:08:33.254000,0 days 01:08:55.037000,167.0,180.0,249.0,268.0,False,MEDIUM,16.0,False,Kick Sauber,0 days 01:07:24.813000,2024-05-24 15:52:34.757,1,,False,,False,False,90.224,90.224
437,0 days 01:10:11.925000,ZHO,24,0 days 00:01:16.888000,26.0,4.0,,,20.467,35.851,20.57,0 days 01:09:15.504000,0 days 01:09:51.355000,0 days 01:10:11.925000,206.0,188.0,252.0,271.0,False,MEDIUM,17.0,False,Kick Sauber,0 days 01:08:55.037000,2024-05-24 15:54:04.981,1,,False,,False,True,76.888,76.888
438,0 days 01:11:28.380000,ZHO,24,0 days 00:01:16.455000,27.0,4.0,,,20.361,35.743,20.351,0 days 01:10:32.286000,0 days 01:11:08.029000,0 days 01:11:28.380000,204.0,189.0,252.0,269.0,False,MEDIUM,18.0,False,Kick Sauber,0 days 01:10:11.925000,2024-05-24 15:55:21.869,1,,False,,False,True,76.455,76.455
439,0 days 01:12:44.631000,ZHO,24,0 days 00:01:16.251000,28.0,4.0,,,20.237,35.788,20.226,0 days 01:11:48.617000,0 days 01:12:24.405000,0 days 01:12:44.631000,210.0,190.0,252.0,271.0,False,MEDIUM,19.0,False,Kick Sauber,0 days 01:11:28.380000,2024-05-24 15:56:38.324,1,,False,,False,True,76.251,76.25099999999999
440,0 days 01:14:01.643000,ZHO,24,0 days 00:01:17.012000,29.0,4.0,,,20.463,36.045,20.504,0 days 01:13:05.094000,0 days 01:13:41.139000,0 days 01:14:01.643000,201.0,188.0,254.0,275.0,False,MEDIUM,20.0,False,Kick Sauber,0 days 01:12:44.631000,2024-05-24 15:57:54.575,1,,False,,False,True,77.012,77.012
441,0 days 01:15:19.280000,ZHO,24,0 days 00:01:17.637000,30.0,4.0,,,20.614,36.286,20.737,0 days 01:14:22.257000,0 days 01:14:58.543000,0 days 01:15:19.280000,205.0,186.0,255.0,278.0,False,MEDIUM,21.0,False,Kick Sauber,0 days 01:14:01.643000,2024-05-24 15:59:11.587,1,,False,,False,True,77.637,77.637
442,0 days 01:17:34.958000,ZHO,24,0 days 00:02:15.678000,31.0,4.0,,,27.242,50.845,57.591,0 days 01:15:46.522000,0 days 01:16:37.367000,0 days 01:17:34.958000,124.0,136.0,8.0,179.0,False,MEDIUM,22.0,False,Kick Sauber,0 days 01:15:19.280000,2024-05-24 16:00:29.224,1,,False,,False,True,135.678,135.678
443,0 days 01:18:56.873000,ZHO,24,,32.0,4.0,,0 days 01:18:56.873000,23.7,41.533,,0 days 01:17:58.845000,0 days 01:18:40.370000,,186.0,148.0,,226.0,False,MEDIUM,23.0,False,Kick Sauber,0 days 01:17:34.958000,2024-05-24 16:02:44.902,1,,False,,False,False,,
444,0 days 00:16:55.343000,HUL,27,0 days 00:01:38.349000,1.0,1.0,0 days 00:15:18.102000,,30.963,43.928,23.458,0 days 00:15:48.274000,0 days 00:16:32.088000,0 days 00:16:55.472000,169.0,160.0,257.0,257.0,False,MEDIUM,1.0,True,Haas F1 Team,0 days 00:15:18.102000,2024-05-24 15:00:28.046,1,,False,,False,False,98.349,98.34899999999999
445,0 days 00:18:19.869000,HUL,27,0 days 00:01:24.526000,2.0,1.0,,,21.612,37.634,25.28,0 days 00:17:16.955000,0 days 00:17:54.589000,0 days 00:18:19.869000,190.0,176.0,262.0,278.0,True,MEDIUM,2.0,True,Haas F1 Team,0 days 00:16:55.343000,2024-05-24 15:02:05.287,1,,False,,False,True,84.526,84.526
446,0 days 00:19:34.684000,HUL,27,0 days 00:01:14.815000,3.0,1.0,,,19.861,35.127,19.827,0 days 00:18:39.730000,0 days 00:19:14.857000,0 days 00:19:34.684000,209.0,191.0,267.0,280.0,True,MEDIUM,3.0,True,Haas F1 Team,0 days 00:18:19.869000,2024-05-24 15:03:29.813,1,,False,,False,True,74.815,74.815
447,0 days 00:21:29.705000,HUL,27,0 days 00:01:55.021000,4.0,1.0,,,33.24,56.284,25.497,0 days 00:20:07.924000,0 days 00:21:04.208000,0 days 00:21:29.705000,109.0,82.0,264.0,165.0,False,MEDIUM,4.0,True,Haas F1 Team,0 days 00:19:34.684000,2024-05-24 15:04:44.628,1,,False,,False,True,115.021,115.021
448,0 days 00:22:43.931000,HUL,27,0 days 00:01:14.226000,5.0,1.0,,,19.781,34.83,19.615,0 days 00:21:49.486000,0 days 00:22:24.316000,0 days 00:22:43.931000,211.0,192.0,268.0,278.0,True,MEDIUM,5.0,True,Haas F1 Team,0 days 00:21:29.705000,2024-05-24 15:06:39.649,1,,False,,False,True,74.226,74.226
449,0 days 00:24:36.377000,HUL,27,0 days 00:01:52.446000,6.0,1.0,,,29.281,57.159,26.006,0 days 00:23:13.212000,0 days 00:24:10.371000,0 days 00:24:36.377000,107.0,164.0,265.0,224.0,False,MEDIUM,6.0,True,Haas F1 Team,0 days 00:22:43.931000,2024-05-24 15:07:53.875,1,,False,,False,True,112.446,112.446
450,0 days 00:25:50.019000,HUL,27,0 days 00:01:13.642000,7.0,1.0,,,19.536,34.55,19.556,0 days 00:24:55.913000,0 days 00:25:30.463000,0 days 00:25:50.019000,215.0,195.0,266.0,278.0,True,MEDIUM,7.0,True,Haas F1 Team,0 days 00:24:36.377000,2024-05-24 15:09:46.321,1,,False,,False,True,73.642,73.642
451,0 days 00:38:21.267000,HUL,27,,8.0,1.0,,0 days 00:27:22.552000,29.525,45.043,,0 days 00:26:19.902000,0 days 00:27:04.867000,,100.0,175.0,,250.0,False,MEDIUM,8.0,True,Haas F1 Team,0 days 00:25:50.019000,2024-05-24 15:10:59.963,1,,False,,False,False,,
452,0 days 00:39:53.456000,HUL,27,0 days 00:01:32.189000,9.0,2.0,0 days 00:38:21.980000,,26.214,42.683,23.292,0 days 00:38:47.481000,0 days 00:39:30.164000,0 days 00:39:53.456000,171.0,166.0,269.0,257.0,False,SOFT,1.0,True,Haas F1 Team,0 days 00:38:21.267000,2024-05-24 15:23:31.211,1,,False,,False,False,92.189,92.189
453,0 days 00:41:28.259000,HUL,27,0 days 00:01:34.803000,10.0,2.0,,,23.578,45.607,25.618,0 days 00:40:17.034000,0 days 00:41:02.641000,0 days 00:41:28.259000,107.0,145.0,269.0,260.0,False,SOFT,2.0,True,Haas F1 Team,0 days 00:39:53.456000,2024-05-24 15:25:03.400,1,,False,,False,True,94.803,94.803
454,0 days 00:42:41.030000,HUL,27,0 days 00:01:12.771000,11.0,2.0,,,19.272,34.306,19.193,0 days 00:41:47.531000,0 days 00:42:21.837000,0 days 00:42:41.030000,217.0,199.0,269.0,281.0,True,SOFT,3.0,True,Haas F1 Team,0 days 00:41:28.259000,2024-05-24 15:26:38.203,1,,False,,False,True,72.771,72.771
455,0 days 00:44:27.495000,HUL,27,0 days 00:01:46.465000,12.0,2.0,,,27.876,53.932,24.657,0 days 00:43:08.906000,0 days 00:44:02.838000,0 days 00:44:27.495000,77.0,151.0,223.0,236.0,False,SOFT,4.0,True,Haas F1 Team,0 days 00:42:41.030000,2024-05-24 15:27:50.974,1,,False,,False,True,106.465,106.465
456,0 days 00:46:06.685000,HUL,27,0 days 00:01:39.190000,13.0,2.0,,,28.108,45.801,25.281,0 days 00:44:55.603000,0 days 00:45:41.404000,0 days 00:46:06.685000,141.0,148.0,221.0,245.0,False,SOFT,5.0,True,Haas F1 Team,0 days 00:44:27.495000,2024-05-24 15:29:37.439,12,,False,,False,True,99.19,99.19
457,0 days 00:47:35.051000,HUL,27,0 days 00:01:28.366000,14.0,2.0,,,23.498,38.797,26.071,0 days 00:46:30.183000,0 days 00:47:08.980000,0 days 00:47:35.051000,175.0,176.0,269.0,273.0,False,SOFT,6.0,True,Haas F1 Team,0 days 00:46:06.685000,2024-05-24 15:31:16.629,1,,False,,False,True,88.366,88.366
458,0 days 00:48:47.620000,HUL,27,0 days 00:01:12.569000,15.0,2.0,,,19.051,34.251,19.267,0 days 00:47:54.102000,0 days 00:48:28.353000,0 days 00:48:47.620000,217.0,199.0,270.0,282.0,True,SOFT,7.0,True,Haas F1 Team,0 days 00:47:35.051000,2024-05-24 15:32:44.995,1,,False,,False,True,72.569,72.56899999999999
459,0 days 00:50:31.829000,HUL,27,0 days 00:01:44.209000,16.0,2.0,,,29.166,46.872,28.171,0 days 00:49:16.786000,0 days 00:50:03.658000,0 days 00:50:31.829000,100.0,125.0,264.0,195.0,False,SOFT,8.0,True,Haas F1 Team,0 days 00:48:47.620000,2024-05-24 15:33:57.564,1,,False,,False,True,104.209,104.209
460,0 days 00:52:00.762000,HUL,27,0 days 00:01:28.933000,17.0,2.0,,,22.419,44.77,21.744,0 days 00:50:54.248000,0 days 00:51:39.018000,0 days 00:52:00.762000,170.0,170.0,264.0,257.0,False,SOFT,9.0,True,Haas F1 Team,0 days 00:50:31.829000,2024-05-24 15:35:41.773,1,,False,,False,True,88.933,88.933
461,0 days 00:53:13.669000,HUL,27,0 days 00:01:12.907000,18.0,2.0,,,19.269,34.278,19.36,0 days 00:52:20.031000,0 days 00:52:54.309000,0 days 00:53:13.669000,218.0,197.0,268.0,278.0,False,SOFT,10.0,True,Haas F1 Team,0 days 00:52:00.762000,2024-05-24 15:37:10.706,1,,False,,False,True,72.907,72.907
462,0 days 00:58:53.164000,HUL,27,,19.0,2.0,,0 days 00:54:37.621000,23.988,44.066,,0 days 00:53:37.873000,0 days 00:54:21.844000,,86.0,158.0,,246.0,False,SOFT,11.0,True,Haas F1 Team,0 days 00:53:13.669000,2024-05-24 15:38:23.613,1,,False,,False,False,,
463,0 days 01:00:17.941000,HUL,27,0 days 00:01:24.777000,20.0,3.0,0 days 00:58:53.872000,,23.871,39.899,21.007,0 days 00:59:17.035000,0 days 00:59:56.934000,0 days 01:00:17.941000,180.0,182.0,250.0,271.0,False,MEDIUM,9.0,False,Haas F1 Team,0 days 00:58:53.164000,2024-05-24 15:44:03.108,1,,False,,False,False,84.777,84.777
464,0 days 01:01:34.649000,HUL,27,0 days 00:01:16.708000,21.0,3.0,,,20.615,35.781,20.312,0 days 01:00:38.556000,0 days 01:01:14.337000,0 days 01:01:34.649000,204.0,189.0,251.0,270.0,False,MEDIUM,10.0,False,Haas F1 Team,0 days 01:00:17.941000,2024-05-24 15:45:27.885,1,,False,,False,True,76.708,76.708
465,0 days 01:02:50.733000,HUL,27,0 days 00:01:16.084000,22.0,3.0,,,20.292,35.53,20.262,0 days 01:01:54.941000,0 days 01:02:30.471000,0 days 01:02:50.733000,206.0,190.0,252.0,271.0,False,MEDIUM,11.0,False,Haas F1 Team,0 days 01:01:34.649000,2024-05-24 15:46:44.593,1,,False,,False,True,76.084,76.084
466,0 days 01:04:06.146000,HUL,27,0 days 00:01:15.413000,23.0,3.0,,,19.893,35.349,20.171,0 days 01:03:10.626000,0 days 01:03:45.975000,0 days 01:04:06.146000,208.0,188.0,253.0,273.0,False,MEDIUM,12.0,False,Haas F1 Team,0 days 01:02:50.733000,2024-05-24 15:48:00.677,12,,False,,False,True,75.413,75.413
467,0 days 01:05:22.287000,HUL,27,0 days 00:01:16.141000,24.0,3.0,,,20.187,35.542,20.412,0 days 01:04:26.333000,0 days 01:05:01.875000,0 days 01:05:22.287000,206.0,184.0,253.0,273.0,False,MEDIUM,13.0,False,Haas F1 Team,0 days 01:04:06.146000,2024-05-24 15:49:16.090,1,,False,,False,True,76.141,76.14099999999999
468,0 days 01:06:38.264000,HUL,27,0 days 00:01:15.977000,25.0,3.0,,,19.991,35.57,20.416,0 days 01:05:42.278000,0 days 01:06:17.848000,0 days 01:06:38.264000,207.0,190.0,256.0,275.0,False,MEDIUM,14.0,False,Haas F1 Team,0 days 01:05:22.287000,2024-05-24 15:50:32.231,1,,False,,False,True,75.977,75.977
469,0 days 01:07:55.341000,HUL,27,0 days 00:01:17.077000,26.0,3.0,,,20.338,36.092,20.647,0 days 01:06:58.602000,0 days 01:07:34.694000,0 days 01:07:55.341000,202.0,190.0,253.0,275.0,False,MEDIUM,15.0,False,Haas F1 Team,0 days 01:06:38.264000,2024-05-24 15:51:48.208,1,,False,,False,True,77.077,77.077
470,0 days 01:09:12.686000,HUL,27,0 days 00:01:17.345000,27.0,3.0,,,20.267,36.3,20.778,0 days 01:08:15.608000,0 days 01:08:51.908000,0 days 01:09:12.686000,201.0,184.0,253.0,276.0,False,MEDIUM,16.0,False,Haas F1 Team,0 days 01:07:55.341000,2024-05-24 15:53:05.285,1,,False,,False,True,77.345,77.345
471,0 days 01:10:29.555000,HUL,27,0 days 00:01:16.869000,28.0,3.0,,,20.366,35.816,20.687,0 days 01:09:33.052000,0 days 01:10:08.868000,0 days 01:10:29.555000,204.0,187.0,253.0,274.0,False,MEDIUM,17.0,False,Haas F1 Team,0 days 01:09:12.686000,2024-05-24 15:54:22.630,1,,False,,False,True,76.869,76.869
472,0 days 01:11:46.972000,HUL,27,0 days 00:01:17.417000,29.0,3.0,,,20.378,36.409,20.63,0 days 01:10:49.933000,0 days 01:11:26.342000,0 days 01:11:46.972000,202.0,189.0,254.0,276.0,False,MEDIUM,18.0,False,Haas F1 Team,0 days 01:10:29.555000,2024-05-24 15:55:39.499,1,,False,,False,True,77.417,77.417
473,0 days 01:13:22.763000,HUL,27,0 days 00:01:35.791000,30.0,3.0,,0 days 01:12:59.197000,20.792,37.056,37.943,0 days 01:12:07.764000,0 days 01:12:44.820000,0 days 01:13:22.763000,199.0,181.0,,273.0,False,MEDIUM,19.0,False,Haas F1 Team,0 days 01:11:46.972000,2024-05-24 15:56:56.916,1,,False,,False,False,95.791,95.791
474,0 days 01:14:41.793000,HUL,27,0 days 00:01:19.030000,31.0,4.0,0 days 01:13:23.508000,,22.52,36.108,20.402,0 days 01:13:45.283000,0 days 01:14:21.391000,0 days 01:14:41.793000,194.0,191.0,252.0,272.0,False,SOFT,12.0,False,Haas F1 Team,0 days 01:13:22.763000,2024-05-24 15:58:32.707,1,,False,,False,False,79.03,79.03
475,0 days 01:15:56.624000,HUL,27,0 days 00:01:14.831000,32.0,4.0,,,19.809,35.061,19.961,0 days 01:15:01.602000,0 days 01:15:36.663000,0 days 01:15:56.624000,210.0,193.0,253.0,274.0,False,SOFT,13.0,False,Haas F1 Team,0 days 01:14:41.793000,2024-05-24 15:59:51.737,1,,False,,False,True,74.831,74.831
476,0 days 01:18:08.394000,HUL,27,0 days 00:02:11.770000,33.0,4.0,,,26.286,45.988,59.496,0 days 01:16:22.910000,0 days 01:17:08.898000,0 days 01:18:08.394000,113.0,106.0,10.0,253.0,False,SOFT,14.0,False,Haas F1 Team,0 days 01:15:56.624000,2024-05-24 16:01:06.568,1,,False,,False,True,131.77,131.77
477,0 days 01:19:38.313000,HUL,27,,34.0,4.0,,0 days 01:19:38.313000,25.45,44.222,,0 days 01:18:34.066000,0 days 01:19:18.241000,,174.0,104.0,,249.0,False,SOFT,15.0,False,Haas F1 Team,0 days 01:18:08.394000,2024-05-24 16:03:18.338,1,,False,,False,False,,
478,0 days 00:17:40.932000,OCO,31,0 days 00:01:36.378000,1.0,1.0,0 days 00:16:05.654000,,31.675,41.883,22.82,0 days 00:16:36.466000,0 days 00:17:19.025000,0 days 00:17:41.070000,151.0,165.0,240.0,246.0,False,MEDIUM,1.0,True,Alpine,0 days 00:16:05.654000,2024-05-24 15:01:15.598,1,,False,,False,False,96.378,96.37800000000001
479,0 days 00:19:09.951000,OCO,31,0 days 00:01:29.019000,2.0,1.0,,,22.768,42.416,23.835,0 days 00:18:03.700000,0 days 00:18:46.116000,0 days 00:19:09.951000,156.0,158.0,260.0,257.0,True,MEDIUM,2.0,True,Alpine,0 days 00:17:40.932000,2024-05-24 15:02:50.876,1,,False,,False,True,89.019,89.019
480,0 days 00:20:27.070000,OCO,31,0 days 00:01:17.119000,3.0,1.0,,,20.456,36.281,20.382,0 days 00:19:30.407000,0 days 00:20:06.688000,0 days 00:20:27.070000,191.0,187.0,262.0,274.0,True,MEDIUM,3.0,True,Alpine,0 days 00:19:09.951000,2024-05-24 15:04:19.895,1,,False,,False,True,77.119,77.119
481,0 days 00:21:41.654000,OCO,31,0 days 00:01:14.584000,4.0,1.0,,,19.621,35.062,19.901,0 days 00:20:46.691000,0 days 00:21:21.753000,0 days 00:21:41.654000,204.0,186.0,263.0,276.0,True,MEDIUM,4.0,True,Alpine,0 days 00:20:27.070000,2024-05-24 15:05:37.014,1,,False,,False,True,74.584,74.58399999999999
482,0 days 00:22:55.803000,OCO,31,0 days 00:01:14.149000,5.0,1.0,,,19.47,34.976,19.703,0 days 00:22:01.124000,0 days 00:22:36.100000,0 days 00:22:55.803000,210.0,194.0,263.0,278.0,True,MEDIUM,5.0,True,Alpine,0 days 00:21:41.654000,2024-05-24 15:06:51.598,1,,False,,False,True,74.149,74.149
483,0 days 00:24:09.665000,OCO,31,0 days 00:01:13.862000,6.0,1.0,,,19.472,34.8,19.59,0 days 00:23:15.275000,0 days 00:23:50.075000,0 days 00:24:09.665000,209.0,195.0,266.0,276.0,True,MEDIUM,6.0,True,Alpine,0 days 00:22:55.803000,2024-05-24 15:08:05.747,1,,False,,False,True,73.862,73.862
484,0 days 00:25:44.985000,OCO,31,0 days 00:01:35.320000,7.0,1.0,,,25.97,45.243,24.107,0 days 00:24:35.635000,0 days 00:25:20.878000,0 days 00:25:44.985000,85.0,64.0,264.0,245.0,False,MEDIUM,7.0,True,Alpine,0 days 00:24:09.665000,2024-05-24 15:09:19.609,1,,False,,False,True,95.32,95.32
485,0 days 00:26:59.750000,OCO,31,0 days 00:01:14.765000,8.0,1.0,,,19.536,35.214,20.015,0 days 00:26:04.521000,0 days 00:26:39.735000,0 days 00:26:59.750000,209.0,193.0,263.0,276.0,False,MEDIUM,8.0,True,Alpine,0 days 00:25:44.985000,2024-05-24 15:10:54.929,1,,False,,False,True,74.765,74.765
486,0 days 00:28:13.437000,OCO,31,0 days 00:01:13.687000,9.0,1.0,,,19.293,34.75,19.644,0 days 00:27:19.043000,0 days 00:27:53.793000,0 days 00:28:13.437000,212.0,197.0,263.0,276.0,True,MEDIUM,9.0,True,Alpine,0 days 00:26:59.750000,2024-05-24 15:12:09.694,1,,False,,False,True,73.687,73.687
487,0 days 00:29:27.004000,OCO,31,0 days 00:01:13.567000,10.0,1.0,,,19.263,34.751,19.553,0 days 00:28:32.700000,0 days 00:29:07.451000,0 days 00:29:27.004000,211.0,194.0,264.0,278.0,True,MEDIUM,10.0,True,Alpine,0 days 00:28:13.437000,2024-05-24 15:13:23.381,1,,False,,False,True,73.567,73.567
488,0 days 00:41:32.383000,OCO,31,,11.0,1.0,,0 days 00:30:54.560000,23.76,45.447,,0 days 00:29:51.125000,0 days 00:30:36.432000,,111.0,145.0,,198.0,False,MEDIUM,11.0,True,Alpine,0 days 00:29:27.004000,2024-05-24 15:14:36.948,1,,False,,False,False,,
489,0 days 00:43:07.136000,OCO,31,0 days 00:01:34.753000,12.0,2.0,0 days 00:41:33.257000,,28.175,39.745,26.833,0 days 00:42:00.558000,0 days 00:42:40.303000,0 days 00:43:07.136000,141.0,166.0,244.0,274.0,False,SOFT,1.0,True,Alpine,0 days 00:41:32.383000,2024-05-24 15:26:42.327,1,,False,,False,False,94.753,94.753
490,0 days 00:44:31.551000,OCO,31,0 days 00:01:24.415000,13.0,2.0,,,21.32,41.128,21.967,0 days 00:43:28.456000,0 days 00:44:09.584000,0 days 00:44:31.551000,179.0,177.0,263.0,258.0,False,SOFT,2.0,True,Alpine,0 days 00:43:07.136000,2024-05-24 15:28:17.080,1,,False,,False,True,84.415,84.41499999999999
491,0 days 00:45:44.720000,OCO,31,0 days 00:01:13.169000,14.0,2.0,,,19.146,34.388,19.635,0 days 00:44:50.697000,0 days 00:45:25.085000,0 days 00:45:44.720000,211.0,198.0,264.0,277.0,True,SOFT,3.0,True,Alpine,0 days 00:44:31.551000,2024-05-24 15:29:41.495,1,,False,,False,True,73.169,73.169
492,0 days 00:47:25.026000,OCO,31,0 days 00:01:40.306000,15.0,2.0,,,24.908,41.013,34.385,0 days 00:46:09.628000,0 days 00:46:50.641000,0 days 00:47:25.026000,156.0,167.0,264.0,260.0,False,SOFT,4.0,True,Alpine,0 days 00:45:44.720000,2024-05-24 15:30:54.664,12,,False,,False,True,100.306,100.30599999999998
493,0 days 00:48:37.856000,OCO,31,0 days 00:01:12.830000,16.0,2.0,,,19.197,34.376,19.257,0 days 00:47:44.223000,0 days 00:48:18.599000,0 days 00:48:37.856000,210.0,196.0,264.0,276.0,True,SOFT,5.0,True,Alpine,0 days 00:47:25.026000,2024-05-24 15:32:34.970,1,,False,,False,True,72.83,72.83
494,0 days 00:50:20.637000,OCO,31,0 days 00:01:42.781000,17.0,2.0,,,27.017,48.124,27.64,0 days 00:49:04.873000,0 days 00:49:52.997000,0 days 00:50:20.637000,122.0,151.0,263.0,209.0,False,SOFT,6.0,True,Alpine,0 days 00:48:37.856000,2024-05-24 15:33:47.800,1,,False,,False,True,102.781,102.781
495,0 days 00:51:33.526000,OCO,31,0 days 00:01:12.889000,18.0,2.0,,,19.248,34.326,19.315,0 days 00:50:39.885000,0 days 00:51:14.211000,0 days 00:51:33.526000,213.0,190.0,263.0,276.0,False,SOFT,7.0,True,Alpine,0 days 00:50:20.637000,2024-05-24 15:35:30.581,1,,False,,False,True,72.889,72.889
496,0 days 00:53:19.205000,OCO,31,0 days 00:01:45.679000,19.0,2.0,,,26.458,50.444,28.777,0 days 00:51:59.984000,0 days 00:52:50.428000,0 days 00:53:19.205000,69.0,121.0,263.0,189.0,False,SOFT,8.0,True,Alpine,0 days 00:51:33.526000,2024-05-24 15:36:43.470,1,,False,,False,True,105.679,105.679
497,0 days 00:54:32.215000,OCO,31,0 days 00:01:13.010000,20.0,2.0,,,19.104,34.377,19.529,0 days 00:53:38.309000,0 days 00:54:12.686000,0 days 00:54:32.215000,216.0,201.0,265.0,277.0,False,SOFT,9.0,True,Alpine,0 days 00:53:19.205000,2024-05-24 15:38:29.149,1,,False,,False,True,73.01,73.01
498,0 days 00:56:16.565000,OCO,31,0 days 00:01:44.350000,21.0,2.0,,,26.116,49.259,28.975,0 days 00:54:58.331000,0 days 00:55:47.590000,0 days 00:56:16.565000,137.0,142.0,262.0,218.0,False,SOFT,10.0,True,Alpine,0 days 00:54:32.215000,2024-05-24 15:39:42.159,1,,False,,False,True,104.35,104.35
499,0 days 00:57:29.218000,OCO,31,0 days 00:01:12.653000,22.0,2.0,,,19.05,34.235,19.368,0 days 00:56:35.615000,0 days 00:57:09.850000,0 days 00:57:29.218000,216.0,202.0,262.0,276.0,True,SOFT,11.0,True,Alpine,0 days 00:56:16.565000,2024-05-24 15:41:26.509,1,,False,,False,True,72.653,72.65299999999999
500,0 days 00:58:59.312000,OCO,31,0 days 00:01:30.094000,23.0,2.0,,,24.703,43.175,22.216,0 days 00:57:53.921000,0 days 00:58:37.096000,0 days 00:58:59.312000,113.0,167.0,261.0,175.0,False,SOFT,12.0,True,Alpine,0 days 00:57:29.218000,2024-05-24 15:42:39.162,1,,False,,False,True,90.094,90.094
501,0 days 01:00:11.866000,OCO,31,0 days 00:01:12.554000,24.0,2.0,,,19.002,34.285,19.267,0 days 00:59:18.314000,0 days 00:59:52.599000,0 days 01:00:11.866000,216.0,199.0,262.0,276.0,True,SOFT,13.0,True,Alpine,0 days 00:58:59.312000,2024-05-24 15:44:09.256,1,,False,,False,True,72.554,72.55399999999999
502,0 days 01:05:48.048000,OCO,31,,25.0,2.0,,0 days 01:01:33.372000,26.082,39.827,,0 days 01:00:38.299000,0 days 01:01:18.120000,,65.0,175.0,,259.0,False,SOFT,14.0,True,Alpine,0 days 01:00:11.866000,2024-05-24 15:45:21.810,12,,False,,False,False,,
503,0 days 01:07:17.289000,OCO,31,0 days 00:01:29.241000,26.0,3.0,0 days 01:05:48.680000,,27.31,38.745,23.186,0 days 01:06:15.358000,0 days 01:06:54.103000,0 days 01:07:17.289000,187.0,170.0,251.0,274.0,False,MEDIUM,12.0,False,Alpine,0 days 01:05:48.048000,2024-05-24 15:50:57.992,1,,False,,False,False,89.241,89.24099999999999
504,0 days 01:08:33.279000,OCO,31,0 days 00:01:15.990000,27.0,3.0,,,20.134,35.555,20.301,0 days 01:07:37.423000,0 days 01:08:12.978000,0 days 01:08:33.279000,199.0,189.0,253.0,275.0,False,MEDIUM,13.0,False,Alpine,0 days 01:07:17.289000,2024-05-24 15:52:27.233,1,,False,,False,True,75.99,75.99
505,0 days 01:09:48.834000,OCO,31,0 days 00:01:15.555000,28.0,3.0,,,19.863,35.423,20.269,0 days 01:08:53.142000,0 days 01:09:28.565000,0 days 01:09:48.834000,202.0,192.0,262.0,275.0,False,MEDIUM,14.0,False,Alpine,0 days 01:08:33.279000,2024-05-24 15:53:43.223,1,,False,,False,True,75.555,75.555
506,0 days 01:11:09.524000,OCO,31,0 days 00:01:20.690000,29.0,3.0,,,23.301,36.3,21.089,0 days 01:10:12.135000,0 days 01:10:48.435000,0 days 01:11:09.524000,195.0,188.0,253.0,274.0,False,MEDIUM,15.0,False,Alpine,0 days 01:09:48.834000,2024-05-24 15:54:58.778,1,,False,,False,True,80.69,80.69
507,0 days 01:12:25.319000,OCO,31,0 days 00:01:15.795000,30.0,3.0,,,19.997,35.546,20.252,0 days 01:11:29.521000,0 days 01:12:05.067000,0 days 01:12:25.319000,204.0,191.0,253.0,275.0,False,MEDIUM,16.0,False,Alpine,0 days 01:11:09.524000,2024-05-24 15:56:19.468,1,,False,,False,True,75.795,75.795
508,0 days 01:13:43.784000,OCO,31,0 days 00:01:18.465000,31.0,3.0,,,19.998,36.411,22.056,0 days 01:12:45.317000,0 days 01:13:21.728000,0 days 01:13:43.784000,205.0,169.0,254.0,275.0,False,MEDIUM,17.0,False,Alpine,0 days 01:12:25.319000,2024-05-24 15:57:35.263,1,,False,,False,True,78.465,78.465
509,0 days 01:15:00.129000,OCO,31,0 days 00:01:16.345000,32.0,3.0,,,20.026,35.915,20.404,0 days 01:14:03.810000,0 days 01:14:39.725000,0 days 01:15:00.129000,205.0,192.0,253.0,274.0,False,MEDIUM,18.0,False,Alpine,0 days 01:13:43.784000,2024-05-24 15:58:53.728,1,,False,,False,True,76.345,76.345
510,0 days 01:17:07.851000,OCO,31,0 days 00:02:07.722000,33.0,3.0,,,26.849,46.274,54.599,0 days 01:15:26.978000,0 days 01:16:13.252000,0 days 01:17:07.851000,111.0,128.0,6.0,187.0,False,MEDIUM,19.0,False,Alpine,0 days 01:15:00.129000,2024-05-24 16:00:10.073,1,,False,,False,True,127.722,127.72200000000001
511,0 days 01:18:23.654000,OCO,31,,34.0,3.0,,0 days 01:18:23.654000,23.129,37.965,,0 days 01:17:31.103000,0 days 01:18:09.147000,,183.0,179.0,,270.0,False,MEDIUM,20.0,False,Alpine,0 days 01:17:07.851000,2024-05-24 16:02:17.795,1,,False,,False,False,,
512,0 days 00:16:21.600000,HAM,44,0 days 00:01:27.907000,1.0,1.0,0 days 00:14:54.463000,,25.412,40.054,22.441,0 days 00:15:19.297000,0 days 00:15:59.324000,0 days 00:16:22.427000,176.0,168.0,248.0,248.0,False,MEDIUM,1.0,True,Mercedes,0 days 00:14:54.463000,2024-05-24 15:00:04.407,1,,False,,False,False,87.907,87.90700000000001
513,0 days 00:17:49.960000,HAM,44,0 days 00:01:28.360000,2.0,1.0,,,21.89,39.214,27.256,0 days 00:16:43.490000,0 days 00:17:22.704000,0 days 00:17:49.960000,179.0,181.0,264.0,260.0,True,MEDIUM,2.0,True,Mercedes,0 days 00:16:21.600000,2024-05-24 15:01:31.544,1,,False,,False,True,88.36,88.36
514,0 days 00:19:04.040000,HAM,44,0 days 00:01:14.080000,3.0,1.0,,,19.34,35.069,19.671,0 days 00:18:09.300000,0 days 00:18:44.369000,0 days 00:19:04.040000,212.0,193.0,266.0,278.0,True,MEDIUM,3.0,True,Mercedes,0 days 00:17:49.960000,2024-05-24 15:02:59.904,1,,False,,False,True,74.08,74.08000000000001
515,0 days 00:20:45.674000,HAM,44,0 days 00:01:41.634000,4.0,1.0,,,31.77,47.801,22.063,0 days 00:19:35.810000,0 days 00:20:23.611000,0 days 00:20:45.674000,114.0,134.0,265.0,249.0,False,MEDIUM,4.0,True,Mercedes,0 days 00:19:04.040000,2024-05-24 15:04:13.984,1,,False,,False,True,101.634,101.634
516,0 days 00:21:58.983000,HAM,44,0 days 00:01:13.309000,5.0,1.0,,,19.113,34.743,19.453,0 days 00:21:04.787000,0 days 00:21:39.530000,0 days 00:21:58.983000,217.0,196.0,266.0,278.0,True,MEDIUM,5.0,True,Mercedes,0 days 00:20:45.674000,2024-05-24 15:05:55.618,1,,False,,False,True,73.309,73.309
517,0 days 00:24:04.243000,HAM,44,0 days 00:02:05.260000,6.0,1.0,,,34.487,62.707,28.066,0 days 00:22:33.470000,0 days 00:23:36.177000,0 days 00:24:04.243000,64.0,34.0,265.0,181.0,False,MEDIUM,6.0,True,Mercedes,0 days 00:21:58.983000,2024-05-24 15:07:08.927,1,,False,,False,True,125.26,125.26
518,0 days 00:25:17.205000,HAM,44,0 days 00:01:12.962000,7.0,1.0,,,19.106,34.531,19.325,0 days 00:24:23.349000,0 days 00:24:57.880000,0 days 00:25:17.205000,218.0,198.0,266.0,277.0,True,MEDIUM,7.0,True,Mercedes,0 days 00:24:04.243000,2024-05-24 15:09:14.187,1,,False,,False,True,72.962,72.962
519,0 days 00:27:15.714000,HAM,44,0 days 00:01:58.509000,8.0,1.0,,,27.962,58.185,32.362,0 days 00:25:45.167000,0 days 00:26:43.352000,0 days 00:27:15.714000,77.0,118.0,168.0,184.0,False,MEDIUM,8.0,True,Mercedes,0 days 00:25:17.205000,2024-05-24 15:10:27.149,1,,False,,False,True,118.509,118.50900000000001
520,0 days 00:28:54.286000,HAM,44,0 days 00:01:38.572000,9.0,1.0,,,30.86,41.364,26.348,0 days 00:27:46.574000,0 days 00:28:27.938000,0 days 00:28:54.286000,84.0,182.0,266.0,267.0,False,MEDIUM,9.0,True,Mercedes,0 days 00:27:15.714000,2024-05-24 15:12:25.658,1,,False,,False,True,98.572,98.57199999999999
521,0 days 00:30:19.726000,HAM,44,0 days 00:01:25.440000,10.0,1.0,,,22.613,41.311,21.516,0 days 00:29:16.899000,0 days 00:29:58.210000,0 days 00:30:19.726000,137.0,185.0,266.0,264.0,False,MEDIUM,10.0,True,Mercedes,0 days 00:28:54.286000,2024-05-24 15:14:04.230,1,,False,,False,True,85.44,85.44
522,0 days 00:31:32.256000,HAM,44,0 days 00:01:12.530000,11.0,1.0,,,18.865,34.475,19.19,0 days 00:30:38.591000,0 days 00:31:13.066000,0 days 00:31:32.256000,219.0,202.0,266.0,276.0,True,MEDIUM,11.0,True,Mercedes,0 days 00:30:19.726000,2024-05-24 15:15:29.670,1,,False,,False,True,72.53,72.53
523,0 days 00:43:21.920000,HAM,44,,12.0,1.0,,0 days 00:32:57.645000,24.662,43.648,,0 days 00:31:57.212000,0 days 00:32:40.770000,,131.0,175.0,,210.0,False,MEDIUM,12.0,True,Mercedes,0 days 00:31:32.256000,2024-05-24 15:16:42.200,1,,False,,False,False,,
524,0 days 00:44:51.539000,HAM,44,0 days 00:01:29.619000,13.0,2.0,0 days 00:43:22.665000,,26.689,37.453,25.477,0 days 00:43:48.609000,0 days 00:44:26.062000,0 days 00:44:51.539000,177.0,188.0,265.0,262.0,False,SOFT,8.0,False,Mercedes,0 days 00:43:21.920000,2024-05-24 15:28:31.864,1,,False,,False,False,89.619,89.619
525,0 days 00:46:30.649000,HAM,44,0 days 00:01:39.110000,14.0,2.0,,,23.993,49.871,25.246,0 days 00:45:15.532000,0 days 00:46:05.403000,0 days 00:46:30.649000,121.0,181.0,264.0,193.0,False,SOFT,9.0,False,Mercedes,0 days 00:44:51.539000,2024-05-24 15:30:01.483,12,,False,,False,True,99.11,99.11
526,0 days 00:48:20.859000,HAM,44,0 days 00:01:50.210000,15.0,2.0,,,18.922,50.667,40.621,0 days 00:46:49.571000,0 days 00:47:40.238000,0 days 00:48:20.859000,220.0,94.0,263.0,168.0,False,SOFT,10.0,False,Mercedes,0 days 00:46:30.649000,2024-05-24 15:31:40.593,1,,False,,False,True,110.21,110.21000000000001
527,0 days 00:49:47.139000,HAM,44,0 days 00:01:26.280000,16.0,2.0,,,22.206,42.722,21.352,0 days 00:48:43.065000,0 days 00:49:25.787000,0 days 00:49:47.139000,125.0,174.0,268.0,228.0,False,SOFT,11.0,False,Mercedes,0 days 00:48:20.859000,2024-05-24 15:33:30.803,1,,False,,False,True,86.28,86.28
528,0 days 00:50:58.605000,HAM,44,0 days 00:01:11.466000,17.0,2.0,,,18.667,33.838,18.961,0 days 00:50:05.806000,0 days 00:50:39.644000,0 days 00:50:58.605000,222.0,202.0,268.0,279.0,True,SOFT,12.0,False,Mercedes,0 days 00:49:47.139000,2024-05-24 15:34:57.083,1,,False,,False,True,71.466,71.46600000000001
529,0 days 00:52:57.414000,HAM,44,0 days 00:01:58.809000,18.0,2.0,,,29.918,66.56,22.331,0 days 00:51:28.523000,0 days 00:52:35.083000,0 days 00:52:57.414000,75.0,150.0,267.0,111.0,False,SOFT,13.0,False,Mercedes,0 days 00:50:58.605000,2024-05-24 15:36:08.549,1,,False,,False,True,118.809,118.80900000000001
530,0 days 01:00:54.245000,HAM,44,,19.0,2.0,,0 days 00:54:04.815000,18.687,34.988,,0 days 00:53:16.279000,0 days 00:53:51.355000,,223.0,188.0,,261.0,False,SOFT,14.0,False,Mercedes,0 days 00:52:57.414000,2024-05-24 15:38:07.358,1,,False,,False,False,,
531,0 days 01:02:16.149000,HAM,44,0 days 00:01:21.904000,20.0,3.0,0 days 01:00:54.952000,,24.278,37.271,20.355,0 days 01:01:18.523000,0 days 01:01:55.794000,0 days 01:02:16.149000,189.0,190.0,249.0,269.0,False,MEDIUM,13.0,False,Mercedes,0 days 01:00:54.245000,2024-05-24 15:46:04.189,1,,False,,False,False,81.904,81.904
532,0 days 01:03:32.456000,HAM,44,0 days 00:01:16.307000,21.0,3.0,,,20.042,36.166,20.099,0 days 01:02:36.191000,0 days 01:03:12.357000,0 days 01:03:32.456000,204.0,192.0,251.0,270.0,False,MEDIUM,14.0,False,Mercedes,0 days 01:02:16.149000,2024-05-24 15:47:26.093,12,,False,,False,True,76.307,76.307
533,0 days 01:04:48.589000,HAM,44,0 days 00:01:16.133000,22.0,3.0,,,19.828,36.125,20.18,0 days 01:03:52.284000,0 days 01:04:28.409000,0 days 01:04:48.589000,206.0,193.0,251.0,272.0,False,MEDIUM,15.0,False,Mercedes,0 days 01:03:32.456000,2024-05-24 15:48:42.400,1,,False,,False,True,76.133,76.13300000000001
534,0 days 01:06:04.557000,HAM,44,0 days 00:01:15.968000,23.0,3.0,,,19.997,35.881,20.09,0 days 01:05:08.586000,0 days 01:05:44.467000,0 days 01:06:04.557000,206.0,193.0,251.0,272.0,False,MEDIUM,16.0,False,Mercedes,0 days 01:04:48.589000,2024-05-24 15:49:58.533,1,,False,,False,True,75.968,75.968
535,0 days 01:07:20.780000,HAM,44,0 days 00:01:16.223000,24.0,3.0,,,19.914,35.968,20.341,0 days 01:06:24.471000,0 days 01:07:00.439000,0 days 01:07:20.780000,207.0,192.0,252.0,273.0,False,MEDIUM,17.0,False,Mercedes,0 days 01:06:04.557000,2024-05-24 15:51:14.501,1,,False,,False,True,76.223,76.22300000000001
536,0 days 01:08:37.241000,HAM,44,0 days 00:01:16.461000,25.0,3.0,,,20.031,36.169,20.261,0 days 01:07:40.811000,0 days 01:08:16.980000,0 days 01:08:37.241000,204.0,192.0,251.0,274.0,False,MEDIUM,18.0,False,Mercedes,0 days 01:07:20.780000,2024-05-24 15:52:30.724,1,,False,,False,True,76.461,76.461
537,0 days 01:09:53.760000,HAM,44,0 days 00:01:16.519000,26.0,3.0,,,20.157,36.1,20.262,0 days 01:08:57.398000,0 days 01:09:33.498000,0 days 01:09:53.760000,207.0,193.0,252.0,274.0,False,MEDIUM,19.0,False,Mercedes,0 days 01:08:37.241000,2024-05-24 15:53:47.185,1,,False,,False,True,76.519,76.519
538,0 days 01:11:15.032000,HAM,44,0 days 00:01:21.272000,27.0,3.0,,,20.204,37.005,24.063,0 days 01:10:13.964000,0 days 01:10:50.969000,0 days 01:11:15.032000,204.0,187.0,252.0,276.0,False,MEDIUM,20.0,False,Mercedes,0 days 01:09:53.760000,2024-05-24 15:55:03.704,1,,False,,False,True,81.272,81.272
539,0 days 01:12:32.100000,HAM,44,0 days 00:01:17.068000,28.0,3.0,,,20.113,36.499,20.456,0 days 01:11:35.145000,0 days 01:12:11.644000,0 days 01:12:32.100000,205.0,189.0,252.0,274.0,False,MEDIUM,21.0,False,Mercedes,0 days 01:11:15.032000,2024-05-24 15:56:24.976,1,,False,,False,True,77.068,77.068
540,0 days 01:13:50.186000,HAM,44,0 days 00:01:18.086000,29.0,3.0,,,20.27,36.97,20.846,0 days 01:12:52.370000,0 days 01:13:29.340000,0 days 01:13:50.186000,202.0,188.0,252.0,273.0,False,MEDIUM,22.0,False,Mercedes,0 days 01:12:32.100000,2024-05-24 15:57:42.044,1,,False,,False,True,78.086,78.086
541,0 days 01:15:08.638000,HAM,44,0 days 00:01:18.452000,30.0,3.0,,,20.386,37.139,20.927,0 days 01:14:10.572000,0 days 01:14:47.711000,0 days 01:15:08.638000,196.0,189.0,250.0,272.0,False,MEDIUM,23.0,False,Mercedes,0 days 01:13:50.186000,2024-05-24 15:59:00.130,1,,False,,False,True,78.452,78.452
542,0 days 01:17:43.388000,HAM,44,,31.0,3.0,,,35.306,56.282,63.037,0 days 01:15:44.075000,0 days 01:16:40.351000,0 days 01:17:43.642000,97.0,110.0,5.0,154.0,False,MEDIUM,24.0,False,Mercedes,0 days 01:15:08.638000,2024-05-24 16:00:18.582,1,,False,,False,False,,154.625
543,0 days 01:19:15.113000,HAM,44,,32.0,3.0,,0 days 01:19:15.113000,27.957,46.32,,0 days 01:18:11.375000,0 days 01:18:57.608000,,116.0,152.0,,201.0,False,MEDIUM,25.0,False,Mercedes,0 days 01:17:43.388000,2024-05-24 16:02:53.332,1,,False,,False,False,,
544,0 days 00:17:54.879000,SAI,55,0 days 00:01:48.184000,1.0,1.0,0 days 00:16:08.067000,,39.725,42.465,25.994,0 days 00:16:46.676000,0 days 00:17:29.141000,0 days 00:17:55.103000,164.0,173.0,259.0,265.0,False,MEDIUM,1.0,True,Ferrari,0 days 00:16:08.067000,2024-05-24 15:01:18.011,1,,False,,False,False,108.184,108.184
545,0 days 00:19:14.689000,SAI,55,0 days 00:01:19.810000,2.0,1.0,,,20.395,37.159,22.256,0 days 00:18:15.274000,0 days 00:18:52.433000,0 days 00:19:14.689000,202.0,181.0,263.0,269.0,True,MEDIUM,2.0,True,Ferrari,0 days 00:17:54.879000,2024-05-24 15:03:04.823,1,,False,,False,True,79.81,79.81
546,0 days 00:20:29.042000,SAI,55,0 days 00:01:14.353000,3.0,1.0,,,19.594,35.137,19.622,0 days 00:19:34.283000,0 days 00:20:09.420000,0 days 00:20:29.042000,207.0,195.0,264.0,276.0,True,MEDIUM,3.0,True,Ferrari,0 days 00:19:14.689000,2024-05-24 15:04:24.633,1,,False,,False,True,74.353,74.35300000000001
547,0 days 00:22:20.259000,SAI,55,0 days 00:01:51.217000,4.0,1.0,,,30.127,51.624,29.466,0 days 00:20:59.169000,0 days 00:21:50.793000,0 days 00:22:20.259000,128.0,156.0,263.0,251.0,False,MEDIUM,4.0,True,Ferrari,0 days 00:20:29.042000,2024-05-24 15:05:38.986,1,,False,,False,True,111.217,111.21700000000001
548,0 days 00:24:02.615000,SAI,55,0 days 00:01:42.356000,5.0,1.0,,0 days 00:23:35.957000,19.977,40.396,41.983,0 days 00:22:40.236000,0 days 00:23:20.632000,0 days 00:24:02.615000,168.0,174.0,,170.0,False,MEDIUM,5.0,True,Ferrari,0 days 00:22:20.259000,2024-05-24 15:07:30.203,1,,False,,False,False,102.356,102.356
549,0 days 00:25:39.862000,SAI,55,0 days 00:01:37.247000,6.0,2.0,0 days 00:24:03.333000,,25.912,42.617,28.718,0 days 00:24:28.527000,0 days 00:25:11.144000,0 days 00:25:39.862000,85.0,176.0,264.0,257.0,False,MEDIUM,6.0,False,Ferrari,0 days 00:24:02.615000,2024-05-24 15:09:12.559,1,,False,,False,False,97.247,97.247
550,0 days 00:26:53.140000,SAI,55,0 days 00:01:13.278000,7.0,2.0,,,19.304,34.681,19.293,0 days 00:25:59.166000,0 days 00:26:33.847000,0 days 00:26:53.140000,214.0,195.0,265.0,276.0,True,MEDIUM,7.0,False,Ferrari,0 days 00:25:39.862000,2024-05-24 15:10:49.806,1,,False,,False,True,73.278,73.27799999999999
551,0 days 00:28:43.556000,SAI,55,0 days 00:01:50.416000,8.0,2.0,,,32.798,51.766,25.852,0 days 00:27:25.938000,0 days 00:28:17.704000,0 days 00:28:43.556000,65.0,172.0,268.0,241.0,False,MEDIUM,8.0,False,Ferrari,0 days 00:26:53.140000,2024-05-24 15:12:03.084,1,,False,,False,True,110.416,110.416
552,0 days 00:29:56.555000,SAI,55,0 days 00:01:12.999000,9.0,2.0,,,19.041,34.405,19.553,0 days 00:29:02.597000,0 days 00:29:37.002000,0 days 00:29:56.555000,216.0,197.0,268.0,281.0,True,MEDIUM,9.0,False,Ferrari,0 days 00:28:43.556000,2024-05-24 15:13:53.500,1,,False,,False,True,72.999,72.999
553,0 days 00:31:44.580000,SAI,55,0 days 00:01:48.025000,10.0,2.0,,,30.856,51.215,25.954,0 days 00:30:27.411000,0 days 00:31:18.626000,0 days 00:31:44.580000,67.0,159.0,267.0,248.0,False,MEDIUM,10.0,False,Ferrari,0 days 00:29:56.555000,2024-05-24 15:15:06.499,1,,False,,False,True,108.025,108.025
554,0 days 00:32:57.318000,SAI,55,0 days 00:01:12.738000,11.0,2.0,,,19.012,34.348,19.378,0 days 00:32:03.592000,0 days 00:32:37.940000,0 days 00:32:57.318000,217.0,198.0,267.0,279.0,True,MEDIUM,11.0,False,Ferrari,0 days 00:31:44.580000,2024-05-24 15:16:54.524,1,,False,,False,True,72.738,72.738
555,0 days 00:35:03.154000,SAI,55,0 days 00:02:05.836000,12.0,2.0,,,38.105,63.408,24.323,0 days 00:33:35.423000,0 days 00:34:38.831000,0 days 00:35:03.154000,72.0,79.0,267.0,237.0,False,MEDIUM,12.0,False,Ferrari,0 days 00:32:57.318000,2024-05-24 15:18:07.262,1,,False,,False,True,125.836,125.83600000000001
556,0 days 00:36:16.092000,SAI,55,0 days 00:01:12.938000,13.0,2.0,,,19.083,34.59,19.265,0 days 00:35:22.237000,0 days 00:35:56.827000,0 days 00:36:16.092000,216.0,199.0,267.0,274.0,False,MEDIUM,13.0,False,Ferrari,0 days 00:35:03.154000,2024-05-24 15:20:13.098,1,,False,,False,True,72.938,72.938
557,0 days 00:42:11.495000,SAI,55,,14.0,2.0,,0 days 00:37:32.023000,22.435,37.757,,0 days 00:36:38.735000,0 days 00:37:16.555000,,159.0,174.0,,249.0,False,MEDIUM,14.0,False,Ferrari,0 days 00:36:16.092000,2024-05-24 15:21:26.036,1,,False,,False,False,,
558,0 days 00:43:45.331000,SAI,55,0 days 00:01:33.836000,15.0,3.0,0 days 00:42:12.421000,,28.818,38.675,26.343,0 days 00:42:40.313000,0 days 00:43:18.988000,0 days 00:43:45.331000,184.0,186.0,268.0,267.0,False,SOFT,1.0,True,Ferrari,0 days 00:42:11.495000,2024-05-24 15:27:21.439,1,,False,,False,False,93.836,93.836
559,0 days 00:44:57.580000,SAI,55,0 days 00:01:12.249000,16.0,3.0,,,18.883,33.853,19.513,0 days 00:44:04.214000,0 days 00:44:38.067000,0 days 00:44:57.580000,215.0,200.0,269.0,279.0,True,SOFT,2.0,True,Ferrari,0 days 00:43:45.331000,2024-05-24 15:28:55.275,1,,False,,False,True,72.249,72.24900000000001
560,0 days 00:47:11.590000,SAI,55,0 days 00:02:14.010000,17.0,3.0,,,37.319,73.955,22.736,0 days 00:45:34.899000,0 days 00:46:48.854000,0 days 00:47:11.590000,86.0,141.0,267.0,145.0,False,SOFT,3.0,True,Ferrari,0 days 00:44:57.580000,2024-05-24 15:30:07.524,12,,False,,False,True,134.01,134.01
561,0 days 00:48:53.774000,SAI,55,0 days 00:01:42.184000,18.0,3.0,,,24.162,54.534,23.488,0 days 00:47:35.752000,0 days 00:48:30.286000,0 days 00:48:53.774000,96.0,176.0,267.0,241.0,False,SOFT,4.0,True,Ferrari,0 days 00:47:11.590000,2024-05-24 15:32:21.534,1,,False,,False,True,102.184,102.184
562,0 days 00:50:05.736000,SAI,55,0 days 00:01:11.962000,19.0,3.0,,,18.88,34.004,19.078,0 days 00:49:12.654000,0 days 00:49:46.658000,0 days 00:50:05.736000,218.0,193.0,268.0,279.0,True,SOFT,5.0,True,Ferrari,0 days 00:48:53.774000,2024-05-24 15:34:03.718,1,,False,,False,True,71.962,71.962
563,0 days 00:52:21.901000,SAI,55,0 days 00:02:16.165000,20.0,3.0,,,32.755,70.688,32.722,0 days 00:50:38.491000,0 days 00:51:49.179000,0 days 00:52:21.901000,82.0,148.0,264.0,141.0,False,SOFT,6.0,True,Ferrari,0 days 00:50:05.736000,2024-05-24 15:35:15.680,1,,False,,False,True,136.165,136.16500000000002
564,0 days 00:53:48.950000,SAI,55,0 days 00:01:27.049000,21.0,3.0,,,20.956,43.563,22.53,0 days 00:52:42.857000,0 days 00:53:26.420000,0 days 00:53:48.950000,146.0,168.0,267.0,234.0,False,SOFT,7.0,True,Ferrari,0 days 00:52:21.901000,2024-05-24 15:37:31.845,1,,False,,False,True,87.049,87.049
565,0 days 00:55:00.964000,SAI,55,0 days 00:01:12.014000,22.0,3.0,,,18.833,34.077,19.104,0 days 00:54:07.783000,0 days 00:54:41.860000,0 days 00:55:00.964000,218.0,200.0,267.0,279.0,False,SOFT,8.0,True,Ferrari,0 days 00:53:48.950000,2024-05-24 15:38:58.894,1,,False,,False,True,72.014,72.014
566,0 days 00:56:47.801000,SAI,55,0 days 00:01:46.837000,23.0,3.0,,,31.729,52.568,22.54,0 days 00:55:32.693000,0 days 00:56:25.261000,0 days 00:56:47.801000,125.0,168.0,266.0,146.0,False,SOFT,9.0,True,Ferrari,0 days 00:55:00.964000,2024-05-24 15:40:10.908,1,,False,,False,True,106.837,106.83699999999999
567,0 days 00:58:30.215000,SAI,55,0 days 00:01:42.414000,24.0,3.0,,,19.129,57.745,25.54,0 days 00:57:06.930000,0 days 00:58:04.675000,0 days 00:58:30.215000,202.0,138.0,266.0,166.0,False,SOFT,10.0,True,Ferrari,0 days 00:56:47.801000,2024-05-24 15:41:57.745,1,,False,,False,True,102.414,102.41399999999999
568,0 days 01:03:48.666000,SAI,55,,25.0,3.0,,0 days 00:59:41.536000,18.934,36.932,,0 days 00:58:49.387000,0 days 00:59:26.194000,,218.0,178.0,,259.0,False,SOFT,11.0,True,Ferrari,0 days 00:58:30.215000,2024-05-24 15:43:40.159,12,,False,,False,False,,
569,0 days 01:05:13.244000,SAI,55,0 days 00:01:24.578000,26.0,4.0,0 days 01:03:49.418000,,25.039,38.066,21.473,0 days 01:04:13.705000,0 days 01:04:51.771000,0 days 01:05:13.244000,192.0,182.0,248.0,266.0,False,MEDIUM,15.0,False,Ferrari,0 days 01:03:48.666000,2024-05-24 15:48:58.610,1,,False,,False,False,84.578,84.578
570,0 days 01:06:33.942000,SAI,55,0 days 00:01:20.698000,27.0,4.0,,,20.17,38.074,22.454,0 days 01:05:33.414000,0 days 01:06:11.488000,0 days 01:06:33.942000,207.0,165.0,251.0,272.0,False,MEDIUM,16.0,False,Ferrari,0 days 01:05:13.244000,2024-05-24 15:50:23.188,1,,False,,False,True,80.698,80.69800000000001
571,0 days 01:07:49.543000,SAI,55,0 days 00:01:15.601000,28.0,4.0,,,19.822,35.61,20.169,0 days 01:06:53.764000,0 days 01:07:29.374000,0 days 01:07:49.543000,208.0,189.0,251.0,272.0,False,MEDIUM,17.0,False,Ferrari,0 days 01:06:33.942000,2024-05-24 15:51:43.886,1,,False,,False,True,75.601,75.601
572,0 days 01:09:05.212000,SAI,55,0 days 00:01:15.669000,29.0,4.0,,,19.941,35.546,20.182,0 days 01:08:09.484000,0 days 01:08:45.030000,0 days 01:09:05.212000,204.0,190.0,251.0,272.0,False,MEDIUM,18.0,False,Ferrari,0 days 01:07:49.543000,2024-05-24 15:52:59.487,1,,False,,False,True,75.669,75.669
573,0 days 01:10:27.690000,SAI,55,0 days 00:01:22.478000,30.0,4.0,,,19.871,40.17,22.437,0 days 01:09:25.083000,0 days 01:10:05.253000,0 days 01:10:27.690000,208.0,160.0,251.0,272.0,False,MEDIUM,19.0,False,Ferrari,0 days 01:09:05.212000,2024-05-24 15:54:15.156,1,,False,,False,True,82.478,82.478
574,0 days 01:11:43.221000,SAI,55,0 days 00:01:15.531000,31.0,4.0,,,19.966,35.505,20.06,0 days 01:10:47.656000,0 days 01:11:23.161000,0 days 01:11:43.221000,204.0,191.0,251.0,269.0,False,MEDIUM,20.0,False,Ferrari,0 days 01:10:27.690000,2024-05-24 15:55:37.634,1,,False,,False,True,75.531,75.531
575,0 days 01:12:58.323000,SAI,55,0 days 00:01:15.102000,32.0,4.0,,,19.798,35.328,19.976,0 days 01:12:03.019000,0 days 01:12:38.347000,0 days 01:12:58.323000,206.0,193.0,251.0,273.0,False,MEDIUM,21.0,False,Ferrari,0 days 01:11:43.221000,2024-05-24 15:56:53.165,1,,False,,False,True,75.102,75.102
576,0 days 01:14:22.047000,SAI,55,0 days 00:01:23.724000,33.0,4.0,,,19.949,42.938,20.837,0 days 01:13:18.272000,0 days 01:14:01.210000,0 days 01:14:22.047000,205.0,185.0,251.0,267.0,False,MEDIUM,22.0,False,Ferrari,0 days 01:12:58.323000,2024-05-24 15:58:08.267,1,,False,,False,True,83.724,83.724
577,0 days 01:15:37.031000,SAI,55,0 days 00:01:14.984000,34.0,4.0,,,19.888,35.141,19.955,0 days 01:14:41.935000,0 days 01:15:17.076000,0 days 01:15:37.031000,208.0,194.0,253.0,273.0,False,MEDIUM,23.0,False,Ferrari,0 days 01:14:22.047000,2024-05-24 15:59:31.991,1,,False,,False,True,74.984,74.984
578,0 days 01:18:00.099000,SAI,55,0 days 00:02:23.068000,35.0,4.0,,,20.167,49.734,73.167,0 days 01:15:57.198000,0 days 01:16:46.932000,0 days 01:18:00.099000,146.0,111.0,155.0,221.0,False,MEDIUM,24.0,False,Ferrari,0 days 01:15:37.031000,2024-05-24 16:00:46.975,1,,False,,False,True,143.068,143.068
579,0 days 01:19:24.107000,SAI,55,,36.0,4.0,,0 days 01:19:24.107000,24.493,42.306,,0 days 01:18:24.856000,0 days 01:19:07.019000,,147.0,147.0,,257.0,False,MEDIUM,25.0,False,Ferrari,0 days 01:18:00.099000,2024-05-24 16:03:10.043,1,,False,,False,False,,
580,0 days 00:16:37.226000,RUS,63,0 days 00:01:31.725000,1.0,1.0,0 days 00:15:06.608000,,28.857,40.372,22.496,0 days 00:15:34.626000,0 days 00:16:15.060000,0 days 00:16:37.336000,170.0,168.0,257.0,248.0,False,MEDIUM,1.0,True,Mercedes,0 days 00:15:06.608000,2024-05-24 15:00:16.552,1,,False,,False,False,91.725,91.725
581,0 days 00:17:58.377000,RUS,63,0 days 00:01:21.151000,2.0,1.0,,,21.812,37.749,21.59,0 days 00:16:59.038000,0 days 00:17:36.787000,0 days 00:17:58.377000,187.0,181.0,263.0,271.0,True,MEDIUM,2.0,True,Mercedes,0 days 00:16:37.226000,2024-05-24 15:01:47.170,1,,False,,False,True,81.151,81.15100000000001
582,0 days 00:19:19.424000,RUS,63,0 days 00:01:21.047000,3.0,1.0,,,20.002,36.967,24.078,0 days 00:18:18.379000,0 days 00:18:55.346000,0 days 00:19:19.424000,206.0,186.0,265.0,276.0,True,MEDIUM,3.0,True,Mercedes,0 days 00:17:58.377000,2024-05-24 15:03:08.321,1,,False,,False,True,81.047,81.047
583,0 days 00:20:33.448000,RUS,63,0 days 00:01:14.024000,4.0,1.0,,,19.472,34.924,19.628,0 days 00:19:38.896000,0 days 00:20:13.820000,0 days 00:20:33.448000,214.0,198.0,268.0,279.0,True,MEDIUM,4.0,True,Mercedes,0 days 00:19:19.424000,2024-05-24 15:04:29.368,1,,False,,False,True,74.024,74.024
584,0 days 00:22:06.819000,RUS,63,0 days 00:01:33.371000,5.0,1.0,,,22.452,46.477,24.442,0 days 00:20:55.900000,0 days 00:21:42.377000,0 days 00:22:06.819000,174.0,117.0,265.0,232.0,False,MEDIUM,5.0,True,Mercedes,0 days 00:20:33.448000,2024-05-24 15:05:43.392,1,,False,,False,True,93.371,93.37100000000001
585,0 days 00:23:20.138000,RUS,63,0 days 00:01:13.319000,6.0,1.0,,,19.183,34.716,19.42,0 days 00:22:26.002000,0 days 00:23:00.718000,0 days 00:23:20.138000,214.0,201.0,268.0,278.0,True,MEDIUM,6.0,True,Mercedes,0 days 00:22:06.819000,2024-05-24 15:07:16.763,1,,False,,False,True,73.319,73.319
586,0 days 00:24:48.407000,RUS,63,0 days 00:01:28.269000,7.0,1.0,,,18.911,38.561,30.797,0 days 00:23:39.049000,0 days 00:24:17.610000,0 days 00:24:48.407000,216.0,114.0,163.0,279.0,False,MEDIUM,7.0,True,Mercedes,0 days 00:23:20.138000,2024-05-24 15:08:30.082,1,,False,,False,True,88.269,88.269
587,0 days 00:26:38.398000,RUS,63,0 days 00:01:49.991000,8.0,1.0,,,32.203,52.456,25.332,0 days 00:25:20.610000,0 days 00:26:13.066000,0 days 00:26:38.398000,138.0,137.0,266.0,157.0,False,MEDIUM,8.0,True,Mercedes,0 days 00:24:48.407000,2024-05-24 15:09:58.351,1,,False,,False,True,109.991,109.99100000000001
588,0 days 00:27:59.857000,RUS,63,0 days 00:01:21.459000,9.0,1.0,,,19.546,40.245,21.668,0 days 00:26:57.944000,0 days 00:27:38.189000,0 days 00:27:59.857000,185.0,162.0,266.0,264.0,False,MEDIUM,9.0,True,Mercedes,0 days 00:26:38.398000,2024-05-24 15:11:48.342,1,,False,,False,True,81.459,81.459
589,0 days 00:29:13.106000,RUS,63,0 days 00:01:13.249000,10.0,1.0,,,18.924,34.697,19.628,0 days 00:28:18.781000,0 days 00:28:53.478000,0 days 00:29:13.106000,219.0,201.0,268.0,277.0,True,MEDIUM,10.0,True,Mercedes,0 days 00:27:59.857000,2024-05-24 15:13:09.801,1,,False,,False,True,73.249,73.249
590,0 days 00:42:00,RUS,63,,11.0,1.0,,0 days 00:30:34.086000,23.025,41.134,,0 days 00:29:36.452000,0 days 00:30:17.458000,,178.0,166.0,,264.0,False,MEDIUM,11.0,True,Mercedes,0 days 00:29:13.106000,2024-05-24 15:14:23.050,1,,False,,False,False,,
591,0 days 00:44:07.040000,RUS,63,0 days 00:02:07.040000,12.0,2.0,0 days 00:42:00.734000,0 days 00:43:21.721000,25.528,40.573,60.939,0 days 00:42:25.528000,0 days 00:43:06.101000,0 days 00:44:07.040000,181.0,181.0,,260.0,False,MEDIUM,12.0,False,Mercedes,0 days 00:42:00,2024-05-24 15:27:09.944,1,,False,,False,False,127.04,127.03999999999999
592,0 days 00:45:47.445000,RUS,63,0 days 00:01:40.405000,13.0,3.0,0 days 00:44:07.847000,,31.722,41.619,27.064,0 days 00:44:38.762000,0 days 00:45:20.381000,0 days 00:45:47.445000,180.0,180.0,266.0,263.0,False,SOFT,7.0,False,Mercedes,0 days 00:44:07.040000,2024-05-24 15:29:16.984,12,,False,,False,False,100.405,100.405
593,0 days 00:47:00.650000,RUS,63,0 days 00:01:13.205000,14.0,3.0,,,19.038,34.653,19.514,0 days 00:46:06.483000,0 days 00:46:41.136000,0 days 00:47:00.650000,214.0,201.0,268.0,278.0,True,SOFT,8.0,False,Mercedes,0 days 00:45:47.445000,2024-05-24 15:30:57.389,21,,False,,False,True,73.205,73.205
594,0 days 00:48:41.312000,RUS,63,0 days 00:01:40.662000,15.0,3.0,,,28.598,49.945,22.119,0 days 00:47:29.248000,0 days 00:48:19.193000,0 days 00:48:41.312000,144.0,80.0,268.0,198.0,False,SOFT,9.0,False,Mercedes,0 days 00:47:00.650000,2024-05-24 15:32:10.594,1,,False,,False,True,100.662,100.662
595,0 days 00:49:53.572000,RUS,63,0 days 00:01:12.260000,16.0,3.0,,,18.793,34.183,19.284,0 days 00:49:00.105000,0 days 00:49:34.288000,0 days 00:49:53.572000,218.0,200.0,271.0,281.0,True,SOFT,10.0,False,Mercedes,0 days 00:48:41.312000,2024-05-24 15:33:51.256,1,,False,,False,True,72.26,72.25999999999999
596,0 days 00:51:37.723000,RUS,63,0 days 00:01:44.151000,17.0,3.0,,,32.064,49.238,22.849,0 days 00:50:25.636000,0 days 00:51:14.874000,0 days 00:51:37.723000,134.0,72.0,269.0,239.0,False,SOFT,11.0,False,Mercedes,0 days 00:49:53.572000,2024-05-24 15:35:03.516,1,,False,,False,True,104.151,104.151
597,0 days 00:53:11.894000,RUS,63,0 days 00:01:34.171000,18.0,3.0,,,21.347,48.315,24.509,0 days 00:51:59.070000,0 days 00:52:47.385000,0 days 00:53:11.894000,165.0,153.0,268.0,201.0,False,SOFT,12.0,False,Mercedes,0 days 00:51:37.723000,2024-05-24 15:36:47.667,1,,False,,False,True,94.171,94.171
598,0 days 00:54:24.189000,RUS,63,0 days 00:01:12.295000,19.0,3.0,,,18.775,34.142,19.378,0 days 00:53:30.669000,0 days 00:54:04.811000,0 days 00:54:24.189000,220.0,199.0,269.0,281.0,False,SOFT,13.0,False,Mercedes,0 days 00:53:11.894000,2024-05-24 15:38:21.838,1,,False,,False,True,72.295,72.295
599,0 days 00:56:10.062000,RUS,63,0 days 00:01:45.873000,20.0,3.0,,,25.934,55.123,24.816,0 days 00:54:50.123000,0 days 00:55:45.246000,0 days 00:56:10.062000,90.0,123.0,265.0,150.0,False,SOFT,14.0,False,Mercedes,0 days 00:54:24.189000,2024-05-24 15:39:34.133,1,,False,,False,True,105.873,105.873
600,0 days 01:02:37.562000,RUS,63,,21.0,3.0,,0 days 00:57:19.724000,18.943,36.088,,0 days 00:56:29.201000,0 days 00:57:05.290000,,218.0,185.0,,265.0,False,SOFT,15.0,False,Mercedes,0 days 00:56:10.062000,2024-05-24 15:41:20.006,1,,False,,False,False,,
601,0 days 01:03:59.769000,RUS,63,0 days 00:01:22.207000,22.0,4.0,0 days 01:02:38.366000,,24.728,36.798,20.681,0 days 01:03:02.290000,0 days 01:03:39.088000,0 days 01:03:59.769000,184.0,186.0,250.0,270.0,False,MEDIUM,13.0,False,Mercedes,0 days 01:02:37.562000,2024-05-24 15:47:47.506,12,,False,,False,False,82.207,82.20700000000001
602,0 days 01:05:15.925000,RUS,63,0 days 00:01:16.156000,23.0,4.0,,,20.055,35.678,20.423,0 days 01:04:19.824000,0 days 01:04:55.502000,0 days 01:05:15.925000,208.0,191.0,252.0,272.0,False,MEDIUM,14.0,False,Mercedes,0 days 01:03:59.769000,2024-05-24 15:49:09.713,1,,False,,False,True,76.156,76.15599999999999
603,0 days 01:06:37.360000,RUS,63,0 days 00:01:21.435000,24.0,4.0,,,20.12,36.155,25.16,0 days 01:05:36.045000,0 days 01:06:12.200000,0 days 01:06:37.360000,207.0,184.0,254.0,273.0,False,MEDIUM,15.0,False,Mercedes,0 days 01:05:15.925000,2024-05-24 15:50:25.869,1,,False,,False,True,81.435,81.435
604,0 days 01:07:53.913000,RUS,63,0 days 00:01:16.553000,25.0,4.0,,,20.298,35.852,20.403,0 days 01:06:57.658000,0 days 01:07:33.510000,0 days 01:07:53.913000,204.0,192.0,252.0,273.0,False,MEDIUM,16.0,False,Mercedes,0 days 01:06:37.360000,2024-05-24 15:51:47.304,1,,False,,False,True,76.553,76.553
605,0 days 01:09:10.727000,RUS,63,0 days 00:01:16.814000,26.0,4.0,,,20.232,36.032,20.55,0 days 01:08:14.145000,0 days 01:08:50.177000,0 days 01:09:10.727000,204.0,190.0,252.0,273.0,False,MEDIUM,17.0,False,Mercedes,0 days 01:07:53.913000,2024-05-24 15:53:03.857,1,,False,,False,True,76.814,76.814
606,0 days 01:14:12.193000,RUS,63,,27.0,4.0,,0 days 01:10:40.042000,26.264,43.519,,0 days 01:09:37.153000,0 days 01:10:20.635000,,108.0,149.0,,225.0,False,MEDIUM,18.0,False,Mercedes,0 days 01:09:10.727000,2024-05-24 15:54:20.671,1,,False,,False,False,,
607,0 days 01:15:50.919000,RUS,63,0 days 00:01:38.726000,28.0,5.0,0 days 01:14:12.870000,,29.64,44.644,24.442,0 days 01:14:41.833000,0 days 01:15:26.477000,0 days 01:15:50.919000,120.0,154.0,236.0,234.0,False,MEDIUM,19.0,False,Mercedes,0 days 01:14:12.193000,2024-05-24 15:59:22.137,1,,False,,False,False,98.726,98.726
608,0 days 01:18:00.659000,RUS,63,0 days 00:02:09.740000,29.0,5.0,,,24.733,40.403,64.604,0 days 01:16:15.652000,0 days 01:16:56.055000,0 days 01:18:00.659000,155.0,150.0,5.0,257.0,False,MEDIUM,20.0,False,Mercedes,0 days 01:15:50.919000,2024-05-24 16:01:00.863,1,,False,,False,True,129.74,129.74
609,0 days 01:19:27.036000,RUS,63,,30.0,5.0,,0 days 01:19:27.036000,24.722,43.064,,0 days 01:18:25.410000,0 days 01:19:08.502000,,152.0,143.0,,239.0,False,MEDIUM,21.0,False,Mercedes,0 days 01:18:00.659000,2024-05-24 16:03:10.603,1,,False,,False,False,,
610,0 days 00:18:25.211000,BOT,77,0 days 00:01:53.386000,1.0,1.0,0 days 00:16:32.776000,,30.396,47.46,35.53,0 days 00:17:02.371000,0 days 00:17:50.007000,0 days 00:18:25.404000,175.0,167.0,259.0,252.0,False,MEDIUM,1.0,True,Kick Sauber,0 days 00:16:32.776000,2024-05-24 15:01:42.720,1,,False,,False,False,113.386,113.386
611,0 days 00:19:47.413000,BOT,77,0 days 00:01:22.202000,2.0,1.0,,,20.47,36.119,25.613,0 days 00:18:45.681000,0 days 00:19:21.800000,0 days 00:19:47.413000,211.0,171.0,264.0,277.0,True,MEDIUM,2.0,True,Kick Sauber,0 days 00:18:25.211000,2024-05-24 15:03:35.155,1,,False,,False,True,82.202,82.202
612,0 days 00:21:02.591000,BOT,77,0 days 00:01:15.178000,3.0,1.0,,,20.006,35.431,19.741,0 days 00:20:07.419000,0 days 00:20:42.850000,0 days 00:21:02.591000,203.0,190.0,266.0,276.0,True,MEDIUM,3.0,True,Kick Sauber,0 days 00:19:47.413000,2024-05-24 15:04:57.357,1,,False,,False,True,75.178,75.178
613,0 days 00:22:38.900000,BOT,77,0 days 00:01:36.309000,4.0,1.0,,,22.687,48.125,25.497,0 days 00:21:25.278000,0 days 00:22:13.403000,0 days 00:22:38.900000,182.0,162.0,264.0,251.0,False,MEDIUM,4.0,True,Kick Sauber,0 days 00:21:02.591000,2024-05-24 15:06:12.535,1,,False,,False,True,96.309,96.309
614,0 days 00:23:53.020000,BOT,77,0 days 00:01:14.120000,5.0,1.0,,,19.58,34.911,19.629,0 days 00:22:58.480000,0 days 00:23:33.391000,0 days 00:23:53.020000,212.0,190.0,266.0,277.0,True,MEDIUM,5.0,True,Kick Sauber,0 days 00:22:38.900000,2024-05-24 15:07:48.844,1,,False,,False,True,74.12,74.12
615,0 days 00:25:33.399000,BOT,77,0 days 00:01:40.379000,6.0,1.0,,,25.007,46.393,28.979,0 days 00:24:18.027000,0 days 00:25:04.420000,0 days 00:25:33.399000,171.0,165.0,266.0,247.0,False,MEDIUM,6.0,True,Kick Sauber,0 days 00:23:53.020000,2024-05-24 15:09:02.964,1,,False,,False,True,100.379,100.379
616,0 days 00:26:46.852000,BOT,77,0 days 00:01:13.453000,7.0,1.0,,,19.399,34.659,19.395,0 days 00:25:52.798000,0 days 00:26:27.457000,0 days 00:26:46.852000,218.0,193.0,267.0,276.0,True,MEDIUM,7.0,True,Kick Sauber,0 days 00:25:33.399000,2024-05-24 15:10:43.343,1,,False,,False,True,73.453,73.453
617,0 days 00:28:27.555000,BOT,77,0 days 00:01:40.703000,8.0,1.0,,,22.914,54.085,23.704,0 days 00:27:09.766000,0 days 00:28:03.851000,0 days 00:28:27.555000,140.0,172.0,266.0,245.0,False,MEDIUM,8.0,True,Kick Sauber,0 days 00:26:46.852000,2024-05-24 15:11:56.796,1,,False,,False,True,100.703,100.703
618,0 days 00:41:20.788000,BOT,77,,9.0,1.0,,0 days 00:29:40.776000,19.35,37.117,,0 days 00:28:47.219000,0 days 00:29:24.237000,,217.0,144.0,,278.0,False,MEDIUM,9.0,True,Kick Sauber,0 days 00:28:27.555000,2024-05-24 15:13:37.499,1,,False,,False,False,,
619,0 days 00:43:03.435000,BOT,77,0 days 00:01:42.647000,10.0,2.0,0 days 00:41:21.527000,,32.978,45.854,23.815,0 days 00:41:53.766000,0 days 00:42:39.620000,0 days 00:43:03.435000,142.0,167.0,252.0,250.0,False,MEDIUM,1.0,True,Kick Sauber,0 days 00:41:20.788000,2024-05-24 15:26:30.732,1,,False,,False,False,102.647,102.64699999999999
620,0 days 00:44:22.694000,BOT,77,0 days 00:01:19.259000,11.0,2.0,,,20.58,37.645,21.034,0 days 00:43:24.015000,0 days 00:44:01.660000,0 days 00:44:22.694000,179.0,177.0,265.0,258.0,False,MEDIUM,2.0,True,Kick Sauber,0 days 00:43:03.435000,2024-05-24 15:28:13.379,1,,False,,False,True,79.259,79.259
621,0 days 00:45:37.325000,BOT,77,0 days 00:01:14.631000,12.0,2.0,,,19.392,34.931,20.308,0 days 00:44:42.086000,0 days 00:45:17.017000,0 days 00:45:37.325000,219.0,192.0,264.0,275.0,False,MEDIUM,3.0,True,Kick Sauber,0 days 00:44:22.694000,2024-05-24 15:29:32.638,1,,False,,False,True,74.631,74.631
622,0 days 00:47:29.132000,BOT,77,0 days 00:01:51.807000,13.0,2.0,,,35.748,45.686,30.373,0 days 00:46:13.073000,0 days 00:46:58.759000,0 days 00:47:29.132000,174.0,167.0,264.0,251.0,False,MEDIUM,4.0,True,Kick Sauber,0 days 00:45:37.325000,2024-05-24 15:30:47.269,12,,False,,False,True,111.807,111.807
623,0 days 00:48:42.880000,BOT,77,0 days 00:01:13.748000,14.0,2.0,,,19.381,34.747,19.62,0 days 00:47:48.513000,0 days 00:48:23.260000,0 days 00:48:42.880000,216.0,197.0,266.0,276.0,False,MEDIUM,5.0,True,Kick Sauber,0 days 00:47:29.132000,2024-05-24 15:32:39.076,1,,False,,False,True,73.748,73.748
624,0 days 00:50:26.037000,BOT,77,0 days 00:01:43.157000,15.0,2.0,,,23.861,48.3,30.996,0 days 00:49:06.741000,0 days 00:49:55.041000,0 days 00:50:26.037000,147.0,156.0,264.0,249.0,False,MEDIUM,6.0,True,Kick Sauber,0 days 00:48:42.880000,2024-05-24 15:33:52.824,1,,False,,False,True,103.157,103.157
625,0 days 00:51:39.536000,BOT,77,0 days 00:01:13.499000,16.0,2.0,,,19.387,34.646,19.466,0 days 00:50:45.424000,0 days 00:51:20.070000,0 days 00:51:39.536000,217.0,192.0,266.0,276.0,False,MEDIUM,7.0,True,Kick Sauber,0 days 00:50:26.037000,2024-05-24 15:35:35.981,1,,False,,False,True,73.499,73.499
626,0 days 00:53:23.069000,BOT,77,0 days 00:01:43.533000,17.0,2.0,,,24.558,52.135,26.84,0 days 00:52:04.094000,0 days 00:52:56.229000,0 days 00:53:23.069000,150.0,159.0,265.0,221.0,False,MEDIUM,8.0,True,Kick Sauber,0 days 00:51:39.536000,2024-05-24 15:36:49.480,1,,False,,False,True,103.533,103.533
627,0 days 00:54:36.284000,BOT,77,0 days 00:01:13.215000,18.0,2.0,,,19.251,34.613,19.351,0 days 00:53:42.320000,0 days 00:54:16.933000,0 days 00:54:36.284000,219.0,195.0,266.0,277.0,True,MEDIUM,9.0,True,Kick Sauber,0 days 00:53:23.069000,2024-05-24 15:38:33.013,1,,False,,False,True,73.215,73.215
628,0 days 00:56:25.371000,BOT,77,0 days 00:01:49.087000,19.0,2.0,,,24.539,52.873,31.675,0 days 00:55:00.823000,0 days 00:55:53.696000,0 days 00:56:25.371000,91.0,154.0,264.0,232.0,False,MEDIUM,10.0,True,Kick Sauber,0 days 00:54:36.284000,2024-05-24 15:39:46.228,1,,False,,False,True,109.087,109.087
629,0 days 00:57:38.481000,BOT,77,0 days 00:01:13.110000,20.0,2.0,,,19.278,34.535,19.297,0 days 00:56:44.649000,0 days 00:57:19.184000,0 days 00:57:38.481000,219.0,195.0,265.0,275.0,True,MEDIUM,11.0,True,Kick Sauber,0 days 00:56:25.371000,2024-05-24 15:41:35.315,1,,False,,False,True,73.11,73.11
630,0 days 00:59:12.503000,BOT,77,0 days 00:01:34.022000,21.0,2.0,,,24.957,44.702,24.363,0 days 00:58:03.438000,0 days 00:58:48.140000,0 days 00:59:12.503000,147.0,144.0,263.0,244.0,False,MEDIUM,12.0,True,Kick Sauber,0 days 00:57:38.481000,2024-05-24 15:42:48.425,1,,False,,False,True,94.022,94.02199999999999
631,0 days 01:00:25.560000,BOT,77,0 days 00:01:13.057000,22.0,2.0,,,19.237,34.474,19.346,0 days 00:59:31.740000,0 days 01:00:06.214000,0 days 01:00:25.560000,218.0,197.0,265.0,275.0,True,MEDIUM,13.0,True,Kick Sauber,0 days 00:59:12.503000,2024-05-24 15:44:22.447,1,,False,,False,True,73.057,73.057
632,0 days 01:07:28.864000,BOT,77,,23.0,2.0,,0 days 01:01:44.694000,24.126,39.662,,0 days 01:00:49.839000,0 days 01:01:29.619000,,162.0,172.0,,248.0,False,MEDIUM,14.0,True,Kick Sauber,0 days 01:00:25.560000,2024-05-24 15:45:35.504,12,,False,,False,False,,
633,0 days 01:08:57.330000,BOT,77,0 days 00:01:28.466000,24.0,3.0,0 days 01:07:29.556000,,27.36,37.973,23.133,0 days 01:07:56.224000,0 days 01:08:34.197000,0 days 01:08:57.330000,195.0,173.0,251.0,271.0,False,MEDIUM,10.0,False,Kick Sauber,0 days 01:07:28.864000,2024-05-24 15:52:38.808,1,,False,,False,False,88.466,88.466
634,0 days 01:10:13.786000,BOT,77,0 days 00:01:16.456000,25.0,3.0,,,20.65,35.514,20.292,0 days 01:09:17.980000,0 days 01:09:53.494000,0 days 01:10:13.786000,209.0,188.0,253.0,273.0,False,MEDIUM,11.0,False,Kick Sauber,0 days 01:08:57.330000,2024-05-24 15:54:07.274,1,,False,,False,True,76.456,76.456
635,0 days 01:11:31.790000,BOT,77,0 days 00:01:18.004000,26.0,3.0,,,20.165,35.737,22.102,0 days 01:10:33.951000,0 days 01:11:09.688000,0 days 01:11:31.790000,207.0,185.0,252.0,273.0,False,MEDIUM,12.0,False,Kick Sauber,0 days 01:10:13.786000,2024-05-24 15:55:23.730,1,,False,,False,True,78.004,78.004
636,0 days 01:12:47.195000,BOT,77,0 days 00:01:15.405000,27.0,3.0,,,19.88,35.435,20.09,0 days 01:11:51.670000,0 days 01:12:27.105000,0 days 01:12:47.195000,210.0,190.0,255.0,276.0,False,MEDIUM,13.0,False,Kick Sauber,0 days 01:11:31.790000,2024-05-24 15:56:41.734,1,,False,,False,True,75.405,75.405
637,0 days 01:14:03.133000,BOT,77,0 days 00:01:15.938000,28.0,3.0,,,19.966,35.731,20.241,0 days 01:13:07.161000,0 days 01:13:42.892000,0 days 01:14:03.133000,209.0,190.0,261.0,276.0,False,MEDIUM,14.0,False,Kick Sauber,0 days 01:12:47.195000,2024-05-24 15:57:57.139,1,,False,,False,True,75.938,75.938
638,0 days 01:15:20.662000,BOT,77,0 days 00:01:17.529000,29.0,3.0,,,20.587,36.311,20.631,0 days 01:14:23.720000,0 days 01:15:00.031000,0 days 01:15:20.662000,203.0,187.0,254.0,276.0,False,MEDIUM,15.0,False,Kick Sauber,0 days 01:14:03.133000,2024-05-24 15:59:13.077,1,,False,,False,True,77.529,77.529
639,0 days 01:17:49.819000,BOT,77,0 days 00:02:29.157000,30.0,3.0,,,27.369,54.367,67.421,0 days 01:15:48.031000,0 days 01:16:42.398000,0 days 01:17:49.819000,113.0,112.0,113.0,141.0,False,MEDIUM,16.0,False,Kick Sauber,0 days 01:15:20.662000,2024-05-24 16:00:30.606,1,,False,,False,True,149.157,149.15699999999998
640,0 days 01:19:22.338000,BOT,77,,31.0,3.0,,0 days 01:19:22.338000,25.115,50.758,,0 days 01:18:15.108000,0 days 01:19:05.929000,,137.0,157.0,,164.0,False,MEDIUM,17.0,False,Kick Sauber,0 days 01:17:49.819000,2024-05-24 16:02:59.763,1,,False,,False,False,,
641,0 days 00:18:06.675000,PIA,81,0 days 00:01:46.505000,1.0,1.0,0 days 00:16:21.270000,,34.573,44.96,26.972,0 days 00:16:55.094000,0 days 00:17:40.010000,0 days 00:18:06.806000,155.0,162.0,259.0,256.0,False,HARD,1.0,True,McLaren,0 days 00:16:21.270000,2024-05-24 15:01:31.214,1,,False,,False,False,106.505,106.505
642,0 days 00:19:22.379000,PIA,81,0 days 00:01:15.704000,2.0,1.0,,,20.234,35.187,20.283,0 days 00:18:26.909000,0 days 00:19:02.096000,0 days 00:19:22.379000,207.0,196.0,266.0,275.0,True,HARD,2.0,True,McLaren,0 days 00:18:06.675000,2024-05-24 15:03:16.619,1,,False,,False,True,75.704,75.70400000000001
643,0 days 00:20:53.717000,PIA,81,0 days 00:01:31.338000,3.0,1.0,,,24.215,44.65,22.473,0 days 00:19:46.594000,0 days 00:20:31.244000,0 days 00:20:53.717000,131.0,165.0,263.0,257.0,False,HARD,3.0,True,McLaren,0 days 00:19:22.379000,2024-05-24 15:04:32.323,1,,False,,False,True,91.338,91.338
644,0 days 00:22:08.508000,PIA,81,0 days 00:01:14.791000,4.0,1.0,,,19.701,35.292,19.798,0 days 00:21:13.418000,0 days 00:21:48.710000,0 days 00:22:08.508000,208.0,197.0,263.0,275.0,True,HARD,4.0,True,McLaren,0 days 00:20:53.717000,2024-05-24 15:06:03.661,1,,False,,False,True,74.791,74.791
645,0 days 00:23:48.472000,PIA,81,0 days 00:01:39.964000,5.0,1.0,,,26.494,50.571,22.899,0 days 00:22:35.002000,0 days 00:23:25.573000,0 days 00:23:48.472000,153.0,169.0,264.0,251.0,False,HARD,5.0,True,McLaren,0 days 00:22:08.508000,2024-05-24 15:07:18.452,1,,False,,False,True,99.964,99.964
646,0 days 00:25:02.054000,PIA,81,0 days 00:01:13.582000,6.0,1.0,,,19.364,34.68,19.538,0 days 00:24:07.836000,0 days 00:24:42.516000,0 days 00:25:02.054000,215.0,198.0,264.0,273.0,True,HARD,6.0,True,McLaren,0 days 00:23:48.472000,2024-05-24 15:08:58.416,1,,False,,False,True,73.582,73.582
647,0 days 00:26:32.590000,PIA,81,0 days 00:01:30.536000,7.0,1.0,,,22.408,45.377,22.751,0 days 00:25:24.462000,0 days 00:26:09.839000,0 days 00:26:32.590000,146.0,162.0,265.0,243.0,False,HARD,7.0,True,McLaren,0 days 00:25:02.054000,2024-05-24 15:10:11.998,1,,False,,False,True,90.536,90.536
648,0 days 00:27:46.030000,PIA,81,0 days 00:01:13.440000,8.0,1.0,,,19.273,34.58,19.587,0 days 00:26:51.863000,0 days 00:27:26.443000,0 days 00:27:46.030000,218.0,200.0,265.0,275.0,True,HARD,8.0,True,McLaren,0 days 00:26:32.590000,2024-05-24 15:11:42.534,1,,False,,False,True,73.44,73.44
649,0 days 00:29:19.649000,PIA,81,0 days 00:01:33.619000,9.0,1.0,,,25.263,46.36,21.996,0 days 00:28:11.293000,0 days 00:28:57.653000,0 days 00:29:19.649000,68.0,170.0,266.0,255.0,False,HARD,9.0,True,McLaren,0 days 00:27:46.030000,2024-05-24 15:12:55.974,1,,False,,False,True,93.619,93.619
650,0 days 00:30:32.599000,PIA,81,0 days 00:01:12.950000,10.0,1.0,,,18.993,34.405,19.552,0 days 00:29:38.642000,0 days 00:30:13.047000,0 days 00:30:32.599000,219.0,201.0,263.0,278.0,True,HARD,10.0,True,McLaren,0 days 00:29:19.649000,2024-05-24 15:14:29.593,1,,False,,False,True,72.95,72.94999999999999
651,0 days 00:39:29.203000,PIA,81,,11.0,1.0,,0 days 00:31:54.642000,24.939,40.532,,0 days 00:30:57.864000,0 days 00:31:38.357000,,76.0,172.0,,262.0,False,HARD,11.0,True,McLaren,0 days 00:30:32.599000,2024-05-24 15:15:42.543,1,,False,,False,False,,
652,0 days 00:41:08.173000,PIA,81,0 days 00:01:38.970000,12.0,2.0,0 days 00:39:29.815000,,29.08,44.129,25.761,0 days 00:39:58.283000,0 days 00:40:42.412000,0 days 00:41:08.173000,166.0,158.0,261.0,254.0,False,MEDIUM,1.0,True,McLaren,0 days 00:39:29.203000,2024-05-24 15:24:39.147,1,,False,,False,False,98.97,98.97
653,0 days 00:43:25.486000,PIA,81,0 days 00:02:17.313000,13.0,2.0,,0 days 00:42:18.458000,19.317,34.431,83.565,0 days 00:41:27.490000,0 days 00:42:01.921000,0 days 00:43:25.486000,217.0,200.0,,278.0,False,MEDIUM,2.0,True,McLaren,0 days 00:41:08.173000,2024-05-24 15:26:18.117,1,,False,,False,False,137.313,137.313
654,0 days 00:44:56.213000,PIA,81,0 days 00:01:30.727000,14.0,3.0,0 days 00:43:26.205000,,27.679,39.787,23.261,0 days 00:43:53.165000,0 days 00:44:32.952000,0 days 00:44:56.213000,179.0,173.0,266.0,251.0,False,MEDIUM,3.0,False,McLaren,0 days 00:43:25.486000,2024-05-24 15:28:35.430,1,,False,,False,False,90.727,90.72699999999999
655,0 days 00:46:08.582000,PIA,81,0 days 00:01:12.369000,15.0,3.0,,,18.909,34.3,19.16,0 days 00:45:15.122000,0 days 00:45:49.422000,0 days 00:46:08.582000,221.0,200.0,268.0,277.0,True,MEDIUM,4.0,False,McLaren,0 days 00:44:56.213000,2024-05-24 15:30:06.157,12,,False,,False,True,72.369,72.369
656,0 days 00:47:51.023000,PIA,81,0 days 00:01:42.441000,16.0,3.0,,,25.431,47.832,29.178,0 days 00:46:34.013000,0 days 00:47:21.845000,0 days 00:47:51.023000,133.0,123.0,266.0,248.0,False,MEDIUM,5.0,False,McLaren,0 days 00:46:08.582000,2024-05-24 15:31:18.526,1,,False,,False,True,102.441,102.441
657,0 days 00:49:03.389000,PIA,81,0 days 00:01:12.366000,17.0,3.0,,,18.912,34.113,19.341,0 days 00:48:09.935000,0 days 00:48:44.048000,0 days 00:49:03.389000,220.0,199.0,268.0,279.0,True,MEDIUM,6.0,False,McLaren,0 days 00:47:51.023000,2024-05-24 15:33:00.967,1,,False,,False,True,72.366,72.366
658,0 days 00:55:31.572000,PIA,81,,18.0,3.0,,0 days 00:50:23.769000,21.722,39.617,,0 days 00:49:25.192000,0 days 00:50:04.901000,,162.0,154.0,,246.0,False,MEDIUM,7.0,False,McLaren,0 days 00:49:03.389000,2024-05-24 15:34:13.333,1,,False,,False,False,,
659,0 days 00:56:52.662000,PIA,81,0 days 00:01:21.090000,19.0,4.0,0 days 00:55:32.281000,,23.672,36.147,21.271,0 days 00:55:55.244000,0 days 00:56:31.391000,0 days 00:56:52.662000,198.0,187.0,253.0,273.0,False,MEDIUM,8.0,False,McLaren,0 days 00:55:31.572000,2024-05-24 15:40:41.516,1,,False,,False,False,81.09,81.09
660,0 days 00:58:08.945000,PIA,81,0 days 00:01:16.283000,20.0,4.0,,,20.061,35.596,20.626,0 days 00:57:12.723000,0 days 00:57:48.319000,0 days 00:58:08.945000,207.0,188.0,253.0,275.0,False,MEDIUM,9.0,False,McLaren,0 days 00:56:52.662000,2024-05-24 15:42:02.606,1,,False,,False,True,76.283,76.283
661,0 days 00:59:24.990000,PIA,81,0 days 00:01:16.045000,21.0,4.0,,,19.857,35.863,20.325,0 days 00:58:28.802000,0 days 00:59:04.665000,0 days 00:59:24.990000,206.0,192.0,254.0,274.0,False,MEDIUM,10.0,False,McLaren,0 days 00:58:08.945000,2024-05-24 15:43:18.889,1,,False,,False,True,76.045,76.045
662,0 days 01:00:40.971000,PIA,81,0 days 00:01:15.981000,22.0,4.0,,,20.022,35.637,20.322,0 days 00:59:45.012000,0 days 01:00:20.649000,0 days 01:00:40.971000,207.0,190.0,253.0,274.0,False,MEDIUM,11.0,False,McLaren,0 days 00:59:24.990000,2024-05-24 15:44:34.934,1,,False,,False,True,75.981,75.981
663,0 days 01:01:56.351000,PIA,81,0 days 00:01:15.380000,23.0,4.0,,,19.918,35.29,20.172,0 days 01:01:00.889000,0 days 01:01:36.179000,0 days 01:01:56.351000,207.0,194.0,254.0,275.0,False,MEDIUM,12.0,False,McLaren,0 days 01:00:40.971000,2024-05-24 15:45:50.915,1,,False,,False,True,75.38,75.38
664,0 days 01:03:11.188000,PIA,81,0 days 00:01:14.837000,24.0,4.0,,,19.703,35.09,20.044,0 days 01:02:16.054000,0 days 01:02:51.144000,0 days 01:03:11.188000,210.0,196.0,255.0,277.0,False,MEDIUM,13.0,False,McLaren,0 days 01:01:56.351000,2024-05-24 15:47:06.295,1,,False,,False,True,74.837,74.837
665,0 days 01:04:27.547000,PIA,81,0 days 00:01:16.359000,25.0,4.0,,,20.633,35.424,20.302,0 days 01:03:31.821000,0 days 01:04:07.245000,0 days 01:04:27.547000,207.0,192.0,256.0,277.0,False,MEDIUM,14.0,False,McLaren,0 days 01:03:11.188000,2024-05-24 15:48:21.132,12,,False,,False,True,76.359,76.35900000000001
666,0 days 01:05:49.029000,PIA,81,0 days 00:01:21.482000,26.0,4.0,,,19.74,36.03,25.712,0 days 01:04:47.287000,0 days 01:05:23.317000,0 days 01:05:49.029000,209.0,134.0,253.0,277.0,False,MEDIUM,15.0,False,McLaren,0 days 01:04:27.547000,2024-05-24 15:49:37.491,1,,False,,False,True,81.482,81.482
667,0 days 01:07:04.414000,PIA,81,0 days 00:01:15.385000,27.0,4.0,,,19.812,35.482,20.091,0 days 01:06:08.841000,0 days 01:06:44.323000,0 days 01:07:04.414000,210.0,192.0,255.0,275.0,False,MEDIUM,16.0,False,McLaren,0 days 01:05:49.029000,2024-05-24 15:50:58.973,1,,False,,False,True,75.385,75.38499999999999
668,0 days 01:08:20.055000,PIA,81,0 days 00:01:15.641000,28.0,4.0,,,19.693,35.685,20.263,0 days 01:07:24.107000,0 days 01:07:59.792000,0 days 01:08:20.055000,210.0,191.0,257.0,277.0,False,MEDIUM,17.0,False,McLaren,0 days 01:07:04.414000,2024-05-24 15:52:14.358,1,,False,,False,True,75.641,75.641
669,0 days 01:09:48.484000,PIA,81,0 days 00:01:28.429000,29.0,4.0,,,20.096,42.726,25.607,0 days 01:08:40.151000,0 days 01:09:22.877000,0 days 01:09:48.484000,200.0,159.0,255.0,281.0,False,MEDIUM,18.0,False,McLaren,0 days 01:08:20.055000,2024-05-24 15:53:29.999,1,,False,,False,True,88.429,88.429
670,0 days 01:11:05.728000,PIA,81,0 days 00:01:17.244000,30.0,4.0,,,20.12,36.234,20.89,0 days 01:10:08.604000,0 days 01:10:44.838000,0 days 01:11:05.728000,206.0,190.0,256.0,279.0,False,MEDIUM,19.0,False,McLaren,0 days 01:09:48.484000,2024-05-24 15:54:58.428,1,,False,,False,True,77.244,77.244
671,0 days 01:12:22.132000,PIA,81,0 days 00:01:16.404000,31.0,4.0,,,19.946,35.961,20.497,0 days 01:11:25.674000,0 days 01:12:01.635000,0 days 01:12:22.132000,206.0,194.0,268.0,279.0,False,MEDIUM,20.0,False,McLaren,0 days 01:11:05.728000,2024-05-24 15:56:15.672,1,,False,,False,True,76.404,76.404
672,0 days 01:13:58.427000,PIA,81,0 days 00:01:36.295000,32.0,4.0,,0 days 01:13:33.430000,20.481,36.476,39.338,0 days 01:12:42.613000,0 days 01:13:19.089000,0 days 01:13:58.427000,201.0,190.0,,279.0,False,MEDIUM,21.0,False,McLaren,0 days 01:12:22.132000,2024-05-24 15:57:32.076,1,,False,,False,False,96.295,96.295
673,0 days 01:15:17.196000,PIA,81,0 days 00:01:18.769000,33.0,5.0,0 days 01:13:59.091000,,22.599,35.829,20.341,0 days 01:14:21.026000,0 days 01:14:56.855000,0 days 01:15:17.196000,207.0,192.0,254.0,278.0,False,HARD,12.0,False,McLaren,0 days 01:13:58.427000,2024-05-24 15:59:08.371,1,,False,,False,False,78.769,78.769
674,0 days 01:17:18.594000,PIA,81,0 days 00:02:01.398000,34.0,5.0,,,26.163,43.325,51.91,0 days 01:15:43.359000,0 days 01:16:26.684000,0 days 01:17:18.594000,134.0,149.0,84.0,201.0,False,HARD,13.0,False,McLaren,0 days 01:15:17.196000,2024-05-24 16:00:27.140,1,,False,,False,True,121.398,121.398
675,0 days 01:18:52.888000,PIA,81,,35.0,5.0,,0 days 01:18:52.888000,25.259,44.205,,0 days 01:17:44.015000,0 days 01:18:28.331000,,131.0,156.0,,239.0,False,HARD,14.0,False,McLaren,0 days 01:17:18.594000,2024-05-24 16:02:28.538,1,,False,,False,False,,
