,Time,Driver,DriverNumber,LapTime,LapNumber,Stint,PitOutTime,PitInTime,Sector1Time,Sector2Time,Sector3Time,Sector1SessionTime,Sector2SessionTime,Sector3SessionTime,SpeedI1,SpeedI2,SpeedFL,SpeedST,IsPersonalBest,Compound,TyreLife,FreshTyre,Team,LapStartTime,LapStartDate,TrackStatus,Position,Deleted,DeletedReason,FastF1Generated,IsAccurate,LapTime_in_seconds,laptime_sum_sectortimes
0,0 days 00:19:26.693000,VER,1,0 days 00:02:22.177000,1.0,1.0,0 days 00:17:10.617000,,41.168,46.566,54.443,0 days 00:17:45.767000,0 days 00:18:32.377000,0 days 00:19:26.757000,68.0,206.0,303.0,165.0,False,MEDIUM,1.0,True,Red Bull Racing,0 days 00:17:10.617000,2022-07-23 11:02:10.627,1,,False,,False,False,142.177,142.17700000000002
1,0 days 00:20:59.530000,VER,1,0 days 00:01:32.837000,2.0,1.0,,,23.463,28.321,41.053,0 days 00:19:50.156000,0 days 00:20:18.477000,0 days 00:20:59.530000,110.0,280.0,302.0,334.0,True,MEDIUM,2.0,True,Red Bull Racing,0 days 00:19:26.693000,2022-07-23 11:04:26.703,1,,False,,False,True,92.837,92.837
2,0 days 00:24:03.824000,VER,1,,3.0,1.0,,,47.001,66.569,70.67,0 days 00:21:46.639000,0 days 00:22:53.194000,0 days 00:24:03.871000,70.0,82.0,304.0,117.0,False,MEDIUM,3.0,True,Red Bull Racing,0 days 00:20:59.530000,2022-07-23 11:05:59.540,1,,False,,False,False,,184.24
3,0 days 00:25:36.632000,VER,1,0 days 00:01:32.808000,4.0,1.0,,,23.418,28.246,41.144,0 days 00:24:27.242000,0 days 00:24:55.488000,0 days 00:25:36.632000,110.0,280.0,302.0,335.0,True,MEDIUM,4.0,True,Red Bull Racing,0 days 00:24:03.824000,2022-07-23 11:09:03.834,1,,False,,False,True,92.808,92.80799999999999
4,0 days 00:36:58.142000,VER,1,,5.0,1.0,,0 days 00:27:09.746000,26.791,31.45,,0 days 00:26:03.520000,0 days 00:26:34.948000,,96.0,253.0,,276.0,False,MEDIUM,5.0,True,Red Bull Racing,0 days 00:25:36.632000,2022-07-23 11:10:36.642,1,,False,,False,False,,
5,0 days 00:39:03.797000,VER,1,0 days 00:02:05.655000,6.0,2.0,0 days 00:37:17.661000,,47.401,31.268,46.986,0 days 00:37:45.543000,0 days 00:38:16.811000,0 days 00:39:03.797000,101.0,270.0,284.0,287.0,False,MEDIUM,6.0,False,Red Bull Racing,0 days 00:36:58.142000,2022-07-23 11:21:58.152,1,,False,,False,False,125.655,125.655
6,0 days 00:40:41.908000,VER,1,0 days 00:01:38.111000,7.0,2.0,,,24.73,29.808,43.573,0 days 00:39:28.527000,0 days 00:39:58.335000,0 days 00:40:41.908000,109.0,271.0,284.0,314.0,False,MEDIUM,7.0,False,Red Bull Racing,0 days 00:39:03.797000,2022-07-23 11:24:03.807,1,,False,,False,True,98.111,98.11099999999999
7,0 days 00:42:20.282000,VER,1,0 days 00:01:38.374000,8.0,2.0,,,24.981,29.882,43.511,0 days 00:41:06.889000,0 days 00:41:36.771000,0 days 00:42:20.282000,107.0,271.0,285.0,314.0,False,MEDIUM,8.0,False,Red Bull Racing,0 days 00:40:41.908000,2022-07-23 11:25:41.918,1,,False,,False,True,98.374,98.374
8,0 days 00:43:59.016000,VER,1,0 days 00:01:38.734000,9.0,2.0,,,25.144,29.899,43.691,0 days 00:42:45.426000,0 days 00:43:15.325000,0 days 00:43:59.016000,107.0,271.0,284.0,314.0,False,MEDIUM,9.0,False,Red Bull Racing,0 days 00:42:20.282000,2022-07-23 11:27:20.292,1,,False,,False,True,98.734,98.73400000000001
9,0 days 00:45:37.896000,VER,1,0 days 00:01:38.880000,10.0,2.0,,,25.183,30.087,43.61,0 days 00:44:24.199000,0 days 00:44:54.286000,0 days 00:45:37.896000,104.0,272.0,284.0,315.0,False,MEDIUM,10.0,False,Red Bull Racing,0 days 00:43:59.016000,2022-07-23 11:28:59.026,1,,False,,False,True,98.88,98.88
10,0 days 00:47:16.662000,VER,1,0 days 00:01:38.766000,11.0,2.0,,,25.068,30.055,43.643,0 days 00:46:02.964000,0 days 00:46:33.019000,0 days 00:47:16.662000,106.0,272.0,284.0,314.0,False,MEDIUM,11.0,False,Red Bull Racing,0 days 00:45:37.896000,2022-07-23 11:30:37.906,1,,False,,False,True,98.766,98.766
11,0 days 00:48:55.780000,VER,1,0 days 00:01:39.118000,12.0,2.0,,,25.309,30.013,43.796,0 days 00:47:41.971000,0 days 00:48:11.984000,0 days 00:48:55.780000,104.0,272.0,284.0,315.0,False,MEDIUM,12.0,False,Red Bull Racing,0 days 00:47:16.662000,2022-07-23 11:32:16.672,1,,False,,False,True,99.118,99.118
12,0 days 00:50:34.702000,VER,1,0 days 00:01:38.922000,13.0,2.0,,,25.179,30.072,43.671,0 days 00:49:20.959000,0 days 00:49:51.031000,0 days 00:50:34.702000,102.0,272.0,284.0,315.0,False,MEDIUM,13.0,False,Red Bull Racing,0 days 00:48:55.780000,2022-07-23 11:33:55.790,1,,False,,False,True,98.922,98.922
13,0 days 00:52:13.749000,VER,1,0 days 00:01:39.047000,14.0,2.0,,,25.154,29.948,43.945,0 days 00:50:59.856000,0 days 00:51:29.804000,0 days 00:52:13.749000,105.0,272.0,283.0,314.0,False,MEDIUM,14.0,False,Red Bull Racing,0 days 00:50:34.702000,2022-07-23 11:35:34.712,1,,False,,False,True,99.047,99.047
14,0 days 00:53:52.543000,VER,1,0 days 00:01:38.794000,15.0,2.0,,,25.213,29.905,43.676,0 days 00:52:38.962000,0 days 00:53:08.867000,0 days 00:53:52.543000,107.0,273.0,284.0,314.0,False,MEDIUM,15.0,False,Red Bull Racing,0 days 00:52:13.749000,2022-07-23 11:37:13.759,1,,False,,False,True,98.794,98.79400000000001
15,0 days 01:03:51.656000,VER,1,,16.0,2.0,,0 days 00:55:23.029000,25.469,30.23,,0 days 00:54:18.199000,0 days 00:54:48.378000,,104.0,274.0,,310.0,False,MEDIUM,16.0,False,Red Bull Racing,0 days 00:53:52.543000,2022-07-23 11:38:52.553,12,,False,,False,False,,
16,0 days 01:06:21.225000,VER,1,0 days 00:02:29.569000,17.0,3.0,0 days 01:03:57.743000,,46.126,45.936,57.507,0 days 01:04:37.782000,0 days 01:05:23.718000,0 days 01:06:21.225000,79.0,212.0,302.0,210.0,False,SOFT,1.0,True,Red Bull Racing,0 days 01:03:51.656000,2022-07-23 11:48:51.666,1,,False,,False,False,149.569,149.569
17,0 days 01:07:53.497000,VER,1,0 days 00:01:32.272000,18.0,3.0,,,23.262,28.111,40.899,0 days 01:06:44.487000,0 days 01:07:12.598000,0 days 01:07:53.497000,117.0,282.0,301.0,334.0,True,SOFT,2.0,True,Red Bull Racing,0 days 01:06:21.225000,2022-07-23 11:51:21.235,1,,False,,False,True,92.272,92.272
18,0 days 01:11:23.380000,VER,1,,19.0,3.0,,0 days 01:10:58.793000,48.604,70.663,90.616,0 days 01:08:42.171000,0 days 01:09:52.913000,0 days 01:11:23.380000,80.0,88.0,,108.0,False,SOFT,3.0,True,Red Bull Racing,0 days 01:07:53.497000,2022-07-23 11:52:53.507,1,,False,,False,False,,209.88299999999998
19,0 days 01:14:12.102000,VER,1,,20.0,4.0,0 days 01:11:29.436000,,51.421,53.539,63.723,0 days 01:12:14.866000,0 days 01:13:08.478000,0 days 01:14:12.113000,79.0,136.0,304.0,141.0,False,SOFT,4.0,False,Red Bull Racing,0 days 01:11:23.380000,2022-07-23 11:56:23.390,12,,False,,False,False,,168.683
20,0 days 01:15:46.017000,VER,1,0 days 00:01:33.915000,21.0,4.0,,,23.428,28.237,42.25,0 days 01:14:35.530000,0 days 01:15:03.767000,0 days 01:15:46.017000,111.0,282.0,280.0,335.0,False,SOFT,5.0,False,Red Bull Racing,0 days 01:14:12.102000,2022-07-23 11:59:12.112,1,,False,,False,True,93.915,93.91499999999999
21,0 days 01:19:18.069000,VER,1,,22.0,4.0,,,36.217,50.272,,0 days 01:16:22.303000,0 days 01:17:12.621000,,93.0,140.0,114.0,125.0,False,SOFT,6.0,False,Red Bull Racing,0 days 01:15:46.017000,2022-07-23 12:00:46.027,1,,False,,False,False,,
22,0 days 01:21:20.384000,VER,1,,23.0,4.0,,0 days 01:21:20.384000,42.443,42.194,,0 days 01:20:00.499000,0 days 01:20:42.733000,,80.0,234.0,,231.0,False,SOFT,7.0,False,Red Bull Racing,0 days 01:19:18.069000,2022-07-23 12:04:18.079,1,,False,,False,False,,
23,0 days 00:25:24.519000,RIC,3,0 days 00:02:14.211000,1.0,1.0,0 days 00:23:20.423000,,48.183,33.99,52.038,0 days 00:23:58.637000,0 days 00:24:32.608000,0 days 00:25:24.570000,91.0,252.0,290.0,298.0,False,MEDIUM,1.0,True,McLaren,0 days 00:23:20.423000,2022-07-23 11:08:20.433,1,,False,,False,False,134.211,134.211
24,0 days 00:27:00.168000,RIC,3,0 days 00:01:35.649000,2.0,1.0,,,24.138,29.358,42.153,0 days 00:25:48.657000,0 days 00:26:18.015000,0 days 00:27:00.168000,115.0,270.0,291.0,317.0,True,MEDIUM,2.0,True,McLaren,0 days 00:25:24.519000,2022-07-23 11:10:24.529,1,,False,,False,True,95.649,95.649
25,0 days 00:29:36.692000,RIC,3,,3.0,1.0,,,41.565,54.074,60.826,0 days 00:27:41.885000,0 days 00:28:35.984000,0 days 00:29:36.692000,74.0,130.0,293.0,237.0,False,MEDIUM,3.0,True,McLaren,0 days 00:27:00.168000,2022-07-23 11:12:00.178,1,,False,,False,False,,156.465
26,0 days 00:31:12.073000,RIC,3,0 days 00:01:35.381000,4.0,1.0,,,23.997,29.17,42.214,0 days 00:30:00.689000,0 days 00:30:29.859000,0 days 00:31:12.073000,112.0,271.0,293.0,322.0,True,MEDIUM,4.0,True,McLaren,0 days 00:29:36.692000,2022-07-23 11:14:36.702,1,,False,,False,True,95.381,95.381
27,0 days 00:42:35.293000,RIC,3,,5.0,1.0,,0 days 00:33:11.799000,31.142,38.631,,0 days 00:31:43.326000,0 days 00:32:21.924000,,96.0,253.0,,185.0,False,MEDIUM,5.0,True,McLaren,0 days 00:31:12.073000,2022-07-23 11:16:12.083,1,,False,,False,False,,
28,0 days 00:44:53.665000,RIC,3,0 days 00:02:18.372000,6.0,2.0,0 days 00:42:44.803000,,47.797,37.687,52.888,0 days 00:43:23.090000,0 days 00:44:00.777000,0 days 00:44:53.665000,92.0,209.0,292.0,263.0,False,MEDIUM,6.0,False,McLaren,0 days 00:42:35.293000,2022-07-23 11:27:35.303,1,,False,,False,False,138.372,138.37199999999999
29,0 days 00:46:28.808000,RIC,3,0 days 00:01:35.143000,7.0,2.0,,,23.908,29.071,42.164,0 days 00:45:17.573000,0 days 00:45:46.644000,0 days 00:46:28.808000,110.0,271.0,293.0,321.0,True,MEDIUM,7.0,False,McLaren,0 days 00:44:53.665000,2022-07-23 11:29:53.675,1,,False,,False,True,95.143,95.143
30,0 days 00:48:37.280000,RIC,3,0 days 00:02:08.472000,8.0,2.0,,,34.163,39.064,55.245,0 days 00:47:02.971000,0 days 00:47:42.035000,0 days 00:48:37.280000,89.0,253.0,293.0,232.0,False,MEDIUM,8.0,False,McLaren,0 days 00:46:28.808000,2022-07-23 11:31:28.818,1,,False,,False,True,128.472,128.472
31,0 days 00:59:25.409000,RIC,3,,9.0,2.0,,0 days 00:50:11.503000,24.09,29.476,,0 days 00:49:01.488000,0 days 00:49:30.936000,,110.0,254.0,,322.0,False,MEDIUM,9.0,False,McLaren,0 days 00:48:37.280000,2022-07-23 11:33:37.290,12,,False,,False,False,,
32,0 days 01:01:34.114000,RIC,3,0 days 00:02:08.705000,10.0,3.0,0 days 00:59:31.600000,,38.84,37.872,51.993,0 days 01:00:04.249000,0 days 01:00:42.121000,0 days 01:01:34.114000,93.0,150.0,298.0,283.0,False,SOFT,1.0,True,McLaren,0 days 00:59:25.409000,2022-07-23 11:44:25.419,1,,False,,False,False,128.705,128.705
33,0 days 01:03:07.902000,RIC,3,0 days 00:01:33.788000,11.0,3.0,,,23.647,28.569,41.572,0 days 01:01:57.761000,0 days 01:02:26.330000,0 days 01:03:07.902000,113.0,276.0,296.0,328.0,True,SOFT,2.0,True,McLaren,0 days 01:01:34.114000,2022-07-23 11:46:34.124,1,,False,,False,True,93.788,93.788
34,0 days 01:05:45.649000,RIC,3,,12.0,3.0,,,38.059,51.755,67.856,0 days 01:03:46.102000,0 days 01:04:37.915000,0 days 01:05:45.649000,90.0,178.0,204.0,195.0,False,SOFT,3.0,True,McLaren,0 days 01:03:07.902000,2022-07-23 11:48:07.912,1,,False,,False,False,,157.67
35,0 days 01:08:11.862000,RIC,3,0 days 00:02:26.213000,13.0,3.0,,,36.609,50.033,59.571,0 days 01:06:22.258000,0 days 01:07:12.291000,0 days 01:08:11.862000,89.0,129.0,291.0,187.0,False,SOFT,4.0,True,McLaren,0 days 01:05:45.649000,2022-07-23 11:50:45.659,1,,False,,False,True,146.213,146.213
36,0 days 01:14:38.103000,RIC,3,,14.0,3.0,,0 days 01:09:43.675000,24.234,28.899,,0 days 01:08:36.210000,0 days 01:09:05.109000,,111.0,272.0,,318.0,False,SOFT,5.0,True,McLaren,0 days 01:08:11.862000,2022-07-23 11:53:11.872,12,,False,,False,False,,
37,0 days 01:16:42.635000,RIC,3,0 days 00:02:04.532000,15.0,4.0,0 days 01:14:44.227000,,45.858,32.669,46.005,0 days 01:15:23.961000,0 days 01:15:56.630000,0 days 01:16:42.635000,108.0,253.0,279.0,282.0,False,MEDIUM,10.0,False,McLaren,0 days 01:14:38.103000,2022-07-23 11:59:38.113,1,,False,,False,False,124.532,124.53199999999998
38,0 days 01:19:11.935000,RIC,3,0 days 00:02:29.300000,16.0,4.0,,,26.216,33.083,90.001,0 days 01:17:08.851000,0 days 01:17:41.934000,0 days 01:19:11.935000,100.0,237.0,170.0,247.0,False,MEDIUM,11.0,False,McLaren,0 days 01:16:42.635000,2022-07-23 12:01:42.645,1,,False,,False,True,149.3,149.3
39,0 days 01:21:39.123000,RIC,3,,17.0,4.0,,0 days 01:21:39.123000,28.585,65.248,,0 days 01:19:40.596000,0 days 01:20:45.878000,,83.0,95.0,,116.0,False,MEDIUM,12.0,False,McLaren,0 days 01:19:11.935000,2022-07-23 12:04:11.945,1,,False,,False,False,,
40,0 days 00:31:50.165000,NOR,4,,1.0,1.0,0 days 00:29:20.868000,,52.886,42.82,62.443,0 days 00:30:05.075000,0 days 00:30:47.857000,0 days 00:31:50.232000,94.0,230.0,292.0,237.0,False,SOFT,1.0,True,McLaren,0 days 00:29:20.868000,2022-07-23 11:14:20.878,1,,False,,False,False,,158.149
41,0 days 00:33:24.734000,NOR,4,0 days 00:01:34.569000,2.0,1.0,,,23.843,28.977,41.749,0 days 00:32:14.008000,0 days 00:32:42.985000,0 days 00:33:24.734000,110.0,271.0,293.0,321.0,True,SOFT,2.0,True,McLaren,0 days 00:31:50.165000,2022-07-23 11:16:50.175,1,,False,,False,True,94.569,94.569
42,0 days 00:36:11.508000,NOR,4,,3.0,1.0,,0 days 00:35:37.302000,34.125,48.632,83.999,0 days 00:33:59.011000,0 days 00:34:47.707000,0 days 00:36:11.513000,87.0,186.0,,125.0,False,SOFT,3.0,True,McLaren,0 days 00:33:24.734000,2022-07-23 11:18:24.744,1,,False,,False,False,,166.756
43,0 days 00:38:24.284000,NOR,4,0 days 00:02:12.776000,4.0,2.0,0 days 00:36:17.646000,,39.56,38.545,54.671,0 days 00:36:51.068000,0 days 00:37:29.613000,0 days 00:38:24.284000,86.0,217.0,291.0,282.0,False,SOFT,4.0,False,McLaren,0 days 00:36:11.508000,2022-07-23 11:21:11.518,1,,False,,False,False,132.776,132.776
44,0 days 00:39:58.410000,NOR,4,0 days 00:01:34.126000,5.0,2.0,,,23.549,28.965,41.612,0 days 00:38:47.833000,0 days 00:39:16.798000,0 days 00:39:58.410000,114.0,272.0,294.0,320.0,True,SOFT,5.0,False,McLaren,0 days 00:38:24.284000,2022-07-23 11:23:24.294,1,,False,,False,True,94.126,94.126
45,0 days 00:52:53.547000,NOR,4,,6.0,2.0,,0 days 00:41:45.964000,27.884,38.61,,0 days 00:40:26.473000,0 days 00:41:05.055000,,88.0,248.0,,210.0,False,SOFT,6.0,False,McLaren,0 days 00:39:58.410000,2022-07-23 11:24:58.420,1,,False,,False,False,,
46,0 days 00:55:25.134000,NOR,4,,7.0,3.0,0 days 00:52:53.547000,,42.021,42.79,73.327,0 days 00:53:29.155000,0 days 00:54:12.008000,0 days 00:55:25.250000,89.0,184.0,298.0,221.0,False,SOFT,1.0,True,McLaren,0 days 00:52:53.547000,2022-07-23 11:37:53.557,1,,False,,False,False,,158.138
47,0 days 00:57:25.683000,NOR,4,0 days 00:02:00.549000,8.0,3.0,,,23.637,43.138,53.774,0 days 00:55:48.771000,0 days 00:56:31.909000,0 days 00:57:25.683000,87.0,206.0,299.0,193.0,False,SOFT,2.0,True,McLaren,0 days 00:55:25.134000,2022-07-23 11:40:25.144,12,,False,,False,True,120.549,120.549
48,0 days 00:58:59.352000,NOR,4,0 days 00:01:33.669000,9.0,3.0,,,23.365,28.556,41.748,0 days 00:57:49.048000,0 days 00:58:17.604000,0 days 00:58:59.352000,111.0,279.0,288.0,323.0,True,SOFT,3.0,True,McLaren,0 days 00:57:25.683000,2022-07-23 11:42:25.693,1,,False,,False,True,93.669,93.669
49,0 days 01:05:09.760000,NOR,4,,10.0,3.0,,0 days 01:00:35.107000,25.367,31.163,,0 days 00:59:24.901000,0 days 00:59:56.034000,,110.0,256.0,,302.0,False,SOFT,4.0,True,McLaren,0 days 00:58:59.352000,2022-07-23 11:43:59.362,1,,False,,False,False,,
50,0 days 01:07:32.403000,NOR,4,0 days 00:02:22.643000,11.0,4.0,0 days 01:05:18.636000,,50.279,39.656,52.708,0 days 01:06:00.039000,0 days 01:06:39.695000,0 days 01:07:32.403000,94.0,215.0,292.0,242.0,False,SOFT,5.0,False,McLaren,0 days 01:05:09.760000,2022-07-23 11:50:09.770,1,,False,,False,False,142.643,142.643
51,0 days 01:09:06.873000,NOR,4,0 days 00:01:34.470000,12.0,4.0,,,23.761,28.894,41.815,0 days 01:07:56.164000,0 days 01:08:25.058000,0 days 01:09:06.873000,112.0,274.0,293.0,317.0,False,SOFT,6.0,False,McLaren,0 days 01:07:32.403000,2022-07-23 11:52:32.413,1,,False,,False,True,94.47,94.47
52,0 days 01:14:17.095000,NOR,4,,13.0,4.0,,0 days 01:10:44.001000,26.534,34.409,,0 days 01:09:33.505000,0 days 01:10:07.893000,,107.0,245.0,,291.0,False,SOFT,7.0,False,McLaren,0 days 01:09:06.873000,2022-07-23 11:54:06.883,12,,False,,False,False,,
53,0 days 01:16:11.718000,NOR,4,0 days 00:01:54.623000,14.0,5.0,0 days 01:14:23.201000,,38.076,32.097,44.45,0 days 01:14:55.171000,0 days 01:15:27.268000,0 days 01:16:11.718000,106.0,255.0,279.0,288.0,False,SOFT,8.0,False,McLaren,0 days 01:14:17.095000,2022-07-23 11:59:17.105,1,,False,,False,False,114.623,114.623
54,0 days 01:19:03.772000,NOR,4,,15.0,5.0,,,26.925,38.355,,0 days 01:16:38.737000,0 days 01:17:17.060000,,100.0,222.0,166.0,195.0,False,SOFT,9.0,False,McLaren,0 days 01:16:11.718000,2022-07-23 12:01:11.728,1,,False,,False,False,,
55,0 days 01:20:45.268000,NOR,4,,16.0,5.0,,0 days 01:20:45.268000,28.838,34.053,,0 days 01:19:32.708000,0 days 01:20:06.714000,,93.0,255.0,,285.0,False,SOFT,10.0,False,McLaren,0 days 01:19:03.772000,2022-07-23 12:04:03.782,1,,False,,False,False,,
56,0 days 00:18:08.456000,VET,5,0 days 00:02:16.388000,1.0,1.0,0 days 00:15:58.139000,0 days 00:17:35.820000,36.782,30.349,69.257,0 days 00:16:28.992000,0 days 00:16:59.329000,0 days 00:18:08.456000,102.0,270.0,,308.0,False,HARD,1.0,True,Aston Martin,0 days 00:15:58.139000,2022-07-23 11:00:58.149,1,,False,,False,False,136.388,136.388
57,0 days 00:19:56.027000,VET,5,0 days 00:01:47.571000,2.0,2.0,0 days 00:18:14.577000,,33.856,29.839,43.876,0 days 00:18:42.312000,0 days 00:19:12.151000,0 days 00:19:56.027000,101.0,271.0,292.0,307.0,False,MEDIUM,1.0,True,Aston Martin,0 days 00:18:08.456000,2022-07-23 11:03:08.466,1,,False,,False,False,107.571,107.571
58,0 days 00:26:03.305000,VET,5,,3.0,2.0,,0 days 00:21:26.328000,25.065,29.581,,0 days 00:20:21.277000,0 days 00:20:50.784000,,110.0,271.0,,308.0,False,MEDIUM,2.0,True,Aston Martin,0 days 00:19:56.027000,2022-07-23 11:04:56.037,1,,False,,False,False,,
59,0 days 00:28:14.194000,VET,5,0 days 00:02:10.889000,4.0,3.0,0 days 00:26:09.408000,,40.076,37.736,53.077,0 days 00:26:43.381000,0 days 00:27:21.117000,0 days 00:28:14.194000,88.0,239.0,292.0,249.0,False,MEDIUM,1.0,True,Aston Martin,0 days 00:26:03.305000,2022-07-23 11:11:03.315,1,,False,,False,False,130.889,130.889
60,0 days 00:29:49.956000,VET,5,0 days 00:01:35.762000,5.0,3.0,,,24.164,29.105,42.493,0 days 00:28:38.358000,0 days 00:29:07.463000,0 days 00:29:49.956000,112.0,274.0,291.0,319.0,True,MEDIUM,2.0,True,Aston Martin,0 days 00:28:14.194000,2022-07-23 11:13:14.204,1,,False,,False,True,95.762,95.762
61,0 days 00:32:38.763000,VET,5,,6.0,3.0,,,40.871,59.637,68.384,0 days 00:30:30.928000,0 days 00:31:30.608000,0 days 00:32:38.873000,77.0,108.0,292.0,136.0,False,MEDIUM,3.0,True,Aston Martin,0 days 00:29:49.956000,2022-07-23 11:14:49.966,1,,False,,False,False,,168.892
62,0 days 00:34:14.072000,VET,5,0 days 00:01:35.309000,7.0,3.0,,,24.009,29.117,42.183,0 days 00:33:02.772000,0 days 00:33:31.889000,0 days 00:34:14.072000,114.0,273.0,291.0,316.0,True,MEDIUM,4.0,True,Aston Martin,0 days 00:32:38.763000,2022-07-23 11:17:38.773,1,,False,,False,True,95.309,95.309
63,0 days 00:37:00.315000,VET,5,,8.0,3.0,,0 days 00:36:27.951000,31.347,48.479,86.39,0 days 00:34:45.624000,0 days 00:35:34.040000,0 days 00:37:00.355000,83.0,175.0,,162.0,False,MEDIUM,5.0,True,Aston Martin,0 days 00:34:14.072000,2022-07-23 11:19:14.082,1,,False,,False,False,,166.216
64,0 days 00:39:24.673000,VET,5,0 days 00:02:24.358000,9.0,4.0,0 days 00:37:06.435000,,44.809,43.874,55.675,0 days 00:37:45.124000,0 days 00:38:28.998000,0 days 00:39:24.673000,96.0,219.0,299.0,141.0,False,MEDIUM,6.0,False,Aston Martin,0 days 00:37:00.315000,2022-07-23 11:22:00.325,1,,False,,False,False,144.358,144.358
65,0 days 00:40:59.209000,VET,5,0 days 00:01:34.536000,10.0,4.0,,,23.715,28.83,41.991,0 days 00:39:48.388000,0 days 00:40:17.218000,0 days 00:40:59.209000,113.0,279.0,296.0,322.0,True,MEDIUM,7.0,False,Aston Martin,0 days 00:39:24.673000,2022-07-23 11:24:24.683,1,,False,,False,True,94.536,94.536
66,0 days 00:42:42.897000,VET,5,,11.0,4.0,,0 days 00:42:42.897000,28.999,33.832,,0 days 00:41:28.365000,0 days 00:42:02.200000,,100.0,245.0,,284.0,False,MEDIUM,8.0,False,Aston Martin,0 days 00:40:59.209000,2022-07-23 11:25:59.219,1,,False,,False,False,,
67,0 days 00:34:52.006000,LAT,6,0 days 00:02:11.171000,1.0,1.0,0 days 00:32:47.026000,,37.946,35.783,57.442,0 days 00:33:18.948000,0 days 00:33:54.735000,0 days 00:34:52.092000,101.0,257.0,301.0,271.0,False,SOFT,1.0,True,Williams,0 days 00:32:47.026000,2022-07-23 11:17:47.036,1,,False,,False,False,131.171,131.171
68,0 days 00:36:26.769000,LAT,6,0 days 00:01:34.763000,2.0,1.0,,,24.298,28.703,41.762,0 days 00:35:16.304000,0 days 00:35:45.007000,0 days 00:36:26.769000,118.0,278.0,299.0,329.0,True,SOFT,2.0,True,Williams,0 days 00:34:52.006000,2022-07-23 11:19:52.016,1,,False,,False,True,94.763,94.763
69,0 days 00:38:51.261000,LAT,6,0 days 00:02:24.492000,3.0,1.0,,,41.005,42.038,61.449,0 days 00:37:07.774000,0 days 00:37:49.812000,0 days 00:38:51.261000,81.0,224.0,268.0,226.0,False,SOFT,3.0,True,Williams,0 days 00:36:26.769000,2022-07-23 11:21:26.779,1,,False,,False,True,144.492,144.49200000000002
70,0 days 00:41:11.382000,LAT,6,0 days 00:02:20.121000,4.0,1.0,,,34.576,40.624,64.921,0 days 00:39:25.837000,0 days 00:40:06.461000,0 days 00:41:11.382000,91.0,237.0,296.0,186.0,False,SOFT,4.0,True,Williams,0 days 00:38:51.261000,2022-07-23 11:23:51.271,1,,False,,False,True,140.121,140.121
71,0 days 00:42:46.559000,LAT,6,0 days 00:01:35.177000,5.0,1.0,,,24.079,29.118,41.98,0 days 00:41:35.461000,0 days 00:42:04.579000,0 days 00:42:46.559000,113.0,275.0,296.0,325.0,False,SOFT,5.0,True,Williams,0 days 00:41:11.382000,2022-07-23 11:26:11.392,1,,False,,False,True,95.177,95.17699999999999
72,0 days 00:52:38.762000,LAT,6,,6.0,1.0,,0 days 00:44:34.211000,30.126,36.497,,0 days 00:43:16.842000,0 days 00:43:53.348000,,102.0,256.0,,279.0,False,SOFT,6.0,True,Williams,0 days 00:42:46.559000,2022-07-23 11:27:46.569,1,,False,,False,False,,
73,0 days 00:54:40.790000,LAT,6,0 days 00:02:02.028000,7.0,2.0,0 days 00:52:44.914000,,37.441,34.069,50.518,0 days 00:53:16.203000,0 days 00:53:50.272000,0 days 00:54:40.790000,101.0,260.0,301.0,288.0,False,SOFT,1.0,True,Williams,0 days 00:52:38.762000,2022-07-23 11:37:38.772,1,,False,,False,False,122.028,122.028
74,0 days 00:56:14.631000,LAT,6,0 days 00:01:33.841000,8.0,2.0,,,23.754,28.616,41.471,0 days 00:55:04.544000,0 days 00:55:33.160000,0 days 00:56:14.631000,118.0,280.0,299.0,327.0,True,SOFT,2.0,True,Williams,0 days 00:54:40.790000,2022-07-23 11:39:40.800,1,,False,,False,True,93.841,93.84100000000001
75,0 days 00:58:35.051000,LAT,6,0 days 00:02:20.420000,9.0,2.0,,,36.153,43.695,60.572,0 days 00:56:50.784000,0 days 00:57:34.479000,0 days 00:58:35.051000,81.0,212.0,275.0,211.0,False,SOFT,3.0,True,Williams,0 days 00:56:14.631000,2022-07-23 11:41:14.641,12,,False,,False,True,140.42,140.42000000000002
76,0 days 01:01:00.958000,LAT,6,0 days 00:02:25.907000,10.0,2.0,,,33.515,43.195,69.197,0 days 00:59:08.566000,0 days 00:59:51.761000,0 days 01:01:00.958000,89.0,248.0,296.0,92.0,False,SOFT,4.0,True,Williams,0 days 00:58:35.051000,2022-07-23 11:43:35.061,1,,False,,False,True,145.907,145.907
77,0 days 01:02:36.391000,LAT,6,0 days 00:01:35.433000,11.0,2.0,,,24.214,29.042,42.177,0 days 01:01:25.172000,0 days 01:01:54.214000,0 days 01:02:36.391000,104.0,273.0,296.0,324.0,False,SOFT,5.0,True,Williams,0 days 01:01:00.958000,2022-07-23 11:46:00.968,1,,False,,False,True,95.433,95.43299999999999
78,0 days 01:04:56.164000,LAT,6,0 days 00:02:19.773000,12.0,2.0,,0 days 01:04:22.474000,36.031,36.092,67.65,0 days 01:03:12.422000,0 days 01:03:48.514000,0 days 01:04:56.164000,90.0,258.0,,286.0,False,SOFT,6.0,True,Williams,0 days 01:02:36.391000,2022-07-23 11:47:36.401,1,,False,,False,False,139.773,139.773
79,0 days 01:13:11.058000,LAT,6,,13.0,3.0,0 days 01:05:02.299000,0 days 01:06:59.324000,40.862,37.101,,0 days 01:05:37.138000,0 days 01:06:14.258000,,84.0,254.0,,252.0,False,SOFT,7.0,False,Williams,0 days 01:04:56.164000,2022-07-23 11:49:56.174,1,,False,,False,False,,
80,0 days 01:15:37.354000,LAT,6,0 days 00:02:26.296000,14.0,4.0,0 days 01:13:32.463000,,58.396,36.086,51.814,0 days 01:14:09.454000,0 days 01:14:45.540000,0 days 01:15:37.354000,101.0,166.0,264.0,295.0,False,SOFT,7.0,False,Williams,0 days 01:13:11.058000,2022-07-23 11:58:11.068,12,,False,,False,False,146.296,146.296
81,0 days 01:18:13.318000,LAT,6,,15.0,4.0,,,31.235,35.575,89.115,0 days 01:16:08.671000,0 days 01:16:44.264000,0 days 01:18:13.318000,96.0,255.0,174.0,237.0,False,SOFT,8.0,False,Williams,0 days 01:15:37.354000,2022-07-23 12:00:37.364,1,,False,,False,False,,155.925
82,0 days 01:19:51.925000,LAT,6,,16.0,4.0,,0 days 01:19:51.925000,29.139,34.573,,0 days 01:18:42.567000,0 days 01:19:17.101000,,97.0,258.0,,262.0,False,SOFT,9.0,False,Williams,0 days 01:18:13.318000,2022-07-23 12:03:13.328,1,,False,,False,False,,
83,0 days 00:28:53.041000,GAS,10,0 days 00:02:29.763000,1.0,1.0,0 days 00:26:29.426000,,44.957,42.387,62.419,0 days 00:27:08.423000,0 days 00:27:50.730000,0 days 00:28:53.098000,83.0,203.0,295.0,291.0,False,SOFT,1.0,True,AlphaTauri,0 days 00:26:29.426000,2022-07-23 11:11:29.436,1,,False,,False,False,149.763,149.76299999999998
84,0 days 00:30:28.179000,GAS,10,0 days 00:01:35.138000,2.0,1.0,,,24.077,28.979,42.082,0 days 00:29:17.118000,0 days 00:29:46.097000,0 days 00:30:28.179000,109.0,274.0,296.0,325.0,True,SOFT,2.0,True,AlphaTauri,0 days 00:28:53.041000,2022-07-23 11:13:53.051,1,,False,,False,True,95.138,95.138
85,0 days 00:33:08.463000,GAS,10,,3.0,1.0,,,39.661,50.76,69.884,0 days 00:31:08.022000,0 days 00:31:58.740000,0 days 00:33:08.553000,74.0,185.0,222.0,225.0,False,SOFT,3.0,True,AlphaTauri,0 days 00:30:28.179000,2022-07-23 11:15:28.189,1,,False,,False,False,,160.305
86,0 days 00:35:16.754000,GAS,10,0 days 00:02:08.291000,4.0,1.0,,,33.111,39.301,55.879,0 days 00:33:41.574000,0 days 00:34:20.875000,0 days 00:35:16.754000,84.0,208.0,297.0,311.0,False,SOFT,4.0,True,AlphaTauri,0 days 00:33:08.463000,2022-07-23 11:18:08.473,1,,False,,False,True,128.291,128.291
87,0 days 00:36:51.286000,GAS,10,0 days 00:01:34.532000,5.0,1.0,,,23.707,28.913,41.912,0 days 00:35:40.461000,0 days 00:36:09.374000,0 days 00:36:51.286000,112.0,274.0,295.0,326.0,True,SOFT,5.0,True,AlphaTauri,0 days 00:35:16.754000,2022-07-23 11:20:16.764,1,,False,,False,True,94.532,94.53200000000001
88,0 days 00:39:30.292000,GAS,10,,6.0,1.0,,,38.938,49.784,70.273,0 days 00:37:30.420000,0 days 00:38:20.222000,0 days 00:39:30.409000,85.0,143.0,218.0,196.0,False,SOFT,6.0,True,AlphaTauri,0 days 00:36:51.286000,2022-07-23 11:21:51.296,1,,False,,False,False,,158.995
89,0 days 00:41:48.066000,GAS,10,0 days 00:02:17.774000,7.0,1.0,,,36.115,43.716,57.943,0 days 00:40:06.407000,0 days 00:40:50.123000,0 days 00:41:48.066000,82.0,209.0,299.0,277.0,False,SOFT,7.0,True,AlphaTauri,0 days 00:39:30.292000,2022-07-23 11:24:30.302,1,,False,,False,True,137.774,137.774
90,0 days 00:43:21.935000,GAS,10,0 days 00:01:33.869000,8.0,1.0,,,23.648,28.542,41.679,0 days 00:42:11.714000,0 days 00:42:40.256000,0 days 00:43:21.935000,112.0,278.0,298.0,328.0,True,SOFT,8.0,True,AlphaTauri,0 days 00:41:48.066000,2022-07-23 11:26:48.076,1,,False,,False,True,93.869,93.869
91,0 days 00:56:20.823000,GAS,10,,9.0,1.0,,0 days 00:44:57.106000,27.348,32.888,,0 days 00:43:49.487000,0 days 00:44:22.311000,,101.0,250.0,,276.0,False,SOFT,9.0,True,AlphaTauri,0 days 00:43:21.935000,2022-07-23 11:28:21.945,1,,False,,False,False,,
92,0 days 00:58:47.505000,GAS,10,0 days 00:02:26.682000,10.0,2.0,0 days 00:56:25.447000,,46.663,40.621,59.398,0 days 00:57:07.486000,0 days 00:57:48.107000,0 days 00:58:47.505000,86.0,208.0,296.0,290.0,False,SOFT,1.0,True,AlphaTauri,0 days 00:56:20.823000,2022-07-23 11:41:20.833,12,,False,,False,False,146.682,146.682
93,0 days 01:00:21.376000,GAS,10,0 days 00:01:33.871000,11.0,2.0,,,23.5,28.756,41.615,0 days 00:59:11.005000,0 days 00:59:39.761000,0 days 01:00:21.376000,112.0,275.0,296.0,326.0,False,SOFT,2.0,True,AlphaTauri,0 days 00:58:47.505000,2022-07-23 11:43:47.515,1,,False,,False,True,93.871,93.87100000000001
94,0 days 01:03:15.832000,GAS,10,,12.0,2.0,,,43.988,57.115,73.362,0 days 01:01:05.408000,0 days 01:02:02.610000,0 days 01:03:15.839000,71.0,154.0,247.0,147.0,False,SOFT,3.0,True,AlphaTauri,0 days 01:00:21.376000,2022-07-23 11:45:21.386,1,,False,,False,False,,174.465
95,0 days 01:05:31.180000,GAS,10,0 days 00:02:15.348000,13.0,2.0,,,35.665,39.974,59.709,0 days 01:03:51.497000,0 days 01:04:31.471000,0 days 01:05:31.180000,83.0,211.0,299.0,306.0,False,SOFT,4.0,True,AlphaTauri,0 days 01:03:15.832000,2022-07-23 11:48:15.842,1,,False,,False,True,135.348,135.348
96,0 days 01:07:05.312000,GAS,10,0 days 00:01:34.132000,14.0,2.0,,,23.668,28.653,41.811,0 days 01:05:54.848000,0 days 01:06:23.501000,0 days 01:07:05.312000,116.0,278.0,297.0,327.0,False,SOFT,5.0,True,AlphaTauri,0 days 01:05:31.180000,2022-07-23 11:50:31.190,1,,False,,False,True,94.132,94.132
97,0 days 01:13:18.773000,GAS,10,,15.0,2.0,,0 days 01:08:42.929000,25.536,32.94,,0 days 01:07:30.932000,0 days 01:08:03.890000,,107.0,253.0,,233.0,False,SOFT,6.0,True,AlphaTauri,0 days 01:07:05.312000,2022-07-23 11:52:05.322,1,,False,,False,False,,
98,0 days 01:15:38.667000,GAS,10,0 days 00:02:19.894000,16.0,3.0,0 days 01:13:46.073000,,59.14,35.46,45.294,0 days 01:14:17.913000,0 days 01:14:53.373000,0 days 01:15:38.667000,103.0,273.0,285.0,181.0,False,SOFT,7.0,False,AlphaTauri,0 days 01:13:18.773000,2022-07-23 11:58:18.783,12,,False,,False,False,139.894,139.894
99,0 days 01:17:52.477000,GAS,10,0 days 00:02:13.810000,17.0,3.0,,,28.669,32.299,72.842,0 days 01:16:07.336000,0 days 01:16:39.635000,0 days 01:17:52.477000,102.0,254.0,123.0,295.0,False,SOFT,8.0,False,AlphaTauri,0 days 01:15:38.667000,2022-07-23 12:00:38.677,1,,False,,False,True,133.81,133.81
100,0 days 01:19:28.523000,GAS,10,,18.0,3.0,,0 days 01:19:28.523000,27.911,31.626,,0 days 01:18:20.550000,0 days 01:18:52.091000,,100.0,257.0,,302.0,False,SOFT,9.0,False,AlphaTauri,0 days 01:17:52.477000,2022-07-23 12:02:52.487,1,,False,,False,False,,
101,0 days 00:17:11.215000,PER,11,0 days 00:02:07.589000,1.0,1.0,0 days 00:15:09.728000,,36.754,36.608,54.227,0 days 00:15:40.660000,0 days 00:16:17.150000,0 days 00:17:11.319000,87.0,189.0,303.0,292.0,False,MEDIUM,1.0,True,Red Bull Racing,0 days 00:15:09.728000,2022-07-23 11:00:09.738,1,,False,,False,False,127.589,127.589
102,0 days 00:18:44.843000,PER,11,0 days 00:01:33.628000,2.0,1.0,,,23.861,28.296,41.471,0 days 00:17:35.076000,0 days 00:18:03.372000,0 days 00:18:44.843000,116.0,279.0,301.0,334.0,True,MEDIUM,2.0,True,Red Bull Racing,0 days 00:17:11.215000,2022-07-23 11:02:11.225,1,,False,,False,True,93.628,93.62799999999999
103,0 days 00:21:31.075000,PER,11,,3.0,1.0,,,34.261,55.755,76.114,0 days 00:19:19.304000,0 days 00:20:14.994000,0 days 00:21:31.075000,82.0,96.0,304.0,142.0,False,MEDIUM,3.0,True,Red Bull Racing,0 days 00:18:44.843000,2022-07-23 11:03:44.853,1,,False,,False,False,,166.13
104,0 days 00:23:04.380000,PER,11,0 days 00:01:33.305000,4.0,1.0,,,23.679,28.277,41.349,0 days 00:21:54.754000,0 days 00:22:23.031000,0 days 00:23:04.380000,113.0,280.0,304.0,334.0,True,MEDIUM,4.0,True,Red Bull Racing,0 days 00:21:31.075000,2022-07-23 11:06:31.085,1,,False,,False,True,93.305,93.305
105,0 days 00:31:29.012000,PER,11,,5.0,1.0,,0 days 00:24:51.600000,29.501,42.132,,0 days 00:23:33.976000,0 days 00:24:16.067000,,85.0,248.0,,262.0,False,MEDIUM,5.0,True,Red Bull Racing,0 days 00:23:04.380000,2022-07-23 11:08:04.390,1,,False,,False,False,,
106,0 days 00:33:51.923000,PER,11,0 days 00:02:22.911000,6.0,2.0,0 days 00:32:00.566000,,65.686,32.059,45.166,0 days 00:32:34.698000,0 days 00:33:06.757000,0 days 00:33:51.923000,89.0,265.0,285.0,311.0,False,MEDIUM,6.0,False,Red Bull Racing,0 days 00:31:29.012000,2022-07-23 11:16:29.022,1,,False,,False,False,142.911,142.911
107,0 days 00:35:29.762000,PER,11,0 days 00:01:37.839000,7.0,2.0,,,24.736,29.863,43.24,0 days 00:34:16.659000,0 days 00:34:46.522000,0 days 00:35:29.762000,109.0,272.0,285.0,314.0,False,MEDIUM,7.0,False,Red Bull Racing,0 days 00:33:51.923000,2022-07-23 11:18:51.933,1,,False,,False,True,97.839,97.839
108,0 days 00:37:08.245000,PER,11,0 days 00:01:38.483000,8.0,2.0,,,24.933,30.185,43.365,0 days 00:35:54.695000,0 days 00:36:24.880000,0 days 00:37:08.245000,106.0,272.0,284.0,315.0,False,MEDIUM,8.0,False,Red Bull Racing,0 days 00:35:29.762000,2022-07-23 11:20:29.772,1,,False,,False,True,98.483,98.483
109,0 days 00:38:48.522000,PER,11,0 days 00:01:40.277000,9.0,2.0,,,25.136,30.005,45.136,0 days 00:37:33.381000,0 days 00:38:03.386000,0 days 00:38:48.522000,106.0,272.0,282.0,314.0,False,MEDIUM,9.0,False,Red Bull Racing,0 days 00:37:08.245000,2022-07-23 11:22:08.255,1,,False,,False,True,100.277,100.277
110,0 days 00:40:28.159000,PER,11,0 days 00:01:39.637000,10.0,2.0,,,25.32,30.03,44.287,0 days 00:39:13.842000,0 days 00:39:43.872000,0 days 00:40:28.159000,105.0,272.0,285.0,315.0,False,MEDIUM,10.0,False,Red Bull Racing,0 days 00:38:48.522000,2022-07-23 11:23:48.532,1,,False,,False,True,99.637,99.637
111,0 days 00:42:07.482000,PER,11,0 days 00:01:39.323000,11.0,2.0,,,25.145,30.192,43.986,0 days 00:40:53.304000,0 days 00:41:23.496000,0 days 00:42:07.482000,103.0,272.0,286.0,315.0,False,MEDIUM,11.0,False,Red Bull Racing,0 days 00:40:28.159000,2022-07-23 11:25:28.169,1,,False,,False,True,99.323,99.32300000000001
112,0 days 00:43:46.890000,PER,11,0 days 00:01:39.408000,12.0,2.0,,,25.234,30.15,44.024,0 days 00:42:32.716000,0 days 00:43:02.866000,0 days 00:43:46.890000,100.0,272.0,284.0,314.0,False,MEDIUM,12.0,False,Red Bull Racing,0 days 00:42:07.482000,2022-07-23 11:27:07.492,1,,False,,False,True,99.408,99.408
113,0 days 00:45:26.490000,PER,11,0 days 00:01:39.600000,13.0,2.0,,,25.345,30.284,43.971,0 days 00:44:12.235000,0 days 00:44:42.519000,0 days 00:45:26.490000,104.0,272.0,284.0,314.0,False,MEDIUM,13.0,False,Red Bull Racing,0 days 00:43:46.890000,2022-07-23 11:28:46.900,1,,False,,False,True,99.6,99.6
114,0 days 00:47:06.292000,PER,11,0 days 00:01:39.802000,14.0,2.0,,,25.358,30.391,44.053,0 days 00:45:51.848000,0 days 00:46:22.239000,0 days 00:47:06.292000,100.0,272.0,284.0,313.0,False,MEDIUM,14.0,False,Red Bull Racing,0 days 00:45:26.490000,2022-07-23 11:30:26.500,1,,False,,False,True,99.802,99.80199999999999
115,0 days 00:48:45.680000,PER,11,0 days 00:01:39.388000,15.0,2.0,,,25.303,30.235,43.85,0 days 00:47:31.595000,0 days 00:48:01.830000,0 days 00:48:45.680000,99.0,273.0,284.0,310.0,False,MEDIUM,15.0,False,Red Bull Racing,0 days 00:47:06.292000,2022-07-23 11:32:06.302,1,,False,,False,True,99.388,99.388
116,0 days 00:50:26.055000,PER,11,0 days 00:01:40.375000,16.0,2.0,,,25.306,30.983,44.086,0 days 00:49:10.986000,0 days 00:49:41.969000,0 days 00:50:26.055000,105.0,272.0,284.0,314.0,False,MEDIUM,16.0,False,Red Bull Racing,0 days 00:48:45.680000,2022-07-23 11:33:45.690,1,,False,,False,True,100.375,100.375
117,0 days 01:04:05.200000,PER,11,,17.0,2.0,,0 days 00:51:55.902000,25.256,30.371,,0 days 00:50:51.384000,0 days 00:51:21.756000,,100.0,272.0,,310.0,False,MEDIUM,17.0,False,Red Bull Racing,0 days 00:50:26.055000,2022-07-23 11:35:26.065,12,,False,,False,False,,
118,0 days 01:06:35.358000,PER,11,,18.0,3.0,0 days 01:04:05.200000,,44.917,52.451,58.887,0 days 01:04:44.082000,0 days 01:05:36.603000,0 days 01:06:35.369000,77.0,163.0,301.0,168.0,False,SOFT,1.0,True,Red Bull Racing,0 days 01:04:05.200000,2022-07-23 11:49:05.210,1,,False,,False,False,,156.255
119,0 days 01:08:48.141000,PER,11,0 days 00:02:12.783000,19.0,3.0,,,23.637,45.463,63.683,0 days 01:06:58.995000,0 days 01:07:44.458000,0 days 01:08:48.141000,113.0,187.0,302.0,192.0,False,SOFT,2.0,True,Red Bull Racing,0 days 01:06:35.358000,2022-07-23 11:51:35.368,1,,False,,False,True,132.783,132.783
120,0 days 01:10:21.434000,PER,11,0 days 00:01:33.293000,20.0,3.0,,,23.694,28.293,41.306,0 days 01:09:11.835000,0 days 01:09:40.128000,0 days 01:10:21.434000,112.0,281.0,301.0,333.0,True,SOFT,3.0,True,Red Bull Racing,0 days 01:08:48.141000,2022-07-23 11:53:48.151,1,,False,,False,True,93.293,93.29299999999999
121,0 days 01:12:45.156000,PER,11,0 days 00:02:23.722000,21.0,3.0,,,34.375,54.51,54.837,0 days 01:10:55.809000,0 days 01:11:50.319000,0 days 01:12:45.156000,79.0,196.0,225.0,125.0,False,SOFT,4.0,True,Red Bull Racing,0 days 01:10:21.434000,2022-07-23 11:55:21.444,1,,False,,False,True,143.722,143.72199999999998
122,0 days 01:14:47.876000,PER,11,0 days 00:02:02.720000,22.0,3.0,,,31.53,40.203,50.987,0 days 01:13:16.686000,0 days 01:13:56.889000,0 days 01:14:47.876000,91.0,266.0,303.0,241.0,False,SOFT,5.0,True,Red Bull Racing,0 days 01:12:45.156000,2022-07-23 11:57:45.166,12,,False,,False,True,122.72,122.72
123,0 days 01:16:21.241000,PER,11,0 days 00:01:33.365000,23.0,3.0,,,23.634,28.414,41.317,0 days 01:15:11.510000,0 days 01:15:39.924000,0 days 01:16:21.241000,114.0,281.0,303.0,335.0,False,SOFT,6.0,True,Red Bull Racing,0 days 01:14:47.876000,2022-07-23 11:59:47.886,1,,False,,False,True,93.365,93.36500000000001
124,0 days 01:19:17.688000,PER,11,,24.0,3.0,,,35.447,45.781,95.227,0 days 01:16:56.771000,0 days 01:17:42.560000,0 days 01:19:17.688000,86.0,192.0,187.0,185.0,False,SOFT,7.0,True,Red Bull Racing,0 days 01:16:21.241000,2022-07-23 12:01:21.251,1,,False,,False,False,,176.455
125,0 days 01:20:53.652000,PER,11,,25.0,3.0,,0 days 01:20:53.652000,27.926,32.89,,0 days 01:19:45.681000,0 days 01:20:18.579000,,77.0,253.0,,292.0,False,SOFT,8.0,True,Red Bull Racing,0 days 01:19:17.688000,2022-07-23 12:04:17.698,1,,False,,False,False,,
126,0 days 00:23:55.311000,ALO,14,,1.0,1.0,0 days 00:21:31.880000,,66.003,40.337,63.546,0 days 00:22:11.650000,0 days 00:22:51.972000,0 days 00:23:55.398000,90.0,170.0,297.0,187.0,False,MEDIUM,1.0,True,Alpine,0 days 00:21:31.880000,2022-07-23 11:06:31.890,1,,False,,False,False,,169.886
127,0 days 00:25:29.934000,ALO,14,0 days 00:01:34.623000,2.0,1.0,,,24.022,28.97,41.631,0 days 00:24:19.333000,0 days 00:24:48.303000,0 days 00:25:29.934000,114.0,274.0,296.0,317.0,True,MEDIUM,2.0,True,Alpine,0 days 00:23:55.311000,2022-07-23 11:08:55.321,1,,False,,False,True,94.623,94.62299999999999
128,0 days 00:27:50.696000,ALO,14,0 days 00:02:20.762000,3.0,1.0,,,36.659,42.045,62.058,0 days 00:26:06.593000,0 days 00:26:48.638000,0 days 00:27:50.696000,85.0,170.0,299.0,219.0,False,MEDIUM,3.0,True,Alpine,0 days 00:25:29.934000,2022-07-23 11:10:29.944,1,,False,,False,True,140.762,140.762
129,0 days 00:29:24.709000,ALO,14,0 days 00:01:34.013000,4.0,1.0,,,23.573,28.757,41.683,0 days 00:28:14.269000,0 days 00:28:43.026000,0 days 00:29:24.709000,117.0,276.0,297.0,321.0,True,MEDIUM,4.0,True,Alpine,0 days 00:27:50.696000,2022-07-23 11:12:50.706,1,,False,,False,True,94.013,94.013
130,0 days 00:31:43.168000,ALO,14,0 days 00:02:18.459000,5.0,1.0,,,31.864,44.082,62.513,0 days 00:29:56.573000,0 days 00:30:40.655000,0 days 00:31:43.168000,89.0,142.0,299.0,157.0,False,MEDIUM,5.0,True,Alpine,0 days 00:29:24.709000,2022-07-23 11:14:24.719,1,,False,,False,True,138.459,138.459
131,0 days 00:33:18.478000,ALO,14,0 days 00:01:35.310000,6.0,1.0,,,23.714,28.928,42.668,0 days 00:32:06.882000,0 days 00:32:35.810000,0 days 00:33:18.478000,112.0,274.0,292.0,322.0,False,MEDIUM,6.0,True,Alpine,0 days 00:31:43.168000,2022-07-23 11:16:43.178,1,,False,,False,True,95.31,95.31
132,0 days 00:52:35.758000,ALO,14,,7.0,1.0,,0 days 00:35:07.721000,29.299,40.212,,0 days 00:33:47.998000,0 days 00:34:28.159000,,87.0,248.0,,226.0,False,MEDIUM,7.0,True,Alpine,0 days 00:33:18.478000,2022-07-23 11:18:18.488,1,,False,,False,False,,
133,0 days 00:54:48.107000,ALO,14,,8.0,2.0,0 days 00:52:35.758000,,58.557,38.383,58.885,0 days 00:53:10.925000,0 days 00:53:49.273000,0 days 00:54:48.129000,90.0,196.0,299.0,269.0,False,MEDIUM,8.0,False,Alpine,0 days 00:52:35.758000,2022-07-23 11:37:35.768,1,,False,,False,False,,155.825
134,0 days 00:56:23.663000,ALO,14,0 days 00:01:35.556000,9.0,2.0,,,24.364,29.152,42.04,0 days 00:55:12.471000,0 days 00:55:41.623000,0 days 00:56:23.663000,111.0,274.0,295.0,319.0,False,MEDIUM,9.0,False,Alpine,0 days 00:54:48.107000,2022-07-23 11:39:48.117,1,,False,,False,True,95.556,95.55600000000001
135,0 days 00:58:39.504000,ALO,14,0 days 00:02:15.841000,10.0,2.0,,,30.203,41.634,64.004,0 days 00:56:53.866000,0 days 00:57:35.500000,0 days 00:58:39.504000,91.0,171.0,295.0,223.0,False,MEDIUM,10.0,False,Alpine,0 days 00:56:23.663000,2022-07-23 11:41:23.673,12,,False,,False,True,135.841,135.841
136,0 days 01:00:14.727000,ALO,14,0 days 00:01:35.223000,11.0,2.0,,,23.866,29.115,42.242,0 days 00:59:03.370000,0 days 00:59:32.485000,0 days 01:00:14.727000,111.0,273.0,294.0,318.0,False,MEDIUM,11.0,False,Alpine,0 days 00:58:39.504000,2022-07-23 11:43:39.514,1,,False,,False,True,95.223,95.22299999999998
137,0 days 01:08:29.276000,ALO,14,,12.0,2.0,,0 days 01:01:46.236000,25.334,31.338,,0 days 01:00:40.183000,0 days 01:01:11.467000,,112.0,257.0,,287.0,False,MEDIUM,12.0,False,Alpine,0 days 01:00:14.727000,2022-07-23 11:45:14.737,1,,False,,False,False,,
138,0 days 01:10:50.227000,ALO,14,0 days 00:02:20.951000,13.0,3.0,0 days 01:08:35.467000,,39.731,41.659,59.561,0 days 01:09:09.007000,0 days 01:09:50.666000,0 days 01:10:50.227000,97.0,173.0,298.0,201.0,False,SOFT,1.0,True,Alpine,0 days 01:08:29.276000,2022-07-23 11:53:29.286,1,,False,,False,False,140.951,140.951
139,0 days 01:12:23.732000,ALO,14,0 days 00:01:33.505000,14.0,3.0,,,23.654,28.579,41.272,0 days 01:11:13.881000,0 days 01:11:42.460000,0 days 01:12:23.732000,113.0,275.0,298.0,325.0,True,SOFT,2.0,True,Alpine,0 days 01:10:50.227000,2022-07-23 11:55:50.237,1,,False,,False,True,93.505,93.505
140,0 days 01:14:41.718000,ALO,14,0 days 00:02:17.986000,15.0,3.0,,,34.492,38.803,64.691,0 days 01:12:58.224000,0 days 01:13:37.027000,0 days 01:14:41.718000,96.0,218.0,299.0,240.0,False,SOFT,3.0,True,Alpine,0 days 01:12:23.732000,2022-07-23 11:57:23.742,12,,False,,False,True,137.986,137.986
141,0 days 01:16:15.745000,ALO,14,0 days 00:01:34.027000,16.0,3.0,,,23.493,28.686,41.848,0 days 01:15:05.211000,0 days 01:15:33.897000,0 days 01:16:15.745000,111.0,274.0,298.0,326.0,False,SOFT,4.0,True,Alpine,0 days 01:14:41.718000,2022-07-23 11:59:41.728,1,,False,,False,True,94.027,94.027
142,0 days 01:19:06.551000,ALO,14,,17.0,3.0,,,31.186,37.478,,0 days 01:16:47.119000,0 days 01:17:24.568000,,94.0,246.0,158.0,194.0,False,SOFT,5.0,True,Alpine,0 days 01:16:15.745000,2022-07-23 12:01:15.755,1,,False,,False,False,,
143,0 days 01:20:43.535000,ALO,14,,18.0,3.0,,0 days 01:20:43.535000,26.523,31.121,,0 days 01:19:33.229000,0 days 01:20:04.279000,,109.0,247.0,,306.0,False,SOFT,6.0,True,Alpine,0 days 01:19:06.551000,2022-07-23 12:04:06.561,1,,False,,False,False,,
144,0 days 00:31:26.364000,LEC,16,0 days 00:02:08.604000,1.0,1.0,0 days 00:29:23.870000,,39.676,38.988,49.94,0 days 00:29:57.575000,0 days 00:30:36.570000,0 days 00:31:26.396000,90.0,257.0,295.0,217.0,False,HARD,1.0,True,Ferrari,0 days 00:29:23.870000,2022-07-23 11:14:23.880,1,,False,,False,False,128.604,128.60399999999998
145,0 days 00:33:00.597000,LEC,16,0 days 00:01:34.233000,2.0,1.0,,,23.798,28.735,41.7,0 days 00:31:50.162000,0 days 00:32:18.897000,0 days 00:33:00.597000,116.0,275.0,296.0,328.0,True,HARD,2.0,True,Ferrari,0 days 00:31:26.364000,2022-07-23 11:16:26.374,1,,False,,False,True,94.233,94.233
146,0 days 00:35:27.138000,LEC,16,0 days 00:02:26.541000,3.0,1.0,,,39.292,45.82,61.429,0 days 00:33:39.889000,0 days 00:34:25.709000,0 days 00:35:27.138000,86.0,161.0,295.0,168.0,False,HARD,3.0,True,Ferrari,0 days 00:33:00.597000,2022-07-23 11:18:00.607,1,,False,,False,True,146.541,146.541
147,0 days 00:37:13.663000,LEC,16,0 days 00:01:46.525000,4.0,1.0,,,23.765,28.808,53.952,0 days 00:35:50.903000,0 days 00:36:19.711000,0 days 00:37:13.663000,112.0,275.0,283.0,328.0,False,HARD,4.0,True,Ferrari,0 days 00:35:27.138000,2022-07-23 11:20:27.148,1,,False,,False,True,106.525,106.525
148,0 days 00:38:54.238000,LEC,16,0 days 00:01:40.575000,5.0,1.0,,,25.077,32.854,42.644,0 days 00:37:38.740000,0 days 00:38:11.594000,0 days 00:38:54.238000,86.0,274.0,288.0,170.0,False,HARD,5.0,True,Ferrari,0 days 00:37:13.663000,2022-07-23 11:22:13.673,1,,False,,False,True,100.575,100.57499999999999
149,0 days 00:40:31.164000,LEC,16,0 days 00:01:36.926000,6.0,1.0,,,24.456,29.632,42.838,0 days 00:39:18.694000,0 days 00:39:48.326000,0 days 00:40:31.164000,108.0,275.0,288.0,300.0,False,HARD,6.0,True,Ferrari,0 days 00:38:54.238000,2022-07-23 11:23:54.248,1,,False,,False,True,96.926,96.926
150,0 days 00:42:07.832000,LEC,16,0 days 00:01:36.668000,7.0,1.0,,,24.295,29.526,42.847,0 days 00:40:55.459000,0 days 00:41:24.985000,0 days 00:42:07.832000,106.0,276.0,292.0,304.0,False,HARD,7.0,True,Ferrari,0 days 00:40:31.164000,2022-07-23 11:25:31.174,1,,False,,False,True,96.668,96.668
151,0 days 00:52:39.955000,LEC,16,,8.0,1.0,,0 days 00:43:44.522000,25.121,32.095,,0 days 00:42:33.119000,0 days 00:43:05.149000,,112.0,200.0,,272.0,False,HARD,8.0,True,Ferrari,0 days 00:42:07.832000,2022-07-23 11:27:07.842,1,,False,,False,False,,
152,0 days 00:55:18.493000,LEC,16,,9.0,2.0,0 days 00:52:39.955000,,46.57,45.899,72.253,0 days 00:53:20.473000,0 days 00:54:06.384000,0 days 00:55:18.573000,79.0,234.0,295.0,172.0,False,SOFT,1.0,True,Ferrari,0 days 00:52:39.955000,2022-07-23 11:37:39.965,1,,False,,False,False,,164.72199999999998
153,0 days 00:56:51.402000,LEC,16,0 days 00:01:32.909000,10.0,2.0,,,23.298,28.415,41.196,0 days 00:55:41.791000,0 days 00:56:10.206000,0 days 00:56:51.402000,114.0,277.0,298.0,326.0,True,SOFT,2.0,True,Ferrari,0 days 00:55:18.493000,2022-07-23 11:40:18.503,12,,False,,False,True,92.909,92.90899999999999
154,0 days 00:59:38.283000,LEC,16,,11.0,2.0,,0 days 00:59:13.318000,36.017,49.766,81.055,0 days 00:57:27.540000,0 days 00:58:17.286000,0 days 00:59:38.283000,79.0,231.0,,149.0,False,SOFT,3.0,True,Ferrari,0 days 00:56:51.402000,2022-07-23 11:41:51.412,1,,False,,False,False,,166.83800000000002
155,0 days 01:02:42.187000,LEC,16,,12.0,3.0,0 days 01:00:05.475000,,67.251,43.211,73.442,0 days 01:00:45.612000,0 days 01:01:28.809000,0 days 01:02:42.191000,80.0,166.0,297.0,208.0,False,SOFT,4.0,False,Ferrari,0 days 00:59:38.283000,2022-07-23 11:44:38.293,1,,False,,False,False,,183.904
156,0 days 01:05:07.126000,LEC,16,0 days 00:02:24.939000,13.0,3.0,,,23.725,47.301,73.913,0 days 01:03:05.912000,0 days 01:03:53.213000,0 days 01:05:07.126000,91.0,167.0,297.0,162.0,False,SOFT,5.0,False,Ferrari,0 days 01:02:42.187000,2022-07-23 11:47:42.197,1,,False,,False,True,144.939,144.93900000000002
157,0 days 01:06:40.057000,LEC,16,0 days 00:01:32.931000,14.0,3.0,,,23.336,28.409,41.186,0 days 01:05:30.462000,0 days 01:05:58.871000,0 days 01:06:40.057000,114.0,278.0,300.0,328.0,False,SOFT,6.0,False,Ferrari,0 days 01:05:07.126000,2022-07-23 11:50:07.136,1,,False,,False,True,92.931,92.931
158,0 days 01:09:26.655000,LEC,16,,15.0,3.0,,,36.31,60.216,70.094,0 days 01:07:16.441000,0 days 01:08:16.642000,0 days 01:09:26.684000,78.0,164.0,296.0,102.0,False,SOFT,7.0,False,Ferrari,0 days 01:06:40.057000,2022-07-23 11:51:40.067,1,,False,,False,False,,166.62
159,0 days 01:11:22.469000,LEC,16,0 days 00:01:55.814000,16.0,3.0,,,23.652,35.327,56.835,0 days 01:09:50.307000,0 days 01:10:25.634000,0 days 01:11:22.469000,110.0,160.0,295.0,213.0,False,SOFT,8.0,False,Ferrari,0 days 01:09:26.655000,2022-07-23 11:54:26.665,1,,False,,False,True,115.814,115.814
160,0 days 01:12:55.943000,LEC,16,0 days 00:01:33.474000,17.0,3.0,,,23.628,28.413,41.433,0 days 01:11:46.097000,0 days 01:12:14.510000,0 days 01:12:55.943000,116.0,276.0,299.0,325.0,False,SOFT,9.0,False,Ferrari,0 days 01:11:22.469000,2022-07-23 11:56:22.479,1,,False,,False,True,93.474,93.47399999999999
161,0 days 01:15:22.889000,LEC,16,0 days 00:02:26.946000,18.0,3.0,,,26.107,53.918,66.921,0 days 01:13:22.050000,0 days 01:14:15.968000,0 days 01:15:22.889000,88.0,145.0,296.0,141.0,False,SOFT,10.0,False,Ferrari,0 days 01:12:55.943000,2022-07-23 11:57:55.953,12,,False,,False,True,146.946,146.94600000000003
162,0 days 01:17:25.685000,LEC,16,0 days 00:02:02.796000,19.0,3.0,,,23.653,28.478,70.665,0 days 01:15:46.542000,0 days 01:16:15.020000,0 days 01:17:25.685000,115.0,277.0,127.0,327.0,False,SOFT,11.0,False,Ferrari,0 days 01:15:22.889000,2022-07-23 12:00:22.899,1,,False,,False,True,122.796,122.796
163,0 days 01:18:52.736000,LEC,16,,20.0,3.0,,0 days 01:18:52.736000,25.333,29.817,,0 days 01:17:51.131000,0 days 01:18:20.962000,,106.0,275.0,,324.0,False,SOFT,12.0,False,Ferrari,0 days 01:17:25.685000,2022-07-23 12:02:25.695,1,,False,,False,False,,
164,0 days 00:17:50.684000,STR,18,0 days 00:02:11.466000,1.0,1.0,0 days 00:15:45.490000,0 days 00:17:20.884000,36.962,30.44,64.064,0 days 00:16:16.372000,0 days 00:16:46.774000,0 days 00:17:50.684000,100.0,269.0,,314.0,False,HARD,1.0,True,Aston Martin,0 days 00:15:45.490000,2022-07-23 11:00:45.500,1,,False,,False,False,131.466,131.466
165,0 days 00:19:37.638000,STR,18,0 days 00:01:46.954000,2.0,2.0,0 days 00:17:56.808000,,33.83,29.653,43.471,0 days 00:18:24.514000,0 days 00:18:54.167000,0 days 00:19:37.638000,110.0,270.0,293.0,304.0,False,MEDIUM,1.0,True,Aston Martin,0 days 00:17:50.684000,2022-07-23 11:02:50.694,1,,False,,False,False,106.954,106.954
166,0 days 00:25:38.615000,STR,18,,3.0,2.0,,0 days 00:21:05.909000,24.566,29.653,,0 days 00:20:02.334000,0 days 00:20:31.991000,,107.0,271.0,,308.0,False,MEDIUM,2.0,True,Aston Martin,0 days 00:19:37.638000,2022-07-23 11:04:37.648,1,,False,,False,False,,
167,0 days 00:27:42.171000,STR,18,0 days 00:02:03.556000,4.0,3.0,0 days 00:25:44.757000,,37.073,32.469,54.014,0 days 00:26:15.688000,0 days 00:26:48.157000,0 days 00:27:42.171000,103.0,256.0,291.0,284.0,False,MEDIUM,1.0,True,Aston Martin,0 days 00:25:38.615000,2022-07-23 11:10:38.625,1,,False,,False,False,123.556,123.55600000000001
168,0 days 00:29:17.384000,STR,18,0 days 00:01:35.213000,5.0,3.0,,,24.019,29.066,42.128,0 days 00:28:06.190000,0 days 00:28:35.256000,0 days 00:29:17.384000,109.0,274.0,292.0,315.0,True,MEDIUM,2.0,True,Aston Martin,0 days 00:27:42.171000,2022-07-23 11:12:42.181,1,,False,,False,True,95.213,95.213
169,0 days 00:32:05.088000,STR,18,,6.0,3.0,,,41.676,48.94,77.079,0 days 00:29:59.292000,0 days 00:30:48.170000,0 days 00:32:05.163000,80.0,127.0,297.0,166.0,False,MEDIUM,3.0,True,Aston Martin,0 days 00:29:17.384000,2022-07-23 11:14:17.394,1,,False,,False,False,,167.695
170,0 days 00:33:39.638000,STR,18,0 days 00:01:34.550000,7.0,3.0,,,23.87,28.856,41.824,0 days 00:32:28.958000,0 days 00:32:57.814000,0 days 00:33:39.638000,110.0,277.0,295.0,318.0,True,MEDIUM,4.0,True,Aston Martin,0 days 00:32:05.088000,2022-07-23 11:17:05.098,1,,False,,False,True,94.55,94.55
171,0 days 00:44:43.660000,STR,18,,8.0,3.0,,0 days 00:35:44.575000,42.524,37.928,,0 days 00:34:22.310000,0 days 00:35:00.258000,,77.0,251.0,,251.0,False,MEDIUM,5.0,True,Aston Martin,0 days 00:33:39.638000,2022-07-23 11:18:39.648,1,,False,,False,False,,
172,0 days 00:46:57.190000,STR,18,0 days 00:02:13.530000,9.0,4.0,0 days 00:44:49.750000,,42.956,35.75,54.824,0 days 00:45:26.616000,0 days 00:46:02.366000,0 days 00:46:57.190000,95.0,249.0,291.0,226.0,False,MEDIUM,6.0,False,Aston Martin,0 days 00:44:43.660000,2022-07-23 11:29:43.670,1,,False,,False,False,133.53,133.53
173,0 days 00:48:32.914000,STR,18,0 days 00:01:35.724000,10.0,4.0,,,24.12,29.347,42.257,0 days 00:47:21.310000,0 days 00:47:50.657000,0 days 00:48:32.914000,109.0,273.0,291.0,317.0,False,MEDIUM,7.0,False,Aston Martin,0 days 00:46:57.190000,2022-07-23 11:31:57.200,1,,False,,False,True,95.724,95.72399999999999
174,0 days 00:51:02.316000,STR,18,0 days 00:02:29.402000,11.0,4.0,,,40.689,49.035,59.678,0 days 00:49:13.603000,0 days 00:50:02.638000,0 days 00:51:02.316000,83.0,155.0,291.0,189.0,False,MEDIUM,8.0,False,Aston Martin,0 days 00:48:32.914000,2022-07-23 11:33:32.924,1,,False,,False,True,149.402,149.402
175,0 days 00:52:38.165000,STR,18,0 days 00:01:35.849000,12.0,4.0,,,24.323,29.228,42.298,0 days 00:51:26.639000,0 days 00:51:55.867000,0 days 00:52:38.165000,104.0,273.0,290.0,316.0,False,MEDIUM,9.0,False,Aston Martin,0 days 00:51:02.316000,2022-07-23 11:36:02.326,1,,False,,False,True,95.849,95.849
176,0 days 01:05:28.904000,STR,18,,13.0,4.0,,0 days 00:54:15.108000,27.584,31.809,,0 days 00:53:05.842000,0 days 00:53:37.645000,,105.0,257.0,,281.0,False,MEDIUM,10.0,False,Aston Martin,0 days 00:52:38.165000,2022-07-23 11:37:38.175,12,,False,,False,False,,
177,0 days 01:08:02.947000,STR,18,,14.0,5.0,0 days 01:05:28.904000,,48.992,47.405,64.001,0 days 01:06:11.787000,0 days 01:06:59.109000,0 days 01:08:03.054000,74.0,111.0,296.0,191.0,False,SOFT,1.0,True,Aston Martin,0 days 01:05:28.904000,2022-07-23 11:50:28.914,1,,False,,False,False,,160.398
178,0 days 01:09:37.182000,STR,18,0 days 00:01:34.235000,15.0,5.0,,,23.872,28.777,41.586,0 days 01:08:26.819000,0 days 01:08:55.596000,0 days 01:09:37.182000,106.0,278.0,296.0,317.0,True,SOFT,2.0,True,Aston Martin,0 days 01:08:02.947000,2022-07-23 11:53:02.957,1,,False,,False,True,94.235,94.235
179,0 days 01:12:02.777000,STR,18,0 days 00:02:25.595000,16.0,5.0,,,44.554,40.666,60.375,0 days 01:10:21.736000,0 days 01:11:02.402000,0 days 01:12:02.777000,40.0,240.0,266.0,240.0,False,SOFT,3.0,True,Aston Martin,0 days 01:09:37.182000,2022-07-23 11:54:37.192,1,,False,,False,True,145.595,145.595
180,0 days 01:14:30.753000,STR,18,0 days 00:02:27.976000,17.0,5.0,,,37.681,48.092,62.203,0 days 01:12:40.458000,0 days 01:13:28.550000,0 days 01:14:30.753000,74.0,137.0,299.0,219.0,False,SOFT,4.0,True,Aston Martin,0 days 01:12:02.777000,2022-07-23 11:57:02.787,12,,False,,False,True,147.976,147.976
181,0 days 01:16:04.930000,STR,18,0 days 00:01:34.177000,18.0,5.0,,,23.651,28.818,41.708,0 days 01:14:54.404000,0 days 01:15:23.222000,0 days 01:16:04.930000,111.0,277.0,296.0,320.0,True,SOFT,5.0,True,Aston Martin,0 days 01:14:30.753000,2022-07-23 11:59:30.763,1,,False,,False,True,94.177,94.17699999999999
182,0 days 01:18:48.198000,STR,18,,19.0,5.0,,,29.149,36.623,97.437,0 days 01:16:34.253000,0 days 01:17:10.888000,0 days 01:18:48.198000,81.0,246.0,143.0,218.0,False,SOFT,6.0,True,Aston Martin,0 days 01:16:04.930000,2022-07-23 12:01:04.940,1,,False,,False,False,,163.209
183,0 days 01:20:31.081000,STR,18,,20.0,5.0,,0 days 01:20:31.081000,29.825,32.29,,0 days 01:19:18.145000,0 days 01:19:50.411000,,101.0,257.0,,256.0,False,SOFT,7.0,True,Aston Martin,0 days 01:18:48.198000,2022-07-23 12:03:48.208,1,,False,,False,False,,
184,0 days 00:17:43.662000,MAG,20,0 days 00:02:09.429000,1.0,1.0,0 days 00:15:40.315000,,38.817,37.011,53.601,0 days 00:16:13.168000,0 days 00:16:50.166000,0 days 00:17:43.675000,87.0,253.0,294.0,197.0,False,SOFT,1.0,True,Haas F1 Team,0 days 00:15:40.315000,2022-07-23 11:00:40.325,1,,False,,False,False,129.429,129.429
185,0 days 00:19:18.430000,MAG,20,0 days 00:01:34.768000,2.0,1.0,,,24.128,28.952,41.688,0 days 00:18:07.790000,0 days 00:18:36.742000,0 days 00:19:18.430000,109.0,271.0,296.0,323.0,True,SOFT,2.0,True,Haas F1 Team,0 days 00:17:43.662000,2022-07-23 11:02:43.672,1,,False,,False,True,94.768,94.768
186,0 days 00:21:43.946000,MAG,20,0 days 00:02:25.516000,3.0,1.0,,,37.723,42.068,65.725,0 days 00:19:56.153000,0 days 00:20:38.221000,0 days 00:21:43.946000,78.0,238.0,295.0,241.0,False,SOFT,3.0,True,Haas F1 Team,0 days 00:19:18.430000,2022-07-23 11:04:18.440,1,,False,,False,True,145.516,145.516
187,0 days 00:23:25.807000,MAG,20,0 days 00:01:41.861000,4.0,1.0,,,23.7,29.316,48.845,0 days 00:22:07.646000,0 days 00:22:36.962000,0 days 00:23:25.807000,113.0,274.0,258.0,325.0,False,SOFT,4.0,True,Haas F1 Team,0 days 00:21:43.946000,2022-07-23 11:06:43.956,1,,False,,False,True,101.861,101.86099999999999
188,0 days 00:37:55.520000,MAG,20,,5.0,1.0,,0 days 00:25:02.719000,28.771,33.301,,0 days 00:23:54.687000,0 days 00:24:27.962000,,102.0,252.0,,285.0,False,SOFT,5.0,True,Haas F1 Team,0 days 00:23:25.807000,2022-07-23 11:08:25.817,1,,False,,False,False,,
189,0 days 00:40:24.637000,MAG,20,,6.0,2.0,0 days 00:37:55.520000,,66.706,34.336,56.611,0 days 00:38:53.901000,0 days 00:39:28.224000,0 days 00:40:24.724000,64.0,263.0,297.0,322.0,False,SOFT,1.0,True,Haas F1 Team,0 days 00:37:55.520000,2022-07-23 11:22:55.530,1,,False,,False,False,,157.653
190,0 days 00:41:58.668000,MAG,20,0 days 00:01:34.031000,7.0,2.0,,,23.591,28.757,41.683,0 days 00:40:48.228000,0 days 00:41:16.985000,0 days 00:41:58.668000,114.0,276.0,299.0,328.0,True,SOFT,2.0,True,Haas F1 Team,0 days 00:40:24.637000,2022-07-23 11:25:24.647,1,,False,,False,True,94.031,94.031
191,0 days 00:44:22.223000,MAG,20,0 days 00:02:23.555000,8.0,2.0,,,36.934,42.512,64.109,0 days 00:42:35.602000,0 days 00:43:18.114000,0 days 00:44:22.223000,79.0,241.0,297.0,232.0,False,SOFT,3.0,True,Haas F1 Team,0 days 00:41:58.668000,2022-07-23 11:26:58.678,1,,False,,False,True,143.555,143.555
192,0 days 00:45:56.442000,MAG,20,0 days 00:01:34.219000,9.0,2.0,,,23.719,28.901,41.599,0 days 00:44:45.942000,0 days 00:45:14.843000,0 days 00:45:56.442000,111.0,276.0,298.0,328.0,False,SOFT,4.0,True,Haas F1 Team,0 days 00:44:22.223000,2022-07-23 11:29:22.233,1,,False,,False,True,94.219,94.219
193,0 days 00:56:31.098000,MAG,20,,10.0,2.0,,0 days 00:47:31.543000,26.742,33.814,,0 days 00:46:23.362000,0 days 00:46:57.216000,,90.0,253.0,,282.0,False,SOFT,5.0,True,Haas F1 Team,0 days 00:45:56.442000,2022-07-23 11:30:56.452,1,,False,,False,False,,
194,0 days 00:58:58.818000,MAG,20,0 days 00:02:27.720000,11.0,3.0,0 days 00:56:40.129000,,50.611,41.606,55.503,0 days 00:57:21.709000,0 days 00:58:03.315000,0 days 00:58:58.818000,97.0,250.0,281.0,224.0,False,MEDIUM,1.0,True,Haas F1 Team,0 days 00:56:31.098000,2022-07-23 11:41:31.108,12,,False,,False,False,147.72,147.72
195,0 days 01:00:38.162000,MAG,20,0 days 00:01:39.344000,12.0,3.0,,,24.799,30.39,44.155,0 days 00:59:23.617000,0 days 00:59:54.007000,0 days 01:00:38.162000,110.0,270.0,281.0,295.0,False,MEDIUM,2.0,True,Haas F1 Team,0 days 00:58:58.818000,2022-07-23 11:43:58.828,1,,False,,False,True,99.344,99.344
196,0 days 01:02:17.981000,MAG,20,0 days 00:01:39.819000,13.0,3.0,,,25.042,30.327,44.45,0 days 01:01:03.204000,0 days 01:01:33.531000,0 days 01:02:17.981000,106.0,269.0,280.0,296.0,False,MEDIUM,3.0,True,Haas F1 Team,0 days 01:00:38.162000,2022-07-23 11:45:38.172,1,,False,,False,True,99.819,99.819
197,0 days 01:03:58.092000,MAG,20,0 days 00:01:40.111000,14.0,3.0,,,25.15,30.67,44.291,0 days 01:02:43.131000,0 days 01:03:13.801000,0 days 01:03:58.092000,107.0,269.0,280.0,296.0,False,MEDIUM,4.0,True,Haas F1 Team,0 days 01:02:17.981000,2022-07-23 11:47:17.991,1,,False,,False,True,100.111,100.11099999999999
198,0 days 01:05:38.043000,MAG,20,0 days 00:01:39.951000,15.0,3.0,,,25.225,30.506,44.22,0 days 01:04:23.317000,0 days 01:04:53.823000,0 days 01:05:38.043000,105.0,269.0,281.0,300.0,False,MEDIUM,5.0,True,Haas F1 Team,0 days 01:03:58.092000,2022-07-23 11:48:58.102,1,,False,,False,True,99.951,99.951
199,0 days 01:07:18.128000,MAG,20,0 days 00:01:40.085000,16.0,3.0,,,25.304,30.592,44.189,0 days 01:06:03.347000,0 days 01:06:33.939000,0 days 01:07:18.128000,106.0,269.0,283.0,302.0,False,MEDIUM,6.0,True,Haas F1 Team,0 days 01:05:38.043000,2022-07-23 11:50:38.053,1,,False,,False,True,100.085,100.08500000000001
200,0 days 01:08:58.828000,MAG,20,0 days 00:01:40.700000,17.0,3.0,,,25.255,30.638,44.807,0 days 01:07:43.383000,0 days 01:08:14.021000,0 days 01:08:58.828000,103.0,270.0,282.0,301.0,False,MEDIUM,7.0,True,Haas F1 Team,0 days 01:07:18.128000,2022-07-23 11:52:18.138,1,,False,,False,True,100.7,100.7
201,0 days 01:10:39.605000,MAG,20,0 days 00:01:40.777000,18.0,3.0,,,25.38,30.683,44.714,0 days 01:09:24.208000,0 days 01:09:54.891000,0 days 01:10:39.605000,97.0,269.0,282.0,297.0,False,MEDIUM,8.0,True,Haas F1 Team,0 days 01:08:58.828000,2022-07-23 11:53:58.838,1,,False,,False,True,100.777,100.777
202,0 days 01:12:20.477000,MAG,20,0 days 00:01:40.872000,19.0,3.0,,,25.451,30.576,44.845,0 days 01:11:05.056000,0 days 01:11:35.632000,0 days 01:12:20.477000,104.0,269.0,282.0,297.0,False,MEDIUM,9.0,True,Haas F1 Team,0 days 01:10:39.605000,2022-07-23 11:55:39.615,1,,False,,False,True,100.872,100.872
203,0 days 01:14:01.737000,MAG,20,0 days 00:01:41.260000,20.0,3.0,,,25.515,30.567,45.178,0 days 01:12:45.992000,0 days 01:13:16.559000,0 days 01:14:01.737000,106.0,269.0,284.0,299.0,False,MEDIUM,10.0,True,Haas F1 Team,0 days 01:12:20.477000,2022-07-23 11:57:20.487,1,,False,,False,True,101.26,101.25999999999999
204,0 days 01:15:42.889000,MAG,20,0 days 00:01:41.152000,21.0,3.0,,,25.466,30.726,44.96,0 days 01:14:27.203000,0 days 01:14:57.929000,0 days 01:15:42.889000,106.0,269.0,283.0,301.0,False,MEDIUM,11.0,True,Haas F1 Team,0 days 01:14:01.737000,2022-07-23 11:59:01.747,12,,False,,False,True,101.152,101.152
205,0 days 01:18:04.143000,MAG,20,0 days 00:02:21.254000,22.0,3.0,,,26.189,32.909,82.156,0 days 01:16:09.078000,0 days 01:16:41.987000,0 days 01:18:04.143000,107.0,252.0,151.0,316.0,False,MEDIUM,12.0,True,Haas F1 Team,0 days 01:15:42.889000,2022-07-23 12:00:42.899,1,,False,,False,True,141.254,141.25400000000002
206,0 days 01:20:07.934000,MAG,20,,23.0,3.0,,0 days 01:20:07.934000,26.522,48.678,,0 days 01:18:30.787000,0 days 01:19:19.428000,,96.0,158.0,,152.0,False,MEDIUM,13.0,True,Haas F1 Team,0 days 01:18:04.143000,2022-07-23 12:03:04.153,1,,False,,False,False,,
207,0 days 00:29:11.309000,TSU,22,0 days 00:02:26.596000,1.0,1.0,0 days 00:26:50.853000,,48.582,39.421,58.593,0 days 00:27:33.451000,0 days 00:28:12.847000,0 days 00:29:11.379000,84.0,188.0,295.0,302.0,False,SOFT,1.0,True,AlphaTauri,0 days 00:26:50.853000,2022-07-23 11:11:50.863,1,,False,,False,False,146.596,146.596
208,0 days 00:30:46.509000,TSU,22,0 days 00:01:35.200000,2.0,1.0,,,24.277,28.834,42.089,0 days 00:29:35.586000,0 days 00:30:04.420000,0 days 00:30:46.509000,112.0,275.0,296.0,325.0,True,SOFT,2.0,True,AlphaTauri,0 days 00:29:11.309000,2022-07-23 11:14:11.319,1,,False,,False,True,95.2,95.2
209,0 days 00:33:24.607000,TSU,22,,3.0,1.0,,,37.125,48.389,72.606,0 days 00:31:23.778000,0 days 00:32:12.229000,0 days 00:33:24.734000,83.0,152.0,214.0,157.0,False,SOFT,3.0,True,AlphaTauri,0 days 00:30:46.509000,2022-07-23 11:15:46.519,1,,False,,False,False,,158.12
210,0 days 00:35:50.223000,TSU,22,0 days 00:02:25.616000,4.0,1.0,,,35.539,44.732,65.345,0 days 00:34:00.146000,0 days 00:34:44.878000,0 days 00:35:50.223000,83.0,131.0,295.0,285.0,False,SOFT,4.0,True,AlphaTauri,0 days 00:33:24.607000,2022-07-23 11:18:24.617,1,,False,,False,True,145.616,145.61599999999999
211,0 days 00:37:24.547000,TSU,22,0 days 00:01:34.324000,5.0,1.0,,,23.854,28.7,41.77,0 days 00:36:14.077000,0 days 00:36:42.777000,0 days 00:37:24.547000,114.0,275.0,292.0,325.0,True,SOFT,5.0,True,AlphaTauri,0 days 00:35:50.223000,2022-07-23 11:20:50.233,1,,False,,False,True,94.324,94.32400000000001
212,0 days 00:39:53.865000,TSU,22,0 days 00:02:29.318000,6.0,1.0,,,34.343,44.957,70.018,0 days 00:37:58.890000,0 days 00:38:43.847000,0 days 00:39:53.865000,83.0,170.0,225.0,238.0,False,SOFT,6.0,True,AlphaTauri,0 days 00:37:24.547000,2022-07-23 11:22:24.557,1,,False,,False,True,149.318,149.318
213,0 days 00:42:16.416000,TSU,22,0 days 00:02:22.551000,7.0,1.0,,,35.323,44.238,62.99,0 days 00:40:29.188000,0 days 00:41:13.426000,0 days 00:42:16.416000,86.0,133.0,299.0,279.0,False,SOFT,7.0,True,AlphaTauri,0 days 00:39:53.865000,2022-07-23 11:24:53.875,1,,False,,False,True,142.551,142.55100000000002
214,0 days 00:44:29.914000,TSU,22,0 days 00:02:13.498000,8.0,1.0,,,23.923,46.597,62.978,0 days 00:42:40.339000,0 days 00:43:26.936000,0 days 00:44:29.914000,106.0,158.0,298.0,208.0,False,SOFT,8.0,True,AlphaTauri,0 days 00:42:16.416000,2022-07-23 11:27:16.426,1,,False,,False,True,133.498,133.498
215,0 days 00:46:04.002000,TSU,22,0 days 00:01:34.088000,9.0,1.0,,,23.748,28.671,41.669,0 days 00:44:53.662000,0 days 00:45:22.333000,0 days 00:46:04.002000,113.0,279.0,298.0,328.0,True,SOFT,9.0,True,AlphaTauri,0 days 00:44:29.914000,2022-07-23 11:29:29.924,1,,False,,False,True,94.088,94.088
216,0 days 00:55:59.062000,TSU,22,,10.0,1.0,,0 days 00:47:49.313000,29.463,33.894,,0 days 00:46:33.686000,0 days 00:47:07.540000,,93.0,248.0,,270.0,False,SOFT,10.0,True,AlphaTauri,0 days 00:46:04.002000,2022-07-23 11:31:04.012,1,,False,,False,False,,
217,0 days 00:58:25.279000,TSU,22,,11.0,2.0,0 days 00:55:59.062000,,46.566,40.616,65.256,0 days 00:56:39.674000,0 days 00:57:20.153000,0 days 00:58:25.398000,85.0,193.0,295.0,301.0,False,SOFT,1.0,True,AlphaTauri,0 days 00:55:59.062000,2022-07-23 11:40:59.072,12,,False,,False,False,,152.438
218,0 days 00:59:59.030000,TSU,22,0 days 00:01:33.751000,12.0,2.0,,,23.621,28.621,41.509,0 days 00:58:48.900000,0 days 00:59:17.521000,0 days 00:59:59.030000,117.0,276.0,295.0,326.0,True,SOFT,2.0,True,AlphaTauri,0 days 00:58:25.279000,2022-07-23 11:43:25.289,1,,False,,False,True,93.751,93.751
219,0 days 01:02:33.185000,TSU,22,,13.0,2.0,,,36.615,47.979,69.472,0 days 01:00:35.840000,0 days 01:01:23.814000,0 days 01:02:33.185000,87.0,135.0,193.0,260.0,False,SOFT,3.0,True,AlphaTauri,0 days 00:59:59.030000,2022-07-23 11:44:59.040,1,,False,,False,False,,154.06599999999997
220,0 days 01:04:54.825000,TSU,22,0 days 00:02:21.640000,14.0,2.0,,,37.347,45.008,59.285,0 days 01:03:10.532000,0 days 01:03:55.540000,0 days 01:04:54.825000,85.0,197.0,297.0,259.0,False,SOFT,4.0,True,AlphaTauri,0 days 01:02:33.185000,2022-07-23 11:47:33.195,1,,False,,False,True,141.64,141.64
221,0 days 01:06:28.664000,TSU,22,0 days 00:01:33.839000,15.0,2.0,,,23.681,28.668,41.49,0 days 01:05:18.506000,0 days 01:05:47.174000,0 days 01:06:28.664000,115.0,279.0,298.0,327.0,False,SOFT,5.0,True,AlphaTauri,0 days 01:04:54.825000,2022-07-23 11:49:54.835,1,,False,,False,True,93.839,93.839
222,0 days 01:13:34.784000,TSU,22,,16.0,2.0,,0 days 01:08:19.051000,33.484,35.128,,0 days 01:07:02.256000,0 days 01:07:37.369000,,92.0,246.0,,273.0,False,SOFT,6.0,True,AlphaTauri,0 days 01:06:28.664000,2022-07-23 11:51:28.674,1,,False,,False,False,,
223,0 days 01:15:59.677000,TSU,22,0 days 00:02:24.893000,17.0,3.0,0 days 01:13:51.019000,,,,49.012,,,0 days 01:15:59.698000,92.0,265.0,261.0,285.0,False,SOFT,7.0,False,AlphaTauri,0 days 01:13:34.784000,2022-07-23 11:58:34.794,12,,False,,False,False,144.893,
224,0 days 01:18:24.480000,TSU,22,0 days 00:02:24.803000,18.0,3.0,,,29.099,32.68,83.024,0 days 01:16:28.776000,0 days 01:17:01.456000,0 days 01:18:24.480000,94.0,267.0,181.0,295.0,False,SOFT,8.0,False,AlphaTauri,0 days 01:15:59.677000,2022-07-23 12:00:59.687,1,,False,,False,True,144.803,144.803
225,0 days 01:20:13.240000,TSU,22,,19.0,3.0,,0 days 01:20:13.240000,27.632,34.942,,0 days 01:18:52.232000,0 days 01:19:27.241000,,111.0,142.0,,220.0,False,SOFT,9.0,False,AlphaTauri,0 days 01:18:24.480000,2022-07-23 12:03:24.490,1,,False,,False,False,,
226,0 days 00:31:56.042000,ALB,23,0 days 00:02:24.803000,1.0,1.0,0 days 00:29:37.463000,,41.659,37.292,65.852,0 days 00:30:13.074000,0 days 00:30:50.357000,0 days 00:31:56.147000,90.0,237.0,300.0,296.0,False,SOFT,1.0,True,Williams,0 days 00:29:37.463000,2022-07-23 11:14:37.473,1,,False,,False,False,144.803,144.803
227,0 days 00:33:30.385000,ALB,23,0 days 00:01:34.343000,2.0,1.0,,,23.861,28.717,41.765,0 days 00:32:19.903000,0 days 00:32:48.620000,0 days 00:33:30.385000,118.0,278.0,298.0,328.0,True,SOFT,2.0,True,Williams,0 days 00:31:56.042000,2022-07-23 11:16:56.052,1,,False,,False,True,94.343,94.343
228,0 days 00:35:53.559000,ALB,23,0 days 00:02:23.174000,3.0,1.0,,,35.492,45.593,62.089,0 days 00:34:05.877000,0 days 00:34:51.470000,0 days 00:35:53.559000,78.0,232.0,264.0,107.0,False,SOFT,3.0,True,Williams,0 days 00:33:30.385000,2022-07-23 11:18:30.395,1,,False,,False,True,143.174,143.174
229,0 days 00:38:07.311000,ALB,23,0 days 00:02:13.752000,4.0,1.0,,,33.416,40.457,59.879,0 days 00:36:26.975000,0 days 00:37:07.432000,0 days 00:38:07.311000,81.0,241.0,294.0,284.0,False,SOFT,4.0,True,Williams,0 days 00:35:53.559000,2022-07-23 11:20:53.569,1,,False,,False,True,133.752,133.75199999999998
230,0 days 00:39:42.495000,ALB,23,0 days 00:01:35.184000,5.0,1.0,,,23.989,28.96,42.235,0 days 00:38:31.300000,0 days 00:39:00.260000,0 days 00:39:42.495000,115.0,273.0,296.0,324.0,False,SOFT,5.0,True,Williams,0 days 00:38:07.311000,2022-07-23 11:23:07.321,1,,False,,False,True,95.184,95.184
231,0 days 00:42:02.823000,ALB,23,0 days 00:02:20.328000,6.0,1.0,,,35.102,41.694,63.532,0 days 00:40:17.597000,0 days 00:40:59.291000,0 days 00:42:02.823000,80.0,241.0,267.0,166.0,False,SOFT,6.0,True,Williams,0 days 00:39:42.495000,2022-07-23 11:24:42.505,1,,False,,False,True,140.328,140.32799999999997
232,0 days 00:44:42.313000,ALB,23,,7.0,1.0,,,35.251,50.243,73.913,0 days 00:42:38.268000,0 days 00:43:28.533000,0 days 00:44:42.313000,81.0,153.0,295.0,214.0,False,SOFT,7.0,True,Williams,0 days 00:42:02.823000,2022-07-23 11:27:02.833,1,,False,,False,False,,159.40699999999998
233,0 days 00:46:17.261000,ALB,23,0 days 00:01:34.948000,8.0,1.0,,,23.939,28.9,42.109,0 days 00:45:06.252000,0 days 00:45:35.152000,0 days 00:46:17.261000,116.0,273.0,296.0,324.0,False,SOFT,8.0,True,Williams,0 days 00:44:42.313000,2022-07-23 11:29:42.323,1,,False,,False,True,94.948,94.94800000000001
234,0 days 00:52:49.943000,ALB,23,,9.0,1.0,,0 days 00:48:02.457000,28.643,34.573,,0 days 00:46:46.145000,0 days 00:47:20.566000,,100.0,257.0,,280.0,False,SOFT,9.0,True,Williams,0 days 00:46:17.261000,2022-07-23 11:31:17.271,1,,False,,False,False,,
235,0 days 00:55:03.460000,ALB,23,0 days 00:02:13.517000,10.0,2.0,0 days 00:52:56.200000,,42.931,35.214,55.372,0 days 00:53:32.874000,0 days 00:54:08.088000,0 days 00:55:03.460000,99.0,262.0,301.0,278.0,False,SOFT,1.0,True,Williams,0 days 00:52:49.943000,2022-07-23 11:37:49.953,1,,False,,False,False,133.517,133.517
236,0 days 00:56:37.018000,ALB,23,0 days 00:01:33.558000,11.0,2.0,,,23.575,28.379,41.604,0 days 00:55:27.035000,0 days 00:55:55.414000,0 days 00:56:37.018000,116.0,279.0,297.0,327.0,True,SOFT,2.0,True,Williams,0 days 00:55:03.460000,2022-07-23 11:40:03.470,12,,False,,False,True,93.558,93.55799999999999
237,0 days 00:59:04.441000,ALB,23,0 days 00:02:27.423000,12.0,2.0,,,37.241,43.53,66.652,0 days 00:57:14.259000,0 days 00:57:57.789000,0 days 00:59:04.441000,79.0,191.0,265.0,265.0,False,SOFT,3.0,True,Williams,0 days 00:56:37.018000,2022-07-23 11:41:37.028,1,,False,,False,True,147.423,147.423
238,0 days 01:01:16.738000,ALB,23,0 days 00:02:12.297000,13.0,2.0,,,33.548,40.119,58.63,0 days 00:59:37.989000,0 days 01:00:18.108000,0 days 01:01:16.738000,86.0,249.0,295.0,282.0,False,SOFT,4.0,True,Williams,0 days 00:59:04.441000,2022-07-23 11:44:04.451,1,,False,,False,True,132.297,132.297
239,0 days 01:02:51.559000,ALB,23,0 days 00:01:34.821000,14.0,2.0,,,23.808,28.897,42.116,0 days 01:01:40.546000,0 days 01:02:09.443000,0 days 01:02:51.559000,114.0,272.0,296.0,325.0,False,SOFT,5.0,True,Williams,0 days 01:01:16.738000,2022-07-23 11:46:16.748,1,,False,,False,True,94.821,94.821
240,0 days 01:05:15.917000,ALB,23,0 days 00:02:24.358000,15.0,2.0,,0 days 01:04:44.600000,32.027,36.969,75.362,0 days 01:03:23.586000,0 days 01:04:00.555000,0 days 01:05:15.917000,91.0,194.0,,268.0,False,SOFT,6.0,True,Williams,0 days 01:02:51.559000,2022-07-23 11:47:51.569,1,,False,,False,False,144.358,144.358
241,0 days 01:14:01.018000,ALB,23,,16.0,3.0,0 days 01:05:22.089000,0 days 01:07:07.532000,31.599,38.715,,0 days 01:05:47.702000,0 days 01:06:26.415000,,113.0,252.0,,107.0,False,SOFT,7.0,False,Williams,0 days 01:05:15.917000,2022-07-23 11:50:15.927,1,,False,,False,False,,
242,0 days 01:16:09.696000,ALB,23,0 days 00:02:08.678000,17.0,4.0,0 days 01:14:07.030000,,42.521,33.752,52.405,0 days 01:14:43.539000,0 days 01:15:17.291000,0 days 01:16:09.696000,90.0,264.0,279.0,290.0,False,SOFT,8.0,False,Williams,0 days 01:14:01.018000,2022-07-23 11:59:01.028,12,,False,,False,False,128.678,128.678
243,0 days 01:18:54.322000,ALB,23,,18.0,4.0,,,27.296,38.195,99.215,0 days 01:16:37.035000,0 days 01:17:15.173000,0 days 01:18:54.322000,107.0,183.0,149.0,188.0,False,SOFT,9.0,False,Williams,0 days 01:16:09.696000,2022-07-23 12:01:09.706,1,,False,,False,False,,164.70600000000002
244,0 days 01:20:37.199000,ALB,23,,19.0,4.0,,0 days 01:20:37.199000,28.41,35.518,,0 days 01:19:22.931000,0 days 01:19:58.384000,,106.0,250.0,,213.0,False,SOFT,10.0,False,Williams,0 days 01:18:54.322000,2022-07-23 12:03:54.332,1,,False,,False,False,,
245,0 days 00:29:02.540000,ZHO,24,0 days 00:02:24.952000,1.0,1.0,0 days 00:26:43.722000,,42.469,42.725,59.758,0 days 00:27:20.244000,0 days 00:28:02.941000,0 days 00:29:02.635000,92.0,172.0,291.0,241.0,False,SOFT,1.0,True,Alfa Romeo,0 days 00:26:43.722000,2022-07-23 11:11:43.732,1,,False,,False,False,144.952,144.952
246,0 days 00:30:37.557000,ZHO,24,0 days 00:01:35.017000,2.0,1.0,,,24.325,29.063,41.629,0 days 00:29:26.865000,0 days 00:29:55.928000,0 days 00:30:37.557000,110.0,273.0,294.0,321.0,True,SOFT,2.0,True,Alfa Romeo,0 days 00:29:02.540000,2022-07-23 11:14:02.550,1,,False,,False,True,95.017,95.017
247,0 days 00:33:11.507000,ZHO,24,,3.0,1.0,,,39.009,48.262,66.676,0 days 00:31:16.744000,0 days 00:32:05.011000,0 days 00:33:11.604000,77.0,218.0,291.0,219.0,False,SOFT,3.0,True,Alfa Romeo,0 days 00:30:37.557000,2022-07-23 11:15:37.567,1,,False,,False,False,,153.947
248,0 days 00:34:45.727000,ZHO,24,0 days 00:01:34.220000,4.0,1.0,,,23.779,28.77,41.671,0 days 00:33:35.286000,0 days 00:34:04.056000,0 days 00:34:45.727000,113.0,274.0,294.0,322.0,True,SOFT,4.0,True,Alfa Romeo,0 days 00:33:11.507000,2022-07-23 11:18:11.517,1,,False,,False,True,94.22,94.22
249,0 days 00:37:16.999000,ZHO,24,,5.0,1.0,,,36.973,49.447,64.789,0 days 00:35:22.874000,0 days 00:36:12.311000,0 days 00:37:17.022000,80.0,157.0,292.0,235.0,False,SOFT,5.0,True,Alfa Romeo,0 days 00:34:45.727000,2022-07-23 11:19:45.737,1,,False,,False,False,,151.209
250,0 days 00:38:51.689000,ZHO,24,0 days 00:01:34.690000,6.0,1.0,,,23.794,28.878,42.018,0 days 00:37:40.793000,0 days 00:38:09.671000,0 days 00:38:51.689000,109.0,273.0,278.0,323.0,False,SOFT,6.0,True,Alfa Romeo,0 days 00:37:16.999000,2022-07-23 11:22:17.009,1,,False,,False,True,94.69,94.69
251,0 days 00:41:12.201000,ZHO,24,0 days 00:02:20.512000,7.0,1.0,,0 days 00:40:47.443000,42.061,34.479,63.972,0 days 00:39:33.750000,0 days 00:40:08.229000,0 days 00:41:12.201000,100.0,247.0,,258.0,False,SOFT,7.0,True,Alfa Romeo,0 days 00:38:51.689000,2022-07-23 11:23:51.699,1,,False,,False,False,140.512,140.512
252,0 days 00:51:39.932000,ZHO,24,,8.0,2.0,0 days 00:41:19.879000,0 days 00:43:17.088000,51.974,32.596,,0 days 00:42:04.291000,0 days 00:42:36.893000,,106.0,253.0,,296.0,False,SOFT,8.0,False,Alfa Romeo,0 days 00:41:12.201000,2022-07-23 11:26:12.211,1,,False,,False,False,,
253,0 days 00:54:19.711000,ZHO,24,,9.0,3.0,0 days 00:51:39.932000,,46.938,52.114,66.923,0 days 00:52:20.824000,0 days 00:53:12.951000,0 days 00:54:19.808000,83.0,259.0,291.0,176.0,False,SOFT,1.0,True,Alfa Romeo,0 days 00:51:39.932000,2022-07-23 11:36:39.942,1,,False,,False,False,,165.975
254,0 days 00:55:55.167000,ZHO,24,0 days 00:01:35.456000,10.0,3.0,,,23.895,29.041,42.52,0 days 00:54:43.606000,0 days 00:55:12.647000,0 days 00:55:55.167000,113.0,270.0,291.0,322.0,False,SOFT,2.0,True,Alfa Romeo,0 days 00:54:19.711000,2022-07-23 11:39:19.721,1,,False,,False,True,95.456,95.456
255,0 days 00:58:00.027000,ZHO,24,0 days 00:02:04.860000,11.0,3.0,,,34.952,36.877,53.031,0 days 00:56:30.119000,0 days 00:57:06.996000,0 days 00:58:00.027000,94.0,244.0,262.0,204.0,False,SOFT,3.0,True,Alfa Romeo,0 days 00:55:55.167000,2022-07-23 11:40:55.177,12,,False,,False,True,124.86,124.86000000000001
256,0 days 01:00:06.031000,ZHO,24,0 days 00:02:06.004000,12.0,3.0,,,31.109,39.186,55.709,0 days 00:58:31.136000,0 days 00:59:10.322000,0 days 01:00:06.031000,95.0,152.0,294.0,256.0,False,SOFT,4.0,True,Alfa Romeo,0 days 00:58:00.027000,2022-07-23 11:43:00.037,1,,False,,False,True,126.004,126.004
257,0 days 01:01:39.942000,ZHO,24,0 days 00:01:33.911000,13.0,3.0,,,23.601,28.803,41.507,0 days 01:00:29.632000,0 days 01:00:58.435000,0 days 01:01:39.942000,114.0,276.0,295.0,325.0,True,SOFT,5.0,True,Alfa Romeo,0 days 01:00:06.031000,2022-07-23 11:45:06.041,1,,False,,False,True,93.911,93.911
258,0 days 01:03:56.833000,ZHO,24,0 days 00:02:16.891000,14.0,3.0,,0 days 01:03:29.953000,33.788,36.873,66.23,0 days 01:02:13.730000,0 days 01:02:50.603000,0 days 01:03:56.833000,90.0,251.0,,262.0,False,SOFT,6.0,True,Alfa Romeo,0 days 01:01:39.942000,2022-07-23 11:46:39.952,1,,False,,False,False,136.891,136.89100000000002
259,0 days 01:11:35.343000,ZHO,24,,15.0,4.0,0 days 01:04:04.013000,0 days 01:06:00.037000,54.18,33.688,,0 days 01:04:51.189000,0 days 01:05:24.867000,,109.0,273.0,,254.0,False,SOFT,7.0,False,Alfa Romeo,0 days 01:03:56.833000,2022-07-23 11:48:56.843,1,,False,,False,False,,
260,0 days 01:13:52.870000,ZHO,24,0 days 00:02:17.527000,16.0,5.0,0 days 01:11:41.486000,,43.431,39.778,54.318,0 days 01:12:18.774000,0 days 01:12:58.552000,0 days 01:13:52.870000,90.0,241.0,292.0,175.0,False,SOFT,9.0,False,Alfa Romeo,0 days 01:11:35.343000,2022-07-23 11:56:35.353,1,,False,,False,False,137.527,137.527
261,0 days 01:15:28.278000,ZHO,24,0 days 00:01:35.408000,17.0,5.0,,,24.149,28.991,42.268,0 days 01:14:17.019000,0 days 01:14:46.010000,0 days 01:15:28.278000,112.0,272.0,291.0,322.0,False,SOFT,10.0,False,Alfa Romeo,0 days 01:13:52.870000,2022-07-23 11:58:52.880,12,,False,,False,True,95.408,95.408
262,0 days 01:18:00.111000,ZHO,24,,18.0,5.0,,,34.031,38.943,78.81,0 days 01:16:02.392000,0 days 01:16:41.323000,0 days 01:18:00.111000,91.0,244.0,132.0,203.0,False,SOFT,11.0,False,Alfa Romeo,0 days 01:15:28.278000,2022-07-23 12:00:28.288,1,,False,,False,False,,151.784
263,0 days 01:19:36.864000,ZHO,24,,19.0,5.0,,0 days 01:19:36.864000,27.547,31.978,,0 days 01:18:27.690000,0 days 01:18:59.683000,,111.0,247.0,,299.0,False,SOFT,12.0,False,Alfa Romeo,0 days 01:18:00.111000,2022-07-23 12:03:00.121,1,,False,,False,False,,
264,0 days 00:20:21.115000,OCO,31,,1.0,1.0,0 days 00:18:04.060000,,66.442,39.466,57.927,0 days 00:18:43.897000,0 days 00:19:23.334000,0 days 00:20:21.200000,86.0,205.0,299.0,196.0,False,MEDIUM,1.0,True,Alpine,0 days 00:18:04.060000,2022-07-23 11:03:04.070,1,,False,,False,False,,163.83499999999998
265,0 days 00:21:55.574000,OCO,31,0 days 00:01:34.459000,2.0,1.0,,,23.808,28.73,41.921,0 days 00:20:44.923000,0 days 00:21:13.653000,0 days 00:21:55.574000,116.0,275.0,297.0,320.0,True,MEDIUM,2.0,True,Alpine,0 days 00:20:21.115000,2022-07-23 11:05:21.125,1,,False,,False,True,94.459,94.459
266,0 days 00:24:31.005000,OCO,31,,3.0,1.0,,,39.216,51.095,65.032,0 days 00:22:34.979000,0 days 00:23:26.100000,0 days 00:24:31.019000,83.0,137.0,297.0,154.0,False,MEDIUM,3.0,True,Alpine,0 days 00:21:55.574000,2022-07-23 11:06:55.584,1,,False,,False,False,,155.34300000000002
267,0 days 00:26:05.509000,OCO,31,0 days 00:01:34.504000,4.0,1.0,,,23.814,28.943,41.747,0 days 00:24:54.819000,0 days 00:25:23.762000,0 days 00:26:05.509000,117.0,275.0,296.0,320.0,False,MEDIUM,4.0,True,Alpine,0 days 00:24:31.005000,2022-07-23 11:09:31.015,1,,False,,False,True,94.504,94.504
268,0 days 00:28:33.940000,OCO,31,0 days 00:02:28.431000,5.0,1.0,,,40.651,43.205,64.575,0 days 00:26:46.160000,0 days 00:27:29.365000,0 days 00:28:33.940000,90.0,208.0,295.0,180.0,False,MEDIUM,5.0,True,Alpine,0 days 00:26:05.509000,2022-07-23 11:11:05.519,1,,False,,False,True,148.431,148.43099999999998
269,0 days 00:30:08.904000,OCO,31,0 days 00:01:34.964000,6.0,1.0,,,23.835,29.019,42.11,0 days 00:28:57.775000,0 days 00:29:26.794000,0 days 00:30:08.904000,112.0,274.0,296.0,319.0,False,MEDIUM,6.0,True,Alpine,0 days 00:28:33.940000,2022-07-23 11:13:33.950,1,,False,,False,True,94.964,94.964
270,0 days 00:44:51.590000,OCO,31,,7.0,1.0,,0 days 00:31:51.538000,30.625,33.272,,0 days 00:30:39.646000,0 days 00:31:12.900000,,91.0,258.0,,263.0,False,MEDIUM,7.0,True,Alpine,0 days 00:30:08.904000,2022-07-23 11:15:08.914,1,,False,,False,False,,
271,0 days 00:47:03.268000,OCO,31,,8.0,2.0,0 days 00:44:51.590000,,61.007,38.719,54.822,0 days 00:45:29.811000,0 days 00:46:08.510000,0 days 00:47:03.268000,93.0,195.0,298.0,221.0,False,MEDIUM,8.0,False,Alpine,0 days 00:44:51.590000,2022-07-23 11:29:51.600,1,,False,,False,False,,154.548
272,0 days 00:48:38.463000,OCO,31,0 days 00:01:35.195000,9.0,2.0,,,23.996,29.103,42.096,0 days 00:47:27.264000,0 days 00:47:56.367000,0 days 00:48:38.463000,114.0,275.0,300.0,321.0,False,MEDIUM,9.0,False,Alpine,0 days 00:47:03.268000,2022-07-23 11:32:03.278,1,,False,,False,True,95.195,95.195
273,0 days 00:51:08.176000,OCO,31,0 days 00:02:29.713000,10.0,2.0,,,35.804,49.538,64.371,0 days 00:49:14.267000,0 days 00:50:03.805000,0 days 00:51:08.176000,92.0,142.0,294.0,174.0,False,MEDIUM,10.0,False,Alpine,0 days 00:48:38.463000,2022-07-23 11:33:38.473,1,,False,,False,True,149.713,149.713
274,0 days 01:04:50.891000,OCO,31,,11.0,2.0,,0 days 00:52:35.656000,24.137,29.173,,0 days 00:51:32.477000,0 days 00:52:01.563000,,114.0,273.0,,318.0,False,MEDIUM,11.0,False,Alpine,0 days 00:51:08.176000,2022-07-23 11:36:08.186,12,,False,,False,False,,
275,0 days 01:07:15.614000,OCO,31,,12.0,3.0,0 days 01:04:50.891000,,51.045,38.102,61.775,0 days 01:05:35.902000,0 days 01:06:14.007000,0 days 01:07:15.705000,85.0,253.0,297.0,278.0,False,SOFT,1.0,True,Alpine,0 days 01:04:50.891000,2022-07-23 11:49:50.901,1,,False,,False,False,,150.922
276,0 days 01:08:49.736000,OCO,31,0 days 00:01:34.122000,13.0,3.0,,,23.71,28.691,41.721,0 days 01:07:39.324000,0 days 01:08:08.015000,0 days 01:08:49.736000,117.0,277.0,299.0,324.0,True,SOFT,2.0,True,Alpine,0 days 01:07:15.614000,2022-07-23 11:52:15.624,1,,False,,False,True,94.122,94.12199999999999
277,0 days 01:11:30.090000,OCO,31,,14.0,3.0,,,39.8,51.085,69.371,0 days 01:09:29.709000,0 days 01:10:20.816000,0 days 01:11:30.090000,86.0,118.0,166.0,155.0,False,SOFT,3.0,True,Alpine,0 days 01:08:49.736000,2022-07-23 11:53:49.746,1,,False,,False,False,,160.25599999999997
278,0 days 01:13:58.428000,OCO,31,0 days 00:02:28.338000,15.0,3.0,,,37.493,50.146,60.699,0 days 01:12:07.583000,0 days 01:12:57.729000,0 days 01:13:58.428000,91.0,193.0,298.0,155.0,False,SOFT,4.0,True,Alpine,0 days 01:11:30.090000,2022-07-23 11:56:30.100,1,,False,,False,True,148.338,148.33800000000002
279,0 days 01:15:32.868000,OCO,31,0 days 00:01:34.440000,16.0,3.0,,,23.912,28.77,41.758,0 days 01:14:22.340000,0 days 01:14:51.110000,0 days 01:15:32.868000,115.0,275.0,298.0,322.0,False,SOFT,5.0,True,Alpine,0 days 01:13:58.428000,2022-07-23 11:58:58.438,12,,False,,False,True,94.44,94.44
280,0 days 01:18:21.381000,OCO,31,,17.0,3.0,,,32.916,41.923,93.697,0 days 01:16:05.870000,0 days 01:16:47.777000,0 days 01:18:21.381000,96.0,191.0,166.0,190.0,False,SOFT,6.0,True,Alpine,0 days 01:15:32.868000,2022-07-23 12:00:32.878,1,,False,,False,False,,168.536
281,0 days 01:19:54.860000,OCO,31,,18.0,3.0,,0 days 01:19:54.860000,26.425,31.376,,0 days 01:18:47.907000,0 days 01:19:19.308000,,111.0,254.0,,305.0,False,SOFT,7.0,True,Alpine,0 days 01:18:21.381000,2022-07-23 12:03:21.391,1,,False,,False,False,,
282,0 days 00:23:02.103000,HAM,44,,1.0,1.0,0 days 00:20:24.995000,,65.965,44.922,55.446,0 days 00:21:21.879000,0 days 00:22:06.802000,0 days 00:23:02.200000,78.0,234.0,294.0,208.0,False,SOFT,1.0,True,Mercedes,0 days 00:20:24.995000,2022-07-23 11:05:25.005,1,,False,,False,False,,166.333
283,0 days 00:24:36.695000,HAM,44,0 days 00:01:34.592000,2.0,1.0,,,23.995,28.812,41.785,0 days 00:23:26.098000,0 days 00:23:54.910000,0 days 00:24:36.695000,112.0,272.0,291.0,318.0,True,SOFT,2.0,True,Mercedes,0 days 00:23:02.103000,2022-07-23 11:08:02.113,1,,False,,False,True,94.592,94.592
284,0 days 00:27:56.612000,HAM,44,,3.0,1.0,,0 days 00:27:23.038000,50.601,60.446,88.826,0 days 00:25:27.439000,0 days 00:26:27.968000,0 days 00:27:56.612000,61.0,160.0,,134.0,False,SOFT,3.0,True,Mercedes,0 days 00:24:36.695000,2022-07-23 11:09:36.705,1,,False,,False,False,,199.873
285,0 days 00:30:35.456000,HAM,44,,4.0,2.0,0 days 00:28:02.762000,,55.675,44.078,59.128,0 days 00:28:52.505000,0 days 00:29:36.448000,0 days 00:30:35.523000,36.0,199.0,294.0,240.0,False,SOFT,4.0,False,Mercedes,0 days 00:27:56.612000,2022-07-23 11:12:56.622,1,,False,,False,False,,158.881
286,0 days 00:32:09.655000,HAM,44,0 days 00:01:34.199000,5.0,2.0,,,23.681,28.957,41.561,0 days 00:30:59.137000,0 days 00:31:28.094000,0 days 00:32:09.655000,117.0,270.0,296.0,319.0,True,SOFT,5.0,False,Mercedes,0 days 00:30:35.456000,2022-07-23 11:15:35.466,1,,False,,False,True,94.199,94.19900000000001
287,0 days 00:34:56.626000,HAM,44,,6.0,2.0,,,42.418,50.2,74.282,0 days 00:32:52.232000,0 days 00:33:42.443000,0 days 00:34:56.626000,79.0,173.0,220.0,179.0,False,SOFT,6.0,False,Mercedes,0 days 00:32:09.655000,2022-07-23 11:17:09.665,1,,False,,False,False,,166.89999999999998
288,0 days 00:37:30.930000,HAM,44,,7.0,2.0,,,40.559,50.133,63.577,0 days 00:35:37.277000,0 days 00:36:27.405000,0 days 00:37:30.930000,77.0,193.0,292.0,127.0,False,SOFT,7.0,False,Mercedes,0 days 00:34:56.626000,2022-07-23 11:19:56.636,1,,False,,False,False,,154.269
289,0 days 00:39:05.343000,HAM,44,0 days 00:01:34.413000,8.0,2.0,,,23.743,28.966,41.704,0 days 00:37:54.673000,0 days 00:38:23.639000,0 days 00:39:05.343000,118.0,270.0,296.0,320.0,False,SOFT,8.0,False,Mercedes,0 days 00:37:30.930000,2022-07-23 11:22:30.940,1,,False,,False,True,94.413,94.41300000000001
290,0 days 00:49:04.443000,HAM,44,,9.0,2.0,,0 days 00:40:33.458000,24.263,30.398,,0 days 00:39:29.690000,0 days 00:40:00.096000,,114.0,262.0,,304.0,False,SOFT,9.0,False,Mercedes,0 days 00:39:05.343000,2022-07-23 11:24:05.353,1,,False,,False,False,,
291,0 days 00:51:27.038000,HAM,44,0 days 00:02:22.595000,10.0,3.0,0 days 00:49:10.649000,,47.067,40.85,54.678,0 days 00:49:51.510000,0 days 00:50:32.360000,0 days 00:51:27.038000,83.0,246.0,297.0,230.0,False,SOFT,1.0,True,Mercedes,0 days 00:49:04.443000,2022-07-23 11:34:04.453,1,,False,,False,False,142.595,142.595
292,0 days 00:53:00.293000,HAM,44,0 days 00:01:33.255000,11.0,3.0,,,23.383,28.493,41.379,0 days 00:51:50.421000,0 days 00:52:18.914000,0 days 00:53:00.293000,116.0,276.0,292.0,321.0,True,SOFT,2.0,True,Mercedes,0 days 00:51:27.038000,2022-07-23 11:36:27.048,1,,False,,False,True,93.255,93.255
293,0 days 00:56:12.276000,HAM,44,,12.0,3.0,,0 days 00:55:38.292000,42.39,57.663,91.897,0 days 00:53:42.854000,0 days 00:54:40.560000,0 days 00:56:12.276000,71.0,153.0,,168.0,False,SOFT,3.0,True,Mercedes,0 days 00:53:00.293000,2022-07-23 11:38:00.303,1,,False,,False,False,,191.95
294,0 days 00:58:53.661000,HAM,44,,13.0,4.0,0 days 00:56:18.425000,,49.665,48.988,62.685,0 days 00:57:02.121000,0 days 00:57:51.104000,0 days 00:58:53.661000,79.0,186.0,292.0,252.0,False,SOFT,4.0,False,Mercedes,0 days 00:56:12.276000,2022-07-23 11:41:12.286,12,,False,,False,False,,161.338
295,0 days 01:00:27.691000,HAM,44,0 days 00:01:34.030000,14.0,4.0,,,23.699,28.865,41.466,0 days 00:59:17.360000,0 days 00:59:46.225000,0 days 01:00:27.691000,114.0,270.0,294.0,320.0,False,SOFT,5.0,False,Mercedes,0 days 00:58:53.661000,2022-07-23 11:43:53.671,1,,False,,False,True,94.03,94.03
296,0 days 01:07:46.095000,HAM,44,,15.0,4.0,,0 days 01:01:57.179000,24.553,30.884,,0 days 01:00:52.351000,0 days 01:01:23.231000,,113.0,269.0,,297.0,False,SOFT,6.0,False,Mercedes,0 days 01:00:27.691000,2022-07-23 11:45:27.701,1,,False,,False,False,,
297,0 days 01:09:56.413000,HAM,44,0 days 00:02:10.318000,16.0,5.0,0 days 01:07:53.583000,,55.101,30.844,44.373,0 days 01:08:41.196000,0 days 01:09:12.040000,0 days 01:09:56.413000,99.0,265.0,278.0,293.0,False,SOFT,10.0,False,Mercedes,0 days 01:07:46.095000,2022-07-23 11:52:46.105,1,,False,,False,False,130.318,130.31799999999998
298,0 days 01:11:35.221000,HAM,44,0 days 00:01:38.808000,17.0,5.0,,,24.905,30.275,43.628,0 days 01:10:21.318000,0 days 01:10:51.593000,0 days 01:11:35.221000,113.0,266.0,278.0,286.0,False,SOFT,11.0,False,Mercedes,0 days 01:09:56.413000,2022-07-23 11:54:56.423,1,,False,,False,True,98.808,98.80799999999999
299,0 days 01:13:14.123000,HAM,44,0 days 00:01:38.902000,18.0,5.0,,,24.968,30.177,43.757,0 days 01:12:00.189000,0 days 01:12:30.366000,0 days 01:13:14.123000,109.0,266.0,279.0,290.0,False,SOFT,12.0,False,Mercedes,0 days 01:11:35.221000,2022-07-23 11:56:35.231,1,,False,,False,True,98.902,98.90199999999999
300,0 days 01:14:53.045000,HAM,44,0 days 00:01:38.922000,19.0,5.0,,,24.985,30.274,43.663,0 days 01:13:39.108000,0 days 01:14:09.382000,0 days 01:14:53.045000,111.0,265.0,280.0,300.0,False,SOFT,13.0,False,Mercedes,0 days 01:13:14.123000,2022-07-23 11:58:14.133,12,,False,,False,True,98.922,98.922
301,0 days 01:16:32.938000,HAM,44,0 days 00:01:39.893000,20.0,5.0,,,25.174,30.464,44.255,0 days 01:15:18.219000,0 days 01:15:48.683000,0 days 01:16:32.938000,103.0,266.0,279.0,292.0,False,SOFT,14.0,False,Mercedes,0 days 01:14:53.045000,2022-07-23 11:59:53.055,1,,False,,False,True,99.893,99.893
302,0 days 01:19:43.663000,HAM,44,,21.0,5.0,,,37.116,43.735,,0 days 01:17:10.146000,0 days 01:17:53.917000,,87.0,143.0,195.0,204.0,False,SOFT,15.0,False,Mercedes,0 days 01:16:32.938000,2022-07-23 12:01:32.948,1,,False,,False,False,,
303,0 days 01:21:35.188000,HAM,44,,22.0,5.0,,0 days 01:21:35.188000,30.814,35.709,,0 days 01:20:14.561000,0 days 01:20:50.214000,,108.0,180.0,,235.0,False,SOFT,16.0,False,Mercedes,0 days 01:19:43.663000,2022-07-23 12:04:43.673,1,,False,,False,False,,
304,0 days 00:38:33.805000,MSC,47,,1.0,1.0,0 days 00:36:07.906000,,50.193,39.996,61.942,0 days 00:36:52.048000,0 days 00:37:32.038000,0 days 00:38:33.884000,84.0,224.0,292.0,213.0,False,SOFT,1.0,True,Haas F1 Team,0 days 00:36:07.906000,2022-07-23 11:21:07.916,1,,False,,False,False,,152.131
305,0 days 00:40:08.457000,MSC,47,0 days 00:01:34.652000,2.0,1.0,,,23.958,28.846,41.848,0 days 00:38:57.763000,0 days 00:39:26.609000,0 days 00:40:08.457000,112.0,273.0,291.0,336.0,True,SOFT,2.0,True,Haas F1 Team,0 days 00:38:33.805000,2022-07-23 11:23:33.815,1,,False,,False,True,94.652,94.652
306,0 days 00:42:41.417000,MSC,47,,3.0,1.0,,,36.883,42.258,73.738,0 days 00:40:45.509000,0 days 00:41:27.788000,0 days 00:42:41.417000,100.0,147.0,294.0,188.0,False,SOFT,3.0,True,Haas F1 Team,0 days 00:40:08.457000,2022-07-23 11:25:08.467,1,,False,,False,False,,152.87900000000002
307,0 days 00:44:17.107000,MSC,47,0 days 00:01:35.690000,4.0,1.0,,,23.842,28.943,42.905,0 days 00:43:05.259000,0 days 00:43:34.202000,0 days 00:44:17.107000,117.0,274.0,293.0,326.0,False,SOFT,4.0,True,Haas F1 Team,0 days 00:42:41.417000,2022-07-23 11:27:41.427,1,,False,,False,True,95.69,95.69
308,0 days 01:04:48.485000,MSC,47,,5.0,1.0,,0 days 00:46:05.538000,27.752,40.424,,0 days 00:44:44.968000,0 days 00:45:25.367000,,42.0,253.0,,199.0,False,SOFT,5.0,True,Haas F1 Team,0 days 00:44:17.107000,2022-07-23 11:29:17.117,12,,False,,False,False,,
309,0 days 01:07:09.301000,MSC,47,0 days 00:02:20.816000,6.0,2.0,0 days 01:04:54.738000,,47.81,36.109,56.897,0 days 01:05:36.295000,0 days 01:06:12.404000,0 days 01:07:09.301000,88.0,260.0,297.0,290.0,False,SOFT,1.0,True,Haas F1 Team,0 days 01:04:48.485000,2022-07-23 11:49:48.495,1,,False,,False,False,140.816,140.816
310,0 days 01:08:43.523000,MSC,47,0 days 00:01:34.222000,7.0,2.0,,,23.819,28.628,41.775,0 days 01:07:33.120000,0 days 01:08:01.748000,0 days 01:08:43.523000,117.0,278.0,296.0,328.0,True,SOFT,2.0,True,Haas F1 Team,0 days 01:07:09.301000,2022-07-23 11:52:09.311,1,,False,,False,True,94.222,94.22200000000001
311,0 days 01:11:25.562000,MSC,47,,8.0,2.0,,0 days 01:10:49.584000,36.034,42.577,83.397,0 days 01:09:19.736000,0 days 01:10:02.310000,0 days 01:11:25.562000,84.0,233.0,,233.0,False,SOFT,3.0,True,Haas F1 Team,0 days 01:08:43.523000,2022-07-23 11:53:43.533,1,,False,,False,False,,162.00799999999998
312,0 days 01:14:03.235000,MSC,47,,9.0,3.0,0 days 01:11:31.738000,,54.215,44.036,59.402,0 days 01:12:19.915000,0 days 01:13:03.957000,0 days 01:14:03.315000,77.0,180.0,299.0,200.0,False,SOFT,4.0,False,Haas F1 Team,0 days 01:11:25.562000,2022-07-23 11:56:25.572,1,,False,,False,False,,157.65300000000002
313,0 days 01:15:45.226000,MSC,47,0 days 00:01:41.991000,10.0,3.0,,,25.634,29.368,46.989,0 days 01:14:28.869000,0 days 01:14:58.237000,0 days 01:15:45.226000,110.0,279.0,271.0,289.0,False,SOFT,5.0,False,Haas F1 Team,0 days 01:14:03.235000,2022-07-23 11:59:03.245,12,,False,,False,True,101.991,101.99099999999999
314,0 days 01:18:03.574000,MSC,47,0 days 00:02:18.348000,11.0,3.0,,,25.952,33.605,78.791,0 days 01:16:11.178000,0 days 01:16:44.783000,0 days 01:18:03.574000,109.0,251.0,147.0,270.0,False,SOFT,6.0,False,Haas F1 Team,0 days 01:15:45.226000,2022-07-23 12:00:45.236,1,,False,,False,True,138.348,138.348
315,0 days 01:19:33.947000,MSC,47,,12.0,3.0,,0 days 01:19:33.947000,25.625,30.287,,0 days 01:18:29.335000,0 days 01:18:59.634000,,106.0,274.0,,328.0,False,SOFT,7.0,False,Haas F1 Team,0 days 01:18:03.574000,2022-07-23 12:03:03.584,1,,False,,False,False,,
316,0 days 00:31:34.991000,SAI,55,,1.0,1.0,0 days 00:29:10.188000,,46.231,44.656,60.043,0 days 00:29:50.468000,0 days 00:30:35.089000,0 days 00:31:35.115000,84.0,188.0,293.0,142.0,False,SOFT,1.0,True,Ferrari,0 days 00:29:10.188000,2022-07-23 11:14:10.198,1,,False,,False,False,,150.93
317,0 days 00:33:08.208000,SAI,55,0 days 00:01:33.217000,2.0,1.0,,,23.509,28.519,41.189,0 days 00:31:58.500000,0 days 00:32:27.019000,0 days 00:33:08.208000,115.0,276.0,296.0,326.0,True,SOFT,2.0,True,Ferrari,0 days 00:31:34.991000,2022-07-23 11:16:35.001,1,,False,,False,True,93.217,93.217
318,0 days 00:36:06.624000,SAI,55,,3.0,1.0,,0 days 00:35:28.610000,42.229,46.336,89.823,0 days 00:33:50.597000,0 days 00:34:36.931000,0 days 00:36:06.624000,86.0,164.0,,169.0,False,SOFT,3.0,True,Ferrari,0 days 00:33:08.208000,2022-07-23 11:18:08.218,1,,False,,False,False,,178.38799999999998
319,0 days 00:39:00.705000,SAI,55,,4.0,2.0,0 days 00:36:14.626000,,58.824,52.856,62.351,0 days 00:37:05.588000,0 days 00:37:58.509000,0 days 00:39:00.705000,80.0,120.0,293.0,143.0,False,SOFT,4.0,False,Ferrari,0 days 00:36:06.624000,2022-07-23 11:21:06.634,1,,False,,False,False,,174.031
320,0 days 00:52:28.689000,SAI,55,,5.0,2.0,,0 days 00:40:31.901000,23.397,28.473,,0 days 00:39:24.224000,0 days 00:39:52.668000,,112.0,276.0,,326.0,False,SOFT,5.0,False,Ferrari,0 days 00:39:00.705000,2022-07-23 11:24:00.715,1,,False,,False,False,,
321,0 days 00:55:12.348000,SAI,55,,6.0,3.0,0 days 00:52:28.689000,,52.396,47.674,69.687,0 days 00:53:15.111000,0 days 00:54:02.777000,0 days 00:55:12.388000,79.0,180.0,294.0,178.0,False,SOFT,1.0,True,Ferrari,0 days 00:52:28.689000,2022-07-23 11:37:28.699,1,,False,,False,False,,169.757
322,0 days 00:56:45.520000,SAI,55,0 days 00:01:33.172000,7.0,3.0,,,23.356,28.527,41.289,0 days 00:55:35.704000,0 days 00:56:04.231000,0 days 00:56:45.520000,114.0,276.0,297.0,325.0,True,SOFT,2.0,True,Ferrari,0 days 00:55:12.348000,2022-07-23 11:40:12.358,12,,False,,False,True,93.172,93.172
323,0 days 00:59:43.209000,SAI,55,,8.0,3.0,,0 days 00:59:10.128000,37.318,50.457,89.906,0 days 00:57:22.950000,0 days 00:58:13.365000,0 days 00:59:43.209000,81.0,138.0,,159.0,False,SOFT,3.0,True,Ferrari,0 days 00:56:45.520000,2022-07-23 11:41:45.530,1,,False,,False,False,,177.681
324,0 days 01:02:53.325000,SAI,55,,9.0,4.0,0 days 01:00:11.080000,,66.281,51.33,72.55,0 days 01:00:49.579000,0 days 01:01:40.961000,0 days 01:02:53.370000,80.0,125.0,299.0,200.0,False,SOFT,4.0,False,Ferrari,0 days 00:59:43.209000,2022-07-23 11:44:43.219,1,,False,,False,False,,190.161
325,0 days 01:04:25.951000,SAI,55,0 days 00:01:32.626000,10.0,4.0,,,23.297,28.499,40.83,0 days 01:03:16.622000,0 days 01:03:45.121000,0 days 01:04:25.951000,114.0,278.0,299.0,328.0,True,SOFT,5.0,False,Ferrari,0 days 01:02:53.325000,2022-07-23 11:47:53.335,1,,False,,False,True,92.626,92.626
326,0 days 01:13:04.654000,SAI,55,,11.0,4.0,,0 days 01:06:16.262000,30.55,40.084,,0 days 01:04:56.620000,0 days 01:05:36.734000,,85.0,240.0,,207.0,False,SOFT,6.0,False,Ferrari,0 days 01:04:25.951000,2022-07-23 11:49:25.961,1,,False,,False,False,,
327,0 days 01:15:08.890000,SAI,55,0 days 00:02:04.236000,12.0,5.0,0 days 01:13:26.905000,,50.621,30.269,43.346,0 days 01:13:55.275000,0 days 01:14:25.544000,0 days 01:15:08.890000,112.0,266.0,279.0,288.0,False,SOFT,6.0,False,Ferrari,0 days 01:13:04.654000,2022-07-23 11:58:04.664,12,,False,,False,False,124.236,124.23599999999999
328,0 days 01:17:29.635000,SAI,55,0 days 00:02:20.745000,13.0,5.0,,,24.712,30.068,85.965,0 days 01:15:33.602000,0 days 01:16:03.670000,0 days 01:17:29.635000,110.0,267.0,131.0,298.0,False,SOFT,7.0,False,Ferrari,0 days 01:15:08.890000,2022-07-23 12:00:08.900,1,,False,,False,True,140.745,140.745
329,0 days 01:18:59.446000,SAI,55,,14.0,5.0,,0 days 01:18:59.446000,26.233,30.153,,0 days 01:17:56.012000,0 days 01:18:26.140000,,107.0,268.0,,292.0,False,SOFT,8.0,False,Ferrari,0 days 01:17:29.635000,2022-07-23 12:02:29.645,1,,False,,False,False,,
330,0 days 00:25:59.586000,RUS,63,,1.0,1.0,0 days 00:16:53.595000,0 days 00:18:52.036000,40.572,39.716,,0 days 00:17:28.278000,0 days 00:18:07.948000,,92.0,253.0,,111.0,False,HARD,1.0,True,Mercedes,0 days 00:16:53.595000,2022-07-23 11:01:53.605,1,,False,,False,False,,
331,0 days 00:28:28.062000,RUS,63,0 days 00:02:28.476000,2.0,2.0,0 days 00:26:05.770000,,45.1,40.917,62.459,0 days 00:26:44.686000,0 days 00:27:25.603000,0 days 00:28:28.062000,87.0,224.0,292.0,221.0,False,SOFT,1.0,True,Mercedes,0 days 00:25:59.586000,2022-07-23 11:10:59.596,1,,False,,False,False,148.476,148.476
332,0 days 00:30:02.310000,RUS,63,0 days 00:01:34.248000,3.0,2.0,,,23.747,28.835,41.666,0 days 00:28:51.809000,0 days 00:29:20.644000,0 days 00:30:02.310000,117.0,274.0,294.0,321.0,True,SOFT,2.0,True,Mercedes,0 days 00:28:28.062000,2022-07-23 11:13:28.072,1,,False,,False,True,94.248,94.24799999999999
333,0 days 00:32:52.491000,RUS,63,,4.0,2.0,,0 days 00:32:18.383000,36.51,45.386,88.165,0 days 00:30:38.957000,0 days 00:31:24.326000,0 days 00:32:52.507000,85.0,187.0,,206.0,False,SOFT,3.0,True,Mercedes,0 days 00:30:02.310000,2022-07-23 11:15:02.320,1,,False,,False,False,,170.061
334,0 days 00:35:44.649000,RUS,63,,5.0,3.0,0 days 00:33:12.019000,,59.911,46.427,65.868,0 days 00:33:52.430000,0 days 00:34:38.837000,0 days 00:35:44.649000,80.0,213.0,293.0,230.0,False,SOFT,4.0,False,Mercedes,0 days 00:32:52.491000,2022-07-23 11:17:52.501,1,,False,,False,False,,172.206
335,0 days 00:38:00.113000,RUS,63,0 days 00:02:15.464000,6.0,3.0,,,24.01,47.094,64.36,0 days 00:36:08.659000,0 days 00:36:55.753000,0 days 00:38:00.113000,96.0,171.0,292.0,238.0,False,SOFT,5.0,False,Mercedes,0 days 00:35:44.649000,2022-07-23 11:20:44.659,1,,False,,False,True,135.464,135.464
336,0 days 00:39:34.664000,RUS,63,0 days 00:01:34.551000,7.0,3.0,,,23.646,29.0,41.905,0 days 00:38:23.759000,0 days 00:38:52.759000,0 days 00:39:34.664000,116.0,271.0,293.0,321.0,False,SOFT,6.0,False,Mercedes,0 days 00:38:00.113000,2022-07-23 11:23:00.123,1,,False,,False,True,94.551,94.551
337,0 days 00:42:06.090000,RUS,63,,8.0,3.0,,,39.395,45.176,66.881,0 days 00:40:14.139000,0 days 00:40:59.209000,0 days 00:42:06.133000,82.0,184.0,258.0,207.0,False,SOFT,7.0,False,Mercedes,0 days 00:39:34.664000,2022-07-23 11:24:34.674,1,,False,,False,False,,151.452
338,0 days 00:44:36.056000,RUS,63,0 days 00:02:29.966000,9.0,3.0,,,40.634,42.798,66.534,0 days 00:42:46.724000,0 days 00:43:29.522000,0 days 00:44:36.056000,84.0,236.0,293.0,230.0,False,SOFT,8.0,False,Mercedes,0 days 00:42:06.090000,2022-07-23 11:27:06.100,1,,False,,False,True,149.966,149.966
339,0 days 00:46:10.417000,RUS,63,0 days 00:01:34.361000,10.0,3.0,,,23.709,28.996,41.656,0 days 00:44:59.765000,0 days 00:45:28.761000,0 days 00:46:10.417000,115.0,273.0,293.0,321.0,False,SOFT,9.0,False,Mercedes,0 days 00:44:36.056000,2022-07-23 11:29:36.066,1,,False,,False,True,94.361,94.36099999999999
340,0 days 00:55:42.270000,RUS,63,,11.0,3.0,,0 days 00:48:00.371000,29.011,38.365,,0 days 00:46:39.542000,0 days 00:47:17.870000,,93.0,193.0,,208.0,False,SOFT,10.0,False,Mercedes,0 days 00:46:10.417000,2022-07-23 11:31:10.427,1,,False,,False,False,,
341,0 days 00:58:18.098000,RUS,63,,12.0,4.0,0 days 00:55:42.270000,,48.882,46.996,66.178,0 days 00:56:25.049000,0 days 00:57:12.029000,0 days 00:58:18.151000,76.0,215.0,297.0,220.0,False,SOFT,1.0,True,Mercedes,0 days 00:55:42.270000,2022-07-23 11:40:42.280,12,,False,,False,False,,162.05599999999998
342,0 days 00:59:51.474000,RUS,63,0 days 00:01:33.376000,13.0,4.0,,,23.45,28.553,41.373,0 days 00:58:41.548000,0 days 00:59:10.101000,0 days 00:59:51.474000,118.0,277.0,297.0,323.0,True,SOFT,2.0,True,Mercedes,0 days 00:58:18.098000,2022-07-23 11:43:18.108,1,,False,,False,True,93.376,93.376
343,0 days 01:12:07.402000,RUS,63,,14.0,4.0,,0 days 01:01:54.631000,35.057,44.484,,0 days 01:00:26.663000,0 days 01:01:11.112000,,90.0,193.0,,211.0,False,SOFT,3.0,True,Mercedes,0 days 00:59:51.474000,2022-07-23 11:44:51.484,1,,False,,False,False,,
344,0 days 01:14:32.535000,RUS,63,0 days 00:02:25.133000,15.0,5.0,0 days 01:12:29.465000,0 days 01:14:07.812000,50.329,31.11,63.694,0 days 01:12:57.731000,0 days 01:13:28.841000,0 days 01:14:32.535000,107.0,247.0,,303.0,False,SOFT,4.0,False,Mercedes,0 days 01:12:07.402000,2022-07-23 11:57:07.412,12,,False,,False,False,145.133,145.13299999999998
345,0 days 01:16:48.859000,RUS,63,0 days 00:02:16.324000,16.0,6.0,0 days 01:14:56.486000,,55.641,30.709,49.974,0 days 01:15:28.176000,0 days 01:15:58.885000,0 days 01:16:48.859000,107.0,255.0,261.0,306.0,False,SOFT,5.0,False,Mercedes,0 days 01:14:32.535000,2022-07-23 11:59:32.545,1,,False,,False,False,136.324,136.32399999999998
346,0 days 01:19:26.972000,RUS,63,,17.0,6.0,,,29.721,39.105,89.23,0 days 01:17:18.734000,0 days 01:17:57.779000,0 days 01:19:26.972000,96.0,195.0,190.0,205.0,False,SOFT,6.0,False,Mercedes,0 days 01:16:48.859000,2022-07-23 12:01:48.869,1,,False,,False,False,,158.05599999999998
347,0 days 01:21:06.957000,RUS,63,,18.0,6.0,,0 days 01:21:06.957000,29.21,31.038,,0 days 01:19:56.263000,0 days 01:20:27.277000,,98.0,228.0,,312.0,False,SOFT,7.0,False,Mercedes,0 days 01:19:26.972000,2022-07-23 12:04:26.982,1,,False,,False,False,,
348,0 days 00:28:19.793000,BOT,77,,1.0,1.0,0 days 00:25:50.026000,,45.147,46.029,64.799,0 days 00:26:29.134000,0 days 00:27:15.148000,0 days 00:28:19.907000,71.0,236.0,291.0,200.0,False,SOFT,1.0,True,Alfa Romeo,0 days 00:25:50.026000,2022-07-23 11:10:50.036,1,,False,,False,False,,155.97500000000002
349,0 days 00:29:53.792000,BOT,77,0 days 00:01:33.999000,2.0,1.0,,,23.646,28.729,41.624,0 days 00:28:43.439000,0 days 00:29:12.168000,0 days 00:29:53.792000,112.0,275.0,295.0,322.0,True,SOFT,2.0,True,Alfa Romeo,0 days 00:28:19.793000,2022-07-23 11:13:19.803,1,,False,,False,True,93.999,93.999
350,0 days 00:32:08.074000,BOT,77,0 days 00:02:14.282000,3.0,1.0,,,34.205,44.512,55.565,0 days 00:30:27.997000,0 days 00:31:12.509000,0 days 00:32:08.074000,82.0,163.0,292.0,241.0,False,SOFT,3.0,True,Alfa Romeo,0 days 00:29:53.792000,2022-07-23 11:14:53.802,1,,False,,False,True,134.282,134.28199999999998
351,0 days 00:33:42.141000,BOT,77,0 days 00:01:34.067000,4.0,1.0,,,23.613,28.756,41.698,0 days 00:32:31.687000,0 days 00:33:00.443000,0 days 00:33:42.141000,113.0,276.0,296.0,326.0,False,SOFT,4.0,True,Alfa Romeo,0 days 00:32:08.074000,2022-07-23 11:17:08.084,1,,False,,False,True,94.067,94.06700000000001
352,0 days 00:35:56.827000,BOT,77,0 days 00:02:14.686000,5.0,1.0,,,30.832,41.446,62.408,0 days 00:34:12.973000,0 days 00:34:54.419000,0 days 00:35:56.827000,97.0,179.0,191.0,189.0,False,SOFT,5.0,True,Alfa Romeo,0 days 00:33:42.141000,2022-07-23 11:18:42.151,1,,False,,False,True,134.686,134.68599999999998
353,0 days 00:38:10.875000,BOT,77,0 days 00:02:14.048000,6.0,1.0,,,35.432,43.392,55.224,0 days 00:36:32.259000,0 days 00:37:15.651000,0 days 00:38:10.875000,82.0,216.0,292.0,182.0,False,SOFT,6.0,True,Alfa Romeo,0 days 00:35:56.827000,2022-07-23 11:20:56.837,1,,False,,False,True,134.048,134.048
354,0 days 00:39:45.042000,BOT,77,0 days 00:01:34.167000,7.0,1.0,,,23.65,28.805,41.712,0 days 00:38:34.525000,0 days 00:39:03.330000,0 days 00:39:45.042000,108.0,275.0,296.0,324.0,False,SOFT,7.0,True,Alfa Romeo,0 days 00:38:10.875000,2022-07-23 11:23:10.885,1,,False,,False,True,94.167,94.167
355,0 days 00:41:48.083000,BOT,77,0 days 00:02:03.041000,8.0,1.0,,0 days 00:41:23.007000,27.433,32.074,63.534,0 days 00:40:12.475000,0 days 00:40:44.549000,0 days 00:41:48.083000,104.0,250.0,,292.0,False,SOFT,8.0,True,Alfa Romeo,0 days 00:39:45.042000,2022-07-23 11:24:45.052,1,,False,,False,False,123.041,123.041
356,0 days 00:51:34.383000,BOT,77,,9.0,2.0,0 days 00:42:07.144000,0 days 00:43:58.942000,59.269,34.932,,0 days 00:42:47.538000,0 days 00:43:22.448000,,81.0,257.0,,299.0,False,SOFT,9.0,False,Alfa Romeo,0 days 00:41:48.083000,2022-07-23 11:26:48.093,1,,False,,False,False,,
357,0 days 00:54:13.139000,BOT,77,,10.0,3.0,0 days 00:51:34.383000,,48.059,53.991,62.851,0 days 00:52:16.434000,0 days 00:53:10.474000,0 days 00:54:13.209000,73.0,148.0,291.0,148.0,False,SOFT,1.0,True,Alfa Romeo,0 days 00:51:34.383000,2022-07-23 11:36:34.393,1,,False,,False,False,,164.901
358,0 days 00:55:47.113000,BOT,77,0 days 00:01:33.974000,11.0,3.0,,,23.684,28.689,41.601,0 days 00:54:36.823000,0 days 00:55:05.512000,0 days 00:55:47.113000,115.0,274.0,294.0,320.0,True,SOFT,2.0,True,Alfa Romeo,0 days 00:54:13.139000,2022-07-23 11:39:13.149,1,,False,,False,True,93.974,93.974
359,0 days 00:57:50.814000,BOT,77,0 days 00:02:03.701000,12.0,3.0,,,32.842,38.252,52.607,0 days 00:56:19.955000,0 days 00:56:58.207000,0 days 00:57:50.814000,99.0,243.0,261.0,219.0,False,SOFT,3.0,True,Alfa Romeo,0 days 00:55:47.113000,2022-07-23 11:40:47.123,12,,False,,False,True,123.701,123.701
360,0 days 00:59:50.040000,BOT,77,0 days 00:01:59.226000,13.0,3.0,,,31.805,37.553,49.868,0 days 00:58:22.619000,0 days 00:59:00.172000,0 days 00:59:50.040000,95.0,236.0,293.0,289.0,False,SOFT,4.0,True,Alfa Romeo,0 days 00:57:50.814000,2022-07-23 11:42:50.824,1,,False,,False,True,119.226,119.226
361,0 days 01:01:23.912000,BOT,77,0 days 00:01:33.872000,14.0,3.0,,,23.483,28.818,41.571,0 days 01:00:13.523000,0 days 01:00:42.341000,0 days 01:01:23.912000,112.0,276.0,297.0,325.0,True,SOFT,5.0,True,Alfa Romeo,0 days 00:59:50.040000,2022-07-23 11:44:50.050,1,,False,,False,True,93.872,93.872
362,0 days 01:03:39.195000,BOT,77,0 days 00:02:15.283000,15.0,3.0,,0 days 01:03:14.441000,29.721,35.74,69.822,0 days 01:01:53.633000,0 days 01:02:29.373000,0 days 01:03:39.195000,92.0,247.0,,241.0,False,SOFT,6.0,True,Alfa Romeo,0 days 01:01:23.912000,2022-07-23 11:46:23.922,1,,False,,False,False,135.283,135.28300000000002
363,0 days 01:06:06.127000,BOT,77,0 days 00:02:26.932000,16.0,4.0,0 days 01:03:58.238000,,57.587,35.905,53.44,0 days 01:04:36.782000,0 days 01:05:12.687000,0 days 01:06:06.127000,91.0,222.0,290.0,285.0,False,SOFT,7.0,False,Alfa Romeo,0 days 01:03:39.195000,2022-07-23 11:48:39.205,1,,False,,False,False,146.932,146.93200000000002
364,0 days 01:14:42.143000,BOT,77,,17.0,4.0,,0 days 01:07:51.049000,23.646,32.894,,0 days 01:06:30.273000,0 days 01:07:02.847000,,110.0,162.0,,320.0,False,SOFT,8.0,False,Alfa Romeo,0 days 01:06:06.127000,2022-07-23 11:51:06.137,12,,False,,False,False,,
365,0 days 01:16:38.784000,BOT,77,0 days 00:01:56.641000,18.0,5.0,0 days 01:14:48.251000,,40.078,30.951,45.612,0 days 01:15:22.221000,0 days 01:15:53.172000,0 days 01:16:38.784000,103.0,267.0,280.0,289.0,False,SOFT,9.0,False,Alfa Romeo,0 days 01:14:42.143000,2022-07-23 11:59:42.153,1,,False,,False,False,116.641,116.64099999999999
366,0 days 01:19:21.675000,BOT,77,,19.0,5.0,,,26.64,30.604,,0 days 01:17:05.527000,0 days 01:17:36.119000,,105.0,267.0,189.0,300.0,False,SOFT,10.0,False,Alfa Romeo,0 days 01:16:38.784000,2022-07-23 12:01:38.794,1,,False,,False,False,,
367,0 days 01:21:04.011000,BOT,77,,20.0,5.0,,0 days 01:21:04.011000,29.879,33.543,,0 days 01:19:51.671000,0 days 01:20:25.144000,,101.0,222.0,,294.0,False,SOFT,11.0,False,Alfa Romeo,0 days 01:19:21.675000,2022-07-23 12:04:21.685,1,,False,,False,False,,
