,Time,Driver,DriverNumber,LapTime,LapNumber,Stint,PitOutTime,PitInTime,Sector1Time,Sector2Time,Sector3Time,Sector1SessionTime,Sector2SessionTime,Sector3SessionTime,SpeedI1,SpeedI2,SpeedFL,SpeedST,IsPersonalBest,Compound,TyreLife,FreshTyre,Team,LapStartTime,LapStartDate,TrackStatus,Position,Deleted,DeletedReason,FastF1Generated,IsAccurate,LapTime_in_seconds,laptime_sum_sectortimes
0,0 days 00:17:18.232000,VER,1,,1.0,1.0,0 days 00:14:54.261000,,,43.816,71.107,,0 days 00:16:07.253000,0 days 00:17:18.405000,183.0,172.0,204.0,306.0,False,HARD,1.0,True,Red Bull Racing,0 days 00:14:54.261000,2024-10-18 17:31:08.032,1,,False,,False,False,,
1,0 days 00:18:55.825000,VER,1,0 days 00:01:37.593000,2.0,1.0,,,26.493,38.936,32.164,0 days 00:17:44.725000,0 days 00:18:23.661000,0 days 00:18:55.825000,229.0,185.0,201.0,322.0,True,HARD,2.0,True,Red Bull Racing,0 days 00:17:18.232000,2024-10-18 17:33:32.003,1,,False,,False,True,97.593,97.593
2,0 days 00:21:48.557000,VER,1,,3.0,1.0,,,45.136,70.899,56.611,0 days 00:19:41.217000,0 days 00:20:52.105000,0 days 00:21:48.675000,127.0,118.0,210.0,102.0,False,HARD,3.0,True,Red Bull Racing,0 days 00:18:55.825000,2024-10-18 17:35:09.596,1,,False,,False,False,,172.646
3,0 days 00:23:24.095000,VER,1,0 days 00:01:35.538000,4.0,1.0,,,25.771,38.437,31.33,0 days 00:22:14.328000,0 days 00:22:52.765000,0 days 00:23:24.095000,231.0,188.0,205.0,324.0,True,HARD,4.0,True,Red Bull Racing,0 days 00:21:48.557000,2024-10-18 17:38:02.328,1,,False,,False,True,95.538,95.538
4,0 days 00:26:21.281000,VER,1,,5.0,1.0,,,46.3,71.402,59.513,0 days 00:24:10.533000,0 days 00:25:21.957000,0 days 00:26:21.405000,140.0,132.0,210.0,186.0,False,HARD,5.0,True,Red Bull Racing,0 days 00:23:24.095000,2024-10-18 17:39:37.866,12,,False,,False,False,,177.215
5,0 days 00:27:56.990000,VER,1,0 days 00:01:35.709000,6.0,1.0,,,25.879,38.171,31.659,0 days 00:26:47.160000,0 days 00:27:25.331000,0 days 00:27:56.990000,236.0,187.0,203.0,327.0,False,HARD,6.0,True,Red Bull Racing,0 days 00:26:21.281000,2024-10-18 17:42:35.052,1,,False,,False,True,95.709,95.709
6,0 days 00:30:19.994000,VER,1,0 days 00:02:23.004000,7.0,1.0,,0 days 00:30:18.971000,36.584,59.384,47.036,0 days 00:28:33.574000,0 days 00:29:32.958000,0 days 00:30:19.994000,150.0,106.0,,188.0,False,HARD,7.0,True,Red Bull Racing,0 days 00:27:56.990000,2024-10-18 17:44:10.761,1,,False,,False,False,143.004,143.00400000000002
7,0 days 00:43:02.123000,VER,1,,8.0,2.0,0 days 00:40:37.091000,,,55.214,54.381,,0 days 00:42:07.836000,0 days 00:43:02.123000,128.0,93.0,208.0,260.0,False,SOFT,1.0,True,Red Bull Racing,0 days 00:30:19.994000,2024-10-18 17:46:33.765,12,,False,,False,False,,
8,0 days 00:44:35.978000,VER,1,0 days 00:01:33.855000,9.0,2.0,,,25.461,37.561,30.833,0 days 00:43:27.584000,0 days 00:44:05.145000,0 days 00:44:35.978000,240.0,189.0,207.0,325.0,True,SOFT,2.0,True,Red Bull Racing,0 days 00:43:02.123000,2024-10-18 17:59:15.894,1,,False,,False,True,93.855,93.85499999999999
9,0 days 00:47:19.542000,VER,1,,10.0,2.0,,,50.087,68.738,44.727,0 days 00:45:26.077000,0 days 00:46:34.921000,0 days 00:47:19.543000,88.0,112.0,148.0,177.0,False,SOFT,3.0,True,Red Bull Racing,0 days 00:44:35.978000,2024-10-18 18:00:49.749,1,,False,,False,False,,163.552
10,0 days 00:49:52.301000,VER,1,,11.0,2.0,,,44.766,59.572,48.474,0 days 00:48:04.433000,0 days 00:49:04.009000,0 days 00:49:52.409000,124.0,110.0,214.0,247.0,False,SOFT,4.0,True,Red Bull Racing,0 days 00:47:19.542000,2024-10-18 18:03:33.313,1,,False,,False,False,,152.81199999999998
11,0 days 00:51:26.292000,VER,1,0 days 00:01:33.991000,12.0,2.0,,,25.258,37.685,31.048,0 days 00:50:17.559000,0 days 00:50:55.244000,0 days 00:51:26.292000,237.0,189.0,206.0,325.0,False,SOFT,5.0,True,Red Bull Racing,0 days 00:49:52.301000,2024-10-18 18:06:06.072,1,,False,,False,True,93.991,93.991
12,0 days 00:53:18.873000,VER,1,0 days 00:01:52.581000,13.0,2.0,,0 days 00:53:17.877000,35.727,42.917,33.937,0 days 00:52:02.019000,0 days 00:52:44.936000,0 days 00:53:18.873000,195.0,171.0,,249.0,False,SOFT,6.0,True,Red Bull Racing,0 days 00:51:26.292000,2024-10-18 18:07:40.063,1,,False,,False,False,112.581,112.581
13,0 days 01:03:28.314000,VER,1,,14.0,3.0,0 days 01:01:48.835000,,,40.578,33.529,,0 days 01:02:54.923000,0 days 01:03:28.351000,207.0,175.0,198.0,300.0,False,SOFT,7.0,False,Red Bull Racing,0 days 00:53:18.873000,2024-10-18 18:09:32.644,1,,False,,False,False,,
14,0 days 01:05:08.813000,VER,1,0 days 00:01:40.499000,15.0,3.0,,,27.383,40.009,33.107,0 days 01:03:55.697000,0 days 01:04:35.706000,0 days 01:05:08.813000,208.0,175.0,202.0,305.0,False,SOFT,8.0,False,Red Bull Racing,0 days 01:03:28.314000,2024-10-18 18:19:42.085,1,,False,,False,True,100.499,100.499
15,0 days 01:06:49.521000,VER,1,0 days 00:01:40.708000,16.0,3.0,,,27.474,40.078,33.156,0 days 01:05:36.287000,0 days 01:06:16.365000,0 days 01:06:49.521000,204.0,174.0,197.0,303.0,False,SOFT,9.0,False,Red Bull Racing,0 days 01:05:08.813000,2024-10-18 18:21:22.584,1,,False,,False,True,100.708,100.708
16,0 days 01:08:43.200000,VER,1,0 days 00:01:53.679000,17.0,3.0,,,27.39,50.893,35.396,0 days 01:07:16.911000,0 days 01:08:07.804000,0 days 01:08:43.200000,210.0,165.0,198.0,151.0,False,SOFT,10.0,False,Red Bull Racing,0 days 01:06:49.521000,2024-10-18 18:23:03.292,167,,False,,False,False,113.679,113.679
17,0 days 01:10:23.696000,VER,1,0 days 00:01:40.496000,18.0,3.0,,,27.397,39.964,33.135,0 days 01:09:10.597000,0 days 01:09:50.561000,0 days 01:10:23.696000,211.0,175.0,197.0,300.0,False,SOFT,11.0,False,Red Bull Racing,0 days 01:08:43.200000,2024-10-18 18:24:56.971,1,,False,,False,True,100.496,100.49599999999998
18,0 days 01:12:03.995000,VER,1,0 days 00:01:40.299000,19.0,3.0,,,27.341,39.928,33.03,0 days 01:10:51.037000,0 days 01:11:30.965000,0 days 01:12:03.995000,211.0,176.0,199.0,303.0,False,SOFT,12.0,False,Red Bull Racing,0 days 01:10:23.696000,2024-10-18 18:26:37.467,1,,False,,False,True,100.299,100.299
19,0 days 01:13:44.866000,VER,1,0 days 00:01:40.871000,20.0,3.0,,,27.183,39.971,33.717,0 days 01:12:31.178000,0 days 01:13:11.149000,0 days 01:13:44.866000,209.0,174.0,198.0,305.0,False,SOFT,13.0,False,Red Bull Racing,0 days 01:12:03.995000,2024-10-18 18:28:17.766,1,,False,,False,True,100.871,100.871
20,0 days 01:15:25.117000,VER,1,0 days 00:01:40.251000,21.0,3.0,,,27.125,40.167,32.959,0 days 01:14:11.991000,0 days 01:14:52.158000,0 days 01:15:25.117000,215.0,171.0,195.0,305.0,False,SOFT,14.0,False,Red Bull Racing,0 days 01:13:44.866000,2024-10-18 18:29:58.637,1,,False,,False,True,100.251,100.251
21,0 days 01:17:44.431000,VER,1,0 days 00:02:19.314000,22.0,3.0,,,38.587,56.004,44.723,0 days 01:16:03.704000,0 days 01:16:59.708000,0 days 01:17:44.431000,139.0,134.0,71.0,196.0,False,SOFT,15.0,False,Red Bull Racing,0 days 01:15:25.117000,2024-10-18 18:31:38.888,12,,False,,False,True,139.314,139.31400000000002
22,0 days 01:20:01.510000,VER,1,0 days 00:02:17.079000,23.0,3.0,,0 days 01:20:00.500000,59.476,42.965,34.638,0 days 01:18:43.907000,0 days 01:19:26.872000,0 days 01:20:01.510000,188.0,169.0,,276.0,False,SOFT,16.0,False,Red Bull Racing,0 days 01:17:44.431000,2024-10-18 18:33:58.202,12,,False,,False,False,137.079,137.079
23,0 days 00:15:45.362000,NOR,4,,1.0,1.0,0 days 00:13:50.707000,,,47.256,37.473,,0 days 00:15:08.108000,0 days 00:15:45.645000,163.0,152.0,203.0,295.0,False,HARD,1.0,True,McLaren,0 days 00:13:50.707000,2024-10-18 17:30:04.478,1,,False,,False,False,,
24,0 days 00:17:25.066000,NOR,4,0 days 00:01:39.704000,2.0,1.0,,,27.495,39.602,32.607,0 days 00:16:12.857000,0 days 00:16:52.459000,0 days 00:17:25.066000,217.0,187.0,203.0,299.0,True,HARD,2.0,True,McLaren,0 days 00:15:45.362000,2024-10-18 17:31:59.133,1,,False,,False,True,99.704,99.704
25,0 days 00:19:45.084000,NOR,4,0 days 00:02:20.018000,3.0,1.0,,,37.314,55.013,47.691,0 days 00:18:02.380000,0 days 00:18:57.393000,0 days 00:19:45.084000,144.0,114.0,206.0,201.0,False,HARD,3.0,True,McLaren,0 days 00:17:25.066000,2024-10-18 17:33:38.837,1,,False,,False,True,140.018,140.018
26,0 days 00:21:21.809000,NOR,4,0 days 00:01:36.725000,4.0,1.0,,,26.525,38.396,31.804,0 days 00:20:11.609000,0 days 00:20:50.005000,0 days 00:21:21.809000,225.0,188.0,209.0,321.0,True,HARD,4.0,True,McLaren,0 days 00:19:45.084000,2024-10-18 17:35:58.855,1,,False,,False,True,96.725,96.725
27,0 days 00:23:51.799000,NOR,4,0 days 00:02:29.990000,5.0,1.0,,,39.735,59.838,50.417,0 days 00:22:01.544000,0 days 00:23:01.382000,0 days 00:23:51.799000,136.0,111.0,211.0,183.0,False,HARD,5.0,True,McLaren,0 days 00:21:21.809000,2024-10-18 17:37:35.580,1,,False,,False,True,149.99,149.99
28,0 days 00:25:50.288000,NOR,4,0 days 00:01:58.489000,6.0,1.0,,0 days 00:25:49.311000,31.102,50.014,37.373,0 days 00:24:22.901000,0 days 00:25:12.915000,0 days 00:25:50.288000,170.0,156.0,,187.0,False,HARD,6.0,True,McLaren,0 days 00:23:51.799000,2024-10-18 17:40:05.570,12,,False,,False,False,118.489,118.489
29,0 days 00:28:22.884000,NOR,4,,7.0,2.0,0 days 00:26:25.549000,,63.422,46.418,42.773,0 days 00:26:53.915000,0 days 00:27:40.324000,0 days 00:28:23.036000,181.0,158.0,210.0,242.0,False,HARD,7.0,False,McLaren,0 days 00:25:50.288000,2024-10-18 17:42:04.059,1,,False,,False,False,,152.613
30,0 days 00:29:59.314000,NOR,4,0 days 00:01:36.430000,8.0,2.0,,,26.506,38.399,31.525,0 days 00:28:49.390000,0 days 00:29:27.789000,0 days 00:29:59.314000,219.0,190.0,208.0,321.0,True,HARD,8.0,False,McLaren,0 days 00:28:22.884000,2024-10-18 17:44:36.655,1,,False,,False,True,96.43,96.43
31,0 days 00:32:10.275000,NOR,4,0 days 00:02:10.961000,9.0,2.0,,,32.129,51.469,47.363,0 days 00:30:31.443000,0 days 00:31:22.912000,0 days 00:32:10.275000,159.0,100.0,211.0,234.0,False,HARD,9.0,False,McLaren,0 days 00:29:59.314000,2024-10-18 17:46:13.085,12,,False,,False,True,130.961,130.961
32,0 days 00:33:46.040000,NOR,4,0 days 00:01:35.765000,10.0,2.0,,,26.111,38.216,31.438,0 days 00:32:36.386000,0 days 00:33:14.602000,0 days 00:33:46.040000,233.0,191.0,208.0,322.0,True,HARD,10.0,False,McLaren,0 days 00:32:10.275000,2024-10-18 17:48:24.046,1,,False,,False,True,95.765,95.765
33,0 days 00:35:36.355000,NOR,4,0 days 00:01:50.315000,11.0,2.0,,0 days 00:35:35.512000,30.166,44.497,35.652,0 days 00:34:16.206000,0 days 00:35:00.703000,0 days 00:35:36.355000,188.0,182.0,,280.0,False,HARD,11.0,False,McLaren,0 days 00:33:46.040000,2024-10-18 17:49:59.811,1,,False,,False,False,110.315,110.315
34,0 days 00:50:38.432000,NOR,4,,12.0,3.0,0 days 00:48:39.062000,,,46.578,43.899,,0 days 00:49:54.728000,0 days 00:50:38.531000,184.0,135.0,210.0,259.0,False,HARD,12.0,False,McLaren,0 days 00:35:36.355000,2024-10-18 17:51:50.126,1,,False,,False,False,,
35,0 days 00:52:30.741000,NOR,4,0 days 00:01:52.309000,13.0,3.0,,,26.079,41.436,44.794,0 days 00:51:04.511000,0 days 00:51:45.947000,0 days 00:52:30.741000,230.0,123.0,206.0,322.0,False,HARD,13.0,False,McLaren,0 days 00:50:38.432000,2024-10-18 18:06:52.203,1,,False,,False,True,112.309,112.309
36,0 days 00:54:09.172000,NOR,4,0 days 00:01:38.431000,14.0,3.0,,,27.062,39.137,32.232,0 days 00:52:57.803000,0 days 00:53:36.940000,0 days 00:54:09.172000,223.0,189.0,207.0,293.0,False,HARD,14.0,False,McLaren,0 days 00:52:30.741000,2024-10-18 18:08:44.512,1,,False,,False,True,98.431,98.431
37,0 days 00:55:46.569000,NOR,4,0 days 00:01:37.397000,15.0,3.0,,,26.456,39.044,31.897,0 days 00:54:35.628000,0 days 00:55:14.672000,0 days 00:55:46.569000,225.0,186.0,204.0,305.0,False,HARD,15.0,False,McLaren,0 days 00:54:09.172000,2024-10-18 18:10:22.943,1,,False,,False,True,97.397,97.39699999999999
38,0 days 00:57:24.097000,NOR,4,0 days 00:01:37.528000,16.0,3.0,,,26.554,39.049,31.925,0 days 00:56:13.123000,0 days 00:56:52.172000,0 days 00:57:24.097000,221.0,189.0,206.0,305.0,False,HARD,16.0,False,McLaren,0 days 00:55:46.569000,2024-10-18 18:12:00.340,1,,False,,False,True,97.528,97.52799999999999
39,0 days 00:59:01.526000,NOR,4,0 days 00:01:37.429000,17.0,3.0,,,26.461,39.125,31.843,0 days 00:57:50.558000,0 days 00:58:29.683000,0 days 00:59:01.526000,224.0,188.0,206.0,302.0,False,HARD,17.0,False,McLaren,0 days 00:57:24.097000,2024-10-18 18:13:37.868,1,,False,,False,True,97.429,97.429
40,0 days 01:00:38.628000,NOR,4,0 days 00:01:37.102000,18.0,3.0,,,26.375,38.926,31.801,0 days 00:59:27.901000,0 days 01:00:06.827000,0 days 01:00:38.628000,223.0,186.0,205.0,304.0,False,HARD,18.0,False,McLaren,0 days 00:59:01.526000,2024-10-18 18:15:15.297,1,,False,,False,True,97.102,97.102
41,0 days 01:02:15.904000,NOR,4,0 days 00:01:37.276000,19.0,3.0,,,26.393,39.157,31.726,0 days 01:01:05.021000,0 days 01:01:44.178000,0 days 01:02:15.904000,226.0,187.0,206.0,304.0,False,HARD,19.0,False,McLaren,0 days 01:00:38.628000,2024-10-18 18:16:52.399,1,,False,,False,True,97.276,97.276
42,0 days 01:03:56.056000,NOR,4,0 days 00:01:40.152000,20.0,3.0,,0 days 01:03:55.040000,26.499,39.006,34.647,0 days 01:02:42.403000,0 days 01:03:21.409000,0 days 01:03:56.056000,223.0,188.0,,304.0,False,HARD,20.0,False,McLaren,0 days 01:02:15.904000,2024-10-18 18:18:29.675,1,,False,,False,False,100.152,100.15199999999999
43,0 days 01:11:59.217000,NOR,4,,21.0,4.0,0 days 01:09:59.385000,,,48.197,42.889,,0 days 01:11:16.557000,0 days 01:11:59.355000,172.0,140.0,213.0,239.0,False,SOFT,1.0,True,McLaren,0 days 01:03:56.056000,2024-10-18 18:20:09.827,167,,False,,False,False,,
44,0 days 01:13:33.085000,NOR,4,0 days 00:01:33.868000,22.0,4.0,,,25.579,37.508,30.781,0 days 01:12:24.796000,0 days 01:13:02.304000,0 days 01:13:33.085000,233.0,185.0,209.0,325.0,True,SOFT,2.0,True,McLaren,0 days 01:11:59.217000,2024-10-18 18:28:12.988,1,,False,,False,True,93.868,93.868
45,0 days 01:15:39.483000,NOR,4,0 days 00:02:06.398000,23.0,4.0,,,36.308,49.215,40.875,0 days 01:14:09.393000,0 days 01:14:58.608000,0 days 01:15:39.483000,147.0,139.0,154.0,245.0,False,SOFT,3.0,True,McLaren,0 days 01:13:33.085000,2024-10-18 18:29:46.856,1,,False,,False,True,126.398,126.398
46,0 days 01:17:56.870000,NOR,4,0 days 00:02:17.387000,24.0,4.0,,,37.54,50.03,49.817,0 days 01:16:17.023000,0 days 01:17:07.053000,0 days 01:17:56.870000,151.0,131.0,75.0,198.0,False,SOFT,4.0,True,McLaren,0 days 01:15:39.483000,2024-10-18 18:31:53.254,12,,False,,False,True,137.387,137.387
47,0 days 01:20:22.025000,NOR,4,0 days 00:02:25.155000,25.0,4.0,,0 days 01:20:20.990000,57.647,48.135,39.373,0 days 01:18:54.517000,0 days 01:19:42.652000,0 days 01:20:22.025000,150.0,136.0,,216.0,False,SOFT,5.0,True,McLaren,0 days 01:17:56.870000,2024-10-18 18:34:10.641,21,,False,,False,False,145.155,145.155
48,0 days 00:16:16,GAS,10,,1.0,1.0,0 days 00:14:05.976000,,,45.926,54.975,,0 days 00:15:21.279000,0 days 00:16:16.084000,175.0,158.0,201.0,252.0,False,HARD,1.0,True,Alpine,0 days 00:14:05.976000,2024-10-18 17:30:19.747,1,,False,,False,False,,
49,0 days 00:17:56.408000,GAS,10,0 days 00:01:40.408000,2.0,1.0,,,27.182,40.035,33.191,0 days 00:16:43.182000,0 days 00:17:23.217000,0 days 00:17:56.408000,208.0,178.0,202.0,321.0,True,HARD,2.0,True,Alpine,0 days 00:16:16,2024-10-18 17:32:29.771,1,,False,,False,True,100.408,100.408
50,0 days 00:20:15.181000,GAS,10,0 days 00:02:18.773000,3.0,1.0,,,38.284,52.985,47.504,0 days 00:18:34.692000,0 days 00:19:27.677000,0 days 00:20:15.181000,115.0,92.0,207.0,258.0,False,HARD,3.0,True,Alpine,0 days 00:17:56.408000,2024-10-18 17:34:10.179,1,,False,,False,True,138.773,138.773
51,0 days 00:21:52.855000,GAS,10,0 days 00:01:37.674000,4.0,1.0,,,26.498,39.207,31.969,0 days 00:20:41.679000,0 days 00:21:20.886000,0 days 00:21:52.855000,224.0,183.0,205.0,323.0,True,HARD,4.0,True,Alpine,0 days 00:20:15.181000,2024-10-18 17:36:28.952,1,,False,,False,True,97.674,97.674
52,0 days 00:24:26.721000,GAS,10,,5.0,1.0,,,43.749,67.968,42.108,0 days 00:22:36.767000,0 days 00:23:45.122000,0 days 00:24:26.767000,109.0,108.0,208.0,140.0,False,HARD,5.0,True,Alpine,0 days 00:21:52.855000,2024-10-18 17:38:06.626,1,,False,,False,False,,153.82500000000002
53,0 days 00:26:43.455000,GAS,10,0 days 00:02:16.734000,6.0,1.0,,,47.753,46.204,42.777,0 days 00:25:14.474000,0 days 00:26:00.678000,0 days 00:26:43.455000,144.0,161.0,208.0,286.0,False,HARD,6.0,True,Alpine,0 days 00:24:26.721000,2024-10-18 17:40:40.492,12,,False,,False,True,136.734,136.73399999999998
54,0 days 00:28:43.951000,GAS,10,0 days 00:02:00.496000,7.0,1.0,,0 days 00:28:42.868000,27.886,50.923,41.687,0 days 00:27:11.341000,0 days 00:28:02.264000,0 days 00:28:43.951000,153.0,95.0,,233.0,False,HARD,7.0,True,Alpine,0 days 00:26:43.455000,2024-10-18 17:42:57.226,1,,False,,False,False,120.496,120.496
55,0 days 00:42:20.781000,GAS,10,,8.0,2.0,0 days 00:40:35.123000,,,41.876,35.334,,0 days 00:41:46.163000,0 days 00:42:20.890000,196.0,160.0,208.0,320.0,False,HARD,8.0,False,Alpine,0 days 00:28:43.951000,2024-10-18 17:44:57.722,12,,False,,False,False,,
56,0 days 00:43:57.781000,GAS,10,0 days 00:01:37,9.0,2.0,,,26.154,38.761,32.085,0 days 00:42:46.935000,0 days 00:43:25.696000,0 days 00:43:57.781000,232.0,183.0,205.0,323.0,True,HARD,9.0,False,Alpine,0 days 00:42:20.781000,2024-10-18 17:58:34.552,1,,False,,False,True,97.0,97.0
57,0 days 00:46:17.764000,GAS,10,0 days 00:02:19.983000,10.0,2.0,,,46.918,48.678,44.387,0 days 00:44:44.699000,0 days 00:45:33.377000,0 days 00:46:17.764000,120.0,115.0,210.0,257.0,False,HARD,10.0,False,Alpine,0 days 00:43:57.781000,2024-10-18 18:00:11.552,1,,False,,False,True,139.983,139.983
58,0 days 00:47:54.679000,GAS,10,0 days 00:01:36.915000,11.0,2.0,,,26.324,38.691,31.9,0 days 00:46:44.088000,0 days 00:47:22.779000,0 days 00:47:54.679000,225.0,185.0,203.0,323.0,True,HARD,11.0,False,Alpine,0 days 00:46:17.764000,2024-10-18 18:02:31.535,1,,False,,False,True,96.915,96.91499999999999
59,0 days 00:49:35.336000,GAS,10,0 days 00:01:40.657000,12.0,2.0,,,27.966,40.062,32.629,0 days 00:48:22.645000,0 days 00:49:02.707000,0 days 00:49:35.336000,214.0,179.0,204.0,300.0,False,HARD,12.0,False,Alpine,0 days 00:47:54.679000,2024-10-18 18:04:08.450,1,,False,,False,True,100.657,100.65699999999998
60,0 days 00:51:13.714000,GAS,10,0 days 00:01:38.378000,13.0,2.0,,,26.577,39.42,32.381,0 days 00:50:01.913000,0 days 00:50:41.333000,0 days 00:51:13.714000,220.0,180.0,207.0,302.0,False,HARD,13.0,False,Alpine,0 days 00:49:35.336000,2024-10-18 18:05:49.107,1,,False,,False,True,98.378,98.378
61,0 days 00:52:52.115000,GAS,10,0 days 00:01:38.401000,14.0,2.0,,,26.599,39.361,32.441,0 days 00:51:40.313000,0 days 00:52:19.674000,0 days 00:52:52.115000,222.0,182.0,206.0,302.0,False,HARD,14.0,False,Alpine,0 days 00:51:13.714000,2024-10-18 18:07:27.485,1,,False,,False,True,98.401,98.401
62,0 days 00:54:30.762000,GAS,10,0 days 00:01:38.647000,15.0,2.0,,,26.91,39.382,32.355,0 days 00:53:19.025000,0 days 00:53:58.407000,0 days 00:54:30.762000,222.0,184.0,208.0,302.0,False,HARD,15.0,False,Alpine,0 days 00:52:52.115000,2024-10-18 18:09:05.886,1,,False,,False,True,98.647,98.64699999999999
63,0 days 00:56:26.380000,GAS,10,0 days 00:01:55.618000,16.0,2.0,,0 days 00:56:25.312000,27.226,48.911,39.481,0 days 00:54:57.988000,0 days 00:55:46.899000,0 days 00:56:26.380000,221.0,164.0,,218.0,False,HARD,16.0,False,Alpine,0 days 00:54:30.762000,2024-10-18 18:10:44.533,1,,False,,False,False,115.618,115.618
64,0 days 01:05:17.866000,GAS,10,,17.0,3.0,0 days 01:03:13.920000,,,52.011,38.212,,0 days 01:04:39.875000,0 days 01:05:17.928000,158.0,147.0,214.0,203.0,False,SOFT,1.0,True,Alpine,0 days 00:56:26.380000,2024-10-18 18:12:40.151,1,,False,,False,False,,
65,0 days 01:06:52.241000,GAS,10,0 days 00:01:34.375000,18.0,3.0,,,25.568,37.709,31.098,0 days 01:05:43.434000,0 days 01:06:21.143000,0 days 01:06:52.241000,237.0,189.0,212.0,328.0,True,SOFT,2.0,True,Alpine,0 days 01:05:17.866000,2024-10-18 18:21:31.637,1,,False,,False,True,94.375,94.375
66,0 days 01:09:35.709000,GAS,10,,19.0,3.0,,,46.309,65.123,51.995,0 days 01:07:38.759000,0 days 01:08:43.882000,0 days 01:09:35.791000,109.0,90.0,141.0,224.0,False,SOFT,3.0,True,Alpine,0 days 01:06:52.241000,2024-10-18 18:23:06.012,167,,False,,False,False,,163.427
67,0 days 01:11:40.541000,GAS,10,0 days 00:02:04.832000,20.0,3.0,,,38.63,48.932,37.27,0 days 01:10:14.339000,0 days 01:11:03.271000,0 days 01:11:40.541000,151.0,120.0,211.0,219.0,False,SOFT,4.0,True,Alpine,0 days 01:09:35.709000,2024-10-18 18:25:49.480,1,,False,,False,True,124.832,124.83200000000002
68,0 days 01:13:15.315000,GAS,10,0 days 00:01:34.774000,21.0,3.0,,,25.683,37.79,31.301,0 days 01:12:06.224000,0 days 01:12:44.014000,0 days 01:13:15.315000,231.0,190.0,211.0,330.0,False,SOFT,5.0,True,Alpine,0 days 01:11:40.541000,2024-10-18 18:27:54.312,1,,False,,False,True,94.774,94.774
69,0 days 01:15:36.001000,GAS,10,0 days 00:02:20.686000,22.0,3.0,,,39.336,54.391,46.959,0 days 01:13:54.651000,0 days 01:14:49.042000,0 days 01:15:36.001000,142.0,117.0,156.0,178.0,False,SOFT,6.0,True,Alpine,0 days 01:13:15.315000,2024-10-18 18:29:29.086,1,,False,,False,True,140.686,140.686
70,0 days 01:17:54.756000,GAS,10,0 days 00:02:18.755000,23.0,3.0,,,37.287,51.077,50.391,0 days 01:16:13.288000,0 days 01:17:04.365000,0 days 01:17:54.756000,139.0,117.0,58.0,252.0,False,SOFT,7.0,True,Alpine,0 days 01:15:36.001000,2024-10-18 18:31:49.772,12,,False,,False,True,138.755,138.755
71,0 days 01:20:11.120000,GAS,10,0 days 00:02:16.364000,24.0,3.0,,0 days 01:20:10.053000,52.182,43.135,41.047,0 days 01:18:46.938000,0 days 01:19:30.073000,0 days 01:20:11.120000,208.0,150.0,,297.0,False,SOFT,8.0,True,Alpine,0 days 01:17:54.756000,2024-10-18 18:34:08.527,12,,False,,False,False,136.364,136.364
72,0 days 00:16:41.561000,PER,11,,1.0,1.0,0 days 00:14:24.996000,,,43.615,61.639,,0 days 00:15:40.111000,0 days 00:16:41.614000,173.0,169.0,201.0,304.0,False,HARD,1.0,True,Red Bull Racing,0 days 00:14:24.996000,2024-10-18 17:30:38.767,1,,False,,False,False,,
73,0 days 00:18:21.520000,PER,11,0 days 00:01:39.959000,2.0,1.0,,,27.254,39.728,32.977,0 days 00:17:08.815000,0 days 00:17:48.543000,0 days 00:18:21.520000,213.0,179.0,201.0,323.0,True,HARD,2.0,True,Red Bull Racing,0 days 00:16:41.561000,2024-10-18 17:32:55.332,1,,False,,False,True,99.959,99.959
74,0 days 00:20:45.610000,PER,11,0 days 00:02:24.090000,3.0,1.0,,,39.179,56.007,48.904,0 days 00:19:00.699000,0 days 00:19:56.706000,0 days 00:20:45.610000,147.0,101.0,209.0,140.0,False,HARD,3.0,True,Red Bull Racing,0 days 00:18:21.520000,2024-10-18 17:34:35.291,1,,False,,False,True,144.09,144.09
75,0 days 00:22:22.433000,PER,11,0 days 00:01:36.823000,4.0,1.0,,,26.332,38.657,31.834,0 days 00:21:11.942000,0 days 00:21:50.599000,0 days 00:22:22.433000,220.0,185.0,207.0,325.0,True,HARD,4.0,True,Red Bull Racing,0 days 00:20:45.610000,2024-10-18 17:36:59.381,1,,False,,False,True,96.823,96.82300000000001
76,0 days 00:25:04.939000,PER,11,,5.0,1.0,,,41.496,68.242,52.785,0 days 00:23:04.170000,0 days 00:24:12.304000,0 days 00:25:05.064000,130.0,82.0,209.0,161.0,False,HARD,5.0,True,Red Bull Racing,0 days 00:22:22.433000,2024-10-18 17:38:36.204,12,,False,,False,False,,162.523
77,0 days 00:26:53.059000,PER,11,0 days 00:01:48.120000,6.0,1.0,,,25.929,40.35,41.841,0 days 00:25:30.868000,0 days 00:26:11.218000,0 days 00:26:53.059000,226.0,105.0,172.0,326.0,False,HARD,6.0,True,Red Bull Racing,0 days 00:25:04.939000,2024-10-18 17:41:18.710,1,,False,,False,True,108.12,108.12
78,0 days 00:29:08.398000,PER,11,0 days 00:02:15.339000,7.0,1.0,,,36.342,53.884,45.113,0 days 00:27:29.401000,0 days 00:28:23.285000,0 days 00:29:08.398000,134.0,133.0,211.0,299.0,False,HARD,7.0,True,Red Bull Racing,0 days 00:26:53.059000,2024-10-18 17:43:06.830,1,,False,,False,True,135.339,135.339
79,0 days 00:30:44.494000,PER,11,0 days 00:01:36.096000,8.0,1.0,,,25.998,38.364,31.734,0 days 00:29:34.396000,0 days 00:30:12.760000,0 days 00:30:44.494000,222.0,187.0,206.0,326.0,True,HARD,8.0,True,Red Bull Racing,0 days 00:29:08.398000,2024-10-18 17:45:22.169,1,,False,,False,True,96.096,96.096
80,0 days 00:32:45.004000,PER,11,0 days 00:02:00.510000,9.0,1.0,,0 days 00:32:43.765000,32.977,50.529,37.004,0 days 00:31:17.471000,0 days 00:32:08,0 days 00:32:45.004000,159.0,135.0,,227.0,False,HARD,9.0,True,Red Bull Racing,0 days 00:30:44.494000,2024-10-18 17:46:58.265,12,,False,,False,False,120.51,120.50999999999999
81,0 days 00:43:49.923000,PER,11,,10.0,2.0,0 days 00:42:00.105000,,,43.745,34.811,,0 days 00:43:15.275000,0 days 00:43:50.021000,161.0,171.0,211.0,283.0,False,SOFT,1.0,True,Red Bull Racing,0 days 00:32:45.004000,2024-10-18 17:48:58.775,1,,False,,False,False,,
82,0 days 00:45:24.640000,PER,11,0 days 00:01:34.717000,11.0,2.0,,,25.6,37.897,31.22,0 days 00:44:15.523000,0 days 00:44:53.420000,0 days 00:45:24.640000,228.0,188.0,207.0,325.0,True,SOFT,2.0,True,Red Bull Racing,0 days 00:43:49.923000,2024-10-18 18:00:03.694,1,,False,,False,True,94.717,94.717
83,0 days 00:48:01.229000,PER,11,,12.0,2.0,,0 days 00:47:59.891000,43.111,63.135,50.23,0 days 00:46:07.878000,0 days 00:47:11.050000,0 days 00:48:01.229000,112.0,107.0,,152.0,False,SOFT,3.0,True,Red Bull Racing,0 days 00:45:24.640000,2024-10-18 18:01:38.411,1,,False,,False,False,,156.476
84,0 days 00:50:45.497000,PER,11,,13.0,3.0,0 days 00:48:28.890000,,63.765,51.654,48.945,0 days 00:49:05.078000,0 days 00:49:56.812000,0 days 00:50:45.628000,126.0,127.0,210.0,288.0,False,SOFT,4.0,False,Red Bull Racing,0 days 00:48:01.229000,2024-10-18 18:04:15.000,1,,False,,False,False,,164.364
85,0 days 00:52:20.135000,PER,11,0 days 00:01:34.638000,14.0,3.0,,,25.472,37.983,31.183,0 days 00:51:10.969000,0 days 00:51:48.952000,0 days 00:52:20.135000,228.0,189.0,206.0,324.0,True,SOFT,5.0,False,Red Bull Racing,0 days 00:50:45.497000,2024-10-18 18:06:59.268,1,,False,,False,True,94.638,94.638
86,0 days 00:54:28.414000,PER,11,0 days 00:02:08.279000,15.0,3.0,,0 days 00:54:27.317000,31.381,55.929,40.969,0 days 00:52:51.516000,0 days 00:53:47.445000,0 days 00:54:28.414000,157.0,133.0,,180.0,False,SOFT,6.0,False,Red Bull Racing,0 days 00:52:20.135000,2024-10-18 18:08:33.906,1,,False,,False,False,128.279,128.279
87,0 days 01:04:06.061000,PER,11,,16.0,4.0,0 days 01:02:10.407000,,,44.291,41.872,,0 days 01:03:24.375000,0 days 01:04:06.177000,183.0,159.0,202.0,305.0,False,SOFT,7.0,False,Red Bull Racing,0 days 00:54:28.414000,2024-10-18 18:10:42.185,1,,False,,False,False,,
88,0 days 01:05:45.433000,PER,11,0 days 00:01:39.372000,17.0,4.0,,,27.167,39.647,32.558,0 days 01:04:33.228000,0 days 01:05:12.875000,0 days 01:05:45.433000,210.0,179.0,198.0,304.0,False,SOFT,8.0,False,Red Bull Racing,0 days 01:04:06.061000,2024-10-18 18:20:19.832,1,,False,,False,True,99.372,99.37199999999999
89,0 days 01:07:26.304000,PER,11,0 days 00:01:40.871000,18.0,4.0,,,27.389,40.121,33.361,0 days 01:06:12.822000,0 days 01:06:52.943000,0 days 01:07:26.304000,185.0,177.0,197.0,305.0,False,SOFT,9.0,False,Red Bull Racing,0 days 01:05:45.433000,2024-10-18 18:21:59.204,1,,False,,False,True,100.871,100.87100000000001
90,0 days 01:09:24.171000,PER,11,0 days 00:01:57.867000,19.0,4.0,,,38.1,43.324,36.443,0 days 01:08:04.404000,0 days 01:08:47.728000,0 days 01:09:24.171000,137.0,176.0,199.0,302.0,False,SOFT,10.0,False,Red Bull Racing,0 days 01:07:26.304000,2024-10-18 18:23:40.075,167,,False,,False,False,117.867,117.867
91,0 days 01:11:03.419000,PER,11,0 days 00:01:39.248000,20.0,4.0,,,26.895,39.537,32.816,0 days 01:09:51.066000,0 days 01:10:30.603000,0 days 01:11:03.419000,212.0,179.0,198.0,302.0,False,SOFT,11.0,False,Red Bull Racing,0 days 01:09:24.171000,2024-10-18 18:25:37.942,1,,False,,False,True,99.248,99.248
92,0 days 01:12:43.383000,PER,11,0 days 00:01:39.964000,21.0,4.0,,,27.082,39.934,32.948,0 days 01:11:30.501000,0 days 01:12:10.435000,0 days 01:12:43.383000,205.0,173.0,201.0,308.0,False,SOFT,12.0,False,Red Bull Racing,0 days 01:11:03.419000,2024-10-18 18:27:17.190,1,,False,,False,True,99.964,99.964
93,0 days 01:14:22.931000,PER,11,0 days 00:01:39.548000,22.0,4.0,,,26.889,39.701,32.958,0 days 01:13:10.272000,0 days 01:13:49.973000,0 days 01:14:22.931000,205.0,179.0,199.0,311.0,False,SOFT,13.0,False,Red Bull Racing,0 days 01:12:43.383000,2024-10-18 18:28:57.154,1,,False,,False,True,99.548,99.548
94,0 days 01:16:47.600000,PER,11,0 days 00:02:24.669000,23.0,4.0,,,34.466,57.604,52.599,0 days 01:14:57.397000,0 days 01:15:55.001000,0 days 01:16:47.600000,136.0,97.0,85.0,161.0,False,SOFT,14.0,False,Red Bull Racing,0 days 01:14:22.931000,2024-10-18 18:30:36.702,12,,False,,False,True,144.669,144.66899999999998
95,0 days 01:19:06.489000,PER,11,0 days 00:02:18.889000,24.0,4.0,,0 days 01:19:05.524000,59.841,42.452,36.596,0 days 01:17:47.441000,0 days 01:18:29.893000,0 days 01:19:06.489000,189.0,137.0,,280.0,False,SOFT,15.0,False,Red Bull Racing,0 days 01:16:47.600000,2024-10-18 18:33:01.371,12,,False,,False,False,138.889,138.889
96,0 days 00:15:59.881000,ALO,14,,1.0,1.0,0 days 00:13:52.228000,0 days 00:15:58.982000,,50.11,44.215,,0 days 00:15:15.954000,0 days 00:15:59.881000,147.0,155.0,,293.0,False,HARD,1.0,True,Aston Martin,0 days 00:13:52.228000,2024-10-18 17:30:05.999,1,,False,,False,False,,
97,0 days 00:18:29.485000,ALO,14,0 days 00:02:29.604000,2.0,2.0,0 days 00:16:27.304000,,58.211,49.309,42.084,0 days 00:16:58.092000,0 days 00:17:47.401000,0 days 00:18:29.485000,103.0,152.0,205.0,302.0,False,HARD,1.0,True,Aston Martin,0 days 00:15:59.881000,2024-10-18 17:32:13.652,1,,False,,False,False,149.604,149.60399999999998
98,0 days 00:20:08.489000,ALO,14,0 days 00:01:39.004000,3.0,2.0,,,27.046,39.374,32.584,0 days 00:18:56.531000,0 days 00:19:35.905000,0 days 00:20:08.489000,215.0,183.0,205.0,321.0,True,HARD,2.0,True,Aston Martin,0 days 00:18:29.485000,2024-10-18 17:34:43.256,1,,False,,False,True,99.004,99.004
99,0 days 00:22:35.093000,ALO,14,0 days 00:02:26.604000,4.0,2.0,,,43.254,55.281,48.069,0 days 00:20:51.743000,0 days 00:21:47.024000,0 days 00:22:35.093000,132.0,132.0,206.0,222.0,False,HARD,3.0,True,Aston Martin,0 days 00:20:08.489000,2024-10-18 17:36:22.260,1,,False,,False,True,146.604,146.60399999999998
100,0 days 00:24:12.289000,ALO,14,0 days 00:01:37.196000,5.0,2.0,,,26.251,38.811,32.134,0 days 00:23:01.344000,0 days 00:23:40.155000,0 days 00:24:12.289000,221.0,188.0,205.0,322.0,True,HARD,4.0,True,Aston Martin,0 days 00:22:35.093000,2024-10-18 17:38:48.864,1,,False,,False,True,97.196,97.196
101,0 days 00:26:25.836000,ALO,14,0 days 00:02:13.547000,6.0,2.0,,0 days 00:26:24.771000,40.299,47.436,45.812,0 days 00:24:52.588000,0 days 00:25:40.024000,0 days 00:26:25.836000,151.0,138.0,,298.0,False,HARD,5.0,True,Aston Martin,0 days 00:24:12.289000,2024-10-18 17:40:26.060,12,,False,,False,False,133.547,133.547
102,0 days 00:29:28.626000,ALO,14,,7.0,3.0,0 days 00:27:18.007000,,85.652,51.284,45.911,0 days 00:27:51.744000,0 days 00:28:42.961000,0 days 00:29:28.824000,148.0,138.0,209.0,269.0,False,HARD,6.0,False,Aston Martin,0 days 00:26:25.836000,2024-10-18 17:42:39.607,1,,False,,False,False,,182.847
103,0 days 00:31:05.329000,ALO,14,0 days 00:01:36.703000,8.0,3.0,,,26.348,38.579,31.776,0 days 00:29:54.974000,0 days 00:30:33.553000,0 days 00:31:05.329000,230.0,188.0,208.0,318.0,True,HARD,7.0,False,Aston Martin,0 days 00:29:28.626000,2024-10-18 17:45:42.397,12,,False,,False,True,96.703,96.70299999999999
104,0 days 00:33:33.328000,ALO,14,0 days 00:02:27.999000,9.0,3.0,,,42.281,58.092,47.626,0 days 00:31:47.610000,0 days 00:32:45.702000,0 days 00:33:33.328000,127.0,131.0,212.0,223.0,False,HARD,8.0,False,Aston Martin,0 days 00:31:05.329000,2024-10-18 17:47:19.100,21,,False,,False,True,147.999,147.999
105,0 days 00:35:09.827000,ALO,14,0 days 00:01:36.499000,10.0,3.0,,,26.598,38.502,31.399,0 days 00:33:59.926000,0 days 00:34:38.428000,0 days 00:35:09.827000,229.0,188.0,208.0,321.0,True,HARD,9.0,False,Aston Martin,0 days 00:33:33.328000,2024-10-18 17:49:47.099,1,,False,,False,True,96.499,96.499
106,0 days 00:37:01.648000,ALO,14,0 days 00:01:51.821000,11.0,3.0,,0 days 00:37:00.597000,30.132,43.44,38.249,0 days 00:35:39.959000,0 days 00:36:23.399000,0 days 00:37:01.648000,177.0,168.0,,270.0,False,HARD,10.0,False,Aston Martin,0 days 00:35:09.827000,2024-10-18 17:51:23.598,1,,False,,False,False,111.821,111.821
107,0 days 00:47:25.999000,ALO,14,,12.0,4.0,0 days 00:45:23.278000,,,49.167,40.71,,0 days 00:46:45.603000,0 days 00:47:26.096000,147.0,143.0,210.0,295.0,False,HARD,11.0,False,Aston Martin,0 days 00:37:01.648000,2024-10-18 17:53:15.419,1,,False,,False,False,,
108,0 days 00:49:01.828000,ALO,14,0 days 00:01:35.829000,13.0,4.0,,,26.054,38.349,31.426,0 days 00:47:52.053000,0 days 00:48:30.402000,0 days 00:49:01.828000,232.0,188.0,208.0,320.0,True,HARD,12.0,False,Aston Martin,0 days 00:47:25.999000,2024-10-18 18:03:39.770,1,,False,,False,True,95.829,95.829
109,0 days 00:51:30.171000,ALO,14,0 days 00:02:28.343000,14.0,4.0,,,42.77,59.078,46.495,0 days 00:49:44.598000,0 days 00:50:43.676000,0 days 00:51:30.171000,138.0,145.0,210.0,174.0,False,HARD,13.0,False,Aston Martin,0 days 00:49:01.828000,2024-10-18 18:05:15.599,1,,False,,False,True,148.343,148.34300000000002
110,0 days 00:53:06.519000,ALO,14,0 days 00:01:36.348000,15.0,4.0,,,26.286,38.267,31.795,0 days 00:51:56.457000,0 days 00:52:34.724000,0 days 00:53:06.519000,231.0,189.0,202.0,319.0,False,HARD,14.0,False,Aston Martin,0 days 00:51:30.171000,2024-10-18 18:07:43.942,1,,False,,False,True,96.348,96.348
111,0 days 00:54:44.222000,ALO,14,0 days 00:01:37.703000,16.0,4.0,,,26.436,39.225,32.042,0 days 00:53:32.955000,0 days 00:54:12.180000,0 days 00:54:44.222000,233.0,186.0,205.0,302.0,False,HARD,15.0,False,Aston Martin,0 days 00:53:06.519000,2024-10-18 18:09:20.290,1,,False,,False,True,97.703,97.703
112,0 days 00:56:21.924000,ALO,14,0 days 00:01:37.702000,17.0,4.0,,,26.524,39.091,32.087,0 days 00:55:10.746000,0 days 00:55:49.837000,0 days 00:56:21.924000,231.0,186.0,203.0,302.0,False,HARD,16.0,False,Aston Martin,0 days 00:54:44.222000,2024-10-18 18:10:57.993,1,,False,,False,True,97.702,97.70200000000001
113,0 days 00:58:04.727000,ALO,14,0 days 00:01:42.803000,18.0,4.0,,0 days 00:58:03.512000,26.683,39.536,36.584,0 days 00:56:48.607000,0 days 00:57:28.143000,0 days 00:58:04.727000,227.0,183.0,,302.0,False,HARD,17.0,False,Aston Martin,0 days 00:56:21.924000,2024-10-18 18:12:35.695,1,,False,,False,False,102.803,102.803
114,0 days 01:05:00.123000,ALO,14,,19.0,5.0,0 days 01:02:43.740000,,,51.091,48.957,,0 days 01:04:11.205000,0 days 01:05:00.130000,149.0,128.0,215.0,251.0,False,SOFT,1.0,True,Aston Martin,0 days 00:58:04.727000,2024-10-18 18:14:18.498,1,,False,,False,False,,
115,0 days 01:06:34.235000,ALO,14,0 days 00:01:34.112000,20.0,5.0,,,25.577,37.556,30.979,0 days 01:05:25.700000,0 days 01:06:03.256000,0 days 01:06:34.235000,232.0,190.0,209.0,323.0,True,SOFT,2.0,True,Aston Martin,0 days 01:05:00.123000,2024-10-18 18:21:13.894,1,,False,,False,True,94.112,94.112
116,0 days 01:09:04.337000,ALO,14,,21.0,5.0,,0 days 01:09:03.158000,37.78,63.433,48.805,0 days 01:07:12.099000,0 days 01:08:15.548000,0 days 01:09:04.351000,152.0,118.0,,204.0,False,SOFT,3.0,True,Aston Martin,0 days 01:06:34.235000,2024-10-18 18:22:48.006,167,,False,,False,False,,150.018
117,0 days 01:15:05.054000,ALO,14,,22.0,6.0,0 days 01:13:15.930000,,,43.734,36.694,,0 days 01:14:28.439000,0 days 01:15:05.055000,203.0,167.0,188.0,263.0,False,HARD,18.0,False,Aston Martin,0 days 01:09:04.337000,2024-10-18 18:25:18.108,1,,False,,False,False,,
118,0 days 01:17:08.540000,ALO,14,0 days 00:02:03.486000,23.0,6.0,,,32.082,48.537,42.867,0 days 01:15:37.136000,0 days 01:16:25.673000,0 days 01:17:08.540000,141.0,134.0,99.0,173.0,False,HARD,19.0,False,Aston Martin,0 days 01:15:05.054000,2024-10-18 18:31:18.825,12,,False,,False,True,123.486,123.48599999999999
119,0 days 01:19:32.374000,ALO,14,,24.0,6.0,,0 days 01:19:32.374000,63.86,40.399,,0 days 01:18:12.489000,0 days 01:18:52.879000,,199.0,159.0,,295.0,False,HARD,20.0,False,Aston Martin,0 days 01:17:08.540000,2024-10-18 18:33:22.311,12,,False,,False,False,,
120,0 days 00:16:25.119000,LEC,16,,1.0,1.0,0 days 00:14:04.676000,,,54.341,56.466,,0 days 00:15:28.726000,0 days 00:16:25.119000,198.0,177.0,197.0,256.0,False,HARD,1.0,True,Ferrari,0 days 00:14:04.676000,2024-10-18 17:30:18.447,1,,False,,False,False,,
121,0 days 00:18:06.525000,LEC,16,0 days 00:01:41.406000,2.0,1.0,,,27.197,39.978,34.231,0 days 00:16:52.316000,0 days 00:17:32.294000,0 days 00:18:06.525000,226.0,162.0,208.0,301.0,True,HARD,2.0,True,Ferrari,0 days 00:16:25.119000,2024-10-18 17:32:38.890,1,,False,,False,True,101.406,101.406
122,0 days 00:19:43.249000,LEC,16,0 days 00:01:36.724000,3.0,1.0,,,26.064,38.7,31.96,0 days 00:18:32.589000,0 days 00:19:11.289000,0 days 00:19:43.249000,230.0,184.0,206.0,323.0,True,HARD,3.0,True,Ferrari,0 days 00:18:06.525000,2024-10-18 17:34:20.296,1,,False,,False,True,96.724,96.72400000000002
123,0 days 00:22:13.955000,LEC,16,,4.0,1.0,,,43.611,58.032,49.087,0 days 00:20:27.068000,0 days 00:21:25.011000,0 days 00:22:14.061000,152.0,112.0,206.0,179.0,False,HARD,4.0,True,Ferrari,0 days 00:19:43.249000,2024-10-18 17:35:57.020,1,,False,,False,False,,150.73000000000002
124,0 days 00:23:50.021000,LEC,16,0 days 00:01:36.066000,5.0,1.0,,,25.769,38.592,31.705,0 days 00:22:39.724000,0 days 00:23:18.316000,0 days 00:23:50.021000,235.0,185.0,208.0,325.0,True,HARD,5.0,True,Ferrari,0 days 00:22:13.955000,2024-10-18 17:38:27.726,1,,False,,False,True,96.066,96.06599999999999
125,0 days 00:26:33.954000,LEC,16,,6.0,1.0,,,39.824,69.262,54.91,0 days 00:24:29.983000,0 days 00:25:39.342000,0 days 00:26:34.111000,161.0,118.0,207.0,132.0,False,HARD,6.0,True,Ferrari,0 days 00:23:50.021000,2024-10-18 17:40:03.792,12,,False,,False,False,,163.99599999999998
126,0 days 00:28:09.505000,LEC,16,0 days 00:01:35.551000,7.0,1.0,,,25.846,38.28,31.425,0 days 00:26:59.800000,0 days 00:27:38.080000,0 days 00:28:09.505000,236.0,188.0,208.0,326.0,True,HARD,7.0,True,Ferrari,0 days 00:26:33.954000,2024-10-18 17:42:47.725,1,,False,,False,True,95.551,95.551
127,0 days 00:30:37.937000,LEC,16,0 days 00:02:28.432000,8.0,1.0,,,42.099,60.868,45.465,0 days 00:28:51.604000,0 days 00:29:52.472000,0 days 00:30:37.937000,153.0,135.0,211.0,127.0,False,HARD,8.0,True,Ferrari,0 days 00:28:09.505000,2024-10-18 17:44:23.276,1,,False,,False,True,148.432,148.43200000000002
128,0 days 00:32:37.131000,LEC,16,0 days 00:01:59.194000,9.0,1.0,,,30.668,50.234,38.292,0 days 00:31:08.605000,0 days 00:31:58.839000,0 days 00:32:37.131000,172.0,157.0,214.0,210.0,False,HARD,9.0,True,Ferrari,0 days 00:30:37.937000,2024-10-18 17:46:51.708,12,,False,,False,True,119.194,119.194
129,0 days 00:34:12.097000,LEC,16,0 days 00:01:34.966000,10.0,1.0,,,25.874,37.904,31.188,0 days 00:33:03.005000,0 days 00:33:40.909000,0 days 00:34:12.097000,231.0,191.0,209.0,327.0,True,HARD,10.0,True,Ferrari,0 days 00:32:37.131000,2024-10-18 17:48:50.902,1,,False,,False,True,94.966,94.96600000000001
130,0 days 00:36:15.490000,LEC,16,0 days 00:02:03.393000,11.0,1.0,,0 days 00:36:14.414000,32.742,51.267,39.384,0 days 00:34:44.839000,0 days 00:35:36.106000,0 days 00:36:15.490000,170.0,141.0,,199.0,False,HARD,11.0,True,Ferrari,0 days 00:34:12.097000,2024-10-18 17:50:25.868,1,,False,,False,False,123.393,123.393
131,0 days 00:46:47.434000,LEC,16,,12.0,2.0,0 days 00:44:34.858000,,,51.987,48.604,,0 days 00:45:58.986000,0 days 00:46:47.434000,90.0,160.0,211.0,223.0,False,HARD,12.0,False,Ferrari,0 days 00:36:15.490000,2024-10-18 17:52:29.261,1,,False,,False,False,,
132,0 days 00:48:22.466000,LEC,16,0 days 00:01:35.032000,13.0,2.0,,,25.679,38.147,31.206,0 days 00:47:13.113000,0 days 00:47:51.260000,0 days 00:48:22.466000,230.0,191.0,208.0,325.0,False,HARD,13.0,False,Ferrari,0 days 00:46:47.434000,2024-10-18 18:03:01.205,1,,False,,False,True,95.032,95.032
133,0 days 00:50:31.883000,LEC,16,0 days 00:02:09.417000,14.0,2.0,,,37.185,51.543,40.689,0 days 00:48:59.651000,0 days 00:49:51.194000,0 days 00:50:31.883000,153.0,139.0,206.0,177.0,False,HARD,14.0,False,Ferrari,0 days 00:48:22.466000,2024-10-18 18:04:36.237,1,,False,,False,True,129.417,129.417
134,0 days 00:52:08.903000,LEC,16,0 days 00:01:37.020000,15.0,2.0,,,26.39,38.658,31.972,0 days 00:50:58.273000,0 days 00:51:36.931000,0 days 00:52:08.903000,225.0,188.0,205.0,306.0,False,HARD,15.0,False,Ferrari,0 days 00:50:31.883000,2024-10-18 18:06:45.654,1,,False,,False,True,97.02,97.02000000000001
135,0 days 00:53:45.719000,LEC,16,0 days 00:01:36.816000,16.0,2.0,,,26.168,38.671,31.977,0 days 00:52:35.071000,0 days 00:53:13.742000,0 days 00:53:45.719000,225.0,184.0,204.0,305.0,False,HARD,16.0,False,Ferrari,0 days 00:52:08.903000,2024-10-18 18:08:22.674,1,,False,,False,True,96.816,96.816
136,0 days 00:55:22.383000,LEC,16,0 days 00:01:36.664000,17.0,2.0,,,26.063,38.701,31.9,0 days 00:54:11.782000,0 days 00:54:50.483000,0 days 00:55:22.383000,226.0,185.0,207.0,307.0,False,HARD,17.0,False,Ferrari,0 days 00:53:45.719000,2024-10-18 18:09:59.490,1,,False,,False,True,96.664,96.66399999999999
137,0 days 00:56:59.665000,LEC,16,0 days 00:01:37.282000,18.0,2.0,,,26.128,38.908,32.246,0 days 00:55:48.511000,0 days 00:56:27.419000,0 days 00:56:59.665000,224.0,186.0,205.0,304.0,False,HARD,18.0,False,Ferrari,0 days 00:55:22.383000,2024-10-18 18:11:36.154,1,,False,,False,True,97.282,97.28200000000001
138,0 days 00:58:40.176000,LEC,16,0 days 00:01:40.511000,19.0,2.0,,0 days 00:58:39.122000,26.308,39.409,34.794,0 days 00:57:25.973000,0 days 00:58:05.382000,0 days 00:58:40.176000,227.0,160.0,,307.0,False,HARD,19.0,False,Ferrari,0 days 00:56:59.665000,2024-10-18 18:13:13.436,1,,False,,False,False,100.511,100.511
139,0 days 01:04:22.747000,LEC,16,,20.0,3.0,0 days 01:02:22.622000,,,47.208,40.902,,0 days 01:03:41.970000,0 days 01:04:22.790000,168.0,143.0,214.0,266.0,False,SOFT,1.0,True,Ferrari,0 days 00:58:40.176000,2024-10-18 18:14:53.947,1,,False,,False,False,,
140,0 days 01:06:30.953000,LEC,16,0 days 00:02:08.206000,21.0,3.0,,,29.244,53.11,45.852,0 days 01:04:51.991000,0 days 01:05:45.101000,0 days 01:06:30.953000,197.0,143.0,212.0,157.0,False,SOFT,2.0,True,Ferrari,0 days 01:04:22.747000,2024-10-18 18:20:36.518,1,,False,,False,True,128.206,128.206
141,0 days 01:08:23.445000,LEC,16,0 days 00:01:52.492000,22.0,3.0,,,25.391,37.488,49.613,0 days 01:06:56.344000,0 days 01:07:33.832000,0 days 01:08:23.445000,233.0,191.0,127.0,327.0,False,SOFT,3.0,True,Ferrari,0 days 01:06:30.953000,2024-10-18 18:22:44.724,167,,False,,False,False,112.492,112.49199999999999
142,0 days 01:10:49.870000,LEC,16,0 days 00:02:26.425000,23.0,3.0,,,42.349,55.42,48.656,0 days 01:09:05.794000,0 days 01:10:01.214000,0 days 01:10:49.870000,174.0,123.0,212.0,169.0,False,SOFT,4.0,True,Ferrari,0 days 01:08:23.445000,2024-10-18 18:24:37.216,1,,False,,False,True,146.425,146.425
143,0 days 01:12:23.493000,LEC,16,0 days 00:01:33.623000,24.0,3.0,,,25.413,37.482,30.728,0 days 01:11:15.283000,0 days 01:11:52.765000,0 days 01:12:23.493000,233.0,192.0,208.0,326.0,True,SOFT,5.0,True,Ferrari,0 days 01:10:49.870000,2024-10-18 18:27:03.641,1,,False,,False,True,93.623,93.62299999999999
144,0 days 01:14:38.883000,LEC,16,0 days 00:02:15.390000,25.0,3.0,,,42.317,51.169,41.904,0 days 01:13:05.810000,0 days 01:13:56.979000,0 days 01:14:38.883000,177.0,124.0,214.0,189.0,False,SOFT,6.0,True,Ferrari,0 days 01:12:23.493000,2024-10-18 18:28:37.264,1,,False,,False,True,135.39,135.39
145,0 days 01:16:54.820000,LEC,16,0 days 00:02:15.937000,26.0,3.0,,,25.267,57.134,53.536,0 days 01:15:04.150000,0 days 01:16:01.284000,0 days 01:16:54.820000,236.0,112.0,49.0,156.0,False,SOFT,7.0,True,Ferrari,0 days 01:14:38.883000,2024-10-18 18:30:52.654,12,,False,,False,True,135.937,135.937
146,0 days 01:19:34.324000,LEC,16,,27.0,3.0,,0 days 01:19:32.679000,75.433,44.978,38.915,0 days 01:18:10.431000,0 days 01:18:55.441000,0 days 01:19:34.537000,214.0,136.0,,240.0,False,SOFT,8.0,True,Ferrari,0 days 01:16:54.820000,2024-10-18 18:33:08.591,12,,False,,False,False,,159.326
147,0 days 00:16:10.910000,STR,18,,1.0,1.0,0 days 00:13:54.243000,0 days 00:16:09.801000,,48.67,53.006,,0 days 00:15:18.136000,0 days 00:16:10.910000,132.0,108.0,,288.0,False,HARD,1.0,True,Aston Martin,0 days 00:13:54.243000,2024-10-18 17:30:08.014,1,,False,,False,False,,
148,0 days 00:18:48.534000,STR,18,,2.0,2.0,0 days 00:16:35.113000,,65.107,49.185,43.314,0 days 00:17:16.246000,0 days 00:18:05.426000,0 days 00:18:48.623000,191.0,147.0,205.0,293.0,False,HARD,1.0,True,Aston Martin,0 days 00:16:10.910000,2024-10-18 17:32:24.681,1,,False,,False,False,,157.606
149,0 days 00:20:27.827000,STR,18,0 days 00:01:39.293000,3.0,2.0,,,27.66,39.703,31.93,0 days 00:19:16.194000,0 days 00:19:55.897000,0 days 00:20:27.827000,212.0,185.0,205.0,304.0,True,HARD,2.0,True,Aston Martin,0 days 00:18:48.534000,2024-10-18 17:35:02.305,1,,False,,False,True,99.293,99.293
150,0 days 00:22:53.579000,STR,18,0 days 00:02:25.752000,4.0,2.0,,,46.111,47.718,51.923,0 days 00:21:13.938000,0 days 00:22:01.656000,0 days 00:22:53.579000,146.0,115.0,209.0,229.0,False,HARD,3.0,True,Aston Martin,0 days 00:20:27.827000,2024-10-18 17:36:41.598,1,,False,,False,True,145.752,145.752
151,0 days 00:24:30.471000,STR,18,0 days 00:01:36.892000,5.0,2.0,,,26.263,38.845,31.784,0 days 00:23:19.842000,0 days 00:23:58.687000,0 days 00:24:30.471000,221.0,187.0,208.0,322.0,True,HARD,4.0,True,Aston Martin,0 days 00:22:53.579000,2024-10-18 17:39:07.350,1,,False,,False,True,96.892,96.892
152,0 days 00:27:11.529000,STR,18,,6.0,2.0,,,45.559,67.528,48.045,0 days 00:25:16.200000,0 days 00:26:23.810000,0 days 00:27:11.671000,102.0,100.0,209.0,124.0,False,HARD,5.0,True,Aston Martin,0 days 00:24:30.471000,2024-10-18 17:40:44.242,12,,False,,False,False,,161.132
153,0 days 00:28:48.325000,STR,18,0 days 00:01:36.796000,7.0,2.0,,,26.379,38.725,31.692,0 days 00:27:37.908000,0 days 00:28:16.633000,0 days 00:28:48.325000,224.0,189.0,208.0,320.0,True,HARD,6.0,True,Aston Martin,0 days 00:27:11.529000,2024-10-18 17:43:25.300,1,,False,,False,True,96.796,96.79599999999999
154,0 days 00:31:19.138000,STR,18,,8.0,2.0,,0 days 00:31:18.131000,49.978,50.015,50.771,0 days 00:29:38.592000,0 days 00:30:28.530000,0 days 00:31:19.138000,136.0,111.0,,286.0,False,HARD,7.0,True,Aston Martin,0 days 00:28:48.325000,2024-10-18 17:45:02.096,12,,False,,False,False,,150.764
155,0 days 00:42:47.515000,STR,18,,9.0,3.0,0 days 00:40:44.272000,,,44.488,46.334,,0 days 00:42:01.452000,0 days 00:42:47.575000,155.0,164.0,210.0,285.0,False,HARD,8.0,False,Aston Martin,0 days 00:31:19.138000,2024-10-18 17:47:32.909,1,,False,,False,False,,
156,0 days 00:44:23.763000,STR,18,0 days 00:01:36.248000,10.0,3.0,,,26.172,38.63,31.446,0 days 00:43:13.687000,0 days 00:43:52.317000,0 days 00:44:23.763000,224.0,188.0,208.0,321.0,True,HARD,9.0,False,Aston Martin,0 days 00:42:47.515000,2024-10-18 17:59:01.286,1,,False,,False,True,96.248,96.248
157,0 days 00:46:59.691000,STR,18,,11.0,3.0,,,42.139,66.988,46.744,0 days 00:45:06.083000,0 days 00:46:13.045000,0 days 00:46:59.838000,93.0,110.0,210.0,226.0,False,HARD,10.0,False,Aston Martin,0 days 00:44:23.763000,2024-10-18 18:00:37.534,1,,False,,False,False,,155.871
158,0 days 00:48:36.430000,STR,18,0 days 00:01:36.739000,12.0,3.0,,,26.238,38.552,31.949,0 days 00:47:25.929000,0 days 00:48:04.481000,0 days 00:48:36.430000,227.0,189.0,207.0,319.0,False,HARD,11.0,False,Aston Martin,0 days 00:46:59.691000,2024-10-18 18:03:13.462,1,,False,,False,True,96.739,96.73899999999999
159,0 days 00:50:16.318000,STR,18,0 days 00:01:39.888000,13.0,3.0,,,27.456,39.992,32.44,0 days 00:49:03.886000,0 days 00:49:43.878000,0 days 00:50:16.318000,195.0,185.0,204.0,302.0,False,HARD,12.0,False,Aston Martin,0 days 00:48:36.430000,2024-10-18 18:04:50.201,1,,False,,False,True,99.888,99.88799999999999
160,0 days 00:51:54.404000,STR,18,0 days 00:01:38.086000,14.0,3.0,,,26.806,39.133,32.147,0 days 00:50:43.124000,0 days 00:51:22.257000,0 days 00:51:54.404000,217.0,187.0,207.0,302.0,False,HARD,13.0,False,Aston Martin,0 days 00:50:16.318000,2024-10-18 18:06:30.089,1,,False,,False,True,98.086,98.08600000000001
161,0 days 00:53:32.762000,STR,18,0 days 00:01:38.358000,15.0,3.0,,,26.71,39.406,32.242,0 days 00:52:21.114000,0 days 00:53:00.520000,0 days 00:53:32.762000,219.0,186.0,208.0,301.0,False,HARD,14.0,False,Aston Martin,0 days 00:51:54.404000,2024-10-18 18:08:08.175,1,,False,,False,True,98.358,98.358
162,0 days 00:55:10.819000,STR,18,0 days 00:01:38.057000,16.0,3.0,,,26.374,39.356,32.327,0 days 00:53:59.136000,0 days 00:54:38.492000,0 days 00:55:10.819000,220.0,187.0,205.0,306.0,False,HARD,15.0,False,Aston Martin,0 days 00:53:32.762000,2024-10-18 18:09:46.533,1,,False,,False,True,98.057,98.057
163,0 days 00:57:03.264000,STR,18,0 days 00:01:52.445000,17.0,3.0,,0 days 00:57:02.202000,27.976,42.395,42.074,0 days 00:55:38.795000,0 days 00:56:21.190000,0 days 00:57:03.264000,215.0,151.0,,216.0,False,HARD,16.0,False,Aston Martin,0 days 00:55:10.819000,2024-10-18 18:11:24.590,1,,False,,False,False,112.445,112.44500000000001
164,0 days 01:04:32.023000,STR,18,,18.0,4.0,0 days 01:02:27.276000,,,45.757,41.284,,0 days 01:03:50.829000,0 days 01:04:32.023000,140.0,130.0,212.0,284.0,False,SOFT,1.0,True,Aston Martin,0 days 00:57:03.264000,2024-10-18 18:13:17.035,1,,False,,False,False,,
165,0 days 01:07:08.205000,STR,18,,19.0,4.0,,,39.28,71.824,45.144,0 days 01:05:11.443000,0 days 01:06:24.094000,0 days 01:07:08.313000,65.0,86.0,210.0,76.0,False,SOFT,2.0,True,Aston Martin,0 days 01:04:32.023000,2024-10-18 18:20:45.794,1,,False,,False,False,,156.248
166,0 days 01:09:22.322000,STR,18,0 days 00:02:14.117000,20.0,4.0,,,25.567,64.332,44.218,0 days 01:07:33.772000,0 days 01:08:38.104000,0 days 01:09:22.322000,231.0,89.0,212.0,188.0,False,SOFT,3.0,True,Aston Martin,0 days 01:07:08.205000,2024-10-18 18:23:21.976,167,,False,,False,False,134.117,134.11700000000002
167,0 days 01:10:56.941000,STR,18,0 days 00:01:34.619000,21.0,4.0,,,25.663,37.922,31.034,0 days 01:09:47.985000,0 days 01:10:25.907000,0 days 01:10:56.941000,225.0,189.0,212.0,323.0,True,SOFT,4.0,True,Aston Martin,0 days 01:09:22.322000,2024-10-18 18:25:36.093,1,,False,,False,True,94.619,94.619
168,0 days 01:13:52.782000,STR,18,,22.0,4.0,,,51.226,70.082,54.413,0 days 01:11:48.293000,0 days 01:12:58.512000,0 days 01:13:52.814000,53.0,105.0,211.0,125.0,False,SOFT,5.0,True,Aston Martin,0 days 01:10:56.941000,2024-10-18 18:27:10.712,1,,False,,False,False,,175.721
169,0 days 01:15:54.901000,STR,18,0 days 00:02:02.119000,23.0,4.0,,,25.821,42.398,53.9,0 days 01:14:18.603000,0 days 01:15:01.001000,0 days 01:15:54.901000,229.0,112.0,69.0,213.0,False,SOFT,6.0,True,Aston Martin,0 days 01:13:52.782000,2024-10-18 18:30:06.553,1,,False,,False,True,122.119,122.119
170,0 days 01:18:48.921000,STR,18,,24.0,4.0,,0 days 01:18:46.671000,71.298,52.292,50.413,0 days 01:17:06.384000,0 days 01:17:58.571000,0 days 01:18:48.921000,132.0,121.0,,205.0,False,SOFT,7.0,True,Aston Martin,0 days 01:15:54.901000,2024-10-18 18:32:08.672,12,,False,,False,False,,174.003
171,0 days 00:16:37.180000,MAG,20,,1.0,1.0,0 days 00:14:08.212000,,,51.24,62.766,,0 days 00:15:34.619000,0 days 00:16:37.255000,153.0,167.0,202.0,204.0,False,HARD,1.0,True,Haas F1 Team,0 days 00:14:08.212000,2024-10-18 17:30:21.983,1,,False,,False,False,,
172,0 days 00:18:16.925000,MAG,20,0 days 00:01:39.745000,2.0,1.0,,,27.309,39.74,32.696,0 days 00:17:04.489000,0 days 00:17:44.229000,0 days 00:18:16.925000,228.0,181.0,206.0,317.0,True,HARD,2.0,True,Haas F1 Team,0 days 00:16:37.180000,2024-10-18 17:32:50.951,1,,False,,False,True,99.745,99.745
173,0 days 00:21:20.380000,MAG,20,,3.0,1.0,,,51.997,80.722,50.73,0 days 00:19:09.063000,0 days 00:20:29.897000,0 days 00:21:20.392000,96.0,89.0,202.0,103.0,False,HARD,3.0,True,Haas F1 Team,0 days 00:18:16.925000,2024-10-18 17:34:30.696,1,,False,,False,False,,183.44899999999998
174,0 days 00:22:58.005000,MAG,20,0 days 00:01:37.625000,4.0,1.0,,,26.529,39.147,31.949,0 days 00:21:46.909000,0 days 00:22:26.056000,0 days 00:22:58.005000,229.0,186.0,205.0,320.0,True,HARD,4.0,True,Haas F1 Team,0 days 00:21:20.380000,2024-10-18 17:37:34.151,1,,False,,False,True,97.625,97.625
175,0 days 00:26:07.216000,MAG,20,,5.0,1.0,,,47.817,88.033,53.334,0 days 00:23:45.977000,0 days 00:25:13.965000,0 days 00:26:07.312000,92.0,81.0,209.0,94.0,False,HARD,5.0,True,Haas F1 Team,0 days 00:22:58.005000,2024-10-18 17:39:11.776,12,,False,,False,False,,189.184
176,0 days 00:27:44.694000,MAG,20,0 days 00:01:37.478000,6.0,1.0,,,26.473,39.15,31.855,0 days 00:26:33.689000,0 days 00:27:12.839000,0 days 00:27:44.694000,229.0,180.0,206.0,327.0,True,HARD,6.0,True,Haas F1 Team,0 days 00:26:07.216000,2024-10-18 17:42:20.987,1,,False,,False,True,97.478,97.478
177,0 days 00:30:08.375000,MAG,20,0 days 00:02:23.681000,7.0,1.0,,0 days 00:30:07.348000,38.894,59.396,45.391,0 days 00:28:23.588000,0 days 00:29:22.984000,0 days 00:30:08.375000,120.0,130.0,,150.0,False,HARD,7.0,True,Haas F1 Team,0 days 00:27:44.694000,2024-10-18 17:43:58.465,1,,False,,False,False,143.681,143.68099999999998
178,0 days 00:40:18.259000,MAG,20,,8.0,2.0,0 days 00:38:17.061000,,,51.901,40.059,,0 days 00:39:38.393000,0 days 00:40:18.455000,157.0,103.0,207.0,280.0,False,HARD,8.0,False,Haas F1 Team,0 days 00:30:08.375000,2024-10-18 17:46:22.146,12,,False,,False,False,,
179,0 days 00:41:55.474000,MAG,20,0 days 00:01:37.215000,9.0,2.0,,,26.327,38.982,31.906,0 days 00:40:44.586000,0 days 00:41:23.568000,0 days 00:41:55.474000,233.0,186.0,205.0,321.0,True,HARD,9.0,False,Haas F1 Team,0 days 00:40:18.259000,2024-10-18 17:56:32.030,1,,False,,False,True,97.215,97.215
180,0 days 00:44:50.383000,MAG,20,,10.0,2.0,,,44.617,81.56,48.672,0 days 00:42:40.383000,0 days 00:44:01.863000,0 days 00:44:50.530000,103.0,70.0,206.0,109.0,False,HARD,10.0,False,Haas F1 Team,0 days 00:41:55.474000,2024-10-18 17:58:09.245,1,,False,,False,False,,174.849
181,0 days 00:46:27.194000,MAG,20,0 days 00:01:36.811000,11.0,2.0,,,26.12,38.958,31.733,0 days 00:45:16.503000,0 days 00:45:55.461000,0 days 00:46:27.194000,229.0,187.0,205.0,320.0,True,HARD,11.0,False,Haas F1 Team,0 days 00:44:50.383000,2024-10-18 18:01:04.154,1,,False,,False,True,96.811,96.811
182,0 days 00:49:07.791000,MAG,20,,12.0,2.0,,,49.851,63.405,47.306,0 days 00:47:17.303000,0 days 00:48:20.579000,0 days 00:49:07.793000,116.0,93.0,204.0,143.0,False,HARD,12.0,False,Haas F1 Team,0 days 00:46:27.194000,2024-10-18 18:02:40.965,1,,False,,False,False,,160.562
183,0 days 00:50:47.317000,MAG,20,0 days 00:01:39.526000,13.0,2.0,,,27.278,39.905,32.343,0 days 00:49:35.069000,0 days 00:50:14.974000,0 days 00:50:47.317000,213.0,184.0,203.0,299.0,False,HARD,13.0,False,Haas F1 Team,0 days 00:49:07.791000,2024-10-18 18:05:21.562,1,,False,,False,True,99.526,99.526
184,0 days 00:52:26.360000,MAG,20,0 days 00:01:39.043000,14.0,2.0,,,26.762,39.638,32.643,0 days 00:51:14.079000,0 days 00:51:53.717000,0 days 00:52:26.360000,218.0,185.0,200.0,301.0,False,HARD,14.0,False,Haas F1 Team,0 days 00:50:47.317000,2024-10-18 18:07:01.088,1,,False,,False,True,99.043,99.043
185,0 days 00:54:05.389000,MAG,20,0 days 00:01:39.029000,15.0,2.0,,,26.975,39.888,32.166,0 days 00:52:53.335000,0 days 00:53:33.223000,0 days 00:54:05.389000,217.0,184.0,205.0,296.0,False,HARD,15.0,False,Haas F1 Team,0 days 00:52:26.360000,2024-10-18 18:08:40.131,1,,False,,False,True,99.029,99.029
186,0 days 00:55:44.039000,MAG,20,0 days 00:01:38.650000,16.0,2.0,,,26.842,39.652,32.156,0 days 00:54:32.231000,0 days 00:55:11.883000,0 days 00:55:44.039000,223.0,182.0,203.0,296.0,False,HARD,16.0,False,Haas F1 Team,0 days 00:54:05.389000,2024-10-18 18:10:19.160,1,,False,,False,True,98.65,98.65
187,0 days 00:57:21.936000,MAG,20,0 days 00:01:37.897000,17.0,2.0,,,26.39,39.209,32.298,0 days 00:56:10.429000,0 days 00:56:49.638000,0 days 00:57:21.936000,227.0,183.0,204.0,318.0,False,HARD,17.0,False,Haas F1 Team,0 days 00:55:44.039000,2024-10-18 18:11:57.810,1,,False,,False,True,97.897,97.897
188,0 days 00:59:15.863000,MAG,20,0 days 00:01:53.927000,18.0,2.0,,0 days 00:59:14.742000,26.222,46.202,41.503,0 days 00:57:48.158000,0 days 00:58:34.360000,0 days 00:59:15.863000,228.0,127.0,,195.0,False,HARD,18.0,False,Haas F1 Team,0 days 00:57:21.936000,2024-10-18 18:13:35.707,1,,False,,False,False,113.927,113.927
189,0 days 01:07:52.209000,MAG,20,,19.0,3.0,0 days 01:05:36.579000,,,53.375,45.206,,0 days 01:07:07.204000,0 days 01:07:52.375000,121.0,134.0,94.0,251.0,False,SOFT,1.0,True,Haas F1 Team,0 days 00:59:15.863000,2024-10-18 18:15:29.634,16,,False,,False,False,,
190,0 days 01:10:07.134000,MAG,20,0 days 00:02:14.925000,20.0,3.0,,,44.677,55.091,35.157,0 days 01:08:36.886000,0 days 01:09:31.977000,0 days 01:10:07.134000,141.0,161.0,213.0,182.0,False,SOFT,2.0,True,Haas F1 Team,0 days 01:07:52.209000,2024-10-18 18:24:05.980,671,,False,,False,False,134.925,134.925
191,0 days 01:11:41.230000,MAG,20,0 days 00:01:34.096000,21.0,3.0,,,25.34,37.792,30.964,0 days 01:10:32.474000,0 days 01:11:10.266000,0 days 01:11:41.230000,237.0,190.0,210.0,325.0,True,SOFT,3.0,True,Haas F1 Team,0 days 01:10:07.134000,2024-10-18 18:26:20.905,1,,False,,False,True,94.096,94.096
192,0 days 01:13:56.780000,MAG,20,0 days 00:02:15.550000,22.0,3.0,,,41.001,50.474,44.075,0 days 01:12:22.231000,0 days 01:13:12.705000,0 days 01:13:56.780000,179.0,128.0,153.0,198.0,False,SOFT,4.0,True,Haas F1 Team,0 days 01:11:41.230000,2024-10-18 18:27:55.001,1,,False,,False,True,135.55,135.55
193,0 days 01:16:04.772000,MAG,20,0 days 00:02:07.992000,23.0,3.0,,,35.024,49.487,43.481,0 days 01:14:31.804000,0 days 01:15:21.291000,0 days 01:16:04.772000,162.0,134.0,127.0,199.0,False,SOFT,5.0,True,Haas F1 Team,0 days 01:13:56.780000,2024-10-18 18:30:10.551,12,,False,,False,True,127.992,127.99199999999999
194,0 days 01:18:19.884000,MAG,20,0 days 00:02:15.112000,24.0,3.0,,0 days 01:18:18.894000,57.949,41.953,35.21,0 days 01:17:02.721000,0 days 01:17:44.674000,0 days 01:18:19.884000,212.0,154.0,,270.0,False,SOFT,6.0,True,Haas F1 Team,0 days 01:16:04.772000,2024-10-18 18:32:18.543,21,,False,,False,False,135.112,135.112
195,0 days 00:18:08.065000,TSU,22,,1.0,1.0,0 days 00:16:08.521000,,,49.197,39.141,,0 days 00:17:29.117000,0 days 00:18:08.252000,176.0,155.0,204.0,295.0,False,HARD,1.0,True,RB,0 days 00:16:08.521000,2024-10-18 17:32:22.292,1,,False,,False,False,,
196,0 days 00:19:47.780000,TSU,22,0 days 00:01:39.715000,2.0,1.0,,,27.085,40.034,32.596,0 days 00:18:35.150000,0 days 00:19:15.184000,0 days 00:19:47.780000,222.0,176.0,202.0,324.0,True,HARD,2.0,True,RB,0 days 00:18:08.065000,2024-10-18 17:34:21.836,1,,False,,False,True,99.715,99.715
197,0 days 00:22:07.073000,TSU,22,0 days 00:02:19.293000,3.0,1.0,,,41.898,58.552,38.843,0 days 00:20:29.678000,0 days 00:21:28.230000,0 days 00:22:07.073000,102.0,89.0,207.0,272.0,False,HARD,3.0,True,RB,0 days 00:19:47.780000,2024-10-18 17:36:01.551,1,,False,,False,True,139.293,139.293
198,0 days 00:23:44.058000,TSU,22,0 days 00:01:36.985000,4.0,1.0,,,26.323,38.773,31.889,0 days 00:22:33.396000,0 days 00:23:12.169000,0 days 00:23:44.058000,230.0,185.0,203.0,323.0,True,HARD,4.0,True,RB,0 days 00:22:07.073000,2024-10-18 17:38:20.844,1,,False,,False,True,96.985,96.985
199,0 days 00:26:14.015000,TSU,22,0 days 00:02:29.957000,5.0,1.0,,,42.497,58.665,48.795,0 days 00:24:26.555000,0 days 00:25:25.220000,0 days 00:26:14.015000,135.0,72.0,135.0,267.0,False,HARD,5.0,True,RB,0 days 00:23:44.058000,2024-10-18 17:39:57.829,12,,False,,False,True,149.957,149.957
200,0 days 00:28:28.454000,TSU,22,0 days 00:02:14.439000,6.0,1.0,,,42.598,50.564,41.277,0 days 00:26:56.613000,0 days 00:27:47.177000,0 days 00:28:28.454000,138.0,129.0,207.0,288.0,False,HARD,6.0,True,RB,0 days 00:26:14.015000,2024-10-18 17:42:27.786,1,,False,,False,True,134.439,134.43900000000002
201,0 days 00:30:04.688000,TSU,22,0 days 00:01:36.234000,7.0,1.0,,,25.926,38.563,31.745,0 days 00:28:54.380000,0 days 00:29:32.943000,0 days 00:30:04.688000,235.0,184.0,204.0,325.0,True,HARD,7.0,True,RB,0 days 00:28:28.454000,2024-10-18 17:44:42.225,1,,False,,False,True,96.234,96.23400000000001
202,0 days 00:32:06.070000,TSU,22,0 days 00:02:01.382000,8.0,1.0,,0 days 00:32:05.059000,32.351,51.504,37.527,0 days 00:30:37.039000,0 days 00:31:28.543000,0 days 00:32:06.070000,162.0,127.0,,199.0,False,HARD,8.0,True,RB,0 days 00:30:04.688000,2024-10-18 17:46:18.459,12,,False,,False,False,121.382,121.38199999999999
203,0 days 00:42:35.993000,TSU,22,,9.0,2.0,0 days 00:40:55.766000,,,40.642,33.785,,0 days 00:42:02.480000,0 days 00:42:36.717000,205.0,175.0,199.0,298.0,False,HARD,9.0,False,RB,0 days 00:32:06.070000,2024-10-18 17:48:19.841,1,,False,,False,False,,
204,0 days 00:44:16.134000,TSU,22,0 days 00:01:40.141000,10.0,2.0,,,27.223,40.023,32.895,0 days 00:43:03.216000,0 days 00:43:43.239000,0 days 00:44:16.134000,221.0,179.0,199.0,302.0,False,HARD,10.0,False,RB,0 days 00:42:35.993000,2024-10-18 17:58:49.764,1,,False,,False,True,100.141,100.14100000000002
205,0 days 00:45:56.384000,TSU,22,0 days 00:01:40.250000,11.0,2.0,,,27.249,40.058,32.943,0 days 00:44:43.383000,0 days 00:45:23.441000,0 days 00:45:56.384000,212.0,177.0,197.0,303.0,False,HARD,11.0,False,RB,0 days 00:44:16.134000,2024-10-18 18:00:29.905,1,,False,,False,True,100.25,100.25
206,0 days 00:47:36.170000,TSU,22,0 days 00:01:39.786000,12.0,2.0,,,26.925,40.124,32.737,0 days 00:46:23.309000,0 days 00:47:03.433000,0 days 00:47:36.170000,221.0,181.0,198.0,297.0,False,HARD,12.0,False,RB,0 days 00:45:56.384000,2024-10-18 18:02:10.155,1,,False,,False,True,99.786,99.786
207,0 days 00:49:15.886000,TSU,22,0 days 00:01:39.716000,13.0,2.0,,,26.919,39.729,33.068,0 days 00:48:03.089000,0 days 00:48:42.818000,0 days 00:49:15.886000,220.0,178.0,199.0,303.0,False,HARD,13.0,False,RB,0 days 00:47:36.170000,2024-10-18 18:03:49.941,1,,False,,False,True,99.716,99.716
208,0 days 00:50:58.154000,TSU,22,0 days 00:01:42.268000,14.0,2.0,,,26.966,40.871,34.431,0 days 00:49:42.852000,0 days 00:50:23.723000,0 days 00:50:58.154000,217.0,124.0,200.0,301.0,False,HARD,14.0,False,RB,0 days 00:49:15.886000,2024-10-18 18:05:29.657,1,,False,,False,True,102.268,102.268
209,0 days 00:52:37.541000,TSU,22,0 days 00:01:39.387000,15.0,2.0,,,26.683,39.869,32.835,0 days 00:51:24.837000,0 days 00:52:04.706000,0 days 00:52:37.541000,224.0,179.0,201.0,306.0,False,HARD,15.0,False,RB,0 days 00:50:58.154000,2024-10-18 18:07:11.925,1,,False,,False,True,99.387,99.387
210,0 days 00:54:18.138000,TSU,22,0 days 00:01:40.597000,16.0,2.0,,0 days 00:54:17.145000,26.786,40.0,33.811,0 days 00:53:04.327000,0 days 00:53:44.327000,0 days 00:54:18.138000,224.0,178.0,,304.0,False,HARD,16.0,False,RB,0 days 00:52:37.541000,2024-10-18 18:08:51.312,1,,False,,False,False,100.597,100.59700000000001
211,0 days 00:57:18.989000,TSU,22,,17.0,3.0,0 days 00:55:42.189000,0 days 00:57:17.959000,,39.464,32.91,,0 days 00:56:46.117000,0 days 00:57:18.989000,218.0,180.0,,303.0,False,HARD,17.0,False,RB,0 days 00:54:18.138000,2024-10-18 18:10:31.909,1,,False,,False,False,,
212,0 days 01:08:25.072000,TSU,22,,18.0,4.0,0 days 01:06:06.964000,,,52.875,51.35,,0 days 01:07:33.972000,0 days 01:08:25.168000,168.0,89.0,211.0,244.0,False,SOFT,1.0,True,RB,0 days 00:57:18.989000,2024-10-18 18:13:32.760,167,,False,,False,False,,
213,0 days 01:09:59.385000,TSU,22,0 days 00:01:34.313000,19.0,4.0,,,25.52,37.671,31.122,0 days 01:08:50.592000,0 days 01:09:28.263000,0 days 01:09:59.385000,240.0,185.0,206.0,325.0,True,SOFT,2.0,True,RB,0 days 01:08:25.072000,2024-10-18 18:24:38.843,1,,False,,False,True,94.313,94.313
214,0 days 01:12:20.590000,TSU,22,0 days 00:02:21.205000,20.0,4.0,,0 days 01:12:19.603000,38.087,57.03,46.088,0 days 01:10:37.472000,0 days 01:11:34.502000,0 days 01:12:20.590000,150.0,116.0,,170.0,False,SOFT,3.0,True,RB,0 days 01:09:59.385000,2024-10-18 18:26:13.156,1,,False,,False,False,141.205,141.205
215,0 days 00:16:45.096000,ALB,23,,1.0,1.0,0 days 00:14:15.583000,,,48.262,66.707,,0 days 00:15:38.681000,0 days 00:16:45.276000,168.0,137.0,205.0,312.0,False,HARD,1.0,True,Williams,0 days 00:14:15.583000,2024-10-18 17:30:29.354,1,,False,,False,False,,
216,0 days 00:18:24.497000,ALB,23,0 days 00:01:39.401000,2.0,1.0,,,26.559,39.861,32.981,0 days 00:17:11.655000,0 days 00:17:51.516000,0 days 00:18:24.497000,223.0,178.0,203.0,317.0,True,HARD,2.0,True,Williams,0 days 00:16:45.096000,2024-10-18 17:32:58.867,1,,False,,False,True,99.401,99.40100000000001
217,0 days 00:20:39.373000,ALB,23,0 days 00:02:14.876000,3.0,1.0,,,40.249,50.539,44.088,0 days 00:19:04.746000,0 days 00:19:55.285000,0 days 00:20:39.373000,135.0,76.0,209.0,280.0,False,HARD,3.0,True,Williams,0 days 00:18:24.497000,2024-10-18 17:34:38.268,1,,False,,False,True,134.876,134.876
218,0 days 00:22:16.241000,ALB,23,0 days 00:01:36.868000,4.0,1.0,,,26.149,38.827,31.892,0 days 00:21:05.522000,0 days 00:21:44.349000,0 days 00:22:16.241000,227.0,187.0,205.0,321.0,True,HARD,4.0,True,Williams,0 days 00:20:39.373000,2024-10-18 17:36:53.144,1,,False,,False,True,96.868,96.868
219,0 days 00:24:36.614000,ALB,23,0 days 00:02:20.373000,5.0,1.0,,,42.853,54.139,43.381,0 days 00:22:59.094000,0 days 00:23:53.233000,0 days 00:24:36.614000,128.0,113.0,210.0,274.0,False,HARD,5.0,True,Williams,0 days 00:22:16.241000,2024-10-18 17:38:30.012,1,,False,,False,True,140.373,140.373
220,0 days 00:26:37.783000,ALB,23,0 days 00:02:01.169000,6.0,1.0,,,35.952,45.843,39.374,0 days 00:25:12.566000,0 days 00:25:58.409000,0 days 00:26:37.783000,157.0,141.0,211.0,304.0,False,HARD,6.0,True,Williams,0 days 00:24:36.614000,2024-10-18 17:40:50.385,12,,False,,False,True,121.169,121.16900000000001
221,0 days 00:28:19.765000,ALB,23,0 days 00:01:41.982000,7.0,1.0,,,25.814,40.507,35.661,0 days 00:27:03.597000,0 days 00:27:44.104000,0 days 00:28:19.765000,232.0,117.0,178.0,323.0,False,HARD,7.0,True,Williams,0 days 00:26:37.783000,2024-10-18 17:42:51.554,1,,False,,False,True,101.982,101.982
222,0 days 00:30:42.166000,ALB,23,0 days 00:02:22.401000,8.0,1.0,,,40.998,53.849,47.554,0 days 00:29:00.763000,0 days 00:29:54.612000,0 days 00:30:42.166000,81.0,119.0,209.0,249.0,False,HARD,8.0,True,Williams,0 days 00:28:19.765000,2024-10-18 17:44:33.536,1,,False,,False,True,142.401,142.401
223,0 days 00:32:46.819000,ALB,23,0 days 00:02:04.653000,9.0,1.0,,,33.084,44.844,46.725,0 days 00:31:15.250000,0 days 00:32:00.094000,0 days 00:32:46.819000,166.0,136.0,211.0,290.0,False,HARD,9.0,True,Williams,0 days 00:30:42.166000,2024-10-18 17:46:55.937,12,,False,,False,True,124.653,124.65299999999999
224,0 days 00:34:24.829000,ALB,23,0 days 00:01:38.010000,10.0,1.0,,0 days 00:34:23.758000,25.895,38.46,33.655,0 days 00:33:12.714000,0 days 00:33:51.174000,0 days 00:34:24.829000,228.0,187.0,,319.0,False,HARD,10.0,True,Williams,0 days 00:32:46.819000,2024-10-18 17:49:00.590,1,,False,,False,False,98.01,98.01
225,0 days 00:42:52.746000,ALB,23,,11.0,2.0,0 days 00:41:12.353000,,,40.947,33.792,,0 days 00:42:19.102000,0 days 00:42:52.871000,202.0,163.0,204.0,309.0,False,HARD,11.0,False,Williams,0 days 00:34:24.829000,2024-10-18 17:50:38.600,1,,False,,False,False,,
226,0 days 00:44:31.821000,ALB,23,0 days 00:01:39.075000,12.0,2.0,,,26.83,39.665,32.58,0 days 00:43:19.576000,0 days 00:43:59.241000,0 days 00:44:31.821000,215.0,180.0,202.0,309.0,False,HARD,12.0,False,Williams,0 days 00:42:52.746000,2024-10-18 17:59:06.517,1,,False,,False,True,99.075,99.075
227,0 days 00:46:10.693000,ALB,23,0 days 00:01:38.872000,13.0,2.0,,,26.864,39.776,32.232,0 days 00:44:58.685000,0 days 00:45:38.461000,0 days 00:46:10.693000,219.0,182.0,201.0,291.0,False,HARD,13.0,False,Williams,0 days 00:44:31.821000,2024-10-18 18:00:45.592,1,,False,,False,True,98.872,98.872
228,0 days 00:47:49.147000,ALB,23,0 days 00:01:38.454000,14.0,2.0,,,26.635,39.744,32.075,0 days 00:46:37.328000,0 days 00:47:17.072000,0 days 00:47:49.147000,224.0,185.0,200.0,292.0,False,HARD,14.0,False,Williams,0 days 00:46:10.693000,2024-10-18 18:02:24.464,1,,False,,False,True,98.454,98.45400000000001
229,0 days 00:49:28.117000,ALB,23,0 days 00:01:38.970000,15.0,2.0,,,26.813,39.694,32.463,0 days 00:48:15.960000,0 days 00:48:55.654000,0 days 00:49:28.117000,222.0,183.0,202.0,300.0,False,HARD,15.0,False,Williams,0 days 00:47:49.147000,2024-10-18 18:04:02.918,1,,False,,False,True,98.97,98.97
230,0 days 00:51:06.637000,ALB,23,0 days 00:01:38.520000,16.0,2.0,,,26.59,39.192,32.738,0 days 00:49:54.707000,0 days 00:50:33.899000,0 days 00:51:06.637000,224.0,180.0,203.0,321.0,False,HARD,16.0,False,Williams,0 days 00:49:28.117000,2024-10-18 18:05:41.888,1,,False,,False,True,98.52,98.52
231,0 days 00:52:46.892000,ALB,23,0 days 00:01:40.255000,17.0,2.0,,0 days 00:52:45.935000,26.437,39.61,34.208,0 days 00:51:33.074000,0 days 00:52:12.684000,0 days 00:52:46.892000,220.0,179.0,,321.0,False,HARD,17.0,False,Williams,0 days 00:51:06.637000,2024-10-18 18:07:20.408,1,,False,,False,False,100.255,100.255
232,0 days 01:01:15.344000,ALB,23,,18.0,3.0,0 days 00:59:14.330000,,,45.938,40.408,,0 days 01:00:35.168000,0 days 01:01:15.807000,169.0,135.0,213.0,314.0,False,SOFT,1.0,True,Williams,0 days 00:52:46.892000,2024-10-18 18:09:00.663,1,,False,,False,False,,
233,0 days 01:03:18.121000,ALB,23,0 days 00:02:02.777000,19.0,3.0,,,25.601,42.672,54.504,0 days 01:01:40.945000,0 days 01:02:23.617000,0 days 01:03:18.121000,237.0,77.0,138.0,320.0,False,SOFT,2.0,True,Williams,0 days 01:01:15.344000,2024-10-18 18:17:29.115,1,,False,,False,True,122.777,122.77699999999999
234,0 days 01:05:39.856000,ALB,23,0 days 00:02:21.735000,20.0,3.0,,,42.261,52.729,46.745,0 days 01:04:00.382000,0 days 01:04:53.111000,0 days 01:05:39.856000,137.0,114.0,212.0,295.0,False,SOFT,3.0,True,Williams,0 days 01:03:18.121000,2024-10-18 18:19:31.892,1,,False,,False,True,141.735,141.735
235,0 days 01:07:14.474000,ALB,23,0 days 00:01:34.618000,21.0,3.0,,,25.534,37.855,31.229,0 days 01:06:05.390000,0 days 01:06:43.245000,0 days 01:07:14.474000,231.0,189.0,206.0,323.0,True,SOFT,4.0,True,Williams,0 days 01:05:39.856000,2024-10-18 18:21:53.627,1,,False,,False,True,94.618,94.618
236,0 days 01:09:39.625000,ALB,23,0 days 00:02:25.151000,22.0,3.0,,0 days 01:09:38.559000,47.711,53.304,44.136,0 days 01:08:02.185000,0 days 01:08:55.489000,0 days 01:09:39.625000,105.0,128.0,,264.0,False,SOFT,5.0,True,Williams,0 days 01:07:14.474000,2024-10-18 18:23:28.245,167,,False,,False,False,145.151,145.151
237,0 days 01:12:11.759000,ALB,23,,23.0,4.0,0 days 01:10:16.482000,0 days 01:12:10.606000,65.501,50.13,36.362,0 days 01:10:45.321000,0 days 01:11:35.453000,0 days 01:12:11.759000,169.0,129.0,,260.0,False,HARD,18.0,False,Williams,0 days 01:09:39.625000,2024-10-18 18:25:53.396,1,,False,,False,False,,151.993
238,0 days 01:14:48.515000,ALB,23,,24.0,5.0,0 days 01:12:54.906000,,70.019,47.202,39.584,0 days 01:13:21.836000,0 days 01:14:09.154000,0 days 01:14:48.538000,190.0,52.0,203.0,274.0,False,HARD,19.0,False,Williams,0 days 01:12:11.759000,2024-10-18 18:28:25.530,1,,False,,False,False,,156.805
239,0 days 01:17:00.221000,ALB,23,0 days 00:02:11.706000,25.0,5.0,,,32.838,46.345,52.523,0 days 01:15:21.353000,0 days 01:16:07.698000,0 days 01:17:00.221000,165.0,79.0,70.0,322.0,False,HARD,20.0,False,Williams,0 days 01:14:48.515000,2024-10-18 18:31:02.286,12,,False,,False,True,131.706,131.706
240,0 days 01:19:43.827000,ALB,23,,26.0,5.0,,0 days 01:19:42.837000,88.976,40.269,34.343,0 days 01:18:29.338000,0 days 01:19:09.511000,0 days 01:19:43.827000,197.0,177.0,,272.0,False,HARD,21.0,False,Williams,0 days 01:17:00.221000,2024-10-18 18:33:13.992,12,,False,,False,False,,163.58800000000002
241,0 days 00:19:34.851000,ZHO,24,,1.0,1.0,0 days 00:17:26.251000,,,49.388,41.472,,0 days 00:18:53.622000,0 days 00:19:34.895000,149.0,143.0,203.0,268.0,False,SOFT,1.0,True,Kick Sauber,0 days 00:17:26.251000,2024-10-18 17:33:40.022,1,,False,,False,False,,
242,0 days 00:21:14.995000,ZHO,24,0 days 00:01:40.144000,2.0,1.0,,,27.395,40.254,32.495,0 days 00:20:02.246000,0 days 00:20:42.500000,0 days 00:21:14.995000,203.0,183.0,204.0,319.0,True,SOFT,2.0,True,Kick Sauber,0 days 00:19:34.851000,2024-10-18 17:35:48.622,1,,False,,False,True,100.144,100.144
243,0 days 00:23:57.439000,ZHO,24,,3.0,1.0,,,43.839,69.071,49.513,0 days 00:21:59.027000,0 days 00:23:08.137000,0 days 00:23:57.439000,139.0,109.0,203.0,164.0,False,SOFT,3.0,True,Kick Sauber,0 days 00:21:14.995000,2024-10-18 17:37:28.766,1,,False,,False,False,,162.423
244,0 days 00:26:27.901000,ZHO,24,,4.0,1.0,,,28.378,67.389,54.716,0 days 00:24:25.959000,0 days 00:25:33.316000,0 days 00:26:28.108000,160.0,113.0,196.0,203.0,False,SOFT,4.0,True,Kick Sauber,0 days 00:23:57.439000,2024-10-18 17:40:11.210,12,,False,,False,False,,150.483
245,0 days 00:28:06.404000,ZHO,24,0 days 00:01:38.503000,5.0,1.0,,,27.08,39.402,32.021,0 days 00:26:54.981000,0 days 00:27:34.383000,0 days 00:28:06.404000,216.0,186.0,207.0,322.0,True,SOFT,5.0,True,Kick Sauber,0 days 00:26:27.901000,2024-10-18 17:42:41.672,1,,False,,False,True,98.503,98.503
246,0 days 00:30:50.454000,ZHO,24,,6.0,1.0,,0 days 00:30:49.250000,43.738,69.036,51.223,0 days 00:28:50.428000,0 days 00:29:59.333000,0 days 00:30:50.454000,113.0,115.0,,195.0,False,SOFT,6.0,True,Kick Sauber,0 days 00:28:06.404000,2024-10-18 17:44:20.175,12,,False,,False,False,,163.997
247,0 days 00:33:41.521000,ZHO,24,,7.0,2.0,0 days 00:31:25.600000,,71.22,50.193,49.798,0 days 00:32:01.887000,0 days 00:32:52.054000,0 days 00:33:41.688000,124.0,129.0,205.0,280.0,False,SOFT,7.0,False,Kick Sauber,0 days 00:30:50.454000,2024-10-18 17:47:04.225,21,,False,,False,False,,171.211
248,0 days 00:35:18.740000,ZHO,24,0 days 00:01:37.219000,8.0,2.0,,,26.516,38.902,31.801,0 days 00:34:08.037000,0 days 00:34:46.939000,0 days 00:35:18.740000,222.0,187.0,206.0,321.0,True,SOFT,8.0,False,Kick Sauber,0 days 00:33:41.521000,2024-10-18 17:49:55.292,1,,False,,False,True,97.219,97.21900000000001
249,0 days 00:37:10.185000,ZHO,24,0 days 00:01:51.445000,9.0,2.0,,0 days 00:37:09.171000,29.969,44.473,37.003,0 days 00:35:48.709000,0 days 00:36:33.182000,0 days 00:37:10.185000,191.0,158.0,,291.0,False,SOFT,9.0,False,Kick Sauber,0 days 00:35:18.740000,2024-10-18 17:51:32.511,1,,False,,False,False,111.445,111.44500000000001
250,0 days 00:47:30.011000,ZHO,24,,10.0,3.0,0 days 00:45:40.446000,,,43.096,38.932,,0 days 00:46:51.464000,0 days 00:47:30.171000,203.0,169.0,197.0,292.0,False,SOFT,10.0,False,Kick Sauber,0 days 00:37:10.185000,2024-10-18 17:53:23.956,1,,False,,False,False,,
251,0 days 00:49:11.082000,ZHO,24,0 days 00:01:41.071000,11.0,3.0,,,27.77,40.612,32.689,0 days 00:47:57.781000,0 days 00:48:38.393000,0 days 00:49:11.082000,211.0,182.0,202.0,299.0,False,SOFT,11.0,False,Kick Sauber,0 days 00:47:30.011000,2024-10-18 18:03:43.782,1,,False,,False,True,101.071,101.071
252,0 days 00:50:52.133000,ZHO,24,0 days 00:01:41.051000,12.0,3.0,,,27.577,40.601,32.873,0 days 00:49:38.659000,0 days 00:50:19.260000,0 days 00:50:52.133000,217.0,177.0,201.0,293.0,False,SOFT,12.0,False,Kick Sauber,0 days 00:49:11.082000,2024-10-18 18:05:24.853,1,,False,,False,True,101.051,101.05099999999999
253,0 days 00:52:34.530000,ZHO,24,0 days 00:01:42.397000,13.0,3.0,,,27.614,41.106,33.677,0 days 00:51:19.747000,0 days 00:52:00.853000,0 days 00:52:34.530000,221.0,176.0,201.0,289.0,False,SOFT,13.0,False,Kick Sauber,0 days 00:50:52.133000,2024-10-18 18:07:05.904,1,,False,,False,True,102.397,102.39699999999999
254,0 days 00:54:15.463000,ZHO,24,0 days 00:01:40.933000,14.0,3.0,,,27.344,40.311,33.278,0 days 00:53:01.874000,0 days 00:53:42.185000,0 days 00:54:15.463000,219.0,180.0,204.0,300.0,False,SOFT,14.0,False,Kick Sauber,0 days 00:52:34.530000,2024-10-18 18:08:48.301,1,,False,,False,True,100.933,100.93299999999999
255,0 days 00:56:17.056000,ZHO,24,0 days 00:02:01.593000,15.0,3.0,,0 days 00:56:15.945000,27.356,40.444,53.793,0 days 00:54:42.819000,0 days 00:55:23.263000,0 days 00:56:17.056000,218.0,176.0,,304.0,False,SOFT,15.0,False,Kick Sauber,0 days 00:54:15.463000,2024-10-18 18:10:29.234,1,,False,,False,False,121.593,121.59300000000002
256,0 days 00:15:58.666000,HUL,27,,1.0,1.0,0 days 00:13:56.707000,,,47.368,40.893,,0 days 00:15:18,0 days 00:15:58.894000,141.0,154.0,197.0,273.0,False,HARD,1.0,True,Haas F1 Team,0 days 00:13:56.707000,2024-10-18 17:30:10.478,1,,False,,False,False,,
257,0 days 00:17:43.098000,HUL,27,0 days 00:01:44.432000,2.0,1.0,,,28.912,41.648,33.872,0 days 00:16:27.578000,0 days 00:17:09.226000,0 days 00:17:43.098000,195.0,174.0,204.0,317.0,True,HARD,2.0,True,Haas F1 Team,0 days 00:15:58.666000,2024-10-18 17:32:12.437,1,,False,,False,True,104.432,104.432
258,0 days 00:20:03.018000,HUL,27,0 days 00:02:19.920000,3.0,1.0,,,37.556,56.775,45.589,0 days 00:18:20.654000,0 days 00:19:17.429000,0 days 00:20:03.018000,146.0,132.0,204.0,139.0,False,HARD,3.0,True,Haas F1 Team,0 days 00:17:43.098000,2024-10-18 17:33:56.869,1,,False,,False,True,139.92,139.92
259,0 days 00:21:41.281000,HUL,27,0 days 00:01:38.263000,4.0,1.0,,,26.876,39.106,32.281,0 days 00:20:29.894000,0 days 00:21:09,0 days 00:21:41.281000,218.0,184.0,204.0,322.0,True,HARD,4.0,True,Haas F1 Team,0 days 00:20:03.018000,2024-10-18 17:36:16.789,1,,False,,False,True,98.263,98.263
260,0 days 00:24:06.919000,HUL,27,0 days 00:02:25.638000,5.0,1.0,,,40.515,59.289,45.834,0 days 00:22:21.796000,0 days 00:23:21.085000,0 days 00:24:06.919000,138.0,123.0,206.0,130.0,False,HARD,5.0,True,Haas F1 Team,0 days 00:21:41.281000,2024-10-18 17:37:55.052,1,,False,,False,True,145.638,145.638
261,0 days 00:25:43.917000,HUL,27,0 days 00:01:36.998000,6.0,1.0,,,26.206,38.856,31.936,0 days 00:24:33.125000,0 days 00:25:11.981000,0 days 00:25:43.917000,228.0,180.0,208.0,330.0,True,HARD,6.0,True,Haas F1 Team,0 days 00:24:06.919000,2024-10-18 17:40:20.690,12,,False,,False,True,96.998,96.99799999999999
262,0 days 00:27:55.981000,HUL,27,0 days 00:02:12.064000,7.0,1.0,,0 days 00:27:54.991000,36.165,52.121,43.778,0 days 00:26:20.082000,0 days 00:27:12.203000,0 days 00:27:55.981000,181.0,89.0,,226.0,False,HARD,7.0,True,Haas F1 Team,0 days 00:25:43.917000,2024-10-18 17:41:57.688,1,,False,,False,False,132.064,132.064
263,0 days 00:39:58.745000,HUL,27,,8.0,2.0,0 days 00:38:07.035000,,,46.437,36.317,,0 days 00:39:22.646000,0 days 00:39:58.954000,158.0,170.0,208.0,282.0,False,HARD,8.0,False,Haas F1 Team,0 days 00:27:55.981000,2024-10-18 17:44:09.752,12,,False,,False,False,,
264,0 days 00:41:35.344000,HUL,27,0 days 00:01:36.599000,9.0,2.0,,,26.228,38.632,31.739,0 days 00:40:24.973000,0 days 00:41:03.605000,0 days 00:41:35.344000,224.0,185.0,205.0,322.0,True,HARD,9.0,False,Haas F1 Team,0 days 00:39:58.745000,2024-10-18 17:56:12.516,1,,False,,False,True,96.599,96.599
265,0 days 00:44:09.077000,HUL,27,,10.0,2.0,,,40.373,61.983,51.329,0 days 00:42:16.051000,0 days 00:43:17.948000,0 days 00:44:09.149000,137.0,116.0,203.0,142.0,False,HARD,10.0,False,Haas F1 Team,0 days 00:41:35.344000,2024-10-18 17:57:49.115,1,,False,,False,False,,153.685
266,0 days 00:45:45.579000,HUL,27,0 days 00:01:36.502000,11.0,2.0,,,26.258,38.689,31.555,0 days 00:44:35.335000,0 days 00:45:14.024000,0 days 00:45:45.579000,232.0,183.0,208.0,321.0,True,HARD,11.0,False,Haas F1 Team,0 days 00:44:09.077000,2024-10-18 18:00:22.848,1,,False,,False,True,96.502,96.50200000000001
267,0 days 00:47:46.216000,HUL,27,0 days 00:02:00.637000,12.0,2.0,,,33.665,49.582,37.39,0 days 00:46:19.244000,0 days 00:47:08.826000,0 days 00:47:46.216000,163.0,138.0,200.0,250.0,False,HARD,12.0,False,Haas F1 Team,0 days 00:45:45.579000,2024-10-18 18:01:59.350,1,,False,,False,True,120.637,120.637
268,0 days 00:49:25.658000,HUL,27,0 days 00:01:39.442000,13.0,2.0,,,27.238,39.771,32.433,0 days 00:48:13.454000,0 days 00:48:53.225000,0 days 00:49:25.658000,217.0,184.0,203.0,298.0,False,HARD,13.0,False,Haas F1 Team,0 days 00:47:46.216000,2024-10-18 18:03:59.987,1,,False,,False,True,99.442,99.44200000000001
269,0 days 00:51:05.396000,HUL,27,0 days 00:01:39.738000,14.0,2.0,,,27.207,39.802,32.729,0 days 00:49:52.865000,0 days 00:50:32.667000,0 days 00:51:05.396000,222.0,182.0,202.0,294.0,False,HARD,14.0,False,Haas F1 Team,0 days 00:49:25.658000,2024-10-18 18:05:39.429,1,,False,,False,True,99.738,99.738
270,0 days 00:52:44.040000,HUL,27,0 days 00:01:38.644000,15.0,2.0,,,26.676,39.43,32.538,0 days 00:51:32.072000,0 days 00:52:11.502000,0 days 00:52:44.040000,229.0,185.0,202.0,303.0,False,HARD,15.0,False,Haas F1 Team,0 days 00:51:05.396000,2024-10-18 18:07:19.167,1,,False,,False,True,98.644,98.64399999999999
271,0 days 00:54:22.941000,HUL,27,0 days 00:01:38.901000,16.0,2.0,,,26.614,39.577,32.71,0 days 00:53:10.654000,0 days 00:53:50.231000,0 days 00:54:22.941000,230.0,183.0,202.0,302.0,False,HARD,16.0,False,Haas F1 Team,0 days 00:52:44.040000,2024-10-18 18:08:57.811,1,,False,,False,True,98.901,98.90100000000001
272,0 days 00:56:01.503000,HUL,27,0 days 00:01:38.562000,17.0,2.0,,,26.608,39.64,32.314,0 days 00:54:49.549000,0 days 00:55:29.189000,0 days 00:56:01.503000,229.0,179.0,202.0,299.0,False,HARD,17.0,False,Haas F1 Team,0 days 00:54:22.941000,2024-10-18 18:10:36.712,1,,False,,False,True,98.562,98.56200000000001
273,0 days 00:57:43.553000,HUL,27,0 days 00:01:42.050000,18.0,2.0,,0 days 00:57:42.553000,27.012,39.827,35.211,0 days 00:56:28.515000,0 days 00:57:08.342000,0 days 00:57:43.553000,219.0,179.0,,296.0,False,HARD,18.0,False,Haas F1 Team,0 days 00:56:01.503000,2024-10-18 18:12:15.274,1,,False,,False,False,102.05,102.05
274,0 days 01:07:24.393000,HUL,27,,19.0,3.0,0 days 01:05:25.670000,,,49.415,37.204,,0 days 01:06:47.242000,0 days 01:07:24.393000,146.0,149.0,212.0,201.0,False,SOFT,1.0,True,Haas F1 Team,0 days 00:57:43.553000,2024-10-18 18:13:57.324,1,,False,,False,False,,
275,0 days 01:09:56.469000,HUL,27,,20.0,3.0,,,34.837,63.302,54.037,0 days 01:07:59.272000,0 days 01:09:02.588000,0 days 01:09:56.551000,106.0,53.0,210.0,147.0,False,SOFT,2.0,True,Haas F1 Team,0 days 01:07:24.393000,2024-10-18 18:23:38.164,167,,False,,False,False,,152.17600000000002
276,0 days 01:11:30.833000,HUL,27,0 days 00:01:34.364000,21.0,3.0,,,25.774,37.729,30.861,0 days 01:10:22.243000,0 days 01:10:59.972000,0 days 01:11:30.833000,243.0,191.0,208.0,325.0,True,SOFT,3.0,True,Haas F1 Team,0 days 01:09:56.469000,2024-10-18 18:26:10.240,1,,False,,False,True,94.364,94.364
277,0 days 01:13:47.169000,HUL,27,0 days 00:02:16.336000,22.0,3.0,,,33.762,53.721,48.853,0 days 01:12:04.595000,0 days 01:12:58.316000,0 days 01:13:47.169000,203.0,166.0,212.0,223.0,False,SOFT,4.0,True,Haas F1 Team,0 days 01:11:30.833000,2024-10-18 18:27:44.604,1,,False,,False,True,136.336,136.336
278,0 days 01:15:57.293000,HUL,27,0 days 00:02:10.124000,23.0,3.0,,,27.329,48.466,54.329,0 days 01:14:14.498000,0 days 01:15:02.964000,0 days 01:15:57.293000,168.0,128.0,63.0,191.0,False,SOFT,5.0,True,Haas F1 Team,0 days 01:13:47.169000,2024-10-18 18:30:00.940,1,,False,,False,True,130.124,130.124
279,0 days 01:18:35.357000,HUL,27,,24.0,3.0,,0 days 01:18:34.202000,67.31,45.891,44.791,0 days 01:17:04.765000,0 days 01:17:50.628000,0 days 01:18:35.357000,214.0,156.0,,199.0,False,SOFT,6.0,True,Haas F1 Team,0 days 01:15:57.293000,2024-10-18 18:32:11.064,12,,False,,False,False,,157.992
280,0 days 00:17:30.023000,LAW,30,,1.0,1.0,0 days 00:15:32.021000,,,45.228,43.36,,0 days 00:16:46.965000,0 days 00:17:30.137000,180.0,158.0,201.0,250.0,False,HARD,1.0,True,RB,0 days 00:15:32.021000,2024-10-18 17:31:45.792,1,,False,,False,False,,
281,0 days 00:19:09.485000,LAW,30,0 days 00:01:39.462000,2.0,1.0,,,27.562,39.337,32.563,0 days 00:17:57.585000,0 days 00:18:36.922000,0 days 00:19:09.485000,214.0,183.0,204.0,322.0,True,HARD,2.0,True,RB,0 days 00:17:30.023000,2024-10-18 17:33:43.794,1,,False,,False,True,99.462,99.462
282,0 days 00:21:08.769000,LAW,30,0 days 00:01:59.284000,3.0,1.0,,,26.658,48.25,44.376,0 days 00:19:36.143000,0 days 00:20:24.393000,0 days 00:21:08.769000,221.0,131.0,209.0,265.0,False,HARD,3.0,True,RB,0 days 00:19:09.485000,2024-10-18 17:35:23.256,1,,False,,False,True,119.284,119.28399999999999
283,0 days 00:22:45.802000,LAW,30,0 days 00:01:37.033000,4.0,1.0,,,26.363,38.655,32.015,0 days 00:21:35.132000,0 days 00:22:13.787000,0 days 00:22:45.802000,226.0,181.0,205.0,325.0,True,HARD,4.0,True,RB,0 days 00:21:08.769000,2024-10-18 17:37:22.540,1,,False,,False,True,97.033,97.033
284,0 days 00:25:12.247000,LAW,30,0 days 00:02:26.445000,5.0,1.0,,,39.897,61.656,44.892,0 days 00:23:25.699000,0 days 00:24:27.355000,0 days 00:25:12.247000,130.0,96.0,209.0,177.0,False,HARD,5.0,True,RB,0 days 00:22:45.802000,2024-10-18 17:38:59.573,12,,False,,False,True,146.445,146.445
285,0 days 00:26:50.028000,LAW,30,0 days 00:01:37.781000,6.0,1.0,,,26.499,38.679,32.603,0 days 00:25:38.746000,0 days 00:26:17.425000,0 days 00:26:50.028000,230.0,183.0,204.0,327.0,False,HARD,6.0,True,RB,0 days 00:25:12.247000,2024-10-18 17:41:26.018,1,,False,,False,True,97.781,97.781
286,0 days 00:29:15.775000,LAW,30,0 days 00:02:25.747000,7.0,1.0,,,42.701,55.247,47.799,0 days 00:27:32.729000,0 days 00:28:27.976000,0 days 00:29:15.775000,152.0,121.0,141.0,247.0,False,HARD,7.0,True,RB,0 days 00:26:50.028000,2024-10-18 17:43:03.799,1,,False,,False,True,145.747,145.747
287,0 days 00:31:34.277000,LAW,30,0 days 00:02:18.502000,8.0,1.0,,,45.682,54.163,38.657,0 days 00:30:01.457000,0 days 00:30:55.620000,0 days 00:31:34.277000,138.0,133.0,210.0,213.0,False,HARD,8.0,True,RB,0 days 00:29:15.775000,2024-10-18 17:45:29.546,12,,False,,False,True,138.502,138.502
288,0 days 00:33:10.979000,LAW,30,0 days 00:01:36.702000,9.0,1.0,,,26.303,38.459,31.94,0 days 00:32:00.580000,0 days 00:32:39.039000,0 days 00:33:10.979000,228.0,183.0,204.0,324.0,True,HARD,9.0,True,RB,0 days 00:31:34.277000,2024-10-18 17:47:48.048,1,,False,,False,True,96.702,96.702
289,0 days 00:35:34.500000,LAW,30,0 days 00:02:23.521000,10.0,1.0,,,38.332,56.815,48.374,0 days 00:33:49.311000,0 days 00:34:46.126000,0 days 00:35:34.500000,140.0,80.0,143.0,196.0,False,HARD,10.0,True,RB,0 days 00:33:10.979000,2024-10-18 17:49:24.750,1,,False,,False,True,143.521,143.521
290,0 days 00:37:44.590000,LAW,30,0 days 00:02:10.090000,11.0,1.0,,,39.239,52.643,38.208,0 days 00:36:13.739000,0 days 00:37:06.382000,0 days 00:37:44.590000,139.0,132.0,210.0,227.0,False,HARD,11.0,True,RB,0 days 00:35:34.500000,2024-10-18 17:51:48.271,1,,False,,False,True,130.09,130.09
291,0 days 00:39:20.669000,LAW,30,0 days 00:01:36.079000,12.0,1.0,,,26.127,38.322,31.63,0 days 00:38:10.717000,0 days 00:38:49.039000,0 days 00:39:20.669000,229.0,187.0,205.0,325.0,True,HARD,12.0,True,RB,0 days 00:37:44.590000,2024-10-18 17:53:58.361,1,,False,,False,True,96.079,96.079
292,0 days 00:41:08.989000,LAW,30,0 days 00:01:48.320000,13.0,1.0,,0 days 00:41:07.971000,28.005,44.701,35.614,0 days 00:39:48.674000,0 days 00:40:33.375000,0 days 00:41:08.989000,202.0,173.0,,274.0,False,HARD,13.0,True,RB,0 days 00:39:20.669000,2024-10-18 17:55:34.440,1,,False,,False,False,108.32,108.32
293,0 days 00:46:50.857000,LAW,30,,14.0,2.0,0 days 00:45:10.016000,,,41.604,33.69,,0 days 00:46:17.263000,0 days 00:46:50.857000,216.0,183.0,201.0,302.0,False,HARD,14.0,False,RB,0 days 00:41:08.989000,2024-10-18 17:57:22.760,1,,False,,False,False,,
294,0 days 00:48:31.297000,LAW,30,0 days 00:01:40.440000,15.0,2.0,,,27.496,40.189,32.755,0 days 00:47:18.353000,0 days 00:47:58.542000,0 days 00:48:31.297000,216.0,180.0,201.0,303.0,False,HARD,15.0,False,RB,0 days 00:46:50.857000,2024-10-18 18:03:04.628,1,,False,,False,True,100.44,100.44
295,0 days 00:50:11.492000,LAW,30,0 days 00:01:40.195000,16.0,2.0,,,27.199,39.781,33.215,0 days 00:48:58.496000,0 days 00:49:38.277000,0 days 00:50:11.492000,218.0,181.0,200.0,303.0,False,HARD,16.0,False,RB,0 days 00:48:31.297000,2024-10-18 18:04:45.068,1,,False,,False,True,100.195,100.19500000000001
296,0 days 00:51:51.123000,LAW,30,0 days 00:01:39.631000,17.0,2.0,,,27.195,39.618,32.818,0 days 00:50:38.687000,0 days 00:51:18.305000,0 days 00:51:51.123000,218.0,182.0,203.0,303.0,False,HARD,17.0,False,RB,0 days 00:50:11.492000,2024-10-18 18:06:25.263,1,,False,,False,True,99.631,99.631
297,0 days 00:53:30.582000,LAW,30,0 days 00:01:39.459000,18.0,2.0,,,27.04,39.745,32.674,0 days 00:52:18.163000,0 days 00:52:57.908000,0 days 00:53:30.582000,219.0,183.0,206.0,303.0,False,HARD,18.0,False,RB,0 days 00:51:51.123000,2024-10-18 18:08:04.894,1,,False,,False,True,99.459,99.459
298,0 days 00:55:09.751000,LAW,30,0 days 00:01:39.169000,19.0,2.0,,,26.883,39.608,32.678,0 days 00:53:57.465000,0 days 00:54:37.073000,0 days 00:55:09.751000,220.0,183.0,203.0,303.0,False,HARD,19.0,False,RB,0 days 00:53:30.582000,2024-10-18 18:09:44.353,1,,False,,False,True,99.169,99.169
299,0 days 00:56:51.931000,LAW,30,0 days 00:01:42.180000,20.0,2.0,,0 days 00:56:50.876000,27.145,39.778,35.257,0 days 00:55:36.896000,0 days 00:56:16.674000,0 days 00:56:51.931000,220.0,182.0,,301.0,False,HARD,20.0,False,RB,0 days 00:55:09.751000,2024-10-18 18:11:23.522,1,,False,,False,False,102.18,102.18
300,0 days 01:04:38.989000,LAW,30,,21.0,3.0,0 days 01:02:32.693000,,,53.901,39.256,,0 days 01:03:59.936000,0 days 01:04:39.046000,150.0,134.0,213.0,252.0,False,SOFT,1.0,True,RB,0 days 00:56:51.931000,2024-10-18 18:13:05.702,1,,False,,False,False,,
301,0 days 01:06:13.432000,LAW,30,0 days 00:01:34.443000,22.0,3.0,,,25.739,37.557,31.147,0 days 01:05:04.728000,0 days 01:05:42.285000,0 days 01:06:13.432000,229.0,190.0,211.0,327.0,True,SOFT,2.0,True,RB,0 days 01:04:38.989000,2024-10-18 18:20:52.760,1,,False,,False,True,94.443,94.44300000000001
302,0 days 01:08:46.793000,LAW,30,,23.0,3.0,,0 days 01:08:45.773000,41.787,59.644,51.952,0 days 01:06:55.376000,0 days 01:07:55.053000,0 days 01:08:46.793000,90.0,111.0,,179.0,False,SOFT,3.0,True,RB,0 days 01:06:13.432000,2024-10-18 18:22:27.203,167,,False,,False,False,,153.38299999999998
303,0 days 01:11:15.926000,LAW,30,0 days 00:02:29.133000,24.0,4.0,0 days 01:09:04.458000,,52.64,57.505,38.988,0 days 01:09:39.433000,0 days 01:10:36.938000,0 days 01:11:15.926000,147.0,144.0,214.0,218.0,False,SOFT,4.0,False,RB,0 days 01:08:46.793000,2024-10-18 18:25:00.564,1,,False,,False,False,149.133,149.133
304,0 days 01:12:50.559000,LAW,30,0 days 00:01:34.633000,25.0,4.0,,,25.577,37.814,31.242,0 days 01:11:41.503000,0 days 01:12:19.317000,0 days 01:12:50.559000,238.0,187.0,209.0,330.0,False,SOFT,5.0,False,RB,0 days 01:11:15.926000,2024-10-18 18:27:29.697,1,,False,,False,True,94.633,94.63300000000001
305,0 days 01:15:01.188000,LAW,30,0 days 00:02:10.629000,26.0,4.0,,,35.538,55.22,39.871,0 days 01:13:26.097000,0 days 01:14:21.317000,0 days 01:15:01.188000,169.0,145.0,186.0,200.0,False,SOFT,6.0,False,RB,0 days 01:12:50.559000,2024-10-18 18:29:04.330,1,,False,,False,True,130.629,130.629
306,0 days 01:17:24.498000,LAW,30,0 days 00:02:23.310000,27.0,4.0,,,38.408,50.377,54.525,0 days 01:15:39.596000,0 days 01:16:29.973000,0 days 01:17:24.498000,175.0,114.0,57.0,274.0,False,SOFT,7.0,False,RB,0 days 01:15:01.188000,2024-10-18 18:31:14.959,12,,False,,False,True,143.31,143.31
307,0 days 01:19:58.648000,LAW,30,,28.0,4.0,,0 days 01:19:54.570000,67.495,43.681,42.839,0 days 01:18:32.202000,0 days 01:19:15.809000,0 days 01:19:58.878000,212.0,180.0,,265.0,False,SOFT,8.0,False,RB,0 days 01:17:24.498000,2024-10-18 18:33:38.269,12,,False,,False,False,,154.015
308,0 days 00:16:08.932000,OCO,31,,1.0,1.0,0 days 00:13:56.852000,,,48.165,48.56,,0 days 00:15:20.614000,0 days 00:16:09.085000,157.0,149.0,201.0,271.0,False,HARD,1.0,True,Alpine,0 days 00:13:56.852000,2024-10-18 17:30:10.623,1,,False,,False,False,,
309,0 days 00:17:47.613000,OCO,31,0 days 00:01:38.681000,2.0,1.0,,,26.931,39.312,32.438,0 days 00:16:35.863000,0 days 00:17:15.175000,0 days 00:17:47.613000,225.0,181.0,204.0,321.0,True,HARD,2.0,True,Alpine,0 days 00:16:08.932000,2024-10-18 17:32:22.703,1,,False,,False,True,98.681,98.681
310,0 days 00:20:09.354000,OCO,31,0 days 00:02:21.741000,3.0,1.0,,,40.928,55.934,44.879,0 days 00:18:28.541000,0 days 00:19:24.475000,0 days 00:20:09.354000,137.0,137.0,204.0,209.0,False,HARD,3.0,True,Alpine,0 days 00:17:47.613000,2024-10-18 17:34:01.384,1,,False,,False,True,141.741,141.74099999999999
311,0 days 00:21:46.732000,OCO,31,0 days 00:01:37.378000,4.0,1.0,,,26.592,38.843,31.943,0 days 00:20:35.946000,0 days 00:21:14.789000,0 days 00:21:46.732000,234.0,184.0,206.0,323.0,True,HARD,4.0,True,Alpine,0 days 00:20:09.354000,2024-10-18 17:36:23.125,1,,False,,False,True,97.378,97.378
312,0 days 00:24:14.279000,OCO,31,0 days 00:02:27.547000,5.0,1.0,,,45.69,61.091,40.766,0 days 00:22:32.422000,0 days 00:23:33.513000,0 days 00:24:14.279000,84.0,124.0,208.0,182.0,False,HARD,5.0,True,Alpine,0 days 00:21:46.732000,2024-10-18 17:38:00.503,1,,False,,False,True,147.547,147.547
313,0 days 00:25:50.749000,OCO,31,0 days 00:01:36.470000,6.0,1.0,,,26.058,38.642,31.77,0 days 00:24:40.337000,0 days 00:25:18.979000,0 days 00:25:50.749000,231.0,184.0,208.0,325.0,True,HARD,6.0,True,Alpine,0 days 00:24:14.279000,2024-10-18 17:40:28.050,12,,False,,False,True,96.47,96.47
314,0 days 00:28:14.975000,OCO,31,0 days 00:02:24.226000,7.0,1.0,,,40.236,59.066,44.924,0 days 00:26:30.985000,0 days 00:27:30.051000,0 days 00:28:14.975000,147.0,127.0,209.0,187.0,False,HARD,7.0,True,Alpine,0 days 00:25:50.749000,2024-10-18 17:42:04.520,1,,False,,False,True,144.226,144.226
315,0 days 00:29:51.686000,OCO,31,0 days 00:01:36.711000,8.0,1.0,,,26.089,38.744,31.878,0 days 00:28:41.064000,0 days 00:29:19.808000,0 days 00:29:51.686000,233.0,184.0,207.0,323.0,False,HARD,8.0,True,Alpine,0 days 00:28:14.975000,2024-10-18 17:44:28.746,1,,False,,False,True,96.711,96.711
316,0 days 00:31:53.307000,OCO,31,0 days 00:02:01.621000,9.0,1.0,,0 days 00:31:52.286000,32.899,49.544,39.178,0 days 00:30:24.585000,0 days 00:31:14.129000,0 days 00:31:53.307000,154.0,155.0,,293.0,False,HARD,9.0,True,Alpine,0 days 00:29:51.686000,2024-10-18 17:46:05.457,12,,False,,False,False,121.621,121.621
317,0 days 00:43:08.422000,OCO,31,,10.0,2.0,0 days 00:40:59.993000,,,48.689,46.421,,0 days 00:42:22.101000,0 days 00:43:08.503000,138.0,150.0,204.0,214.0,False,HARD,10.0,False,Alpine,0 days 00:31:53.307000,2024-10-18 17:48:07.078,1,,False,,False,False,,
318,0 days 00:44:44.932000,OCO,31,0 days 00:01:36.510000,11.0,2.0,,,26.361,38.526,31.623,0 days 00:43:34.783000,0 days 00:44:13.309000,0 days 00:44:44.932000,232.0,185.0,209.0,323.0,False,HARD,11.0,False,Alpine,0 days 00:43:08.422000,2024-10-18 17:59:22.193,1,,False,,False,True,96.51,96.51
319,0 days 00:46:24.591000,OCO,31,0 days 00:01:39.659000,12.0,2.0,,,26.198,40.807,32.654,0 days 00:45:11.130000,0 days 00:45:51.937000,0 days 00:46:24.591000,227.0,181.0,204.0,295.0,False,HARD,12.0,False,Alpine,0 days 00:44:44.932000,2024-10-18 18:00:58.703,1,,False,,False,True,99.659,99.65899999999999
320,0 days 00:48:02.999000,OCO,31,0 days 00:01:38.408000,13.0,2.0,,,26.779,39.371,32.258,0 days 00:46:51.370000,0 days 00:47:30.741000,0 days 00:48:02.999000,223.0,183.0,205.0,301.0,False,HARD,13.0,False,Alpine,0 days 00:46:24.591000,2024-10-18 18:02:38.362,1,,False,,False,True,98.408,98.40800000000002
321,0 days 00:49:41.227000,OCO,31,0 days 00:01:38.228000,14.0,2.0,,,26.633,39.269,32.326,0 days 00:48:29.632000,0 days 00:49:08.901000,0 days 00:49:41.227000,225.0,182.0,205.0,304.0,False,HARD,14.0,False,Alpine,0 days 00:48:02.999000,2024-10-18 18:04:16.770,1,,False,,False,True,98.228,98.22800000000001
322,0 days 00:51:20.177000,OCO,31,0 days 00:01:38.950000,15.0,2.0,,,26.732,39.485,32.733,0 days 00:50:07.959000,0 days 00:50:47.444000,0 days 00:51:20.177000,214.0,182.0,204.0,303.0,False,HARD,15.0,False,Alpine,0 days 00:49:41.227000,2024-10-18 18:05:54.998,1,,False,,False,True,98.95,98.94999999999999
323,0 days 00:53:25.349000,OCO,31,0 days 00:02:05.172000,16.0,2.0,,0 days 00:53:24.324000,32.774,53.751,38.647,0 days 00:51:52.951000,0 days 00:52:46.702000,0 days 00:53:25.349000,167.0,147.0,,208.0,False,HARD,16.0,False,Alpine,0 days 00:51:20.177000,2024-10-18 18:07:33.948,1,,False,,False,False,125.172,125.172
324,0 days 01:05:08.370000,OCO,31,,17.0,3.0,0 days 01:03:02.864000,,,49.736,38.515,,0 days 01:04:30.021000,0 days 01:05:08.436000,138.0,141.0,211.0,285.0,False,SOFT,1.0,True,Alpine,0 days 00:53:25.349000,2024-10-18 18:09:39.120,1,,False,,False,False,,
325,0 days 01:06:43.183000,OCO,31,0 days 00:01:34.813000,18.0,3.0,,,25.745,38.077,30.991,0 days 01:05:34.115000,0 days 01:06:12.192000,0 days 01:06:43.183000,238.0,190.0,212.0,326.0,True,SOFT,2.0,True,Alpine,0 days 01:05:08.370000,2024-10-18 18:21:22.141,1,,False,,False,True,94.813,94.813
326,0 days 01:09:32.456000,OCO,31,,19.0,3.0,,,43.825,72.399,53.102,0 days 01:07:27.158000,0 days 01:08:39.681000,0 days 01:09:32.510000,129.0,100.0,154.0,196.0,False,SOFT,3.0,True,Alpine,0 days 01:06:43.183000,2024-10-18 18:22:56.954,167,,False,,False,False,,169.326
327,0 days 01:11:50.419000,OCO,31,0 days 00:02:17.963000,20.0,3.0,,,41.127,56.014,40.822,0 days 01:10:13.583000,0 days 01:11:09.597000,0 days 01:11:50.419000,141.0,73.0,213.0,182.0,False,SOFT,4.0,True,Alpine,0 days 01:09:32.456000,2024-10-18 18:25:46.227,1,,False,,False,True,137.963,137.96300000000002
328,0 days 01:13:25.225000,OCO,31,0 days 00:01:34.806000,21.0,3.0,,,25.812,37.873,31.121,0 days 01:12:16.231000,0 days 01:12:54.104000,0 days 01:13:25.225000,235.0,190.0,210.0,328.0,True,SOFT,5.0,True,Alpine,0 days 01:11:50.419000,2024-10-18 18:28:04.190,1,,False,,False,True,94.806,94.806
329,0 days 01:15:33.514000,OCO,31,0 days 00:02:08.289000,22.0,3.0,,,38.37,51.916,38.003,0 days 01:14:03.595000,0 days 01:14:55.511000,0 days 01:15:33.514000,135.0,162.0,171.0,252.0,False,SOFT,6.0,True,Alpine,0 days 01:13:25.225000,2024-10-18 18:29:38.996,1,,False,,False,True,128.289,128.289
330,0 days 01:17:35.482000,OCO,31,0 days 00:02:01.968000,23.0,3.0,,,33.918,46.045,42.005,0 days 01:16:07.432000,0 days 01:16:53.477000,0 days 01:17:35.482000,184.0,158.0,67.0,226.0,False,SOFT,7.0,True,Alpine,0 days 01:15:33.514000,2024-10-18 18:31:47.285,12,,False,,False,True,121.968,121.96799999999999
331,0 days 01:19:47.022000,OCO,31,0 days 00:02:11.540000,24.0,3.0,,0 days 01:19:46.001000,57.884,39.967,33.689,0 days 01:18:33.366000,0 days 01:19:13.333000,0 days 01:19:47.022000,219.0,178.0,,305.0,False,SOFT,8.0,True,Alpine,0 days 01:17:35.482000,2024-10-18 18:33:49.253,12,,False,,False,False,131.54,131.54
332,0 days 00:17:08.447000,COL,43,,1.0,1.0,0 days 00:14:48.409000,,,45.494,60.08,,0 days 00:16:08.738000,0 days 00:17:08.521000,173.0,135.0,187.0,306.0,False,HARD,1.0,True,Williams,0 days 00:14:48.409000,2024-10-18 17:31:02.180,1,,False,,False,False,,
333,0 days 00:18:49.977000,COL,43,0 days 00:01:41.530000,2.0,1.0,,,28.167,39.906,33.457,0 days 00:17:36.614000,0 days 00:18:16.520000,0 days 00:18:49.977000,215.0,182.0,203.0,317.0,True,HARD,2.0,True,Williams,0 days 00:17:08.447000,2024-10-18 17:33:22.218,1,,False,,False,True,101.53,101.53
334,0 days 00:21:01.760000,COL,43,0 days 00:02:11.783000,3.0,1.0,,,39.825,51.955,40.003,0 days 00:19:29.802000,0 days 00:20:21.757000,0 days 00:21:01.760000,164.0,135.0,208.0,296.0,False,HARD,3.0,True,Williams,0 days 00:18:49.977000,2024-10-18 17:35:03.748,1,,False,,False,True,131.783,131.78300000000002
335,0 days 00:22:39.940000,COL,43,0 days 00:01:38.180000,4.0,1.0,,,26.572,39.215,32.393,0 days 00:21:28.332000,0 days 00:22:07.547000,0 days 00:22:39.940000,220.0,183.0,204.0,318.0,True,HARD,4.0,True,Williams,0 days 00:21:01.760000,2024-10-18 17:37:15.531,1,,False,,False,True,98.18,98.18
336,0 days 00:24:58.226000,COL,43,0 days 00:02:18.286000,5.0,1.0,,,35.88,52.174,50.232,0 days 00:23:15.820000,0 days 00:24:07.994000,0 days 00:24:58.226000,133.0,144.0,206.0,290.0,False,HARD,5.0,True,Williams,0 days 00:22:39.940000,2024-10-18 17:38:53.711,12,,False,,False,True,138.286,138.286
337,0 days 00:26:36.465000,COL,43,0 days 00:01:38.239000,6.0,1.0,,,26.399,38.933,32.907,0 days 00:25:24.625000,0 days 00:26:03.558000,0 days 00:26:36.465000,219.0,184.0,205.0,320.0,False,HARD,6.0,True,Williams,0 days 00:24:58.226000,2024-10-18 17:41:11.997,1,,False,,False,True,98.239,98.23899999999999
338,0 days 00:29:03.048000,COL,43,0 days 00:02:26.583000,7.0,1.0,,,41.199,53.843,51.541,0 days 00:27:17.664000,0 days 00:28:11.507000,0 days 00:29:03.048000,136.0,125.0,208.0,280.0,False,HARD,7.0,True,Williams,0 days 00:26:36.465000,2024-10-18 17:42:50.236,1,,False,,False,True,146.583,146.583
339,0 days 00:30:40.778000,COL,43,0 days 00:01:37.730000,8.0,1.0,,,26.4,38.836,32.494,0 days 00:29:29.448000,0 days 00:30:08.284000,0 days 00:30:40.778000,228.0,183.0,208.0,318.0,True,HARD,8.0,True,Williams,0 days 00:29:03.048000,2024-10-18 17:45:16.819,1,,False,,False,True,97.73,97.72999999999999
340,0 days 00:32:42.840000,COL,43,0 days 00:02:02.062000,9.0,1.0,,0 days 00:32:41.906000,35.611,48.433,38.018,0 days 00:31:16.389000,0 days 00:32:04.822000,0 days 00:32:42.840000,165.0,140.0,,240.0,False,HARD,9.0,True,Williams,0 days 00:30:40.778000,2024-10-18 17:46:54.549,12,,False,,False,False,122.062,122.062
341,0 days 00:38:25.620000,COL,43,,10.0,2.0,0 days 00:36:44.615000,,,40.477,32.953,,0 days 00:37:52.798000,0 days 00:38:25.716000,199.0,181.0,204.0,298.0,False,HARD,10.0,False,Williams,0 days 00:32:42.840000,2024-10-18 17:48:56.611,1,,False,,False,False,,
342,0 days 00:40:04.196000,COL,43,0 days 00:01:38.576000,11.0,2.0,,,26.737,39.265,32.574,0 days 00:38:52.357000,0 days 00:39:31.622000,0 days 00:40:04.196000,225.0,183.0,203.0,299.0,False,HARD,11.0,False,Williams,0 days 00:38:25.620000,2024-10-18 17:54:39.391,1,,False,,False,True,98.576,98.576
343,0 days 00:41:43.198000,COL,43,0 days 00:01:39.002000,12.0,2.0,,,26.578,39.506,32.918,0 days 00:40:30.774000,0 days 00:41:10.280000,0 days 00:41:43.198000,226.0,178.0,202.0,301.0,False,HARD,12.0,False,Williams,0 days 00:40:04.196000,2024-10-18 17:56:17.967,1,,False,,False,True,99.002,99.00200000000001
344,0 days 00:43:21.837000,COL,43,0 days 00:01:38.639000,13.0,2.0,,,26.843,39.291,32.505,0 days 00:42:10.041000,0 days 00:42:49.332000,0 days 00:43:21.837000,221.0,185.0,203.0,296.0,False,HARD,13.0,False,Williams,0 days 00:41:43.198000,2024-10-18 17:57:56.969,1,,False,,False,True,98.639,98.63900000000001
345,0 days 00:45:00.130000,COL,43,0 days 00:01:38.293000,14.0,2.0,,,26.663,39.355,32.275,0 days 00:43:48.500000,0 days 00:44:27.855000,0 days 00:45:00.130000,228.0,185.0,202.0,296.0,False,HARD,14.0,False,Williams,0 days 00:43:21.837000,2024-10-18 17:59:35.608,1,,False,,False,True,98.293,98.293
346,0 days 00:46:38.505000,COL,43,0 days 00:01:38.375000,15.0,2.0,,,26.498,39.551,32.326,0 days 00:45:26.628000,0 days 00:46:06.179000,0 days 00:46:38.505000,225.0,185.0,201.0,299.0,False,HARD,15.0,False,Williams,0 days 00:45:00.130000,2024-10-18 18:01:13.901,1,,False,,False,True,98.375,98.375
347,0 days 00:48:17.206000,COL,43,0 days 00:01:38.701000,16.0,2.0,,,26.65,39.507,32.544,0 days 00:47:05.155000,0 days 00:47:44.662000,0 days 00:48:17.206000,229.0,184.0,203.0,299.0,False,HARD,16.0,False,Williams,0 days 00:46:38.505000,2024-10-18 18:02:52.276,1,,False,,False,True,98.701,98.701
348,0 days 00:49:55.575000,COL,43,0 days 00:01:38.369000,17.0,2.0,,,26.497,39.454,32.418,0 days 00:48:43.703000,0 days 00:49:23.157000,0 days 00:49:55.575000,226.0,182.0,202.0,298.0,False,HARD,17.0,False,Williams,0 days 00:48:17.206000,2024-10-18 18:04:30.977,1,,False,,False,True,98.369,98.369
349,0 days 00:51:35.550000,COL,43,0 days 00:01:39.975000,18.0,2.0,,0 days 00:51:34.422000,26.577,39.602,33.796,0 days 00:50:22.152000,0 days 00:51:01.754000,0 days 00:51:35.550000,225.0,184.0,,302.0,False,HARD,18.0,False,Williams,0 days 00:49:55.575000,2024-10-18 18:06:09.346,1,,False,,False,False,99.975,99.975
350,0 days 01:02:09.450000,COL,43,,19.0,3.0,0 days 00:59:55.032000,,,46.807,50.58,,0 days 01:01:19.075000,0 days 01:02:09.510000,158.0,140.0,212.0,313.0,False,SOFT,1.0,True,Williams,0 days 00:51:35.550000,2024-10-18 18:07:49.321,1,,False,,False,False,,
351,0 days 01:03:44.698000,COL,43,0 days 00:01:35.248000,20.0,3.0,,,25.836,38.056,31.356,0 days 01:02:35.286000,0 days 01:03:13.342000,0 days 01:03:44.698000,230.0,185.0,207.0,322.0,True,SOFT,2.0,True,Williams,0 days 01:02:09.450000,2024-10-18 18:18:23.221,1,,False,,False,True,95.248,95.24799999999999
352,0 days 01:06:04.490000,COL,43,0 days 00:02:19.792000,21.0,3.0,,,36.792,55.675,47.325,0 days 01:04:21.490000,0 days 01:05:17.165000,0 days 01:06:04.490000,130.0,111.0,140.0,256.0,False,SOFT,3.0,True,Williams,0 days 01:03:44.698000,2024-10-18 18:19:58.469,1,,False,,False,True,139.792,139.792
353,0 days 01:08:34.011000,COL,43,0 days 00:02:29.521000,22.0,3.0,,,40.039,54.661,54.821,0 days 01:06:44.529000,0 days 01:07:39.190000,0 days 01:08:34.011000,125.0,163.0,210.0,277.0,False,SOFT,4.0,True,Williams,0 days 01:06:04.490000,2024-10-18 18:22:18.261,167,,False,,False,False,149.521,149.52100000000002
354,0 days 01:10:13.116000,COL,43,0 days 00:01:39.105000,23.0,3.0,,0 days 01:10:11.679000,25.763,37.803,35.539,0 days 01:08:59.774000,0 days 01:09:37.577000,0 days 01:10:13.116000,231.0,188.0,,322.0,False,SOFT,5.0,True,Williams,0 days 01:08:34.011000,2024-10-18 18:24:47.782,1,,False,,False,False,99.105,99.105
355,0 days 01:12:49.820000,COL,43,,24.0,4.0,0 days 01:10:56.857000,0 days 01:12:48.838000,76.199,46.255,34.252,0 days 01:11:29.500000,0 days 01:12:15.730000,0 days 01:12:49.820000,164.0,185.0,,317.0,False,HARD,19.0,False,Williams,0 days 01:10:13.116000,2024-10-18 18:26:26.887,1,,False,,False,False,,156.70600000000002
356,0 days 01:15:31.770000,COL,43,,25.0,5.0,0 days 01:13:34.092000,,76.34,48.342,37.232,0 days 01:14:06.392000,0 days 01:14:54.664000,0 days 01:15:31.848000,154.0,156.0,187.0,300.0,False,HARD,20.0,False,Williams,0 days 01:12:49.820000,2024-10-18 18:29:03.591,1,,False,,False,False,,161.914
357,0 days 01:17:33.143000,COL,43,0 days 00:02:01.373000,26.0,5.0,,,32.023,48.104,41.246,0 days 01:16:03.793000,0 days 01:16:51.897000,0 days 01:17:33.143000,195.0,177.0,56.0,195.0,False,HARD,21.0,False,Williams,0 days 01:15:31.770000,2024-10-18 18:31:45.541,12,,False,,False,True,121.373,121.37300000000002
358,0 days 01:20:13.434000,COL,43,,27.0,5.0,,0 days 01:20:12.344000,70.347,53.448,36.471,0 days 01:18:43.552000,0 days 01:19:37.125000,0 days 01:20:13.434000,166.0,153.0,,240.0,False,HARD,22.0,False,Williams,0 days 01:17:33.143000,2024-10-18 18:33:46.914,12,,False,,False,False,,160.266
359,0 days 00:16:52.172000,HAM,44,,1.0,1.0,0 days 00:14:41.170000,,,49.47,53.412,,0 days 00:15:59.138000,0 days 00:16:52.326000,153.0,155.0,209.0,239.0,False,HARD,1.0,True,Mercedes,0 days 00:14:41.170000,2024-10-18 17:30:54.941,1,,False,,False,False,,
360,0 days 00:18:30.222000,HAM,44,0 days 00:01:38.050000,2.0,1.0,,,26.495,39.493,32.062,0 days 00:17:18.667000,0 days 00:17:58.160000,0 days 00:18:30.222000,222.0,187.0,209.0,323.0,True,HARD,2.0,True,Mercedes,0 days 00:16:52.172000,2024-10-18 17:33:05.943,1,,False,,False,True,98.05,98.05
361,0 days 00:21:40.009000,HAM,44,,3.0,1.0,,,55.725,80.703,53.277,0 days 00:19:26.196000,0 days 00:20:46.776000,0 days 00:21:40.038000,92.0,95.0,207.0,154.0,False,HARD,3.0,True,Mercedes,0 days 00:18:30.222000,2024-10-18 17:34:43.993,1,,False,,False,False,,189.70499999999998
362,0 days 00:23:45.419000,HAM,44,0 days 00:02:05.410000,4.0,1.0,,,36.466,49.286,39.658,0 days 00:22:16.475000,0 days 00:23:05.761000,0 days 00:23:45.419000,149.0,142.0,211.0,239.0,False,HARD,4.0,True,Mercedes,0 days 00:21:40.009000,2024-10-18 17:37:53.780,1,,False,,False,True,125.41,125.41000000000001
363,0 days 00:25:49.028000,HAM,44,0 days 00:02:03.609000,5.0,1.0,,,31.289,45.662,46.658,0 days 00:24:16.708000,0 days 00:25:02.370000,0 days 00:25:49.028000,167.0,159.0,211.0,265.0,False,HARD,5.0,True,Mercedes,0 days 00:23:45.419000,2024-10-18 17:39:59.190,12,,False,,False,True,123.609,123.609
364,0 days 00:28:07.439000,HAM,44,0 days 00:02:18.411000,6.0,1.0,,0 days 00:28:06.378000,34.65,67.411,36.35,0 days 00:26:23.678000,0 days 00:27:31.089000,0 days 00:28:07.439000,130.0,168.0,,187.0,False,HARD,6.0,True,Mercedes,0 days 00:25:49.028000,2024-10-18 17:42:02.799,1,,False,,False,False,138.411,138.411
365,0 days 00:34:42.163000,HAM,44,,7.0,2.0,0 days 00:32:53.529000,,,46.846,34.471,,0 days 00:34:07.825000,0 days 00:34:42.302000,185.0,171.0,210.0,239.0,False,HARD,7.0,False,Mercedes,0 days 00:28:07.439000,2024-10-18 17:44:21.210,12,,False,,False,False,,
366,0 days 00:36:19.274000,HAM,44,0 days 00:01:37.111000,8.0,2.0,,,25.941,38.812,32.358,0 days 00:35:08.104000,0 days 00:35:46.916000,0 days 00:36:19.274000,229.0,186.0,208.0,324.0,True,HARD,8.0,False,Mercedes,0 days 00:34:42.163000,2024-10-18 17:50:55.934,1,,False,,False,True,97.111,97.11099999999999
367,0 days 00:38:04.121000,HAM,44,0 days 00:01:44.847000,9.0,2.0,,0 days 00:38:03.089000,29.581,41.14,34.126,0 days 00:36:48.855000,0 days 00:37:29.995000,0 days 00:38:04.121000,210.0,180.0,,305.0,False,HARD,9.0,False,Mercedes,0 days 00:36:19.274000,2024-10-18 17:52:33.045,1,,False,,False,False,104.847,104.84700000000001
368,0 days 00:49:14.561000,HAM,44,,10.0,3.0,0 days 00:47:31.044000,,,40.749,34.36,,0 days 00:48:40.373000,0 days 00:49:14.684000,199.0,165.0,207.0,320.0,False,HARD,10.0,False,Mercedes,0 days 00:38:04.121000,2024-10-18 17:54:17.892,1,,False,,False,False,,
369,0 days 00:50:53.701000,HAM,44,0 days 00:01:39.140000,11.0,3.0,,,26.889,39.669,32.582,0 days 00:49:41.450000,0 days 00:50:21.119000,0 days 00:50:53.701000,222.0,186.0,204.0,302.0,False,HARD,11.0,False,Mercedes,0 days 00:49:14.561000,2024-10-18 18:05:28.332,1,,False,,False,True,99.14,99.13999999999999
370,0 days 00:52:33.344000,HAM,44,0 days 00:01:39.643000,12.0,3.0,,,26.7,40.0,32.943,0 days 00:51:20.401000,0 days 00:52:00.401000,0 days 00:52:33.344000,211.0,182.0,205.0,320.0,False,HARD,12.0,False,Mercedes,0 days 00:50:53.701000,2024-10-18 18:07:07.472,1,,False,,False,True,99.643,99.643
371,0 days 00:54:12.362000,HAM,44,0 days 00:01:39.018000,13.0,3.0,,,26.58,39.796,32.642,0 days 00:52:59.924000,0 days 00:53:39.720000,0 days 00:54:12.362000,219.0,185.0,199.0,306.0,False,HARD,13.0,False,Mercedes,0 days 00:52:33.344000,2024-10-18 18:08:47.115,1,,False,,False,True,99.018,99.018
372,0 days 00:55:55.753000,HAM,44,0 days 00:01:43.391000,14.0,3.0,,0 days 00:55:54.705000,27.919,40.258,35.214,0 days 00:54:40.281000,0 days 00:55:20.539000,0 days 00:55:55.753000,213.0,186.0,,309.0,False,HARD,14.0,False,Mercedes,0 days 00:54:12.362000,2024-10-18 18:10:26.133,1,,False,,False,False,103.391,103.391
373,0 days 01:04:02.250000,HAM,44,,15.0,4.0,0 days 01:02:05.010000,,,46.421,38.301,,0 days 01:03:24.100000,0 days 01:04:02.250000,156.0,167.0,214.0,309.0,False,SOFT,1.0,True,Mercedes,0 days 00:55:55.753000,2024-10-18 18:12:09.524,1,,False,,False,False,,
374,0 days 01:05:36.564000,HAM,44,0 days 00:01:34.314000,16.0,4.0,,,25.524,37.687,31.103,0 days 01:04:27.774000,0 days 01:05:05.461000,0 days 01:05:36.564000,236.0,190.0,211.0,326.0,True,SOFT,2.0,True,Mercedes,0 days 01:04:02.250000,2024-10-18 18:20:16.021,1,,False,,False,True,94.314,94.314
375,0 days 01:08:41.144000,HAM,44,,17.0,4.0,,,52.836,73.747,58.116,0 days 01:06:29.529000,0 days 01:07:43.300000,0 days 01:08:41.328000,99.0,102.0,164.0,158.0,False,SOFT,3.0,True,Mercedes,0 days 01:05:36.564000,2024-10-18 18:21:50.335,167,,False,,False,False,,184.699
376,0 days 01:11:02.128000,HAM,44,0 days 00:02:20.984000,18.0,4.0,,,39.411,62.835,38.738,0 days 01:09:20.555000,0 days 01:10:23.390000,0 days 01:11:02.128000,124.0,135.0,213.0,202.0,False,SOFT,4.0,True,Mercedes,0 days 01:08:41.144000,2024-10-18 18:24:54.915,1,,False,,False,True,140.984,140.984
377,0 days 01:12:36.091000,HAM,44,0 days 00:01:33.963000,19.0,4.0,,,25.455,37.576,30.932,0 days 01:11:27.583000,0 days 01:12:05.159000,0 days 01:12:36.091000,234.0,191.0,210.0,328.0,True,SOFT,5.0,True,Mercedes,0 days 01:11:02.128000,2024-10-18 18:27:15.899,1,,False,,False,True,93.963,93.963
378,0 days 01:14:21.990000,HAM,44,0 days 00:01:45.899000,20.0,4.0,,,30.137,40.522,35.24,0 days 01:13:06.228000,0 days 01:13:46.750000,0 days 01:14:21.990000,216.0,183.0,165.0,303.0,False,SOFT,6.0,True,Mercedes,0 days 01:12:36.091000,2024-10-18 18:28:49.862,1,,False,,False,True,105.899,105.899
379,0 days 01:16:52.732000,HAM,44,,21.0,4.0,,,38.648,58.423,53.566,0 days 01:15:00.931000,0 days 01:15:59.242000,0 days 01:16:52.732000,128.0,108.0,60.0,165.0,False,SOFT,7.0,True,Mercedes,0 days 01:14:21.990000,2024-10-18 18:30:35.761,12,,False,,False,False,,150.637
380,0 days 01:19:34.357000,HAM,44,,22.0,4.0,,0 days 01:19:29.037000,74.531,42.334,44.728,0 days 01:18:07.295000,0 days 01:18:49.821000,0 days 01:19:34.739000,205.0,161.0,,260.0,False,SOFT,8.0,True,Mercedes,0 days 01:16:52.732000,2024-10-18 18:33:06.503,12,,False,,False,False,,161.59300000000002
381,0 days 00:16:31.415000,SAI,55,,1.0,1.0,0 days 00:14:17.991000,,,44.409,52.763,,0 days 00:15:38.827000,0 days 00:16:31.518000,182.0,165.0,203.0,300.0,False,HARD,1.0,True,Ferrari,0 days 00:14:17.991000,2024-10-18 17:30:31.762,1,,False,,False,False,,
382,0 days 00:18:09.798000,SAI,55,0 days 00:01:38.383000,2.0,1.0,,,26.899,39.084,32.4,0 days 00:16:58.314000,0 days 00:17:37.398000,0 days 00:18:09.798000,223.0,183.0,204.0,318.0,True,HARD,2.0,True,Ferrari,0 days 00:16:31.415000,2024-10-18 17:32:45.186,1,,False,,False,True,98.383,98.38300000000001
383,0 days 00:20:23.484000,SAI,55,0 days 00:02:13.686000,3.0,1.0,,,26.419,62.644,44.623,0 days 00:18:36.217000,0 days 00:19:38.861000,0 days 00:20:23.484000,182.0,117.0,208.0,147.0,False,HARD,3.0,True,Ferrari,0 days 00:18:09.798000,2024-10-18 17:34:23.569,1,,False,,False,True,133.686,133.686
384,0 days 00:21:59.624000,SAI,55,0 days 00:01:36.140000,4.0,1.0,,,26.065,38.441,31.634,0 days 00:20:49.549000,0 days 00:21:27.990000,0 days 00:21:59.624000,232.0,185.0,205.0,323.0,True,HARD,4.0,True,Ferrari,0 days 00:20:23.484000,2024-10-18 17:36:37.255,1,,False,,False,True,96.14,96.14
385,0 days 00:24:21.416000,SAI,55,0 days 00:02:21.792000,5.0,1.0,,,42.168,53.477,46.147,0 days 00:22:41.792000,0 days 00:23:35.269000,0 days 00:24:21.416000,161.0,130.0,208.0,208.0,False,HARD,5.0,True,Ferrari,0 days 00:21:59.624000,2024-10-18 17:38:13.395,1,,False,,False,True,141.792,141.792
386,0 days 00:25:57.225000,SAI,55,0 days 00:01:35.809000,6.0,1.0,,,25.936,38.159,31.714,0 days 00:24:47.352000,0 days 00:25:25.511000,0 days 00:25:57.225000,228.0,186.0,206.0,325.0,True,HARD,6.0,True,Ferrari,0 days 00:24:21.416000,2024-10-18 17:40:35.187,12,,False,,False,True,95.809,95.809
387,0 days 00:28:36.469000,SAI,55,,7.0,1.0,,,43.268,68.257,47.646,0 days 00:26:40.728000,0 days 00:27:49.021000,0 days 00:28:36.533000,136.0,62.0,211.0,124.0,False,HARD,7.0,True,Ferrari,0 days 00:25:57.225000,2024-10-18 17:42:10.996,1,,False,,False,False,,159.171
388,0 days 00:30:11.700000,SAI,55,0 days 00:01:35.231000,8.0,1.0,,,25.693,38.001,31.537,0 days 00:29:02.162000,0 days 00:29:40.163000,0 days 00:30:11.700000,232.0,188.0,208.0,327.0,True,HARD,8.0,True,Ferrari,0 days 00:28:36.469000,2024-10-18 17:44:50.240,1,,False,,False,True,95.231,95.231
389,0 days 00:32:22.410000,SAI,55,0 days 00:02:10.710000,9.0,1.0,,0 days 00:32:21.371000,39.97,52.256,38.484,0 days 00:30:51.670000,0 days 00:31:43.926000,0 days 00:32:22.410000,148.0,152.0,,199.0,False,HARD,9.0,True,Ferrari,0 days 00:30:11.700000,2024-10-18 17:46:25.471,12,,False,,False,False,130.71,130.71
390,0 days 00:43:18.065000,SAI,55,,10.0,2.0,0 days 00:41:30.287000,,,43.389,35.338,,0 days 00:42:42.832000,0 days 00:43:18.090000,190.0,153.0,211.0,299.0,False,HARD,10.0,False,Ferrari,0 days 00:32:22.410000,2024-10-18 17:48:36.181,1,,False,,False,False,,
391,0 days 00:44:52.782000,SAI,55,0 days 00:01:34.717000,11.0,2.0,,,25.51,38.005,31.202,0 days 00:43:43.575000,0 days 00:44:21.580000,0 days 00:44:52.782000,232.0,188.0,207.0,325.0,True,HARD,11.0,False,Ferrari,0 days 00:43:18.065000,2024-10-18 17:59:31.836,1,,False,,False,True,94.717,94.717
392,0 days 00:47:07.063000,SAI,55,0 days 00:02:14.281000,12.0,2.0,,,39.23,52.864,42.187,0 days 00:45:32.012000,0 days 00:46:24.876000,0 days 00:47:07.063000,145.0,146.0,205.0,220.0,False,HARD,12.0,False,Ferrari,0 days 00:44:52.782000,2024-10-18 18:01:06.553,1,,False,,False,True,134.281,134.281
393,0 days 00:48:44.340000,SAI,55,0 days 00:01:37.277000,13.0,2.0,,,26.346,38.991,31.94,0 days 00:47:33.409000,0 days 00:48:12.400000,0 days 00:48:44.340000,225.0,186.0,204.0,305.0,False,HARD,13.0,False,Ferrari,0 days 00:47:07.063000,2024-10-18 18:03:20.834,1,,False,,False,True,97.277,97.277
394,0 days 00:50:21.554000,SAI,55,0 days 00:01:37.214000,14.0,2.0,,,26.197,38.947,32.07,0 days 00:49:10.537000,0 days 00:49:49.484000,0 days 00:50:21.554000,220.0,185.0,204.0,307.0,False,HARD,14.0,False,Ferrari,0 days 00:48:44.340000,2024-10-18 18:04:58.111,1,,False,,False,True,97.214,97.214
395,0 days 00:51:58.903000,SAI,55,0 days 00:01:37.349000,15.0,2.0,,,26.182,38.911,32.256,0 days 00:50:47.736000,0 days 00:51:26.647000,0 days 00:51:58.903000,224.0,185.0,203.0,305.0,False,HARD,15.0,False,Ferrari,0 days 00:50:21.554000,2024-10-18 18:06:35.325,1,,False,,False,True,97.349,97.349
396,0 days 00:53:36.289000,SAI,55,0 days 00:01:37.386000,16.0,2.0,,,26.226,39.046,32.114,0 days 00:52:25.129000,0 days 00:53:04.175000,0 days 00:53:36.289000,217.0,187.0,205.0,307.0,False,HARD,16.0,False,Ferrari,0 days 00:51:58.903000,2024-10-18 18:08:12.674,1,,False,,False,True,97.386,97.386
397,0 days 00:55:15.214000,SAI,55,0 days 00:01:38.925000,17.0,2.0,,0 days 00:55:14.128000,26.212,39.031,33.682,0 days 00:54:02.501000,0 days 00:54:41.532000,0 days 00:55:15.214000,219.0,187.0,,310.0,False,HARD,17.0,False,Ferrari,0 days 00:53:36.289000,2024-10-18 18:09:50.060,1,,False,,False,False,98.925,98.925
398,0 days 01:04:49.237000,SAI,55,,18.0,3.0,0 days 01:02:39.857000,,,53.065,41.688,,0 days 01:04:07.995000,0 days 01:04:49.266000,148.0,139.0,213.0,274.0,False,SOFT,1.0,True,Ferrari,0 days 00:55:15.214000,2024-10-18 18:11:28.985,1,,False,,False,False,,
399,0 days 01:06:22.839000,SAI,55,0 days 00:01:33.602000,19.0,3.0,,,25.34,37.479,30.783,0 days 01:05:14.577000,0 days 01:05:52.056000,0 days 01:06:22.839000,231.0,191.0,209.0,326.0,True,SOFT,2.0,True,Ferrari,0 days 01:04:49.237000,2024-10-18 18:21:03.008,1,,False,,False,True,93.602,93.602
400,0 days 01:08:54.184000,SAI,55,,20.0,3.0,,0 days 01:08:53.094000,45.081,63.939,42.35,0 days 01:07:07.967000,0 days 01:08:11.927000,0 days 01:08:54.184000,142.0,173.0,,141.0,False,SOFT,3.0,True,Ferrari,0 days 01:06:22.839000,2024-10-18 18:22:36.610,167,,False,,False,False,,151.37
401,0 days 01:11:28.142000,SAI,55,,21.0,4.0,0 days 01:09:29.651000,,70.837,46.741,36.437,0 days 01:10:05.193000,0 days 01:10:51.932000,0 days 01:11:28.215000,159.0,137.0,213.0,297.0,False,SOFT,4.0,False,Ferrari,0 days 01:08:54.184000,2024-10-18 18:25:07.955,1,,False,,False,False,,154.015
402,0 days 01:13:01.968000,SAI,55,0 days 00:01:33.826000,22.0,4.0,,,25.428,37.566,30.832,0 days 01:11:53.570000,0 days 01:12:31.136000,0 days 01:13:01.968000,212.0,190.0,209.0,328.0,False,SOFT,5.0,False,Ferrari,0 days 01:11:28.142000,2024-10-18 18:27:41.913,1,,False,,False,True,93.826,93.826
403,0 days 01:15:20.166000,SAI,55,0 days 00:02:18.198000,23.0,4.0,,,44.818,54.68,38.7,0 days 01:13:46.786000,0 days 01:14:41.466000,0 days 01:15:20.166000,151.0,132.0,208.0,212.0,False,SOFT,6.0,False,Ferrari,0 days 01:13:01.968000,2024-10-18 18:29:15.739,1,,False,,False,True,138.198,138.19799999999998
404,0 days 01:17:25.533000,SAI,55,0 days 00:02:05.367000,24.0,4.0,,,26.538,51.452,47.377,0 days 01:15:46.704000,0 days 01:16:38.156000,0 days 01:17:25.533000,163.0,129.0,56.0,213.0,False,SOFT,7.0,False,Ferrari,0 days 01:15:20.166000,2024-10-18 18:31:33.937,12,,False,,False,True,125.367,125.36699999999999
405,0 days 01:19:57.377000,SAI,55,,25.0,4.0,,0 days 01:19:56.294000,65.366,46.034,40.421,0 days 01:18:31.009000,0 days 01:19:17.046000,0 days 01:19:57.377000,208.0,138.0,,200.0,False,SOFT,8.0,False,Ferrari,0 days 01:17:25.533000,2024-10-18 18:33:39.304,12,,False,,False,False,,151.821
406,0 days 00:16:56.567000,RUS,63,,1.0,1.0,0 days 00:15:02.451000,,,45.148,41.001,,0 days 00:16:15.930000,0 days 00:16:56.724000,187.0,157.0,205.0,296.0,False,HARD,1.0,True,Mercedes,0 days 00:15:02.451000,2024-10-18 17:31:16.222,1,,False,,False,False,,
407,0 days 00:18:34.269000,RUS,63,0 days 00:01:37.702000,2.0,1.0,,,26.29,39.178,32.234,0 days 00:17:22.857000,0 days 00:18:02.035000,0 days 00:18:34.269000,223.0,179.0,206.0,323.0,True,HARD,2.0,True,Mercedes,0 days 00:16:56.567000,2024-10-18 17:33:10.338,1,,False,,False,True,97.702,97.702
408,0 days 00:21:30.331000,RUS,63,,3.0,1.0,,,55.298,71.57,49.034,0 days 00:19:29.790000,0 days 00:20:41.525000,0 days 00:21:30.372000,99.0,57.0,210.0,149.0,False,HARD,3.0,True,Mercedes,0 days 00:18:34.269000,2024-10-18 17:34:48.040,1,,False,,False,False,,175.902
409,0 days 00:23:06.191000,RUS,63,0 days 00:01:35.860000,4.0,1.0,,,25.968,38.551,31.341,0 days 00:21:56.299000,0 days 00:22:34.850000,0 days 00:23:06.191000,228.0,188.0,207.0,325.0,True,HARD,4.0,True,Mercedes,0 days 00:21:30.331000,2024-10-18 17:37:44.102,1,,False,,False,True,95.86,95.86000000000001
410,0 days 00:25:58.396000,RUS,63,,5.0,1.0,,,47.245,72.972,51.986,0 days 00:23:53.590000,0 days 00:25:06.589000,0 days 00:25:58.396000,100.0,102.0,211.0,152.0,False,HARD,5.0,True,Mercedes,0 days 00:23:06.191000,2024-10-18 17:39:19.962,12,,False,,False,False,,172.20299999999997
411,0 days 00:27:42.803000,RUS,63,0 days 00:01:44.407000,6.0,1.0,,,25.878,38.22,40.309,0 days 00:26:24.274000,0 days 00:27:02.494000,0 days 00:27:42.803000,229.0,186.0,130.0,324.0,False,HARD,6.0,True,Mercedes,0 days 00:25:58.396000,2024-10-18 17:42:12.167,1,,False,,False,True,104.407,104.407
412,0 days 00:30:28.288000,RUS,63,,7.0,1.0,,,50.165,64.542,50.956,0 days 00:28:33.066000,0 days 00:29:37.603000,0 days 00:30:28.459000,117.0,117.0,211.0,188.0,False,HARD,7.0,True,Mercedes,0 days 00:27:42.803000,2024-10-18 17:43:56.574,1,,False,,False,False,,165.663
413,0 days 00:32:56.708000,RUS,63,0 days 00:02:28.420000,8.0,1.0,,,60.688,48.554,39.178,0 days 00:31:28.976000,0 days 00:32:17.530000,0 days 00:32:56.708000,155.0,142.0,209.0,279.0,False,HARD,8.0,True,Mercedes,0 days 00:30:28.288000,2024-10-18 17:46:42.059,12,,False,,False,True,148.42,148.42000000000002
414,0 days 00:34:32.160000,RUS,63,0 days 00:01:35.452000,9.0,1.0,,,25.956,38.269,31.227,0 days 00:33:22.664000,0 days 00:34:00.933000,0 days 00:34:32.160000,230.0,189.0,206.0,325.0,True,HARD,9.0,True,Mercedes,0 days 00:32:56.708000,2024-10-18 17:49:10.479,1,,False,,False,True,95.452,95.452
415,0 days 00:36:28.032000,RUS,63,0 days 00:01:55.872000,10.0,1.0,,0 days 00:36:27.068000,30.081,46.066,39.725,0 days 00:35:02.241000,0 days 00:35:48.307000,0 days 00:36:28.032000,189.0,164.0,,250.0,False,HARD,10.0,True,Mercedes,0 days 00:34:32.160000,2024-10-18 17:50:45.931,1,,False,,False,False,115.872,115.87200000000001
416,0 days 00:48:55.875000,RUS,63,,11.0,2.0,0 days 00:47:16.106000,,,41.377,33.764,,0 days 00:48:22.325000,0 days 00:48:55.974000,210.0,180.0,204.0,295.0,False,HARD,11.0,False,Mercedes,0 days 00:36:28.032000,2024-10-18 17:52:41.803,1,,False,,False,False,,
417,0 days 00:50:34.257000,RUS,63,0 days 00:01:38.382000,12.0,2.0,,,26.739,39.222,32.421,0 days 00:49:22.614000,0 days 00:50:01.836000,0 days 00:50:34.257000,220.0,184.0,202.0,300.0,False,HARD,12.0,False,Mercedes,0 days 00:48:55.875000,2024-10-18 18:05:09.646,1,,False,,False,True,98.382,98.382
418,0 days 00:52:12.585000,RUS,63,0 days 00:01:38.328000,13.0,2.0,,,26.484,39.206,32.638,0 days 00:51:00.741000,0 days 00:51:39.947000,0 days 00:52:12.585000,225.0,184.0,203.0,306.0,False,HARD,13.0,False,Mercedes,0 days 00:50:34.257000,2024-10-18 18:06:48.028,1,,False,,False,True,98.328,98.328
419,0 days 00:53:50.162000,RUS,63,0 days 00:01:37.577000,14.0,2.0,,,26.418,39.051,32.108,0 days 00:52:39.003000,0 days 00:53:18.054000,0 days 00:53:50.162000,223.0,185.0,204.0,308.0,False,HARD,14.0,False,Mercedes,0 days 00:52:12.585000,2024-10-18 18:08:26.356,1,,False,,False,True,97.577,97.577
420,0 days 00:55:27.380000,RUS,63,0 days 00:01:37.218000,15.0,2.0,,,26.204,38.929,32.085,0 days 00:54:16.366000,0 days 00:54:55.295000,0 days 00:55:27.380000,229.0,186.0,206.0,310.0,False,HARD,15.0,False,Mercedes,0 days 00:53:50.162000,2024-10-18 18:10:03.933,1,,False,,False,True,97.218,97.21800000000002
421,0 days 00:57:04.730000,RUS,63,0 days 00:01:37.350000,16.0,2.0,,,26.193,38.939,32.218,0 days 00:55:53.573000,0 days 00:56:32.512000,0 days 00:57:04.730000,225.0,186.0,204.0,310.0,False,HARD,16.0,False,Mercedes,0 days 00:55:27.380000,2024-10-18 18:11:41.151,1,,False,,False,True,97.35,97.35000000000001
422,0 days 00:58:42.413000,RUS,63,0 days 00:01:37.683000,17.0,2.0,,,26.306,38.825,32.552,0 days 00:57:31.036000,0 days 00:58:09.861000,0 days 00:58:42.413000,223.0,186.0,205.0,310.0,False,HARD,17.0,False,Mercedes,0 days 00:57:04.730000,2024-10-18 18:13:18.501,1,,False,,False,True,97.683,97.68299999999999
423,0 days 01:00:19.776000,RUS,63,0 days 00:01:37.363000,18.0,2.0,,,26.205,39.021,32.137,0 days 00:59:08.618000,0 days 00:59:47.639000,0 days 01:00:19.776000,226.0,186.0,205.0,311.0,False,HARD,18.0,False,Mercedes,0 days 00:58:42.413000,2024-10-18 18:14:56.184,1,,False,,False,True,97.363,97.363
424,0 days 01:01:57.218000,RUS,63,0 days 00:01:37.442000,19.0,2.0,,,26.296,39.152,31.994,0 days 01:00:46.072000,0 days 01:01:25.224000,0 days 01:01:57.218000,228.0,184.0,204.0,309.0,False,HARD,19.0,False,Mercedes,0 days 01:00:19.776000,2024-10-18 18:16:33.547,1,,False,,False,True,97.442,97.44200000000001
425,0 days 01:03:42.648000,RUS,63,0 days 00:01:45.430000,20.0,2.0,,0 days 01:03:41.650000,26.306,42.101,37.023,0 days 01:02:23.524000,0 days 01:03:05.625000,0 days 01:03:42.648000,228.0,152.0,,278.0,False,HARD,20.0,False,Mercedes,0 days 01:01:57.218000,2024-10-18 18:18:10.989,1,,False,,False,False,105.43,105.43
426,0 days 01:06:07.448000,RUS,63,0 days 00:02:24.800000,21.0,3.0,0 days 01:04:08.807000,,56.664,45.49,42.646,0 days 01:04:39.312000,0 days 01:05:24.802000,0 days 01:06:07.448000,166.0,152.0,214.0,295.0,False,SOFT,1.0,True,Mercedes,0 days 01:03:42.648000,2024-10-18 18:19:56.419,1,,False,,False,False,144.8,144.8
427,0 days 01:08:39.012000,RUS,63,,22.0,3.0,,,35.151,56.448,59.935,0 days 01:06:42.763000,0 days 01:07:39.221000,0 days 01:08:39.059000,144.0,136.0,214.0,186.0,False,SOFT,2.0,True,Mercedes,0 days 01:06:07.448000,2024-10-18 18:22:21.219,167,,False,,False,False,,151.534
428,0 days 01:10:13.448000,RUS,63,0 days 00:01:34.436000,23.0,3.0,,,25.399,37.865,31.172,0 days 01:09:04.411000,0 days 01:09:42.276000,0 days 01:10:13.448000,234.0,185.0,208.0,326.0,True,SOFT,3.0,True,Mercedes,0 days 01:08:39.012000,2024-10-18 18:24:52.783,1,,False,,False,True,94.436,94.436
429,0 days 01:13:16.359000,RUS,63,,24.0,3.0,,,46.92,80.048,55.999,0 days 01:11:00.500000,0 days 01:12:20.542000,0 days 01:13:16.389000,101.0,82.0,211.0,118.0,False,SOFT,4.0,True,Mercedes,0 days 01:10:13.448000,2024-10-18 18:26:27.219,1,,False,,False,False,,182.967
430,0 days 01:14:50.452000,RUS,63,0 days 00:01:34.093000,25.0,3.0,,,25.496,37.617,30.98,0 days 01:13:41.855000,0 days 01:14:19.472000,0 days 01:14:50.452000,234.0,191.0,209.0,330.0,True,SOFT,5.0,True,Mercedes,0 days 01:13:16.359000,2024-10-18 18:29:30.130,1,,False,,False,True,94.093,94.093
431,0 days 01:17:20.760000,RUS,63,,26.0,3.0,,,40.356,55.095,54.768,0 days 01:15:30.980000,0 days 01:16:26.033000,0 days 01:17:20.760000,134.0,102.0,75.0,217.0,False,SOFT,6.0,True,Mercedes,0 days 01:14:50.452000,2024-10-18 18:31:04.223,12,,False,,False,False,,150.219
432,0 days 01:19:40.786000,RUS,63,,27.0,3.0,,0 days 01:19:40.786000,68.672,39.069,,0 days 01:18:29.532000,0 days 01:19:08.504000,,188.0,186.0,,323.0,False,SOFT,7.0,True,Mercedes,0 days 01:17:20.760000,2024-10-18 18:33:34.531,12,,False,,False,False,,
433,0 days 00:16:02.674000,BOT,77,,1.0,1.0,0 days 00:13:58.708000,,,45.94,43.847,,0 days 00:15:19.035000,0 days 00:16:02.757000,135.0,144.0,206.0,305.0,False,MEDIUM,1.0,True,Kick Sauber,0 days 00:13:58.708000,2024-10-18 17:30:12.479,1,,False,,False,False,,
434,0 days 00:17:41.432000,BOT,77,0 days 00:01:38.758000,2.0,1.0,,,26.793,39.32,32.645,0 days 00:16:29.467000,0 days 00:17:08.787000,0 days 00:17:41.432000,211.0,184.0,207.0,323.0,True,MEDIUM,2.0,True,Kick Sauber,0 days 00:16:02.674000,2024-10-18 17:32:16.445,1,,False,,False,True,98.758,98.75800000000001
435,0 days 00:19:55.110000,BOT,77,0 days 00:02:13.678000,3.0,1.0,,,36.199,52.889,44.59,0 days 00:18:17.631000,0 days 00:19:10.520000,0 days 00:19:55.110000,155.0,54.0,208.0,268.0,False,MEDIUM,3.0,True,Kick Sauber,0 days 00:17:41.432000,2024-10-18 17:33:55.203,1,,False,,False,True,133.678,133.678
436,0 days 00:21:32.282000,BOT,77,0 days 00:01:37.172000,4.0,1.0,,,26.585,38.591,31.996,0 days 00:20:21.695000,0 days 00:21:00.286000,0 days 00:21:32.282000,218.0,190.0,209.0,322.0,True,MEDIUM,4.0,True,Kick Sauber,0 days 00:19:55.110000,2024-10-18 17:36:08.881,1,,False,,False,True,97.172,97.172
437,0 days 00:24:00.250000,BOT,77,0 days 00:02:27.968000,5.0,1.0,,0 days 00:23:59.213000,45.322,51.039,51.607,0 days 00:22:17.604000,0 days 00:23:08.643000,0 days 00:24:00.250000,171.0,107.0,,190.0,False,MEDIUM,5.0,True,Kick Sauber,0 days 00:21:32.282000,2024-10-18 17:37:46.053,1,,False,,False,False,147.968,147.96800000000002
438,0 days 00:26:47.477000,BOT,77,,6.0,2.0,0 days 00:24:34.775000,,73.373,49.377,44.566,0 days 00:25:13.775000,0 days 00:26:03.297000,0 days 00:26:47.620000,159.0,48.0,208.0,301.0,False,MEDIUM,6.0,False,Kick Sauber,0 days 00:24:00.250000,2024-10-18 17:40:14.021,12,,False,,False,False,,167.316
439,0 days 00:28:44.848000,BOT,77,0 days 00:01:57.371000,7.0,2.0,,,28.976,47.857,40.538,0 days 00:27:16.453000,0 days 00:28:04.310000,0 days 00:28:44.848000,164.0,134.0,209.0,266.0,False,MEDIUM,7.0,False,Kick Sauber,0 days 00:26:47.477000,2024-10-18 17:43:01.248,1,,False,,False,True,117.371,117.371
440,0 days 00:30:21.269000,BOT,77,0 days 00:01:36.421000,8.0,2.0,,,26.202,38.627,31.592,0 days 00:29:11.050000,0 days 00:29:49.677000,0 days 00:30:21.269000,227.0,190.0,209.0,321.0,True,MEDIUM,8.0,False,Kick Sauber,0 days 00:28:44.848000,2024-10-18 17:44:58.619,1,,False,,False,True,96.421,96.421
441,0 days 00:32:40.813000,BOT,77,0 days 00:02:19.544000,9.0,2.0,,,40.007,55.916,43.621,0 days 00:31:01.276000,0 days 00:31:57.192000,0 days 00:32:40.813000,151.0,121.0,208.0,196.0,False,MEDIUM,9.0,False,Kick Sauber,0 days 00:30:21.269000,2024-10-18 17:46:35.040,12,,False,,False,True,139.544,139.544
442,0 days 00:34:16.824000,BOT,77,0 days 00:01:36.011000,10.0,2.0,,,26.034,38.313,31.664,0 days 00:33:06.847000,0 days 00:33:45.160000,0 days 00:34:16.824000,226.0,191.0,208.0,321.0,True,MEDIUM,10.0,False,Kick Sauber,0 days 00:32:40.813000,2024-10-18 17:48:54.584,1,,False,,False,True,96.011,96.01100000000001
443,0 days 00:36:12.080000,BOT,77,0 days 00:01:55.256000,11.0,2.0,,0 days 00:36:11.142000,31.434,44.893,38.929,0 days 00:34:48.258000,0 days 00:35:33.151000,0 days 00:36:12.080000,181.0,172.0,,290.0,False,MEDIUM,11.0,False,Kick Sauber,0 days 00:34:16.824000,2024-10-18 17:50:30.595,1,,False,,False,False,115.256,115.256
444,0 days 00:44:39.477000,BOT,77,,12.0,3.0,0 days 00:42:46.678000,,,44.515,38.447,,0 days 00:44:01.287000,0 days 00:44:39.529000,190.0,173.0,203.0,285.0,False,MEDIUM,12.0,False,Kick Sauber,0 days 00:36:12.080000,2024-10-18 17:52:25.851,1,,False,,False,False,,
445,0 days 00:46:19.435000,BOT,77,0 days 00:01:39.958000,13.0,3.0,,,27.476,40.086,32.396,0 days 00:45:06.953000,0 days 00:45:47.039000,0 days 00:46:19.435000,187.0,187.0,203.0,297.0,False,MEDIUM,13.0,False,Kick Sauber,0 days 00:44:39.477000,2024-10-18 18:00:53.248,1,,False,,False,True,99.958,99.958
446,0 days 00:47:59.504000,BOT,77,0 days 00:01:40.069000,14.0,3.0,,,27.223,40.027,32.819,0 days 00:46:46.658000,0 days 00:47:26.685000,0 days 00:47:59.504000,218.0,184.0,202.0,291.0,False,MEDIUM,14.0,False,Kick Sauber,0 days 00:46:19.435000,2024-10-18 18:02:33.206,1,,False,,False,True,100.069,100.069
447,0 days 00:49:39.240000,BOT,77,0 days 00:01:39.736000,15.0,3.0,,,27.033,39.844,32.859,0 days 00:48:26.537000,0 days 00:49:06.381000,0 days 00:49:39.240000,216.0,187.0,204.0,295.0,False,MEDIUM,15.0,False,Kick Sauber,0 days 00:47:59.504000,2024-10-18 18:04:13.275,1,,False,,False,True,99.736,99.73600000000002
448,0 days 00:51:18.795000,BOT,77,0 days 00:01:39.555000,16.0,3.0,,,26.997,39.843,32.715,0 days 00:50:06.237000,0 days 00:50:46.080000,0 days 00:51:18.795000,215.0,185.0,205.0,294.0,False,MEDIUM,16.0,False,Kick Sauber,0 days 00:49:39.240000,2024-10-18 18:05:53.011,1,,False,,False,True,99.555,99.555
449,0 days 00:52:58.452000,BOT,77,0 days 00:01:39.657000,17.0,3.0,,,27.008,39.982,32.667,0 days 00:51:45.803000,0 days 00:52:25.785000,0 days 00:52:58.452000,213.0,185.0,205.0,293.0,False,MEDIUM,17.0,False,Kick Sauber,0 days 00:51:18.795000,2024-10-18 18:07:32.566,1,,False,,False,True,99.657,99.657
450,0 days 00:54:38.044000,BOT,77,0 days 00:01:39.592000,18.0,3.0,,,27.06,39.791,32.741,0 days 00:53:25.512000,0 days 00:54:05.303000,0 days 00:54:38.044000,210.0,187.0,207.0,297.0,False,MEDIUM,18.0,False,Kick Sauber,0 days 00:52:58.452000,2024-10-18 18:09:12.223,1,,False,,False,True,99.592,99.592
451,0 days 00:56:17.943000,BOT,77,0 days 00:01:39.899000,19.0,3.0,,,26.97,40.128,32.801,0 days 00:55:05.014000,0 days 00:55:45.142000,0 days 00:56:17.943000,214.0,180.0,205.0,298.0,False,MEDIUM,19.0,False,Kick Sauber,0 days 00:54:38.044000,2024-10-18 18:10:51.815,1,,False,,False,True,99.899,99.899
452,0 days 00:58:00.256000,BOT,77,0 days 00:01:42.313000,20.0,3.0,,0 days 00:57:59.182000,27.224,40.153,34.936,0 days 00:56:45.167000,0 days 00:57:25.320000,0 days 00:58:00.256000,213.0,180.0,,300.0,False,MEDIUM,20.0,False,Kick Sauber,0 days 00:56:17.943000,2024-10-18 18:12:31.714,1,,False,,False,False,102.313,102.31299999999999
453,0 days 01:08:48.245000,BOT,77,,21.0,4.0,0 days 01:06:28.789000,,,48.844,58.039,,0 days 01:07:50.239000,0 days 01:08:48.245000,175.0,75.0,212.0,299.0,False,SOFT,1.0,True,Kick Sauber,0 days 00:58:00.256000,2024-10-18 18:14:14.027,167,,False,,False,False,,
454,0 days 01:10:26.448000,BOT,77,0 days 00:01:38.203000,22.0,4.0,,,25.857,38.193,34.153,0 days 01:09:14.102000,0 days 01:09:52.295000,0 days 01:10:26.448000,228.0,192.0,155.0,324.0,False,SOFT,2.0,True,Kick Sauber,0 days 01:08:48.245000,2024-10-18 18:25:02.016,1,,False,,False,True,98.203,98.203
455,0 days 01:13:07.264000,BOT,77,,23.0,4.0,,,44.3,73.204,43.372,0 days 01:11:11.007000,0 days 01:12:24.172000,0 days 01:13:07.372000,165.0,134.0,213.0,74.0,False,SOFT,3.0,True,Kick Sauber,0 days 01:10:26.448000,2024-10-18 18:26:40.219,1,,False,,False,False,,160.87599999999998
456,0 days 01:14:42.305000,BOT,77,0 days 00:01:35.041000,24.0,4.0,,,25.701,37.927,31.413,0 days 01:13:32.965000,0 days 01:14:10.892000,0 days 01:14:42.305000,235.0,191.0,210.0,329.0,True,SOFT,4.0,True,Kick Sauber,0 days 01:13:07.264000,2024-10-18 18:29:21.035,1,,False,,False,True,95.041,95.041
457,0 days 01:16:55.370000,BOT,77,0 days 00:02:13.065000,25.0,4.0,,,33.335,49.418,50.312,0 days 01:15:15.640000,0 days 01:16:05.058000,0 days 01:16:55.370000,163.0,150.0,54.0,285.0,False,SOFT,5.0,True,Kick Sauber,0 days 01:14:42.305000,2024-10-18 18:30:56.076,12,,False,,False,True,133.065,133.065
458,0 days 01:19:16.516000,BOT,77,0 days 00:02:21.146000,26.0,4.0,,0 days 01:19:15.422000,54.845,43.418,42.883,0 days 01:17:50.215000,0 days 01:18:33.633000,0 days 01:19:16.516000,216.0,130.0,,275.0,False,SOFT,6.0,True,Kick Sauber,0 days 01:16:55.370000,2024-10-18 18:33:09.141,12,,False,,False,False,141.146,141.14600000000002
459,0 days 00:17:02.427000,PIA,81,,1.0,1.0,0 days 00:14:31.448000,,,50.369,66.985,,0 days 00:15:55.737000,0 days 00:17:02.609000,133.0,132.0,187.0,285.0,False,HARD,1.0,True,McLaren,0 days 00:14:31.448000,2024-10-18 17:30:45.219,1,,False,,False,False,,
460,0 days 00:18:42.794000,PIA,81,0 days 00:01:40.367000,2.0,1.0,,,27.51,40.161,32.696,0 days 00:17:29.937000,0 days 00:18:10.098000,0 days 00:18:42.794000,215.0,170.0,203.0,317.0,True,HARD,2.0,True,McLaren,0 days 00:17:02.427000,2024-10-18 17:33:16.198,1,,False,,False,True,100.367,100.367
461,0 days 00:21:25.638000,PIA,81,,3.0,1.0,,,48.051,63.883,50.871,0 days 00:19:31.136000,0 days 00:20:34.966000,0 days 00:21:25.726000,113.0,107.0,204.0,188.0,False,HARD,3.0,True,McLaren,0 days 00:18:42.794000,2024-10-18 17:34:56.565,1,,False,,False,False,,162.805
462,0 days 00:23:02.640000,PIA,81,0 days 00:01:37.002000,4.0,1.0,,,26.317,38.937,31.748,0 days 00:21:51.955000,0 days 00:22:30.892000,0 days 00:23:02.640000,222.0,179.0,204.0,321.0,True,HARD,4.0,True,McLaren,0 days 00:21:25.638000,2024-10-18 17:37:39.409,1,,False,,False,True,97.002,97.002
463,0 days 00:25:18.437000,PIA,81,0 days 00:02:15.797000,5.0,1.0,,0 days 00:25:17.436000,40.409,51.733,43.655,0 days 00:23:43.049000,0 days 00:24:34.782000,0 days 00:25:18.437000,142.0,132.0,,223.0,False,HARD,5.0,True,McLaren,0 days 00:23:02.640000,2024-10-18 17:39:16.411,12,,False,,False,False,135.797,135.797
464,0 days 00:28:03.640000,PIA,81,,6.0,2.0,0 days 00:25:53.543000,,71.424,52.471,41.352,0 days 00:26:30.088000,0 days 00:27:22.834000,0 days 00:28:03.843000,143.0,113.0,208.0,260.0,False,HARD,6.0,False,McLaren,0 days 00:25:18.437000,2024-10-18 17:41:32.208,1,,False,,False,False,,165.247
465,0 days 00:29:40.415000,PIA,81,0 days 00:01:36.775000,7.0,2.0,,,26.32,38.818,31.637,0 days 00:28:29.960000,0 days 00:29:08.778000,0 days 00:29:40.415000,224.0,184.0,206.0,320.0,True,HARD,7.0,False,McLaren,0 days 00:28:03.640000,2024-10-18 17:44:17.411,1,,False,,False,True,96.775,96.775
466,0 days 00:32:01.298000,PIA,81,0 days 00:02:20.883000,8.0,2.0,,,39.147,58.966,42.77,0 days 00:30:19.562000,0 days 00:31:18.528000,0 days 00:32:01.298000,143.0,112.0,208.0,203.0,False,HARD,8.0,False,McLaren,0 days 00:29:40.415000,2024-10-18 17:45:54.186,12,,False,,False,True,140.883,140.883
467,0 days 00:33:37.592000,PIA,81,0 days 00:01:36.294000,9.0,2.0,,,26.324,38.567,31.403,0 days 00:32:27.622000,0 days 00:33:06.189000,0 days 00:33:37.592000,226.0,188.0,207.0,301.0,True,HARD,9.0,False,McLaren,0 days 00:32:01.298000,2024-10-18 17:48:15.069,1,,False,,False,True,96.294,96.29400000000001
468,0 days 00:35:40.285000,PIA,81,0 days 00:02:02.693000,10.0,2.0,,0 days 00:35:39.344000,34.155,50.485,38.053,0 days 00:34:11.747000,0 days 00:35:02.232000,0 days 00:35:40.285000,172.0,133.0,,198.0,False,HARD,10.0,False,McLaren,0 days 00:33:37.592000,2024-10-18 17:49:51.363,1,,False,,False,False,122.693,122.693
469,0 days 00:46:33.771000,PIA,81,,11.0,3.0,0 days 00:44:21.228000,,,56.449,43.065,,0 days 00:45:50.758000,0 days 00:46:33.891000,148.0,68.0,210.0,193.0,False,HARD,11.0,False,McLaren,0 days 00:35:40.285000,2024-10-18 17:51:54.056,1,,False,,False,False,,
470,0 days 00:48:10.795000,PIA,81,0 days 00:01:37.024000,12.0,3.0,,,26.578,38.612,31.834,0 days 00:47:00.349000,0 days 00:47:38.961000,0 days 00:48:10.795000,224.0,189.0,206.0,317.0,False,HARD,12.0,False,McLaren,0 days 00:46:33.771000,2024-10-18 18:02:47.542,1,,False,,False,True,97.024,97.024
471,0 days 00:49:53.097000,PIA,81,0 days 00:01:42.302000,13.0,3.0,,,28.021,41.588,32.693,0 days 00:48:38.816000,0 days 00:49:20.404000,0 days 00:49:53.097000,212.0,182.0,204.0,299.0,False,HARD,13.0,False,McLaren,0 days 00:48:10.795000,2024-10-18 18:04:24.566,1,,False,,False,True,102.302,102.302
472,0 days 00:51:31.847000,PIA,81,0 days 00:01:38.750000,14.0,3.0,,,26.785,39.469,32.496,0 days 00:50:19.882000,0 days 00:50:59.351000,0 days 00:51:31.847000,219.0,182.0,203.0,301.0,False,HARD,14.0,False,McLaren,0 days 00:49:53.097000,2024-10-18 18:06:06.868,1,,False,,False,True,98.75,98.75
473,0 days 00:53:09.951000,PIA,81,0 days 00:01:38.104000,15.0,3.0,,,26.69,39.236,32.178,0 days 00:51:58.537000,0 days 00:52:37.773000,0 days 00:53:09.951000,222.0,184.0,204.0,303.0,False,HARD,15.0,False,McLaren,0 days 00:51:31.847000,2024-10-18 18:07:45.618,1,,False,,False,True,98.104,98.104
474,0 days 00:54:48.184000,PIA,81,0 days 00:01:38.233000,16.0,3.0,,,26.655,39.195,32.383,0 days 00:53:36.606000,0 days 00:54:15.801000,0 days 00:54:48.184000,224.0,183.0,202.0,302.0,False,HARD,16.0,False,McLaren,0 days 00:53:09.951000,2024-10-18 18:09:23.722,1,,False,,False,True,98.233,98.233
475,0 days 00:56:26.020000,PIA,81,0 days 00:01:37.836000,17.0,3.0,,,26.664,39.213,31.959,0 days 00:55:14.848000,0 days 00:55:54.061000,0 days 00:56:26.020000,224.0,186.0,203.0,302.0,False,HARD,17.0,False,McLaren,0 days 00:54:48.184000,2024-10-18 18:11:01.955,1,,False,,False,True,97.836,97.83600000000001
476,0 days 00:58:03.988000,PIA,81,0 days 00:01:37.968000,18.0,3.0,,,26.723,39.07,32.175,0 days 00:56:52.743000,0 days 00:57:31.813000,0 days 00:58:03.988000,223.0,187.0,201.0,300.0,False,HARD,18.0,False,McLaren,0 days 00:56:26.020000,2024-10-18 18:12:39.791,1,,False,,False,True,97.968,97.968
477,0 days 00:59:41.932000,PIA,81,0 days 00:01:37.944000,19.0,3.0,,,26.569,39.158,32.217,0 days 00:58:30.557000,0 days 00:59:09.715000,0 days 00:59:41.932000,220.0,184.0,203.0,302.0,False,HARD,19.0,False,McLaren,0 days 00:58:03.988000,2024-10-18 18:14:17.759,1,,False,,False,True,97.944,97.944
478,0 days 01:01:21.228000,PIA,81,0 days 00:01:39.296000,20.0,3.0,,,26.457,38.774,34.065,0 days 01:00:08.389000,0 days 01:00:47.163000,0 days 01:01:21.228000,226.0,186.0,164.0,302.0,False,HARD,20.0,False,McLaren,0 days 00:59:41.932000,2024-10-18 18:15:55.703,1,,False,,False,True,99.296,99.29599999999999
479,0 days 01:03:00.738000,PIA,81,0 days 00:01:39.510000,21.0,3.0,,0 days 01:02:59.648000,27.192,39.382,32.936,0 days 01:01:48.420000,0 days 01:02:27.802000,0 days 01:03:00.738000,220.0,185.0,,301.0,False,HARD,21.0,False,McLaren,0 days 01:01:21.228000,2024-10-18 18:17:34.999,1,,False,,False,False,99.51,99.50999999999999
480,0 days 01:10:40.297000,PIA,81,,22.0,4.0,0 days 01:08:31.272000,,,54.172,37.451,,0 days 01:10:02.979000,0 days 01:10:40.335000,178.0,134.0,214.0,202.0,False,SOFT,1.0,True,McLaren,0 days 01:03:00.738000,2024-10-18 18:19:14.509,167,,False,,False,False,,
481,0 days 01:12:14.205000,PIA,81,0 days 00:01:33.908000,23.0,4.0,,,25.579,37.466,30.863,0 days 01:11:05.876000,0 days 01:11:43.342000,0 days 01:12:14.205000,233.0,191.0,210.0,321.0,True,SOFT,2.0,True,McLaren,0 days 01:10:40.297000,2024-10-18 18:26:54.068,1,,False,,False,True,93.908,93.908
482,0 days 01:14:19.374000,PIA,81,0 days 00:02:05.169000,24.0,4.0,,,34.528,49.903,40.738,0 days 01:12:48.733000,0 days 01:13:38.636000,0 days 01:14:19.374000,161.0,142.0,162.0,227.0,False,SOFT,3.0,True,McLaren,0 days 01:12:14.205000,2024-10-18 18:28:27.976,1,,False,,False,True,125.169,125.169
483,0 days 01:16:35.559000,PIA,81,0 days 00:02:16.185000,25.0,4.0,,,35.863,52.028,48.294,0 days 01:14:55.237000,0 days 01:15:47.265000,0 days 01:16:35.559000,160.0,115.0,108.0,228.0,False,SOFT,4.0,True,McLaren,0 days 01:14:19.374000,2024-10-18 18:30:33.145,12,,False,,False,True,136.185,136.185
484,0 days 01:19:01.251000,PIA,81,0 days 00:02:25.692000,26.0,4.0,,0 days 01:19:00.220000,59.204,48.233,38.255,0 days 01:17:34.763000,0 days 01:18:22.996000,0 days 01:19:01.251000,179.0,136.0,,227.0,False,SOFT,5.0,True,McLaren,0 days 01:16:35.559000,2024-10-18 18:32:49.330,12,,False,,False,False,145.692,145.692
